Zykluszahl,Spritzdruck,SC-Position,SC-Geschwindigkeit,SC-Drehzahl,IST-Schliesskraft,WZ-Position,WZ-Geschwindigkeit,Kreuzkopf-Geschwindigkeit,AW-Position,AW-Geschwindigkeit,SC-Drehmoment,AW-Kraft,EE-Position,EE-Geschwindigkeit,EE-Stellsignal,Anlagekraft,Kreuzkopf-Position,Werkzeuginnendruck 1,Werkzeuginnendruck 2
46938,-1.5350000000000001,75.586,-0.5,0.0,-1.089,350.0786,0.0,0.0,5.742,0,1.0,-0.8,310.005,-4.9157,34.89,0.0,257.832,0.0,0
46938,-1.5350000000000001,75.586,0.0,0.0,-1.089,350.0786,0.0,0.0,5.742,0,0.0,-0.56,310.005,-0.7918000000000001,35.85,0.0,257.832,0.0,0
46938,-1.5350000000000001,75.586,0.5,0.0,-1.089,350.0786,0.0,0.0,5.742,0,2.0,-0.59,310.14000000000004,6.499300000000001,36.39,0.0,257.832,0.0,0
46938,-1.364,75.586,-0.5,0.0,-1.089,350.0786,0.0,-0.2,5.742,0,1.0,-0.58,310.14000000000004,4.3548,36.33,0.0,257.832,0.0,0
46938,-1.5350000000000001,75.586,0.0,0.0,-1.089,350.0786,0.0,-1.0,5.742,0,0.0,-0.525,310.005,-2.6393,35.76,0.0,257.832,0.0,0
46938,-1.194,75.586,0.5,0.0,-1.089,349.9995,-40.6,-4.3,5.742,0,0.0,-0.585,310.005,-5.6745,34.68,0.0,257.793,0.0,0
46938,-1.5350000000000001,75.586,0.0,0.0,-1.089,349.8798,-40.5,-8.1,5.742,0,2.0,-0.535,310.005,1.6826,34.14,0.0,257.73400000000004,0.0,0
46938,-1.5350000000000001,75.586,-0.5,0.0,-1.089,349.64230000000003,-40.6,-13.9,5.742,0,0.0,-0.555,310.005,-0.39590000000000003,34.74,0.0,257.617,0.0,0
46938,-1.5350000000000001,75.586,-0.5,0.0,-1.089,349.28520000000003,-40.6,-20.3,5.742,0,-1.0,-0.58,310.005,-3.9589000000000003,34.44,0.0,257.44100000000003,0.0,0
46938,-1.8760000000000001,75.586,0.0,0.0,-1.089,348.81030000000004,-79.2,-26.900000000000002,5.742,0,1.0,-0.58,310.005,-0.2639,34.2,0.0,257.207,0.0,0
46938,-1.0230000000000001,75.586,0.0,0.0,-1.089,348.1772,-79.10000000000001,-34.1,5.742,0,0.0,-0.56,310.005,1.0557,33.96,0.0,256.89500000000004,0.0,0
46938,-1.364,75.586,0.0,0.0,-1.089,347.41900000000004,-82.0,-41.4,5.742,0,-2.0,-0.555,310.005,0.0,33.78,0.0,256.523,0.0,0
46938,-1.194,75.586,0.5,0.0,-1.089,346.4596,-118.9,-49.1,5.742,0,1.0,-0.5650000000000001,309.915,1.3856000000000002,33.15,0.0,256.055,0.0,0
46938,-1.5350000000000001,75.586,0.0,0.0,-1.089,345.37710000000004,-121.0,-55.900000000000006,5.742,0,0.0,-0.585,310.005,1.5836000000000001,33.84,0.0,255.52700000000002,0.0,0
46938,-1.5350000000000001,75.586,0.0,0.0,-1.089,344.17580000000004,-121.0,-62.0,5.742,0,2.0,-0.5650000000000001,310.005,0.5279,34.68,0.0,254.941,0.0,0
46938,-1.5350000000000001,75.586,0.0,0.0,-1.089,342.81460000000004,-159.9,-68.4,5.742,0,0.0,-0.555,310.005,1.4516,36.09,0.0,254.27700000000002,0.0,0
46938,-1.5350000000000001,75.586,0.0,0.0,-1.089,341.36220000000003,-161.70000000000002,-73.2,5.742,0,0.0,-0.56,310.005,-1.0557,36.42,0.0,253.574,0.0,0
46938,-1.194,75.586,-0.5,0.0,-1.089,339.7846,-161.70000000000002,-77.3,5.742,0,1.0,-0.5750000000000001,310.005,-1.3196,36.480000000000004,0.0,252.81300000000002,0.0,0
46938,-1.364,75.586,0.0,0.0,-1.089,338.1634,-161.70000000000002,-79.3,5.742,0,0.0,-0.55,310.14000000000004,3.0682,35.730000000000004,0.0,252.031,0.0,0
46938,-1.364,75.586,0.0,0.0,-1.089,336.4977,-165.70000000000002,-80.60000000000001,5.742,0,2.0,-0.55,310.005,0.7918000000000001,35.19,0.0,251.23000000000002,0.0,0
46938,-1.364,75.586,0.0,0.0,-1.089,334.8195,-163.6,-80.3,5.742,0,0.0,-0.56,310.005,-3.1672000000000002,35.04,0.0,250.43,0.0,0
46938,-1.364,75.586,0.5,0.0,-1.089,333.1392,-163.6,-80.10000000000001,5.742,0,0.0,-0.56,310.005,-2.7713,34.56,0.0,249.62900000000002,0.0,0
46938,-1.194,75.586,0.0,0.0,-1.089,331.459,-163.6,-80.10000000000001,5.742,0,0.0,-0.56,310.005,3.9589000000000003,34.2,0.0,248.828,0.0,0
46938,-1.5350000000000001,75.586,0.0,0.0,-1.089,329.7583,-165.6,-80.60000000000001,5.742,0,0.0,-0.55,310.14000000000004,6.0704,34.35,0.0,248.02700000000002,0.0,0
46938,-1.194,75.586,-0.5,0.0,-1.089,329.59270000000004,-165.6,-80.60000000000001,5.742,0,0.0,-0.55,310.005,5.1466,34.47,0.0,247.949,0.0,0
46938,-1.0230000000000001,75.586,0.0,0.0,-1.089,327.8918,-167.8,-79.8,5.742,0,0.0,-0.56,310.005,-4.0909,34.2,0.0,247.14800000000002,0.0,0
46938,-1.5350000000000001,75.586,0.5,0.0,-1.089,326.1931,-165.6,-80.10000000000001,5.742,0,2.0,-0.55,310.005,-5.0147,34.77,0.0,246.348,0.0,0
46938,-1.194,75.586,-0.5,0.0,-1.089,324.4751,-167.70000000000002,-79.60000000000001,5.742,0,0.0,-0.56,310.14000000000004,1.3856000000000002,35.13,0.0,245.54700000000003,0.0,0
46938,-1.5350000000000001,75.586,0.0,0.0,-1.089,322.7532,-167.70000000000002,-80.3,5.742,0,0.0,-0.555,310.005,-0.19790000000000002,35.28,0.0,244.746,0.0,0
46938,-1.5350000000000001,75.586,-0.5,0.0,-1.089,321.0313,-167.70000000000002,-80.3,5.742,0,0.0,-0.555,310.14000000000004,1.2949000000000002,35.910000000000004,0.0,243.94500000000002,0.0,0
46938,-1.364,75.586,0.0,0.0,-1.089,319.30010000000004,-169.70000000000002,-80.10000000000001,5.742,0,0.0,-0.56,309.915,-0.2227,36.6,0.0,243.145,0.0,0
46938,-1.5350000000000001,75.586,0.5,0.0,-1.089,317.5571,-169.70000000000002,-80.3,5.742,0,2.0,-0.55,310.14000000000004,0.23920000000000002,36.660000000000004,0.0,242.34400000000002,0.0,0
46938,-1.0230000000000001,75.586,-0.5,0.0,-1.089,315.814,-169.8,-79.8,5.742,0,0.0,-0.555,310.005,-2.4826,36.18,0.0,241.543,0.0,0
46938,-1.5350000000000001,75.586,0.0,0.0,-1.089,314.0652,-171.8,-79.8,5.742,0,1.0,-0.535,309.915,-2.5568,35.64,0.0,240.74200000000002,0.0,0
46938,-1.364,75.586,0.0,0.0,-1.089,312.3011,-174.0,-80.60000000000001,5.742,0,-1.0,-0.545,310.005,-3.7363000000000004,34.95,0.0,239.941,0.0,0
46938,-1.194,75.586,0.0,0.0,-1.089,310.5392,-171.8,-79.60000000000001,5.742,0,0.0,-0.55,310.14000000000004,4.1157,34.62,0.0,239.14100000000002,0.0,0
46938,-1.194,75.586,0.0,0.0,-1.089,308.7751,-171.8,-79.8,5.742,0,2.0,-0.545,310.005,2.1609000000000003,34.59,0.0,238.34,0.0,0
46938,-1.705,75.586,-0.5,0.0,-1.089,306.9903,-173.8,-80.10000000000001,5.742,0,0.0,-0.555,310.005,-0.34640000000000004,34.53,0.0,237.53900000000002,0.0,0
46938,-1.0230000000000001,75.586,0.0,0.0,-1.089,305.20550000000003,-173.8,-80.3,5.742,0,1.0,-0.555,310.005,-0.7011000000000001,34.95,0.0,236.738,0.0,0
46938,-1.364,75.586,-0.5,0.0,-1.089,303.4229,-173.8,-80.10000000000001,5.742,0,1.0,-0.56,310.14000000000004,4.3301,35.07,0.0,235.93800000000002,0.0,0
46938,-1.5350000000000001,75.586,0.0,0.0,-1.089,301.62330000000003,-175.8,-80.3,5.742,0,0.0,-0.56,310.005,-0.5279,35.97,0.0,235.137,0.0,0
46938,-1.364,75.586,0.5,0.0,-1.089,299.8183,-175.70000000000002,-80.10000000000001,5.742,0,2.0,-0.5650000000000001,310.005,-3.1672000000000002,36.21,0.0,234.336,0.0,0
46938,-1.5350000000000001,75.586,-0.5,0.0,-1.089,298.01320000000004,-175.8,-80.3,5.742,0,0.0,-0.5700000000000001,310.14000000000004,-0.46190000000000003,36.96,0.0,233.53500000000003,0.0,0
46938,-1.364,75.586,-0.5,0.0,-1.089,296.1993,-179.9,-80.3,5.742,0,-1.0,-0.535,309.915,2.6393,36.42,0.0,232.734,0.0,0
46938,-1.364,75.586,0.0,0.0,-1.089,294.377,-177.70000000000002,-80.10000000000001,5.742,0,1.0,-0.52,310.14000000000004,-0.2887,35.94,0.0,231.934,0.0,0
46938,-1.5350000000000001,75.586,0.0,0.0,-1.089,292.5525,-177.70000000000002,-79.8,5.742,0,0.0,-0.555,309.915,-1.5671000000000002,35.88,0.0,231.133,0.0,0
46938,-1.364,75.586,0.0,0.0,-1.089,292.3749,-177.6,-80.10000000000001,5.742,0,0.0,-0.54,309.915,-2.6393,35.88,0.0,231.055,0.0,0
46938,-1.364,75.586,0.0,0.0,-1.089,290.5451,-179.5,-80.10000000000001,5.742,0,0.0,-0.555,310.005,2.0455,36.09,0.0,230.25400000000002,0.0,0
46938,-1.5350000000000001,75.586,0.0,0.0,-1.089,288.702,-179.5,-80.3,5.742,0,0.0,-0.53,310.005,-4.8827,35.910000000000004,0.0,229.453,0.0,0
46938,-1.5350000000000001,75.586,0.0,0.0,-1.089,286.8589,-179.5,-80.10000000000001,5.742,0,0.0,-0.58,310.005,-0.5938,34.980000000000004,0.0,228.65200000000002,0.0,0
46938,-1.5350000000000001,75.586,0.0,0.0,-1.089,285.0179,-179.70000000000002,-80.10000000000001,5.742,0,1.0,-0.56,310.005,1.3196,33.96,0.0,227.852,0.0,0
46938,-1.364,75.586,-0.5,0.0,-1.089,283.1572,-181.20000000000002,-80.3,5.742,0,0.0,-0.555,310.005,5.0147,33.45,0.0,227.05100000000002,0.0,0
46938,-1.194,75.586,0.0,0.0,-1.089,281.2964,-181.20000000000002,-80.10000000000001,5.742,0,0.0,-0.56,309.915,-2.1114,33.72,0.0,226.25,0.0,0
46938,-1.364,75.586,0.0,0.0,-1.089,279.4357,-181.20000000000002,-80.3,5.742,0,0.0,-0.52,310.005,-6.0704,35.04,0.0,225.449,0.0,0
46938,-1.5350000000000001,75.586,0.0,0.0,-1.089,277.5627,-185.20000000000002,-79.8,5.742,0,0.0,-0.545,310.14000000000004,3.563,36.12,0.0,224.64800000000002,0.0,0
46938,-1.5350000000000001,75.586,-0.5,0.0,-1.089,275.68780000000004,-182.8,-79.8,5.742,0,-1.0,-0.54,310.005,4.1569,37.14,0.0,223.848,0.0,0
46938,-1.364,75.586,0.5,0.0,-1.089,273.8105,-182.8,-79.3,5.742,0,1.0,-0.5700000000000001,310.14000000000004,1.9795,37.11,0.0,223.047,0.0,0
46938,-1.705,75.586,0.0,0.0,-1.089,271.9261,-184.3,-79.8,5.742,0,0.0,-0.5650000000000001,310.005,-2.2764,36.660000000000004,0.0,222.246,0.0,0
46938,-1.5350000000000001,75.586,0.0,0.0,-1.089,270.0335,-184.3,-80.10000000000001,5.742,0,0.0,-0.56,310.005,0.7918000000000001,36.09,0.0,221.44500000000002,0.0,0
46938,-1.194,75.586,0.0,0.0,-1.089,268.1434,-184.3,-79.8,5.742,0,1.0,-0.54,310.005,0.8908,35.49,0.0,220.645,0.0,0
46938,-1.364,75.586,0.5,0.0,-1.089,266.2481,-185.70000000000002,-80.10000000000001,5.742,0,0.0,-0.535,310.14000000000004,1.1877,35.67,0.0,219.84400000000002,0.0,0
46938,-1.5350000000000001,75.586,-0.5,0.0,-1.089,264.3416,-185.70000000000002,-80.9,5.742,0,1.0,-0.58,310.005,0.7918000000000001,35.58,0.0,219.043,0.0,0
46938,-1.5350000000000001,75.586,0.5,0.0,-1.089,262.43510000000003,-185.60000000000002,-79.8,5.742,0,0.0,-0.605,310.14000000000004,3.1672000000000002,35.67,0.0,218.24200000000002,0.0,0
46938,-1.5350000000000001,75.586,0.0,0.0,-1.089,260.52860000000004,-188.0,-79.8,5.742,0,0.0,-0.53,310.005,-4.1239,35.34,0.0,217.441,0.0,0
46938,-1.194,75.586,0.0,0.0,-1.089,258.6128,-186.9,-79.8,5.742,0,0.0,-0.51,310.005,-2.9032,34.53,0.0,216.64100000000002,0.0,0
46938,-1.5350000000000001,75.586,0.0,0.0,-1.089,256.69370000000004,-186.9,-80.10000000000001,5.742,0,0.0,-0.55,310.005,2.4743,33.6,0.0,215.84,0.0,0
46938,-0.853,75.586,0.0,0.0,-1.089,254.77460000000002,-234.8,-79.8,5.742,0,0.0,-0.51,310.005,2.3754,34.71,0.0,215.03900000000002,0.0,0
46938,-1.194,75.586,0.0,0.0,-1.089,252.84830000000002,-236.20000000000002,-79.8,5.742,0,1.0,-0.5750000000000001,310.005,1.3196,35.730000000000004,0.0,214.238,0.0,0
46938,-1.5350000000000001,75.586,0.5,0.0,-1.089,252.6604,-187.9,-80.10000000000001,5.742,0,0.0,-0.555,310.005,0.7258,35.85,0.0,214.16,0.0,0
46938,-1.364,75.586,-0.5,0.0,-1.089,250.73020000000002,-190.4,-80.60000000000001,5.742,0,2.0,-0.545,310.14000000000004,3.6703,36.96,0.0,213.359,0.0,0
46938,-1.364,75.586,0.0,0.0,-1.089,248.8024,-188.0,-80.10000000000001,5.742,0,1.0,-0.535,309.915,-0.9073,37.410000000000004,0.0,212.559,0.0,0
46938,-1.194,75.586,0.5,0.0,-1.089,246.8677,-188.9,-79.60000000000001,5.742,0,0.0,-0.545,309.915,-0.9732000000000001,36.69,0.0,211.758,0.0,0
46938,-1.5350000000000001,75.586,0.0,0.0,-1.089,244.92800000000003,-237.3,-79.60000000000001,5.742,0,0.0,-0.535,310.005,-3.2084,36.36,0.0,210.95700000000002,0.0,0
46938,-1.364,75.586,0.0,0.0,-1.089,242.9883,-237.3,-79.8,5.742,0,1.0,-0.5750000000000001,310.14000000000004,-0.9650000000000001,36.06,0.0,210.156,0.0,0
46938,-1.194,75.586,0.5,0.0,-1.089,241.04690000000002,-238.3,-80.10000000000001,5.742,0,1.0,-0.585,310.14000000000004,4.486800000000001,36.0,0.0,209.35500000000002,0.0,0
46938,-1.364,75.586,0.0,0.0,-1.089,239.10170000000002,-235.9,-80.10000000000001,5.742,0,0.0,-0.595,310.14000000000004,1.1629,36.45,0.0,208.555,0.0,0
46938,-1.194,75.586,0.0,0.0,-1.089,237.1541,-238.3,-80.10000000000001,5.742,0,0.0,-0.48,310.005,-2.1774,35.49,0.0,207.75400000000002,0.0,0
46938,-1.364,75.586,0.0,0.0,-1.089,235.25500000000002,-189.70000000000002,-80.10000000000001,5.742,0,0.0,-0.5700000000000001,309.915,-0.6846,35.01,0.0,206.973,0.0,0
46938,-1.194,75.586,0.5,0.0,-1.089,233.3017,-190.3,-80.3,5.742,0,0.0,-0.51,310.14000000000004,-2.2022,33.78,0.0,206.172,0.0,0
46938,-1.0230000000000001,75.586,-0.5,0.0,-1.089,231.3478,-190.3,-80.3,5.742,0,-2.0,-0.535,310.005,4.2229,34.62,0.0,205.371,0.0,0
46938,-1.5350000000000001,75.586,0.0,0.0,-1.089,229.3939,-190.3,-79.8,5.742,0,0.0,-0.605,310.14000000000004,5.8724,35.1,0.0,204.57000000000002,0.0,0
46938,-1.194,75.586,-0.5,0.0,-1.089,227.4396,-190.70000000000002,-80.3,5.742,0,0.0,-0.585,309.915,-5.0394000000000005,36.54,0.0,203.77,0.0,0
46938,-1.5350000000000001,75.586,-0.5,0.0,-1.089,225.4812,-190.70000000000002,-79.8,5.742,0,1.0,-0.56,310.005,-2.2846,37.77,0.0,202.96900000000002,0.0,0
46938,-1.364,75.586,0.0,0.0,-1.089,223.52280000000002,-190.70000000000002,-80.60000000000001,5.742,0,1.0,-0.5650000000000001,310.005,0.2227,38.01,0.0,202.168,0.0,0
46938,-1.364,75.586,0.0,0.0,-1.089,221.5633,-191.0,-79.8,5.742,0,1.0,-0.595,309.915,-1.699,36.96,0.0,201.36700000000002,0.0,0
46938,-1.5350000000000001,75.586,0.0,0.0,-1.089,219.6022,-193.4,-80.10000000000001,5.742,0,0.0,-0.525,310.14000000000004,-2.0042,36.45,0.0,200.566,0.0,0
46938,-1.364,75.586,-0.5,0.0,-1.089,217.64350000000002,-190.9,-80.10000000000001,5.742,0,0.0,-0.5650000000000001,310.005,3.629,35.46,0.0,199.76600000000002,0.0,0
46938,-1.0230000000000001,75.586,-0.5,0.0,-1.089,215.68220000000002,-191.10000000000002,-80.3,5.742,0,1.0,-0.55,310.005,-0.2144,35.46,0.0,198.965,0.0,0
46938,-1.5350000000000001,75.586,0.0,0.0,-1.089,213.7201,-191.10000000000002,-80.10000000000001,5.742,0,1.0,-0.515,309.915,-3.1012,35.52,0.0,198.16400000000002,0.0,0
46938,-1.364,75.586,0.0,0.0,-1.089,211.758,-191.0,-80.10000000000001,5.742,0,0.0,-0.545,310.005,3.8930000000000002,35.64,0.0,197.363,0.0,0
46938,-1.5350000000000001,75.586,0.0,0.0,-1.089,211.5669,-191.10000000000002,-80.10000000000001,5.742,0,1.0,-0.535,310.005,3.4311000000000003,35.61,0.0,197.285,0.0,0
46938,-1.364,75.586,0.0,0.0,-1.089,209.6048,-193.5,-80.10000000000001,5.742,0,2.0,-0.505,310.14000000000004,1.5836000000000001,35.22,0.0,196.484,0.0,0
46938,-1.194,75.586,-0.5,0.0,-1.089,207.64600000000002,-190.9,-80.60000000000001,5.742,0,0.0,-0.605,309.915,-3.1672000000000002,34.26,0.0,195.684,0.0,0
46938,-1.5350000000000001,75.586,0.0,0.0,-1.089,205.68480000000002,-191.0,-80.3,5.742,0,0.0,-0.5700000000000001,310.005,-2.6393,33.75,0.0,194.883,0.0,0
46938,-1.364,75.586,0.5,0.0,-1.089,203.7236,-191.0,-80.60000000000001,5.742,0,1.0,-0.555,310.005,-3.8600000000000003,34.59,0.0,194.08200000000002,0.0,0
46938,-1.5350000000000001,75.586,0.0,0.0,-1.089,201.76420000000002,-190.70000000000002,-80.10000000000001,5.742,0,0.0,-0.535,310.14000000000004,4.3548,36.54,0.0,193.281,0.0,0
46938,-1.5350000000000001,75.586,0.0,0.0,-1.089,199.8058,-193.20000000000002,-80.9,5.742,0,2.0,-0.5650000000000001,310.005,1.8475000000000001,37.47,0.0,192.48000000000002,0.0,0
46938,-1.364,75.586,0.0,0.0,-1.089,197.84990000000002,-190.70000000000002,-80.60000000000001,5.742,0,0.0,-0.555,309.915,-3.0352,36.99,0.0,191.68,0.0,0
46938,-1.5350000000000001,75.586,0.0,0.0,-1.089,195.8933,-190.20000000000002,-80.10000000000001,5.742,0,0.0,-0.535,310.005,-2.0125,36.69,0.0,190.87900000000002,0.0,0
46938,-1.364,75.586,0.0,0.0,-1.089,193.9396,-190.3,-80.3,5.742,0,2.0,-0.54,310.14000000000004,2.2434000000000003,36.51,0.0,190.078,0.0,0
46938,-1.194,75.586,0.0,0.0,-1.089,191.98600000000002,-190.20000000000002,-80.3,5.742,0,0.0,-0.5,310.005,1.7815,35.37,0.0,189.27700000000002,0.0,0
46938,-1.364,75.586,-0.5,0.0,-1.089,190.0355,-189.60000000000002,-80.3,5.742,0,0.0,-0.56,309.915,0.2639,34.77,0.0,188.477,0.0,0
46938,-1.364,75.586,0.5,0.0,-1.089,188.0885,-189.60000000000002,-79.8,5.742,0,1.0,-0.5750000000000001,310.005,-0.4289,34.56,0.0,187.67600000000002,0.0,0
46938,-1.5350000000000001,75.586,0.0,0.0,-1.089,186.1415,-189.60000000000002,-79.8,5.742,0,0.0,-0.5750000000000001,310.14000000000004,3.1672000000000002,34.65,0.0,186.875,0.0,0
46938,-1.194,75.586,0.5,0.0,-1.089,184.1946,-189.5,-80.3,5.742,0,0.0,-0.52,310.005,-0.5938,35.43,0.0,186.074,0.0,0
46938,-1.5350000000000001,75.586,0.5,0.0,-1.089,182.25480000000002,-191.20000000000002,-80.10000000000001,5.742,0,1.0,-0.515,310.005,-4.486800000000001,34.62,0.0,185.273,0.0,0
46938,-1.5350000000000001,75.586,0.0,0.0,-1.089,180.31900000000002,-188.70000000000002,-80.10000000000001,5.742,0,0.0,-0.555,310.14000000000004,1.5836000000000001,34.2,0.0,184.473,0.0,0
46938,-1.364,75.586,0.5,0.0,-1.089,178.38070000000002,-188.8,-79.8,5.742,0,1.0,-0.495,310.14000000000004,6.8622000000000005,33.96,0.0,183.672,0.0,0
46938,-1.0230000000000001,75.586,0.0,0.0,-1.089,176.44840000000002,-187.8,-80.3,5.742,0,0.0,-0.535,310.005,-0.7918000000000001,35.22,0.0,182.871,0.0,0
46938,-1.364,75.586,0.0,0.0,-1.089,176.2607,-187.70000000000002,-80.10000000000001,5.742,0,0.0,-0.51,310.005,-1.7815,35.22,0.0,182.793,0.0,0
46938,-1.194,75.586,-0.5,0.0,-1.089,174.3331,-187.70000000000002,-80.3,5.742,0,1.0,-0.525,310.14000000000004,-5.5425,36.27,0.0,181.99200000000002,0.0,0
46938,-1.5350000000000001,75.586,0.0,0.0,-1.089,172.40550000000002,-190.10000000000002,-80.10000000000001,5.742,0,1.0,-0.545,310.005,-1.9547,36.72,0.0,181.191,0.0,0
46938,-1.0230000000000001,75.586,0.0,0.0,-1.089,170.48520000000002,-186.5,-79.8,5.742,0,0.0,-0.53,310.005,1.1877,36.6,0.0,180.39100000000002,0.0,0
46938,-1.364,75.586,0.5,0.0,-1.089,168.5703,-186.5,-79.8,5.742,0,0.0,-0.525,310.005,-2.7713,36.660000000000004,0.0,179.59,0.0,0
46938,-1.364,75.586,-0.5,0.0,-1.089,166.65540000000001,-186.5,-79.8,5.742,0,0.0,-0.515,310.005,-3.8930000000000002,36.06,0.0,178.78900000000002,0.0,0
46938,-1.194,75.586,-0.5,0.0,-1.089,164.7423,-185.0,-80.3,5.742,0,0.0,-0.58,310.005,1.7815,35.79,0.0,177.988,0.0,0
46938,-1.364,75.586,0.0,0.0,-1.089,162.8445,-185.0,-80.3,5.742,0,0.0,-0.53,310.005,2.5073000000000003,34.68,0.0,177.18800000000002,0.0,0
46938,-1.194,75.586,0.0,0.0,-1.089,160.9443,-185.0,-79.8,5.742,0,0.0,-0.555,310.005,-0.5444,33.87,0.0,176.387,0.0,0
46938,-1.5350000000000001,75.586,0.5,0.0,-1.089,159.04410000000001,-185.10000000000002,-79.8,5.742,0,0.0,-0.6,310.005,2.6393,33.84,0.0,175.586,0.0,0
46938,-1.5350000000000001,75.586,0.5,0.0,-1.089,157.15810000000002,-183.4,-79.8,5.742,0,0.0,-0.525,310.14000000000004,1.9795,34.47,0.0,174.785,0.0,0
46938,-1.194,75.586,0.0,0.0,-1.089,155.2748,-185.70000000000002,-80.3,5.742,0,1.0,-0.535,310.14000000000004,2.1527000000000003,35.550000000000004,0.0,173.984,0.0,0
46938,-1.364,75.586,0.0,0.0,-1.089,153.3938,-183.4,-80.10000000000001,5.742,0,0.0,-0.495,310.14000000000004,0.132,36.03,0.0,173.184,0.0,0
46938,-1.194,75.586,0.0,0.0,-1.089,151.5212,-181.5,-79.60000000000001,5.742,0,2.0,-0.52,310.005,-2.2846,35.97,0.0,172.383,0.0,0
46938,-1.5350000000000001,75.586,0.0,0.0,-1.089,149.6566,-181.60000000000002,-79.8,5.742,0,0.0,-0.525,310.005,-2.5733,35.82,0.0,171.58200000000002,0.0,0
46938,-1.194,75.586,0.0,0.0,-1.089,147.7921,-181.5,-80.3,5.742,0,0.0,-0.535,310.14000000000004,-3.563,36.69,0.0,170.781,0.0,0
46938,-1.364,75.586,0.5,0.0,-1.089,147.6105,-181.60000000000002,-80.3,5.742,0,0.0,-0.52,310.14000000000004,-2.3754,36.63,0.0,170.703,0.0,0
46938,-1.5350000000000001,75.586,0.0,0.0,-1.089,145.7543,-179.5,-80.3,5.742,0,1.0,-0.545,310.005,3.1672000000000002,35.67,0.0,169.90200000000002,0.0,0
46938,-1.5350000000000001,75.586,0.0,0.0,-1.089,143.9129,-179.60000000000002,-80.3,5.742,0,1.0,-0.49,310.005,0.7918000000000001,35.07,0.0,169.102,0.0,0
46938,-1.364,75.586,-0.5,0.0,-1.089,142.0693,-179.5,-79.60000000000001,5.742,0,0.0,-0.53,310.14000000000004,-3.6950000000000003,35.550000000000004,0.0,168.30100000000002,0.0,0
46938,-1.194,75.586,0.0,0.0,-1.089,140.2285,-177.3,-79.8,5.742,0,0.0,-0.52,310.14000000000004,-0.099,36.03,0.0,167.5,0.0,0
46938,-1.364,75.586,-0.5,0.0,-1.089,138.4078,-177.3,-80.10000000000001,5.742,0,0.0,-0.525,310.14000000000004,6.0704,35.37,0.0,166.699,0.0,0
46938,-1.194,75.586,-0.5,0.0,-1.089,136.5871,-179.60000000000002,-80.10000000000001,5.742,0,1.0,-0.585,310.005,-1.4846000000000001,34.95,0.0,165.898,0.0,0
46938,-1.364,75.586,0.0,0.0,-1.089,134.7687,-177.3,-80.3,5.742,0,1.0,-0.5750000000000001,309.915,-7.785900000000001,34.92,0.0,165.098,0.0,0
46938,-1.364,75.586,0.0,0.0,-1.089,132.9693,-174.8,-79.8,5.742,0,0.0,-0.5700000000000001,310.005,-2.0125,35.04,0.0,164.297,0.0,0
46938,-1.364,75.586,0.0,0.0,-1.089,131.17350000000002,-174.9,-80.10000000000001,5.742,0,1.0,-0.515,310.005,0.7918000000000001,34.92,0.0,163.496,0.0,0
46938,-1.5350000000000001,75.586,-0.5,0.0,-1.089,129.3777,-174.9,-80.3,5.742,0,0.0,-0.58,310.14000000000004,2.4743,34.71,0.0,162.69500000000002,0.0,0
46938,-1.364,75.586,-0.5,0.0,-1.089,127.5999,-172.20000000000002,-80.3,5.742,0,1.0,-0.545,310.005,1.1877,35.4,0.0,161.895,0.0,0
46938,-1.364,75.586,0.0,0.0,-1.089,125.8311,-172.20000000000002,-80.10000000000001,5.742,0,2.0,-0.48,310.14000000000004,-0.3629,35.67,0.0,161.094,0.0,0
46938,-1.194,75.586,0.0,0.0,-1.089,124.06230000000001,-172.20000000000002,-80.3,5.742,0,0.0,-0.555,310.14000000000004,3.4311000000000003,35.34,0.0,160.293,0.0,0
46938,-1.194,75.586,0.0,0.0,-1.089,122.30250000000001,-212.9,-80.3,5.742,0,1.0,-0.515,309.915,2.1774,35.22,0.0,159.49200000000002,0.0,0
46938,-1.5350000000000001,75.586,0.0,0.0,-1.089,120.5626,-212.9,-80.10000000000001,5.742,0,0.0,-0.545,310.005,-7.1261,34.83,0.0,158.691,0.0,0
46938,-1.364,75.586,0.0,0.0,-1.089,118.8249,-210.70000000000002,-80.3,5.742,0,1.0,-0.605,310.005,-3.3321,35.52,0.0,157.89100000000002,0.0,0
46938,-1.364,75.586,-0.5,0.0,-1.089,117.0862,-211.70000000000002,-79.8,5.742,0,1.0,-0.58,310.14000000000004,3.2991,35.61,0.0,157.09,0.0,0
46938,-1.364,75.586,0.0,0.0,-1.089,115.41990000000001,-166.4,-80.10000000000001,5.742,0,0.0,-0.53,310.14000000000004,1.2207000000000001,34.77,0.0,156.309,0.0,0
46938,-1.0230000000000001,75.586,0.0,0.0,-1.089,115.2108,-209.10000000000002,-79.60000000000001,5.742,0,0.0,-0.535,310.14000000000004,1.9547,34.68,0.0,156.211,0.0,0
46938,-1.194,75.586,0.0,0.0,-1.089,113.5018,-209.10000000000002,-80.10000000000001,5.742,0,1.0,-0.545,310.005,3.2331000000000003,33.9,0.0,155.41,0.0,0
46938,-1.0230000000000001,75.586,0.5,0.0,-1.089,111.7928,-209.10000000000002,-80.10000000000001,5.742,0,0.0,-0.52,310.14000000000004,1.9135000000000002,33.3,0.0,154.609,0.0,0
46938,-1.194,75.586,0.5,0.0,-1.089,110.11420000000001,-203.0,-80.10000000000001,5.742,0,1.0,-0.55,310.005,-4.5280000000000005,33.36,0.0,153.809,0.0,0
46938,-1.705,75.586,0.0,0.0,-1.089,108.438,-203.0,-79.8,5.742,0,1.0,-0.5,310.005,2.7713,34.230000000000004,0.0,153.008,0.0,0
46938,-1.5350000000000001,75.586,0.5,0.0,-1.089,106.8036,-163.3,-80.3,5.742,0,0.0,-0.545,310.005,1.4104,35.49,0.0,152.227,0.0,0
46938,-1.5350000000000001,75.586,0.0,0.0,-1.089,105.14710000000001,-159.8,-80.10000000000001,5.742,0,1.0,-0.615,310.005,-3.1672000000000002,36.51,0.0,151.42600000000002,0.0,0
46938,-1.194,75.586,0.5,0.0,-1.089,103.50550000000001,-159.8,-80.10000000000001,5.742,0,0.0,-0.545,310.005,-2.1774,36.9,0.0,150.625,0.0,0
46938,-1.194,75.586,0.0,0.0,-1.089,101.86380000000001,-159.9,-80.60000000000001,5.742,0,3.0,-0.5650000000000001,310.14000000000004,2.1527000000000003,36.36,0.0,149.824,0.0,0
46938,-1.5350000000000001,75.586,0.5,0.0,-1.089,100.233,-158.3,-80.3,5.742,0,0.0,-0.51,310.005,-0.19790000000000002,35.94,0.0,149.023,0.0,0
46938,-1.5350000000000001,75.586,0.0,0.0,-1.089,98.6298,-156.3,-80.3,5.742,0,0.0,-0.6,310.005,-2.3094,35.67,0.0,148.223,0.0,0
46938,-1.364,75.586,0.0,0.0,-1.089,97.0245,-156.3,-80.10000000000001,5.742,0,1.0,-0.535,310.14000000000004,-1.7815,36.15,0.0,147.422,0.0,0
46938,-1.194,75.586,0.0,0.0,-1.089,95.42020000000001,-155.3,-80.3,5.742,0,0.0,-0.545,310.005,2.1774,36.12,0.0,146.621,0.0,0
46938,-1.194,75.586,0.0,0.0,-1.089,93.85300000000001,-152.6,-80.10000000000001,5.742,0,1.0,-0.5750000000000001,310.005,2.1114,35.19,0.0,145.82,0.0,0
46938,-1.364,75.586,0.0,0.0,-1.089,92.2878,-152.6,-80.60000000000001,5.742,0,1.0,-0.5,310.14000000000004,-0.1072,34.38,0.0,145.02,0.0,0
46938,-1.364,75.586,0.5,0.0,-1.089,90.7206,-152.6,-80.3,5.742,0,0.0,-0.54,310.005,1.3856000000000002,34.230000000000004,0.0,144.219,0.0,0
46938,-1.0230000000000001,75.586,-0.5,0.0,-1.089,89.1833,-148.70000000000002,-80.60000000000001,5.742,0,0.0,-0.52,310.005,-0.39590000000000003,34.230000000000004,0.0,143.418,0.0,0
46938,-1.0230000000000001,75.586,0.0,0.0,-1.089,87.6558,-148.70000000000002,-80.3,5.742,0,1.0,-0.605,310.14000000000004,-5.6745,34.53,0.0,142.61700000000002,0.0,0
46938,-1.0230000000000001,75.586,0.0,0.0,-1.089,86.1282,-150.70000000000002,-80.10000000000001,5.742,0,0.0,-0.49,310.14000000000004,2.5073000000000003,35.52,0.0,141.816,0.0,0
46938,-1.194,75.586,-0.5,0.0,-1.089,84.6224,-144.8,-79.8,5.742,0,0.0,-0.525,310.005,2.7713,36.57,0.0,141.01600000000002,0.0,0
46938,-1.364,75.586,-0.5,0.0,-1.089,83.1361,-144.8,-79.8,5.742,0,0.0,-0.58,310.14000000000004,1.2784,37.92,0.0,140.215,0.0,0
46938,-1.5350000000000001,75.586,-0.5,0.0,-1.089,81.6498,-144.8,-80.60000000000001,5.742,0,1.0,-0.555,310.005,1.6083,37.5,0.0,139.41400000000002,0.0,0
46938,-1.194,75.586,-0.5,0.0,-1.089,80.1725,-140.5,-80.3,5.742,0,0.0,-0.595,310.005,-2.1774,36.51,0.0,138.613,0.0,0
46938,-1.194,75.586,0.5,0.0,-1.089,78.7305,-140.6,-80.3,5.742,0,1.0,-0.5650000000000001,310.14000000000004,-3.9589000000000003,35.910000000000004,0.0,137.81300000000002,0.0,0
46938,-1.0230000000000001,75.586,-0.5,0.0,-1.089,77.2868,-140.6,-79.8,5.742,0,1.0,-0.5650000000000001,309.915,-0.6846,35.31,0.0,137.012,0.0,0
46938,-1.194,75.586,-0.5,0.0,-1.089,75.8431,-140.6,-80.3,5.742,0,0.0,-0.52,310.005,2.7713,35.61,0.0,136.211,0.0,0
46938,-1.5350000000000001,75.586,0.0,0.0,-1.089,74.4406,-136.3,-80.10000000000001,5.742,0,1.0,-0.53,310.005,0.8578,36.18,0.0,135.41,0.0,0
46938,-1.364,75.586,0.0,0.0,-1.089,73.0408,-138.0,-80.10000000000001,5.742,0,0.0,-0.535,310.005,0.2474,35.97,0.0,134.609,0.0,0
46938,-1.5350000000000001,75.586,0.0,0.0,-1.089,71.6427,-136.3,-80.10000000000001,5.742,0,0.0,-0.5700000000000001,310.005,-0.37120000000000003,35.34,0.0,133.809,0.0,0
46938,-1.0230000000000001,75.586,0.0,0.0,-1.089,70.2729,-132.0,-80.10000000000001,5.742,0,1.0,-0.56,310.005,2.7713,34.38,0.0,133.008,0.0,0
46938,-1.5350000000000001,75.586,0.0,0.0,-1.089,68.9182,-131.9,-80.10000000000001,5.742,0,0.0,-0.455,310.005,-1.1877,34.11,0.0,132.207,0.0,0
46938,-1.364,75.586,0.5,0.0,-1.089,67.5635,-131.9,-79.8,5.742,0,0.0,-0.535,309.915,-3.0847,34.800000000000004,0.0,131.406,0.0,0
46938,-1.5350000000000001,75.586,0.0,0.0,-1.089,66.227,-129.0,-80.10000000000001,5.742,0,0.0,-0.5650000000000001,309.915,-2.994,35.7,0.0,130.60500000000002,0.0,0
46938,-1.5350000000000001,75.586,0.0,0.0,-1.089,64.92,-127.5,-79.8,5.742,0,1.0,-0.535,310.005,3.761,37.2,0.0,129.805,0.0,0
46938,-1.0230000000000001,75.586,0.0,0.0,-1.089,64.79260000000001,-127.4,-79.8,5.742,0,0.0,-0.55,310.005,3.9589000000000003,37.35,0.0,129.727,0.0,0
46938,-1.364,75.586,0.0,0.0,-1.089,63.484,-127.5,-79.60000000000001,5.742,0,1.0,-0.52,310.14000000000004,7.785900000000001,37.980000000000004,0.0,128.92600000000002,0.0,0
46938,-1.0230000000000001,75.586,0.0,0.0,-1.089,62.1858,-122.9,-79.8,5.742,0,0.0,-0.52,309.915,1.5836000000000001,37.11,0.0,128.125,0.0,0
46938,-1.364,75.586,0.0,0.0,-1.089,60.9243,-122.9,-80.10000000000001,5.742,0,0.0,-0.51,310.005,-3.563,36.12,0.0,127.32400000000001,0.0,0
46938,-1.5350000000000001,75.586,0.5,0.0,-1.089,59.662800000000004,-124.4,-80.3,5.742,0,0.0,-0.54,310.14000000000004,0.5279,35.82,0.0,126.52300000000001,0.0,0
46938,-1.364,75.586,0.5,0.0,-1.089,58.4029,-122.80000000000001,-80.60000000000001,5.742,0,0.0,-0.53,310.14000000000004,5.4106000000000005,35.79,0.0,125.723,0.0,0
46938,-1.194,75.586,-0.5,0.0,-1.089,57.1867,-118.2,-79.60000000000001,5.742,0,0.0,-0.5750000000000001,310.14000000000004,0.6928000000000001,36.0,0.0,124.92200000000001,0.0,0
46938,-0.853,75.586,-0.5,0.0,-1.089,55.973000000000006,-118.2,-80.10000000000001,5.742,0,0.0,-0.48,310.14000000000004,-0.39590000000000003,34.89,0.0,124.12100000000001,0.0,0
46938,-1.364,75.586,0.0,0.0,-1.089,54.7593,-118.2,-80.60000000000001,5.742,0,0.0,-0.5750000000000001,310.005,-3.8600000000000003,34.800000000000004,0.0,123.32000000000001,0.0,0
46938,-1.364,75.586,0.0,0.0,-1.089,53.5799,-113.4,-80.10000000000001,5.742,0,0.0,-0.54,310.14000000000004,-1.1877,34.5,0.0,122.52000000000001,0.0,0
46938,-1.0230000000000001,75.586,0.0,0.0,-1.089,52.4146,-113.5,-79.60000000000001,5.742,0,1.0,-0.5700000000000001,310.005,-2.2764,34.44,0.0,121.71900000000001,0.0,0
46938,-1.194,75.586,0.0,0.0,-1.089,51.2494,-113.4,-80.3,5.742,0,0.0,-0.51,310.14000000000004,1.3196,34.74,0.0,120.918,0.0,0
46938,-1.705,75.586,0.5,0.0,-1.089,50.1039,-108.7,-80.10000000000001,5.742,0,0.0,-0.58,310.14000000000004,1.8475000000000001,35.58,0.0,120.117,0.0,0
46938,-1.5350000000000001,75.586,0.0,0.0,-1.089,48.9876,-110.10000000000001,-80.60000000000001,5.742,0,0.0,-0.535,310.005,0.0,36.57,0.0,119.316,0.0,0
46938,-1.5350000000000001,75.586,0.0,0.0,-1.089,47.8727,-108.7,-79.8,5.742,0,0.0,-0.5750000000000001,310.14000000000004,3.1672000000000002,36.57,0.0,118.516,0.0,0
46938,-1.364,75.586,0.0,0.0,-1.089,46.7629,-103.9,-79.8,5.742,0,0.0,-0.5750000000000001,310.005,0.39590000000000003,36.33,0.0,117.715,0.0,0
46938,-1.364,75.586,0.0,0.0,-1.089,45.6957,-130.6,-79.8,5.742,0,0.0,-0.61,309.915,-1.7815,36.06,0.0,116.914,0.0,0
46938,-1.5350000000000001,75.586,-0.5,0.0,-1.089,44.6286,-130.6,-80.10000000000001,5.742,0,0.0,-0.5,310.14000000000004,-0.132,36.12,0.0,116.113,0.0,0
46938,-1.194,75.586,0.0,0.0,-1.089,43.5628,-129.20000000000002,-80.10000000000001,5.742,0,0.0,-0.55,310.14000000000004,2.5403000000000002,35.85,0.0,115.313,0.0,0
46938,-1.5350000000000001,75.586,0.0,0.0,-1.089,42.5382,-123.2,-80.10000000000001,5.742,0,1.0,-0.53,310.005,-1.0557,35.7,0.0,114.512,0.0,0
46938,-1.364,75.586,0.5,0.0,-1.089,41.520500000000006,-124.5,-80.10000000000001,5.742,0,0.0,-0.535,310.005,-1.4846000000000001,35.19,0.0,113.711,0.0,0
46938,-1.194,75.586,0.0,0.0,-1.089,40.5281,-99.2,-79.8,5.742,0,0.0,-0.495,310.005,-1.0557,34.980000000000004,0.0,112.93,0.0,0
46938,-1.364,75.586,0.5,0.0,-1.089,39.5383,-94.30000000000001,-80.3,5.742,0,0.0,-0.605,310.14000000000004,2.2764,35.19,0.0,112.129,0.0,0
46938,-1.194,75.586,0.0,0.0,-1.089,38.569900000000004,-94.30000000000001,-80.60000000000001,5.742,0,0.0,-0.535,309.915,-0.2639,35.1,0.0,111.328,0.0,0
46938,-0.853,75.586,-0.5,0.0,-1.089,37.6015,-94.30000000000001,-80.10000000000001,5.742,0,0.0,-0.51,309.915,-3.8930000000000002,34.77,0.0,110.527,0.0,0
46938,-1.364,75.586,0.0,0.0,-1.089,37.4842,-117.30000000000001,-80.10000000000001,5.742,0,0.0,-0.55,309.915,-4.6023000000000005,34.800000000000004,0.0,110.43,0.0,0
46938,-1.5350000000000001,75.586,0.5,0.0,-1.089,36.536300000000004,-112.4,-80.3,5.742,0,0.0,-0.56,310.14000000000004,0.6598,36.21,0.0,109.629,0.0,0
46938,-1.705,75.586,0.0,0.0,-1.089,35.640100000000004,-89.5,-80.60000000000001,5.742,0,0.0,-0.535,309.915,-0.5279,37.2,0.0,108.848,0.0,0
46938,-1.194,75.586,0.0,0.0,-1.089,34.7209,-89.5,-80.3,5.742,0,0.0,-0.58,310.23,3.5053,37.2,0.0,108.04700000000001,0.0,0
46938,-1.194,75.586,-0.5,0.0,-1.089,33.8076,-84.7,-80.3,5.742,0,0.0,-0.53,310.14000000000004,4.1321,37.17,0.0,107.24600000000001,0.0,0
46938,-1.5350000000000001,75.586,-0.5,0.0,-1.089,32.937200000000004,-84.8,-80.10000000000001,5.742,0,0.0,-0.53,310.14000000000004,2.994,37.11,0.0,106.44500000000001,0.0,0
46938,-1.0230000000000001,75.586,0.0,0.0,-1.089,32.068000000000005,-84.8,-79.8,5.742,0,1.0,-0.53,310.005,-4.2641,36.33,0.0,105.64500000000001,0.0,0
46938,-1.0230000000000001,75.586,0.0,0.0,-1.089,31.1977,-84.8,-80.3,5.742,0,0.0,-0.53,310.14000000000004,-3.761,35.61,0.0,104.84400000000001,0.0,0
46938,-1.364,75.586,0.5,0.0,-1.089,30.3684,-80.0,-80.3,5.742,0,0.0,-0.545,310.005,0.0247,34.980000000000004,0.0,104.043,0.0,0
46938,-1.194,75.586,0.0,0.0,-1.089,29.546400000000002,-80.10000000000001,-80.10000000000001,5.742,0,0.0,-0.5650000000000001,310.14000000000004,-2.994,34.29,0.0,103.242,0.0,0
46938,-1.194,75.586,-0.5,0.0,-1.089,28.724500000000003,-81.0,-80.60000000000001,5.742,0,0.0,-0.555,310.005,-0.6598,34.05,0.0,102.441,0.0,0
46938,-1.5350000000000001,75.586,-0.5,0.0,-1.089,27.931,-75.4,-80.10000000000001,5.742,0,2.0,-0.545,310.14000000000004,1.8228000000000002,34.47,0.0,101.641,0.0,0
46938,-1.194,75.586,0.5,0.0,-1.089,27.1568,-75.4,-79.8,5.742,0,0.0,-0.5750000000000001,310.14000000000004,-0.8165,34.95,0.0,100.84,0.0,0
46938,-1.194,75.586,-0.5,0.0,-1.089,26.3826,-75.4,-79.8,5.742,0,1.0,-0.52,310.005,4.6848,35.79,0.0,100.039,0.0,0
46938,-1.194,75.586,-0.5,0.0,-1.089,25.622700000000002,-70.8,-80.3,5.742,0,0.0,-0.53,310.005,-0.39590000000000003,36.45,0.0,99.238,0.0,0
46938,-1.5350000000000001,75.586,0.0,0.0,-1.089,24.8964,-70.8,-80.3,5.742,0,0.0,-0.555,310.005,-1.6908,36.99,0.0,98.438,0.0,0
46938,-1.0230000000000001,75.586,0.5,0.0,-1.089,24.8247,-71.7,-80.10000000000001,5.742,0,0.0,-0.605,310.005,-1.7485000000000002,36.96,0.0,98.35900000000001,0.0,0
46938,-1.5350000000000001,75.586,0.0,0.0,-1.089,24.0984,-70.8,-80.3,5.742,0,1.0,-0.545,310.14000000000004,1.1877,36.51,0.0,97.55900000000001,0.0,0
46938,-1.194,75.586,0.0,0.0,-1.089,23.377200000000002,-66.3,-80.3,5.742,0,0.0,-0.47500000000000003,310.005,3.1672000000000002,37.230000000000004,0.0,96.75800000000001,0.0,0
46938,-1.194,75.586,0.0,0.0,-1.089,22.696,-66.3,-80.10000000000001,5.742,0,0.0,-0.5,310.005,-1.1877,36.480000000000004,0.0,95.95700000000001,0.0,0
46938,-1.5350000000000001,75.586,-0.5,0.0,-1.089,22.0148,-66.4,-80.3,5.742,0,0.0,-0.525,310.005,-5.4435,36.18,0.0,95.156,0.0,0
46938,-1.194,75.586,0.0,0.0,-1.089,21.3337,-67.2,-80.3,5.742,0,0.0,-0.525,310.14000000000004,2.1114,35.52,0.0,94.355,0.0,0
46938,-1.194,75.586,0.0,0.0,-1.089,20.6919,-62.0,-79.8,5.742,0,-1.0,-0.595,310.14000000000004,-0.6268,34.17,0.0,93.555,0.0,0
46938,-0.853,75.586,0.0,0.0,-1.089,20.0558,-61.900000000000006,-80.10000000000001,5.742,0,0.0,-0.585,310.14000000000004,2.5073000000000003,33.57,0.0,92.754,0.0,0
46938,-1.194,75.586,0.0,0.0,-1.089,19.419600000000003,-62.0,-80.10000000000001,5.742,0,1.0,-0.54,310.005,-0.4289,33.81,0.0,91.953,0.0,0
46938,-1.364,75.586,0.5,0.0,-1.089,18.8092,-57.6,-79.8,5.742,0,1.0,-0.555,310.005,-1.9795,34.32,0.0,91.152,0.0,0
46938,-1.194,75.586,0.0,0.0,-1.089,18.2176,-57.7,-80.3,5.742,0,0.0,-0.54,310.14000000000004,0.0,34.800000000000004,0.0,90.352,0.0,0
46938,-1.364,75.586,-0.5,0.0,-1.089,17.6253,-57.7,-80.10000000000001,5.742,0,1.0,-0.495,310.005,-0.7918000000000001,35.160000000000004,0.0,89.551,0.0,0
46938,-1.194,75.586,0.0,0.0,-1.089,17.046300000000002,-53.6,-79.8,5.742,0,0.0,-0.53,310.005,0.7918000000000001,35.82,0.0,88.75,0.0,0
46938,-1.194,75.586,0.0,0.0,-1.089,16.992800000000003,-53.5,-80.10000000000001,5.742,0,0.0,-0.5,310.005,0.39590000000000003,35.85,0.0,88.67200000000001,0.0,0
46938,-1.5350000000000001,75.586,0.5,0.0,-1.089,16.443,-53.6,-80.10000000000001,5.742,0,0.0,-0.52,310.005,-2.7465,35.85,0.0,87.87100000000001,0.0,0
46938,-1.194,75.586,-0.5,0.0,-1.089,15.8933,-53.5,-80.10000000000001,5.742,0,0.0,-0.555,310.005,-2.5733,35.730000000000004,0.0,87.07000000000001,0.0,0
46938,-1.5350000000000001,75.586,0.0,0.0,-1.089,15.3499,-49.6,-80.10000000000001,5.742,0,0.0,-0.545,310.005,0.0,35.550000000000004,0.0,86.27000000000001,0.0,0
46938,-1.194,75.586,0.0,0.0,-1.089,14.8413,-49.6,-79.8,5.742,0,1.0,-0.535,310.005,2.1774,35.82,0.0,85.46900000000001,0.0,0
46938,-1.0230000000000001,75.586,0.0,0.0,-1.089,14.3327,-49.5,-80.10000000000001,5.742,0,0.0,-0.52,310.005,0.19790000000000002,35.76,0.0,84.668,0.0,0
46938,-0.853,75.586,0.5,0.0,-1.089,13.824100000000001,-49.5,-79.8,5.742,0,0.0,-0.53,310.005,0.39590000000000003,35.58,0.0,83.867,0.0,0
46938,-1.194,75.586,0.0,0.0,-1.089,13.350000000000001,-46.2,-80.10000000000001,5.742,0,0.0,-0.54,310.005,0.19790000000000002,34.74,0.0,83.066,0.0,0
46938,-1.0230000000000001,75.586,0.5,0.0,-1.089,12.8817,-45.6,-79.8,5.742,0,0.0,-0.58,310.005,-1.7815,34.26,0.0,82.266,0.0,0
46938,-1.5350000000000001,75.586,0.5,0.0,-1.089,12.4128,-45.6,-80.10000000000001,5.742,0,0.0,-0.545,310.14000000000004,-0.9485,33.480000000000004,0.0,81.465,0.0,0
46938,-1.194,75.586,0.0,0.0,-1.089,11.966600000000001,-42.0,-80.3,5.742,0,0.0,-0.5650000000000001,309.915,1.732,33.45,0.0,80.664,0.0,0
46938,-1.364,75.586,-0.5,0.0,-1.089,11.5358,-42.0,-80.10000000000001,5.742,0,0.0,-0.555,309.915,-1.8310000000000002,34.29,0.0,79.863,0.0,0
46938,-1.0230000000000001,75.586,0.0,0.0,-1.089,11.1056,-42.0,-79.8,5.742,0,1.0,-0.595,310.005,-1.798,35.13,0.0,79.063,0.0,0
46938,-1.364,75.586,-0.5,0.0,-1.089,10.6867,-38.4,-79.8,5.742,0,0.0,-0.605,310.14000000000004,6.029100000000001,36.03,0.0,78.262,0.0,0
46938,-1.364,75.586,0.0,0.0,-1.089,10.2924,-38.4,-80.10000000000001,5.742,0,0.0,-0.52,310.005,1.1217000000000001,36.57,0.0,77.461,0.0,0
46938,-1.364,75.586,0.5,0.0,-1.089,9.898200000000001,-38.4,-80.10000000000001,5.742,0,0.0,-0.53,310.14000000000004,-0.6186,35.910000000000004,0.0,76.66,0.0,0
46938,-1.194,75.586,-0.5,0.0,-1.089,9.5058,-37.1,-79.8,5.742,0,0.0,-0.56,310.005,1.7155,35.58,0.0,75.85900000000001,0.0,0
46938,-1.194,75.586,-0.5,0.0,-1.089,9.1468,-35.0,-79.8,5.742,0,1.0,-0.54,310.005,1.4516,35.160000000000004,0.0,75.059,0.0,0
46938,-1.364,75.586,0.5,0.0,-1.089,8.7874,-35.0,-79.60000000000001,5.742,0,0.0,-0.5,310.005,-3.1424000000000003,35.550000000000004,0.0,74.25800000000001,0.0,0
46938,-1.194,75.586,-0.5,0.0,-1.089,8.427900000000001,-35.0,-80.10000000000001,5.742,0,0.0,-0.56,310.005,-1.9795,35.82,0.0,73.45700000000001,0.0,0
46938,-1.194,75.586,-0.5,0.0,-1.089,8.0944,-31.700000000000003,-80.3,5.742,0,1.0,-0.545,310.005,-3.2331000000000003,35.31,0.0,72.656,0.0,0
46938,-1.194,75.586,-0.5,0.0,-1.089,7.7681000000000004,-32.2,-80.10000000000001,5.742,0,0.0,-0.5,310.005,-0.132,33.84,0.0,71.855,0.0,0
46938,-1.364,75.586,-0.5,0.0,-1.089,7.442200000000001,-31.8,-79.8,5.742,0,0.0,-0.54,310.005,1.1877,33.18,0.0,71.055,0.0,0
46938,-1.364,75.586,0.0,0.0,-1.089,7.1318,-28.700000000000003,-80.3,5.742,0,0.0,-0.495,310.14000000000004,-0.42060000000000003,32.22,0.0,70.254,0.0,0
46938,-1.194,75.586,-0.5,0.0,-1.089,6.8368,-28.700000000000003,-79.8,5.742,0,0.0,-0.54,310.005,1.5176,33.24,0.0,69.453,0.0,0
46938,-0.853,75.586,0.0,0.0,-1.089,6.8081000000000005,-28.700000000000003,-79.8,5.742,0,0.0,-0.555,310.005,1.4516,33.54,0.0,69.375,0.0,0
46938,-1.5350000000000001,75.586,0.5,0.0,-1.089,6.5131000000000006,-28.700000000000003,-80.3,5.742,0,0.0,-0.535,310.14000000000004,2.2764,35.64,0.0,68.574,0.0,0
46938,-1.0230000000000001,75.586,0.0,0.0,-1.089,6.228000000000001,-26.200000000000003,-79.60000000000001,5.742,0,0.0,-0.47500000000000003,310.14000000000004,-0.132,36.39,0.0,67.77300000000001,0.0,0
46938,-1.364,75.586,0.0,0.0,-1.089,5.9629,-25.8,-80.10000000000001,5.742,0,0.0,-0.59,310.14000000000004,5.4435,36.51,0.0,66.973,0.0,0
46938,-1.194,75.586,0.0,0.0,-1.089,5.697500000000001,-25.8,-79.8,5.742,0,0.0,-0.5700000000000001,309.915,-3.2991,36.15,0.0,66.172,0.0,0
46938,-1.0230000000000001,75.586,0.0,0.0,-1.089,5.433800000000001,-24.1,-80.10000000000001,5.742,0,0.0,-0.55,310.005,-6.7632,34.74,0.0,65.37100000000001,0.0,0
46938,-1.0230000000000001,75.586,-0.5,0.0,-1.089,5.1961,-23.1,-79.8,5.742,0,0.0,-0.54,310.005,-3.2991,33.78,0.0,64.57000000000001,0.0,0
46938,-1.364,75.586,0.0,0.0,-1.089,4.9587,-23.200000000000003,-80.3,5.742,0,0.0,-0.56,310.005,4.9487000000000005,33.81,0.0,63.77,0.0,0
46938,-1.5350000000000001,75.586,0.0,0.0,-1.089,4.7211,-28.700000000000003,-79.8,5.742,0,0.0,-0.535,310.14000000000004,4.0909,34.77,0.0,62.969,0.0,0
46938,-1.364,75.586,-0.5,0.0,-1.089,4.5039,-25.900000000000002,-79.8,5.742,0,1.0,-0.525,310.14000000000004,-3.2661000000000002,34.62,0.0,62.168000000000006,0.0,0
46938,-1.5350000000000001,75.586,0.0,0.0,-1.089,4.2921000000000005,-25.900000000000002,-80.10000000000001,5.742,0,0.0,-0.55,310.005,-0.2639,34.53,0.0,61.367000000000004,0.0,0
46938,-1.194,75.586,-0.5,0.0,-1.089,4.0804,-25.900000000000002,-79.8,5.742,0,0.0,-0.58,310.14000000000004,0.2639,33.6,0.0,60.566,0.0,0
46938,-1.194,75.586,0.0,0.0,-1.089,3.8859000000000004,-18.3,-80.10000000000001,5.742,0,1.0,-0.53,310.005,-1.5836000000000001,32.7,0.0,59.785000000000004,0.0,0
46938,-1.364,75.586,0.0,0.0,-1.089,3.6983,-18.5,-79.8,5.742,0,0.0,-0.48,310.14000000000004,3.0682,32.79,0.0,58.984,0.0,0
46938,-1.364,75.586,-0.5,0.0,-1.089,3.511,-18.3,-80.10000000000001,5.742,0,0.0,-0.495,310.005,-2.5073000000000003,34.86,0.0,58.184000000000005,0.0,0
46938,-1.364,75.586,0.0,0.0,-1.089,3.3284000000000002,-16.1,-80.3,5.742,0,0.0,-0.58,310.14000000000004,-0.8908,35.730000000000004,0.0,57.383,0.0,0
46938,-1.0230000000000001,75.586,0.0,0.0,-1.089,3.1632000000000002,-16.1,-80.3,5.742,0,0.0,-0.525,310.14000000000004,4.486800000000001,35.94,0.0,56.582,0.0,0
46938,-1.364,75.586,0.0,0.0,-1.089,2.9981,-16.0,-80.10000000000001,5.742,0,0.0,-0.51,309.915,1.3856000000000002,35.19,0.0,55.781000000000006,0.0,0
46938,-1.0230000000000001,75.586,0.0,0.0,-1.089,2.8329,-16.3,-79.8,5.742,0,0.0,-0.525,310.005,-6.334300000000001,34.95,0.0,54.980000000000004,0.0,0
46938,-1.364,75.586,0.0,0.0,-1.089,2.8178,-15.100000000000001,-80.10000000000001,5.742,0,0.0,-0.545,310.005,-6.1776,34.95,0.0,54.902,0.0,0
46938,-1.194,75.586,0.0,0.0,-1.089,2.6734,-14.100000000000001,-80.9,5.742,0,0.0,-0.515,310.14000000000004,0.2639,34.74,0.0,54.102000000000004,0.0,0
46938,-1.364,75.586,0.0,0.0,-1.089,2.5289,-14.100000000000001,-80.10000000000001,5.742,0,1.0,-0.535,310.14000000000004,7.5467,34.71,0.0,53.301,0.0,0
46938,-1.194,75.586,0.0,0.0,-1.089,2.3843,-14.100000000000001,-80.10000000000001,5.742,0,0.0,-0.54,310.14000000000004,5.1219,34.83,0.0,52.5,0.0,0
46938,-1.364,75.586,0.5,0.0,-1.089,2.2545,-12.200000000000001,-79.8,5.742,0,0.0,-0.55,310.005,-0.767,34.53,0.0,51.699000000000005,0.0,0
46938,-0.853,75.586,0.5,0.0,-1.089,2.1289000000000002,-12.4,-80.10000000000001,5.742,0,0.0,-0.545,310.005,-5.7157,34.5,0.0,50.898,0.0,0
46938,-1.364,75.586,-0.5,0.0,-1.089,2.0034,-12.200000000000001,-80.3,5.742,0,0.0,-0.55,310.005,-1.3609,34.08,0.0,50.098,0.0,0
46938,-0.853,75.586,0.0,0.0,-1.089,1.8865,-10.5,-80.10000000000001,5.742,0,0.0,-0.53,310.14000000000004,1.7815,33.72,0.0,49.297000000000004,0.0,0
46938,-1.364,75.586,0.0,0.0,-1.089,1.7781,-10.6,-80.60000000000001,5.742,0,0.0,-0.535,310.005,-2.5733,33.96,0.0,48.496,0.0,0
46938,-1.364,75.586,-0.5,0.0,-1.089,1.6697000000000002,-10.6,-80.10000000000001,5.742,0,0.0,-0.56,310.005,-1.7568000000000001,34.29,0.0,47.695,0.0,0
46938,-1.194,75.586,-0.5,0.0,-1.089,1.5651000000000002,-9.1,-80.10000000000001,5.742,0,0.0,-0.53,310.005,-3.8682000000000003,34.5,0.0,46.895,0.0,0
46938,-1.364,75.586,0.0,0.0,-1.089,1.4724000000000002,-9.1,-80.60000000000001,5.742,0,0.0,-0.48,310.005,-0.39590000000000003,35.37,0.0,46.094,0.0,0
46938,-1.194,75.586,0.0,0.0,-1.089,1.3797000000000001,-9.1,-80.3,5.742,0,0.0,-0.515,310.005,-0.2639,35.82,0.0,45.293,0.0,0
46938,-1.364,75.586,0.0,0.0,-1.089,1.2871000000000001,-9.0,-80.3,5.742,0,1.0,-0.54,310.005,-0.8083,36.0,0.0,44.492000000000004,0.0,0
46938,-1.5350000000000001,75.586,-0.5,0.0,-1.089,1.2079,-7.7,-79.8,5.742,0,0.0,-0.61,310.14000000000004,0.899,36.09,0.0,43.691,0.0,0
46938,-1.364,75.586,0.0,0.0,-1.089,1.1293,-7.7,-80.10000000000001,5.742,0,0.0,-0.5700000000000001,309.915,1.2702,35.46,0.0,42.891000000000005,0.0,0
46938,-1.0230000000000001,75.586,0.5,0.0,-1.089,1.1217000000000001,-7.6000000000000005,-80.10000000000001,5.742,0,0.0,-0.595,309.915,0.9238000000000001,35.43,0.0,42.813,0.0,0
46938,-1.5350000000000001,75.586,0.0,0.0,-1.089,1.0431000000000001,-7.6000000000000005,-80.10000000000001,5.742,0,0.0,-0.535,310.14000000000004,1.7485000000000002,34.56,0.0,42.012,0.0,0
46938,-0.853,75.586,0.0,0.0,-1.089,0.9743,-6.4,-77.8,5.742,0,0.0,-0.545,310.005,1.1877,34.05,0.0,41.211,0.0,0
46938,-0.853,75.586,0.5,0.0,-1.452,0.9163,-4.8,-61.300000000000004,5.742,0,1.0,-0.54,310.005,1.7815,33.96,0.0,40.508,0.0,0
46938,-1.194,75.586,0.5,0.0,-1.573,0.8776,-3.3000000000000003,-36.300000000000004,5.742,0,0.0,-0.5750000000000001,310.14000000000004,-2.3754,34.32,0.0,40.039,0.0,0
46938,-1.364,75.586,0.0,0.0,-1.089,0.8567,-1.6,-15.0,5.742,0,0.0,-0.535,310.005,-1.5836000000000001,34.77,0.0,39.785000000000004,0.0,0
46938,-1.194,75.586,0.5,0.0,-0.242,0.8503000000000001,0.0,-7.6000000000000005,5.742,0,0.0,-0.5700000000000001,310.005,0.132,34.86,0.0,39.707,0.0,0
46938,-0.853,75.586,0.5,0.0,0.121,0.8164,-6.5,-80.9,5.742,0,0.0,-0.5,310.14000000000004,2.6393,35.43,0.0,39.297000000000004,0.0,0
46938,-1.364,75.586,0.0,0.0,5.989,0.7069000000000001,-16.1,-229.10000000000002,5.742,0,0.0,-0.665,310.005,-0.7918000000000001,35.550000000000004,0.0,37.715,0.0,0
46938,-1.5350000000000001,75.586,0.0,0.0,23.474,0.5119,-22.0,-395.70000000000005,5.742,0,1.0,-0.905,310.005,-2.3754,36.03,0.0,34.492000000000004,0.0,0
46938,-0.853,75.586,0.0,0.0,72.114,0.306,-19.2,-523.6,5.742,0,2.0,-0.515,310.005,-0.39590000000000003,35.49,0.0,29.785,0.0,0
46938,-1.0230000000000001,75.586,0.5,0.0,220.15200000000002,0.1504,-12.600000000000001,-569.6,5.742,0,4.0,-0.59,310.005,0.7918000000000001,36.18,0.0,24.219,0.0,0
46938,-0.512,75.586,0.5,0.0,354.76,0.061900000000000004,-7.1000000000000005,-553.6,5.742,0,2.0,-0.425,310.005,1.7155,35.910000000000004,0.0,18.594,0.0,0
46938,-0.853,75.586,0.5,0.0,409.33,0.0204,-3.0,-483.1,5.742,0,2.0,-1.1,310.23,2.4743,36.27,0.0,13.379000000000001,0.0,0
46938,-1.5350000000000001,75.586,-0.5,0.0,449.19800000000004,0.005200000000000001,-0.8,-349.90000000000003,5.742,0,3.0,-0.58,310.005,-1.7155,35.58,0.0,9.238000000000001,0.0,0
46938,-1.0230000000000001,75.586,0.0,0.0,458.636,0.001,-0.2,-196.5,5.742,0,0.0,-0.525,310.005,1.8475000000000001,34.59,0.0,6.582000000000001,0.0,0
46938,-1.194,75.586,-0.5,0.0,458.636,0.0009000000000000001,-0.1,-183.3,5.742,0,0.0,-0.555,310.005,0.7918000000000001,34.56,0.0,6.406000000000001,0.0,0
46938,-0.853,75.586,0.5,0.0,462.326,0.0001,0.0,-62.800000000000004,5.742,0,2.0,-0.47500000000000003,310.005,0.5031,33.57,0.0,5.273000000000001,0.0,0
46938,-1.194,75.586,0.0,0.0,462.205,0.0,0.0,-10.700000000000001,5.742,0,1.0,-0.47500000000000003,310.005,-5.1466,33.9,0.0,5.0,0.0,0
46938,-1.0230000000000001,75.586,0.0,0.0,462.266,0.0,0.0,-3.0,5.742,0,0.0,-0.38,310.23,3.2579000000000002,34.14,0.0,4.961,0.0,0
46938,-1.364,75.586,0.0,0.0,462.266,0.0,0.0,3.3000000000000003,5.742,0,0.0,-0.41500000000000004,310.14000000000004,7.588,35.13,0.0,4.961,0.0,0
46938,-1.194,75.586,0.0,0.0,461.902,0.0,0.0,0.2,5.742,0,1.0,-0.425,310.005,0.8578,36.300000000000004,0.0,4.98,0.0,0
46938,-1.0230000000000001,75.586,0.0,0.0,461.842,0.0,0.0,0.2,5.742,0,0.0,-0.425,310.14000000000004,-4.4208,38.28,0.0,4.98,0.0,0
46938,-0.853,75.586,-0.5,0.0,461.6,0.0,0.0,0.0,5.742,0,0.0,-0.425,310.005,-4.1981,37.83,0.0,4.98,0.0,0
46938,-0.853,75.586,0.0,0.0,461.66,0.0,0.0,0.0,5.742,0,0.0,-0.41500000000000004,310.14000000000004,2.0455,70.02,0.0,4.98,0.0,0
46938,-1.364,75.586,0.5,0.0,461.298,0.0,0.0,0.0,5.742,0,0.0,-0.41500000000000004,310.14000000000004,0.3299,114.0,0.0,4.98,0.0,0
46938,-0.853,75.586,0.0,0.0,461.056,0.0,0.0,0.0,5.742,0,0.0,-0.41500000000000004,310.005,0.19790000000000002,91.47,0.0,4.98,0.0,0
46938,-1.194,75.586,0.0,0.0,460.874,0.0,0.0,0.0,5.742,0,1.0,-0.47000000000000003,310.14000000000004,-1.3856000000000002,75.93,0.0,4.98,0.0,0
46938,-1.194,75.586,0.0,0.0,461.177,0.0,0.0,0.0,5.742,0,1.0,-0.455,310.14000000000004,0.39590000000000003,121.74000000000001,3.5802712440490723,4.98,0.0,0
46938,-0.853,75.586,0.5,0.0,460.995,0.0,0.0,0.0,5.742,0,0.0,-0.4,310.14000000000004,1.7568000000000001,10.83,3.5802712440490723,4.98,0.0,0
46938,-1.194,75.586,0.0,0.0,460.753,0.0,0.0,0.0,5.742,0,0.0,-0.4,310.005,0.2639,0.45,3.5802712440490723,4.98,0.0,0
46938,-1.0230000000000001,75.586,0.0,0.0,460.874,0.0,0.0,0.0,5.742,0,1.0,-0.46,310.14000000000004,-0.46190000000000003,0.0,3.5802712440490723,4.98,0.0,0
46938,-1.0230000000000001,75.586,0.0,0.0,460.753,0.0,0.0,0.0,5.742,0,0.0,-0.435,310.14000000000004,-2.1774,0.0,3.5802712440490723,4.98,0.0,0
46938,-1.0230000000000001,75.586,0.0,0.0,460.572,0.0,0.0,0.0,5.742,0,0.0,-0.445,310.14000000000004,2.3506,20.34,6.38881778717041,4.98,0.0,0
46938,-0.853,75.586,0.5,0.0,460.632,0.0,0.0,0.0,5.742,0,1.0,-0.365,310.23,4.8662,244.95000000000002,6.405917644500732,4.98,0.0,0
46938,-0.853,75.586,-0.5,0.0,460.693,0.0,0.0,0.0,5.742,0,0.0,-0.41500000000000004,310.14000000000004,2.9692000000000003,540.1800000000001,7.899967193603516,4.98,0.0,0
46938,-1.194,75.586,0.0,0.0,460.572,0.0,0.0,0.0,5.742,0,2.0,-0.435,310.14000000000004,-4.024900000000001,840.0,11.607855796813965,4.98,0.0,0
46938,-0.682,75.586,0.0,0.0,460.027,0.0,0.0,0.0,5.742,0,0.0,-0.465,310.14000000000004,0.0825,1140.0,17.81458854675293,4.98,0.0,0
46938,-0.682,75.586,-0.5,0.0,460.208,0.0,0.0,0.0,5.742,0,2.0,-0.41500000000000004,310.14000000000004,0.0,1420.68,21.13804054260254,4.98,0.0,0
46938,0.512,75.586,0.0,0.0,460.512,0.0,0.0,0.0,5.742,0,1.0,-0.43,310.005,-6.243600000000001,1498.05,24.87537956237793,4.98,0.0,0
46938,0.512,75.586,0.0,0.0,460.087,0.0,0.0,0.2,5.742,0,1.0,-0.4,310.005,-2.664,1442.4,29.651081085205078,4.98,0.0,0
46938,0.512,75.586,0.0,0.0,459.725,0.0,0.0,0.0,5.742,0,0.0,-0.41000000000000003,310.005,-0.17320000000000002,1263.45,34.10662841796875,4.98,0.0,0
46938,1.194,75.586,0.0,0.0,459.241,0.0,0.0,0.0,5.742,0,0.0,-0.445,309.915,-4.8662,1084.59,35.4078254699707,4.98,0.0,0
46938,1.705,75.586,0.0,0.0,459.18,0.0,0.0,0.0,5.742,0,1.0,-0.4,309.915,-6.3838,912.27,35.4078254699707,4.98,0.0,0
46938,1.8760000000000001,75.586,0.0,0.0,459.059,0.0,0.0,0.0,5.742,0,0.0,-0.395,309.915,-3.6785,680.82,35.4078254699707,4.98,0.0,0
46938,2.0460000000000003,75.586,0.0,0.0,459.12,0.0,0.0,0.0,5.742,0,0.0,-0.435,309.825,-2.3589,345.93,35.4078254699707,4.98,0.0,0
46938,1.5350000000000001,75.586,0.0,0.0,459.059,0.0,0.0,0.0,5.742,0,-1.0,-0.42,309.825,-1.5671000000000002,165.66,35.4078254699707,4.98,0.0,0
46938,1.5350000000000001,75.586,0.5,0.0,459.059,0.0,0.0,0.0,5.742,0,1.0,-0.4,309.825,-1.5836000000000001,157.08,35.4078254699707,4.98,0.0,0
46938,1.364,75.586,0.0,0.0,459.18,0.0,0.0,0.0,5.742,0,1.0,-0.41000000000000003,309.915,-1.5836000000000001,-480.0,35.4078254699707,4.98,0.0,0
46938,1.5350000000000001,75.586,0.0,0.0,458.878,0.0,0.0,0.0,5.742,0,1.0,-0.43,309.69,-3.2991,-480.0,35.4078254699707,4.98,0.0,0
46938,1.194,75.586,0.0,0.0,458.636,0.0,0.0,0.0,5.742,0,0.0,-0.405,309.825,-0.2639,-480.0,35.4078254699707,4.98,0.0,0
46938,1.194,75.586,-0.5,0.0,458.575,0.0,0.0,0.0,5.742,0,-1.0,-0.425,309.915,0.9238000000000001,-480.0,35.4078254699707,4.98,0.0,0
46938,16.712,75.43900000000001,-36.6,0.0,458.272,0.0,0.0,0.0,5.742,0,4.0,-0.43,309.825,0.4289,-480.0,35.4078254699707,4.98,0.0,0
46938,42.633,74.727,-107.30000000000001,-1.0,458.878,0.0,0.0,0.0,5.742,0,12.0,-0.41000000000000003,309.915,2.3754,-245.61,35.4078254699707,4.98,0.0,0
46938,71.964,73.21300000000001,-188.70000000000002,-1.0,459.059,0.0,0.0,0.0,5.742,0,27.0,-0.47500000000000003,309.915,-1.0557,233.04,35.4078254699707,4.98,0.0,0
46938,148.532,70.977,-248.20000000000002,-1.0,458.878,0.0,0.0,0.0,5.742,0,43.0,-0.465,309.915,0.9238000000000001,203.67000000000002,35.4078254699707,4.98,0.0,0
46938,262.446,68.262,-288.3,-1.0,459.059,0.0,0.0,0.0,5.742,0,55.0,-0.485,309.915,5.0147,5.58,35.4078254699707,4.98,0.0,0
46938,416.946,65.43900000000001,-274.6,-1.0,458.514,0.0,0.0,0.0,5.742,0,60.0,-0.47000000000000003,309.915,1.3196,-187.65,35.4078254699707,4.98,0.0,0
46938,625.504,62.676,-277.2,-1.0,458.151,0.0,0.0,0.0,5.742,0,70.0,-0.455,309.915,0.0,-155.64000000000001,35.4078254699707,4.98,0.0,0
46938,835.939,59.902,-274.6,0.0,458.031,0.0,0.0,0.0,5.742,0,72.0,-0.44,309.69,-5.938400000000001,-2.0100000000000002,35.4078254699707,4.98,0.0,0
46938,1031.195,57.148,-273.6,0.0,458.212,0.0,0.0,0.0,5.742,0,71.0,-0.425,309.915,-1.3196,97.86,35.4078254699707,4.98,0.0,0
46938,1211.957,54.404,-266.0,0.0,458.697,0.0,0.0,0.0,5.742,0,67.0,-0.315,310.14000000000004,7.9179,131.16,35.4078254699707,4.98,0.0,0
46938,1367.481,51.846000000000004,-246.70000000000002,0.0,458.454,0.0,0.0,0.0,5.742,0,72.0,-0.28,309.915,6.4333,115.05,35.4078254699707,4.98,0.0,0
46938,1483.441,49.521,-225.8,0.0,457.668,0.0,0.0,0.0,5.742,0,73.0,-0.145,310.005,-0.132,75.78,35.4078254699707,4.98,0.0,0
46938,1564.443,47.354,-208.5,0.0,457.547,0.0,0.0,0.0,5.737,0,69.0,0.025,310.14000000000004,2.9032,36.69,35.4078254699707,4.98,0.0,0
46938,1619.0130000000001,45.283,-193.3,0.0,458.031,0.0,0.0,0.0,5.737,0,76.0,0.11,310.005,6.7302,12.06,35.4078254699707,4.98,0.0,0
46938,1633.508,43.438,-180.0,0.0,458.212,0.0,0.0,0.0,5.737,0,73.0,0.39,310.14000000000004,3.0682,6.87,35.4078254699707,4.98,0.0,0
46938,1617.99,41.709,-169.9,0.0,457.91,0.0,0.0,0.0,5.737,0,68.0,0.605,310.005,-2.9032,14.82,35.4078254699707,4.98,0.0,0
46938,1594.115,40.02,-163.70000000000002,0.0,458.151,0.0,0.0,0.0,5.737,0,76.0,0.74,310.14000000000004,-0.3629,28.68,35.4078254699707,4.98,0.0,0
46938,1563.249,38.389,-161.70000000000002,0.0,457.97,0.0,0.0,0.0,5.732,0,66.0,0.9400000000000001,310.005,-1.9795,40.35,35.4078254699707,4.98,0.0,0
46938,1533.236,36.797000000000004,-157.1,0.0,458.031,0.0,0.0,0.0,5.732,0,68.0,0.85,310.14000000000004,2.2764,45.36,35.4078254699707,4.98,0.0,0
46938,1506.122,35.215,-154.1,0.0,458.212,0.0,0.0,0.0,5.732,0,67.0,0.89,310.14000000000004,3.1672000000000002,45.99,35.4078254699707,4.98,0.0,0
46938,1480.713,33.662,-158.1,0.0,458.212,0.0,0.0,0.0,5.732,0,67.0,0.91,310.14000000000004,1.4846000000000001,41.79,35.4078254699707,4.98,0.0,0
46938,1458.885,32.109,-153.6,0.0,458.272,0.0,0.0,0.0,5.732,0,56.0,0.9500000000000001,310.005,-2.7713,38.1,35.4078254699707,4.98,0.0,0
46938,1421.709,30.703000000000003,-107.30000000000001,0.0,458.091,0.0,0.0,0.0,5.732,0,57.0,0.9400000000000001,310.005,-4.651800000000001,36.12,35.4078254699707,4.98,0.0,0
46938,1413.694,30.605,-96.60000000000001,0.0,458.091,0.0,0.0,0.0,5.732,0,57.0,0.975,310.005,-4.923900000000001,35.94,35.4078254699707,4.98,0.0,0
46938,1270.961,30.107000000000003,-12.700000000000001,0.0,458.031,0.0,0.0,0.0,5.732,0,60.0,0.925,310.005,-3.1424000000000003,34.800000000000004,35.4078254699707,4.98,0.0,0
46938,1058.821,30.127000000000002,-4.5,2.0,457.849,0.0,0.0,0.0,5.732,0,13.0,0.96,309.915,-4.2064,34.14,35.4078254699707,4.98,0.0,0
46938,903.639,30.039,-9.1,2.0,457.789,0.0,0.0,0.0,5.732,0,3.0,0.96,310.005,-4.024900000000001,34.53,35.4078254699707,4.98,0.0,0
46938,785.6320000000001,29.951,-8.1,1.0,457.97,0.0,0.0,0.0,5.732,0,4.0,0.995,310.005,0.7918000000000001,35.550000000000004,35.4078254699707,4.98,0.0,0
46938,693.716,29.863000000000003,-9.1,0.0,458.091,0.0,0.0,0.0,5.732,0,12.0,0.975,310.005,4.6683,36.24,35.4078254699707,4.98,0.0,0
46938,619.195,29.775000000000002,-8.6,-1.0,457.97,0.0,0.0,0.0,5.732,0,29.0,1.02,310.005,-1.6496000000000002,36.54,35.4078254699707,4.98,0.0,0
46938,560.703,29.697000000000003,-7.6000000000000005,0.0,457.728,0.0,0.0,0.0,5.732,0,22.0,1.0,309.915,-2.8207,37.800000000000004,35.4078254699707,4.98,0.0,0
46938,512.613,29.609,-7.6000000000000005,0.0,457.789,0.0,0.0,0.0,5.732,0,16.0,1.04,309.915,-2.6228000000000002,38.4,35.4078254699707,4.98,0.0,0
46938,472.19800000000004,29.531000000000002,-8.6,0.0,457.849,0.0,0.0,0.0,5.732,0,11.0,1.025,309.915,-2.0949,37.53,35.4078254699707,4.98,0.0,0
46938,440.479,29.453000000000003,-8.1,0.0,458.333,0.0,0.0,0.0,5.732,0,10.0,1.025,309.915,-0.1155,37.29,35.4078254699707,4.98,0.0,0
46938,414.729,29.375,-4.5,0.0,458.878,0.0,0.0,0.0,5.732,0,14.0,0.965,309.915,-3.8270000000000004,36.39,35.4078254699707,4.98,0.0,0
46938,364.252,29.521,22.3,0.0,458.39300000000003,0.0,0.0,0.0,5.732,0,8.0,1.0050000000000001,309.915,-4.4043,35.88,35.4078254699707,4.98,0.0,0
46938,325.712,29.629,3.5,1.0,457.91,0.0,0.0,0.0,5.732,0,-3.0,1.01,309.915,0.3299,35.910000000000004,35.4078254699707,4.98,0.0,0
46938,308.83,29.639000000000003,0.0,1.0,458.151,0.0,0.0,0.0,5.732,0,-16.0,1.03,309.915,3.0847,35.82,35.4078254699707,4.98,0.0,0
46938,299.28000000000003,29.619,-3.5,0.0,458.333,0.0,0.0,0.0,5.732,0,-11.0,0.965,309.915,-0.2639,36.21,35.4078254699707,4.98,0.0,0
46938,292.8,29.561,-8.1,-1.0,458.212,0.0,0.0,0.0,5.732,0,-2.0,0.995,309.825,-0.7918000000000001,36.15,35.4078254699707,4.98,0.0,0
46938,289.219,29.473000000000003,-8.1,-2.0,458.091,0.0,0.0,0.0,5.732,0,23.0,0.98,309.915,0.2639,35.67,35.4078254699707,4.98,0.0,0
46938,284.956,29.395000000000003,-7.6000000000000005,-1.0,457.91,0.0,0.0,0.0,5.732,0,33.0,0.995,309.825,-1.3032000000000001,35.49,35.4078254699707,4.98,0.0,0
46938,284.444,29.385,-7.6000000000000005,-1.0,457.91,0.0,0.0,0.0,5.732,0,33.0,0.985,309.825,-1.5836000000000001,35.64,35.4078254699707,4.98,0.0,0
46938,281.375,29.307000000000002,-8.1,0.0,458.091,0.0,0.0,0.0,5.732,0,14.0,0.99,309.915,-1.1217000000000001,36.42,35.4078254699707,4.98,0.0,0
46938,277.794,29.229000000000003,-7.6000000000000005,1.0,458.39300000000003,0.0,0.0,0.0,5.732,0,13.0,0.99,310.005,1.5836000000000001,36.75,35.4078254699707,4.98,0.0,0
46938,274.04200000000003,29.150000000000002,-8.1,0.0,458.636,0.0,0.0,0.0,5.732,0,6.0,0.995,309.915,2.0455,37.38,35.4078254699707,4.98,0.0,0
46938,272.337,29.072000000000003,-8.1,0.0,458.636,0.0,0.0,0.0,5.732,0,7.0,0.995,309.825,-2.3754,37.29,35.4078254699707,4.98,0.0,0
46938,269.949,28.984,-8.1,0.0,458.212,0.0,0.0,0.0,5.732,0,8.0,0.96,309.825,-2.5073000000000003,37.74,35.4078254699707,4.98,0.0,0
46938,267.903,28.906000000000002,-8.1,0.0,457.728,0.0,0.0,0.0,5.732,0,10.0,0.98,309.915,1.0557,36.72,35.4078254699707,4.98,0.0,0
46938,266.027,28.828000000000003,-8.6,0.0,458.031,0.0,0.0,0.0,5.732,0,11.0,1.0,309.915,0.9897,36.03,35.4078254699707,4.98,0.0,0
46938,264.492,28.75,-7.6000000000000005,0.0,458.212,0.0,0.0,0.0,5.732,0,11.0,0.965,309.825,-0.2639,35.79,35.4078254699707,4.98,0.0,0
46938,263.128,28.672,-8.1,0.0,458.272,0.0,0.0,0.0,5.732,0,11.0,0.97,309.825,-0.46190000000000003,35.25,35.4078254699707,4.98,0.0,0
46938,261.252,28.594,-8.6,0.0,458.333,0.0,0.0,0.0,5.732,0,11.0,0.985,309.825,-0.5279,35.160000000000004,35.4078254699707,4.98,0.0,0
46938,260.57,28.506,-8.1,0.0,458.031,0.0,0.0,0.0,5.732,0,10.0,0.975,309.69,-2.5403000000000002,35.43,35.4078254699707,4.98,0.0,0
46938,259.717,28.428,-8.1,0.0,457.607,0.0,0.0,0.0,5.732,0,11.0,0.9450000000000001,309.915,-1.7155,34.980000000000004,35.4078254699707,4.98,0.0,0
46938,258.694,28.35,-7.6000000000000005,0.0,457.91,0.0,0.0,0.0,5.732,0,10.0,1.01,309.915,3.8930000000000002,35.7,35.4078254699707,4.98,0.0,0
46938,258.012,28.271,-8.1,0.0,457.849,0.0,0.0,0.0,5.732,0,11.0,0.98,309.825,2.7713,36.57,35.4078254699707,4.98,0.0,0
46938,257.5,28.193,-7.6000000000000005,0.0,457.728,0.0,0.0,0.0,5.732,0,10.0,1.0150000000000001,309.915,-0.5279,36.96,35.4078254699707,4.98,0.0,0
46938,256.98900000000003,28.115000000000002,-7.1000000000000005,0.0,458.151,0.0,0.0,0.0,5.732,0,10.0,0.99,310.005,2.6393,37.56,35.4078254699707,4.98,0.0,0
46938,256.818,28.037000000000003,-7.6000000000000005,0.0,457.91,0.0,0.0,0.0,5.732,0,11.0,0.995,309.825,-1.0557,36.99,35.4078254699707,4.98,0.0,0
46938,256.307,27.949,-7.6000000000000005,0.0,458.091,0.0,0.0,0.0,5.732,0,10.0,0.98,309.915,-0.5279,36.78,35.4078254699707,4.98,0.0,0
46938,255.79500000000002,27.871000000000002,-8.1,0.0,458.212,0.0,0.0,-0.2,5.732,0,11.0,1.01,309.915,-0.46190000000000003,36.09,35.4078254699707,4.98,0.0,0
46938,255.966,27.793000000000003,-8.6,0.0,458.212,0.0,0.0,0.0,5.732,0,10.0,1.0,309.825,-1.0557,35.85,35.4078254699707,4.98,0.0,0
46938,255.966,27.715,-8.6,0.0,458.031,0.0,0.0,0.0,5.732,0,10.0,0.97,309.915,1.0557,34.77,35.4078254699707,4.98,0.0,0
46938,255.966,27.637,-8.1,0.0,457.668,0.0,0.0,0.0,5.732,0,11.0,0.9500000000000001,309.915,2.1114,34.59,35.4078254699707,4.98,0.0,0
46938,256.307,27.559,-7.6000000000000005,0.0,457.789,0.0,0.0,0.0,5.732,0,10.0,0.965,309.915,-1.6496000000000002,34.02,35.4078254699707,4.98,0.0,0
46938,255.79500000000002,27.48,-7.6000000000000005,0.0,457.849,0.0,0.0,0.0,5.732,0,10.0,0.98,310.005,1.8475000000000001,33.84,35.4078254699707,4.98,0.0,0
46938,256.307,27.393,-8.6,0.0,457.789,0.0,0.0,0.0,5.732,0,10.0,0.975,309.915,3.6950000000000003,33.93,35.4078254699707,4.98,0.0,0
46938,256.307,27.314,-7.1000000000000005,0.0,457.849,0.0,0.0,0.0,5.732,0,10.0,0.965,309.915,-1.5836000000000001,35.04,35.4078254699707,4.98,0.0,0
46938,256.648,27.236,-7.6000000000000005,0.0,458.031,0.0,0.0,0.0,5.732,0,11.0,0.995,309.825,-3.0352,36.0,35.4078254699707,4.98,0.0,0
46938,256.648,27.227,-7.6000000000000005,0.0,458.031,0.0,0.0,0.0,5.732,0,11.0,1.0050000000000001,309.825,-2.7383,36.15,35.4078254699707,4.98,0.0,0
46938,257.159,27.148,-8.1,0.0,457.668,0.0,0.0,0.0,5.732,0,10.0,0.985,309.915,0.6598,37.38,35.4078254699707,4.98,0.0,0
46938,257.33,27.07,-7.1000000000000005,0.0,457.728,0.0,0.0,0.0,5.732,0,11.0,0.9400000000000001,310.005,1.8310000000000002,37.26,35.4078254699707,4.98,0.0,0
46938,257.5,26.992,-7.6000000000000005,0.0,458.091,0.0,0.0,0.0,5.732,0,11.0,0.935,309.825,1.4516,36.33,35.4078254699707,4.98,0.0,0
46938,257.841,26.914,-8.6,0.0,457.91,0.0,0.0,0.0,5.732,0,11.0,1.02,309.915,-0.39590000000000003,35.76,35.4078254699707,4.98,0.0,0
46938,258.353,26.836000000000002,-8.1,0.0,457.97,0.0,0.0,0.0,5.732,0,10.0,0.9550000000000001,309.915,-1.0392000000000001,34.95,35.4078254699707,4.98,0.0,0
46938,258.694,26.748,-8.1,0.0,457.849,0.0,0.0,0.0,5.732,0,10.0,0.915,309.915,1.7155,35.01,35.4078254699707,4.98,0.0,0
46938,259.035,26.67,-7.6000000000000005,0.0,457.849,0.0,0.0,0.0,5.732,0,11.0,0.97,309.915,-1.1877,35.49,35.4078254699707,4.98,0.0,0
46938,259.717,26.592000000000002,-7.6000000000000005,0.0,457.668,0.0,0.0,0.0,5.732,0,11.0,1.0050000000000001,309.915,-1.3196,35.160000000000004,35.4078254699707,4.98,0.0,0
46938,260.399,26.514000000000003,-8.1,0.0,457.849,0.0,0.0,0.0,5.732,0,10.0,1.0150000000000001,309.825,-0.3794,34.35,35.4078254699707,4.98,0.0,0
46938,260.399,26.436,-7.6000000000000005,0.0,458.272,0.0,0.0,-0.2,5.732,0,11.0,1.01,309.915,-1.0557,33.81,35.4078254699707,4.98,0.0,0
46938,261.082,26.357000000000003,-7.1000000000000005,0.0,457.849,0.0,0.0,0.0,5.732,0,11.0,1.0,309.825,-0.5114000000000001,33.63,35.4078254699707,4.98,0.0,0
46938,261.764,26.279,-7.1000000000000005,0.0,457.91,0.0,0.0,0.0,5.732,0,10.0,1.0,309.825,0.14850000000000002,34.44,35.4078254699707,4.98,0.0,0
46938,262.616,26.191000000000003,-8.1,0.0,458.031,0.0,0.0,0.0,5.732,0,11.0,1.0,309.825,-1.5671000000000002,36.33,35.4078254699707,4.98,0.0,0
46938,263.64,26.113,-9.1,0.0,457.849,0.0,0.0,0.0,5.732,0,11.0,0.975,309.915,0.1155,37.050000000000004,35.4078254699707,4.98,0.0,0
46938,264.663,26.035,-8.6,0.0,457.91,0.0,0.0,0.0,5.732,0,11.0,1.025,309.69,-4.1321,36.57,35.4078254699707,4.98,0.0,0
46938,265.174,25.957,-8.1,0.0,457.91,0.0,0.0,0.0,5.732,0,11.0,0.99,309.825,-1.1877,35.64,35.4078254699707,4.98,0.0,0
46938,265.856,25.879,-8.1,0.0,458.151,0.0,0.0,0.0,5.732,0,10.0,1.035,309.915,4.0909,35.160000000000004,35.4078254699707,4.98,0.0,0
46938,266.539,25.801000000000002,-8.1,0.0,458.212,0.0,0.0,0.0,5.732,0,11.0,0.985,309.915,6.2271,35.58,35.4078254699707,4.98,0.0,0
46938,267.221,25.723000000000003,-8.1,0.0,457.91,0.0,0.0,-0.2,5.732,0,11.0,1.0150000000000001,309.915,0.2474,35.88,35.4078254699707,4.98,0.0,0
46938,268.414,25.635,-8.1,0.0,458.031,0.0,0.0,-0.2,5.732,0,11.0,0.975,309.825,-1.3032000000000001,35.19,35.4078254699707,4.98,0.0,0
46938,269.267,25.557000000000002,-7.6000000000000005,0.0,457.97,0.0,0.0,0.0,5.732,0,12.0,0.99,309.825,-2.6228000000000002,34.68,35.4078254699707,4.98,0.0,0
46938,270.29,25.479000000000003,-8.1,0.0,458.031,0.0,0.0,0.0,5.732,0,10.0,1.05,309.825,-1.963,34.02,35.4078254699707,4.98,0.0,0
46938,270.972,25.400000000000002,-8.1,0.0,457.849,0.0,0.0,0.0,5.732,0,11.0,1.0050000000000001,309.825,3.0352,34.35,35.4078254699707,4.98,0.0,0
46938,271.995,25.322000000000003,-7.6000000000000005,0.0,457.849,0.0,0.0,0.2,5.732,0,10.0,0.99,309.825,0.5279,34.800000000000004,35.4078254699707,4.98,0.0,0
46938,273.36,25.244,-8.6,0.0,458.031,0.0,0.0,0.2,5.732,0,11.0,0.98,309.825,0.6598,36.27,35.4078254699707,4.98,0.0,0
46938,274.212,25.166,-8.1,0.0,457.849,0.0,0.0,0.0,5.732,0,12.0,1.045,309.825,-1.4351,37.230000000000004,35.4078254699707,4.98,0.0,0
46938,275.577,25.078000000000003,-8.1,0.0,458.091,0.0,0.0,0.2,5.732,0,10.0,1.02,309.915,1.0392000000000001,37.050000000000004,35.4078254699707,4.98,0.0,0
46938,275.747,25.078000000000003,-7.1000000000000005,0.0,458.091,0.0,0.0,0.2,5.732,0,10.0,1.01,309.915,0.9897,37.02,35.4078254699707,4.98,0.0,0
46938,276.77,25.0,-7.6000000000000005,0.0,457.849,0.0,0.0,0.2,5.732,0,11.0,1.02,309.825,0.7918000000000001,36.72,35.4078254699707,4.98,0.0,0
46938,278.135,24.912000000000003,-8.1,0.0,458.031,0.0,0.0,0.0,5.732,0,11.0,1.03,309.825,1.0557,35.910000000000004,35.4078254699707,4.98,0.0,0
46938,279.499,24.834,-8.1,0.0,457.607,0.0,0.0,0.2,5.732,0,11.0,1.025,309.915,1.5836000000000001,35.64,35.4078254699707,4.98,0.0,0
46938,280.522,24.756,-7.6000000000000005,0.0,457.547,0.0,0.0,0.0,5.732,0,11.0,1.04,309.69,-2.0125,36.03,35.4078254699707,4.98,0.0,0
46938,282.22700000000003,24.678,-7.1000000000000005,0.0,457.91,0.0,0.0,-0.2,5.732,0,11.0,1.025,309.825,-3.2991,35.64,35.4078254699707,4.98,0.0,0
46938,283.592,24.6,-7.6000000000000005,0.0,457.668,0.0,0.0,0.0,5.732,0,11.0,1.02,309.915,-1.8475000000000001,35.88,35.4078254699707,4.98,0.0,0
46938,284.956,24.521,-7.1000000000000005,0.0,457.789,0.0,0.0,0.0,5.732,0,11.0,1.03,310.005,9.2375,35.160000000000004,35.4078254699707,4.98,0.0,0
46938,286.32,24.443,-8.1,0.0,458.151,0.0,0.0,0.0,5.732,0,11.0,1.055,309.915,4.4208,34.38,35.4078254699707,4.98,0.0,0
46938,288.366,24.355,-8.1,0.0,458.212,0.0,0.0,-0.2,5.732,0,11.0,1.055,309.825,-3.6950000000000003,34.29,35.4078254699707,4.98,0.0,0
46938,290.072,24.277,-8.6,0.0,457.97,0.0,0.0,-0.2,5.732,0,12.0,1.07,310.005,-0.5279,34.71,35.4078254699707,4.98,0.0,0
46938,291.777,24.199,-8.6,0.0,457.789,0.0,0.0,-0.2,5.732,0,11.0,1.065,309.915,2.6393,35.88,35.4078254699707,4.98,0.0,0
46938,293.312,24.121000000000002,-6.6000000000000005,0.0,458.151,0.0,0.0,0.0,5.732,0,11.0,1.075,309.915,0.46190000000000003,37.29,35.4078254699707,4.98,0.0,0
46938,293.823,24.063000000000002,-6.1000000000000005,0.0,458.151,0.0,0.0,0.0,5.732,0,11.0,1.065,309.825,-3.4311000000000003,37.800000000000004,35.4078254699707,4.98,0.0,0
46938,293.823,23.994,-5.5,0.0,458.031,0.0,0.0,0.0,5.732,0,10.0,1.05,309.915,0.0,36.93,35.4078254699707,4.98,0.0,0
46938,294.164,23.936,-5.5,0.0,458.031,0.0,0.0,0.2,5.732,0,11.0,1.065,309.915,-0.2639,36.63,35.4078254699707,4.98,0.0,0
46938,293.823,23.877000000000002,-5.1000000000000005,0.0,458.091,0.0,0.0,-0.2,5.732,0,8.0,1.04,309.915,0.9897,36.39,35.4078254699707,4.98,0.0,0
46938,294.164,23.828,-5.5,0.0,458.031,0.0,0.0,-0.2,5.732,0,10.0,1.075,309.825,-2.1114,35.97,35.4078254699707,4.98,0.0,0
46938,294.505,23.77,-5.5,0.0,457.97,0.0,0.0,0.0,5.732,0,11.0,1.065,309.915,-1.0557,35.64,35.4078254699707,4.98,0.0,0
46938,294.505,23.721,-4.5,0.0,457.849,0.0,0.0,-0.2,5.732,0,12.0,1.095,309.915,0.5279,35.730000000000004,35.4078254699707,4.98,0.0,0
46938,294.505,23.662000000000003,-4.5,0.0,457.849,0.0,0.0,0.0,5.732,0,12.0,1.065,309.915,0.9897,35.49,35.4078254699707,4.98,0.0,0
46938,294.847,23.613,-5.5,0.0,458.031,0.0,0.0,0.0,5.732,0,10.0,1.075,309.825,-1.5836000000000001,34.59,35.4078254699707,4.98,0.0,0
46938,294.676,23.604000000000003,-5.1000000000000005,0.0,458.031,0.0,0.0,0.0,5.732,0,9.0,1.085,309.825,-1.5671000000000002,34.47,35.4078254699707,4.98,0.0,0
46938,294.847,23.555,-4.1000000000000005,0.0,458.333,0.0,0.0,0.0,5.732,0,9.0,1.08,310.005,0.5114000000000001,33.9,35.4078254699707,4.98,0.0,0
46938,295.188,23.516000000000002,-4.5,0.0,458.151,0.0,0.0,0.2,5.732,0,9.0,1.075,309.915,4.486800000000001,34.17,35.4078254699707,4.98,0.0,0
46938,295.188,23.467000000000002,-5.5,0.0,458.212,0.0,0.0,0.0,5.732,0,8.0,1.065,309.825,-0.2639,35.7,35.4078254699707,4.98,0.0,0
46938,295.358,23.428,-4.1000000000000005,0.0,458.091,0.0,0.0,0.0,5.732,0,10.0,1.105,309.825,-4.189900000000001,36.78,35.4078254699707,4.98,0.0,0
46938,295.358,23.379,-5.1000000000000005,0.0,457.849,0.0,0.0,0.0,5.732,0,10.0,1.085,309.825,-0.5114000000000001,37.59,35.4078254699707,4.98,0.0,0
46938,295.529,23.34,-4.1000000000000005,0.0,457.668,0.0,0.0,-0.2,5.732,0,10.0,1.07,309.915,-1.732,37.410000000000004,35.4078254699707,4.98,0.0,0
46938,295.529,23.301000000000002,-4.1000000000000005,0.0,457.728,0.0,0.0,-0.2,5.732,0,9.0,1.055,309.915,2.1114,36.87,35.4078254699707,4.98,0.0,0
46938,295.699,23.262,-3.5,0.0,457.486,0.0,0.0,0.0,5.732,0,9.0,1.065,309.915,3.8105,36.57,35.4078254699707,4.98,0.0,0
46938,296.04,23.223000000000003,-4.1000000000000005,0.0,457.365,0.0,0.0,0.2,5.732,0,9.0,1.08,309.915,0.5114000000000001,36.12,35.4078254699707,4.98,0.0,0
46938,295.87,23.184,-3.5,0.0,457.789,0.0,0.0,-0.2,5.732,0,9.0,1.09,309.915,-1.1877,35.37,35.4078254699707,4.98,0.0,0
46938,295.87,23.154,-3.0,0.0,457.668,0.0,0.0,-0.2,5.732,0,9.0,1.07,309.915,0.132,34.38,35.4078254699707,4.98,0.0,0
46938,296.211,23.115000000000002,-3.5,0.0,457.728,0.0,0.0,0.0,5.732,0,8.0,1.075,309.915,-1.4516,35.19,35.4078254699707,4.98,0.0,0
46938,296.211,23.115000000000002,-2.5,0.0,457.728,0.0,0.0,-0.2,5.732,0,9.0,1.045,309.915,-1.0557,35.25,35.4078254699707,4.98,0.0,0
46938,296.38100000000003,23.086000000000002,-2.5,0.0,457.728,0.0,0.0,0.0,5.732,0,9.0,1.115,309.825,-3.1672000000000002,35.52,35.4078254699707,4.98,0.0,0
46938,296.552,23.057000000000002,-2.5,0.0,457.668,0.0,0.0,0.2,5.732,0,9.0,1.1300000000000001,310.005,3.1012,35.25,35.4078254699707,4.98,0.0,0
46938,296.552,23.027,-2.5,0.0,457.849,0.0,0.0,-0.2,5.732,0,9.0,1.12,309.825,-0.2639,35.46,35.4078254699707,4.98,0.0,0
46938,296.38100000000003,22.998,-2.0,0.0,457.97,0.0,0.0,-0.2,5.732,0,9.0,1.11,309.915,-0.066,36.45,35.4078254699707,4.98,0.0,0
46938,296.722,22.969,-3.0,0.0,457.849,0.0,0.0,-0.2,5.732,0,9.0,1.1,309.915,0.2639,36.57,35.4078254699707,4.98,0.0,0
46938,296.722,22.939,-3.0,0.0,457.607,0.0,0.0,-0.2,5.732,0,9.0,1.11,309.825,-1.5836000000000001,36.81,35.4078254699707,4.98,0.0,0
46938,296.552,22.91,-2.5,0.0,457.668,0.0,0.0,0.0,5.732,0,8.0,1.035,309.825,-1.5836000000000001,36.72,35.4078254699707,4.98,0.0,0
46938,296.552,22.891000000000002,-2.5,0.0,458.151,0.0,0.0,0.0,5.732,0,7.0,1.12,309.915,1.0557,36.72,35.4078254699707,4.98,0.0,0
46938,296.89300000000003,22.861,-2.5,0.0,457.849,0.0,0.0,-0.2,5.732,0,9.0,1.0150000000000001,309.825,-1.8475000000000001,37.08,35.4078254699707,4.98,0.0,0
46938,296.89300000000003,22.832,-2.5,0.0,457.668,0.0,0.0,0.0,5.732,0,8.0,1.11,309.825,-2.1114,36.480000000000004,35.4078254699707,4.98,0.0,0
46938,297.234,22.813000000000002,-2.0,0.0,457.849,0.0,0.0,-0.2,5.732,0,8.0,1.1500000000000001,309.825,-2.1114,35.82,35.4078254699707,4.98,0.0,0
46938,296.89300000000003,22.793000000000003,-2.0,0.0,458.212,0.0,0.0,0.0,5.732,0,8.0,1.09,309.825,1.0557,35.19,35.4078254699707,4.98,0.0,0
46938,296.89300000000003,22.764,-2.5,0.0,458.454,0.0,0.0,0.0,5.732,0,8.0,1.12,309.825,1.3196,35.52,35.4078254699707,4.98,0.0,0
46938,297.234,22.744,-2.0,0.0,458.272,0.0,0.0,0.0,5.732,0,9.0,1.135,309.915,2.5733,34.71,35.4078254699707,4.98,0.0,0
46938,297.234,22.725,-2.0,0.0,457.668,0.0,0.0,0.0,5.732,0,8.0,1.1300000000000001,309.915,1.5836000000000001,35.07,35.4078254699707,4.98,0.0,0
46938,297.063,22.705000000000002,-2.0,0.0,457.97,0.0,0.0,0.0,5.732,0,8.0,1.1300000000000001,309.915,-0.066,35.52,35.4078254699707,4.98,0.0,0
46938,297.234,22.686,-2.0,0.0,458.151,0.0,0.0,-0.2,5.732,0,9.0,1.09,309.825,-0.5279,36.21,35.4078254699707,4.98,0.0,0
46938,297.234,22.666,-2.5,0.0,457.849,0.0,0.0,0.2,5.732,0,8.0,1.1,309.825,-1.5176,36.480000000000004,35.4078254699707,4.98,0.0,0
46938,296.89300000000003,22.656000000000002,-2.0,0.0,457.849,0.0,0.0,0.0,5.732,0,9.0,1.11,309.825,-1.8310000000000002,36.63,35.4078254699707,4.98,0.0,0
46938,297.746,22.637,-1.5,0.0,457.668,0.0,0.0,0.0,5.732,0,9.0,1.125,309.915,-1.4516,37.410000000000004,35.4078254699707,4.98,0.0,0
46938,297.575,22.627000000000002,-1.5,0.0,457.789,0.0,0.0,0.0,5.732,0,8.0,1.125,309.915,-0.6763,37.2,35.4078254699707,4.98,0.0,0
46938,297.234,22.607,-1.5,0.0,457.789,0.0,0.0,0.0,5.732,0,10.0,1.075,309.915,2.2269,36.63,35.4078254699707,4.98,0.0,0
46938,297.746,22.588,-2.0,0.0,457.547,0.0,0.0,0.0,5.732,0,9.0,1.135,309.825,-1.1877,36.09,35.4078254699707,4.98,0.0,0
46938,297.746,22.568,-1.5,0.0,457.91,0.0,0.0,0.0,5.732,0,9.0,1.125,309.825,-2.4908,35.7,35.4078254699707,4.98,0.0,0
46938,297.404,22.549,-2.0,0.0,457.849,0.0,0.0,-0.2,5.732,0,9.0,1.11,309.915,2.5073000000000003,34.38,35.4078254699707,4.98,0.0,0
46938,297.404,22.529,-2.0,0.0,457.91,0.0,0.0,0.0,5.732,0,8.0,1.115,309.825,1.1877,34.17,35.4078254699707,4.98,0.0,0
46938,297.746,22.52,-1.5,0.0,458.031,0.0,0.0,0.0,5.732,0,9.0,1.115,309.915,-0.7918000000000001,34.29,35.4078254699707,4.98,0.0,0
46938,297.575,22.5,-1.5,0.0,457.668,0.0,0.0,0.0,5.732,0,9.0,1.135,309.825,-2.1609000000000003,34.59,35.4078254699707,4.98,0.0,0
46938,297.746,22.48,-1.0,0.0,457.547,0.0,0.0,-0.2,5.732,0,8.0,1.035,309.825,-1.2537,35.34,35.4078254699707,4.98,0.0,0
46938,297.575,22.471,-1.5,0.0,457.668,0.0,0.0,0.0,5.732,0,9.0,1.11,309.915,4.4208,36.54,35.4078254699707,4.98,0.0,0
46938,297.746,22.451,-1.5,0.0,457.789,0.0,0.0,0.0,5.732,0,8.0,1.085,309.825,0.5444,36.87,35.4078254699707,4.98,0.0,0
46938,297.404,22.441000000000003,-1.5,0.0,458.151,0.0,0.0,0.0,5.732,0,9.0,1.085,309.825,-1.3196,36.24,35.4078254699707,4.98,0.0,0
46938,297.916,22.422,-1.5,0.0,458.151,0.0,0.0,0.0,5.732,0,8.0,1.16,309.915,-2.7053000000000003,35.64,35.4078254699707,4.98,0.0,0
46938,298.087,22.412000000000003,-1.0,0.0,457.789,0.0,0.0,0.0,5.732,0,9.0,1.12,309.825,-0.7258,35.61,35.4078254699707,4.98,0.0,0
46938,297.916,22.393,-1.0,0.0,457.849,0.0,0.0,-0.2,5.732,0,9.0,1.095,309.915,1.9135000000000002,35.97,35.4078254699707,4.98,0.0,0
46938,297.916,22.383000000000003,-1.0,0.0,457.849,0.0,0.0,0.0,5.732,0,9.0,1.1300000000000001,309.915,-1.7815,36.300000000000004,35.4078254699707,4.98,0.0,0
46938,297.916,22.363,-1.0,0.0,457.728,0.0,0.0,-0.2,5.732,0,9.0,1.145,309.825,0.8578,36.42,35.4078254699707,4.98,0.0,0
46938,297.746,22.354000000000003,-1.5,0.0,457.547,0.0,0.0,0.0,5.732,0,9.0,1.165,309.915,2.8372,35.34,35.4078254699707,4.98,0.0,0
46938,297.916,22.344,-2.0,0.0,457.849,0.0,0.0,0.0,5.732,0,9.0,1.1400000000000001,309.915,0.39590000000000003,34.68,35.4078254699707,4.98,0.0,0
46938,297.916,22.324,-1.5,0.0,457.97,0.0,0.0,0.2,5.732,0,9.0,1.145,309.915,1.3032000000000001,33.45,35.4078254699707,4.98,0.0,0
46938,297.916,22.324,-1.0,0.0,457.97,0.0,0.0,0.2,5.732,0,9.0,1.165,309.915,0.9897,33.33,35.4078254699707,4.98,0.0,0
46938,297.916,22.314,-0.5,0.0,457.668,0.0,0.0,0.0,5.732,0,11.0,1.105,309.915,1.3196,33.480000000000004,35.4078254699707,4.98,0.0,0
46938,297.916,22.305,-1.5,0.0,457.668,0.0,0.0,0.0,5.732,0,9.0,1.115,309.915,1.0557,34.95,35.4078254699707,4.98,0.0,0
46938,298.257,22.295,-1.5,0.0,457.91,0.0,0.0,0.0,5.732,0,10.0,1.115,309.825,-2.1114,36.9,35.4078254699707,4.98,0.0,0
46938,297.916,22.275000000000002,-0.5,0.0,457.849,0.0,0.0,0.0,5.732,0,8.0,1.115,309.825,-5.7405,37.74,35.4078254699707,4.98,0.0,0
46938,297.916,22.266000000000002,-1.0,0.0,457.547,0.0,0.0,0.0,5.732,0,8.0,1.125,309.915,-1.3196,37.29,35.4078254699707,4.98,0.0,0
46938,297.916,22.256,-1.0,0.0,457.849,0.0,0.0,0.0,5.732,0,8.0,1.1300000000000001,309.915,2.5733,36.63,35.4078254699707,4.98,0.0,0
46938,298.257,22.246000000000002,-1.0,0.0,457.728,0.0,0.0,-0.2,5.732,0,9.0,1.1500000000000001,309.915,2.9032,35.31,35.4078254699707,4.98,0.0,0
46938,297.746,22.236,-1.0,0.0,457.728,0.0,0.0,0.0,5.732,0,12.0,1.125,309.915,-1.5836000000000001,35.22,35.4078254699707,4.98,0.0,0
46938,298.087,22.227,-1.5,0.0,457.547,0.0,0.0,-0.2,5.732,0,10.0,1.1400000000000001,309.915,0.0,35.19,35.4078254699707,4.98,0.0,0
46938,297.916,22.207,-0.5,0.0,457.003,0.0,0.0,0.0,5.732,0,13.0,1.145,310.005,0.9897,35.52,35.4078254699707,4.98,0.0,0
46938,298.087,22.197000000000003,-1.5,0.0,457.365,0.0,0.0,0.0,5.732,0,10.0,1.11,309.915,0.7918000000000001,35.85,35.4078254699707,4.98,0.0,0
46938,298.257,22.188000000000002,-1.5,0.0,457.245,0.0,0.0,0.0,5.732,0,11.0,1.1500000000000001,309.915,2.1114,35.28,35.4078254699707,4.98,0.0,0
46938,297.916,22.178,-1.0,0.0,457.184,0.0,0.0,0.0,5.732,0,11.0,1.12,309.915,-1.8475000000000001,34.800000000000004,35.4078254699707,4.98,0.0,0
46938,298.257,22.168000000000003,-1.0,0.0,457.486,0.0,0.0,0.0,5.732,0,11.0,1.1500000000000001,309.915,0.0,33.99,35.4078254699707,4.98,0.0,0
46938,298.257,22.158,-1.5,0.0,457.305,0.0,0.0,0.0,5.732,0,11.0,1.1500000000000001,309.825,-3.1672000000000002,34.32,35.4078254699707,4.98,0.0,0
46938,298.257,22.148,-1.0,0.0,457.668,0.0,0.0,0.0,5.732,0,12.0,1.115,309.915,-1.5836000000000001,35.13,35.4078254699707,4.98,0.0,0
46938,298.598,22.139,-1.0,0.0,457.728,0.0,0.0,0.0,5.732,0,10.0,1.12,309.915,1.0557,36.18,35.4078254699707,4.98,0.0,0
46938,298.087,22.129,-1.0,0.0,457.728,0.0,0.0,0.0,5.732,0,12.0,1.1400000000000001,309.825,0.0,36.480000000000004,35.4078254699707,4.98,0.0,0
46938,298.257,22.119,-1.0,0.0,457.486,0.0,0.0,0.0,5.732,0,12.0,1.115,309.915,0.2639,36.63,35.4078254699707,4.98,0.0,0
46938,297.916,22.109,-0.5,0.0,457.547,0.0,0.0,0.0,5.732,0,12.0,1.1400000000000001,309.825,0.5938,35.97,35.4078254699707,4.98,0.0,0
46938,298.428,22.1,-1.5,0.0,457.607,0.0,0.0,0.0,5.732,0,11.0,1.1500000000000001,309.915,1.0557,34.980000000000004,35.4078254699707,4.98,0.0,0
46938,298.428,22.09,-1.0,0.0,457.668,0.0,0.0,0.0,5.732,0,12.0,1.1300000000000001,309.915,0.5279,35.04,35.4078254699707,4.98,0.0,0
46938,298.257,22.080000000000002,-0.5,0.0,457.547,0.0,0.0,0.0,5.732,0,11.0,1.145,309.825,0.0,35.52,35.4078254699707,4.98,0.0,0
46938,298.087,22.061,-0.5,0.0,457.486,0.0,0.0,0.0,5.732,0,11.0,1.125,309.915,-3.1672000000000002,34.62,35.4078254699707,4.98,0.0,0
46938,298.257,22.061,-0.5,0.0,457.486,0.0,0.0,0.0,5.732,0,11.0,1.1400000000000001,309.915,-2.7713,34.59,35.4078254699707,4.98,0.0,0
46938,298.087,22.051000000000002,-1.5,0.0,457.547,0.0,0.0,0.0,5.732,0,12.0,1.11,309.915,-1.7155,34.14,35.4078254699707,4.98,0.0,0
46938,297.916,22.041,-1.0,0.0,457.365,0.0,0.0,0.0,5.732,0,15.0,1.1300000000000001,309.825,-1.9135000000000002,33.18,35.4078254699707,4.98,0.0,0
46938,298.087,22.031000000000002,-1.0,0.0,457.668,0.0,0.0,0.0,5.732,0,10.0,1.125,309.825,0.8743000000000001,32.55,35.4078254699707,4.98,0.0,0
46938,298.257,22.021,-1.0,0.0,457.668,0.0,0.0,0.0,5.732,0,12.0,1.125,309.825,0.3299,33.63,35.4078254699707,4.98,0.0,0
46938,298.257,22.012,-1.0,0.0,457.486,0.0,0.0,0.0,5.732,0,11.0,1.11,309.825,-2.4413,34.83,35.4078254699707,4.98,0.0,0
46938,298.257,22.002000000000002,-1.0,0.0,457.426,0.0,0.0,0.0,5.732,0,12.0,1.175,310.005,2.9527,35.97,35.4078254699707,4.98,0.0,0
46938,297.916,21.992,-0.5,0.0,457.365,0.0,0.0,0.2,5.732,0,14.0,1.155,309.825,4.2889,36.33,35.4078254699707,4.98,0.0,0
46938,297.916,21.982,-0.5,0.0,457.486,0.0,0.0,0.0,5.732,0,10.0,1.1300000000000001,309.825,-1.4351,36.54,35.4078254699707,4.98,0.0,0
46938,298.087,21.973000000000003,-1.0,0.0,457.486,0.0,0.0,0.0,5.732,0,11.0,1.175,309.825,-3.794,36.0,35.4078254699707,4.98,0.0,0
46938,298.257,21.963,-1.0,0.0,457.426,0.0,0.0,0.0,5.732,0,11.0,1.1300000000000001,309.915,0.9238000000000001,34.92,35.4078254699707,4.98,0.0,0
46938,298.257,21.953,-1.0,0.0,457.365,0.0,0.0,0.0,5.732,0,13.0,1.135,309.915,2.3589,33.9,35.4078254699707,4.98,0.0,0
46938,298.087,21.943,-0.5,0.0,457.305,0.0,0.0,0.0,5.732,0,11.0,1.135,309.915,4.4703,33.84,35.4078254699707,4.98,0.0,0
46938,298.257,21.934,-1.0,0.0,457.486,0.0,0.0,0.2,5.732,0,12.0,1.205,309.825,-0.6433,34.08,35.4078254699707,4.98,0.0,0
46938,298.257,21.924,-1.0,0.0,457.305,0.0,0.0,0.2,5.732,0,12.0,1.105,309.915,-1.4681,33.63,35.4078254699707,4.98,0.0,0
46938,298.428,21.914,-1.0,0.0,457.486,0.0,0.0,-0.2,5.732,0,13.0,1.105,309.825,-0.3794,33.93,35.4078254699707,4.98,0.0,0
46938,298.257,21.904,-1.0,0.0,457.426,0.0,0.0,0.2,5.732,0,12.0,1.095,309.825,-1.0392000000000001,33.93,35.4078254699707,4.98,0.0,0
46938,298.257,21.895,0.5,0.0,457.486,0.0,0.0,0.0,5.732,0,12.0,1.135,309.915,0.6598,33.75,35.4078254699707,4.98,0.0,0
46938,297.916,21.885,-1.0,0.0,457.365,0.0,0.0,0.0,5.732,0,12.0,1.135,309.915,2.8867000000000003,34.83,35.4078254699707,4.98,0.0,0
46938,298.428,21.875,-0.5,0.0,457.486,0.0,0.0,0.0,5.732,0,13.0,1.12,309.825,0.9238000000000001,35.160000000000004,35.4078254699707,4.98,0.0,0
46938,298.598,21.865000000000002,-0.5,0.0,457.486,0.0,0.0,-0.2,5.732,0,12.0,1.21,309.915,-0.9238000000000001,36.03,35.4078254699707,4.98,0.0,0
46938,298.428,21.855,-1.0,0.0,457.063,0.0,0.0,0.0,5.732,0,12.0,1.1400000000000001,309.825,-1.8310000000000002,36.6,35.4078254699707,4.98,0.0,0
46938,298.428,21.855,-1.5,0.0,457.063,0.0,0.0,-0.2,5.732,0,12.0,1.135,309.825,-2.0455,36.54,35.4078254699707,4.98,0.0,0
46938,298.257,21.855,-0.5,0.0,457.184,0.0,0.0,0.0,5.732,0,13.0,1.165,309.915,0.7918000000000001,35.25,35.4078254699707,4.98,0.0,0
46938,298.598,21.846,-0.5,0.0,457.003,0.0,0.0,0.0,5.732,0,12.0,1.09,309.915,2.6393,34.92,35.4078254699707,4.98,0.0,0
46938,298.257,21.836000000000002,-0.5,0.0,457.124,0.0,0.0,0.0,5.732,0,12.0,1.175,309.915,1.5836000000000001,34.38,35.4078254699707,4.98,0.0,0
46938,298.257,21.826,-1.0,0.0,457.426,0.0,0.0,0.0,5.732,0,13.0,1.135,309.915,-1.5836000000000001,34.29,35.4078254699707,4.98,0.0,0
46938,298.257,21.816000000000003,-1.0,0.0,457.486,0.0,0.0,-0.2,5.732,0,13.0,1.09,309.915,0.0,34.800000000000004,35.4078254699707,4.98,0.0,0
46938,298.257,21.807000000000002,-1.0,0.0,457.245,0.0,0.0,0.0,5.732,0,12.0,1.125,309.825,-0.9897,34.95,35.4078254699707,4.98,0.0,0
46938,298.257,21.797,-1.0,0.0,457.245,0.0,0.0,0.0,5.732,0,12.0,1.185,309.825,-2.6393,34.65,35.4078254699707,4.98,0.0,0
46938,298.598,21.787000000000003,-1.0,0.0,457.365,0.0,0.0,0.0,5.732,0,13.0,1.145,309.825,-3.629,34.08,35.4078254699707,4.98,0.0,0
46938,298.257,21.777,-0.5,0.0,457.365,0.0,0.0,0.0,5.732,0,13.0,1.175,309.825,-1.3196,34.83,35.4078254699707,4.98,0.0,0
46938,298.428,21.768,-1.0,0.0,457.426,0.0,0.0,0.0,5.732,0,12.0,1.18,309.825,1.5836000000000001,35.22,35.4078254699707,4.98,0.0,0
46938,298.257,21.758000000000003,-0.5,0.0,457.365,0.0,0.0,0.0,5.732,0,12.0,1.235,309.825,1.5836000000000001,35.1,35.4078254699707,4.98,0.0,0
46938,298.087,21.748,-1.0,0.0,457.184,0.0,0.0,0.0,5.732,0,12.0,1.11,310.005,-0.39590000000000003,35.550000000000004,35.4078254699707,4.98,0.0,0
46938,298.257,21.738,-1.0,0.0,457.063,0.0,0.0,0.0,5.732,0,12.0,1.155,309.825,-0.39590000000000003,35.82,35.4078254699707,4.98,0.0,0
46938,298.598,21.738,-1.0,0.0,457.063,0.0,0.0,0.0,5.732,0,13.0,1.105,309.825,1.5836000000000001,36.09,35.4078254699707,4.98,0.0,0
46938,298.257,21.729000000000003,-1.0,0.0,457.365,0.0,0.0,0.0,5.732,0,13.0,1.135,309.825,-2.3754,36.75,35.4078254699707,4.98,0.0,0
46938,298.257,21.719,-1.0,0.0,457.668,0.0,0.0,0.0,5.732,0,13.0,1.1400000000000001,309.825,-2.6393,36.45,35.4078254699707,4.98,0.0,0
46938,298.428,21.709,-0.5,0.0,457.486,0.0,0.0,0.0,5.732,0,13.0,1.145,309.825,-0.6598,35.730000000000004,35.4078254699707,4.98,0.0,0
46938,298.257,21.699,-0.5,0.0,457.124,0.0,0.0,0.0,5.732,0,13.0,1.155,309.825,3.9589000000000003,35.01,35.4078254699707,4.98,0.0,0
46938,298.428,21.689,-1.0,0.0,457.426,0.0,0.0,0.0,5.732,0,14.0,1.165,309.825,0.0,34.32,35.4078254699707,4.98,0.0,0
46938,298.257,21.68,0.0,0.0,457.668,0.0,0.0,0.0,5.732,0,13.0,1.1500000000000001,309.825,0.0,34.14,35.4078254699707,4.98,0.0,0
46938,298.087,21.67,-1.0,0.0,457.849,0.0,0.0,0.0,5.732,0,13.0,1.115,309.915,1.8475000000000001,34.65,35.4078254699707,4.98,0.0,0
46938,298.428,21.66,-0.5,0.0,457.426,0.0,0.0,0.0,5.732,0,13.0,1.1300000000000001,309.915,0.46190000000000003,34.89,35.4078254699707,4.98,0.0,0
46938,298.257,21.66,-1.0,0.0,457.184,0.0,0.0,0.0,5.732,0,13.0,1.115,309.915,2.1114,35.1,35.4078254699707,4.98,0.0,0
46938,298.428,21.650000000000002,-1.0,0.0,457.245,0.0,0.0,0.0,5.732,0,13.0,1.1400000000000001,309.825,0.5938,35.37,35.4078254699707,4.98,0.0,0
46938,298.598,21.650000000000002,-1.0,0.0,457.245,0.0,0.0,-0.2,5.732,0,13.0,1.1400000000000001,309.825,0.41240000000000004,35.43,35.4078254699707,4.98,0.0,0
46938,298.598,21.641000000000002,-1.0,0.0,457.607,0.0,0.0,0.0,5.732,0,13.0,1.125,310.005,0.1155,35.61,35.4078254699707,4.98,0.0,0
46938,298.598,21.631,-0.5,0.0,457.668,0.0,0.0,0.0,5.732,0,13.0,1.155,309.915,0.2639,35.49,35.4078254699707,4.98,0.0,0
46938,298.257,21.621000000000002,-1.0,0.0,457.245,0.0,0.0,0.0,5.732,0,13.0,1.11,309.825,1.8475000000000001,35.160000000000004,35.4078254699707,4.98,0.0,0
46938,298.257,21.611,-1.0,0.0,457.184,0.0,0.0,0.0,5.732,0,13.0,1.1300000000000001,309.915,-2.9032,35.79,35.4078254699707,4.98,0.0,0
46938,298.257,21.602,0.0,0.0,457.184,0.0,0.0,0.0,5.732,0,13.0,1.145,309.915,-4.024900000000001,36.69,35.4078254699707,4.98,0.0,0
46938,298.428,21.602,-0.5,0.0,456.942,0.0,0.0,0.0,5.732,0,13.0,1.085,309.825,-0.9732000000000001,36.45,35.4078254699707,4.98,0.0,0
46938,298.428,21.592000000000002,-1.0,0.0,457.245,0.0,0.0,0.0,5.732,0,13.0,1.1300000000000001,309.915,-1.3856000000000002,36.03,35.4078254699707,4.98,0.0,0
46938,298.087,21.582,-1.0,0.0,457.365,0.0,0.0,0.0,5.732,0,13.0,1.1400000000000001,309.825,1.4269,35.1,35.4078254699707,4.98,0.0,0
46938,298.769,21.572000000000003,-0.5,0.0,457.365,0.0,0.0,0.0,5.732,0,13.0,1.175,309.69,1.8723,34.230000000000004,35.4078254699707,4.98,0.0,0
46938,298.257,21.563000000000002,-1.0,0.0,457.668,0.0,0.0,0.0,5.732,0,13.0,1.1500000000000001,309.915,-1.1382,33.42,35.4078254699707,4.98,0.0,0
46938,298.769,21.553,-1.0,0.0,457.547,0.0,0.0,0.0,5.732,0,13.0,1.09,310.005,2.9362,34.2,35.4078254699707,4.98,0.0,0
46938,298.257,21.553,-1.5,0.0,457.184,0.0,0.0,0.0,5.732,0,13.0,1.165,309.825,2.3259000000000003,35.550000000000004,35.4078254699707,4.98,0.0,0
46938,298.769,21.543,-0.5,0.0,457.184,0.0,0.0,0.0,5.732,0,14.0,1.145,309.825,-1.699,36.84,35.4078254699707,4.98,0.0,0
46938,298.428,21.533,-0.5,0.0,457.365,0.0,0.0,0.0,5.732,0,13.0,1.17,309.915,-0.7918000000000001,36.6,35.4078254699707,4.98,0.0,0
46938,298.428,21.523,-0.5,0.0,457.245,0.0,0.0,0.0,5.732,0,13.0,1.12,309.915,1.8310000000000002,36.660000000000004,35.4078254699707,4.98,0.0,0
46938,298.598,21.514,-0.5,0.0,457.426,0.0,0.0,0.0,5.732,0,14.0,1.19,309.825,1.732,36.21,35.4078254699707,4.98,0.0,0
46938,298.598,21.514,-1.0,0.0,457.365,0.0,0.0,0.0,5.732,0,13.0,1.1300000000000001,309.915,-1.7155,36.42,35.4078254699707,4.98,0.0,0
46938,298.598,21.504,-0.5,0.0,457.365,0.0,0.0,0.0,5.732,0,13.0,1.1400000000000001,309.915,-1.8475000000000001,36.15,35.4078254699707,4.98,0.0,0
46938,298.257,21.494,-0.5,0.0,457.305,0.0,0.0,0.0,5.732,0,13.0,1.145,309.825,2.2434000000000003,36.21,35.4078254699707,4.98,0.0,0
46938,298.769,21.484,0.0,0.0,457.486,0.0,0.0,0.0,5.732,0,15.0,1.125,309.915,-1.1877,35.79,35.4078254699707,4.98,0.0,0
46938,298.598,21.484,-1.0,0.0,457.426,0.0,0.0,0.0,5.732,0,13.0,1.18,309.825,-3.1507,35.28,35.4078254699707,4.98,0.0,0
46938,298.769,21.475,-1.0,0.0,457.486,0.0,0.0,0.0,5.732,0,13.0,1.135,309.915,1.7155,33.84,35.4078254699707,4.98,0.0,0
46938,298.598,21.465,-0.5,0.0,457.245,0.0,0.0,0.0,5.732,0,13.0,1.18,309.825,1.0722,34.17,35.4078254699707,4.98,0.0,0
46938,298.428,21.455000000000002,-1.0,0.0,457.305,0.0,0.0,0.0,5.732,0,14.0,1.175,309.915,-0.0165,34.5,35.4078254699707,4.98,0.0,0
46938,298.598,21.455000000000002,-1.0,0.0,457.184,0.0,0.0,0.0,5.732,0,13.0,1.135,309.915,0.0,34.56,35.4078254699707,4.98,0.0,0
46938,298.598,21.445,-0.5,0.0,457.184,0.0,0.0,0.0,5.732,0,13.0,1.175,309.915,2.1114,36.63,35.4078254699707,4.98,0.0,0
46938,298.598,21.445,-1.0,0.0,457.365,0.0,0.0,0.0,5.732,0,13.0,1.1400000000000001,309.825,0.0,38.07,35.4078254699707,4.98,0.0,0
46938,298.598,21.436,-1.0,0.0,457.486,0.0,0.0,0.0,5.732,0,13.0,1.175,309.915,-1.0557,37.95,35.4078254699707,4.98,0.0,0
46938,298.598,21.426000000000002,-0.5,0.0,457.426,0.0,0.0,0.0,5.732,0,13.0,1.145,309.825,-1.5836000000000001,37.5,35.4078254699707,4.98,0.0,0
46938,298.598,21.416,-1.5,0.0,457.305,0.0,0.0,0.0,5.732,0,13.0,1.1300000000000001,309.915,0.9897,36.300000000000004,35.4078254699707,4.98,0.0,0
46938,298.428,21.416,-0.5,0.0,457.486,0.0,0.0,0.0,5.732,0,12.0,1.1500000000000001,309.915,0.5279,35.88,35.4078254699707,4.98,0.0,0
46938,298.428,21.406000000000002,-1.0,0.0,457.486,0.0,0.0,0.0,5.732,0,13.0,1.155,309.825,-1.5836000000000001,36.51,35.4078254699707,4.98,0.0,0
46938,298.598,21.396,-1.0,0.0,457.184,0.0,0.0,0.0,5.732,0,13.0,1.1400000000000001,309.825,-2.6393,36.300000000000004,35.4078254699707,4.98,0.0,0
46938,298.428,21.387,0.0,0.0,457.245,0.0,0.0,0.0,5.732,0,13.0,1.145,309.915,0.0,35.910000000000004,35.4078254699707,4.98,0.0,0
46938,298.257,21.387,-1.0,0.0,457.365,0.0,0.0,0.0,5.732,0,14.0,1.145,309.825,2.1114,35.31,35.4078254699707,4.98,0.0,0
46938,298.598,21.377000000000002,-0.5,0.0,457.486,0.0,0.0,0.0,5.732,0,14.0,1.145,309.825,-2.1114,34.74,35.4078254699707,4.98,0.0,0
46938,298.428,21.367,-0.5,0.0,457.668,0.0,0.0,0.0,5.732,0,13.0,1.155,309.825,-3.4311000000000003,34.26,35.4078254699707,4.98,0.0,0
46938,298.428,21.367,-1.0,0.0,457.547,0.0,0.0,0.0,5.732,0,14.0,1.125,309.69,-0.4289,34.47,35.4078254699707,4.98,0.0,0
46938,298.598,21.357,-0.5,0.0,457.426,0.0,0.0,0.0,5.732,0,13.0,1.12,309.915,-1.3196,35.82,35.4078254699707,4.98,0.0,0
46938,298.257,21.348000000000003,-1.0,0.0,457.305,0.0,0.0,0.0,5.732,0,13.0,1.19,309.915,4.9487000000000005,37.47,35.4078254699707,4.98,0.0,0
46938,298.598,21.338,-1.0,0.0,457.003,0.0,0.0,0.0,5.732,0,13.0,1.16,309.825,6.0704,38.4,35.4078254699707,4.98,0.0,0
46938,298.598,21.338,-1.0,0.0,457.003,0.0,0.0,0.0,5.732,0,13.0,1.145,309.825,-8.379800000000001,37.59,35.4078254699707,4.98,0.0,0
46938,298.598,21.328,0.0,0.0,457.365,0.0,0.0,0.0,5.732,0,14.0,1.145,309.915,-0.9238000000000001,36.69,35.4078254699707,4.98,0.0,0
46938,298.598,21.318,-0.5,0.0,457.245,0.0,0.0,0.0,5.732,0,13.0,1.145,309.915,6.5323,35.4,35.4078254699707,4.98,0.0,0
46938,298.769,21.309,-1.0,0.0,457.426,0.0,0.0,0.0,5.732,0,13.0,1.2,309.825,0.0,35.61,35.4078254699707,4.98,0.0,0
46938,298.598,21.309,-1.0,0.0,457.668,0.0,0.0,0.0,5.732,0,14.0,1.145,309.915,-0.5279,35.64,35.4078254699707,4.98,0.0,0
46938,298.598,21.299,-0.5,0.0,457.184,0.0,0.0,0.0,5.732,0,13.0,1.1400000000000001,309.915,2.1114,35.730000000000004,35.4078254699707,4.98,0.0,0
46938,298.598,21.289,-0.5,0.0,457.184,0.0,0.0,0.0,5.732,0,14.0,1.12,309.915,-0.066,35.79,35.4078254699707,4.98,0.0,0
46938,298.769,21.289,-0.5,0.0,457.003,0.0,0.0,0.0,5.732,0,13.0,1.185,309.915,0.2639,34.68,35.4078254699707,4.98,0.0,0
46938,298.598,21.279,-0.5,0.0,457.124,0.0,0.0,0.0,5.732,0,13.0,1.17,310.005,-1.3856000000000002,34.47,35.4078254699707,4.98,0.0,0
46938,298.428,21.27,-1.0,0.0,457.365,0.0,0.0,0.0,5.732,0,14.0,1.125,309.915,-1.1877,34.77,35.4078254699707,4.98,0.0,0
46938,298.769,21.27,-1.0,0.0,457.124,0.0,0.0,0.0,5.732,0,13.0,1.1300000000000001,309.825,-1.5176,35.82,35.4078254699707,4.98,0.0,0
46938,298.769,21.27,-0.5,0.0,457.124,0.0,0.0,0.0,5.732,0,13.0,1.16,309.825,-1.3032000000000001,35.910000000000004,35.4078254699707,4.98,0.0,0
46938,298.769,21.26,-0.5,0.0,457.184,0.0,0.0,0.0,5.732,0,13.0,1.135,309.915,-2.5568,36.87,35.4078254699707,4.98,0.0,0
46938,298.598,21.25,-0.5,0.0,457.184,0.0,0.0,0.0,5.732,0,13.0,1.155,309.915,4.6848,37.95,35.4078254699707,4.98,0.0,0
46938,298.598,21.240000000000002,-0.5,0.0,457.365,0.0,0.0,0.0,5.732,0,13.0,1.135,309.825,1.5836000000000001,38.07,35.4078254699707,4.98,0.0,0
46938,298.598,21.240000000000002,-1.0,0.0,457.486,0.0,0.0,0.0,5.732,0,14.0,1.16,309.825,-2.2434000000000003,37.56,35.4078254699707,4.98,0.0,0
46938,298.598,21.23,-0.5,0.0,457.184,0.0,0.0,0.0,5.732,0,13.0,1.115,309.825,1.3361,36.480000000000004,35.4078254699707,4.98,0.0,0
46938,298.598,21.221,-0.5,0.0,457.124,0.0,0.0,0.0,5.732,0,13.0,1.12,309.915,3.2826,35.43,35.4078254699707,4.98,0.0,0
46938,298.939,21.221,-1.0,0.0,457.426,0.0,0.0,0.0,5.732,0,14.0,1.145,309.915,0.5114000000000001,34.65,35.4078254699707,4.98,0.0,0
46938,298.769,21.211000000000002,-0.5,0.0,457.486,0.0,0.0,-0.2,5.732,0,13.0,1.135,309.915,0.5279,34.83,35.4078254699707,4.98,0.0,0
46938,298.939,21.201,-0.5,0.0,457.245,0.0,0.0,0.0,5.732,0,14.0,1.18,309.915,-1.7155,34.68,35.4078254699707,4.98,0.0,0
46938,298.598,21.201,-0.5,0.0,457.245,0.0,0.0,0.0,5.732,0,14.0,1.1400000000000001,309.825,-1.8310000000000002,34.83,35.4078254699707,4.98,0.0,0
46938,298.598,21.191000000000003,-1.0,0.0,457.486,0.0,0.0,0.0,5.732,0,14.0,1.175,309.825,-0.2474,35.46,35.4078254699707,4.98,0.0,0
46938,298.598,21.182000000000002,-0.5,0.0,457.486,0.0,0.0,0.0,5.732,0,14.0,1.155,309.825,-1.1877,36.12,35.4078254699707,4.98,0.0,0
46938,298.769,21.182000000000002,-0.5,0.0,457.184,0.0,0.0,0.0,5.732,0,13.0,1.125,309.915,-1.732,36.54,35.4078254699707,4.98,0.0,0
46938,299.11,21.172,-0.5,0.0,457.365,0.0,0.0,0.0,5.732,0,13.0,1.1,310.005,3.5466,37.17,35.4078254699707,4.98,0.0,0
46938,298.939,21.162000000000003,-1.0,0.0,457.728,0.0,0.0,0.0,5.732,0,13.0,1.18,309.825,2.7713,37.29,35.4078254699707,4.98,0.0,0
46938,298.939,21.162000000000003,-0.5,0.0,457.607,0.0,0.0,0.0,5.732,0,13.0,1.145,309.825,-2.3754,37.86,35.4078254699707,4.98,0.0,0
46938,298.769,21.152,-1.0,0.0,457.003,0.0,0.0,0.0,5.732,0,14.0,1.145,309.825,-0.7588,37.74,35.4078254699707,4.98,0.0,0
46938,298.939,21.143,-1.0,0.0,457.063,0.0,0.0,0.0,5.732,0,14.0,1.1400000000000001,309.825,0.0165,37.26,35.4078254699707,4.98,0.0,0
46938,298.769,21.143,-0.5,0.0,457.063,0.0,0.0,0.0,5.732,0,14.0,1.1500000000000001,309.825,0.0,37.230000000000004,35.4078254699707,4.98,0.0,0
46938,298.598,21.143,-0.5,0.0,457.426,0.0,0.0,0.0,5.732,0,13.0,1.145,309.915,-0.5938,36.18,35.4078254699707,4.98,0.0,0
46938,298.598,21.133000000000003,-0.5,0.0,457.365,0.0,0.0,0.0,5.732,0,13.0,1.18,309.825,-0.7918000000000001,34.65,35.4078254699707,4.98,0.0,0
46938,298.769,21.123,-0.5,0.0,457.426,0.0,0.0,0.0,5.732,0,13.0,1.155,309.825,0.5279,34.230000000000004,35.4078254699707,4.98,0.0,0
46938,298.598,21.123,-1.0,0.0,457.245,0.0,0.0,0.0,5.732,0,13.0,1.135,309.825,-1.8475000000000001,34.47,35.4078254699707,4.98,0.0,0
46938,298.598,21.113,0.0,0.0,457.184,0.0,0.0,0.0,5.732,0,14.0,1.17,309.915,-1.6496000000000002,34.800000000000004,35.4078254699707,4.98,0.0,0
46938,298.598,21.113,-1.0,0.0,457.305,0.0,0.0,0.0,5.732,0,12.0,1.185,309.915,2.6393,35.13,35.4078254699707,4.98,0.0,0
46938,298.598,21.104000000000003,-0.5,0.0,457.486,0.0,0.0,0.0,5.732,0,13.0,1.16,309.915,3.629,36.39,35.4078254699707,4.98,0.0,0
46938,298.769,21.094,-1.0,0.0,457.547,0.0,0.0,0.0,5.732,0,11.0,1.095,310.005,3.1672000000000002,37.230000000000004,35.4078254699707,4.98,0.0,0
46938,298.769,21.094,-0.5,0.0,457.486,0.0,0.0,0.0,5.732,0,14.0,1.1300000000000001,309.825,-2.0455,36.96,35.4078254699707,4.98,0.0,0
46938,298.939,21.084,-0.5,0.0,457.486,0.0,0.0,0.0,5.732,0,16.0,1.1300000000000001,309.825,-3.6950000000000003,36.45,35.4078254699707,4.98,0.0,0
46938,298.769,21.074,-0.5,0.0,457.486,0.0,0.0,0.0,5.732,0,13.0,1.1500000000000001,309.825,-2.5073000000000003,36.24,35.4078254699707,4.98,0.0,0
46938,298.769,21.074,-0.5,0.0,457.486,0.0,0.0,0.0,5.732,0,12.0,1.1500000000000001,309.825,-0.2639,36.54,35.4078254699707,4.98,0.0,0
46938,298.769,21.064,-1.0,0.0,457.184,0.0,0.0,0.0,5.732,0,17.0,1.145,309.915,-0.5938,36.12,35.4078254699707,4.98,0.0,0
46938,298.598,21.064,-0.5,0.0,456.82,0.0,0.0,0.0,5.732,0,13.0,1.115,309.915,2.6393,35.550000000000004,35.4078254699707,4.98,0.0,0
46938,298.769,21.055,-1.0,0.0,456.942,0.0,0.0,0.0,5.732,0,20.0,1.1300000000000001,309.915,2.0455,34.77,35.4078254699707,4.98,0.0,0
46938,298.769,21.045,-0.5,0.0,457.003,0.0,0.0,0.0,5.732,0,14.0,1.125,309.915,-0.2639,33.99,35.4078254699707,4.98,0.0,0
46938,298.769,21.045,-0.5,0.0,457.003,0.0,0.0,0.0,5.732,0,11.0,1.1400000000000001,309.915,0.0,33.45,35.4078254699707,4.98,0.0,0
46938,298.598,21.035,-0.5,0.0,457.305,0.0,0.0,0.0,5.732,0,13.0,1.12,309.915,0.2639,33.57,35.4078254699707,4.98,0.0,0
46938,298.939,21.025000000000002,-0.5,0.0,457.365,0.0,0.0,0.0,5.732,0,10.0,1.16,309.915,-1.0557,34.92,35.4078254699707,4.98,0.0,0
46938,298.939,21.025000000000002,-0.5,0.0,457.486,0.0,0.0,0.0,5.732,0,14.0,1.06,309.915,0.0,36.78,35.4078254699707,4.98,0.0,0
46938,298.769,21.016000000000002,-0.5,0.0,457.486,0.0,0.0,0.0,5.732,0,19.0,1.155,309.825,1.1217000000000001,37.2,35.4078254699707,4.98,0.0,0
46938,298.939,21.016000000000002,-1.0,0.0,457.486,0.0,0.0,0.0,5.732,0,14.0,1.165,309.825,0.9402,37.2,35.4078254699707,4.98,0.0,0
46938,298.939,21.016000000000002,-1.0,0.0,456.942,0.0,0.0,0.0,5.732,0,13.0,1.125,309.915,0.5279,36.45,35.4078254699707,4.98,0.0,0
46938,298.769,21.006,-1.0,0.0,457.124,0.0,0.0,0.0,5.732,0,19.0,1.1300000000000001,309.825,-2.3589,36.06,35.4078254699707,4.98,0.0,0
46938,299.11,20.996000000000002,-0.5,0.0,457.547,0.0,0.0,0.0,5.732,0,14.0,1.17,309.825,-1.9795,35.52,35.4078254699707,4.98,0.0,0
46938,298.769,20.996000000000002,-1.0,0.0,457.486,0.0,0.0,0.0,5.732,0,16.0,1.145,309.825,-2.3424,35.19,35.4078254699707,4.98,0.0,0
46938,298.769,20.986,-0.5,0.0,457.184,0.0,0.0,0.0,5.732,0,13.0,1.105,309.915,1.963,35.58,35.4078254699707,4.98,0.0,0
46938,298.598,20.986,-1.0,0.0,457.426,0.0,0.0,0.0,5.732,0,18.0,1.175,309.825,1.6001,35.67,35.4078254699707,4.98,0.0,0
46938,298.769,20.977,-0.5,0.0,457.245,0.0,0.0,0.0,5.732,0,13.0,1.16,310.005,-2.1444,35.25,35.4078254699707,4.98,0.0,0
46938,298.769,20.967000000000002,-0.5,0.0,457.365,0.0,0.0,0.0,5.732,0,20.0,1.19,309.915,0.3794,34.44,35.4078254699707,4.98,0.0,0
46938,298.769,20.967000000000002,-0.5,0.0,457.305,0.0,0.0,0.0,5.732,0,13.0,1.16,309.915,0.3794,33.93,35.4078254699707,4.98,0.0,0
46938,298.939,20.957,-0.5,0.0,457.184,0.0,0.0,0.0,5.732,0,12.0,1.1300000000000001,309.915,-0.28040000000000004,34.14,35.4078254699707,4.98,0.0,0
46938,298.769,20.957,0.0,0.0,457.003,0.0,0.0,0.0,5.732,0,12.0,1.1500000000000001,309.825,0.6763,34.980000000000004,35.4078254699707,4.98,0.0,0
46938,298.939,20.947000000000003,-0.5,0.0,457.003,0.0,0.0,0.0,5.732,0,11.0,1.12,309.825,-1.7155,35.64,35.4078254699707,4.98,0.0,0
46938,299.11,20.947000000000003,-0.5,0.0,456.942,0.0,0.0,0.0,5.732,0,13.0,1.24,309.915,1.1877,36.42,35.4078254699707,4.98,0.0,0
46938,298.598,20.938000000000002,-0.5,0.0,457.003,0.0,0.0,0.0,5.732,0,22.0,1.205,309.825,0.9402,36.57,35.4078254699707,4.98,0.0,0
46938,299.11,20.928,-1.0,0.0,457.305,0.0,0.0,0.0,5.732,0,14.0,1.1300000000000001,309.915,-2.1279,36.0,35.4078254699707,4.98,0.0,0
46938,298.939,20.928,-0.5,0.0,457.003,0.0,0.0,0.0,5.732,0,17.0,1.165,309.915,0.39590000000000003,35.730000000000004,35.4078254699707,4.98,0.0,0
46938,298.939,20.918,-0.5,0.0,457.003,0.0,0.0,0.0,5.732,0,13.0,1.17,309.915,3.8105,35.730000000000004,35.4078254699707,4.98,0.0,0
46938,298.769,20.918,-0.5,0.0,456.76,0.0,0.0,0.0,5.732,0,13.0,1.17,309.915,0.5114000000000001,35.31,35.4078254699707,4.98,0.0,0
46938,298.769,20.908,-0.5,0.0,456.942,0.0,0.0,0.0,5.732,0,11.0,1.08,309.825,-3.4146,35.52,35.4078254699707,4.98,0.0,0
46938,298.769,20.908,0.0,0.0,457.003,0.0,0.0,0.0,5.732,0,13.0,1.195,309.915,0.2639,34.86,35.4078254699707,4.98,0.0,0
46938,298.939,20.898,-1.0,0.0,457.003,0.0,0.0,0.0,5.732,0,15.0,1.1300000000000001,309.915,0.0,34.5,35.4078254699707,4.98,0.0,0
46938,298.939,20.889,-0.5,0.0,457.245,0.0,0.0,0.0,5.732,0,13.0,1.2,309.915,-0.6763,34.29,35.4078254699707,4.98,0.0,0
46938,298.939,20.889,-0.5,0.0,457.365,0.0,0.0,0.0,5.732,0,13.0,1.145,309.915,-0.6598,34.71,35.4078254699707,4.98,0.0,0
46938,298.769,20.879,-0.5,0.0,457.426,0.0,0.0,0.0,5.732,0,12.0,1.08,309.915,-0.0165,35.64,35.4078254699707,4.98,0.0,0
46938,298.598,20.879,-0.5,0.0,457.184,0.0,0.0,0.0,5.732,0,11.0,1.195,309.915,0.0,35.76,35.4078254699707,4.98,0.0,0
46938,298.769,20.879,-0.5,0.0,457.184,0.0,0.0,0.0,5.732,0,13.0,1.1,309.915,1.0557,36.93,35.4078254699707,4.98,0.0,0
46938,298.598,20.869,-0.5,0.0,457.003,0.0,0.0,0.0,5.732,0,10.0,1.145,309.825,-2.1114,37.2,35.4078254699707,4.98,0.0,0
46938,298.769,20.869,-0.5,0.0,456.942,0.0,0.0,0.0,5.732,0,13.0,1.145,309.915,0.5279,37.59,35.4078254699707,4.98,0.0,0
46938,299.11,20.859,-0.5,0.0,457.184,0.0,0.0,0.0,5.732,0,13.0,1.16,309.915,-2.5073000000000003,36.480000000000004,35.4078254699707,4.98,0.0,0
46938,299.28000000000003,20.85,-0.5,0.0,457.003,0.0,0.0,0.0,5.732,0,14.0,1.125,309.915,-0.5938,35.52,35.4078254699707,4.98,0.0,0
46938,298.769,20.85,-0.5,0.0,457.245,0.0,0.0,0.0,5.732,0,15.0,1.115,309.825,2.5073000000000003,34.59,35.4078254699707,4.98,0.0,0
46938,298.598,20.84,-0.5,0.0,457.365,0.0,0.0,0.0,5.732,0,13.0,1.125,309.915,-2.1114,34.86,35.4078254699707,4.98,0.0,0
46938,298.769,20.84,-0.5,0.0,457.184,0.0,0.0,0.0,5.732,0,19.0,1.175,309.825,0.2639,35.22,35.4078254699707,4.98,0.0,0
46938,298.939,20.830000000000002,-1.5,0.0,457.003,0.0,0.0,0.0,5.732,0,12.0,1.175,309.825,0.5279,35.730000000000004,35.4078254699707,4.98,0.0,0
46938,299.11,20.830000000000002,-0.5,0.0,457.003,0.0,0.0,0.0,5.732,0,17.0,1.155,309.69,-7.522,35.7,35.4078254699707,4.98,0.0,0
46938,299.28000000000003,20.82,-1.0,0.0,457.184,0.0,0.0,0.0,5.732,0,14.0,1.1,309.825,-0.2639,35.160000000000004,35.4078254699707,4.98,0.0,0
46938,298.939,20.82,-0.5,0.0,457.063,0.0,0.0,0.0,5.732,0,16.0,1.16,309.825,1.9795,34.32,35.4078254699707,4.98,0.0,0
46938,299.11,20.82,-0.5,0.0,457.063,0.0,0.0,0.0,5.732,0,20.0,1.125,309.915,2.2929,34.35,35.4078254699707,4.98,0.0,0
46938,298.598,20.811,0.0,0.0,457.063,0.0,0.0,0.0,5.732,0,15.0,1.1500000000000001,309.69,-2.5733,34.800000000000004,35.4078254699707,4.98,0.0,0
46938,298.939,20.811,-0.5,0.0,457.184,0.0,0.0,0.0,5.732,0,15.0,1.2,309.825,-2.7053000000000003,35.94,35.4078254699707,4.98,0.0,0
46938,298.598,20.801000000000002,-1.0,0.0,457.245,0.0,0.0,0.0,5.732,0,12.0,1.21,309.915,-0.47840000000000005,37.14,35.4078254699707,4.98,0.0,0
46938,298.769,20.791,-0.5,0.0,457.305,0.0,0.0,0.0,5.732,0,14.0,1.165,309.915,3.3239,37.02,35.4078254699707,4.98,0.0,0
46938,298.939,20.791,0.0,0.0,457.486,0.0,0.0,0.0,5.732,0,13.0,1.18,309.915,3.1507,36.21,35.4078254699707,4.98,0.0,0
46938,299.11,20.781000000000002,-0.5,0.0,457.245,0.0,0.0,0.0,5.732,0,15.0,1.125,309.825,3.0517000000000003,36.300000000000004,35.4078254699707,4.98,0.0,0
46938,298.769,20.781000000000002,-0.5,0.0,457.184,0.0,0.0,0.0,5.732,0,12.0,1.105,309.825,-3.4311000000000003,36.15,35.4078254699707,4.98,0.0,0
46938,298.598,20.771,-0.5,0.0,457.003,0.0,0.0,0.0,5.732,0,18.0,1.135,309.915,-3.563,36.09,35.4078254699707,4.98,0.0,0
46938,299.11,20.771,-0.5,0.0,456.699,0.0,0.0,0.0,5.732,0,12.0,1.065,309.915,3.1672000000000002,35.49,35.4078254699707,4.98,0.0,0
46938,298.939,20.762,-0.5,0.0,456.942,0.0,0.0,0.0,5.732,0,18.0,1.1400000000000001,309.825,1.8475000000000001,34.89,35.4078254699707,4.98,0.0,0
46938,299.11,20.762,-0.5,0.0,457.124,0.0,0.0,0.0,5.732,0,13.0,1.105,309.915,-0.41240000000000004,34.410000000000004,35.4078254699707,4.98,0.0,0
46938,298.769,20.752000000000002,-0.5,0.0,457.003,0.0,0.0,0.0,5.732,0,12.0,1.105,309.915,-0.7918000000000001,34.02,35.4078254699707,4.98,0.0,0
46938,298.769,20.752000000000002,0.0,0.0,456.82,0.0,0.0,0.0,5.732,0,12.0,1.135,309.825,1.864,34.83,35.4078254699707,4.98,0.0,0
46938,298.769,20.742,0.0,0.0,456.882,0.0,0.0,0.0,5.732,0,16.0,1.115,309.825,-1.3032000000000001,36.12,35.4078254699707,4.98,0.0,0
46938,299.11,20.742,-0.5,0.0,457.003,0.0,0.0,0.0,5.732,0,14.0,1.155,309.915,-3.2991,37.38,35.4078254699707,4.98,0.0,0
46938,298.598,20.732,-1.0,0.0,457.124,0.0,0.0,0.0,5.732,0,12.0,1.19,309.915,1.4351,37.83,35.4078254699707,4.98,0.0,0
46938,299.11,20.732,-1.0,0.0,457.184,0.0,0.0,0.0,5.732,0,19.0,1.145,309.825,0.6598,36.96,35.4078254699707,4.98,0.0,0
46938,298.939,20.723000000000003,-0.5,0.0,457.305,0.0,0.0,0.0,5.732,0,13.0,1.1400000000000001,309.825,-1.0392000000000001,36.480000000000004,35.4078254699707,4.98,0.0,0
46938,298.939,20.723000000000003,-0.5,0.0,456.82,0.0,0.0,0.0,5.732,0,19.0,1.16,309.825,-0.3794,36.0,35.4078254699707,4.98,0.0,0
46938,298.769,20.713,-0.5,0.0,457.003,0.0,0.0,0.0,5.732,0,14.0,1.215,309.825,0.9238000000000001,35.64,35.4078254699707,4.98,0.0,0
46938,298.769,20.713,-0.5,0.0,457.063,0.0,0.0,0.0,5.732,0,11.0,1.1300000000000001,309.915,1.5836000000000001,35.730000000000004,35.4078254699707,4.98,0.0,0
46938,299.11,20.703,-1.0,0.0,457.184,0.0,0.0,0.0,5.732,0,15.0,1.135,309.915,2.1114,35.76,35.4078254699707,4.98,0.0,0
46938,299.28000000000003,20.703,-0.5,0.0,457.124,0.0,0.0,0.0,5.732,0,21.0,1.16,309.915,1.5176,35.550000000000004,35.4078254699707,4.98,0.0,0
46938,298.939,20.693,-0.5,0.0,457.184,0.0,0.0,0.0,5.732,0,14.0,1.145,309.825,-0.2639,35.49,35.4078254699707,4.98,0.0,0
46938,299.11,20.693,-0.5,0.0,457.124,0.0,0.0,0.0,5.732,0,14.0,1.08,309.825,-2.0455,35.82,35.4078254699707,4.98,0.0,0
46938,298.939,20.684,-0.5,0.0,457.245,0.0,0.0,0.0,5.732,0,15.0,1.1400000000000001,309.915,-1.5836000000000001,35.37,35.4078254699707,4.98,0.0,0
46938,299.28000000000003,20.684,-0.5,0.0,457.305,0.0,0.0,0.0,5.732,0,13.0,1.09,309.915,1.5176,35.82,35.4078254699707,4.98,0.0,0
46938,298.939,20.674,-1.0,0.0,457.184,0.0,0.0,0.0,5.732,0,14.0,1.21,309.915,0.132,35.910000000000004,35.4078254699707,4.98,0.0,0
46938,299.28000000000003,20.674,-0.5,0.0,457.124,0.0,0.0,0.0,5.732,0,19.0,1.2,309.915,1.5836000000000001,36.75,35.4078254699707,4.98,0.0,0
46938,298.939,20.664,-0.5,0.0,457.245,0.0,0.0,0.0,5.732,0,14.0,1.12,309.915,1.9795,36.42,35.4078254699707,4.98,0.0,0
46938,298.769,20.664,-0.5,0.0,457.486,0.0,0.0,0.0,5.732,0,11.0,1.18,309.825,-5.2126,36.27,35.4078254699707,4.98,0.0,0
46938,298.598,20.654,-0.5,0.0,457.668,0.0,0.0,0.0,5.732,0,20.0,1.125,310.005,2.7713,36.27,35.4078254699707,4.98,0.0,0
46938,299.11,20.654,0.0,0.0,457.365,0.0,0.0,0.0,5.732,0,15.0,1.1500000000000001,309.915,5.0147,36.75,35.4078254699707,4.98,0.0,0
46938,299.28000000000003,20.645,0.0,0.0,457.547,0.0,0.0,0.0,5.732,0,12.0,1.16,309.915,1.3196,37.29,35.4078254699707,4.98,0.0,0
46938,298.939,20.645,0.0,0.0,457.547,0.0,0.0,0.0,5.732,0,12.0,1.07,309.825,0.39590000000000003,37.32,35.4078254699707,4.98,0.0,0
46938,298.769,20.645,-1.0,0.0,457.365,0.0,0.0,0.0,5.732,0,12.0,1.215,309.915,-1.1712,36.45,35.4078254699707,4.98,0.0,0
46938,298.939,20.635,-1.0,0.0,457.426,0.0,0.0,0.0,5.732,0,22.0,1.185,309.915,0.2639,35.64,35.4078254699707,4.98,0.0,0
46938,298.769,20.635,-0.5,0.0,457.184,0.0,0.0,0.0,5.732,0,13.0,1.17,309.915,1.4516,34.56,35.4078254699707,4.98,0.0,0
46938,299.28000000000003,20.625,-1.0,0.0,457.305,0.0,0.0,0.0,5.732,0,14.0,1.1,309.825,-2.3589,34.410000000000004,35.4078254699707,4.98,0.0,0
46938,298.939,20.625,-0.5,0.0,457.365,0.0,0.0,0.0,5.732,0,18.0,1.1300000000000001,309.825,-1.5671000000000002,34.77,35.4078254699707,4.98,0.0,0
46938,299.11,20.615000000000002,0.0,0.0,457.063,0.0,0.0,0.0,5.732,0,13.0,1.18,309.915,-2.2434000000000003,35.58,35.4078254699707,4.98,0.0,0
46938,299.11,20.615000000000002,-1.0,0.0,457.063,0.0,0.0,0.0,5.732,0,14.0,1.1500000000000001,309.915,2.6228000000000002,36.09,35.4078254699707,4.98,0.0,0
46938,299.11,20.605,-0.5,0.0,457.003,0.0,0.0,0.0,5.732,0,13.0,1.19,309.825,1.5836000000000001,36.6,35.4078254699707,4.98,0.0,0
46938,299.11,20.605,0.0,0.0,457.365,0.0,0.0,0.0,5.732,0,13.0,1.17,309.825,-2.2434000000000003,36.51,35.4078254699707,4.98,0.0,0
46938,299.11,20.596,0.0,0.0,457.789,0.0,0.0,0.0,5.732,0,12.0,1.16,309.825,-5.3281,36.54,35.4078254699707,4.98,0.0,0
46938,298.769,20.596,-0.5,0.0,457.245,0.0,0.0,0.0,5.732,0,11.0,1.155,309.825,-1.7815,36.6,35.4078254699707,4.98,0.0,0
46938,298.939,20.586000000000002,-0.5,0.0,457.003,0.0,0.0,0.0,5.732,0,14.0,1.145,309.915,3.0847,36.87,35.4078254699707,4.98,0.0,0
46938,298.769,20.586000000000002,-0.5,0.0,457.184,0.0,0.0,0.0,5.732,0,17.0,1.155,309.825,3.0104,36.96,35.4078254699707,4.98,0.0,0
46938,298.769,20.576,-1.0,0.0,457.305,0.0,0.0,0.0,5.732,0,12.0,1.16,309.825,1.1877,36.18,35.4078254699707,4.98,0.0,0
46938,298.939,20.576,0.0,0.0,457.063,0.0,0.0,0.0,5.732,0,10.0,1.17,309.825,-2.6393,35.4,35.4078254699707,4.98,0.0,0
46938,298.769,20.576,-0.5,0.0,457.063,0.0,0.0,0.0,5.732,0,14.0,1.165,309.825,-3.1672000000000002,35.28,35.4078254699707,4.98,0.0,0
46938,299.28000000000003,20.566000000000003,0.0,0.0,457.003,0.0,0.0,0.0,5.732,0,11.0,1.155,309.825,0.0,33.27,35.4078254699707,4.98,0.0,0
46938,298.769,20.566000000000003,-0.5,0.0,457.486,0.0,0.0,0.0,5.732,0,9.0,1.18,309.915,3.1672000000000002,32.7,35.4078254699707,4.98,0.0,0
46938,298.939,20.557000000000002,-0.5,0.0,457.486,0.0,0.0,0.0,5.732,0,20.0,1.1400000000000001,309.825,0.5279,33.84,35.4078254699707,4.98,0.0,0
46938,299.11,20.557000000000002,-0.5,0.0,457.305,0.0,0.0,0.0,5.732,0,13.0,1.225,309.825,-2.1114,35.7,35.4078254699707,4.98,0.0,0
46938,298.769,20.557000000000002,-0.5,0.0,457.184,0.0,0.0,0.0,5.732,0,11.0,1.12,309.825,-0.9897,37.44,35.4078254699707,4.98,0.0,0
46938,299.11,20.547,0.0,0.0,457.245,0.0,0.0,0.0,5.732,0,12.0,1.16,309.915,3.1672000000000002,37.71,35.4078254699707,4.98,0.0,0
46938,299.28000000000003,20.547,-0.5,0.0,457.305,0.0,0.0,0.0,5.732,0,19.0,1.2,309.825,1.5836000000000001,37.44,35.4078254699707,4.98,0.0,0
46938,299.11,20.537000000000003,0.0,0.0,457.245,0.0,0.0,0.0,5.732,0,14.0,1.1400000000000001,309.915,0.7918000000000001,36.15,35.4078254699707,4.98,0.0,0
46938,299.11,20.537000000000003,-0.5,0.0,457.365,0.0,0.0,0.0,5.732,0,13.0,1.185,309.825,-4.6848,35.730000000000004,35.4078254699707,4.98,0.0,0
46938,299.11,20.527,-0.5,0.0,457.486,0.0,0.0,0.0,5.732,0,19.0,1.2,309.915,2.3754,35.550000000000004,35.4078254699707,4.98,0.0,0
46938,298.939,20.527,0.0,0.0,457.728,0.0,0.0,0.0,5.732,0,12.0,1.165,309.915,1.5836000000000001,35.79,35.4078254699707,4.98,0.0,0
46938,298.939,20.518,-0.5,0.0,457.305,0.0,0.0,0.0,5.732,0,12.0,1.115,309.915,0.2639,36.300000000000004,35.4078254699707,4.98,0.0,0
46938,298.939,20.518,-1.0,0.0,457.426,0.0,0.0,0.0,5.732,0,14.0,1.1500000000000001,309.825,1.1217000000000001,35.31,35.4078254699707,4.98,0.0,0
46938,299.28000000000003,20.508000000000003,-0.5,0.0,457.668,0.0,0.0,0.0,5.732,0,12.0,1.135,309.825,-4.2229,34.410000000000004,35.4078254699707,4.98,0.0,0
46938,298.769,20.508000000000003,-0.5,0.0,457.789,0.0,0.0,0.0,5.732,0,18.0,1.19,309.825,-3.629,33.33,35.4078254699707,4.98,0.0,0
46938,298.769,20.498,-0.5,0.0,457.305,0.0,0.0,0.0,5.732,0,14.0,1.175,309.915,3.4311000000000003,33.96,35.4078254699707,4.98,0.0,0
46938,298.939,20.498,0.0,0.0,457.184,0.0,0.0,0.0,5.732,0,14.0,1.145,309.915,2.0455,35.7,35.4078254699707,4.98,0.0,0
46938,299.11,20.488,-1.0,0.0,457.184,0.0,0.0,0.0,5.732,0,15.0,1.1500000000000001,309.825,0.2639,37.53,35.4078254699707,4.98,0.0,0
46938,299.11,20.488,-0.5,0.0,457.003,0.0,0.0,0.0,5.732,0,13.0,1.1500000000000001,309.915,0.0,38.34,35.4078254699707,4.98,0.0,0
46938,298.939,20.479000000000003,-1.0,0.0,457.184,0.0,0.0,0.0,5.732,0,13.0,1.175,309.915,-0.2639,37.53,35.4078254699707,4.98,0.0,0
46938,298.939,20.479000000000003,0.0,0.0,457.426,0.0,0.0,0.0,5.732,0,20.0,1.115,309.825,0.0,36.63,35.4078254699707,4.98,0.0,0
46938,299.11,20.479000000000003,-0.5,0.0,457.426,0.0,0.0,0.0,5.732,0,19.0,1.1400000000000001,309.825,-0.5279,36.54,35.4078254699707,4.98,0.0,0
46938,298.939,20.469,-0.5,0.0,457.547,0.0,0.0,0.0,5.732,0,13.0,1.125,309.915,-2.2434000000000003,35.64,35.4078254699707,4.98,0.0,0
46938,298.939,20.469,-0.5,0.0,457.184,0.0,0.0,0.0,5.732,0,14.0,1.175,309.915,0.132,35.4,35.4078254699707,4.98,0.0,0
46938,298.939,20.459,-0.5,0.0,457.245,0.0,0.0,0.0,5.732,0,13.0,1.16,309.825,1.4516,35.22,35.4078254699707,4.98,0.0,0
46938,298.939,20.459,-0.5,0.0,457.365,0.0,0.0,0.0,5.732,0,14.0,1.175,309.915,-1.0722,35.34,35.4078254699707,4.98,0.0,0
46938,298.939,20.459,0.0,0.0,456.882,0.0,0.0,0.0,5.732,0,19.0,1.1400000000000001,309.915,0.0,34.83,35.4078254699707,4.98,0.0,0
46938,298.939,20.449,0.0,0.0,457.063,0.0,0.0,0.0,5.732,0,13.0,1.185,309.915,3.5466,34.47,35.4078254699707,4.98,0.0,0
46938,298.939,20.449,-0.5,0.0,457.607,0.0,0.0,0.0,5.732,0,15.0,1.22,309.825,-1.963,33.63,35.4078254699707,4.98,0.0,0
46938,298.939,20.439,-0.5,0.0,457.668,0.0,0.0,0.0,5.732,0,20.0,1.17,309.825,-6.2518,34.05,35.4078254699707,4.98,0.0,0
46938,298.769,20.439,0.0,0.0,457.365,0.0,0.0,0.0,5.732,0,12.0,1.165,309.915,-1.1877,35.43,35.4078254699707,4.98,0.0,0
46938,299.11,20.43,-0.5,0.0,457.184,0.0,0.0,0.0,5.732,0,14.0,1.115,309.825,1.1217000000000001,36.78,35.4078254699707,4.98,0.0,0
46938,298.769,20.43,-0.5,0.0,457.305,0.0,0.0,0.0,5.732,0,14.0,1.11,309.825,1.8475000000000001,37.17,35.4078254699707,4.98,0.0,0
46938,299.28000000000003,20.42,-0.5,0.0,457.365,0.0,0.0,0.0,5.732,0,20.0,1.125,309.915,0.8578,36.57,35.4078254699707,4.98,0.0,0
46938,299.28000000000003,20.42,-0.5,0.0,457.486,0.0,0.0,0.0,5.732,0,14.0,1.155,309.915,-1.6661000000000001,35.34,35.4078254699707,4.98,0.0,0
46938,298.769,20.41,0.0,0.0,457.365,0.0,0.0,0.0,5.732,0,11.0,1.1500000000000001,309.915,0.9732000000000001,35.01,35.4078254699707,4.98,0.0,0
46938,299.11,20.41,-0.5,0.0,457.365,0.0,0.0,0.0,5.732,0,18.0,1.17,309.915,0.9897,34.800000000000004,35.4078254699707,4.98,0.0,0
46938,299.28000000000003,20.400000000000002,-1.0,0.0,457.486,0.0,0.0,0.0,5.732,0,14.0,1.1,309.915,2.5981,35.4,35.4078254699707,4.98,0.0,0
46938,298.598,20.400000000000002,-1.0,0.0,457.365,0.0,0.0,0.0,5.732,0,14.0,1.105,309.915,0.2639,35.07,35.4078254699707,4.98,0.0,0
46938,298.939,20.400000000000002,-0.5,0.0,457.486,0.0,0.0,0.0,5.732,0,21.0,1.11,309.825,-1.3032000000000001,35.1,35.4078254699707,4.98,0.0,0
46938,299.11,20.391000000000002,0.0,0.0,457.184,0.0,0.0,0.0,5.732,0,14.0,1.11,309.825,-1.4351,33.99,35.4078254699707,4.98,0.0,0
46938,298.598,20.391000000000002,-0.5,0.0,457.184,0.0,0.0,0.0,5.732,0,14.0,1.16,309.825,-2.0949,33.39,35.4078254699707,4.98,0.0,0
46938,298.769,20.381,-0.5,0.0,457.063,0.0,0.0,0.0,5.732,0,20.0,1.1,309.825,1.5836000000000001,33.660000000000004,35.4078254699707,4.98,0.0,0
46938,299.11,20.381,-0.5,0.0,457.668,0.0,0.0,0.0,5.732,0,14.0,1.18,309.915,1.963,34.83,35.4078254699707,4.98,0.0,0
46938,298.939,20.371000000000002,-1.0,0.0,457.426,0.0,0.0,0.0,5.732,0,10.0,1.085,309.915,1.8310000000000002,35.76,35.4078254699707,4.98,0.0,0
46938,299.28000000000003,20.371000000000002,0.0,0.0,457.547,0.0,0.0,0.0,5.732,0,17.0,1.165,309.915,1.7155,35.67,35.4078254699707,4.98,0.0,0
46938,299.11,20.361,-1.0,0.0,457.305,0.0,0.0,0.0,5.732,0,13.0,1.19,310.005,-0.6763,35.97,35.4078254699707,4.98,0.0,0
46938,298.939,20.361,-1.0,0.0,457.365,0.0,0.0,0.0,5.732,0,13.0,1.1500000000000001,309.915,-0.39590000000000003,36.09,35.4078254699707,4.98,0.0,0
46938,298.769,20.352,0.0,0.0,457.365,0.0,0.0,0.0,5.732,0,11.0,1.16,309.825,0.41240000000000004,35.76,35.4078254699707,4.98,0.0,0
46938,299.11,20.352,-0.5,0.0,457.365,0.0,0.0,0.0,5.732,0,10.0,1.1500000000000001,309.825,0.066,35.7,35.4078254699707,4.98,0.0,0
46938,298.939,20.352,-0.5,0.0,457.547,0.0,0.0,0.0,5.732,0,18.0,1.155,309.915,-1.3196,35.19,35.4078254699707,4.98,0.0,0
46938,299.11,20.352,-0.5,0.0,457.668,0.0,0.0,0.0,5.732,0,14.0,1.165,309.825,-0.46190000000000003,34.62,35.4078254699707,4.98,0.0,0
46938,298.939,20.342000000000002,-0.5,0.0,457.668,0.0,0.0,0.0,5.732,0,14.0,1.155,309.915,-0.2639,34.62,35.4078254699707,4.98,0.0,0
46938,299.28000000000003,20.342000000000002,-0.5,0.0,457.91,0.0,0.0,0.0,5.732,0,10.0,1.135,309.825,-5.476500000000001,34.11,35.4078254699707,4.98,0.0,0
46938,299.11,20.332,-0.5,0.0,457.486,0.0,0.0,0.0,5.732,0,14.0,1.16,309.915,0.6598,33.6,35.4078254699707,4.98,0.0,0
46938,298.939,20.332,-0.5,0.0,457.184,0.0,0.0,0.0,5.732,0,20.0,1.145,309.915,3.1672000000000002,33.24,35.4078254699707,4.98,0.0,0
46938,298.939,20.322000000000003,-1.0,0.0,457.668,0.0,0.0,0.0,5.732,0,14.0,1.145,309.915,2.9032,33.72,35.4078254699707,4.98,0.0,0
46938,299.28000000000003,20.322000000000003,-0.5,0.0,457.547,0.0,0.0,0.0,5.732,0,14.0,1.1500000000000001,309.915,1.0557,34.56,35.4078254699707,4.98,0.0,0
46938,298.769,20.313000000000002,0.0,0.0,457.426,0.0,0.0,0.0,5.732,0,12.0,1.155,309.915,-1.3196,35.85,35.4078254699707,4.98,0.0,0
46938,298.939,20.313000000000002,-1.0,0.0,457.668,0.0,0.0,0.0,5.732,0,17.0,1.17,309.915,0.0,36.9,35.4078254699707,4.98,0.0,0
46938,299.11,20.303,-0.5,0.0,457.668,0.0,0.0,0.0,5.732,0,12.0,1.1400000000000001,309.915,1.3196,36.75,35.4078254699707,4.98,0.0,0
46938,298.939,20.303,0.0,0.0,457.305,0.0,0.0,0.0,5.732,0,15.0,1.16,309.825,-0.46190000000000003,36.84,35.4078254699707,4.98,0.0,0
46938,298.769,20.303,-0.5,0.0,457.305,0.0,0.0,0.0,5.732,0,14.0,1.22,309.825,-0.9073,36.81,35.4078254699707,4.98,0.0,0
46938,299.11,20.303,0.0,0.0,457.365,0.0,0.0,0.0,5.732,0,10.0,1.17,309.915,-0.132,36.300000000000004,35.4078254699707,4.98,0.0,0
46938,299.11,20.293,-1.0,0.0,457.486,0.0,0.0,0.0,5.732,0,17.0,1.1500000000000001,309.915,-0.2639,35.94,35.4078254699707,4.98,0.0,0
46938,298.939,20.293,-0.5,0.0,457.305,0.0,0.0,0.0,5.732,0,15.0,1.165,309.915,0.1155,34.74,35.4078254699707,4.98,0.0,0
46938,298.939,20.283,-0.5,0.0,457.607,0.0,0.0,0.0,5.732,0,12.0,1.165,309.915,-0.132,34.83,35.4078254699707,4.98,0.0,0
46938,299.28000000000003,20.283,-0.5,0.0,457.728,0.0,0.0,0.0,5.732,0,12.0,1.18,309.825,0.8083,34.83,35.4078254699707,4.98,0.0,0
46938,299.11,20.273,-1.0,0.0,457.426,0.0,0.0,0.0,5.732,0,10.0,1.17,309.915,0.2639,34.68,35.4078254699707,4.98,0.0,0
46938,299.28000000000003,20.273,-0.5,0.0,457.245,0.0,0.0,0.0,5.732,0,14.0,1.165,309.69,-5.5673,34.5,35.4078254699707,4.98,0.0,0
46938,298.939,20.264,0.0,0.0,457.426,0.0,0.0,0.0,5.732,0,20.0,1.155,309.915,-2.1114,33.99,35.4078254699707,4.98,0.0,0
46938,299.28000000000003,20.264,-0.5,0.0,457.365,0.0,0.0,0.0,5.732,0,13.0,1.155,309.825,3.1837,34.47,35.4078254699707,4.98,0.0,0
46938,298.939,20.264,-0.5,0.0,457.365,0.0,0.0,0.0,5.732,0,11.0,1.145,309.915,4.6683,34.980000000000004,35.4078254699707,4.98,0.0,0
46938,298.939,20.254,0.0,0.0,457.245,0.0,0.0,0.0,5.732,0,11.0,1.145,309.825,-2.0949,35.82,35.4078254699707,4.98,0.0,0
46938,298.939,20.254,0.0,0.0,457.486,0.0,0.0,0.0,5.732,0,20.0,1.17,309.915,1.0392000000000001,36.27,35.4078254699707,4.98,0.0,0
46938,299.28000000000003,20.244,0.0,0.0,457.003,0.0,0.0,0.0,5.732,0,17.0,1.155,309.825,3.9754,36.78,35.4078254699707,4.98,0.0,0
46938,298.939,20.244,0.0,0.0,457.124,0.0,0.0,0.0,5.732,0,12.0,1.195,310.005,3.1342000000000003,36.45,35.4078254699707,4.98,0.0,0
46938,298.939,20.234,-0.5,0.0,457.184,0.0,0.0,0.0,5.732,0,16.0,1.155,309.825,-0.3794,35.730000000000004,35.4078254699707,4.98,0.0,0
46938,298.939,20.234,-0.5,0.0,457.124,0.0,0.0,0.0,5.732,0,15.0,1.18,309.915,-0.3794,35.61,35.4078254699707,4.98,0.0,0
46938,298.939,20.234,-0.5,0.0,457.003,0.0,0.0,0.0,5.732,0,14.0,1.16,309.825,-0.3629,34.74,35.4078254699707,4.98,0.0,0
46938,299.11,20.225,0.0,0.0,457.184,0.0,0.0,0.0,5.732,0,14.0,1.145,309.915,0.6598,33.9,35.4078254699707,4.98,0.0,0
46938,299.28000000000003,20.225,-0.5,0.0,457.728,0.0,0.0,0.0,5.732,0,12.0,1.1500000000000001,309.825,-1.5671000000000002,33.57,35.4078254699707,4.98,0.0,0
46938,298.939,20.215,-0.5,0.0,457.668,0.0,0.0,0.0,5.732,0,9.0,1.1400000000000001,309.915,-0.6598,33.96,35.4078254699707,4.98,0.0,0
46938,299.11,20.215,-0.5,0.0,457.184,0.0,0.0,0.0,5.732,0,15.0,1.17,309.915,-1.4516,34.92,35.4078254699707,4.98,0.0,0
46938,298.769,20.205000000000002,-0.5,0.0,457.305,0.0,0.0,0.0,5.732,0,19.0,1.16,309.915,2.5073000000000003,36.15,35.4078254699707,4.98,0.0,0
46938,299.28000000000003,20.205000000000002,-1.0,0.0,457.063,0.0,0.0,0.0,5.732,0,13.0,1.16,309.915,-0.2639,36.300000000000004,35.4078254699707,4.98,0.0,0
46938,298.769,20.195,-0.5,0.0,457.305,0.0,0.0,0.0,5.732,0,13.0,1.1500000000000001,309.825,-0.7918000000000001,36.300000000000004,35.4078254699707,4.98,0.0,0
46938,298.939,20.195,0.0,0.0,457.365,0.0,0.0,0.0,5.732,0,12.0,1.16,309.69,-0.48660000000000003,35.46,35.4078254699707,4.98,0.0,0
46938,298.769,20.195,-0.5,0.0,456.942,0.0,0.0,0.0,5.732,0,10.0,1.16,309.825,-3.0847,35.61,35.4078254699707,4.98,0.0,0
46938,299.28000000000003,20.186,-0.5,0.0,456.639,0.0,0.0,0.0,5.732,0,20.0,1.1500000000000001,309.825,1.2537,35.46,35.4078254699707,4.98,0.0,0
46938,299.28000000000003,20.186,0.0,0.0,456.639,0.0,0.0,0.0,5.732,0,11.0,1.165,309.825,0.7918000000000001,35.49,35.4078254699707,4.98,0.0,0
46938,298.939,20.186,0.0,0.0,457.003,0.0,0.0,0.0,5.732,0,21.0,1.1500000000000001,310.005,5.1466,35.64,35.4078254699707,4.98,0.0,0
46938,298.598,20.176000000000002,0.5,0.0,457.305,0.0,0.0,0.0,5.732,0,15.0,1.145,309.915,0.46190000000000003,35.58,35.4078254699707,4.98,0.0,0
46938,298.939,20.176000000000002,0.0,0.0,457.184,0.0,0.0,0.0,5.732,0,12.0,1.1400000000000001,309.915,2.1114,35.58,35.4078254699707,4.98,0.0,0
46938,298.939,20.166,-0.5,0.0,456.882,0.0,0.0,0.0,5.732,0,13.0,1.1500000000000001,309.915,0.066,34.980000000000004,35.4078254699707,4.98,0.0,0
46938,298.939,20.166,-1.0,0.0,457.124,0.0,0.0,0.0,5.732,0,10.0,1.16,309.915,0.0,35.04,35.4078254699707,4.98,0.0,0
46938,299.28000000000003,20.166,-0.5,0.0,457.003,0.0,0.0,0.0,5.732,0,19.0,1.145,309.915,-2.6393,34.86,35.4078254699707,4.98,0.0,0
46938,298.939,20.156000000000002,0.0,0.0,457.124,0.0,0.0,0.0,5.732,0,17.0,1.16,309.915,-1.3196,35.79,35.4078254699707,4.98,0.0,0
46938,299.11,20.156000000000002,-0.5,0.0,457.124,0.0,0.0,0.0,5.732,0,13.0,1.165,309.915,0.0,36.0,35.4078254699707,4.98,0.0,0
46938,298.939,20.146,-0.5,0.0,456.82,0.0,0.0,0.0,5.732,0,12.0,1.155,310.005,-0.132,36.69,35.4078254699707,4.98,0.0,0
46938,299.11,20.146,0.0,0.0,456.82,0.0,0.0,0.0,5.732,0,11.0,1.135,309.915,1.5836000000000001,37.14,35.4078254699707,4.98,0.0,0
46938,299.28000000000003,20.137,-0.5,0.0,456.82,0.0,0.0,0.0,5.732,0,11.0,1.155,309.915,0.9238000000000001,36.660000000000004,35.4078254699707,4.98,0.0,0
46938,298.769,20.137,-0.5,0.0,456.942,0.0,0.0,0.0,5.732,0,19.0,1.145,309.825,-0.9238000000000001,36.06,35.4078254699707,4.98,0.0,0
46938,299.28000000000003,20.137,-0.5,0.0,457.547,0.0,0.0,0.0,5.732,0,17.0,1.16,309.825,-1.3196,35.61,35.4078254699707,4.98,0.0,0
46938,299.11,20.127000000000002,0.0,0.0,457.365,0.0,0.0,0.0,5.732,0,12.0,1.1400000000000001,309.915,-2.6393,35.82,35.4078254699707,4.98,0.0,0
46938,299.28000000000003,20.127000000000002,0.0,0.0,457.003,0.0,0.0,0.0,5.732,0,16.0,1.145,309.825,-0.5279,36.57,35.4078254699707,4.98,0.0,0
46938,299.11,20.117,-0.5,0.0,457.184,0.0,0.0,0.0,5.732,0,11.0,1.19,309.915,0.46190000000000003,35.94,35.4078254699707,4.98,0.0,0
46938,298.939,20.117,-1.0,0.0,457.063,0.0,0.0,0.0,5.732,0,11.0,1.1400000000000001,309.915,3.4311000000000003,35.31,35.4078254699707,4.98,0.0,0
46938,299.28000000000003,20.107,-0.5,0.0,457.124,0.0,0.0,0.0,5.732,0,16.0,1.165,310.005,3.0352,35.04,35.4078254699707,4.98,0.0,0
46938,298.598,20.107,-0.5,0.0,457.486,0.0,0.0,0.0,5.732,0,18.0,1.16,309.915,-0.7918000000000001,34.56,35.4078254699707,4.98,0.0,0
46938,299.11,20.107,-0.5,0.0,457.365,0.0,0.0,0.0,5.732,0,13.0,1.145,310.005,-1.1217000000000001,34.5,35.4078254699707,4.98,0.0,0
46938,298.939,20.098000000000003,0.0,0.0,457.003,0.0,0.0,0.0,5.732,0,15.0,1.16,309.915,-1.0557,36.03,35.4078254699707,4.98,0.0,0
46938,299.11,20.098000000000003,0.0,0.0,456.942,0.0,0.0,0.0,5.732,0,12.0,1.145,309.825,-1.0227,36.27,35.4078254699707,4.98,0.0,0
46938,299.28000000000003,20.098000000000003,-0.5,0.0,456.639,0.0,0.0,0.0,5.732,0,12.0,1.1500000000000001,309.915,1.3196,37.86,35.4078254699707,4.98,0.0,0
46938,298.939,20.088,-0.5,0.0,457.124,0.0,0.0,0.0,5.732,0,10.0,1.165,310.005,-3.4311000000000003,37.74,35.4078254699707,4.98,0.0,0
46938,298.939,20.088,-0.5,0.0,457.305,0.0,0.0,0.0,5.732,0,19.0,1.155,309.915,2.3754,36.78,35.4078254699707,4.98,0.0,0
46938,299.11,20.088,-0.5,0.0,457.063,0.0,0.0,0.0,5.732,0,19.0,1.1500000000000001,309.915,1.9795,36.12,35.4078254699707,4.98,0.0,0
46938,298.939,20.078,-0.5,0.0,456.76,0.0,0.0,0.0,5.732,0,12.0,1.1400000000000001,309.825,-4.0909,36.12,35.4078254699707,4.98,0.0,0
46938,299.11,20.078,0.0,0.0,457.063,0.0,0.0,0.0,5.732,0,14.0,1.16,309.825,-3.0187,36.51,35.4078254699707,4.98,0.0,0
46938,299.11,20.068,0.0,0.0,457.245,0.0,0.0,0.0,5.732,0,11.0,1.17,309.825,-0.9073,36.54,35.4078254699707,4.98,0.0,0
46938,299.28000000000003,20.068,-0.5,0.0,456.76,0.0,0.0,0.0,5.732,0,19.0,1.175,309.825,1.5836000000000001,36.18,35.4078254699707,4.98,0.0,0
46938,299.11,20.059,-0.5,0.0,456.57800000000003,0.0,0.0,0.0,5.732,0,13.0,1.18,309.915,0.5114000000000001,34.65,35.4078254699707,4.98,0.0,0
46938,298.939,20.059,-0.5,0.0,456.942,0.0,0.0,0.0,5.732,0,13.0,1.175,309.825,-1.7815,34.5,35.4078254699707,4.98,0.0,0
46938,298.769,20.059,0.0,0.0,457.124,0.0,0.0,0.0,5.732,0,10.0,1.17,309.915,2.3094,35.160000000000004,35.4078254699707,4.98,0.0,0
46938,299.28000000000003,20.049,-0.5,0.0,457.184,0.0,0.0,0.0,5.732,0,21.0,1.155,309.915,2.8372,35.52,35.4078254699707,4.98,0.0,0
46938,299.11,20.049,-0.5,0.0,457.184,0.0,0.0,0.0,5.732,0,12.0,1.085,309.825,-1.0392000000000001,35.85,35.4078254699707,4.98,0.0,0
46938,299.28000000000003,20.039,-0.5,0.0,457.245,0.0,0.0,0.0,5.732,0,13.0,1.18,309.915,-1.0557,36.660000000000004,35.4078254699707,4.98,0.0,0
46938,299.28000000000003,20.039,0.0,0.0,457.184,0.0,0.0,0.0,5.732,0,13.0,1.1500000000000001,309.915,0.0,37.35,35.4078254699707,4.98,0.0,0
46938,299.11,20.039,-0.5,0.0,456.76,0.0,0.0,0.0,5.732,0,17.0,1.145,309.915,0.5114000000000001,36.96,35.4078254699707,4.98,0.0,0
46938,299.11,20.029,-0.5,0.0,457.003,0.0,0.0,0.0,5.732,0,12.0,1.155,309.825,-1.5836000000000001,37.08,35.4078254699707,4.98,0.0,0
46938,299.11,20.029,-0.5,0.0,457.184,0.0,0.0,0.0,5.732,0,15.0,1.1500000000000001,309.915,0.132,36.480000000000004,35.4078254699707,4.98,0.0,0
46938,299.11,20.02,-0.5,0.0,457.184,0.0,0.0,0.0,5.732,0,10.0,1.165,309.915,0.9073,35.64,35.4078254699707,4.98,0.0,0
46938,299.11,20.02,0.0,0.0,457.245,0.0,0.0,0.0,5.732,0,21.0,1.1500000000000001,309.69,-1.1629,34.92,35.4078254699707,4.98,0.0,0
46938,299.28000000000003,20.02,-0.5,0.0,457.668,0.0,0.0,0.0,5.732,0,12.0,1.145,309.915,-0.9897,35.07,35.4078254699707,4.98,0.0,0
46938,299.28000000000003,20.01,-0.5,0.0,457.184,0.0,0.0,0.0,5.732,0,14.0,1.145,309.825,1.9300000000000002,35.01,35.4078254699707,4.98,0.0,0
46938,299.451,20.01,-1.0,0.0,457.305,0.0,0.0,0.0,5.732,0,14.0,1.135,309.825,0.47840000000000005,34.53,35.4078254699707,4.98,0.0,0
46938,299.11,20.0,-1.0,0.0,456.82,0.0,0.0,0.0,5.732,0,19.0,1.17,309.915,-1.5836000000000001,34.800000000000004,35.4078254699707,4.98,0.0,0
46938,299.11,20.0,-0.5,0.0,457.003,0.0,0.0,0.0,5.732,0,13.0,1.165,309.825,-1.3691,35.85,35.4078254699707,4.98,0.0,0
46938,299.11,19.990000000000002,-1.5,0.0,457.063,0.0,0.0,0.0,5.732,0,15.0,1.185,309.915,-1.0062,36.300000000000004,35.4078254699707,4.98,0.0,0
46938,299.28000000000003,19.990000000000002,0.0,0.0,457.305,0.0,0.0,0.0,5.732,0,13.0,1.155,309.915,1.9135000000000002,37.410000000000004,35.4078254699707,4.98,0.0,0
46938,298.939,19.990000000000002,-0.5,0.0,457.124,0.0,0.0,0.0,5.732,0,17.0,1.16,309.915,1.963,37.95,35.4078254699707,4.98,0.0,0
46938,299.28000000000003,19.98,-0.5,0.0,457.003,0.0,0.0,0.0,5.732,0,14.0,1.155,309.825,-3.761,37.86,35.4078254699707,4.98,0.0,0
46938,298.939,19.98,-0.5,0.0,456.82,0.0,0.0,0.0,5.732,0,14.0,1.165,309.915,-1.2537,36.6,35.4078254699707,4.98,0.0,0
46938,299.451,19.98,-0.5,0.0,456.82,0.0,0.0,0.0,5.732,0,14.0,1.17,309.915,-0.5279,36.51,35.4078254699707,4.98,0.0,0
46938,299.11,19.971,-0.5,0.0,457.003,0.0,0.0,0.0,5.732,0,12.0,1.145,309.825,2.5073000000000003,35.910000000000004,35.4078254699707,4.98,0.0,0
46938,298.598,19.971,-1.0,0.0,457.184,0.0,0.0,0.0,5.732,0,19.0,1.17,309.915,2.0455,35.64,35.4078254699707,4.98,0.0,0
46938,299.28000000000003,19.971,0.0,0.0,457.124,0.0,0.0,0.0,5.732,0,19.0,1.155,309.915,-0.5279,34.980000000000004,35.4078254699707,4.98,0.0,0
46938,299.11,19.961000000000002,-0.5,0.0,457.245,0.0,0.0,0.0,5.732,0,15.0,1.175,309.825,-1.0557,35.4,35.4078254699707,4.98,0.0,0
46938,299.28000000000003,19.961000000000002,0.0,0.0,456.82,0.0,0.0,0.0,5.732,0,12.0,1.145,309.915,-0.5279,35.13,35.4078254699707,4.98,0.0,0
46938,298.769,19.951,0.0,0.0,457.063,0.0,0.0,0.0,5.732,0,11.0,1.165,309.915,0.5279,35.34,35.4078254699707,4.98,0.0,0
46938,298.939,19.951,-0.5,0.0,457.184,0.0,0.0,0.0,5.732,0,12.0,1.1400000000000001,309.825,1.0557,36.0,35.4078254699707,4.98,0.0,0
46938,299.11,19.951,-0.5,0.0,456.882,0.0,0.0,0.0,5.732,0,19.0,1.17,309.915,-0.5279,36.69,35.4078254699707,4.98,0.0,0
46938,298.939,19.941000000000003,0.0,0.0,457.063,0.0,0.0,0.0,5.732,0,14.0,1.145,309.915,-0.2639,37.230000000000004,35.4078254699707,4.98,0.0,0
46938,299.28000000000003,19.941000000000003,0.0,0.0,456.82,0.0,0.0,0.0,5.732,0,12.0,1.165,309.915,-0.066,36.99,35.4078254699707,4.98,0.0,0
46938,298.939,19.932000000000002,-1.0,0.0,456.942,0.0,0.0,0.0,5.732,0,11.0,1.175,309.915,1.9795,37.14,35.4078254699707,4.98,0.0,0
46938,299.11,19.932000000000002,-0.5,0.0,457.184,0.0,0.0,0.0,5.732,0,15.0,1.1500000000000001,309.915,1.3196,36.660000000000004,35.4078254699707,4.98,0.0,0
46938,299.28000000000003,19.932000000000002,0.0,0.0,457.184,0.0,0.0,0.0,5.732,0,22.0,1.1500000000000001,309.915,1.9135000000000002,36.6,35.4078254699707,4.98,0.0,0
46938,299.11,19.932000000000002,0.0,0.0,457.486,0.0,0.0,0.0,5.732,0,14.0,1.165,309.915,0.2639,36.45,35.4078254699707,4.98,0.0,0
46938,298.939,19.922,-0.5,0.0,457.365,0.0,0.0,0.0,5.732,0,14.0,1.1400000000000001,309.825,0.0165,35.7,35.4078254699707,4.98,0.0,0
46938,299.28000000000003,19.922,-0.5,0.0,457.365,0.0,0.0,0.0,5.732,0,14.0,1.16,309.915,-3.6950000000000003,35.160000000000004,35.4078254699707,4.98,0.0,0
46938,298.939,19.912000000000003,0.0,0.0,457.245,0.0,0.0,0.0,5.732,0,12.0,1.16,309.69,-2.0042,35.1,35.4078254699707,4.98,0.0,0
46938,299.451,19.912000000000003,-0.5,0.0,457.124,0.0,0.0,0.0,5.732,0,19.0,1.165,309.915,2.1609000000000003,35.1,35.4078254699707,4.98,0.0,0
46938,299.28000000000003,19.912000000000003,-0.5,0.0,457.124,0.0,0.0,0.0,5.732,0,17.0,1.145,309.825,2.1774,35.46,35.4078254699707,4.98,0.0,0
46938,299.28000000000003,19.902,-0.5,0.0,457.003,0.0,0.0,0.0,5.732,0,14.0,1.16,309.915,3.0599000000000003,35.31,35.4078254699707,4.98,0.0,0
46938,299.11,19.902,-0.5,0.0,457.063,0.0,0.0,0.0,5.732,0,11.0,1.16,309.825,-1.963,35.19,35.4078254699707,4.98,0.0,0
46938,298.939,19.893,0.0,0.0,457.063,0.0,0.0,0.0,5.732,0,22.0,1.165,309.825,-2.6393,35.76,35.4078254699707,4.98,0.0,0
46938,298.939,19.893,-0.5,0.0,456.699,0.0,0.0,0.0,5.732,0,13.0,1.21,309.915,-0.5279,36.12,35.4078254699707,4.98,0.0,0
46938,298.769,19.893,0.0,0.0,456.639,0.0,0.0,0.0,5.732,0,13.0,1.165,309.915,1.3032000000000001,36.69,35.4078254699707,4.98,0.0,0
46938,299.28000000000003,19.883000000000003,-0.5,0.0,456.76,0.0,0.0,0.0,5.732,0,12.0,1.16,309.915,0.5114000000000001,35.910000000000004,35.4078254699707,4.98,0.0,0
46938,299.451,19.883000000000003,-0.5,0.0,457.184,0.0,0.0,0.0,5.732,0,11.0,1.1500000000000001,309.915,-0.6598,36.45,35.4078254699707,4.98,0.0,0
46938,299.11,19.873,0.0,0.0,457.426,0.0,0.0,0.0,5.732,0,21.0,1.1500000000000001,309.915,-0.0165,36.24,35.4078254699707,4.98,0.0,0
46938,299.11,19.873,-0.5,0.0,457.365,0.0,0.0,0.0,5.732,0,14.0,1.175,309.915,2.2434000000000003,36.87,35.4078254699707,4.98,0.0,0
46938,299.11,19.873,0.0,0.0,457.003,0.0,0.0,0.0,5.732,0,15.0,1.175,309.825,-1.1877,36.0,35.4078254699707,4.98,0.0,0
46938,299.28000000000003,19.863,-1.0,0.0,457.365,0.0,0.0,0.0,5.732,0,15.0,1.1500000000000001,309.915,-1.9795,34.83,35.4078254699707,4.98,0.0,0
46938,299.11,19.863,-0.5,0.0,457.305,0.0,0.0,0.0,5.732,0,13.0,1.16,309.825,-3.0847,33.99,35.4078254699707,4.98,0.0,0
46938,299.11,19.863,0.0,0.0,456.82,0.0,0.0,0.0,5.732,0,20.0,1.155,309.915,0.7093,33.54,35.4078254699707,4.98,0.0,0
46938,299.28000000000003,19.854,0.0,0.0,457.003,0.0,0.0,0.0,5.732,0,19.0,1.16,309.825,2.3259000000000003,33.69,35.4078254699707,4.98,0.0,0
46938,299.11,19.854,-0.5,0.0,457.124,0.0,0.0,0.0,5.732,0,14.0,1.16,310.005,-0.23090000000000002,34.47,35.4078254699707,4.98,0.0,0
46938,299.28000000000003,19.854,0.0,0.0,457.124,0.0,0.0,0.0,5.732,0,21.0,1.145,310.005,0.39590000000000003,34.65,35.4078254699707,4.98,0.0,0
46938,298.939,19.844,-0.5,0.0,457.245,0.0,0.0,0.0,5.732,0,14.0,1.16,309.915,0.9238000000000001,36.15,35.4078254699707,4.98,0.0,0
46938,299.28000000000003,19.844,-0.5,0.0,457.184,0.0,0.0,0.0,5.732,0,12.0,1.18,310.005,5.4106000000000005,36.96,35.4078254699707,4.98,0.0,0
46938,299.11,19.844,0.0,0.0,457.365,0.0,0.0,0.0,5.732,0,12.0,1.09,309.915,-1.0557,36.51,35.4078254699707,4.98,0.0,0
46938,299.28000000000003,19.834,-0.5,0.0,456.82,0.0,0.0,0.0,5.732,0,10.0,1.17,309.915,-1.5836000000000001,36.06,35.4078254699707,4.98,0.0,0
46938,299.11,19.834,-1.0,0.0,456.882,0.0,0.0,0.0,5.732,0,12.0,1.125,309.915,-1.5836000000000001,35.52,35.4078254699707,4.98,0.0,0
46938,299.28000000000003,19.824,-0.5,0.0,457.305,0.0,0.0,0.0,5.732,0,21.0,1.16,309.915,1.5836000000000001,36.15,35.4078254699707,4.98,0.0,0
46938,298.769,19.824,0.0,0.0,457.305,0.0,0.0,0.0,5.732,0,13.0,1.1500000000000001,309.915,0.0,35.97,35.4078254699707,4.98,0.0,0
46938,299.11,19.824,0.0,0.0,457.003,0.0,0.0,0.0,5.732,0,13.0,1.16,309.915,-2.6393,35.94,35.4078254699707,4.98,0.0,0
46938,299.11,19.814,0.0,0.0,456.942,0.0,0.0,0.0,5.732,0,13.0,1.17,309.825,0.132,35.85,35.4078254699707,4.98,0.0,0
46938,299.28000000000003,19.814,0.0,0.0,457.184,0.0,0.0,0.0,5.732,0,11.0,1.175,309.825,1.3856000000000002,34.74,35.4078254699707,4.98,0.0,0
46938,299.11,19.805,0.0,0.0,456.82,0.0,0.0,0.0,5.732,0,12.0,1.1400000000000001,309.915,-1.0557,34.2,35.4078254699707,4.98,0.0,0
46938,299.11,19.805,-0.5,0.0,457.003,0.0,0.0,0.0,5.732,0,18.0,1.1500000000000001,309.825,3.6950000000000003,33.78,35.4078254699707,4.98,0.0,0
46938,298.939,19.805,-0.5,0.0,457.365,0.0,0.0,0.0,5.732,0,19.0,1.155,309.915,2.6393,34.800000000000004,35.4078254699707,4.98,0.0,0
46938,299.11,19.795,-0.5,0.0,457.003,0.0,0.0,0.0,5.732,0,21.0,1.17,309.915,-2.1114,36.15,35.4078254699707,4.98,0.0,0
46938,299.28000000000003,19.795,-0.5,0.0,456.76,0.0,0.0,0.0,5.732,0,11.0,1.17,309.825,-0.2639,37.38,35.4078254699707,4.98,0.0,0
46938,299.28000000000003,19.785,-0.5,0.0,456.82,0.0,0.0,0.0,5.732,0,13.0,1.1500000000000001,309.825,0.5938,37.53,35.4078254699707,4.98,0.0,0
46938,299.11,19.785,0.0,0.0,456.882,0.0,0.0,0.0,5.732,0,14.0,1.1500000000000001,309.825,-3.4311000000000003,36.9,35.4078254699707,4.98,0.0,0
46938,299.28000000000003,19.785,-0.5,0.0,457.245,0.0,0.0,0.0,5.732,0,12.0,1.1500000000000001,309.915,0.46190000000000003,35.22,35.4078254699707,4.98,0.0,0
46938,299.451,19.775000000000002,-0.5,0.0,457.003,0.0,0.0,0.0,5.732,0,16.0,1.18,309.915,2.3754,34.95,35.4078254699707,4.98,0.0,0
46938,299.28000000000003,19.775000000000002,-0.5,0.0,456.76,0.0,0.0,0.0,5.732,0,21.0,1.185,309.915,-0.5938,34.95,35.4078254699707,4.98,0.0,0
46938,299.28000000000003,19.775000000000002,0.0,0.0,457.003,0.0,0.0,0.0,5.732,0,19.0,1.1400000000000001,309.825,-0.5279,35.07,35.4078254699707,4.98,0.0,0
46938,298.939,19.775000000000002,0.0,0.0,457.003,0.0,0.0,0.0,5.732,0,19.0,1.145,309.915,-0.2639,35.07,35.4078254699707,4.98,0.0,0
46938,299.11,19.766000000000002,-0.5,0.0,457.063,0.0,0.0,0.0,5.732,0,12.0,1.165,309.825,-1.8310000000000002,35.07,35.4078254699707,4.98,0.0,0
46938,299.28000000000003,19.766000000000002,-0.5,0.0,457.245,0.0,0.0,0.0,5.732,0,14.0,1.16,309.915,-2.6393,35.13,35.4078254699707,4.98,0.0,0
46938,298.769,19.756,0.0,0.0,457.063,0.0,0.0,0.0,5.732,0,14.0,1.145,309.915,0.9073,35.04,35.4078254699707,4.98,0.0,0
46938,298.939,19.756,-0.5,0.0,457.063,0.0,0.0,0.0,5.732,0,10.0,1.17,309.915,3.2826,34.56,35.4078254699707,4.98,0.0,0
46938,299.28000000000003,19.756,0.0,0.0,457.003,0.0,0.0,0.0,5.732,0,11.0,1.145,309.825,-2.9032,35.01,35.4078254699707,4.98,0.0,0
46938,299.11,19.746000000000002,0.0,0.0,457.426,0.0,0.0,0.0,5.732,0,12.0,1.16,309.825,-3.0187,35.82,35.4078254699707,4.98,0.0,0
46938,299.11,19.746000000000002,-0.5,0.0,457.184,0.0,0.0,0.0,5.732,0,21.0,1.155,309.825,0.132,37.11,35.4078254699707,4.98,0.0,0
46938,299.11,19.736,-0.5,0.0,456.82,0.0,0.0,0.0,5.732,0,19.0,1.175,309.825,0.39590000000000003,37.35,35.4078254699707,4.98,0.0,0
46938,299.28000000000003,19.736,-0.5,0.0,456.942,0.0,0.0,0.0,5.732,0,19.0,1.155,309.915,1.0557,37.32,35.4078254699707,4.98,0.0,0
46938,299.11,19.736,-0.5,0.0,456.639,0.0,0.0,0.0,5.732,0,12.0,1.155,309.915,2.7548,36.42,35.4078254699707,4.98,0.0,0
46938,298.939,19.727,0.0,0.0,456.942,0.0,0.0,0.0,5.732,0,16.0,1.16,309.825,0.7918000000000001,35.46,35.4078254699707,4.98,0.0,0
46938,299.28000000000003,19.727,0.0,0.0,456.942,0.0,0.0,0.0,5.732,0,13.0,1.17,309.915,-1.8475000000000001,35.34,35.4078254699707,4.98,0.0,0
46938,299.11,19.727,-0.5,0.0,457.003,0.0,0.0,0.0,5.732,0,10.0,1.1300000000000001,310.005,2.2269,35.1,35.4078254699707,4.98,0.0,0
46938,299.11,19.717000000000002,-0.5,0.0,456.942,0.0,0.0,0.0,5.732,0,15.0,1.1400000000000001,309.915,3.5466,34.65,35.4078254699707,4.98,0.0,0
46938,299.28000000000003,19.717000000000002,-0.5,0.0,457.124,0.0,0.0,0.0,5.732,0,15.0,1.135,309.915,-2.1114,33.9,35.4078254699707,4.98,0.0,0
46938,298.939,19.717000000000002,-0.5,0.0,457.124,0.0,0.0,0.0,5.732,0,15.0,1.145,309.915,-2.1114,33.9,35.4078254699707,4.98,0.0,0
46938,299.28000000000003,19.707,-1.0,0.0,457.063,0.0,0.0,0.0,5.732,0,12.0,1.115,309.915,-1.5176,34.68,35.4078254699707,4.98,0.0,0
46938,299.11,19.707,0.0,0.0,456.82,0.0,0.0,0.0,5.732,0,19.0,1.155,309.915,-0.5279,35.01,35.4078254699707,4.98,0.0,0
46938,299.11,19.707,0.0,0.0,456.639,0.0,0.0,0.0,5.732,0,21.0,1.175,310.005,0.46190000000000003,36.03,35.4078254699707,4.98,0.0,0
46938,299.28000000000003,19.697,0.0,0.0,457.003,0.0,0.0,0.0,5.732,0,19.0,1.18,309.915,0.7918000000000001,36.93,35.4078254699707,4.98,0.0,0
46938,299.28000000000003,19.697,-0.5,0.0,457.184,0.0,0.0,0.0,5.732,0,18.0,1.2,309.825,-3.1012,37.38,35.4078254699707,4.98,0.0,0
46938,298.939,19.688000000000002,-0.5,0.0,457.063,0.0,0.0,0.0,5.732,0,13.0,1.155,309.825,-4.7507,37.230000000000004,35.4078254699707,4.98,0.0,0
46938,299.28000000000003,19.688000000000002,-0.5,0.0,457.184,0.0,0.0,0.0,5.732,0,14.0,1.135,309.915,0.0,36.660000000000004,35.4078254699707,4.98,0.0,0
46938,299.11,19.688000000000002,-0.5,0.0,457.124,0.0,0.0,0.0,5.732,0,12.0,1.165,309.915,2.9032,36.09,35.4078254699707,4.98,0.0,0
46938,298.939,19.678,-0.5,0.0,457.063,0.0,0.0,0.0,5.732,0,14.0,1.155,309.915,0.9897,35.94,35.4078254699707,4.98,0.0,0
46938,299.11,19.678,0.0,0.0,457.184,0.0,0.0,0.0,5.732,0,10.0,1.1500000000000001,309.825,-2.1114,35.58,35.4078254699707,4.98,0.0,0
46938,299.28000000000003,19.678,0.0,0.0,457.365,0.0,0.0,0.0,5.732,0,11.0,1.155,309.915,-1.0557,35.61,35.4078254699707,4.98,0.0,0
46938,299.11,19.668,0.0,0.0,457.184,0.0,0.0,0.0,5.732,0,11.0,1.155,309.825,0.0,35.46,35.4078254699707,4.98,0.0,0
46938,299.28000000000003,19.668,-0.5,0.0,457.003,0.0,0.0,0.0,5.732,0,11.0,1.18,309.825,0.0165,35.46,35.4078254699707,4.98,0.0,0
46938,299.11,19.668,-0.5,0.0,456.699,0.0,0.0,0.0,5.732,0,9.0,1.1400000000000001,310.005,1.8145,35.85,35.4078254699707,4.98,0.0,0
46938,299.11,19.658,-0.5,0.0,456.82,0.0,0.0,0.0,5.732,0,10.0,1.1300000000000001,309.915,0.2639,35.01,35.4078254699707,4.98,0.0,0
46938,299.11,19.658,0.0,0.0,457.063,0.0,0.0,0.0,5.732,0,11.0,1.155,309.915,-0.28040000000000004,34.74,35.4078254699707,4.98,0.0,0
46938,299.11,19.658,-0.5,0.0,457.124,0.0,0.0,0.0,5.732,0,14.0,1.155,309.825,-1.1547,35.46,35.4078254699707,4.98,0.0,0
46938,299.28000000000003,19.648,-0.5,0.0,456.882,0.0,0.0,0.0,5.732,0,13.0,1.16,309.825,0.7918000000000001,36.57,35.4078254699707,4.98,0.0,0
46938,299.11,19.648,-0.5,0.0,456.82,0.0,0.0,0.0,5.732,0,12.0,1.17,309.825,1.0722,37.29,35.4078254699707,4.98,0.0,0
46938,299.451,19.648,-0.5,0.0,456.942,0.0,0.0,0.0,5.732,0,11.0,1.145,309.69,-6.557,37.65,35.4078254699707,4.98,0.0,0
46938,299.11,19.639,-0.5,0.0,456.942,0.0,0.0,0.0,5.732,0,13.0,1.145,309.825,-1.0557,37.59,35.4078254699707,4.98,0.0,0
46938,299.11,19.639,-0.5,0.0,457.124,0.0,0.0,0.0,5.732,0,16.0,1.165,309.915,5.4271,37.08,35.4078254699707,4.98,0.0,0
46938,299.28000000000003,19.639,0.0,0.0,457.003,0.0,0.0,0.0,5.732,0,11.0,1.145,309.915,6.8622000000000005,37.02,35.4078254699707,4.98,0.0,0
46938,299.11,19.629,0.0,0.0,457.003,0.0,0.0,0.0,5.732,0,12.0,1.1400000000000001,309.915,0.8908,36.72,35.4078254699707,4.98,0.0,0
46938,299.28000000000003,19.629,-0.5,0.0,457.063,0.0,0.0,0.0,5.732,0,22.0,1.1500000000000001,309.825,-1.3196,36.12,35.4078254699707,4.98,0.0,0
46938,299.28000000000003,19.629,-0.5,0.0,456.882,0.0,0.0,0.0,5.732,0,18.0,1.155,309.915,3.6950000000000003,35.07,35.4078254699707,4.98,0.0,0
46938,299.28000000000003,19.619,-1.0,0.0,456.458,0.0,0.0,0.0,5.732,0,13.0,1.105,309.915,1.0557,34.74,35.4078254699707,4.98,0.0,0
46938,299.28000000000003,19.619,-1.0,0.0,456.51800000000003,0.0,0.0,0.0,5.732,0,16.0,1.145,309.915,-0.066,35.25,35.4078254699707,4.98,0.0,0
46938,299.11,19.619,0.0,0.0,456.942,0.0,0.0,0.0,5.732,0,10.0,1.24,310.005,-0.132,35.64,35.4078254699707,4.98,0.0,0
46938,298.939,19.609,-0.5,0.0,457.003,0.0,0.0,0.0,5.732,0,10.0,1.145,309.915,-2.1114,36.15,35.4078254699707,4.98,0.0,0
46938,299.28000000000003,19.609,-0.5,0.0,456.82,0.0,0.0,0.0,5.732,0,12.0,1.16,309.915,1.1877,36.75,35.4078254699707,4.98,0.0,0
46938,299.11,19.6,0.0,0.0,456.82,0.0,0.0,0.0,5.732,0,16.0,1.145,309.915,0.5938,36.84,35.4078254699707,4.98,0.0,0
46938,299.28000000000003,19.6,0.0,0.0,456.57800000000003,0.0,0.0,0.0,5.732,0,18.0,1.155,309.825,-0.2639,36.87,35.4078254699707,4.98,0.0,0
46938,299.451,19.6,0.0,0.0,457.003,0.0,0.0,0.0,5.732,0,13.0,1.115,309.825,0.066,36.99,35.4078254699707,4.98,0.0,0
46938,299.28000000000003,19.59,-1.0,0.0,456.942,0.0,0.0,0.0,5.732,0,12.0,1.1500000000000001,309.825,-0.5279,36.87,35.4078254699707,4.98,0.0,0
46938,299.451,19.59,-0.5,0.0,456.882,0.0,0.0,0.0,5.732,0,14.0,1.1500000000000001,309.915,-0.5938,35.910000000000004,35.4078254699707,4.98,0.0,0
46938,298.939,19.59,-1.0,0.0,457.184,0.0,0.0,0.0,5.732,0,10.0,1.1500000000000001,309.915,-0.2639,35.79,35.4078254699707,4.98,0.0,0
46938,299.451,19.580000000000002,-0.5,0.0,457.003,0.0,0.0,0.0,5.732,0,13.0,1.165,309.915,2.0455,35.19,35.4078254699707,4.98,0.0,0
46938,299.28000000000003,19.580000000000002,-0.5,0.0,456.639,0.0,0.0,0.0,5.732,0,16.0,1.22,309.915,0.0,35.550000000000004,35.4078254699707,4.98,0.0,0
46938,299.28000000000003,19.57,0.0,0.0,456.639,0.0,0.0,0.0,5.732,0,19.0,1.165,309.915,-2.6393,34.92,35.4078254699707,4.98,0.0,0
46938,298.939,19.57,0.0,0.0,456.639,0.0,0.0,0.0,5.732,0,19.0,1.1500000000000001,310.005,3.1672000000000002,35.01,35.4078254699707,4.98,0.0,0
46938,299.28000000000003,19.57,0.0,0.0,456.639,0.0,0.0,0.0,5.732,0,22.0,1.1400000000000001,309.915,3.4311000000000003,35.01,35.4078254699707,4.98,0.0,0
46938,299.451,19.57,-0.5,0.0,456.639,0.0,0.0,0.0,5.732,0,22.0,1.165,310.005,3.2826,35.31,35.4078254699707,4.98,0.0,0
46938,299.28000000000003,19.561,-0.5,0.0,457.184,0.0,0.0,0.0,5.732,0,11.0,1.155,309.825,-2.6228000000000002,36.45,35.4078254699707,4.98,0.0,0
46938,299.28000000000003,19.561,0.0,0.0,456.82,0.0,0.0,0.0,5.732,0,15.0,1.18,309.825,-2.7383,36.75,35.4078254699707,4.98,0.0,0
46938,299.11,19.561,-0.5,0.0,456.82,0.0,0.0,0.0,5.732,0,14.0,1.155,309.915,-1.963,36.12,35.4078254699707,4.98,0.0,0
46938,298.939,19.551000000000002,0.0,0.0,456.82,0.0,0.0,0.0,5.732,0,11.0,1.17,309.915,4.4703,36.39,35.4078254699707,4.98,0.0,0
46938,299.451,19.551000000000002,0.0,0.0,456.82,0.0,0.0,0.0,5.732,0,11.0,1.1500000000000001,309.825,0.7918000000000001,36.300000000000004,35.4078254699707,4.98,0.0,0
46938,299.28000000000003,19.551000000000002,-0.5,0.0,457.003,0.0,0.0,0.0,5.732,0,12.0,1.155,309.825,-3.9424,36.18,35.4078254699707,4.98,0.0,0
46938,299.28000000000003,19.541,0.0,0.0,457.003,0.0,0.0,0.0,5.732,0,13.0,1.175,309.825,0.14850000000000002,36.39,35.4078254699707,4.98,0.0,0
46938,299.11,19.541,0.0,0.0,457.426,0.0,0.0,0.0,5.732,0,21.0,1.175,309.825,1.9795,36.42,35.4078254699707,4.98,0.0,0
46938,299.28000000000003,19.531000000000002,-0.5,0.0,457.003,0.0,0.0,0.0,5.732,0,17.0,1.145,309.825,-0.39590000000000003,36.36,35.4078254699707,4.98,0.0,0
46938,299.11,19.531000000000002,0.0,0.0,456.82,0.0,0.0,0.0,5.732,0,12.0,1.1300000000000001,309.825,-1.0392000000000001,35.67,35.4078254699707,4.98,0.0,0
46938,299.451,19.531000000000002,-0.5,0.0,457.365,0.0,0.0,0.0,5.732,0,15.0,1.1500000000000001,309.915,0.9073,34.08,35.4078254699707,4.98,0.0,0
46938,298.939,19.521,0.0,0.0,457.063,0.0,0.0,0.0,5.732,0,13.0,1.145,309.915,1.9795,33.69,35.4078254699707,4.98,0.0,0
46938,299.28000000000003,19.521,-0.5,0.0,457.365,0.0,0.0,0.0,5.732,0,16.0,1.11,309.915,1.1712,34.74,35.4078254699707,4.98,0.0,0
46938,299.28000000000003,19.521,-0.5,0.0,457.063,0.0,0.0,0.0,5.732,0,14.0,1.245,309.915,0.6433,36.15,35.4078254699707,4.98,0.0,0
46938,299.11,19.512,0.0,0.0,456.82,0.0,0.0,0.0,5.732,0,14.0,1.2,309.825,0.9402,37.74,35.4078254699707,4.98,0.0,0
46938,299.11,19.512,0.0,0.0,457.063,0.0,0.0,0.0,5.732,0,10.0,1.1500000000000001,309.825,-2.3589,37.59,35.4078254699707,4.98,0.0,0
46938,298.939,19.512,0.0,0.0,457.486,0.0,0.0,0.0,5.732,0,11.0,1.205,309.915,-1.9795,36.300000000000004,35.4078254699707,4.98,0.0,0
46938,299.28000000000003,19.502000000000002,-0.5,0.0,457.486,0.0,0.0,0.0,5.732,0,11.0,1.175,309.915,-1.5836000000000001,36.18,35.4078254699707,4.98,0.0,0
46938,299.28000000000003,19.502000000000002,0.0,0.0,457.184,0.0,0.0,0.0,5.732,0,13.0,1.175,309.915,2.3754,35.910000000000004,35.4078254699707,4.98,0.0,0
46938,299.28000000000003,19.502000000000002,-0.5,0.0,457.003,0.0,0.0,0.0,5.732,0,16.0,1.125,309.825,1.0557,36.0,35.4078254699707,4.98,0.0,0
46938,299.28000000000003,19.492,-1.0,0.0,457.003,0.0,0.0,0.0,5.732,0,20.0,1.185,309.915,-0.7918000000000001,36.480000000000004,35.4078254699707,4.98,0.0,0
46938,299.28000000000003,19.492,0.0,0.0,457.003,0.0,0.0,0.0,5.732,0,13.0,1.17,309.825,-0.46190000000000003,36.9,35.4078254699707,4.98,0.0,0
46938,299.28000000000003,19.492,-0.5,0.0,457.003,0.0,0.0,0.0,5.732,0,14.0,1.2,309.915,1.0557,35.67,35.4078254699707,4.98,0.0,0
46938,299.11,19.482,-0.5,0.0,457.063,0.0,0.0,0.0,5.732,0,11.0,1.17,309.915,-2.1114,34.230000000000004,35.4078254699707,4.98,0.0,0
46938,299.451,19.482,-0.5,0.0,457.184,0.0,0.0,0.0,5.732,0,12.0,1.195,309.825,1.3196,33.42,35.4078254699707,4.98,0.0,0
46938,298.939,19.482,-0.5,0.0,456.942,0.0,0.0,0.0,5.732,0,11.0,1.175,309.915,2.1114,33.27,35.4078254699707,4.98,0.0,0
46938,298.939,19.473000000000003,-0.5,0.0,457.365,0.0,0.0,0.0,5.732,0,14.0,1.17,309.825,-3.6950000000000003,34.83,35.4078254699707,4.98,0.0,0
46938,299.28000000000003,19.473000000000003,-0.5,0.0,457.184,0.0,0.0,0.0,5.732,0,20.0,1.17,309.915,0.46190000000000003,36.24,35.4078254699707,4.98,0.0,0
46938,299.11,19.473000000000003,-0.5,0.0,457.124,0.0,0.0,0.0,5.732,0,15.0,1.1400000000000001,309.825,-1.0557,38.04,35.4078254699707,4.98,0.0,0
46938,299.28000000000003,19.463,-0.5,0.0,457.245,0.0,0.0,0.0,5.732,0,16.0,1.1500000000000001,309.915,2.0455,38.43,35.4078254699707,4.98,0.0,0
46938,299.28000000000003,19.463,0.0,0.0,457.305,0.0,0.0,0.0,5.732,0,12.0,1.145,309.825,0.5279,37.14,35.4078254699707,4.98,0.0,0
46938,299.11,19.453,-0.5,0.0,457.305,0.0,0.0,0.0,5.732,0,14.0,1.165,309.69,-7.0271,35.730000000000004,35.4078254699707,4.98,0.0,0
46938,299.28000000000003,19.453,0.0,0.0,457.003,0.0,0.0,0.0,5.732,0,14.0,1.205,309.825,-5.0147,35.28,35.4078254699707,4.98,0.0,0
46938,298.939,19.453,-0.5,0.0,457.184,0.0,0.0,0.0,5.732,0,13.0,1.215,310.005,6.4663,35.04,35.4078254699707,4.98,0.0,0
46938,298.939,19.443,0.0,0.0,456.82,0.0,0.0,0.0,5.732,0,13.0,1.1400000000000001,309.825,4.0909,35.160000000000004,35.4078254699707,4.98,0.0,0
46938,299.11,19.443,-0.5,0.0,457.003,0.0,0.0,0.0,5.732,0,13.0,1.23,309.915,-1.6496000000000002,35.22,35.4078254699707,4.98,0.0,0
46938,298.939,19.443,-0.5,0.0,457.184,0.0,0.0,0.0,5.732,0,13.0,1.2,309.915,-1.0557,34.59,35.4078254699707,4.98,0.0,0
46938,299.11,19.434,-0.5,0.0,457.486,0.0,0.0,0.0,5.732,0,16.0,1.185,309.915,-0.066,34.62,35.4078254699707,4.98,0.0,0
46938,299.11,19.434,0.0,0.0,457.063,0.0,0.0,0.0,5.732,0,19.0,1.135,309.825,-0.2639,33.99,35.4078254699707,4.98,0.0,0
46938,299.451,19.434,-0.5,0.0,457.003,0.0,0.0,0.0,5.732,0,22.0,1.2,309.825,-0.9897,33.99,35.4078254699707,4.98,0.0,0
46938,299.11,19.424,-0.5,0.0,457.003,0.0,0.0,0.0,5.732,0,19.0,1.2,309.825,-1.5836000000000001,34.62,35.4078254699707,4.98,0.0,0
46938,299.28000000000003,19.424,-0.5,0.0,456.82,0.0,0.0,0.0,5.732,0,13.0,1.17,309.915,-0.066,36.15,35.4078254699707,4.98,0.0,0
46938,299.28000000000003,19.424,-0.5,0.0,457.003,0.0,0.0,0.0,5.732,0,15.0,1.18,309.915,1.3196,36.51,35.4078254699707,4.98,0.0,0
46938,298.939,19.414,-0.5,0.0,457.184,0.0,0.0,0.0,5.732,0,10.0,1.18,309.915,2.0455,36.45,35.4078254699707,4.98,0.0,0
46938,299.28000000000003,19.414,0.0,0.0,457.124,0.0,0.0,0.0,5.732,0,10.0,1.19,309.825,-2.1114,35.88,35.4078254699707,4.98,0.0,0
46938,299.11,19.414,-1.0,0.0,457.124,0.0,0.0,0.0,5.732,0,10.0,1.19,309.915,-1.5836000000000001,35.94,35.4078254699707,4.98,0.0,0
46938,299.11,19.404,-0.5,0.0,457.184,0.0,0.0,0.0,5.732,0,11.0,1.125,309.915,-2.7053000000000003,35.1,35.4078254699707,4.98,0.0,0
46938,299.28000000000003,19.404,-0.5,0.0,457.184,0.0,0.0,0.0,5.732,0,11.0,1.22,309.69,-0.42060000000000003,34.68,35.4078254699707,4.98,0.0,0
46938,299.11,19.404,-0.5,0.0,457.063,0.0,0.0,0.0,5.732,0,12.0,1.1500000000000001,309.915,1.3032000000000001,34.2,35.4078254699707,4.98,0.0,0
46938,299.28000000000003,19.395,-0.5,0.0,456.882,0.0,0.0,0.0,5.732,0,17.0,1.185,309.915,-1.8475000000000001,34.14,35.4078254699707,4.98,0.0,0
46938,299.28000000000003,19.395,-0.5,0.0,457.003,0.0,0.0,0.0,5.732,0,19.0,1.11,309.915,3.2991,33.9,35.4078254699707,4.98,0.0,0
46938,299.28000000000003,19.395,0.0,0.0,457.365,0.0,0.0,0.0,5.732,0,16.0,1.155,309.69,1.0310000000000001,33.54,35.4078254699707,4.98,0.0,0
46938,299.451,19.385,-0.5,0.0,457.245,0.0,0.0,0.0,5.732,0,16.0,1.175,309.915,-2.4826,33.660000000000004,35.4078254699707,4.98,0.0,0
46938,299.11,19.385,0.0,0.0,457.305,0.0,0.0,0.0,5.732,0,12.0,1.185,309.915,-2.0455,34.2,35.4078254699707,4.98,0.0,0
46938,299.28000000000003,19.385,0.0,0.0,456.942,0.0,0.0,0.0,5.732,0,16.0,1.185,309.915,3.761,35.550000000000004,35.4078254699707,4.98,0.0,0
46938,299.28000000000003,19.375,-0.5,0.0,457.063,0.0,0.0,0.0,5.732,0,13.0,1.19,309.915,-0.6598,36.15,35.4078254699707,4.98,0.0,0
46938,299.28000000000003,19.375,-1.0,0.0,457.124,0.0,0.0,0.0,5.732,0,15.0,1.18,309.915,1.4351,35.79,35.4078254699707,4.98,0.0,0
46938,299.11,19.375,0.0,0.0,456.942,0.0,0.0,0.0,5.732,0,16.0,1.16,309.915,0.6598,35.37,35.4078254699707,4.98,0.0,0
46938,298.939,19.365000000000002,0.0,0.0,456.882,0.0,0.0,0.0,5.732,0,18.0,1.1500000000000001,309.915,-1.3361,36.45,35.4078254699707,4.98,0.0,0
46938,299.28000000000003,19.365000000000002,-0.5,0.0,457.003,0.0,0.0,0.0,5.732,0,19.0,1.185,310.005,0.7753,35.910000000000004,35.4078254699707,4.98,0.0,0
46938,299.11,19.365000000000002,-0.5,0.0,456.76,0.0,0.0,0.0,5.732,0,17.0,1.1400000000000001,309.915,0.6433,35.1,35.4078254699707,4.98,0.0,0
46938,299.28000000000003,19.355,-0.5,0.0,456.882,0.0,0.0,0.0,5.732,0,20.0,1.195,309.825,-2.7548,34.980000000000004,35.4078254699707,4.98,0.0,0
46938,299.11,19.355,-0.5,0.0,456.942,0.0,0.0,0.0,5.732,0,15.0,1.235,309.915,-0.8083,34.35,35.4078254699707,4.98,0.0,0
46938,299.11,19.346,0.0,0.0,456.699,0.0,0.0,0.0,5.732,0,18.0,1.175,309.915,1.8475000000000001,33.78,35.4078254699707,4.98,0.0,0
46938,299.28000000000003,19.346,-0.5,0.0,457.003,0.0,0.0,0.0,5.732,0,15.0,1.175,309.825,0.28040000000000004,34.17,35.4078254699707,4.98,0.0,0
46938,299.28000000000003,19.346,0.0,0.0,457.245,0.0,0.0,0.0,5.732,0,19.0,1.165,309.915,-3.563,33.78,35.4078254699707,4.98,0.0,0
46938,299.28000000000003,19.336000000000002,-0.5,0.0,457.184,0.0,0.0,0.0,5.732,0,20.0,1.17,309.915,-1.0557,33.39,35.4078254699707,4.98,0.0,0
46938,299.28000000000003,19.336000000000002,-0.5,0.0,457.003,0.0,0.0,0.0,5.732,0,19.0,1.165,309.915,-0.5279,33.36,35.4078254699707,4.98,0.0,0
46938,299.28000000000003,19.336000000000002,-0.5,0.0,456.882,0.0,0.0,0.0,5.732,0,22.0,1.165,309.915,2.0455,33.9,35.4078254699707,4.98,0.0,0
46938,298.939,19.336000000000002,-0.5,0.0,457.184,0.0,0.0,0.0,5.732,0,17.0,1.145,309.915,-0.2639,35.49,35.4078254699707,4.98,0.0,0
46938,299.28000000000003,19.326,0.0,0.0,457.124,0.0,0.0,0.0,5.732,0,14.0,1.185,309.915,1.0557,36.81,35.4078254699707,4.98,0.0,0
46938,299.28000000000003,19.326,-0.5,0.0,457.365,0.0,0.0,0.0,5.732,0,15.0,1.195,309.69,-4.6188,37.35,35.4078254699707,4.98,0.0,0
46938,299.28000000000003,19.326,-0.5,0.0,457.486,0.0,0.0,0.0,5.732,0,13.0,1.19,309.825,-3.8930000000000002,37.47,35.4078254699707,4.98,0.0,0
46938,299.28000000000003,19.316000000000003,-0.5,0.0,457.305,0.0,0.0,0.0,5.732,0,14.0,1.165,309.915,2.2434000000000003,36.72,35.4078254699707,4.98,0.0,0
46938,299.11,19.316000000000003,-0.5,0.0,457.184,0.0,0.0,0.0,5.732,0,15.0,1.165,309.825,3.0682,34.92,35.4078254699707,4.98,0.0,0
46938,299.28000000000003,19.316000000000003,-0.5,0.0,457.063,0.0,0.0,0.0,5.732,0,9.0,1.1500000000000001,309.915,1.0557,33.87,35.4078254699707,4.98,0.0,0
46938,299.28000000000003,19.307000000000002,0.0,0.0,457.063,0.0,0.0,0.0,5.732,0,9.0,1.185,309.825,-2.0455,33.27,35.4078254699707,4.98,0.0,0
46938,299.28000000000003,19.307000000000002,0.0,0.0,457.003,0.0,0.0,0.0,5.732,0,10.0,1.145,309.825,-2.3754,33.51,35.4078254699707,4.98,0.0,0
46938,299.28000000000003,19.307000000000002,-0.5,0.0,456.882,0.0,0.0,0.0,5.732,0,12.0,1.18,309.915,0.0,34.56,35.4078254699707,4.98,0.0,0
46938,299.28000000000003,19.297,-0.5,0.0,457.184,0.0,0.0,0.0,5.732,0,12.0,1.185,309.915,2.9032,35.07,35.4078254699707,4.98,0.0,0
46938,299.28000000000003,19.297,-0.5,0.0,457.184,0.0,0.0,0.0,5.732,0,21.0,1.105,309.915,2.5733,35.19,35.4078254699707,4.98,0.0,0
46938,299.11,19.297,0.0,0.0,457.184,0.0,0.0,0.0,5.732,0,13.0,1.155,309.915,1.3196,35.19,35.4078254699707,4.98,0.0,0
46938,299.621,19.287000000000003,-0.5,0.0,457.305,0.0,0.0,0.0,5.732,0,19.0,1.165,309.825,0.5938,35.46,35.4078254699707,4.98,0.0,0
46938,299.28000000000003,19.287000000000003,-0.5,0.0,457.305,0.0,0.0,0.0,5.732,0,13.0,1.18,310.005,0.0,35.46,35.4078254699707,4.98,0.0,0
46938,299.28000000000003,19.287000000000003,-0.5,0.0,457.365,0.0,0.0,0.0,5.732,0,15.0,1.245,309.915,-1.0557,35.160000000000004,35.4078254699707,4.98,0.0,0
46938,299.11,19.277,0.0,0.0,457.365,0.0,0.0,0.0,5.732,0,15.0,1.19,309.825,0.7918000000000001,35.4,35.4078254699707,4.98,0.0,0
46938,299.11,19.277,0.0,0.0,457.245,0.0,0.0,0.0,5.732,0,14.0,1.165,309.915,-2.5733,35.76,35.4078254699707,4.98,0.0,0
46938,299.28000000000003,19.268,-0.5,0.0,457.003,0.0,0.0,0.0,5.732,0,15.0,1.18,309.915,1.4516,36.12,35.4078254699707,4.98,0.0,0
46938,299.28000000000003,19.268,-0.5,0.0,457.003,0.0,0.0,0.0,5.732,0,17.0,1.16,309.915,3.3651,36.03,35.4078254699707,4.98,0.0,0
46938,299.451,19.268,0.0,0.0,457.003,0.0,0.0,0.0,5.732,0,18.0,1.17,309.915,3.3486000000000002,35.97,35.4078254699707,4.98,0.0,0
46938,299.451,19.268,0.0,0.0,457.305,0.0,0.0,0.0,5.732,0,20.0,1.155,309.915,-1.3196,35.46,35.4078254699707,4.98,0.0,0
46938,299.28000000000003,19.258000000000003,-0.5,0.0,457.184,0.0,0.0,0.0,5.732,0,17.0,1.16,309.915,-0.132,34.47,35.4078254699707,4.98,0.0,0
46938,298.939,19.258000000000003,-0.5,0.0,457.245,0.0,0.0,0.0,5.732,0,14.0,1.185,309.915,0.132,34.05,35.4078254699707,4.98,0.0,0
46938,299.11,19.258000000000003,-0.5,0.0,457.124,0.0,0.0,0.0,5.732,0,14.0,1.155,309.825,-1.5671000000000002,33.12,35.4078254699707,4.98,0.0,0
46938,299.28000000000003,19.248,-0.5,0.0,457.063,0.0,0.0,0.0,5.732,0,12.0,1.17,309.825,0.14850000000000002,33.63,35.4078254699707,4.98,0.0,0
46938,299.28000000000003,19.248,-0.5,0.0,456.82,0.0,0.0,0.0,5.732,0,12.0,1.23,309.915,-0.5279,35.04,35.4078254699707,4.98,0.0,0
46938,299.28000000000003,19.248,0.0,0.0,457.003,0.0,0.0,0.0,5.732,0,12.0,1.19,309.825,0.0,37.02,35.4078254699707,4.98,0.0,0
46938,299.28000000000003,19.238,0.0,0.0,457.003,0.0,0.0,0.0,5.732,0,12.0,1.185,309.915,0.6598,36.660000000000004,35.4078254699707,4.98,0.0,0
46938,298.939,19.238,0.0,0.0,456.639,0.0,0.0,0.0,5.732,0,15.0,1.16,309.915,2.2434000000000003,36.300000000000004,35.4078254699707,4.98,0.0,0
46938,299.11,19.238,-0.5,0.0,456.337,0.0,0.0,0.0,5.732,0,14.0,1.185,309.915,3.4311000000000003,35.79,35.4078254699707,4.98,0.0,0
46938,299.28000000000003,19.229,-0.5,0.0,456.51800000000003,0.0,0.0,0.0,5.732,0,16.0,1.18,309.915,1.7155,35.550000000000004,35.4078254699707,4.98,0.0,0
46938,299.28000000000003,19.229,-0.5,0.0,456.942,0.0,0.0,0.0,5.732,0,14.0,1.165,309.915,-2.0949,35.82,35.4078254699707,4.98,0.0,0
46938,298.939,19.229,0.0,0.0,456.942,0.0,0.0,0.0,5.732,0,18.0,1.19,309.915,0.132,36.21,35.4078254699707,4.98,0.0,0
46938,299.451,19.219,-1.0,0.0,456.82,0.0,0.0,0.0,5.732,0,20.0,1.195,309.915,1.5836000000000001,35.64,35.4078254699707,4.98,0.0,0
46938,299.11,19.219,0.0,0.0,456.882,0.0,0.0,0.0,5.732,0,18.0,1.175,309.915,-3.8270000000000004,35.43,35.4078254699707,4.98,0.0,0
46938,299.28000000000003,19.219,0.0,0.0,456.57800000000003,0.0,0.0,0.0,5.732,0,12.0,1.1300000000000001,309.915,-2.2269,34.92,35.4078254699707,4.98,0.0,0
46938,299.28000000000003,19.209,-0.5,0.0,456.337,0.0,0.0,0.0,5.732,0,14.0,1.1500000000000001,309.825,-2.5568,34.83,35.4078254699707,4.98,0.0,0
46938,299.11,19.209,0.0,0.0,456.82,0.0,0.0,0.0,5.732,0,13.0,1.16,309.825,-1.6496000000000002,34.83,35.4078254699707,4.98,0.0,0
46938,299.11,19.209,0.0,0.0,457.365,0.0,0.0,0.0,5.732,0,10.0,1.135,310.005,1.3691,36.09,35.4078254699707,4.98,0.0,0
46938,299.11,19.199,-0.5,0.0,457.124,0.0,0.0,0.0,5.732,0,12.0,1.175,309.915,4.7095,36.9,35.4078254699707,4.98,0.0,0
46938,298.939,19.199,-0.5,0.0,456.82,0.0,0.0,0.0,5.732,0,21.0,1.185,309.915,2.4908,36.87,35.4078254699707,4.98,0.0,0
46938,298.939,19.199,-0.5,0.0,456.76,0.0,0.0,0.0,5.732,0,11.0,1.165,309.915,-1.7155,36.75,35.4078254699707,4.98,0.0,0
46938,299.28000000000003,19.189,-0.5,0.0,456.82,0.0,0.0,0.0,5.732,0,13.0,1.205,309.825,-0.5114000000000001,36.36,35.4078254699707,4.98,0.0,0
46938,299.11,19.189,-1.0,0.0,457.184,0.0,0.0,0.0,5.732,0,10.0,1.1500000000000001,309.915,-0.9238000000000001,36.72,35.4078254699707,4.98,0.0,0
46938,299.11,19.189,-0.5,0.0,457.184,0.0,0.0,0.0,5.732,0,15.0,1.1500000000000001,309.915,-0.7918000000000001,36.78,35.4078254699707,4.98,0.0,0
46938,298.939,19.189,-0.5,0.0,456.639,0.0,0.0,0.0,5.732,0,16.0,1.175,309.915,-2.1114,36.57,35.4078254699707,4.98,0.0,0
46938,299.451,19.18,-0.5,0.0,456.76,0.0,0.0,0.0,5.732,0,14.0,1.195,309.915,0.5279,36.21,35.4078254699707,4.98,0.0,0
46938,299.11,19.18,-0.5,0.0,457.003,0.0,0.0,0.0,5.732,0,9.0,1.185,309.825,1.1217000000000001,36.21,35.4078254699707,4.98,0.0,0
46938,299.11,19.18,0.0,0.0,457.365,0.0,0.0,0.0,5.732,0,11.0,1.175,309.825,-1.8475000000000001,35.25,35.4078254699707,4.98,0.0,0
46938,299.28000000000003,19.17,-0.5,0.0,457.245,0.0,0.0,0.0,5.732,0,14.0,1.175,309.915,1.0557,34.38,35.4078254699707,4.98,0.0,0
46938,299.28000000000003,19.17,-0.5,0.0,457.003,0.0,0.0,0.0,5.732,0,13.0,1.1400000000000001,309.915,1.5836000000000001,34.65,35.4078254699707,4.98,0.0,0
46938,299.28000000000003,19.17,0.0,0.0,456.882,0.0,0.0,0.0,5.732,0,16.0,1.145,309.915,-1.6496000000000002,34.980000000000004,35.4078254699707,4.98,0.0,0
46938,299.11,19.16,0.0,0.0,456.639,0.0,0.0,0.0,5.732,0,16.0,1.185,309.915,1.0557,35.79,35.4078254699707,4.98,0.0,0
46938,299.451,19.16,-0.5,0.0,456.639,0.0,0.0,0.0,5.732,0,20.0,1.17,309.915,0.0,37.26,35.4078254699707,4.98,0.0,0
46938,299.621,19.16,-0.5,0.0,456.699,0.0,0.0,0.0,5.732,0,21.0,1.18,309.825,-1.5836000000000001,37.53,35.4078254699707,4.98,0.0,0
46938,299.28000000000003,19.150000000000002,-0.5,0.0,457.003,0.0,0.0,0.0,5.732,0,21.0,1.1300000000000001,309.915,-0.5279,37.47,35.4078254699707,4.98,0.0,0
46938,299.11,19.150000000000002,0.0,0.0,457.365,0.0,0.0,0.0,5.732,0,17.0,1.195,309.915,-0.7918000000000001,36.75,35.4078254699707,4.98,0.0,0
46938,298.939,19.150000000000002,0.0,0.0,457.003,0.0,0.0,0.0,5.732,0,14.0,1.145,309.69,1.1547,35.64,35.4078254699707,4.98,0.0,0
46938,299.11,19.141000000000002,0.0,0.0,456.51800000000003,0.0,0.0,0.0,5.732,0,13.0,1.12,309.915,-3.6950000000000003,35.58,35.4078254699707,4.98,0.0,0
46938,299.28000000000003,19.141000000000002,0.0,0.0,456.942,0.0,0.0,0.0,5.732,0,16.0,1.175,309.915,-0.7918000000000001,35.31,35.4078254699707,4.98,0.0,0
46938,299.28000000000003,19.141000000000002,-0.5,0.0,456.882,0.0,0.0,0.0,5.732,0,11.0,1.115,309.915,8.1818,35.52,35.4078254699707,4.98,0.0,0
46938,299.28000000000003,19.131,-1.0,0.0,456.639,0.0,0.0,0.0,5.732,0,11.0,1.135,309.825,-0.46190000000000003,35.160000000000004,35.4078254699707,4.98,0.0,0
46938,299.11,19.131,-0.5,0.0,456.82,0.0,0.0,0.0,5.732,0,10.0,1.11,310.005,1.3196,34.800000000000004,35.4078254699707,4.98,0.0,0
46938,299.28000000000003,19.131,-0.5,0.0,456.942,0.0,0.0,0.0,5.732,0,11.0,1.22,309.915,4.2229,34.77,35.4078254699707,4.98,0.0,0
46938,299.11,19.121000000000002,-0.5,0.0,456.82,0.0,0.0,0.0,5.732,0,16.0,1.185,309.825,-1.8475000000000001,35.52,35.4078254699707,4.98,0.0,0
46938,299.28000000000003,19.121000000000002,0.0,0.0,456.397,0.0,0.0,0.0,5.732,0,18.0,1.175,309.915,-3.629,36.300000000000004,35.4078254699707,4.98,0.0,0
46938,299.451,19.121000000000002,-0.5,0.0,456.397,0.0,0.0,0.0,5.732,0,21.0,1.17,309.915,-2.8867000000000003,36.39,35.4078254699707,4.98,0.0,0
46938,299.11,19.121000000000002,-0.5,0.0,456.639,0.0,0.0,0.0,5.732,0,16.0,1.145,309.825,-0.6433,36.81,35.4078254699707,4.98,0.0,0
46938,299.11,19.111,-1.0,0.0,456.942,0.0,0.0,0.0,5.732,0,17.0,1.24,309.825,-1.8475000000000001,37.26,35.4078254699707,4.98,0.0,0
46938,299.28000000000003,19.111,-0.5,0.0,456.699,0.0,0.0,0.0,5.732,0,12.0,1.19,309.825,1.4681,37.83,35.4078254699707,4.98,0.0,0
46938,299.28000000000003,19.111,-0.5,0.0,456.942,0.0,0.0,0.0,5.732,0,14.0,1.175,309.915,3.1507,37.5,35.4078254699707,4.98,0.0,0
46938,299.11,19.102,0.0,0.0,457.003,0.0,0.0,0.0,5.732,0,14.0,1.1500000000000001,309.825,-1.7815,36.9,35.4078254699707,4.98,0.0,0
46938,299.28000000000003,19.102,0.0,0.0,456.82,0.0,0.0,0.0,5.732,0,12.0,1.185,309.915,-0.3299,35.76,35.4078254699707,4.98,0.0,0
46938,299.28000000000003,19.102,-0.5,0.0,456.82,0.0,0.0,0.0,5.732,0,10.0,1.18,309.915,-0.46190000000000003,35.07,35.4078254699707,4.98,0.0,0
46938,299.28000000000003,19.092000000000002,-0.5,0.0,456.639,0.0,0.0,0.0,5.732,0,12.0,1.1400000000000001,309.915,1.1464,34.38,35.4078254699707,4.98,0.0,0
46938,299.28000000000003,19.092000000000002,0.0,0.0,456.51800000000003,0.0,0.0,0.0,5.732,0,12.0,1.17,309.915,0.7918000000000001,34.35,35.4078254699707,4.98,0.0,0
46938,299.28000000000003,19.092000000000002,-0.5,0.0,456.639,0.0,0.0,0.0,5.732,0,10.0,1.175,309.825,-1.1877,34.800000000000004,35.4078254699707,4.98,0.0,0
46938,298.939,19.082,-0.5,0.0,456.639,0.0,0.0,0.0,5.732,0,11.0,1.155,310.005,-1.996,34.71,35.4078254699707,4.98,0.0,0
46938,299.28000000000003,19.082,-0.5,0.0,456.82,0.0,0.0,0.0,5.732,0,20.0,1.185,309.915,2.3754,35.910000000000004,35.4078254699707,4.98,0.0,0
46938,299.28000000000003,19.082,0.0,0.0,456.882,0.0,0.0,0.0,5.732,0,17.0,1.18,309.915,2.6393,36.06,35.4078254699707,4.98,0.0,0
46938,299.11,19.082,-0.5,0.0,456.639,0.0,0.0,0.0,5.732,0,22.0,1.165,309.915,1.5176,37.71,35.4078254699707,4.98,0.0,0
46938,299.28000000000003,19.072,-0.5,0.0,456.397,0.0,0.0,0.0,5.732,0,20.0,1.18,310.005,1.3196,38.52,35.4078254699707,4.98,0.0,0
46938,299.11,19.072,0.0,0.0,456.639,0.0,0.0,0.0,5.732,0,16.0,1.145,309.825,-0.46190000000000003,38.22,35.4078254699707,4.98,0.0,0
46938,299.11,19.072,-0.5,0.0,456.942,0.0,0.0,0.0,5.732,0,13.0,1.17,309.825,-6.0704,37.17,35.4078254699707,4.98,0.0,0
46938,299.11,19.063000000000002,-0.5,0.0,456.882,0.0,0.0,0.0,5.732,0,15.0,1.1500000000000001,309.915,-2.0455,36.6,35.4078254699707,4.98,0.0,0
46938,299.28000000000003,19.063000000000002,-0.5,0.0,456.82,0.0,0.0,0.0,5.732,0,15.0,1.195,309.915,2.9032,35.43,35.4078254699707,4.98,0.0,0
46938,298.939,19.063000000000002,0.0,0.0,456.57800000000003,0.0,0.0,0.0,5.732,0,16.0,1.18,309.915,-0.066,35.49,35.4078254699707,4.98,0.0,0
46938,299.28000000000003,19.053,-0.5,0.0,456.337,0.0,0.0,0.0,5.732,0,12.0,1.22,309.69,-4.6188,35.4,35.4078254699707,4.98,0.0,0
46938,299.28000000000003,19.053,-0.5,0.0,456.51800000000003,0.0,0.0,0.0,5.732,0,9.0,1.205,309.915,0.2639,34.83,35.4078254699707,4.98,0.0,0
46938,299.11,19.053,-0.5,0.0,456.51800000000003,0.0,0.0,0.0,5.732,0,11.0,1.1500000000000001,309.825,3.0352,35.25,35.4078254699707,4.98,0.0,0
46938,299.28000000000003,19.043,-0.5,0.0,456.57800000000003,0.0,0.0,0.0,5.732,0,10.0,1.19,309.915,2.4743,35.43,35.4078254699707,4.98,0.0,0
46938,299.28000000000003,19.043,-0.5,0.0,456.82,0.0,0.0,0.0,5.732,0,10.0,1.195,309.825,-3.4311000000000003,35.49,35.4078254699707,4.98,0.0,0
46938,299.28000000000003,19.043,-0.5,0.0,456.51800000000003,0.0,0.0,0.0,5.732,0,9.0,1.175,309.915,0.46190000000000003,36.36,35.4078254699707,4.98,0.0,0
46938,299.451,19.033,-0.5,0.0,456.458,0.0,0.0,0.0,5.732,0,11.0,1.19,309.915,1.8475000000000001,37.08,35.4078254699707,4.98,0.0,0
46938,299.621,19.033,-0.5,0.0,456.337,0.0,0.0,0.0,5.732,0,11.0,1.17,309.915,-0.5938,37.38,35.4078254699707,4.98,0.0,0
46938,299.28000000000003,19.033,-0.5,0.0,456.51800000000003,0.0,0.0,0.0,5.732,0,12.0,1.16,309.915,0.0,37.47,35.4078254699707,4.98,0.0,0
46938,299.28000000000003,19.023,-0.5,0.0,456.51800000000003,0.0,0.0,0.0,5.732,0,15.0,1.19,309.825,0.5938,36.81,35.4078254699707,4.98,0.0,0
46938,299.11,19.023,-0.5,0.0,456.397,0.0,0.0,0.0,5.732,0,11.0,1.16,309.825,-2.3754,36.300000000000004,35.4078254699707,4.98,0.0,0
46938,298.598,19.023,0.5,0.0,456.51800000000003,0.0,0.0,0.0,5.732,0,11.0,1.195,309.915,0.0,35.61,35.4078254699707,4.98,0.0,0
46938,282.568,19.072,12.200000000000001,1.0,456.57800000000003,0.0,0.0,0.0,5.732,0,5.0,1.1500000000000001,309.915,2.3754,35.28,35.4078254699707,4.98,0.0,0
46938,258.694,19.277,27.400000000000002,2.0,456.276,0.0,0.0,0.0,5.732,0,-20.0,1.18,309.825,1.0557,35.07,35.4078254699707,4.98,0.0,0
46938,255.966,19.307000000000002,28.900000000000002,2.0,456.276,0.0,0.0,0.0,5.732,0,-20.0,1.185,309.825,0.2639,35.01,35.4078254699707,4.98,0.0,0
46938,218.961,19.658,39.1,1.0,456.276,0.0,0.0,0.0,5.732,0,-37.0,1.19,309.915,-0.6598,34.62,35.4078254699707,4.98,0.0,0
46938,177.863,20.059,40.7,0.0,456.337,0.0,0.0,0.0,5.732,0,-31.0,1.18,309.915,0.6598,34.44,35.4078254699707,4.98,0.0,0
46938,126.70400000000001,20.605,77.8,0.0,456.51800000000003,0.0,0.0,0.0,5.732,0,-18.0,1.165,309.825,-1.9795,34.68,35.4078254699707,4.98,0.0,0
46938,46.896,21.631,123.10000000000001,-1.0,456.639,0.0,0.0,0.0,5.732,0,-10.0,1.175,309.825,-4.0744,35.64,35.4078254699707,4.98,0.0,0
46938,-22.851,22.822000000000003,94.10000000000001,0.0,456.034,0.0,0.0,0.0,5.732,0,-15.0,1.175,309.825,-0.2474,36.21,35.4078254699707,4.98,0.0,0
46938,-21.316,23.486,43.2,0.0,455.913,0.0,0.0,0.0,5.732,0,-23.0,1.175,309.915,2.7548,36.39,35.4078254699707,4.98,0.0,0
46938,-12.449,23.711000000000002,3.5,0.0,456.639,0.0,0.0,0.0,5.732,0,-19.0,1.155,309.915,-0.14850000000000002,36.06,35.4078254699707,4.98,0.0,0
46938,-6.821,23.652,-4.1000000000000005,0.0,456.76,0.0,0.0,0.0,5.732,0,-13.0,1.165,309.825,-0.9238000000000001,36.84,35.4078254699707,4.98,0.0,0
46938,-6.821,23.652,1.0,-1.0,456.276,0.0,0.0,0.0,5.732,0,-3.0,1.1400000000000001,309.915,-1.3856000000000002,36.480000000000004,35.4078254699707,4.98,0.0,0
46938,-6.3100000000000005,23.652,0.0,-1.0,456.15500000000003,0.0,0.0,0.0,5.732,0,7.0,1.105,309.915,1.2372,36.660000000000004,35.4078254699707,4.98,0.0,0
46938,-5.2860000000000005,23.652,0.0,0.0,456.15500000000003,0.0,0.0,0.0,5.732,0,4.0,1.165,309.825,4.4208,35.910000000000004,35.4078254699707,4.98,0.0,0
46938,-4.945,23.652,0.0,0.0,456.397,0.0,0.0,0.0,5.732,0,6.0,1.19,309.825,-2.6228000000000002,35.37,35.4078254699707,4.98,0.0,0
46938,-4.434,23.652,0.0,1.0,456.337,0.0,0.0,0.0,5.732,0,23.0,1.2,309.825,-2.6228000000000002,34.5,35.4078254699707,4.98,0.0,0
46938,-4.093,23.652,0.0,3.0,456.337,0.0,0.0,0.0,5.732,0,170.0,1.17,309.69,-2.7960000000000003,33.96,35.4078254699707,4.98,0.0,0
46938,-3.411,23.652,0.0,12.0,456.15500000000003,0.0,0.0,0.0,5.732,0,266.0,1.165,309.825,-0.7258,33.72,35.4078254699707,4.98,0.0,0
46938,-1.364,23.652,0.0,25.0,455.974,0.0,0.0,0.0,5.732,0,344.0,1.205,309.915,2.8207,34.17,35.4078254699707,4.98,0.0,0
46938,0.171,23.652,0.0,43.0,455.974,0.0,0.0,0.0,5.732,0,404.0,1.16,309.825,4.2641,35.1,35.4078254699707,4.98,0.0,0
46938,2.5580000000000003,23.652,0.0,63.0,456.216,0.0,0.0,0.0,5.732,0,477.0,1.175,309.69,-3.5878,36.78,35.4078254699707,4.98,0.0,0
46938,4.604,23.652,0.0,84.0,456.57800000000003,0.0,0.0,0.0,5.732,0,495.0,1.16,309.915,-4.8167,37.59,35.4078254699707,4.98,0.0,0
46938,6.139,23.652,0.5,106.0,456.51800000000003,0.0,0.0,0.0,5.732,0,509.0,1.165,309.825,3.3651,36.75,35.4078254699707,4.98,0.0,0
46938,7.333,23.652,0.0,128.0,456.276,0.0,0.0,0.0,5.732,0,500.0,1.135,309.825,1.8887,35.97,35.4078254699707,4.98,0.0,0
46938,8.015,23.652,0.0,149.0,456.458,0.0,0.0,0.0,5.732,0,455.0,1.135,309.915,-1.4681,35.25,35.4078254699707,4.98,0.0,0
46938,8.697000000000001,23.652,0.0,167.0,456.095,0.0,0.0,0.0,5.732,0,413.0,1.195,309.915,4.0744,35.28,35.4078254699707,4.98,0.0,0
46938,9.55,23.652,0.0,184.0,456.095,0.0,0.0,0.0,5.732,0,334.0,1.135,309.915,3.4146,35.82,35.4078254699707,4.98,0.0,0
46938,9.379,23.652,0.0,185.0,456.216,0.0,0.0,0.0,5.732,0,324.0,1.1500000000000001,309.915,3.1672000000000002,35.88,35.4078254699707,4.98,0.0,0
46938,9.379,23.652,0.0,195.0,456.51800000000003,0.0,0.0,0.0,5.732,0,250.0,1.155,309.69,-4.0579,36.300000000000004,35.4078254699707,4.98,0.0,0
46938,11.426,23.652,0.0,203.0,456.458,0.0,0.0,0.0,5.732,0,169.0,1.165,309.825,-4.0909,35.94,35.4078254699707,4.98,0.0,0
46938,15.348,23.652,0.0,205.0,456.337,0.0,0.0,0.0,5.732,0,84.0,1.175,309.915,-2.3754,35.22,35.4078254699707,4.98,0.0,0
46938,21.657,23.652,0.0,205.0,456.458,0.0,0.0,0.0,5.732,0,59.0,1.165,309.915,4.486800000000001,34.71,35.4078254699707,4.98,0.0,0
46938,27.285,23.662000000000003,2.5,202.0,456.57800000000003,0.0,0.0,0.0,5.732,0,76.0,1.225,309.915,3.3651,34.38,35.4078254699707,4.98,0.0,0
46938,31.036,23.711000000000002,6.6000000000000005,199.0,456.216,0.0,0.0,0.0,5.732,0,99.0,1.2,309.915,1.3196,34.95,35.4078254699707,4.98,0.0,0
46938,33.253,23.779,8.1,200.0,456.276,0.0,0.0,0.0,5.732,0,107.0,1.175,309.825,0.066,36.15,35.4078254699707,4.98,0.0,0
46938,33.935,23.877000000000002,10.700000000000001,199.0,456.276,0.0,0.0,0.0,5.732,0,117.0,1.155,309.915,-4.3548,36.96,35.4078254699707,4.98,0.0,0
46938,33.935,24.004,13.700000000000001,200.0,456.337,0.0,0.0,0.0,5.732,0,116.0,1.175,309.915,-1.0557,37.050000000000004,35.4078254699707,4.98,0.0,0
46938,32.06,24.141000000000002,14.200000000000001,200.0,456.337,0.0,0.0,0.0,5.732,0,115.0,1.1500000000000001,309.915,3.8270000000000004,35.31,35.4078254699707,4.98,0.0,0
46938,29.161,24.297,15.700000000000001,200.0,456.397,0.0,0.0,0.0,5.732,0,115.0,1.18,309.915,1.5836000000000001,34.89,35.4078254699707,4.98,0.0,0
46938,26.773,24.453,15.700000000000001,200.0,456.699,0.0,0.0,0.0,5.732,0,111.0,1.1400000000000001,309.915,0.2639,35.43,35.4078254699707,4.98,0.0,0
46938,24.556,24.609,15.200000000000001,200.0,456.276,0.0,0.0,0.0,5.732,0,110.0,1.16,309.915,-1.0557,35.37,35.4078254699707,4.98,0.0,0
46938,22.681,24.766000000000002,14.700000000000001,200.0,456.337,0.0,0.0,0.0,5.732,0,117.0,1.205,309.825,-1.8475000000000001,35.28,35.4078254699707,4.98,0.0,0
46938,21.657,24.912000000000003,15.200000000000001,200.0,456.276,0.0,0.0,0.0,5.732,0,111.0,1.17,309.915,1.0557,34.71,35.4078254699707,4.98,0.0,0
46938,20.293,25.059,14.200000000000001,200.0,456.15500000000003,0.0,0.0,0.0,5.732,0,110.0,1.18,309.915,2.3754,34.11,35.4078254699707,4.98,0.0,0
46938,20.123,25.195,13.200000000000001,200.0,456.15500000000003,0.0,0.0,0.0,5.732,0,116.0,1.165,309.915,1.5176,34.08,35.4078254699707,4.98,0.0,0
46938,19.781,25.332,13.700000000000001,200.0,456.337,0.0,0.0,0.0,5.732,0,111.0,1.16,309.825,-2.9032,34.410000000000004,35.4078254699707,4.98,0.0,0
46938,19.611,25.469,13.700000000000001,200.0,456.639,0.0,0.0,0.0,5.732,0,114.0,1.17,309.825,-4.1569,35.43,35.4078254699707,4.98,0.0,0
46938,20.123,25.596,12.200000000000001,200.0,456.216,0.0,0.0,0.0,5.732,0,116.0,1.16,309.825,-3.4311000000000003,36.54,35.4078254699707,4.98,0.0,0
46938,20.293,25.723000000000003,12.200000000000001,200.0,456.216,0.0,0.0,0.0,5.732,0,110.0,1.165,309.69,3.0022,36.96,35.4078254699707,4.98,0.0,0
46938,20.293,25.859,13.200000000000001,200.0,456.397,0.0,0.0,0.0,5.732,0,112.0,1.1400000000000001,309.825,1.5836000000000001,37.230000000000004,35.4078254699707,4.98,0.0,0
46938,20.975,25.977,12.200000000000001,200.0,456.51800000000003,0.0,0.0,0.0,5.732,0,118.0,1.165,309.915,-0.3299,36.33,35.4078254699707,4.98,0.0,0
46938,21.316,26.104000000000003,13.700000000000001,200.0,456.699,0.0,0.0,0.0,5.732,0,120.0,1.2,309.825,1.9795,35.85,35.4078254699707,4.98,0.0,0
46938,21.146,26.123,12.700000000000001,200.0,456.699,0.0,0.0,0.0,5.732,0,120.0,1.16,309.825,0.9650000000000001,35.79,35.4078254699707,4.98,0.0,0
46938,21.487000000000002,26.25,13.200000000000001,200.0,456.82,0.0,0.0,0.0,5.732,0,117.0,1.18,309.825,-2.3754,35.4,35.4078254699707,4.98,0.0,0
46938,21.657,26.377000000000002,13.200000000000001,200.0,456.57800000000003,0.0,0.0,0.0,5.732,0,112.0,1.175,309.69,-4.7755,34.86,35.4078254699707,4.98,0.0,0
46938,21.828,26.504,13.200000000000001,200.0,456.15500000000003,0.0,0.0,0.0,5.732,0,124.0,1.17,309.825,-0.5279,35.19,35.4078254699707,4.98,0.0,0
46938,22.169,26.641000000000002,13.200000000000001,200.0,456.337,0.0,0.0,0.0,5.732,0,114.0,1.21,309.825,2.1114,35.04,35.4078254699707,4.98,0.0,0
46938,22.169,26.768,13.200000000000001,200.0,456.337,0.0,0.0,0.0,5.732,0,115.0,1.2,309.825,2.1527000000000003,34.800000000000004,35.4078254699707,4.98,0.0,0
46938,22.339000000000002,26.904,12.700000000000001,200.0,456.639,0.0,0.0,0.0,5.732,0,122.0,1.12,309.825,0.0,34.56,35.4078254699707,4.98,0.0,0
46938,22.339000000000002,27.041,14.200000000000001,200.0,456.882,0.0,0.0,0.0,5.732,0,118.0,1.215,309.915,2.8867000000000003,34.89,35.4078254699707,4.98,0.0,0
46938,21.998,27.178,12.200000000000001,200.0,456.639,0.0,0.0,0.0,5.732,0,120.0,1.1500000000000001,309.825,3.6950000000000003,35.49,35.4078254699707,4.98,0.0,0
46938,21.998,27.314,13.700000000000001,200.0,456.699,0.0,0.0,0.0,5.732,0,117.0,1.12,309.825,-0.132,36.36,35.4078254699707,4.98,0.0,0
46938,21.657,27.451,14.200000000000001,200.0,456.699,0.0,0.0,0.0,5.732,0,120.0,1.17,309.915,-4.5528,37.44,35.4078254699707,4.98,0.0,0
46938,21.487000000000002,27.588,14.200000000000001,200.0,456.639,0.0,0.0,0.0,5.732,0,116.0,1.195,309.915,1.3856000000000002,37.35,35.4078254699707,4.98,0.0,0
46938,21.657,27.734,13.700000000000001,200.0,456.458,0.0,0.0,0.0,5.732,0,131.0,1.1500000000000001,309.825,0.3299,37.17,35.4078254699707,4.98,0.0,0
46938,21.316,27.871000000000002,14.200000000000001,200.0,456.337,0.0,0.0,0.0,5.732,0,121.0,1.175,309.825,-1.3444,37.2,35.4078254699707,4.98,0.0,0
46938,21.316,28.008000000000003,13.700000000000001,200.0,456.216,0.0,0.0,0.0,5.732,0,124.0,1.19,309.69,-2.0702000000000003,36.300000000000004,35.4078254699707,4.98,0.0,0
46938,21.316,28.145,13.200000000000001,200.0,456.276,0.0,0.0,0.0,5.732,0,126.0,1.16,309.915,-1.1382,35.61,35.4078254699707,4.98,0.0,0
46938,21.487000000000002,28.281000000000002,13.700000000000001,200.0,456.51800000000003,0.0,0.0,0.0,5.732,0,122.0,1.195,309.825,1.2537,35.22,35.4078254699707,4.98,0.0,0
46938,21.487000000000002,28.418000000000003,13.200000000000001,200.0,456.57800000000003,0.0,0.0,0.0,5.732,0,123.0,1.17,309.825,1.9135000000000002,34.95,35.4078254699707,4.98,0.0,0
46938,21.487000000000002,28.555,13.700000000000001,200.0,456.57800000000003,0.0,0.0,0.0,5.732,0,123.0,1.145,309.825,-1.4351,34.92,35.4078254699707,4.98,0.0,0
46938,21.657,28.691000000000003,13.700000000000001,200.0,456.76,0.0,0.0,0.0,5.732,0,117.0,1.18,309.825,-2.1774,35.58,35.4078254699707,4.98,0.0,0
46938,21.657,28.828000000000003,13.700000000000001,200.0,456.82,0.0,0.0,0.0,5.732,0,123.0,1.18,309.915,2.029,36.03,35.4078254699707,4.98,0.0,0
46938,21.657,28.965,13.700000000000001,200.0,456.57800000000003,0.0,0.0,0.0,5.732,0,126.0,1.165,309.69,0.9485,36.51,35.4078254699707,4.98,0.0,0
46938,21.828,29.102,14.200000000000001,200.0,456.82,0.0,0.0,0.0,5.732,0,126.0,1.155,309.915,-1.798,36.63,35.4078254699707,4.98,0.0,0
46938,21.657,29.238000000000003,13.200000000000001,200.0,456.397,0.0,0.0,0.0,5.732,0,126.0,1.175,309.825,-0.3134,36.93,35.4078254699707,4.98,0.0,0
46938,21.657,29.375,13.200000000000001,200.0,456.397,0.0,0.0,0.0,5.732,0,129.0,1.185,309.825,1.7568000000000001,36.84,35.4078254699707,4.98,0.0,0
46938,21.316,29.395000000000003,13.700000000000001,200.0,456.397,0.0,0.0,0.0,5.732,0,127.0,1.18,309.825,0.9567,36.84,35.4078254699707,4.98,0.0,0
46938,21.487000000000002,29.531000000000002,14.200000000000001,200.0,456.57800000000003,0.0,0.0,0.0,5.732,0,127.0,1.17,309.915,-1.9795,36.78,35.4078254699707,4.98,0.0,0
46938,21.998,29.668000000000003,14.200000000000001,200.0,456.337,0.0,0.0,0.0,5.732,0,125.0,1.155,309.825,2.1114,36.6,35.4078254699707,4.98,0.0,0
46938,21.828,29.814,13.700000000000001,200.0,456.397,0.0,0.0,0.0,5.732,0,123.0,1.17,309.69,-1.3196,36.63,35.4078254699707,4.98,0.0,0
46938,21.828,29.951,13.200000000000001,200.0,456.397,0.0,0.0,0.0,5.732,0,132.0,1.17,309.825,-2.8372,35.64,35.4078254699707,4.98,0.0,0
46938,21.657,30.098000000000003,14.200000000000001,200.0,456.51800000000003,0.0,0.0,0.0,5.732,0,128.0,1.175,309.915,4.3548,35.01,35.4078254699707,4.98,0.0,0
46938,21.657,30.234,13.700000000000001,200.0,456.82,0.0,0.0,0.0,5.732,0,123.0,1.17,309.825,3.0682,35.01,35.4078254699707,4.98,0.0,0
46938,21.657,30.381,14.700000000000001,200.0,456.82,0.0,0.0,0.0,5.732,0,128.0,1.155,309.825,-1.0557,35.160000000000004,35.4078254699707,4.98,0.0,0
46938,21.657,30.527,13.700000000000001,200.0,456.882,0.0,0.0,0.0,5.732,0,124.0,1.17,309.915,-1.5836000000000001,35.43,35.4078254699707,4.98,0.0,0
46938,21.316,30.664,14.200000000000001,200.0,456.337,0.0,0.0,0.0,5.732,0,125.0,1.17,309.825,-0.5279,35.7,35.4078254699707,4.98,0.0,0
46938,21.657,30.811,14.200000000000001,200.0,456.639,0.0,0.0,0.0,5.732,0,133.0,1.115,309.915,0.46190000000000003,36.21,35.4078254699707,4.98,0.0,0
46938,21.657,30.957,14.700000000000001,200.0,456.639,0.0,0.0,0.0,5.732,0,133.0,1.16,309.915,2.1114,36.24,35.4078254699707,4.98,0.0,0
46938,21.487000000000002,31.094,13.700000000000001,200.0,456.15500000000003,0.0,0.0,0.0,5.732,0,128.0,1.21,309.825,2.6393,36.54,35.4078254699707,4.98,0.0,0
46938,21.487000000000002,31.113000000000003,14.700000000000001,200.0,456.15500000000003,0.0,0.0,0.0,5.732,0,126.0,1.175,309.825,1.9795,36.6,35.4078254699707,4.98,0.0,0
46938,21.316,31.25,13.700000000000001,200.0,456.397,0.0,0.0,0.0,5.732,0,127.0,1.1500000000000001,309.915,-6.1364,36.72,35.4078254699707,4.98,0.0,0
46938,21.487000000000002,31.396,14.700000000000001,200.0,456.458,0.0,0.0,0.0,5.732,0,132.0,1.155,309.915,-3.8270000000000004,36.42,35.4078254699707,4.98,0.0,0
46938,20.975,31.543000000000003,14.200000000000001,200.0,456.337,0.0,0.0,0.0,5.732,0,127.0,1.18,309.915,3.6785,36.24,35.4078254699707,4.98,0.0,0
46938,20.975,31.680000000000003,13.200000000000001,200.0,456.57800000000003,0.0,0.0,0.0,5.732,0,133.0,1.22,309.69,-2.8372,36.300000000000004,35.4078254699707,4.98,0.0,0
46938,21.487000000000002,31.826,14.700000000000001,200.0,456.82,0.0,0.0,0.0,5.732,0,133.0,1.19,309.915,0.6598,35.52,35.4078254699707,4.98,0.0,0
46938,20.975,31.963,14.200000000000001,200.0,456.639,0.0,0.0,0.0,5.732,0,128.0,1.17,309.915,4.486800000000001,35.43,35.4078254699707,4.98,0.0,0
46938,21.146,31.982000000000003,14.200000000000001,200.0,456.76,0.0,0.0,0.0,5.732,0,133.0,1.135,309.915,5.0147,35.4,35.4078254699707,4.98,0.0,0
46938,21.316,32.119,13.200000000000001,200.0,456.51800000000003,0.0,0.0,0.0,5.732,0,125.0,1.17,309.69,-4.2229,35.19,35.4078254699707,4.98,0.0,0
46938,21.146,32.256,13.200000000000001,200.0,456.276,0.0,0.0,0.0,5.732,0,129.0,1.09,309.915,-0.6598,34.86,35.4078254699707,4.98,0.0,0
46938,21.316,32.402,14.200000000000001,200.0,456.337,0.0,0.0,0.0,5.732,0,134.0,1.19,309.825,0.3299,35.31,35.4078254699707,4.98,0.0,0
46938,21.316,32.539,14.700000000000001,200.0,456.639,0.0,0.0,0.0,5.732,0,129.0,1.23,309.915,2.5073000000000003,35.85,35.4078254699707,4.98,0.0,0
46938,21.316,32.676,13.700000000000001,200.0,456.639,0.0,0.0,0.0,5.732,0,128.0,1.1500000000000001,309.915,-1.8475000000000001,36.12,35.4078254699707,4.98,0.0,0
46938,21.487000000000002,32.822,14.200000000000001,200.0,456.458,0.0,0.0,0.0,5.732,0,134.0,1.17,309.825,-1.7155,36.21,35.4078254699707,4.98,0.0,0
46938,21.657,32.959,13.200000000000001,200.0,456.51800000000003,0.0,0.0,0.0,5.732,0,128.0,1.17,309.825,1.1217000000000001,36.36,35.4078254699707,4.98,0.0,0
46938,20.975,33.105000000000004,14.200000000000001,200.0,456.639,0.0,0.0,0.0,5.732,0,130.0,1.16,309.825,-0.7918000000000001,36.06,35.4078254699707,4.98,0.0,0
46938,21.146,33.242000000000004,14.200000000000001,200.0,456.57800000000003,0.0,0.0,0.0,5.732,0,134.0,1.17,309.825,-1.5836000000000001,36.36,35.4078254699707,4.98,0.0,0
46938,21.487000000000002,33.379000000000005,14.200000000000001,200.0,456.337,0.0,0.0,0.0,5.732,0,130.0,1.1500000000000001,309.825,-1.3196,36.09,35.4078254699707,4.98,0.0,0
46938,21.316,33.525,14.200000000000001,200.0,456.337,0.0,0.0,0.0,5.732,0,135.0,1.195,309.915,-0.3299,37.050000000000004,35.4078254699707,4.98,0.0,0
46938,21.657,33.662,14.200000000000001,200.0,456.458,0.0,0.0,0.0,5.732,0,132.0,1.165,309.825,0.132,36.72,35.4078254699707,4.98,0.0,0
46938,21.487000000000002,33.809000000000005,14.700000000000001,200.0,456.397,0.0,0.0,0.0,5.732,0,137.0,1.18,309.825,2.1114,35.94,35.4078254699707,4.98,0.0,0
46938,21.828,33.955,13.700000000000001,200.0,456.639,0.0,0.0,0.0,5.732,0,131.0,1.18,309.69,-4.6188,34.56,35.4078254699707,4.98,0.0,0
46938,21.828,34.102000000000004,14.200000000000001,200.0,456.458,0.0,0.0,0.0,5.732,0,136.0,1.1400000000000001,309.825,-1.8475000000000001,34.08,35.4078254699707,4.98,0.0,0
46938,21.487000000000002,34.248000000000005,14.700000000000001,200.0,456.458,0.0,0.0,0.0,5.732,0,132.0,1.19,309.915,3.2991,35.22,35.4078254699707,4.98,0.0,0
46938,21.316,34.385000000000005,14.700000000000001,200.0,456.82,0.0,0.0,0.0,5.732,0,133.0,1.175,309.825,-1.4186,36.6,35.4078254699707,4.98,0.0,0
46938,21.657,34.531,13.700000000000001,200.0,456.639,0.0,0.0,0.0,5.732,0,140.0,1.17,309.825,0.132,37.44,35.4078254699707,4.98,0.0,0
46938,21.657,34.678000000000004,13.700000000000001,200.0,456.51800000000003,0.0,0.0,0.0,5.732,0,130.0,1.1500000000000001,309.69,-3.2661000000000002,36.84,35.4078254699707,4.98,0.0,0
46938,21.487000000000002,34.824000000000005,15.200000000000001,200.0,456.76,0.0,0.0,0.0,5.732,0,139.0,1.165,309.825,-4.8827,36.18,35.4078254699707,4.98,0.0,0
46938,21.487000000000002,34.971000000000004,14.700000000000001,200.0,456.639,0.0,0.0,0.0,5.732,0,141.0,1.2,309.825,2.3754,36.54,35.4078254699707,4.98,0.0,0
46938,21.487000000000002,34.99,14.700000000000001,199.0,456.639,0.0,0.0,0.0,5.732,0,141.0,1.16,309.825,2.9692000000000003,36.6,35.4078254699707,4.98,0.0,0
46938,21.487000000000002,35.127,13.200000000000001,201.0,456.458,0.0,0.0,0.0,5.732,0,141.0,1.185,309.915,4.8415,36.27,35.4078254699707,4.98,0.0,0
46938,21.487000000000002,35.273,14.200000000000001,200.0,456.51800000000003,0.0,0.0,0.0,5.732,0,134.0,1.135,309.825,0.9238000000000001,36.84,35.4078254699707,4.98,0.0,0
46938,21.316,35.42,14.200000000000001,200.0,456.51800000000003,0.0,0.0,0.0,5.732,0,143.0,1.17,309.825,2.5073000000000003,36.03,35.4078254699707,4.98,0.0,0
46938,21.487000000000002,35.566,13.700000000000001,200.0,456.57800000000003,0.0,0.0,0.0,5.732,0,136.0,1.185,309.915,-0.0165,36.15,35.4078254699707,4.98,0.0,0
46938,21.146,35.713,14.200000000000001,200.0,456.639,0.0,0.0,0.0,5.732,0,137.0,1.175,309.915,-0.0165,35.52,35.4078254699707,4.98,0.0,0
46938,21.146,35.85,13.200000000000001,200.0,456.699,0.0,0.0,0.0,5.732,0,134.0,1.155,309.825,-0.3794,34.77,35.4078254699707,4.98,0.0,0
46938,20.975,35.996,14.200000000000001,200.0,456.51800000000003,0.0,0.0,0.0,5.732,0,135.0,1.185,309.915,-5.344600000000001,34.05,35.4078254699707,4.98,0.0,0
46938,20.975,36.143,14.200000000000001,200.0,456.882,0.0,0.0,0.0,5.732,0,140.0,1.16,309.69,-3.5383,34.800000000000004,35.4078254699707,4.98,0.0,0
46938,21.487000000000002,36.279,13.200000000000001,200.0,456.397,0.0,0.0,0.0,5.732,0,142.0,1.17,309.915,3.4146,35.52,35.4078254699707,4.98,0.0,0
46938,20.975,36.416000000000004,13.700000000000001,200.0,456.15500000000003,0.0,0.0,0.0,5.732,0,140.0,1.145,309.825,2.6805000000000003,36.300000000000004,35.4078254699707,4.98,0.0,0
46938,21.146,36.563,14.200000000000001,200.0,456.216,0.0,0.0,0.0,5.732,0,137.0,1.22,309.825,-0.48660000000000003,36.72,35.4078254699707,4.98,0.0,0
46938,21.487000000000002,36.699000000000005,13.700000000000001,200.0,456.639,0.0,0.0,0.0,5.732,0,140.0,1.155,309.825,-5.5920000000000005,36.480000000000004,35.4078254699707,4.98,0.0,0
46938,21.487000000000002,36.846000000000004,14.200000000000001,200.0,456.337,0.0,0.0,0.0,5.732,0,136.0,1.1500000000000001,309.825,0.9897,35.85,35.4078254699707,4.98,0.0,0
46938,21.487000000000002,36.982,14.200000000000001,200.0,456.337,0.0,0.0,0.0,5.732,0,139.0,1.145,309.825,-0.5279,35.22,35.4078254699707,4.98,0.0,0
46938,21.657,37.119,13.200000000000001,200.0,456.639,0.0,0.0,0.0,5.732,0,145.0,1.18,309.825,0.066,34.980000000000004,35.4078254699707,4.98,0.0,0
46938,21.316,37.266,14.200000000000001,200.0,456.57800000000003,0.0,0.0,0.0,5.732,0,142.0,1.16,309.825,2.1774,35.37,35.4078254699707,4.98,0.0,0
46938,21.316,37.402,13.700000000000001,200.0,456.397,0.0,0.0,0.0,5.732,0,144.0,1.155,309.915,1.3032000000000001,35.04,35.4078254699707,4.98,0.0,0
46938,21.487000000000002,37.539,13.700000000000001,200.0,456.397,0.0,0.0,0.0,5.732,0,139.0,1.1500000000000001,309.915,2.2434000000000003,34.95,35.4078254699707,4.98,0.0,0
46938,21.316,37.559000000000005,13.700000000000001,200.0,456.15500000000003,0.0,0.0,0.0,5.732,0,138.0,1.18,309.915,2.9032,34.92,35.4078254699707,4.98,0.0,0
46938,21.487000000000002,37.695,14.700000000000001,200.0,456.15500000000003,0.0,0.0,0.0,5.732,0,140.0,1.24,309.825,-3.4311000000000003,34.47,35.4078254699707,4.98,0.0,0
46938,21.828,37.842,14.700000000000001,200.0,456.397,0.0,0.0,0.0,5.732,0,140.0,1.16,309.825,-3.0352,33.84,35.4078254699707,4.98,0.0,0
46938,22.169,37.979,14.700000000000001,200.0,456.51800000000003,0.0,0.0,0.0,5.732,0,142.0,1.18,309.825,2.1774,33.99,35.4078254699707,4.98,0.0,0
46938,22.169,38.125,14.200000000000001,200.0,456.639,0.0,0.0,0.0,5.732,0,145.0,1.185,309.825,0.2639,35.31,35.4078254699707,4.98,0.0,0
46938,21.998,38.271,15.200000000000001,200.0,456.639,0.0,0.0,0.0,5.732,0,144.0,1.17,309.825,-3.4311000000000003,36.480000000000004,35.4078254699707,4.98,0.0,0
46938,21.657,38.418,14.200000000000001,200.0,456.82,0.0,0.0,0.0,5.732,0,139.0,1.165,309.915,1.4516,36.36,35.4078254699707,4.98,0.0,0
46938,22.681,38.555,13.700000000000001,200.0,456.82,0.0,0.0,0.0,5.732,0,145.0,1.185,309.825,2.1114,36.51,35.4078254699707,4.98,0.0,0
46938,22.339000000000002,38.711,15.700000000000001,200.0,456.51800000000003,0.0,0.0,0.0,5.732,0,154.0,1.08,309.915,2.3754,36.36,35.4078254699707,4.98,0.0,0
46938,21.487000000000002,38.857,13.700000000000001,200.0,456.51800000000003,0.0,0.0,0.0,5.732,0,131.0,1.155,309.915,2.1114,35.82,35.4078254699707,4.98,0.0,0
46938,20.975,39.004000000000005,15.200000000000001,200.0,456.639,0.0,0.0,0.0,5.732,0,149.0,1.175,309.825,0.2639,34.56,35.4078254699707,4.98,0.0,0
46938,20.975,39.15,14.200000000000001,200.0,456.82,0.0,0.0,0.0,5.732,0,144.0,1.175,309.915,2.1114,34.35,35.4078254699707,4.98,0.0,0
46938,20.975,39.297000000000004,14.200000000000001,200.0,456.458,0.0,0.0,0.0,5.732,0,135.0,1.1400000000000001,309.825,-1.3196,34.32,35.4078254699707,4.98,0.0,0
46938,20.805,39.443000000000005,15.200000000000001,200.0,456.15500000000003,0.0,0.0,0.0,5.732,0,146.0,1.22,309.825,-3.1672000000000002,34.08,35.4078254699707,4.98,0.0,0
46938,20.975,39.580000000000005,14.200000000000001,200.0,456.034,0.0,0.0,0.0,5.732,0,144.0,1.165,309.915,0.2639,33.6,35.4078254699707,4.98,0.0,0
46938,21.487000000000002,39.727000000000004,13.700000000000001,200.0,456.15500000000003,0.0,0.0,0.0,5.732,0,144.0,1.18,309.915,3.1012,33.57,35.4078254699707,4.98,0.0,0
46938,21.657,39.863,14.700000000000001,200.0,456.639,0.0,0.0,0.0,5.732,0,147.0,1.1500000000000001,309.69,-4.0909,34.77,35.4078254699707,4.98,0.0,0
46938,21.487000000000002,40.010000000000005,14.200000000000001,200.0,456.699,0.0,0.0,0.0,5.732,0,145.0,1.145,309.825,-3.8930000000000002,36.03,35.4078254699707,4.98,0.0,0
46938,21.316,40.156,13.700000000000001,200.0,456.337,0.0,0.0,0.0,5.732,0,146.0,1.2,309.915,0.9238000000000001,36.54,35.4078254699707,4.98,0.0,0
46938,21.316,40.293,14.200000000000001,200.0,456.216,0.0,0.0,0.0,5.732,0,144.0,1.19,309.825,-0.8908,36.63,35.4078254699707,4.98,0.0,0
46938,21.146,40.43,13.200000000000001,200.0,456.15500000000003,0.0,0.0,0.0,5.732,0,147.0,1.16,310.005,3.563,35.94,35.4078254699707,4.98,0.0,0
46938,21.316,40.576,14.200000000000001,200.0,456.216,0.0,0.0,0.0,5.732,0,141.0,1.22,309.825,1.6496000000000002,36.45,35.4078254699707,4.98,0.0,0
46938,21.657,40.713,14.200000000000001,200.0,456.216,0.0,0.0,0.0,5.732,0,146.0,1.135,309.825,-2.6393,35.88,35.4078254699707,4.98,0.0,0
46938,21.828,40.859,14.200000000000001,200.0,456.034,0.0,0.0,0.0,5.732,0,147.0,1.165,309.69,-6.8952,34.800000000000004,35.4078254699707,4.98,0.0,0
46938,21.657,40.996,14.700000000000001,200.0,455.974,0.0,0.0,0.0,5.732,0,137.0,1.1400000000000001,309.825,-3.563,34.08,35.4078254699707,4.98,0.0,0
46938,21.487000000000002,41.143,14.700000000000001,200.0,456.276,0.0,0.0,0.0,5.732,0,150.0,1.16,309.825,3.4311000000000003,34.38,35.4078254699707,4.98,0.0,0
46938,21.316,41.279,14.200000000000001,200.0,456.337,0.0,0.0,0.0,5.732,0,148.0,1.1300000000000001,309.915,4.3548,34.62,35.4078254699707,4.98,0.0,0
46938,21.657,41.426,14.200000000000001,200.0,456.15500000000003,0.0,0.0,0.0,5.732,0,143.0,1.145,309.915,1.5176,34.59,35.4078254699707,4.98,0.0,0
46938,21.828,41.572,14.200000000000001,200.0,456.15500000000003,0.0,0.0,0.0,5.732,0,149.0,1.16,309.825,3.563,34.26,35.4078254699707,4.98,0.0,0
46938,21.657,41.709,13.200000000000001,200.0,456.337,0.0,0.0,0.0,5.732,0,146.0,1.155,309.915,-0.5279,34.62,35.4078254699707,4.98,0.0,0
46938,21.657,41.855000000000004,14.700000000000001,200.0,456.337,0.0,0.0,0.0,5.732,0,145.0,1.16,309.915,-0.7918000000000001,35.04,35.4078254699707,4.98,0.0,0
46938,21.487000000000002,42.002,13.700000000000001,200.0,456.397,0.0,0.0,0.0,5.732,0,143.0,1.175,309.915,-1.9135000000000002,35.28,35.4078254699707,4.98,0.0,0
46938,21.657,42.139,13.200000000000001,200.0,455.853,0.0,0.0,0.0,5.732,0,144.0,1.185,309.825,-2.5073000000000003,35.61,35.4078254699707,4.98,0.0,0
46938,21.657,42.285000000000004,14.200000000000001,200.0,456.034,0.0,0.0,0.0,5.732,0,143.0,1.175,309.825,0.066,35.49,35.4078254699707,4.98,0.0,0
46938,21.487000000000002,42.295,13.700000000000001,200.0,456.034,0.0,0.0,0.0,5.732,0,143.0,1.17,309.825,0.34640000000000004,35.550000000000004,35.4078254699707,4.98,0.0,0
46938,21.657,42.441,13.700000000000001,200.0,456.216,0.0,0.0,0.0,5.732,0,142.0,1.185,309.915,-2.5733,35.43,35.4078254699707,4.98,0.0,0
46938,21.657,42.588,14.200000000000001,200.0,456.397,0.0,0.0,0.0,5.732,0,148.0,1.19,309.69,-2.2187,36.42,35.4078254699707,4.98,0.0,0
46938,21.998,42.725,14.200000000000001,200.0,456.337,0.0,0.0,-0.2,5.732,0,138.0,1.1500000000000001,309.915,1.3032000000000001,36.15,35.4078254699707,4.98,0.0,0
46938,21.657,42.871,15.200000000000001,200.0,455.853,0.0,0.0,0.0,5.732,0,138.0,1.1400000000000001,309.825,0.19790000000000002,35.85,35.4078254699707,4.98,0.0,0
46938,21.828,43.018,14.200000000000001,200.0,456.216,0.0,0.0,0.0,5.732,0,147.0,1.21,309.69,0.9897,34.74,35.4078254699707,4.98,0.0,0
46938,22.169,43.164,14.700000000000001,200.0,456.337,0.0,0.0,0.0,5.732,0,136.0,1.1300000000000001,309.69,-7.4313,33.06,35.4078254699707,4.98,0.0,0
46938,21.828,43.311,13.200000000000001,200.0,456.15500000000003,0.0,0.0,0.0,5.732,0,149.0,1.1400000000000001,309.825,-1.9795,33.18,35.4078254699707,4.98,0.0,0
46938,22.339000000000002,43.467,15.700000000000001,200.0,456.15500000000003,0.0,0.0,0.0,5.732,0,150.0,1.18,309.69,2.4661,33.18,35.4078254699707,4.98,0.0,0
46938,21.487000000000002,43.613,15.700000000000001,200.0,456.034,0.0,0.0,0.0,5.732,0,149.0,1.1500000000000001,309.825,2.2846,34.53,35.4078254699707,4.98,0.0,0
46938,21.316,43.760000000000005,14.200000000000001,200.0,456.095,0.0,0.0,0.0,5.732,0,146.0,1.19,309.825,1.6248,35.52,35.4078254699707,4.98,0.0,0
46938,21.316,43.916000000000004,14.200000000000001,200.0,456.51800000000003,0.0,0.0,0.0,5.732,0,151.0,1.165,309.825,0.7011000000000001,36.36,35.4078254699707,4.98,0.0,0
46938,21.146,44.063,14.700000000000001,200.0,456.639,0.0,0.0,0.0,5.732,0,148.0,1.18,309.825,1.4516,36.660000000000004,35.4078254699707,4.98,0.0,0
46938,21.487000000000002,44.209,14.200000000000001,200.0,456.51800000000003,0.0,0.0,0.0,5.732,0,148.0,1.175,309.915,0.6433,36.09,35.4078254699707,4.98,0.0,0
46938,20.975,44.355000000000004,14.700000000000001,200.0,456.699,0.0,0.0,0.0,5.732,0,147.0,1.22,309.825,-0.2639,35.22,35.4078254699707,4.98,0.0,0
46938,21.146,44.502,14.200000000000001,200.0,456.76,0.0,0.0,0.0,5.732,0,148.0,1.165,309.825,1.3196,35.64,35.4078254699707,4.98,0.0,0
46938,21.316,44.648,14.200000000000001,200.0,456.699,0.0,0.0,0.0,5.732,0,151.0,1.19,309.825,0.132,35.88,35.4078254699707,4.98,0.0,0
46938,21.146,44.795,14.700000000000001,200.0,456.15500000000003,0.0,0.0,0.0,5.732,0,152.0,1.16,309.825,2.1114,35.76,35.4078254699707,4.98,0.0,0
46938,20.975,44.941,14.200000000000001,200.0,456.095,0.0,0.0,0.0,5.732,0,143.0,1.145,309.825,-1.4351,35.25,35.4078254699707,4.98,0.0,0
46938,21.487000000000002,45.088,14.200000000000001,200.0,456.337,0.0,0.0,0.0,5.732,0,149.0,1.2,309.825,-1.1877,33.81,35.4078254699707,4.98,0.0,0
46938,21.146,45.225,13.200000000000001,200.0,456.458,0.0,0.0,0.0,5.732,0,148.0,1.16,309.825,-2.8207,33.15,35.4078254699707,4.98,0.0,0
46938,21.316,45.371,14.200000000000001,200.0,456.216,0.0,0.0,0.0,5.732,0,142.0,1.185,309.69,-2.4166000000000003,33.75,35.4078254699707,4.98,0.0,0
46938,21.657,45.518,14.200000000000001,200.0,456.216,0.0,0.0,0.0,5.732,0,153.0,1.1400000000000001,309.915,3.2826,34.53,35.4078254699707,4.98,0.0,0
46938,21.316,45.664,14.200000000000001,200.0,456.216,0.0,0.0,0.0,5.732,0,153.0,1.18,309.825,3.1012,36.21,35.4078254699707,4.98,0.0,0
46938,21.657,45.801,14.200000000000001,200.0,456.216,0.0,0.0,0.0,5.732,0,146.0,1.155,309.69,-1.0310000000000001,37.2,35.4078254699707,4.98,0.0,0
46938,21.487000000000002,45.82,14.200000000000001,200.0,456.51800000000003,0.0,0.0,0.0,5.732,0,154.0,1.145,309.69,-1.8475000000000001,37.17,35.4078254699707,4.98,0.0,0
46938,21.487000000000002,45.967,15.200000000000001,200.0,456.639,0.0,0.0,0.0,5.732,0,137.0,1.1500000000000001,309.825,-2.8372,36.6,35.4078254699707,4.98,0.0,0
46938,21.316,46.104,14.700000000000001,200.0,456.337,0.0,0.0,0.0,5.732,0,149.0,1.12,309.915,4.3548,36.57,35.4078254699707,4.98,0.0,0
46938,20.975,46.25,14.700000000000001,200.0,456.397,0.0,0.0,0.0,5.732,0,151.0,1.175,309.69,0.5279,36.39,35.4078254699707,4.98,0.0,0
46938,21.657,46.396,14.200000000000001,200.0,456.216,0.0,0.0,0.0,5.732,0,149.0,1.18,309.825,-3.2991,35.76,35.4078254699707,4.98,0.0,0
46938,21.657,46.543,14.700000000000001,200.0,456.458,0.0,0.0,0.0,5.732,0,148.0,1.16,309.69,-0.6268,36.24,35.4078254699707,4.98,0.0,0
46938,21.657,46.689,14.700000000000001,200.0,456.51800000000003,0.0,0.0,0.0,5.732,0,148.0,1.155,309.69,-1.4516,35.46,35.4078254699707,4.98,0.0,0
46938,21.828,46.836000000000006,14.200000000000001,200.0,456.276,0.0,0.0,0.0,5.732,0,155.0,1.19,309.69,-3.0682,35.01,35.4078254699707,4.98,0.0,0
46938,21.828,46.982,15.700000000000001,200.0,456.397,0.0,0.0,0.0,5.732,0,142.0,1.11,309.825,5.4106000000000005,34.89,35.4078254699707,4.98,0.0,0
46938,21.998,47.129000000000005,14.700000000000001,200.0,456.276,0.0,0.0,0.0,5.732,0,149.0,1.16,309.825,3.3321,34.230000000000004,35.4078254699707,4.98,0.0,0
46938,21.828,47.275000000000006,14.700000000000001,200.0,456.034,0.0,0.0,0.0,5.732,0,137.0,1.16,309.915,1.7155,34.59,35.4078254699707,4.98,0.0,0
46938,21.657,47.422000000000004,14.700000000000001,200.0,456.034,0.0,0.0,0.0,5.732,0,152.0,1.155,309.825,-2.3754,35.25,35.4078254699707,4.98,0.0,0
46938,21.828,47.568000000000005,15.200000000000001,200.0,456.15500000000003,0.0,0.0,0.0,5.732,0,151.0,1.105,309.915,-1.5836000000000001,36.72,35.4078254699707,4.98,0.0,0
46938,21.998,47.725,15.200000000000001,200.0,456.51800000000003,0.0,0.0,0.0,5.732,0,148.0,1.155,309.825,2.1774,38.04,35.4078254699707,4.98,0.0,0
46938,21.998,47.871,15.700000000000001,200.0,456.51800000000003,0.0,0.0,0.0,5.732,0,153.0,1.165,309.825,1.1877,37.74,35.4078254699707,4.98,0.0,0
46938,21.828,48.027,15.200000000000001,200.0,456.276,0.0,0.0,0.0,5.732,0,152.0,1.165,309.825,-5.2126,36.57,35.4078254699707,4.98,0.0,0
46938,21.657,48.174,14.700000000000001,200.0,456.337,0.0,0.0,0.0,5.732,0,148.0,1.12,309.825,1.7155,35.910000000000004,35.4078254699707,4.98,0.0,0
46938,21.828,48.330000000000005,14.700000000000001,200.0,456.337,0.0,0.0,0.0,5.732,0,154.0,1.17,309.825,2.3754,35.58,35.4078254699707,4.98,0.0,0
46938,21.487000000000002,48.477000000000004,15.200000000000001,200.0,456.639,0.0,0.0,0.0,5.732,0,151.0,1.145,309.915,0.5279,35.28,35.4078254699707,4.98,0.0,0
46938,21.828,48.496,15.200000000000001,200.0,456.639,0.0,0.0,0.0,5.732,0,151.0,1.185,309.69,-0.5031,35.22,35.4078254699707,4.98,0.0,0
46938,21.828,48.643,15.200000000000001,200.0,456.699,0.0,0.0,0.0,5.732,0,155.0,1.105,309.825,0.46190000000000003,35.160000000000004,35.4078254699707,4.98,0.0,0
46938,20.975,48.799,15.200000000000001,200.0,456.639,0.0,0.0,0.0,5.732,0,148.0,1.11,309.825,1.5176,35.52,35.4078254699707,4.98,0.0,0
46938,21.316,48.945,13.700000000000001,200.0,456.51800000000003,0.0,0.0,0.0,5.732,0,150.0,1.17,309.915,0.5279,35.160000000000004,35.4078254699707,4.98,0.0,0
46938,20.975,49.102000000000004,14.700000000000001,200.0,456.397,0.0,0.0,0.0,5.732,0,158.0,1.23,310.005,2.2764,34.68,35.4078254699707,4.98,0.0,0
46938,21.146,49.248000000000005,15.200000000000001,200.0,456.51800000000003,0.0,0.0,0.0,5.732,0,150.0,1.21,309.825,2.8537000000000003,33.96,35.4078254699707,4.98,0.0,0
46938,20.975,49.395,14.200000000000001,200.0,456.216,0.0,0.0,0.0,5.732,0,156.0,1.165,309.825,-3.1507,35.01,35.4078254699707,4.98,0.0,0
46938,20.975,49.541000000000004,14.200000000000001,200.0,456.276,0.0,0.0,0.0,5.732,0,157.0,1.1500000000000001,309.915,-1.0557,36.96,35.4078254699707,4.98,0.0,0
46938,21.316,49.688,14.700000000000001,200.0,456.216,0.0,0.0,0.0,5.732,0,153.0,1.17,309.69,0.0247,37.83,35.4078254699707,4.98,0.0,0
46938,21.316,49.834,15.200000000000001,200.0,456.337,0.0,0.0,0.0,5.732,0,157.0,1.16,309.825,-3.2331000000000003,37.86,35.4078254699707,4.98,0.0,0
46938,21.146,49.980000000000004,13.700000000000001,200.0,456.458,0.0,0.0,0.0,5.732,0,156.0,1.1500000000000001,309.915,-0.3299,37.11,35.4078254699707,4.98,0.0,0
46938,21.487000000000002,50.127,14.700000000000001,200.0,456.57800000000003,0.0,0.0,0.0,5.732,0,152.0,1.16,309.825,1.3196,36.09,35.4078254699707,4.98,0.0,0
46938,21.316,50.273,14.700000000000001,200.0,456.15500000000003,0.0,0.0,0.0,5.732,0,146.0,1.175,309.825,0.5938,35.13,35.4078254699707,4.98,0.0,0
46938,21.487000000000002,50.42,14.700000000000001,200.0,456.15500000000003,0.0,0.0,0.0,5.732,0,161.0,1.205,309.825,-2.2434000000000003,34.65,35.4078254699707,4.98,0.0,0
46938,21.657,50.566,14.200000000000001,200.0,456.15500000000003,0.0,0.0,0.0,5.732,0,152.0,1.1500000000000001,309.915,-1.1382,35.58,35.4078254699707,4.98,0.0,0
46938,21.487000000000002,50.713,14.700000000000001,200.0,456.337,0.0,0.0,0.0,5.732,0,152.0,1.165,309.825,0.5279,35.43,35.4078254699707,4.98,0.0,0
46938,21.828,50.859,14.700000000000001,200.0,456.216,0.0,0.0,0.0,5.732,0,158.0,1.235,309.915,1.1052,35.01,35.4078254699707,4.98,0.0,0
46938,21.828,51.006,15.700000000000001,200.0,456.216,0.0,0.0,0.0,5.732,0,154.0,1.175,309.825,0.8578,34.38,35.4078254699707,4.98,0.0,0
46938,21.828,51.152,15.200000000000001,200.0,456.337,0.0,0.0,0.0,5.732,0,149.0,1.1500000000000001,310.005,-0.8248000000000001,35.22,35.4078254699707,4.98,0.0,0
46938,22.169,51.299,14.700000000000001,200.0,456.639,0.0,0.0,0.0,5.732,0,158.0,1.165,309.825,0.132,36.0,35.4078254699707,4.98,0.0,0
46938,22.169,51.455000000000005,14.700000000000001,200.0,456.699,0.0,0.0,0.0,5.732,0,151.0,1.155,309.825,0.39590000000000003,36.81,35.4078254699707,4.98,0.0,0
46938,22.339000000000002,51.602000000000004,15.200000000000001,200.0,456.57800000000003,0.0,0.0,0.0,5.732,0,158.0,1.145,309.825,-5.7405,37.08,35.4078254699707,4.98,0.0,0
46938,21.657,51.758,15.200000000000001,201.0,456.397,0.0,0.0,0.0,5.732,0,156.0,1.215,309.915,0.0495,37.53,35.4078254699707,4.98,0.0,0
46938,21.657,51.904,14.700000000000001,200.0,456.276,0.0,0.0,0.0,5.732,0,150.0,1.25,309.69,1.8723,37.2,35.4078254699707,4.98,0.0,0
46938,21.316,52.061,15.700000000000001,200.0,456.216,0.0,0.0,0.0,5.732,0,156.0,1.22,309.915,-3.9754,36.78,35.4078254699707,4.98,0.0,0
46938,21.487000000000002,52.207,15.200000000000001,200.0,455.974,0.0,0.0,0.0,5.732,0,154.0,1.1400000000000001,309.69,-2.9445,36.18,35.4078254699707,4.98,0.0,0
46938,21.657,52.363,15.200000000000001,200.0,456.337,0.0,0.0,0.0,5.732,0,156.0,1.235,309.69,2.1774,36.06,35.4078254699707,4.98,0.0,0
46938,21.657,52.52,14.200000000000001,200.0,456.15500000000003,0.0,0.0,0.0,5.732,0,150.0,1.185,309.825,-0.6598,34.77,35.4078254699707,4.98,0.0,0
46938,21.657,52.666000000000004,14.700000000000001,200.0,456.337,0.0,0.0,0.0,5.732,0,158.0,1.135,309.825,4.594,35.1,35.4078254699707,4.98,0.0,0
46938,21.657,52.822,15.200000000000001,200.0,456.639,0.0,0.0,0.0,5.732,0,155.0,1.1400000000000001,309.915,4.6683,34.83,35.4078254699707,4.98,0.0,0
46938,21.657,52.979,14.700000000000001,200.0,456.337,0.0,0.0,0.0,5.732,0,151.0,1.18,309.915,2.0949,35.550000000000004,35.4078254699707,4.98,0.0,0
46938,21.828,52.988,15.200000000000001,200.0,456.337,0.0,0.0,0.0,5.732,0,154.0,1.17,309.915,2.0455,35.58,35.4078254699707,4.98,0.0,0
46938,21.487000000000002,53.145,16.3,200.0,456.15500000000003,0.0,0.0,0.0,5.732,0,152.0,1.155,309.825,-3.0352,36.09,35.4078254699707,4.98,0.0,0
46938,21.657,53.301,15.200000000000001,200.0,456.15500000000003,0.0,0.0,0.0,5.732,0,156.0,1.1500000000000001,309.915,-1.5836000000000001,36.33,35.4078254699707,4.98,0.0,0
46938,21.487000000000002,53.447,14.700000000000001,200.0,456.095,0.0,0.0,0.0,5.732,0,151.0,1.155,309.915,0.7918000000000001,36.78,35.4078254699707,4.98,0.0,0
46938,21.657,53.604,15.200000000000001,200.0,456.337,0.0,0.0,0.0,5.732,0,153.0,1.165,309.915,0.9897,37.410000000000004,35.4078254699707,4.98,0.0,0
46938,21.146,53.760000000000005,15.200000000000001,200.0,456.15500000000003,0.0,0.0,0.0,5.732,0,162.0,1.16,309.825,0.132,37.44,35.4078254699707,4.98,0.0,0
46938,21.487000000000002,53.906000000000006,14.200000000000001,200.0,455.913,0.0,0.0,0.0,5.732,0,158.0,1.16,309.825,1.1217000000000001,37.47,35.4078254699707,4.98,0.0,0
46938,20.975,54.063,15.200000000000001,200.0,456.15500000000003,0.0,0.0,0.0,5.732,0,157.0,1.1500000000000001,309.825,-1.8475000000000001,37.14,35.4078254699707,4.98,0.0,0
46938,21.487000000000002,54.209,14.700000000000001,200.0,456.034,0.0,0.0,0.0,5.732,0,162.0,1.19,309.825,-2.6393,36.660000000000004,35.4078254699707,4.98,0.0,0
46938,21.487000000000002,54.365,15.200000000000001,200.0,455.913,0.0,0.0,0.0,5.732,0,156.0,1.145,309.69,-2.7713,35.88,35.4078254699707,4.98,0.0,0
46938,21.146,54.521,16.3,200.0,456.034,0.0,0.0,0.0,5.732,0,164.0,1.135,309.825,0.7918000000000001,35.19,35.4078254699707,4.98,0.0,0
46938,21.316,54.668,15.200000000000001,200.0,455.974,0.0,0.0,0.0,5.732,0,163.0,1.185,309.825,1.4516,34.62,35.4078254699707,4.98,0.0,0
46938,21.146,54.814,14.700000000000001,200.0,455.974,0.0,0.0,0.0,5.732,0,156.0,1.16,309.825,0.4289,34.47,35.4078254699707,4.98,0.0,0
46938,20.975,54.971000000000004,14.200000000000001,200.0,456.276,0.0,0.0,0.0,5.732,0,163.0,1.155,309.69,-1.4516,34.92,35.4078254699707,4.98,0.0,0
46938,21.487000000000002,55.117000000000004,14.700000000000001,200.0,456.337,0.0,0.0,0.0,5.732,0,158.0,1.155,309.69,-2.2764,35.76,35.4078254699707,4.98,0.0,0
46938,21.657,55.264,13.700000000000001,200.0,456.337,0.0,0.0,0.0,5.732,0,156.0,1.155,309.825,-1.3196,36.78,35.4078254699707,4.98,0.0,0
46938,21.487000000000002,55.42,15.200000000000001,200.0,456.15500000000003,0.0,0.0,0.0,5.732,0,156.0,1.1400000000000001,309.825,3.8600000000000003,36.87,35.4078254699707,4.98,0.0,0
46938,21.487000000000002,55.566,14.700000000000001,200.0,456.276,0.0,0.0,0.0,5.732,0,158.0,1.16,309.825,4.3548,36.87,35.4078254699707,4.98,0.0,0
46938,21.828,55.723000000000006,14.700000000000001,200.0,456.458,0.0,0.0,0.0,5.732,0,161.0,1.165,309.915,-0.066,36.81,35.4078254699707,4.98,0.0,0
46938,21.487000000000002,55.869,14.700000000000001,200.0,456.276,0.0,0.0,0.0,5.732,0,156.0,1.16,309.69,-5.2786,36.6,35.4078254699707,4.98,0.0,0
46938,21.657,56.025000000000006,15.700000000000001,200.0,456.337,0.0,0.0,0.0,5.732,0,158.0,1.165,309.825,-1.3196,36.36,35.4078254699707,4.98,0.0,0
46938,21.657,56.172000000000004,15.200000000000001,200.0,456.337,0.0,0.0,0.0,5.732,0,150.0,1.1500000000000001,309.69,-1.4516,36.39,35.4078254699707,4.98,0.0,0
46938,21.657,56.191,15.200000000000001,200.0,456.034,0.0,0.0,0.0,5.732,0,166.0,1.155,309.825,-0.4454,36.39,35.4078254699707,4.98,0.0,0
46938,21.998,56.338,15.200000000000001,200.0,456.216,0.0,0.0,0.0,5.732,0,159.0,1.17,309.825,-2.0042,36.0,35.4078254699707,4.98,0.0,0
46938,21.487000000000002,56.494,15.200000000000001,200.0,456.034,0.0,0.0,0.0,5.732,0,160.0,1.1400000000000001,309.915,-0.0825,34.32,35.4078254699707,4.98,0.0,0
46938,21.316,56.650000000000006,14.700000000000001,200.0,456.276,0.0,0.0,0.0,5.732,0,163.0,1.16,309.915,5.1054,34.14,35.4078254699707,4.98,0.0,0
46938,21.487000000000002,56.797000000000004,15.200000000000001,200.0,456.397,0.0,0.0,0.0,5.732,0,149.0,1.1500000000000001,309.825,-1.9135000000000002,34.17,35.4078254699707,4.98,0.0,0
46938,21.487000000000002,56.953,15.200000000000001,200.0,456.216,0.0,0.0,0.0,5.732,0,165.0,1.16,309.825,-2.7713,35.04,35.4078254699707,4.98,0.0,0
46938,21.487000000000002,57.109,15.200000000000001,200.0,456.57800000000003,0.0,0.0,0.0,5.732,0,155.0,1.16,309.825,0.34640000000000004,36.33,35.4078254699707,4.98,0.0,0
46938,21.657,57.256,14.700000000000001,200.0,456.51800000000003,0.0,0.0,0.0,5.732,0,154.0,1.155,309.825,-1.2124000000000001,37.230000000000004,35.4078254699707,4.98,0.0,0
46938,21.657,57.412000000000006,14.700000000000001,200.0,456.15500000000003,0.0,0.0,0.0,5.732,0,161.0,1.145,309.825,3.6950000000000003,36.84,35.4078254699707,4.98,0.0,0
46938,21.657,57.568000000000005,15.700000000000001,200.0,456.15500000000003,0.0,0.0,0.0,5.732,0,159.0,1.18,309.69,0.0247,36.39,35.4078254699707,4.98,0.0,0
46938,21.657,57.715,15.700000000000001,201.0,456.337,0.0,0.0,0.0,5.732,0,148.0,1.17,309.915,-1.4021000000000001,35.25,35.4078254699707,4.98,0.0,0
46938,21.146,57.871,15.700000000000001,200.0,456.51800000000003,0.0,0.0,0.0,5.732,0,162.0,1.1400000000000001,309.825,1.4021000000000001,35.64,35.4078254699707,4.98,0.0,0
46938,21.657,58.027,15.200000000000001,200.0,456.397,0.0,0.0,0.0,5.732,0,165.0,1.135,309.825,3.4723,35.97,35.4078254699707,4.98,0.0,0
46938,21.657,58.184000000000005,15.200000000000001,200.0,456.397,0.0,0.0,0.0,5.732,0,156.0,1.16,309.825,0.132,36.27,35.4078254699707,4.98,0.0,0
46938,21.828,58.330000000000005,14.700000000000001,200.0,456.51800000000003,0.0,0.0,0.0,5.732,0,162.0,1.135,309.915,-1.6661000000000001,36.300000000000004,35.4078254699707,4.98,0.0,0
46938,21.998,58.486000000000004,16.3,200.0,456.276,0.0,0.0,0.0,5.732,0,165.0,1.165,309.825,-0.0495,35.7,35.4078254699707,4.98,0.0,0
46938,21.316,58.643,14.700000000000001,200.0,455.853,0.0,0.0,0.0,5.732,0,160.0,1.1500000000000001,309.69,-1.097,34.77,35.4078254699707,4.98,0.0,0
46938,20.975,58.799,15.200000000000001,200.0,456.216,0.0,0.0,0.0,5.732,0,166.0,1.165,309.825,-3.5218000000000003,33.660000000000004,35.4078254699707,4.98,0.0,0
46938,21.146,58.955000000000005,14.200000000000001,200.0,456.15500000000003,0.0,0.0,0.0,5.732,0,161.0,1.1400000000000001,309.915,2.8207,34.11,35.4078254699707,4.98,0.0,0
46938,21.316,59.102000000000004,15.700000000000001,200.0,456.337,0.0,0.0,0.0,5.732,0,154.0,1.1400000000000001,309.825,1.7155,35.22,35.4078254699707,4.98,0.0,0
46938,20.975,59.248000000000005,14.700000000000001,200.0,456.337,0.0,0.0,0.0,5.732,0,162.0,1.18,309.915,-5.3611,37.14,35.4078254699707,4.98,0.0,0
46938,20.805,59.404,15.700000000000001,200.0,455.974,0.0,0.0,0.0,5.732,0,163.0,1.18,309.915,1.5176,37.62,35.4078254699707,4.98,0.0,0
46938,21.146,59.551,15.200000000000001,200.0,456.458,0.0,0.0,0.0,5.732,0,149.0,1.185,309.69,4.2476,37.11,35.4078254699707,4.98,0.0,0
46938,21.146,59.707,14.700000000000001,200.0,456.51800000000003,0.0,0.0,0.0,5.732,0,160.0,1.1500000000000001,309.825,-3.1259,36.36,35.4078254699707,4.98,0.0,0
46938,21.316,59.854000000000006,14.700000000000001,200.0,456.397,0.0,0.0,0.0,5.732,0,165.0,1.145,309.915,-0.5938,36.06,35.4078254699707,4.98,0.0,0
46938,21.657,60.0,15.700000000000001,200.0,456.337,0.0,0.0,0.0,5.732,0,154.0,1.185,309.825,3.3651,35.7,35.4078254699707,4.98,0.0,0
46938,21.487000000000002,60.146,14.200000000000001,200.0,456.095,0.0,0.0,0.0,5.732,0,161.0,1.1500000000000001,309.825,-0.132,36.0,35.4078254699707,4.98,0.0,0
46938,21.828,60.303000000000004,15.700000000000001,200.0,456.15500000000003,0.0,0.0,0.0,5.732,0,164.0,1.175,309.915,-2.0620000000000003,36.12,35.4078254699707,4.98,0.0,0
46938,21.657,60.449000000000005,15.200000000000001,201.0,456.15500000000003,0.0,0.0,0.0,5.732,0,158.0,1.175,309.825,-0.46190000000000003,35.43,35.4078254699707,4.98,0.0,0
46938,21.998,60.605000000000004,15.200000000000001,200.0,456.51800000000003,0.0,0.0,0.0,5.732,0,163.0,1.145,309.825,-1.5671000000000002,34.95,35.4078254699707,4.98,0.0,0
46938,21.998,60.762,14.700000000000001,200.0,456.458,0.0,0.0,0.0,5.732,0,163.0,1.1500000000000001,309.69,-2.4001,34.26,35.4078254699707,4.98,0.0,0
46938,21.657,60.771,15.700000000000001,200.0,456.458,0.0,0.0,0.0,5.732,0,163.0,1.135,309.69,-2.4743,34.17,35.4078254699707,4.98,0.0,0
46938,21.487000000000002,60.928000000000004,15.700000000000001,200.0,456.337,0.0,0.0,0.0,5.732,0,158.0,1.155,309.69,-1.9795,34.08,35.4078254699707,4.98,0.0,0
46938,21.657,61.074000000000005,15.700000000000001,200.0,456.337,0.0,0.0,0.0,5.732,0,142.0,1.145,309.825,0.0,35.07,35.4078254699707,4.98,0.0,0
46938,21.657,61.230000000000004,15.700000000000001,200.0,456.337,0.0,0.0,0.0,5.732,0,167.0,1.145,309.915,5.806500000000001,36.24,35.4078254699707,4.98,0.0,0
46938,21.657,61.387,15.200000000000001,200.0,456.15500000000003,0.0,0.0,0.0,5.732,0,156.0,1.175,309.825,2.0125,36.36,35.4078254699707,4.98,0.0,0
46938,21.828,61.543000000000006,14.200000000000001,200.0,456.51800000000003,0.0,0.0,0.0,5.732,0,156.0,1.155,309.915,1.0557,36.78,35.4078254699707,4.98,0.0,0
46938,21.657,61.689,15.200000000000001,200.0,456.216,0.0,0.0,0.0,5.732,0,160.0,1.16,309.825,0.5938,35.82,35.4078254699707,4.98,0.0,0
46938,21.657,61.846000000000004,15.200000000000001,200.0,455.853,0.0,0.0,0.0,5.732,0,159.0,1.195,309.915,2.1114,35.94,35.4078254699707,4.98,0.0,0
46938,21.998,62.002,15.700000000000001,200.0,455.974,0.0,0.0,0.0,5.732,0,154.0,1.16,309.825,-0.46190000000000003,35.01,35.4078254699707,4.98,0.0,0
46938,21.487000000000002,62.158,15.700000000000001,200.0,456.15500000000003,0.0,0.0,0.0,5.732,0,159.0,1.16,309.825,-1.8475000000000001,35.01,35.4078254699707,4.98,0.0,0
46938,21.657,62.314,15.200000000000001,200.0,456.276,0.0,0.0,0.0,5.732,0,161.0,1.12,309.825,-0.46190000000000003,34.230000000000004,35.4078254699707,4.98,0.0,0
46938,21.316,62.471000000000004,15.700000000000001,200.0,456.095,0.0,0.0,0.0,5.732,0,151.0,1.205,309.825,1.5836000000000001,34.5,35.4078254699707,4.98,0.0,0
46938,21.657,62.627,15.200000000000001,200.0,455.853,0.0,0.0,0.0,5.732,0,160.0,1.1300000000000001,309.69,-4.1239,34.77,35.4078254699707,4.98,0.0,0
46938,21.657,62.773,15.200000000000001,200.0,455.974,0.0,0.0,0.0,5.732,0,168.0,1.135,309.915,1.0557,34.17,35.4078254699707,4.98,0.0,0
46938,21.487000000000002,62.93,15.200000000000001,200.0,455.913,0.0,0.0,0.0,5.732,0,151.0,1.1300000000000001,309.825,4.7507,34.47,35.4078254699707,4.98,0.0,0
46938,21.487000000000002,63.086000000000006,15.700000000000001,200.0,456.216,0.0,0.0,0.0,5.732,0,160.0,1.1400000000000001,309.915,2.2434000000000003,35.550000000000004,35.4078254699707,4.98,0.0,0
46938,21.146,63.242000000000004,16.3,200.0,456.458,0.0,0.0,0.0,5.732,0,165.0,1.185,309.825,-6.0044,36.21,35.4078254699707,4.98,0.0,0
46938,21.316,63.398,15.700000000000001,200.0,456.51800000000003,0.0,0.0,0.0,5.732,0,150.0,1.22,309.825,0.5279,37.29,35.4078254699707,4.98,0.0,0
46938,21.487000000000002,63.555,14.700000000000001,200.0,456.458,0.0,0.0,0.0,5.732,0,160.0,1.155,309.825,5.6085,36.480000000000004,35.4078254699707,4.98,0.0,0
46938,21.146,63.701,15.200000000000001,200.0,456.15500000000003,0.0,0.0,0.0,5.732,0,159.0,1.1400000000000001,309.825,-1.3196,36.99,35.4078254699707,4.98,0.0,0
46938,21.657,63.857000000000006,14.700000000000001,200.0,456.095,0.0,0.0,0.0,5.732,0,159.0,1.125,309.825,-2.6393,36.15,35.4078254699707,4.98,0.0,0
46938,21.487000000000002,64.01400000000001,15.200000000000001,200.0,455.974,0.0,0.0,0.0,5.732,0,164.0,1.1500000000000001,309.915,3.1672000000000002,35.64,35.4078254699707,4.98,0.0,0
46938,21.487000000000002,64.033,14.200000000000001,200.0,455.974,0.0,0.0,0.0,5.732,0,159.0,1.135,309.915,3.4146,35.550000000000004,35.4078254699707,4.98,0.0,0
46938,21.146,64.18900000000001,15.700000000000001,200.0,456.15500000000003,0.0,0.0,0.0,5.732,0,167.0,1.125,309.825,1.1877,35.4,35.4078254699707,4.98,0.0,0
46938,21.487000000000002,64.336,14.700000000000001,200.0,456.639,0.0,0.0,0.0,5.732,0,157.0,1.1500000000000001,309.915,-2.2599,35.07,35.4078254699707,4.98,0.0,0
46938,21.146,64.492,16.3,200.0,456.51800000000003,0.0,0.0,0.0,5.732,0,159.0,1.1500000000000001,309.825,0.14850000000000002,35.25,35.4078254699707,4.98,0.0,0
46938,21.316,64.648,15.200000000000001,200.0,456.337,0.0,0.0,0.0,5.732,0,165.0,1.125,309.69,-5.385800000000001,35.31,35.4078254699707,4.98,0.0,0
46938,21.657,64.805,15.700000000000001,200.0,456.458,0.0,0.0,0.0,5.732,0,161.0,1.135,309.915,-3.2496,35.22,35.4078254699707,4.98,0.0,0
46938,21.316,64.95100000000001,15.200000000000001,200.0,455.974,0.0,0.0,0.0,5.732,0,159.0,1.1500000000000001,309.915,5.3281,35.07,35.4078254699707,4.98,0.0,0
46938,21.657,65.107,15.200000000000001,200.0,456.034,0.0,0.0,0.0,5.732,0,159.0,1.115,309.825,1.4269,35.550000000000004,35.4078254699707,4.98,0.0,0
46938,21.487000000000002,65.26400000000001,14.200000000000001,200.0,456.216,0.0,0.0,0.0,5.732,0,155.0,1.195,309.69,-2.7960000000000003,36.84,35.4078254699707,4.98,0.0,0
46938,21.657,65.42,15.200000000000001,200.0,456.15500000000003,0.0,0.0,0.0,5.732,0,160.0,1.155,309.915,0.1155,37.53,35.4078254699707,4.98,0.0,0
46938,21.657,65.57600000000001,15.700000000000001,200.0,456.095,0.0,0.0,0.0,5.732,0,162.0,1.1400000000000001,309.69,2.2022,37.71,35.4078254699707,4.98,0.0,0
46938,21.657,65.732,15.700000000000001,200.0,456.15500000000003,0.0,0.0,0.0,5.732,0,155.0,1.085,309.825,0.9238000000000001,36.99,35.4078254699707,4.98,0.0,0
46938,21.657,65.88900000000001,15.200000000000001,200.0,456.337,0.0,0.0,0.0,5.732,0,157.0,1.1300000000000001,309.69,-1.3444,36.57,35.4078254699707,4.98,0.0,0
46938,21.487000000000002,66.045,14.700000000000001,200.0,456.458,0.0,0.0,0.0,5.732,0,163.0,1.1400000000000001,309.825,0.5444,36.15,35.4078254699707,4.98,0.0,0
46938,21.316,66.191,15.200000000000001,200.0,456.034,0.0,0.0,0.0,5.732,0,162.0,1.17,309.825,-2.6393,35.46,35.4078254699707,4.98,0.0,0
46938,21.657,66.348,15.200000000000001,200.0,456.034,0.0,0.0,0.0,5.732,0,152.0,1.12,309.825,2.7713,35.01,35.4078254699707,4.98,0.0,0
46938,21.487000000000002,66.504,15.700000000000001,200.0,456.337,0.0,0.0,0.0,5.732,0,166.0,1.135,309.825,3.8930000000000002,35.37,35.4078254699707,4.98,0.0,0
46938,21.316,66.66,15.700000000000001,200.0,456.276,0.0,0.0,0.0,5.732,0,159.0,1.1300000000000001,309.825,0.39590000000000003,35.49,35.4078254699707,4.98,0.0,0
46938,21.657,66.816,15.700000000000001,200.0,456.458,0.0,0.0,0.0,5.732,0,155.0,1.115,309.825,-0.9238000000000001,35.61,35.4078254699707,4.98,0.0,0
46938,21.146,66.973,15.200000000000001,200.0,456.276,0.0,0.0,0.0,5.732,0,154.0,1.125,309.825,-0.5114000000000001,36.18,35.4078254699707,4.98,0.0,0
46938,21.146,67.129,15.700000000000001,200.0,456.276,0.0,0.0,0.0,5.732,0,162.0,1.12,309.69,0.42060000000000003,36.21,35.4078254699707,4.98,0.0,0
46938,21.487000000000002,67.275,15.200000000000001,200.0,456.15500000000003,0.0,0.0,0.0,5.732,0,155.0,1.135,309.915,-0.0825,36.51,35.4078254699707,4.98,0.0,0
46938,21.487000000000002,67.295,15.700000000000001,200.0,456.216,0.0,0.0,0.0,5.732,0,164.0,1.11,309.915,0.39590000000000003,36.6,35.4078254699707,4.98,0.0,0
46938,21.316,67.45100000000001,15.700000000000001,200.0,456.397,0.0,0.0,0.0,5.732,0,153.0,1.12,309.825,-2.6393,36.57,35.4078254699707,4.98,0.0,0
46938,21.487000000000002,67.598,15.700000000000001,200.0,456.15500000000003,0.0,0.0,0.0,5.732,0,161.0,1.16,309.825,-0.39590000000000003,36.54,35.4078254699707,4.98,0.0,0
46938,21.657,67.754,14.700000000000001,201.0,456.095,0.0,0.0,0.0,5.732,0,151.0,1.11,309.825,1.6496000000000002,36.6,35.4078254699707,4.98,0.0,0
46938,21.657,67.91,15.200000000000001,200.0,456.034,0.0,0.0,0.0,5.732,0,149.0,1.115,309.69,-3.0352,37.2,35.4078254699707,4.98,0.0,0
46938,21.657,68.057,15.200000000000001,200.0,456.095,0.0,0.0,0.0,5.732,0,162.0,1.105,309.825,-3.6950000000000003,37.02,35.4078254699707,4.98,0.0,0
46938,21.657,68.21300000000001,16.3,200.0,455.79200000000003,0.0,0.0,0.0,5.732,0,161.0,1.105,309.915,4.3548,36.33,35.4078254699707,4.98,0.0,0
46938,21.657,68.369,16.3,200.0,455.79200000000003,0.0,0.0,0.0,5.732,0,159.0,1.095,309.915,3.0022,35.07,35.4078254699707,4.98,0.0,0
46938,21.828,68.525,15.700000000000001,200.0,456.15500000000003,0.0,0.0,0.0,5.732,0,167.0,1.11,309.69,-2.7713,34.14,35.4078254699707,4.98,0.0,0
46938,21.657,68.682,15.200000000000001,200.0,456.337,0.0,0.0,0.0,5.732,0,158.0,1.11,309.825,-0.7258,34.14,35.4078254699707,4.98,0.0,0
46938,21.828,68.83800000000001,15.700000000000001,200.0,455.974,0.0,0.0,0.0,5.732,0,160.0,1.125,309.825,-0.39590000000000003,34.53,35.4078254699707,4.98,0.0,0
46938,21.657,68.994,15.700000000000001,200.0,456.15500000000003,0.0,0.0,0.0,5.732,0,161.0,1.115,309.825,0.4289,35.31,35.4078254699707,4.98,0.0,0
46938,21.657,69.15,15.700000000000001,200.0,456.216,0.0,0.0,0.0,5.732,0,165.0,1.165,309.915,-0.132,36.27,35.4078254699707,4.98,0.0,0
46938,21.657,69.307,15.700000000000001,200.0,456.15500000000003,0.0,0.0,0.0,5.732,0,156.0,1.155,309.69,-2.2764,36.72,35.4078254699707,4.98,0.0,0
46938,21.316,69.46300000000001,15.700000000000001,200.0,456.15500000000003,0.0,0.0,0.0,5.732,0,160.0,1.115,309.825,-0.6598,36.63,35.4078254699707,4.98,0.0,0
46938,21.657,69.619,15.700000000000001,200.0,456.276,0.0,0.0,0.0,5.732,0,165.0,1.155,309.825,-0.19790000000000002,36.93,35.4078254699707,4.98,0.0,0
46938,21.487000000000002,69.63900000000001,15.200000000000001,200.0,456.276,0.0,0.0,0.0,5.732,0,160.0,1.1,309.825,0.6103000000000001,36.96,35.4078254699707,4.98,0.0,0
46938,21.657,69.795,15.200000000000001,200.0,456.337,0.0,0.0,0.0,5.732,0,153.0,1.11,309.915,6.2931,36.75,35.4078254699707,4.98,0.0,0
46938,21.487000000000002,69.95100000000001,14.700000000000001,200.0,456.216,0.0,0.0,0.0,5.732,0,157.0,1.1,309.915,4.0084,36.81,35.4078254699707,4.98,0.0,0
46938,21.316,70.107,15.200000000000001,200.0,456.458,0.0,0.0,0.0,5.732,0,160.0,1.085,309.825,-4.6848,36.12,35.4078254699707,4.98,0.0,0
46938,21.316,70.26400000000001,14.700000000000001,200.0,456.458,0.0,0.0,0.0,5.732,0,153.0,1.09,309.915,-4.2229,35.04,35.4078254699707,4.98,0.0,0
46938,20.975,70.43,16.7,200.0,456.216,0.0,0.0,0.0,5.732,0,164.0,1.07,309.825,3.3156000000000003,34.5,35.4078254699707,4.98,0.0,0
46938,20.293,70.605,18.8,200.0,456.397,0.0,0.0,0.0,5.732,0,119.0,1.07,309.915,3.5878,34.26,35.4078254699707,4.98,0.0,0
46938,18.417,70.791,19.3,191.0,456.276,0.0,0.0,0.0,5.732,0,-477.0,1.065,309.69,-3.9177000000000004,34.47,35.4078254699707,4.98,0.0,0
46938,14.325000000000001,70.99600000000001,20.8,156.0,456.337,0.0,0.0,0.0,5.732,0,-736.0,1.02,309.69,-3.2579000000000002,35.58,35.4078254699707,4.98,0.0,0
46938,7.844,71.20100000000001,20.3,112.0,456.276,0.0,0.0,0.0,5.732,0,-755.0,1.1300000000000001,309.69,-2.4661,36.57,35.4078254699707,4.98,0.0,0
46938,0.512,71.387,17.8,69.0,456.458,0.0,0.0,0.0,5.732,0,-649.0,1.035,309.69,-1.1629,37.53,35.4078254699707,4.98,0.0,0
46938,-7.333,71.553,14.700000000000001,32.0,456.397,0.0,0.0,0.0,5.732,0,-513.0,1.065,309.915,5.1714,37.26,35.4078254699707,4.98,0.0,0
46938,-9.038,71.641,-3.0,4.0,456.337,0.0,0.0,0.0,5.732,0,-425.0,1.03,309.825,6.2023,36.99,35.4078254699707,4.98,0.0,0
46938,-6.992,71.611,-1.0,-16.0,456.639,0.0,0.0,0.0,5.732,0,4.0,1.0050000000000001,309.825,0.7011000000000001,36.27,35.4078254699707,4.98,0.0,0
46938,-10.232000000000001,71.611,1.0,-17.0,456.639,0.0,0.0,0.0,5.732,0,165.0,1.045,309.825,-2.0949,35.94,35.4078254699707,4.98,0.0,0
46938,-10.402000000000001,71.631,2.5,-8.0,456.337,0.0,0.0,0.0,5.732,0,136.0,1.055,309.915,-0.8083,35.64,35.4078254699707,4.98,0.0,0
46938,-10.914,71.67,4.5,-1.0,456.276,0.0,0.0,0.0,5.732,0,47.0,1.04,309.69,-2.4166000000000003,35.94,35.4078254699707,4.98,0.0,0
46938,-10.743,71.709,4.5,2.0,455.732,0.0,0.0,0.0,5.732,0,15.0,1.025,309.69,-2.1527000000000003,36.09,35.4078254699707,4.98,0.0,0
46938,-10.232000000000001,71.748,4.1000000000000005,2.0,455.79200000000003,0.0,0.0,0.0,5.732,0,-3.0,0.965,309.915,-0.6763,35.64,35.4078254699707,4.98,0.0,0
46938,-10.402000000000001,71.787,3.0,1.0,455.369,0.0,0.0,0.0,5.732,0,-11.0,0.995,309.825,4.594,34.62,35.4078254699707,4.98,0.0,0
46938,-11.084,71.836,4.1000000000000005,0.0,455.43,0.0,0.0,0.0,5.732,0,-8.0,1.0,309.915,1.0392000000000001,34.47,35.4078254699707,4.98,0.0,0
46938,-11.596,71.875,4.1000000000000005,-1.0,455.611,0.0,0.0,0.0,5.732,0,-2.0,0.975,309.915,-0.19790000000000002,34.980000000000004,35.4078254699707,4.98,0.0,0
46938,-11.426,71.914,4.1000000000000005,-1.0,455.671,0.0,0.0,0.0,5.732,0,6.0,1.0050000000000001,309.915,3.8765,36.18,35.4078254699707,4.98,0.0,0
46938,-11.426,71.953,4.1000000000000005,0.0,456.034,0.0,0.0,0.0,5.732,0,16.0,0.965,309.825,-2.0949,37.17,35.4078254699707,4.98,0.0,0
46938,-11.426,71.992,3.5,0.0,456.15500000000003,0.0,0.0,0.0,5.732,0,9.0,0.9550000000000001,309.915,-3.629,37.410000000000004,35.4078254699707,4.98,0.0,0
46938,-11.767,72.031,4.1000000000000005,0.0,456.337,0.0,0.0,0.0,5.732,0,4.0,0.92,309.825,-1.0392000000000001,37.14,35.4078254699707,4.98,0.0,0
46938,-11.767,72.07000000000001,4.1000000000000005,0.0,456.15500000000003,0.0,0.0,0.0,5.732,0,4.0,0.9500000000000001,309.825,1.7155,37.11,35.4078254699707,4.98,0.0,0
46938,-11.767,72.10900000000001,4.1000000000000005,0.0,456.397,0.0,0.0,0.0,5.732,0,-5.0,0.9400000000000001,309.825,-0.2474,36.660000000000004,35.4078254699707,4.98,0.0,0
46938,-11.937,72.119,4.1000000000000005,0.0,456.397,0.0,0.0,0.0,5.732,0,-4.0,0.9450000000000001,309.825,0.3299,36.660000000000004,35.4078254699707,4.98,0.0,0
46938,-11.767,72.158,4.5,0.0,456.095,0.0,0.0,0.0,5.732,0,-2.0,0.9500000000000001,309.69,-2.1114,35.94,35.4078254699707,4.98,0.0,0
46938,-11.937,72.197,4.1000000000000005,0.0,455.732,0.0,0.0,0.0,5.732,0,2.0,0.915,309.825,4.7507,35.160000000000004,35.4078254699707,4.98,0.0,0
46938,-11.767,72.236,4.1000000000000005,0.0,455.611,0.0,0.0,0.0,5.732,0,4.0,0.92,309.825,2.7713,35.4,35.4078254699707,4.98,0.0,0
46938,-12.278,72.275,3.0,0.0,456.095,0.0,0.0,0.0,5.732,0,3.0,0.93,309.825,-3.5301,35.07,35.4078254699707,4.98,0.0,0
46938,-11.767,72.31400000000001,4.5,0.0,455.79200000000003,0.0,0.0,0.0,5.732,0,3.0,0.92,309.825,-1.9795,33.99,35.4078254699707,4.98,0.0,0
46938,-12.108,72.354,3.0,0.0,455.853,0.0,0.0,0.0,5.732,0,-1.0,0.905,309.825,2.6393,32.88,35.4078254699707,4.98,0.0,0
46938,-12.108,72.402,4.1000000000000005,0.0,456.034,0.0,0.0,0.0,5.732,0,1.0,0.8300000000000001,309.825,1.3196,33.87,35.4078254699707,4.98,0.0,0
46938,-11.767,72.441,4.1000000000000005,0.0,456.276,0.0,0.0,0.0,5.732,0,0.0,0.87,309.915,-1.6496000000000002,36.12,35.4078254699707,4.98,0.0,0
46938,-12.108,72.48,4.5,0.0,456.216,0.0,0.0,0.0,5.732,0,0.0,0.895,309.825,-2.5073000000000003,37.410000000000004,35.4078254699707,4.98,0.0,0
46938,-11.937,72.52000000000001,4.1000000000000005,0.0,455.79200000000003,0.0,0.0,0.0,5.732,0,1.0,0.865,309.69,-2.0125,37.65,35.4078254699707,4.98,0.0,0
46938,-11.767,72.559,3.5,0.0,455.732,0.0,0.0,0.0,5.732,0,0.0,0.855,309.825,-1.0557,37.02,35.4078254699707,4.98,0.0,0
46938,-12.449,72.598,4.5,0.0,455.974,0.0,0.0,0.0,5.732,0,-1.0,0.88,309.825,1.8475000000000001,36.300000000000004,35.4078254699707,4.98,0.0,0
46938,-11.937,72.637,4.1000000000000005,0.0,455.974,0.0,0.0,0.0,5.732,0,-1.0,0.8250000000000001,309.69,1.0557,35.730000000000004,35.4078254699707,4.98,0.0,0
46938,-11.937,72.676,4.5,0.0,456.034,0.0,0.0,0.0,5.732,0,0.0,0.835,309.915,-0.3299,35.1,35.4078254699707,4.98,0.0,0
46938,-11.937,72.72500000000001,4.1000000000000005,0.0,456.337,0.0,0.0,0.0,5.732,0,0.0,0.8300000000000001,309.69,-1.0557,34.5,35.4078254699707,4.98,0.0,0
46938,-11.937,72.76400000000001,4.5,0.0,456.034,0.0,0.0,0.0,5.732,0,0.0,0.84,309.825,1.2207000000000001,34.35,35.4078254699707,4.98,0.0,0
46938,-11.937,72.803,4.5,0.0,455.913,0.0,0.0,0.0,5.732,0,0.0,0.81,309.825,-0.6598,34.08,35.4078254699707,4.98,0.0,0
46938,-12.278,72.842,3.5,0.0,455.913,0.0,0.0,0.0,5.732,0,-1.0,0.8,309.915,0.8908,33.96,35.4078254699707,4.98,0.0,0
46938,-12.108,72.842,4.1000000000000005,0.0,455.913,0.0,0.0,0.0,5.732,0,0.0,0.805,309.915,0.0907,34.02,35.4078254699707,4.98,0.0,0
46938,-12.108,72.881,3.5,0.0,455.974,0.0,0.0,0.0,5.737,0,0.0,0.715,309.825,0.0,34.44,35.4078254699707,4.98,0.0,0
46938,-11.937,72.92,4.1000000000000005,0.0,455.79200000000003,0.0,0.0,0.0,5.737,0,0.0,0.775,310.005,0.3629,34.62,35.4078254699707,4.98,0.0,0
46938,-12.278,72.96900000000001,4.1000000000000005,0.0,456.034,0.0,0.0,0.0,5.737,0,0.0,0.805,309.915,0.6598,35.13,35.4078254699707,4.98,0.0,0
46938,-12.108,73.00800000000001,4.1000000000000005,0.0,456.15500000000003,0.0,0.0,0.0,5.737,0,-2.0,0.765,309.825,0.0,35.52,35.4078254699707,4.98,0.0,0
46938,-11.937,73.047,3.5,0.0,455.974,0.0,0.0,0.0,5.737,0,0.0,0.705,309.825,-5.5755,36.36,35.4078254699707,4.98,0.0,0
46938,-11.937,73.086,4.1000000000000005,0.0,456.15500000000003,0.0,0.0,0.0,5.737,0,-1.0,0.75,309.825,-2.9527,36.300000000000004,35.4078254699707,4.98,0.0,0
46938,-12.449,73.125,3.5,0.0,456.034,0.0,0.0,0.0,5.737,0,0.0,0.72,309.915,0.4454,35.79,35.4078254699707,4.98,0.0,0
46938,-12.108,73.164,3.5,0.0,456.458,0.0,0.0,0.0,5.737,0,0.0,0.755,309.825,1.6908,35.160000000000004,35.4078254699707,4.98,0.0,0
46938,-11.937,73.203,4.1000000000000005,0.0,456.337,0.0,0.0,0.0,5.737,0,-2.0,0.7000000000000001,309.825,-0.39590000000000003,35.22,35.4078254699707,4.98,0.0,0
46938,-12.108,73.242,4.1000000000000005,0.0,456.337,0.0,0.0,0.0,5.737,0,0.0,0.7000000000000001,309.915,-0.28040000000000004,34.38,35.4078254699707,4.98,0.0,0
46938,-12.108,73.281,4.1000000000000005,0.0,456.15500000000003,0.0,0.0,0.0,5.737,0,-1.0,0.705,309.825,1.8475000000000001,34.5,35.4078254699707,4.98,0.0,0
46938,-12.108,73.33,3.5,0.0,456.034,0.0,0.0,0.0,5.737,0,-1.0,0.675,309.915,0.6433,35.160000000000004,35.4078254699707,4.98,0.0,0
46938,-12.278,73.369,4.1000000000000005,0.0,455.671,0.0,0.0,0.0,5.737,0,0.0,0.665,309.825,0.6763,34.71,35.4078254699707,4.98,0.0,0
46938,-11.937,73.408,4.1000000000000005,0.0,455.671,0.0,0.0,0.0,5.737,0,-1.0,0.67,309.69,-2.5486,34.65,35.4078254699707,4.98,0.0,0
46938,-12.108,73.447,3.5,0.0,456.216,0.0,0.0,0.0,5.737,0,0.0,0.66,309.915,-6.0704,34.62,35.4078254699707,4.98,0.0,0
46938,-11.937,73.447,3.5,0.0,456.216,0.0,0.0,0.0,5.737,0,0.0,0.63,309.915,-5.0147,34.71,35.4078254699707,4.98,0.0,0
46938,-11.767,73.486,4.1000000000000005,0.0,456.15500000000003,0.0,0.0,0.0,5.737,0,-1.0,0.61,309.825,2.3754,35.28,35.4078254699707,4.98,0.0,0
46938,-12.278,73.535,4.1000000000000005,0.0,456.458,0.0,0.0,0.0,5.737,0,-1.0,0.635,309.825,0.9567,35.37,35.4078254699707,4.98,0.0,0
46938,-11.937,73.574,4.5,0.0,456.15500000000003,0.0,0.0,0.0,5.737,0,0.0,0.65,309.69,-3.6950000000000003,35.58,35.4078254699707,4.98,0.0,0
46938,-11.937,73.613,4.1000000000000005,0.0,455.79200000000003,0.0,0.0,0.0,5.737,0,-2.0,0.655,309.69,0.8908,35.85,35.4078254699707,4.98,0.0,0
46938,-12.108,73.652,4.1000000000000005,0.0,456.095,0.0,0.0,0.0,5.737,0,-1.0,0.58,309.825,-1.0557,36.0,35.4078254699707,4.98,0.0,0
46938,-12.108,73.691,3.5,0.0,456.337,0.0,0.0,0.0,5.737,0,0.0,0.62,309.915,2.2104,35.97,35.4078254699707,4.98,0.0,0
46938,-12.108,73.73,4.5,0.0,456.034,0.0,0.0,0.0,5.737,0,0.0,0.615,309.69,1.4516,35.49,35.4078254699707,4.98,0.0,0
46938,-11.937,73.77000000000001,4.1000000000000005,0.0,455.974,0.0,0.0,0.0,5.737,0,0.0,0.58,309.825,1.5836000000000001,34.5,35.4078254699707,4.98,0.0,0
46938,-12.108,73.809,4.5,0.0,456.15500000000003,0.0,0.0,0.0,5.737,0,-2.0,0.605,309.825,-0.39590000000000003,34.08,35.4078254699707,4.98,0.0,0
46938,-11.767,73.818,4.1000000000000005,0.0,456.15500000000003,0.0,0.0,0.0,5.737,0,-2.0,0.595,309.825,0.0825,33.99,35.4078254699707,4.98,0.0,0
46938,-12.278,73.857,4.1000000000000005,0.0,455.974,0.0,0.0,0.0,5.737,0,-2.0,0.55,309.69,-1.1217000000000001,33.27,35.4078254699707,4.98,0.0,0
46938,-12.108,73.896,3.5,0.0,455.671,0.0,0.0,0.0,5.737,0,0.0,0.58,309.825,2.0455,33.54,35.4078254699707,4.98,0.0,0
46938,-11.767,73.936,4.1000000000000005,0.0,455.79200000000003,0.0,0.0,0.0,5.737,0,-4.0,0.525,309.915,2.9527,33.75,35.4078254699707,4.98,0.0,0
46938,-12.108,73.97500000000001,4.1000000000000005,0.0,455.79200000000003,0.0,0.0,0.0,5.737,0,0.0,0.56,309.825,0.5691,34.56,35.4078254699707,4.98,0.0,0
46938,-12.108,74.01400000000001,4.5,0.0,455.853,0.0,0.0,0.0,5.737,0,-1.0,0.555,309.825,-2.3589,35.82,35.4078254699707,4.98,0.0,0
46938,-11.767,74.053,3.5,0.0,455.853,0.0,0.0,0.0,5.737,0,-1.0,0.525,309.825,0.28040000000000004,36.0,35.4078254699707,4.98,0.0,0
46938,-12.108,74.102,4.5,0.0,455.79200000000003,0.0,0.0,0.0,5.737,0,0.0,0.55,309.825,0.39590000000000003,35.79,35.4078254699707,4.98,0.0,0
46938,-11.767,74.141,4.1000000000000005,0.0,455.974,0.0,0.0,0.0,5.737,0,-4.0,0.47500000000000003,309.915,-2.9857,35.52,35.4078254699707,4.98,0.0,0
46938,-11.937,74.18,3.5,0.0,455.974,0.0,0.0,0.0,5.737,0,-1.0,0.51,309.69,-2.3341000000000003,35.13,35.4078254699707,4.98,0.0,0
46938,-11.767,74.21900000000001,4.1000000000000005,0.0,455.79200000000003,0.0,0.0,0.0,5.737,0,-2.0,0.485,309.69,-0.9650000000000001,35.19,35.4078254699707,4.98,0.0,0
46938,-11.937,74.25800000000001,3.5,0.0,455.79200000000003,0.0,0.0,0.0,5.737,0,-2.0,0.5,309.825,-0.7505000000000001,35.13,35.4078254699707,4.98,0.0,0
46938,-11.767,74.297,4.5,0.0,455.79200000000003,0.0,0.0,0.0,5.737,0,0.0,0.49,309.915,1.8723,35.22,35.4078254699707,4.98,0.0,0
46938,-12.108,74.336,4.1000000000000005,0.0,455.974,0.0,0.0,0.0,5.737,0,-2.0,0.49,309.915,4.5115,35.25,35.4078254699707,4.98,0.0,0
46938,-11.767,74.375,3.5,0.0,455.853,0.0,0.0,0.0,5.737,0,-1.0,0.47000000000000003,309.825,1.9795,34.53,35.4078254699707,4.98,0.0,0
46938,-12.278,74.414,4.5,0.0,455.732,0.0,0.0,0.0,5.737,0,0.0,0.47500000000000003,309.825,-1.9795,33.54,35.4078254699707,4.98,0.0,0
46938,-12.108,74.46300000000001,3.5,0.0,455.79200000000003,0.0,0.0,0.0,5.737,0,-3.0,0.47500000000000003,309.915,-1.8475000000000001,33.09,35.4078254699707,4.98,0.0,0
46938,-11.767,74.50200000000001,3.5,0.0,455.79200000000003,0.0,0.0,0.0,5.737,0,0.0,0.44,309.825,1.864,34.2,35.4078254699707,4.98,0.0,0
46938,-12.108,74.541,4.5,0.0,455.79200000000003,0.0,0.0,0.0,5.737,0,-1.0,0.41500000000000004,309.825,-0.2639,35.52,35.4078254699707,4.98,0.0,0
46938,-11.937,74.58,4.1000000000000005,0.0,455.79200000000003,0.0,0.0,0.0,5.737,0,-3.0,0.44,309.69,-3.6043000000000003,36.27,35.4078254699707,4.98,0.0,0
46938,-11.937,74.619,4.5,0.0,455.79200000000003,0.0,0.0,0.0,5.737,0,-2.0,0.44,309.915,-2.9197,36.42,35.4078254699707,4.98,0.0,0
46938,-11.767,74.658,4.1000000000000005,0.0,455.49,0.0,0.0,0.0,5.737,0,-2.0,0.435,309.69,-2.0207,36.15,35.4078254699707,4.98,0.0,0
46938,-11.937,74.697,3.5,0.0,455.49,0.0,0.0,0.0,5.737,0,-1.0,0.355,309.825,3.3404000000000003,35.61,35.4078254699707,4.98,0.0,0
46938,-12.108,74.736,4.5,0.0,455.671,0.0,0.0,0.0,5.737,0,-2.0,0.4,309.825,1.3609,35.52,35.4078254699707,4.98,0.0,0
46938,-12.108,74.785,4.1000000000000005,0.0,455.974,0.0,0.0,0.0,5.737,0,-3.0,0.4,309.825,2.0207,35.58,35.4078254699707,4.98,0.0,0
46938,-11.937,74.785,4.1000000000000005,0.0,455.974,0.0,0.0,0.0,5.737,0,-3.0,0.45,309.825,0.9567,35.49,35.4078254699707,4.98,0.0,0
46938,-11.767,74.824,4.1000000000000005,0.0,455.913,0.0,0.0,0.0,5.737,0,-2.0,0.395,309.825,-1.5836000000000001,35.22,35.4078254699707,4.98,0.0,0
46938,-11.937,74.863,4.1000000000000005,0.0,455.974,0.0,0.0,0.0,5.737,0,-1.0,0.355,309.69,-4.3878,35.4,35.4078254699707,4.98,0.0,0
46938,-11.596,74.902,4.1000000000000005,0.0,455.974,0.0,0.0,0.0,5.737,0,-3.0,0.37,309.825,-3.8270000000000004,34.71,35.4078254699707,4.98,0.0,0
46938,-11.767,74.941,4.5,0.0,455.611,0.0,0.0,0.0,5.737,0,0.0,0.39,309.915,3.3651,33.51,35.4078254699707,4.98,0.0,0
46938,-12.108,74.99000000000001,4.1000000000000005,0.0,455.671,0.0,0.0,0.0,5.737,0,-2.0,0.36,309.69,4.3548,33.57,35.4078254699707,4.98,0.0,0
46938,-11.767,75.02900000000001,4.1000000000000005,0.0,455.974,0.0,0.0,0.0,5.737,0,-2.0,0.365,309.69,-2.2764,34.95,35.4078254699707,4.98,0.0,0
46938,-11.767,75.068,4.1000000000000005,0.0,455.974,0.0,0.0,0.0,5.737,0,-2.0,0.385,309.69,-5.6745,36.24,35.4078254699707,4.98,0.0,0
46938,-12.108,75.107,4.1000000000000005,0.0,456.095,0.0,0.0,0.0,5.737,0,-2.0,0.38,309.825,0.4289,37.5,35.4078254699707,4.98,0.0,0
46938,-12.108,75.146,3.5,0.0,455.79200000000003,0.0,0.0,-0.2,5.737,0,-1.0,0.385,309.915,5.806500000000001,37.47,35.4078254699707,4.98,0.0,0
46938,-11.937,75.186,4.1000000000000005,0.0,455.913,0.0,0.0,0.0,5.737,0,-1.0,0.325,309.915,3.0022,36.660000000000004,35.4078254699707,4.98,0.0,0
46938,-11.767,75.22500000000001,3.5,0.0,455.974,0.0,0.0,0.0,5.737,0,-2.0,0.33,309.69,-1.4516,35.88,35.4078254699707,4.98,0.0,0
46938,-11.767,75.26400000000001,3.5,0.0,456.337,0.0,0.0,0.0,5.737,0,-1.0,0.315,309.915,-0.2639,35.61,35.4078254699707,4.98,0.0,0
46938,-11.767,75.303,3.5,0.0,455.974,0.0,0.0,0.0,5.737,0,-2.0,0.32,309.825,-1.4516,36.21,35.4078254699707,4.98,0.0,0
46938,-11.767,75.352,3.5,0.0,456.095,0.0,0.0,0.0,5.737,0,-3.0,0.315,309.825,-0.6268,36.480000000000004,35.4078254699707,4.98,0.0,0
46938,-11.767,75.391,4.5,0.0,455.974,0.0,0.0,0.0,5.737,0,-1.0,0.33,309.825,-0.5279,36.12,35.4078254699707,4.98,0.0,0
46938,-11.596,75.43,4.5,0.0,455.974,0.0,0.0,0.0,5.737,0,-3.0,0.295,309.825,-2.3754,35.13,35.4078254699707,4.98,0.0,0
46938,-11.767,75.46900000000001,4.1000000000000005,0.0,455.853,0.0,0.0,0.0,5.737,0,-2.0,0.34,309.825,-0.39590000000000003,34.74,35.4078254699707,4.98,0.0,0
46938,-11.767,75.50800000000001,3.5,0.0,455.79200000000003,0.0,0.0,0.0,5.737,0,-2.0,0.34,309.825,0.2639,34.35,35.4078254699707,4.98,0.0,0
46938,-11.767,75.547,3.5,0.0,456.095,0.0,0.0,0.0,5.737,0,-3.0,0.335,309.825,-1.9795,34.65,35.4078254699707,4.98,0.0,0
46938,-10.914,75.586,3.0,0.0,455.974,0.0,0.0,0.0,5.737,0,-2.0,0.315,309.825,0.0,35.76,35.4078254699707,4.98,0.0,0
46938,-9.038,75.596,-0.5,0.0,455.853,0.0,0.0,0.0,5.737,0,-1.0,0.28500000000000003,309.825,0.0,36.51,35.4078254699707,4.98,0.0,0
46938,-5.627,75.586,-1.0,0.0,455.79200000000003,0.0,0.0,0.0,5.737,0,1.0,0.28500000000000003,309.825,0.0,37.11,35.4078254699707,4.98,0.0,0
46938,-5.798,75.586,0.5,0.0,455.79200000000003,0.0,0.0,0.0,5.737,0,0.0,0.35000000000000003,309.69,-2.7713,36.99,35.4078254699707,4.98,0.0,0
46938,-5.627,75.586,0.0,0.0,455.913,0.0,0.0,0.0,5.737,0,3.0,0.28,309.825,-0.7918000000000001,36.03,35.4078254699707,4.98,0.0,0
46938,-5.798,75.586,0.0,0.0,455.913,0.0,0.0,0.0,5.737,0,2.0,0.3,309.825,-0.5938,35.97,35.4078254699707,4.98,0.0,0
46938,-4.945,75.586,0.0,0.0,456.034,0.0,0.0,0.0,5.737,0,1.0,0.305,309.825,-0.39590000000000003,35.34,35.4078254699707,4.98,0.0,0
46938,-4.945,75.586,0.0,0.0,455.974,0.0,0.0,0.0,5.737,0,1.0,0.31,309.825,2.4166000000000003,35.34,35.4078254699707,4.98,0.0,0
46938,-4.604,75.586,0.0,0.0,455.732,0.0,0.0,0.0,5.737,0,2.0,0.295,309.825,2.3094,35.64,35.4078254699707,4.98,0.0,0
46938,-4.775,75.586,0.0,0.0,455.913,0.0,0.0,0.0,5.737,0,1.0,0.295,309.69,-3.3404000000000003,34.65,35.4078254699707,4.98,0.0,0
46938,-4.263,75.586,0.5,0.0,455.913,0.0,0.0,0.0,5.737,0,2.0,0.27,309.69,-3.1424000000000003,35.07,35.4078254699707,4.98,0.0,0
46938,-4.434,75.586,0.0,0.0,456.095,0.0,0.0,0.0,5.737,0,1.0,0.255,309.825,-1.1217000000000001,34.95,35.4078254699707,4.98,0.0,0
46938,-4.263,75.586,0.5,0.0,456.034,0.0,0.0,0.0,5.737,0,1.0,0.31,309.825,2.6146000000000003,35.19,35.4078254699707,4.98,0.0,0
46938,-4.263,75.586,0.0,0.0,456.034,0.0,0.0,0.0,5.737,0,1.0,0.23,309.825,3.9342,35.64,35.4078254699707,4.98,0.0,0
46938,-3.922,75.586,0.0,0.0,455.79200000000003,0.0,0.0,0.0,5.737,0,1.0,0.31,309.825,1.2537,36.27,35.4078254699707,4.98,0.0,0
46938,-4.093,75.586,0.0,0.0,455.79200000000003,0.0,0.0,0.0,5.737,0,2.0,0.2,309.915,2.3754,36.480000000000004,35.4078254699707,4.98,0.0,0
46938,-4.263,75.586,0.0,0.0,455.853,0.0,0.0,0.0,5.737,0,1.0,0.265,309.915,-3.0517000000000003,36.660000000000004,35.4078254699707,4.98,0.0,0
46938,-3.7520000000000002,75.586,0.0,0.0,455.853,0.0,0.0,0.0,5.737,0,1.0,0.24,309.825,-3.4971,36.72,35.4078254699707,4.98,0.0,0
46938,-3.7520000000000002,75.586,0.0,0.0,455.79200000000003,0.0,0.0,0.0,5.737,0,3.0,0.28500000000000003,309.69,2.4826,36.75,35.4078254699707,4.98,0.0,0
46938,-4.093,75.586,0.0,0.0,455.732,0.0,0.0,0.0,5.737,0,1.0,0.26,309.915,2.73,36.78,35.4078254699707,4.98,0.0,0
46938,-3.7520000000000002,75.586,0.0,0.0,455.671,0.0,0.0,0.0,5.737,0,1.0,0.255,309.825,0.46190000000000003,36.06,35.4078254699707,4.98,0.0,0
46938,-3.922,75.586,0.0,0.0,455.732,0.0,0.0,0.0,5.737,0,2.0,0.29,309.825,0.2144,35.58,35.4078254699707,4.98,0.0,0
46938,-3.922,75.586,0.0,0.0,456.095,0.0,0.0,0.0,5.737,0,1.0,0.21,309.825,-2.6888,35.52,35.4078254699707,4.98,0.0,0
46938,-3.581,75.586,0.0,0.0,456.095,0.0,0.0,0.0,5.737,0,2.0,0.245,309.825,0.7258,34.980000000000004,35.4078254699707,4.98,0.0,0
46938,-4.263,75.586,0.0,0.0,455.853,0.0,0.0,0.0,5.737,0,1.0,0.20500000000000002,309.915,4.4043,34.35,35.4078254699707,4.98,0.0,0
46938,-4.263,75.586,-0.5,0.0,455.974,0.0,0.0,0.0,5.737,0,1.0,0.20500000000000002,309.69,-1.8723,34.68,35.4078254699707,4.98,0.0,0
46938,-3.581,75.586,-0.5,0.0,455.974,0.0,0.0,0.0,5.737,0,3.0,0.22,309.825,-2.8372,36.51,35.4078254699707,4.98,0.0,0
46938,-3.7520000000000002,75.586,0.0,0.0,456.095,0.0,0.0,0.0,5.737,0,1.0,0.21,309.69,-1.4269,37.56,35.4078254699707,4.98,0.0,0
46938,-3.7520000000000002,75.586,0.0,0.0,455.913,0.0,0.0,0.0,5.737,0,2.0,0.215,309.825,4.1981,37.65,35.4078254699707,4.98,0.0,0
46938,-3.411,75.586,0.0,0.0,456.034,0.0,0.0,0.0,5.737,0,2.0,0.215,309.825,-2.1114,37.29,35.4078254699707,4.98,0.0,0
46938,-4.263,75.586,0.0,0.0,456.095,0.0,0.0,0.0,5.737,0,3.0,0.23500000000000001,309.825,-2.1114,37.230000000000004,35.4078254699707,4.98,0.0,0
46938,-3.922,75.586,0.0,0.0,455.974,0.0,0.0,0.0,5.737,0,1.0,0.20500000000000002,310.005,-0.7588,37.29,35.4078254699707,4.98,0.0,0
46938,-3.581,75.586,-0.5,0.0,455.79200000000003,0.0,0.0,0.0,5.737,0,1.0,0.24,309.825,3.9589000000000003,37.14,35.4078254699707,4.98,0.0,0
46938,-3.922,75.586,0.0,0.0,455.79200000000003,0.0,0.0,0.0,5.737,0,2.0,0.195,309.915,2.3094,36.63,35.4078254699707,4.98,0.0,0
46938,-3.581,75.586,0.0,0.0,456.034,0.0,0.0,0.0,5.737,0,1.0,0.2,309.915,-3.0352,36.03,35.4078254699707,4.98,0.0,0
46938,-4.093,75.586,0.5,0.0,455.974,0.0,0.0,0.0,5.737,0,2.0,0.25,309.825,1.0557,35.7,35.4078254699707,4.98,0.0,0
46938,-3.7520000000000002,75.586,0.0,0.0,455.671,0.0,0.0,0.0,5.737,0,1.0,0.18,309.825,-0.9238000000000001,35.28,35.4078254699707,4.98,0.0,0
46938,-3.581,75.586,-0.5,0.0,455.853,0.0,0.0,0.0,5.737,0,2.0,0.17500000000000002,309.825,-1.5176,35.13,35.4078254699707,4.98,0.0,0
46938,-3.7520000000000002,75.586,0.0,0.0,455.974,0.0,0.0,0.0,5.737,0,3.0,0.19,309.825,-0.2639,35.07,35.4078254699707,4.98,0.0,0
46938,-3.581,75.586,0.0,0.0,456.216,0.0,0.0,0.0,5.737,0,1.0,0.17500000000000002,309.915,-2.9692000000000003,34.89,35.4078254699707,4.98,0.0,0
46938,-3.581,75.586,0.0,0.0,456.15500000000003,0.0,0.0,0.0,5.737,0,1.0,0.21,309.69,-1.0557,35.7,35.4078254699707,4.98,0.0,0
46938,-3.922,75.586,0.0,0.0,455.974,0.0,0.0,0.0,5.737,0,2.0,0.195,309.915,-0.3299,37.29,35.4078254699707,4.98,0.0,0
46938,-3.581,75.586,0.0,0.0,455.671,0.0,0.0,0.0,5.737,0,2.0,0.17500000000000002,309.825,0.5279,37.050000000000004,35.4078254699707,4.98,0.0,0
46938,-3.7520000000000002,75.586,0.0,0.0,455.974,0.0,0.0,0.0,5.737,0,2.0,0.17,309.915,3.0022,37.02,35.4078254699707,4.98,0.0,0
46938,-3.922,75.586,0.0,0.0,456.15500000000003,0.0,0.0,0.0,5.737,0,3.0,0.195,309.825,-1.7155,37.050000000000004,35.4078254699707,4.98,0.0,0
46938,-3.581,75.586,0.5,0.0,456.15500000000003,0.0,0.0,0.0,5.737,0,2.0,0.09,309.69,-2.0125,37.2,35.4078254699707,4.98,0.0,0
46938,-3.581,75.586,0.5,0.0,456.034,0.0,0.0,0.0,5.737,0,2.0,0.225,309.69,-5.806500000000001,36.75,35.4078254699707,4.98,0.0,0
46938,-3.7520000000000002,75.586,0.0,0.0,456.51800000000003,0.0,0.0,0.0,5.737,0,2.0,0.165,309.915,0.9897,36.300000000000004,35.4078254699707,4.98,0.0,0
46938,-3.581,75.586,0.0,0.0,456.51800000000003,0.0,0.0,0.0,5.737,0,1.0,0.165,309.825,3.4311000000000003,35.28,35.4078254699707,4.98,0.0,0
46938,-3.581,75.586,0.0,0.0,456.458,0.0,0.0,0.0,5.737,0,2.0,0.135,309.69,1.0557,34.29,35.4078254699707,4.98,0.0,0
46938,-3.7520000000000002,75.586,0.0,0.0,456.276,0.0,0.0,0.0,5.737,0,3.0,0.155,309.825,-1.4516,33.99,35.4078254699707,4.98,0.0,0
46938,-3.411,75.586,0.0,0.0,455.974,0.0,0.0,0.0,5.737,0,1.0,0.16,309.69,-1.7485000000000002,34.89,35.4078254699707,4.98,0.0,0
46938,-3.581,75.586,0.5,0.0,455.974,0.0,0.0,0.0,5.737,0,3.0,0.17,309.915,2.1114,35.910000000000004,35.4078254699707,4.98,0.0,0
46938,-3.24,75.586,0.5,0.0,456.034,0.0,0.0,0.0,5.737,0,2.0,0.18,309.825,1.3196,36.84,35.4078254699707,4.98,0.0,0
46938,-3.7520000000000002,75.586,-0.5,0.0,456.216,0.0,0.0,0.0,5.737,0,2.0,0.15,309.825,3.2991,37.08,35.4078254699707,4.98,0.0,0
46938,-3.581,75.586,0.0,0.0,456.216,0.0,0.0,0.0,5.737,0,1.0,0.165,309.69,1.6496000000000002,37.02,35.4078254699707,4.98,0.0,0
46938,-3.581,75.586,0.0,0.0,456.15500000000003,0.0,0.0,0.0,5.737,0,3.0,0.055,309.825,-0.5773,36.96,35.4078254699707,4.98,0.0,0
46938,-3.581,75.586,0.0,0.0,456.216,0.0,0.0,0.0,5.737,0,1.0,0.125,309.69,-1.4929000000000001,36.72,35.4078254699707,4.98,0.0,0
46938,-3.411,75.586,-0.5,0.0,456.15500000000003,0.0,0.0,0.0,5.737,0,2.0,0.165,309.915,1.4351,36.300000000000004,35.4078254699707,4.98,0.0,0
46938,-3.581,75.586,-0.5,0.0,456.15500000000003,0.0,0.0,0.0,5.737,0,2.0,0.12,309.825,1.2537,36.39,35.4078254699707,4.98,0.0,0
46938,-3.411,75.586,0.0,0.0,456.15500000000003,0.0,0.0,0.0,5.737,0,1.0,0.125,309.825,1.9135000000000002,35.97,35.4078254699707,4.98,0.0,0
46938,-3.411,75.586,0.0,0.0,456.095,0.0,0.0,0.0,5.737,0,2.0,0.145,309.825,0.28040000000000004,35.28,35.4078254699707,4.98,0.0,0
46938,-3.581,75.586,0.0,0.0,455.974,0.0,0.0,0.0,5.737,0,2.0,0.115,309.825,1.8475000000000001,34.38,35.4078254699707,4.98,0.0,0
46938,-3.581,75.586,0.0,0.0,455.974,0.0,0.0,0.0,5.737,0,1.0,0.165,309.915,0.9073,34.05,35.4078254699707,4.98,0.0,0
46938,-3.411,75.586,0.5,0.0,456.15500000000003,0.0,0.0,0.0,5.737,0,3.0,0.14,309.915,1.9795,34.53,35.4078254699707,4.98,0.0,0
46938,-3.411,75.586,0.0,0.0,456.15500000000003,0.0,0.0,0.0,5.737,0,1.0,0.13,309.69,-1.8228000000000002,34.800000000000004,35.4078254699707,4.98,0.0,0
46938,-3.411,75.586,0.0,0.0,456.034,0.0,0.0,0.0,5.737,0,2.0,0.14,309.69,-9.2788,36.15,35.4078254699707,4.98,0.0,0
46938,-3.411,75.586,0.0,0.0,456.095,0.0,0.0,0.0,5.737,0,2.0,0.12,309.825,-0.3134,36.69,35.4078254699707,4.98,0.0,0
46938,-3.411,75.586,-0.5,0.0,455.974,0.0,0.0,0.0,5.737,0,1.0,0.13,309.825,5.7405,36.75,35.4078254699707,4.98,0.0,0
46938,-3.24,75.586,0.0,0.0,455.611,0.0,0.0,0.0,5.737,0,1.0,0.125,309.825,1.2289,36.42,35.4078254699707,4.98,0.0,0
46938,-3.411,75.586,0.0,0.0,456.15500000000003,0.0,0.0,0.0,5.737,0,2.0,0.15,309.69,-4.8415,36.27,35.4078254699707,4.98,0.0,0
46938,-3.581,75.586,0.0,0.0,456.216,0.0,0.0,0.0,5.737,0,1.0,0.135,309.915,2.2269,36.6,35.4078254699707,4.98,0.0,0
46938,-3.581,75.586,0.0,0.0,456.337,0.0,0.0,0.0,5.737,0,2.0,0.185,309.825,3.9589000000000003,36.54,35.4078254699707,4.98,0.0,0
46938,-2.899,75.586,0.0,0.0,456.216,0.0,0.0,0.0,5.737,0,2.0,0.18,309.825,-2.0042,36.660000000000004,35.4078254699707,4.98,0.0,0
46938,-3.581,75.586,0.0,0.0,455.974,0.0,0.0,0.0,5.737,0,1.0,0.165,309.825,-2.9527,35.88,35.4078254699707,4.98,0.0,0
46938,-3.0700000000000003,75.586,0.0,0.0,455.974,0.0,0.0,0.0,5.737,0,2.0,0.12,309.825,-0.066,35.01,35.4078254699707,4.98,0.0,0
46938,-3.411,75.586,0.0,0.0,455.913,0.0,0.0,0.0,5.737,0,1.0,0.12,309.915,2.2022,34.2,35.4078254699707,4.98,0.0,0
46938,-3.24,75.586,0.0,0.0,456.095,0.0,0.0,0.0,5.737,0,3.0,0.135,309.915,1.8475000000000001,34.11,35.4078254699707,4.98,0.0,0
46938,-3.581,75.586,0.0,0.0,456.15500000000003,0.0,0.0,0.0,5.737,0,1.0,0.125,309.825,0.5279,33.39,35.4078254699707,4.98,0.0,0
46938,-3.581,75.586,0.0,0.0,455.79200000000003,0.0,0.0,0.0,5.737,0,2.0,0.12,309.69,-3.563,33.93,35.4078254699707,4.98,0.0,0
46938,-3.24,75.586,0.0,0.0,456.337,0.0,0.0,0.0,5.737,0,2.0,0.16,309.825,-0.7258,35.4,35.4078254699707,4.98,0.0,0
46938,-3.581,75.586,0.0,0.0,456.15500000000003,0.0,0.0,0.0,5.737,0,1.0,0.125,309.825,0.9238000000000001,36.81,35.4078254699707,4.98,0.0,0
46938,-3.411,75.586,0.0,0.0,455.853,0.0,0.0,0.0,5.737,0,3.0,0.1,309.825,-0.099,37.14,35.4078254699707,4.98,0.0,0
46938,-3.581,75.586,0.0,0.0,455.79200000000003,0.0,0.0,0.0,5.737,0,1.0,0.08,309.69,-4.7507,37.050000000000004,35.4078254699707,4.98,0.0,0
46938,-3.411,75.586,0.0,0.0,456.034,0.0,0.0,0.0,5.737,0,1.0,0.065,309.825,-2.1114,36.33,35.4078254699707,4.98,0.0,0
46938,-3.24,75.586,0.0,0.0,456.458,0.0,0.0,0.0,5.737,0,2.0,0.045,309.825,2.5073000000000003,36.21,35.4078254699707,4.98,0.0,0
46938,-3.411,75.586,0.0,0.0,456.15500000000003,0.0,0.0,0.0,5.737,0,2.0,0.09,309.825,1.4846000000000001,35.31,35.4078254699707,4.98,0.0,0
46938,-3.24,75.586,0.0,0.0,456.15500000000003,0.0,0.0,0.0,5.737,0,1.0,0.11,309.915,3.1672000000000002,35.730000000000004,35.4078254699707,4.98,0.0,0
46938,-3.411,75.586,0.0,0.0,456.034,0.0,0.0,0.0,5.737,0,2.0,0.14,309.915,-0.8578,35.97,35.4078254699707,4.98,0.0,0
46938,-3.24,75.586,0.0,0.0,455.853,0.0,0.0,0.0,5.737,0,2.0,0.165,309.69,-4.486800000000001,35.25,35.4078254699707,4.98,0.0,0
46938,-3.0700000000000003,75.586,0.0,0.0,455.913,0.0,0.0,0.2,5.737,0,1.0,0.09,309.825,0.8578,34.26,35.4078254699707,4.98,0.0,0
46938,-3.581,75.586,0.0,0.0,455.671,0.0,0.0,0.0,5.737,0,2.0,0.075,309.915,2.7713,33.45,35.4078254699707,4.98,0.0,0
46938,-3.581,75.586,0.0,0.0,456.034,0.0,0.0,0.0,5.737,0,3.0,0.09,309.825,-0.6268,33.39,35.4078254699707,4.98,0.0,0
46938,-2.899,75.586,0.0,0.0,455.974,0.0,0.0,0.0,5.737,0,1.0,0.11,309.915,1.4516,34.38,35.4078254699707,4.98,0.0,0
46938,-3.581,75.586,0.0,0.0,455.974,0.0,0.0,0.0,5.737,0,2.0,0.1,309.825,1.9135000000000002,35.82,35.4078254699707,4.98,0.0,0
46938,-3.411,75.586,0.0,0.0,456.216,0.0,0.0,0.0,5.737,0,1.0,0.155,309.825,-2.1114,37.02,35.4078254699707,4.98,0.0,0
46938,-3.411,75.586,0.0,0.0,456.216,0.0,0.0,0.0,5.737,0,2.0,0.06,309.825,-3.3651,37.38,35.4078254699707,4.98,0.0,0
46938,-3.0700000000000003,75.586,0.0,0.0,455.853,0.0,0.0,0.0,5.737,0,3.0,0.075,309.915,-0.5279,36.84,35.4078254699707,4.98,0.0,0
46938,-3.581,75.586,0.0,0.0,455.974,0.0,0.0,0.0,5.737,0,1.0,0.13,309.825,3.1672000000000002,35.34,35.4078254699707,4.98,0.0,0
46938,-3.0700000000000003,75.586,0.0,0.0,456.095,0.0,0.0,0.0,5.737,0,2.0,0.095,309.825,0.9238000000000001,34.65,35.4078254699707,4.98,0.0,0
46938,-2.728,75.586,0.0,0.0,456.034,0.0,0.0,0.0,5.737,0,1.0,0.155,309.825,-2.5733,33.96,35.4078254699707,4.98,0.0,0
46938,-3.24,75.586,0.5,0.0,456.034,0.0,0.0,0.0,5.737,0,1.0,0.085,309.825,0.0,33.93,35.4078254699707,4.98,0.0,0
46938,-2.899,75.586,0.0,0.0,456.095,0.0,0.0,0.0,5.737,0,2.0,0.08,309.915,0.9897,34.38,35.4078254699707,4.98,0.0,0
46938,-2.728,75.586,0.0,0.0,456.15500000000003,0.0,0.0,-0.2,5.737,0,1.0,0.14,309.825,-0.5279,33.9,35.4078254699707,4.98,0.0,0
46938,-3.24,75.586,0.0,0.0,456.216,0.0,0.0,0.0,5.737,0,1.0,0.09,309.825,-0.7918000000000001,34.410000000000004,35.4078254699707,4.98,0.0,0
46938,-2.728,75.586,0.0,0.0,456.216,0.0,0.0,0.0,5.737,0,1.0,0.065,309.825,-0.46190000000000003,34.35,35.4078254699707,4.98,0.0,0
46938,-3.0700000000000003,75.586,0.0,0.0,455.974,0.0,0.0,0.0,5.737,0,2.0,0.125,309.915,1.8475000000000001,34.83,35.4078254699707,4.98,0.0,0
46938,-3.24,75.586,0.0,0.0,455.974,0.0,0.0,0.0,5.737,0,1.0,0.15,309.825,4.9487000000000005,36.36,35.4078254699707,4.98,0.0,0
46938,-3.0700000000000003,75.586,0.0,0.0,456.15500000000003,0.0,0.0,0.0,5.737,0,1.0,0.035,309.915,0.18150000000000002,36.87,35.4078254699707,4.98,0.0,0
46938,-2.899,75.586,0.0,0.0,456.337,0.0,0.0,0.0,5.737,0,2.0,0.115,309.69,-3.5383,37.050000000000004,35.4078254699707,4.98,0.0,0
46938,-2.5580000000000003,75.586,0.0,0.0,456.034,0.0,0.0,0.0,5.737,0,1.0,0.1,309.825,-1.9135000000000002,36.78,35.4078254699707,4.98,0.0,0
46938,-2.899,75.586,0.0,0.0,456.15500000000003,0.0,0.0,0.0,5.737,0,2.0,0.05,309.825,-1.0392000000000001,36.15,35.4078254699707,4.98,0.0,0
46938,-2.899,75.586,0.0,0.0,456.095,0.0,0.0,0.0,5.737,0,2.0,0.095,309.915,4.8415,36.39,35.4078254699707,4.98,0.0,0
46938,-3.24,75.586,0.0,0.0,456.276,0.0,0.0,0.0,5.737,0,1.0,0.11,309.69,-1.2289,35.61,35.4078254699707,4.98,0.0,0
46938,-3.24,75.586,0.0,0.0,456.034,0.0,0.0,0.0,5.737,0,1.0,0.08,309.69,-4.726,34.77,35.4078254699707,4.98,0.0,0
46938,-3.0700000000000003,75.586,0.0,0.0,456.276,0.0,0.0,0.0,5.737,0,2.0,0.11,309.825,-2.7053000000000003,35.19,35.4078254699707,4.98,0.0,0
46938,-2.728,75.586,0.0,0.0,456.034,0.0,0.0,0.0,5.737,0,2.0,0.085,309.825,1.5588000000000002,35.07,35.4078254699707,4.98,0.0,0
46938,-2.899,75.586,0.0,0.0,456.337,0.0,0.0,0.0,5.737,0,1.0,0.09,309.825,2.7465,34.92,35.4078254699707,4.98,0.0,0
46938,-3.411,75.586,0.0,0.0,456.15500000000003,0.0,0.0,0.0,5.737,0,2.0,0.085,309.915,1.897,35.46,35.4078254699707,4.98,0.0,0
46938,-2.899,75.586,0.0,0.0,456.216,0.0,0.0,0.0,5.737,0,1.0,0.115,309.825,1.6908,35.85,35.4078254699707,4.98,0.0,0
46938,-3.0700000000000003,75.586,0.0,0.0,456.216,0.0,0.0,0.0,5.737,0,0.0,0.07,309.825,-4.7507,36.54,35.4078254699707,4.98,0.0,0
46938,-3.24,75.586,0.0,0.0,456.458,0.0,0.0,0.0,5.737,0,2.0,0.08,309.825,-4.2889,36.660000000000004,35.4078254699707,4.98,0.0,0
46938,-2.728,75.586,0.0,0.0,456.51800000000003,0.0,0.0,0.0,5.737,0,2.0,0.085,309.69,2.5981,36.27,35.4078254699707,4.98,0.0,0
46938,-3.24,75.586,0.0,0.0,456.337,0.0,0.0,0.0,5.737,0,2.0,0.07,309.825,1.1629,36.42,35.4078254699707,4.98,0.0,0
46938,-3.0700000000000003,75.586,0.0,0.0,456.15500000000003,0.0,0.0,0.0,5.737,0,3.0,0.075,309.825,0.5938,36.39,35.4078254699707,4.98,0.0,0
46938,-2.899,75.586,0.0,0.0,456.216,0.0,0.0,-0.2,5.737,0,1.0,0.1,309.915,4.0084,36.72,35.4078254699707,4.98,0.0,0
46938,-3.24,75.586,0.0,0.0,456.15500000000003,0.0,0.0,0.0,5.737,0,1.0,0.09,309.825,0.6598,36.9,35.4078254699707,4.98,0.0,0
46938,-2.728,75.586,0.0,0.0,455.974,0.0,0.0,0.0,5.737,0,2.0,0.095,309.825,-0.6598,36.45,35.4078254699707,4.98,0.0,0
46938,-2.5580000000000003,75.586,0.0,0.0,455.853,0.0,0.0,0.0,5.737,0,1.0,0.08,309.825,-1.4351,35.79,35.4078254699707,4.98,0.0,0
46938,-3.0700000000000003,75.586,0.0,0.0,456.337,0.0,0.0,0.0,5.737,0,2.0,0.105,309.825,-2.1774,34.62,35.4078254699707,4.98,0.0,0
46938,-2.5580000000000003,75.586,0.0,0.0,456.216,0.0,0.0,0.0,5.737,0,1.0,0.115,309.825,-1.9795,34.59,35.4078254699707,4.98,0.0,0
46938,-3.0700000000000003,75.586,0.0,0.0,456.095,0.0,0.0,0.0,5.737,0,2.0,0.095,309.825,1.0557,34.44,35.4078254699707,4.98,0.0,0
46938,-2.5580000000000003,75.586,0.0,0.0,455.913,0.0,0.0,0.0,5.737,0,0.0,0.085,309.825,-0.2639,34.95,35.4078254699707,4.98,0.0,0
46938,-2.387,75.586,0.0,0.0,455.79200000000003,0.0,0.0,0.0,5.737,0,3.0,0.08,309.915,-0.5938,35.79,35.4078254699707,4.98,0.0,0
46938,-2.5580000000000003,75.586,0.0,0.0,456.095,0.0,0.0,0.0,5.737,0,2.0,0.105,309.69,0.0,36.75,35.4078254699707,4.98,0.0,0
46938,-2.899,75.586,0.0,0.0,455.974,0.0,0.0,0.0,5.737,0,1.0,0.075,309.825,-5.2786,36.24,35.4078254699707,4.98,0.0,0
46938,-2.899,75.586,0.0,0.0,456.216,0.0,0.0,0.0,5.737,0,2.0,0.11,309.69,-3.4311000000000003,35.76,35.4078254699707,4.98,0.0,0
46938,-2.728,75.586,0.0,0.0,455.974,0.0,0.0,0.0,5.737,0,2.0,0.065,309.825,2.2764,35.97,35.4078254699707,4.98,0.0,0
46938,-2.899,75.586,0.0,0.0,455.913,0.0,0.0,0.0,5.737,0,1.0,0.08,309.915,2.6393,36.87,35.4078254699707,4.98,0.0,0
46938,-3.0700000000000003,75.586,0.0,0.0,455.974,0.0,0.0,0.0,5.737,0,2.0,0.085,309.825,4.651800000000001,36.96,35.4078254699707,4.98,0.0,0
46938,-3.24,75.586,0.0,0.0,456.337,0.0,0.0,0.0,5.737,0,3.0,0.11,309.825,-3.0352,36.6,35.4078254699707,4.98,0.0,0
46938,-2.899,75.586,0.0,0.0,456.216,0.0,0.0,0.0,5.737,0,1.0,0.105,309.825,-2.5733,36.03,35.4078254699707,4.98,0.0,0
46938,-3.24,75.586,0.0,0.0,456.095,0.0,0.0,0.0,5.737,0,2.0,0.095,309.69,-0.7918000000000001,35.28,35.4078254699707,4.98,0.0,0
46938,-2.387,75.586,0.0,0.0,455.974,0.0,0.0,0.0,5.737,0,1.0,0.08,309.915,-1.3856000000000002,34.11,35.4078254699707,4.98,0.0,0
46938,-2.728,75.586,0.0,0.0,455.79200000000003,0.0,0.0,0.0,5.737,0,0.0,0.055,309.915,4.2229,33.93,35.4078254699707,4.98,0.0,0
46938,-2.899,75.586,0.0,0.0,456.034,0.0,0.0,0.0,5.737,0,2.0,0.085,309.825,4.9157,34.32,35.4078254699707,4.98,0.0,0
46938,-2.728,75.586,0.0,0.0,456.034,0.0,0.0,0.0,5.737,0,2.0,0.115,309.825,4.0002,34.410000000000004,35.4078254699707,4.98,0.0,0
46938,-2.5580000000000003,75.586,0.0,0.0,456.15500000000003,0.0,0.0,0.0,5.737,0,1.0,0.075,309.69,-0.6186,35.85,35.4078254699707,4.98,0.0,0
46938,-2.5580000000000003,75.586,0.0,0.0,455.913,0.0,0.0,0.0,5.737,0,2.0,0.085,309.825,-5.526000000000001,36.84,35.4078254699707,4.98,0.0,0
46938,-2.899,75.586,0.0,0.0,456.15500000000003,0.0,0.0,0.0,5.737,0,2.0,0.105,309.825,-1.9795,37.53,35.4078254699707,4.98,0.0,0
46938,-2.899,75.586,0.0,0.0,455.913,0.0,0.0,0.0,5.737,0,0.0,0.1,309.825,5.295100000000001,37.08,35.4078254699707,4.98,0.0,0
46938,-2.5580000000000003,75.586,0.0,0.0,455.853,0.0,0.0,0.0,5.737,0,2.0,0.06,309.825,0.132,36.45,35.4078254699707,4.98,0.0,0
46938,-2.899,75.586,0.0,0.0,456.095,0.0,0.0,0.0,5.737,0,1.0,0.075,309.825,0.2639,36.27,35.4078254699707,4.98,0.0,0
46938,-2.899,75.586,0.0,0.0,456.15500000000003,0.0,0.0,0.0,5.737,0,1.0,0.08,309.825,3.563,36.27,35.4078254699707,4.98,0.0,0
46938,-2.899,75.586,0.0,0.0,455.974,0.0,0.0,0.0,5.737,0,2.0,0.065,309.69,-2.5486,36.57,35.4078254699707,4.98,0.0,0
46938,-2.899,75.586,0.0,0.0,456.034,0.0,0.0,0.0,5.737,0,1.0,0.065,309.69,-2.4166000000000003,36.15,35.4078254699707,4.98,0.0,0
46938,-2.899,75.586,0.0,0.0,456.15500000000003,0.0,0.0,0.0,5.737,0,3.0,0.065,309.825,-1.5506,35.61,35.4078254699707,4.98,0.0,0
46938,-2.387,75.586,0.0,0.0,456.15500000000003,0.0,0.0,0.0,5.737,0,3.0,0.065,309.825,-1.2784,34.74,35.4078254699707,4.98,0.0,0
46938,-2.899,75.586,0.0,0.0,455.974,0.0,0.0,0.0,5.737,0,1.0,0.1,309.825,1.9795,34.77,35.4078254699707,4.98,0.0,0
46938,-2.387,75.586,0.0,0.0,455.974,0.0,0.0,0.0,5.737,0,2.0,0.07,309.69,-1.1629,35.43,35.4078254699707,4.98,0.0,0
46938,-2.5580000000000003,75.586,0.0,0.0,456.458,0.0,0.0,0.0,5.737,0,2.0,0.09,309.825,-0.42060000000000003,36.480000000000004,35.4078254699707,4.98,0.0,0
46938,-2.5580000000000003,75.586,0.0,0.0,456.095,0.0,0.0,0.0,5.737,0,1.0,0.07,309.825,0.9897,37.5,35.4078254699707,4.98,0.0,0
46938,-2.5580000000000003,75.586,0.0,0.0,455.913,0.0,0.0,0.0,5.737,0,2.0,0.065,309.69,0.6186,37.02,35.4078254699707,4.98,0.0,0
46938,-2.387,75.586,0.0,0.0,456.095,0.0,0.0,0.0,5.737,0,2.0,0.06,309.825,4.0909,36.480000000000004,35.4078254699707,4.98,0.0,0
46938,-2.5580000000000003,75.586,0.0,0.0,456.15500000000003,0.0,0.0,0.0,5.737,0,1.0,0.09,309.915,2.6888,36.15,35.4078254699707,4.98,0.0,0
46938,-2.728,75.586,0.0,0.0,456.095,0.0,0.0,0.0,5.737,0,3.0,0.07,309.915,-1.6248,35.61,35.4078254699707,4.98,0.0,0
46938,-2.728,75.586,0.0,0.0,456.034,0.0,0.0,0.0,5.737,0,0.0,0.05,309.69,-2.994,35.85,35.4078254699707,4.98,0.0,0
46938,-2.217,75.586,0.0,0.0,456.276,0.0,0.0,0.0,5.737,0,1.0,0.07,309.69,-1.0145,36.36,35.4078254699707,4.98,0.0,0
46938,-3.0700000000000003,75.586,0.0,0.0,456.276,0.0,0.0,0.0,5.737,0,2.0,0.06,309.69,-1.1547,36.36,35.4078254699707,4.98,0.0,0
46938,-2.899,75.586,0.0,0.0,456.337,0.0,0.0,0.0,5.737,0,1.0,0.075,309.915,-2.2434000000000003,35.82,35.4078254699707,4.98,0.0,0
46938,-2.899,75.586,0.0,0.0,456.15500000000003,0.0,0.0,0.0,5.737,0,1.0,0.065,309.825,-2.7383,35.64,35.4078254699707,4.98,0.0,0
46938,-2.5580000000000003,75.586,0.0,0.0,455.974,0.0,0.0,0.0,5.737,0,1.0,0.08,309.69,2.5073000000000003,34.5,35.4078254699707,4.98,0.0,0
46938,-2.387,75.586,0.0,0.0,455.79200000000003,0.0,0.0,0.0,5.737,0,1.0,0.08,309.69,0.6928000000000001,34.47,35.4078254699707,4.98,0.0,0
46938,-2.5580000000000003,75.586,0.0,0.0,456.15500000000003,0.0,0.0,0.0,5.737,0,2.0,0.07,309.825,-1.3196,34.800000000000004,35.4078254699707,4.98,0.0,0
46938,-2.387,75.586,0.0,0.0,456.034,0.0,0.0,0.0,5.737,0,1.0,0.06,309.915,3.2661000000000002,36.300000000000004,35.4078254699707,4.98,0.0,0
46938,-3.24,75.586,0.0,0.0,455.671,0.0,0.0,0.0,5.737,0,2.0,0.095,309.69,0.7918000000000001,37.38,35.4078254699707,4.98,0.0,0
46938,-2.899,75.586,0.0,0.0,455.974,0.0,0.0,0.0,5.737,0,3.0,0.055,309.825,0.2639,37.410000000000004,35.4078254699707,4.98,0.0,0
46938,-2.387,75.586,0.0,0.0,456.276,0.0,0.0,0.0,5.737,0,1.0,0.06,309.825,-0.39590000000000003,36.81,35.4078254699707,4.98,0.0,0
46938,-2.387,75.586,0.0,0.0,456.216,0.0,0.0,0.0,5.737,0,1.0,0.075,309.915,2.4743,36.69,35.4078254699707,4.98,0.0,0
46938,-2.387,75.586,0.0,0.0,456.15500000000003,0.0,0.0,0.0,5.737,0,2.0,0.1,309.69,-2.2434000000000003,36.54,35.4078254699707,4.98,0.0,0
46938,-2.728,75.586,0.0,0.0,456.337,0.0,0.0,0.0,5.737,0,1.0,0.075,309.825,-1.8475000000000001,36.300000000000004,35.4078254699707,4.98,0.0,0
46938,-2.387,75.586,0.0,0.0,456.276,0.0,0.0,0.0,5.737,0,2.0,0.07,309.69,-2.3754,35.58,35.4078254699707,4.98,0.0,0
46938,-2.217,75.586,0.0,0.0,456.216,0.0,0.0,0.0,5.737,0,1.0,0.09,309.69,-0.7918000000000001,35.37,35.4078254699707,4.98,0.0,0
46938,-3.0700000000000003,75.586,0.0,0.0,456.337,0.0,0.0,0.0,5.737,0,0.0,0.085,309.825,-1.0557,34.77,35.4078254699707,4.98,0.0,0
46938,-2.5580000000000003,75.586,0.0,0.0,456.15500000000003,0.0,0.0,0.0,5.737,0,1.0,0.07,309.825,1.2207000000000001,34.44,35.4078254699707,4.98,0.0,0
46938,-2.5580000000000003,75.586,0.0,0.0,455.974,0.0,0.0,0.0,5.737,0,2.0,0.075,309.825,2.7713,34.02,35.4078254699707,4.98,0.0,0
46938,-2.217,75.586,0.0,0.0,455.79200000000003,0.0,0.0,0.0,5.737,0,0.0,0.09,309.825,-1.5836000000000001,34.56,35.4078254699707,4.98,0.0,0
46938,-2.387,75.586,0.0,0.0,456.095,0.0,0.0,0.0,5.737,0,2.0,0.075,309.825,0.39590000000000003,35.22,35.4078254699707,4.98,0.0,0
46938,-2.899,75.586,0.0,0.0,456.216,0.0,0.0,0.0,5.737,0,1.0,0.06,309.69,-1.4846000000000001,36.0,35.4078254699707,4.98,0.0,0
46938,-2.5580000000000003,75.586,0.0,0.0,455.79200000000003,0.0,0.0,0.0,5.737,0,1.0,0.08,309.825,-0.2639,36.36,35.4078254699707,4.98,0.0,0
46938,-2.217,75.586,0.0,0.0,455.79200000000003,0.0,0.0,0.0,5.737,0,1.0,0.075,309.915,0.5114000000000001,36.300000000000004,35.4078254699707,4.98,0.0,0
46938,-2.217,75.586,0.0,0.0,455.974,0.0,0.0,0.0,5.737,0,1.0,0.065,309.69,2.862,36.24,35.4078254699707,4.98,0.0,0
46938,-2.899,75.586,0.0,0.0,455.611,0.0,0.0,0.0,5.737,0,3.0,0.08,309.825,-0.5526,36.0,35.4078254699707,4.98,0.0,0
46938,-2.217,75.586,0.0,0.0,455.671,0.0,0.0,0.0,5.737,0,1.0,0.06,309.825,-1.9135000000000002,35.910000000000004,35.4078254699707,4.98,0.0,0
46938,-2.387,75.586,0.0,0.0,455.974,0.0,0.0,0.0,5.737,0,2.0,0.105,309.915,2.664,35.64,35.4078254699707,4.98,0.0,0
46938,-2.5580000000000003,75.586,0.0,0.0,456.15500000000003,0.0,0.0,0.0,5.737,0,3.0,0.08,309.825,0.9238000000000001,35.52,35.4078254699707,4.98,0.0,0
46938,-2.387,75.586,0.0,0.0,456.51800000000003,0.0,0.0,0.0,5.737,0,1.0,0.085,309.915,0.1155,35.28,35.4078254699707,4.98,0.0,0
46938,-2.5580000000000003,75.586,0.0,0.0,456.15500000000003,0.0,0.0,0.0,5.737,0,1.0,0.08,309.69,-2.9445,35.04,35.4078254699707,4.98,0.0,0
46938,-2.387,75.586,0.0,0.0,455.974,0.0,0.0,0.0,5.737,0,3.0,0.08,309.825,-1.3856000000000002,34.2,35.4078254699707,4.98,0.0,0
46938,-2.728,75.586,0.0,0.0,456.034,0.0,0.0,0.2,5.737,0,2.0,0.07,309.69,-2.8785000000000003,33.99,35.4078254699707,4.98,0.0,0
46938,-2.217,75.586,0.0,0.0,456.095,0.0,0.0,0.0,5.737,0,0.0,0.085,309.915,-0.1072,34.65,35.4078254699707,4.98,0.0,0
46938,-2.5580000000000003,75.586,0.0,0.0,456.337,0.0,0.0,0.0,5.737,0,2.0,0.08,309.825,2.1114,35.730000000000004,35.4078254699707,4.98,0.0,0
46938,-2.387,75.586,0.0,0.0,456.034,0.0,0.0,0.0,5.737,0,1.0,0.075,309.825,3.9342,35.79,35.4078254699707,4.98,0.0,0
46938,-2.899,75.586,0.0,0.0,455.79200000000003,0.0,0.0,0.0,5.737,0,2.0,0.095,309.825,-1.7155,36.12,35.4078254699707,4.98,0.0,0
46938,-2.5580000000000003,75.586,0.0,0.0,455.853,0.0,0.0,0.0,5.737,0,2.0,0.075,309.915,-2.0620000000000003,36.63,35.4078254699707,4.98,0.0,0
46938,-2.728,75.586,0.0,0.0,455.913,0.0,0.0,0.0,5.737,0,1.0,0.09,309.825,1.7815,36.75,35.4078254699707,4.98,0.0,0
46938,-2.728,75.586,0.0,0.0,455.974,0.0,0.0,0.0,5.737,0,2.0,0.075,309.825,2.8372,36.24,35.4078254699707,4.98,0.0,0
46938,-2.728,75.586,0.0,0.0,456.216,0.0,0.0,0.0,5.737,0,3.0,0.075,309.915,-0.3052,35.58,35.4078254699707,4.98,0.0,0
46938,-2.5580000000000003,75.586,0.0,0.0,456.216,0.0,0.0,0.0,5.737,0,0.0,0.105,309.825,-0.2639,35.160000000000004,35.4078254699707,4.98,0.0,0
46938,-2.5580000000000003,75.586,0.0,0.0,456.034,0.0,0.0,0.0,5.737,0,1.0,0.07,309.69,-3.3239,34.56,35.4078254699707,4.98,0.0,0
46938,-2.217,75.586,0.0,0.0,456.15500000000003,0.0,0.0,0.0,5.737,0,2.0,0.07,309.825,-1.2372,34.2,35.4078254699707,4.98,0.0,0
46938,-2.217,75.586,0.0,0.0,455.974,0.0,0.0,0.0,5.737,0,0.0,0.05,309.915,3.7445000000000004,33.72,35.4078254699707,4.98,0.0,0
46938,-2.728,75.586,0.0,0.0,455.974,0.0,0.0,0.0,5.737,0,2.0,0.02,309.915,-0.5691,33.78,35.4078254699707,4.98,0.0,0
46938,-2.217,75.586,0.0,0.0,455.853,0.0,0.0,0.0,5.737,0,2.0,0.055,309.825,-1.5176,35.13,35.4078254699707,4.98,0.0,0
46938,-2.387,75.586,0.0,0.0,455.913,0.0,0.0,0.0,5.737,0,0.0,0.04,309.825,1.2702,35.37,35.4078254699707,4.98,0.0,0
46938,-2.728,75.586,0.0,0.0,455.974,0.0,0.0,0.0,5.737,0,2.0,0.035,309.69,-2.7053000000000003,35.7,35.4078254699707,4.98,0.0,0
46938,-2.387,75.586,0.0,0.0,455.79200000000003,0.0,0.0,0.0,5.737,0,1.0,0.05,309.825,-0.19790000000000002,35.49,35.4078254699707,4.98,0.0,0
46938,-2.217,75.586,0.0,0.0,455.79200000000003,0.0,0.0,0.0,5.737,0,1.0,0.115,309.825,-1.3032000000000001,35.79,35.4078254699707,4.98,0.0,0
46938,-2.387,75.586,0.0,0.0,455.671,0.0,0.0,0.0,5.737,0,2.0,0.035,309.915,3.1919,35.76,35.4078254699707,4.98,0.0,0
46938,-2.387,75.586,0.0,0.0,455.913,0.0,0.0,0.0,5.737,0,1.0,0.035,309.825,4.6353,35.910000000000004,35.4078254699707,4.98,0.0,0
46938,-2.387,75.586,0.0,0.0,456.337,0.0,0.0,0.0,5.737,0,1.0,0.08,309.825,0.066,35.7,35.4078254699707,4.98,0.0,0
46938,-2.387,75.586,0.0,0.0,456.337,0.0,0.0,0.0,5.737,0,1.0,0.075,309.825,-0.2639,35.550000000000004,35.4078254699707,4.98,0.0,0
46938,-2.5580000000000003,75.586,0.0,0.0,456.15500000000003,0.0,0.0,0.0,5.737,0,2.0,0.08,309.915,0.0,34.35,35.4078254699707,4.98,0.0,0
46938,-2.387,75.586,0.0,0.0,456.15500000000003,0.0,0.0,0.0,5.737,0,1.0,0.06,309.825,0.5279,33.51,35.4078254699707,4.98,0.0,0
46938,-2.899,75.586,0.0,0.0,456.095,0.0,0.0,0.0,5.737,0,1.0,0.045,309.915,1.0557,32.910000000000004,35.4078254699707,4.98,0.0,0
46938,-3.0700000000000003,75.586,0.0,0.0,456.216,0.0,0.0,0.0,5.737,0,2.0,0.035,309.825,1.1217000000000001,33.21,35.4078254699707,4.98,0.0,0
46938,-2.5580000000000003,75.586,0.0,0.0,456.034,0.0,0.0,0.0,5.737,0,1.0,0.045,309.825,-3.8270000000000004,33.33,35.4078254699707,4.98,0.0,0
46938,-2.5580000000000003,75.586,0.0,0.0,456.216,0.0,0.0,0.0,5.737,0,2.0,0.04,309.825,0.5938,34.77,35.4078254699707,4.98,0.0,0
46938,-2.387,75.586,0.0,0.0,456.276,0.0,0.0,0.0,5.737,0,2.0,0.075,309.69,-0.7918000000000001,35.43,35.4078254699707,4.98,0.0,0
46938,-2.217,75.586,0.0,0.0,456.15500000000003,0.0,0.0,0.0,5.737,0,1.0,0.05,309.69,-6.499300000000001,36.42,35.4078254699707,4.98,0.0,0
46938,-2.217,75.586,0.0,0.0,455.853,0.0,0.0,0.0,5.737,0,2.0,0.065,310.005,4.0909,36.42,35.4078254699707,4.98,0.0,0
46938,-2.5580000000000003,75.586,0.0,0.0,455.974,0.0,0.0,0.0,5.737,0,1.0,0.05,309.825,5.7075000000000005,35.910000000000004,35.4078254699707,4.98,0.0,0
46938,-2.217,75.586,0.0,0.0,456.276,0.0,0.0,0.0,5.737,0,1.0,0.045,309.825,1.1877,35.37,35.4078254699707,4.98,0.0,0
46938,-2.387,75.586,0.0,0.0,455.974,0.0,0.0,0.0,5.737,0,1.0,0.075,309.825,-1.9795,35.34,35.4078254699707,4.98,0.0,0
46938,-2.5580000000000003,75.586,0.0,0.0,456.034,0.0,0.0,0.0,5.737,0,2.0,0.07,309.915,1.8475000000000001,35.49,35.4078254699707,4.98,0.0,0
46938,-2.5580000000000003,75.586,0.0,0.0,455.79200000000003,0.0,0.0,0.0,5.737,0,0.0,0.06,309.825,2.1114,35.31,35.4078254699707,4.98,0.0,0
46938,-2.899,75.586,0.0,0.0,455.853,0.0,0.0,0.0,5.737,0,2.0,0.03,309.69,-1.9795,35.22,35.4078254699707,4.98,0.0,0
46938,-2.387,75.586,0.0,0.0,455.913,0.0,0.0,0.0,5.737,0,1.0,0.045,309.915,-1.8475000000000001,34.08,35.4078254699707,4.98,0.0,0
46938,-2.387,75.586,0.0,0.0,456.034,0.0,0.0,0.0,5.737,0,1.0,0.06,309.69,-2.1114,33.6,35.4078254699707,4.98,0.0,0
46938,-2.387,75.586,0.0,0.0,455.974,0.0,0.0,0.0,5.737,0,2.0,0.05,309.825,-3.794,33.3,35.4078254699707,4.98,0.0,0
46938,-2.387,75.586,0.0,0.0,455.853,0.0,0.0,0.0,5.737,0,1.0,0.08,309.825,-0.6598,34.74,35.4078254699707,4.98,0.0,0
46938,-2.217,75.586,0.0,0.0,455.49,0.0,0.0,0.0,5.737,0,1.0,0.07,309.825,7.0271,36.0,35.4078254699707,4.98,0.0,0
46938,-2.217,75.586,0.0,0.0,455.309,0.0,0.0,0.0,5.737,0,2.0,0.045,309.69,-2.5073000000000003,36.51,35.4078254699707,4.98,0.0,0
46938,-2.387,75.586,0.0,0.0,455.309,0.0,0.0,0.0,5.737,0,2.0,0.05,309.69,-3.2084,36.54,35.4078254699707,4.98,0.0,0
46938,-2.217,75.586,0.0,0.0,455.309,0.0,0.0,0.0,5.737,0,2.0,0.055,309.915,-1.732,36.39,35.4078254699707,4.98,0.0,0
46938,-2.217,75.586,0.0,0.0,455.671,0.0,0.0,0.0,5.737,0,0.0,0.045,309.915,3.1507,35.82,35.4078254699707,4.98,0.0,0
46938,-2.387,75.586,0.0,0.0,455.974,0.0,0.0,0.0,5.737,0,2.0,0.045,309.69,2.9032,35.82,35.4078254699707,4.98,0.0,0
46938,-2.217,75.586,0.0,0.0,455.732,0.0,0.0,0.0,5.737,0,1.0,0.065,309.915,-2.1774,35.550000000000004,35.4078254699707,4.98,0.0,0
46938,-2.5580000000000003,75.586,0.0,0.0,455.732,0.0,0.0,0.0,5.737,0,2.0,0.06,309.825,-3.1672000000000002,35.7,35.4078254699707,4.98,0.0,0
46938,-2.217,75.586,0.0,0.0,455.913,0.0,0.0,0.0,5.737,0,1.0,0.04,309.825,3.2744,35.82,35.4078254699707,4.98,0.0,0
46938,-2.217,75.586,0.0,0.0,455.671,0.0,0.0,0.0,5.737,0,1.0,0.055,309.825,0.46190000000000003,35.13,35.4078254699707,4.98,0.0,0
46938,-2.217,75.586,0.0,0.0,455.732,0.0,0.0,0.0,5.737,0,2.0,0.065,309.825,0.2639,34.44,35.4078254699707,4.98,0.0,0
46938,-2.217,75.586,0.0,0.0,455.79200000000003,0.0,0.0,0.0,5.737,0,1.0,0.095,309.915,0.7918000000000001,34.05,35.4078254699707,4.98,0.0,0
46938,-2.217,75.586,0.0,0.0,455.79200000000003,0.0,0.0,0.0,5.737,0,1.0,0.06,309.825,-0.7918000000000001,33.96,35.4078254699707,4.98,0.0,0
46938,-2.217,75.586,0.0,0.0,455.79200000000003,0.0,0.0,0.0,5.737,0,1.0,0.035,309.825,0.7918000000000001,34.65,35.4078254699707,4.98,0.0,0
46938,-2.217,75.586,0.0,0.0,455.974,0.0,0.0,0.0,5.737,0,1.0,0.09,309.825,-3.8765,35.730000000000004,35.4078254699707,4.98,0.0,0
46938,-2.217,75.586,0.0,0.0,455.913,0.0,0.0,0.0,5.737,0,1.0,0.015,309.915,1.1052,37.050000000000004,35.4078254699707,4.98,0.0,0
46938,-2.387,75.586,0.0,0.0,455.49,0.0,0.0,0.0,5.737,0,1.0,0.13,309.915,2.6888,36.81,35.4078254699707,4.98,0.0,0
46938,-2.217,75.586,0.0,0.0,455.79200000000003,0.0,0.0,0.0,5.737,0,2.0,0.075,309.825,-0.1567,36.18,35.4078254699707,4.98,0.0,0
46938,-2.217,75.586,0.0,0.0,455.974,0.0,0.0,0.0,5.737,0,2.0,0.055,309.825,-1.3196,36.15,35.4078254699707,4.98,0.0,0
46938,-2.217,75.586,0.0,0.0,455.913,0.0,0.0,0.0,5.737,0,1.0,0.105,309.915,-0.5279,35.88,35.4078254699707,4.98,0.0,0
46938,-2.217,75.586,0.0,0.0,455.79200000000003,0.0,0.0,0.0,5.737,0,1.0,0.045,309.825,-1.0557,35.76,35.4078254699707,4.98,0.0,0
46938,-2.387,75.586,0.0,0.0,455.671,0.0,0.0,0.0,5.737,0,2.0,0.07,309.915,0.46190000000000003,35.82,35.4078254699707,4.98,0.0,0
46938,-2.387,75.586,0.0,0.0,455.671,0.0,0.0,0.0,5.737,0,1.0,0.055,309.825,-2.3754,35.64,35.4078254699707,4.98,0.0,0
46938,-2.0460000000000003,75.586,0.0,0.0,455.49,0.0,0.0,0.0,5.737,0,1.0,0.055,309.825,2.3754,35.82,35.4078254699707,4.98,0.0,0
46938,-2.217,75.586,0.0,0.0,455.671,0.0,0.0,0.0,5.737,0,2.0,0.07,309.825,0.39590000000000003,35.22,35.4078254699707,4.98,0.0,0
46938,-2.387,75.586,0.0,0.0,455.853,0.0,0.0,0.0,5.737,0,1.0,0.065,309.915,-0.066,34.71,35.4078254699707,4.98,0.0,0
46938,-2.217,75.586,0.0,0.0,455.732,0.0,0.0,0.0,5.737,0,1.0,0.04,309.825,0.7918000000000001,34.11,35.4078254699707,4.98,0.0,0
46938,-2.217,75.586,0.0,0.0,455.732,0.0,0.0,0.0,5.737,0,1.0,0.045,309.915,-1.9135000000000002,34.71,35.4078254699707,4.98,0.0,0
46938,-2.217,75.586,0.0,0.0,455.43,0.0,0.0,0.0,5.737,0,1.0,0.06,309.825,-0.132,35.58,35.4078254699707,4.98,0.0,0
46938,-2.387,75.586,0.0,0.0,455.551,0.0,0.0,0.0,5.737,0,2.0,0.055,309.825,1.0557,37.050000000000004,35.4078254699707,4.98,0.0,0
46938,-2.5580000000000003,75.586,0.0,0.0,455.551,0.0,0.0,0.0,5.737,0,2.0,0.055,309.915,-3.2991,36.96,35.4078254699707,4.98,0.0,0
46938,-2.0460000000000003,75.586,0.0,0.0,455.611,0.0,0.0,0.0,5.737,0,1.0,0.07,309.825,0.5279,37.62,35.4078254699707,4.98,0.0,0
46938,-2.387,75.586,0.0,0.0,455.43,0.0,0.0,0.0,5.737,0,1.0,0.05,309.825,1.8475000000000001,36.63,35.4078254699707,4.98,0.0,0
46938,-2.387,75.586,0.0,0.0,455.671,0.0,0.0,0.0,5.737,0,2.0,0.055,309.825,1.9135000000000002,36.0,35.4078254699707,4.98,0.0,0
46938,-2.387,75.586,0.0,0.0,455.611,0.0,0.0,0.0,5.737,0,1.0,0.05,309.825,1.5836000000000001,35.160000000000004,35.4078254699707,4.98,0.0,0
46938,-2.217,75.586,0.0,0.0,455.671,0.0,0.0,0.0,5.737,0,1.0,0.055,309.69,-0.9567,34.38,35.4078254699707,4.98,0.0,0
46938,-2.728,75.586,0.0,0.0,455.853,0.0,0.0,0.0,5.737,0,2.0,0.055,309.915,-0.39590000000000003,33.54,35.4078254699707,4.98,0.0,0
46938,-2.0460000000000003,75.586,0.0,0.0,455.611,0.0,0.0,0.0,5.737,0,0.0,0.055,309.825,0.2639,34.38,35.4078254699707,4.98,0.0,0
46938,-2.217,75.586,0.0,0.0,455.551,0.0,0.0,0.0,5.737,0,1.0,0.075,309.825,3.2991,34.35,35.4078254699707,4.98,0.0,0
46938,-2.387,75.586,0.0,0.0,455.671,0.0,0.0,0.0,5.737,0,2.0,0.055,309.825,0.5938,35.28,35.4078254699707,4.98,0.0,0
46938,-2.217,75.586,0.0,0.0,455.551,0.0,0.0,0.0,5.737,0,1.0,0.06,309.915,3.4311000000000003,35.85,35.4078254699707,4.98,0.0,0
46938,-2.217,75.586,0.0,0.0,455.369,0.0,0.0,0.0,5.737,0,2.0,0.055,309.915,3.1012,37.050000000000004,35.4078254699707,4.98,0.0,0
46938,-2.217,75.586,0.0,0.0,455.611,0.0,0.0,0.0,5.737,0,2.0,0.055,309.825,-2.6393,36.78,35.4078254699707,4.98,0.0,0
46938,-2.387,75.586,0.0,0.0,455.913,0.0,0.0,0.0,5.737,0,0.0,0.085,309.825,-1.5176,36.69,35.4078254699707,4.98,0.0,0
46938,-2.217,75.586,0.0,0.0,455.671,0.0,0.0,0.0,5.737,0,1.0,0.07,309.825,-1.8475000000000001,36.45,35.4078254699707,4.98,0.0,0
46938,-2.217,75.586,0.0,0.0,455.79200000000003,0.0,0.0,0.0,5.737,0,1.0,0.08,309.825,-4.2229,36.63,35.4078254699707,4.98,0.0,0
46938,-2.217,75.586,0.0,0.0,455.79200000000003,0.0,0.0,0.0,5.737,0,1.0,0.06,309.825,-4.2889,36.51,35.4078254699707,4.98,0.0,0
46938,-2.387,75.586,0.0,0.0,456.15500000000003,0.0,0.0,0.0,5.737,0,1.0,0.07,309.825,0.5938,36.54,35.4078254699707,4.98,0.0,0
46938,-2.387,75.586,0.0,0.0,455.853,0.0,0.0,0.0,5.737,0,1.0,0.06,309.69,0.42060000000000003,36.54,35.4078254699707,4.98,0.0,0
46938,-2.217,75.586,0.0,0.0,455.79200000000003,0.0,0.0,0.0,5.737,0,2.0,0.075,309.825,-3.563,36.06,35.4078254699707,4.98,0.0,0
46938,-2.217,75.586,0.0,0.0,455.79200000000003,0.0,0.0,0.0,5.737,0,1.0,0.075,309.825,0.39590000000000003,35.64,35.4078254699707,4.98,0.0,0
46938,-2.217,75.586,0.0,0.0,455.853,0.0,0.0,0.0,5.737,0,1.0,0.07,309.825,3.4723,35.46,35.4078254699707,4.98,0.0,0
46938,-2.387,75.586,0.0,0.0,455.974,0.0,0.0,0.0,5.737,0,2.0,0.055,309.69,-2.9692000000000003,34.71,35.4078254699707,4.98,0.0,0
46938,-2.217,75.586,0.0,0.0,455.853,0.0,0.0,0.0,5.737,0,1.0,0.055,309.825,0.066,35.04,35.4078254699707,4.98,0.0,0
46938,-2.217,75.586,0.0,0.0,455.611,0.0,0.0,0.0,5.737,0,1.0,0.055,309.915,3.6950000000000003,35.730000000000004,35.4078254699707,4.98,0.0,0
46938,-2.5580000000000003,75.586,0.0,0.0,455.79200000000003,0.0,0.0,0.0,5.737,0,2.0,0.05,309.825,2.8125,37.2,35.4078254699707,4.98,0.0,0
46938,-2.387,75.586,0.0,0.0,455.974,0.0,0.0,0.0,5.737,0,1.0,0.075,309.825,-0.6598,37.14,35.4078254699707,4.98,0.0,0
46938,-2.387,75.586,0.0,0.0,456.034,0.0,0.0,0.0,5.737,0,1.0,0.045,309.69,-3.5878,36.81,35.4078254699707,4.98,0.0,0
46938,-2.217,75.586,0.0,0.0,456.15500000000003,0.0,0.0,0.0,5.737,0,2.0,0.065,309.825,-2.1114,36.72,35.4078254699707,4.98,0.0,0
46938,-2.217,75.586,0.0,0.0,455.732,0.0,0.0,0.0,5.737,0,0.0,0.065,309.825,-2.0455,36.33,35.4078254699707,4.98,0.0,0
46938,-2.217,75.586,0.0,0.0,455.79200000000003,0.0,0.0,0.0,5.737,0,2.0,0.07,309.915,4.1816,36.54,35.4078254699707,4.98,0.0,0
46938,-2.217,75.586,0.0,0.0,455.79200000000003,0.0,0.0,0.0,5.737,0,2.0,0.075,309.825,3.761,36.300000000000004,35.4078254699707,4.98,0.0,0
46938,-2.217,75.586,0.0,0.0,455.309,0.0,0.0,0.0,5.737,0,0.0,0.055,309.915,3.3898,35.550000000000004,35.4078254699707,4.98,0.0,0
46938,-2.217,75.586,0.0,0.0,455.551,0.0,0.0,0.0,5.737,0,2.0,0.055,309.825,-0.3794,35.28,35.4078254699707,4.98,0.0,0
46938,-2.0460000000000003,75.586,0.0,0.0,455.671,0.0,0.0,0.0,5.737,0,2.0,0.055,309.69,-3.1919,34.83,35.4078254699707,4.98,0.0,0
46938,-2.217,75.586,0.0,0.0,455.79200000000003,0.0,0.0,0.0,5.737,0,1.0,0.055,309.825,-0.8413,35.31,35.4078254699707,4.98,0.0,0
46938,-2.217,75.586,0.0,0.0,455.79200000000003,0.0,0.0,0.0,5.737,0,1.0,0.055,309.915,1.5011,35.43,35.4078254699707,4.98,0.0,0
46938,-2.217,75.586,0.0,0.0,455.49,0.0,0.0,0.0,5.737,0,3.0,0.065,309.69,-0.3299,36.45,35.4078254699707,4.98,0.0,0
46938,-2.217,75.586,0.0,0.0,455.611,0.0,0.0,0.0,5.737,0,1.0,0.065,309.825,-2.5568,37.26,35.4078254699707,4.98,0.0,0
46938,-2.0460000000000003,75.586,0.0,0.0,455.79200000000003,0.0,0.0,0.0,5.737,0,1.0,0.075,309.825,-0.8413,37.53,35.4078254699707,4.98,0.0,0
46938,-2.217,75.586,0.0,0.0,455.913,0.0,0.0,0.0,5.737,0,2.0,0.055,309.69,1.8723,36.87,35.4078254699707,4.98,0.0,0
46938,-2.217,75.586,0.0,0.0,455.913,0.0,0.0,0.0,5.737,0,2.0,0.04,309.69,1.3196,36.78,35.4078254699707,4.98,0.0,0
46938,-2.387,75.586,0.0,0.0,455.551,0.0,0.0,0.0,5.737,0,1.0,0.04,309.825,-0.7918000000000001,36.42,35.4078254699707,4.98,0.0,0
46938,-2.387,75.586,0.0,0.0,455.79200000000003,0.0,0.0,0.0,5.737,0,0.0,0.055,309.825,1.1877,36.36,35.4078254699707,4.98,0.0,0
46938,-2.0460000000000003,75.586,0.0,0.0,456.034,0.0,0.0,0.2,5.737,0,2.0,0.06,309.69,0.0,35.82,35.4078254699707,4.98,0.0,0
46938,-2.217,75.586,0.0,0.0,455.671,0.0,0.0,-0.2,5.737,0,2.0,0.07,309.825,-1.1877,35.52,35.4078254699707,4.98,0.0,0
46938,-2.217,75.586,0.0,0.0,455.551,0.0,0.0,0.0,5.737,0,1.0,0.02,309.69,0.3629,34.86,35.4078254699707,4.98,0.0,0
46938,-2.0460000000000003,75.586,0.0,0.0,455.12600000000003,0.0,0.0,0.0,5.737,0,1.0,0.06,309.825,1.3196,33.87,35.4078254699707,4.98,0.0,0
46938,-2.217,75.586,0.0,0.0,455.49,0.0,0.0,0.0,5.737,0,2.0,0.06,309.825,-2.3754,34.02,35.4078254699707,4.98,0.0,0
46938,-2.5580000000000003,75.586,0.0,0.0,455.49,0.0,0.0,0.0,5.737,0,1.0,0.06,309.825,1.8475000000000001,34.89,35.4078254699707,4.98,0.0,0
46938,-2.217,75.586,0.0,0.0,455.732,0.0,0.0,0.0,5.737,0,1.0,0.06,309.825,2.3754,36.54,35.4078254699707,4.98,0.0,0
46938,-2.217,75.586,0.0,0.0,455.79200000000003,0.0,0.0,0.0,5.737,0,2.0,0.07,309.825,0.6598,37.02,35.4078254699707,4.98,0.0,0
46938,-2.217,75.586,0.0,0.0,455.309,0.0,0.0,0.0,5.737,0,1.0,0.05,309.825,2.3754,36.93,35.4078254699707,4.98,0.0,0
46938,-2.217,75.586,0.0,0.0,455.551,0.0,0.0,0.0,5.737,0,1.0,0.07,309.825,-0.2639,36.96,35.4078254699707,4.98,0.0,0
46938,-2.387,75.586,0.0,0.0,455.913,0.0,0.0,0.0,5.737,0,2.0,0.075,309.915,-0.5938,36.15,35.4078254699707,4.98,0.0,0
46938,-2.217,75.586,0.0,0.0,455.974,0.0,0.0,0.0,5.737,0,1.0,0.05,309.69,-1.9795,36.24,35.4078254699707,4.98,0.0,0
46938,-2.217,75.586,0.0,0.0,455.732,0.0,0.0,0.0,5.737,0,1.0,0.065,309.915,-0.3299,36.27,35.4078254699707,4.98,0.0,0
46938,-2.217,75.586,0.0,0.0,455.732,0.0,0.0,0.0,5.737,0,0.0,0.07,309.915,0.18150000000000002,36.300000000000004,35.4078254699707,4.98,0.0,0
46938,-2.217,75.586,0.0,0.0,455.79200000000003,0.0,0.0,0.0,5.737,0,2.0,0.055,309.825,-1.1712,36.42,35.4078254699707,4.98,0.0,0
46938,-2.217,75.586,0.0,0.0,455.79200000000003,0.0,0.0,0.0,5.737,0,1.0,0.1,309.825,0.3052,36.45,35.4078254699707,4.98,0.0,0
46938,-2.217,75.586,0.0,0.0,455.671,0.0,0.0,0.0,5.737,0,1.0,0.055,309.825,2.4578,35.61,35.4078254699707,4.98,0.0,0
46938,-2.217,75.586,0.0,0.0,455.671,0.0,0.0,0.0,5.737,0,2.0,0.075,309.825,0.39590000000000003,34.53,35.4078254699707,4.98,0.0,0
46938,-2.217,75.586,0.0,0.0,455.551,0.0,0.0,0.0,5.737,0,1.0,0.055,309.825,-0.9238000000000001,33.96,35.4078254699707,4.98,0.0,0
46938,-2.217,75.586,0.0,0.0,455.79200000000003,0.0,0.0,0.0,5.737,0,1.0,0.055,309.915,2.3754,34.71,35.4078254699707,4.98,0.0,0
46938,-2.387,75.586,0.0,0.0,455.611,0.0,0.0,0.0,5.737,0,2.0,0.06,309.825,-0.5938,35.52,35.4078254699707,4.98,0.0,0
46938,-2.217,75.586,0.0,0.0,455.551,0.0,0.0,0.0,5.737,0,1.0,0.055,309.825,-2.5733,37.38,35.4078254699707,4.98,0.0,0
46938,-2.217,75.586,0.0,0.0,455.732,0.0,0.0,0.0,5.737,0,1.0,0.055,309.825,0.2144,37.2,35.4078254699707,4.98,0.0,0
46938,-2.217,75.586,0.0,0.0,455.49,0.0,0.0,0.0,5.737,0,2.0,0.04,309.825,2.6146000000000003,36.75,35.4078254699707,4.98,0.0,0
46938,-2.217,75.586,0.0,0.0,455.43,0.0,0.0,0.0,5.737,0,0.0,0.055,309.825,2.1114,37.050000000000004,35.4078254699707,4.98,0.0,0
46938,-1.8760000000000001,75.586,0.0,0.0,455.43,0.0,0.0,0.0,5.737,0,2.0,0.055,309.915,0.0,36.54,35.4078254699707,4.98,0.0,0
46938,-2.217,75.586,0.0,0.0,455.732,0.0,0.0,0.0,5.737,0,3.0,0.075,309.825,-1.7155,36.9,35.4078254699707,4.98,0.0,0
46938,-2.217,75.586,0.0,0.0,455.974,0.0,0.0,0.0,5.737,0,1.0,0.05,309.915,0.2639,36.51,35.4078254699707,4.98,0.0,0
46938,-2.0460000000000003,75.586,0.0,0.0,455.853,0.0,0.0,0.0,5.737,0,2.0,0.07,309.69,-1.5423,36.0,35.4078254699707,4.98,0.0,0
46938,-2.0460000000000003,75.586,0.0,0.0,455.974,0.0,0.0,0.0,5.737,0,1.0,0.055,309.915,-0.6103000000000001,34.89,35.4078254699707,4.98,0.0,0
46938,-2.217,75.586,0.0,0.0,455.611,0.0,0.0,0.0,5.737,0,1.0,0.05,309.825,-0.18150000000000002,33.57,35.4078254699707,4.98,0.0,0
46938,-2.217,75.586,0.0,0.0,455.43,0.0,0.0,0.0,5.737,0,2.0,0.065,309.69,-0.23920000000000002,33.18,35.4078254699707,4.98,0.0,0
46938,-2.217,75.586,0.0,0.0,455.309,0.0,0.0,0.0,5.737,0,1.0,0.035,309.825,-2.4908,33.660000000000004,35.4078254699707,4.98,0.0,0
46938,-2.217,75.586,0.0,0.0,455.611,0.0,0.0,0.0,5.737,0,2.0,0.08,309.825,3.0352,34.77,35.4078254699707,4.98,0.0,0
46938,-2.217,75.586,0.0,0.0,455.49,0.0,0.0,0.0,5.737,0,2.0,0.045,309.825,-0.8165,36.63,35.4078254699707,4.98,0.0,0
46938,-1.8760000000000001,75.586,0.0,0.0,455.671,0.0,0.0,0.0,5.737,0,1.0,0.045,309.825,-2.0949,37.77,35.4078254699707,4.98,0.0,0
46938,-2.0460000000000003,75.586,0.0,0.0,455.248,0.0,0.0,0.0,5.737,0,2.0,0.06,309.825,3.563,37.47,35.4078254699707,4.98,0.0,0
46938,-2.217,75.586,0.0,0.0,455.188,0.0,0.0,0.0,5.737,0,1.0,0.07,309.915,2.2022,36.45,35.4078254699707,4.98,0.0,0
46938,-2.217,75.586,0.0,0.0,455.551,0.0,0.0,0.0,5.737,0,0.0,0.07,309.825,-1.1217000000000001,35.25,35.4078254699707,4.98,0.0,0
46938,-2.217,75.586,0.0,0.0,455.79200000000003,0.0,0.0,0.0,5.737,0,2.0,0.05,309.915,-1.2042000000000002,34.86,35.4078254699707,4.98,0.0,0
46938,-1.8760000000000001,75.586,0.0,0.0,455.248,0.0,0.0,0.0,5.737,0,1.0,0.06,309.825,2.3919,35.58,35.4078254699707,4.98,0.0,0
46938,-2.217,75.586,0.0,0.0,455.248,0.0,0.0,0.0,5.737,0,1.0,0.055,309.825,2.9692000000000003,35.64,35.4078254699707,4.98,0.0,0
46938,-2.217,75.586,0.0,0.0,455.309,0.0,0.0,0.0,5.737,0,1.0,0.045,309.915,2.7713,35.58,35.4078254699707,4.98,0.0,0
46938,-2.217,75.586,0.0,0.0,455.853,0.0,0.0,0.0,5.737,0,1.0,0.055,309.825,-4.4208,35.4,35.4078254699707,4.98,0.0,0
46938,-2.387,75.586,0.0,0.0,455.79200000000003,0.0,0.0,0.0,5.737,0,2.0,0.065,309.825,-1.1877,35.01,35.4078254699707,4.98,0.0,0
46938,-2.217,75.586,0.0,0.0,455.43,0.0,0.0,0.0,5.737,0,1.0,0.06,309.69,0.6928000000000001,34.2,35.4078254699707,4.98,0.0,0
46938,-2.217,75.586,0.0,0.0,455.551,0.0,0.0,0.0,5.737,0,1.0,0.065,309.915,0.9238000000000001,33.63,35.4078254699707,4.98,0.0,0
46938,-2.0460000000000003,75.586,0.0,0.0,455.248,0.0,0.0,0.0,5.737,0,1.0,0.07,309.915,-0.3299,34.29,35.4078254699707,4.98,0.0,0
46938,-2.0460000000000003,75.586,0.5,0.0,455.309,0.0,0.0,0.0,5.737,0,1.0,0.05,309.915,5.0147,35.49,35.4078254699707,4.98,0.0,0
46938,-1.8760000000000001,75.586,0.0,0.0,455.49,0.0,0.0,0.0,5.737,0,2.0,0.06,309.825,2.9692000000000003,36.6,35.4078254699707,4.98,0.0,0
46938,-2.217,75.586,0.0,0.0,455.671,0.0,0.0,0.0,5.737,0,2.0,0.055,309.825,-4.3548,37.26,35.4078254699707,4.98,0.0,0
46938,-1.705,75.586,-0.5,0.0,455.551,0.0,0.0,0.0,5.737,0,1.0,0.045,309.69,-3.5301,36.9,35.4078254699707,4.98,0.0,0
46938,-2.0460000000000003,75.586,0.0,0.0,455.43,0.0,0.0,0.0,5.737,0,1.0,0.095,309.825,0.7918000000000001,36.12,35.4078254699707,4.98,0.0,0
46938,-1.8760000000000001,75.586,0.0,0.0,455.551,0.0,0.0,0.0,5.737,0,2.0,0.045,309.915,-0.5938,34.86,35.4078254699707,4.98,0.0,0
46938,-2.217,75.586,0.0,0.0,455.309,0.0,0.0,0.0,5.737,0,1.0,0.06,309.825,3.1672000000000002,34.56,35.4078254699707,4.98,0.0,0
46938,-2.217,75.586,0.0,0.0,455.49,0.0,0.0,0.0,5.737,0,2.0,0.045,309.915,2.0455,34.230000000000004,35.4078254699707,4.98,0.0,0
46938,-2.0460000000000003,75.586,0.0,0.0,455.671,0.0,0.0,0.0,5.737,0,1.0,0.09,309.825,-1.0557,34.14,35.4078254699707,4.98,0.0,0
46938,-2.0460000000000003,75.586,-0.5,0.0,455.79200000000003,0.0,0.0,0.0,5.737,0,1.0,0.065,309.915,-1.9135000000000002,34.92,35.4078254699707,4.98,0.0,0
46938,-1.8760000000000001,75.586,0.0,0.0,455.611,0.0,0.0,0.0,5.737,0,2.0,0.055,309.825,-1.4516,35.43,35.4078254699707,4.98,0.0,0
46938,-2.217,75.586,0.0,0.0,455.551,0.0,0.0,0.0,5.737,0,1.0,0.07,309.825,2.1114,35.13,35.4078254699707,4.98,0.0,0
46938,-2.217,75.586,-0.5,0.0,455.79200000000003,0.0,0.0,0.0,5.737,0,0.0,0.065,309.825,-4.0909,35.64,35.4078254699707,4.98,0.0,0
46938,-2.217,75.586,-0.5,0.0,455.913,0.0,0.0,0.0,5.737,0,2.0,0.05,309.825,-1.5836000000000001,35.910000000000004,35.4078254699707,4.98,0.0,0
46938,-2.0460000000000003,75.586,0.0,0.0,455.611,0.0,0.0,0.0,5.737,0,1.0,0.06,309.69,-2.7713,36.57,35.4078254699707,4.98,0.0,0
46938,-2.0460000000000003,75.586,0.0,0.0,455.611,0.0,0.0,0.0,5.737,0,1.0,0.05,309.69,-2.9445,36.6,35.4078254699707,4.98,0.0,0
46938,-2.217,75.586,0.0,0.0,455.79200000000003,0.0,0.0,0.0,5.737,0,0.0,0.04,309.825,-0.3299,36.81,35.4078254699707,4.98,0.0,0
46938,-2.0460000000000003,75.586,0.5,0.0,455.49,0.0,0.0,0.0,5.737,0,2.0,0.015,309.825,5.476500000000001,36.660000000000004,35.4078254699707,4.98,0.0,0
46938,-1.8760000000000001,75.586,0.0,0.0,455.732,0.0,0.0,0.0,5.737,0,2.0,0.085,309.825,2.0207,36.93,35.4078254699707,4.98,0.0,0
46938,-2.0460000000000003,75.586,0.0,0.0,455.671,0.0,0.0,0.0,5.737,0,1.0,0.04,309.825,-1.4516,36.51,35.4078254699707,4.98,0.0,0
46938,-2.217,75.586,0.5,0.0,455.49,0.0,0.0,0.0,5.737,0,2.0,0.03,309.825,1.4516,35.82,35.4078254699707,4.98,0.0,0
46938,-2.217,75.586,0.0,0.0,455.188,0.0,0.0,0.0,5.737,0,1.0,0.06,309.915,0.5773,35.31,35.4078254699707,4.98,0.0,0
46938,-2.217,75.586,0.0,0.0,455.12600000000003,0.0,0.0,0.0,5.737,0,2.0,0.045,309.915,-0.41240000000000004,34.5,35.4078254699707,4.98,0.0,0
46938,-1.8760000000000001,75.586,0.0,0.0,455.49,0.0,0.0,0.0,5.737,0,1.0,0.09,309.825,-0.066,34.35,35.4078254699707,4.98,0.0,0
46938,-2.0460000000000003,75.586,0.0,0.0,455.671,0.0,0.0,0.0,5.737,0,1.0,0.03,309.825,-1.8310000000000002,34.980000000000004,35.4078254699707,4.98,0.0,0
46938,-2.217,75.586,0.0,0.0,455.309,0.0,0.0,0.0,5.737,0,3.0,0.02,309.825,-0.3134,35.67,35.4078254699707,4.98,0.0,0
46938,-2.217,75.586,0.0,0.0,455.671,0.0,0.0,0.0,5.737,0,1.0,0.085,309.69,-1.5176,36.18,35.4078254699707,4.98,0.0,0
46938,-2.0460000000000003,75.586,0.0,0.0,455.611,0.0,0.0,0.0,5.737,0,1.0,0.02,309.915,-0.2144,36.39,35.4078254699707,4.98,0.0,0
46938,-2.217,75.586,0.0,0.0,455.43,0.0,0.0,0.0,5.737,0,2.0,0.075,309.825,2.3094,36.81,35.4078254699707,4.98,0.0,0
46938,-1.8760000000000001,75.586,0.0,0.0,455.309,0.0,0.0,0.0,5.737,0,1.0,0.115,309.69,0.066,36.87,35.4078254699707,4.98,0.0,0
46938,-1.8760000000000001,75.586,0.0,0.0,455.369,0.0,0.0,0.0,5.737,0,2.0,0.07,309.825,-3.6125000000000003,36.69,35.4078254699707,4.98,0.0,0
46938,-2.0460000000000003,75.586,0.0,0.0,455.49,0.0,0.0,0.0,5.737,0,2.0,0.035,309.825,0.5938,36.6,35.4078254699707,4.98,0.0,0
46938,-1.8760000000000001,75.586,0.5,0.0,455.309,0.0,0.0,0.0,5.737,0,1.0,0.06,309.915,4.0084,36.72,35.4078254699707,4.98,0.0,0
46938,-2.0460000000000003,75.586,0.0,0.0,455.732,0.0,0.0,0.0,5.737,0,1.0,0.07,309.825,0.6598,36.69,35.4078254699707,4.98,0.0,0
46938,-1.705,75.586,-0.5,0.0,455.974,0.0,0.0,0.0,5.737,0,1.0,0.05,309.825,-2.8372,35.34,35.4078254699707,4.98,0.0,0
46938,-1.705,75.586,0.0,0.0,455.671,0.0,0.0,0.0,5.737,0,1.0,0.04,309.825,-0.4454,34.44,35.4078254699707,4.98,0.0,0
46938,-2.0460000000000003,75.586,0.0,0.0,455.49,0.0,0.0,0.0,5.737,0,2.0,0.025,309.915,4.5363,33.9,35.4078254699707,4.98,0.0,0
46938,-2.0460000000000003,75.586,0.5,0.0,455.49,0.0,0.0,0.0,5.737,0,2.0,0.02,309.915,4.8827,33.9,35.4078254699707,4.98,0.0,0
46938,-1.705,75.586,0.5,0.0,455.49,0.0,0.0,0.0,5.737,0,1.0,0.05,309.825,1.5836000000000001,34.65,35.4078254699707,4.98,0.0,0
46938,-2.217,75.586,-0.5,0.0,455.79200000000003,0.0,0.0,0.0,5.737,0,1.0,0.05,309.825,-0.7918000000000001,35.730000000000004,35.4078254699707,4.98,0.0,0
46938,-2.217,75.586,0.5,0.0,455.671,0.0,0.0,0.0,5.737,0,2.0,0.03,309.825,-6.0044,37.17,35.4078254699707,4.98,0.0,0
46938,-2.217,75.586,0.5,0.0,455.79200000000003,0.0,0.0,0.0,5.737,0,0.0,0.115,309.915,0.132,37.47,35.4078254699707,4.98,0.0,0
46938,-1.8760000000000001,75.586,0.5,0.0,455.732,0.0,0.0,0.0,5.737,0,2.0,0.045,309.825,2.1114,37.17,35.4078254699707,4.98,0.0,0
46938,-2.0460000000000003,75.586,0.0,0.0,455.551,0.0,0.0,0.0,5.737,0,1.0,0.07,309.825,-2.7713,35.910000000000004,35.4078254699707,4.98,0.0,0
46938,-2.0460000000000003,75.586,0.0,0.0,455.248,0.0,0.0,0.0,5.737,0,1.0,0.02,309.825,-0.9897,36.24,35.4078254699707,4.98,0.0,0
46938,-2.0460000000000003,75.586,0.0,0.0,455.369,0.0,0.0,0.0,5.737,0,2.0,0.03,309.825,1.9795,36.0,35.4078254699707,4.98,0.0,0
46938,-2.217,75.586,0.0,0.0,455.43,0.0,0.0,0.0,5.737,0,1.0,0.06,309.825,-2.3754,36.75,35.4078254699707,4.98,0.0,0
46938,-1.8760000000000001,75.586,0.0,0.0,455.43,0.0,0.0,0.0,5.737,0,1.0,0.035,309.825,-2.1774,36.72,35.4078254699707,4.98,0.0,0
46938,-1.8760000000000001,75.586,0.0,0.0,455.248,0.0,0.0,0.0,5.737,0,1.0,0.045,309.825,-0.19790000000000002,36.300000000000004,35.4078254699707,4.98,0.0,0
46938,-2.0460000000000003,75.586,0.5,0.0,455.49,0.0,0.0,0.0,5.737,0,2.0,0.05,309.825,1.7815,35.25,35.4078254699707,4.98,0.0,0
46938,-1.705,75.586,0.0,0.0,455.369,0.0,0.0,0.0,5.737,0,1.0,0.03,309.69,-2.5486,34.35,35.4078254699707,4.98,0.0,0
46938,-1.8760000000000001,75.586,0.0,0.0,455.611,0.0,0.0,0.0,5.737,0,1.0,0.05,309.825,-1.1877,33.96,35.4078254699707,4.98,0.0,0
46938,-2.0460000000000003,75.586,-0.5,0.0,455.49,0.0,0.0,0.0,5.737,0,2.0,0.04,309.915,3.2826,34.74,35.4078254699707,4.98,0.0,0
46938,-1.8760000000000001,75.586,0.0,0.0,455.43,0.0,0.0,0.0,5.737,0,0.0,0.055,309.825,1.3196,35.88,35.4078254699707,4.98,0.0,0
46938,-2.217,75.586,0.0,0.0,455.611,0.0,0.0,0.0,5.737,0,2.0,0.04,309.915,-2.6558,37.32,35.4078254699707,4.98,0.0,0
46938,-1.8760000000000001,75.586,0.0,0.0,455.49,0.0,0.0,0.0,5.737,0,1.0,0.06,309.915,1.8310000000000002,37.14,35.4078254699707,4.98,0.0,0
46938,-2.387,75.586,-0.5,0.0,455.49,0.0,0.0,0.0,5.737,0,0.0,0.04,309.915,3.3486000000000002,36.72,35.4078254699707,4.98,0.0,0
46938,-2.0460000000000003,75.586,0.0,0.0,455.79200000000003,0.0,0.0,0.0,5.737,0,2.0,0.035,309.69,-2.9692000000000003,36.0,35.4078254699707,4.98,0.0,0
46938,-2.217,75.586,0.5,0.0,455.853,0.0,0.0,0.0,5.737,0,0.0,0.035,309.915,-3.8270000000000004,35.88,35.4078254699707,4.98,0.0,0
46938,-2.217,75.586,0.0,0.0,455.671,0.0,0.0,0.0,5.737,0,1.0,0.04,309.825,0.7918000000000001,36.81,35.4078254699707,4.98,0.0,0
46938,-2.0460000000000003,75.586,0.0,0.0,455.671,0.0,0.0,0.0,5.737,0,2.0,0.025,309.825,-1.3444,37.62,35.4078254699707,4.98,0.0,0
46938,-2.217,75.586,0.0,0.0,455.79200000000003,0.0,0.0,0.0,5.737,0,0.0,0.065,309.915,-1.1877,36.9,35.4078254699707,4.98,0.0,0
46938,-1.705,75.586,-0.5,0.0,455.79200000000003,0.0,0.0,0.0,5.737,0,2.0,0.04,309.69,1.6743000000000001,35.76,35.4078254699707,4.98,0.0,0
46938,-1.705,75.586,-0.5,0.0,455.913,0.0,0.0,0.0,5.737,0,1.0,0.055,309.825,-1.0805,34.17,35.4078254699707,4.98,0.0,0
46938,-2.217,75.586,-0.5,0.0,455.671,0.0,0.0,0.0,5.737,0,1.0,0.065,309.825,1.3361,33.6,35.4078254699707,4.98,0.0,0
46938,-2.0460000000000003,75.586,0.0,0.0,455.49,0.0,0.0,0.0,5.737,0,2.0,0.035,309.825,2.5733,35.07,35.4078254699707,4.98,0.0,0
46938,-2.0460000000000003,75.586,0.0,0.0,455.43,0.0,0.0,0.0,5.737,0,2.0,0.02,309.825,2.7713,35.19,35.4078254699707,4.98,0.0,0
46938,-1.5350000000000001,75.586,0.0,0.0,455.248,0.0,0.0,0.0,5.737,0,2.0,0.05,309.915,-0.5938,36.24,35.4078254699707,4.98,0.0,0
46938,-1.8760000000000001,75.586,-0.5,0.0,455.671,0.0,0.0,0.0,5.737,0,1.0,0.105,309.825,1.1877,37.77,35.4078254699707,4.98,0.0,0
46938,-2.0460000000000003,75.586,0.0,0.0,455.79200000000003,0.0,0.0,0.0,5.737,0,2.0,0.04,309.915,2.8372,38.28,35.4078254699707,4.98,0.0,0
46938,-2.217,75.586,0.0,0.0,455.671,0.0,0.0,0.0,5.737,0,2.0,0.05,309.69,-2.5073000000000003,37.5,35.4078254699707,4.98,0.0,0
46938,-1.8760000000000001,75.586,0.0,0.0,455.49,0.0,0.0,0.0,5.737,0,1.0,0.045,309.825,-3.6950000000000003,36.54,35.4078254699707,4.98,0.0,0
46938,-1.8760000000000001,75.586,0.0,0.0,455.49,0.0,0.0,0.0,5.737,0,2.0,0.08,309.69,-3.8270000000000004,35.79,35.4078254699707,4.98,0.0,0
46938,-1.8760000000000001,75.586,0.0,0.0,455.79200000000003,0.0,0.0,0.0,5.737,0,0.0,0.015,309.915,3.2661000000000002,36.06,35.4078254699707,4.98,0.0,0
46938,-2.217,75.586,0.0,0.0,455.79200000000003,0.0,0.0,0.0,5.737,0,0.0,0.08,309.915,2.5073000000000003,36.12,35.4078254699707,4.98,0.0,0
46938,-2.217,75.586,-0.5,0.0,455.671,0.0,0.0,0.0,5.737,0,2.0,0.04,309.825,1.4846000000000001,36.0,35.4078254699707,4.98,0.0,0
46938,-1.8760000000000001,75.586,-0.5,0.0,455.671,0.0,0.0,0.0,5.737,0,1.0,0.03,309.915,0.5279,35.19,35.4078254699707,4.98,0.0,0
46938,-1.8760000000000001,75.586,0.0,0.0,455.611,0.0,0.0,0.0,5.737,0,1.0,0.045,309.825,2.1774,34.29,35.4078254699707,4.98,0.0,0
46938,-2.0460000000000003,75.586,0.0,0.0,455.49,0.0,0.0,0.0,5.737,0,1.0,0.055,309.825,-0.7918000000000001,34.29,35.4078254699707,4.98,0.0,0
46938,-1.705,75.586,0.0,0.0,455.49,0.0,0.0,0.0,5.737,0,1.0,0.06,309.825,-2.0455,34.410000000000004,35.4078254699707,4.98,0.0,0
46938,-2.217,75.586,0.0,0.0,455.248,0.0,0.0,0.0,5.737,0,2.0,0.07,309.915,0.7918000000000001,35.37,35.4078254699707,4.98,0.0,0
46938,-2.217,75.586,0.0,0.0,455.12600000000003,0.0,0.0,0.0,5.737,0,1.0,0.06,309.825,2.1114,36.33,35.4078254699707,4.98,0.0,0
46938,-1.705,75.586,0.0,0.0,455.309,0.0,0.0,0.0,5.737,0,1.0,0.025,309.69,-3.563,37.14,35.4078254699707,4.98,0.0,0
46938,-1.705,75.586,0.0,0.0,455.551,0.0,0.0,0.0,5.737,0,2.0,0.045,309.825,-3.3651,36.84,35.4078254699707,4.98,0.0,0
46938,-2.0460000000000003,75.586,0.5,0.0,455.188,0.0,0.0,0.0,5.737,0,1.0,0.055,309.915,4.0909,36.39,35.4078254699707,4.98,0.0,0
46938,-1.705,75.586,0.5,0.0,455.188,0.0,0.0,0.0,5.737,0,0.0,0.045,309.825,3.8930000000000002,36.42,35.4078254699707,4.98,0.0,0
46938,-2.217,75.586,0.5,0.0,455.49,0.0,0.0,0.0,5.737,0,2.0,0.045,309.825,-0.6846,36.0,35.4078254699707,4.98,0.0,0
46938,-2.217,75.586,0.0,0.0,455.732,0.0,0.0,0.0,5.737,0,1.0,0.045,309.915,-1.9300000000000002,35.43,35.4078254699707,4.98,0.0,0
46938,-2.217,75.586,0.5,0.0,455.974,0.0,0.0,0.0,5.737,0,0.0,0.06,309.825,2.4578,35.13,35.4078254699707,4.98,0.0,0
46938,-2.0460000000000003,75.586,0.5,0.0,455.853,0.0,0.0,0.0,5.737,0,2.0,0.045,309.825,2.1774,34.5,35.4078254699707,4.98,0.0,0
46938,-2.0460000000000003,75.586,0.5,0.0,455.79200000000003,0.0,0.0,0.0,5.737,0,2.0,0.045,309.825,-3.5466,34.5,35.4078254699707,4.98,0.0,0
46938,-2.217,75.586,0.0,0.0,455.853,0.0,0.0,0.0,5.737,0,0.0,0.02,309.915,-2.3259000000000003,34.65,35.4078254699707,4.98,0.0,0
46938,-2.217,75.586,0.5,0.0,455.79200000000003,0.0,0.0,0.0,5.737,0,2.0,0.065,309.825,0.19790000000000002,34.38,35.4078254699707,4.98,0.0,0
46938,-2.0460000000000003,75.586,-0.5,0.0,455.974,0.0,0.0,0.0,5.737,0,2.0,0.055,309.915,1.2372,34.89,35.4078254699707,4.98,0.0,0
46938,-2.0460000000000003,75.586,0.0,0.0,455.974,0.0,0.0,0.0,5.737,0,0.0,0.07,309.69,-2.3094,36.0,35.4078254699707,4.98,0.0,0
46938,-1.5350000000000001,75.586,0.0,0.0,455.853,0.0,0.0,0.0,5.737,0,2.0,0.06,309.825,-2.8372,36.45,35.4078254699707,4.98,0.0,0
46938,-1.705,75.586,0.5,0.0,455.974,0.0,0.0,0.0,5.737,0,1.0,0.055,309.915,2.1609000000000003,36.33,35.4078254699707,4.98,0.0,0
46938,-1.8760000000000001,75.586,0.5,0.0,455.853,0.0,0.0,0.0,5.737,0,0.0,0.04,310.005,3.9672,36.75,35.4078254699707,4.98,0.0,0
46938,-1.705,75.586,-0.5,0.0,455.671,0.0,0.0,0.0,5.737,0,2.0,0.045,309.825,1.4516,37.14,35.4078254699707,4.98,0.0,0
46938,-2.0460000000000003,75.586,0.5,0.0,455.43,0.0,0.0,0.0,5.737,0,1.0,0.03,309.915,0.132,36.33,35.4078254699707,4.98,0.0,0
46938,-2.0460000000000003,75.586,0.5,0.0,455.49,0.0,0.0,0.0,5.737,0,1.0,0.045,309.825,-5.476500000000001,35.34,35.4078254699707,4.98,0.0,0
46938,-1.8760000000000001,75.586,0.5,0.0,456.034,0.0,0.0,0.0,5.737,0,2.0,0.045,309.825,-1.5176,34.5,35.4078254699707,4.98,0.0,0
46938,-2.0460000000000003,75.586,0.5,0.0,455.79200000000003,0.0,0.0,0.0,5.737,0,1.0,0.04,309.915,0.9897,34.35,35.4078254699707,4.98,0.0,0
46938,-1.8760000000000001,75.586,0.5,0.0,455.309,0.0,0.0,0.0,5.737,0,2.0,0.06,309.69,-1.8887,33.72,35.4078254699707,4.98,0.0,0
46938,-1.5350000000000001,75.586,-0.5,0.0,455.611,0.0,0.0,0.0,5.737,0,1.0,0.045,309.825,-1.8475000000000001,34.14,35.4078254699707,4.98,0.0,0
46938,-2.0460000000000003,75.586,0.0,0.0,455.732,0.0,0.0,0.0,5.737,0,1.0,0.045,309.825,1.3361,35.01,35.4078254699707,4.98,0.0,0
46938,-1.5350000000000001,75.586,-0.5,0.0,455.79200000000003,0.0,0.0,0.0,5.737,0,2.0,0.07,309.825,2.5733,35.25,35.4078254699707,4.98,0.0,0
46938,-1.8760000000000001,75.586,0.0,0.0,455.671,0.0,0.0,0.0,5.737,0,0.0,0.08,309.915,0.4454,35.76,35.4078254699707,4.98,0.0,0
46938,-2.0460000000000003,75.586,0.5,0.0,455.79200000000003,0.0,0.0,0.0,5.737,0,1.0,0.035,309.915,2.9527,36.24,35.4078254699707,4.98,0.0,0
46938,-1.8760000000000001,75.586,0.0,0.0,456.095,0.0,0.0,0.0,5.737,0,2.0,0.045,309.825,1.5176,36.36,35.4078254699707,4.98,0.0,0
46938,-2.217,75.586,0.0,0.0,455.974,0.0,0.0,0.0,5.737,0,1.0,0.06,309.69,-5.0394000000000005,35.67,35.4078254699707,4.98,0.0,0
46938,-2.217,75.586,-0.5,0.0,455.49,0.0,0.0,0.0,5.737,0,0.0,0.045,309.915,-1.9135000000000002,35.97,35.4078254699707,4.98,0.0,0
46938,-2.0460000000000003,75.586,-0.5,0.0,455.248,0.0,0.0,0.0,5.737,0,2.0,0.04,309.825,1.9135000000000002,36.09,35.4078254699707,4.98,0.0,0
46938,-2.0460000000000003,75.586,0.0,0.0,455.49,0.0,0.0,0.0,5.737,0,0.0,0.035,309.825,3.4723,35.22,35.4078254699707,4.98,0.0,0
46938,-1.8760000000000001,75.586,0.5,0.0,455.913,0.0,0.0,0.0,5.737,0,2.0,0.05,309.825,-3.4971,34.89,35.4078254699707,4.98,0.0,0
46938,-1.705,75.586,0.5,0.0,455.913,0.0,0.0,0.0,5.737,0,1.0,0.05,309.825,0.5938,34.11,35.4078254699707,4.98,0.0,0
46938,-1.705,75.586,-0.5,0.0,455.732,0.0,0.0,0.0,5.737,0,0.0,0.065,309.915,0.9238000000000001,34.02,35.4078254699707,4.98,0.0,0
46938,-1.8760000000000001,75.586,0.0,0.0,455.671,0.0,0.0,0.0,5.737,0,1.0,0.05,309.69,-3.0104,33.81,35.4078254699707,4.98,0.0,0
46938,-1.5350000000000001,75.586,0.0,0.0,455.671,0.0,0.0,0.0,5.737,0,2.0,0.05,309.825,-0.5773,34.53,35.4078254699707,4.98,0.0,0
46938,-2.0460000000000003,75.586,0.5,0.0,455.671,0.0,0.0,0.0,5.737,0,2.0,0.04,309.825,0.39590000000000003,34.62,35.4078254699707,4.98,0.0,0
46938,-2.0460000000000003,75.586,0.0,0.0,455.671,0.0,0.0,0.0,5.737,0,0.0,0.035,309.915,4.7507,35.13,35.4078254699707,4.98,0.0,0
46938,-2.217,75.586,0.0,0.0,455.49,0.0,0.0,0.0,5.737,0,1.0,0.05,309.69,1.0557,35.58,35.4078254699707,4.98,0.0,0
46938,-2.0460000000000003,75.586,0.0,0.0,455.79200000000003,0.0,0.0,0.0,5.737,0,2.0,0.04,309.69,-3.8600000000000003,35.58,35.4078254699707,4.98,0.0,0
46938,-1.705,75.586,0.0,0.0,455.611,0.0,0.0,0.0,5.737,0,1.0,0.015,309.825,-1.8475000000000001,35.82,35.4078254699707,4.98,0.0,0
46938,-1.705,75.586,0.0,0.0,455.671,0.0,0.0,0.0,5.737,0,1.0,0.06,309.825,3.8600000000000003,35.4,35.4078254699707,4.98,0.0,0
46938,-2.0460000000000003,75.586,0.0,0.0,455.79200000000003,0.0,0.0,0.0,5.737,0,1.0,0.05,310.005,4.7507,34.95,35.4078254699707,4.98,0.0,0
46938,-1.5350000000000001,75.586,0.5,0.0,455.671,0.0,0.0,0.0,5.737,0,1.0,0.065,309.915,0.9897,35.07,35.4078254699707,4.98,0.0,0
46938,-1.705,75.586,0.0,0.0,455.974,0.0,0.0,0.0,5.737,0,2.0,0.055,309.69,-1.5836000000000001,35.01,35.4078254699707,4.98,0.0,0
46938,-1.8760000000000001,75.586,0.5,0.0,455.913,0.0,0.0,0.0,5.737,0,0.0,0.08,309.825,-3.2991,34.980000000000004,35.4078254699707,4.98,0.0,0
46938,-1.8760000000000001,75.586,0.0,0.0,455.49,0.0,0.0,0.0,5.737,0,1.0,0.05,309.69,-3.4311000000000003,33.63,35.4078254699707,4.98,0.0,0
46938,-1.8760000000000001,75.586,0.5,0.0,455.309,0.0,0.0,0.0,5.737,0,1.0,0.03,309.69,-0.7918000000000001,32.94,35.4078254699707,4.98,0.0,0
46938,-2.0460000000000003,75.586,-0.5,0.0,455.248,0.0,0.0,0.0,5.737,0,1.0,0.045,309.825,-1.9795,33.12,35.4078254699707,4.98,0.0,0
46938,-1.705,75.586,0.0,0.0,455.43,0.0,0.0,0.0,5.737,0,1.0,0.04,309.825,0.6928000000000001,33.39,35.4078254699707,4.98,0.0,0
46938,-2.217,75.586,-0.5,0.0,455.43,0.0,0.0,0.0,5.737,0,1.0,0.045,309.825,6.4663,34.32,35.4078254699707,4.98,0.0,0
46938,-1.5350000000000001,75.586,0.0,0.0,455.551,0.0,0.0,0.0,5.737,0,1.0,0.035,309.69,-3.0682,36.15,35.4078254699707,4.98,0.0,0
46938,-1.8760000000000001,75.586,-0.5,0.0,455.671,0.0,0.0,0.0,5.737,0,2.0,0.045,309.915,-0.6598,36.75,35.4078254699707,4.98,0.0,0
46938,-1.8760000000000001,75.586,0.0,0.0,455.732,0.0,0.0,0.0,5.737,0,0.0,0.06,309.915,3.8930000000000002,36.09,35.4078254699707,4.98,0.0,0
46938,-2.0460000000000003,75.586,0.0,0.0,455.671,0.0,0.0,0.0,5.737,0,1.0,0.05,309.825,0.39590000000000003,35.28,35.4078254699707,4.98,0.0,0
46938,-1.5350000000000001,75.586,-0.5,0.0,455.551,0.0,0.0,0.0,5.737,0,1.0,0.05,309.825,1.1217000000000001,35.160000000000004,35.4078254699707,4.98,0.0,0
46938,-1.705,75.586,-0.5,0.0,455.49,0.0,0.0,0.0,5.737,0,0.0,0.04,309.825,-2.1114,35.34,35.4078254699707,4.98,0.0,0
46938,-1.5350000000000001,75.586,-0.5,0.0,455.12600000000003,0.0,0.0,0.0,5.737,0,2.0,0.04,309.825,-0.5279,35.61,35.4078254699707,4.98,0.0,0
46938,-1.705,75.586,-0.5,0.0,455.248,0.0,0.0,0.0,5.737,0,1.0,0.02,309.915,4.8827,36.0,35.4078254699707,4.98,0.0,0
46938,-2.0460000000000003,75.586,0.0,0.0,455.49,0.0,0.0,0.0,5.737,0,1.0,0.035,309.825,1.5836000000000001,34.980000000000004,35.4078254699707,4.98,0.0,0
46938,-2.0460000000000003,75.586,0.5,0.0,455.248,0.0,0.0,0.0,5.737,0,2.0,0.055,309.825,-0.7918000000000001,33.72,35.4078254699707,4.98,0.0,0
46938,-2.217,75.586,0.0,0.0,455.611,0.0,0.0,0.0,5.737,0,1.0,0.055,309.69,-6.6972000000000005,33.12,35.4078254699707,4.98,0.0,0
46938,-2.0460000000000003,75.586,0.5,0.0,455.49,0.0,0.0,0.0,5.737,0,2.0,0.05,309.825,-2.1114,33.24,35.4078254699707,4.98,0.0,0
46938,-1.8760000000000001,75.586,0.0,0.0,455.611,0.0,0.0,0.0,5.737,0,2.0,0.03,309.915,4.1569,34.2,35.4078254699707,4.98,0.0,0
46938,-1.8760000000000001,75.586,-0.5,0.0,455.43,0.0,0.0,0.0,5.737,0,0.0,0.05,309.915,5.4106000000000005,35.49,35.4078254699707,4.98,0.0,0
46938,-1.8760000000000001,75.586,0.0,0.0,455.49,0.0,0.0,0.0,5.737,0,2.0,0.035,309.915,2.5733,36.45,35.4078254699707,4.98,0.0,0
46938,-1.5350000000000001,75.586,0.0,0.0,455.732,0.0,0.0,0.0,5.737,0,1.0,0.04,309.69,-4.3548,36.87,35.4078254699707,4.98,0.0,0
46938,-2.0460000000000003,75.586,-0.5,0.0,455.732,0.0,0.0,0.0,5.737,0,1.0,0.035,309.825,-4.1404000000000005,36.84,35.4078254699707,4.98,0.0,0
46938,-1.5350000000000001,75.586,0.0,0.0,455.671,0.0,0.0,0.0,5.737,0,1.0,0.09,309.825,-5.1301000000000005,36.15,35.4078254699707,4.98,0.0,0
46938,-1.8760000000000001,75.586,-0.5,0.0,455.551,0.0,0.0,0.0,5.737,0,2.0,0.04,309.825,-2.029,36.21,35.4078254699707,4.98,0.0,0
46938,-1.5350000000000001,75.586,0.0,0.0,455.49,0.0,0.0,0.0,5.737,0,0.0,0.05,309.915,5.6332,35.61,35.4078254699707,4.98,0.0,0
46938,-1.705,75.586,0.0,0.0,455.12600000000003,0.0,0.0,0.0,5.737,0,2.0,0.035,309.825,2.9692000000000003,35.37,35.4078254699707,4.98,0.0,0
46938,-1.8760000000000001,75.586,0.0,0.0,455.12600000000003,0.0,0.0,0.0,5.737,0,2.0,0.05,309.69,-6.1776,35.52,35.4078254699707,4.98,0.0,0
46938,-1.5350000000000001,75.586,-0.5,0.0,455.12600000000003,0.0,0.0,0.0,5.737,0,1.0,0.03,309.825,-2.6228000000000002,35.49,35.4078254699707,4.98,0.0,0
46938,-1.5350000000000001,75.586,0.0,0.0,455.12600000000003,0.0,0.0,0.0,5.737,0,1.0,0.045,309.825,4.2229,35.28,35.4078254699707,4.98,0.0,0
46938,-1.8760000000000001,75.586,0.5,0.0,455.248,0.0,0.0,0.0,5.737,0,1.0,0.03,309.69,-1.0557,34.410000000000004,35.4078254699707,4.98,0.0,0
46938,-1.5350000000000001,75.586,0.0,0.0,455.005,0.0,0.0,0.0,5.737,0,0.0,0.035,309.825,-3.1672000000000002,34.230000000000004,35.4078254699707,4.98,0.0,0
46938,-1.8760000000000001,75.586,0.0,0.0,455.12600000000003,0.0,0.0,0.0,5.737,0,2.0,0.055,309.825,0.19790000000000002,34.62,35.4078254699707,4.98,0.0,0
46938,-2.0460000000000003,75.586,-0.5,0.0,455.43,0.0,0.0,0.0,5.737,0,0.0,0.04,309.825,4.9899000000000004,35.94,35.4078254699707,4.98,0.0,0
46938,-1.705,75.586,-0.5,0.0,455.309,0.0,0.0,0.0,5.737,0,2.0,0.04,309.915,2.8207,36.42,35.4078254699707,4.98,0.0,0
46938,-2.217,75.586,0.0,0.0,455.369,0.0,0.0,0.0,5.737,0,1.0,0.045,309.825,-0.2639,36.51,35.4078254699707,4.98,0.0,0
46938,-1.5350000000000001,75.586,0.0,0.0,455.188,0.0,0.0,0.0,5.737,0,0.0,0.025,309.69,0.0247,36.33,35.4078254699707,4.98,0.0,0
46938,-1.8760000000000001,75.586,0.5,0.0,455.49,0.0,0.0,0.0,5.737,0,1.0,0.045,309.825,-3.2331000000000003,36.12,35.4078254699707,4.98,0.0,0
46938,-1.705,75.586,0.0,0.0,455.309,0.0,0.0,0.0,5.737,0,1.0,0.05,309.915,0.8413,36.18,35.4078254699707,4.98,0.0,0
46938,-2.0460000000000003,75.586,0.0,0.0,455.248,0.0,0.0,0.0,5.737,0,0.0,0.055,309.915,6.2518,35.88,35.4078254699707,4.98,0.0,0
46938,-1.8760000000000001,75.586,-0.5,0.0,455.43,0.0,0.0,0.0,5.737,0,2.0,0.03,309.825,-1.0557,35.01,35.4078254699707,4.98,0.0,0
46938,-1.705,75.586,0.0,0.0,455.43,0.0,0.0,0.0,5.737,0,1.0,0.035,309.6,-9.3283,34.86,35.4078254699707,4.98,0.0,0
46938,-1.5350000000000001,75.586,0.0,0.0,455.49,0.0,0.0,0.0,5.737,0,0.0,0.06,309.825,-5.0641,34.71,35.4078254699707,4.98,0.0,0
46938,-1.8760000000000001,75.586,0.0,0.0,455.369,0.0,0.0,0.0,5.737,0,1.0,0.07,309.915,5.0641,34.08,35.4078254699707,4.98,0.0,0
46938,-1.705,75.586,-0.5,0.0,455.188,0.0,0.0,0.0,5.737,0,0.0,0.045,309.825,8.140600000000001,34.17,35.4078254699707,4.98,0.0,0
46938,-1.5350000000000001,75.586,0.0,0.0,455.49,0.0,0.0,0.0,5.737,0,1.0,0.055,309.825,-0.2639,34.59,35.4078254699707,4.98,0.0,0
46938,-1.705,75.586,0.0,0.0,455.248,0.0,0.0,0.0,5.737,0,3.0,0.04,309.825,-4.9322,36.0,35.4078254699707,4.98,0.0,0
46938,-1.8760000000000001,75.586,0.0,0.0,455.369,0.0,0.0,0.0,5.737,0,0.0,0.045,309.69,-5.435300000000001,36.93,35.4078254699707,4.98,0.0,0
46938,-2.0460000000000003,75.586,-0.5,0.0,455.43,0.0,0.0,0.0,5.737,0,0.0,0.05,309.915,2.4249,37.2,35.4078254699707,4.98,0.0,0
46938,-1.8760000000000001,75.586,0.5,0.0,455.551,0.0,0.0,0.0,5.737,0,1.0,0.045,309.825,4.8580000000000005,37.56,35.4078254699707,4.98,0.0,0
46938,-1.5350000000000001,75.586,0.0,0.0,455.369,0.0,0.0,0.0,5.737,0,2.0,0.045,309.825,4.2229,37.59,35.4078254699707,4.98,0.0,0
46938,-1.705,75.586,-0.5,0.0,455.49,0.0,0.0,0.0,5.737,0,1.0,0.045,309.825,-2.4743,36.93,35.4078254699707,4.98,0.0,0
46938,-1.705,75.586,0.0,0.0,455.309,0.0,0.0,0.0,5.737,0,1.0,0.035,309.915,0.9238000000000001,35.910000000000004,35.4078254699707,4.98,0.0,0
46938,-1.8760000000000001,75.586,0.0,0.0,455.369,0.0,0.0,0.0,5.737,0,2.0,0.08,309.915,1.7815,34.800000000000004,35.4078254699707,4.98,0.0,0
46938,-1.8760000000000001,75.586,-0.5,0.0,455.369,0.0,0.0,0.0,5.737,0,0.0,0.045,309.825,-1.9795,34.230000000000004,35.4078254699707,4.98,0.0,0
46938,-1.5350000000000001,75.586,0.0,0.0,455.551,0.0,0.0,0.0,5.737,0,1.0,0.06,309.825,-1.5176,34.47,35.4078254699707,4.98,0.0,0
46938,-1.8760000000000001,75.586,0.0,0.0,455.49,0.0,0.0,0.0,5.737,0,1.0,0.05,309.915,1.3196,35.61,35.4078254699707,4.98,0.0,0
46938,-1.5350000000000001,75.586,0.0,0.0,455.369,0.0,0.0,0.0,5.737,0,0.0,0.035,309.825,-1.8475000000000001,35.52,35.4078254699707,4.98,0.0,0
46938,-1.8760000000000001,75.586,0.5,0.0,455.309,0.0,0.0,0.0,5.737,0,1.0,0.045,309.915,-0.6598,35.730000000000004,35.4078254699707,4.98,0.0,0
46938,-1.8760000000000001,75.586,0.0,0.0,455.309,0.0,0.0,0.2,5.737,0,0.0,0.05,309.825,2.7053000000000003,35.52,35.4078254699707,4.98,0.0,0
46938,-1.5350000000000001,75.586,0.0,0.0,455.248,0.0,0.0,35.1,5.737,0,0.0,0.04,309.825,0.7918000000000001,35.910000000000004,35.4078254699707,5.117,0.0,0
46938,-1.5350000000000001,75.586,0.5,0.0,455.248,0.0006000000000000001,0.1,129.1,5.737,0,1.0,0.19,309.69,-1.9465000000000001,36.84,0.0,5.938000000000001,0.0,0
46938,-1.8760000000000001,75.586,0.0,0.0,455.79200000000003,0.0021000000000000003,0.3,247.9,5.737,0,1.0,0.125,309.825,-2.2434000000000003,36.42,0.0,7.871,0.0,0
46938,-2.0460000000000003,75.586,0.0,0.0,456.882,0.0102,1.5,361.1,5.737,0,0.0,0.11,309.825,0.7918000000000001,34.17,0.0,10.996,0.0,0
46938,-2.5580000000000003,75.586,0.0,0.0,447.262,0.0308,2.7,438.70000000000005,5.737,0,0.0,0.02,309.825,2.5073000000000003,32.37,0.0,15.059000000000001,0.0,0
46938,-3.411,75.586,0.0,0.0,428.689,0.0748,5.800000000000001,462.3,5.737,0,-1.0,-0.13,309.915,0.46190000000000003,29.79,0.0,19.629,0.0,0
46938,-2.728,75.586,0.0,0.0,378.294,0.1496,10.0,449.90000000000003,5.737,0,0.0,-0.06,309.915,3.6950000000000003,29.97,0.0,24.18,0.0,0
46938,-2.5580000000000003,75.586,0.0,0.0,324.33,0.26080000000000003,11.700000000000001,412.20000000000005,5.737,0,1.0,0.725,309.915,2.5733,31.38,0.0,28.496000000000002,0.0,0
46938,-3.581,75.586,0.0,0.0,214.768,0.4057,16.1,348.1,5.737,0,0.0,-0.095,310.005,3.6950000000000003,33.27,0.0,32.285000000000004,0.0,0
46938,-3.581,75.586,0.0,0.0,132.793,0.5581,15.5,266.0,5.737,0,0.0,-0.13,309.915,3.6950000000000003,35.160000000000004,0.0,35.313,0.0,0
46938,-3.581,75.586,0.0,0.0,40.352000000000004,0.6908000000000001,12.0,179.5,5.737,0,-1.0,-0.15,309.915,-2.1114,36.9,0.0,37.480000000000004,0.0,0
46938,-3.24,75.586,0.0,0.0,14.398,0.7832,6.7,100.9,5.737,0,0.0,-0.04,310.005,-3.6950000000000003,37.14,0.0,38.828,0.0,0
46939,-3.581,75.586,0.0,0.0,-1.2710000000000001,0.8325,3.2,40.7,5.737,0,0.0,-0.025,309.915,1.0557,36.99,0.0,39.492000000000004,0.0,0
46939,-3.581,75.586,0.0,0.0,-3.569,0.8487,0.0,8.1,5.737,0,0.0,-0.12,309.915,1.0557,36.660000000000004,0.0,39.688,0.0,0
46939,-3.7520000000000002,75.586,0.0,0.0,-3.207,0.8519,0.0,5.3,5.737,0,1.0,-0.085,310.005,1.3196,36.15,0.0,39.727000000000004,0.0,0
46939,-3.411,75.586,0.5,0.0,-3.207,0.8535,1.6,6.300000000000001,5.737,0,1.0,-0.07,310.005,1.9795,36.09,0.0,39.746,0.0,0
46939,-3.0700000000000003,75.586,0.0,0.0,-2.844,0.8648,1.7000000000000002,24.900000000000002,5.737,0,0.0,-0.04,310.005,2.6228000000000002,35.46,0.0,39.883,0.0,0
46939,-2.899,75.586,-0.5,0.0,-3.025,0.8986000000000001,4.9,54.400000000000006,5.737,0,0.0,-0.045,310.005,3.0847,35.730000000000004,0.0,40.293,0.0,0
46939,-3.0700000000000003,75.586,0.5,0.0,-2.844,0.9566,6.5,84.4,5.737,0,2.0,-0.105,309.915,-0.4454,36.27,0.0,40.996,0.0,0
46939,-2.899,75.586,0.0,0.0,-2.662,1.0373,9.700000000000001,102.2,5.737,0,0.0,-0.09,310.005,-0.2639,36.24,0.0,41.953,0.0,0
46939,-3.581,75.586,-0.5,0.0,-2.54,1.1389,9.6,102.5,5.737,0,2.0,-0.095,310.005,3.4311000000000003,35.85,0.0,42.988,0.0,0
46939,-2.5580000000000003,75.586,0.0,0.0,-2.299,1.2386000000000001,9.6,100.10000000000001,5.737,0,1.0,-0.135,309.915,-1.9135000000000002,35.49,0.0,44.004000000000005,0.0,0
46939,-3.0700000000000003,75.586,0.0,0.0,-1.815,1.3458,11.3,99.9,5.737,0,1.0,-0.135,310.14000000000004,-2.3094,34.56,0.0,45.0,0.0,0
46939,-2.5580000000000003,75.586,0.0,0.0,-1.996,1.4611,11.3,100.4,5.737,0,2.0,-0.125,310.14000000000004,1.8228000000000002,33.6,0.0,45.996,0.0,0
46939,-2.387,75.586,0.0,0.0,-1.875,1.5764,11.3,99.9,5.737,0,0.0,-0.105,310.005,1.6826,34.05,0.0,46.992000000000004,0.0,0
46939,-2.899,75.586,-0.5,0.0,-1.815,1.7121000000000002,13.3,100.4,5.737,0,0.0,-0.125,310.005,-1.097,34.800000000000004,0.0,48.008,0.0,0
46939,-2.899,75.586,0.0,0.0,-1.754,1.8469,13.3,99.7,5.737,0,2.0,-0.09,309.915,-3.0187,35.94,0.0,49.004000000000005,0.0,0
46939,-2.387,75.586,0.0,0.0,-1.694,1.988,15.3,99.9,5.737,0,0.0,-0.115,309.915,-5.0641,36.96,0.0,50.0,0.0,0
46939,-2.899,75.586,0.0,0.0,-1.694,2.0034,15.4,100.4,5.737,0,0.0,-0.075,309.915,-5.476500000000001,37.050000000000004,0.0,50.098,0.0,0
46939,-2.899,75.586,0.0,0.0,-1.996,2.1596,15.3,99.9,5.737,0,1.0,-0.1,310.005,-0.2639,37.32,0.0,51.094,0.0,0
46939,-2.387,75.586,0.0,0.0,-2.117,2.3188,15.200000000000001,100.10000000000001,5.737,0,1.0,-0.09,310.14000000000004,4.0579,36.75,0.0,52.109,0.0,0
46939,-2.387,75.586,0.0,0.0,-2.117,2.3188,15.200000000000001,100.10000000000001,5.737,0,1.0,-0.09,310.14000000000004,4.0579,36.75,0.0,52.109,0.0,0
46939,-2.728,75.586,0.0,0.0,-1.875,2.4935,17.5,100.10000000000001,5.737,0,0.0,-0.12,310.14000000000004,5.806500000000001,36.36,0.0,53.105000000000004,0.0,0
46939,-2.5580000000000003,75.586,0.0,0.0,-2.057,2.6734,17.6,100.10000000000001,5.737,0,2.0,-0.115,310.005,3.9589000000000003,36.660000000000004,0.0,54.102000000000004,0.0,0
46939,-2.5580000000000003,75.586,-0.5,0.0,-1.633,2.8572,20.2,100.4,5.737,0,0.0,-0.105,310.005,-1.9795,35.94,0.0,55.098000000000006,0.0,0
46939,-2.387,75.586,0.0,0.0,-1.815,3.0665,24.1,99.9,5.737,0,3.0,-0.115,310.005,-3.0682,36.0,0.0,56.113,0.0,0
46939,-2.728,75.586,0.0,0.0,-1.936,3.2719,20.0,100.10000000000001,5.737,0,2.0,-0.09,309.915,-3.4311000000000003,35.4,0.0,57.109,0.0,0
46939,-2.387,75.586,0.0,0.0,-1.815,3.4925,22.700000000000003,100.10000000000001,5.737,0,0.0,-0.08,310.14000000000004,-0.6268,34.44,0.0,58.105000000000004,0.0,0
46939,-2.5580000000000003,75.586,0.0,0.0,-2.54,3.726,23.0,99.9,5.737,0,2.0,-0.125,310.14000000000004,4.7507,33.99,0.0,59.102000000000004,0.0,0
46939,-2.217,75.586,-0.5,0.0,-2.662,3.9592,23.0,100.10000000000001,5.737,0,0.0,-0.05,309.915,0.0,34.65,0.0,60.098000000000006,0.0,0
46939,-2.217,75.586,0.0,0.0,-2.54,4.2250000000000005,25.6,99.7,5.737,0,1.0,-0.07,310.005,-4.7507,34.800000000000004,0.0,61.113,0.0,0
46939,-2.217,75.586,0.0,0.0,-2.238,4.488300000000001,25.700000000000003,100.10000000000001,5.737,0,1.0,-0.05,310.005,-0.9567,35.7,0.0,62.109,0.0,0
46939,-2.728,75.586,0.0,0.0,-1.875,4.7614,28.8,100.10000000000001,5.737,0,0.0,-0.155,310.005,1.8475000000000001,36.39,0.0,63.105000000000004,0.0,0
46939,-2.728,75.586,0.0,0.0,-1.875,5.0572,29.0,100.4,5.737,0,1.0,-0.17,310.005,-1.5836000000000001,37.230000000000004,0.0,64.102,0.0,0
46939,-2.899,75.586,0.0,0.0,-2.359,5.3528,29.1,100.10000000000001,5.737,0,0.0,-0.035,310.14000000000004,2.5073000000000003,37.53,0.0,65.098,0.0,0
46939,-2.217,75.586,-0.5,0.0,-2.057,5.6779,32.1,100.4,5.737,0,1.0,-0.145,310.005,4.2229,37.050000000000004,0.0,66.113,0.0,0
46939,-2.217,75.586,0.0,0.0,-1.815,6.008,32.2,100.10000000000001,5.737,0,2.0,-0.09,310.005,-0.7918000000000001,36.21,0.0,67.10900000000001,0.0,0
46939,-2.387,75.586,0.0,0.0,-1.815,6.340400000000001,34.5,99.9,5.737,0,0.0,-0.095,310.005,-3.0682,35.34,0.0,68.105,0.0,0
46939,-2.387,75.586,0.5,0.0,-2.178,6.7075000000000005,36.1,99.9,5.737,0,1.0,-0.095,310.005,-1.9795,35.25,0.0,69.102,0.0,0
46939,-2.217,75.586,-0.5,0.0,-2.359,7.081300000000001,43.0,100.7,5.737,0,0.0,-0.115,310.005,-1.3196,35.25,0.0,70.117,0.0,0
46939,-2.5580000000000003,75.586,0.0,0.0,-2.299,7.465800000000001,39.5,100.10000000000001,5.737,0,0.0,-0.1,310.005,3.2991,35.43,0.0,71.113,0.0,0
46939,-2.217,75.586,0.0,0.0,-2.238,7.8715,39.5,100.4,5.737,0,0.0,-0.12,310.005,2.3754,35.25,0.0,72.10900000000001,0.0,0
46939,-2.217,75.586,0.0,0.0,-2.178,8.2773,39.5,99.9,5.737,0,1.0,-0.12,310.005,-1.5836000000000001,34.5,0.0,73.105,0.0,0
46939,-2.217,75.586,-0.5,0.0,-2.54,8.7174,44.0,99.9,5.737,0,2.0,-0.13,310.005,-1.5836000000000001,34.56,0.0,74.102,0.0,0
46939,-2.217,75.586,0.0,0.0,-2.54,8.7699,52.5,100.4,5.737,0,1.0,-0.13,310.005,-1.8475000000000001,34.59,0.0,74.21900000000001,0.0,0
46939,-2.217,75.586,0.0,0.0,-2.54,9.216800000000001,43.9,100.10000000000001,5.737,0,1.0,-0.11,310.14000000000004,2.6146000000000003,35.28,0.0,75.215,0.0,0
46939,-2.0460000000000003,75.586,-0.5,0.0,-2.54,9.677200000000001,48.2,100.4,5.737,0,1.0,-0.15,310.14000000000004,2.7465,36.27,0.0,76.211,0.0,0
46939,-2.387,75.586,0.0,0.0,-2.662,10.1674,48.2,100.10000000000001,5.737,0,2.0,-0.11,310.005,-0.9897,36.81,0.0,77.20700000000001,0.0,0
46939,-2.0460000000000003,75.586,0.0,0.0,-2.359,10.6576,48.2,99.9,5.737,0,0.0,-0.095,310.005,-2.1527000000000003,36.660000000000004,0.0,78.203,0.0,0
46939,-2.0460000000000003,75.586,0.0,0.0,-2.54,11.1895,52.7,100.4,5.737,0,1.0,-0.105,310.14000000000004,1.3856000000000002,36.15,0.0,79.21900000000001,0.0,0
46939,-2.387,75.586,-0.5,0.0,-2.662,11.725100000000001,52.7,99.7,5.737,0,0.0,-0.14,309.915,-1.2372,35.85,0.0,80.215,0.0,0
46939,-2.0460000000000003,75.586,0.0,0.0,-2.117,12.264100000000001,56.0,100.10000000000001,5.737,0,1.0,-0.095,310.005,-2.6393,35.88,0.0,81.211,0.0,0
46939,-1.705,75.586,0.0,0.0,-2.178,12.847100000000001,57.300000000000004,99.9,5.737,0,2.0,-0.16,310.14000000000004,-0.5279,35.67,0.0,82.20700000000001,0.0,0
46939,-2.217,75.586,0.0,0.0,-2.54,13.4419,69.10000000000001,99.9,5.737,0,1.0,-0.21,309.915,3.6950000000000003,35.28,0.0,83.223,0.0,0
46939,-2.217,75.586,-0.5,0.0,-2.057,14.047600000000001,62.2,99.9,5.737,0,1.0,-0.065,309.915,-1.3691,34.56,0.0,84.21900000000001,0.0,0
46939,-2.217,75.586,0.0,0.0,-2.117,14.680000000000001,62.2,99.9,5.737,0,0.0,-0.14,310.005,-4.396100000000001,33.54,0.0,85.215,0.0,0
46939,-1.8760000000000001,75.586,0.0,0.0,-2.238,15.3125,62.300000000000004,99.7,5.737,0,1.0,-0.15,310.005,0.5938,33.69,0.0,86.211,0.0,0
46939,-2.217,75.586,0.0,0.0,-2.299,15.987300000000001,67.3,100.10000000000001,5.737,0,1.0,-0.095,310.005,1.4351,33.93,0.0,87.20700000000001,0.0,0
46939,-2.0460000000000003,75.586,0.0,0.0,-2.299,16.6846,81.0,99.9,5.737,0,1.0,-0.095,310.14000000000004,2.1527000000000003,34.800000000000004,0.0,88.223,0.0,0
46939,-2.217,75.586,0.5,0.0,-2.238,17.3798,72.5,100.4,5.737,0,1.0,-0.23500000000000001,310.14000000000004,1.7568000000000001,35.64,0.0,89.21900000000001,0.0,0
46939,-2.0460000000000003,75.586,0.0,0.0,-2.238,18.116300000000003,72.5,99.9,5.737,0,0.0,-0.21,310.005,-1.0557,36.69,0.0,90.215,0.0,0
46939,-2.217,75.586,-0.5,0.0,-2.42,18.852800000000002,72.5,100.10000000000001,5.737,0,1.0,-0.17500000000000002,309.915,-6.2931,37.17,0.0,91.211,0.0,0
46939,-2.0460000000000003,75.586,0.0,0.0,-2.359,19.6214,77.9,100.10000000000001,5.737,0,1.0,-0.08,310.005,-2.5733,36.36,0.0,92.20700000000001,0.0,0
46939,-2.217,75.586,0.0,0.0,-2.117,20.4283,77.9,100.10000000000001,5.737,0,1.0,-0.065,310.14000000000004,5.3198,36.21,0.0,93.223,0.0,0
46939,-2.217,75.586,-0.5,0.0,-2.057,21.2193,77.8,99.9,5.737,0,1.0,-0.13,310.005,3.4146,34.980000000000004,0.0,94.21900000000001,0.0,0
46939,-2.217,75.586,0.0,0.0,-1.996,22.065,83.3,99.9,5.737,0,0.0,-0.14,310.005,-2.7713,35.01,0.0,95.215,0.0,0
46939,-2.0460000000000003,75.586,0.0,0.0,-1.754,22.912000000000003,83.3,99.7,5.737,0,1.0,-0.11,310.14000000000004,3.2084,34.59,0.0,96.211,0.0,0
46939,-2.217,75.586,0.0,0.0,-1.875,23.797,107.10000000000001,100.10000000000001,5.737,0,2.0,-0.14,310.14000000000004,2.0867,34.74,0.0,97.227,0.0,0
46939,-2.0460000000000003,75.586,0.5,0.0,-1.936,24.7012,88.9,99.9,5.737,0,0.0,-0.135,310.005,-4.024900000000001,34.17,0.0,98.223,0.0,0
46939,-2.217,75.586,0.5,0.0,-1.936,24.7893,88.10000000000001,100.10000000000001,5.737,0,0.0,-0.14,310.005,-4.6188,34.08,0.0,98.32000000000001,0.0,0
46939,-2.217,75.586,0.5,0.0,-1.754,25.6935,88.0,100.4,5.737,0,2.0,-0.13,310.005,-3.8600000000000003,34.17,0.0,99.316,0.0,0
46939,-2.0460000000000003,75.586,0.0,0.0,-1.815,26.6475,94.80000000000001,99.9,5.737,0,0.0,-0.12,310.005,-1.7155,33.51,0.0,100.313,0.0,0
46939,-2.217,75.586,0.0,0.0,-1.996,27.628500000000003,113.10000000000001,100.7,5.737,0,0.0,-0.13,310.005,-0.5279,34.17,0.0,101.328,0.0,0
46939,-2.0460000000000003,75.586,0.0,0.0,-1.875,28.604400000000002,99.5,100.4,5.737,0,1.0,-0.11,310.14000000000004,1.1877,35.04,0.0,102.324,0.0,0
46939,-2.217,75.586,0.0,0.0,-1.694,29.6265,99.60000000000001,100.4,5.737,0,0.0,-0.11,310.005,4.2229,36.15,0.0,103.32000000000001,0.0,0
46939,-2.217,75.586,0.0,0.0,-1.694,30.648500000000002,99.5,100.10000000000001,5.737,0,2.0,-0.135,310.005,2.5073000000000003,36.6,0.0,104.316,0.0,0
46939,-1.8760000000000001,75.586,0.0,0.0,-1.573,31.7073,106.5,99.9,5.737,0,0.0,-0.135,310.14000000000004,-2.6393,36.36,0.0,105.313,0.0,0
46939,-2.217,75.586,0.0,0.0,-1.815,32.8101,127.10000000000001,100.4,5.737,0,0.0,-0.145,310.14000000000004,2.2434000000000003,35.61,0.0,106.328,0.0,0
46939,-2.217,75.586,0.5,0.0,-1.754,33.8923,105.4,100.10000000000001,5.737,0,2.0,-0.14,310.005,1.5836000000000001,35.37,0.0,107.324,0.0,0
46939,-2.387,75.586,0.0,0.0,-1.754,35.0342,111.30000000000001,99.7,5.737,0,0.0,-0.125,310.005,-3.9589000000000003,35.28,0.0,108.32000000000001,0.0,0
46939,-1.8760000000000001,75.586,-0.5,0.0,-2.299,36.1771,111.30000000000001,99.9,5.737,0,2.0,-0.145,310.14000000000004,2.3754,34.08,0.0,109.316,0.0,0
46939,-2.217,75.586,0.0,0.0,-1.694,37.342800000000004,118.5,99.9,5.737,0,0.0,-0.13,310.005,0.2639,33.480000000000004,0.0,110.313,0.0,0
46939,-2.217,75.586,0.5,0.0,-1.815,38.569900000000004,118.5,100.9,5.737,0,0.0,-0.135,310.005,-0.7918000000000001,34.230000000000004,0.0,111.328,0.0,0
46939,-1.705,75.586,0.0,0.0,-1.754,39.774,117.2,99.9,5.737,0,1.0,-0.135,309.915,-3.6950000000000003,34.59,0.0,112.32400000000001,0.0,0
46939,-2.217,75.586,-0.5,0.0,-1.754,41.023700000000005,123.30000000000001,100.10000000000001,5.737,0,0.0,-0.13,310.14000000000004,2.5403000000000002,35.04,0.0,113.32000000000001,0.0,0
46939,-2.217,75.586,0.5,0.0,-1.815,42.2892,123.30000000000001,99.9,5.737,0,0.0,-0.16,310.14000000000004,6.7302,35.94,0.0,114.316,0.0,0
46939,-1.705,75.586,0.0,0.0,-1.754,43.588100000000004,155.8,99.9,5.737,0,2.0,-0.105,310.14000000000004,0.8908,36.09,0.0,115.33200000000001,0.0,0
46939,-2.217,75.586,0.0,0.0,-1.875,44.915,130.5,99.9,5.737,0,0.0,-0.16,310.005,-5.6745,36.18,0.0,116.328,0.0,0
46939,-1.8760000000000001,75.586,0.0,0.0,-1.694,46.242000000000004,129.3,100.4,5.737,0,2.0,-0.14,310.005,-3.8600000000000003,36.24,0.0,117.32400000000001,0.0,0
46939,-2.217,75.586,-0.5,0.0,-1.573,47.5995,135.20000000000002,99.9,5.737,0,0.0,-0.14,310.005,-1.4516,36.0,0.0,118.32000000000001,0.0,0
46939,-2.217,75.586,0.0,0.0,-1.754,48.9876,135.20000000000002,100.10000000000001,5.737,0,2.0,-0.14,310.005,0.0,36.51,0.0,119.316,0.0,0
46939,-2.217,75.586,0.0,0.0,-1.633,50.403600000000004,136.6,99.9,5.737,0,1.0,-0.13,309.915,-1.8475000000000001,35.910000000000004,0.0,120.33200000000001,0.0,0
46939,-1.8760000000000001,75.586,0.0,0.0,-1.694,51.845800000000004,142.6,99.9,5.737,0,0.0,-0.16,310.005,-0.5279,35.64,0.0,121.328,0.0,0
46939,-1.8760000000000001,75.586,0.0,0.0,-1.815,53.294700000000006,141.1,99.9,5.737,0,1.0,-0.14,310.14000000000004,5.5425,35.19,0.0,122.32400000000001,0.0,0
46939,-1.8760000000000001,75.586,0.0,0.0,-1.996,54.7593,147.0,100.4,5.737,0,1.0,-0.16,310.14000000000004,7.2251,34.77,0.0,123.32000000000001,0.0,0
46939,-2.217,75.586,0.5,0.0,-1.754,56.2685,147.0,100.10000000000001,5.737,0,2.0,-0.11,310.005,-1.9795,33.93,0.0,124.316,0.0,0
46939,-2.0460000000000003,75.586,0.5,0.0,-1.633,57.807900000000004,148.5,100.10000000000001,5.737,0,1.0,-0.155,310.005,-7.8189,34.11,0.0,125.33200000000001,0.0,0
46939,-1.8760000000000001,75.586,0.0,0.0,-1.3920000000000001,59.355700000000006,154.3,100.4,5.737,0,0.0,-0.125,310.14000000000004,-1.5836000000000001,34.410000000000004,0.0,126.328,0.0,0
46939,-2.0460000000000003,75.586,-0.5,0.0,-1.452,60.9243,152.70000000000002,100.10000000000001,5.737,0,0.0,-0.135,310.005,1.8475000000000001,35.31,0.0,127.32400000000001,0.0,0
46939,-2.0460000000000003,75.586,0.0,0.0,-1.3920000000000001,62.494,153.8,99.7,5.737,0,0.0,-0.12,310.005,2.1114,35.910000000000004,0.0,128.32,0.0,0
46939,-2.217,75.586,-0.5,0.0,-1.452,64.15390000000001,191.20000000000002,100.4,5.737,0,1.0,-0.12,310.005,-1.4846000000000001,36.480000000000004,0.0,129.336,0.0,0
46939,-2.217,75.586,0.0,0.0,-1.5130000000000001,65.781,160.1,100.10000000000001,5.737,0,0.0,-0.125,310.005,-1.9795,36.36,0.0,130.332,0.0,0
46939,-2.217,75.586,0.0,0.0,-1.936,67.4316,165.8,100.7,5.737,0,0.0,-0.125,310.14000000000004,1.4846000000000001,36.33,0.0,131.328,0.0,0
46939,-2.0460000000000003,75.586,0.0,0.0,-1.815,67.5973,165.70000000000002,99.7,5.737,0,0.0,-0.14,310.14000000000004,2.0867,36.33,0.0,131.42600000000002,0.0,0
46939,-1.8760000000000001,75.586,-0.5,0.0,-1.5130000000000001,69.2818,165.70000000000002,99.9,5.737,0,2.0,-0.145,310.005,4.6188,36.33,0.0,132.422,0.0,0
46939,-2.217,75.586,0.0,0.0,-1.573,71.0002,199.60000000000002,100.4,5.737,0,0.0,-0.165,310.005,-1.9795,36.81,0.0,133.43800000000002,0.0,0
46939,-2.5580000000000003,75.586,0.0,0.0,-1.754,72.73490000000001,171.20000000000002,99.9,5.737,0,1.0,-0.16,310.005,-3.9342,35.88,0.0,134.434,0.0,0
46939,-1.8760000000000001,75.586,0.5,0.0,-2.057,74.4755,171.20000000000002,100.10000000000001,5.737,0,1.0,-0.135,310.005,-2.4166000000000003,34.95,0.0,135.43,0.0,0
46939,-2.0460000000000003,75.586,0.5,0.0,-1.996,76.23060000000001,176.6,100.10000000000001,5.737,0,1.0,-0.12,310.005,-4.024900000000001,34.35,0.0,136.42600000000002,0.0,0
46939,-2.0460000000000003,75.586,0.0,0.0,-1.573,78.0258,176.6,100.10000000000001,5.737,0,1.0,-0.11,309.915,-0.6433,33.57,0.0,137.422,0.0,0
46939,-2.0460000000000003,75.586,0.5,0.0,-1.694,79.857,176.6,100.10000000000001,5.737,0,0.0,-0.165,310.005,-1.4516,33.480000000000004,0.0,138.43800000000002,0.0,0
46939,-2.217,75.586,0.0,0.0,-1.452,81.68690000000001,181.8,100.10000000000001,5.737,0,1.0,-0.13,310.005,-0.6763,34.35,0.0,139.434,0.0,0
46939,-2.217,75.586,0.0,0.0,-1.694,83.5351,181.9,100.4,5.737,0,1.0,-0.13,310.005,2.2929,35.37,0.0,140.43,0.0,0
46939,-2.217,75.586,-0.5,0.0,-1.875,85.3845,183.10000000000002,100.4,5.737,0,0.0,-0.09,310.005,3.2826,37.230000000000004,0.0,141.42600000000002,0.0,0
46939,-1.8760000000000001,75.586,0.0,0.0,-1.633,87.32010000000001,223.10000000000002,100.10000000000001,5.737,0,1.0,-0.15,310.005,-1.0557,37.89,0.0,142.441,0.0,0
46939,-1.705,75.586,-0.5,0.0,-1.452,89.2214,186.9,99.9,5.737,0,2.0,-0.135,310.14000000000004,0.8825000000000001,37.08,0.0,143.43800000000002,0.0,0
46939,-1.705,75.586,0.0,0.0,-1.754,91.1413,191.8,100.10000000000001,5.737,0,0.0,-0.09,310.005,3.563,36.480000000000004,0.0,144.434,0.0,0
46939,-2.0460000000000003,75.586,0.0,0.0,-2.057,93.09,191.8,100.4,5.737,0,1.0,-0.16,310.14000000000004,1.7568000000000001,35.22,0.0,145.43,0.0,0
46939,-2.0460000000000003,75.586,0.0,0.0,-2.359,95.0387,191.8,100.10000000000001,5.737,0,0.0,-0.15,310.005,-2.5486,35.7,0.0,146.42600000000002,0.0,0
46939,-1.705,75.586,0.0,0.0,-2.057,97.0626,194.4,100.10000000000001,5.737,0,1.0,-0.115,310.005,-1.7568000000000001,35.76,0.0,147.441,0.0,0
46939,-2.0460000000000003,75.586,0.0,0.0,-2.178,99.06060000000001,196.4,99.9,5.737,0,2.0,-0.14,310.14000000000004,1.1877,36.18,0.0,148.43800000000002,0.0,0
46939,-2.0460000000000003,75.586,0.5,0.0,-2.178,101.06450000000001,200.8,99.9,5.737,0,0.0,-0.15,310.005,1.9795,35.49,0.0,149.434,0.0,0
46939,-1.705,75.586,0.0,0.0,-2.299,103.1058,200.8,100.10000000000001,5.737,0,1.0,-0.135,310.14000000000004,1.3609,34.68,0.0,150.43,0.0,0
46939,-2.0460000000000003,75.586,0.0,0.0,-1.815,105.186,239.8,100.7,5.742,0,1.0,-0.11,310.005,-1.3609,34.68,0.0,151.445,0.0,0
46939,-2.0460000000000003,75.586,0.0,0.0,-1.875,107.25150000000001,203.0,100.10000000000001,5.737,0,1.0,-0.14,310.005,-0.5938,35.31,0.0,152.441,0.0,0
46939,-2.0460000000000003,75.586,0.0,0.0,-1.996,109.3379,205.10000000000002,100.10000000000001,5.737,0,1.0,-0.095,310.14000000000004,-0.46190000000000003,36.0,0.0,153.43800000000002,0.0,0
46939,-2.217,75.586,0.5,0.0,-1.633,111.4222,205.10000000000002,100.10000000000001,5.737,0,1.0,-0.2,310.005,2.8372,36.84,0.0,154.434,0.0,0
46939,-1.705,75.586,0.0,0.0,-1.815,113.58500000000001,249.60000000000002,99.9,5.737,0,2.0,-0.115,310.23,3.8105,36.72,0.0,155.449,0.0,0
46939,-2.0460000000000003,75.586,0.0,0.0,-1.815,115.71010000000001,207.0,100.7,5.742,0,0.0,-0.13,310.14000000000004,-3.4311000000000003,36.93,0.0,156.44500000000002,0.0,0
46939,-2.217,75.586,0.0,0.0,-1.936,117.84740000000001,210.70000000000002,100.10000000000001,5.737,0,0.0,-0.135,310.005,-3.8930000000000002,36.18,0.0,157.441,0.0,0
46939,-1.5350000000000001,75.586,0.0,0.0,-2.238,120.01310000000001,212.9,100.4,5.737,0,1.0,-0.145,310.14000000000004,-0.8413,35.94,0.0,158.43800000000002,0.0,0
46939,-1.8760000000000001,75.586,0.0,0.0,-2.238,120.22380000000001,210.70000000000002,100.10000000000001,5.737,0,0.0,-0.13,310.14000000000004,0.8578,36.0,0.0,158.535,0.0,0
46939,-1.8760000000000001,75.586,-0.5,0.0,-1.996,122.3872,210.70000000000002,99.9,5.737,0,0.0,-0.13,310.14000000000004,4.0909,36.27,0.0,159.531,0.0,0
46939,-2.0460000000000003,75.586,0.0,0.0,-1.694,124.62320000000001,216.4,100.4,5.737,0,2.0,-0.135,310.14000000000004,1.4846000000000001,36.81,0.0,160.547,0.0,0
46939,-1.705,75.586,0.0,0.0,-1.633,126.82260000000001,216.4,100.10000000000001,5.737,0,1.0,-0.105,309.915,-6.2023,36.72,0.0,161.543,0.0,0
46939,-2.0460000000000003,75.586,0.0,0.0,-1.3920000000000001,129.02800000000002,219.70000000000002,100.10000000000001,5.742,0,0.0,-0.12,309.915,-5.3776,35.31,0.0,162.53900000000002,0.0,0
46939,-1.705,75.586,-0.5,0.0,-1.936,131.2609,217.4,100.10000000000001,5.737,0,2.0,-0.13,310.005,-4.0909,34.17,0.0,163.535,0.0,0
46939,-2.0460000000000003,75.586,0.0,0.0,-2.299,133.5387,262.3,100.10000000000001,5.737,0,0.0,-0.1,310.005,1.5176,33.660000000000004,0.0,164.55100000000002,0.0,0
46939,-1.5350000000000001,75.586,0.0,0.0,-2.117,135.7893,222.8,100.10000000000001,5.737,0,1.0,-0.095,310.005,5.1466,34.26,0.0,165.547,0.0,0
46939,-2.217,75.586,0.5,0.0,-2.057,138.0532,222.70000000000002,99.9,5.737,0,0.0,-0.09,310.005,0.0,35.76,0.0,166.543,0.0,0
46939,-2.217,75.586,0.5,0.0,-1.754,140.3172,222.8,100.10000000000001,5.737,0,0.0,-0.155,310.005,-3.2991,36.93,0.0,167.53900000000002,0.0,0
46939,-2.0460000000000003,75.586,0.0,0.0,-1.875,142.6079,223.3,100.10000000000001,5.737,0,0.0,-0.08,310.005,2.3754,37.95,0.0,168.535,0.0,0
46939,-1.705,75.586,0.0,0.0,-1.815,144.9464,225.60000000000002,100.10000000000001,5.737,0,1.0,-0.1,310.005,3.6950000000000003,37.47,0.0,169.55100000000002,0.0,0
46939,-1.8760000000000001,75.586,0.5,0.0,-2.117,147.2474,228.20000000000002,100.10000000000001,5.737,0,3.0,-0.11,310.005,0.0,36.81,0.0,170.547,0.0,0
46939,-2.217,75.586,0.0,0.0,-1.754,149.5658,228.10000000000002,99.9,5.737,0,0.0,-0.065,310.14000000000004,2.3754,35.160000000000004,0.0,171.543,0.0,0
46939,-1.8760000000000001,75.586,0.0,0.0,-1.815,151.8843,228.10000000000002,99.9,5.742,0,0.0,-0.145,310.005,-3.1672000000000002,34.74,0.0,172.53900000000002,0.0,0
46939,-1.8760000000000001,75.586,0.0,0.0,-1.754,154.2661,275.1,100.4,5.737,0,2.0,-0.195,310.005,-3.4311000000000003,35.07,0.0,173.555,0.0,0
46939,-2.0460000000000003,75.586,-0.5,0.0,-1.875,156.6079,230.4,100.7,5.737,0,0.0,-0.185,310.14000000000004,1.0557,35.04,0.0,174.55100000000002,0.0,0
46939,-2.0460000000000003,75.586,0.0,0.0,-1.694,158.9516,232.20000000000002,100.10000000000001,5.737,0,2.0,-0.165,309.915,1.3196,34.92,0.0,175.547,0.0,0
46939,-1.5350000000000001,75.586,0.0,0.0,-1.815,161.3144,232.5,100.10000000000001,5.742,0,0.0,-0.1,310.005,-1.3196,34.32,0.0,176.543,0.0,0
46939,-1.8760000000000001,75.586,0.0,0.0,-1.936,163.6771,232.5,99.7,5.742,0,1.0,-0.1,309.915,-5.806500000000001,33.93,0.0,177.53900000000002,0.0,0
46939,-2.217,75.586,0.0,0.0,-1.875,166.096,234.20000000000002,100.10000000000001,5.737,0,1.0,-0.095,310.14000000000004,1.9465000000000001,34.53,0.0,178.555,0.0,0
46939,-2.0460000000000003,75.586,0.0,0.0,-1.815,168.4771,234.3,99.9,5.737,0,2.0,-0.165,310.005,0.6598,36.27,0.0,179.55100000000002,0.0,0
46939,-2.217,75.586,0.0,0.0,-1.694,170.8581,234.3,100.10000000000001,5.737,0,1.0,-0.09,310.14000000000004,4.0579,37.11,0.0,180.547,0.0,0
46939,-2.217,75.586,0.0,0.0,-1.936,173.2526,235.9,100.10000000000001,5.742,0,2.0,-0.15,310.14000000000004,2.9032,36.93,0.0,181.543,0.0,0
46939,-1.705,75.586,0.0,0.0,-1.694,175.6976,284.0,100.10000000000001,5.737,0,0.0,-0.18,310.005,-0.2639,36.300000000000004,0.0,182.559,0.0,0
46939,-2.217,75.586,-0.5,0.0,-1.633,178.0976,237.10000000000002,99.9,5.737,0,1.0,-0.08,310.005,-4.6188,35.85,0.0,183.555,0.0,0
46939,-2.0460000000000003,75.586,-0.5,0.0,-1.815,180.5077,237.10000000000002,100.10000000000001,5.742,0,1.0,-0.08,310.005,-1.4846000000000001,35.910000000000004,0.0,184.55100000000002,0.0,0
46939,-2.217,75.586,0.0,0.0,-1.573,182.9179,237.20000000000002,99.9,5.737,0,1.0,-0.145,310.14000000000004,6.0704,35.43,0.0,185.547,0.0,0
46939,-1.8760000000000001,75.586,0.5,0.0,-1.573,183.155,237.10000000000002,99.7,5.737,0,1.0,-0.065,309.915,5.295100000000001,35.43,0.0,185.645,0.0,0
46939,-1.8760000000000001,75.586,0.5,0.0,-1.633,185.6189,284.40000000000003,99.9,5.737,0,3.0,-0.16,310.14000000000004,1.6248,35.28,0.0,186.66,0.0,0
46939,-1.8760000000000001,75.586,-0.5,0.0,-1.694,188.03990000000002,235.8,100.10000000000001,5.737,0,1.0,-0.13,310.14000000000004,-1.4104,34.86,0.0,187.656,0.0,0
46939,-1.705,75.586,0.0,0.0,-1.5130000000000001,190.4616,236.5,100.4,5.737,0,0.0,-0.17500000000000002,310.005,-0.1072,34.35,0.0,188.65200000000002,0.0,0
46939,-2.0460000000000003,75.586,0.0,0.0,-1.3920000000000001,192.89090000000002,236.60000000000002,99.9,5.737,0,1.0,-0.085,310.005,-2.8785000000000003,34.38,0.0,189.648,0.0,0
46939,-2.0460000000000003,75.586,0.0,0.0,-1.633,195.32260000000002,239.10000000000002,100.4,5.737,0,0.0,-0.15,309.915,-0.6433,34.980000000000004,0.0,190.645,0.0,0
46939,-1.8760000000000001,75.586,0.0,0.0,-1.754,197.80100000000002,237.20000000000002,99.9,5.737,0,1.0,-0.055,310.14000000000004,0.37120000000000003,35.160000000000004,0.0,191.66,0.0,0
46939,-1.8760000000000001,75.586,-0.5,0.0,-1.815,200.23610000000002,237.10000000000002,100.10000000000001,5.742,0,1.0,-0.165,310.005,-0.3299,35.160000000000004,0.0,192.656,0.0,0
46939,-2.0460000000000003,75.586,0.0,0.0,-1.5130000000000001,202.6713,237.20000000000002,99.7,5.742,0,0.0,-0.13,310.005,-0.41240000000000004,35.43,0.0,193.65200000000002,0.0,0
46939,-1.705,75.586,-0.5,0.0,-1.694,205.10940000000002,237.5,100.10000000000001,5.742,0,1.0,-0.19,310.005,-3.5136000000000003,36.0,0.0,194.648,0.0,0
46939,-1.8760000000000001,75.586,0.0,0.0,-1.694,207.597,286.5,100.10000000000001,5.742,0,0.0,-0.125,310.14000000000004,0.6351,36.63,0.0,195.66400000000002,0.0,0
46939,-1.705,75.586,0.0,0.0,-1.875,210.0359,237.60000000000002,100.10000000000001,5.742,0,1.0,-0.15,310.14000000000004,6.9034,36.480000000000004,0.0,196.66,0.0,0
46939,-1.705,75.586,0.0,0.0,-1.694,212.47570000000002,237.60000000000002,100.10000000000001,5.742,0,0.0,-0.13,310.14000000000004,1.4269,36.09,0.0,197.656,0.0,0
46939,-2.217,75.586,0.0,0.0,-1.694,214.9155,237.60000000000002,100.10000000000001,5.742,0,0.0,-0.145,310.005,-4.5528,35.79,0.0,198.65200000000002,0.0,0
46939,-2.0460000000000003,75.586,0.0,0.0,-1.694,217.3545,237.5,100.10000000000001,5.742,0,1.0,-0.14,310.005,-2.2187,35.4,0.0,199.648,0.0,0
46939,-1.8760000000000001,75.586,0.0,0.0,-1.875,219.84210000000002,239.9,100.4,5.742,0,1.0,-0.165,310.14000000000004,-0.1072,34.95,0.0,200.66400000000002,0.0,0
46939,-1.8760000000000001,75.586,0.0,0.0,-1.815,222.28070000000002,237.5,99.7,5.742,0,1.0,-0.135,310.14000000000004,-1.6083,34.14,0.0,201.66,0.0,0
46939,-2.217,75.586,0.0,0.0,-1.633,224.7159,237.20000000000002,100.10000000000001,5.737,0,0.0,-0.165,309.915,-0.9073,33.87,0.0,202.656,0.0,0
46939,-1.8760000000000001,75.586,0.0,0.0,-1.5130000000000001,227.1511,237.20000000000002,100.10000000000001,5.742,0,0.0,-0.17,310.14000000000004,-1.1877,34.53,0.0,203.65200000000002,0.0,0
46939,-1.5350000000000001,75.586,0.0,0.0,-1.815,229.633,285.40000000000003,99.7,5.742,0,2.0,-0.16,310.14000000000004,1.6248,34.77,0.0,204.668,0.0,0
46939,-1.8760000000000001,75.586,0.0,0.0,-1.815,232.0625,239.0,100.10000000000001,5.742,0,0.0,-0.19,309.915,2.7053000000000003,35.4,0.0,205.66400000000002,0.0,0
46939,-1.705,75.586,0.0,0.0,-1.694,234.49210000000002,236.60000000000002,100.10000000000001,5.742,0,2.0,-0.125,310.005,-3.761,36.18,0.0,206.66,0.0,0
46939,-1.705,75.586,0.0,0.0,-1.694,234.7311,239.0,100.10000000000001,5.742,0,0.0,-0.16,310.005,-4.0909,36.18,0.0,206.758,0.0,0
46939,-2.0460000000000003,75.586,0.0,0.0,-1.815,237.1541,238.3,99.9,5.742,0,1.0,-0.165,310.14000000000004,-1.0557,35.76,0.0,207.75400000000002,0.0,0
46939,-2.0460000000000003,75.586,0.0,0.0,-1.694,239.6245,286.90000000000003,99.9,5.742,0,0.0,-0.15,310.005,2.7713,35.52,0.0,208.77,0.0,0
46939,-1.5350000000000001,75.586,0.0,0.0,-1.694,242.0439,237.4,100.4,5.742,0,1.0,-0.155,309.915,-0.7258,35.550000000000004,0.0,209.76600000000002,0.0,0
46939,-2.217,75.586,-0.5,0.0,-1.815,244.4558,237.3,100.10000000000001,5.742,0,0.0,-0.17,310.005,-1.5836000000000001,35.4,0.0,210.762,0.0,0
46939,-1.8760000000000001,75.586,-0.5,0.0,-2.057,246.8677,237.3,100.10000000000001,5.742,0,1.0,-0.15,310.005,-1.0557,35.79,0.0,211.758,0.0,0
46939,-1.8760000000000001,75.586,0.0,0.0,-1.3920000000000001,249.2723,236.10000000000002,100.4,5.742,0,1.0,-0.15,310.14000000000004,4.3548,34.92,0.0,212.75400000000002,0.0,0
46939,-1.8760000000000001,75.586,0.0,0.0,-1.815,251.72060000000002,236.20000000000002,99.9,5.742,0,0.0,-0.14,310.14000000000004,5.7075000000000005,34.29,0.0,213.77,0.0,0
46939,-1.5350000000000001,75.586,0.0,0.0,-2.057,254.12060000000002,236.10000000000002,100.10000000000001,5.742,0,2.0,-0.075,309.915,-3.4311000000000003,32.7,0.0,214.76600000000002,0.0,0
46939,-1.8760000000000001,75.586,0.5,0.0,-2.057,256.50690000000003,234.8,99.9,5.742,0,0.0,-0.15,310.005,-4.3878,33.39,0.0,215.762,0.0,0
46939,-2.0460000000000003,75.586,0.0,0.0,-2.057,258.8931,234.70000000000002,100.10000000000001,5.742,0,2.0,-0.135,309.915,-1.8475000000000001,33.69,0.0,216.758,0.0,0
46939,-1.8760000000000001,75.586,0.0,0.0,-1.936,261.3188,278.5,100.4,5.742,0,0.0,-0.135,310.005,2.8372,34.71,0.0,217.77300000000002,0.0,0
46939,-1.705,75.586,0.0,0.0,-1.815,263.6918,233.20000000000002,100.10000000000001,5.742,0,1.0,-0.135,310.005,-0.7918000000000001,35.13,0.0,218.77,0.0,0
46939,-2.0460000000000003,75.586,0.0,0.0,-1.996,266.0625,233.3,100.10000000000001,5.742,0,1.0,-0.125,310.005,-2.1774,35.79,0.0,219.76600000000002,0.0,0
46939,-1.705,75.586,0.5,0.0,-1.996,268.4198,231.5,100.4,5.742,0,1.0,-0.16,310.005,-0.2639,35.52,0.0,220.762,0.0,0
46939,-1.705,75.586,0.0,0.0,-1.815,270.7731,231.60000000000002,99.9,5.742,0,1.0,-0.135,309.915,-1.5176,34.980000000000004,0.0,221.758,0.0,0
46939,-2.0460000000000003,75.586,0.0,0.0,-1.936,271.0495,276.40000000000003,100.4,5.742,0,0.0,-0.115,309.915,-1.699,34.92,0.0,221.875,0.0,0
46939,-2.0460000000000003,75.586,0.0,0.0,-1.996,273.398,229.70000000000002,100.10000000000001,5.742,0,1.0,-0.145,310.005,3.563,35.28,0.0,222.871,0.0,0
46939,-1.8760000000000001,75.586,0.0,0.0,-2.057,275.7323,227.3,100.10000000000001,5.742,0,0.0,-0.16,310.005,2.2434000000000003,35.1,0.0,223.86700000000002,0.0,0
46939,-1.5350000000000001,75.586,0.0,0.0,-2.238,278.0666,227.3,99.7,5.742,0,4.0,-0.145,309.915,-3.8270000000000004,34.56,0.0,224.863,0.0,0
46939,-1.8760000000000001,75.586,0.0,0.0,-1.694,280.3881,225.3,99.7,5.742,0,2.0,-0.15,309.915,-0.8165,34.11,0.0,225.859,0.0,0
46939,-1.8760000000000001,75.586,0.0,0.0,-1.694,282.74830000000003,227.60000000000002,100.10000000000001,5.742,0,0.0,-0.135,309.915,0.8743000000000001,33.33,0.0,226.875,0.0,0
46939,-1.5350000000000001,75.586,0.5,0.0,-1.996,285.0618,227.4,100.10000000000001,5.742,0,2.0,-0.16,310.005,-0.3299,33.21,0.0,227.871,0.0,0
46939,-2.0460000000000003,75.586,0.0,0.0,-1.996,287.35360000000003,223.20000000000002,99.7,5.742,0,0.0,-0.135,309.915,5.6745,32.82,0.0,228.86700000000002,0.0,0
46939,-1.5350000000000001,75.586,0.0,0.0,-1.815,289.6454,223.20000000000002,100.10000000000001,5.742,0,0.0,-0.14,310.005,1.1877,33.18,0.0,229.863,0.0,0
46939,-1.8760000000000001,75.586,0.0,0.0,-1.936,291.974,266.5,99.9,5.742,0,2.0,-0.14,310.005,-3.1672000000000002,33.81,0.0,230.87900000000002,0.0,0
46939,-1.8760000000000001,75.586,-0.5,0.0,-2.359,294.2427,223.3,100.7,5.742,0,1.0,-0.15,310.005,3.1259,35.79,0.0,231.875,0.0,0
46939,-2.0460000000000003,75.586,0.5,0.0,-2.299,296.5113,223.20000000000002,100.10000000000001,5.742,0,0.0,-0.135,310.005,4.5528,36.36,0.0,232.871,0.0,0
46939,-1.705,75.586,0.0,0.0,-2.359,298.76140000000004,218.60000000000002,100.10000000000001,5.742,0,2.0,-0.145,310.005,-1.3856000000000002,36.09,0.0,233.86700000000002,0.0,0
46939,-1.5350000000000001,75.586,0.0,0.0,-2.42,301.0058,218.5,99.9,5.742,0,0.0,-0.14,310.005,-3.563,35.730000000000004,0.0,234.863,0.0,0
46939,-1.705,75.586,0.0,0.0,-1.815,303.2914,218.4,99.9,5.742,0,0.0,-0.16,310.005,-0.767,35.4,0.0,235.87900000000002,0.0,0
46939,-1.8760000000000001,75.586,0.0,0.0,-1.996,305.51070000000004,218.3,100.10000000000001,5.742,0,2.0,-0.15,310.14000000000004,0.767,34.980000000000004,0.0,236.875,0.0,0
46939,-1.5350000000000001,75.586,0.0,0.0,-1.996,307.7301,218.4,100.4,5.742,0,0.0,-0.14,309.915,-0.0495,34.95,0.0,237.871,0.0,0
46939,-2.0460000000000003,75.586,0.0,0.0,-1.875,309.93580000000003,213.60000000000002,100.4,5.742,0,2.0,-0.135,310.14000000000004,-0.48660000000000003,35.28,0.0,238.86700000000002,0.0,0
46939,-1.705,75.586,0.0,0.0,-1.815,312.1293,213.60000000000002,100.7,5.742,0,0.0,-0.17,310.14000000000004,1.6248,34.980000000000004,0.0,239.863,0.0,0
46939,-1.5350000000000001,75.586,-0.5,0.0,-1.875,314.3669,215.8,99.9,5.742,0,0.0,-0.11,310.005,3.2166,34.29,0.0,240.87900000000002,0.0,0
46939,-2.0460000000000003,75.586,0.0,0.0,-1.815,316.5365,213.3,100.10000000000001,5.742,0,2.0,-0.15,310.005,-2.8372,33.39,0.0,241.875,0.0,0
46939,-1.705,75.586,0.0,0.0,-1.815,318.7038,213.20000000000002,100.10000000000001,5.742,0,0.0,-0.15,310.14000000000004,0.46190000000000003,33.21,0.0,242.871,0.0,0
46939,-1.5350000000000001,75.586,0.0,0.0,-2.057,320.8637,208.60000000000002,99.7,5.742,0,1.0,-0.14,310.14000000000004,4.7507,33.87,0.0,243.86700000000002,0.0,0
46939,-1.705,75.586,0.0,0.0,-1.754,323.0477,210.70000000000002,100.10000000000001,5.742,0,1.0,-0.145,310.005,-1.5836000000000001,35.46,0.0,244.883,0.0,0
46939,-1.705,75.586,-0.5,0.0,-1.996,325.1888,210.70000000000002,100.10000000000001,5.742,0,0.0,-0.13,310.005,-3.1672000000000002,36.63,0.0,245.87900000000002,0.0,0
46939,-1.8760000000000001,75.586,0.0,0.0,-1.996,325.3994,210.60000000000002,99.9,5.742,0,0.0,-0.12,310.005,-3.9589000000000003,36.72,0.0,245.977,0.0,0
46939,-2.0460000000000003,75.586,0.0,0.0,-2.178,327.5202,208.10000000000002,99.9,5.742,0,0.0,-0.17,309.915,1.4846000000000001,36.69,0.0,246.973,0.0,0
46939,-1.8760000000000001,75.586,0.0,0.0,-2.117,329.6351,208.10000000000002,99.9,5.742,0,1.0,-0.125,309.915,-4.6188,35.910000000000004,0.0,247.96900000000002,0.0,0
46939,-1.705,75.586,0.0,0.0,-2.117,331.7862,203.5,99.9,5.742,0,1.0,-0.145,310.14000000000004,-0.099,35.31,0.0,248.984,0.0,0
46939,-1.705,75.586,0.5,0.0,-1.694,333.8755,203.5,99.7,5.742,0,2.0,-0.155,309.915,2.3754,34.26,0.0,249.98000000000002,0.0,0
46939,-1.705,75.586,0.0,0.0,-2.057,335.925,205.60000000000002,97.4,5.742,0,0.0,-0.16,310.005,-3.4971,34.5,0.0,250.95700000000002,0.0,0
46939,-1.5350000000000001,75.586,0.0,0.0,-1.996,337.9209,203.20000000000002,93.5,5.742,0,1.0,-0.15,309.915,-5.4106000000000005,35.49,0.0,251.91400000000002,0.0,0
46939,-1.705,75.586,0.0,0.0,-1.815,339.7846,163.8,89.0,5.742,0,1.0,-0.14,310.005,-0.066,35.28,0.0,252.81300000000002,0.0,0
46939,-1.705,75.586,0.0,0.0,-1.331,341.56530000000004,161.70000000000002,81.10000000000001,5.737,0,0.0,-0.14,310.005,0.5279,34.95,0.0,253.67200000000003,0.0,0
46939,-2.0460000000000003,75.586,0.5,0.0,-1.5130000000000001,343.1754,159.9,74.5,5.742,0,1.0,-0.20500000000000002,310.005,3.629,34.29,0.0,254.453,0.0,0
46939,-2.0460000000000003,75.586,0.0,0.0,-1.331,344.5776,120.9,65.9,5.742,0,0.0,-0.16,310.005,0.9238000000000001,33.75,0.0,255.137,0.0,0
46939,-1.5350000000000001,75.586,0.0,0.0,-1.3920000000000001,345.8589,121.0,57.7,5.742,0,1.0,-0.145,310.14000000000004,1.4846000000000001,33.660000000000004,0.0,255.762,0.0,0
46939,-1.5350000000000001,75.586,0.0,0.0,-1.1500000000000001,346.9393,121.0,48.300000000000004,5.737,0,2.0,-0.185,310.14000000000004,6.334300000000001,34.26,0.0,256.289,0.0,0
46939,-1.705,75.586,0.0,0.0,-1.21,347.82,79.2,40.4,5.742,0,0.0,-0.18,310.005,-1.5836000000000001,35.4,0.0,256.719,0.0,0
46939,-1.5350000000000001,75.586,-0.5,0.0,-1.1500000000000001,348.5729,79.2,32.300000000000004,5.742,0,2.0,-0.16,310.005,-5.938400000000001,36.24,0.0,257.09000000000003,0.0,0
46939,-1.8760000000000001,75.586,0.0,0.0,-1.2710000000000001,349.12690000000003,38.6,23.900000000000002,5.742,0,0.0,-0.145,310.005,-1.4846000000000001,36.54,0.0,257.363,0.0,0
46939,-1.5350000000000001,75.586,0.5,0.0,-1.2710000000000001,349.5246,40.6,16.7,5.742,0,0.0,-0.02,310.14000000000004,2.7713,36.0,0.0,257.559,0.0,0
46939,-1.5350000000000001,75.586,-0.5,0.0,-1.21,349.80060000000003,38.5,11.4,5.742,0,2.0,-0.19,310.005,3.1672000000000002,35.64,0.0,257.695,0.0,0
46939,-1.5350000000000001,75.586,0.0,0.0,-2.057,349.9589,0.0,6.6000000000000005,5.742,0,0.0,-0.17500000000000002,310.14000000000004,1.9795,35.7,0.0,257.773,0.0,0
46939,-1.5350000000000001,75.586,-0.5,0.0,-2.178,350.0786,38.5,3.5,5.742,0,0.0,-0.155,310.005,-2.2764,35.25,0.0,257.832,0.0,0
46939,-1.705,75.586,0.5,0.0,-1.875,350.11920000000003,0.0,1.5,5.742,0,0.0,-0.15,310.005,-3.1672000000000002,34.77,0.0,257.85200000000003,0.0,0
46939,-1.8760000000000001,75.586,0.5,0.0,-1.875,350.11920000000003,0.0,-0.2,5.742,0,0.0,-0.125,310.14000000000004,0.2639,34.17,0.0,257.85200000000003,0.0,0
46939,-2.0460000000000003,75.586,0.0,0.0,-1.875,350.0786,0.0,-0.5,5.742,0,2.0,-0.15,310.14000000000004,4.8827,34.08,0.0,257.832,0.0,0
46939,-1.5350000000000001,75.586,-0.5,0.0,-1.875,350.0786,0.0,0.0,5.742,0,0.0,-0.16,310.14000000000004,-0.8908,34.11,0.0,257.832,0.0,0
46939,-1.5350000000000001,75.586,0.0,0.0,-1.875,350.0786,0.0,-0.2,5.742,0,2.0,-0.18,310.005,-4.0909,34.11,0.0,257.832,0.0,0
46939,-1.705,75.586,0.0,0.0,-1.875,350.0786,0.0,-0.2,5.742,0,2.0,-0.115,310.005,-0.6928000000000001,34.92,0.0,257.832,0.0,0
46939,-1.705,75.586,0.5,0.0,-1.875,350.0786,0.0,0.0,5.742,0,0.0,0.28,309.915,-3.6950000000000003,36.09,0.0,257.832,0.0,0
46939,-1.705,75.586,0.5,0.0,-1.875,350.0786,0.0,0.2,5.747,0,1.0,0.8200000000000001,310.005,1.0557,36.75,0.0,257.832,0.0,0
46939,-1.8760000000000001,75.586,0.0,0.0,-1.875,350.0786,0.0,0.0,5.767,0,1.0,0.685,310.005,2.7713,36.72,0.0,257.832,0.0,0
46939,-2.217,75.586,0.5,0.0,-1.875,350.0786,0.0,0.2,5.7860000000000005,0,0.0,0.785,310.005,-0.5938,36.480000000000004,0.0,257.832,0.0,0
46939,-1.5350000000000001,75.586,0.0,0.0,-1.875,350.0786,0.0,0.0,5.806,0,2.0,1.03,310.14000000000004,1.1877,35.910000000000004,0.0,257.832,0.0,0
46939,-1.5350000000000001,75.586,0.0,0.0,-1.875,350.0786,0.0,0.0,5.811,0,1.0,1.0,310.14000000000004,1.3609,35.88,0.0,257.832,0.0,0
46939,-1.5350000000000001,75.586,0.5,0.0,-1.875,350.0786,0.0,0.0,5.83,0,2.0,1.1400000000000001,310.005,0.19790000000000002,35.61,0.0,257.832,0.0,0
46939,-1.364,75.586,0.0,0.0,-1.875,350.0786,0.0,0.0,5.8500000000000005,0,0.0,1.415,309.915,-2.4908,34.92,0.0,257.832,0.0,0
46939,-1.705,75.586,0.0,0.0,-1.875,350.0786,0.0,-0.2,5.869000000000001,0,2.0,1.59,309.915,-3.5218000000000003,34.56,0.0,257.832,0.0,0
46939,-1.5350000000000001,75.586,0.0,0.0,-1.875,350.0786,0.0,0.0,5.889,0,1.0,1.57,310.005,1.7155,34.95,0.0,257.832,0.0,0
46939,-1.5350000000000001,75.586,0.0,0.0,-1.875,350.0786,0.0,0.2,5.908,0,1.0,1.795,310.14000000000004,2.5486,35.28,0.0,257.832,0.0,0
46939,-1.5350000000000001,75.586,0.0,0.0,-1.875,350.0786,0.0,0.0,5.928,0,1.0,1.77,310.005,2.029,35.01,0.0,257.832,0.0,0
46939,-1.8760000000000001,75.586,0.0,0.0,-1.875,350.0786,0.0,0.0,5.947,0,1.0,1.75,309.915,-2.6228000000000002,35.61,0.0,257.832,0.0,0
46939,-1.8760000000000001,75.586,0.0,0.0,-1.875,350.0786,0.0,0.0,5.9670000000000005,0,2.0,1.745,310.14000000000004,-4.1569,35.97,0.0,257.832,0.0,0
46939,-1.364,75.586,0.0,0.0,-1.875,350.0786,0.0,-0.2,5.986000000000001,0,1.0,1.595,310.14000000000004,3.6043000000000003,36.15,0.0,257.832,0.0,0
46939,-2.217,75.586,0.0,0.0,-1.875,350.0786,0.0,0.0,6.006,0,0.0,1.375,310.005,3.1507,35.97,0.0,257.832,0.0,0
46939,-1.364,75.586,0.0,0.0,-1.875,350.0786,0.0,0.0,6.03,0,2.0,1.32,310.14000000000004,-0.3052,36.84,0.0,257.832,0.0,0
46939,-1.705,75.586,-0.5,0.0,-1.875,350.0786,0.0,0.0,6.050000000000001,0,1.0,1.1500000000000001,310.005,0.0247,36.72,0.0,257.832,0.0,0
46939,-1.5350000000000001,75.586,0.0,0.0,-1.875,350.0786,0.0,0.0,6.069,0,1.0,1.205,310.005,-1.1629,36.57,0.0,257.832,0.0,0
46939,-1.8760000000000001,75.586,0.5,0.0,-1.875,350.0786,0.0,0.0,6.089,0,2.0,1.095,310.14000000000004,-2.7713,36.45,0.0,257.832,0.0,0
46939,-1.5350000000000001,75.586,0.0,0.0,-1.875,350.0786,0.0,-0.2,6.113,0,1.0,1.05,310.005,0.6186,36.21,0.0,257.832,0.0,0
46939,-1.5350000000000001,75.586,0.5,0.0,-1.875,350.0786,0.0,0.0,6.133,0,2.0,1.03,310.005,-2.3094,35.43,0.0,257.832,0.0,0
46939,-1.705,75.586,0.0,0.0,-1.875,350.0786,0.0,0.2,6.152,0,2.0,1.06,310.005,-2.9692000000000003,34.86,0.0,257.832,0.0,0
46939,-1.8760000000000001,75.586,-0.5,0.0,-1.875,350.0786,0.0,0.0,6.172000000000001,0,0.0,1.175,310.14000000000004,3.4723,34.56,0.0,257.832,0.0,0
46939,-1.364,75.586,0.0,0.0,-1.875,350.0786,0.0,0.0,6.191000000000001,0,2.0,1.235,310.14000000000004,3.8517,34.05,0.0,257.832,0.0,0
46939,-1.705,75.586,0.0,0.0,-1.875,350.0786,0.0,0.0,6.211,0,2.0,1.305,310.23,3.8517,34.77,0.0,257.832,0.0,0
46939,-1.705,75.586,0.0,0.0,-1.875,350.0786,0.0,0.0,6.23,0,0.0,1.46,309.915,-3.7445000000000004,35.97,0.0,257.832,0.0,0
46939,-1.5350000000000001,75.586,-0.5,0.0,-1.875,350.0786,0.0,0.0,6.25,0,3.0,1.59,310.005,-3.1424000000000003,37.17,0.0,257.832,0.0,0
46939,-1.705,75.586,0.0,0.0,-1.875,350.0786,0.0,0.0,6.2700000000000005,0,2.0,1.68,310.005,-2.8125,37.35,0.0,257.832,0.0,0
46939,-1.705,75.586,0.0,0.0,-1.875,350.0786,0.0,0.0,6.289000000000001,0,2.0,1.745,310.005,0.4454,36.72,0.0,257.832,0.0,0
46939,-1.364,75.586,0.5,0.0,-1.875,350.0786,0.0,0.0,6.289000000000001,0,2.0,1.72,310.005,-0.5938,36.69,0.0,257.832,0.0,0
46939,-2.0460000000000003,75.586,-0.5,0.0,-1.875,350.0786,0.0,0.0,6.309,0,3.0,1.85,310.005,0.39590000000000003,35.97,0.0,257.832,0.0,0
46939,-1.5350000000000001,75.586,-0.5,0.0,-1.875,350.0786,0.0,0.0,6.333,0,1.0,1.8,310.005,-1.5836000000000001,35.550000000000004,0.0,257.832,0.0,0
46939,-2.0460000000000003,75.586,0.0,0.0,-1.875,350.0786,0.0,0.0,6.353000000000001,0,2.0,1.69,310.005,0.0,36.15,0.0,257.832,0.0,0
46939,-1.705,75.586,0.0,0.0,-1.875,350.0786,0.0,0.0,6.372,0,2.0,1.705,310.005,1.5836000000000001,35.94,0.0,257.832,0.0,0
46939,-1.8760000000000001,75.586,0.0,0.0,-1.875,350.0786,0.0,0.0,6.392,0,1.0,1.655,310.005,-0.39590000000000003,35.160000000000004,0.0,257.832,0.0,0
46939,-2.0460000000000003,75.586,0.0,0.0,-1.875,350.0786,0.0,0.0,6.4110000000000005,0,1.0,1.42,310.005,-1.0557,34.83,0.0,257.832,0.0,0
46939,-2.0460000000000003,75.586,0.0,0.0,-1.875,350.0786,0.0,0.0,6.436,0,1.0,1.225,310.14000000000004,5.4106000000000005,34.08,0.0,257.832,0.0,0
46939,-1.8760000000000001,75.586,0.5,0.0,-1.875,350.0786,0.0,0.0,6.455,0,1.0,1.205,310.005,0.7918000000000001,34.08,0.0,257.832,0.0,0
46939,-1.705,75.586,0.0,0.0,-1.875,350.0786,0.0,0.0,6.4750000000000005,0,1.0,1.1300000000000001,310.005,-3.1672000000000002,34.89,0.0,257.832,0.0,0
46939,-1.5350000000000001,75.586,0.5,0.0,-1.875,350.0786,0.0,0.0,6.494000000000001,0,1.0,0.9400000000000001,310.14000000000004,1.5836000000000001,36.0,0.0,257.832,0.0,0
46939,-1.5350000000000001,75.586,0.0,0.0,-1.875,350.0786,0.0,0.0,6.519,0,1.0,0.84,310.14000000000004,5.5425,37.17,0.0,257.832,0.0,0
46939,-1.5350000000000001,75.586,0.5,0.0,-1.875,350.0786,0.0,0.0,6.538,0,1.0,0.86,310.005,-2.3754,37.35,0.0,257.832,0.0,0
46939,-1.705,75.586,0.0,0.0,-1.875,350.0786,0.0,0.0,6.558000000000001,0,1.0,0.84,310.005,-5.938400000000001,36.84,0.0,257.832,0.0,0
46939,-1.705,75.586,-0.5,0.0,-1.875,350.0786,0.0,0.0,6.577,0,1.0,0.81,310.14000000000004,1.5836000000000001,36.300000000000004,0.0,257.832,0.0,0
46939,-1.5350000000000001,75.586,0.0,0.0,-1.875,350.0786,0.0,0.0,6.597,0,1.0,0.8300000000000001,310.005,0.7918000000000001,36.24,0.0,257.832,0.0,0
46939,-1.705,75.586,0.0,0.0,-1.875,350.0786,0.0,0.0,6.6160000000000005,0,0.0,0.77,310.005,-1.5836000000000001,36.09,0.0,257.832,0.0,0
46939,-1.5350000000000001,75.586,0.0,0.0,-1.875,350.0786,0.0,0.0,6.636,0,3.0,0.985,310.005,-1.1877,35.97,0.0,257.832,0.0,0
46939,-1.705,75.586,-0.5,0.0,-1.875,350.0786,0.0,0.0,6.655,0,2.0,1.045,310.005,-2.3754,35.19,0.0,257.832,0.0,0
46939,-1.8760000000000001,75.586,-0.5,0.0,-1.875,350.0786,0.0,0.0,6.675000000000001,0,1.0,1.12,310.14000000000004,0.132,34.800000000000004,0.0,257.832,0.0,0
46939,-1.5350000000000001,75.586,0.0,0.0,-1.875,350.0786,0.0,0.0,6.694,0,3.0,1.31,309.915,-1.5176,33.99,0.0,257.832,0.0,0
46939,-1.705,75.586,0.0,0.0,-1.875,350.0786,0.0,0.0,6.714,0,0.0,1.475,309.915,-4.486800000000001,34.230000000000004,0.0,257.832,0.0,0
46939,-1.8760000000000001,75.586,0.5,0.0,-1.875,350.0786,0.0,0.0,6.7330000000000005,0,2.0,1.44,309.915,-4.8497,35.82,0.0,257.832,0.0,0
46939,-1.8760000000000001,75.586,0.5,0.0,-1.875,350.0786,0.0,0.0,6.753,0,2.0,1.595,310.005,4.0909,36.69,0.0,257.832,0.0,0
46939,-1.8760000000000001,75.586,-0.5,0.0,-1.875,350.0786,0.0,0.0,6.772,0,1.0,1.635,310.005,3.1012,37.89,0.0,257.832,0.0,0
46939,-1.5350000000000001,75.586,-0.5,0.0,-1.875,350.0786,0.0,0.0,6.777,0,1.0,1.56,310.005,2.6888,37.980000000000004,0.0,257.832,0.0,0
46939,-1.5350000000000001,75.586,-0.5,0.0,-1.875,350.0786,0.0,0.0,6.797000000000001,0,2.0,1.605,310.005,-0.7423000000000001,37.53,0.0,257.832,0.0,0
46939,-1.5350000000000001,75.586,0.0,0.0,-1.875,350.0786,0.0,0.0,6.816000000000001,0,1.0,1.5,310.005,0.0,36.42,0.0,257.832,0.0,0
46939,-1.5350000000000001,75.586,0.0,0.0,-1.875,350.0786,0.0,0.0,6.836,0,1.0,1.3800000000000001,310.005,0.066,35.7,0.0,257.832,0.0,0
46939,-1.5350000000000001,75.586,0.5,0.0,-1.875,350.0786,0.0,0.0,6.86,0,3.0,1.32,309.915,-2.029,36.03,0.0,257.832,0.0,0
46939,-1.5350000000000001,75.586,-0.5,0.0,-1.875,350.0786,0.0,0.0,6.88,0,1.0,1.145,309.915,-5.3281,36.33,0.0,257.832,0.0,0
46939,-1.5350000000000001,75.586,0.0,0.0,-1.875,350.0786,0.0,0.0,6.899,0,1.0,0.96,310.005,2.1609000000000003,36.15,0.0,257.832,0.0,0
46939,-1.5350000000000001,75.586,-0.5,0.0,-1.875,350.0786,0.0,0.0,6.9190000000000005,0,3.0,0.87,310.005,4.4043,35.7,0.0,257.832,0.0,0
46939,-1.5350000000000001,75.586,-0.5,0.0,-1.875,350.0786,0.0,0.0,6.9430000000000005,0,0.0,0.835,310.005,-1.0062,34.68,0.0,257.832,0.0,0
46939,-1.705,75.586,0.5,0.0,-1.875,350.0786,0.0,0.0,6.963,0,2.0,0.805,310.005,-0.132,33.99,0.0,257.832,0.0,0
46939,-1.5350000000000001,75.586,-0.5,0.0,-1.875,350.0786,0.0,0.0,6.982,0,2.0,0.845,310.005,1.1877,33.93,0.0,257.832,0.0,0
46939,-1.705,75.586,0.0,0.0,-1.875,350.0786,0.0,0.0,7.002000000000001,0,0.0,0.9500000000000001,310.14000000000004,0.767,34.11,0.0,257.832,0.0,0
46939,-1.5350000000000001,75.586,-0.5,0.0,-1.875,350.0786,0.0,0.0,7.021,0,1.0,1.11,310.005,1.3856000000000002,35.94,0.0,257.832,0.0,0
46939,-1.364,75.586,-0.5,0.0,-1.875,350.0786,0.0,0.0,7.041,0,1.0,1.22,309.915,-2.8207,37.77,0.0,257.832,0.0,0
46939,-1.705,75.586,0.5,0.0,-1.875,350.0786,0.0,0.0,7.061,0,2.0,1.405,310.005,-3.8930000000000002,37.17,0.0,257.832,0.0,0
46939,-1.705,75.586,0.0,0.0,-1.875,350.0786,0.0,0.0,7.08,0,2.0,1.48,310.005,3.1012,36.72,0.0,257.832,0.0,0
46939,-1.5350000000000001,75.586,0.0,0.0,-1.875,350.0786,0.0,0.0,7.1000000000000005,0,1.0,1.605,310.005,0.5773,35.88,0.0,257.832,0.0,0
46939,-1.364,75.586,0.0,0.0,-1.875,350.0786,0.0,0.0,7.119000000000001,0,1.0,1.645,310.14000000000004,-1.5423,35.64,0.0,257.832,0.0,0
46939,-1.8760000000000001,75.586,0.5,0.0,-1.875,350.0786,0.0,0.0,7.139,0,1.0,1.86,310.005,4.7507,35.13,0.0,257.832,0.0,0
46939,-1.8760000000000001,75.586,0.5,0.0,-1.875,350.0786,0.0,0.0,7.139,0,1.0,1.67,310.005,4.486800000000001,35.160000000000004,0.0,257.832,0.0,0
46939,-1.705,75.586,-0.5,0.0,-1.875,350.0786,0.0,0.0,7.158,0,2.0,1.67,310.005,-2.3754,34.83,0.0,257.832,0.0,0
46939,-1.8760000000000001,75.586,0.0,0.0,-1.875,350.0786,0.0,0.0,7.183000000000001,0,1.0,1.7,310.005,-5.0147,34.17,0.0,257.832,0.0,0
46939,-1.5350000000000001,75.586,-0.5,0.0,-1.875,350.0786,0.0,0.0,7.202,0,2.0,1.61,310.005,3.4311000000000003,33.87,0.0,257.832,0.0,0
46939,-1.705,75.586,0.0,0.0,-1.875,350.0786,0.0,0.0,7.222,0,1.0,1.6400000000000001,310.14000000000004,3.1672000000000002,33.93,0.0,257.832,0.0,0
46939,-1.705,75.586,0.5,0.0,-1.875,350.0786,0.0,0.0,7.2410000000000005,0,1.0,1.51,310.14000000000004,0.6928000000000001,34.47,0.0,257.832,0.0,0
46939,-1.8760000000000001,75.586,0.5,0.0,-1.875,350.0786,0.0,0.0,7.261,0,2.0,1.495,309.915,-2.5073000000000003,34.5,0.0,257.832,0.0,0
46939,-1.705,75.586,0.0,0.0,-1.875,350.0786,0.0,0.0,7.285,0,1.0,1.325,310.14000000000004,-3.6950000000000003,34.86,0.0,257.832,0.0,0
46939,-2.5580000000000003,75.586,-0.5,0.0,-1.875,350.0786,0.0,0.0,7.305000000000001,0,2.0,1.25,310.14000000000004,0.9238000000000001,35.910000000000004,0.0,257.832,0.0,0
46939,-1.8760000000000001,75.586,-0.5,0.0,-1.875,350.0786,0.0,0.0,7.324000000000001,0,0.0,1.19,309.915,0.5279,36.09,0.0,257.832,0.0,0
46939,-2.387,75.586,0.0,0.0,-1.875,350.0786,0.0,0.0,7.344,0,2.0,1.1500000000000001,310.005,-4.486800000000001,36.09,0.0,257.832,0.0,0
46939,-1.364,75.586,0.5,0.0,-1.875,350.0786,0.0,0.0,7.363,0,2.0,1.095,310.005,-0.4289,36.36,0.0,257.832,0.0,0
46939,-2.0460000000000003,75.586,-0.5,0.0,-1.875,350.0786,0.0,0.0,7.388000000000001,0,0.0,1.01,309.915,0.2639,35.88,0.0,257.832,0.0,0
46939,-1.705,75.586,0.0,0.0,-1.875,350.0786,0.0,0.0,7.407,0,3.0,1.135,309.915,0.066,36.03,0.0,257.832,0.0,0
46939,-2.217,75.586,0.0,0.0,-1.875,350.0786,0.0,0.0,7.4270000000000005,0,1.0,1.155,309.915,1.4516,35.61,0.0,257.832,0.0,0
46939,-1.364,75.586,0.5,0.0,-1.875,350.0786,0.0,0.0,7.446000000000001,0,1.0,1.26,310.14000000000004,2.4743,34.5,0.0,257.832,0.0,0
46939,-2.217,75.586,0.5,0.0,-1.875,350.0786,0.0,0.0,7.466,0,1.0,1.35,310.14000000000004,6.5982,34.05,0.0,257.832,0.0,0
46939,-1.705,75.586,0.5,0.0,-1.875,350.0786,0.0,0.0,7.485,0,2.0,1.37,310.005,0.9897,34.11,0.0,257.832,0.0,0
46939,-2.387,75.586,0.5,0.0,-1.875,350.0786,0.0,0.0,7.505000000000001,0,2.0,1.51,310.005,-3.9589000000000003,34.38,0.0,257.832,0.0,0
46939,-1.364,75.586,-0.5,0.0,-1.875,350.0786,0.0,0.0,7.505000000000001,0,2.0,1.495,310.14000000000004,-3.1672000000000002,34.47,0.0,257.832,0.0,0
46939,-1.705,75.586,0.0,0.0,-1.875,350.0786,0.0,0.0,7.524,0,1.0,1.725,310.005,0.42060000000000003,35.1,0.0,257.832,0.0,0
46939,-1.0230000000000001,75.586,0.0,0.0,-1.875,350.0786,0.0,0.0,7.5440000000000005,0,2.0,1.815,310.005,-0.19790000000000002,35.61,0.0,257.832,0.0,0
46939,-1.0230000000000001,75.586,0.0,0.0,-1.875,350.0786,0.0,0.0,7.563000000000001,0,1.0,1.8800000000000001,310.005,-1.9795,36.12,0.0,257.832,0.0,0
46939,-1.0230000000000001,75.586,-0.5,0.0,-1.875,350.0786,0.0,0.0,7.583,0,2.0,1.87,309.915,-3.0847,36.6,0.0,257.832,0.0,0
46939,-1.364,75.586,0.5,0.0,-1.875,350.0786,0.0,0.0,7.603000000000001,0,0.0,1.92,310.005,0.6186,35.85,0.0,257.832,0.0,0
46939,-1.0230000000000001,75.586,0.0,0.0,-1.875,350.0786,0.0,0.0,7.627000000000001,0,1.0,1.9000000000000001,310.14000000000004,2.8125,36.03,0.0,257.832,0.0,0
46939,-1.0230000000000001,75.586,0.0,0.0,-1.875,350.0786,0.0,0.0,7.646000000000001,0,2.0,1.7750000000000001,309.915,-1.5671000000000002,35.730000000000004,0.0,257.832,0.0,0
46939,-1.364,75.586,0.0,0.0,-1.875,350.0786,0.0,0.0,7.666,0,1.0,1.645,310.14000000000004,-0.6186,34.800000000000004,0.0,257.832,0.0,0
46939,-1.364,75.586,0.0,0.0,-1.875,350.0786,0.0,0.0,7.686,0,2.0,1.435,310.005,0.6598,33.81,0.0,257.832,0.0,0
46939,-1.364,75.586,0.5,0.0,-1.875,350.0786,0.0,0.0,7.705,0,1.0,1.345,310.14000000000004,1.6083,33.93,0.0,257.832,0.0,0
46939,-0.682,75.586,-0.5,0.0,-1.875,350.0786,0.0,0.0,7.729,0,2.0,1.185,309.915,-4.0744,34.29,0.0,257.832,0.0,0
46939,-1.5350000000000001,75.586,0.0,0.0,-1.875,350.0786,0.0,0.0,7.7490000000000006,0,3.0,1.07,310.005,-1.3196,34.38,0.0,257.832,0.0,0
46939,-1.8760000000000001,75.586,0.5,0.0,-1.875,350.0786,0.0,0.0,7.769,0,2.0,1.085,310.14000000000004,0.8330000000000001,35.01,0.0,257.832,0.0,0
46939,-0.682,75.586,-0.5,0.0,-1.875,350.0786,0.0,0.0,7.788,0,1.0,1.09,310.005,5.526000000000001,35.88,0.0,257.832,0.0,0
46939,-0.682,75.586,0.0,0.0,-1.875,350.0786,0.0,0.0,7.808000000000001,0,2.0,1.095,309.915,-1.5176,36.03,0.0,257.832,0.0,0
46939,-1.194,75.586,0.0,0.0,-1.875,350.0786,0.0,0.0,7.832000000000001,0,2.0,1.195,310.005,-6.375500000000001,35.43,0.0,257.832,0.0,0
46939,-1.705,75.586,0.5,0.0,-1.875,350.0786,0.0,0.0,7.852,0,1.0,1.26,310.005,-0.1072,35.94,0.0,257.832,0.0,0
46939,-0.341,75.586,0.5,0.0,-1.875,350.0786,0.0,0.0,7.871,0,2.0,1.335,310.14000000000004,4.7755,36.12,0.0,257.832,0.0,0
46939,-0.512,75.586,0.0,0.0,-1.875,350.0786,0.0,0.0,7.891,0,2.0,1.5050000000000001,310.005,4.1569,36.9,0.0,257.832,0.0,0
46939,-0.853,75.586,-0.5,0.0,-1.875,350.0786,0.0,0.0,7.91,0,1.0,1.645,310.005,0.0,36.69,0.0,257.832,0.0,0
46939,-1.364,75.586,0.5,0.0,-1.875,350.0786,0.0,0.0,7.930000000000001,0,2.0,1.795,310.14000000000004,0.46190000000000003,35.550000000000004,0.0,257.832,0.0,0
46939,-0.171,75.586,0.5,0.0,-1.875,350.0786,0.0,0.0,7.949000000000001,0,1.0,1.955,310.005,3.4971,35.160000000000004,0.0,257.832,0.0,0
46939,-0.512,75.586,0.0,0.0,-1.875,350.0786,0.0,0.0,7.969,0,1.0,2.125,310.005,-1.3856000000000002,34.68,0.0,257.832,0.0,0
46939,-1.0230000000000001,75.586,0.0,0.0,-1.875,350.0786,0.0,0.0,7.988,0,2.0,2.025,310.14000000000004,-2.1774,33.660000000000004,0.0,257.832,0.0,0
46939,-1.0230000000000001,75.586,0.5,0.0,-1.875,350.0786,0.0,0.0,8.008000000000001,0,1.0,1.9100000000000001,310.14000000000004,1.5836000000000001,33.75,0.0,257.832,0.0,0
46939,0.0,75.586,0.0,0.0,-1.875,350.0786,0.0,0.0,8.027000000000001,0,2.0,1.9100000000000001,310.005,-2.1774,34.11,0.0,257.832,0.0,0
46939,-0.171,75.586,-0.5,0.0,-1.875,350.0786,0.0,0.0,8.047,0,2.0,1.805,310.005,-4.1981,34.980000000000004,0.0,257.832,0.0,0
46939,-0.853,75.586,0.5,0.0,-1.875,350.0786,0.0,0.0,8.066,0,0.0,1.73,310.14000000000004,-1.1217000000000001,36.18,0.0,257.832,0.0,0
46939,-1.0230000000000001,75.586,-0.5,0.0,-1.875,350.0786,0.0,0.0,8.091000000000001,0,0.0,1.53,310.005,1.5176,36.78,0.0,257.832,0.0,0
46939,0.682,75.586,-0.5,0.0,-1.875,350.0786,0.0,0.0,8.110000000000001,0,1.0,1.425,310.005,0.8578,36.33,0.0,257.832,0.0,0
46939,-1.364,75.586,0.0,0.0,-1.875,350.0786,0.0,0.0,8.110000000000001,0,1.0,1.385,310.005,0.7918000000000001,36.27,0.0,257.832,0.0,0
46939,-4.604,75.586,-0.5,0.0,-1.875,350.0786,0.0,0.0,8.135,0,1.0,1.26,309.915,-4.6188,35.67,0.0,257.832,0.0,0
46939,-0.512,75.586,0.0,0.0,-1.875,350.0786,0.0,0.0,8.154,0,1.0,1.05,309.915,0.8578,35.61,0.0,257.832,0.0,0
46939,-6.3100000000000005,75.586,0.0,0.0,-1.875,350.0786,0.0,0.0,8.174000000000001,0,1.0,0.9500000000000001,310.005,0.39590000000000003,36.03,0.0,257.832,0.0,0
46939,-1.5350000000000001,75.586,0.0,0.0,-1.875,350.0786,0.0,0.0,8.193,0,2.0,0.85,310.005,-1.1217000000000001,36.45,0.0,257.832,0.0,0
46939,-4.775,75.586,0.5,0.0,-1.875,350.0786,0.0,0.0,8.218,0,2.0,0.925,309.915,0.2639,35.910000000000004,0.0,257.832,0.0,0
46939,-0.341,75.586,0.0,0.0,-1.875,350.0786,0.0,0.0,8.237,0,1.0,0.9,310.005,1.0557,34.83,0.0,257.832,0.0,0
46939,-6.3100000000000005,75.586,0.5,0.0,-1.875,350.0786,0.0,0.0,8.257,0,2.0,0.9550000000000001,310.005,0.7918000000000001,34.26,0.0,257.832,0.0,0
46939,-1.705,75.586,0.0,0.0,-1.875,350.0786,0.0,0.0,8.276,0,1.0,0.9450000000000001,310.005,0.9897,33.45,0.0,257.832,0.0,0
46939,-5.1160000000000005,75.586,-0.5,0.0,-1.875,350.0786,0.0,0.0,8.296000000000001,0,2.0,1.18,310.005,0.0,34.08,0.0,257.832,0.0,0
46939,0.0,75.586,0.5,0.0,-1.875,350.0786,0.0,0.0,8.315000000000001,0,2.0,1.325,310.005,0.0,35.7,0.0,257.832,0.0,0
46939,-6.3100000000000005,75.586,0.5,0.0,-1.875,350.0786,0.0,0.0,8.335,0,1.0,1.42,310.14000000000004,2.7713,37.26,0.0,257.832,0.0,0
46939,-1.5350000000000001,75.586,0.5,0.0,-1.875,350.0786,0.0,0.0,8.354000000000001,0,2.0,1.455,309.915,-0.19790000000000002,37.410000000000004,0.0,257.832,0.0,0
46939,-4.945,75.586,-0.5,0.0,-1.875,350.0786,0.0,0.0,8.374,0,1.0,1.575,310.005,0.0,37.53,0.0,257.832,0.0,0
46939,-0.171,75.586,0.0,0.0,-1.875,350.0786,0.0,0.0,8.394,0,1.0,1.735,310.005,-0.9567,36.39,0.0,257.832,0.0,0
46939,-4.093,75.586,0.5,0.0,-1.875,350.0786,0.0,0.0,8.413,0,1.0,1.67,310.005,3.1672000000000002,36.09,0.0,257.832,0.0,0
46939,-1.705,75.586,0.5,0.0,-1.875,350.0786,0.0,0.0,8.433,0,1.0,1.7650000000000001,310.005,2.3754,36.33,0.0,257.832,0.0,0
46939,-4.093,75.586,0.0,0.0,-1.875,350.0786,0.0,0.0,8.452,0,2.0,1.74,310.23,1.7155,36.6,0.0,257.832,0.0,0
46939,-0.853,75.586,0.5,0.0,-1.875,350.0786,0.0,0.0,8.472,0,2.0,1.7,310.14000000000004,3.596,36.0,0.0,257.832,0.0,0
46939,-2.217,75.586,0.0,0.0,-1.875,350.0786,0.0,0.0,8.496,0,1.0,1.665,310.14000000000004,4.3548,35.34,0.0,257.832,0.0,0
46939,-1.5350000000000001,75.586,0.0,0.0,-1.875,350.0786,0.0,0.0,8.516,0,2.0,1.465,310.14000000000004,-0.9897,34.08,0.0,257.832,0.0,0
46939,-1.5350000000000001,75.586,0.0,0.0,-1.875,350.0786,0.0,0.0,8.535,0,1.0,1.5250000000000001,310.005,-5.1466,32.94,0.0,257.832,0.0,0
46939,-1.364,75.586,-0.5,0.0,-1.875,350.0786,0.0,0.0,8.555,0,0.0,1.285,309.915,-1.6826,33.81,0.0,257.832,0.0,0
46939,-1.8760000000000001,75.586,0.0,0.0,-1.875,350.0786,0.0,0.0,8.574,0,1.0,1.285,310.005,-1.5836000000000001,36.09,0.0,257.832,0.0,0
46939,-1.8760000000000001,75.586,0.0,0.0,-1.875,350.0786,0.0,0.0,8.599,0,1.0,1.245,310.005,-5.0147,36.87,0.0,257.832,0.0,0
46939,-1.705,75.586,0.0,0.0,-1.875,350.0786,0.0,0.0,8.618,0,2.0,1.115,309.915,-3.563,38.01,0.0,257.832,0.0,0
46939,-1.5350000000000001,75.586,0.5,0.0,-1.875,350.0786,0.0,0.0,8.638,0,2.0,1.1500000000000001,310.005,2.9032,37.5,0.0,257.832,0.0,0
46939,-1.5350000000000001,75.586,0.0,0.0,-1.875,350.0786,0.0,0.0,8.657,0,1.0,1.065,310.14000000000004,3.9589000000000003,36.6,0.0,257.832,0.0,0
46939,-1.8760000000000001,75.586,-0.5,0.0,-1.875,350.0786,0.0,0.0,8.677,0,1.0,0.96,310.005,0.19790000000000002,35.79,0.0,257.832,0.0,0
46939,-1.5350000000000001,75.586,-0.5,0.0,-1.875,350.0786,0.0,0.0,8.696,0,1.0,1.1,310.005,2.1114,35.52,0.0,257.832,0.0,0
46939,-1.5350000000000001,75.586,0.5,0.0,-1.875,350.0786,0.0,0.0,8.716000000000001,0,0.0,1.12,310.005,-1.4846000000000001,35.88,0.0,257.832,0.0,0
46939,-1.364,75.586,-0.5,0.0,-1.875,350.0786,0.0,0.0,8.735000000000001,0,2.0,1.335,310.005,-1.9795,35.76,0.0,257.832,0.0,0
46939,-1.194,75.586,0.5,0.0,-1.875,350.0786,0.0,0.0,8.755,0,2.0,1.475,310.005,-1.5836000000000001,35.4,0.0,257.832,0.0,0
46939,-1.5350000000000001,75.586,-0.5,0.0,-1.875,350.0786,0.0,0.0,8.774000000000001,0,1.0,1.6300000000000001,310.14000000000004,4.486800000000001,34.92,0.0,257.832,0.0,0
46939,-1.5350000000000001,75.586,-0.5,0.0,-1.875,350.0786,0.0,0.0,8.799000000000001,0,2.0,1.76,309.915,3.2331000000000003,33.93,0.0,257.832,0.0,0
46939,-1.705,75.586,0.5,0.0,-1.875,350.0786,0.0,0.0,8.818,0,2.0,1.79,310.14000000000004,-2.1114,34.47,0.0,257.832,0.0,0
46939,-1.364,75.586,-0.5,0.0,-1.875,350.0786,0.0,0.0,8.838000000000001,0,0.0,1.84,310.14000000000004,-1.3196,35.04,0.0,257.832,0.0,0
46939,-1.5350000000000001,75.586,0.0,0.0,-1.875,350.0786,0.0,0.0,8.838000000000001,0,1.0,1.725,310.14000000000004,0.066,35.1,0.0,257.832,0.0,0
46939,-1.705,75.586,0.5,0.0,-1.875,350.0786,0.0,0.0,8.857000000000001,0,0.0,1.605,310.14000000000004,6.2271,35.94,0.0,257.832,0.0,0
46939,-1.5350000000000001,75.586,0.5,0.0,-1.875,350.0786,0.0,0.0,8.877,0,1.0,1.51,310.005,4.1157,36.39,0.0,257.832,0.0,0
46939,-1.5350000000000001,75.586,0.0,0.0,-1.875,350.0786,0.0,0.0,8.901,0,3.0,1.55,310.005,-5.6497,36.84,0.0,257.832,0.0,0
46939,-1.5350000000000001,75.586,0.5,0.0,-1.875,350.0786,0.0,0.0,8.921000000000001,0,2.0,1.23,310.14000000000004,-1.1877,36.24,0.0,257.832,0.0,0
46939,-1.194,75.586,-0.5,0.0,-1.875,350.0786,0.0,0.0,8.940000000000001,0,0.0,1.365,309.915,5.9549,35.52,0.0,257.832,0.0,0
46939,-1.5350000000000001,75.586,0.5,0.0,-1.875,350.0786,0.0,0.0,8.96,0,2.0,1.135,310.005,-2.7878000000000003,35.28,0.0,257.832,0.0,0
46939,-1.5350000000000001,75.586,0.0,0.0,-1.875,350.0786,0.0,0.0,8.984,0,4.0,0.9,310.005,-5.3198,35.04,0.0,257.832,0.0,0
46939,-1.5350000000000001,75.586,0.0,0.0,-1.875,350.0786,0.0,0.0,9.004,0,0.0,0.8150000000000001,310.23,4.5363,34.86,0.0,257.832,0.0,0
46939,-2.0460000000000003,75.586,-0.5,0.0,-1.875,350.0786,0.0,0.0,9.023,0,1.0,0.8,310.005,1.6496000000000002,34.86,0.0,257.832,0.0,0
46939,-1.5350000000000001,75.586,0.0,0.0,-1.875,350.0786,0.0,0.0,9.043000000000001,0,2.0,0.76,310.14000000000004,0.5031,34.68,0.0,257.832,0.0,0
46939,-1.5350000000000001,75.586,0.5,0.0,-1.875,350.0786,0.0,0.0,9.063,0,1.0,0.8250000000000001,310.005,1.7568000000000001,34.05,0.0,257.832,0.0,0
46939,-1.5350000000000001,75.586,0.0,0.0,-1.875,350.0786,0.0,0.0,9.082,0,3.0,0.92,310.005,-0.5938,34.800000000000004,0.0,257.832,0.0,0
46939,-1.5350000000000001,75.586,0.0,0.0,-1.875,350.0786,0.0,0.0,9.102,0,1.0,0.96,310.14000000000004,-2.3754,36.24,0.0,257.832,0.0,0
46939,-1.364,75.586,0.5,0.0,-1.875,350.0786,0.0,0.0,9.126000000000001,0,2.0,1.1,310.005,-0.23920000000000002,36.84,0.0,257.832,0.0,0
46939,-1.5350000000000001,75.586,0.5,0.0,-1.875,350.0786,0.0,0.0,9.146,0,2.0,1.235,310.005,-2.1114,36.39,0.0,257.832,0.0,0
46939,-1.5350000000000001,75.586,-0.5,0.0,-1.875,350.0786,0.0,0.0,9.165000000000001,0,1.0,1.185,310.005,-3.6043000000000003,36.12,0.0,257.832,0.0,0
46939,-1.5350000000000001,75.586,-0.5,0.0,-1.875,350.0786,0.0,0.0,9.185,0,1.0,1.41,310.005,-0.132,35.88,0.0,257.832,0.0,0
46939,-1.5350000000000001,75.586,0.5,0.0,-1.875,350.0786,0.0,0.0,9.204,0,1.0,1.495,310.005,1.1877,36.18,0.0,257.832,0.0,0
46939,-1.8760000000000001,75.586,0.5,0.0,-1.875,350.0786,0.0,0.0,9.224,0,1.0,1.685,310.14000000000004,-0.42060000000000003,35.82,0.0,257.832,0.0,0
46939,-1.0230000000000001,75.586,-0.5,0.0,-1.875,350.0786,0.0,0.0,9.243,0,2.0,1.71,310.005,1.5176,35.19,0.0,257.832,0.0,0
46939,-1.5350000000000001,75.586,0.5,0.0,-1.875,350.0786,0.0,0.0,9.263,0,1.0,1.58,310.005,-0.3299,34.83,0.0,257.832,0.0,0
46939,-1.364,75.586,0.0,0.0,-1.875,350.0786,0.0,0.0,9.282,0,1.0,1.57,310.005,-2.4413,34.77,0.0,257.832,0.0,0
46939,-1.364,75.586,0.0,0.0,-1.875,350.0786,0.0,0.0,9.302,0,2.0,1.52,310.005,1.4516,34.38,0.0,257.832,0.0,0
46939,-1.5350000000000001,75.586,0.0,0.0,-1.875,350.0786,0.0,0.0,9.321,0,1.0,1.3800000000000001,310.005,0.0,34.38,0.0,257.832,0.0,0
46939,-1.194,75.586,0.0,0.0,-1.875,350.0786,0.0,0.0,9.346,0,2.0,1.36,309.915,-2.2269,34.86,0.0,257.832,0.0,0
46939,-1.5350000000000001,75.586,0.0,0.0,-1.875,350.0786,0.0,0.0,9.365,0,2.0,1.2,310.005,-1.3196,35.31,0.0,257.832,0.0,0
46939,-1.5350000000000001,75.586,-0.5,0.0,-1.875,350.0786,0.0,0.0,9.385,0,2.0,1.035,310.005,5.6085,36.39,0.0,257.832,0.0,0
46939,-1.364,75.586,0.0,0.0,-1.875,350.0786,0.0,0.0,9.404,0,2.0,0.995,310.005,3.2166,36.54,0.0,257.832,0.0,0
46939,-1.364,75.586,0.0,0.0,-1.875,350.0786,0.0,0.0,9.424000000000001,0,1.0,0.855,310.005,0.2639,35.67,0.0,257.832,0.0,0
46939,-1.364,75.586,0.0,0.0,-1.875,350.0786,0.0,0.0,9.448,0,3.0,0.92,310.005,1.4929000000000001,35.4,0.0,257.832,0.0,0
46939,-1.5350000000000001,75.586,0.5,0.0,-1.875,350.0786,0.0,0.0,9.468,0,2.0,0.91,310.005,1.3856000000000002,36.06,0.0,257.832,0.0,0
46939,-1.364,75.586,0.0,0.0,-1.875,350.0786,0.0,0.0,9.487,0,0.0,0.875,310.005,-1.9547,36.300000000000004,0.0,257.832,0.0,0
46939,-1.705,75.586,0.0,0.0,-1.875,350.0786,0.0,0.0,9.507,0,3.0,1.035,310.005,-3.1012,35.910000000000004,0.0,257.832,0.0,0
46939,-1.194,75.586,0.0,0.0,-1.875,350.0786,0.0,0.0,9.507,0,3.0,1.095,310.005,-3.1672000000000002,35.79,0.0,257.832,0.0,0
46939,-1.705,75.586,-0.5,0.0,-1.875,350.0786,0.0,0.0,9.526,0,1.0,1.1,310.14000000000004,2.5073000000000003,34.800000000000004,0.0,257.832,0.0,0
46939,-1.705,75.586,0.0,0.0,-1.875,350.0786,0.0,0.0,9.546000000000001,0,2.0,1.335,310.005,1.8475000000000001,33.36,0.0,257.832,0.0,0
46939,-1.5350000000000001,75.586,0.0,0.0,-1.875,350.0786,0.0,0.0,9.565000000000001,0,2.0,1.52,310.14000000000004,3.563,32.910000000000004,0.0,257.832,0.0,0
46939,-1.705,75.586,0.0,0.0,-1.875,350.0786,0.0,0.0,9.585,0,1.0,1.56,310.005,0.6268,33.3,0.0,257.832,0.0,0
46939,-1.5350000000000001,75.586,0.5,0.0,-1.875,350.0786,0.0,0.0,9.604000000000001,0,1.0,1.76,310.005,-2.5073000000000003,34.2,0.0,257.832,0.0,0
46939,-1.364,75.586,0.5,0.0,-1.875,350.0786,0.0,0.0,9.624,0,2.0,1.71,310.005,0.099,35.46,0.0,257.832,0.0,0
46939,-1.5350000000000001,75.586,0.0,0.0,-1.875,350.0786,0.0,0.0,9.644,0,1.0,1.9100000000000001,310.14000000000004,2.3754,36.12,0.0,257.832,0.0,0
46939,-1.0230000000000001,75.586,0.0,0.0,-1.875,350.0786,0.0,0.0,9.663,0,2.0,1.98,310.14000000000004,-0.099,36.21,0.0,257.832,0.0,0
46939,-1.5350000000000001,75.586,0.0,0.0,-1.875,350.0786,0.0,0.0,9.688,0,1.0,1.845,310.14000000000004,2.7713,36.45,0.0,257.832,0.0,0
46939,-1.364,75.586,0.0,0.0,-1.875,350.0786,0.0,0.0,9.707,0,2.0,1.81,310.005,-1.4846000000000001,35.19,0.0,257.832,0.0,0
46939,-1.705,75.586,0.0,0.0,-1.875,350.0786,0.0,0.0,9.727,0,3.0,1.79,310.005,-3.9589000000000003,34.74,0.0,257.832,0.0,0
46939,-1.5350000000000001,75.586,0.5,0.0,-1.875,350.0786,0.0,0.0,9.746,0,1.0,1.645,310.14000000000004,1.5836000000000001,34.29,0.0,257.832,0.0,0
46939,-1.705,75.586,0.0,0.0,-1.875,350.0786,0.0,0.0,9.766,0,2.0,1.435,310.005,2.7713,34.11,0.0,257.832,0.0,0
46939,-1.5350000000000001,75.586,0.0,0.0,-1.875,350.0786,0.0,0.0,9.790000000000001,0,2.0,1.26,309.915,-2.5733,34.02,0.0,257.832,0.0,0
46939,-1.194,75.586,-0.5,0.0,-1.875,350.0786,0.0,0.0,9.81,0,0.0,1.2,310.005,-5.938400000000001,33.96,0.0,257.832,0.0,0
46939,-1.5350000000000001,75.586,0.5,0.0,-1.875,350.0786,0.0,0.0,9.829,0,1.0,1.03,309.915,-2.8372,33.6,0.0,257.832,0.0,0
46939,-1.5350000000000001,75.586,0.0,0.0,-1.875,350.0786,0.0,0.0,9.849,0,2.0,0.925,310.14000000000004,3.8270000000000004,33.27,0.0,257.832,0.0,0
46939,-1.364,75.586,-0.5,0.0,-1.875,350.0786,0.0,0.0,9.873000000000001,0,1.0,0.985,310.005,2.9032,33.81,0.0,257.832,0.0,0
46939,-1.5350000000000001,75.586,0.0,0.0,-1.875,350.0786,0.0,0.0,9.873000000000001,0,1.0,0.86,310.005,2.6393,33.9,0.0,257.832,0.0,0
46939,-1.364,75.586,0.5,0.0,-1.875,350.0786,0.0,0.0,9.893,0,1.0,0.805,309.825,1.0062,35.13,0.0,257.832,0.0,0
46939,-1.5350000000000001,75.586,0.5,0.0,-1.875,350.0786,0.0,0.0,9.912,0,2.0,0.85,310.14000000000004,-2.4413,36.03,0.0,257.832,0.0,0
46939,-1.364,75.586,0.5,0.0,-1.875,350.0786,0.0,0.0,9.932,0,1.0,0.905,310.14000000000004,1.1629,36.06,0.0,257.832,0.0,0
46939,-1.5350000000000001,75.586,0.0,0.0,-1.875,350.0786,0.0,0.0,9.951,0,1.0,1.1500000000000001,310.005,5.2374,35.49,0.0,257.832,0.0,0
46939,-1.5350000000000001,75.586,-0.5,0.0,-1.875,350.0786,0.0,0.0,9.971,0,2.0,1.155,310.14000000000004,0.7918000000000001,34.77,0.0,257.832,0.0,0
46939,-1.5350000000000001,75.586,0.0,0.0,-1.875,350.0786,0.0,0.0,9.99,0,1.0,1.3800000000000001,310.005,-3.8270000000000004,34.47,0.0,257.832,0.0,0
46939,-1.5350000000000001,75.586,0.0,0.0,-1.875,350.0786,0.0,0.0,10.01,0,1.0,1.5150000000000001,310.005,-0.3299,34.74,0.0,257.832,0.0,0
46939,-1.705,75.586,0.0,0.0,-1.875,350.0786,0.0,0.0,10.029,0,1.0,1.61,310.005,-0.17320000000000002,34.47,0.0,257.832,0.0,0
46939,-1.5350000000000001,75.586,0.0,0.0,-1.875,350.0786,0.0,0.0,10.049000000000001,0,1.0,1.725,310.005,-0.19790000000000002,34.47,0.0,257.832,0.0,0
46939,-1.364,75.586,0.0,0.0,-1.875,350.0786,0.0,0.0,10.068,0,2.0,1.83,310.14000000000004,0.17320000000000002,33.96,0.0,257.832,0.0,0
46939,-1.705,75.586,0.0,0.0,-1.875,350.0786,0.0,0.0,10.093,0,1.0,1.7750000000000001,310.14000000000004,3.9342,33.42,0.0,257.832,0.0,0
46939,-2.0460000000000003,75.586,0.0,0.0,-1.875,350.0786,0.0,0.0,10.112,0,2.0,1.6400000000000001,310.005,0.7918000000000001,33.0,0.0,257.832,0.0,0
46939,-1.5350000000000001,75.586,0.0,0.0,-1.875,350.0786,0.0,0.0,10.132,0,1.0,1.705,310.005,-1.9547,33.75,0.0,257.832,0.0,0
46939,-1.705,75.586,0.0,0.0,-1.875,350.0786,0.0,0.0,10.151,0,0.0,1.6,310.14000000000004,-0.7918000000000001,34.71,0.0,257.832,0.0,0
46939,-1.5350000000000001,75.586,0.5,0.0,-1.875,350.0786,0.0,0.0,10.171000000000001,0,2.0,1.595,310.005,0.0,36.03,0.0,257.832,0.0,0
46939,-1.5350000000000001,75.586,0.5,0.0,-1.875,350.0786,0.0,0.0,10.195,0,1.0,1.5,310.005,-2.6146000000000003,36.660000000000004,0.0,257.832,0.0,0
46939,-1.705,75.586,-0.5,0.0,-1.875,350.0786,0.0,0.0,10.215,0,1.0,1.355,310.005,-1.8887,36.480000000000004,0.0,257.832,0.0,0
46939,-1.0230000000000001,75.586,0.0,0.0,-1.875,350.0786,0.0,0.0,10.234,0,2.0,1.195,310.005,0.2227,34.95,0.0,257.832,0.0,0
46939,-1.5350000000000001,75.586,0.0,0.0,-1.875,350.0786,0.0,0.0,10.254000000000001,0,1.0,1.11,310.005,-2.1114,33.93,0.0,257.832,0.0,0
46939,-1.5350000000000001,75.586,0.0,0.0,-1.875,350.0786,0.0,0.0,10.273,0,2.0,1.08,310.005,-0.5938,34.08,0.0,257.832,0.0,0
46939,-1.5350000000000001,75.586,0.0,0.0,-1.875,350.0786,0.0,0.0,10.293000000000001,0,3.0,1.125,310.005,-2.9692000000000003,34.89,0.0,257.832,0.0,0
46939,-1.5350000000000001,75.586,0.5,0.0,-1.875,350.0786,0.0,0.0,10.317,0,0.0,1.115,310.005,2.2929,35.910000000000004,0.0,257.832,0.0,0
46939,-1.364,75.586,0.0,0.0,-1.875,350.0786,0.0,0.0,10.337,0,2.0,1.135,310.14000000000004,3.6703,35.79,0.0,257.832,0.0,0
46939,-1.5350000000000001,75.586,0.0,0.0,-1.875,350.0786,0.0,0.0,10.356,0,1.0,1.245,310.14000000000004,0.6186,35.04,0.0,257.832,0.0,0
46939,-1.5350000000000001,75.586,0.0,0.0,-1.875,350.0786,0.0,0.0,10.376000000000001,0,1.0,1.335,310.14000000000004,-1.1464,33.81,0.0,257.832,0.0,0
46939,-1.5350000000000001,75.586,-0.5,0.0,-1.875,350.0786,0.0,0.0,10.396,0,1.0,1.34,310.005,-0.9897,33.75,0.0,257.832,0.0,0
46939,-1.194,75.586,-0.5,0.0,-1.875,350.0786,0.0,0.0,10.415000000000001,0,1.0,1.5050000000000001,310.005,-0.17320000000000002,34.02,0.0,257.832,0.0,0
46939,-1.5350000000000001,75.586,0.5,0.0,-1.875,350.0786,0.0,0.0,10.415000000000001,0,2.0,1.55,310.005,0.099,34.08,0.0,257.832,0.0,0
46939,-1.364,75.586,0.0,0.0,-1.875,350.0786,0.0,0.0,10.435,0,0.0,1.59,310.005,-0.39590000000000003,35.58,0.0,257.832,0.0,0
46939,-1.5350000000000001,75.586,0.0,0.0,-1.875,350.0786,0.0,0.0,10.454,0,2.0,1.795,310.14000000000004,-0.099,36.09,0.0,257.832,0.0,0
46939,-1.5350000000000001,75.586,0.0,0.0,-1.875,350.0786,0.0,0.0,10.474,0,3.0,1.81,310.005,-0.7918000000000001,35.730000000000004,0.0,257.832,0.0,0
46939,-1.364,75.586,0.5,0.0,-1.875,350.0786,0.0,0.0,10.493,0,1.0,1.82,310.14000000000004,3.0682,35.13,0.0,257.832,0.0,0
46939,-1.364,75.586,0.0,0.0,-1.875,350.0786,0.0,0.0,10.518,0,2.0,1.805,309.915,-3.0352,35.07,0.0,257.832,0.0,0
46939,-1.5350000000000001,75.586,0.0,0.0,-1.875,350.0786,0.0,0.0,10.537,0,1.0,1.7550000000000001,310.14000000000004,-3.0022,35.07,0.0,257.832,0.0,0
46939,-1.194,75.586,0.5,0.0,-1.875,350.0786,0.0,0.0,10.557,0,1.0,1.645,310.005,0.9238000000000001,35.160000000000004,0.0,257.832,0.0,0
46939,-1.194,75.586,0.5,0.0,-1.875,350.0786,0.0,0.0,10.576,0,3.0,1.615,310.005,1.2537,35.52,0.0,257.832,0.0,0
46939,-1.5350000000000001,75.586,0.0,0.0,-1.875,350.0786,0.0,0.0,10.596,0,3.0,1.455,310.005,-4.7507,35.28,0.0,257.832,0.0,0
46939,-1.5350000000000001,75.586,0.0,0.0,-1.875,350.0786,0.0,0.0,10.620000000000001,0,1.0,1.37,309.915,1.3856000000000002,34.02,0.0,257.832,0.0,0
46939,-1.364,75.586,0.0,0.0,-1.875,350.0786,0.0,0.0,10.64,0,1.0,1.135,310.005,1.5836000000000001,33.93,0.0,257.832,0.0,0
46939,-1.5350000000000001,75.586,0.0,0.0,-1.875,350.0786,0.0,0.0,10.659,0,2.0,1.1400000000000001,310.005,1.3196,33.57,0.0,257.832,0.0,0
46939,-1.705,75.586,0.0,0.0,-1.875,350.0786,0.0,0.0,10.679,0,1.0,1.035,310.14000000000004,3.0352,33.96,0.0,257.832,0.0,0
46939,-1.5350000000000001,75.586,-0.5,0.0,-1.875,350.0786,0.0,0.0,10.698,0,2.0,0.98,310.005,-0.7918000000000001,35.37,0.0,257.832,0.0,0
46939,-1.0230000000000001,75.586,0.0,0.0,-1.875,350.0786,0.0,0.0,10.723,0,1.0,0.9400000000000001,310.005,0.7918000000000001,35.76,0.0,257.832,0.0,0
46939,-1.5350000000000001,75.586,0.5,0.0,-1.875,350.0786,0.0,0.0,10.742,0,2.0,0.97,309.915,-0.099,36.15,0.0,257.832,0.0,0
46939,-1.705,75.586,-0.5,0.0,-1.875,350.0786,0.0,0.0,10.762,0,1.0,1.065,309.915,-2.2434000000000003,35.76,0.0,257.832,0.0,0
46939,-1.5350000000000001,75.586,-0.5,0.0,-1.875,350.0786,0.0,0.0,10.781,0,1.0,1.045,310.005,-1.5836000000000001,35.61,0.0,257.832,0.0,0
46939,-1.364,75.586,-0.5,0.0,-1.875,350.0786,0.0,0.0,10.801,0,2.0,1.26,310.14000000000004,3.4311000000000003,35.64,0.0,257.832,0.0,0
46939,-1.5350000000000001,75.586,0.0,0.0,-1.875,350.0786,0.0,0.0,10.82,0,1.0,1.385,310.14000000000004,3.2661000000000002,35.49,0.0,257.832,0.0,0
46939,-1.5350000000000001,75.586,0.5,0.0,-1.875,350.0786,0.0,0.0,10.84,0,3.0,1.405,310.14000000000004,2.7713,35.19,0.0,257.832,0.0,0
46939,-1.5350000000000001,75.586,0.5,0.0,-1.875,350.0786,0.0,0.0,10.84,0,0.0,1.51,310.005,2.1774,35.22,0.0,257.832,0.0,0
46939,-1.5350000000000001,75.586,0.5,0.0,-1.875,350.0786,0.0,0.0,10.859,0,1.0,1.625,310.14000000000004,0.9897,34.83,0.0,257.832,0.0,0
46939,-1.5350000000000001,75.586,0.5,0.0,-1.875,350.0786,0.0,0.0,10.879000000000001,0,0.0,1.85,310.005,-2.5486,34.77,0.0,257.832,0.0,0
46939,-1.5350000000000001,75.586,0.0,0.0,-1.875,350.0786,0.0,0.0,10.898,0,3.0,1.855,309.915,-3.1919,35.01,0.0,257.832,0.0,0
46939,-1.5350000000000001,75.586,0.0,0.0,-1.875,350.0786,0.0,0.0,10.923,0,0.0,1.8800000000000001,310.005,-1.0310000000000001,34.32,0.0,257.832,0.0,0
46939,-1.705,75.586,0.5,0.0,-1.875,350.0786,0.0,0.0,10.942,0,1.0,1.815,309.915,1.2042000000000002,34.59,0.0,257.832,0.0,0
46939,-1.5350000000000001,75.586,-0.5,0.0,-1.875,350.0786,0.0,0.0,10.962,0,0.0,1.7,310.005,1.3691,35.22,0.0,257.832,0.0,0
46939,-1.5350000000000001,75.586,0.0,0.0,-1.875,350.0786,0.0,0.0,10.981,0,1.0,1.605,310.005,1.6496000000000002,36.06,0.0,257.832,0.0,0
46939,-1.194,75.586,-0.5,0.0,-1.875,350.0786,0.0,0.0,11.001000000000001,0,1.0,1.4000000000000001,310.005,4.6023000000000005,36.36,0.0,257.832,0.0,0
46939,-1.5350000000000001,75.586,-0.5,0.0,-1.875,350.0786,0.0,0.0,11.025,0,1.0,1.305,310.005,-5.0559,37.17,0.0,257.832,0.0,0
46939,-1.364,75.586,0.0,0.0,-1.875,350.0786,0.0,0.0,11.045,0,1.0,1.1500000000000001,310.14000000000004,-4.2476,36.6,0.0,257.832,0.0,0
46939,-1.5350000000000001,75.586,-0.5,0.0,-1.875,350.0786,0.0,0.0,11.064,0,1.0,1.11,310.005,3.1259,36.480000000000004,0.0,257.832,0.0,0
46939,-1.5350000000000001,75.586,0.5,0.0,-1.875,350.0786,0.0,0.0,11.084000000000001,0,1.0,0.98,310.005,0.8578,35.730000000000004,0.0,257.832,0.0,0
46939,-1.5350000000000001,75.586,0.0,0.0,-1.875,350.0786,0.0,0.0,11.104000000000001,0,0.0,0.9500000000000001,310.005,-4.024900000000001,35.550000000000004,0.0,257.832,0.0,0
46939,-1.364,75.586,-0.5,0.0,-1.875,350.0786,0.0,0.0,11.128,0,1.0,0.9500000000000001,309.915,1.9300000000000002,34.95,0.0,257.832,0.0,0
46939,-1.705,75.586,0.0,0.0,-1.875,350.0786,0.0,0.0,11.147,0,0.0,0.985,310.005,3.0352,34.95,0.0,257.832,0.0,0
46939,-1.5350000000000001,75.586,0.0,0.0,-1.875,350.0786,0.0,0.0,11.167,0,2.0,0.995,310.14000000000004,1.7568000000000001,34.92,0.0,257.832,0.0,0
46939,-1.194,75.586,-0.5,0.0,-1.875,350.0786,0.0,0.0,11.187000000000001,0,2.0,1.065,310.14000000000004,2.5073000000000003,34.800000000000004,0.0,257.832,0.0,0
46939,-1.364,75.586,0.5,0.0,-1.875,350.0786,0.0,0.0,11.206000000000001,0,0.0,1.215,310.005,-1.7815,35.28,0.0,257.832,0.0,0
46939,-1.5350000000000001,75.586,0.0,0.0,-1.875,350.0786,0.0,0.0,11.206000000000001,0,0.0,1.3,310.005,-2.3754,35.31,0.0,257.832,0.0,0
46939,-1.364,75.586,0.5,0.0,-1.875,350.0786,0.0,0.0,11.226,0,2.0,1.3,310.005,-1.9795,35.910000000000004,0.0,257.832,0.0,0
46939,-1.364,75.586,0.5,0.0,-1.875,350.0786,0.0,0.0,11.245000000000001,0,0.0,1.46,310.005,-1.4846000000000001,36.54,0.0,257.832,0.0,0
46939,-1.5350000000000001,75.586,-0.5,0.0,-1.875,350.0786,0.0,0.0,11.265,0,1.0,1.625,310.005,-3.2991,36.27,0.0,257.832,0.0,0
46939,-1.364,75.586,0.0,0.0,-1.875,350.0786,0.0,0.0,11.284,0,1.0,1.635,310.14000000000004,1.4846000000000001,36.300000000000004,0.0,257.832,0.0,0
46939,-1.5350000000000001,75.586,0.0,0.0,-1.875,350.0786,0.0,0.0,11.304,0,0.0,1.715,310.14000000000004,5.2786,36.42,0.0,257.832,0.0,0
46939,-1.364,75.586,0.0,0.0,-1.875,350.0786,0.0,0.0,11.328000000000001,0,0.0,1.6400000000000001,310.14000000000004,3.0682,36.42,0.0,257.832,0.0,0
46939,-1.705,75.586,0.0,0.0,-1.875,350.0786,0.0,0.0,11.348,0,1.0,1.62,310.14000000000004,-0.39590000000000003,36.24,0.0,257.832,0.0,0
46939,-1.364,75.586,0.5,0.0,-1.875,350.0786,0.0,0.0,11.367,0,1.0,1.645,310.14000000000004,-1.0557,35.37,0.0,257.832,0.0,0
46939,-1.5350000000000001,75.586,0.0,0.0,-1.875,350.0786,0.0,0.0,11.387,0,1.0,1.57,310.005,-2.1114,34.77,0.0,257.832,0.0,0
46939,-1.5350000000000001,75.586,0.0,0.0,-1.875,350.0786,0.0,0.0,11.406,0,1.0,1.44,310.14000000000004,1.5836000000000001,34.32,0.0,257.832,0.0,0
46939,-1.8760000000000001,75.586,0.0,0.0,-1.875,350.0786,0.0,0.0,11.426,0,1.0,1.37,310.14000000000004,1.5836000000000001,34.44,0.0,257.832,0.0,0
46939,-1.5350000000000001,75.586,0.0,0.0,-1.875,350.0786,0.0,0.0,11.450000000000001,0,0.0,1.23,310.14000000000004,-0.099,34.89,0.0,257.832,0.0,0
46939,-1.5350000000000001,75.586,0.5,0.0,-1.875,350.0786,0.0,0.0,11.47,0,2.0,0.98,310.005,-2.7713,35.730000000000004,0.0,257.832,0.0,0
46939,-1.5350000000000001,75.586,0.5,0.0,-1.875,350.0786,0.0,0.0,11.489,0,0.0,0.915,309.915,-3.2661000000000002,36.36,0.0,257.832,0.0,0
46939,-1.194,75.586,0.0,0.0,-1.875,350.0786,0.0,0.0,11.509,0,0.0,0.915,310.005,-1.5836000000000001,36.6,0.0,257.832,0.0,0
46939,-1.364,75.586,0.0,0.0,-1.875,350.0786,0.0,0.0,11.533000000000001,0,2.0,0.845,310.005,4.486800000000001,36.660000000000004,0.0,257.832,0.0,0
46939,-1.5350000000000001,75.586,0.5,0.0,-1.875,350.0786,0.0,0.0,11.553,0,1.0,0.99,310.14000000000004,3.2991,36.24,0.0,257.832,0.0,0
46939,-1.364,75.586,0.5,0.0,-1.875,350.0786,0.0,0.0,11.572000000000001,0,0.0,0.81,310.005,-0.2639,35.97,0.0,257.832,0.0,0
46939,-1.5350000000000001,75.586,0.5,0.0,-1.875,350.0786,0.0,0.0,11.592,0,2.0,0.88,310.14000000000004,1.1877,35.64,0.0,257.832,0.0,0
46939,-1.5350000000000001,75.586,0.5,0.0,-1.875,350.0786,0.0,0.0,11.611,0,0.0,0.885,310.005,-1.4846000000000001,35.82,0.0,257.832,0.0,0
46939,-1.364,75.586,0.0,0.0,-1.875,350.0786,0.0,0.0,11.631,0,0.0,1.035,310.005,1.7155,35.4,0.0,257.832,0.0,0
46939,-1.364,75.586,-0.5,0.0,-1.875,350.0786,0.0,0.0,11.65,0,1.0,1.11,309.915,-4.8497,34.800000000000004,0.0,257.832,0.0,0
46939,-1.5350000000000001,75.586,0.5,0.0,-1.875,350.0786,0.0,0.0,11.67,0,1.0,1.195,309.915,-3.9589000000000003,34.17,0.0,257.832,0.0,0
46939,-1.5350000000000001,75.586,0.0,0.0,-1.875,350.0786,0.0,0.0,11.689,0,1.0,1.365,310.14000000000004,5.4435,34.14,0.0,257.832,0.0,0
46939,-1.364,75.586,0.0,0.0,-1.875,350.0786,0.0,0.2,11.709000000000001,0,0.0,1.585,310.005,3.8270000000000004,34.62,0.0,257.832,0.0,0
46939,-1.364,75.586,-0.5,0.0,-1.875,350.0786,0.0,0.0,11.729000000000001,0,1.0,1.5250000000000001,309.915,-5.806500000000001,36.06,0.0,257.832,0.0,0
46939,-1.364,75.586,-0.5,0.0,-1.875,350.0786,0.0,0.0,11.748000000000001,0,0.0,1.6400000000000001,310.005,-5.2786,36.99,0.0,257.832,0.0,0
46939,-1.5350000000000001,75.586,0.0,0.0,-1.875,350.0786,0.0,0.0,11.768,0,0.0,1.585,310.005,2.1114,37.050000000000004,0.0,257.832,0.0,0
46939,-1.5350000000000001,75.586,-0.5,0.0,-1.875,350.0786,0.0,0.0,11.787,0,1.0,1.6400000000000001,310.005,3.8270000000000004,37.62,0.0,257.832,0.0,0
46939,-1.364,75.586,0.0,0.0,-1.875,350.0786,0.0,0.0,11.812000000000001,0,0.0,1.5,310.14000000000004,2.8043,36.660000000000004,0.0,257.832,0.0,0
46939,-1.5350000000000001,75.586,0.0,0.0,-1.875,350.0786,0.0,0.0,11.831000000000001,0,1.0,1.475,310.005,-0.132,36.36,0.0,257.832,0.0,0
46939,-1.5350000000000001,75.586,0.5,0.0,-1.875,350.0786,0.0,0.0,11.851,0,0.0,1.425,310.14000000000004,0.6928000000000001,35.82,0.0,257.832,0.0,0
46939,-1.5350000000000001,75.586,0.0,0.0,-1.875,350.0786,0.0,0.0,11.870000000000001,0,1.0,1.26,310.005,0.39590000000000003,35.82,0.0,257.832,0.0,0
46939,-1.5350000000000001,75.586,0.0,0.0,-1.875,350.0786,0.0,0.0,11.875,0,1.0,1.225,310.005,0.6186,35.82,0.0,257.832,0.0,0
46939,-1.5350000000000001,75.586,0.0,0.0,-1.875,350.0786,0.0,0.0,11.895000000000001,0,1.0,1.125,310.005,0.9897,35.550000000000004,0.0,257.832,0.0,0
46939,-1.0230000000000001,75.586,0.0,0.0,-1.875,350.0786,0.0,0.0,11.914,0,0.0,1.06,310.005,-1.5588000000000002,34.71,0.0,257.832,0.0,0
46939,-1.5350000000000001,75.586,0.5,0.0,-1.875,350.0786,0.0,0.0,11.934000000000001,0,0.0,0.9550000000000001,310.005,0.9897,34.53,0.0,257.832,0.0,0
46939,-1.705,75.586,0.0,0.0,-1.875,350.0786,0.0,0.0,11.953000000000001,0,1.0,1.0050000000000001,310.005,0.5938,34.53,0.0,257.832,0.0,0
46939,-1.5350000000000001,75.586,-0.5,0.0,-1.875,350.0786,0.0,0.0,11.978,0,0.0,1.08,310.14000000000004,-0.5938,35.07,0.0,257.832,0.0,0
46939,-1.194,75.586,0.0,0.0,-1.875,350.0786,0.0,0.0,11.997,0,0.0,1.0050000000000001,310.14000000000004,-1.6083,35.61,0.0,257.832,0.0,0
46939,-1.194,75.586,0.5,0.0,-1.875,350.0786,0.0,0.0,12.017000000000001,0,2.0,1.1400000000000001,310.005,0.5279,36.96,0.0,257.832,0.0,0
46939,-1.5350000000000001,75.586,0.5,0.0,-1.875,350.0786,0.0,0.0,12.036000000000001,0,0.0,1.235,310.005,0.0907,37.050000000000004,0.0,257.832,0.0,0
46939,-1.364,75.586,0.0,0.0,-1.875,350.0786,0.0,0.0,12.056000000000001,0,0.0,1.405,309.915,-1.1052,37.32,0.0,257.832,0.0,0
46939,-1.5350000000000001,75.586,-0.5,0.0,-1.875,350.0786,0.0,0.0,12.075000000000001,0,2.0,1.6600000000000001,310.14000000000004,0.37120000000000003,36.54,0.0,257.832,0.0,0
46939,-1.705,75.586,0.0,0.0,-1.875,350.0786,0.0,0.0,12.095,0,0.0,1.72,310.14000000000004,0.19790000000000002,35.67,0.0,257.832,0.0,0
46939,-1.364,75.586,0.0,0.0,-1.875,350.0786,0.0,0.0,12.114,0,1.0,1.795,310.005,6.0539000000000005,35.28,0.0,257.832,0.0,0
46939,-1.5350000000000001,75.586,0.0,0.0,-1.875,350.0786,0.0,0.0,12.134,0,0.0,1.94,310.005,-3.4311000000000003,35.28,0.0,257.832,0.0,0
46939,-1.5350000000000001,75.586,0.5,0.0,-1.875,350.0786,0.0,0.0,12.153,0,0.0,1.925,310.005,-4.0662,35.730000000000004,0.0,257.832,0.0,0
46939,-1.364,75.586,0.0,0.0,-1.875,350.0786,0.0,0.0,12.173,0,0.0,2.0300000000000002,310.005,2.4001,35.25,0.0,257.832,0.0,0
46939,-1.5350000000000001,75.586,0.5,0.0,-1.875,350.0786,0.0,0.0,12.192,0,0.0,2.0300000000000002,310.14000000000004,0.17320000000000002,34.35,0.0,257.832,0.0,0
46939,-1.5350000000000001,75.586,0.0,0.0,-1.875,350.0786,0.0,0.0,12.212,0,2.0,1.9100000000000001,310.005,0.3299,34.08,0.0,257.832,0.0,0
46939,-1.364,75.586,0.5,0.0,-1.875,350.0786,0.0,0.0,12.231,0,0.0,1.675,309.915,-1.0392000000000001,34.71,0.0,257.832,0.0,0
46939,-1.364,75.586,0.0,0.0,-1.875,350.0786,0.0,0.0,12.236,0,0.0,1.61,309.915,-1.7815,34.77,0.0,257.832,0.0,0
46939,-1.8760000000000001,75.586,0.0,0.0,-1.875,350.0786,0.0,0.0,12.256,0,2.0,1.55,310.14000000000004,-0.7918000000000001,34.83,0.0,257.832,0.0,0
46939,-1.364,75.586,0.0,0.0,-1.875,350.0786,0.0,0.0,12.275,0,0.0,1.3900000000000001,310.005,1.3196,35.910000000000004,0.0,257.832,0.0,0
46939,-1.5350000000000001,75.586,-0.5,0.0,-1.875,350.0786,0.0,0.0,12.3,0,0.0,1.26,310.14000000000004,3.4311000000000003,36.9,0.0,257.832,0.0,0
46939,-1.5350000000000001,75.586,-0.5,0.0,-1.875,350.0786,0.0,0.0,12.319,0,1.0,1.2750000000000001,310.14000000000004,2.3754,36.69,0.0,257.832,0.0,0
46939,-1.5350000000000001,75.586,0.5,0.0,-1.875,350.0786,0.0,0.0,12.339,0,1.0,1.2,310.14000000000004,2.3754,35.910000000000004,0.0,257.832,0.0,0
46939,-1.5350000000000001,75.586,0.0,0.0,-1.875,350.0786,0.0,0.0,12.358,0,0.0,1.145,310.005,-4.9157,34.89,0.0,257.832,0.0,0
46939,-1.194,75.586,0.0,0.0,-1.875,350.0786,0.0,0.0,12.378,0,2.0,1.1400000000000001,310.005,-1.7155,34.59,0.0,257.832,0.0,0
46939,-1.364,75.586,0.0,0.0,-1.875,350.0786,0.0,0.0,12.397,0,0.0,1.18,310.14000000000004,1.5836000000000001,34.5,0.0,257.832,0.0,0
46939,-1.364,75.586,0.5,0.0,-1.875,350.0786,0.0,0.0,12.422,0,1.0,1.205,310.005,-2.1114,34.44,0.0,257.832,0.0,0
46939,-1.194,75.586,0.0,0.0,-1.875,350.0786,0.0,0.0,12.441,0,1.0,1.27,309.915,-2.8372,34.800000000000004,0.0,257.832,0.0,0
46939,-1.5350000000000001,75.586,0.0,0.0,-1.875,350.0786,0.0,0.0,12.461,0,0.0,1.325,310.005,-1.9795,34.56,0.0,257.832,0.0,0
46939,-1.364,75.586,-0.5,0.0,-1.875,350.0786,0.0,0.0,12.48,0,1.0,1.395,309.915,0.066,34.08,0.0,257.832,0.0,0
46939,-1.5350000000000001,75.586,0.5,0.0,-1.875,350.0786,0.0,0.0,12.5,0,1.0,1.52,309.915,-0.5279,34.44,0.0,257.832,0.0,0
46939,-1.5350000000000001,75.586,0.0,0.0,-1.875,350.0786,0.0,0.0,12.520000000000001,0,0.0,1.675,310.005,1.5836000000000001,34.92,0.0,257.832,0.0,0
46939,-1.5350000000000001,75.586,0.5,0.0,-1.875,350.0786,0.0,0.0,12.539000000000001,0,1.0,1.83,310.005,2.6393,35.64,0.0,257.832,0.0,0
46939,-1.194,75.586,0.0,0.0,-1.875,350.0786,0.0,0.0,12.539000000000001,0,2.0,1.8900000000000001,310.005,2.3589,35.64,0.0,257.832,0.0,0
46939,-1.5350000000000001,75.586,0.0,0.0,-1.875,350.0786,0.0,-0.2,12.559000000000001,0,1.0,1.885,310.005,0.5114000000000001,36.0,0.0,257.832,0.0,0
46939,-1.5350000000000001,75.586,0.0,0.0,-1.875,350.0786,0.0,0.0,12.578000000000001,0,0.0,1.9100000000000001,310.14000000000004,2.5486,36.18,0.0,257.832,0.0,0
46939,-1.364,75.586,-0.5,0.0,-1.875,350.0786,0.0,0.0,12.598,0,0.0,2.0,310.14000000000004,3.3404000000000003,36.24,0.0,257.832,0.0,0
46939,-1.5350000000000001,75.586,0.5,0.0,-1.875,350.0786,0.0,0.0,12.617,0,0.0,2.0100000000000002,310.14000000000004,-2.73,35.88,0.0,257.832,0.0,0
46939,-1.194,75.586,0.0,0.0,-1.875,350.0786,0.0,0.0,12.642000000000001,0,0.0,2.075,310.14000000000004,1.7568000000000001,35.49,0.0,257.832,0.0,0
46939,-1.364,75.586,0.5,0.0,-1.875,350.0786,0.0,0.0,12.661000000000001,0,0.0,1.965,310.005,1.9382000000000001,34.95,0.0,257.832,0.0,0
46939,-1.5350000000000001,75.586,0.5,0.0,-1.875,350.0786,0.0,0.0,12.681000000000001,0,0.0,1.7750000000000001,310.14000000000004,0.0907,34.74,0.0,257.832,0.0,0
46939,-1.5350000000000001,75.586,0.0,0.0,-1.875,350.0786,0.0,0.0,12.700000000000001,0,2.0,1.67,309.915,-0.2887,34.980000000000004,0.0,257.832,0.0,0
46939,-1.5350000000000001,75.586,0.0,0.0,-1.875,350.0786,0.0,0.0,12.72,0,0.0,1.62,310.005,-1.6908,34.68,0.0,257.832,0.0,0
46939,-1.364,75.586,0.0,0.0,-1.875,350.0786,0.0,0.0,12.744,0,1.0,1.6300000000000001,310.14000000000004,-2.1774,34.47,0.0,257.832,0.0,0
46939,-1.5350000000000001,75.586,-0.5,0.0,-1.875,350.0786,0.0,0.0,12.808,0,1.0,7.455,310.005,2.73,34.08,0.0,257.832,0.0,0
46939,-1.194,75.586,0.0,0.0,-1.875,350.0786,0.0,0.2,13.042,0,0.0,8.61,310.14000000000004,4.726,34.65,0.0,257.832,0.0,0
46939,-1.5350000000000001,75.586,0.0,0.0,-1.875,350.0786,0.0,0.2,13.462000000000002,0,1.0,7.285,310.14000000000004,-1.5341,35.85,0.0,257.832,0.0,0
46939,-1.5350000000000001,75.586,0.0,0.0,-1.875,350.0786,0.0,0.2,13.975000000000001,0,1.0,3.24,310.005,-2.7960000000000003,36.39,0.0,257.832,0.0,0
46939,-1.364,75.586,0.0,0.0,-1.875,350.0786,0.0,0.0,14.478000000000002,0,0.0,2.75,309.915,-5.3611,36.480000000000004,0.0,257.832,0.0,0
46939,-1.5350000000000001,75.586,0.5,0.0,-1.875,350.0786,0.0,0.0,14.98,0,1.0,2.5100000000000002,310.14000000000004,-2.1774,36.42,0.0,257.832,0.0,0
46939,-1.364,75.586,0.0,0.0,-1.875,350.0786,0.0,0.0,15.479000000000001,0,1.0,2.535,310.14000000000004,5.385800000000001,36.06,0.0,257.832,0.0,0
46939,-1.5350000000000001,75.586,0.0,0.0,-1.875,350.0786,0.0,0.0,15.977,0,0.0,2.8850000000000002,310.14000000000004,5.1714,35.1,0.0,257.832,0.0,0
46939,-1.194,75.586,0.0,0.0,-1.875,350.0786,0.0,0.0,16.479,0,2.0,2.965,310.14000000000004,0.5691,34.83,0.0,257.832,0.0,0
46939,-1.705,75.586,0.0,0.0,-1.875,350.0786,0.0,0.0,16.982,0,0.0,2.61,310.005,-3.0764,34.62,0.0,257.832,0.0,0
46939,-1.194,75.586,-0.5,0.0,-1.875,350.0786,0.0,0.0,17.48,0,1.0,2.25,309.915,-6.359100000000001,33.93,0.0,257.832,0.0,0
46939,-1.194,75.586,0.0,0.0,-1.875,350.0786,0.0,0.0,17.983,0,0.0,2.215,309.915,-2.7960000000000003,33.72,0.0,257.832,0.0,0
46939,-1.0230000000000001,75.586,0.5,0.0,-1.875,350.0786,0.0,0.0,18.481,0,1.0,2.73,310.005,1.4434,34.11,0.0,257.832,0.0,0
46939,-1.194,75.586,-0.5,0.0,-1.875,350.0786,0.0,0.0,18.979,0,0.0,2.895,310.005,-1.8228000000000002,34.08,0.0,257.832,0.0,0
46939,-1.5350000000000001,75.586,-0.5,0.0,-1.875,350.0786,0.0,0.0,19.482,0,1.0,2.8000000000000003,310.14000000000004,1.8887,34.44,0.0,257.832,0.0,0
46939,-1.5350000000000001,75.586,0.0,0.0,-1.875,350.0786,0.0,0.0,19.98,0,0.0,2.66,310.005,2.1114,35.7,0.0,257.832,0.0,0
46939,-1.364,75.586,0.0,0.0,-1.875,350.0786,0.0,0.0,20.483,0,0.0,2.41,310.005,-1.3361,36.24,0.0,257.832,0.0,0
46939,-1.364,75.586,-0.5,0.0,-1.875,350.0786,0.0,0.0,20.532,0,0.0,2.68,310.005,-1.9135000000000002,36.24,0.0,257.832,0.0,0
46939,-1.364,75.586,0.5,0.0,-1.875,350.0786,0.0,0.0,21.03,0,2.0,3.095,310.005,-1.7568000000000001,36.42,0.0,257.832,0.0,0
46939,-1.364,75.586,0.0,0.0,-1.875,350.0786,0.0,0.0,21.533,0,0.0,3.075,310.005,3.2331000000000003,36.06,0.0,257.832,0.0,0
46939,-1.364,75.586,0.0,0.0,-1.875,350.0786,0.0,0.0,22.031000000000002,0,0.0,2.495,309.915,-2.4743,35.34,0.0,257.832,0.0,0
46939,-1.5350000000000001,75.586,0.5,0.0,-1.875,350.0786,0.0,0.0,22.529,0,2.0,2.38,310.005,-2.2764,35.79,0.0,257.832,0.0,0
46939,-1.364,75.586,0.0,0.0,-1.875,350.0786,0.0,0.0,23.032,0,0.0,2.91,310.005,4.577500000000001,36.12,0.0,257.832,0.0,0
46939,-1.5350000000000001,75.586,0.0,0.0,-1.875,350.0786,0.0,0.0,23.53,0,0.0,3.16,310.005,4.1321,35.43,0.0,257.832,0.0,0
46939,-1.364,75.586,0.5,0.0,-1.875,350.0786,0.0,0.0,24.033,0,1.0,3.04,310.14000000000004,-1.732,35.04,0.0,257.832,0.0,0
46939,-1.364,75.586,0.5,0.0,-1.875,350.0786,0.0,0.0,24.531000000000002,0,2.0,2.145,310.005,1.1629,33.480000000000004,0.0,257.832,0.0,0
46939,-1.5350000000000001,75.586,-0.5,0.0,-1.875,350.0786,0.0,0.0,25.034000000000002,0,0.0,2.3000000000000003,310.005,-0.0577,32.67,0.0,257.832,0.0,0
46939,-1.5350000000000001,75.586,0.0,0.0,-1.875,350.0786,0.0,0.0,25.532,0,0.0,2.6,310.005,-2.8125,33.57,0.0,257.832,0.0,0
46939,-1.0230000000000001,75.586,0.0,0.0,-1.875,350.0786,0.0,0.0,26.035,0,1.0,2.85,310.005,1.8310000000000002,34.980000000000004,0.0,257.832,0.0,0
46939,-1.194,75.586,0.0,0.0,-1.875,350.0786,0.0,0.0,26.533,0,0.0,2.645,310.005,-1.6413,37.11,0.0,257.832,0.0,0
46939,-1.5350000000000001,75.586,0.0,0.0,-1.875,350.0786,0.0,0.0,27.036,0,0.0,2.25,310.005,-1.5836000000000001,38.19,0.0,257.832,0.0,0
46939,-1.364,75.586,0.0,0.0,-1.875,350.0786,0.0,0.0,27.534000000000002,0,2.0,2.085,310.14000000000004,1.9300000000000002,37.53,0.0,257.832,0.0,0
46939,-1.364,75.586,0.5,0.0,-1.875,350.0786,0.0,0.2,28.032,0,0.0,2.42,310.14000000000004,0.0495,36.36,0.0,257.832,0.0,0
46939,-1.364,75.586,-0.5,0.0,-1.875,350.0786,0.0,0.0,28.535,0,1.0,2.765,309.915,-1.0392000000000001,35.49,0.0,257.832,0.0,0
46939,-1.5350000000000001,75.586,0.5,0.0,-1.875,350.0786,0.0,0.0,29.033,0,2.0,2.695,310.005,-3.4063000000000003,35.76,0.0,257.832,0.0,0
46939,-1.5350000000000001,75.586,0.0,0.0,-1.875,350.0786,0.0,0.0,29.536,0,0.0,2.265,310.005,-1.9135000000000002,35.52,0.0,257.832,0.0,0
46939,-1.705,75.586,0.0,0.0,-1.875,350.0786,0.0,0.0,30.034000000000002,0,1.0,2.165,310.14000000000004,2.2022,34.92,0.0,257.832,0.0,0
46939,-1.364,75.586,0.0,0.0,-1.875,350.0786,0.0,0.0,30.532,0,1.0,2.525,309.915,-0.0495,34.62,0.0,257.832,0.0,0
46939,-1.364,75.586,0.5,0.0,-1.875,350.0786,0.0,0.0,31.035,0,0.0,2.945,310.005,-4.1569,34.74,0.0,257.832,0.0,0
46939,-1.5350000000000001,75.586,0.0,0.0,-1.875,350.0786,0.0,0.0,31.533,0,0.0,2.865,310.005,0.0,34.38,0.0,257.832,0.0,0
46939,-1.364,75.586,0.0,0.0,-1.875,350.0786,0.0,0.0,32.036,0,0.0,2.325,310.005,8.3633,34.56,0.0,257.832,0.0,0
46939,-1.364,75.586,-0.5,0.0,-1.875,350.0786,0.0,0.0,32.534,0,0.0,2.5500000000000003,309.915,-0.132,36.06,0.0,257.832,0.0,0
46939,-1.5350000000000001,75.586,0.0,0.0,-1.875,350.0786,0.0,-0.2,33.032000000000004,0,1.0,2.805,309.915,-4.5363,37.08,0.0,257.832,0.0,0
46939,-1.5350000000000001,75.586,0.0,0.0,-1.875,350.0786,0.0,0.0,33.535000000000004,0,1.0,2.975,310.14000000000004,1.5176,37.56,0.0,257.832,0.0,0
46939,-1.194,75.586,0.0,0.0,-1.875,350.0786,0.0,0.0,34.033,0,0.0,2.95,310.005,5.5920000000000005,37.230000000000004,0.0,257.832,0.0,0
46939,-1.0230000000000001,75.586,0.0,0.0,-1.875,350.0786,0.0,0.0,34.536,0,1.0,2.44,310.005,-1.9135000000000002,36.6,0.0,257.832,0.0,0
46939,-1.5350000000000001,75.586,0.0,0.0,-1.875,350.0786,0.0,0.0,35.034,0,0.0,2.12,310.005,-3.6703,36.39,0.0,257.832,0.0,0
46939,-1.0230000000000001,75.586,0.0,0.0,-1.875,350.0786,0.0,0.0,35.537,0,0.0,2.575,310.005,0.42060000000000003,36.09,0.0,257.832,0.0,0
46939,-1.705,75.586,0.5,0.0,-1.875,350.0786,0.0,0.0,35.586,0,0.0,3.0,310.005,1.3196,36.09,0.0,257.832,0.0,0
46939,-1.5350000000000001,75.586,0.0,0.0,-1.875,350.0786,0.0,0.0,36.084,0,1.0,2.815,310.14000000000004,3.0682,36.03,0.0,257.832,0.0,0
46939,-1.194,75.586,0.0,0.0,-1.875,350.0786,0.0,0.0,36.587,0,0.0,2.52,310.005,0.7918000000000001,35.46,0.0,257.832,0.0,0
46939,-1.364,75.586,0.0,0.0,-1.875,350.0786,0.0,0.0,37.09,0,0.0,1.975,310.005,-3.1672000000000002,34.77,0.0,257.832,0.0,0
46939,-1.364,75.586,-0.5,0.0,-1.875,350.0786,0.0,0.0,37.588,0,0.0,2.18,310.14000000000004,-0.6598,34.53,0.0,257.832,0.0,0
46939,-1.194,75.586,0.0,0.0,-1.875,350.0786,0.0,0.0,38.086,0,1.0,2.9250000000000003,310.14000000000004,0.9567,33.660000000000004,0.0,257.832,0.0,0
46939,-1.194,75.586,0.0,0.0,-1.875,350.0786,0.0,0.0,38.589,0,0.0,2.73,310.005,0.0,34.14,0.0,257.832,0.0,0
46939,-0.853,75.586,0.0,0.0,-1.875,350.0786,0.0,0.0,39.087,0,0.0,2.3850000000000002,310.005,-2.2764,36.09,0.0,257.832,0.0,0
46939,-1.194,75.586,0.0,0.0,-1.875,350.0786,0.0,0.0,39.59,0,0.0,2.43,310.005,-2.7713,37.38,0.0,257.832,0.0,0
46939,-1.705,75.586,0.0,0.0,-1.875,350.0786,0.0,0.0,40.088,0,1.0,2.1750000000000003,309.915,0.5938,37.86,0.0,257.832,0.0,0
46939,-1.364,75.586,0.0,0.0,-1.875,350.0786,0.0,0.0,40.586,0,1.0,2.995,310.005,-1.1877,37.17,0.0,257.832,0.0,0
46939,-1.5350000000000001,75.586,0.5,0.0,-1.875,350.0786,0.0,0.0,41.089,0,0.0,3.1350000000000002,310.005,-0.5279,36.36,0.0,257.832,0.0,0
46939,-1.364,75.586,0.0,0.0,-1.875,350.0786,0.0,0.0,41.587,0,1.0,2.565,310.14000000000004,5.2786,35.550000000000004,0.0,257.832,0.0,0
46939,-1.5350000000000001,75.586,0.0,0.0,-1.875,350.0786,0.0,0.0,42.09,0,1.0,2.245,310.14000000000004,2.2764,35.37,0.0,257.832,0.0,0
46939,-1.364,75.586,0.5,0.0,-1.875,350.0786,0.0,0.0,42.588,0,0.0,2.345,310.14000000000004,2.1114,34.980000000000004,0.0,257.832,0.0,0
46939,-1.5350000000000001,75.586,0.0,0.0,-1.875,350.0786,0.0,0.0,43.086,0,0.0,3.235,310.005,-2.8043,34.980000000000004,0.0,257.832,0.0,0
46939,-1.364,75.586,-0.5,0.0,-1.875,350.0786,0.0,0.0,43.584,0,0.0,3.3200000000000003,310.14000000000004,-1.1877,35.13,0.0,257.832,0.0,0
46939,-1.5350000000000001,75.586,0.0,0.0,-1.875,350.0786,0.0,0.0,44.087,0,2.0,2.525,310.005,-0.6928000000000001,34.83,0.0,257.832,0.0,0
46939,-1.5350000000000001,75.586,0.5,0.0,-1.875,350.0786,0.0,0.0,44.59,0,0.0,2.3850000000000002,310.14000000000004,3.563,34.44,0.0,257.832,0.0,0
46939,-1.364,75.586,0.0,0.0,-1.875,350.0786,0.0,0.0,45.088,0,1.0,2.485,310.005,-0.6928000000000001,34.5,0.0,257.832,0.0,0
46939,-1.194,75.586,0.5,0.0,-1.875,350.0786,0.0,0.0,45.586000000000006,0,0.0,3.165,310.005,-3.1672000000000002,35.37,0.0,257.832,0.0,0
46939,-1.364,75.586,0.0,0.0,-1.875,350.0786,0.0,0.0,46.089000000000006,0,0.0,3.06,310.005,-1.4846000000000001,36.63,0.0,257.832,0.0,0
46939,-1.364,75.586,-0.5,0.0,-1.875,350.0786,0.0,0.0,46.587,0,0.0,2.52,310.005,0.0,36.9,0.0,257.832,0.0,0
46939,-1.5350000000000001,75.586,-0.5,0.0,-1.875,350.0786,0.0,0.0,47.09,0,0.0,1.965,310.005,2.3754,37.2,0.0,257.832,0.0,0
46939,-1.194,75.586,0.0,0.0,-1.875,350.0786,0.0,0.0,47.588,0,0.0,2.23,310.005,0.39590000000000003,37.26,0.0,257.832,0.0,0
46939,-1.364,75.586,0.0,0.0,-1.875,350.0786,0.0,0.0,48.091,0,0.0,3.12,310.14000000000004,-1.6826,35.88,0.0,257.832,0.0,0
46939,-1.0230000000000001,75.586,0.0,0.0,-1.875,350.0786,0.0,0.0,48.589000000000006,0,2.0,2.935,310.14000000000004,5.6745,34.83,0.0,257.832,0.0,0
46939,-1.0230000000000001,75.586,0.0,0.0,-1.875,350.0786,0.0,0.0,49.092000000000006,0,0.0,2.285,310.005,2.3754,34.74,0.0,257.832,0.0,0
46939,-1.5350000000000001,75.586,-0.5,0.0,-1.875,350.0786,0.0,0.0,49.59,0,0.0,2.22,309.915,-5.1466,34.68,0.0,257.832,0.0,0
46939,-1.5350000000000001,75.586,0.0,0.0,-1.875,350.0786,0.0,0.0,50.093,0,1.0,2.33,310.005,0.3629,34.800000000000004,0.0,257.832,0.0,0
46939,-1.364,75.586,-0.5,0.0,-1.875,350.0786,0.0,0.0,50.591,0,0.0,2.81,310.005,-2.1114,34.65,0.0,257.832,0.0,0
46939,-1.194,75.586,-0.5,0.0,-1.875,350.0786,0.0,-0.2,51.089000000000006,0,0.0,3.025,310.14000000000004,3.2661000000000002,34.83,0.0,257.832,0.0,0
46939,-1.5350000000000001,75.586,0.0,0.0,-1.875,350.0786,0.0,0.0,51.592000000000006,0,0.0,2.69,309.915,1.0557,35.07,0.0,257.832,0.0,0
46939,-1.5350000000000001,75.586,0.5,0.0,-1.875,350.0786,0.0,0.0,52.09,0,0.0,2.38,310.005,-0.5279,35.160000000000004,0.0,257.832,0.0,0
46939,-1.364,75.586,0.0,0.0,-1.875,350.0786,0.0,0.0,52.588,0,0.0,2.375,310.14000000000004,3.1672000000000002,36.15,0.0,257.832,0.0,0
46939,-1.5350000000000001,75.586,0.0,0.0,-1.875,350.0786,0.0,0.0,53.091,0,1.0,3.4250000000000003,310.14000000000004,0.099,36.78,0.0,257.832,0.0,0
46939,-1.364,75.586,0.0,0.0,-1.875,350.0786,0.0,0.0,53.589000000000006,0,0.0,3.235,310.005,-2.2434000000000003,37.29,0.0,257.832,0.0,0
46939,-1.364,75.586,0.0,0.0,-1.875,350.0786,0.0,-0.2,53.638000000000005,0,0.0,3.0500000000000003,310.14000000000004,-1.9382000000000001,37.29,0.0,257.832,0.0,0
46939,-1.5350000000000001,75.586,0.0,0.0,-1.875,350.0786,0.0,0.0,54.141000000000005,0,1.0,2.32,309.915,-2.0702000000000003,36.72,0.0,257.832,0.0,0
46939,-1.5350000000000001,75.586,0.5,0.0,-1.875,350.0786,0.0,0.0,54.644000000000005,0,2.0,2.21,310.005,-3.5383,36.33,0.0,257.832,0.0,0
46939,-1.364,75.586,0.0,0.0,-1.875,350.0786,0.0,0.0,55.142,0,0.0,2.935,309.915,0.0165,35.550000000000004,0.0,257.832,0.0,0
46939,-1.5350000000000001,75.586,-0.5,0.0,-1.875,350.0786,0.0,0.0,55.64,0,0.0,3.21,310.005,2.7548,35.07,0.0,257.832,0.0,0
46939,-1.364,75.586,0.0,0.0,-1.875,350.0786,0.0,0.0,56.143,0,1.0,2.965,310.14000000000004,0.8330000000000001,34.95,0.0,257.832,0.0,0
46939,-1.194,75.586,0.5,0.0,-1.875,350.0786,0.0,0.0,56.641000000000005,0,0.0,2.1750000000000003,310.005,0.2474,34.62,0.0,257.832,0.0,0
46939,-1.194,75.586,0.0,0.0,-1.875,350.0786,0.0,0.0,57.144000000000005,0,0.0,2.1350000000000002,310.005,-0.9897,34.2,0.0,257.832,0.0,0
46939,-1.364,75.586,0.0,0.0,-1.875,350.0786,0.0,-0.2,57.642,0,1.0,2.545,310.005,-2.0867,34.02,0.0,257.832,0.0,0
46939,-1.364,75.586,0.0,0.0,-1.875,350.0786,0.0,0.0,58.14,0,1.0,3.105,309.915,0.14850000000000002,34.71,0.0,257.832,0.0,0
46939,-1.705,75.586,-0.5,0.0,-1.875,350.0786,0.0,0.0,58.643,0,0.0,2.6350000000000002,310.005,0.8578,35.31,0.0,257.832,0.0,0
46939,-1.0230000000000001,75.586,0.5,0.0,-1.875,350.0786,0.0,0.0,59.146,0,1.0,2.22,309.915,-1.4516,36.54,0.0,257.832,0.0,0
46939,-1.194,75.586,0.5,0.0,-1.875,350.0786,0.0,0.0,59.644000000000005,0,1.0,2.465,309.915,3.2331000000000003,36.99,0.0,257.832,0.0,0
46939,-1.194,75.586,0.0,0.0,-1.875,350.0786,0.0,0.0,60.142,0,0.0,2.72,309.915,0.1072,36.480000000000004,0.0,257.832,0.0,0
46939,-1.194,75.586,-0.5,0.0,-1.875,350.0786,0.0,0.0,60.64,0,0.0,3.4050000000000002,310.005,0.3794,35.910000000000004,0.0,257.832,0.0,0
46939,-1.194,75.586,0.0,0.0,-1.875,350.0786,0.0,0.2,61.143,0,1.0,2.91,310.005,-1.0310000000000001,35.1,0.0,257.832,0.0,0
46939,-1.5350000000000001,75.586,-0.5,0.0,-1.875,350.0786,0.0,0.0,61.641000000000005,0,0.0,2.57,310.005,-0.0825,34.95,0.0,257.832,0.0,0
46939,-1.364,75.586,0.0,0.0,-1.875,350.0786,0.0,0.2,62.144000000000005,0,0.0,2.52,310.005,0.42060000000000003,34.980000000000004,0.0,257.832,0.0,0
46939,-1.194,75.586,0.0,0.0,-1.875,350.0786,0.0,0.0,62.642,0,1.0,2.98,310.005,-1.7155,34.5,0.0,257.832,0.0,0
46939,-1.364,75.586,-0.5,0.0,-1.875,350.0786,0.0,-0.2,63.14,0,0.0,3.605,310.005,-0.39590000000000003,33.660000000000004,0.0,257.832,0.0,0
46939,-1.5350000000000001,75.586,0.5,0.0,-1.875,350.0786,0.0,0.0,63.643,0,2.0,3.23,309.915,2.1939,33.660000000000004,0.0,257.832,0.0,0
46939,-1.364,75.586,0.0,0.0,-1.875,350.0786,0.0,0.0,64.141,0,0.0,2.445,310.14000000000004,1.5423,33.78,0.0,257.832,0.0,0
46939,-1.364,75.586,0.5,0.0,-1.875,350.0786,0.0,0.0,64.194,0,0.0,2.12,310.14000000000004,1.5836000000000001,33.81,0.0,257.832,0.0,0
46939,-1.194,75.586,-0.5,0.0,-1.875,350.0786,0.0,0.0,64.69200000000001,0,0.0,2.89,310.005,0.5279,34.44,0.0,257.832,0.0,0
46939,-1.364,75.586,0.5,0.0,-1.875,350.0786,0.0,0.0,65.19,0,0.0,3.305,310.14000000000004,3.0352,35.49,0.0,257.832,0.0,0
46939,-1.5350000000000001,75.586,0.0,0.0,-1.875,350.0786,0.0,0.0,65.693,0,0.0,3.3850000000000002,309.915,-5.1136,36.51,0.0,257.832,0.0,0
46939,-1.0230000000000001,75.586,0.0,0.0,-1.875,350.0786,0.0,-0.2,66.191,0,0.0,2.85,310.14000000000004,3.0352,36.45,0.0,257.832,0.0,0
46939,-1.0230000000000001,75.586,0.0,0.0,-1.875,350.0786,0.0,0.0,66.694,0,0.0,2.2800000000000002,310.005,0.3629,35.43,0.0,257.832,0.0,0
46939,-1.5350000000000001,75.586,0.0,0.0,-1.875,350.0786,0.0,0.0,67.19200000000001,0,0.0,2.8000000000000003,310.005,-1.0557,34.62,0.0,257.832,0.0,0
46939,-1.194,75.586,0.0,0.0,-1.875,350.0786,0.0,0.0,67.69500000000001,0,2.0,2.89,310.005,0.099,34.56,0.0,257.832,0.0,0
46939,-1.5350000000000001,75.586,0.0,0.0,-1.875,350.0786,0.0,0.0,68.169,0,1.0,-0.39,310.005,-1.3196,35.49,0.0,257.832,0.0,0
46939,-1.364,75.586,0.0,0.0,-1.875,350.0786,0.0,0.0,68.516,0,0.0,-3.06,310.14000000000004,3.0682,35.34,0.0,257.832,0.0,0
46939,-1.0230000000000001,75.586,0.0,0.0,-1.875,350.0786,0.0,0.0,68.687,0,2.0,-3.325,310.14000000000004,4.8827,34.38,0.0,257.832,0.0,0
46939,-1.5350000000000001,75.586,0.5,0.0,-1.875,350.0786,0.0,0.0,68.73,0,1.0,0.33,310.005,0.0,33.480000000000004,0.0,257.832,0.0,0
46939,-1.194,75.586,0.0,0.0,-1.875,350.0786,0.0,0.2,68.735,0,0.0,0.065,310.005,-3.563,33.45,0.0,257.832,0.0,0
46939,-1.0230000000000001,75.586,0.5,0.0,-1.875,350.0786,0.0,0.2,68.735,0,0.0,0.685,309.915,-1.6826,33.54,0.0,257.832,0.0,0
46939,-1.5350000000000001,75.586,0.5,0.0,-1.875,350.0786,0.0,0.2,68.735,0,0.0,-0.15,310.005,-0.39590000000000003,34.08,0.0,257.832,0.0,0
46939,-1.364,75.586,-0.5,0.0,-1.875,350.0786,0.0,-0.2,68.691,0,0.0,-4.89,310.14000000000004,0.4289,35.61,0.0,257.832,0.0,0
46939,-0.853,75.586,-0.5,0.0,-1.875,350.0786,0.0,0.0,68.682,0,1.0,-5.425,310.14000000000004,1.0310000000000001,35.7,0.0,257.832,0.0,0
46939,-1.0230000000000001,75.586,0.0,0.0,-1.875,350.0786,0.0,0.0,68.491,0,0.0,-8.145,310.14000000000004,3.1919,36.0,0.0,257.832,0.0,0
46939,-1.364,75.586,-0.5,0.0,-1.875,350.0786,0.0,0.0,68.11500000000001,0,2.0,-8.76,310.14000000000004,4.726,36.24,0.0,257.832,0.0,0
46939,-1.5350000000000001,75.586,0.0,0.0,-1.875,350.0786,0.0,0.0,67.549,0,0.0,-9.11,310.14000000000004,-0.7918000000000001,36.03,0.0,257.832,0.0,0
46939,-1.5350000000000001,75.586,0.0,0.0,-1.875,350.0786,0.0,0.0,66.802,0,0.0,-8.52,310.14000000000004,0.37120000000000003,35.01,0.0,257.832,0.0,0
46939,-1.364,75.586,0.0,0.0,-1.875,350.0786,0.0,0.0,65.894,0,1.0,-7.715,310.14000000000004,0.9897,34.38,0.0,257.832,0.0,0
46939,-1.364,75.586,0.0,0.0,-1.875,350.0786,0.0,0.0,64.893,0,0.0,-3.065,310.005,-4.1569,34.89,0.0,257.832,0.0,0
46939,-1.194,75.586,0.5,0.0,-1.875,350.0786,0.0,0.0,63.887,0,0.0,-3.85,309.915,-7.1508,34.2,0.0,257.832,0.0,0
46939,-1.5350000000000001,75.586,0.0,0.0,-1.875,350.0786,0.0,0.0,62.886,0,0.0,-3.13,310.005,-5.344600000000001,33.9,0.0,257.832,0.0,0
46939,-1.364,75.586,0.0,0.0,-1.875,350.0786,0.0,0.0,61.885000000000005,0,0.0,-3.5100000000000002,310.14000000000004,1.9547,33.24,0.0,257.832,0.0,0
46939,-1.364,75.586,0.0,0.0,-1.875,350.0786,0.0,0.0,60.884,0,0.0,-3.67,310.005,4.8002,33.15,0.0,257.832,0.0,0
46939,-1.194,75.586,0.5,0.0,-1.875,350.0786,0.0,0.0,59.883,0,0.0,-3.105,310.14000000000004,2.7465,33.0,0.0,257.832,0.0,0
46939,-1.194,75.586,0.0,0.0,-1.875,350.0786,0.0,0.0,58.882000000000005,0,0.0,-3.96,310.005,-0.5938,34.74,0.0,257.832,0.0,0
46939,-1.194,75.586,-0.5,0.0,-1.875,350.0786,0.0,0.0,57.886,0,0.0,-3.71,310.005,0.5938,35.79,0.0,257.832,0.0,0
46939,-1.364,75.586,0.0,0.0,-1.875,350.0786,0.0,0.0,56.885000000000005,0,0.0,-3.745,310.14000000000004,-0.5938,36.54,0.0,257.832,0.0,0
46939,-1.194,75.586,0.0,0.0,-1.875,350.0786,0.0,0.0,55.884,0,0.0,-4.15,310.14000000000004,2.9445,36.6,0.0,257.832,0.0,0
46939,-1.0230000000000001,75.586,0.0,0.0,-1.875,350.0786,0.0,0.0,54.883,0,0.0,-2.765,310.14000000000004,4.5528,35.76,0.0,257.832,0.0,0
46939,-1.364,75.586,0.5,0.0,-1.875,350.0786,0.0,0.0,53.882000000000005,0,0.0,-4.245,310.14000000000004,-0.39590000000000003,34.86,0.0,257.832,0.0,0
46939,-1.0230000000000001,75.586,0.0,0.0,-1.875,350.0786,0.0,0.0,52.881,0,0.0,-3.35,310.005,-4.923900000000001,34.86,0.0,257.832,0.0,0
46939,-1.5350000000000001,75.586,0.5,0.0,-1.875,350.0786,0.0,0.0,51.88,0,0.0,-3.185,309.915,-2.862,34.08,0.0,257.832,0.0,0
46939,-1.5350000000000001,75.586,0.5,0.0,-1.875,350.0786,0.0,0.0,50.884,0,1.0,-3.645,310.005,-2.9032,34.74,0.0,257.832,0.0,0
46939,-1.364,75.586,0.0,0.0,-1.875,350.0786,0.0,0.0,49.883,0,1.0,-3.2,310.005,-0.9897,34.47,0.0,257.832,0.0,0
46939,-1.194,75.586,0.0,0.0,-1.875,350.0786,0.0,0.0,49.78,0,0.0,-3.035,310.005,-1.0557,34.5,0.0,257.832,0.0,0
46939,-1.5350000000000001,75.586,-0.5,0.0,-1.875,350.0786,0.0,0.0,48.784,0,0.0,-4.215,309.915,1.9795,34.47,0.0,257.832,0.0,0
46939,-1.364,75.586,-0.5,0.0,-1.875,350.0786,0.0,0.0,47.783,0,0.0,-3.065,310.14000000000004,0.9567,33.33,0.0,257.832,0.0,0
46939,-1.194,75.586,0.0,0.0,-1.875,350.0786,0.0,0.0,46.782000000000004,0,0.0,-4.14,310.14000000000004,2.7713,33.0,0.0,257.832,0.0,0
46939,-1.364,75.586,0.0,0.0,-1.875,350.0786,0.0,0.0,45.781,0,1.0,-3.1550000000000002,310.005,-0.066,33.96,0.0,257.832,0.0,0
46939,-1.194,75.586,0.0,0.0,-1.875,350.0786,0.0,0.0,44.78,0,1.0,-3.435,310.14000000000004,-0.9238000000000001,34.980000000000004,0.0,257.832,0.0,0
46939,-1.194,75.586,0.0,0.0,-1.875,350.0786,0.0,0.0,43.779,0,0.0,-3.6,310.005,0.8908,35.19,0.0,257.832,0.0,0
46939,-0.853,75.586,0.5,0.0,-1.875,350.0786,0.0,0.0,42.778,0,2.0,-2.915,310.005,-2.5073000000000003,36.0,0.0,257.832,0.0,0
46939,-1.194,75.586,0.0,0.0,-1.875,350.0786,0.0,0.0,41.777,0,0.0,-3.535,310.005,-0.165,36.42,0.0,257.832,0.0,0
46939,-1.194,75.586,0.0,0.0,-1.875,350.0786,0.0,0.0,40.781,0,0.0,-3.39,310.005,3.9589000000000003,36.03,0.0,257.832,0.0,0
46939,-1.364,75.586,0.0,0.0,-1.875,350.0786,0.0,0.0,39.78,0,1.0,-3.045,310.005,-1.5836000000000001,35.22,0.0,257.832,0.0,0
46939,-1.5350000000000001,75.586,0.0,0.0,-1.875,350.0786,0.0,0.0,38.779,0,0.0,-3.9650000000000003,309.915,-4.0909,35.25,0.0,257.832,0.0,0
46939,-1.364,75.586,0.5,0.0,-1.875,350.0786,0.0,0.0,37.778,0,0.0,-2.79,310.005,2.1114,34.74,0.0,257.832,0.0,0
46939,-1.0230000000000001,75.586,0.0,0.0,-1.875,350.0786,0.0,0.0,36.777,0,1.0,-3.6750000000000003,310.005,3.6950000000000003,34.56,0.0,257.832,0.0,0
46939,-1.0230000000000001,75.586,0.0,0.0,-1.875,350.0786,0.0,0.0,35.781,0,0.0,-3.62,310.14000000000004,-0.9567,34.410000000000004,0.0,257.832,0.0,0
46939,-1.364,75.586,0.0,0.0,-1.875,350.0786,0.0,0.0,34.78,0,0.0,-3.08,310.14000000000004,2.9032,33.84,0.0,257.832,0.0,0
46939,-1.194,75.586,-0.5,0.0,-1.875,350.0786,0.0,0.0,33.779,0,0.0,-4.18,310.005,3.1672000000000002,33.78,0.0,257.832,0.0,0
46939,-1.0230000000000001,75.586,0.0,0.0,-1.875,350.0786,0.0,0.0,32.778,0,0.0,-2.59,310.005,-6.334300000000001,34.08,0.0,257.832,0.0,0
46939,-0.853,75.586,0.5,0.0,-1.875,350.0786,0.0,0.0,31.777,0,1.0,-3.52,310.005,-3.8600000000000003,34.800000000000004,0.0,257.832,0.0,0
46939,-1.194,75.586,0.0,0.0,-1.875,350.0786,0.0,0.0,30.776,0,0.0,-3.4250000000000003,310.005,0.0,35.22,0.0,257.832,0.0,0
46939,-1.194,75.586,0.0,0.0,-1.875,350.0786,0.0,0.0,29.775000000000002,0,0.0,-3.04,310.005,0.0,35.61,0.0,257.832,0.0,0
46939,-1.194,75.586,-0.5,0.0,-1.875,350.0786,0.0,0.0,28.779,0,0.0,-4.555,310.005,0.0,35.82,0.0,257.832,0.0,0
46939,-1.194,75.586,0.0,0.0,-1.875,350.0786,0.0,0.0,27.778000000000002,0,0.0,-2.82,310.005,1.5836000000000001,36.12,0.0,257.832,0.0,0
46939,-1.5350000000000001,75.586,0.0,0.0,-1.875,350.0786,0.0,0.0,26.777,0,0.0,-4.17,310.14000000000004,2.3754,35.37,0.0,257.832,0.0,0
46939,-1.194,75.586,0.0,0.0,-1.875,350.0786,0.0,0.0,25.781000000000002,0,0.0,-3.265,310.14000000000004,1.4846000000000001,35.37,0.0,257.832,0.0,0
46939,-1.194,75.586,0.5,0.0,-1.875,350.0786,0.0,0.0,24.775000000000002,0,2.0,-3.795,310.005,-0.39590000000000003,35.58,0.0,257.832,0.0,0
46939,-1.5350000000000001,75.586,-0.5,0.0,-1.875,350.0786,0.0,0.0,23.779,0,0.0,-3.845,309.915,-5.641500000000001,35.67,0.0,257.832,0.0,0
46939,-1.194,75.586,0.0,0.0,-1.875,350.0786,0.0,0.0,22.778000000000002,0,0.0,-2.865,310.005,-0.2639,34.86,0.0,257.832,0.0,0
46939,-0.853,75.586,0.5,0.0,-1.875,350.0786,0.0,0.0,21.777,0,1.0,-3.9050000000000002,310.005,2.1114,34.11,0.0,257.832,0.0,0
46939,-1.5350000000000001,75.586,0.0,0.0,-1.875,350.0786,0.0,0.0,20.776,0,0.0,-2.835,310.005,-1.8475000000000001,34.29,0.0,257.832,0.0,0
46939,-1.194,75.586,0.5,0.0,-1.875,350.0786,0.0,0.0,19.775000000000002,0,0.0,-3.21,310.005,-5.0147,35.04,0.0,257.832,0.0,0
46939,-1.364,75.586,0.0,0.0,-1.875,350.0786,0.0,0.0,19.673000000000002,0,1.0,-3.825,310.005,-4.9487000000000005,35.13,0.0,257.832,0.0,0
46939,-1.364,75.586,-0.5,0.0,-1.875,350.0786,0.0,0.0,18.677,0,1.0,-2.4250000000000003,310.005,-0.9238000000000001,36.12,0.0,257.832,0.0,0
46939,-1.194,75.586,-0.5,0.0,-1.875,350.0786,0.0,0.0,17.754,0,0.0,5.715,309.915,0.14850000000000002,36.87,0.0,257.832,0.0,0
46939,-1.194,75.586,0.0,0.0,-1.875,350.0786,0.0,0.0,17.114,0,0.0,8.42,310.005,0.6598,37.17,0.0,257.832,0.0,0
46939,-1.364,75.586,-0.5,0.0,-1.875,350.0786,0.0,0.0,16.812,0,1.0,6.67,310.14000000000004,2.5486,36.6,0.0,257.832,0.0,0
46939,-1.364,75.586,-0.5,0.0,-1.875,350.0786,0.0,0.0,16.748,0,0.0,0.625,310.14000000000004,3.0599000000000003,36.03,0.0,257.832,0.0,0
46939,-1.194,75.586,0.5,0.0,-1.875,350.0786,0.0,0.0,16.738,0,1.0,-0.05,310.005,3.761,35.730000000000004,0.0,257.832,0.0,0
46939,-1.5350000000000001,75.586,-0.5,0.0,-1.875,350.0786,0.0,0.0,16.743000000000002,0,2.0,-0.38,309.915,-0.48660000000000003,35.910000000000004,0.0,257.832,0.0,0
46939,-1.364,75.586,0.5,0.0,-1.875,350.0786,0.0,0.0,16.743000000000002,0,0.0,-0.28500000000000003,310.005,-4.6848,35.4,0.0,257.832,0.0,0
46939,-1.0230000000000001,75.586,-0.5,0.0,-1.875,350.0786,0.0,0.0,16.743000000000002,0,0.0,-0.15,310.005,-0.9897,35.01,0.0,257.832,0.0,0
46939,-1.364,75.586,0.0,0.0,-1.875,350.0786,0.0,0.0,16.743000000000002,0,2.0,-0.185,310.005,0.9485,34.83,0.0,257.832,0.0,0
46939,-1.364,75.586,0.0,0.0,-1.875,350.0786,0.0,0.0,16.743000000000002,0,0.0,-0.185,310.005,-1.7155,34.2,0.0,257.832,0.0,0
46939,-1.364,75.586,0.0,0.0,-1.875,350.0786,0.0,0.0,16.772000000000002,0,1.0,6.295,309.915,-1.8310000000000002,34.35,0.0,257.832,0.0,0
46939,-1.5350000000000001,75.586,0.0,0.0,-1.875,350.0786,0.0,0.0,16.978,0,2.0,8.39,310.005,-0.9238000000000001,34.59,0.0,257.832,0.0,0
46939,-1.194,75.586,0.5,0.0,-1.875,350.0786,0.0,0.0,17.388,0,0.0,6.375,309.915,2.0455,35.730000000000004,0.0,257.832,0.0,0
46939,-1.0230000000000001,75.586,0.0,0.0,-1.875,350.0786,0.0,0.0,17.900000000000002,0,0.0,1.615,310.005,6.7797,36.78,0.0,257.832,0.0,0
46939,-1.364,75.586,0.0,0.0,-1.875,350.0786,0.0,0.0,18.408,0,2.0,1.985,310.005,1.4516,37.08,0.0,257.832,0.0,0
46939,-0.853,75.586,-0.5,0.0,-1.875,350.0786,0.0,0.0,18.906000000000002,0,1.0,2.45,309.915,-2.4413,36.75,0.0,257.832,0.0,0
46939,-1.194,75.586,-0.5,0.0,-1.875,350.0786,0.0,0.0,19.409000000000002,0,1.0,2.715,310.005,-3.4723,36.27,0.0,257.832,0.0,0
46939,-1.194,75.586,0.0,0.0,-1.875,350.0786,0.0,0.0,19.907,0,1.0,2.865,309.915,-0.1155,35.61,0.0,257.832,0.0,0
46939,-1.364,75.586,0.0,0.0,-1.875,350.0786,0.0,0.0,20.41,0,2.0,2.1750000000000003,310.14000000000004,1.4929000000000001,35.82,0.0,257.832,0.0,0
46939,-1.0230000000000001,75.586,-0.5,0.0,-1.875,350.0786,0.0,0.0,20.908,0,1.0,2.09,310.14000000000004,4.594,34.89,0.0,257.832,0.0,0
46939,-1.364,75.586,-0.5,0.0,-1.875,350.0786,0.0,0.0,21.406000000000002,0,2.0,2.6350000000000002,310.005,6.0704,34.47,0.0,257.832,0.0,0
46939,-1.0230000000000001,75.586,0.0,0.0,-1.875,350.0786,0.0,0.0,21.909000000000002,0,0.0,2.88,310.005,-2.1527000000000003,34.47,0.0,257.832,0.0,0
46939,-1.0230000000000001,75.586,0.0,0.0,-1.875,350.0786,0.0,0.0,22.407,0,1.0,2.72,310.005,-3.1424000000000003,34.89,0.0,257.832,0.0,0
46939,-1.0230000000000001,75.586,0.0,0.0,-1.875,350.0786,0.0,0.0,22.91,0,1.0,2.575,310.005,-0.19790000000000002,34.65,0.0,257.832,0.0,0
46939,-0.853,75.586,0.0,0.0,-1.875,350.0786,0.0,0.0,23.408,0,0.0,2.245,310.005,0.19790000000000002,35.28,0.0,257.832,0.0,0
46939,-1.5350000000000001,75.586,0.5,0.0,-1.875,350.0786,0.0,0.0,23.906000000000002,0,0.0,2.7600000000000002,309.915,-4.2064,36.03,0.0,257.832,0.0,0
46939,-1.364,75.586,-0.5,0.0,-1.875,350.0786,0.0,0.0,24.409000000000002,0,0.0,2.805,310.005,-3.1012,36.39,0.0,257.832,0.0,0
46939,-1.5350000000000001,75.586,0.5,0.0,-1.875,350.0786,0.0,0.0,24.907,0,0.0,2.64,310.005,3.1012,36.42,0.0,257.832,0.0,0
46939,-1.194,75.586,0.5,0.0,-1.875,350.0786,0.0,0.0,25.41,0,0.0,2.305,310.14000000000004,4.1816,36.36,0.0,257.832,0.0,0
46939,-1.0230000000000001,75.586,0.0,0.0,-1.875,350.0786,0.0,0.0,25.459,0,0.0,2.1550000000000002,310.14000000000004,4.2229,36.33,0.0,257.832,0.0,0
46939,-1.0230000000000001,75.586,0.5,0.0,-1.875,350.0786,0.0,0.0,25.962,0,1.0,2.295,310.005,0.7918000000000001,36.300000000000004,0.0,257.832,0.0,0
46939,-1.364,75.586,0.0,0.0,-1.875,350.0786,0.0,0.0,26.46,0,0.0,2.605,310.005,-0.7918000000000001,36.15,0.0,257.832,0.0,0
46939,-0.853,75.586,-0.5,0.0,-1.875,350.0786,0.0,0.0,26.963,0,1.0,2.515,310.14000000000004,-3.1672000000000002,36.45,0.0,257.832,0.0,0
46939,-1.194,75.586,0.0,0.0,-1.875,350.0786,0.0,0.0,27.461000000000002,0,1.0,2.24,310.005,2.9032,35.82,0.0,257.832,0.0,0
46939,-1.194,75.586,0.0,0.0,-1.875,350.0786,0.0,0.0,27.959,0,0.0,2.12,310.14000000000004,5.7075000000000005,35.160000000000004,0.0,257.832,0.0,0
46939,-1.194,75.586,0.0,0.0,-1.875,350.0786,0.0,0.0,28.462,0,0.0,2.39,310.005,-4.8827,34.800000000000004,0.0,257.832,0.0,0
46939,-1.0230000000000001,75.586,0.0,0.0,-1.875,350.0786,0.0,0.0,28.96,0,1.0,2.7800000000000002,310.005,-6.334300000000001,34.53,0.0,257.832,0.0,0
46939,-1.364,75.586,0.5,0.0,-1.875,350.0786,0.0,0.0,29.463,0,0.0,2.71,310.005,-1.7155,34.65,0.0,257.832,0.0,0
46939,-1.364,75.586,-0.5,0.0,-1.875,350.0786,0.0,0.0,29.961000000000002,0,0.0,2.295,310.14000000000004,2.5403000000000002,35.67,0.0,257.832,0.0,0
46939,-1.194,75.586,0.0,0.0,-1.875,350.0786,0.0,0.0,30.459000000000003,0,1.0,2.39,310.005,1.1877,36.69,0.0,257.832,0.0,0
46939,-1.364,75.586,0.0,0.0,-1.875,350.0786,0.0,0.0,30.962,0,0.0,2.465,310.005,1.5836000000000001,37.53,0.0,257.832,0.0,0
46939,-1.364,75.586,0.0,0.0,-1.875,350.0786,0.0,0.0,31.46,0,0.0,2.67,309.915,-4.2229,38.04,0.0,257.832,0.0,0
46939,-1.0230000000000001,75.586,0.0,0.0,-1.875,350.0786,0.0,0.0,31.963,0,1.0,2.79,310.14000000000004,-0.6268,37.32,0.0,257.832,0.0,0
46939,-1.0230000000000001,75.586,0.0,0.0,-1.875,350.0786,0.0,0.0,32.461,0,1.0,2.545,310.005,1.3196,35.94,0.0,257.832,0.0,0
46939,-1.364,75.586,0.0,0.0,-1.875,350.0786,0.0,0.0,32.959,0,2.0,2.355,310.005,0.19790000000000002,35.46,0.0,257.832,0.0,0
46939,-1.194,75.586,0.0,0.0,-1.875,350.0786,0.0,0.0,33.013,0,0.0,2.415,310.005,-0.6103000000000001,35.52,0.0,257.832,0.0,0
46939,-1.364,75.586,0.0,0.0,-1.875,350.0786,0.0,0.0,33.511,0,1.0,2.89,310.005,0.2227,35.97,0.0,257.832,0.0,0
46939,-1.364,75.586,0.0,0.0,-1.875,350.0786,0.0,0.0,34.014,0,0.0,2.945,310.005,1.9135000000000002,35.97,0.0,257.832,0.0,0
46939,-1.194,75.586,-0.5,0.0,-1.875,350.0786,0.0,0.0,34.512,0,1.0,2.45,309.915,0.0825,35.46,0.0,257.832,0.0,0
46939,-1.364,75.586,0.5,0.0,-1.875,350.0786,0.0,0.0,35.010000000000005,0,1.0,2.235,310.14000000000004,0.0412,35.13,0.0,257.832,0.0,0
46939,-1.364,75.586,0.0,0.0,-1.875,350.0786,0.0,0.0,35.513000000000005,0,0.0,2.245,310.14000000000004,2.5486,35.07,0.0,257.832,0.0,0
46939,-1.5350000000000001,75.586,0.0,0.0,-1.875,350.0786,0.0,0.0,36.011,0,0.0,2.82,310.005,1.1464,34.29,0.0,257.832,0.0,0
46939,-1.194,75.586,0.0,0.0,-1.875,350.0786,0.0,0.0,36.514,0,1.0,2.575,310.005,-0.5691,34.68,0.0,257.832,0.0,0
46939,-1.194,75.586,0.0,0.0,-1.875,350.0786,0.0,0.0,37.012,0,1.0,2.17,310.005,-2.1774,36.0,0.0,257.832,0.0,0
46939,-1.5350000000000001,75.586,0.0,0.0,-1.875,350.0786,0.0,0.0,37.515,0,0.0,2.2600000000000002,310.005,-3.4971,37.35,0.0,257.832,0.0,0
46939,-1.0230000000000001,75.586,0.5,0.0,-1.875,350.0786,0.0,0.0,38.013000000000005,0,1.0,2.245,310.005,-1.3609,38.07,0.0,257.832,0.0,0
46939,-1.364,75.586,0.0,0.0,-1.875,350.0786,0.0,0.0,38.511,0,1.0,2.575,310.14000000000004,-0.48660000000000003,37.38,0.0,257.832,0.0,0
46939,-1.194,75.586,0.0,0.0,-1.875,350.0786,0.0,0.0,39.014,0,0.0,2.825,309.915,0.46190000000000003,36.21,0.0,257.832,0.0,0
46939,-1.0230000000000001,75.586,0.0,0.0,-1.875,350.0786,0.0,0.0,39.063,0,0.0,2.485,309.915,-0.6598,36.12,0.0,257.832,0.0,0
46939,-1.364,75.586,0.0,0.0,-1.875,350.0786,0.0,0.0,39.565000000000005,0,1.0,2.35,309.915,-2.3094,35.4,0.0,257.832,0.0,0
46939,-1.364,75.586,0.0,0.0,-1.875,350.0786,0.0,0.0,40.063,0,0.0,2.115,310.005,-2.7713,34.68,0.0,257.832,0.0,0
46939,-1.0230000000000001,75.586,0.0,0.0,-1.875,350.0786,0.0,0.0,40.562000000000005,0,1.0,2.77,310.005,1.5176,34.44,0.0,257.832,0.0,0
46939,-1.0230000000000001,75.586,0.0,0.0,-1.875,350.0786,0.0,0.0,41.064,0,1.0,3.265,310.005,1.1877,33.99,0.0,257.832,0.0,0
46939,-1.194,75.586,0.0,0.0,-1.875,350.0786,0.0,0.0,41.563,0,0.0,2.7,310.23,5.1136,34.02,0.0,257.832,0.0,0
46939,-1.364,75.586,-0.5,0.0,-1.875,350.0786,0.0,0.0,42.065000000000005,0,1.0,2.27,309.915,0.132,34.35,0.0,257.832,0.0,0
46939,-0.853,75.586,0.0,0.0,-1.875,350.0786,0.0,0.0,42.563,0,0.0,2.39,310.005,-1.8475000000000001,35.07,0.0,257.832,0.0,0
46939,-1.5350000000000001,75.586,0.0,0.0,-1.875,350.0786,0.0,0.0,43.062000000000005,0,0.0,3.1350000000000002,309.915,-6.9941,35.13,0.0,257.832,0.0,0
46939,-1.194,75.586,0.0,0.0,-1.875,350.0786,0.0,0.0,43.564,0,1.0,3.31,309.915,-2.9032,35.97,0.0,257.832,0.0,0
46939,-1.364,75.586,-0.5,0.0,-1.875,350.0786,0.0,0.0,44.063,0,0.0,2.725,310.005,0.9238000000000001,36.72,0.0,257.832,0.0,0
46939,-1.5350000000000001,75.586,0.5,0.0,-1.875,350.0786,0.0,0.0,44.565000000000005,0,2.0,2.5500000000000003,310.005,0.7258,37.11,0.0,257.832,0.0,0
46939,-1.0230000000000001,75.586,0.0,0.0,-1.875,350.0786,0.0,0.0,45.063,0,1.0,2.125,310.005,1.4516,36.69,0.0,257.832,0.0,0
46939,-1.0230000000000001,75.586,0.0,0.0,-1.875,350.0786,0.0,0.0,45.562000000000005,0,0.0,2.895,310.005,-2.3754,36.33,0.0,257.832,0.0,0
46939,-0.853,75.586,-0.5,0.0,-1.875,350.0786,0.0,0.0,46.064,0,1.0,3.1,310.14000000000004,2.7713,35.76,0.0,257.832,0.0,0
46939,-1.364,75.586,-0.5,0.0,-1.875,350.0786,0.0,0.0,46.563,0,0.0,2.5300000000000002,310.14000000000004,1.2207000000000001,35.4,0.0,257.832,0.0,0
46939,-1.364,75.586,0.0,0.0,-1.875,350.0786,0.0,0.0,47.065000000000005,0,0.0,2.065,310.14000000000004,3.0352,35.01,0.0,257.832,0.0,0
46939,-1.194,75.586,0.0,0.0,-1.875,350.0786,0.0,0.0,47.563,0,1.0,2.19,310.14000000000004,0.5279,33.72,0.0,257.832,0.0,0
46939,-1.364,75.586,-0.5,0.0,-1.875,350.0786,0.0,0.0,48.066,0,1.0,2.73,310.005,-2.5073000000000003,33.87,0.0,257.832,0.0,0
46939,-1.364,75.586,0.0,0.0,-1.875,350.0786,0.0,0.0,48.564,0,0.0,2.88,310.005,-0.6928000000000001,34.02,0.0,257.832,0.0,0
46939,-1.5350000000000001,75.586,0.5,0.0,-1.875,350.0786,0.0,0.0,49.067,0,2.0,2.6,310.005,-2.7713,34.14,0.0,257.832,0.0,0
46939,-1.364,75.586,-0.5,0.0,-1.875,350.0786,0.0,0.0,49.565000000000005,0,0.0,2.18,309.915,-0.9897,35.01,0.0,257.832,0.0,0
46939,-1.0230000000000001,75.586,0.0,0.0,-1.875,350.0786,0.0,0.0,50.068000000000005,0,0.0,2.19,310.14000000000004,1.9795,36.0,0.0,257.832,0.0,0
46939,-1.364,75.586,-0.5,0.0,-1.875,350.0786,0.0,0.0,50.566,0,0.0,2.88,310.005,6.8622000000000005,36.36,0.0,257.832,0.0,0
46939,-1.0230000000000001,75.586,-0.5,0.0,-1.875,350.0786,0.0,0.0,51.064,0,1.0,3.12,310.005,0.9238000000000001,36.57,0.0,257.832,0.0,0
46939,-1.0230000000000001,75.586,0.0,0.0,-1.875,350.0786,0.0,0.0,51.567,0,0.0,2.895,310.005,-6.499300000000001,36.12,0.0,257.832,0.0,0
46939,-1.0230000000000001,75.586,-0.5,0.0,-1.875,350.0786,0.0,0.0,52.065000000000005,0,1.0,2.395,310.14000000000004,1.4516,36.54,0.0,257.832,0.0,0
46939,-1.0230000000000001,75.586,-0.5,0.0,-1.875,350.0786,0.0,0.0,52.065000000000005,0,1.0,2.395,310.14000000000004,1.4516,36.54,0.0,257.832,0.0,0
46939,-1.0230000000000001,75.586,0.0,0.0,-1.875,350.0786,0.0,0.0,52.568000000000005,0,1.0,2.505,310.005,0.7918000000000001,36.0,0.0,257.832,0.0,0
46939,-1.705,75.586,0.0,0.0,-1.875,350.0786,0.0,0.0,53.066,0,0.0,3.065,310.14000000000004,2.9032,35.94,0.0,257.832,0.0,0
46939,-1.194,75.586,0.0,0.0,-1.875,350.0786,0.0,0.0,53.564,0,1.0,3.075,310.005,0.8908,34.62,0.0,257.832,0.0,0
46939,-1.194,75.586,0.0,0.0,-1.875,350.0786,0.0,0.0,54.067,0,1.0,2.59,310.005,-2.9032,34.17,0.0,257.832,0.0,0
46939,-1.0230000000000001,75.586,-0.5,0.0,-1.875,350.0786,0.0,0.0,54.116,0,0.0,2.465,310.14000000000004,-2.4001,34.2,0.0,257.832,0.0,0
46939,-1.364,75.586,0.5,0.0,-1.875,350.0786,0.0,0.0,54.619,0,1.0,2.055,310.005,0.3547,33.63,0.0,257.832,0.0,0
46939,-0.853,75.586,0.0,0.0,-1.875,350.0786,0.0,0.0,55.117000000000004,0,0.0,2.92,310.005,1.0557,34.32,0.0,257.832,0.0,0
46939,-1.0230000000000001,75.586,0.0,0.0,-1.875,350.0786,0.0,0.0,55.615,0,2.0,3.075,310.005,-4.3548,34.77,0.0,257.832,0.0,0
46939,-1.0230000000000001,75.586,0.0,0.0,-1.875,350.0786,0.0,0.0,56.118,0,0.0,3.055,310.005,2.5733,35.49,0.0,257.832,0.0,0
46939,-1.0230000000000001,75.586,0.0,0.0,-1.875,350.0786,0.0,0.0,56.616,0,0.0,2.4,309.915,-0.8413,36.15,0.0,257.832,0.0,0
46939,-1.364,75.586,0.5,0.0,-1.875,350.0786,0.0,0.0,57.119,0,1.0,1.945,309.915,-0.7753,35.910000000000004,0.0,257.832,0.0,0
46939,-1.0230000000000001,75.586,-0.5,0.0,-1.875,350.0786,0.0,0.0,57.617000000000004,0,0.0,2.285,310.005,-1.2289,35.43,0.0,257.832,0.0,0
46939,-1.194,75.586,0.0,0.0,-1.875,350.0786,0.0,0.0,58.120000000000005,0,1.0,2.94,309.915,0.9238000000000001,35.160000000000004,0.0,257.832,0.0,0
46939,-1.194,75.586,0.0,0.0,-1.875,350.0786,0.0,0.0,58.618,0,2.0,2.88,310.005,0.5938,35.22,0.0,257.832,0.0,0
46939,-1.0230000000000001,75.586,-0.5,0.0,-1.875,350.0786,0.0,0.0,59.121,0,1.0,2.445,310.14000000000004,0.767,35.07,0.0,257.832,0.0,0
46939,-1.0230000000000001,75.586,0.5,0.0,-1.875,350.0786,0.0,0.0,59.619,0,1.0,2.6,310.005,2.9032,34.77,0.0,257.832,0.0,0
46939,-1.194,75.586,0.0,0.0,-1.875,350.0786,0.0,0.0,60.117000000000004,0,1.0,2.6350000000000002,310.005,-0.19790000000000002,34.77,0.0,257.832,0.0,0
46939,-1.194,75.586,0.0,0.0,-1.875,350.0786,0.0,0.0,60.615,0,0.0,3.215,310.005,-3.4311000000000003,33.6,0.0,257.832,0.0,0
46939,-1.194,75.586,0.0,0.0,-1.875,350.0786,0.0,0.0,61.118,0,1.0,3.16,309.915,0.5444,33.72,0.0,257.832,0.0,0
46939,-1.194,75.586,0.5,0.0,-1.875,350.0786,0.0,0.0,61.616,0,0.0,2.805,309.915,0.8330000000000001,33.9,0.0,257.832,0.0,0
46939,-0.853,75.586,-0.5,0.0,-1.875,350.0786,0.0,0.0,62.119,0,1.0,2.44,310.14000000000004,-0.6846,34.35,0.0,257.832,0.0,0
46939,-1.0230000000000001,75.586,0.0,0.0,-1.875,350.0786,0.0,0.0,62.617000000000004,0,0.0,2.695,310.005,3.3898,35.88,0.0,257.832,0.0,0
46939,-1.364,75.586,0.0,0.0,-1.875,350.0786,0.0,0.0,63.115,0,1.0,3.56,310.005,2.8207,36.87,0.0,257.832,0.0,0
46939,-1.194,75.586,0.0,0.0,-1.875,350.0786,0.0,0.0,63.169000000000004,0,1.0,3.67,310.005,1.7815,36.9,0.0,257.832,0.0,0
46939,-0.853,75.586,0.0,0.0,-1.875,350.0786,0.0,0.0,63.667,0,0.0,3.13,310.005,-5.1466,37.02,0.0,257.832,0.0,0
46939,-1.5350000000000001,75.586,0.0,0.0,-1.875,350.0786,0.0,0.0,64.17,0,0.0,2.25,310.14000000000004,-1.9465000000000001,36.15,0.0,257.832,0.0,0
46939,-1.364,75.586,-0.5,0.0,-1.875,350.0786,0.0,0.0,64.668,0,1.0,2.73,310.005,3.4311000000000003,35.52,0.0,257.832,0.0,0
46939,-1.0230000000000001,75.586,0.0,0.0,-1.875,350.0786,0.0,0.0,65.166,0,0.0,3.105,310.14000000000004,3.8600000000000003,35.7,0.0,257.832,0.0,0
46939,-0.853,75.586,0.0,0.0,-1.875,350.0786,0.0,0.0,65.669,0,2.0,3.37,310.005,-1.9795,35.76,0.0,257.832,0.0,0
46939,-1.5350000000000001,75.586,-0.5,0.0,-1.875,350.0786,0.0,0.0,66.167,0,2.0,2.975,310.005,-3.1672000000000002,35.730000000000004,0.0,257.832,0.0,0
46939,-1.364,75.586,0.5,0.0,-1.875,350.0786,0.0,0.0,66.67,0,0.0,2.295,310.14000000000004,-3.2991,35.52,0.0,257.832,0.0,0
46939,-0.853,75.586,0.0,0.0,-1.875,350.0786,0.0,0.0,67.168,0,1.0,2.48,310.14000000000004,2.2764,34.02,0.0,257.832,0.0,0
46939,-1.0230000000000001,75.586,-0.5,0.0,-1.875,350.0786,0.0,0.0,67.671,0,1.0,2.9,309.915,1.4516,33.27,0.0,257.832,0.0,0
46939,-1.0230000000000001,75.586,0.0,0.0,-1.875,350.0786,0.0,0.0,68.14500000000001,0,0.0,-0.26,310.005,-3.8600000000000003,32.94,0.0,257.832,0.0,0
46939,-0.853,75.586,0.0,0.0,-1.875,350.0786,0.0,0.0,68.501,0,1.0,-3.0500000000000003,309.915,-3.563,34.14,0.0,257.832,0.0,0
46939,-1.0230000000000001,75.586,0.0,0.0,-1.875,350.0786,0.0,0.0,68.682,0,0.0,-3.44,310.005,3.3651,35.97,0.0,257.832,0.0,0
46939,-0.853,75.586,0.0,0.0,-1.875,350.0786,0.0,0.0,68.726,0,0.0,-0.045,310.005,1.4516,37.89,0.0,257.832,0.0,0
46939,-1.194,75.586,0.0,0.0,-1.875,350.0786,0.0,0.0,68.735,0,0.0,0.105,310.005,3.3651,37.86,0.0,257.832,0.0,0
46939,-1.5350000000000001,75.586,-0.5,0.0,-1.875,350.0786,0.0,0.0,68.735,0,1.0,0.655,310.005,-2.9032,37.38,0.0,257.832,0.0,0
46939,-1.364,75.586,0.0,0.0,-1.875,350.0786,0.0,0.0,68.735,0,1.0,0.465,310.005,-1.5836000000000001,36.15,0.0,257.832,0.0,0
46939,-1.194,75.586,0.0,0.0,-1.875,350.0786,0.0,0.0,68.71600000000001,0,1.0,-3.68,310.14000000000004,2.7713,35.61,0.0,257.832,0.0,0
46939,-1.0230000000000001,75.586,0.0,0.0,-1.875,350.0786,0.0,0.0,68.589,0,0.0,-7.58,309.915,-1.7815,35.25,0.0,257.832,0.0,0
46939,-0.853,75.586,0.5,0.0,-1.875,350.0786,0.0,0.0,68.286,0,0.0,-8.35,309.915,-2.7713,35.79,0.0,257.832,0.0,0
46939,-1.194,75.586,0.0,0.0,-1.875,350.0786,0.0,0.0,67.788,0,0.0,-8.705,309.915,0.9567,35.82,0.0,257.832,0.0,0
46939,-1.194,75.586,0.0,0.0,-1.875,350.0786,0.0,0.0,67.104,0,0.0,-8.73,309.915,0.39590000000000003,35.46,0.0,257.832,0.0,0
46939,-0.853,75.586,0.0,0.0,-1.875,350.0786,0.0,0.0,66.25500000000001,0,0.0,-8.52,310.005,-1.6496000000000002,34.26,0.0,257.832,0.0,0
46939,-1.194,75.586,0.0,0.0,-1.875,350.0786,0.0,0.0,65.278,0,0.0,-4.55,309.915,1.0557,34.17,0.0,257.832,0.0,0
46939,-0.853,75.586,0.0,0.0,-1.875,350.0786,0.0,0.0,64.268,0,0.0,-3.59,310.005,3.3651,34.32,0.0,257.832,0.0,0
46939,-1.194,75.586,0.0,0.0,-1.875,350.0786,0.0,0.0,64.165,0,0.0,-3.83,310.005,3.0847,34.44,0.0,257.832,0.0,0
46939,-1.364,75.586,0.5,0.0,-1.875,350.0786,0.0,0.0,63.164,0,0.0,-3.21,310.14000000000004,4.8580000000000005,36.15,0.0,257.832,0.0,0
46939,-1.0230000000000001,75.586,0.0,0.0,-1.875,350.0786,0.0,0.0,62.163000000000004,0,1.0,-3.5,310.005,2.4249,37.59,0.0,257.832,0.0,0
46939,-1.0230000000000001,75.586,0.0,0.0,-1.875,350.0786,0.0,0.0,61.162000000000006,0,0.0,-3.585,310.005,-1.9795,37.89,0.0,257.832,0.0,0
46939,-1.0230000000000001,75.586,0.5,0.0,-1.875,350.0786,0.0,0.0,60.161,0,0.0,-2.825,310.005,-1.1629,37.53,0.0,257.832,0.0,0
46939,-1.364,75.586,0.0,0.0,-1.875,350.0786,0.0,0.0,59.165000000000006,0,1.0,-3.72,309.915,1.4681,36.27,0.0,257.832,0.0,0
46939,-1.5350000000000001,75.586,0.0,0.0,-1.875,350.0786,0.0,0.0,58.164,0,0.0,-3.7,310.005,-0.7258,35.4,0.0,257.832,0.0,0
46939,-1.0230000000000001,75.586,0.0,0.0,-1.875,350.0786,0.0,0.0,57.163000000000004,0,0.0,-4.035,310.005,-3.2991,35.67,0.0,257.832,0.0,0
46939,-1.364,75.586,-0.5,0.0,-1.875,350.0786,0.0,0.0,56.167,0,1.0,-3.94,310.14000000000004,1.6908,35.550000000000004,0.0,257.832,0.0,0
46939,-0.853,75.586,0.5,0.0,-1.875,350.0786,0.0,0.0,55.166000000000004,0,0.0,-3.23,309.915,-0.3134,35.52,0.0,257.832,0.0,0
46939,-1.0230000000000001,75.586,0.0,0.0,-1.875,350.0786,0.0,0.0,54.165,0,0.0,-4.025,310.005,-1.798,35.01,0.0,257.832,0.0,0
46939,-1.194,75.586,-0.5,0.0,-1.875,350.0786,0.0,0.0,53.164,0,1.0,-3.085,310.005,-0.767,34.32,0.0,257.832,0.0,0
46939,-1.194,75.586,0.0,0.0,-1.875,350.0786,0.0,0.0,52.163000000000004,0,0.0,-3.34,310.005,3.8105,34.08,0.0,257.832,0.0,0
46939,-1.0230000000000001,75.586,-0.5,0.0,-1.875,350.0786,0.0,0.0,51.162,0,0.0,-3.775,310.005,-1.0557,34.410000000000004,0.0,257.832,0.0,0
46939,-1.0230000000000001,75.586,0.0,0.0,-1.875,350.0786,0.0,0.0,50.161,0,1.0,-3.0,310.005,-1.2702,35.43,0.0,257.832,0.0,0
46939,-1.0230000000000001,75.586,0.0,0.0,-1.875,350.0786,0.0,0.0,49.160000000000004,0,0.0,-3.87,310.005,0.0,36.54,0.0,257.832,0.0,0
46939,-1.5350000000000001,75.586,-0.5,0.0,-1.875,350.0786,0.0,0.0,48.164,0,2.0,-3.3850000000000002,310.005,0.0,37.230000000000004,0.0,257.832,0.0,0
46939,-1.364,75.586,0.5,0.0,-1.875,350.0786,0.0,0.2,47.163000000000004,0,0.0,-3.605,310.14000000000004,2.1527000000000003,37.26,0.0,257.832,0.0,0
46939,-1.0230000000000001,75.586,0.5,0.0,-1.875,350.0786,0.0,0.0,46.162,0,0.0,-4.245,310.005,2.1114,36.6,0.0,257.832,0.0,0
46939,-1.364,75.586,0.0,0.0,-1.875,350.0786,0.0,0.0,45.161,0,1.0,-2.815,309.915,-2.7548,35.82,0.0,257.832,0.0,0
46939,-0.853,75.586,0.0,0.0,-1.875,350.0786,0.0,0.0,44.160000000000004,0,0.0,-4.16,310.005,-4.66,35.49,0.0,257.832,0.0,0
46939,-1.0230000000000001,75.586,0.0,0.0,-1.875,350.0786,0.0,-0.2,43.159,0,0.0,-2.6550000000000002,310.005,3.1012,34.980000000000004,0.0,257.832,0.0,0
46939,-1.364,75.586,0.5,0.0,-1.875,350.0786,0.0,0.0,42.158,0,0.0,-3.335,310.14000000000004,6.359100000000001,34.47,0.0,257.832,0.0,0
46939,-1.5350000000000001,75.586,0.0,0.0,-1.875,350.0786,0.0,-0.2,41.157000000000004,0,0.0,-3.84,309.915,-1.5011,34.32,0.0,257.832,0.0,0
46939,-1.0230000000000001,75.586,0.5,0.0,-1.875,350.0786,0.0,0.0,40.156,0,0.0,-2.48,310.005,-3.6950000000000003,34.89,0.0,257.832,0.0,0
46939,-0.853,75.586,0.5,0.0,-1.875,350.0786,0.0,0.0,39.160000000000004,0,0.0,-4.115,310.005,0.0247,34.71,0.0,257.832,0.0,0
46939,-1.0230000000000001,75.586,0.0,0.0,-1.875,350.0786,0.0,0.0,38.159,0,1.0,-3.055,309.915,0.0825,35.04,0.0,257.832,0.0,0
46939,-1.194,75.586,0.5,0.0,-1.875,350.0786,0.0,-0.2,37.158,0,1.0,-3.705,309.915,-3.3486000000000002,35.7,0.0,257.832,0.0,0
46939,-0.853,75.586,0.0,0.0,-1.875,350.0786,0.0,0.0,36.162,0,0.0,-3.99,309.915,-1.699,36.9,0.0,257.832,0.0,0
46939,-1.0230000000000001,75.586,0.0,0.0,-1.875,350.0786,0.0,0.2,35.161,0,0.0,-2.755,309.915,0.6598,37.410000000000004,0.0,257.832,0.0,0
46939,-1.194,75.586,0.5,0.0,-1.875,350.0786,0.0,0.0,34.160000000000004,0,1.0,-3.685,310.14000000000004,3.6043000000000003,36.78,0.0,257.832,0.0,0
46939,-1.0230000000000001,75.586,0.0,0.0,-1.875,350.0786,0.0,0.0,34.058,0,0.0,-3.64,310.14000000000004,4.6188,36.660000000000004,0.0,257.832,0.0,0
46939,-1.364,75.586,0.0,0.0,-1.875,350.0786,0.0,0.2,33.057,0,0.0,-3.0100000000000002,310.14000000000004,5.3776,36.42,0.0,257.832,0.0,0
46939,-1.364,75.586,0.0,0.0,-1.875,350.0786,0.0,0.0,32.056000000000004,0,1.0,-3.42,309.915,-0.39590000000000003,34.83,0.0,257.832,0.0,0
46939,-1.364,75.586,0.0,0.0,-1.875,350.0786,0.0,0.0,31.060000000000002,0,1.0,-2.95,310.14000000000004,-3.6950000000000003,35.04,0.0,257.832,0.0,0
46939,-1.5350000000000001,75.586,0.0,0.0,-1.875,350.0786,0.0,0.0,30.059,0,0.0,-3.1350000000000002,310.14000000000004,1.3196,35.1,0.0,257.832,0.0,0
46939,-0.853,75.586,-0.5,0.0,-1.875,350.0786,0.0,0.0,29.058,0,0.0,-4.205,310.005,2.3094,35.160000000000004,0.0,257.832,0.0,0
46939,-0.853,75.586,-0.5,0.0,-1.875,350.0786,0.0,0.0,28.057000000000002,0,0.0,-2.98,310.14000000000004,-1.8475000000000001,35.34,0.0,257.832,0.0,0
46939,-1.194,75.586,0.0,0.0,-1.875,350.0786,0.0,0.0,27.056,0,1.0,-4.215,310.005,-2.2764,35.04,0.0,257.832,0.0,0
46939,-1.0230000000000001,75.586,0.0,0.0,-1.875,350.0786,0.0,0.2,26.060000000000002,0,2.0,-2.695,310.005,-0.7918000000000001,35.22,0.0,257.832,0.0,0
46939,-1.194,75.586,0.0,0.0,-1.875,350.0786,0.0,0.2,25.059,0,2.0,-4.11,310.005,-4.1239,34.68,0.0,257.832,0.0,0
46939,-1.194,75.586,-0.5,0.0,-1.875,350.0786,0.0,-0.2,24.956,0,1.0,-3.06,310.005,-3.4723,34.77,0.0,257.832,0.0,0
46939,-1.0230000000000001,75.586,0.0,0.0,-1.875,350.0786,0.0,-0.2,23.96,0,0.0,-3.77,310.005,-1.3196,36.09,0.0,257.832,0.0,0
46939,-1.0230000000000001,75.586,0.5,0.0,-1.875,350.0786,0.0,0.0,22.959,0,0.0,-3.865,310.005,1.3196,36.69,0.0,257.832,0.0,0
46939,-1.194,75.586,0.5,0.0,-1.875,350.0786,0.0,0.0,21.958000000000002,0,0.0,-2.67,310.005,-0.2639,37.26,0.0,257.832,0.0,0
46939,-1.194,75.586,0.0,0.0,-1.875,350.0786,0.0,0.0,20.957,0,1.0,-3.38,310.005,0.6433,36.93,0.0,257.832,0.0,0
46939,-1.194,75.586,-0.5,0.0,-1.875,350.0786,0.0,0.0,19.956,0,0.0,-3.6950000000000003,310.14000000000004,6.5735,36.15,0.0,257.832,0.0,0
46939,-1.364,75.586,0.0,0.0,-1.875,350.0786,0.0,0.0,18.955000000000002,0,0.0,-3.315,310.005,0.3299,35.52,0.0,257.832,0.0,0
46939,-0.853,75.586,0.0,0.0,-1.875,350.0786,0.0,0.0,17.954,0,1.0,-3.975,310.005,-4.2889,35.46,0.0,257.832,0.0,0
46939,-0.853,75.586,0.5,0.0,-1.875,350.0786,0.0,0.0,16.958000000000002,0,0.0,-3.15,310.005,-2.1527000000000003,34.800000000000004,0.0,257.832,0.0,0
46939,-0.853,75.586,0.0,0.0,-1.875,350.0786,0.0,-0.2,15.957,0,1.0,-3.955,310.14000000000004,0.767,34.59,0.0,257.832,0.0,0
46939,-1.364,75.586,0.0,0.0,-1.875,350.0786,0.0,-0.2,14.956000000000001,0,2.0,-3.125,309.915,2.1279,34.62,0.0,257.832,0.0,0
46939,-1.5350000000000001,75.586,0.0,0.0,-1.875,350.0786,0.0,0.0,13.955,0,1.0,-3.9,309.915,1.0062,34.26,0.0,257.832,0.0,0
46939,-1.0230000000000001,75.586,0.0,0.0,-1.875,350.0786,0.0,-0.2,12.954,0,0.0,-2.865,310.005,-1.8475000000000001,34.410000000000004,0.0,257.832,0.0,0
46939,-1.364,75.586,0.0,0.0,-1.875,350.0786,0.0,0.0,11.953000000000001,0,1.0,-3.31,310.14000000000004,3.1919,34.65,0.0,257.832,0.0,0
46939,-1.364,75.586,0.5,0.0,-1.875,350.0786,0.0,0.0,10.952,0,1.0,-3.065,310.005,-1.097,35.52,0.0,257.832,0.0,0
46939,-1.0230000000000001,75.586,0.5,0.0,-1.875,350.0786,0.0,0.0,9.951,0,0.0,-3.6950000000000003,310.005,-0.3299,35.910000000000004,0.0,257.832,0.0,0
46939,-1.0230000000000001,75.586,0.0,0.0,-1.875,350.0786,0.0,0.0,9.854000000000001,0,0.0,-2.495,310.005,-0.7918000000000001,35.910000000000004,0.0,257.832,0.0,0
46939,-0.853,75.586,0.0,0.0,-1.875,350.0786,0.0,0.2,8.853,0,1.0,-4.485,310.005,0.9238000000000001,35.97,0.0,257.832,0.0,0
46939,-1.5350000000000001,75.586,0.0,0.0,-1.875,350.0786,0.0,-0.2,7.856000000000001,0,0.0,-2.4050000000000002,310.005,2.3754,35.730000000000004,0.0,257.832,0.0,0
46939,-1.0230000000000001,75.586,0.0,0.0,-1.875,350.0786,0.0,0.0,6.904,0,0.0,4.46,309.825,-5.6745,36.300000000000004,0.0,257.832,0.0,0
46939,-1.0230000000000001,75.586,0.0,0.0,-1.875,350.0786,0.0,0.0,6.2010000000000005,0,2.0,8.505,309.915,-6.0044,35.82,0.0,257.832,0.0,0
46939,-0.853,75.586,0.0,0.0,-1.875,350.0786,0.0,0.0,5.845000000000001,0,1.0,7.44,310.14000000000004,3.563,35.43,0.0,257.832,0.0,0
46939,-1.194,75.586,0.0,0.0,-1.875,350.0786,0.0,0.0,5.752000000000001,0,1.0,1.205,310.005,1.7155,34.74,0.0,257.832,0.0,0
46939,-0.853,75.586,-0.5,0.0,-1.875,350.0786,0.0,0.0,5.737,0,0.0,-2.12,310.14000000000004,1.8475000000000001,33.96,0.0,257.832,0.0,0
46939,-0.853,75.586,-0.5,0.0,-1.875,350.0786,0.0,0.0,5.737,0,0.0,-2.12,310.14000000000004,1.8475000000000001,33.96,0.0,257.832,0.0,0
