Zykluszahl,Spritzdruck,SC-Position,SC-Geschwindigkeit,SC-Drehzahl,IST-Schliesskraft,WZ-Position,WZ-Geschwindigkeit,Kreuzkopf-Geschwindigkeit,AW-Position,AW-Geschwindigkeit,SC-Drehmoment,AW-Kraft,EE-Position,EE-Geschwindigkeit,EE-Stellsignal,Anlagekraft,Kreuzkopf-Position,Werkzeuginnendruck 1,Werkzeuginnendruck 2
46986,-1.5350000000000001,67.62700000000001,0.0,0.0,-1.1500000000000001,350.0786,0.0,0.0,5.742,0,1.0,-0.545,310.14000000000004,3.4311000000000003,35.94,0.0,257.832,0.0,0
46986,-1.194,67.62700000000001,0.0,0.0,-1.1500000000000001,350.0786,0.0,0.0,5.742,0,1.0,-0.485,309.915,-1.5176,35.160000000000004,0.0,257.832,0.0,0
46986,-1.364,67.62700000000001,1.0,0.0,-1.1500000000000001,350.0786,0.0,0.0,5.742,0,1.0,-0.465,310.005,-1.9795,35.1,0.0,257.832,0.0,0
46986,-1.5350000000000001,67.62700000000001,0.0,0.0,-1.1500000000000001,350.0786,0.0,0.0,5.742,0,1.0,-0.48,310.005,-2.5403000000000002,36.03,0.0,257.832,0.0,0
46986,-1.5350000000000001,67.62700000000001,0.0,0.0,-1.1500000000000001,350.0786,0.0,-1.5,5.742,0,2.0,-0.47000000000000003,310.005,0.2639,36.93,0.0,257.832,0.0,0
46986,-1.0230000000000001,67.62700000000001,0.0,0.0,-1.1500000000000001,349.9995,0.0,-4.3,5.742,0,1.0,-0.41500000000000004,310.14000000000004,1.4846000000000001,38.28,0.0,257.793,0.0,0
46986,-1.194,67.62700000000001,0.0,0.0,-1.1500000000000001,349.8798,0.0,-8.3,5.742,0,1.0,-0.405,310.005,2.7713,38.52,0.0,257.73400000000004,0.0,0
46986,-1.5350000000000001,67.62700000000001,0.0,0.0,-1.1500000000000001,349.64230000000003,-40.6,-15.200000000000001,5.742,0,0.0,-0.45,309.915,-0.19790000000000002,38.22,0.0,257.617,0.0,0
46986,-1.364,67.62700000000001,0.0,0.0,-1.1500000000000001,349.28520000000003,-40.6,-20.3,5.742,0,1.0,-0.47500000000000003,310.005,-3.563,37.47,0.0,257.44100000000003,0.0,0
46986,-1.194,67.62700000000001,0.0,0.0,-1.1500000000000001,348.81030000000004,-40.6,-26.900000000000002,5.742,0,1.0,-0.47500000000000003,310.14000000000004,2.0125,37.5,0.0,257.207,0.0,0
46986,-1.0230000000000001,67.62700000000001,0.0,0.0,-1.1500000000000001,348.13660000000004,-79.10000000000001,-34.800000000000004,5.742,0,0.0,-0.435,310.005,0.39590000000000003,37.47,0.0,256.875,0.0,0
46986,-1.5350000000000001,67.62700000000001,0.0,0.0,-1.1500000000000001,348.096,-40.6,-35.6,5.742,0,0.0,-0.46,310.005,0.0495,37.5,0.0,256.855,0.0,0
46986,-1.5350000000000001,67.62700000000001,0.0,0.0,-1.1500000000000001,347.2591,-120.9,-43.2,5.742,0,0.0,-0.47500000000000003,310.005,-2.1774,36.84,0.0,256.445,0.0,0
46986,-1.364,67.62700000000001,0.0,0.0,-1.1500000000000001,346.29970000000003,-118.9,-49.800000000000004,5.742,0,0.0,-0.45,310.005,-0.5691,35.94,0.0,255.977,0.0,0
46986,-1.364,67.62700000000001,0.0,0.0,-1.1500000000000001,345.2172,-121.0,-57.5,5.742,0,0.0,-0.495,309.915,-0.1155,34.83,0.0,255.449,0.0,0
46986,-1.5350000000000001,67.62700000000001,0.0,0.0,-1.1500000000000001,343.97700000000003,-118.9,-63.5,5.742,0,1.0,-0.455,310.14000000000004,1.5588000000000002,34.56,0.0,254.84400000000002,0.0,0
46986,-1.364,67.62700000000001,0.0,0.0,-1.1500000000000001,342.6157,-118.9,-69.4,5.742,0,1.0,-0.485,310.005,4.2229,35.1,0.0,254.18,0.0,0
46986,-1.5350000000000001,67.62700000000001,0.0,0.0,-1.1500000000000001,341.1196,-161.70000000000002,-74.5,5.742,0,1.0,-0.48,309.915,0.5279,37.53,0.0,253.45700000000002,0.0,0
46986,-1.5350000000000001,67.62700000000001,0.0,0.0,-1.1500000000000001,339.5399,-161.70000000000002,-77.8,5.742,0,0.0,-0.495,310.005,-6.7302,38.76,0.0,252.69500000000002,0.0,0
46986,-1.5350000000000001,67.62700000000001,0.0,0.0,-1.1500000000000001,337.9209,-161.70000000000002,-79.8,5.742,0,2.0,-0.495,309.915,-1.4351,39.12,0.0,251.91400000000002,0.0,0
46986,-1.364,67.62700000000001,0.0,0.0,-1.1500000000000001,336.2124,-203.4,-80.60000000000001,5.742,0,1.0,-0.48,310.005,4.2889,39.06,0.0,251.09400000000002,0.0,0
46986,-1.364,67.62700000000001,0.0,0.0,-1.1500000000000001,334.5321,-163.6,-80.3,5.742,0,1.0,-0.425,309.915,-2.5568,37.980000000000004,0.0,250.293,0.0,0
46986,-1.5350000000000001,67.62700000000001,0.0,0.0,-1.1500000000000001,332.8518,-163.70000000000002,-80.10000000000001,5.742,0,1.0,-0.47000000000000003,309.915,-0.3794,36.75,0.0,249.49200000000002,0.0,0
46986,-1.5350000000000001,67.62700000000001,0.0,0.0,-1.1500000000000001,331.1682,-167.8,-80.3,5.742,0,1.0,-0.455,309.915,5.0312,36.6,0.0,248.691,0.0,0
46986,-1.194,67.62700000000001,0.0,0.0,-1.1500000000000001,329.46950000000004,-165.6,-79.60000000000001,5.742,0,2.0,-0.485,310.005,2.1609000000000003,36.27,0.0,247.89100000000002,0.0,0
46986,-1.364,67.62700000000001,0.0,0.0,-1.1500000000000001,327.7687,-165.6,-80.10000000000001,5.742,0,1.0,-0.485,310.005,-0.14850000000000002,35.910000000000004,0.0,247.09,0.0,0
46986,-1.194,67.62700000000001,0.0,0.0,-1.1500000000000001,326.06780000000003,-165.6,-80.10000000000001,5.742,0,1.0,-0.5,310.005,-0.066,35.97,0.0,246.28900000000002,0.0,0
46986,-1.364,67.62700000000001,0.0,0.0,-1.1500000000000001,324.3483,-167.6,-80.10000000000001,5.742,0,1.0,-0.455,310.14000000000004,-2.664,34.980000000000004,0.0,245.488,0.0,0
46986,-1.364,67.62700000000001,0.0,0.0,-1.1500000000000001,322.62850000000003,-167.70000000000002,-80.3,5.742,0,0.0,-0.49,310.14000000000004,1.2949000000000002,34.83,0.0,244.68800000000002,0.0,0
46986,-1.5350000000000001,67.62700000000001,0.0,0.0,-1.1500000000000001,320.9066,-167.70000000000002,-80.10000000000001,5.742,0,0.0,-0.435,310.14000000000004,2.8785000000000003,35.76,0.0,243.887,0.0,0
46986,-1.5350000000000001,67.62700000000001,0.0,0.0,-1.1500000000000001,319.1717,-169.70000000000002,-80.10000000000001,5.742,0,0.0,-0.445,310.005,2.2104,36.87,0.0,243.086,0.0,0
46986,-1.364,67.62700000000001,0.0,0.0,-1.1500000000000001,317.4287,-169.70000000000002,-80.10000000000001,5.742,0,1.0,-0.45,310.005,0.0247,37.89,0.0,242.28500000000003,0.0,0
46986,-1.0230000000000001,67.62700000000001,0.0,0.0,-1.1500000000000001,315.6856,-171.9,-80.10000000000001,5.742,0,0.0,-0.495,310.005,-1.5836000000000001,37.71,0.0,241.484,0.0,0
46986,-0.853,67.62700000000001,0.0,0.0,-1.1500000000000001,313.9375,-171.8,-80.60000000000001,5.742,0,0.0,-0.47500000000000003,309.915,-3.4146,37.47,0.0,240.684,0.0,0
46986,-1.194,67.62700000000001,0.0,0.0,-1.1500000000000001,312.1734,-171.8,-80.10000000000001,5.742,0,0.0,-0.425,309.915,-5.3033,36.660000000000004,0.0,239.883,0.0,0
46986,-1.5350000000000001,67.62700000000001,0.0,0.0,-1.1500000000000001,310.40930000000003,-171.8,-80.10000000000001,5.742,0,1.0,-0.5,310.005,-1.0557,36.36,0.0,239.08200000000002,0.0,0
46986,-1.194,67.62700000000001,0.0,0.0,-1.1500000000000001,310.2375,-171.8,-80.10000000000001,5.742,0,1.0,-0.495,310.005,-0.5279,36.36,0.0,239.00400000000002,0.0,0
46986,-1.5350000000000001,67.62700000000001,1.0,0.0,-1.1500000000000001,308.4698,-173.8,-79.8,5.742,0,0.0,-0.35000000000000003,309.915,2.5073000000000003,36.0,0.0,238.203,0.0,0
46986,-1.364,67.62700000000001,0.0,0.0,-1.1500000000000001,306.685,-173.8,-80.10000000000001,5.742,0,1.0,-0.48,310.005,3.8930000000000002,35.79,0.0,237.40200000000002,0.0,0
46986,-1.364,67.62700000000001,0.0,0.0,-1.1500000000000001,304.9024,-216.20000000000002,-80.10000000000001,5.742,0,1.0,-0.455,310.005,-0.7918000000000001,35.550000000000004,0.0,236.602,0.0,0
46986,-1.364,67.62700000000001,0.0,0.0,-1.1500000000000001,303.11760000000004,-216.10000000000002,-80.10000000000001,5.742,0,1.0,-0.455,309.915,-1.5836000000000001,35.31,0.0,235.80100000000002,0.0,0
46986,-1.364,67.62700000000001,0.0,0.0,-1.1500000000000001,301.31460000000004,-220.8,-79.8,5.742,0,0.0,-0.41500000000000004,310.005,1.1877,34.59,0.0,235.0,0.0,0
46986,-1.194,67.62700000000001,0.0,0.0,-1.1500000000000001,299.5095,-220.9,-79.8,5.742,0,0.0,-0.46,310.005,-1.0557,35.07,0.0,234.199,0.0,0
46986,-1.5350000000000001,67.62700000000001,0.0,0.0,-1.1500000000000001,297.7045,-220.8,-80.10000000000001,5.742,0,0.0,-0.465,309.915,-2.2434000000000003,36.300000000000004,0.0,233.39800000000002,0.0,0
46986,-1.5350000000000001,67.62700000000001,1.0,0.0,-1.1500000000000001,295.8895,-220.9,-80.10000000000001,5.742,0,0.0,-0.445,310.005,-1.0557,36.75,0.0,232.598,0.0,0
46986,-1.5350000000000001,67.62700000000001,0.0,0.0,-1.1500000000000001,294.065,-223.20000000000002,-80.10000000000001,5.742,0,0.0,-0.42,310.005,0.5279,37.53,0.0,231.797,0.0,0
46986,-1.5350000000000001,67.62700000000001,0.0,0.0,-1.1500000000000001,292.286,-177.70000000000002,-80.10000000000001,5.742,0,0.0,-0.54,310.005,0.46190000000000003,37.62,0.0,231.01600000000002,0.0,0
46986,-1.364,67.62700000000001,0.0,0.0,-1.1500000000000001,290.4553,-179.5,-80.10000000000001,5.742,0,0.0,-0.485,310.14000000000004,2.5073000000000003,37.26,0.0,230.215,0.0,0
46986,-1.364,67.62700000000001,0.0,0.0,-1.1500000000000001,288.6123,-179.4,-80.10000000000001,5.742,0,1.0,-0.43,310.14000000000004,4.651800000000001,36.51,0.0,229.41400000000002,0.0,0
46986,-1.364,67.62700000000001,0.0,0.0,-1.1500000000000001,286.7692,-179.4,-80.60000000000001,5.742,0,1.0,-0.51,310.005,0.6598,36.6,0.0,228.613,0.0,0
46986,-1.364,67.62700000000001,0.0,0.0,-1.1500000000000001,284.9273,-180.5,-80.10000000000001,5.742,0,0.0,-0.54,310.005,-2.2764,35.52,0.0,227.81300000000002,0.0,0
46986,-1.5350000000000001,67.62700000000001,0.0,0.0,-1.1500000000000001,283.0666,-181.20000000000002,-80.3,5.742,0,0.0,-0.47000000000000003,310.005,-2.7713,35.49,0.0,227.012,0.0,0
46986,-1.364,67.62700000000001,0.0,0.0,-1.1500000000000001,282.8854,-181.20000000000002,-80.10000000000001,5.742,0,0.0,-0.48,310.14000000000004,-1.3856000000000002,35.46,0.0,226.934,0.0,0
46986,-1.5350000000000001,67.62700000000001,0.0,0.0,-1.1500000000000001,281.0246,-181.20000000000002,-80.3,5.742,0,0.0,-0.445,310.005,-0.066,35.34,0.0,226.133,0.0,0
46986,-1.364,67.62700000000001,0.0,0.0,-1.1500000000000001,279.1639,-181.20000000000002,-80.3,5.742,0,1.0,-0.4,310.14000000000004,2.6146000000000003,35.37,0.0,225.33200000000002,0.0,0
46986,-1.5350000000000001,67.62700000000001,0.0,0.0,-1.1500000000000001,277.2885,-182.8,-79.8,5.742,0,0.0,-0.445,310.005,0.5938,35.13,0.0,224.531,0.0,0
46986,-1.194,67.62700000000001,0.0,0.0,-1.1500000000000001,275.4112,-185.20000000000002,-79.8,5.742,0,0.0,-0.42,309.915,0.0825,35.46,0.0,223.73000000000002,0.0,0
46986,-1.364,67.62700000000001,0.0,0.0,-1.1500000000000001,273.53630000000004,-182.8,-80.10000000000001,5.742,0,1.0,-0.48,309.915,-5.1054,36.27,0.0,222.93,0.0,0
46986,-1.5350000000000001,67.62700000000001,0.0,0.0,-1.1500000000000001,271.6496,-184.3,-80.60000000000001,5.742,0,1.0,-0.35000000000000003,310.005,-3.3651,36.33,0.0,222.12900000000002,0.0,0
46986,-1.194,67.62700000000001,0.0,0.0,-1.1500000000000001,269.75710000000004,-184.3,-80.3,5.742,0,1.0,-0.44,310.14000000000004,1.9135000000000002,36.69,0.0,221.328,0.0,0
46986,-1.364,67.62700000000001,0.0,0.0,-1.1500000000000001,267.8646,-184.3,-80.3,5.742,0,0.0,-0.5,310.005,2.029,36.78,0.0,220.52700000000002,0.0,0
46986,-1.5350000000000001,67.62700000000001,0.0,0.0,-1.1500000000000001,265.9696,-185.70000000000002,-79.8,5.742,0,1.0,-0.48,309.915,-0.5938,37.050000000000004,0.0,219.727,0.0,0
46986,-1.5350000000000001,67.62700000000001,0.0,0.0,-1.1500000000000001,264.0631,-185.70000000000002,-80.3,5.742,0,1.0,-0.425,310.14000000000004,-2.3094,36.63,0.0,218.92600000000002,0.0,0
46986,-1.5350000000000001,67.62700000000001,0.0,0.0,-1.1500000000000001,262.1566,-185.70000000000002,-80.3,5.742,0,0.0,-0.495,310.14000000000004,3.8022,36.0,0.0,218.125,0.0,0
46986,-1.364,67.62700000000001,0.0,0.0,-1.1500000000000001,260.24920000000003,-186.60000000000002,-80.60000000000001,5.742,0,0.0,-0.425,310.005,1.0392000000000001,35.730000000000004,0.0,217.324,0.0,0
46986,-1.364,67.62700000000001,0.0,0.0,-1.1500000000000001,258.3301,-189.3,-79.8,5.742,0,1.0,-0.48,309.915,-4.8827,35.07,0.0,216.52300000000002,0.0,0
46986,-1.5350000000000001,67.62700000000001,0.0,0.0,-1.1500000000000001,256.4134,-186.9,-80.3,5.742,0,0.0,-0.445,310.005,-4.792,33.99,0.0,215.723,0.0,0
46986,-1.364,67.62700000000001,0.0,0.0,-1.1500000000000001,254.4943,-186.9,-79.8,5.742,0,0.0,-0.445,310.14000000000004,3.0599000000000003,34.230000000000004,0.0,214.922,0.0,0
46986,-1.5350000000000001,67.62700000000001,0.0,0.0,-1.1500000000000001,252.56640000000002,-187.9,-80.3,5.742,0,1.0,-0.445,310.005,4.8002,34.800000000000004,0.0,214.121,0.0,0
46986,-1.364,67.62700000000001,0.0,0.0,-1.1500000000000001,250.6362,-188.0,-80.3,5.742,0,0.0,-0.39,310.005,-0.47840000000000005,35.49,0.0,213.32000000000002,0.0,0
46986,-1.5350000000000001,67.62700000000001,0.0,0.0,-1.1500000000000001,248.70850000000002,-187.9,-80.3,5.742,0,0.0,-0.495,310.005,-3.8682000000000003,36.63,0.0,212.52,0.0,0
46986,-1.194,67.62700000000001,0.0,0.0,-1.1500000000000001,248.5181,-190.4,-80.3,5.742,0,1.0,-0.52,310.005,-3.0682,36.660000000000004,0.0,212.441,0.0,0
46986,-1.364,67.62700000000001,0.0,0.0,-1.1500000000000001,246.58440000000002,-188.9,-80.3,5.742,0,0.0,-0.445,310.005,-0.2639,36.99,0.0,211.64100000000002,0.0,0
46986,-1.364,67.62700000000001,0.0,0.0,-1.1500000000000001,244.6447,-188.9,-80.3,5.742,0,0.0,-0.47000000000000003,309.915,-1.5176,36.9,0.0,210.84,0.0,0
46986,-1.364,67.62700000000001,0.0,0.0,-1.1500000000000001,242.705,-188.8,-80.10000000000001,5.742,0,0.0,-0.365,310.005,0.9238000000000001,36.21,0.0,210.03900000000002,0.0,0
46986,-0.853,67.62700000000001,0.0,0.0,-1.1500000000000001,240.7624,-189.70000000000002,-80.3,5.742,0,0.0,-0.455,310.23,4.0579,36.300000000000004,0.0,209.238,0.0,0
46986,-1.194,67.62700000000001,0.0,0.0,-1.1500000000000001,238.8172,-189.70000000000002,-80.10000000000001,5.742,0,1.0,-0.465,310.005,1.1877,36.06,0.0,208.43800000000002,0.0,0
46986,-1.194,67.62700000000001,0.0,0.0,-1.1500000000000001,236.86960000000002,-189.60000000000002,-79.60000000000001,5.742,0,0.0,-0.44,310.14000000000004,-1.1547,36.300000000000004,0.0,207.637,0.0,0
46986,-1.0230000000000001,67.62700000000001,0.0,0.0,-1.1500000000000001,234.9214,-190.20000000000002,-80.3,5.742,0,0.0,-0.47500000000000003,310.005,-3.4311000000000003,35.79,0.0,206.836,0.0,0
46986,-1.705,67.62700000000001,0.0,0.0,-1.1500000000000001,232.9675,-190.3,-80.10000000000001,5.742,0,0.0,-0.445,310.005,-1.8475000000000001,34.83,0.0,206.035,0.0,0
46986,-1.0230000000000001,67.62700000000001,0.0,0.0,-1.1500000000000001,231.01360000000003,-192.70000000000002,-80.3,5.742,0,0.0,-0.49,310.005,-2.5073000000000003,34.230000000000004,0.0,205.234,0.0,0
46986,-1.364,67.62700000000001,0.0,0.0,-1.1500000000000001,229.06220000000002,-190.20000000000002,-79.8,5.742,0,1.0,-0.425,310.005,0.5279,34.35,0.0,204.434,0.0,0
46986,-1.364,67.62700000000001,0.0,0.0,-1.1500000000000001,227.1046,-190.70000000000002,-80.10000000000001,5.742,0,0.0,-0.495,310.14000000000004,3.0352,35.22,0.0,203.633,0.0,0
46986,-1.364,67.62700000000001,0.0,0.0,-1.1500000000000001,225.14620000000002,-190.70000000000002,-80.10000000000001,5.742,0,0.0,-0.505,309.915,2.7053000000000003,36.69,0.0,202.83200000000002,0.0,0
46986,-1.0230000000000001,67.62700000000001,0.0,0.0,-1.1500000000000001,223.1878,-190.70000000000002,-80.3,5.742,0,1.0,-0.42,310.005,0.6598,37.2,0.0,202.031,0.0,0
46986,-1.364,67.62700000000001,0.0,0.0,-1.1500000000000001,221.2279,-193.4,-80.3,5.742,0,0.0,-0.445,309.915,-3.0022,37.26,0.0,201.23000000000002,0.0,0
46986,-1.5350000000000001,67.62700000000001,0.0,0.0,-1.1500000000000001,219.2692,-191.0,-80.10000000000001,5.742,0,0.0,-0.445,310.005,-0.6598,37.08,0.0,200.43,0.0,0
46986,-1.5350000000000001,67.62700000000001,0.0,0.0,-1.1500000000000001,217.30800000000002,-191.0,-79.60000000000001,5.742,0,0.0,-0.49,310.005,0.5279,36.660000000000004,0.0,199.62900000000002,0.0,0
46986,-1.194,67.62700000000001,0.0,0.0,-1.1500000000000001,215.34660000000002,-191.10000000000002,-79.8,5.742,0,1.0,-0.495,310.005,1.5836000000000001,36.6,0.0,198.828,0.0,0
46986,-1.194,67.62700000000001,0.0,0.0,-1.1500000000000001,213.3845,-191.10000000000002,-80.10000000000001,5.742,0,0.0,-0.45,310.005,0.0,36.15,0.0,198.02700000000002,0.0,0
46986,-1.5350000000000001,67.62700000000001,0.0,0.0,-1.1500000000000001,211.4248,-191.10000000000002,-79.60000000000001,5.742,0,1.0,-0.495,309.915,0.39590000000000003,36.54,0.0,197.227,0.0,0
46986,-1.5350000000000001,67.62700000000001,0.0,0.0,-1.1500000000000001,209.4627,-191.10000000000002,-79.8,5.742,0,0.0,-0.52,310.005,3.4311000000000003,36.12,0.0,196.42600000000002,0.0,0
46986,-1.364,67.62700000000001,0.0,0.0,-1.1500000000000001,207.50150000000002,-191.0,-79.60000000000001,5.742,0,1.0,-0.435,310.005,1.1877,35.94,0.0,195.625,0.0,0
46986,-1.5350000000000001,67.62700000000001,0.0,0.0,-1.1500000000000001,207.31050000000002,-191.0,-79.60000000000001,5.742,0,1.0,-0.51,310.005,0.7258,35.85,0.0,195.547,0.0,0
46986,-1.5350000000000001,67.62700000000001,0.0,0.0,-1.1500000000000001,205.3493,-191.0,-79.8,5.742,0,1.0,-0.495,310.005,-1.4681,35.37,0.0,194.746,0.0,0
46986,-1.5350000000000001,67.62700000000001,0.0,0.0,-1.1500000000000001,203.3881,-191.0,-79.8,5.742,0,0.0,-0.48,310.005,-2.1774,35.07,0.0,193.94500000000002,0.0,0
46986,-1.194,67.62700000000001,0.0,0.0,-1.1500000000000001,201.4317,-190.70000000000002,-80.10000000000001,5.742,0,1.0,-0.42,309.915,-1.4351,35.34,0.0,193.145,0.0,0
46986,-1.364,67.62700000000001,0.0,0.0,-1.1500000000000001,199.47330000000002,-190.70000000000002,-79.60000000000001,5.742,0,0.0,-0.47500000000000003,310.14000000000004,2.6805000000000003,36.6,0.0,192.34400000000002,0.0,0
46986,-1.5350000000000001,67.62700000000001,0.0,0.0,-1.1500000000000001,197.5149,-190.70000000000002,-79.8,5.742,0,0.0,-0.41000000000000003,310.005,1.1877,37.86,0.0,191.543,0.0,0
46986,-1.364,67.62700000000001,0.0,0.0,-1.1500000000000001,195.5591,-190.3,-80.10000000000001,5.742,0,0.0,-0.465,309.915,-4.0909,38.19,0.0,190.74200000000002,0.0,0
46986,-1.364,67.62700000000001,0.0,0.0,-1.1500000000000001,193.6055,-192.70000000000002,-80.60000000000001,5.742,0,2.0,-0.445,309.915,-7.6787,37.77,0.0,189.941,0.0,0
46986,-1.194,67.62700000000001,0.0,0.0,-1.1500000000000001,191.6543,-190.20000000000002,-79.8,5.742,0,2.0,-0.46,310.005,4.4208,36.93,0.0,189.14100000000002,0.0,0
46986,-1.364,67.62700000000001,0.0,0.0,-1.1500000000000001,189.70250000000001,-189.60000000000002,-79.8,5.742,0,0.0,-0.43,310.005,5.8559,36.15,0.0,188.34,0.0,0
46986,-1.364,67.62700000000001,0.0,0.0,-1.1500000000000001,187.7555,-189.60000000000002,-79.8,5.742,0,0.0,-0.47500000000000003,310.14000000000004,0.8165,36.39,0.0,187.53900000000002,0.0,0
46986,-1.364,67.62700000000001,0.0,0.0,-1.1500000000000001,185.8085,-189.60000000000002,-80.3,5.742,0,1.0,-0.405,310.14000000000004,1.3196,36.93,0.0,186.738,0.0,0
46986,-1.194,67.62700000000001,0.0,0.0,-1.1500000000000001,183.864,-189.60000000000002,-80.3,5.742,0,1.0,-0.46,310.005,-0.9238000000000001,37.11,0.0,185.93800000000002,0.0,0
46986,-1.5350000000000001,67.62700000000001,0.0,0.0,-1.1500000000000001,181.9257,-188.8,-80.10000000000001,5.742,0,1.0,-0.48,310.14000000000004,-0.0907,37.2,0.0,185.137,0.0,0
46986,-1.705,67.62700000000001,0.0,0.0,-1.1500000000000001,179.9875,-237.10000000000002,-79.60000000000001,5.742,0,0.0,-0.51,309.915,1.1629,36.63,0.0,184.336,0.0,0
46986,-1.5350000000000001,67.62700000000001,0.0,0.0,-1.1500000000000001,178.0492,-237.20000000000002,-80.3,5.742,0,1.0,-0.445,310.14000000000004,0.9650000000000001,36.03,0.0,183.535,0.0,0
46986,-1.364,67.62700000000001,0.0,0.0,-1.1500000000000001,176.11870000000002,-235.9,-80.3,5.742,0,0.0,-0.48,309.915,-1.2124000000000001,36.300000000000004,0.0,182.734,0.0,0
46986,-1.364,67.62700000000001,0.0,0.0,-1.1500000000000001,174.1935,-233.5,-80.60000000000001,5.742,0,0.0,-0.465,310.005,-2.4166000000000003,36.57,0.0,181.934,0.0,0
46986,-1.364,67.62700000000001,0.0,0.0,-1.1500000000000001,172.3116,-187.70000000000002,-80.10000000000001,5.742,0,0.0,-0.405,310.005,-3.6043000000000003,37.74,0.0,181.15200000000002,0.0,0
46986,-1.5350000000000001,67.62700000000001,0.0,0.0,-1.1500000000000001,170.392,-186.4,-79.8,5.742,0,0.0,-0.48,310.005,2.5073000000000003,37.230000000000004,0.0,180.352,0.0,0
46986,-1.364,67.62700000000001,0.0,0.0,-1.1500000000000001,168.4771,-186.4,-79.8,5.742,0,0.0,-0.455,310.005,3.4971,37.08,0.0,179.55100000000002,0.0,0
46986,-1.0230000000000001,67.62700000000001,0.0,0.0,-1.1500000000000001,166.56220000000002,-186.5,-80.3,5.742,0,0.0,-0.47500000000000003,309.915,-0.3299,37.38,0.0,178.75,0.0,0
46986,-1.194,67.62700000000001,0.0,0.0,-1.1500000000000001,166.3279,-234.3,-80.3,5.742,0,1.0,-0.465,309.915,-1.4516,37.35,0.0,178.65200000000002,0.0,0
46986,-1.194,67.62700000000001,0.0,0.0,-1.1500000000000001,164.4196,-230.20000000000002,-80.10000000000001,5.742,0,1.0,-0.435,309.915,-3.1012,36.660000000000004,0.0,177.852,0.0,0
46986,-1.194,67.62700000000001,0.0,0.0,-1.1500000000000001,162.5645,-185.10000000000002,-80.10000000000001,5.742,0,1.0,-0.435,310.005,-1.9795,36.54,0.0,177.07000000000002,0.0,0
46986,-0.853,67.62700000000001,0.0,0.0,-1.1500000000000001,160.66670000000002,-185.10000000000002,-80.10000000000001,5.742,0,1.0,-0.4,310.005,0.19790000000000002,36.09,0.0,176.27,0.0,0
46986,-0.853,67.62700000000001,0.0,0.0,-1.1500000000000001,158.7666,-185.0,-80.3,5.742,0,1.0,-0.47500000000000003,310.14000000000004,5.938400000000001,36.36,0.0,175.46900000000002,0.0,0
46986,-1.5350000000000001,67.62700000000001,0.0,0.0,-1.1500000000000001,156.883,-183.4,-80.3,5.742,0,1.0,-0.505,310.005,-0.2639,36.300000000000004,0.0,174.668,0.0,0
46986,-1.364,67.62700000000001,0.0,0.0,-1.1500000000000001,154.99970000000002,-183.4,-80.3,5.742,0,1.0,-0.45,310.005,-3.563,35.34,0.0,173.86700000000002,0.0,0
46986,-1.194,67.62700000000001,0.0,0.0,-1.1500000000000001,153.1163,-185.8,-80.3,5.742,0,1.0,-0.48,309.915,1.4846000000000001,35.28,0.0,173.066,0.0,0
46986,-1.194,67.62700000000001,0.0,0.0,-1.1500000000000001,151.24880000000002,-181.60000000000002,-80.10000000000001,5.742,0,0.0,-0.39,310.005,2.2434000000000003,36.93,0.0,172.26600000000002,0.0,0
46986,-1.5350000000000001,67.62700000000001,0.0,0.0,-1.1500000000000001,149.3843,-181.5,-80.3,5.742,0,1.0,-0.5,310.005,-2.6393,37.62,0.0,171.465,0.0,0
46986,-1.364,67.62700000000001,0.0,0.0,-1.1500000000000001,147.5197,-181.60000000000002,-80.9,5.742,0,0.0,-0.47500000000000003,310.14000000000004,3.0352,38.34,0.0,170.66400000000002,0.0,0
46986,-1.364,67.62700000000001,0.0,0.0,-1.1500000000000001,145.6645,-179.5,-80.60000000000001,5.742,0,1.0,-0.41500000000000004,310.005,3.4311000000000003,38.88,0.0,169.863,0.0,0
46986,-1.364,67.62700000000001,0.0,0.0,-1.1500000000000001,143.8232,-179.5,-80.3,5.742,0,1.0,-0.455,310.005,-0.2639,37.980000000000004,0.0,169.06300000000002,0.0,0
46986,-1.364,67.62700000000001,0.0,0.0,-1.1500000000000001,141.9795,-179.60000000000002,-80.60000000000001,5.742,0,0.0,-0.46,309.915,-4.8497,36.75,0.0,168.262,0.0,0
46986,-1.194,67.62700000000001,0.0,0.0,-1.1500000000000001,140.1399,-177.3,-80.60000000000001,5.742,0,0.0,-0.42,310.005,-2.1114,36.300000000000004,0.0,167.461,0.0,0
46986,-1.364,67.62700000000001,0.0,0.0,-1.1500000000000001,138.3192,-177.3,-80.60000000000001,5.742,0,1.0,-0.505,310.005,2.1114,36.39,0.0,166.66,0.0,0
46986,-1.194,67.62700000000001,0.0,0.0,-1.1500000000000001,136.4985,-179.5,-79.8,5.742,0,1.0,-0.425,310.005,2.7713,35.58,0.0,165.859,0.0,0
46986,-1.5350000000000001,67.62700000000001,0.0,0.0,-1.1500000000000001,134.68,-177.3,-80.3,5.742,0,1.0,-0.43,310.14000000000004,-1.9465000000000001,35.61,0.0,165.059,0.0,0
46986,-1.194,67.62700000000001,0.0,0.0,-1.1500000000000001,132.8818,-174.9,-80.10000000000001,5.742,0,1.0,-0.47000000000000003,309.825,-2.2434000000000003,36.660000000000004,0.0,164.258,0.0,0
46986,-1.364,67.62700000000001,0.0,0.0,-1.1500000000000001,131.08610000000002,-174.8,-79.60000000000001,5.742,0,0.0,-0.425,310.14000000000004,2.5403000000000002,36.75,0.0,163.457,0.0,0
46986,-1.194,67.62700000000001,0.0,0.0,-1.1500000000000001,129.2903,-174.9,-80.10000000000001,5.742,0,0.0,-0.495,310.005,0.6598,37.17,0.0,162.656,0.0,0
46986,-1.364,67.62700000000001,0.0,0.0,-1.1500000000000001,127.5116,-174.4,-79.8,5.742,0,0.0,-0.445,310.005,1.1877,37.56,0.0,161.85500000000002,0.0,0
46986,-1.364,67.62700000000001,0.0,0.0,-1.1500000000000001,125.745,-172.20000000000002,-79.8,5.742,0,1.0,-0.445,310.005,-2.7713,38.28,0.0,161.055,0.0,0
46986,-1.194,67.62700000000001,0.0,0.0,-1.1500000000000001,123.9762,-172.20000000000002,-79.60000000000001,5.742,0,0.0,-0.485,309.915,-3.629,38.4,0.0,160.25400000000002,0.0,0
46986,-1.0230000000000001,67.62700000000001,0.0,0.0,-1.1500000000000001,122.21780000000001,-169.4,-80.3,5.742,0,0.0,-0.41500000000000004,310.005,-0.7918000000000001,37.95,0.0,159.453,0.0,0
46986,-1.194,67.62700000000001,0.0,0.0,-1.1500000000000001,120.4779,-169.4,-80.3,5.742,0,0.0,-0.44,310.005,1.5836000000000001,38.07,0.0,158.65200000000002,0.0,0
46986,-1.194,67.62700000000001,0.0,0.0,-1.1500000000000001,118.7402,-169.4,-80.3,5.742,0,0.0,-0.395,310.005,0.2639,37.89,0.0,157.852,0.0,0
46986,-1.5350000000000001,67.62700000000001,0.0,0.0,-1.1500000000000001,117.003,-166.70000000000002,-80.10000000000001,5.742,0,1.0,-0.46,309.915,-0.9897,37.230000000000004,0.0,157.05100000000002,0.0,0
46986,-1.5350000000000001,67.62700000000001,0.0,0.0,-1.1500000000000001,115.29400000000001,-166.4,-80.10000000000001,5.742,0,0.0,-0.44,310.005,0.7918000000000001,36.300000000000004,0.0,156.25,0.0,0
46986,-1.5350000000000001,67.62700000000001,0.0,0.0,-1.1500000000000001,113.58500000000001,-166.4,-80.10000000000001,5.742,0,0.0,-0.495,310.14000000000004,5.9714,36.24,0.0,155.449,0.0,0
46986,-1.194,67.62700000000001,0.0,0.0,-1.1500000000000001,111.876,-168.6,-80.10000000000001,5.742,0,0.0,-0.505,310.005,3.4311000000000003,35.97,0.0,154.648,0.0,0
46986,-1.364,67.62700000000001,0.0,0.0,-1.1500000000000001,111.70960000000001,-166.4,-80.10000000000001,5.742,0,1.0,-0.41500000000000004,310.14000000000004,3.3898,35.910000000000004,0.0,154.57000000000002,0.0,0
46986,-1.194,67.62700000000001,0.0,0.0,-1.1500000000000001,110.0326,-163.3,-80.3,5.742,0,0.0,-0.46,310.14000000000004,0.767,35.94,0.0,153.77,0.0,0
46986,-1.0230000000000001,67.62700000000001,0.0,0.0,-1.1500000000000001,108.35640000000001,-163.20000000000002,-79.8,5.742,0,1.0,-0.525,310.005,-1.7568000000000001,36.21,0.0,152.969,0.0,0
46986,-1.5350000000000001,67.62700000000001,0.0,0.0,-1.1500000000000001,106.6802,-163.20000000000002,-80.10000000000001,5.742,0,0.0,-0.395,310.005,-1.3856000000000002,37.5,0.0,152.168,0.0,0
46986,-1.0230000000000001,67.62700000000001,0.0,0.0,-1.1500000000000001,105.0262,-159.8,-80.10000000000001,5.742,0,2.0,-0.51,309.915,0.1072,38.22,0.0,151.36700000000002,0.0,0
46986,-1.5350000000000001,67.62700000000001,0.0,0.0,-1.1500000000000001,103.3845,-161.9,-80.3,5.742,0,1.0,-0.4,310.005,-2.1114,38.730000000000004,0.0,150.566,0.0,0
46986,-1.364,67.62700000000001,0.0,0.0,-1.1500000000000001,101.745,-159.8,-80.10000000000001,5.742,0,1.0,-0.505,310.14000000000004,-0.2227,38.64,0.0,149.76600000000002,0.0,0
46986,-1.705,67.62700000000001,0.0,0.0,-1.1500000000000001,100.1168,-156.3,-79.8,5.742,0,1.0,-0.445,310.14000000000004,3.0352,38.13,0.0,148.965,0.0,0
46986,-1.194,67.62700000000001,0.0,0.0,-1.1500000000000001,98.5115,-156.3,-79.8,5.742,0,1.0,-0.47500000000000003,310.14000000000004,1.0310000000000001,37.35,0.0,148.16400000000002,0.0,0
46986,-1.364,67.62700000000001,0.0,0.0,-1.1500000000000001,96.9062,-156.4,-80.60000000000001,5.742,0,0.0,-0.47500000000000003,309.915,-2.4249,36.57,0.0,147.363,0.0,0
46986,-1.5350000000000001,67.62700000000001,0.0,0.0,-1.1500000000000001,95.3067,-152.6,-80.10000000000001,5.742,0,1.0,-0.45,310.14000000000004,-2.6393,36.18,0.0,146.56300000000002,0.0,0
46986,-1.364,67.62700000000001,0.0,0.0,-1.1500000000000001,93.7395,-152.6,-79.8,5.742,0,0.0,-0.48,310.005,1.6496000000000002,35.94,0.0,145.762,0.0,0
46986,-1.194,67.62700000000001,0.0,0.0,-1.1500000000000001,92.1723,-152.70000000000002,-80.3,5.742,0,1.0,-0.45,310.005,-1.864,35.97,0.0,144.961,0.0,0
46986,-1.5350000000000001,67.62700000000001,0.0,0.0,-1.1500000000000001,90.60520000000001,-152.6,-80.10000000000001,5.742,0,1.0,-0.46,310.005,-4.6188,35.46,0.0,144.16,0.0,0
46986,-1.364,67.62700000000001,0.0,0.0,-1.1500000000000001,89.0708,-150.6,-80.10000000000001,5.742,0,0.0,-0.465,309.915,1.864,36.24,0.0,143.359,0.0,0
46986,-1.194,67.62700000000001,0.0,0.0,-1.1500000000000001,87.54520000000001,-148.70000000000002,-80.3,5.742,0,1.0,-0.445,310.005,-0.41240000000000004,37.35,0.0,142.559,0.0,0
46986,-1.5350000000000001,67.62700000000001,0.0,0.0,-1.1500000000000001,86.0176,-148.8,-80.10000000000001,5.742,0,1.0,-0.41500000000000004,310.005,0.39590000000000003,38.01,0.0,141.758,0.0,0
46986,-1.364,67.62700000000001,0.0,0.0,-1.1500000000000001,84.513,-181.8,-79.8,5.742,0,0.0,-0.485,310.14000000000004,3.8682000000000003,38.19,0.0,140.957,0.0,0
46986,-0.853,67.62700000000001,0.0,0.0,-1.1500000000000001,83.0267,-181.8,-80.10000000000001,5.742,0,0.0,-0.43,310.005,-0.19790000000000002,37.86,0.0,140.156,0.0,0
46986,-1.0230000000000001,67.62700000000001,0.0,0.0,-1.1500000000000001,81.5403,-181.9,-80.3,5.742,0,0.0,-0.455,310.14000000000004,3.4723,37.800000000000004,0.0,139.35500000000002,0.0,0
46986,-1.364,67.62700000000001,0.0,0.0,-1.1500000000000001,80.06790000000001,-174.8,-80.10000000000001,5.742,0,0.0,-0.495,310.005,3.0599000000000003,37.77,0.0,138.555,0.0,0
46986,-1.194,67.62700000000001,0.0,0.0,-1.1500000000000001,78.6242,-176.6,-79.8,5.742,0,1.0,-0.465,310.005,-2.1774,37.44,0.0,137.75400000000002,0.0,0
46986,-1.364,67.62700000000001,0.0,0.0,-1.1500000000000001,77.21650000000001,-140.6,-79.8,5.742,0,0.0,-0.445,310.005,-5.2538,37.17,0.0,136.973,0.0,0
46986,-1.194,67.62700000000001,0.0,0.0,-1.1500000000000001,75.7728,-140.6,-80.60000000000001,5.742,0,0.0,-0.525,310.005,-1.1629,36.15,0.0,136.172,0.0,0
46986,-1.5350000000000001,67.62700000000001,0.0,0.0,-1.1500000000000001,74.3724,-136.3,-80.60000000000001,5.742,0,1.0,-0.48,310.005,0.9238000000000001,35.07,0.0,135.371,0.0,0
46986,-1.5350000000000001,67.62700000000001,0.0,0.0,-1.1500000000000001,74.2011,-171.3,-80.10000000000001,5.742,0,0.0,-0.485,310.005,1.0557,35.01,0.0,135.273,0.0,0
46986,-1.364,67.62700000000001,0.0,0.0,-1.1500000000000001,72.8031,-169.5,-79.8,5.742,0,1.0,-0.5700000000000001,310.005,0.0,34.38,0.0,134.473,0.0,0
46986,-1.194,67.62700000000001,0.0,0.0,-1.1500000000000001,71.4033,-171.3,-80.10000000000001,5.742,0,0.0,-0.435,310.14000000000004,1.4846000000000001,34.17,0.0,133.672,0.0,0
46986,-1.364,67.62700000000001,0.0,0.0,-1.1500000000000001,70.075,-132.0,-80.10000000000001,5.742,0,0.0,-0.5,309.915,-0.6598,35.79,0.0,132.89100000000002,0.0,0
46986,-1.364,67.62700000000001,0.0,0.0,-1.1500000000000001,68.72030000000001,-131.9,-80.60000000000001,5.742,0,1.0,-0.495,310.005,-1.3196,38.28,0.0,132.09,0.0,0
46986,-1.5350000000000001,67.62700000000001,0.0,0.0,-1.1500000000000001,67.3656,-131.9,-79.8,5.742,0,1.0,-0.485,310.005,-2.6393,39.36,0.0,131.28900000000002,0.0,0
46986,-1.5350000000000001,67.62700000000001,0.0,0.0,-1.1500000000000001,66.03580000000001,-127.5,-80.10000000000001,5.742,0,1.0,-0.45,310.005,-0.3299,39.03,0.0,130.488,0.0,0
46986,-1.5350000000000001,67.62700000000001,0.0,0.0,-1.1500000000000001,64.72890000000001,-127.4,-80.10000000000001,5.742,0,0.0,-0.455,310.14000000000004,2.7713,37.47,0.0,129.68800000000002,0.0,0
46986,-1.364,67.62700000000001,0.0,0.0,-1.1500000000000001,63.420300000000005,-127.5,-80.3,5.742,0,1.0,-0.52,309.915,2.1774,37.02,0.0,128.887,0.0,0
46986,-1.364,67.62700000000001,0.0,0.0,-1.1500000000000001,62.1244,-122.9,-79.8,5.742,0,0.0,-0.425,310.005,-1.5836000000000001,37.02,0.0,128.086,0.0,0
46986,-1.5350000000000001,67.62700000000001,0.0,0.0,-1.1500000000000001,60.8629,-122.80000000000001,-80.3,5.742,0,0.0,-0.43,310.005,-0.165,37.14,0.0,127.28500000000001,0.0,0
46986,-1.364,67.62700000000001,0.0,0.0,-1.1500000000000001,59.601400000000005,-124.4,-79.8,5.742,0,1.0,-0.53,310.14000000000004,3.6950000000000003,36.84,0.0,126.48400000000001,0.0,0
46986,-1.0230000000000001,67.62700000000001,0.0,0.0,-1.1500000000000001,58.3415,-122.80000000000001,-80.10000000000001,5.742,0,0.0,-0.48,310.005,-0.7918000000000001,36.15,0.0,125.68400000000001,0.0,0
46986,-1.194,67.62700000000001,0.0,0.0,-1.1500000000000001,57.1276,-118.2,-79.8,5.742,0,0.0,-0.49,309.915,-1.7155,34.89,0.0,124.88300000000001,0.0,0
46986,-1.194,67.62700000000001,0.0,0.0,-1.1500000000000001,55.913900000000005,-118.2,-80.60000000000001,5.742,0,0.0,-0.41000000000000003,309.915,-3.0022,34.56,0.0,124.08200000000001,0.0,0
46986,-1.194,67.62700000000001,0.0,0.0,-1.1500000000000001,54.7002,-118.2,-80.3,5.742,0,0.0,-0.465,309.915,0.132,34.56,0.0,123.281,0.0,0
46986,-1.364,67.62700000000001,0.0,0.0,-1.1500000000000001,53.5217,-114.9,-80.3,5.742,0,1.0,-0.44,310.005,2.5733,36.12,0.0,122.48,0.0,0
46986,-1.364,67.62700000000001,0.0,0.0,-1.1500000000000001,52.3579,-113.4,-80.3,5.742,0,2.0,-0.465,310.005,0.2639,37.83,0.0,121.68,0.0,0
46986,-1.364,67.62700000000001,0.0,0.0,-1.1500000000000001,51.192600000000006,-113.5,-79.60000000000001,5.742,0,1.0,-0.46,310.005,0.19790000000000002,38.910000000000004,0.0,120.879,0.0,0
46986,-1.5350000000000001,67.62700000000001,0.0,0.0,-1.1500000000000001,51.0792,-113.4,-80.3,5.742,0,0.0,-0.46,310.005,-0.6763,38.97,0.0,120.801,0.0,0
46986,-1.194,67.62700000000001,0.0,0.0,-1.1500000000000001,49.9409,-108.7,-80.60000000000001,5.742,0,0.0,-0.505,310.005,-1.7815,38.550000000000004,0.0,120.0,0.0,0
46986,-1.0230000000000001,67.62700000000001,0.0,0.0,-1.1500000000000001,48.824600000000004,-108.7,-80.60000000000001,5.742,0,0.0,-0.47500000000000003,310.005,-2.4413,37.410000000000004,0.0,119.19900000000001,0.0,0
46986,-1.364,67.62700000000001,0.0,0.0,-1.1500000000000001,47.708200000000005,-110.10000000000001,-80.3,5.742,0,1.0,-0.485,310.005,1.5176,36.87,0.0,118.39800000000001,0.0,0
46986,-1.0230000000000001,67.62700000000001,0.0,0.0,-1.1500000000000001,46.607,-103.9,-80.10000000000001,5.742,0,0.0,-0.485,310.005,-0.5938,36.33,0.0,117.598,0.0,0
46986,-1.194,67.62700000000001,0.0,0.0,-1.1500000000000001,45.5399,-103.9,-80.10000000000001,5.742,0,1.0,-0.465,310.005,-1.1877,36.12,0.0,116.79700000000001,0.0,0
46986,-1.194,67.62700000000001,0.0,0.0,-1.1500000000000001,44.4727,-104.0,-80.10000000000001,5.742,0,1.0,-0.5,310.005,-1.5341,35.730000000000004,0.0,115.99600000000001,0.0,0
46986,-1.364,67.62700000000001,0.0,0.0,-1.1500000000000001,43.406,-103.5,-80.10000000000001,5.742,0,1.0,-0.495,310.14000000000004,-0.6186,35.550000000000004,0.0,115.19500000000001,0.0,0
46986,-1.364,67.62700000000001,0.0,0.0,-1.1500000000000001,42.389500000000005,-99.10000000000001,-79.8,5.742,0,0.0,-0.465,310.005,1.6331,35.37,0.0,114.39500000000001,0.0,0
46986,-1.5350000000000001,67.62700000000001,0.0,0.0,-1.1500000000000001,41.3718,-99.10000000000001,-80.10000000000001,5.742,0,1.0,-0.445,310.005,-2.4413,34.800000000000004,0.0,113.59400000000001,0.0,0
46986,-1.194,67.62700000000001,0.0,0.0,-1.1500000000000001,40.3541,-99.10000000000001,-80.10000000000001,5.742,0,0.0,-0.495,309.915,-3.2166,35.4,0.0,112.793,0.0,0
46986,-1.194,67.62700000000001,0.0,0.0,-1.1500000000000001,39.3727,-94.30000000000001,-80.3,5.742,0,1.0,-0.46,310.005,2.0455,36.0,0.0,111.992,0.0,0
46986,-1.364,67.62700000000001,0.0,0.0,-1.1500000000000001,38.4043,-95.5,-80.10000000000001,5.742,0,1.0,-0.505,310.005,3.1507,37.77,0.0,111.191,0.0,0
46986,-1.5350000000000001,67.62700000000001,0.0,0.0,-1.1500000000000001,37.4371,-94.30000000000001,-79.8,5.742,0,1.0,-0.535,310.005,0.8413,37.83,0.0,110.391,0.0,0
46986,-1.5350000000000001,67.62700000000001,0.0,0.0,-1.1500000000000001,36.4915,-89.5,-79.8,5.742,0,1.0,-0.41000000000000003,309.915,-2.4908,37.29,0.0,109.59,0.0,0
46986,-1.5350000000000001,67.62700000000001,0.0,0.0,-1.1500000000000001,35.5724,-89.5,-79.8,5.742,0,0.0,-0.445,310.005,1.9795,36.51,0.0,108.789,0.0,0
46986,-1.364,67.62700000000001,0.0,0.0,-1.1500000000000001,34.6532,-89.5,-80.60000000000001,5.742,0,0.0,-0.425,310.14000000000004,2.6393,36.27,0.0,107.988,0.0,0
46986,-1.5350000000000001,67.62700000000001,0.0,0.0,-1.1500000000000001,33.7445,-84.8,-80.3,5.742,0,0.0,-0.465,310.005,1.0392000000000001,35.46,0.0,107.188,0.0,0
46986,-1.364,67.62700000000001,0.0,0.0,-1.1500000000000001,32.8742,-84.8,-80.3,5.742,0,1.0,-0.5,310.005,0.42060000000000003,35.28,0.0,106.387,0.0,0
46986,-1.5350000000000001,67.62700000000001,0.0,0.0,-1.1500000000000001,32.0039,-84.8,-79.8,5.742,0,1.0,-0.49,310.005,-1.9547,35.550000000000004,0.0,105.586,0.0,0
46986,-1.194,67.62700000000001,0.0,0.0,-1.1500000000000001,31.1336,-84.8,-80.9,5.742,0,0.0,-0.445,310.005,-1.7815,35.1,0.0,104.78500000000001,0.0,0
46986,-1.0230000000000001,67.62700000000001,0.0,0.0,-1.1500000000000001,30.3078,-81.10000000000001,-79.60000000000001,5.742,0,0.0,-0.365,309.915,-0.5114000000000001,35.7,0.0,103.98400000000001,0.0,0
46986,-1.364,67.62700000000001,0.0,0.0,-1.1500000000000001,29.486900000000002,-80.0,-79.8,5.742,0,1.0,-0.46,310.005,-2.3754,35.94,0.0,103.18400000000001,0.0,0
46986,-1.364,67.62700000000001,0.0,0.0,-1.1500000000000001,28.665000000000003,-80.0,-79.60000000000001,5.742,0,0.0,-0.525,310.005,0.3299,36.03,0.0,102.38300000000001,0.0,0
46986,-1.364,67.62700000000001,0.0,0.0,-1.1500000000000001,27.874000000000002,-75.4,-80.3,5.742,0,0.0,-0.42,310.14000000000004,4.4621,36.69,0.0,101.58200000000001,0.0,0
46986,-1.5350000000000001,67.62700000000001,0.0,0.0,-1.1500000000000001,27.099800000000002,-75.4,-80.3,5.742,0,0.0,-0.52,310.005,1.1217000000000001,37.68,0.0,100.781,0.0,0
46986,-1.5350000000000001,67.62700000000001,0.0,0.0,-1.1500000000000001,26.3256,-76.4,-80.10000000000001,5.742,0,1.0,-0.51,309.915,-1.1877,37.68,0.0,99.98,0.0,0
46986,-1.5350000000000001,67.62700000000001,0.0,0.0,-1.1500000000000001,25.5701,-70.8,-80.3,5.742,0,0.0,-0.455,310.005,-2.7465,37.32,0.0,99.18,0.0,0
46986,-1.5350000000000001,67.62700000000001,0.0,0.0,-1.1500000000000001,24.8429,-70.8,-79.8,5.742,0,0.0,-0.51,309.915,-1.5423,37.11,0.0,98.379,0.0,0
46986,-1.705,67.62700000000001,0.0,0.0,-1.1500000000000001,24.1157,-70.8,-79.60000000000001,5.742,0,1.0,-0.515,310.14000000000004,-0.17320000000000002,37.050000000000004,0.0,97.578,0.0,0
46986,-1.0230000000000001,67.62700000000001,0.0,0.0,-1.1500000000000001,23.3933,-66.3,-79.8,5.742,0,0.0,-0.515,309.915,0.2144,36.75,0.0,96.777,0.0,0
46986,-1.364,67.62700000000001,0.0,0.0,-1.1500000000000001,22.713,-66.3,-80.10000000000001,5.742,0,1.0,-0.445,310.005,3.6785,36.42,0.0,95.977,0.0,0
46986,-1.364,67.62700000000001,0.0,0.0,-1.1500000000000001,22.0319,-82.4,-80.3,5.742,0,2.0,-0.48,310.005,-0.8083,36.0,0.0,95.176,0.0,0
46986,-1.0230000000000001,67.62700000000001,0.0,0.0,-1.1500000000000001,21.3507,-83.3,-79.60000000000001,5.742,0,1.0,-0.45,310.005,0.0495,35.58,0.0,94.375,0.0,0
46986,-1.364,67.62700000000001,0.0,0.0,-1.1500000000000001,21.2844,-66.3,-79.60000000000001,5.742,0,1.0,-0.455,310.005,-0.5938,35.61,0.0,94.29700000000001,0.0,0
46986,-1.5350000000000001,67.62700000000001,0.0,0.0,-1.1500000000000001,20.6451,-61.900000000000006,-80.10000000000001,5.742,0,0.0,-0.48,310.14000000000004,1.4516,35.88,0.0,93.49600000000001,0.0,0
46986,-1.194,67.62700000000001,0.0,0.0,-1.1500000000000001,20.0089,-62.0,-79.8,5.742,0,0.0,-0.455,310.005,0.7918000000000001,36.57,0.0,92.69500000000001,0.0,0
46986,-1.194,67.62700000000001,0.0,0.0,-1.1500000000000001,19.3736,-61.900000000000006,-80.10000000000001,5.742,0,0.0,-0.47500000000000003,309.915,-3.0352,37.59,0.0,91.89500000000001,0.0,0
46986,-1.364,67.62700000000001,0.0,0.0,-1.1500000000000001,18.7663,-71.7,-79.8,5.742,0,1.0,-0.525,310.005,-0.4289,38.07,0.0,91.09400000000001,0.0,0
46986,-1.364,67.62700000000001,0.0,0.0,-1.1500000000000001,18.174,-72.4,-79.8,5.742,0,1.0,-0.45,310.005,1.7155,37.89,0.0,90.293,0.0,0
46986,-1.364,67.62700000000001,0.0,0.0,-1.1500000000000001,17.5817,-72.4,-79.60000000000001,5.742,0,0.0,-0.465,310.005,-2.4413,37.17,0.0,89.492,0.0,0
46986,-1.5350000000000001,67.62700000000001,0.0,0.0,-1.1500000000000001,17.0058,-67.3,-80.10000000000001,5.742,0,2.0,-0.47000000000000003,310.005,0.2639,37.53,0.0,88.691,0.0,0
46986,-1.364,67.62700000000001,0.0,0.0,-1.1500000000000001,16.4568,-66.5,-80.10000000000001,5.742,0,1.0,-0.495,310.005,1.5836000000000001,38.160000000000004,0.0,87.891,0.0,0
46986,-1.364,67.62700000000001,0.0,0.0,-1.1500000000000001,15.92,-54.300000000000004,-80.3,5.742,0,0.0,-0.47500000000000003,310.005,1.3196,38.1,0.0,87.10900000000001,0.0,0
46986,-1.0230000000000001,67.62700000000001,0.0,0.0,-1.1500000000000001,15.3747,-49.800000000000004,-80.10000000000001,5.742,0,0.0,-0.49,310.14000000000004,0.165,37.26,0.0,86.309,0.0,0
46986,-1.364,67.62700000000001,0.0,0.0,-1.1500000000000001,14.866100000000001,-49.5,-80.10000000000001,5.742,0,0.0,-0.515,310.005,-0.7918000000000001,35.97,0.0,85.50800000000001,0.0,0
46986,-1.5350000000000001,67.62700000000001,0.0,0.0,-1.1500000000000001,14.3575,-49.5,-80.10000000000001,5.742,0,0.0,-0.47000000000000003,310.14000000000004,-0.3629,34.95,0.0,84.70700000000001,0.0,0
46986,-1.194,67.62700000000001,0.0,0.0,-1.1500000000000001,13.8489,-49.5,-80.3,5.742,0,0.0,-0.465,310.005,-2.6393,35.04,0.0,83.906,0.0,0
46986,-0.853,67.62700000000001,0.0,0.0,-1.1500000000000001,13.3728,-46.300000000000004,-80.10000000000001,5.742,0,1.0,-0.44,310.005,0.7918000000000001,35.64,0.0,83.105,0.0,0
46986,-1.5350000000000001,67.62700000000001,0.0,0.0,-1.1500000000000001,12.9045,-45.7,-80.10000000000001,5.742,0,1.0,-0.445,309.915,-3.9589000000000003,36.78,0.0,82.305,0.0,0
46986,-1.0230000000000001,67.62700000000001,0.0,0.0,-1.1500000000000001,12.4356,-45.7,-80.3,5.742,0,1.0,-0.5,310.14000000000004,-0.3629,37.92,0.0,81.504,0.0,0
46986,-1.364,67.62700000000001,0.0,0.0,-1.1500000000000001,11.9876,-41.9,-80.10000000000001,5.742,0,1.0,-0.43,310.005,3.2991,37.74,0.0,80.703,0.0,0
46986,-1.364,67.62700000000001,0.0,0.0,-1.1500000000000001,11.5568,-42.0,-80.10000000000001,5.742,0,1.0,-0.455,310.14000000000004,-1.2207000000000001,38.22,0.0,79.902,0.0,0
46986,-1.364,67.62700000000001,0.0,0.0,-1.1500000000000001,11.1266,-41.9,-79.8,5.742,0,1.0,-0.47000000000000003,310.005,-5.1466,37.56,0.0,79.102,0.0,0
46986,-1.0230000000000001,67.62700000000001,0.0,0.0,-1.1500000000000001,10.7059,-38.4,-80.3,5.742,0,0.0,-0.47000000000000003,309.915,-0.7258,37.5,0.0,78.301,0.0,0
46986,-1.705,67.62700000000001,0.0,0.0,-1.1500000000000001,10.3116,-38.4,-80.60000000000001,5.742,0,0.0,-0.44,310.005,-2.2434000000000003,37.71,0.0,77.5,0.0,0
46986,-1.364,67.62700000000001,0.0,0.0,-1.1500000000000001,9.9174,-38.4,-80.3,5.742,0,1.0,-0.47000000000000003,310.14000000000004,0.4289,37.56,0.0,76.699,0.0,0
46986,-1.364,67.62700000000001,0.0,0.0,-1.1500000000000001,9.5233,-38.800000000000004,-80.3,5.742,0,1.0,-0.455,310.005,2.7713,36.81,0.0,75.89800000000001,0.0,0
46986,-1.364,67.62700000000001,0.0,0.0,-1.1500000000000001,9.1643,-35.0,-80.3,5.742,0,1.0,-0.5,310.005,-0.7918000000000001,35.85,0.0,75.098,0.0,0
46986,-1.5350000000000001,67.62700000000001,0.0,0.0,-1.1500000000000001,8.8049,-35.0,-80.10000000000001,5.742,0,1.0,-0.435,309.915,-5.6745,35.13,0.0,74.297,0.0,0
46986,-1.5350000000000001,67.62700000000001,0.0,0.0,-1.1500000000000001,8.445400000000001,-35.0,-80.10000000000001,5.742,0,0.0,-0.51,310.005,5.0147,35.22,0.0,73.49600000000001,0.0,0
46986,-1.364,67.62700000000001,0.0,0.0,-1.1500000000000001,8.1103,-31.700000000000003,-80.3,5.742,0,1.0,-0.42,310.005,2.1114,35.730000000000004,0.0,72.69500000000001,0.0,0
46986,-1.364,67.62700000000001,0.0,0.0,-1.1500000000000001,7.784400000000001,-31.700000000000003,-80.10000000000001,5.742,0,0.0,-0.45,309.915,-2.3754,37.38,0.0,71.89500000000001,0.0,0
46986,-1.5350000000000001,67.62700000000001,0.0,0.0,-1.1500000000000001,7.4581,-31.700000000000003,-80.10000000000001,5.742,0,1.0,-0.435,310.005,-1.1877,38.550000000000004,0.0,71.09400000000001,0.0,0
46986,-1.364,67.62700000000001,0.0,0.0,-1.1500000000000001,7.1462,-28.700000000000003,-79.8,5.742,0,0.0,-0.44,309.915,-1.2537,38.97,0.0,70.293,0.0,0
46986,-1.364,67.62700000000001,0.0,0.0,-1.1500000000000001,7.1174,-28.8,-79.8,5.742,0,0.0,-0.41500000000000004,309.915,-1.963,39.0,0.0,70.215,0.0,0
46986,-1.364,67.62700000000001,0.0,0.0,-1.1500000000000001,6.8224,-28.8,-80.3,5.742,0,0.0,-0.47500000000000003,309.915,-1.5176,38.01,0.0,69.414,0.0,0
46986,-1.5350000000000001,67.62700000000001,0.0,0.0,-1.1500000000000001,6.5274,-28.8,-80.3,5.742,0,0.0,-0.48,310.005,-2.7053000000000003,37.5,0.0,68.613,0.0,0
46986,-1.364,67.62700000000001,0.0,0.0,-1.1500000000000001,6.2412,-25.900000000000002,-80.3,5.742,0,0.0,-0.445,310.005,1.5671000000000002,36.99,0.0,67.813,0.0,0
46986,-1.364,67.62700000000001,0.0,0.0,-1.1500000000000001,5.9758000000000004,-25.900000000000002,-79.8,5.742,0,0.0,-0.47000000000000003,310.005,1.3196,37.26,0.0,67.012,0.0,0
46986,-1.194,67.62700000000001,0.0,0.0,-1.1500000000000001,5.7104,-25.8,-80.10000000000001,5.742,0,0.0,-0.44,310.005,0.9238000000000001,37.56,0.0,66.211,0.0,0
46986,-1.194,67.62700000000001,0.0,0.0,-1.1500000000000001,5.4453000000000005,-25.5,-80.3,5.742,0,1.0,-0.49,310.005,-0.9402,36.21,0.0,65.41,0.0,0
46986,-1.194,67.62700000000001,0.0,0.0,-1.1500000000000001,5.2077,-23.400000000000002,-79.8,5.742,0,0.0,-0.46,310.14000000000004,0.6351,34.95,0.0,64.60900000000001,0.0,0
46986,-1.5350000000000001,67.62700000000001,0.0,0.0,-1.1500000000000001,4.9703,-23.1,-80.10000000000001,5.742,0,0.0,-0.47500000000000003,310.005,4.7507,34.5,0.0,63.809000000000005,0.0,0
46986,-1.364,67.62700000000001,0.0,0.0,-1.1500000000000001,4.732600000000001,-23.200000000000003,-79.8,5.742,0,0.0,-0.46,310.005,-0.39590000000000003,34.95,0.0,63.008,0.0,0
46986,-1.364,67.62700000000001,0.0,0.0,-1.1500000000000001,4.514200000000001,-20.6,-79.8,5.742,0,1.0,-0.49,310.14000000000004,-2.2022,37.44,0.0,62.207,0.0,0
46986,-1.194,67.62700000000001,0.0,0.0,-1.1500000000000001,4.3025,-20.6,-80.3,5.742,0,1.0,-0.425,310.005,3.563,38.550000000000004,0.0,61.406000000000006,0.0,0
46986,-1.364,67.62700000000001,0.0,0.0,-1.1500000000000001,4.0907,-20.900000000000002,-80.10000000000001,5.742,0,1.0,-0.5,309.915,-1.8310000000000002,39.6,0.0,60.605000000000004,0.0,0
46986,-1.0230000000000001,67.62700000000001,0.0,0.0,-1.1500000000000001,3.8906,-18.2,-80.10000000000001,5.742,0,1.0,-0.47500000000000003,310.005,-2.4166000000000003,39.51,0.0,59.805,0.0,0
46986,-1.5350000000000001,67.62700000000001,0.0,0.0,-1.1500000000000001,3.7030000000000003,-18.3,-80.10000000000001,5.742,0,0.0,-0.485,310.005,-0.3052,38.4,0.0,59.004000000000005,0.0,0
46986,-1.364,67.62700000000001,1.0,0.0,-1.1500000000000001,3.5155000000000003,-18.2,-79.60000000000001,5.742,0,0.0,-0.46,310.005,-0.7423000000000001,37.02,0.0,58.203,0.0,0
46986,-1.364,67.62700000000001,0.0,0.0,-1.1500000000000001,3.3323,-16.1,-79.8,5.742,0,0.0,-0.47000000000000003,309.915,-1.4351,36.72,0.0,57.402,0.0,0
46986,-1.5350000000000001,67.62700000000001,0.0,0.0,-1.1500000000000001,3.1674,-16.1,-79.8,5.742,0,0.0,-0.44,310.005,1.9135000000000002,36.480000000000004,0.0,56.602000000000004,0.0,0
46986,-1.194,67.62700000000001,0.0,0.0,-1.1500000000000001,3.0022,-16.1,-80.10000000000001,5.742,0,0.0,-0.485,310.005,1.2537,36.51,0.0,55.801,0.0,0
46986,-1.0230000000000001,67.62700000000001,0.0,0.0,-1.1500000000000001,2.837,-16.1,-79.8,5.742,0,0.0,-0.48,310.005,0.0495,35.85,0.0,55.0,0.0,0
46986,-1.364,67.62700000000001,0.0,0.0,-1.1500000000000001,2.6909,-14.100000000000001,-80.3,5.742,0,0.0,-0.485,309.915,-3.6538000000000004,35.64,0.0,54.199000000000005,0.0,0
46986,-1.364,67.62700000000001,0.0,0.0,-1.1500000000000001,2.5464,-14.3,-79.8,5.742,0,0.0,-0.455,310.14000000000004,-2.928,35.64,0.0,53.398,0.0,0
46986,-1.364,67.62700000000001,0.0,0.0,-1.1500000000000001,2.402,-14.100000000000001,-80.10000000000001,5.742,0,0.0,-0.47000000000000003,309.915,-1.3691,36.06,0.0,52.598,0.0,0
46986,-0.853,67.62700000000001,0.0,0.0,-1.1500000000000001,2.2699000000000003,-12.200000000000001,-79.8,5.742,0,1.0,-0.45,310.005,3.6785,37.68,0.0,51.797000000000004,0.0,0
46986,-1.0230000000000001,67.62700000000001,0.0,0.0,-1.1500000000000001,2.1443000000000003,-12.200000000000001,-79.60000000000001,5.742,0,0.0,-0.47500000000000003,309.915,0.2639,39.06,0.0,50.996,0.0,0
46986,-1.5350000000000001,67.62700000000001,0.0,0.0,-1.1500000000000001,2.0186,-15.4,-79.60000000000001,5.742,0,0.0,-0.485,310.005,5.1961,38.64,0.0,50.195,0.0,0
46986,-1.364,67.62700000000001,0.0,0.0,-1.1500000000000001,1.8998000000000002,-13.100000000000001,-79.8,5.742,0,0.0,-0.465,309.915,-1.1464,37.35,0.0,49.395,0.0,0
46986,-1.194,67.62700000000001,0.0,0.0,-1.1500000000000001,1.7914,-13.100000000000001,-80.3,5.742,0,0.0,-0.485,310.005,-2.7878000000000003,36.15,0.0,48.594,0.0,0
46986,-1.364,67.62700000000001,0.0,0.0,-1.1500000000000001,1.683,-13.3,-80.3,5.742,0,0.0,-0.47000000000000003,309.915,-1.5423,36.06,0.0,47.793,0.0,0
46986,-1.364,67.62700000000001,0.0,0.0,-1.1500000000000001,1.5764,-11.5,-80.60000000000001,5.742,0,0.0,-0.48,310.005,-0.41240000000000004,36.51,0.0,46.992000000000004,0.0,0
46986,-1.364,67.62700000000001,0.0,0.0,-1.1500000000000001,1.4837,-11.3,-79.8,5.742,0,0.0,-0.47500000000000003,310.14000000000004,5.1219,36.72,0.0,46.191,0.0,0
46986,-1.364,67.62700000000001,0.0,0.0,-1.1500000000000001,1.3933,-9.0,-80.3,5.742,0,0.0,-0.495,309.915,0.6598,36.480000000000004,0.0,45.410000000000004,0.0,0
46986,-1.364,67.62700000000001,0.0,0.0,-1.1500000000000001,1.3006,-9.1,-80.3,5.742,0,2.0,-0.425,310.005,-1.7815,35.550000000000004,0.0,44.609,0.0,0
46986,-1.0230000000000001,67.62700000000001,0.0,0.0,-1.1500000000000001,1.2195,-7.6000000000000005,-80.3,5.742,0,0.0,-0.485,310.005,0.8165,35.04,0.0,43.809000000000005,0.0,0
46986,-1.5350000000000001,67.62700000000001,0.0,0.0,-1.1500000000000001,1.2098,-9.700000000000001,-79.8,5.742,0,0.0,-0.505,310.005,1.6826,35.04,0.0,43.711000000000006,0.0,0
46986,-1.0230000000000001,67.62700000000001,0.0,0.0,-1.1500000000000001,1.1312,-9.6,-80.10000000000001,5.742,0,0.0,-0.48,310.005,-0.132,35.550000000000004,0.0,42.910000000000004,0.0,0
46986,-1.194,67.62700000000001,0.0,0.0,-1.1500000000000001,1.0545,-7.7,-80.10000000000001,5.742,0,0.0,-0.485,310.005,-1.0557,36.0,0.0,42.129000000000005,0.0,0
46986,-1.194,67.62700000000001,0.0,0.0,-1.1500000000000001,0.9840000000000001,-6.4,-78.8,5.742,0,0.0,-0.47000000000000003,310.005,-1.0557,36.99,0.0,41.328,0.0,0
46986,-1.0230000000000001,67.62700000000001,0.0,0.0,-0.968,0.9228000000000001,-6.4,-65.10000000000001,5.742,0,1.0,-0.49,310.005,1.5836000000000001,38.160000000000004,0.0,40.586,0.0,0
46986,-1.5350000000000001,67.62700000000001,0.0,0.0,-0.908,0.8809,-3.2,-39.1,5.742,0,0.0,-0.485,309.915,1.4516,38.22,0.0,40.078,0.0,0
46986,-1.0230000000000001,67.62700000000001,0.0,0.0,-0.726,0.8599,0.0,-17.5,5.742,0,1.0,-0.47000000000000003,310.005,1.0557,38.01,0.0,39.824000000000005,0.0,0
46986,-1.0230000000000001,67.62700000000001,0.0,0.0,-0.181,0.8503000000000001,-1.6,-6.6000000000000005,5.742,0,2.0,-0.445,310.005,-1.5836000000000001,37.26,0.0,39.707,0.0,0
46986,-0.853,67.62700000000001,0.0,0.0,-0.06,0.8245,-4.8,-67.9,5.742,0,1.0,-0.4,310.14000000000004,-1.4846000000000001,36.21,0.0,39.395,0.0,0
46986,-1.705,67.62700000000001,0.0,0.0,2.844,0.7257,-14.700000000000001,-209.3,5.742,0,1.0,-0.375,310.005,-0.39590000000000003,36.15,0.0,37.988,0.0,0
46986,-1.705,67.62700000000001,-1.0,0.0,14.701,0.5383,-22.0,-377.6,5.742,0,2.0,0.595,309.915,0.5938,35.01,0.0,34.961,0.0,0
46986,-1.194,67.62700000000001,0.0,0.0,87.964,0.32880000000000004,-18.5,-512.4,5.742,0,3.0,-1.03,309.915,-3.4311000000000003,34.86,0.0,30.41,0.0,0
46986,-1.194,67.62700000000001,0.0,0.0,189.177,0.1656,-12.5,-569.4,5.742,0,2.0,-0.5650000000000001,310.14000000000004,4.3878,35.58,0.0,24.902,0.0,0
46986,-1.0230000000000001,67.62700000000001,0.0,0.0,189.177,0.153,-12.600000000000001,-569.6,5.742,0,2.0,-0.535,310.14000000000004,5.0559,35.61,0.0,24.336000000000002,0.0,0
46986,-0.853,67.62700000000001,0.0,0.0,333.163,0.0634,-6.800000000000001,-554.6,5.742,0,1.0,-0.435,309.915,6.1364,35.910000000000004,0.0,18.711000000000002,0.0,0
46986,-0.853,67.62700000000001,0.0,0.0,393.721,0.021,-3.0,-486.20000000000005,5.742,0,1.0,-0.675,310.005,-2.0620000000000003,36.0,0.0,13.477,0.0,0
46986,-1.194,67.62700000000001,-1.0,0.0,440.547,0.0054,-0.7000000000000001,-353.5,5.742,0,4.0,-0.07,310.005,-1.3609,36.42,0.0,9.316,0.0,0
46986,-1.364,67.62700000000001,0.0,0.0,452.949,0.0011,-0.1,-199.9,5.742,0,1.0,-0.365,310.005,0.7505000000000001,36.87,0.0,6.621,0.0,0
46986,-1.0230000000000001,67.62700000000001,0.0,0.0,457.91,0.0001,-0.1,-73.2,5.742,0,1.0,-0.375,310.14000000000004,-1.3444,37.71,0.0,5.352,0.0,0
46986,-1.0230000000000001,67.62700000000001,0.0,0.0,458.333,0.0,0.0,-13.700000000000001,5.742,0,2.0,-0.31,310.005,2.9692000000000003,37.77,0.0,5.0200000000000005,0.0,0
46986,-1.364,67.62700000000001,0.0,0.0,457.728,0.0,0.0,-2.3000000000000003,5.742,0,0.0,-0.265,310.005,2.7053000000000003,37.08,0.0,4.961,0.0,0
46986,-1.5350000000000001,67.62700000000001,0.0,0.0,457.426,0.0,0.0,2.5,5.742,0,1.0,-0.305,310.005,-1.2702,36.45,0.0,4.961,0.0,0
46986,-1.194,67.62700000000001,0.0,0.0,456.942,0.0,0.0,1.0,5.742,0,0.0,-0.305,310.005,-3.2991,36.87,0.0,4.98,0.0,0
46986,-0.853,67.62700000000001,0.0,0.0,457.124,0.0,0.0,0.0,5.742,0,1.0,-0.28,310.14000000000004,-0.9897,37.14,0.0,4.98,0.0,0
46986,-1.0230000000000001,67.62700000000001,1.0,0.0,457.184,0.0,0.0,0.0,5.742,0,1.0,-0.315,310.005,4.024900000000001,36.18,0.0,4.98,0.0,0
46986,-1.5350000000000001,67.62700000000001,0.0,0.0,457.124,0.0,0.0,0.2,5.742,0,0.0,-0.28500000000000003,310.14000000000004,4.8415,75.75,0.0,4.98,0.0,0
46986,-1.194,67.62700000000001,0.0,0.0,456.942,0.0,0.0,0.0,5.742,0,1.0,-0.335,310.005,1.0805,117.78,0.0,4.98,0.0,0
46986,-1.194,67.62700000000001,0.0,0.0,456.639,0.0,0.0,0.0,5.742,0,0.0,-0.305,310.005,-1.4764000000000002,92.43,0.0,4.98,0.0,0
46986,-0.853,67.62700000000001,0.0,0.0,456.51800000000003,0.0,0.0,0.0,5.742,0,1.0,-0.255,310.14000000000004,-2.9692000000000003,80.19,0.0,4.98,0.0,0
46986,-1.364,67.62700000000001,0.0,0.0,456.57800000000003,0.0,0.0,0.0,5.742,0,1.0,-0.305,310.005,-2.8125,147.75,3.4916036128997803,4.98,0.0,0
46986,-1.194,67.62700000000001,0.0,0.0,456.639,0.0,0.0,0.0,5.742,0,1.0,-0.32,310.14000000000004,0.43710000000000004,15.540000000000001,3.4916036128997803,4.98,0.0,0
46986,-1.194,67.62700000000001,0.0,0.0,456.458,0.0,0.0,0.0,5.742,0,1.0,-0.31,310.14000000000004,4.923900000000001,0.6900000000000001,3.4916036128997803,4.98,0.0,0
46986,-1.0230000000000001,67.62700000000001,0.0,0.0,456.216,0.0,0.0,0.0,5.742,0,0.0,-0.28,310.14000000000004,-1.2124000000000001,0.03,3.4916036128997803,4.98,0.0,0
46986,-1.0230000000000001,67.62700000000001,0.0,0.0,456.276,0.0,0.0,0.0,5.742,0,1.0,-0.26,310.23,1.1712,0.0,3.4916036128997803,4.98,0.0,0
46986,-0.853,67.62700000000001,0.0,0.0,455.974,0.0,0.0,0.0,5.742,0,0.0,-0.335,310.14000000000004,3.1012,10.74,6.3904008865356445,4.98,0.0,0
46986,-1.0230000000000001,67.62700000000001,0.0,0.0,455.974,0.0,0.0,0.0,5.742,0,0.0,-0.32,310.14000000000004,3.6950000000000003,20.34,6.403701305389404,4.98,0.0,0
46986,-1.0230000000000001,67.62700000000001,-1.0,0.0,456.15500000000003,0.0,0.0,0.2,5.742,0,1.0,-0.34,309.915,-5.806500000000001,244.95000000000002,6.411301136016846,4.98,0.0,0
46986,-1.0230000000000001,67.62700000000001,0.0,0.0,456.15500000000003,0.0,0.0,0.0,5.742,0,0.0,-0.315,310.005,-4.5858,540.1800000000001,7.595330238342285,4.98,0.0,0
46986,-1.5350000000000001,67.62700000000001,0.0,0.0,455.79200000000003,0.0,0.0,0.0,5.742,0,1.0,-0.34500000000000003,310.005,-4.3548,840.0,11.046716690063477,4.98,0.0,0
46986,-0.682,67.62700000000001,0.0,0.0,455.974,0.0,0.0,0.0,5.742,0,0.0,-0.3,310.14000000000004,1.6826,1140.0,17.118864059448242,4.98,0.0,0
46986,-0.512,67.62700000000001,0.0,0.0,455.913,0.0,0.0,-0.2,5.742,0,1.0,-0.34500000000000003,310.14000000000004,5.5425,1420.68,20.83498764038086,4.98,0.0,0
46986,0.0,67.62700000000001,0.0,0.0,455.611,0.0,0.0,0.0,5.742,0,1.0,-0.34,310.005,-3.9589000000000003,1498.05,24.28162384033203,4.98,0.0,0
46986,0.0,67.62700000000001,0.0,0.0,455.43,0.0,0.0,0.0,5.742,0,1.0,-0.29,310.005,-7.522,1461.51,28.985122680664062,4.98,0.0,0
46986,0.512,67.62700000000001,0.0,0.0,455.49,0.0,0.0,0.0,5.742,0,1.0,-0.35000000000000003,309.915,-4.0579,1291.8600000000001,33.59489059448242,4.98,0.0,0
46986,1.0230000000000001,67.62700000000001,0.0,0.0,454.764,0.0,0.0,0.0,5.742,0,1.0,-0.325,309.825,-3.1672000000000002,1104.3600000000001,35.38502502441406,4.98,0.0,0
46986,1.194,67.62700000000001,-1.0,0.0,454.401,0.0,0.0,0.0,5.742,0,1.0,-0.33,309.915,-2.0455,928.5,35.38502502441406,4.98,0.0,0
46986,1.5350000000000001,67.62700000000001,0.0,0.0,454.28000000000003,0.0,0.0,0.0,5.742,0,2.0,-0.325,309.915,-2.3754,708.78,35.38502502441406,4.98,0.0,0
46986,1.705,67.62700000000001,0.0,0.0,454.28000000000003,0.0,0.0,0.0,5.742,0,1.0,-0.325,309.915,-4.5528,355.14,35.38502502441406,4.98,0.0,0
46986,1.364,67.62700000000001,0.0,0.0,454.159,0.0,0.0,0.0,5.742,0,1.0,-0.31,309.825,-2.2434000000000003,120.51,35.38502502441406,4.98,0.0,0
46986,1.194,67.62700000000001,-0.5,0.0,454.098,0.0,0.0,0.0,5.742,0,0.0,-0.34,309.69,-3.794,-480.0,35.38502502441406,4.98,0.0,0
46986,1.194,67.62700000000001,0.0,0.0,453.91700000000003,0.0,0.0,0.0,5.742,0,1.0,-0.325,309.825,-3.4311000000000003,-480.0,35.38502502441406,4.98,0.0,0
46986,1.194,67.62700000000001,0.0,0.0,454.28000000000003,0.0,0.0,0.0,5.742,0,1.0,-0.34,309.825,-1.5836000000000001,-480.0,35.38502502441406,4.98,0.0,0
46986,1.364,67.62700000000001,-1.0,0.0,454.34000000000003,0.0,0.0,0.0,5.742,0,1.0,-0.34,309.825,0.7918000000000001,-480.0,35.38502502441406,4.98,0.0,0
46986,11.084,67.549,-23.900000000000002,0.0,453.857,0.0,0.0,0.0,5.742,0,2.0,-0.34,309.69,2.4743,-480.0,35.38502502441406,4.98,0.0,0
46986,35.300000000000004,66.982,-90.5,-1.0,453.91700000000003,0.0,0.0,0.0,5.742,0,12.0,-0.28500000000000003,309.69,-0.6598,-346.62,35.38502502441406,4.98,0.0,0
46986,70.08800000000001,65.654,-171.9,-1.0,454.038,0.0,0.0,0.0,5.742,0,15.0,-0.3,309.69,-5.4435,125.34,35.38502502441406,4.98,0.0,0
46986,152.79500000000002,63.555,-241.10000000000002,-1.0,454.34000000000003,0.0,0.0,0.0,5.742,0,45.0,-0.325,309.915,3.2991,264.21,35.38502502441406,4.98,0.0,0
46986,162.686,63.311,-243.60000000000002,-1.0,454.34000000000003,0.0,0.0,0.0,5.742,0,45.0,-0.27,309.825,3.2084,256.77,35.38502502441406,4.98,0.0,0
46986,284.103,60.635000000000005,-281.3,-1.0,454.159,0.0,0.0,0.0,5.742,0,62.0,-0.32,309.825,4.3301,93.60000000000001,35.38502502441406,4.98,0.0,0
46986,454.122,57.822,-274.6,-1.0,454.038,0.0,0.0,0.0,5.742,0,71.0,-0.32,309.825,1.0310000000000001,-140.94,35.38502502441406,4.98,0.0,0
46986,674.447,55.059000000000005,-276.1,-1.0,453.857,0.0,0.0,0.0,5.742,0,74.0,-0.34500000000000003,309.915,4.1569,-238.59,35.38502502441406,4.98,0.0,0
46986,902.957,52.305,-271.1,0.0,454.219,0.0,0.0,0.0,5.742,0,71.0,-0.36,309.915,3.0187,-93.99,35.38502502441406,4.98,0.0,0
46986,1109.98,49.551,-273.6,0.0,454.098,0.0,0.0,0.0,5.742,0,69.0,-0.265,310.005,3.794,55.38,35.38502502441406,4.98,0.0,0
46986,1291.936,46.904,-254.3,0.0,454.098,0.0,0.0,0.0,5.742,0,70.0,-0.3,310.005,5.526000000000001,139.32,35.38502502441406,4.98,0.0,0
46986,1435.011,44.463,-231.4,0.0,453.91700000000003,0.0,0.0,0.0,5.742,0,74.0,-0.23500000000000001,309.915,1.9795,153.48,35.38502502441406,4.98,0.0,0
46986,1537.67,42.266000000000005,-210.5,0.0,452.949,0.0,0.0,0.0,5.742,0,75.0,-0.075,310.005,-0.5938,117.75,35.38502502441406,4.98,0.0,0
46986,1594.286,40.205000000000005,-196.8,0.0,452.707,0.0,0.0,0.0,5.742,0,74.0,0.045,310.14000000000004,2.2187,65.61,35.38502502441406,4.98,0.0,0
46986,1611.68,38.301,-183.10000000000002,0.0,453.494,0.0,0.0,0.0,5.737,0,75.0,0.23500000000000001,310.14000000000004,4.5115,21.150000000000002,35.38502502441406,4.98,0.0,0
46986,1614.92,36.494,-176.5,0.0,453.615,0.0,0.0,0.0,5.737,0,72.0,0.395,310.14000000000004,3.6538000000000004,-2.2800000000000002,35.38502502441406,4.98,0.0,0
46986,1591.557,34.766,-166.8,0.0,453.31100000000004,0.0,0.0,0.0,5.737,0,67.0,0.61,310.005,-1.3609,-4.86,35.38502502441406,4.98,0.0,0
46986,1562.738,33.096000000000004,-164.3,0.0,453.55400000000003,0.0,0.0,0.0,5.737,0,71.0,0.62,310.005,-5.9797,8.790000000000001,35.38502502441406,4.98,0.0,0
46986,1538.352,31.475,-162.20000000000002,0.0,453.25100000000003,0.0,0.0,0.0,5.737,0,66.0,0.66,310.005,-5.6497,26.43,35.38502502441406,4.98,0.0,0
46986,1515.842,29.863000000000003,-155.1,0.0,453.25100000000003,0.0,0.0,0.0,5.737,0,66.0,0.8300000000000001,310.005,1.3196,40.95,35.38502502441406,4.98,0.0,0
46986,1493.503,28.301000000000002,-158.1,0.0,453.615,0.0,0.0,0.0,5.737,0,65.0,0.75,310.005,1.4516,48.300000000000004,35.38502502441406,4.98,0.0,0
46986,1464.512,26.748,-155.1,0.0,453.675,0.0,0.0,0.0,5.737,0,66.0,0.7000000000000001,310.005,-1.4516,49.35,35.38502502441406,4.98,0.0,0
46986,1439.2740000000001,25.156000000000002,-157.1,0.0,453.432,0.0,0.0,0.0,5.737,0,57.0,0.785,310.005,-1.3196,45.84,35.38502502441406,4.98,0.0,0
46986,1420.175,23.574,-160.70000000000002,0.0,453.07,0.0,0.0,0.0,5.737,0,65.0,0.765,310.005,1.3196,40.65,35.38502502441406,4.98,0.0,0
46986,1409.602,21.982,-157.70000000000002,0.0,453.372,0.0,0.0,0.0,5.737,0,60.0,0.8300000000000001,310.14000000000004,2.2187,36.12,35.38502502441406,4.98,0.0,0
46986,1406.021,20.371000000000002,-158.1,0.0,453.372,0.0,0.0,0.0,5.737,0,61.0,0.885,309.915,-0.0495,33.21,35.38502502441406,4.98,0.0,0
46986,1392.719,18.877000000000002,-124.10000000000001,0.0,453.615,0.0,0.0,0.0,5.737,0,62.0,0.8250000000000001,309.915,0.8083,34.08,35.38502502441406,4.98,0.0,0
46986,1283.751,18.125,-34.5,0.0,453.372,0.0,0.0,0.0,5.737,0,61.0,0.8200000000000001,309.915,-3.6785,35.4,35.38502502441406,4.98,0.0,0
46986,1070.247,18.076,2.0,1.0,452.767,0.0,0.0,0.0,5.737,0,28.0,0.8300000000000001,310.005,-3.1177,37.71,35.38502502441406,4.98,0.0,0
46986,896.647,18.018,-9.1,2.0,453.009,0.0,0.0,0.0,5.737,0,5.0,0.895,310.005,-0.1072,38.61,35.38502502441406,4.98,0.0,0
46986,771.99,17.93,-8.6,1.0,453.615,0.0,0.0,0.0,5.737,0,4.0,0.855,309.915,1.4516,37.89,35.38502502441406,4.98,0.0,0
46986,676.152,17.842000000000002,-9.1,0.0,453.796,0.0,0.0,0.0,5.737,0,5.0,0.875,309.825,-5.3941,37.230000000000004,35.38502502441406,4.98,0.0,0
46986,603.335,17.754,-8.6,-1.0,453.432,0.0,0.0,0.0,5.737,0,14.0,0.96,309.915,-2.4908,36.99,35.38502502441406,4.98,0.0,0
46986,547.913,17.676000000000002,-8.6,0.0,453.494,0.0,0.0,0.0,5.737,0,20.0,0.87,309.915,3.1672000000000002,37.14,35.38502502441406,4.98,0.0,0
46986,505.11,17.588,-8.6,0.0,453.07,0.0,0.0,0.0,5.737,0,22.0,0.88,310.005,1.8145,37.62,35.38502502441406,4.98,0.0,0
46986,470.493,17.51,-8.1,0.0,453.31100000000004,0.0,0.0,0.0,5.737,0,14.0,0.915,309.825,-1.8310000000000002,38.28,35.38502502441406,4.98,0.0,0
46986,444.231,17.422,-8.1,0.0,453.736,0.0,0.0,0.0,5.737,0,11.0,0.89,309.915,-4.2229,37.71,35.38502502441406,4.98,0.0,0
46986,412.00100000000003,17.432000000000002,23.3,0.0,453.796,0.0,0.0,0.0,5.737,0,10.0,0.905,309.69,-6.4910000000000005,37.230000000000004,35.38502502441406,4.98,0.0,0
46986,405.35,17.461000000000002,28.900000000000002,0.0,453.494,0.0,0.0,0.0,5.737,0,10.0,0.915,309.69,-7.258100000000001,37.17,35.38502502441406,4.98,0.0,0
46986,333.045,17.91,43.7,1.0,453.675,0.0,0.0,-0.2,5.737,0,-4.0,0.91,309.825,-0.2639,36.63,35.38502502441406,4.98,0.0,0
46986,281.375,18.193,18.3,2.0,453.07,0.0,0.0,0.0,5.737,0,-28.0,0.9,309.825,0.6598,36.87,35.38502502441406,4.98,0.0,0
46986,256.307,18.32,9.6,1.0,452.767,0.0,0.0,0.0,5.737,0,-28.0,0.985,309.69,-3.9589000000000003,37.17,35.38502502441406,4.98,0.0,0
46986,243.17600000000002,18.389,3.5,-1.0,452.767,0.0,0.0,0.0,5.737,0,-13.0,0.9400000000000001,309.915,1.3196,37.92,35.38502502441406,4.98,0.0,0
46986,237.719,18.408,0.0,-1.0,453.25100000000003,0.0,0.0,0.0,5.737,0,-5.0,0.975,309.825,2.9032,36.99,35.38502502441406,4.98,0.0,0
46986,235.502,18.398,-2.0,-1.0,453.55400000000003,0.0,0.0,0.2,5.737,0,5.0,0.97,309.825,-0.39590000000000003,36.45,35.38502502441406,4.98,0.0,0
46986,235.84300000000002,18.369,-2.5,-1.0,453.25100000000003,0.0,0.0,0.0,5.737,0,8.0,0.9450000000000001,309.825,0.5938,36.45,35.38502502441406,4.98,0.0,0
46986,235.161,18.34,-3.0,0.0,453.25100000000003,0.0,0.0,0.0,5.737,0,11.0,0.9400000000000001,309.825,0.0,36.75,35.38502502441406,4.98,0.0,0
46986,234.82,18.311,-3.5,0.0,453.615,0.0,0.0,0.0,5.737,0,9.0,0.975,309.915,-1.6496000000000002,38.19,35.38502502441406,4.98,0.0,0
46986,234.99,18.271,-3.0,0.0,453.796,0.0,0.0,0.0,5.737,0,5.0,0.9550000000000001,310.005,5.1466,39.18,35.38502502441406,4.98,0.0,0
46986,234.479,18.232,-3.0,0.0,453.736,0.0,0.0,-0.2,5.737,0,6.0,0.965,309.915,4.4208,38.49,35.38502502441406,4.98,0.0,0
46986,234.138,18.193,-4.1000000000000005,0.0,453.25100000000003,0.0,0.0,0.0,5.737,0,3.0,0.9,309.825,-2.3754,38.88,35.38502502441406,4.98,0.0,0
46986,234.649,18.154,-3.5,0.0,453.25100000000003,0.0,0.0,-0.2,5.737,0,4.0,0.995,309.915,-1.5176,38.13,35.38502502441406,4.98,0.0,0
46986,234.479,18.115000000000002,-4.1000000000000005,0.0,453.25100000000003,0.0,0.0,0.2,5.737,0,12.0,1.0150000000000001,309.915,1.8475000000000001,37.26,35.38502502441406,4.98,0.0,0
46986,234.479,18.076,-3.0,0.0,453.25100000000003,0.0,0.0,-0.2,5.737,0,11.0,0.99,309.915,2.0455,36.72,35.38502502441406,4.98,0.0,0
46986,234.479,18.037000000000003,-4.1000000000000005,0.0,453.19100000000003,0.0,0.0,0.0,5.737,0,9.0,0.965,309.825,-5.1466,36.06,35.38502502441406,4.98,0.0,0
46986,234.308,17.998,-4.1000000000000005,0.0,453.07,0.0,0.0,0.0,5.737,0,5.0,1.01,309.915,-4.7507,35.910000000000004,35.38502502441406,4.98,0.0,0
46986,234.138,17.959,-4.1000000000000005,0.0,453.372,0.0,0.0,0.0,5.737,0,7.0,0.905,309.915,3.1672000000000002,36.0,35.38502502441406,4.98,0.0,0
46986,234.649,17.92,-4.1000000000000005,0.0,453.372,0.0,0.0,0.0,5.737,0,6.0,0.9400000000000001,309.915,5.476500000000001,36.6,35.38502502441406,4.98,0.0,0
46986,234.479,17.881,-4.1000000000000005,0.0,453.19100000000003,0.0,0.0,-0.2,5.737,0,5.0,0.935,309.69,-5.1466,37.800000000000004,35.38502502441406,4.98,0.0,0
46986,234.479,17.842000000000002,-4.1000000000000005,0.0,453.25100000000003,0.0,0.0,0.0,5.737,0,8.0,0.98,309.825,-2.3094,39.0,35.38502502441406,4.98,0.0,0
46986,234.479,17.803,-4.1000000000000005,0.0,452.949,0.0,0.0,0.0,5.737,0,6.0,0.97,309.915,1.7155,39.24,35.38502502441406,4.98,0.0,0
46986,235.161,17.764,-4.1000000000000005,0.0,453.009,0.0,0.0,0.0,5.737,0,7.0,0.99,309.825,2.5403000000000002,38.88,35.38502502441406,4.98,0.0,0
46986,234.99,17.725,-3.5,0.0,453.372,0.0,0.0,-0.2,5.737,0,7.0,0.9450000000000001,309.69,-2.2434000000000003,38.1,35.38502502441406,4.98,0.0,0
46986,234.82,17.715,-4.1000000000000005,0.0,453.25100000000003,0.0,0.0,0.0,5.737,0,7.0,0.9400000000000001,309.915,-2.0620000000000003,37.980000000000004,35.38502502441406,4.98,0.0,0
46986,234.99,17.686,-4.1000000000000005,0.0,453.494,0.0,0.0,0.0,5.737,0,7.0,0.9550000000000001,309.825,-5.3941,37.89,35.38502502441406,4.98,0.0,0
46986,235.161,17.646,-3.5,0.0,453.55400000000003,0.0,0.0,0.0,5.737,0,6.0,0.98,309.915,-1.5341,37.53,35.38502502441406,4.98,0.0,0
46986,234.82,17.607,-3.5,0.0,453.675,0.0,0.0,0.0,5.737,0,6.0,0.995,309.915,2.4661,37.17,35.38502502441406,4.98,0.0,0
46986,234.99,17.568,-3.0,0.0,453.372,0.0,0.0,0.0,5.737,0,7.0,0.975,309.825,1.3856000000000002,36.99,35.38502502441406,4.98,0.0,0
46986,235.161,17.539,-3.5,0.0,453.31100000000004,0.0,0.0,-0.2,5.737,0,6.0,1.0050000000000001,309.915,-0.3052,36.84,35.38502502441406,4.98,0.0,0
46986,235.332,17.51,-3.0,0.0,453.372,0.0,0.0,-0.2,5.737,0,7.0,0.97,309.825,-0.5114000000000001,36.39,35.38502502441406,4.98,0.0,0
46986,235.161,17.471,-3.5,0.0,453.07,0.0,0.0,-0.2,5.737,0,9.0,0.965,309.915,1.1712,36.42,35.38502502441406,4.98,0.0,0
46986,235.332,17.441000000000003,-4.1000000000000005,0.0,453.13,0.0,0.0,0.2,5.737,0,7.0,0.96,309.915,0.0,37.92,35.38502502441406,4.98,0.0,0
46986,235.332,17.402,-3.5,0.0,452.949,0.0,0.0,0.2,5.737,0,6.0,0.98,309.915,1.0557,38.160000000000004,35.38502502441406,4.98,0.0,0
46986,235.502,17.373,-3.0,0.0,453.19100000000003,0.0,0.0,0.2,5.737,0,7.0,0.99,309.915,-0.39590000000000003,38.550000000000004,35.38502502441406,4.98,0.0,0
46986,235.502,17.344,-2.5,0.0,453.19100000000003,0.0,0.0,0.0,5.737,0,7.0,0.925,309.915,0.3794,38.28,35.38502502441406,4.98,0.0,0
46986,235.502,17.314,-3.5,0.0,452.949,0.0,0.0,-0.2,5.737,0,4.0,0.9500000000000001,309.915,0.066,38.04,35.38502502441406,4.98,0.0,0
46986,235.332,17.305,-2.5,0.0,452.949,0.0,0.0,-0.2,5.737,0,4.0,0.97,309.915,0.5279,37.980000000000004,35.38502502441406,4.98,0.0,0
46986,235.84300000000002,17.275000000000002,-3.0,0.0,452.707,0.0,0.0,0.2,5.737,0,5.0,0.995,309.915,0.9238000000000001,38.28,35.38502502441406,4.98,0.0,0
46986,235.502,17.246000000000002,-2.5,0.0,452.646,0.0,0.0,0.0,5.737,0,6.0,1.025,309.915,0.2639,38.19,35.38502502441406,4.98,0.0,0
46986,236.014,17.217000000000002,-3.0,0.0,452.88800000000003,0.0,0.0,0.0,5.737,0,6.0,0.975,309.915,0.0,37.29,35.38502502441406,4.98,0.0,0
46986,235.84300000000002,17.197,-2.5,0.0,453.009,0.0,0.0,0.0,5.737,0,5.0,0.98,309.915,3.1672000000000002,36.78,35.38502502441406,4.98,0.0,0
46986,236.35500000000002,17.168,-2.5,0.0,452.88800000000003,0.0,0.0,-0.2,5.737,0,8.0,1.0050000000000001,309.825,-1.3196,35.550000000000004,35.38502502441406,4.98,0.0,0
46986,235.673,17.139,-2.0,0.0,452.52500000000003,0.0,0.0,0.2,5.737,0,7.0,1.01,309.915,-1.0557,35.22,35.38502502441406,4.98,0.0,0
46986,235.84300000000002,17.109,-2.5,0.0,452.82800000000003,0.0,0.0,0.2,5.737,0,4.0,1.0,309.915,2.3754,35.61,35.38502502441406,4.98,0.0,0
46986,236.014,17.09,-2.5,0.0,452.82800000000003,0.0,0.0,0.0,5.737,0,6.0,0.995,309.915,1.5176,36.9,35.38502502441406,4.98,0.0,0
46986,236.014,17.061,-3.0,0.0,453.009,0.0,0.0,-0.2,5.737,0,5.0,0.97,309.915,-1.0557,37.95,35.38502502441406,4.98,0.0,0
46986,235.84300000000002,17.031000000000002,-2.5,0.0,452.767,0.0,0.0,-0.2,5.737,0,6.0,0.97,309.825,-0.46190000000000003,38.67,35.38502502441406,4.98,0.0,0
46986,236.014,17.012,-2.5,0.0,452.949,0.0,0.0,-0.2,5.737,0,7.0,0.98,309.825,-1.0557,39.03,35.38502502441406,4.98,0.0,0
46986,236.184,16.982,-2.5,0.0,452.88800000000003,0.0,0.0,0.2,5.737,0,5.0,1.01,309.825,-0.46190000000000003,38.550000000000004,35.38502502441406,4.98,0.0,0
46986,236.525,16.963,-2.5,0.0,453.009,0.0,0.0,0.0,5.737,0,8.0,0.98,309.915,0.7918000000000001,37.89,35.38502502441406,4.98,0.0,0
46986,236.35500000000002,16.934,-3.0,0.0,453.25100000000003,0.0,0.0,0.2,5.737,0,7.0,0.9550000000000001,309.915,0.46190000000000003,37.56,35.38502502441406,4.98,0.0,0
46986,236.525,16.914,-2.0,0.0,453.13,0.0,0.0,-0.2,5.737,0,5.0,0.9450000000000001,309.825,2.6393,37.17,35.38502502441406,4.98,0.0,0
46986,236.184,16.914,-2.5,0.0,453.13,0.0,0.0,-0.2,5.737,0,5.0,0.97,309.69,1.3444,37.14,35.38502502441406,4.98,0.0,0
46986,236.184,16.885,-2.5,0.0,453.31100000000004,0.0,0.0,-0.2,5.737,0,6.0,1.0050000000000001,309.825,-1.3691,36.9,35.38502502441406,4.98,0.0,0
46986,236.35500000000002,16.865000000000002,-2.5,0.0,453.13,0.0,0.0,0.2,5.737,0,7.0,0.98,309.825,-2.4249,36.06,35.38502502441406,4.98,0.0,0
46986,236.014,16.846,-2.0,0.0,452.82800000000003,0.0,0.0,0.0,5.737,0,5.0,0.995,309.915,4.1404000000000005,35.7,35.38502502441406,4.98,0.0,0
46986,236.184,16.826,-2.0,0.0,452.88800000000003,0.0,0.0,0.0,5.737,0,6.0,1.0150000000000001,309.825,3.4311000000000003,36.0,35.38502502441406,4.98,0.0,0
46986,235.84300000000002,16.797,-3.0,0.0,452.88800000000003,0.0,0.0,0.2,5.737,0,4.0,0.985,309.825,-1.7155,36.96,35.38502502441406,4.98,0.0,0
46986,236.525,16.777,-2.0,0.0,452.767,0.0,0.0,0.2,5.737,0,6.0,1.025,309.915,-4.7507,38.58,35.38502502441406,4.98,0.0,0
46986,235.84300000000002,16.758,-2.0,0.0,452.646,0.0,0.0,0.0,5.737,0,6.0,0.99,309.915,1.8475000000000001,39.24,35.38502502441406,4.98,0.0,0
46986,236.014,16.738,-2.0,0.0,452.88800000000003,0.0,0.0,0.0,5.737,0,6.0,0.96,309.915,3.6785,39.0,35.38502502441406,4.98,0.0,0
46986,236.35500000000002,16.719,-1.0,0.0,452.707,0.0,0.0,0.0,5.737,0,5.0,1.025,309.825,-1.1877,38.160000000000004,35.38502502441406,4.98,0.0,0
46986,236.35500000000002,16.699,-2.0,0.0,453.009,0.0,0.0,-0.2,5.737,0,7.0,0.985,309.915,-1.9795,37.53,35.38502502441406,4.98,0.0,0
46986,236.696,16.68,-2.0,0.0,453.13,0.0,0.0,0.2,5.737,0,8.0,1.04,309.825,-0.9073,37.800000000000004,35.38502502441406,4.98,0.0,0
46986,236.35500000000002,16.66,-2.0,0.0,453.25100000000003,0.0,0.0,0.2,5.737,0,7.0,1.03,309.915,2.0949,37.62,35.38502502441406,4.98,0.0,0
46986,236.525,16.641000000000002,-2.5,0.0,453.009,0.0,0.0,0.0,5.737,0,6.0,1.045,309.825,-3.2166,37.74,35.38502502441406,4.98,0.0,0
46986,236.525,16.621000000000002,-2.5,0.0,453.25100000000003,0.0,0.0,-0.2,5.737,0,7.0,1.0050000000000001,309.915,-1.2702,36.18,35.38502502441406,4.98,0.0,0
46986,236.35500000000002,16.602,-1.5,0.0,453.009,0.0,0.0,-0.2,5.737,0,6.0,1.0,309.825,1.798,35.82,35.38502502441406,4.98,0.0,0
46986,236.525,16.582,-2.5,0.0,452.88800000000003,0.0,0.0,-0.2,5.737,0,7.0,1.035,309.825,1.1877,35.49,35.38502502441406,4.98,0.0,0
46986,236.525,16.572,-1.0,0.0,453.19100000000003,0.0,0.0,0.0,5.737,0,8.0,1.02,309.825,-4.8167,35.64,35.38502502441406,4.98,0.0,0
46986,236.525,16.553,-2.0,0.0,452.88800000000003,0.0,0.0,0.2,5.737,0,8.0,0.995,309.915,-0.34640000000000004,37.14,35.38502502441406,4.98,0.0,0
46986,236.184,16.533,-1.5,0.0,452.82800000000003,0.0,0.0,0.2,5.737,0,7.0,0.975,309.915,4.024900000000001,38.64,35.38502502441406,4.98,0.0,0
46986,236.35500000000002,16.514,-1.5,0.0,453.19100000000003,0.0,0.0,0.0,5.737,0,6.0,1.02,309.69,-0.23920000000000002,39.24,35.38502502441406,4.98,0.0,0
46986,236.525,16.494,-1.5,0.0,453.13,0.0,0.0,-0.2,5.737,0,6.0,0.99,309.915,-1.5176,39.300000000000004,35.38502502441406,4.98,0.0,0
46986,236.525,16.484,-1.5,0.0,452.82800000000003,0.0,0.0,0.0,5.737,0,6.0,1.0150000000000001,309.825,-0.3134,38.22,35.38502502441406,4.98,0.0,0
46986,236.696,16.465,-1.5,0.0,452.707,0.0,0.0,0.0,5.737,0,7.0,1.0150000000000001,309.915,3.4806000000000004,37.83,35.38502502441406,4.98,0.0,0
46986,236.525,16.445,-2.5,0.0,452.52500000000003,0.0,0.0,0.0,5.737,0,7.0,1.02,309.915,-0.39590000000000003,36.96,35.38502502441406,4.98,0.0,0
46986,236.525,16.445,-2.0,0.0,452.52500000000003,0.0,0.0,0.2,5.737,0,7.0,1.01,309.915,0.0,36.87,35.38502502441406,4.98,0.0,0
46986,236.525,16.426000000000002,-2.0,0.0,452.767,0.0,0.0,0.0,5.737,0,7.0,1.03,309.825,-0.2639,36.09,35.38502502441406,4.98,0.0,0
46986,236.525,16.416,-2.0,0.0,452.88800000000003,0.0,0.0,-0.2,5.737,0,6.0,1.04,309.915,-0.5279,35.79,35.38502502441406,4.98,0.0,0
46986,236.525,16.396,-2.0,0.0,453.07,0.0,0.0,0.0,5.737,0,7.0,1.0,309.825,-2.1114,35.07,35.38502502441406,4.98,0.0,0
46986,236.525,16.387,-1.5,0.0,453.19100000000003,0.0,0.0,-0.2,5.737,0,6.0,1.02,309.915,2.0455,35.4,35.38502502441406,4.98,0.0,0
46986,236.696,16.367,-1.5,0.0,453.009,0.0,0.0,0.2,5.737,0,7.0,1.03,309.915,2.1114,35.52,35.38502502441406,4.98,0.0,0
46986,236.35500000000002,16.357,-1.5,0.0,452.88800000000003,0.0,0.0,0.2,5.737,0,7.0,1.03,309.825,-2.6393,35.58,35.38502502441406,4.98,0.0,0
46986,236.525,16.338,-1.5,0.0,453.07,0.0,0.0,0.2,5.737,0,6.0,1.05,309.915,-2.1114,36.660000000000004,35.38502502441406,4.98,0.0,0
46986,236.525,16.328,-1.5,0.0,452.707,0.0,0.0,0.0,5.737,0,6.0,0.995,309.915,1.5836000000000001,38.1,35.38502502441406,4.98,0.0,0
46986,236.35500000000002,16.309,-1.0,0.0,453.07,0.0,0.0,0.0,5.737,0,7.0,1.0150000000000001,309.825,-0.2639,38.49,35.38502502441406,4.98,0.0,0
46986,236.525,16.299,-1.0,0.0,452.88800000000003,0.0,0.0,0.0,5.737,0,7.0,1.045,309.915,-1.0557,38.1,35.38502502441406,4.98,0.0,0
46986,236.866,16.279,-2.0,0.0,452.767,0.0,0.0,0.2,5.737,0,7.0,1.045,309.69,-4.0909,36.87,35.38502502441406,4.98,0.0,0
46986,236.525,16.27,-1.0,0.0,452.767,0.0,0.0,-0.2,5.737,0,7.0,1.03,309.915,-3.4971,36.6,35.38502502441406,4.98,0.0,0
46986,236.525,16.25,-1.5,0.0,452.52500000000003,0.0,0.0,-0.2,5.737,0,6.0,0.975,309.915,2.3754,36.54,35.38502502441406,4.98,0.0,0
46986,236.525,16.240000000000002,-1.0,0.0,452.404,0.0,0.0,0.0,5.737,0,7.0,1.0050000000000001,309.825,3.8600000000000003,36.09,35.38502502441406,4.98,0.0,0
46986,236.525,16.221,-2.0,0.0,452.646,0.0,0.0,0.0,5.737,0,6.0,0.985,309.825,-2.6393,36.18,35.38502502441406,4.98,0.0,0
46986,236.866,16.211000000000002,-1.5,0.0,452.82800000000003,0.0,0.0,0.0,5.737,0,7.0,1.025,309.825,1.6496000000000002,35.730000000000004,35.38502502441406,4.98,0.0,0
46986,236.866,16.191000000000003,-2.0,0.0,452.88800000000003,0.0,0.0,0.0,5.737,0,6.0,1.035,309.825,1.3196,35.550000000000004,35.38502502441406,4.98,0.0,0
46986,236.866,16.182000000000002,-1.5,0.0,452.52500000000003,0.0,0.0,0.0,5.737,0,7.0,1.055,309.915,-1.6496000000000002,34.5,35.38502502441406,4.98,0.0,0
46986,236.696,16.172,-1.5,0.0,452.52500000000003,0.0,0.0,0.0,5.737,0,7.0,1.02,309.825,0.7918000000000001,35.4,35.38502502441406,4.98,0.0,0
46986,236.525,16.152,-2.0,0.0,452.404,0.0,0.0,0.0,5.737,0,7.0,1.12,309.915,-1.9135000000000002,36.72,35.38502502441406,4.98,0.0,0
46986,236.696,16.143,-1.5,0.0,452.52500000000003,0.0,0.0,0.0,5.737,0,7.0,1.0050000000000001,309.825,-2.7713,38.550000000000004,35.38502502441406,4.98,0.0,0
46986,237.207,16.133,-1.5,0.0,452.586,0.0,0.0,0.0,5.737,0,7.0,1.02,309.915,0.7258,38.910000000000004,35.38502502441406,4.98,0.0,0
46986,236.696,16.113,-1.5,0.0,452.52500000000003,0.0,0.0,0.0,5.737,0,7.0,0.99,309.825,-1.7155,38.28,35.38502502441406,4.98,0.0,0
46986,236.696,16.104,-1.0,0.0,452.52500000000003,0.0,0.0,-0.2,5.737,0,6.0,1.035,309.825,0.5279,37.47,35.38502502441406,4.98,0.0,0
46986,236.525,16.104,-1.0,0.0,452.52500000000003,0.0,0.0,0.0,5.737,0,7.0,1.02,309.825,0.3299,37.35,35.38502502441406,4.98,0.0,0
46986,236.696,16.094,-1.5,0.0,452.707,0.0,0.0,0.2,5.737,0,7.0,0.96,309.825,-0.6433,35.910000000000004,35.38502502441406,4.98,0.0,0
46986,236.696,16.084,-1.0,0.0,452.646,0.0,0.0,-0.2,5.737,0,7.0,0.995,309.825,-0.39590000000000003,35.37,35.38502502441406,4.98,0.0,0
46986,236.696,16.064,-1.0,0.0,452.646,0.0,0.0,0.0,5.737,0,7.0,0.985,309.69,-2.0867,35.31,35.38502502441406,4.98,0.0,0
46986,236.696,16.055,-1.0,0.0,452.88800000000003,0.0,0.0,0.0,5.737,0,7.0,0.98,309.915,0.3134,35.43,35.38502502441406,4.98,0.0,0
46986,236.696,16.045,-1.5,0.0,452.767,0.0,0.0,0.0,5.737,0,7.0,1.06,309.825,1.3856000000000002,35.34,35.38502502441406,4.98,0.0,0
46986,236.866,16.035,-1.0,0.0,452.88800000000003,0.0,0.0,0.0,5.737,0,7.0,1.025,309.825,0.7258,36.06,35.38502502441406,4.98,0.0,0
46986,236.866,16.016000000000002,-1.5,0.0,452.707,0.0,0.0,0.0,5.737,0,8.0,1.0050000000000001,309.825,-0.2474,36.480000000000004,35.38502502441406,4.98,0.0,0
46986,236.525,16.006,-1.5,0.0,452.707,0.0,0.0,-0.2,5.737,0,7.0,1.045,309.825,-0.132,37.74,35.38502502441406,4.98,0.0,0
46986,236.866,15.996,-1.0,0.0,453.13,0.0,0.0,0.0,5.737,0,7.0,1.025,309.825,-1.4516,38.76,35.38502502441406,4.98,0.0,0
46986,236.525,15.986,-1.5,0.0,452.88800000000003,0.0,0.0,0.2,5.737,0,7.0,0.995,309.915,-0.7423000000000001,38.67,35.38502502441406,4.98,0.0,0
46986,236.696,15.977,-1.0,0.0,452.646,0.0,0.0,0.0,5.737,0,7.0,0.995,309.825,-3.8930000000000002,38.19,35.38502502441406,4.98,0.0,0
46986,236.696,15.967,-1.0,0.0,452.949,0.0,0.0,0.2,5.737,0,7.0,0.985,309.825,0.7258,37.92,35.38502502441406,4.98,0.0,0
46986,236.525,15.947000000000001,-1.0,0.0,452.707,0.0,0.0,0.0,5.737,0,8.0,1.035,309.69,3.0764,37.74,35.38502502441406,4.98,0.0,0
46986,236.35500000000002,15.938,-1.5,0.0,452.82800000000003,0.0,0.0,0.0,5.737,0,8.0,1.0,309.825,1.2289,37.08,35.38502502441406,4.98,0.0,0
46986,236.866,15.928,-0.5,0.0,453.009,0.0,0.0,0.0,5.737,0,7.0,1.0150000000000001,309.915,3.2166,36.15,35.38502502441406,4.98,0.0,0
46986,236.525,15.918000000000001,-1.0,0.0,452.707,0.0,0.0,0.0,5.737,0,9.0,0.995,309.915,1.3196,34.89,35.38502502441406,4.98,0.0,0
46986,236.696,15.908000000000001,-1.0,0.0,452.707,0.0,0.0,-0.2,5.737,0,9.0,1.0150000000000001,309.915,-1.798,35.07,35.38502502441406,4.98,0.0,0
46986,236.866,15.898000000000001,-1.5,0.0,452.707,0.0,0.0,0.0,5.737,0,7.0,1.0,309.825,-0.18150000000000002,35.97,35.38502502441406,4.98,0.0,0
46986,236.866,15.889000000000001,-0.5,0.0,452.344,0.0,0.0,0.0,5.737,0,8.0,1.01,309.69,-0.8825000000000001,36.96,35.38502502441406,4.98,0.0,0
46986,236.35500000000002,15.879000000000001,-1.0,0.0,452.46500000000003,0.0,0.0,0.0,5.737,0,8.0,1.01,309.915,-1.2702,37.71,35.38502502441406,4.98,0.0,0
46986,236.866,15.869000000000002,-1.0,0.0,452.586,0.0,0.0,-0.2,5.737,0,7.0,1.055,309.915,-0.9402,38.46,35.38502502441406,4.98,0.0,0
46986,237.37800000000001,15.859,-1.5,0.0,452.586,0.0,0.0,0.0,5.737,0,8.0,1.055,309.915,-0.3299,38.550000000000004,35.38502502441406,4.98,0.0,0
46986,237.207,15.850000000000001,-0.5,0.0,452.767,0.0,0.0,0.0,5.737,0,7.0,1.06,309.915,5.0147,39.03,35.38502502441406,4.98,0.0,0
46986,237.37800000000001,15.840000000000002,-0.5,0.0,452.88800000000003,0.0,0.0,0.0,5.737,0,8.0,1.0150000000000001,309.825,1.3856000000000002,37.83,35.38502502441406,4.98,0.0,0
46986,236.866,15.83,0.0,0.0,452.949,0.0,0.0,0.0,5.737,0,7.0,0.985,309.69,-6.7302,37.5,35.38502502441406,4.98,0.0,0
46986,237.37800000000001,15.82,-1.0,0.0,452.82800000000003,0.0,0.0,0.0,5.737,0,8.0,1.02,309.915,1.5836000000000001,36.75,35.38502502441406,4.98,0.0,0
46986,236.866,15.811,-0.5,0.0,452.88800000000003,0.0,0.0,0.0,5.737,0,7.0,1.025,309.825,3.6950000000000003,36.75,35.38502502441406,4.98,0.0,0
46986,236.866,15.801,-1.0,0.0,453.009,0.0,0.0,0.0,5.737,0,9.0,1.02,309.69,-0.5279,36.96,35.38502502441406,4.98,0.0,0
46986,237.207,15.791,-0.5,0.0,452.82800000000003,0.0,0.0,0.0,5.737,0,8.0,1.0050000000000001,309.69,-4.2229,36.09,35.38502502441406,4.98,0.0,0
46986,237.207,15.781,-1.0,0.0,452.646,0.0,0.0,-0.2,5.737,0,7.0,1.035,309.825,1.5836000000000001,35.79,35.38502502441406,4.98,0.0,0
46986,237.37800000000001,15.771,-1.0,0.0,452.707,0.0,0.0,0.0,5.737,0,8.0,1.03,309.915,4.486800000000001,36.03,35.38502502441406,4.98,0.0,0
46986,237.37800000000001,15.762,-0.5,0.0,452.88800000000003,0.0,0.0,0.0,5.737,0,7.0,1.02,309.825,-3.0022,36.33,35.38502502441406,4.98,0.0,0
46986,237.207,15.752,-1.0,0.0,452.707,0.0,0.0,0.0,5.737,0,8.0,1.025,309.825,0.132,37.29,35.38502502441406,4.98,0.0,0
46986,237.37800000000001,15.742,-1.0,0.0,452.586,0.0,0.0,0.0,5.737,0,9.0,1.035,309.825,2.1774,37.92,35.38502502441406,4.98,0.0,0
46986,237.037,15.732000000000001,-1.0,0.0,452.646,0.0,0.0,0.0,5.737,0,8.0,0.985,309.825,-1.0557,38.43,35.38502502441406,4.98,0.0,0
46986,237.207,15.723,-1.0,0.0,452.707,0.0,0.0,0.2,5.737,0,8.0,1.0050000000000001,309.915,-0.066,38.160000000000004,35.38502502441406,4.98,0.0,0
46986,237.37800000000001,15.713000000000001,-1.0,0.0,452.586,0.0,0.0,-0.2,5.737,0,8.0,0.995,309.825,0.7918000000000001,38.34,35.38502502441406,4.98,0.0,0
46986,237.037,15.713000000000001,-1.0,0.0,452.586,0.0,0.0,0.0,5.737,0,8.0,1.025,309.915,1.1712,38.37,35.38502502441406,4.98,0.0,0
46986,235.673,15.703000000000001,-1.0,0.0,453.07,0.0,0.0,0.0,5.737,0,8.0,1.035,309.915,-0.47840000000000005,38.13,35.38502502441406,4.98,0.0,0
46986,237.37800000000001,15.693000000000001,-1.5,0.0,452.707,0.0,0.0,0.0,5.737,0,8.0,1.04,309.915,-0.8578,38.19,35.38502502441406,4.98,0.0,0
46986,235.673,15.684000000000001,0.0,0.0,452.646,0.0,0.0,0.0,5.737,0,9.0,1.0050000000000001,309.825,0.3299,37.38,35.38502502441406,4.98,0.0,0
46986,236.184,15.684000000000001,0.0,0.0,453.07,0.0,0.0,0.0,5.737,0,9.0,0.99,309.825,-0.1155,36.81,35.38502502441406,4.98,0.0,0
46986,234.82,15.674000000000001,-0.5,0.0,453.13,0.0,0.0,0.0,5.737,0,9.0,1.0,309.825,0.132,35.82,35.38502502441406,4.98,0.0,0
46986,235.84300000000002,15.664000000000001,-0.5,0.0,452.767,0.0,0.0,0.0,5.737,0,8.0,1.03,309.825,-0.8578,35.7,35.38502502441406,4.98,0.0,0
46986,234.308,15.664000000000001,-1.0,0.0,452.52500000000003,0.0,0.0,0.0,5.737,0,8.0,1.0,309.915,0.3299,35.94,35.38502502441406,4.98,0.0,0
46986,235.502,15.654,-1.0,0.0,452.404,0.0,0.0,0.0,5.737,0,8.0,1.01,309.915,2.4249,37.08,35.38502502441406,4.98,0.0,0
46986,234.308,15.645000000000001,-1.0,0.0,452.46500000000003,0.0,0.0,0.0,5.737,0,9.0,1.03,309.825,-0.2474,38.04,35.38502502441406,4.98,0.0,0
46986,236.184,15.645000000000001,-1.0,0.0,452.46500000000003,0.0,0.0,0.0,5.737,0,9.0,1.02,309.825,0.0,38.160000000000004,35.38502502441406,4.98,0.0,0
46986,235.84300000000002,15.635000000000002,-1.0,0.0,452.767,0.0,0.0,0.0,5.737,0,8.0,1.0,309.825,-1.5176,38.76,35.38502502441406,4.98,0.0,0
46986,236.35500000000002,15.625,-1.5,0.0,452.707,0.0,0.0,-0.2,5.737,0,7.0,1.04,309.915,0.6598,38.88,35.38502502441406,4.98,0.0,0
46986,237.548,15.615,-0.5,0.0,452.88800000000003,0.0,0.0,-0.2,5.737,0,9.0,1.0150000000000001,309.915,2.8372,37.95,35.38502502441406,4.98,0.0,0
46986,236.35500000000002,15.605,-1.0,0.0,453.25100000000003,0.0,0.0,0.0,5.737,0,10.0,1.045,309.69,-4.7507,37.44,35.38502502441406,4.98,0.0,0
46986,236.525,15.605,-0.5,0.0,452.949,0.0,0.0,0.0,5.737,0,8.0,1.035,309.915,0.2639,37.44,35.38502502441406,4.98,0.0,0
46986,236.866,15.596,-1.0,0.0,452.82800000000003,0.0,0.0,0.0,5.737,0,10.0,1.04,309.915,4.2229,37.95,35.38502502441406,4.98,0.0,0
46986,237.719,15.586,-1.0,0.0,452.949,0.0,0.0,0.0,5.737,0,9.0,1.045,309.825,1.4846000000000001,38.07,35.38502502441406,4.98,0.0,0
46986,236.35500000000002,15.576,-0.5,0.0,452.646,0.0,0.0,0.0,5.737,0,10.0,1.03,309.69,-5.6745,37.5,35.38502502441406,4.98,0.0,0
46986,236.866,15.566,-1.0,0.0,452.88800000000003,0.0,0.0,0.0,5.737,0,8.0,1.05,309.915,-1.3196,36.06,35.38502502441406,4.98,0.0,0
46986,237.37800000000001,15.557,-1.0,0.0,453.19100000000003,0.0,0.0,0.0,5.737,0,9.0,1.02,309.825,1.7155,35.46,35.38502502441406,4.98,0.0,0
46986,238.231,15.547,-1.0,0.0,452.88800000000003,0.0,0.0,0.0,5.737,0,9.0,1.02,309.825,2.0125,36.09,35.38502502441406,4.98,0.0,0
46986,236.696,15.537,-1.0,0.0,452.88800000000003,0.0,0.0,0.2,5.737,0,11.0,1.05,309.915,0.0,37.02,35.38502502441406,4.98,0.0,0
46986,237.548,15.537,-1.0,0.0,452.767,0.0,0.0,0.0,5.737,0,7.0,1.025,309.825,-2.1114,38.34,35.38502502441406,4.98,0.0,0
46986,238.572,15.527000000000001,-0.5,0.0,452.88800000000003,0.0,0.0,0.0,5.737,0,9.0,1.05,309.915,1.7155,38.67,35.38502502441406,4.98,0.0,0
46986,238.572,15.518,-1.0,0.0,453.07,0.0,0.0,0.0,5.737,0,9.0,0.985,309.915,1.8475000000000001,38.76,35.38502502441406,4.98,0.0,0
46986,236.696,15.508000000000001,-1.0,0.0,452.82800000000003,0.0,0.0,0.0,5.737,0,9.0,1.04,309.825,0.6598,37.74,35.38502502441406,4.98,0.0,0
46986,237.37800000000001,15.498000000000001,-1.0,0.0,452.586,0.0,0.0,0.0,5.737,0,9.0,1.02,309.825,0.8578,37.2,35.38502502441406,4.98,0.0,0
46986,238.231,15.488000000000001,0.0,0.0,452.82800000000003,0.0,0.0,0.0,5.737,0,12.0,1.04,309.825,-0.7918000000000001,37.35,35.38502502441406,4.98,0.0,0
46986,238.913,15.488000000000001,-1.0,0.0,452.949,0.0,0.0,0.0,5.737,0,8.0,1.025,309.69,-1.4846000000000001,37.53,35.38502502441406,4.98,0.0,0
46986,237.037,15.479000000000001,-0.5,0.0,452.949,0.0,0.0,0.0,5.737,0,8.0,1.03,309.915,-0.39590000000000003,37.47,35.38502502441406,4.98,0.0,0
46986,237.548,15.469000000000001,0.0,0.0,452.646,0.0,0.0,0.0,5.737,0,8.0,1.07,309.825,1.3196,36.51,35.38502502441406,4.98,0.0,0
46986,238.913,15.459000000000001,-0.5,0.0,452.949,0.0,0.0,0.0,5.737,0,10.0,0.995,309.915,3.563,35.61,35.38502502441406,4.98,0.0,0
46986,239.25400000000002,15.449000000000002,-0.5,0.0,453.009,0.0,0.0,0.0,5.737,0,8.0,1.06,309.825,-2.0455,35.61,35.38502502441406,4.98,0.0,0
46986,237.207,15.449000000000002,-1.0,0.0,453.009,0.0,0.0,0.0,5.737,0,9.0,1.03,309.825,-0.132,36.0,35.38502502441406,4.98,0.0,0
46986,237.548,15.439,-1.0,0.0,452.949,0.0,0.0,0.0,5.737,0,9.0,1.08,309.915,1.3196,36.75,35.38502502441406,4.98,0.0,0
46986,238.74200000000002,15.430000000000001,-0.5,0.0,452.767,0.0,0.0,0.2,5.737,0,9.0,1.0,309.915,0.6598,38.07,35.38502502441406,4.98,0.0,0
46986,238.913,15.42,-0.5,0.0,452.707,0.0,0.0,0.0,5.737,0,9.0,1.065,309.825,0.0,38.4,35.38502502441406,4.98,0.0,0
46986,232.94400000000002,15.42,-1.0,0.0,452.707,0.0,0.0,0.0,5.737,0,9.0,1.05,309.825,-0.066,38.52,35.38502502441406,4.98,0.0,0
46986,236.525,15.41,-1.0,0.0,452.82800000000003,0.0,0.0,0.0,5.737,0,9.0,0.975,309.825,-2.7548,38.82,35.38502502441406,4.98,0.0,0
46986,231.921,15.41,-0.5,0.0,452.646,0.0,0.0,0.0,5.737,0,9.0,1.01,309.915,0.3299,37.11,35.38502502441406,4.98,0.0,0
46986,235.332,15.4,-0.5,0.0,453.009,0.0,0.0,0.0,5.737,0,11.0,1.035,309.825,2.0455,36.84,35.38502502441406,4.98,0.0,0
46986,234.138,15.391,-1.0,0.0,452.949,0.0,0.0,0.0,5.737,0,10.0,1.04,309.825,0.1072,36.36,35.38502502441406,4.98,0.0,0
46986,236.696,15.381,0.0,0.0,452.404,0.0,0.0,0.0,5.737,0,9.0,1.025,309.825,-4.0084,36.45,35.38502502441406,4.98,0.0,0
46986,233.626,15.371,-0.5,0.0,452.404,0.0,0.0,0.0,5.737,0,11.0,1.01,309.825,0.8578,36.45,35.38502502441406,4.98,0.0,0
46986,235.84300000000002,15.371,-1.0,0.0,452.707,0.0,0.0,0.0,5.737,0,8.0,1.04,309.825,2.7053000000000003,36.42,35.38502502441406,4.98,0.0,0
46986,235.332,15.361,-1.5,0.0,452.707,0.0,0.0,0.0,5.737,0,8.0,1.05,309.825,-0.5526,35.910000000000004,35.38502502441406,4.98,0.0,0
46986,236.525,15.352,-0.5,0.0,452.404,0.0,0.0,0.0,5.737,0,8.0,1.02,309.825,0.2639,36.300000000000004,35.38502502441406,4.98,0.0,0
46986,236.35500000000002,15.342,-1.0,0.0,452.344,0.0,0.0,0.0,5.737,0,10.0,0.985,309.915,3.2826,36.93,35.38502502441406,4.98,0.0,0
46986,236.184,15.342,-1.0,0.0,452.52500000000003,0.0,0.0,0.0,5.737,0,8.0,1.04,309.825,1.5836000000000001,37.59,35.38502502441406,4.98,0.0,0
46986,236.014,15.332,-0.5,0.0,452.586,0.0,0.0,0.0,5.737,0,7.0,0.975,309.825,-1.963,37.83,35.38502502441406,4.98,0.0,0
46986,236.525,15.322000000000001,-0.5,0.0,452.88800000000003,0.0,0.0,0.0,5.737,0,8.0,1.055,309.825,-3.7445000000000004,37.410000000000004,35.38502502441406,4.98,0.0,0
46986,236.525,15.313,-0.5,0.0,452.767,0.0,0.0,0.0,5.737,0,10.0,0.985,309.825,-1.2372,37.59,35.38502502441406,4.98,0.0,0
46986,236.35500000000002,15.313,-1.0,0.0,452.88800000000003,0.0,0.0,0.0,5.737,0,10.0,1.0150000000000001,309.825,1.1217000000000001,37.59,35.38502502441406,4.98,0.0,0
46986,236.35500000000002,15.313,-0.5,0.0,452.88800000000003,0.0,0.0,0.0,5.737,0,9.0,1.035,309.825,1.0557,37.5,35.38502502441406,4.98,0.0,0
46986,236.184,15.303,-1.0,0.0,452.46500000000003,0.0,0.0,0.0,5.737,0,9.0,1.025,309.915,1.5836000000000001,37.02,35.38502502441406,4.98,0.0,0
46986,236.35500000000002,15.293000000000001,-0.5,0.0,452.52500000000003,0.0,0.0,0.0,5.737,0,8.0,1.065,309.915,0.9897,36.57,35.38502502441406,4.98,0.0,0
46986,236.014,15.283000000000001,-1.5,0.0,452.52500000000003,0.0,0.0,0.0,5.737,0,11.0,1.02,309.69,-5.0147,36.12,35.38502502441406,4.98,0.0,0
46986,236.525,15.283000000000001,-0.5,0.0,452.646,0.0,0.0,0.0,5.737,0,9.0,1.075,309.825,-3.8930000000000002,35.88,35.38502502441406,4.98,0.0,0
46986,236.525,15.273000000000001,-1.0,0.0,452.88800000000003,0.0,0.0,0.0,5.737,0,9.0,1.025,309.825,1.3196,35.79,35.38502502441406,4.98,0.0,0
46986,236.014,15.264000000000001,-0.5,0.0,452.46500000000003,0.0,0.0,0.2,5.737,0,8.0,1.02,309.825,1.4846000000000001,36.12,35.38502502441406,4.98,0.0,0
46986,236.525,15.254000000000001,-1.5,0.0,452.223,0.0,0.0,0.0,5.737,0,10.0,1.01,309.915,1.8475000000000001,36.51,35.38502502441406,4.98,0.0,0
46986,236.35500000000002,15.254000000000001,-1.0,0.0,452.707,0.0,0.0,0.0,5.737,0,10.0,1.07,309.915,2.5733,36.78,35.38502502441406,4.98,0.0,0
46986,236.35500000000002,15.244000000000002,-0.5,0.0,452.88800000000003,0.0,0.0,0.2,5.737,0,9.0,1.065,309.825,1.0557,37.56,35.38502502441406,4.98,0.0,0
46986,236.35500000000002,15.234,-0.5,0.0,452.82800000000003,0.0,0.0,0.0,5.737,0,10.0,1.03,309.915,-0.5279,37.53,35.38502502441406,4.98,0.0,0
46986,236.184,15.225000000000001,-0.5,0.0,452.52500000000003,0.0,0.0,0.0,5.737,0,9.0,1.05,309.915,-2.2434000000000003,37.29,35.38502502441406,4.98,0.0,0
46986,236.184,15.225000000000001,-0.5,0.0,452.707,0.0,0.0,0.0,5.737,0,9.0,1.0150000000000001,309.915,2.5733,36.6,35.38502502441406,4.98,0.0,0
46986,236.35500000000002,15.215,-0.5,0.0,452.646,0.0,0.0,-0.2,5.737,0,10.0,1.075,309.825,1.4516,36.45,35.38502502441406,4.98,0.0,0
46986,236.35500000000002,15.205,-0.5,0.0,452.46500000000003,0.0,0.0,0.0,5.737,0,9.0,0.995,309.915,-3.1672000000000002,36.24,35.38502502441406,4.98,0.0,0
46986,236.525,15.205,-0.5,0.0,452.707,0.0,0.0,0.0,5.737,0,9.0,1.0150000000000001,309.825,-1.0557,35.85,35.38502502441406,4.98,0.0,0
46986,236.184,15.195,-0.5,0.0,452.82800000000003,0.0,0.0,0.0,5.737,0,9.0,0.995,309.69,-2.0125,35.37,35.38502502441406,4.98,0.0,0
46986,236.35500000000002,15.186,-0.5,0.0,452.707,0.0,0.0,0.0,5.737,0,10.0,1.035,309.69,-5.806500000000001,34.74,35.38502502441406,4.98,0.0,0
46986,236.525,15.176,-0.5,0.0,452.707,0.0,0.0,0.0,5.737,0,10.0,1.055,309.69,-0.4289,34.980000000000004,35.38502502441406,4.98,0.0,0
46986,236.35500000000002,15.176,-1.5,0.0,452.52500000000003,0.0,0.0,0.0,5.737,0,9.0,1.02,309.69,-1.5836000000000001,35.67,35.38502502441406,4.98,0.0,0
46986,236.35500000000002,15.166,-0.5,0.0,452.46500000000003,0.0,0.0,0.0,5.737,0,10.0,1.025,309.825,-0.099,36.51,35.38502502441406,4.98,0.0,0
46986,236.35500000000002,15.156,-1.0,0.0,452.586,0.0,0.0,0.0,5.737,0,9.0,1.095,309.915,5.806500000000001,37.2,35.38502502441406,4.98,0.0,0
46986,236.35500000000002,15.156,-0.5,0.0,452.707,0.0,0.0,0.0,5.737,0,11.0,1.02,309.825,2.0125,37.47,35.38502502441406,4.98,0.0,0
46986,236.525,15.146,-1.0,0.0,452.404,0.0,0.0,0.2,5.737,0,9.0,1.0150000000000001,309.825,0.5279,37.32,35.38502502441406,4.98,0.0,0
46986,236.35500000000002,15.137,0.0,0.0,452.404,0.0,0.0,-0.2,5.737,0,10.0,1.07,309.915,0.0,36.72,35.38502502441406,4.98,0.0,0
46986,236.525,15.137,-0.5,0.0,452.707,0.0,0.0,0.0,5.737,0,9.0,1.0050000000000001,309.915,1.3196,36.33,35.38502502441406,4.98,0.0,0
46986,236.525,15.127,-0.5,0.0,452.46500000000003,0.0,0.0,0.0,5.737,0,9.0,1.035,309.825,-1.3196,36.09,35.38502502441406,4.98,0.0,0
46986,236.184,15.117,-0.5,0.0,452.284,0.0,0.0,0.2,5.737,0,8.0,1.045,309.915,-0.132,35.46,35.38502502441406,4.98,0.0,0
46986,236.525,15.117,-0.5,0.0,452.284,0.0,0.0,0.0,5.737,0,8.0,1.045,309.825,-0.0495,35.4,35.38502502441406,4.98,0.0,0
46986,236.525,15.107000000000001,-0.5,0.0,452.404,0.0,0.0,0.0,5.737,0,9.0,1.065,309.69,-2.3341000000000003,34.77,35.38502502441406,4.98,0.0,0
46986,236.35500000000002,15.107000000000001,0.0,0.0,452.52500000000003,0.0,0.0,0.0,5.737,0,9.0,1.045,309.69,-2.9445,34.05,35.38502502441406,4.98,0.0,0
46986,236.184,15.098,-1.0,0.0,452.163,0.0,0.0,0.0,5.737,0,9.0,1.065,309.825,-1.0392000000000001,34.32,35.38502502441406,4.98,0.0,0
46986,236.525,15.088000000000001,-0.5,0.0,452.404,0.0,0.0,0.0,5.737,0,9.0,1.05,309.825,2.4826,35.1,35.38502502441406,4.98,0.0,0
46986,236.525,15.088000000000001,-0.5,0.0,452.46500000000003,0.0,0.0,0.0,5.737,0,10.0,1.065,309.915,3.8765,36.42,35.38502502441406,4.98,0.0,0
46986,236.525,15.078000000000001,0.0,0.0,452.646,0.0,0.0,0.0,5.737,0,8.0,1.045,309.915,-0.34640000000000004,37.32,35.38502502441406,4.98,0.0,0
46986,236.35500000000002,15.068000000000001,-0.5,0.0,452.586,0.0,0.0,0.0,5.737,0,10.0,1.02,309.825,-1.3196,38.07,35.38502502441406,4.98,0.0,0
46986,236.525,15.068000000000001,-0.5,0.0,452.88800000000003,0.0,0.0,0.0,5.737,0,8.0,1.03,309.825,-0.7753,37.92,35.38502502441406,4.98,0.0,0
46986,236.35500000000002,15.059000000000001,0.0,0.0,452.52500000000003,0.0,0.0,0.0,5.737,0,9.0,1.04,309.825,1.0062,36.93,35.38502502441406,4.98,0.0,0
46986,236.184,15.049000000000001,0.0,0.0,452.404,0.0,0.0,0.0,5.737,0,8.0,1.035,309.825,-1.6496000000000002,36.6,35.38502502441406,4.98,0.0,0
46986,236.525,15.049000000000001,-0.5,0.0,452.404,0.0,0.0,0.0,5.737,0,9.0,1.03,309.825,0.46190000000000003,37.14,35.38502502441406,4.98,0.0,0
46986,236.525,15.039000000000001,-1.0,0.0,452.344,0.0,0.0,0.0,5.737,0,9.0,1.05,309.825,4.024900000000001,37.32,35.38502502441406,4.98,0.0,0
46986,236.525,15.029,-0.5,0.0,452.284,0.0,0.0,-0.2,5.737,0,10.0,1.04,309.825,-0.7918000000000001,36.69,35.38502502441406,4.98,0.0,0
46986,236.525,15.029,-1.5,0.0,452.344,0.0,0.0,0.0,5.737,0,9.0,1.04,309.915,-1.798,35.4,35.38502502441406,4.98,0.0,0
46986,236.525,15.020000000000001,-0.5,0.0,452.404,0.0,0.0,0.0,5.737,0,10.0,1.05,309.825,-0.3134,34.2,35.38502502441406,4.98,0.0,0
46986,236.35500000000002,15.010000000000002,-0.5,0.0,452.46500000000003,0.0,0.0,0.0,5.737,0,9.0,1.035,309.915,0.0495,34.05,35.38502502441406,4.98,0.0,0
46986,236.696,15.010000000000002,-1.0,0.0,452.404,0.0,0.0,0.0,5.737,0,9.0,1.055,309.915,-0.767,35.31,35.38502502441406,4.98,0.0,0
46986,236.696,15.0,-1.0,0.0,452.586,0.0,0.0,0.0,5.737,0,9.0,1.04,309.825,0.066,37.17,35.38502502441406,4.98,0.0,0
46986,236.525,14.99,-0.5,0.0,452.646,0.0,0.0,0.0,5.737,0,9.0,1.05,309.825,-0.5938,38.28,35.38502502441406,4.98,0.0,0
46986,236.525,14.99,-1.5,0.0,452.586,0.0,0.0,0.0,5.737,0,9.0,1.01,309.825,-1.4351,38.94,35.38502502441406,4.98,0.0,0
46986,236.35500000000002,14.98,-1.0,0.0,452.404,0.0,0.0,0.0,5.737,0,9.0,1.04,309.825,-2.1774,38.4,35.38502502441406,4.98,0.0,0
46986,236.35500000000002,14.98,-0.5,0.0,452.586,0.0,0.0,0.0,5.737,0,9.0,1.035,309.825,-1.9795,38.19,35.38502502441406,4.98,0.0,0
46986,236.525,14.971,-1.0,0.0,452.46500000000003,0.0,0.0,0.0,5.737,0,9.0,1.045,309.825,0.0,36.69,35.38502502441406,4.98,0.0,0
46986,236.525,14.971,-1.0,0.0,452.586,0.0,0.0,0.0,5.737,0,9.0,1.035,309.915,4.486800000000001,36.480000000000004,35.38502502441406,4.98,0.0,0
46986,236.696,14.961,-1.0,0.0,452.586,0.0,0.0,-0.2,5.737,0,9.0,1.06,309.825,-0.5279,36.12,35.38502502441406,4.98,0.0,0
46986,236.525,14.951,-0.5,0.0,452.163,0.0,0.0,0.0,5.737,0,10.0,1.01,309.69,-2.6393,36.45,35.38502502441406,4.98,0.0,0
46986,236.525,14.951,-1.0,0.0,452.223,0.0,0.0,0.0,5.737,0,9.0,1.01,309.825,-1.7815,35.79,35.38502502441406,4.98,0.0,0
46986,236.525,14.941,-1.0,0.0,452.52500000000003,0.0,0.0,0.0,5.737,0,10.0,1.06,309.825,1.5836000000000001,35.28,35.38502502441406,4.98,0.0,0
46986,236.866,14.932,0.0,0.0,452.404,0.0,0.0,0.0,5.737,0,9.0,1.045,309.825,6.499300000000001,35.07,35.38502502441406,4.98,0.0,0
46986,236.35500000000002,14.932,-0.5,0.0,452.404,0.0,0.0,0.0,5.737,0,9.0,1.0150000000000001,309.69,-4.0909,35.22,35.38502502441406,4.98,0.0,0
46986,236.525,14.922,-1.0,0.0,452.404,0.0,0.0,0.0,5.737,0,9.0,1.055,309.825,-0.7918000000000001,35.85,35.38502502441406,4.98,0.0,0
46986,236.525,14.912,-1.0,0.0,452.344,0.0,0.0,0.0,5.737,0,9.0,1.035,309.915,4.3548,36.72,35.38502502441406,4.98,0.0,0
46986,236.696,14.912,-0.5,0.0,452.344,0.0,0.0,0.0,5.737,0,9.0,1.04,309.825,-0.6268,37.89,35.38502502441406,4.98,0.0,0
46986,236.35500000000002,14.902000000000001,-0.5,0.0,452.46500000000003,0.0,0.0,0.0,5.737,0,10.0,1.0150000000000001,309.69,-4.2229,38.550000000000004,35.38502502441406,4.98,0.0,0
46986,236.525,14.902000000000001,-1.0,0.0,452.707,0.0,0.0,0.0,5.737,0,10.0,1.05,309.915,2.1114,38.19,35.38502502441406,4.98,0.0,0
46986,236.525,14.893,-1.0,0.0,452.52500000000003,0.0,0.0,0.0,5.737,0,10.0,1.0,309.825,2.2434000000000003,37.68,35.38502502441406,4.98,0.0,0
46986,236.525,14.883000000000001,-0.5,0.0,452.46500000000003,0.0,0.0,0.0,5.737,0,9.0,1.05,309.915,-0.4289,36.45,35.38502502441406,4.98,0.0,0
46986,236.525,14.883000000000001,-0.5,0.0,452.46500000000003,0.0,0.0,0.0,5.737,0,9.0,1.06,309.915,-0.899,36.36,35.38502502441406,4.98,0.0,0
46986,236.866,14.883000000000001,-1.0,0.0,452.46500000000003,0.0,0.0,0.0,5.737,0,9.0,1.05,309.915,-0.8578,35.64,35.38502502441406,4.98,0.0,0
46986,236.525,14.873000000000001,-0.5,0.0,452.223,0.0,0.0,0.0,5.737,0,9.0,1.04,309.825,0.3299,35.85,35.38502502441406,4.98,0.0,0
46986,236.696,14.863000000000001,-0.5,0.0,452.46500000000003,0.0,0.0,0.0,5.737,0,9.0,1.07,309.825,-0.1155,36.27,35.38502502441406,4.98,0.0,0
46986,236.525,14.863000000000001,0.0,0.0,452.52500000000003,0.0,0.0,0.0,5.737,0,10.0,1.0150000000000001,309.825,-1.3196,36.36,35.38502502441406,4.98,0.0,0
46986,236.525,14.854000000000001,-0.5,0.0,452.284,0.0,0.0,0.0,5.737,0,9.0,1.01,309.825,-0.9238000000000001,36.21,35.38502502441406,4.98,0.0,0
46986,236.696,14.844000000000001,-1.0,0.0,452.04200000000003,0.0,0.0,0.0,5.737,0,9.0,1.0,309.825,0.9402,35.97,35.38502502441406,4.98,0.0,0
46986,236.525,14.844000000000001,-1.0,0.0,452.04200000000003,0.0,0.0,0.0,5.737,0,9.0,1.03,309.825,0.132,36.51,35.38502502441406,4.98,0.0,0
46986,236.696,14.834000000000001,-1.0,0.0,452.404,0.0,0.0,0.0,5.737,0,10.0,1.06,309.915,-1.9300000000000002,36.96,35.38502502441406,4.98,0.0,0
46986,236.525,14.834000000000001,-0.5,0.0,452.223,0.0,0.0,0.0,5.737,0,10.0,1.025,309.825,0.46190000000000003,38.43,35.38502502441406,4.98,0.0,0
46986,236.525,14.824,-0.5,0.0,452.163,0.0,0.0,0.0,5.737,0,9.0,1.0,309.915,2.5568,39.09,35.38502502441406,4.98,0.0,0
46986,236.696,14.814,-1.0,0.0,452.223,0.0,0.0,0.0,5.737,0,9.0,1.045,309.915,-2.0455,38.88,35.38502502441406,4.98,0.0,0
46986,236.696,14.814,0.0,0.0,452.646,0.0,0.0,0.0,5.737,0,10.0,1.055,309.915,1.897,37.95,35.38502502441406,4.98,0.0,0
46986,236.525,14.805000000000001,-0.5,0.0,452.344,0.0,0.0,0.0,5.737,0,10.0,1.04,309.825,-0.3794,37.2,35.38502502441406,4.98,0.0,0
46986,236.866,14.795,-0.5,0.0,452.223,0.0,0.0,0.0,5.737,0,9.0,1.0150000000000001,309.915,-1.6661000000000001,36.6,35.38502502441406,4.98,0.0,0
46986,236.525,14.795,0.0,0.0,452.404,0.0,0.0,0.0,5.737,0,10.0,1.05,309.915,1.3856000000000002,36.09,35.38502502441406,4.98,0.0,0
46986,236.525,14.785,-1.0,0.0,452.404,0.0,0.0,0.0,5.737,0,9.0,1.035,310.005,5.7487,35.52,35.38502502441406,4.98,0.0,0
46986,236.525,14.785,0.0,0.0,452.284,0.0,0.0,0.0,5.737,0,9.0,1.0150000000000001,309.825,-1.3032000000000001,36.06,35.38502502441406,4.98,0.0,0
46986,236.525,14.775,0.0,0.0,452.223,0.0,0.0,0.0,5.737,0,9.0,1.04,309.825,-4.7342,36.39,35.38502502441406,4.98,0.0,0
46986,236.866,14.775,0.0,0.0,452.344,0.0,0.0,0.0,5.737,0,9.0,1.045,309.915,-2.3589,36.99,35.38502502441406,4.98,0.0,0
46986,236.696,14.766,-0.5,0.0,452.52500000000003,0.0,0.0,0.0,5.737,0,9.0,1.035,309.825,-1.2537,38.19,35.38502502441406,4.98,0.0,0
46986,236.35500000000002,14.756,-0.5,0.0,452.404,0.0,0.0,0.0,5.737,0,9.0,1.04,309.825,2.3094,38.7,35.38502502441406,4.98,0.0,0
46986,236.525,14.756,-1.0,0.0,452.223,0.0,0.0,0.0,5.737,0,10.0,1.045,309.915,-0.41240000000000004,39.06,35.38502502441406,4.98,0.0,0
46986,236.525,14.746,-0.5,0.0,451.86,0.0,0.0,0.0,5.737,0,10.0,1.035,309.825,-0.19790000000000002,39.09,35.38502502441406,4.98,0.0,0
46986,236.696,14.746,-1.0,0.0,452.04200000000003,0.0,0.0,0.0,5.737,0,9.0,1.03,309.69,0.3052,38.13,35.38502502441406,4.98,0.0,0
46986,236.35500000000002,14.736,-0.5,0.0,452.04200000000003,0.0,0.0,0.0,5.737,0,10.0,1.025,309.69,-2.2681,37.53,35.38502502441406,4.98,0.0,0
46986,236.696,14.727,-1.0,0.0,451.8,0.0,0.0,0.0,5.737,0,10.0,1.055,309.915,-0.2639,36.78,35.38502502441406,4.98,0.0,0
46986,236.35500000000002,14.727,-0.5,0.0,452.04200000000003,0.0,0.0,0.0,5.737,0,9.0,1.045,309.69,-0.066,36.33,35.38502502441406,4.98,0.0,0
46986,236.525,14.717,-0.5,0.0,452.04200000000003,0.0,0.0,0.0,5.737,0,10.0,1.0,309.915,-0.5279,35.22,35.38502502441406,4.98,0.0,0
46986,236.35500000000002,14.717,-1.0,0.0,452.04200000000003,0.0,0.0,0.0,5.737,0,10.0,1.06,309.825,1.798,35.43,35.38502502441406,4.98,0.0,0
46986,236.525,14.707,-1.0,0.0,452.223,0.0,0.0,0.0,5.737,0,10.0,1.04,309.825,5.1466,36.27,35.38502502441406,4.98,0.0,0
46986,236.525,14.707,-0.5,0.0,452.10200000000003,0.0,0.0,0.0,5.737,0,9.0,1.04,309.825,5.2786,36.42,35.38502502441406,4.98,0.0,0
46986,236.696,14.697000000000001,-0.5,0.0,452.223,0.0,0.0,0.0,5.737,0,8.0,1.0050000000000001,309.825,-4.9487000000000005,37.38,35.38502502441406,4.98,0.0,0
46986,236.866,14.697000000000001,-0.5,0.0,452.223,0.0,0.0,0.0,5.737,0,10.0,1.035,309.915,0.5279,38.22,35.38502502441406,4.98,0.0,0
46986,236.525,14.688,0.0,0.0,451.86,0.0,0.0,0.0,5.737,0,8.0,1.035,309.825,4.486800000000001,39.12,35.38502502441406,4.98,0.0,0
46986,236.525,14.688,-0.5,0.0,451.86,0.0,0.0,0.0,5.737,0,9.0,1.045,309.825,-0.7918000000000001,38.34,35.38502502441406,4.98,0.0,0
46986,236.696,14.678,0.0,0.0,452.10200000000003,0.0,0.0,0.0,5.737,0,11.0,1.055,309.69,-2.4743,37.980000000000004,35.38502502441406,4.98,0.0,0
46986,236.696,14.668000000000001,-0.5,0.0,452.223,0.0,0.0,0.0,5.737,0,9.0,1.065,309.825,0.132,38.19,35.38502502441406,4.98,0.0,0
46986,236.525,14.668000000000001,-0.5,0.0,451.921,0.0,0.0,0.0,5.737,0,10.0,1.02,309.825,1.8475000000000001,37.89,35.38502502441406,4.98,0.0,0
46986,236.525,14.658000000000001,-0.5,0.0,451.73900000000003,0.0,0.0,0.0,5.737,0,10.0,1.035,309.825,1.1877,37.53,35.38502502441406,4.98,0.0,0
46986,236.866,14.658000000000001,-0.5,0.0,451.86,0.0,0.0,0.0,5.737,0,10.0,1.055,309.825,-3.9589000000000003,36.72,35.38502502441406,4.98,0.0,0
46986,236.696,14.658000000000001,-0.5,0.0,451.86,0.0,0.0,0.0,5.737,0,11.0,1.06,309.825,-3.8930000000000002,36.57,35.38502502441406,4.98,0.0,0
46986,236.525,14.648000000000001,0.0,0.0,451.37600000000003,0.0,0.0,0.0,5.737,0,9.0,1.03,309.825,-0.19790000000000002,35.67,35.38502502441406,4.98,0.0,0
46986,236.525,14.639000000000001,-1.0,0.0,451.678,0.0,0.0,0.0,5.737,0,9.0,1.025,309.915,3.2166,35.43,35.38502502441406,4.98,0.0,0
46986,236.696,14.639000000000001,0.0,0.0,452.04200000000003,0.0,0.0,0.0,5.737,0,9.0,1.055,309.915,-3.1837,36.300000000000004,35.38502502441406,4.98,0.0,0
46986,236.696,14.629000000000001,-0.5,0.0,452.10200000000003,0.0,0.0,0.0,5.737,0,11.0,1.035,309.69,-0.8330000000000001,37.11,35.38502502441406,4.98,0.0,0
46986,236.35500000000002,14.629000000000001,-0.5,0.0,452.10200000000003,0.0,0.0,0.0,5.737,0,9.0,1.025,309.825,2.0620000000000003,38.43,35.38502502441406,4.98,0.0,0
46986,236.525,14.619000000000002,-0.5,0.0,451.86,0.0,0.0,-0.2,5.737,0,10.0,1.01,309.825,-1.2784,38.34,35.38502502441406,4.98,0.0,0
46986,236.525,14.619000000000002,-0.5,0.0,452.04200000000003,0.0,0.0,0.0,5.737,0,9.0,1.03,309.915,1.1464,37.74,35.38502502441406,4.98,0.0,0
46986,236.696,14.609,0.0,0.0,452.404,0.0,0.0,0.0,5.737,0,9.0,1.05,309.69,-0.6351,37.62,35.38502502441406,4.98,0.0,0
46986,236.866,14.600000000000001,-0.5,0.0,452.284,0.0,0.0,0.0,5.737,0,10.0,1.065,309.915,1.5671000000000002,37.59,35.38502502441406,4.98,0.0,0
46986,236.696,14.600000000000001,-1.0,0.0,452.04200000000003,0.0,0.0,0.0,5.737,0,9.0,1.025,309.825,-0.4454,38.64,35.38502502441406,4.98,0.0,0
46986,236.696,14.59,-1.0,0.0,452.10200000000003,0.0,0.0,0.0,5.737,0,10.0,1.02,309.69,-0.46190000000000003,38.67,35.38502502441406,4.98,0.0,0
46986,236.696,14.59,-1.0,0.0,451.86,0.0,0.0,0.0,5.737,0,10.0,1.04,309.69,-3.8022,38.01,35.38502502441406,4.98,0.0,0
46986,236.866,14.58,-0.5,0.0,451.678,0.0,0.0,0.0,5.737,0,10.0,1.03,309.825,-0.2639,36.54,35.38502502441406,4.98,0.0,0
46986,236.866,14.58,-1.0,0.0,451.921,0.0,0.0,0.0,5.737,0,10.0,1.055,309.825,2.3754,35.61,35.38502502441406,4.98,0.0,0
46986,236.866,14.57,-1.0,0.0,452.163,0.0,0.0,0.0,5.737,0,11.0,1.0150000000000001,309.825,2.1527000000000003,35.19,35.38502502441406,4.98,0.0,0
46986,236.866,14.561,0.5,0.0,452.344,0.0,0.0,0.0,5.737,0,10.0,1.025,309.915,1.4351,36.06,35.38502502441406,4.98,0.0,0
46986,236.696,14.561,-1.0,0.0,452.04200000000003,0.0,0.0,0.0,5.737,0,10.0,1.055,309.825,0.6598,37.86,35.38502502441406,4.98,0.0,0
46986,236.525,14.551,-0.5,0.0,451.73900000000003,0.0,0.0,0.0,5.737,0,9.0,1.055,309.825,-2.8372,39.18,35.38502502441406,4.98,0.0,0
46986,236.866,14.551,-1.0,0.0,451.921,0.0,0.0,0.0,5.737,0,10.0,1.0150000000000001,309.825,-2.7713,39.33,35.38502502441406,4.98,0.0,0
46986,236.866,14.551,-0.5,0.0,452.04200000000003,0.0,0.0,0.0,5.737,0,10.0,1.02,309.825,0.5938,39.72,35.38502502441406,4.98,0.0,0
46986,236.696,14.541,-0.5,0.0,452.10200000000003,0.0,0.0,0.0,5.737,0,9.0,1.035,309.915,4.0909,39.57,35.38502502441406,4.98,0.0,0
46986,236.525,14.541,-1.0,0.0,452.04200000000003,0.0,0.0,0.0,5.737,0,10.0,1.0150000000000001,309.825,1.0557,38.85,35.38502502441406,4.98,0.0,0
46986,236.866,14.531,-0.5,0.0,452.404,0.0,0.0,0.0,5.737,0,9.0,1.0150000000000001,309.915,1.3196,37.92,35.38502502441406,4.98,0.0,0
46986,236.696,14.521,-1.0,0.0,452.284,0.0,0.0,0.0,5.737,0,10.0,1.07,309.69,-1.4186,36.87,35.38502502441406,4.98,0.0,0
46986,236.696,14.521,-0.5,0.0,452.223,0.0,0.0,0.0,5.737,0,10.0,1.0150000000000001,309.825,-1.7155,36.06,35.38502502441406,4.98,0.0,0
46986,236.696,14.512,-0.5,0.0,452.10200000000003,0.0,0.0,0.0,5.737,0,12.0,1.025,309.825,-1.2537,36.39,35.38502502441406,4.98,0.0,0
46986,236.866,14.512,-0.5,0.0,451.86,0.0,0.0,0.2,5.737,0,9.0,1.05,309.825,2.7713,35.910000000000004,35.38502502441406,4.98,0.0,0
46986,236.866,14.502,0.0,0.0,452.284,0.0,0.0,0.0,5.737,0,10.0,1.03,309.825,0.0,35.37,35.38502502441406,4.98,0.0,0
46986,236.696,14.502,-1.0,0.0,452.52500000000003,0.0,0.0,0.0,5.737,0,9.0,1.02,309.69,-2.7713,36.0,35.38502502441406,4.98,0.0,0
46986,236.866,14.492,-0.5,0.0,452.163,0.0,0.0,0.0,5.737,0,10.0,1.055,309.825,0.2639,37.02,35.38502502441406,4.98,0.0,0
46986,236.696,14.492,-0.5,0.0,451.921,0.0,0.0,0.0,5.737,0,10.0,1.05,309.825,0.9238000000000001,38.04,35.38502502441406,4.98,0.0,0
46986,236.696,14.482000000000001,-0.5,0.0,452.163,0.0,0.0,0.0,5.737,0,10.0,1.03,309.825,2.5403000000000002,39.300000000000004,35.38502502441406,4.98,0.0,0
46986,236.866,14.473,-0.5,0.0,452.04200000000003,0.0,0.0,0.0,5.737,0,11.0,1.025,309.915,1.8475000000000001,38.85,35.38502502441406,4.98,0.0,0
46986,236.696,14.473,-0.5,0.0,452.10200000000003,0.0,0.0,0.0,5.737,0,10.0,1.055,309.825,-2.1114,38.31,35.38502502441406,4.98,0.0,0
46986,236.866,14.473,0.0,0.0,452.10200000000003,0.0,0.0,0.0,5.737,0,9.0,1.05,309.825,-2.4413,38.160000000000004,35.38502502441406,4.98,0.0,0
46986,236.866,14.463000000000001,-1.0,0.0,452.163,0.0,0.0,0.0,5.737,0,11.0,1.05,309.825,1.5176,36.9,35.38502502441406,4.98,0.0,0
46986,236.525,14.463000000000001,-0.5,0.0,452.10200000000003,0.0,0.0,0.0,5.737,0,9.0,1.055,309.915,2.7053000000000003,36.51,35.38502502441406,4.98,0.0,0
46986,236.696,14.453000000000001,-0.5,0.0,452.52500000000003,0.0,0.0,0.0,5.737,0,10.0,1.02,309.825,-2.0455,36.81,35.38502502441406,4.98,0.0,0
46986,236.525,14.453000000000001,-0.5,0.0,452.284,0.0,0.0,0.0,5.737,0,10.0,1.05,309.825,-0.9732000000000001,36.660000000000004,35.38502502441406,4.98,0.0,0
46986,236.866,14.443000000000001,-1.0,0.0,452.404,0.0,0.0,0.0,5.737,0,10.0,1.0150000000000001,309.825,1.9300000000000002,36.24,35.38502502441406,4.98,0.0,0
46986,236.866,14.443000000000001,-0.5,0.0,452.04200000000003,0.0,0.0,0.0,5.737,0,9.0,1.045,309.915,-0.8743000000000001,35.67,35.38502502441406,4.98,0.0,0
46986,236.866,14.434000000000001,-0.5,0.0,451.73900000000003,0.0,0.0,0.0,5.737,0,9.0,1.045,309.69,-0.0412,34.410000000000004,35.38502502441406,4.98,0.0,0
46986,236.866,14.424000000000001,-0.5,0.0,451.981,0.0,0.0,0.0,5.737,0,11.0,1.05,309.69,-2.0207,35.01,35.38502502441406,4.98,0.0,0
46986,236.696,14.424000000000001,0.0,0.0,451.8,0.0,0.0,0.0,5.737,0,11.0,1.06,309.825,-5.3281,36.42,35.38502502441406,4.98,0.0,0
46986,236.696,14.414000000000001,-1.0,0.0,452.04200000000003,0.0,0.0,0.0,5.737,0,9.0,1.065,309.825,3.9095,37.44,35.38502502441406,4.98,0.0,0
46986,236.866,14.414000000000001,-0.5,0.0,451.981,0.0,0.0,0.0,5.737,0,11.0,1.06,309.915,5.3693,38.46,35.38502502441406,4.98,0.0,0
46986,236.696,14.404,-0.5,0.0,452.163,0.0,0.0,0.0,5.737,0,9.0,1.045,309.825,1.8228000000000002,38.43,35.38502502441406,4.98,0.0,0
46986,236.866,14.404,-1.0,0.0,452.344,0.0,0.0,0.0,5.737,0,11.0,1.035,309.69,-0.767,38.01,35.38502502441406,4.98,0.0,0
46986,237.207,14.395000000000001,-0.5,0.0,452.04200000000003,0.0,0.0,0.0,5.737,0,9.0,1.04,309.915,-2.4578,36.99,35.38502502441406,4.98,0.0,0
46986,236.696,14.395000000000001,-0.5,0.0,452.163,0.0,0.0,0.0,5.737,0,12.0,1.035,309.915,0.8413,36.81,35.38502502441406,4.98,0.0,0
46986,236.696,14.385000000000002,-0.5,0.0,451.981,0.0,0.0,0.0,5.737,0,10.0,1.025,309.825,2.3259000000000003,36.480000000000004,35.38502502441406,4.98,0.0,0
46986,236.866,14.385000000000002,-0.5,0.0,451.921,0.0,0.0,0.0,5.737,0,11.0,1.045,309.825,-1.8310000000000002,36.42,35.38502502441406,4.98,0.0,0
46986,236.525,14.375,-1.0,0.0,451.981,0.0,0.0,0.0,5.737,0,10.0,1.0150000000000001,309.69,-2.4166000000000003,36.42,35.38502502441406,4.98,0.0,0
46986,236.866,14.375,0.0,0.0,451.86,0.0,0.0,0.0,5.737,0,11.0,1.05,309.825,-0.8578,35.49,35.38502502441406,4.98,0.0,0
46986,236.866,14.365,-0.5,0.0,451.86,0.0,0.0,0.0,5.737,0,10.0,1.03,309.825,-2.3754,35.52,35.38502502441406,4.98,0.0,0
46986,236.525,14.355,-0.5,0.0,452.04200000000003,0.0,0.0,0.0,5.737,0,10.0,1.035,309.825,3.1424000000000003,36.42,35.38502502441406,4.98,0.0,0
46986,236.696,14.355,0.0,0.0,452.04200000000003,0.0,0.0,0.0,5.737,0,10.0,1.055,309.825,2.5403000000000002,36.480000000000004,35.38502502441406,4.98,0.0,0
46986,236.696,14.355,-0.5,0.0,452.04200000000003,0.0,0.0,0.0,5.737,0,10.0,1.05,309.915,3.563,37.74,35.38502502441406,4.98,0.0,0
46986,236.525,14.346,0.0,0.0,452.04200000000003,0.0,0.0,0.0,5.737,0,11.0,1.03,309.915,1.5176,38.550000000000004,35.38502502441406,4.98,0.0,0
46986,236.866,14.346,-1.0,0.0,452.284,0.0,0.0,0.0,5.737,0,10.0,1.03,309.825,0.2639,38.7,35.38502502441406,4.98,0.0,0
46986,236.696,14.336,-0.5,0.0,451.921,0.0,0.0,0.0,5.737,0,11.0,1.04,309.825,-2.5733,38.67,35.38502502441406,4.98,0.0,0
46986,236.866,14.336,-1.0,0.0,451.981,0.0,0.0,0.0,5.737,0,10.0,1.05,309.915,0.6598,37.95,35.38502502441406,4.98,0.0,0
46986,237.037,14.326,-0.5,0.0,452.04200000000003,0.0,0.0,0.0,5.737,0,9.0,1.035,309.825,3.4311000000000003,36.57,35.38502502441406,4.98,0.0,0
46986,236.866,14.326,-0.5,0.0,451.981,0.0,0.0,0.0,5.737,0,9.0,1.03,309.915,-0.6598,35.37,35.38502502441406,4.98,0.0,0
46986,236.866,14.316,-0.5,0.0,451.86,0.0,0.0,0.0,5.737,0,11.0,1.04,309.825,0.066,35.25,35.38502502441406,4.98,0.0,0
46986,236.866,14.316,-1.0,0.0,452.223,0.0,0.0,0.0,5.737,0,9.0,1.0150000000000001,309.825,1.4516,35.52,35.38502502441406,4.98,0.0,0
46986,236.866,14.307,-1.0,0.0,452.223,0.0,0.0,0.0,5.737,0,9.0,1.025,309.915,-2.6393,35.730000000000004,35.38502502441406,4.98,0.0,0
46986,236.696,14.307,-0.5,0.0,452.223,0.0,0.0,0.0,5.737,0,11.0,1.06,309.825,2.5073000000000003,36.09,35.38502502441406,4.98,0.0,0
46986,236.696,14.297,-0.5,0.0,451.921,0.0,0.0,0.0,5.737,0,9.0,1.035,309.69,1.9465000000000001,37.11,35.38502502441406,4.98,0.0,0
46986,236.866,14.297,-0.5,0.0,452.04200000000003,0.0,0.0,0.0,5.737,0,10.0,1.0150000000000001,309.69,-5.5425,37.410000000000004,35.38502502441406,4.98,0.0,0
46986,236.696,14.287,-0.5,0.0,451.981,0.0,0.0,0.0,5.737,0,9.0,1.02,309.825,0.5279,38.07,35.38502502441406,4.98,0.0,0
46986,236.866,14.287,-0.5,0.0,451.86,0.0,0.0,0.0,5.737,0,11.0,1.035,309.915,2.7713,38.52,35.38502502441406,4.98,0.0,0
46986,236.866,14.277000000000001,-1.0,0.0,451.86,0.0,0.0,0.0,5.737,0,10.0,1.0150000000000001,309.915,1.9465000000000001,38.64,35.38502502441406,4.98,0.0,0
46986,236.696,14.277000000000001,0.0,0.0,451.981,0.0,0.0,0.0,5.737,0,9.0,1.05,309.6,-1.3196,38.31,35.38502502441406,4.98,0.0,0
46986,236.696,14.268,-0.5,0.0,452.223,0.0,0.0,0.0,5.737,0,10.0,1.05,309.825,-1.2537,37.95,35.38502502441406,4.98,0.0,0
46986,236.696,14.268,-0.5,0.0,451.981,0.0,0.0,0.0,5.737,0,11.0,1.055,309.915,0.9238000000000001,37.050000000000004,35.38502502441406,4.98,0.0,0
46986,236.866,14.258000000000001,-1.0,0.0,451.921,0.0,0.0,0.0,5.737,0,10.0,1.045,309.69,0.46190000000000003,35.88,35.38502502441406,4.98,0.0,0
46986,236.696,14.258000000000001,-0.5,0.0,452.223,0.0,0.0,0.0,5.737,0,11.0,1.04,309.69,-4.7507,35.22,35.38502502441406,4.98,0.0,0
46986,236.866,14.248000000000001,-1.0,0.0,451.921,0.0,0.0,0.0,5.737,0,9.0,1.0050000000000001,309.825,0.066,35.49,35.38502502441406,4.98,0.0,0
46986,236.866,14.248000000000001,-0.5,0.0,451.73900000000003,0.0,0.0,0.0,5.737,0,12.0,1.05,309.915,6.8622000000000005,35.97,35.38502502441406,4.98,0.0,0
46986,236.696,14.238000000000001,-1.0,0.0,452.223,0.0,0.0,0.0,5.737,0,11.0,1.05,309.825,0.4289,36.87,35.38502502441406,4.98,0.0,0
46986,236.525,14.229000000000001,-1.0,0.0,452.707,0.0,0.0,0.0,5.737,0,10.0,1.03,309.915,-1.5836000000000001,38.04,35.38502502441406,4.98,0.0,0
46986,236.696,14.229000000000001,-0.5,0.0,452.163,0.0,0.0,0.0,5.737,0,10.0,1.02,309.69,-0.6268,38.22,35.38502502441406,4.98,0.0,0
46986,236.696,14.219000000000001,0.0,0.0,451.981,0.0,0.0,0.0,5.737,0,8.0,1.02,309.825,0.0,37.2,35.38502502441406,4.98,0.0,0
46986,236.696,14.219000000000001,-0.5,0.0,452.223,0.0,0.0,0.0,5.737,0,10.0,1.05,309.915,1.8475000000000001,36.93,35.38502502441406,4.98,0.0,0
46986,236.866,14.209000000000001,-1.0,0.0,452.404,0.0,0.0,0.0,5.737,0,10.0,1.055,309.915,5.1466,36.84,35.38502502441406,4.98,0.0,0
46986,236.866,14.209000000000001,-1.0,0.0,451.981,0.0,0.0,0.0,5.737,0,11.0,1.035,309.825,-1.5836000000000001,37.59,35.38502502441406,4.98,0.0,0
46986,236.866,14.209000000000001,-0.5,0.0,451.981,0.0,0.0,0.0,5.737,0,10.0,1.035,309.825,-1.9795,37.59,35.38502502441406,4.98,0.0,0
46986,236.866,14.199,-0.5,0.0,452.223,0.0,0.0,0.0,5.737,0,11.0,1.01,309.915,-1.8475000000000001,37.71,35.38502502441406,4.98,0.0,0
46986,236.696,14.199,-0.5,0.0,452.04200000000003,0.0,0.0,0.0,5.737,0,9.0,1.04,309.915,-0.3299,37.56,35.38502502441406,4.98,0.0,0
46986,236.866,14.189,-0.5,0.0,451.921,0.0,0.0,0.0,5.737,0,11.0,1.065,309.825,0.066,37.29,35.38502502441406,4.98,0.0,0
46986,236.866,14.189,-0.5,0.0,451.8,0.0,0.0,0.0,5.737,0,9.0,1.05,309.915,0.8413,36.21,35.38502502441406,4.98,0.0,0
46986,237.037,14.180000000000001,-1.0,0.0,452.10200000000003,0.0,0.0,0.0,5.737,0,10.0,1.02,309.915,-2.8372,35.31,35.38502502441406,4.98,0.0,0
46986,236.525,14.180000000000001,0.0,0.0,452.223,0.0,0.0,0.0,5.737,0,10.0,1.04,309.825,-0.3299,35.61,35.38502502441406,4.98,0.0,0
46986,236.696,14.17,-0.5,0.0,452.04200000000003,0.0,0.0,0.0,5.737,0,9.0,1.025,309.825,2.4578,36.96,35.38502502441406,4.98,0.0,0
46986,236.866,14.17,-0.5,0.0,451.86,0.0,0.0,0.0,5.737,0,10.0,1.03,309.825,0.767,38.730000000000004,35.38502502441406,4.98,0.0,0
46986,236.696,14.16,-0.5,0.0,452.46500000000003,0.0,0.0,0.0,5.737,0,9.0,1.075,309.825,-0.5279,39.36,35.38502502441406,4.98,0.0,0
46986,236.866,14.16,-1.0,0.0,451.921,0.0,0.0,0.0,5.737,0,11.0,1.055,309.825,-1.3032000000000001,39.06,35.38502502441406,4.98,0.0,0
46986,236.696,14.15,-0.5,0.0,451.8,0.0,0.0,0.0,5.737,0,9.0,1.02,309.825,0.2639,38.64,35.38502502441406,4.98,0.0,0
46986,237.207,14.15,-1.0,0.0,452.284,0.0,0.0,0.0,5.737,0,10.0,1.06,309.69,-4.9734,38.04,35.38502502441406,4.98,0.0,0
46986,236.525,14.141,-1.5,0.0,451.921,0.0,0.0,0.0,5.737,0,9.0,1.05,309.915,-4.7012,38.01,35.38502502441406,4.98,0.0,0
46986,236.866,14.141,-1.0,0.0,451.86,0.0,0.0,0.0,5.737,0,11.0,1.03,309.825,3.1012,37.11,35.38502502441406,4.98,0.0,0
46986,236.866,14.131,-0.5,0.0,452.10200000000003,0.0,0.0,0.0,5.737,0,9.0,1.04,309.825,4.8580000000000005,36.660000000000004,35.38502502441406,4.98,0.0,0
46986,237.207,14.131,-1.0,0.0,452.04200000000003,0.0,0.0,0.0,5.737,0,11.0,1.04,309.825,-2.73,36.18,35.38502502441406,4.98,0.0,0
46986,236.866,14.121,-1.0,0.0,452.04200000000003,0.0,0.0,0.0,5.737,0,9.0,1.045,309.825,-1.1217000000000001,35.730000000000004,35.38502502441406,4.98,0.0,0
46986,237.037,14.121,-1.0,0.0,452.163,0.0,0.0,0.0,5.737,0,11.0,1.03,309.915,2.7053000000000003,35.85,35.38502502441406,4.98,0.0,0
46986,236.696,14.111,-0.5,0.0,452.344,0.0,0.0,0.0,5.737,0,9.0,1.07,309.825,0.6598,36.99,35.38502502441406,4.98,0.0,0
46986,236.866,14.111,-0.5,0.0,452.04200000000003,0.0,0.0,0.0,5.737,0,10.0,1.065,309.69,-1.3609,38.550000000000004,35.38502502441406,4.98,0.0,0
46986,236.866,14.102,-0.5,0.0,451.8,0.0,0.0,0.0,5.737,0,10.0,1.05,309.915,1.1217000000000001,39.06,35.38502502441406,4.98,0.0,0
46986,237.037,14.102,-0.5,0.0,451.86,0.0,0.0,-0.2,5.737,0,10.0,1.065,309.825,2.4413,38.79,35.38502502441406,4.98,0.0,0
46986,236.866,14.092,0.0,0.0,451.86,0.0,0.0,0.0,5.737,0,10.0,1.03,309.915,0.0247,37.95,35.38502502441406,4.98,0.0,0
46986,237.207,14.092,-0.5,0.0,452.10200000000003,0.0,0.0,0.0,5.737,0,8.0,1.03,309.69,-4.6435,38.01,35.38502502441406,4.98,0.0,0
46986,236.866,14.092,-0.5,0.0,452.223,0.0,0.0,0.0,5.737,0,11.0,1.04,309.69,-5.1466,38.01,35.38502502441406,4.98,0.0,0
46986,236.866,14.082,-0.5,0.0,452.163,0.0,0.0,0.0,5.737,0,10.0,1.04,309.825,-1.3196,37.86,35.38502502441406,4.98,0.0,0
46986,236.696,14.082,-0.5,0.0,451.86,0.0,0.0,0.0,5.737,0,10.0,1.06,309.915,-0.7918000000000001,37.83,35.38502502441406,4.98,0.0,0
46986,237.207,14.072000000000001,-0.5,0.0,451.86,0.0,0.0,0.0,5.737,0,9.0,1.055,309.915,1.6826,37.59,35.38502502441406,4.98,0.0,0
46986,237.037,14.072000000000001,-0.5,0.0,452.223,0.0,0.0,0.0,5.732,0,11.0,1.0150000000000001,309.69,-0.132,36.480000000000004,35.38502502441406,4.98,0.0,0
46986,237.207,14.063,-0.5,0.0,452.223,0.0,0.0,0.0,5.737,0,10.0,1.0150000000000001,309.825,-1.2537,35.46,35.38502502441406,4.98,0.0,0
46986,237.207,14.063,-0.5,0.0,452.284,0.0,0.0,0.0,5.737,0,9.0,1.07,309.825,-2.2434000000000003,35.43,35.38502502441406,4.98,0.0,0
46986,236.866,14.053,0.5,0.0,452.04200000000003,0.0,0.0,0.0,5.737,0,11.0,1.06,309.825,-0.099,35.43,35.38502502441406,4.98,0.0,0
46986,236.696,14.053,-0.5,0.0,451.557,0.0,0.0,0.0,5.737,0,9.0,1.025,309.69,-1.4516,36.9,35.38502502441406,4.98,0.0,0
46986,237.037,14.043000000000001,-0.5,0.0,451.37600000000003,0.0,0.0,0.0,5.737,0,11.0,1.05,310.005,-0.132,38.61,35.38502502441406,4.98,0.0,0
46986,236.866,14.043000000000001,-1.0,0.0,451.921,0.0,0.0,0.0,5.737,0,9.0,1.045,309.825,0.7918000000000001,39.03,35.38502502441406,4.98,0.0,0
46986,236.696,14.033000000000001,-0.5,0.0,452.04200000000003,0.0,0.0,0.0,5.737,0,11.0,1.055,309.825,-0.8908,38.730000000000004,35.38502502441406,4.98,0.0,0
46986,236.866,14.033000000000001,-0.5,0.0,451.86,0.0,0.0,0.0,5.737,0,9.0,1.025,309.915,-1.1877,38.34,35.38502502441406,4.98,0.0,0
46986,236.866,14.023000000000001,0.0,0.0,451.921,0.0,0.0,0.0,5.737,0,11.0,1.035,309.915,-0.8578,37.56,35.38502502441406,4.98,0.0,0
46986,237.037,14.023000000000001,-1.5,0.0,451.86,0.0,0.0,0.0,5.737,0,10.0,1.035,309.825,-1.7155,36.42,35.38502502441406,4.98,0.0,0
46986,236.866,14.023000000000001,0.0,0.0,451.73900000000003,0.0,0.0,0.0,5.737,0,10.0,1.035,309.825,0.066,36.18,35.38502502441406,4.98,0.0,0
46986,237.207,14.014000000000001,-0.5,0.0,451.8,0.0,0.0,0.0,5.737,0,10.0,1.03,309.825,-0.5279,36.03,35.38502502441406,4.98,0.0,0
46986,236.866,14.014000000000001,-1.0,0.0,451.678,0.0,0.0,0.0,5.737,0,10.0,1.0,309.915,0.9897,36.63,35.38502502441406,4.98,0.0,0
46986,236.696,14.004000000000001,-0.5,0.0,451.86,0.0,0.0,0.0,5.737,0,11.0,1.0150000000000001,309.825,-0.5279,36.33,35.38502502441406,4.98,0.0,0
46986,237.207,14.004000000000001,-0.5,0.0,451.86,0.0,0.0,0.0,5.737,0,10.0,1.065,309.825,0.5279,36.18,35.38502502441406,4.98,0.0,0
46986,237.207,13.994000000000002,-0.5,0.0,451.981,0.0,0.0,0.0,5.737,0,11.0,1.055,309.915,-0.2639,36.36,35.38502502441406,4.98,0.0,0
46986,236.866,13.994000000000002,0.0,0.0,451.678,0.0,0.0,0.0,5.737,0,9.0,1.055,309.915,-1.6496000000000002,37.26,35.38502502441406,4.98,0.0,0
46986,236.525,13.994000000000002,-0.5,0.0,451.678,0.0,0.0,0.0,5.732,0,9.0,1.05,309.915,-1.2702,37.410000000000004,35.38502502441406,4.98,0.0,0
46986,236.866,13.984,-1.0,0.0,451.678,0.0,0.0,0.0,5.737,0,10.0,1.045,309.915,2.5568,37.980000000000004,35.38502502441406,4.98,0.0,0
46986,236.866,13.984,-0.5,0.0,451.497,0.0,0.0,0.0,5.737,0,9.0,1.05,309.915,5.6085,38.43,35.38502502441406,4.98,0.0,0
46986,236.696,13.975000000000001,-1.0,0.0,451.73900000000003,0.0,0.0,0.0,5.737,0,11.0,1.04,309.915,0.2639,38.52,35.38502502441406,4.98,0.0,0
46986,236.866,13.975000000000001,0.0,0.0,451.86,0.0,0.0,0.0,5.737,0,11.0,1.065,309.915,-1.3196,37.92,35.38502502441406,4.98,0.0,0
46986,236.696,13.965,-1.0,0.0,451.557,0.0,0.0,0.0,5.737,0,10.0,1.05,309.825,-2.0949,37.14,35.38502502441406,4.98,0.0,0
46986,237.207,13.965,-0.5,0.0,451.557,0.0,0.0,0.0,5.737,0,10.0,1.035,309.915,0.0,36.96,35.38502502441406,4.98,0.0,0
46986,236.866,13.955,-1.5,0.0,451.73900000000003,0.0,0.0,0.0,5.737,0,12.0,1.06,309.915,1.5836000000000001,36.87,35.38502502441406,4.98,0.0,0
46986,236.866,13.955,0.0,0.0,451.86,0.0,0.0,0.0,5.737,0,10.0,1.045,309.915,0.9073,36.24,35.38502502441406,4.98,0.0,0
46986,236.866,13.945,-1.5,0.0,451.617,0.0,0.0,0.0,5.737,0,10.0,1.02,309.825,-2.1609000000000003,36.18,35.38502502441406,4.98,0.0,0
46986,236.866,13.945,0.0,0.0,451.557,0.0,0.0,0.0,5.737,0,10.0,1.04,309.915,-0.8578,35.82,35.38502502441406,4.98,0.0,0
46986,236.866,13.936,-0.5,0.0,451.43600000000004,0.0,0.0,0.0,5.737,0,11.0,1.04,309.825,0.47840000000000005,36.45,35.38502502441406,4.98,0.0,0
46986,236.696,13.936,0.0,0.0,451.557,0.0,0.0,0.0,5.737,0,9.0,1.045,309.825,0.28040000000000004,37.14,35.38502502441406,4.98,0.0,0
46986,236.866,13.926,0.0,0.0,451.557,0.0,0.0,0.0,5.737,0,11.0,1.0150000000000001,309.69,-0.3547,37.56,35.38502502441406,4.98,0.0,0
46986,236.866,13.926,-1.0,0.0,451.37600000000003,0.0,0.0,0.0,5.737,0,9.0,1.035,309.915,0.7093,38.28,35.38502502441406,4.98,0.0,0
46986,237.207,13.926,0.0,0.0,451.617,0.0,0.0,0.0,5.732,0,11.0,1.035,309.915,2.1609000000000003,38.34,35.38502502441406,4.98,0.0,0
46986,237.207,13.916,-0.5,0.0,451.73900000000003,0.0,0.0,0.0,5.737,0,10.0,1.07,309.825,1.0062,37.62,35.38502502441406,4.98,0.0,0
46986,237.37800000000001,13.916,-0.5,0.0,451.86,0.0,0.0,0.0,5.737,0,11.0,1.04,309.915,-4.1569,37.32,35.38502502441406,4.98,0.0,0
46986,236.866,13.906,-1.0,0.0,451.86,0.0,0.0,0.0,5.737,0,10.0,1.045,309.825,-1.5176,37.11,35.38502502441406,4.98,0.0,0
46986,237.037,13.906,-0.5,0.0,451.86,0.0,0.0,0.0,5.737,0,11.0,1.06,309.825,-1.7155,36.9,35.38502502441406,4.98,0.0,0
46986,237.207,13.906,-0.5,0.0,451.678,0.0,0.0,0.0,5.737,0,10.0,1.06,309.825,-0.5279,35.550000000000004,35.38502502441406,4.98,0.0,0
46986,237.037,13.896,-1.0,0.0,451.73900000000003,0.0,0.0,0.0,5.737,0,10.0,1.07,309.825,-1.1877,35.25,35.38502502441406,4.98,0.0,0
46986,237.207,13.896,-0.5,0.0,452.04200000000003,0.0,0.0,0.0,5.737,0,10.0,1.02,309.825,1.3196,34.95,35.38502502441406,4.98,0.0,0
46986,236.866,13.887,-0.5,0.0,451.921,0.0,0.0,0.0,5.737,0,10.0,1.0050000000000001,309.825,1.3196,35.61,35.38502502441406,4.98,0.0,0
46986,236.866,13.887,-0.5,0.0,451.86,0.0,0.0,0.0,5.737,0,10.0,1.04,309.825,1.0557,37.230000000000004,35.38502502441406,4.98,0.0,0
46986,236.696,13.877,0.5,0.0,451.8,0.0,0.0,0.0,5.737,0,10.0,1.07,309.825,-3.563,37.32,35.38502502441406,4.98,0.0,0
46986,236.866,13.877,-1.5,0.0,451.557,0.0,0.0,0.0,5.737,0,10.0,1.0050000000000001,309.825,-1.5836000000000001,37.5,35.38502502441406,4.98,0.0,0
46986,237.037,13.867,-0.5,0.0,451.981,0.0,0.0,0.0,5.737,0,10.0,1.025,309.825,1.9795,37.32,35.38502502441406,4.98,0.0,0
46986,237.037,13.867,0.0,0.0,452.04200000000003,0.0,0.0,0.0,5.737,0,10.0,1.08,309.825,1.5836000000000001,36.27,35.38502502441406,4.98,0.0,0
46986,236.696,13.857000000000001,-1.0,0.0,452.10200000000003,0.0,0.0,0.0,5.737,0,10.0,1.04,309.915,2.1114,35.88,35.38502502441406,4.98,0.0,0
46986,236.866,13.857000000000001,0.0,0.0,451.86,0.0,0.0,0.0,5.737,0,9.0,1.065,309.915,1.5176,36.0,35.38502502441406,4.98,0.0,0
46986,236.866,13.857000000000001,-0.5,0.0,451.73900000000003,0.0,0.0,0.0,5.737,0,11.0,1.045,309.915,1.5836000000000001,36.99,35.38502502441406,4.98,0.0,0
46986,236.696,13.848,-0.5,0.0,452.04200000000003,0.0,0.0,0.0,5.737,0,10.0,1.04,309.915,-1.5836000000000001,37.11,35.38502502441406,4.98,0.0,0
46986,236.866,13.848,-0.5,0.0,451.8,0.0,0.0,0.0,5.732,0,11.0,1.035,309.825,-1.8475000000000001,36.24,35.38502502441406,4.98,0.0,0
46986,236.866,13.838000000000001,-0.5,0.0,451.981,0.0,0.0,0.0,5.737,0,11.0,1.06,309.825,-0.46190000000000003,34.74,35.38502502441406,4.98,0.0,0
46986,237.207,13.838000000000001,0.0,0.0,451.86,0.0,0.0,0.0,5.737,0,11.0,1.045,309.825,-2.1114,34.44,35.38502502441406,4.98,0.0,0
46986,236.866,13.828000000000001,-0.5,0.0,451.678,0.0,0.0,0.0,5.737,0,11.0,1.045,309.915,0.9897,34.47,35.38502502441406,4.98,0.0,0
46986,237.207,13.828000000000001,-0.5,0.0,451.43600000000004,0.0,0.0,0.0,5.732,0,10.0,1.04,309.915,2.9032,35.94,35.38502502441406,4.98,0.0,0
46986,236.866,13.818000000000001,-0.5,0.0,451.617,0.0,0.0,0.0,5.737,0,11.0,1.03,310.005,0.9238000000000001,36.96,35.38502502441406,4.98,0.0,0
46986,236.866,13.818000000000001,-0.5,0.0,451.73900000000003,0.0,0.0,0.0,5.737,0,9.0,1.0150000000000001,309.825,-0.39590000000000003,37.65,35.38502502441406,4.98,0.0,0
46986,237.207,13.809000000000001,0.0,0.0,451.617,0.0,0.0,0.0,5.737,0,11.0,1.025,309.825,-0.7258,37.32,35.38502502441406,4.98,0.0,0
46986,236.866,13.809000000000001,-0.5,0.0,451.557,0.0,0.0,0.0,5.737,0,9.0,1.03,309.825,-2.3754,36.45,35.38502502441406,4.98,0.0,0
46986,237.207,13.809000000000001,0.0,0.0,451.617,0.0,0.0,0.0,5.737,0,11.0,1.11,309.825,2.6393,36.42,35.38502502441406,4.98,0.0,0
46986,237.037,13.799000000000001,-0.5,0.0,451.678,0.0,0.0,0.0,5.737,0,10.0,1.06,309.915,0.5279,36.42,35.38502502441406,4.98,0.0,0
46986,236.866,13.799000000000001,-0.5,0.0,451.86,0.0,0.0,0.0,5.737,0,10.0,1.035,309.69,-3.596,36.69,35.38502502441406,4.98,0.0,0
46986,236.696,13.789000000000001,-0.5,0.0,451.37600000000003,0.0,0.0,0.0,5.737,0,9.0,1.07,309.825,-0.6598,36.42,35.38502502441406,4.98,0.0,0
46986,236.696,13.789000000000001,-0.5,0.0,451.557,0.0,0.0,0.0,5.737,0,12.0,1.05,309.915,3.4311000000000003,35.52,35.38502502441406,4.98,0.0,0
46986,237.207,13.789000000000001,-0.5,0.0,451.557,0.0,0.0,0.0,5.737,0,11.0,0.995,309.915,4.1569,35.4,35.38502502441406,4.98,0.0,0
46986,236.866,13.779,-0.5,0.0,451.678,0.0,0.0,0.0,5.737,0,11.0,1.05,309.69,2.0455,34.5,35.38502502441406,4.98,0.0,0
46986,236.525,13.779,-0.5,0.0,452.04200000000003,0.0,0.0,0.0,5.737,0,9.0,1.04,309.915,-3.1177,34.05,35.38502502441406,4.98,0.0,0
46986,237.207,13.770000000000001,0.0,0.0,451.255,0.0,0.0,0.0,5.737,0,10.0,1.05,309.915,-2.3754,34.47,35.38502502441406,4.98,0.0,0
46986,237.037,13.770000000000001,-0.5,0.0,451.37600000000003,0.0,0.0,0.0,5.732,0,11.0,1.085,309.915,3.9589000000000003,36.45,35.38502502441406,4.98,0.0,0
46986,236.696,13.76,-0.5,0.0,451.557,0.0,0.0,0.0,5.737,0,10.0,1.045,309.825,2.7218,37.77,35.38502502441406,4.98,0.0,0
46986,236.866,13.76,-0.5,0.0,451.497,0.0,0.0,0.0,5.737,0,11.0,0.99,309.69,-2.6805000000000003,38.52,35.38502502441406,4.98,0.0,0
46986,236.866,13.76,-0.5,0.0,451.557,0.0,0.0,0.0,5.737,0,10.0,1.02,309.825,-1.5011,38.49,35.38502502441406,4.98,0.0,0
46986,237.207,13.75,-0.5,0.0,451.73900000000003,0.0,0.0,0.0,5.737,0,11.0,1.02,309.915,1.1217000000000001,37.800000000000004,35.38502502441406,4.98,0.0,0
46986,236.696,13.75,-0.5,0.0,451.678,0.0,0.0,0.0,5.737,0,8.0,0.995,309.825,1.8887,36.9,35.38502502441406,4.98,0.0,0
46986,237.207,13.74,0.0,0.0,451.37600000000003,0.0,0.0,0.0,5.732,0,10.0,1.05,309.69,-3.3239,36.39,35.38502502441406,4.98,0.0,0
46986,237.037,13.74,-0.5,0.0,451.557,0.0,0.0,0.0,5.737,0,10.0,1.095,309.825,0.47840000000000005,36.27,35.38502502441406,4.98,0.0,0
46986,237.037,13.73,-0.5,0.0,451.37600000000003,0.0,0.0,0.0,5.737,0,9.0,1.07,309.825,1.2537,36.54,35.38502502441406,4.98,0.0,0
46986,236.866,13.73,-0.5,0.0,451.497,0.0,0.0,0.0,5.737,0,10.0,1.045,309.69,-2.7713,36.09,35.38502502441406,4.98,0.0,0
46986,236.866,13.721,-0.5,0.0,451.37600000000003,0.0,0.0,0.0,5.737,0,10.0,1.06,309.825,-1.699,35.01,35.38502502441406,4.98,0.0,0
46986,236.866,13.721,0.0,0.0,451.73900000000003,0.0,0.0,0.0,5.737,0,11.0,0.975,309.825,2.7713,34.38,35.38502502441406,4.98,0.0,0
46986,237.207,13.721,-0.5,0.0,451.617,0.0,0.0,0.0,5.737,0,10.0,1.045,309.825,2.5733,35.04,35.38502502441406,4.98,0.0,0
46986,237.037,13.711,0.0,0.0,451.617,0.0,0.0,0.0,5.732,0,11.0,1.025,309.825,-0.066,36.87,35.38502502441406,4.98,0.0,0
46986,236.696,13.711,0.0,0.0,451.73900000000003,0.0,0.0,0.0,5.732,0,9.0,1.04,309.915,2.029,37.92,35.38502502441406,4.98,0.0,0
46986,237.207,13.701,-1.0,0.0,451.86,0.0,0.0,0.0,5.737,0,11.0,1.045,309.825,-0.6598,38.160000000000004,35.38502502441406,4.98,0.0,0
46986,237.37800000000001,13.701,-0.5,0.0,451.86,0.0,0.0,0.0,5.732,0,10.0,1.02,309.825,-0.3134,37.5,35.38502502441406,4.98,0.0,0
46986,237.037,13.691,-1.0,0.0,451.557,0.0,0.0,0.0,5.732,0,11.0,1.05,309.69,-0.6846,36.78,35.38502502441406,4.98,0.0,0
46986,237.037,13.691,0.0,0.0,451.73900000000003,0.0,0.0,0.0,5.732,0,9.0,1.0150000000000001,309.69,-3.9589000000000003,36.21,35.38502502441406,4.98,0.0,0
46986,236.696,13.682,-0.5,0.0,451.86,0.0,0.0,0.0,5.732,0,11.0,1.085,309.825,0.7918000000000001,35.85,35.38502502441406,4.98,0.0,0
46986,237.037,13.682,-0.5,0.0,451.557,0.0,0.0,0.0,5.737,0,10.0,1.085,309.69,1.2784,36.0,35.38502502441406,4.98,0.0,0
46986,237.207,13.672,0.0,0.0,451.37600000000003,0.0,0.0,0.0,5.732,0,11.0,0.97,309.825,-0.2887,36.12,35.38502502441406,4.98,0.0,0
46986,236.866,13.672,-0.5,0.0,451.43600000000004,0.0,0.0,0.0,5.732,0,11.0,1.08,309.915,2.4249,36.51,35.38502502441406,4.98,0.0,0
46986,236.866,13.672,-0.5,0.0,451.497,0.0,0.0,0.0,5.732,0,9.0,1.07,309.825,4.0002,36.06,35.38502502441406,4.98,0.0,0
46986,236.866,13.662,0.0,0.0,451.37600000000003,0.0,0.0,0.0,5.732,0,11.0,0.99,309.825,-0.7918000000000001,35.46,35.38502502441406,4.98,0.0,0
46986,237.037,13.662,-0.5,0.0,451.37600000000003,0.0,0.0,0.0,5.737,0,10.0,1.075,309.915,-4.1569,36.15,35.38502502441406,4.98,0.0,0
46986,237.207,13.652000000000001,-0.5,0.0,451.557,0.0,0.0,0.0,5.732,0,11.0,1.07,309.825,-1.0557,36.6,35.38502502441406,4.98,0.0,0
46986,237.207,13.652000000000001,-0.5,0.0,451.557,0.0,0.0,0.0,5.732,0,9.0,1.065,309.825,-0.7918000000000001,36.660000000000004,35.38502502441406,4.98,0.0,0
46986,236.696,13.652000000000001,-0.5,0.0,451.497,0.0,0.0,0.0,5.732,0,10.0,1.035,309.825,3.4311000000000003,37.410000000000004,35.38502502441406,4.98,0.0,0
46986,236.866,13.643,0.0,0.0,451.557,0.0,0.0,0.0,5.732,0,9.0,1.05,309.915,0.2639,37.230000000000004,35.38502502441406,4.98,0.0,0
46986,237.037,13.643,-0.5,0.0,451.678,0.0,0.0,0.0,5.732,0,11.0,1.03,309.825,0.5279,37.68,35.38502502441406,4.98,0.0,0
46986,236.866,13.643,0.0,0.0,451.194,0.0,0.0,0.0,5.732,0,10.0,1.035,309.915,4.0909,37.71,35.38502502441406,4.98,0.0,0
46986,236.866,13.633000000000001,-0.5,0.0,451.43600000000004,0.0,0.0,0.0,5.732,0,11.0,1.035,309.915,-3.4311000000000003,37.44,35.38502502441406,4.98,0.0,0
46986,237.207,13.633000000000001,-0.5,0.0,451.557,0.0,0.0,0.0,5.732,0,11.0,1.01,309.915,0.132,36.81,35.38502502441406,4.98,0.0,0
46986,236.866,13.623000000000001,-1.0,0.0,451.37600000000003,0.0,0.0,0.0,5.732,0,10.0,1.01,309.915,3.1672000000000002,36.69,35.38502502441406,4.98,0.0,0
46986,236.696,13.623000000000001,-0.5,0.0,451.37600000000003,0.0,0.0,0.0,5.732,0,10.0,1.065,309.825,-1.5836000000000001,36.33,35.38502502441406,4.98,0.0,0
46986,237.207,13.613000000000001,0.0,0.0,451.37600000000003,0.0,0.0,0.0,5.732,0,11.0,1.01,309.825,-3.8930000000000002,36.45,35.38502502441406,4.98,0.0,0
46986,237.207,13.613000000000001,0.0,0.0,451.194,0.0,0.0,0.0,5.732,0,10.0,1.035,309.825,-2.5073000000000003,36.27,35.38502502441406,4.98,0.0,0
46986,236.866,13.613000000000001,-0.5,0.0,451.617,0.0,0.0,0.0,5.732,0,11.0,1.04,309.825,1.0557,36.09,35.38502502441406,4.98,0.0,0
46986,236.866,13.604000000000001,0.0,0.0,451.557,0.0,0.0,0.0,5.732,0,10.0,1.06,309.825,-0.2639,36.96,35.38502502441406,4.98,0.0,0
46986,236.696,13.604000000000001,-0.5,0.0,451.557,0.0,0.0,0.0,5.732,0,11.0,1.06,309.915,-0.5938,37.17,35.38502502441406,4.98,0.0,0
46986,237.037,13.594000000000001,-0.5,0.0,451.617,0.0,0.0,0.0,5.732,0,9.0,1.05,309.69,-1.9795,37.800000000000004,35.38502502441406,4.98,0.0,0
46986,236.866,13.594000000000001,-0.5,0.0,451.678,0.0,0.0,0.0,5.732,0,10.0,1.0150000000000001,309.915,1.2537,38.58,35.38502502441406,4.98,0.0,0
46986,237.037,13.584000000000001,0.0,0.0,451.678,0.0,0.0,0.0,5.732,0,11.0,1.055,310.005,4.0909,39.03,35.38502502441406,4.98,0.0,0
46986,237.207,13.584000000000001,0.0,0.0,451.86,0.0,0.0,0.0,5.732,0,9.0,1.09,309.825,-0.6268,38.85,35.38502502441406,4.98,0.0,0
46986,237.037,13.574,-1.0,0.0,451.557,0.0,0.0,0.0,5.732,0,11.0,1.095,309.69,-5.806500000000001,37.68,35.38502502441406,4.98,0.0,0
46986,236.866,13.574,-1.0,0.0,451.86,0.0,0.0,0.0,5.732,0,10.0,1.05,309.825,0.6598,36.36,35.38502502441406,4.98,0.0,0
46986,236.696,13.574,-0.5,0.0,451.557,0.0,0.0,0.0,5.737,0,11.0,1.075,309.69,-0.5279,36.36,35.38502502441406,4.98,0.0,0
46986,237.037,13.564,-0.5,0.0,451.497,0.0,0.0,0.0,5.732,0,10.0,1.05,309.69,0.2639,36.33,35.38502502441406,4.98,0.0,0
46986,237.037,13.564,-0.5,0.0,451.497,0.0,0.0,0.0,5.732,0,10.0,1.04,309.69,-1.4516,36.36,35.38502502441406,4.98,0.0,0
46986,236.866,13.564,-0.5,0.0,451.617,0.0,0.0,0.0,5.732,0,11.0,1.115,309.915,-0.8743000000000001,36.42,35.38502502441406,4.98,0.0,0
46986,237.037,13.555000000000001,-0.5,0.0,451.981,0.0,0.0,0.0,5.732,0,9.0,1.085,309.825,-1.8063,36.6,35.38502502441406,4.98,0.0,0
46986,237.207,13.555000000000001,-0.5,0.0,451.86,0.0,0.0,0.0,5.732,0,10.0,1.055,309.915,5.0394000000000005,37.230000000000004,35.38502502441406,4.98,0.0,0
46986,237.207,13.545,0.0,0.0,451.43600000000004,0.0,0.0,0.0,5.732,0,9.0,1.045,309.915,2.3094,37.68,35.38502502441406,4.98,0.0,0
46986,237.037,13.545,0.0,0.0,451.557,0.0,0.0,0.0,5.732,0,11.0,1.04,309.915,-0.14850000000000002,38.34,35.38502502441406,4.98,0.0,0
46986,236.866,13.545,-1.0,0.0,451.8,0.0,0.0,0.0,5.732,0,10.0,1.025,309.915,-0.5279,39.24,35.38502502441406,4.98,0.0,0
46986,237.207,13.535,0.0,0.0,451.497,0.0,0.0,0.0,5.732,0,11.0,1.06,309.915,2.2434000000000003,38.97,35.38502502441406,4.98,0.0,0
46986,237.037,13.535,-0.5,0.0,451.557,0.0,0.0,0.0,5.732,0,9.0,1.01,309.915,0.2474,37.62,35.38502502441406,4.98,0.0,0
46986,237.207,13.525,-1.0,0.0,451.617,0.0,0.0,0.0,5.732,0,11.0,1.025,309.915,-7.390000000000001,37.02,35.38502502441406,4.98,0.0,0
46986,237.207,13.525,0.0,0.0,451.557,0.0,0.0,0.0,5.732,0,9.0,1.06,309.69,-4.5115,36.6,35.38502502441406,4.98,0.0,0
46986,236.866,13.516,-0.5,0.0,451.86,0.0,0.0,0.0,5.732,0,11.0,1.055,309.915,4.1569,35.910000000000004,35.38502502441406,4.98,0.0,0
46986,236.866,13.516,-0.5,0.0,451.557,0.0,0.0,0.0,5.732,0,10.0,1.075,309.825,2.6805000000000003,35.4,35.38502502441406,4.98,0.0,0
46986,237.037,13.516,0.0,0.0,451.8,0.0,0.0,0.0,5.732,0,11.0,1.035,309.69,-3.0352,36.39,35.38502502441406,4.98,0.0,0
46986,236.866,13.506,-1.0,0.0,451.617,0.0,0.0,0.0,5.732,0,9.0,1.06,309.825,-3.1507,36.63,35.38502502441406,4.98,0.0,0
46986,237.37800000000001,13.506,-0.5,0.0,451.678,0.0,0.0,0.0,5.732,0,11.0,1.095,309.915,3.4146,37.62,35.38502502441406,4.98,0.0,0
46986,236.866,13.496,-0.5,0.0,451.86,0.0,0.0,0.0,5.732,0,10.0,1.045,309.825,3.761,38.4,35.38502502441406,4.98,0.0,0
46986,236.866,13.496,0.0,0.0,451.981,0.0,0.0,0.0,5.732,0,11.0,1.025,309.825,0.9238000000000001,38.910000000000004,35.38502502441406,4.98,0.0,0
46986,237.207,13.496,-0.5,0.0,451.557,0.0,0.0,0.0,5.732,0,11.0,1.05,309.825,-3.0352,38.160000000000004,35.38502502441406,4.98,0.0,0
46986,236.696,13.486,-1.0,0.0,451.617,0.0,0.0,0.0,5.732,0,10.0,1.075,309.825,-3.4311000000000003,38.1,35.38502502441406,4.98,0.0,0
46986,237.207,13.486,-0.5,0.0,451.921,0.0,0.0,0.0,5.732,0,11.0,1.07,309.915,-1.9135000000000002,37.35,35.38502502441406,4.98,0.0,0
46986,236.866,13.486,-0.5,0.0,451.86,0.0,0.0,0.0,5.732,0,9.0,1.065,309.915,1.9795,36.33,35.38502502441406,4.98,0.0,0
46986,237.207,13.477,-0.5,0.0,451.678,0.0,0.0,0.0,5.732,0,10.0,1.065,309.69,-0.4289,37.050000000000004,35.38502502441406,4.98,0.0,0
46986,236.696,13.477,-0.5,0.0,451.43600000000004,0.0,0.0,0.0,5.732,0,11.0,1.045,309.825,-4.0909,37.050000000000004,35.38502502441406,4.98,0.0,0
46986,236.866,13.467,0.0,0.0,451.678,0.0,0.0,0.0,5.732,0,11.0,1.055,309.825,0.8578,36.84,35.38502502441406,4.98,0.0,0
46986,237.037,13.467,0.0,0.0,451.86,0.0,0.0,0.0,5.732,0,11.0,1.06,309.915,4.6188,36.480000000000004,35.38502502441406,4.98,0.0,0
46986,237.037,13.467,-0.5,0.0,451.497,0.0,0.0,0.0,5.732,0,10.0,1.05,309.915,0.46190000000000003,36.300000000000004,35.38502502441406,4.98,0.0,0
46986,236.866,13.457,0.5,0.0,451.678,0.0,0.0,0.0,5.732,0,11.0,1.06,309.825,0.2639,36.480000000000004,35.38502502441406,4.98,0.0,0
46986,237.037,13.457,0.0,0.0,451.86,0.0,0.0,0.0,5.732,0,9.0,1.035,309.825,-2.5733,37.11,35.38502502441406,4.98,0.0,0
46986,236.866,13.447000000000001,0.0,0.0,451.921,0.0,0.0,0.0,5.732,0,11.0,1.055,309.825,-0.5279,37.59,35.38502502441406,4.98,0.0,0
46986,236.866,13.447000000000001,-1.0,0.0,451.981,0.0,0.0,0.0,5.732,0,10.0,1.0150000000000001,309.825,0.0,38.37,35.38502502441406,4.98,0.0,0
46986,236.866,13.438,0.0,0.0,451.86,0.0,0.0,0.0,5.732,0,11.0,1.065,309.915,-1.4516,38.550000000000004,35.38502502441406,4.98,0.0,0
46986,236.866,13.438,-1.0,0.0,451.678,0.0,0.0,0.0,5.732,0,11.0,1.07,309.915,3.1012,39.33,35.38502502441406,4.98,0.0,0
46986,236.866,13.438,-0.5,0.0,451.315,0.0,0.0,0.0,5.732,0,11.0,1.06,309.69,-2.5073000000000003,38.46,35.38502502441406,4.98,0.0,0
46986,236.696,13.428,-0.5,0.0,451.07300000000004,0.0,0.0,0.0,5.732,0,10.0,1.07,309.825,-5.7405,38.49,35.38502502441406,4.98,0.0,0
46986,237.207,13.428,-1.0,0.0,451.678,0.0,0.0,0.0,5.732,0,11.0,1.045,309.915,4.0909,37.77,35.38502502441406,4.98,0.0,0
46986,237.207,13.418000000000001,-0.5,0.0,451.73900000000003,0.0,0.0,0.0,5.732,0,9.0,1.06,309.825,4.651800000000001,36.84,35.38502502441406,4.98,0.0,0
46986,236.866,13.418000000000001,-0.5,0.0,451.86,0.0,0.0,0.0,5.732,0,9.0,1.065,309.825,-2.3754,36.36,35.38502502441406,4.98,0.0,0
46986,237.037,13.418000000000001,-0.5,0.0,451.86,0.0,0.0,0.0,5.732,0,11.0,1.05,309.69,-3.5383,36.39,35.38502502441406,4.98,0.0,0
46986,237.207,13.408000000000001,-0.5,0.0,451.86,0.0,0.0,0.0,5.732,0,10.0,1.045,309.915,-2.1774,36.36,35.38502502441406,4.98,0.0,0
46986,236.866,13.408000000000001,-0.5,0.0,452.04200000000003,0.0,0.0,0.0,5.732,0,12.0,1.045,309.825,2.4413,35.550000000000004,35.38502502441406,4.98,0.0,0
46986,237.207,13.408000000000001,-0.5,0.0,452.04200000000003,0.0,0.0,0.0,5.732,0,9.0,1.085,309.825,1.7815,36.36,35.38502502441406,4.98,0.0,0
46986,237.037,13.398000000000001,0.0,0.0,451.557,0.0,0.0,0.0,5.732,0,11.0,1.08,309.825,-1.699,37.44,35.38502502441406,4.98,0.0,0
46986,237.207,13.398000000000001,-0.5,0.0,451.617,0.0,0.0,0.0,5.732,0,10.0,1.05,309.69,-0.8330000000000001,39.39,35.38502502441406,4.98,0.0,0
46986,236.866,13.389000000000001,0.0,0.0,451.86,0.0,0.0,0.0,5.732,0,10.0,1.065,309.825,-1.1217000000000001,39.72,35.38502502441406,4.98,0.0,0
46986,237.037,13.389000000000001,0.0,0.0,452.04200000000003,0.0,0.0,0.0,5.732,0,10.0,1.045,309.915,1.1052,38.76,35.38502502441406,4.98,0.0,0
46986,237.207,13.389000000000001,0.0,0.0,451.86,0.0,0.0,0.0,5.732,0,11.0,1.06,309.825,4.2641,37.35,35.38502502441406,4.98,0.0,0
46986,236.866,13.379000000000001,0.0,0.0,451.921,0.0,0.0,0.0,5.732,0,10.0,1.055,309.825,-2.5733,36.81,35.38502502441406,4.98,0.0,0
46986,237.207,13.379000000000001,-0.5,0.0,451.678,0.0,0.0,0.0,5.732,0,12.0,1.025,309.915,-0.5938,37.2,35.38502502441406,4.98,0.0,0
46986,237.207,13.369,-1.0,0.0,451.86,0.0,0.0,0.0,5.732,0,10.0,1.055,309.69,1.7568000000000001,37.2,35.38502502441406,4.98,0.0,0
46986,236.866,13.369,0.0,0.0,451.86,0.0,0.0,0.0,5.732,0,10.0,1.04,309.69,-4.396100000000001,36.42,35.38502502441406,4.98,0.0,0
46986,236.696,13.369,-0.5,0.0,451.86,0.0,0.0,0.0,5.737,0,10.0,1.095,309.825,-3.8105,35.64,35.38502502441406,4.98,0.0,0
46986,237.037,13.359,-0.5,0.0,452.04200000000003,0.0,0.0,0.0,5.732,0,11.0,1.06,309.915,3.2579000000000002,35.85,35.38502502441406,4.98,0.0,0
46986,236.866,13.359,-0.5,0.0,451.86,0.0,0.0,0.0,5.732,0,10.0,1.055,309.915,4.9322,36.33,35.38502502441406,4.98,0.0,0
46986,237.207,13.350000000000001,-0.5,0.0,451.617,0.0,0.0,0.0,5.732,0,11.0,1.03,309.915,2.4908,36.45,35.38502502441406,4.98,0.0,0
46986,237.037,13.350000000000001,-1.0,0.0,451.981,0.0,0.0,0.0,5.732,0,10.0,1.08,309.825,-1.0557,37.59,35.38502502441406,4.98,0.0,0
46986,236.866,13.34,-0.5,0.0,451.86,0.0,0.0,0.0,5.732,0,10.0,1.055,309.825,-1.0392000000000001,38.94,35.38502502441406,4.98,0.0,0
46986,236.866,13.34,-0.5,0.0,451.557,0.0,0.0,0.0,5.732,0,11.0,1.05,309.825,-1.8310000000000002,38.730000000000004,35.38502502441406,4.98,0.0,0
46986,237.207,13.34,-1.0,0.0,451.37600000000003,0.0,0.0,0.0,5.732,0,10.0,1.045,309.825,-0.9238000000000001,38.19,35.38502502441406,4.98,0.0,0
46986,236.866,13.33,-0.5,0.0,451.557,0.0,0.0,0.0,5.732,0,11.0,1.055,309.825,-0.5114000000000001,37.410000000000004,35.38502502441406,4.98,0.0,0
46986,236.866,13.33,-1.0,0.0,451.617,0.0,0.0,0.0,5.732,0,9.0,1.075,309.69,0.9485,36.69,35.38502502441406,4.98,0.0,0
46986,237.207,13.32,-0.5,0.0,451.37600000000003,0.0,0.0,0.0,5.732,0,11.0,1.035,309.915,0.4454,36.18,35.38502502441406,4.98,0.0,0
46986,237.207,13.32,-1.0,0.0,451.43600000000004,0.0,0.0,0.0,5.732,0,9.0,1.05,309.825,-1.0557,35.88,35.38502502441406,4.98,0.0,0
46986,237.037,13.32,0.0,0.0,451.43600000000004,0.0,0.0,0.0,5.732,0,10.0,1.05,309.825,-1.0557,35.85,35.38502502441406,4.98,0.0,0
46986,237.037,13.32,-0.5,0.0,451.617,0.0,0.0,0.0,5.732,0,10.0,1.075,309.825,2.6393,35.64,35.38502502441406,4.98,0.0,0
46986,236.866,13.311,0.0,0.0,451.194,0.0,0.0,0.0,5.732,0,10.0,1.065,309.915,1.0557,35.160000000000004,35.38502502441406,4.98,0.0,0
46986,237.207,13.311,-0.5,0.0,451.37600000000003,0.0,0.0,0.0,5.732,0,10.0,1.04,309.825,-2.7713,35.31,35.38502502441406,4.98,0.0,0
46986,237.207,13.301,0.0,0.0,451.617,0.0,0.0,0.0,5.732,0,11.0,1.02,309.915,-0.066,35.22,35.38502502441406,4.98,0.0,0
46986,236.866,13.301,-0.5,0.0,451.678,0.0,0.0,0.0,5.732,0,10.0,1.08,309.915,3.8270000000000004,36.09,35.38502502441406,4.98,0.0,0
46986,237.037,13.301,0.0,0.0,451.678,0.0,0.0,0.0,5.732,0,10.0,1.04,309.915,0.46190000000000003,37.47,35.38502502441406,4.98,0.0,0
46986,237.037,13.291,-0.5,0.0,451.37600000000003,0.0,0.0,0.0,5.732,0,11.0,1.06,309.825,-3.4311000000000003,38.28,35.38502502441406,4.98,0.0,0
46986,237.037,13.291,-0.5,0.0,451.8,0.0,0.0,0.0,5.732,0,9.0,1.03,309.825,-3.1012,38.79,35.38502502441406,4.98,0.0,0
46986,237.207,13.281,-0.5,0.0,452.163,0.0,0.0,0.0,5.732,0,12.0,1.095,309.915,0.0,38.550000000000004,35.38502502441406,4.98,0.0,0
46986,237.037,13.281,0.0,0.0,451.678,0.0,0.0,0.0,5.732,0,9.0,1.08,309.825,2.1114,37.980000000000004,35.38502502441406,4.98,0.0,0
46986,237.37800000000001,13.271,-0.5,0.0,451.617,0.0,0.0,0.0,5.732,0,11.0,1.065,309.915,1.3196,37.050000000000004,35.38502502441406,4.98,0.0,0
46986,237.207,13.271,-1.0,0.0,451.557,0.0,0.0,0.0,5.732,0,9.0,1.07,309.915,-2.9032,36.480000000000004,35.38502502441406,4.98,0.0,0
46986,237.207,13.271,-0.5,0.0,451.315,0.0,0.0,0.0,5.732,0,11.0,1.045,309.825,-0.39590000000000003,36.54,35.38502502441406,4.98,0.0,0
46986,237.037,13.262,-0.5,0.0,451.37600000000003,0.0,0.0,0.0,5.732,0,11.0,1.035,309.915,2.6393,36.0,35.38502502441406,4.98,0.0,0
46986,237.207,13.262,0.0,0.0,451.557,0.0,0.0,0.0,5.732,0,11.0,1.045,309.915,1.0557,35.22,35.38502502441406,4.98,0.0,0
46986,237.207,13.252,-0.5,0.0,451.678,0.0,0.0,0.0,5.732,0,10.0,1.0150000000000001,309.915,-4.024900000000001,35.67,35.38502502441406,4.98,0.0,0
46986,236.866,13.252,-0.5,0.0,451.86,0.0,0.0,0.0,5.732,0,9.0,1.03,309.825,-1.8475000000000001,36.54,35.38502502441406,4.98,0.0,0
46986,237.037,13.252,-0.5,0.0,451.557,0.0,0.0,0.0,5.732,0,11.0,1.06,309.825,2.4413,37.65,35.38502502441406,4.98,0.0,0
46986,237.037,13.242,-0.5,0.0,451.557,0.0,0.0,0.0,5.732,0,10.0,1.06,309.825,-1.8475000000000001,37.95,35.38502502441406,4.98,0.0,0
46986,237.037,13.242,0.0,0.0,452.04200000000003,0.0,0.0,0.0,5.732,0,10.0,1.055,309.825,1.5836000000000001,38.19,35.38502502441406,4.98,0.0,0
46986,237.207,13.232000000000001,-1.5,0.0,451.8,0.0,0.0,0.0,5.732,0,10.0,1.08,309.825,1.5836000000000001,38.04,35.38502502441406,4.98,0.0,0
46986,237.037,13.232000000000001,0.5,0.0,451.8,0.0,0.0,0.0,5.732,0,11.0,1.085,309.825,1.3196,37.980000000000004,35.38502502441406,4.98,0.0,0
46986,237.207,13.232000000000001,0.0,0.0,451.43600000000004,0.0,0.0,0.0,5.732,0,9.0,1.065,309.915,1.5671000000000002,37.65,35.38502502441406,4.98,0.0,0
46986,237.207,13.232000000000001,-0.5,0.0,451.43600000000004,0.0,0.0,0.0,5.732,0,9.0,1.05,309.915,1.0392000000000001,37.11,35.38502502441406,4.98,0.0,0
46986,236.866,13.223,0.0,0.0,451.678,0.0,0.0,0.0,5.732,0,10.0,1.05,309.825,0.39590000000000003,36.03,35.38502502441406,4.98,0.0,0
46986,237.207,13.223,-0.5,0.0,451.8,0.0,0.0,0.0,5.737,0,9.0,1.055,309.915,-1.4516,35.82,35.38502502441406,4.98,0.0,0
46986,237.207,13.213000000000001,-0.5,0.0,451.981,0.0,0.0,0.0,5.732,0,11.0,1.075,309.915,-2.8537000000000003,35.160000000000004,35.38502502441406,4.98,0.0,0
46986,236.696,13.213000000000001,-1.0,0.0,451.921,0.0,0.0,0.0,5.732,0,9.0,1.05,309.69,-3.9342,35.88,35.38502502441406,4.98,0.0,0
46986,237.037,13.213000000000001,-0.5,0.0,451.73900000000003,0.0,0.0,0.0,5.732,0,10.0,1.035,309.69,-3.9342,36.660000000000004,35.38502502441406,4.98,0.0,0
46986,237.037,13.203000000000001,-0.5,0.0,451.8,0.0,0.0,0.0,5.732,0,11.0,1.065,309.825,3.2496,37.11,35.38502502441406,4.98,0.0,0
46986,237.207,13.203000000000001,0.0,0.0,451.8,0.0,0.0,0.0,5.732,0,11.0,1.07,309.915,5.2621,37.410000000000004,35.38502502441406,4.98,0.0,0
46986,237.207,13.193000000000001,-0.5,0.0,452.10200000000003,0.0,0.0,0.0,5.737,0,10.0,1.08,309.915,0.9485,37.71,35.38502502441406,4.98,0.0,0
46986,237.207,13.193000000000001,-0.5,0.0,451.981,0.0,0.0,0.0,5.732,0,9.0,1.08,309.915,2.6393,36.57,35.38502502441406,4.98,0.0,0
46986,237.207,13.193000000000001,0.0,0.0,451.678,0.0,0.0,0.0,5.732,0,10.0,1.045,309.915,2.3754,36.81,35.38502502441406,4.98,0.0,0
46986,237.037,13.184000000000001,-0.5,0.0,451.86,0.0,0.0,0.0,5.732,0,8.0,1.065,309.825,-0.9238000000000001,37.230000000000004,35.38502502441406,4.98,0.0,0
46986,237.37800000000001,13.184000000000001,-0.5,0.0,451.678,0.0,0.0,0.0,5.732,0,12.0,1.06,309.825,-4.1404000000000005,37.95,35.38502502441406,4.98,0.0,0
46986,237.037,13.184000000000001,-0.5,0.0,451.86,0.0,0.0,0.0,5.732,0,10.0,1.045,309.915,-1.3856000000000002,37.47,35.38502502441406,4.98,0.0,0
46986,236.866,13.174000000000001,0.0,0.0,451.981,0.0,0.0,0.0,5.732,0,10.0,1.03,309.825,3.1012,36.75,35.38502502441406,4.98,0.0,0
46986,237.037,13.174000000000001,-0.5,0.0,452.10200000000003,0.0,0.0,0.0,5.732,0,10.0,1.06,309.825,0.14850000000000002,36.06,35.38502502441406,4.98,0.0,0
46986,237.207,13.164000000000001,-0.5,0.0,451.981,0.0,0.0,0.0,5.732,0,9.0,1.065,309.825,-1.5671000000000002,35.58,35.38502502441406,4.98,0.0,0
46986,237.037,13.164000000000001,-0.5,0.0,451.617,0.0,0.0,0.0,5.732,0,10.0,1.04,309.915,-2.0620000000000003,35.7,35.38502502441406,4.98,0.0,0
46986,237.37800000000001,13.164000000000001,-0.5,0.0,451.37600000000003,0.0,0.0,0.0,5.737,0,9.0,1.04,309.825,-0.9897,36.78,35.38502502441406,4.98,0.0,0
46986,236.866,13.154,0.0,0.0,451.617,0.0,0.0,0.0,5.732,0,11.0,1.04,309.825,1.1217000000000001,37.800000000000004,35.38502502441406,4.98,0.0,0
46986,236.866,13.154,-0.5,0.0,451.8,0.0,0.0,0.0,5.732,0,10.0,1.06,309.825,1.1877,37.92,35.38502502441406,4.98,0.0,0
46986,237.207,13.154,-0.5,0.0,451.921,0.0,0.0,0.0,5.732,0,10.0,1.055,309.825,-0.9897,38.550000000000004,35.38502502441406,4.98,0.0,0
46986,237.207,13.145000000000001,0.0,0.0,451.678,0.0,0.0,0.0,5.732,0,9.0,1.05,309.69,-1.4516,38.46,35.38502502441406,4.98,0.0,0
46986,237.037,13.145000000000001,-0.5,0.0,451.678,0.0,0.0,0.0,5.732,0,10.0,1.065,309.915,1.2537,37.95,35.38502502441406,4.98,0.0,0
46986,237.207,13.145000000000001,0.0,0.0,451.678,0.0,0.0,0.0,5.737,0,12.0,1.06,309.825,0.39590000000000003,37.59,35.38502502441406,4.98,0.0,0
46986,237.037,13.135,-1.0,0.0,451.8,0.0,0.0,0.0,5.732,0,10.0,1.05,309.825,-0.6268,37.71,35.38502502441406,4.98,0.0,0
46986,237.207,13.135,-0.5,0.0,451.678,0.0,0.0,0.0,5.737,0,12.0,1.085,309.915,1.3196,37.71,35.38502502441406,4.98,0.0,0
46986,237.207,13.125,-0.5,0.0,451.678,0.0,0.0,0.0,5.732,0,10.0,1.065,309.825,-1.0557,37.68,35.38502502441406,4.98,0.0,0
46986,237.037,13.125,-0.5,0.0,451.73900000000003,0.0,0.0,0.0,5.732,0,11.0,1.08,309.825,-3.6950000000000003,36.72,35.38502502441406,4.98,0.0,0
46986,237.207,13.125,-0.5,0.0,451.678,0.0,0.0,0.0,5.732,0,9.0,1.055,309.69,-0.099,35.910000000000004,35.38502502441406,4.98,0.0,0
46986,237.207,13.115,0.0,0.0,451.73900000000003,0.0,0.0,0.0,5.732,0,11.0,1.05,309.69,-0.6598,35.550000000000004,35.38502502441406,4.98,0.0,0
46986,237.207,13.115,-0.5,0.0,451.981,0.0,0.0,0.0,5.732,0,9.0,1.02,309.825,1.0557,36.33,35.38502502441406,4.98,0.0,0
46986,236.866,13.105,-0.5,0.0,452.04200000000003,0.0,0.0,0.0,5.732,0,11.0,1.04,309.825,2.3754,37.47,35.38502502441406,4.98,0.0,0
46986,237.207,13.105,-0.5,0.0,451.73900000000003,0.0,0.0,0.0,5.737,0,9.0,1.045,309.825,0.9567,39.09,35.38502502441406,4.98,0.0,0
46986,237.037,13.105,-0.5,0.0,451.557,0.0,0.0,0.0,5.732,0,10.0,1.065,309.915,1.5836000000000001,38.82,35.38502502441406,4.98,0.0,0
46986,237.207,13.096,-1.0,0.0,451.497,0.0,0.0,0.0,5.732,0,11.0,1.085,309.69,-2.5403000000000002,38.49,35.38502502441406,4.98,0.0,0
46986,236.866,13.096,-0.5,0.0,451.497,0.0,0.0,0.0,5.732,0,10.0,1.035,309.69,-3.4723,38.43,35.38502502441406,4.98,0.0,0
46986,237.037,13.096,-0.5,0.0,451.43600000000004,0.0,0.0,0.0,5.732,0,10.0,1.04,309.69,-0.9650000000000001,37.59,35.38502502441406,4.98,0.0,0
46986,237.037,13.086,-0.5,0.0,451.43600000000004,0.0,0.0,0.0,5.732,0,12.0,1.055,309.825,0.9402,37.74,35.38502502441406,4.98,0.0,0
46986,236.866,13.086,-0.5,0.0,451.557,0.0,0.0,0.0,5.732,0,10.0,1.065,309.825,-0.6186,38.04,35.38502502441406,4.98,0.0,0
46986,237.207,13.086,-0.5,0.0,451.678,0.0,0.0,0.0,5.732,0,11.0,1.03,309.825,1.732,37.62,35.38502502441406,4.98,0.0,0
46986,236.866,13.076,0.0,0.0,452.284,0.0,0.0,0.0,5.732,0,10.0,1.055,309.825,1.5176,37.32,35.38502502441406,4.98,0.0,0
46986,237.037,13.076,-0.5,0.0,452.344,0.0,0.0,0.0,5.732,0,10.0,1.07,309.825,1.0310000000000001,37.02,35.38502502441406,4.98,0.0,0
46986,236.866,13.076,-0.5,0.0,452.284,0.0,0.0,0.0,5.732,0,10.0,1.01,309.825,0.066,36.09,35.38502502441406,4.98,0.0,0
46986,237.207,13.066,-0.5,0.0,452.223,0.0,0.0,0.0,5.737,0,11.0,1.02,309.825,0.8578,35.76,35.38502502441406,4.98,0.0,0
46986,236.866,13.066,0.0,0.0,451.981,0.0,0.0,0.0,5.732,0,10.0,1.045,309.69,3.5218000000000003,36.57,35.38502502441406,4.98,0.0,0
46986,237.37800000000001,13.066,-0.5,0.0,451.981,0.0,0.0,0.0,5.732,0,10.0,1.08,309.69,2.4743,36.72,35.38502502441406,4.98,0.0,0
46986,237.207,13.057,-0.5,0.0,452.04200000000003,0.0,0.0,0.0,5.732,0,11.0,1.065,309.915,0.6598,38.1,35.38502502441406,4.98,0.0,0
46986,237.207,13.057,-0.5,0.0,451.981,0.0,0.0,0.0,5.732,0,10.0,1.04,309.915,-0.3299,38.88,35.38502502441406,4.98,0.0,0
46986,237.207,13.057,-0.5,0.0,451.617,0.0,0.0,0.0,5.732,0,11.0,1.03,309.825,-0.5279,38.64,35.38502502441406,4.98,0.0,0
46986,236.866,13.047,-0.5,0.0,451.497,0.0,0.0,0.0,5.737,0,9.0,1.045,309.915,1.0557,38.49,35.38502502441406,4.98,0.0,0
46986,237.207,13.047,-0.5,0.0,451.678,0.0,0.0,0.0,5.732,0,10.0,1.035,309.915,4.3548,37.980000000000004,35.38502502441406,4.98,0.0,0
46986,237.207,13.037,0.0,0.0,451.86,0.0,0.0,0.0,5.732,0,9.0,1.11,309.825,-1.0557,38.1,35.38502502441406,4.98,0.0,0
46986,237.037,13.037,-0.5,0.0,451.678,0.0,0.0,0.0,5.732,0,11.0,1.06,309.69,-8.7097,37.77,35.38502502441406,4.98,0.0,0
46986,237.207,13.037,0.0,0.0,451.981,0.0,0.0,0.0,5.732,0,11.0,1.045,309.69,-5.641500000000001,36.72,35.38502502441406,4.98,0.0,0
46986,237.037,13.027000000000001,-0.5,0.0,452.04200000000003,0.0,0.0,0.0,5.732,0,10.0,1.065,309.825,2.9032,36.300000000000004,35.38502502441406,4.98,0.0,0
46986,237.37800000000001,13.027000000000001,-0.5,0.0,452.04200000000003,0.0,0.0,0.0,5.732,0,11.0,1.065,309.915,0.8908,35.76,35.38502502441406,4.98,0.0,0
46986,237.207,13.018,-0.5,0.0,451.86,0.0,0.0,0.0,5.732,0,11.0,1.08,309.825,0.2639,35.49,35.38502502441406,4.98,0.0,0
46986,237.207,13.018,-0.5,0.0,451.86,0.0,0.0,0.0,5.732,0,10.0,1.0050000000000001,309.825,4.486800000000001,36.300000000000004,35.38502502441406,4.98,0.0,0
46986,236.866,13.018,0.0,0.0,451.497,0.0,0.0,0.0,5.732,0,9.0,1.055,309.825,-0.132,37.14,35.38502502441406,4.98,0.0,0
46986,237.207,13.008000000000001,-1.0,0.0,451.678,0.0,0.0,0.0,5.732,0,11.0,1.065,309.825,1.0557,38.49,35.38502502441406,4.98,0.0,0
46986,237.207,13.008000000000001,-0.5,0.0,451.8,0.0,0.0,0.0,5.732,0,9.0,1.075,309.825,1.3196,39.36,35.38502502441406,4.98,0.0,0
46986,237.037,13.008000000000001,-0.5,0.0,451.497,0.0,0.0,0.0,5.732,0,11.0,1.06,309.825,-2.6393,38.7,35.38502502441406,4.98,0.0,0
46986,237.37800000000001,12.998000000000001,0.0,0.0,451.73900000000003,0.0,0.0,0.0,5.732,0,9.0,1.065,309.825,0.0,37.44,35.38502502441406,4.98,0.0,0
46986,237.207,12.998000000000001,-0.5,0.0,451.678,0.0,0.0,0.0,5.732,0,11.0,1.075,309.915,-1.3856000000000002,37.08,35.38502502441406,4.98,0.0,0
46986,237.207,12.988000000000001,-0.5,0.0,451.86,0.0,0.0,0.0,5.732,0,10.0,1.06,309.915,-1.0557,36.54,35.38502502441406,4.98,0.0,0
46986,236.866,12.988000000000001,-1.0,0.0,451.8,0.0,0.0,0.0,5.732,0,10.0,1.04,309.825,1.5836000000000001,36.6,35.38502502441406,4.98,0.0,0
46986,237.037,12.988000000000001,-0.5,0.0,451.8,0.0,0.0,0.0,5.732,0,10.0,1.035,309.825,-0.6598,36.81,35.38502502441406,4.98,0.0,0
46986,236.866,12.979000000000001,-0.5,0.0,452.04200000000003,0.0,0.0,0.0,5.732,0,10.0,1.05,309.825,-2.5733,36.660000000000004,35.38502502441406,4.98,0.0,0
46986,237.207,12.979000000000001,-0.5,0.0,451.8,0.0,0.0,0.0,5.732,0,11.0,1.035,309.825,0.39590000000000003,36.84,35.38502502441406,4.98,0.0,0
46986,237.037,12.979000000000001,-0.5,0.0,451.86,0.0,0.0,0.0,5.732,0,10.0,1.055,309.69,2.4743,36.51,35.38502502441406,4.98,0.0,0
46986,237.037,12.969000000000001,-0.5,0.0,451.617,0.0,0.0,0.0,5.732,0,12.0,1.04,309.69,-2.3754,36.93,35.38502502441406,4.98,0.0,0
46986,237.207,12.969000000000001,-0.5,0.0,451.557,0.0,0.0,0.0,5.732,0,10.0,1.055,309.915,-0.066,38.19,35.38502502441406,4.98,0.0,0
46986,237.207,12.959000000000001,-0.5,0.0,451.43600000000004,0.0,0.0,0.0,5.732,0,11.0,1.045,309.915,5.2786,38.88,35.38502502441406,4.98,0.0,0
46986,237.037,12.959000000000001,-0.5,0.0,451.557,0.0,0.0,0.0,5.732,0,8.0,1.045,309.915,1.1547,38.67,35.38502502441406,4.98,0.0,0
46986,237.207,12.959000000000001,-1.0,0.0,451.921,0.0,0.0,0.0,5.732,0,11.0,1.065,309.915,-2.6393,38.88,35.38502502441406,4.98,0.0,0
46986,237.037,12.949,-0.5,0.0,452.223,0.0,0.0,0.2,5.732,0,10.0,1.08,309.69,-0.8908,38.85,35.38502502441406,4.98,0.0,0
46986,237.207,12.949,-0.5,0.0,452.223,0.0,0.0,0.0,5.732,0,10.0,1.08,309.69,-1.2124000000000001,38.730000000000004,35.38502502441406,4.98,0.0,0
46986,237.037,12.949,-0.5,0.0,451.981,0.0,0.0,0.0,5.732,0,12.0,1.07,309.825,-1.0392000000000001,37.08,35.38502502441406,4.98,0.0,0
46986,237.207,12.939,-0.5,0.0,451.8,0.0,0.0,0.0,5.732,0,10.0,1.065,309.69,-2.862,36.12,35.38502502441406,4.98,0.0,0
46986,237.207,12.939,0.0,0.0,452.04200000000003,0.0,0.0,0.0,5.732,0,12.0,1.02,309.915,2.862,35.76,35.38502502441406,4.98,0.0,0
46986,237.037,12.939,-0.5,0.0,452.223,0.0,0.0,0.0,5.732,0,9.0,1.05,309.825,1.7815,35.31,35.38502502441406,4.98,0.0,0
46986,237.207,12.930000000000001,0.0,0.0,451.86,0.0,0.0,0.0,5.732,0,11.0,1.055,309.825,-4.0497000000000005,35.910000000000004,35.38502502441406,4.98,0.0,0
46986,237.207,12.930000000000001,-1.0,0.0,451.86,0.0,0.0,0.0,5.732,0,11.0,1.07,309.825,-2.1114,36.75,35.38502502441406,4.98,0.0,0
46986,237.207,12.930000000000001,-0.5,0.0,452.10200000000003,0.0,0.0,0.0,5.732,0,11.0,1.065,309.825,5.2786,37.14,35.38502502441406,4.98,0.0,0
46986,237.207,12.92,-0.5,0.0,452.04200000000003,0.0,0.0,0.0,5.732,0,10.0,1.02,309.825,1.1629,37.44,35.38502502441406,4.98,0.0,0
46986,236.866,12.92,0.5,0.0,452.04200000000003,0.0,0.0,0.0,5.732,0,10.0,1.07,309.825,-0.9238000000000001,37.56,35.38502502441406,4.98,0.0,0
46986,237.37800000000001,12.91,-0.5,0.0,452.04200000000003,0.0,0.0,0.0,5.732,0,11.0,1.045,309.825,-0.5114000000000001,37.68,35.38502502441406,4.98,0.0,0
46986,237.207,12.91,-0.5,0.0,452.404,0.0,0.0,0.0,5.732,0,9.0,1.03,309.915,0.5114000000000001,37.32,35.38502502441406,4.98,0.0,0
46986,237.037,12.91,0.0,0.0,452.10200000000003,0.0,0.0,0.0,5.732,0,11.0,1.05,309.825,-1.2537,37.47,35.38502502441406,4.98,0.0,0
46986,237.37800000000001,12.9,-0.5,0.0,451.921,0.0,0.0,0.0,5.732,0,9.0,1.07,309.915,-1.864,37.32,35.38502502441406,4.98,0.0,0
46986,237.207,12.9,-0.5,0.0,452.04200000000003,0.0,0.0,0.0,5.732,0,11.0,1.075,309.915,2.6228000000000002,37.44,35.38502502441406,4.98,0.0,0
46986,237.207,12.9,-0.5,0.0,452.04200000000003,0.0,0.0,0.0,5.732,0,10.0,1.07,309.825,3.629,36.72,35.38502502441406,4.98,0.0,0
46986,237.207,12.891,-0.5,0.0,452.163,0.0,0.0,-0.2,5.732,0,10.0,1.0,309.69,-3.2084,35.730000000000004,35.38502502441406,4.98,0.0,0
46986,237.37800000000001,12.891,-0.5,0.0,452.223,0.0,0.0,0.0,5.732,0,11.0,1.06,309.825,-0.8413,34.800000000000004,35.38502502441406,4.98,0.0,0
46986,236.866,12.881,-0.5,0.0,452.10200000000003,0.0,0.0,0.0,5.732,0,10.0,1.045,309.915,-0.6763,34.95,35.38502502441406,4.98,0.0,0
46986,237.207,12.881,-0.5,0.0,452.404,0.0,0.0,0.0,5.732,0,12.0,1.055,309.825,-1.1464,36.36,35.38502502441406,4.98,0.0,0
46986,237.207,12.881,-0.5,0.0,452.284,0.0,0.0,0.0,5.732,0,9.0,1.055,309.825,-0.1155,37.44,35.38502502441406,4.98,0.0,0
46986,237.037,12.871,-0.5,0.0,452.04200000000003,0.0,0.0,0.0,5.732,0,11.0,1.035,309.915,1.9135000000000002,37.89,35.38502502441406,4.98,0.0,0
46986,236.866,12.871,-1.0,0.0,452.163,0.0,0.0,0.0,5.732,0,10.0,1.025,309.69,-2.3754,37.050000000000004,35.38502502441406,4.98,0.0,0
46986,237.207,12.871,-0.5,0.0,451.8,0.0,0.0,0.0,5.732,0,12.0,1.035,309.825,-3.9589000000000003,36.72,35.38502502441406,4.98,0.0,0
46986,237.037,12.861,0.0,0.0,451.557,0.0,0.0,0.0,5.732,0,10.0,1.05,309.825,0.5444,36.75,35.38502502441406,4.98,0.0,0
46986,237.37800000000001,12.861,-0.5,0.0,451.678,0.0,0.0,0.0,5.732,0,11.0,1.045,309.825,1.3196,36.72,35.38502502441406,4.98,0.0,0
46986,237.037,12.861,-0.5,0.0,451.86,0.0,0.0,0.0,5.732,0,11.0,1.065,309.825,0.165,36.42,35.38502502441406,4.98,0.0,0
46986,236.866,12.852,-1.0,0.0,451.73900000000003,0.0,0.0,0.0,5.732,0,11.0,1.065,309.69,-3.4311000000000003,36.57,35.38502502441406,4.98,0.0,0
46986,237.037,12.852,0.0,0.0,451.678,0.0,0.0,0.0,5.732,0,10.0,1.065,309.825,0.7918000000000001,36.78,35.38502502441406,4.98,0.0,0
46986,237.037,12.852,-0.5,0.0,451.37600000000003,0.0,0.0,0.0,5.732,0,10.0,1.05,309.825,2.7713,35.94,35.38502502441406,4.98,0.0,0
46986,237.207,12.842,-0.5,0.0,451.557,0.0,0.0,0.0,5.732,0,10.0,1.075,309.915,4.0579,34.71,35.38502502441406,4.98,0.0,0
46986,237.207,12.842,-0.5,0.0,451.43600000000004,0.0,0.0,0.0,5.732,0,10.0,1.055,309.825,0.7918000000000001,34.95,35.38502502441406,4.98,0.0,0
46986,237.207,12.842,-0.5,0.0,451.497,0.0,0.0,0.0,5.732,0,10.0,1.06,309.915,-1.1217000000000001,35.22,35.38502502441406,4.98,0.0,0
46986,237.548,12.832,0.0,0.0,451.557,0.0,0.0,0.0,5.732,0,9.0,1.05,309.915,-0.7918000000000001,36.42,35.38502502441406,4.98,0.0,0
46986,237.207,12.832,0.0,0.0,451.497,0.0,0.0,0.0,5.732,0,11.0,1.07,309.69,-1.4846000000000001,37.86,35.38502502441406,4.98,0.0,0
46986,237.037,12.832,-0.5,0.0,451.73900000000003,0.0,0.0,0.0,5.732,0,10.0,1.045,309.915,-1.7155,38.07,35.38502502441406,4.98,0.0,0
46986,237.37800000000001,12.822000000000001,0.0,0.0,451.557,0.0,0.0,0.0,5.732,0,11.0,1.04,309.825,0.8578,37.08,35.38502502441406,4.98,0.0,0
46986,237.207,12.822000000000001,0.0,0.0,451.86,0.0,0.0,0.0,5.732,0,10.0,1.065,309.915,5.4106000000000005,36.660000000000004,35.38502502441406,4.98,0.0,0
46986,237.37800000000001,12.813,0.0,0.0,451.86,0.0,0.0,0.0,5.732,0,10.0,1.035,309.915,0.5279,36.42,35.38502502441406,4.98,0.0,0
46986,237.207,12.813,0.0,0.0,451.86,0.0,0.0,0.0,5.732,0,10.0,1.065,309.915,0.2639,36.660000000000004,35.38502502441406,4.98,0.0,0
46986,237.207,12.813,-0.5,0.0,452.284,0.0,0.0,0.0,5.732,0,11.0,1.085,309.6,-3.4641,36.24,35.38502502441406,4.98,0.0,0
46986,237.207,12.803,-0.5,0.0,451.981,0.0,0.0,0.0,5.732,0,11.0,1.065,309.825,-4.3548,35.67,35.38502502441406,4.98,0.0,0
46986,237.037,12.803,-0.5,0.0,451.86,0.0,0.0,0.0,5.732,0,10.0,1.08,309.825,-0.7258,35.34,35.38502502441406,4.98,0.0,0
46986,237.207,12.803,-1.0,0.0,451.921,0.0,0.0,0.0,5.732,0,11.0,1.04,309.825,5.938400000000001,34.92,35.38502502441406,4.98,0.0,0
46986,236.866,12.793000000000001,0.0,0.0,451.8,0.0,0.0,0.0,5.737,0,9.0,1.165,309.825,-1.5836000000000001,34.95,35.38502502441406,4.98,0.0,0
46986,237.37800000000001,12.793000000000001,-0.5,0.0,451.678,0.0,0.0,0.0,5.732,0,11.0,1.035,309.825,-0.9238000000000001,35.19,35.38502502441406,4.98,0.0,0
46986,237.207,12.783000000000001,-0.5,0.0,451.43600000000004,0.0,0.0,0.0,5.732,0,9.0,1.11,309.825,2.3754,36.57,35.38502502441406,4.98,0.0,0
46986,237.207,12.783000000000001,0.0,0.0,451.37600000000003,0.0,0.0,0.0,5.732,0,11.0,1.02,309.825,0.6598,38.19,35.38502502441406,4.98,0.0,0
46986,237.207,12.783000000000001,0.0,0.0,451.557,0.0,0.0,0.0,5.732,0,10.0,1.075,309.825,2.9032,38.31,35.38502502441406,4.98,0.0,0
46986,237.207,12.773000000000001,-0.5,0.0,451.617,0.0,0.0,0.0,5.732,0,11.0,1.04,309.825,1.5836000000000001,37.32,35.38502502441406,4.98,0.0,0
46986,237.207,12.773000000000001,0.0,0.0,451.37600000000003,0.0,0.0,0.0,5.732,0,9.0,1.03,309.915,0.9897,36.21,35.38502502441406,4.98,0.0,0
46986,237.207,12.773000000000001,0.0,0.0,451.194,0.0,0.0,0.0,5.732,0,9.0,1.08,309.825,0.5279,35.94,35.38502502441406,4.98,0.0,0
46986,237.207,12.764000000000001,-0.5,0.0,451.37600000000003,0.0,0.0,0.0,5.732,0,11.0,1.065,309.915,-2.4413,36.93,35.38502502441406,4.98,0.0,0
46986,237.207,12.764000000000001,-0.5,0.0,451.43600000000004,0.0,0.0,0.0,5.732,0,11.0,1.025,309.915,-1.1877,37.08,35.38502502441406,4.98,0.0,0
46986,237.207,12.764000000000001,-0.5,0.0,451.37600000000003,0.0,0.0,0.0,5.732,0,11.0,1.065,309.825,0.0,36.72,35.38502502441406,4.98,0.0,0
46986,237.207,12.754000000000001,-0.5,0.0,451.557,0.0,0.0,0.0,5.732,0,9.0,1.045,309.825,-0.6598,35.88,35.38502502441406,4.98,0.0,0
46986,237.207,12.754000000000001,-0.5,0.0,451.8,0.0,0.0,0.0,5.732,0,11.0,1.055,309.825,0.3299,35.160000000000004,35.38502502441406,4.98,0.0,0
46986,237.037,12.754000000000001,-0.5,0.0,451.255,0.0,0.0,0.0,5.732,0,9.0,1.04,309.825,-1.3196,34.17,35.38502502441406,4.98,0.0,0
46986,237.207,12.744,-0.5,0.0,451.134,0.0,0.0,0.0,5.732,0,11.0,1.08,309.915,2.0455,34.32,35.38502502441406,4.98,0.0,0
46986,237.207,12.744,0.0,0.0,451.134,0.0,0.0,0.0,5.732,0,11.0,1.07,309.915,2.3589,34.47,35.38502502441406,4.98,0.0,0
46986,237.37800000000001,12.744,-0.5,0.0,451.43600000000004,0.0,0.0,0.0,5.732,0,10.0,1.07,309.825,0.2639,36.42,35.38502502441406,4.98,0.0,0
46986,236.866,12.734,-0.5,0.0,451.557,0.0,0.0,0.0,5.732,0,11.0,1.065,309.825,-2.3754,37.68,35.38502502441406,4.98,0.0,0
46986,237.037,12.734,-0.5,0.0,451.617,0.0,0.0,0.0,5.732,0,10.0,1.065,309.825,-1.4351,38.67,35.38502502441406,4.98,0.0,0
46986,237.207,12.734,-0.5,0.0,451.497,0.0,0.0,0.0,5.732,0,11.0,1.0150000000000001,309.825,1.4516,38.160000000000004,35.38502502441406,4.98,0.0,0
46986,237.207,12.725000000000001,-1.0,0.0,451.194,0.0,0.0,0.0,5.732,0,10.0,1.02,309.69,-0.6351,38.22,35.38502502441406,4.98,0.0,0
46986,237.207,12.725000000000001,0.0,0.0,451.43600000000004,0.0,0.0,0.0,5.732,0,10.0,1.055,309.825,-2.5733,37.26,35.38502502441406,4.98,0.0,0
46986,237.207,12.725000000000001,0.0,0.0,451.8,0.0,0.0,0.0,5.732,0,9.0,1.07,309.915,-0.28040000000000004,36.09,35.38502502441406,4.98,0.0,0
46986,237.207,12.715,-0.5,0.0,451.678,0.0,0.0,0.0,5.732,0,11.0,1.025,309.825,0.5938,35.550000000000004,35.38502502441406,4.98,0.0,0
46986,237.207,12.715,0.0,0.0,451.43600000000004,0.0,0.0,0.0,5.732,0,10.0,1.06,309.915,-1.9300000000000002,35.34,35.38502502441406,4.98,0.0,0
46986,237.207,12.715,0.0,0.0,451.37600000000003,0.0,0.0,0.0,5.732,0,12.0,1.065,309.915,3.3898,35.67,35.38502502441406,4.98,0.0,0
46986,237.037,12.705,0.0,0.0,451.678,0.0,0.0,0.0,5.732,0,11.0,1.09,309.915,4.1404000000000005,36.09,35.38502502441406,4.98,0.0,0
46986,237.207,12.705,-0.5,0.0,451.557,0.0,0.0,0.0,5.732,0,10.0,1.06,309.69,-3.7363000000000004,36.480000000000004,35.38502502441406,4.98,0.0,0
46986,237.207,12.695,-0.5,0.0,451.617,0.0,0.0,0.0,5.732,0,11.0,1.0150000000000001,309.825,-3.0847,37.17,35.38502502441406,4.98,0.0,0
46986,236.866,12.695,-0.5,0.0,451.497,0.0,0.0,0.0,5.732,0,9.0,1.04,309.825,-0.8578,37.44,35.38502502441406,4.98,0.0,0
46986,237.37800000000001,12.695,-0.5,0.0,451.315,0.0,0.0,0.0,5.732,0,11.0,1.065,309.915,1.1464,38.1,35.38502502441406,4.98,0.0,0
46986,237.207,12.686,0.0,0.0,451.678,0.0,0.0,0.0,5.732,0,10.0,1.05,309.825,1.5176,37.800000000000004,35.38502502441406,4.98,0.0,0
46986,237.207,12.686,0.0,0.0,451.73900000000003,0.0,0.0,0.0,5.732,0,11.0,1.085,309.915,1.3691,37.68,35.38502502441406,4.98,0.0,0
46986,237.207,12.686,-0.5,0.0,451.73900000000003,0.0,0.0,0.0,5.732,0,10.0,1.055,310.005,1.5671000000000002,37.44,35.38502502441406,4.98,0.0,0
46986,237.37800000000001,12.686,-1.0,0.0,451.678,0.0,0.0,0.2,5.732,0,11.0,1.06,310.005,2.6393,37.32,35.38502502441406,4.98,0.0,0
46986,237.207,12.676,0.0,0.0,451.557,0.0,0.0,0.0,5.732,0,10.0,1.025,309.69,-0.9567,37.14,35.38502502441406,4.98,0.0,0
46986,237.37800000000001,12.676,0.0,0.0,451.86,0.0,0.0,0.0,5.732,0,10.0,1.045,309.825,-2.6393,37.410000000000004,35.38502502441406,4.98,0.0,0
46986,237.037,12.676,0.0,0.0,451.8,0.0,0.0,0.0,5.732,0,10.0,1.04,309.915,3.761,37.410000000000004,35.38502502441406,4.98,0.0,0
46986,237.548,12.666,-0.5,0.0,452.04200000000003,0.0,0.0,0.0,5.732,0,11.0,1.08,309.915,4.0909,37.230000000000004,35.38502502441406,4.98,0.0,0
46986,237.037,12.666,0.0,0.0,452.10200000000003,0.0,0.0,0.0,5.732,0,10.0,1.04,309.915,-1.6496000000000002,36.84,35.38502502441406,4.98,0.0,0
46986,237.207,12.656,-0.5,0.0,451.617,0.0,0.0,0.0,5.732,0,10.0,1.02,309.915,0.0,36.54,35.38502502441406,4.98,0.0,0
46986,237.037,12.656,-0.5,0.0,451.617,0.0,0.0,0.0,5.732,0,11.0,1.06,309.915,0.0,36.96,35.38502502441406,4.98,0.0,0
46986,237.207,12.656,-0.5,0.0,451.86,0.0,0.0,0.0,5.732,0,11.0,1.075,309.915,0.0,37.56,35.38502502441406,4.98,0.0,0
46986,237.207,12.646,0.5,0.0,451.617,0.0,0.0,0.0,5.732,0,10.0,0.97,309.69,-4.8497,37.74,35.38502502441406,4.98,0.0,0
46986,237.207,12.646,-0.5,0.0,451.43600000000004,0.0,0.0,0.0,5.732,0,10.0,1.045,309.825,-2.9032,37.83,35.38502502441406,4.98,0.0,0
46986,237.207,12.646,-0.5,0.0,451.497,0.0,0.0,0.0,5.732,0,10.0,1.045,309.825,1.3856000000000002,38.64,35.38502502441406,4.98,0.0,0
46986,237.207,12.637,-0.5,0.0,451.86,0.0,0.0,0.0,5.732,0,11.0,1.075,309.915,4.6188,38.88,35.38502502441406,4.98,0.0,0
46986,237.207,12.637,-0.5,0.0,451.617,0.0,0.0,0.0,5.732,0,10.0,1.09,309.825,0.5279,38.22,35.38502502441406,4.98,0.0,0
46986,236.866,12.637,-0.5,0.0,451.37600000000003,0.0,0.0,0.0,5.732,0,11.0,1.05,309.825,-0.7918000000000001,37.29,35.38502502441406,4.98,0.0,0
46986,237.207,12.627,-1.0,0.0,451.43600000000004,0.0,0.0,0.0,5.732,0,10.0,1.035,309.915,2.1114,36.27,35.38502502441406,4.98,0.0,0
46986,237.37800000000001,12.627,-0.5,0.0,451.37600000000003,0.0,0.0,0.0,5.732,0,11.0,1.065,309.825,0.2639,35.52,35.38502502441406,4.98,0.0,0
46986,236.866,12.627,-0.5,0.0,451.617,0.0,0.0,0.0,5.732,0,10.0,1.06,309.915,-2.7053000000000003,35.58,35.38502502441406,4.98,0.0,0
46986,237.207,12.617,-0.5,0.0,451.43600000000004,0.0,0.0,0.0,5.732,0,11.0,1.02,309.825,-1.0557,36.72,35.38502502441406,4.98,0.0,0
46986,237.207,12.617,0.0,0.0,451.557,0.0,0.0,0.0,5.732,0,10.0,1.055,309.69,-0.4289,37.95,35.38502502441406,4.98,0.0,0
46986,237.37800000000001,12.617,0.0,0.0,451.37600000000003,0.0,0.0,0.0,5.732,0,11.0,1.045,309.825,-4.0909,38.34,35.38502502441406,4.98,0.0,0
46986,237.37800000000001,12.607000000000001,0.0,0.0,451.557,0.0,0.0,0.0,5.732,0,10.0,1.07,309.69,-1.7485000000000002,38.13,35.38502502441406,4.98,0.0,0
46986,237.37800000000001,12.607000000000001,-0.5,0.0,451.557,0.0,0.0,0.0,5.732,0,9.0,1.07,309.69,-2.3506,38.160000000000004,35.38502502441406,4.98,0.0,0
46986,237.207,12.607000000000001,-0.5,0.0,451.557,0.0,0.0,0.0,5.732,0,11.0,1.06,309.915,0.2887,38.28,35.38502502441406,4.98,0.0,0
46986,236.696,12.598,-0.5,0.0,451.43600000000004,0.0,0.0,0.0,5.732,0,9.0,1.065,309.825,1.1877,38.34,35.38502502441406,4.98,0.0,0
46986,237.207,12.598,-0.5,0.0,451.617,0.0,0.0,0.0,5.732,0,10.0,1.04,309.915,2.2022,37.83,35.38502502441406,4.98,0.0,0
46986,237.548,12.598,-0.5,0.0,451.617,0.0,0.0,0.0,5.732,0,9.0,1.06,309.825,-0.0247,37.800000000000004,35.38502502441406,4.98,0.0,0
46986,237.37800000000001,12.588000000000001,-0.5,0.0,451.86,0.0,0.0,0.0,5.732,0,11.0,1.045,309.825,0.7918000000000001,36.96,35.38502502441406,4.98,0.0,0
46986,237.037,12.588000000000001,0.0,0.0,451.73900000000003,0.0,0.0,0.0,5.732,0,10.0,1.03,309.825,1.0557,36.84,35.38502502441406,4.98,0.0,0
46986,236.866,12.588000000000001,-0.5,0.0,451.678,0.0,0.0,0.0,5.732,0,11.0,1.085,309.825,-1.2537,36.27,35.38502502441406,4.98,0.0,0
46986,237.548,12.578000000000001,0.0,0.0,451.981,0.0,0.0,0.0,5.732,0,11.0,1.05,309.825,-0.3299,36.21,35.38502502441406,4.98,0.0,0
46986,237.207,12.578000000000001,-0.5,0.0,451.8,0.0,0.0,0.0,5.732,0,11.0,1.045,309.915,3.6125000000000003,36.51,35.38502502441406,4.98,0.0,0
46986,237.37800000000001,12.578000000000001,0.0,0.0,451.8,0.0,0.0,0.0,5.732,0,10.0,1.05,309.915,1.0557,37.59,35.38502502441406,4.98,0.0,0
46986,236.866,12.568000000000001,-0.5,0.0,451.557,0.0,0.0,0.0,5.732,0,11.0,1.075,309.825,0.9897,38.82,35.38502502441406,4.98,0.0,0
46986,237.207,12.568000000000001,-0.5,0.0,451.678,0.0,0.0,0.0,5.732,0,10.0,1.08,309.915,-2.6393,38.76,35.38502502441406,4.98,0.0,0
46986,237.37800000000001,12.568000000000001,0.0,0.0,451.73900000000003,0.0,0.0,0.0,5.732,0,10.0,1.065,309.825,0.5444,38.61,35.38502502441406,4.98,0.0,0
46986,237.207,12.559000000000001,-0.5,0.0,451.73900000000003,0.0,0.0,0.0,5.732,0,10.0,1.055,309.69,-2.1857,37.92,35.38502502441406,4.98,0.0,0
46986,237.207,12.559000000000001,-0.5,0.0,451.8,0.0,0.0,0.0,5.732,0,9.0,1.03,309.825,-2.1609000000000003,37.47,35.38502502441406,4.98,0.0,0
46986,237.207,12.559000000000001,-0.5,0.0,451.8,0.0,0.0,0.0,5.732,0,10.0,1.065,309.825,-0.7918000000000001,36.96,35.38502502441406,4.98,0.0,0
46986,236.866,12.549000000000001,-0.5,0.0,451.8,0.0,0.0,0.0,5.732,0,10.0,1.055,309.825,1.0310000000000001,37.5,35.38502502441406,4.98,0.0,0
46986,237.548,12.549000000000001,0.0,0.0,451.678,0.0,0.0,0.0,5.732,0,12.0,1.085,309.825,1.2702,38.160000000000004,35.38502502441406,4.98,0.0,0
46986,237.207,12.539000000000001,-0.5,0.0,451.617,0.0,0.0,0.0,5.732,0,10.0,1.06,309.825,2.9032,37.62,35.38502502441406,4.98,0.0,0
46986,237.207,12.539000000000001,0.0,0.0,451.678,0.0,0.0,0.0,5.732,0,11.0,1.045,309.915,1.699,36.6,35.38502502441406,4.98,0.0,0
46986,237.207,12.539000000000001,-0.5,0.0,451.617,0.0,0.0,0.0,5.732,0,10.0,1.045,309.825,-1.7155,36.480000000000004,35.38502502441406,4.98,0.0,0
46986,237.37800000000001,12.539000000000001,-0.5,0.0,451.617,0.0,0.0,0.0,5.732,0,11.0,1.035,309.825,-2.1114,36.54,35.38502502441406,4.98,0.0,0
46986,237.207,12.529,0.0,0.0,451.678,0.0,0.0,0.0,5.732,0,10.0,1.055,309.69,-5.5425,36.6,35.38502502441406,4.98,0.0,0
46986,237.37800000000001,12.529,-0.5,0.0,451.557,0.0,0.0,0.0,5.732,0,11.0,1.035,309.825,-0.7258,37.38,35.38502502441406,4.98,0.0,0
46986,237.037,12.529,-0.5,0.0,451.73900000000003,0.0,0.0,0.0,5.732,0,10.0,1.055,309.915,4.7507,38.67,35.38502502441406,4.98,0.0,0
46986,237.207,12.520000000000001,0.0,0.0,451.921,0.0,0.0,0.0,5.732,0,11.0,1.04,309.69,-1.0557,39.51,35.38502502441406,4.98,0.0,0
46986,237.719,12.520000000000001,-0.5,0.0,452.04200000000003,0.0,0.0,0.0,5.737,0,9.0,1.07,309.915,-0.132,39.18,35.38502502441406,4.98,0.0,0
46986,237.037,12.520000000000001,-0.5,0.0,451.86,0.0,0.0,0.0,5.732,0,11.0,1.055,309.825,0.3299,38.4,35.38502502441406,4.98,0.0,0
46986,237.207,12.51,-0.5,0.0,452.04200000000003,0.0,0.0,0.0,5.732,0,10.0,1.035,309.915,3.8270000000000004,38.64,35.38502502441406,4.98,0.0,0
46986,237.037,12.51,0.0,0.0,451.981,0.0,0.0,0.0,5.732,0,11.0,1.05,309.825,-0.46190000000000003,38.46,35.38502502441406,4.98,0.0,0
46986,237.207,12.51,-0.5,0.0,452.223,0.0,0.0,0.0,5.732,0,11.0,1.04,309.825,0.5279,38.160000000000004,35.38502502441406,4.98,0.0,0
46986,237.37800000000001,12.5,0.0,0.0,452.163,0.0,0.0,0.0,5.732,0,10.0,1.04,309.825,-0.9897,37.44,35.38502502441406,4.98,0.0,0
46986,237.548,12.5,0.0,0.0,452.163,0.0,0.0,0.0,5.732,0,11.0,1.045,309.915,1.8475000000000001,36.72,35.38502502441406,4.98,0.0,0
46986,237.207,12.5,0.0,0.0,452.163,0.0,0.0,0.0,5.732,0,10.0,1.065,309.825,3.1672000000000002,35.82,35.38502502441406,4.98,0.0,0
46986,237.037,12.49,-0.5,0.0,451.86,0.0,0.0,0.0,5.732,0,11.0,1.035,309.915,-0.2639,36.03,35.38502502441406,4.98,0.0,0
46986,237.37800000000001,12.49,-0.5,0.0,451.86,0.0,0.0,0.0,5.732,0,10.0,1.06,309.915,-0.5279,36.42,35.38502502441406,4.98,0.0,0
46986,237.37800000000001,12.49,-0.5,0.0,451.86,0.0,0.0,0.0,5.732,0,11.0,1.03,309.69,-4.486800000000001,38.31,35.38502502441406,4.98,0.0,0
46986,237.037,12.48,-0.5,0.0,451.981,0.0,0.0,0.0,5.732,0,9.0,1.03,309.915,-4.7507,39.78,35.38502502441406,4.98,0.0,0
46986,237.207,12.48,0.0,0.0,451.86,0.0,0.0,0.0,5.732,0,11.0,1.045,309.825,1.7155,40.29,35.38502502441406,4.98,0.0,0
46986,237.548,12.48,-0.5,0.0,451.921,0.0,0.0,0.0,5.732,0,10.0,1.03,309.825,4.1239,39.18,35.38502502441406,4.98,0.0,0
46986,237.207,12.471,0.5,0.0,452.04200000000003,0.0,0.0,0.0,5.732,0,11.0,1.05,309.825,-0.2639,37.800000000000004,35.38502502441406,4.98,0.0,0
46986,237.037,12.471,0.0,0.0,451.981,0.0,0.0,0.0,5.732,0,10.0,1.055,309.69,0.099,36.96,35.38502502441406,4.98,0.0,0
46986,237.207,12.471,0.0,0.0,452.163,0.0,0.0,0.0,5.732,0,11.0,1.05,309.69,-3.9589000000000003,36.300000000000004,35.38502502441406,4.98,0.0,0
46986,237.889,12.461,0.0,0.0,452.284,0.0,0.0,0.0,5.732,0,10.0,1.05,309.825,-1.5836000000000001,35.58,35.38502502441406,4.98,0.0,0
46986,237.548,12.461,-0.5,0.0,451.981,0.0,0.0,0.0,5.732,0,12.0,1.08,309.825,0.39590000000000003,36.300000000000004,35.38502502441406,4.98,0.0,0
46986,236.866,12.461,-0.5,0.0,452.04200000000003,0.0,0.0,0.0,5.732,0,10.0,1.045,309.825,1.4846000000000001,36.18,35.38502502441406,4.98,0.0,0
46986,237.037,12.461,-0.5,0.0,452.04200000000003,0.0,0.0,0.0,5.732,0,10.0,1.055,309.825,0.7011000000000001,36.15,35.38502502441406,4.98,0.0,0
46986,237.719,12.451,0.0,0.0,452.223,0.0,0.0,0.0,5.732,0,10.0,1.05,309.915,4.0084,36.300000000000004,35.38502502441406,4.98,0.0,0
46986,237.37800000000001,12.451,-0.5,0.0,452.10200000000003,0.0,0.0,0.0,5.732,0,10.0,1.055,309.915,2.4908,37.11,35.38502502441406,4.98,0.0,0
46986,237.207,12.441,0.0,0.0,452.284,0.0,0.0,0.0,5.732,0,11.0,1.05,309.915,-0.5444,37.980000000000004,35.38502502441406,4.98,0.0,0
46986,237.207,12.441,-0.5,0.0,452.223,0.0,0.0,0.0,5.732,0,10.0,1.06,309.915,0.2474,38.07,35.38502502441406,4.98,0.0,0
46986,237.207,12.441,-0.5,0.0,452.163,0.0,0.0,0.0,5.732,0,11.0,1.03,309.825,0.6763,38.31,35.38502502441406,4.98,0.0,0
46986,237.207,12.432,-0.5,0.0,452.223,0.0,0.0,0.0,5.732,0,10.0,1.085,309.825,-1.7155,38.19,35.38502502441406,4.98,0.0,0
46986,236.866,12.432,0.0,0.0,452.404,0.0,0.0,0.0,5.732,0,11.0,1.055,309.915,-0.5279,38.19,35.38502502441406,4.98,0.0,0
46986,237.207,12.432,-0.5,0.0,452.404,0.0,0.0,0.0,5.732,0,10.0,1.075,309.915,0.5279,37.56,35.38502502441406,4.98,0.0,0
46986,237.37800000000001,12.422,0.0,0.0,452.223,0.0,0.0,0.0,5.732,0,11.0,1.05,309.825,2.2434000000000003,37.02,35.38502502441406,4.98,0.0,0
46986,237.207,12.422,-0.5,0.0,452.04200000000003,0.0,0.0,0.0,5.732,0,10.0,1.085,309.825,-0.132,36.42,35.38502502441406,4.98,0.0,0
46986,237.207,12.422,0.0,0.0,452.04200000000003,0.0,0.0,0.2,5.732,0,11.0,1.03,309.825,-3.1507,36.36,35.38502502441406,4.98,0.0,0
46986,237.207,12.412,-0.5,0.0,451.921,0.0,0.0,0.0,5.732,0,10.0,1.035,309.825,-0.7588,35.88,35.38502502441406,4.98,0.0,0
46986,237.207,12.412,0.0,0.0,452.04200000000003,0.0,0.0,0.0,5.732,0,11.0,1.035,309.825,0.132,35.31,35.38502502441406,4.98,0.0,0
46986,237.207,12.412,0.0,0.0,452.04200000000003,0.0,0.0,0.0,5.732,0,10.0,1.1,309.915,1.699,36.57,35.38502502441406,4.98,0.0,0
46986,237.548,12.402000000000001,0.0,0.0,452.163,0.0,0.0,0.0,5.732,0,11.0,1.0150000000000001,309.915,-0.0825,37.08,35.38502502441406,4.98,0.0,0
46986,237.207,12.402000000000001,0.0,0.0,452.163,0.0,0.0,0.0,5.732,0,10.0,1.02,309.825,-3.8270000000000004,38.160000000000004,35.38502502441406,4.98,0.0,0
46986,237.207,12.402000000000001,0.0,0.0,452.223,0.0,0.0,0.0,5.732,0,10.0,1.065,309.69,-1.6743000000000001,38.67,35.38502502441406,4.98,0.0,0
46986,237.207,12.393,-1.0,0.0,451.981,0.0,0.0,0.0,5.732,0,11.0,1.065,309.915,0.7505000000000001,39.09,35.38502502441406,4.98,0.0,0
46986,237.207,12.393,0.0,0.0,452.04200000000003,0.0,0.0,0.0,5.732,0,9.0,1.055,309.915,0.5279,39.15,35.38502502441406,4.98,0.0,0
46986,237.719,12.393,-0.5,0.0,451.73900000000003,0.0,0.0,0.0,5.732,0,11.0,1.055,309.825,-0.2639,38.52,35.38502502441406,4.98,0.0,0
46986,237.037,12.393,-0.5,0.0,451.678,0.0,0.0,0.0,5.732,0,9.0,1.06,309.825,1.9795,37.83,35.38502502441406,4.98,0.0,0
46986,237.37800000000001,12.383000000000001,0.0,0.0,451.8,0.0,0.0,0.0,5.732,0,11.0,1.05,309.825,0.066,36.660000000000004,35.38502502441406,4.98,0.0,0
46986,237.37800000000001,12.383000000000001,-0.5,0.0,451.678,0.0,0.0,0.0,5.732,0,9.0,1.07,309.69,-1.7155,36.480000000000004,35.38502502441406,4.98,0.0,0
46986,237.207,12.383000000000001,0.0,0.0,451.921,0.0,0.0,0.0,5.732,0,11.0,1.05,309.69,-3.8600000000000003,35.85,35.38502502441406,4.98,0.0,0
46986,237.207,12.373000000000001,0.0,0.0,452.10200000000003,0.0,0.0,0.0,5.732,0,11.0,1.08,309.825,-1.3196,36.12,35.38502502441406,4.98,0.0,0
46986,237.207,12.373000000000001,0.0,0.0,452.404,0.0,0.0,0.0,5.732,0,11.0,1.035,309.69,0.7918000000000001,36.300000000000004,35.38502502441406,4.98,0.0,0
46986,237.548,12.373000000000001,-0.5,0.0,452.04200000000003,0.0,0.0,0.0,5.732,0,9.0,1.055,309.825,2.9032,36.81,35.38502502441406,4.98,0.0,0
46986,237.207,12.363000000000001,-1.0,0.0,452.163,0.0,0.0,0.0,5.732,0,11.0,1.065,309.825,3.9589000000000003,37.5,35.38502502441406,4.98,0.0,0
46986,237.207,12.363000000000001,-0.5,0.0,451.921,0.0,0.0,0.0,5.732,0,10.0,1.055,309.825,3.2991,37.56,35.38502502441406,4.98,0.0,0
46986,237.207,12.363000000000001,-0.5,0.0,451.86,0.0,0.0,0.0,5.732,0,11.0,1.03,309.825,-2.1114,37.410000000000004,35.38502502441406,4.98,0.0,0
46986,237.37800000000001,12.354000000000001,-0.5,0.0,452.04200000000003,0.0,0.0,0.0,5.732,0,10.0,1.06,309.69,-6.0704,37.95,35.38502502441406,4.98,0.0,0
46986,237.207,12.354000000000001,-0.5,0.0,452.223,0.0,0.0,0.0,5.732,0,11.0,1.045,309.825,0.7918000000000001,37.92,35.38502502441406,4.98,0.0,0
46986,237.207,12.354000000000001,-0.5,0.0,452.46500000000003,0.0,0.0,0.0,5.732,0,10.0,1.055,309.825,3.4311000000000003,38.07,35.38502502441406,4.98,0.0,0
46986,237.207,12.344000000000001,0.0,0.0,452.284,0.0,0.0,0.0,5.732,0,10.0,1.07,309.825,2.0125,37.230000000000004,35.38502502441406,4.98,0.0,0
46986,237.37800000000001,12.344000000000001,0.0,0.0,451.86,0.0,0.0,0.0,5.732,0,11.0,1.07,309.825,0.2639,36.15,35.38502502441406,4.98,0.0,0
46986,237.207,12.344000000000001,-0.5,0.0,451.617,0.0,0.0,0.0,5.732,0,10.0,1.08,309.915,0.9897,35.49,35.38502502441406,4.98,0.0,0
46986,237.37800000000001,12.334000000000001,-0.5,0.0,451.73900000000003,0.0,0.0,0.0,5.732,0,11.0,1.075,309.69,-4.2229,35.25,35.38502502441406,4.98,0.0,0
46986,237.037,12.334000000000001,0.0,0.0,451.981,0.0,0.0,0.0,5.732,0,10.0,1.055,309.825,-1.3196,35.13,35.38502502441406,4.98,0.0,0
46986,237.37800000000001,12.334000000000001,-0.5,0.0,451.86,0.0,0.0,0.0,5.732,0,12.0,1.05,309.825,-0.39590000000000003,35.61,35.38502502441406,4.98,0.0,0
46986,237.037,12.324,0.0,0.0,451.678,0.0,0.0,0.0,5.732,0,10.0,1.08,309.915,3.0022,36.6,35.38502502441406,4.98,0.0,0
46986,237.207,12.324,-0.5,0.0,451.8,0.0,0.0,0.0,5.732,0,10.0,1.055,309.825,4.3548,37.86,35.38502502441406,4.98,0.0,0
46986,237.207,12.324,-0.5,0.0,451.8,0.0,0.0,0.0,5.732,0,10.0,1.06,309.825,-1.5836000000000001,38.28,35.38502502441406,4.98,0.0,0
46986,237.37800000000001,12.314,0.0,0.0,451.73900000000003,0.0,0.0,0.0,5.732,0,11.0,1.03,309.915,-1.3196,37.95,35.38502502441406,4.98,0.0,0
46986,237.207,12.314,-0.5,0.0,451.73900000000003,0.0,0.0,0.0,5.732,0,10.0,1.06,309.915,-0.6598,37.89,35.38502502441406,4.98,0.0,0
46986,236.866,12.314,-0.5,0.0,451.86,0.0,0.0,0.0,5.732,0,11.0,1.075,309.915,2.7548,37.62,35.38502502441406,4.98,0.0,0
46986,237.548,12.314,0.0,0.0,451.86,0.0,0.0,0.0,5.732,0,10.0,1.06,309.69,-4.0002,37.26,35.38502502441406,4.98,0.0,0
46986,237.207,12.305,-0.5,0.0,451.557,0.0,0.0,0.0,5.732,0,11.0,1.065,309.825,-3.4146,37.32,35.38502502441406,4.98,0.0,0
46986,237.207,12.305,-0.5,0.0,451.617,0.0,0.0,0.0,5.732,0,10.0,1.065,309.825,0.6763,37.38,35.38502502441406,4.98,0.0,0
46986,237.207,12.305,-0.5,0.0,451.617,0.0,0.0,0.0,5.732,0,10.0,1.105,309.825,-0.0247,37.56,35.38502502441406,4.98,0.0,0
46986,236.696,12.295,0.0,0.0,451.73900000000003,0.0,0.0,0.0,5.732,0,11.0,1.035,309.825,-1.5836000000000001,36.27,35.38502502441406,4.98,0.0,0
46986,237.37800000000001,12.295,0.0,0.0,451.557,0.0,0.0,0.0,5.732,0,10.0,1.08,309.825,2.5073000000000003,35.730000000000004,35.38502502441406,4.98,0.0,0
46986,237.207,12.295,0.0,0.0,451.73900000000003,0.0,0.0,0.0,5.732,0,12.0,1.09,309.825,0.0,35.58,35.38502502441406,4.98,0.0,0
46986,237.207,12.285,0.0,0.0,451.981,0.0,0.0,0.0,5.732,0,10.0,1.035,309.825,0.17320000000000002,36.72,35.38502502441406,4.98,0.0,0
46986,237.207,12.285,-0.5,0.0,451.73900000000003,0.0,0.0,0.0,5.732,0,11.0,1.045,309.825,2.9032,39.24,35.38502502441406,4.98,0.0,0
46986,237.207,12.285,-1.0,0.0,451.557,0.0,0.0,0.0,5.732,0,10.0,1.095,309.825,0.47840000000000005,39.480000000000004,35.38502502441406,4.98,0.0,0
46986,237.207,12.275,-0.5,0.0,451.617,0.0,0.0,0.0,5.732,0,11.0,1.065,309.915,2.5568,39.300000000000004,35.38502502441406,4.98,0.0,0
46986,237.037,12.275,-0.5,0.0,451.557,0.0,0.0,0.0,5.732,0,10.0,1.05,309.915,1.732,38.160000000000004,35.38502502441406,4.98,0.0,0
46986,237.207,12.275,0.0,0.0,451.37600000000003,0.0,0.0,0.0,5.732,0,11.0,1.06,309.825,-0.6598,37.050000000000004,35.38502502441406,4.98,0.0,0
46986,237.037,12.266,0.0,0.0,451.678,0.0,0.0,0.0,5.732,0,11.0,1.07,309.915,0.0,37.83,35.38502502441406,4.98,0.0,0
46986,237.207,12.266,0.0,0.0,451.678,0.0,0.0,0.0,5.732,0,10.0,1.065,309.825,1.0722,37.95,35.38502502441406,4.98,0.0,0
46986,237.37800000000001,12.266,-0.5,0.0,451.557,0.0,0.0,0.0,5.732,0,11.0,1.055,309.825,-3.629,38.64,35.38502502441406,4.98,0.0,0
46986,237.207,12.256,0.5,0.0,451.617,0.0,0.0,0.0,5.732,0,10.0,1.06,309.915,-0.8578,37.83,35.38502502441406,4.98,0.0,0
46986,237.037,12.256,0.0,0.0,451.86,0.0,0.0,0.0,5.732,0,12.0,1.075,309.825,-0.1155,36.39,35.38502502441406,4.98,0.0,0
46986,237.37800000000001,12.256,0.0,0.0,451.678,0.0,0.0,0.0,5.732,0,10.0,1.03,309.915,-1.5341,35.58,35.38502502441406,4.98,0.0,0
46986,237.207,12.246,-0.5,0.0,451.678,0.0,0.0,0.0,5.732,0,10.0,1.065,309.825,0.9897,36.33,35.38502502441406,4.98,0.0,0
46986,237.719,12.246,0.0,0.0,451.617,0.0,0.0,0.0,5.732,0,10.0,1.07,309.825,0.9238000000000001,36.45,35.38502502441406,4.98,0.0,0
46986,237.207,12.246,0.0,0.0,451.678,0.0,0.0,0.0,5.732,0,11.0,1.055,309.915,2.0455,37.74,35.38502502441406,4.98,0.0,0
46986,237.37800000000001,12.246,-0.5,0.0,451.921,0.0,0.0,0.0,5.732,0,9.0,1.045,309.69,-5.5425,38.46,35.38502502441406,4.98,0.0,0
46986,237.207,12.236,-1.0,0.0,451.86,0.0,0.0,0.0,5.732,0,11.0,1.035,309.825,0.2639,39.300000000000004,35.38502502441406,4.98,0.0,0
46986,237.207,12.236,-0.5,0.0,452.223,0.0,0.0,0.0,5.732,0,10.0,1.055,309.915,4.486800000000001,39.06,35.38502502441406,4.98,0.0,0
46986,237.37800000000001,12.236,-0.5,0.0,452.10200000000003,0.0,0.0,0.0,5.732,0,12.0,1.06,309.69,-2.1114,38.4,35.38502502441406,4.98,0.0,0
46986,237.207,12.227,-0.5,0.0,451.678,0.0,0.0,0.0,5.732,0,10.0,1.065,309.69,-5.4106000000000005,37.5,35.38502502441406,4.98,0.0,0
46986,237.37800000000001,12.227,-0.5,0.0,451.678,0.0,0.0,0.0,5.732,0,10.0,1.045,309.915,-4.7012,37.44,35.38502502441406,4.98,0.0,0
46986,237.037,12.227,-0.5,0.0,451.86,0.0,0.0,0.0,5.732,0,11.0,1.03,309.825,2.1939,36.81,35.38502502441406,4.98,0.0,0
46986,237.37800000000001,12.227,-0.5,0.0,451.86,0.0,0.0,0.0,5.732,0,9.0,1.045,309.915,5.3693,37.65,35.38502502441406,4.98,0.0,0
46986,237.207,12.217,-0.5,0.0,452.163,0.0,0.0,0.0,5.732,0,11.0,1.035,309.825,0.37120000000000003,37.44,35.38502502441406,4.98,0.0,0
46986,237.37800000000001,12.217,0.0,0.0,452.10200000000003,0.0,0.0,0.0,5.732,0,10.0,1.03,309.825,0.39590000000000003,36.87,35.38502502441406,4.98,0.0,0
46986,237.207,12.217,-0.5,0.0,451.981,0.0,0.0,0.0,5.732,0,11.0,1.05,309.825,-0.3794,35.94,35.38502502441406,4.98,0.0,0
46986,237.37800000000001,12.207,0.0,0.0,452.04200000000003,0.0,0.0,0.0,5.732,0,11.0,1.05,309.825,-0.7918000000000001,35.67,35.38502502441406,4.98,0.0,0
46986,237.037,12.207,-0.5,0.0,451.86,0.0,0.0,0.0,5.732,0,10.0,1.03,309.915,-2.4413,36.93,35.38502502441406,4.98,0.0,0
46986,237.37800000000001,12.207,0.0,0.0,451.981,0.0,0.0,0.0,5.732,0,11.0,1.07,309.825,0.46190000000000003,38.37,35.38502502441406,4.98,0.0,0
46986,237.037,12.197000000000001,0.0,0.0,452.04200000000003,0.0,0.0,0.0,5.732,0,10.0,1.025,309.825,1.1217000000000001,39.39,35.38502502441406,4.98,0.0,0
46986,237.37800000000001,12.197000000000001,-0.5,0.0,451.8,0.0,0.0,0.0,5.732,0,11.0,1.025,309.825,-1.4351,39.57,35.38502502441406,4.98,0.0,0
46986,237.207,12.197000000000001,0.0,0.0,451.981,0.0,0.0,0.0,5.732,0,10.0,1.04,309.825,1.4516,38.550000000000004,35.38502502441406,4.98,0.0,0
46986,237.37800000000001,12.188,0.0,0.0,452.04200000000003,0.0,0.0,0.0,5.732,0,11.0,1.075,309.825,0.132,37.08,35.38502502441406,4.98,0.0,0
46986,237.207,12.188,0.0,0.0,451.73900000000003,0.0,0.0,0.0,5.732,0,10.0,1.075,309.915,0.2474,36.72,35.38502502441406,4.98,0.0,0
46986,237.37800000000001,12.188,0.0,0.0,451.86,0.0,0.0,0.0,5.732,0,12.0,1.03,309.69,-0.1072,36.72,35.38502502441406,4.98,0.0,0
46986,237.207,12.188,0.0,0.0,451.86,0.0,0.0,0.0,5.732,0,10.0,1.02,309.825,-2.0455,36.45,35.38502502441406,4.98,0.0,0
46986,237.207,12.178,-0.5,0.0,452.223,0.0,0.0,0.0,5.732,0,11.0,1.035,309.915,0.8578,36.09,35.38502502441406,4.98,0.0,0
46986,237.207,12.178,0.0,0.0,452.04200000000003,0.0,0.0,0.0,5.732,0,11.0,1.055,309.825,3.3651,35.52,35.38502502441406,4.98,0.0,0
46986,237.207,12.178,0.0,0.0,451.678,0.0,0.0,0.0,5.732,0,10.0,1.09,309.69,-2.6805000000000003,35.61,35.38502502441406,4.98,0.0,0
46986,237.207,12.168000000000001,0.0,0.0,452.10200000000003,0.0,0.0,0.0,5.732,0,11.0,1.05,309.915,-1.0722,36.84,35.38502502441406,4.98,0.0,0
46986,237.207,12.168000000000001,0.0,0.0,451.73900000000003,0.0,0.0,0.0,5.732,0,11.0,1.065,309.825,2.5073000000000003,38.46,35.38502502441406,4.98,0.0,0
46986,237.37800000000001,12.168000000000001,0.0,0.0,451.73900000000003,0.0,0.0,0.0,5.732,0,11.0,1.045,309.825,1.4021000000000001,38.28,35.38502502441406,4.98,0.0,0
46986,237.207,12.168000000000001,0.0,0.0,451.678,0.0,0.0,0.0,5.732,0,10.0,1.08,309.825,1.9795,38.28,35.38502502441406,4.98,0.0,0
46986,237.207,12.158000000000001,0.5,0.0,451.73900000000003,0.0,0.0,0.0,5.732,0,11.0,1.07,309.915,1.5836000000000001,37.83,35.38502502441406,4.98,0.0,0
46986,237.37800000000001,12.158000000000001,0.0,0.0,452.04200000000003,0.0,0.0,0.0,5.732,0,9.0,1.08,309.825,1.0557,37.230000000000004,35.38502502441406,4.98,0.0,0
46986,237.37800000000001,12.158000000000001,-0.5,0.0,451.617,0.0,0.0,0.0,5.732,0,11.0,1.04,309.915,-2.1774,37.32,35.38502502441406,4.98,0.0,0
46986,237.37800000000001,12.148000000000001,-0.5,0.0,451.557,0.0,0.0,0.0,5.732,0,10.0,1.05,309.825,-0.6598,37.26,35.38502502441406,4.98,0.0,0
46986,237.207,12.148000000000001,-0.5,0.0,451.557,0.0,0.0,0.0,5.732,0,11.0,1.06,309.825,1.8475000000000001,37.17,35.38502502441406,4.98,0.0,0
46986,237.37800000000001,12.148000000000001,0.0,0.0,451.8,0.0,0.0,0.0,5.732,0,10.0,1.06,309.825,-1.1877,37.2,35.38502502441406,4.98,0.0,0
46986,237.37800000000001,12.139000000000001,-1.0,0.0,451.497,0.0,0.0,0.0,5.732,0,11.0,1.025,309.825,4.486800000000001,37.02,35.38502502441406,4.98,0.0,0
46986,237.37800000000001,12.139000000000001,0.0,0.0,451.86,0.0,0.0,0.0,5.732,0,10.0,1.055,309.825,0.5279,36.54,35.38502502441406,4.98,0.0,0
46986,237.207,12.139000000000001,0.0,0.0,451.86,0.0,0.0,0.0,5.732,0,11.0,1.085,309.825,-2.1114,36.06,35.38502502441406,4.98,0.0,0
46986,237.548,12.129000000000001,0.0,0.0,451.497,0.0,0.0,0.0,5.732,0,11.0,1.05,309.825,0.6598,35.94,35.38502502441406,4.98,0.0,0
46986,237.037,12.129000000000001,-0.5,0.0,451.678,0.0,0.0,0.0,5.732,0,10.0,1.03,309.915,2.3094,37.38,35.38502502441406,4.98,0.0,0
46986,237.207,12.129000000000001,0.0,0.0,451.678,0.0,0.0,0.0,5.732,0,11.0,1.05,309.69,-0.6598,38.34,35.38502502441406,4.98,0.0,0
46986,237.37800000000001,12.119,-0.5,0.0,451.86,0.0,0.0,0.0,5.732,0,10.0,1.04,309.825,1.3196,38.730000000000004,35.38502502441406,4.98,0.0,0
46986,237.207,12.119,0.0,0.0,452.04200000000003,0.0,0.0,0.0,5.732,0,12.0,1.065,309.825,-0.6598,38.58,35.38502502441406,4.98,0.0,0
46986,237.207,12.119,0.0,0.0,451.617,0.0,0.0,0.0,5.732,0,9.0,1.025,309.825,-0.099,38.1,35.38502502441406,4.98,0.0,0
46986,237.207,12.109,-1.0,0.0,451.43600000000004,0.0,0.0,0.0,5.732,0,11.0,1.05,309.825,-1.5836000000000001,37.47,35.38502502441406,4.98,0.0,0
46986,237.207,12.109,-0.5,0.0,451.497,0.0,0.0,0.0,5.732,0,10.0,1.035,309.69,-3.0682,36.96,35.38502502441406,4.98,0.0,0
46986,237.37800000000001,12.109,0.0,0.0,451.678,0.0,0.0,0.0,5.732,0,10.0,1.05,309.915,0.6598,35.88,35.38502502441406,4.98,0.0,0
46986,237.207,12.100000000000001,-0.5,0.0,451.73900000000003,0.0,0.0,0.0,5.732,0,11.0,1.04,309.915,3.8930000000000002,35.4,35.38502502441406,4.98,0.0,0
46986,237.207,12.100000000000001,-0.5,0.0,451.678,0.0,0.0,0.0,5.732,0,10.0,1.06,309.69,0.2639,36.0,35.38502502441406,4.98,0.0,0
46986,237.207,12.100000000000001,-0.5,0.0,451.497,0.0,0.0,0.0,5.732,0,10.0,1.045,309.915,-3.6950000000000003,36.39,35.38502502441406,4.98,0.0,0
46986,237.37800000000001,12.09,0.0,0.0,451.37600000000003,0.0,0.0,0.0,5.732,0,10.0,1.07,309.825,-0.5279,36.96,35.38502502441406,4.98,0.0,0
46986,237.037,12.09,-0.5,0.0,451.617,0.0,0.0,0.2,5.732,0,11.0,1.025,309.825,0.9567,36.81,35.38502502441406,4.98,0.0,0
46986,237.37800000000001,12.09,-0.5,0.0,451.557,0.0,0.0,0.0,5.732,0,10.0,1.065,309.915,0.0,37.410000000000004,35.38502502441406,4.98,0.0,0
46986,237.207,12.09,0.0,0.0,451.557,0.0,0.0,0.0,5.732,0,11.0,1.045,309.825,0.28040000000000004,37.5,35.38502502441406,4.98,0.0,0
46986,237.037,12.09,0.0,0.0,451.315,0.0,0.0,0.0,5.732,0,10.0,1.03,309.825,0.39590000000000003,37.86,35.38502502441406,4.98,0.0,0
46986,237.037,12.08,-0.5,0.0,451.921,0.0,0.0,0.0,5.732,0,11.0,1.07,309.915,-0.41240000000000004,37.02,35.38502502441406,4.98,0.0,0
46986,237.37800000000001,12.08,-0.5,0.0,451.73900000000003,0.0,0.0,0.0,5.732,0,9.0,1.065,309.825,1.864,36.72,35.38502502441406,4.98,0.0,0
46986,237.207,12.08,-0.5,0.0,451.37600000000003,0.0,0.0,0.0,5.732,0,11.0,1.055,309.825,1.4516,36.9,35.38502502441406,4.98,0.0,0
46986,237.207,12.07,0.0,0.0,451.557,0.0,0.0,0.0,5.732,0,9.0,1.075,309.69,-4.66,36.63,35.38502502441406,4.98,0.0,0
46986,237.207,12.07,-0.5,0.0,451.37600000000003,0.0,0.0,0.0,5.732,0,11.0,1.07,310.005,-0.8908,36.33,35.38502502441406,4.98,0.0,0
46986,237.037,12.07,0.0,0.0,451.01300000000003,0.0,0.0,0.0,5.732,0,10.0,1.055,309.915,3.761,36.27,35.38502502441406,4.98,0.0,0
46986,237.37800000000001,12.061,-0.5,0.0,451.194,0.0,0.0,0.0,5.732,0,11.0,1.065,309.825,3.7363000000000004,35.31,35.38502502441406,4.98,0.0,0
46986,237.207,12.061,0.0,0.0,451.617,0.0,0.0,0.0,5.732,0,9.0,1.065,309.915,-2.2599,35.07,35.38502502441406,4.98,0.0,0
46986,237.207,12.061,-0.5,0.0,451.497,0.0,0.0,0.0,5.732,0,10.0,1.04,309.69,-5.0394000000000005,35.4,35.38502502441406,4.98,0.0,0
46986,237.207,12.051,-0.5,0.0,451.497,0.0,0.0,0.0,5.732,0,11.0,1.04,309.825,-1.699,36.6,35.38502502441406,4.98,0.0,0
46986,237.207,12.051,0.0,0.0,451.37600000000003,0.0,0.0,0.0,5.732,0,10.0,1.055,309.825,2.3919,37.62,35.38502502441406,4.98,0.0,0
46986,237.548,12.051,0.0,0.0,451.37600000000003,0.0,0.0,0.0,5.732,0,12.0,1.05,309.915,3.9837000000000002,37.77,35.38502502441406,4.98,0.0,0
46986,237.037,12.041,-0.5,0.0,451.255,0.0,0.0,0.0,5.732,0,10.0,1.045,309.915,0.2474,37.29,35.38502502441406,4.98,0.0,0
46986,236.866,12.041,-0.5,0.0,451.194,0.0,0.0,0.0,5.732,0,11.0,1.065,309.825,1.2042000000000002,36.51,35.38502502441406,4.98,0.0,0
46986,237.37800000000001,12.041,-0.5,0.0,451.617,0.0,0.0,0.0,5.732,0,9.0,1.05,309.825,1.2042000000000002,36.21,35.38502502441406,4.98,0.0,0
46986,237.37800000000001,12.031,0.0,0.0,451.617,0.0,0.0,0.0,5.732,0,10.0,1.105,309.915,-1.2042000000000002,36.87,35.38502502441406,4.98,0.0,0
46986,237.207,12.031,0.0,0.0,451.557,0.0,0.0,0.0,5.737,0,10.0,1.075,309.69,-6.837400000000001,37.47,35.38502502441406,4.98,0.0,0
46986,237.207,12.031,-0.5,0.0,451.617,0.0,0.0,0.0,5.732,0,11.0,1.06,309.915,-0.066,36.81,35.38502502441406,4.98,0.0,0
46986,237.207,12.031,0.0,0.0,451.315,0.0,0.0,0.0,5.732,0,11.0,1.065,309.915,2.2434000000000003,36.300000000000004,35.38502502441406,4.98,0.0,0
46986,237.207,12.021,0.0,0.0,451.255,0.0,0.0,0.0,5.732,0,11.0,1.07,309.825,5.5178,35.31,35.38502502441406,4.98,0.0,0
46986,237.207,12.021,0.0,0.0,451.617,0.0,0.0,0.0,5.732,0,12.0,1.035,309.825,1.798,34.56,35.38502502441406,4.98,0.0,0
46986,237.719,12.021,-0.5,0.0,451.678,0.0,0.0,0.0,5.732,0,8.0,1.025,309.825,-4.2229,34.38,35.38502502441406,4.98,0.0,0
46986,237.207,12.012,0.0,0.0,451.43600000000004,0.0,0.0,0.0,5.732,0,12.0,1.05,309.825,-1.4516,36.27,35.38502502441406,4.98,0.0,0
46986,237.207,12.012,-0.5,0.0,451.37600000000003,0.0,0.0,0.0,5.732,0,10.0,1.04,309.69,-4.3301,38.07,35.38502502441406,4.98,0.0,0
46986,237.207,12.012,0.0,0.0,451.194,0.0,0.0,0.0,5.732,0,11.0,1.035,309.915,-0.6763,38.97,35.38502502441406,4.98,0.0,0
46986,237.207,12.002,-1.5,0.0,451.01300000000003,0.0,0.0,0.0,5.732,0,10.0,1.06,309.825,5.1466,38.58,35.38502502441406,4.98,0.0,0
46986,237.207,12.002,-0.5,0.0,451.43600000000004,0.0,0.0,0.0,5.732,0,10.0,1.03,309.69,-1.4516,36.57,35.38502502441406,4.98,0.0,0
46986,237.37800000000001,12.002,0.0,0.0,451.678,0.0,0.0,0.0,5.732,0,11.0,1.09,309.69,-7.0354,35.52,35.38502502441406,4.98,0.0,0
46986,237.207,11.992,0.0,0.0,451.497,0.0,0.0,0.0,5.732,0,10.0,1.05,309.825,2.7053000000000003,36.03,35.38502502441406,4.98,0.0,0
46986,237.37800000000001,11.992,0.0,0.0,451.497,0.0,0.0,0.0,5.732,0,11.0,1.065,309.825,3.1672000000000002,36.06,35.38502502441406,4.98,0.0,0
46986,237.37800000000001,11.992,0.0,0.0,451.557,0.0,0.0,0.0,5.732,0,9.0,1.05,309.825,4.2229,36.15,35.38502502441406,4.98,0.0,0
46986,237.207,11.992,-0.5,0.0,451.315,0.0,0.0,0.0,5.732,0,12.0,1.025,309.825,2.0125,36.0,35.38502502441406,4.98,0.0,0
46986,237.207,11.982000000000001,0.0,0.0,451.43600000000004,0.0,0.0,0.0,5.732,0,9.0,1.06,309.915,2.1114,35.46,35.38502502441406,4.98,0.0,0
46986,237.207,11.982000000000001,-0.5,0.0,451.678,0.0,0.0,0.0,5.732,0,12.0,1.07,309.825,1.0557,34.89,35.38502502441406,4.98,0.0,0
46986,237.37800000000001,11.982000000000001,-0.5,0.0,451.37600000000003,0.0,0.0,0.0,5.732,0,9.0,1.065,309.825,0.7918000000000001,34.800000000000004,35.38502502441406,4.98,0.0,0
46986,237.207,11.973,0.0,0.0,451.134,0.0,0.0,0.0,5.732,0,11.0,1.085,309.915,-1.0557,35.7,35.38502502441406,4.98,0.0,0
46986,237.37800000000001,11.973,0.0,0.0,451.617,0.0,0.0,0.0,5.732,0,10.0,1.075,309.915,1.3196,37.050000000000004,35.38502502441406,4.98,0.0,0
46986,237.207,11.973,0.0,0.0,451.557,0.0,0.0,0.0,5.732,0,12.0,1.08,309.69,-0.4289,38.07,35.38502502441406,4.98,0.0,0
46986,237.548,11.973,0.0,0.0,451.37600000000003,0.0,0.0,0.0,5.732,0,10.0,1.11,309.825,-2.7713,37.89,35.38502502441406,4.98,0.0,0
46986,237.207,11.963000000000001,-0.5,0.0,451.194,0.0,0.0,0.0,5.732,0,11.0,1.055,309.69,-5.641500000000001,37.29,35.38502502441406,4.98,0.0,0
46986,237.207,11.963000000000001,-0.5,0.0,451.43600000000004,0.0,0.0,0.0,5.732,0,10.0,1.02,309.825,-0.132,36.54,35.38502502441406,4.98,0.0,0
46986,237.207,11.963000000000001,0.0,0.0,451.37600000000003,0.0,0.0,0.0,5.732,0,11.0,1.045,309.69,0.8908,35.88,35.38502502441406,4.98,0.0,0
46986,237.207,11.953000000000001,0.0,0.0,451.557,0.0,0.0,0.0,5.732,0,10.0,1.06,309.825,2.9032,36.09,35.38502502441406,4.98,0.0,0
46986,237.37800000000001,11.953000000000001,-0.5,0.0,451.86,0.0,0.0,0.0,5.732,0,10.0,1.07,309.825,3.4311000000000003,36.300000000000004,35.38502502441406,4.98,0.0,0
46986,237.207,11.953000000000001,-0.5,0.0,451.617,0.0,0.0,0.0,5.732,0,11.0,1.05,309.69,-1.3196,35.97,35.38502502441406,4.98,0.0,0
46986,237.37800000000001,11.943000000000001,0.0,0.0,451.678,0.0,0.0,0.0,5.732,0,11.0,1.085,309.915,-2.4413,35.58,35.38502502441406,4.98,0.0,0
46986,237.207,11.943000000000001,0.0,0.0,451.86,0.0,0.0,0.0,5.732,0,11.0,1.04,309.825,2.6393,35.37,35.38502502441406,4.98,0.0,0
46986,237.37800000000001,11.943000000000001,-0.5,0.0,451.86,0.0,0.0,0.0,5.732,0,11.0,1.06,309.69,0.7918000000000001,35.46,35.38502502441406,4.98,0.0,0
46986,237.207,11.943000000000001,-0.5,0.0,451.86,0.0,0.0,0.0,5.732,0,11.0,1.045,309.69,-0.6598,35.46,35.38502502441406,4.98,0.0,0
46986,237.37800000000001,11.934000000000001,0.0,0.0,451.678,0.0,0.0,0.0,5.732,0,11.0,1.075,309.825,-2.4249,35.61,35.38502502441406,4.98,0.0,0
46986,237.037,11.934000000000001,-0.5,0.0,451.557,0.0,0.0,0.0,5.732,0,10.0,1.055,309.915,3.8765,36.75,35.38502502441406,4.98,0.0,0
46986,237.037,11.934000000000001,0.0,0.0,451.557,0.0,0.0,0.0,5.732,0,11.0,1.06,309.825,2.9445,37.230000000000004,35.38502502441406,4.98,0.0,0
46986,237.037,11.924000000000001,0.0,0.0,451.921,0.0,0.0,0.0,5.732,0,10.0,1.065,309.825,-0.39590000000000003,37.29,35.38502502441406,4.98,0.0,0
46986,236.866,11.924000000000001,-0.5,0.0,451.678,0.0,0.0,0.0,5.732,0,11.0,1.05,309.69,-0.3547,36.660000000000004,35.38502502441406,4.98,0.0,0
46986,237.207,11.924000000000001,-0.5,0.0,451.678,0.0,0.0,0.0,5.732,0,10.0,1.055,309.825,-2.1774,37.2,35.38502502441406,4.98,0.0,0
46986,237.207,11.924000000000001,0.0,0.0,451.315,0.0,0.0,0.0,5.732,0,11.0,1.075,309.825,-0.3299,37.56,35.38502502441406,4.98,0.0,0
46986,237.37800000000001,11.914,-0.5,0.0,451.37600000000003,0.0,0.0,0.0,5.732,0,11.0,1.07,309.825,-0.1155,37.5,35.38502502441406,4.98,0.0,0
46986,237.37800000000001,11.914,-0.5,0.0,451.617,0.0,0.0,0.0,5.732,0,10.0,1.025,309.915,0.3134,36.9,35.38502502441406,4.98,0.0,0
46986,237.37800000000001,11.914,0.0,0.0,451.557,0.0,0.0,0.0,5.732,0,10.0,1.035,309.825,2.7053000000000003,35.52,35.38502502441406,4.98,0.0,0
46986,237.207,11.904,-0.5,0.0,451.678,0.0,0.0,0.0,5.732,0,11.0,1.025,309.915,0.1155,34.77,35.38502502441406,4.98,0.0,0
46986,237.37800000000001,11.904,-0.5,0.0,451.557,0.0,0.0,0.0,5.732,0,12.0,1.03,309.825,-0.7918000000000001,34.29,35.38502502441406,4.98,0.0,0
46986,237.37800000000001,11.904,0.0,0.0,451.194,0.0,0.0,0.0,5.732,0,10.0,1.045,309.825,0.7918000000000001,35.34,35.38502502441406,4.98,0.0,0
46986,237.37800000000001,11.895000000000001,-1.0,0.0,451.255,0.0,0.0,0.0,5.732,0,11.0,1.055,309.69,-4.0002,36.6,35.38502502441406,4.98,0.0,0
46986,237.207,11.895000000000001,-0.5,0.0,451.497,0.0,0.0,0.0,5.732,0,12.0,1.05,309.825,-1.2537,38.43,35.38502502441406,4.98,0.0,0
46986,237.207,11.895000000000001,0.0,0.0,451.497,0.0,0.0,0.0,5.732,0,11.0,1.01,309.825,-1.3196,38.64,35.38502502441406,4.98,0.0,0
46986,237.207,11.895000000000001,0.0,0.0,451.557,0.0,0.0,-0.2,5.732,0,10.0,1.065,309.825,0.9238000000000001,39.300000000000004,35.38502502441406,4.98,0.0,0
46986,237.207,11.885,-0.5,0.0,451.678,0.0,0.0,0.0,5.732,0,11.0,1.065,309.915,1.9465000000000001,38.61,35.38502502441406,4.98,0.0,0
46986,237.37800000000001,11.885,-0.5,0.0,451.557,0.0,0.0,0.0,5.732,0,10.0,1.05,309.825,0.5279,37.83,35.38502502441406,4.98,0.0,0
46986,237.207,11.885,0.0,0.0,451.557,0.0,0.0,0.0,5.732,0,11.0,1.105,309.825,0.5279,37.29,35.38502502441406,4.98,0.0,0
46986,237.207,11.885,-0.5,0.0,451.557,0.0,0.0,0.0,5.732,0,10.0,1.06,309.69,-6.5982,36.96,35.38502502441406,4.98,0.0,0
46986,237.207,11.875,-0.5,0.0,451.557,0.0,0.0,0.0,5.732,0,11.0,1.025,309.915,-0.8578,36.63,35.38502502441406,4.98,0.0,0
46986,237.37800000000001,11.875,-0.5,0.0,451.194,0.0,0.0,0.0,5.732,0,9.0,1.055,309.915,7.390000000000001,35.730000000000004,35.38502502441406,4.98,0.0,0
46986,237.37800000000001,11.875,-0.5,0.0,451.255,0.0,0.0,0.0,5.732,0,12.0,1.055,309.69,-2.6393,35.4,35.38502502441406,4.98,0.0,0
46986,237.37800000000001,11.865,0.0,0.0,451.617,0.0,0.0,0.0,5.732,0,9.0,1.05,309.69,-7.522,36.33,35.38502502441406,4.98,0.0,0
46986,237.207,11.865,-0.5,0.0,451.255,0.0,0.0,0.0,5.732,0,11.0,1.065,309.69,-1.6826,37.08,35.38502502441406,4.98,0.0,0
46986,237.207,11.865,-0.5,0.0,451.255,0.0,0.0,0.0,5.732,0,9.0,1.105,309.825,3.1672000000000002,37.77,35.38502502441406,4.98,0.0,0
46986,237.207,11.855,0.0,0.0,451.37600000000003,0.0,0.0,0.0,5.732,0,12.0,1.07,309.825,2.2764,38.19,35.38502502441406,4.98,0.0,0
46986,237.207,11.855,-0.5,0.0,451.315,0.0,0.0,0.0,5.732,0,10.0,1.06,309.915,4.2229,38.46,35.38502502441406,4.98,0.0,0
46986,237.037,11.855,0.0,0.0,451.557,0.0,0.0,0.0,5.732,0,11.0,1.03,309.915,4.1569,38.37,35.38502502441406,4.98,0.0,0
46986,237.37800000000001,11.846,0.0,0.0,451.43600000000004,0.0,0.0,0.0,5.732,0,10.0,1.095,309.69,-5.0147,38.1,35.38502502441406,4.98,0.0,0
46986,237.207,11.846,-0.5,0.0,451.43600000000004,0.0,0.0,0.0,5.732,0,10.0,1.04,309.69,-5.7817,38.1,35.38502502441406,4.98,0.0,0
46986,237.207,11.846,0.0,0.0,451.315,0.0,0.0,0.0,5.732,0,11.0,1.08,309.825,-4.6683,37.71,35.38502502441406,4.98,0.0,0
46986,237.037,11.846,-0.5,0.0,451.255,0.0,0.0,0.0,5.732,0,10.0,1.065,310.005,3.7445000000000004,36.96,35.38502502441406,4.98,0.0,0
46986,237.207,11.846,0.0,0.0,451.557,0.0,0.0,0.0,5.732,0,11.0,1.065,309.825,6.6395,36.72,35.38502502441406,4.98,0.0,0
46986,237.207,11.836,0.0,0.0,451.37600000000003,0.0,0.0,0.0,5.732,0,10.0,1.07,309.825,-0.6598,36.0,35.38502502441406,4.98,0.0,0
46986,236.866,11.836,0.0,0.0,451.557,0.0,0.0,0.0,5.732,0,11.0,1.035,310.005,-1.7485000000000002,35.01,35.38502502441406,4.98,0.0,0
46986,237.207,11.836,0.0,0.0,451.255,0.0,0.0,0.0,5.732,0,9.0,1.02,309.825,4.2229,35.4,35.38502502441406,4.98,0.0,0
46986,237.207,11.826,-0.5,0.0,451.194,0.0,0.0,0.0,5.732,0,10.0,1.07,309.825,0.39590000000000003,36.36,35.38502502441406,4.98,0.0,0
46986,237.207,11.826,0.0,0.0,451.315,0.0,0.0,0.0,5.732,0,10.0,1.03,309.825,-3.3981000000000003,37.5,35.38502502441406,4.98,0.0,0
46986,237.37800000000001,11.826,-0.5,0.0,451.194,0.0,0.0,0.0,5.732,0,10.0,1.075,309.915,1.5836000000000001,38.31,35.38502502441406,4.98,0.0,0
46986,237.207,11.816,-0.5,0.0,451.497,0.0,0.0,0.0,5.732,0,10.0,1.07,309.915,0.3794,38.22,35.38502502441406,4.98,0.0,0
46986,237.207,11.816,-0.5,0.0,451.678,0.0,0.0,0.0,5.732,0,11.0,1.125,309.825,-3.6125000000000003,38.01,35.38502502441406,4.98,0.0,0
46986,237.207,11.816,0.0,0.0,451.557,0.0,0.0,0.0,5.732,0,10.0,1.075,309.69,-1.6083,37.89,35.38502502441406,4.98,0.0,0
46986,237.207,11.807,-0.5,0.0,451.37600000000003,0.0,0.0,0.0,5.732,0,10.0,1.0050000000000001,309.915,-0.0165,38.04,35.38502502441406,4.98,0.0,0
46986,237.207,11.807,0.0,0.0,451.134,0.0,0.0,0.0,5.732,0,10.0,1.07,309.825,-0.19790000000000002,37.5,35.38502502441406,4.98,0.0,0
46986,237.37800000000001,11.807,0.0,0.0,451.255,0.0,0.0,0.2,5.732,0,11.0,1.04,309.69,-0.23920000000000002,37.95,35.38502502441406,4.98,0.0,0
46986,237.207,11.797,-0.5,0.0,451.255,0.0,0.0,0.0,5.732,0,10.0,1.07,309.915,-0.7258,36.75,35.38502502441406,4.98,0.0,0
46986,237.207,11.797,-1.0,0.0,451.07300000000004,0.0,0.0,0.0,5.732,0,9.0,1.08,309.69,-0.37120000000000003,35.25,35.38502502441406,4.98,0.0,0
46986,237.37800000000001,11.797,0.0,0.0,451.43600000000004,0.0,0.0,-0.2,5.732,0,11.0,1.06,309.915,1.5423,35.4,35.38502502441406,4.98,0.0,0
46986,237.37800000000001,11.797,-0.5,0.0,451.43600000000004,0.0,0.0,0.0,5.732,0,10.0,1.05,309.915,1.1547,35.46,35.38502502441406,4.98,0.0,0
46986,237.37800000000001,11.797,-0.5,0.0,451.37600000000003,0.0,0.0,0.0,5.732,0,11.0,1.045,309.69,-2.3754,35.94,35.38502502441406,4.98,0.0,0
46986,237.207,11.787,-0.5,0.0,451.557,0.0,0.0,0.0,5.732,0,10.0,1.1,309.825,-3.2661000000000002,37.35,35.38502502441406,4.98,0.0,0
46986,237.548,11.787,-0.5,0.0,451.557,0.0,0.0,0.0,5.732,0,12.0,1.03,309.69,-2.5073000000000003,38.58,35.38502502441406,4.98,0.0,0
46986,237.207,11.787,0.0,0.0,451.43600000000004,0.0,0.0,0.0,5.732,0,10.0,1.095,309.915,4.3218000000000005,39.75,35.38502502441406,4.98,0.0,0
46986,237.207,11.777000000000001,-0.5,0.0,451.43600000000004,0.0,0.0,0.0,5.732,0,10.0,1.075,309.69,-2.3754,39.300000000000004,35.38502502441406,4.98,0.0,0
46986,237.207,11.777000000000001,-0.5,0.0,451.678,0.0,0.0,0.0,5.732,0,11.0,1.085,309.69,-1.3196,38.28,35.38502502441406,4.98,0.0,0
46986,237.548,11.777000000000001,0.0,0.0,451.43600000000004,0.0,0.0,0.0,5.732,0,10.0,1.06,309.825,-1.5836000000000001,37.5,35.38502502441406,4.98,0.0,0
46986,237.37800000000001,11.768,-0.5,0.0,451.37600000000003,0.0,0.0,0.0,5.732,0,12.0,1.08,309.825,2.8043,37.230000000000004,35.38502502441406,4.98,0.0,0
46986,237.207,11.768,-0.5,0.0,451.37600000000003,0.0,0.0,0.0,5.732,0,10.0,1.055,309.915,4.8827,37.29,35.38502502441406,4.98,0.0,0
46986,237.207,11.768,-0.5,0.0,451.678,0.0,0.0,0.0,5.732,0,12.0,1.11,309.825,-0.5279,37.44,35.38502502441406,4.98,0.0,0
46986,237.207,11.768,0.0,0.0,451.255,0.0,0.0,0.0,5.732,0,10.0,1.03,309.69,-2.2434000000000003,37.29,35.38502502441406,4.98,0.0,0
46986,237.719,11.758000000000001,0.0,0.0,451.37600000000003,0.0,0.0,0.0,5.732,0,11.0,1.09,309.825,-0.7258,35.61,35.38502502441406,4.98,0.0,0
46986,237.207,11.758000000000001,-0.5,0.0,451.194,0.0,0.0,0.0,5.732,0,9.0,1.03,309.825,-0.39590000000000003,35.550000000000004,35.38502502441406,4.98,0.0,0
46986,237.37800000000001,11.758000000000001,0.0,0.0,451.315,0.0,0.0,0.0,5.732,0,12.0,1.01,309.915,2.4743,36.21,35.38502502441406,4.98,0.0,0
46986,237.37800000000001,11.748000000000001,0.0,0.0,451.497,0.0,0.0,0.0,5.732,0,10.0,1.045,309.825,1.0557,37.08,35.38502502441406,4.98,0.0,0
46986,237.207,11.748000000000001,-0.5,0.0,451.557,0.0,0.0,0.0,5.732,0,11.0,1.03,309.825,-0.5279,38.67,35.38502502441406,4.98,0.0,0
46986,237.037,11.748000000000001,0.0,0.0,451.255,0.0,0.0,0.0,5.732,0,10.0,1.065,309.825,-2.1114,39.81,35.38502502441406,4.98,0.0,0
46986,237.37800000000001,11.738000000000001,0.0,0.0,451.255,0.0,0.0,0.0,5.732,0,11.0,0.995,309.825,-1.5836000000000001,39.63,35.38502502441406,4.98,0.0,0
46986,237.207,11.738000000000001,0.0,0.0,451.557,0.0,0.0,0.0,5.732,0,9.0,1.025,309.825,0.0,38.64,35.38502502441406,4.98,0.0,0
46986,237.207,11.738000000000001,-0.5,0.0,451.37600000000003,0.0,0.0,0.0,5.732,0,11.0,1.04,309.69,-3.0682,37.410000000000004,35.38502502441406,4.98,0.0,0
46986,237.719,11.729000000000001,-0.5,0.0,451.37600000000003,0.0,0.0,0.0,5.732,0,12.0,1.075,309.825,-0.7918000000000001,36.99,35.38502502441406,4.98,0.0,0
46986,237.207,11.729000000000001,-0.5,0.0,451.315,0.0,0.0,0.0,5.732,0,10.0,1.145,309.825,4.7507,37.230000000000004,35.38502502441406,4.98,0.0,0
46986,237.037,11.729000000000001,0.0,0.0,451.73900000000003,0.0,0.0,-0.2,5.732,0,11.0,1.0150000000000001,309.825,3.0352,36.54,35.38502502441406,4.98,0.0,0
46986,237.207,11.729000000000001,-0.5,0.0,451.497,0.0,0.0,0.0,5.732,0,11.0,1.06,309.69,-2.5403000000000002,36.51,35.38502502441406,4.98,0.0,0
46986,237.37800000000001,11.729000000000001,0.0,0.0,451.497,0.0,0.0,0.0,5.732,0,12.0,1.05,309.69,-3.3404000000000003,36.51,35.38502502441406,4.98,0.0,0
46986,237.37800000000001,11.719000000000001,-0.5,0.0,451.497,0.0,0.0,0.0,5.732,0,9.0,1.045,309.825,-0.9897,35.85,35.38502502441406,4.98,0.0,0
46986,237.207,11.719000000000001,0.0,0.0,451.194,0.0,0.0,0.0,5.732,0,11.0,1.06,309.825,2.4413,35.64,35.38502502441406,4.98,0.0,0
46986,237.207,11.719000000000001,0.0,0.0,451.194,0.0,0.0,0.0,5.732,0,9.0,1.06,309.915,2.7960000000000003,36.96,35.38502502441406,4.98,0.0,0
46986,237.037,11.709000000000001,0.0,0.0,451.315,0.0,0.0,0.0,5.732,0,11.0,1.03,309.915,-1.0062,37.800000000000004,35.38502502441406,4.98,0.0,0
46986,237.207,11.709000000000001,0.0,0.0,451.194,0.0,0.0,0.0,5.732,0,10.0,1.03,309.825,0.066,38.910000000000004,35.38502502441406,4.98,0.0,0
46986,237.548,11.709000000000001,-0.5,0.0,451.194,0.0,0.0,0.0,5.732,0,10.0,1.045,309.825,-2.7713,38.79,35.38502502441406,4.98,0.0,0
46986,237.37800000000001,11.699,-0.5,0.0,451.255,0.0,0.0,0.0,5.732,0,10.0,1.06,309.825,-3.4146,38.04,35.38502502441406,4.98,0.0,0
46986,237.207,11.699,0.0,0.0,451.43600000000004,0.0,0.0,0.0,5.732,0,11.0,1.02,309.915,3.4146,37.47,35.38502502441406,4.98,0.0,0
46986,237.207,11.699,-0.5,0.0,451.678,0.0,0.0,0.0,5.732,0,10.0,1.055,309.915,3.3486000000000002,36.660000000000004,35.38502502441406,4.98,0.0,0
46986,237.37800000000001,11.699,-0.5,0.0,451.73900000000003,0.0,0.0,0.0,5.732,0,11.0,1.04,309.825,0.2639,36.57,35.38502502441406,4.98,0.0,0
46986,237.207,11.689,-0.5,0.0,451.678,0.0,0.0,0.0,5.732,0,10.0,1.085,309.825,-4.4043,36.0,35.38502502441406,4.98,0.0,0
46986,237.37800000000001,11.689,0.0,0.0,451.37600000000003,0.0,0.0,0.2,5.732,0,11.0,1.035,309.825,-2.3094,36.06,35.38502502441406,4.98,0.0,0
46986,237.207,11.689,-0.5,0.0,451.37600000000003,0.0,0.0,0.0,5.732,0,9.0,1.03,309.825,-2.2434000000000003,36.09,35.38502502441406,4.98,0.0,0
46986,237.37800000000001,11.689,-0.5,0.0,451.678,0.0,0.0,0.0,5.732,0,11.0,1.075,309.825,-0.7918000000000001,35.4,35.38502502441406,4.98,0.0,0
46986,237.37800000000001,11.68,-0.5,0.0,451.37600000000003,0.0,0.0,0.0,5.732,0,10.0,0.99,309.69,-1.8475000000000001,36.12,35.38502502441406,4.98,0.0,0
46986,237.37800000000001,11.68,-0.5,0.0,451.315,0.0,0.0,0.0,5.732,0,10.0,1.065,309.825,0.7918000000000001,37.2,35.38502502441406,4.98,0.0,0
46986,237.207,11.68,0.0,0.0,451.557,0.0,0.0,0.0,5.732,0,11.0,1.075,309.825,-0.132,37.89,35.38502502441406,4.98,0.0,0
46986,237.037,11.67,-0.5,0.0,451.557,0.0,0.0,0.0,5.732,0,11.0,1.095,309.825,1.4846000000000001,37.95,35.38502502441406,4.98,0.0,0
46986,237.37800000000001,11.67,-0.5,0.0,451.557,0.0,0.0,0.2,5.732,0,10.0,1.05,309.825,0.6598,38.37,35.38502502441406,4.98,0.0,0
46986,237.37800000000001,11.67,0.0,0.0,451.43600000000004,0.0,0.0,0.0,5.732,0,11.0,1.065,309.825,1.3196,38.49,35.38502502441406,4.98,0.0,0
46986,237.37800000000001,11.67,0.0,0.0,451.194,0.0,0.0,0.0,5.732,0,10.0,1.055,309.825,0.0,38.43,35.38502502441406,4.98,0.0,0
46986,237.207,11.66,-0.5,0.0,451.617,0.0,0.0,0.0,5.732,0,11.0,1.04,309.825,0.0,37.65,35.38502502441406,4.98,0.0,0
46986,237.207,11.66,-0.5,0.0,451.43600000000004,0.0,0.0,0.0,5.732,0,10.0,1.065,309.915,1.8475000000000001,36.63,35.38502502441406,4.98,0.0,0
46986,237.207,11.66,0.0,0.0,451.497,0.0,0.0,0.0,5.732,0,10.0,1.06,309.69,-0.9567,35.94,35.38502502441406,4.98,0.0,0
46986,237.37800000000001,11.65,-0.5,0.0,451.07300000000004,0.0,0.0,0.0,5.732,0,10.0,1.045,309.915,-0.132,35.67,35.38502502441406,4.98,0.0,0
46986,237.719,11.65,-0.5,0.0,451.134,0.0,0.0,0.0,5.732,0,10.0,1.08,309.69,-0.099,35.85,35.38502502441406,4.98,0.0,0
46986,237.207,11.65,0.0,0.0,451.37600000000003,0.0,0.0,0.0,5.732,0,10.0,1.035,309.825,0.5279,35.88,35.38502502441406,4.98,0.0,0
46986,237.207,11.641,-0.5,0.0,451.43600000000004,0.0,0.0,0.0,5.732,0,10.0,1.025,309.825,0.8578,36.45,35.38502502441406,4.98,0.0,0
46986,237.37800000000001,11.641,-0.5,0.0,451.43600000000004,0.0,0.0,-0.2,5.732,0,11.0,1.055,309.915,4.6188,36.78,35.38502502441406,4.98,0.0,0
46986,237.548,11.641,-0.5,0.0,451.43600000000004,0.0,0.0,0.0,5.732,0,10.0,1.105,309.825,-3.6950000000000003,37.230000000000004,35.38502502441406,4.98,0.0,0
46986,237.207,11.641,-0.5,0.0,451.497,0.0,0.0,-0.2,5.732,0,11.0,1.105,309.825,0.9238000000000001,37.35,35.38502502441406,4.98,0.0,0
46986,237.207,11.631,-0.5,0.0,451.134,0.0,0.0,0.0,5.732,0,10.0,1.09,309.825,2.9692000000000003,38.13,35.38502502441406,4.98,0.0,0
46986,237.207,11.631,0.0,0.0,450.892,0.0,0.0,-0.2,5.732,0,11.0,1.06,309.825,-1.0557,38.52,35.38502502441406,4.98,0.0,0
46986,237.37800000000001,11.631,0.0,0.0,451.255,0.0,0.0,0.0,5.732,0,12.0,1.095,309.825,-1.0557,38.25,35.38502502441406,4.98,0.0,0
46986,237.37800000000001,11.621,0.0,0.0,451.194,0.0,0.0,0.0,5.732,0,11.0,1.06,310.005,3.6950000000000003,37.800000000000004,35.38502502441406,4.98,0.0,0
46986,237.207,11.621,0.0,0.0,451.134,0.0,0.0,0.2,5.732,0,12.0,1.05,309.915,0.7258,37.11,35.38502502441406,4.98,0.0,0
46986,237.37800000000001,11.621,-0.5,0.0,451.37600000000003,0.0,0.0,0.0,5.732,0,10.0,1.0,309.825,-0.132,36.18,35.38502502441406,4.98,0.0,0
46986,237.548,11.621,0.0,0.0,451.37600000000003,0.0,0.0,0.0,5.732,0,11.0,1.045,309.825,-0.5938,35.97,35.38502502441406,4.98,0.0,0
46986,237.207,11.611,-0.5,0.0,451.01300000000003,0.0,0.0,0.0,5.732,0,10.0,1.095,309.825,-1.7485000000000002,34.77,35.38502502441406,4.98,0.0,0
46986,237.207,11.611,-0.5,0.0,451.01300000000003,0.0,0.0,0.0,5.732,0,11.0,1.06,309.915,-2.3754,35.07,35.38502502441406,4.98,0.0,0
46986,237.207,11.611,0.0,0.0,451.01300000000003,0.0,0.0,0.0,5.732,0,10.0,1.0150000000000001,309.825,0.9238000000000001,35.37,35.38502502441406,4.98,0.0,0
46986,237.37800000000001,11.611,-0.5,0.0,451.315,0.0,0.0,0.0,5.732,0,10.0,1.045,309.69,0.0247,36.21,35.38502502441406,4.98,0.0,0
46986,237.37800000000001,11.602,-0.5,0.0,451.497,0.0,0.0,0.0,5.732,0,11.0,1.1500000000000001,309.69,-5.385800000000001,37.02,35.38502502441406,4.98,0.0,0
46986,237.548,11.602,-0.5,0.0,451.01300000000003,0.0,0.0,0.0,5.732,0,10.0,1.03,309.915,-3.1177,37.89,35.38502502441406,4.98,0.0,0
46986,237.37800000000001,11.602,0.0,0.0,451.194,0.0,0.0,0.0,5.732,0,11.0,1.055,309.825,4.6848,38.19,35.38502502441406,4.98,0.0,0
46986,237.207,11.592,0.0,0.0,451.315,0.0,0.0,0.0,5.732,0,10.0,1.05,309.825,5.1219,37.74,35.38502502441406,4.98,0.0,0
46986,237.37800000000001,11.592,0.0,0.0,451.37600000000003,0.0,0.0,0.0,5.732,0,12.0,1.055,309.915,-2.5898000000000003,36.93,35.38502502441406,4.98,0.0,0
46986,237.207,11.592,-0.5,0.0,451.194,0.0,0.0,0.0,5.732,0,9.0,1.035,309.69,-1.7568000000000001,36.6,35.38502502441406,4.98,0.0,0
46986,237.37800000000001,11.592,0.0,0.0,451.07300000000004,0.0,0.0,0.0,5.732,0,11.0,1.06,309.915,2.6228000000000002,36.480000000000004,35.38502502441406,4.98,0.0,0
46986,237.037,11.582,-0.5,0.0,451.01300000000003,0.0,0.0,0.0,5.732,0,10.0,1.04,309.69,0.899,35.85,35.38502502441406,4.98,0.0,0
46986,237.548,11.582,0.0,0.0,451.194,0.0,0.0,0.0,5.732,0,11.0,1.085,309.825,1.1877,34.77,35.38502502441406,4.98,0.0,0
46986,237.207,11.582,-0.5,0.0,451.194,0.0,0.0,0.0,5.732,0,11.0,1.045,309.825,0.0825,34.83,35.38502502441406,4.98,0.0,0
46986,237.037,11.572000000000001,-1.0,0.0,451.194,0.0,0.0,0.0,5.732,0,11.0,1.1300000000000001,309.825,2.7218,35.160000000000004,35.38502502441406,4.98,0.0,0
46986,236.866,11.572000000000001,-0.5,0.0,451.01300000000003,0.0,0.0,0.2,5.732,0,10.0,1.07,309.69,0.1567,36.300000000000004,35.38502502441406,4.98,0.0,0
46986,237.37800000000001,11.572000000000001,-0.5,0.0,451.01300000000003,0.0,0.0,0.2,5.732,0,9.0,1.035,309.825,-1.2372,38.22,35.38502502441406,4.98,0.0,0
46986,237.207,11.563,-0.5,0.0,451.134,0.0,0.0,0.0,5.732,0,10.0,1.025,309.69,1.9382000000000001,38.76,35.38502502441406,4.98,0.0,0
46986,237.37800000000001,11.563,-0.5,0.0,451.134,0.0,0.0,0.0,5.732,0,11.0,1.045,309.825,-0.2474,38.04,35.38502502441406,4.98,0.0,0
46986,237.207,11.563,-0.5,0.0,451.43600000000004,0.0,0.0,0.0,5.732,0,11.0,1.065,309.825,-0.066,36.93,35.38502502441406,4.98,0.0,0
46986,237.207,11.563,-0.5,0.0,451.557,0.0,0.0,0.0,5.732,0,10.0,1.075,309.915,3.8930000000000002,37.11,35.38502502441406,4.98,0.0,0
46986,237.207,11.553,-0.5,0.0,451.07300000000004,0.0,0.0,-0.2,5.732,0,11.0,1.04,309.825,-0.2639,37.35,35.38502502441406,4.98,0.0,0
46986,237.548,11.553,0.0,0.0,451.255,0.0,0.0,0.0,5.732,0,10.0,1.075,309.69,-3.3239,37.83,35.38502502441406,4.98,0.0,0
46986,237.207,11.553,-0.5,0.0,451.255,0.0,0.0,0.0,5.732,0,12.0,1.02,309.915,-0.7258,37.56,35.38502502441406,4.98,0.0,0
46986,237.37800000000001,11.553,-0.5,0.0,451.255,0.0,0.0,0.0,5.732,0,10.0,1.035,309.915,0.2639,37.53,35.38502502441406,4.98,0.0,0
46986,237.37800000000001,11.543000000000001,-1.0,0.0,450.831,0.0,0.0,0.0,5.732,0,12.0,1.055,309.825,3.0352,36.57,35.38502502441406,4.98,0.0,0
46986,237.207,11.543000000000001,0.0,0.0,450.771,0.0,0.0,0.0,5.732,0,10.0,1.05,309.915,1.9465000000000001,35.46,35.38502502441406,4.98,0.0,0
46986,237.207,11.543000000000001,-0.5,0.0,451.01300000000003,0.0,0.0,0.0,5.732,0,10.0,1.045,309.915,-0.2639,35.25,35.38502502441406,4.98,0.0,0
46986,237.207,11.543000000000001,-0.5,0.0,451.07300000000004,0.0,0.0,-0.2,5.732,0,11.0,1.035,309.825,-1.0557,35.58,35.38502502441406,4.98,0.0,0
46986,237.207,11.533000000000001,0.0,0.0,451.497,0.0,0.0,0.0,5.732,0,11.0,1.06,309.825,-2.6393,37.410000000000004,35.38502502441406,4.98,0.0,0
46986,237.207,11.533000000000001,0.0,0.0,451.194,0.0,0.0,-0.2,5.732,0,10.0,1.045,309.915,0.0,39.12,35.38502502441406,4.98,0.0,0
46986,237.719,11.533000000000001,0.0,0.0,451.315,0.0,0.0,0.0,5.732,0,11.0,1.095,309.915,3.9589000000000003,39.42,35.38502502441406,4.98,0.0,0
46986,237.37800000000001,11.523,-0.5,0.0,451.07300000000004,0.0,0.0,0.0,5.732,0,10.0,1.01,309.69,0.099,38.910000000000004,35.38502502441406,4.98,0.0,0
46986,237.207,11.523,-0.5,0.0,451.07300000000004,0.0,0.0,0.0,5.732,0,11.0,1.02,309.915,-3.0352,37.77,35.38502502441406,4.98,0.0,0
46986,237.207,11.523,0.0,0.0,451.134,0.0,0.0,0.0,5.732,0,10.0,1.07,309.825,-2.0455,36.57,35.38502502441406,4.98,0.0,0
46986,237.207,11.514000000000001,-0.5,0.0,451.315,0.0,0.0,0.0,5.732,0,10.0,1.05,309.825,2.6393,36.96,35.38502502441406,4.98,0.0,0
46986,237.207,11.514000000000001,-0.5,0.0,451.37600000000003,0.0,0.0,0.0,5.732,0,12.0,1.09,309.69,0.165,37.26,35.38502502441406,4.98,0.0,0
46986,237.207,11.514000000000001,-0.5,0.0,451.43600000000004,0.0,0.0,0.0,5.732,0,10.0,1.055,309.825,-1.1877,37.65,35.38502502441406,4.98,0.0,0
46986,237.719,11.514000000000001,0.0,0.0,451.194,0.0,0.0,0.0,5.732,0,11.0,0.985,309.69,-5.7075000000000005,37.62,35.38502502441406,4.98,0.0,0
46986,237.719,11.504000000000001,0.0,0.0,451.255,0.0,0.0,0.0,5.732,0,11.0,1.085,309.915,1.7155,36.57,35.38502502441406,4.98,0.0,0
46986,237.207,11.504000000000001,-0.5,0.0,451.194,0.0,0.0,0.0,5.732,0,11.0,1.05,309.915,2.3094,35.97,35.38502502441406,4.98,0.0,0
46986,237.207,11.504000000000001,-0.5,0.0,451.315,0.0,0.0,0.0,5.732,0,10.0,1.01,309.825,1.1877,36.33,35.38502502441406,4.98,0.0,0
46986,237.548,11.494,-0.5,0.0,451.134,0.0,0.0,0.0,5.732,0,11.0,0.995,309.825,3.4971,37.71,35.38502502441406,4.98,0.0,0
46986,237.207,11.494,-0.5,0.0,451.134,0.0,0.0,0.0,5.732,0,11.0,1.04,309.825,3.9754,37.77,35.38502502441406,4.98,0.0,0
46986,237.37800000000001,11.494,0.0,0.0,451.255,0.0,0.0,0.0,5.732,0,10.0,1.12,309.825,0.41240000000000004,38.25,35.38502502441406,4.98,0.0,0
46986,237.37800000000001,11.494,-0.5,0.0,451.43600000000004,0.0,0.0,0.0,5.732,0,11.0,1.08,309.825,-2.3094,38.730000000000004,35.38502502441406,4.98,0.0,0
46986,237.207,11.494,-0.5,0.0,451.194,0.0,0.0,0.0,5.732,0,10.0,1.04,309.825,-1.3196,38.49,35.38502502441406,4.98,0.0,0
46986,237.37800000000001,11.484,0.0,0.0,451.315,0.0,0.0,0.0,5.732,0,11.0,1.055,309.825,-1.1052,38.04,35.38502502441406,4.98,0.0,0
46986,237.37800000000001,11.484,0.0,0.0,451.37600000000003,0.0,0.0,0.0,5.732,0,11.0,1.055,309.825,1.3196,38.04,35.38502502441406,4.98,0.0,0
46986,237.207,11.484,0.0,0.0,451.37600000000003,0.0,0.0,0.0,5.732,0,11.0,1.065,309.825,-0.8165,37.5,35.38502502441406,4.98,0.0,0
46986,237.37800000000001,11.475000000000001,0.0,0.0,451.497,0.0,0.0,0.0,5.732,0,11.0,1.065,309.825,1.0557,37.2,35.38502502441406,4.98,0.0,0
46986,237.719,11.475000000000001,-0.5,0.0,451.557,0.0,0.0,-0.2,5.732,0,11.0,1.09,309.915,2.7053000000000003,36.99,35.38502502441406,4.98,0.0,0
46986,237.37800000000001,11.475000000000001,-0.5,0.0,451.497,0.0,0.0,0.0,5.732,0,11.0,1.05,309.825,0.5938,36.18,35.38502502441406,4.98,0.0,0
46986,237.207,11.465,0.0,0.0,451.194,0.0,0.0,0.0,5.732,0,10.0,1.07,309.825,1.3856000000000002,35.43,35.38502502441406,4.98,0.0,0
46986,237.37800000000001,11.465,0.0,0.0,450.952,0.0,0.0,0.0,5.732,0,10.0,1.05,309.69,-0.8165,35.37,35.38502502441406,4.98,0.0,0
46986,237.207,11.465,0.0,0.0,451.07300000000004,0.0,0.0,0.0,5.732,0,10.0,1.055,309.825,-1.6331,36.480000000000004,35.38502502441406,4.98,0.0,0
46986,237.37800000000001,11.465,-0.5,0.0,451.194,0.0,0.0,0.0,5.732,0,12.0,1.045,309.825,-1.1877,36.69,35.38502502441406,4.98,0.0,0
46986,237.207,11.465,0.0,0.0,451.01300000000003,0.0,0.0,0.0,5.732,0,10.0,1.06,309.915,3.3651,38.46,35.38502502441406,4.98,0.0,0
46986,237.37800000000001,11.455,0.0,0.0,451.01300000000003,0.0,0.0,0.0,5.732,0,12.0,1.095,309.825,2.5073000000000003,39.27,35.38502502441406,4.98,0.0,0
46986,237.207,11.455,-0.5,0.0,451.194,0.0,0.0,0.0,5.732,0,11.0,1.06,309.915,-2.1774,38.7,35.38502502441406,4.98,0.0,0
46986,237.548,11.455,-0.5,0.0,451.497,0.0,0.0,0.0,5.732,0,10.0,1.0,309.915,1.1877,38.07,35.38502502441406,4.98,0.0,0
46986,237.207,11.445,0.0,0.0,451.43600000000004,0.0,0.0,0.0,5.732,0,9.0,1.06,309.915,4.9487000000000005,38.01,35.38502502441406,4.98,0.0,0
46986,237.207,11.445,0.0,0.0,451.255,0.0,0.0,0.0,5.732,0,11.0,1.0150000000000001,309.915,1.5836000000000001,37.14,35.38502502441406,4.98,0.0,0
46986,237.37800000000001,11.445,0.0,0.0,451.617,0.0,0.0,0.2,5.732,0,11.0,1.05,309.915,-1.0557,36.15,35.38502502441406,4.98,0.0,0
46986,237.37800000000001,11.445,0.0,0.0,451.557,0.0,0.0,0.0,5.732,0,10.0,1.035,309.825,-5.1466,35.94,35.38502502441406,4.98,0.0,0
46986,237.548,11.436,-0.5,0.0,451.43600000000004,0.0,0.0,0.0,5.732,0,11.0,1.09,309.825,-1.5176,36.57,35.38502502441406,4.98,0.0,0
46986,237.207,11.436,0.0,0.0,451.678,0.0,0.0,0.0,5.732,0,9.0,1.065,309.825,-1.8475000000000001,36.78,35.38502502441406,4.98,0.0,0
46986,237.37800000000001,11.436,-0.5,0.0,451.73900000000003,0.0,0.0,0.0,5.732,0,11.0,1.075,309.69,-1.4846000000000001,37.14,35.38502502441406,4.98,0.0,0
46986,237.37800000000001,11.426,0.0,0.0,451.497,0.0,0.0,0.0,5.732,0,10.0,1.075,309.915,3.9589000000000003,37.89,35.38502502441406,4.98,0.0,0
46986,237.207,11.426,0.0,0.0,451.37600000000003,0.0,0.0,0.0,5.732,0,12.0,1.105,309.915,2.3094,37.92,35.38502502441406,4.98,0.0,0
46986,237.37800000000001,11.426,0.0,0.0,451.37600000000003,0.0,0.0,0.0,5.732,0,11.0,1.075,309.825,1.4516,38.31,35.38502502441406,4.98,0.0,0
46986,237.207,11.426,-0.5,0.0,451.194,0.0,0.0,0.0,5.732,0,10.0,1.095,309.825,-0.46190000000000003,38.67,35.38502502441406,4.98,0.0,0
46986,237.207,11.416,-0.5,0.0,451.194,0.0,0.0,0.0,5.732,0,10.0,1.04,309.69,-4.8827,38.07,35.38502502441406,4.98,0.0,0
46986,237.207,11.416,0.0,0.0,451.255,0.0,0.0,0.0,5.732,0,11.0,1.075,309.825,-4.7507,37.83,35.38502502441406,4.98,0.0,0
46986,237.207,11.416,0.0,0.0,451.315,0.0,0.0,0.0,5.732,0,11.0,1.04,309.915,2.6393,37.74,35.38502502441406,4.98,0.0,0
46986,237.37800000000001,11.416,0.0,0.0,451.315,0.0,0.0,0.0,5.732,0,11.0,0.98,309.915,3.4146,37.62,35.38502502441406,4.98,0.0,0
46986,237.37800000000001,11.406,-0.5,0.0,451.37600000000003,0.0,0.0,0.0,5.732,0,12.0,1.045,309.825,3.8682000000000003,36.9,35.38502502441406,4.98,0.0,0
46986,237.207,11.406,0.0,0.0,451.194,0.0,0.0,0.0,5.732,0,12.0,1.055,309.915,-0.8083,36.300000000000004,35.38502502441406,4.98,0.0,0
46986,237.37800000000001,11.406,-1.0,0.0,451.37600000000003,0.0,0.0,0.0,5.732,0,10.0,1.08,309.915,0.132,35.79,35.38502502441406,4.98,0.0,0
46986,236.866,11.406,0.0,0.0,451.678,0.0,0.0,0.0,5.732,0,10.0,1.07,309.825,1.4516,35.97,35.38502502441406,4.98,0.0,0
46986,237.037,11.396,-0.5,0.0,451.497,0.0,0.0,0.0,5.732,0,11.0,1.04,309.915,0.3794,36.39,35.38502502441406,4.98,0.0,0
46986,237.207,11.396,0.0,0.0,451.678,0.0,0.0,0.0,5.732,0,12.0,1.115,309.6,-5.1549000000000005,37.56,35.38502502441406,4.98,0.0,0
46986,237.37800000000001,11.396,0.0,0.0,451.497,0.0,0.0,0.0,5.732,0,10.0,0.985,309.69,-4.66,38.49,35.38502502441406,4.98,0.0,0
46986,237.207,11.387,-0.5,0.0,451.43600000000004,0.0,0.0,0.0,5.732,0,11.0,1.055,309.825,0.8743000000000001,38.79,35.38502502441406,4.98,0.0,0
46986,237.207,11.387,0.0,0.0,451.43600000000004,0.0,0.0,0.0,5.732,0,12.0,1.055,309.915,3.3486000000000002,38.85,35.38502502441406,4.98,0.0,0
46986,237.207,11.387,0.0,0.0,451.37600000000003,0.0,0.0,0.0,5.732,0,10.0,1.07,309.825,2.5486,38.4,35.38502502441406,4.98,0.0,0
46986,237.037,11.387,-0.5,0.0,451.255,0.0,0.0,0.0,5.732,0,12.0,0.99,309.915,3.1507,37.53,35.38502502441406,4.98,0.0,0
46986,237.207,11.377,-0.5,0.0,451.315,0.0,0.0,0.0,5.732,0,11.0,1.07,309.915,0.9897,37.050000000000004,35.38502502441406,4.98,0.0,0
46986,237.37800000000001,11.377,-0.5,0.0,451.37600000000003,0.0,0.0,0.0,5.732,0,10.0,1.05,309.915,2.6393,36.69,35.38502502441406,4.98,0.0,0
46986,237.207,11.377,0.0,0.0,451.255,0.0,0.0,0.0,5.732,0,10.0,1.065,309.825,-1.0392000000000001,36.03,35.38502502441406,4.98,0.0,0
46986,237.37800000000001,11.367,0.0,0.0,451.315,0.0,0.0,0.0,5.732,0,11.0,1.06,309.825,-3.563,35.52,35.38502502441406,4.98,0.0,0
46986,237.37800000000001,11.367,-0.5,0.0,451.315,0.0,0.0,0.0,5.732,0,11.0,1.065,309.825,-3.9589000000000003,35.31,35.38502502441406,4.98,0.0,0
46986,237.37800000000001,11.367,0.0,0.0,451.07300000000004,0.0,0.0,0.2,5.732,0,9.0,1.07,309.825,0.5938,35.1,35.38502502441406,4.98,0.0,0
46986,237.207,11.367,0.0,0.0,451.01300000000003,0.0,0.0,0.0,5.732,0,11.0,1.07,309.825,-1.7155,36.12,35.38502502441406,4.98,0.0,0
46986,237.037,11.367,-0.5,0.0,451.194,0.0,0.0,-0.2,5.732,0,10.0,1.05,309.915,-1.3856000000000002,36.33,35.38502502441406,4.98,0.0,0
46986,237.207,11.357000000000001,0.0,0.0,451.194,0.0,0.0,0.0,5.732,0,12.0,1.05,309.825,2.1114,37.26,35.38502502441406,4.98,0.0,0
46986,237.37800000000001,11.357000000000001,-1.0,0.0,451.315,0.0,0.0,0.0,5.732,0,10.0,1.05,309.915,0.46190000000000003,37.56,35.38502502441406,4.98,0.0,0
46986,237.548,11.357000000000001,-0.5,0.0,451.315,0.0,0.0,0.0,5.732,0,11.0,1.045,309.825,-2.3754,37.2,35.38502502441406,4.98,0.0,0
46986,237.207,11.348,0.0,0.0,451.194,0.0,0.0,0.0,5.732,0,10.0,1.1,309.825,3.4311000000000003,37.35,35.38502502441406,4.98,0.0,0
46986,237.207,11.348,-0.5,0.0,451.194,0.0,0.0,0.0,5.732,0,11.0,1.05,309.915,0.0,37.230000000000004,35.38502502441406,4.98,0.0,0
46986,237.037,11.348,0.0,0.0,451.194,0.0,0.0,0.0,5.732,0,10.0,1.06,309.915,-3.4971,37.5,35.38502502441406,4.98,0.0,0
46986,237.548,11.348,0.0,0.0,451.43600000000004,0.0,0.0,0.0,5.732,0,11.0,1.01,309.825,1.5836000000000001,37.59,35.38502502441406,4.98,0.0,0
46986,237.37800000000001,11.338000000000001,0.0,0.0,451.37600000000003,0.0,0.0,0.0,5.732,0,12.0,1.055,309.69,0.165,37.29,35.38502502441406,4.98,0.0,0
46986,237.207,11.338000000000001,-0.5,0.0,451.07300000000004,0.0,0.0,0.0,5.732,0,12.0,1.01,309.69,-5.5425,36.54,35.38502502441406,4.98,0.0,0
46986,237.037,11.338000000000001,0.0,0.0,451.194,0.0,0.0,0.0,5.732,0,12.0,1.085,309.825,0.5279,34.86,35.38502502441406,4.98,0.0,0
46986,237.37800000000001,11.328000000000001,-0.5,0.0,451.255,0.0,0.0,0.0,5.732,0,10.0,1.075,309.915,4.0909,34.29,35.38502502441406,4.98,0.0,0
46986,237.207,11.328000000000001,-0.5,0.0,451.01300000000003,0.0,0.0,0.0,5.732,0,12.0,1.075,309.825,0.9567,34.800000000000004,35.38502502441406,4.98,0.0,0
46986,237.37800000000001,11.328000000000001,0.0,0.0,451.315,0.0,0.0,0.0,5.732,0,11.0,1.04,309.69,-1.5836000000000001,36.84,35.38502502441406,4.98,0.0,0
46986,237.207,11.328000000000001,0.0,0.0,451.194,0.0,0.0,0.0,5.732,0,11.0,1.025,309.915,-0.7918000000000001,38.49,35.38502502441406,4.98,0.0,0
46986,237.207,11.318000000000001,-0.5,0.0,450.952,0.0,0.0,0.0,5.732,0,11.0,1.05,309.825,3.2991,38.13,35.38502502441406,4.98,0.0,0
46986,237.207,11.318000000000001,0.0,0.0,451.315,0.0,0.0,0.0,5.732,0,12.0,1.085,309.825,0.9567,37.53,35.38502502441406,4.98,0.0,0
46986,237.37800000000001,11.318000000000001,0.0,0.0,451.255,0.0,0.0,0.0,5.732,0,9.0,1.035,309.69,-5.938400000000001,37.230000000000004,35.38502502441406,4.98,0.0,0
46986,237.207,11.309000000000001,0.0,0.0,451.194,0.0,0.0,0.0,5.732,0,11.0,1.09,309.825,-3.1672000000000002,36.84,35.38502502441406,4.98,0.0,0
46986,237.548,11.309000000000001,0.0,0.0,451.194,0.0,0.0,0.0,5.732,0,10.0,1.03,309.825,-2.7713,36.81,35.38502502441406,4.98,0.0,0
46986,237.207,11.309000000000001,-0.5,0.0,450.892,0.0,0.0,0.0,5.732,0,11.0,1.05,309.915,2.8867000000000003,36.78,35.38502502441406,4.98,0.0,0
46986,237.37800000000001,11.309000000000001,-0.5,0.0,451.255,0.0,0.0,0.0,5.732,0,10.0,1.05,309.825,3.3404000000000003,36.99,35.38502502441406,4.98,0.0,0
46986,237.207,11.309000000000001,0.0,0.0,451.37600000000003,0.0,0.0,0.0,5.732,0,10.0,1.09,309.825,-0.6598,36.33,35.38502502441406,4.98,0.0,0
46986,237.207,11.299000000000001,0.0,0.0,451.315,0.0,0.0,0.0,5.732,0,11.0,1.085,309.825,-1.8475000000000001,35.49,35.38502502441406,4.98,0.0,0
46986,237.037,11.299000000000001,0.0,0.0,451.07300000000004,0.0,0.0,0.0,5.732,0,11.0,1.075,309.915,-3.5136000000000003,34.62,35.38502502441406,4.98,0.0,0
46986,237.37800000000001,11.299000000000001,0.0,0.0,451.07300000000004,0.0,0.0,0.0,5.732,0,10.0,1.085,309.69,-1.8228000000000002,34.62,35.38502502441406,4.98,0.0,0
46986,237.548,11.289,-0.5,0.0,451.37600000000003,0.0,0.0,0.0,5.732,0,11.0,1.04,310.005,1.0227,35.730000000000004,35.38502502441406,4.98,0.0,0
46986,237.207,11.289,0.0,0.0,451.37600000000003,0.0,0.0,0.0,5.732,0,11.0,1.11,309.825,1.8887,37.230000000000004,35.38502502441406,4.98,0.0,0
46986,237.37800000000001,11.289,-1.0,0.0,451.194,0.0,0.0,0.0,5.732,0,11.0,1.02,309.825,1.2949000000000002,38.52,35.38502502441406,4.98,0.0,0
46986,237.037,11.289,0.0,0.0,451.01300000000003,0.0,0.0,0.0,5.732,0,9.0,1.08,309.825,-2.8372,38.94,35.38502502441406,4.98,0.0,0
46986,237.37800000000001,11.279,-0.5,0.0,450.892,0.0,0.0,0.0,5.732,0,10.0,1.11,309.69,1.6743000000000001,37.47,35.38502502441406,4.98,0.0,0
46986,237.207,11.279,-0.5,0.0,451.194,0.0,0.0,0.0,5.732,0,11.0,1.07,309.915,-0.5938,36.300000000000004,35.38502502441406,4.98,0.0,0
46986,237.548,11.279,0.0,0.0,451.37600000000003,0.0,0.0,0.0,5.732,0,10.0,1.08,309.825,-0.19790000000000002,35.88,35.38502502441406,4.98,0.0,0
46986,237.37800000000001,11.270000000000001,-0.5,0.0,451.37600000000003,0.0,0.0,0.0,5.732,0,11.0,1.095,309.825,3.3651,35.43,35.38502502441406,4.98,0.0,0
46986,237.207,11.270000000000001,-0.5,0.0,451.194,0.0,0.0,0.0,5.732,0,10.0,1.045,309.915,-0.7918000000000001,35.97,35.38502502441406,4.98,0.0,0
46986,237.37800000000001,11.270000000000001,-0.5,0.0,451.194,0.0,0.0,0.0,5.732,0,10.0,1.09,309.825,1.1877,35.58,35.38502502441406,4.98,0.0,0
46986,237.37800000000001,11.270000000000001,0.0,0.0,451.194,0.0,0.0,0.0,5.732,0,11.0,1.05,309.915,1.4351,35.22,35.38502502441406,4.98,0.0,0
46986,237.207,11.26,0.0,0.0,451.37600000000003,0.0,0.0,0.0,5.732,0,11.0,1.04,309.825,-2.1114,34.38,35.38502502441406,4.98,0.0,0
46986,237.548,11.26,0.0,0.0,451.315,0.0,0.0,0.0,5.732,0,11.0,1.07,309.825,-0.132,34.32,35.38502502441406,4.98,0.0,0
46986,237.207,11.26,-1.0,0.0,451.557,0.0,0.0,0.0,5.732,0,11.0,1.095,309.825,-1.3196,34.800000000000004,35.38502502441406,4.98,0.0,0
46986,237.37800000000001,11.25,-0.5,0.0,451.315,0.0,0.0,0.0,5.732,0,11.0,1.1,309.915,-0.41240000000000004,36.12,35.38502502441406,4.98,0.0,0
46986,237.207,11.25,0.0,0.0,451.255,0.0,0.0,0.0,5.732,0,11.0,1.05,309.825,0.41240000000000004,37.44,35.38502502441406,4.98,0.0,0
46986,237.37800000000001,11.25,-0.5,0.0,451.07300000000004,0.0,0.0,0.0,5.732,0,11.0,1.105,309.825,-0.39590000000000003,37.71,35.38502502441406,4.98,0.0,0
46986,237.207,11.25,0.0,0.0,451.255,0.0,0.0,0.0,5.732,0,10.0,1.085,309.825,-0.2639,37.29,35.38502502441406,4.98,0.0,0
46986,237.37800000000001,11.24,-0.5,0.0,451.678,0.0,0.0,0.0,5.732,0,11.0,1.12,309.915,-1.1382,37.17,35.38502502441406,4.98,0.0,0
46986,237.548,11.24,0.0,0.0,451.43600000000004,0.0,0.0,0.0,5.732,0,10.0,1.08,309.915,1.3691,37.230000000000004,35.38502502441406,4.98,0.0,0
46986,237.37800000000001,11.24,0.0,0.0,451.315,0.0,0.0,0.0,5.732,0,11.0,1.07,310.005,6.3673,36.78,35.38502502441406,4.98,0.0,0
46986,237.548,11.24,0.0,0.0,451.315,0.0,0.0,0.0,5.732,0,10.0,1.105,310.005,6.9941,36.78,35.38502502441406,4.98,0.0,0
46986,237.207,11.23,-0.5,0.0,451.557,0.0,0.0,0.0,5.732,0,11.0,1.03,309.69,-3.8270000000000004,36.300000000000004,35.38502502441406,4.98,0.0,0
46986,237.207,11.23,-0.5,0.0,451.43600000000004,0.0,0.0,0.0,5.732,0,10.0,1.04,309.825,-2.8372,35.7,35.38502502441406,4.98,0.0,0
46986,237.37800000000001,11.23,-0.5,0.0,451.37600000000003,0.0,0.0,0.0,5.732,0,10.0,1.035,309.915,0.6598,35.01,35.38502502441406,4.98,0.0,0
46986,237.207,11.23,0.0,0.0,451.255,0.0,0.0,0.0,5.732,0,10.0,1.1,309.915,0.3629,34.65,35.38502502441406,4.98,0.0,0
46986,237.37800000000001,11.221,0.0,0.0,451.315,0.0,0.0,0.0,5.732,0,11.0,1.0150000000000001,309.915,-1.4516,34.77,35.38502502441406,4.98,0.0,0
46986,237.207,11.221,0.0,0.0,451.557,0.0,0.0,0.2,5.732,0,10.0,1.02,309.825,-0.9897,35.46,35.38502502441406,4.98,0.0,0
46986,237.548,11.221,0.5,0.0,451.617,0.0,0.0,0.0,5.732,0,11.0,1.065,309.915,-0.7918000000000001,36.21,35.38502502441406,4.98,0.0,0
46986,237.37800000000001,11.211,-1.0,0.0,451.678,0.0,0.0,0.0,5.732,0,10.0,1.095,309.825,-0.46190000000000003,37.410000000000004,35.38502502441406,4.98,0.0,0
46986,237.207,11.211,0.0,0.0,451.255,0.0,0.0,0.0,5.732,0,11.0,1.045,309.825,1.1877,37.89,35.38502502441406,4.98,0.0,0
46986,237.207,11.211,-0.5,0.0,451.01300000000003,0.0,0.0,0.0,5.732,0,11.0,1.07,309.915,0.0,38.25,35.38502502441406,4.98,0.0,0
46986,237.548,11.211,-0.5,0.0,451.37600000000003,0.0,0.0,0.0,5.732,0,11.0,1.05,309.825,2.1114,38.31,35.38502502441406,4.98,0.0,0
46986,237.207,11.201,-1.0,0.0,451.01300000000003,0.0,0.0,0.0,5.732,0,11.0,1.085,309.825,-0.5279,37.44,35.38502502441406,4.98,0.0,0
46986,237.207,11.201,-0.5,0.0,450.831,0.0,0.0,0.0,5.732,0,10.0,1.075,309.915,-1.3196,36.33,35.38502502441406,4.98,0.0,0
46986,237.548,11.201,0.0,0.0,451.01300000000003,0.0,0.0,0.0,5.732,0,11.0,1.055,309.825,1.5836000000000001,35.76,35.38502502441406,4.98,0.0,0
46986,237.207,11.201,0.0,0.0,450.771,0.0,0.0,0.0,5.732,0,10.0,1.08,309.915,0.7918000000000001,35.31,35.38502502441406,4.98,0.0,0
46986,237.207,11.191,-0.5,0.0,451.194,0.0,0.0,0.0,5.732,0,12.0,1.12,309.825,-0.46190000000000003,34.86,35.38502502441406,4.98,0.0,0
46986,237.37800000000001,11.191,-0.5,0.0,451.315,0.0,0.0,0.0,5.732,0,10.0,1.055,309.69,-1.9795,35.550000000000004,35.38502502441406,4.98,0.0,0
46986,237.889,11.191,-0.5,0.0,451.07300000000004,0.0,0.0,0.0,5.732,0,12.0,1.08,309.915,-3.1672000000000002,36.0,35.38502502441406,4.98,0.0,0
46986,237.548,11.182,0.0,0.0,451.134,0.0,0.0,0.0,5.732,0,10.0,1.03,309.825,0.0,36.78,35.38502502441406,4.98,0.0,0
46986,237.548,11.182,0.0,0.0,451.255,0.0,0.0,0.0,5.732,0,12.0,1.12,309.69,-0.5279,38.1,35.38502502441406,4.98,0.0,0
46986,237.207,11.182,-0.5,0.0,451.37600000000003,0.0,0.0,0.2,5.732,0,9.0,1.0050000000000001,309.69,-4.486800000000001,38.1,35.38502502441406,4.98,0.0,0
46986,237.207,11.182,0.0,0.0,451.07300000000004,0.0,0.0,0.0,5.732,0,10.0,1.07,309.825,-1.5836000000000001,38.25,35.38502502441406,4.98,0.0,0
46986,237.37800000000001,11.172,0.0,0.0,451.255,0.0,0.0,0.0,5.732,0,11.0,1.08,309.915,2.9032,37.89,35.38502502441406,4.98,0.0,0
46986,237.207,11.172,0.0,0.0,451.194,0.0,0.0,0.0,5.732,0,10.0,1.085,309.825,2.8043,38.07,35.38502502441406,4.98,0.0,0
46986,237.207,11.172,-0.5,0.0,451.01300000000003,0.0,0.0,0.0,5.732,0,12.0,1.05,309.825,1.5836000000000001,37.62,35.38502502441406,4.98,0.0,0
46986,237.207,11.162,-1.0,0.0,451.194,0.0,0.0,0.0,5.732,0,11.0,1.055,309.825,1.3856000000000002,36.42,35.38502502441406,4.98,0.0,0
46986,237.37800000000001,11.162,0.0,0.0,451.37600000000003,0.0,0.0,0.0,5.732,0,12.0,1.05,309.825,-1.9795,35.52,35.38502502441406,4.98,0.0,0
46986,237.207,11.162,0.0,0.0,451.255,0.0,0.0,0.0,5.732,0,10.0,1.085,309.825,0.0,35.52,35.38502502441406,4.98,0.0,0
46986,237.207,11.162,0.0,0.0,451.43600000000004,0.0,0.0,0.0,5.732,0,11.0,1.045,309.915,4.486800000000001,36.21,35.38502502441406,4.98,0.0,0
46986,237.207,11.152000000000001,0.0,0.0,451.43600000000004,0.0,0.0,0.0,5.732,0,10.0,1.09,309.915,2.8372,36.72,35.38502502441406,4.98,0.0,0
46986,237.548,11.152000000000001,-0.5,0.0,451.43600000000004,0.0,0.0,0.0,5.732,0,11.0,1.045,309.915,3.2166,36.78,35.38502502441406,4.98,0.0,0
46986,237.207,11.152000000000001,0.0,0.0,451.194,0.0,0.0,0.0,5.732,0,10.0,1.025,309.825,-0.2639,36.9,35.38502502441406,4.98,0.0,0
46986,237.207,11.152000000000001,0.0,0.0,451.255,0.0,0.0,0.0,5.732,0,10.0,1.075,309.915,-1.9135000000000002,37.83,35.38502502441406,4.98,0.0,0
46986,237.207,11.143,-0.5,0.0,451.557,0.0,0.0,0.0,5.732,0,10.0,1.12,309.825,-0.9732000000000001,38.07,35.38502502441406,4.98,0.0,0
46986,237.889,11.143,-0.5,0.0,451.43600000000004,0.0,0.0,0.0,5.732,0,9.0,1.075,309.825,1.1217000000000001,37.86,35.38502502441406,4.98,0.0,0
46986,237.207,11.143,0.5,0.0,451.557,0.0,0.0,-0.2,5.732,0,11.0,1.04,309.825,-0.2474,37.44,35.38502502441406,4.98,0.0,0
46986,237.207,11.143,-0.5,0.0,451.557,0.0,0.0,0.0,5.732,0,10.0,1.095,309.915,1.3032000000000001,37.68,35.38502502441406,4.98,0.0,0
46986,237.548,11.133000000000001,0.0,0.0,451.37600000000003,0.0,0.0,0.0,5.732,0,12.0,1.07,309.825,0.39590000000000003,37.29,35.38502502441406,4.98,0.0,0
46986,237.37800000000001,11.133000000000001,-0.5,0.0,451.557,0.0,0.0,0.0,5.732,0,10.0,1.025,309.825,-0.7918000000000001,37.050000000000004,35.38502502441406,4.98,0.0,0
46986,237.37800000000001,11.133000000000001,0.0,0.0,451.557,0.0,0.0,0.0,5.732,0,11.0,1.09,309.825,-2.8867000000000003,36.36,35.38502502441406,4.98,0.0,0
46986,237.548,11.123000000000001,-0.5,0.0,451.43600000000004,0.0,0.0,0.0,5.732,0,10.0,1.0,309.915,1.4351,35.37,35.38502502441406,4.98,0.0,0
46986,237.37800000000001,11.123000000000001,-0.5,0.0,451.557,0.0,0.0,0.0,5.732,0,11.0,1.055,309.915,-0.6103000000000001,35.25,35.38502502441406,4.98,0.0,0
46986,237.207,11.123000000000001,0.0,0.0,451.557,0.0,0.0,0.0,5.732,0,11.0,1.085,309.915,1.897,35.910000000000004,35.38502502441406,4.98,0.0,0
46986,237.548,11.123000000000001,0.0,0.0,451.255,0.0,0.0,0.0,5.732,0,11.0,1.07,309.825,2.1939,37.38,35.38502502441406,4.98,0.0,0
46986,237.207,11.113000000000001,-1.0,0.0,451.37600000000003,0.0,0.0,0.0,5.732,0,11.0,1.01,309.825,-1.0557,38.34,35.38502502441406,4.98,0.0,0
46986,237.548,11.113000000000001,-0.5,0.0,451.194,0.0,0.0,0.0,5.732,0,12.0,1.01,309.825,0.6763,38.550000000000004,35.38502502441406,4.98,0.0,0
46986,237.37800000000001,11.113000000000001,-1.0,0.0,451.194,0.0,0.0,0.0,5.732,0,10.0,1.035,309.825,-0.39590000000000003,38.34,35.38502502441406,4.98,0.0,0
46986,237.37800000000001,11.113000000000001,0.0,0.0,451.194,0.0,0.0,0.0,5.732,0,12.0,1.055,309.69,0.2887,38.07,35.38502502441406,4.98,0.0,0
46986,237.37800000000001,11.104000000000001,-1.0,0.0,451.37600000000003,0.0,0.0,0.2,5.732,0,11.0,1.1,309.825,-0.6928000000000001,37.800000000000004,35.38502502441406,4.98,0.0,0
46986,237.548,11.104000000000001,0.5,0.0,451.497,0.0,0.0,0.0,5.732,0,10.0,1.115,309.825,0.132,37.800000000000004,35.38502502441406,4.98,0.0,0
46986,237.548,11.104000000000001,-0.5,0.0,451.497,0.0,0.0,0.0,5.732,0,12.0,1.08,309.825,-0.7918000000000001,38.1,35.38502502441406,4.98,0.0,0
46986,237.207,11.104000000000001,0.0,0.0,451.255,0.0,0.0,0.0,5.732,0,10.0,1.06,309.825,2.5073000000000003,37.71,35.38502502441406,4.98,0.0,0
46986,237.37800000000001,11.094000000000001,0.0,0.0,451.37600000000003,0.0,0.0,0.0,5.732,0,11.0,1.025,309.825,0.0,37.230000000000004,35.38502502441406,4.98,0.0,0
46986,237.37800000000001,11.094000000000001,0.0,0.0,451.73900000000003,0.0,0.0,0.0,5.732,0,10.0,1.05,309.825,-1.0557,36.39,35.38502502441406,4.98,0.0,0
46986,237.37800000000001,11.094000000000001,0.0,0.0,451.557,0.0,0.0,0.0,5.732,0,11.0,1.09,309.69,-1.4846000000000001,35.64,35.38502502441406,4.98,0.0,0
46986,237.548,11.094000000000001,0.0,0.0,451.37600000000003,0.0,0.0,0.0,5.732,0,10.0,1.04,309.825,-0.132,36.09,35.38502502441406,4.98,0.0,0
46986,237.207,11.084000000000001,0.0,0.0,451.255,0.0,0.0,0.0,5.732,0,12.0,1.09,309.825,0.2639,36.87,35.38502502441406,4.98,0.0,0
46986,237.207,11.084000000000001,-0.5,0.0,451.255,0.0,0.0,0.0,5.732,0,11.0,1.085,309.825,2.5073000000000003,38.31,35.38502502441406,4.98,0.0,0
46986,237.37800000000001,11.084000000000001,-0.5,0.0,451.37600000000003,0.0,0.0,0.0,5.732,0,11.0,1.065,309.915,0.46190000000000003,39.21,35.38502502441406,4.98,0.0,0
46986,237.719,11.084000000000001,0.0,0.0,451.315,0.0,0.0,0.0,5.732,0,9.0,1.12,309.825,0.5279,39.81,35.38502502441406,4.98,0.0,0
46986,237.207,11.074,0.0,0.0,451.37600000000003,0.0,0.0,0.0,5.732,0,12.0,1.04,309.69,-3.596,38.49,35.38502502441406,4.98,0.0,0
46986,237.37800000000001,11.074,0.0,0.0,451.194,0.0,0.0,0.0,5.732,0,10.0,1.06,309.915,-1.1877,37.59,35.38502502441406,4.98,0.0,0
46986,237.37800000000001,11.074,-0.5,0.0,451.315,0.0,0.0,0.2,5.732,0,11.0,1.045,309.825,1.3196,37.11,35.38502502441406,4.98,0.0,0
46986,237.207,11.064,-0.5,0.0,451.134,0.0,0.0,0.0,5.732,0,11.0,1.035,309.69,-4.0909,37.29,35.38502502441406,4.98,0.0,0
46986,237.37800000000001,11.064,-1.0,0.0,451.43600000000004,0.0,0.0,0.0,5.732,0,10.0,1.03,309.825,-1.7815,37.14,35.38502502441406,4.98,0.0,0
46986,237.548,11.064,-0.5,0.0,451.37600000000003,0.0,0.0,0.0,5.732,0,11.0,1.08,309.69,0.39590000000000003,37.2,35.38502502441406,4.98,0.0,0
46986,237.37800000000001,11.064,0.0,0.0,451.194,0.0,0.0,0.0,5.732,0,11.0,1.045,309.825,0.6928000000000001,36.75,35.38502502441406,4.98,0.0,0
46986,237.37800000000001,11.055,-0.5,0.0,451.497,0.0,0.0,0.2,5.732,0,10.0,1.04,309.825,2.5073000000000003,36.480000000000004,35.38502502441406,4.98,0.0,0
46986,237.37800000000001,11.055,-0.5,0.0,451.37600000000003,0.0,0.0,0.0,5.732,0,10.0,1.0150000000000001,309.825,-0.8908,36.300000000000004,35.38502502441406,4.98,0.0,0
46986,237.207,11.055,0.0,0.0,451.37600000000003,0.0,0.0,0.0,5.732,0,10.0,1.045,309.825,-1.7155,37.410000000000004,35.38502502441406,4.98,0.0,0
46986,237.548,11.045,0.0,0.0,451.37600000000003,0.0,0.0,0.0,5.732,0,10.0,1.05,309.915,3.629,38.94,35.38502502441406,4.98,0.0,0
46986,237.207,11.045,-0.5,0.0,451.37600000000003,0.0,0.0,0.2,5.732,0,10.0,1.11,309.915,4.1404000000000005,38.910000000000004,35.38502502441406,4.98,0.0,0
46986,237.548,11.045,0.0,0.0,451.43600000000004,0.0,0.0,0.0,5.732,0,10.0,1.045,309.915,-1.798,38.82,35.38502502441406,4.98,0.0,0
46986,237.719,11.045,0.0,0.0,451.315,0.0,0.0,0.0,5.732,0,11.0,1.04,309.825,-4.2229,38.31,35.38502502441406,4.98,0.0,0
46986,237.548,11.045,0.0,0.0,451.01300000000003,0.0,0.0,0.2,5.732,0,11.0,1.105,309.915,1.0557,38.04,35.38502502441406,4.98,0.0,0
46986,237.37800000000001,11.035,0.0,0.0,451.01300000000003,0.0,0.0,0.0,5.732,0,9.0,1.06,309.825,-0.5526,38.01,35.38502502441406,4.98,0.0,0
46986,237.37800000000001,11.035,0.0,0.0,450.831,0.0,0.0,0.0,5.732,0,11.0,1.03,309.69,-1.097,37.77,35.38502502441406,4.98,0.0,0
46986,237.37800000000001,11.035,-0.5,0.0,451.255,0.0,0.0,0.0,5.732,0,10.0,1.02,309.825,0.5279,37.08,35.38502502441406,4.98,0.0,0
46986,237.37800000000001,11.035,-0.5,0.0,451.07300000000004,0.0,0.0,0.0,5.732,0,10.0,1.12,309.825,1.5176,36.21,35.38502502441406,4.98,0.0,0
46986,237.37800000000001,11.025,-1.0,0.0,451.01300000000003,0.0,0.0,0.0,5.732,0,11.0,1.0150000000000001,309.825,2.7218,35.28,35.38502502441406,4.98,0.0,0
46986,237.37800000000001,11.025,0.0,0.0,451.134,0.0,0.0,0.0,5.732,0,11.0,1.1,309.915,-0.28040000000000004,34.89,35.38502502441406,4.98,0.0,0
46986,237.207,11.025,-0.5,0.0,451.37600000000003,0.0,0.0,0.2,5.732,0,10.0,1.06,309.825,-0.7753,36.0,35.38502502441406,4.98,0.0,0
46986,237.207,11.016,0.0,0.0,451.134,0.0,0.0,0.0,5.732,0,11.0,1.07,309.915,1.8310000000000002,37.44,35.38502502441406,4.98,0.0,0
46986,237.207,11.016,0.0,0.0,451.01300000000003,0.0,0.0,-0.2,5.732,0,11.0,1.1300000000000001,309.825,1.0557,38.79,35.38502502441406,4.98,0.0,0
46986,237.207,11.016,0.0,0.0,451.43600000000004,0.0,0.0,0.2,5.732,0,11.0,1.03,309.825,-3.761,39.45,35.38502502441406,4.98,0.0,0
46986,237.37800000000001,11.016,0.0,0.0,451.194,0.0,0.0,0.0,5.732,0,10.0,1.09,309.69,-6.1611,39.33,35.38502502441406,4.98,0.0,0
46986,237.37800000000001,11.006,-0.5,0.0,451.01300000000003,0.0,0.0,0.0,5.732,0,12.0,1.105,309.69,0.8165,39.300000000000004,35.38502502441406,4.98,0.0,0
46986,237.37800000000001,11.006,-0.5,0.0,450.711,0.0,0.0,0.0,5.732,0,10.0,1.025,309.915,-0.5031,38.19,35.38502502441406,4.98,0.0,0
46986,237.37800000000001,11.006,0.0,0.0,450.892,0.0,0.0,0.2,5.732,0,11.0,1.06,309.825,2.9445,36.24,35.38502502441406,4.98,0.0,0
46986,237.37800000000001,11.006,0.0,0.0,451.07300000000004,0.0,0.0,0.0,5.732,0,10.0,1.05,309.915,4.998200000000001,35.31,35.38502502441406,4.98,0.0,0
46986,237.207,10.996,-0.5,0.0,451.07300000000004,0.0,0.0,0.0,5.732,0,12.0,1.04,309.825,-4.0084,35.49,35.38502502441406,4.98,0.0,0
46986,237.37800000000001,10.996,0.0,0.0,451.255,0.0,0.0,0.0,5.732,0,10.0,1.03,309.825,0.9897,36.0,35.38502502441406,4.98,0.0,0
46986,237.207,10.996,0.0,0.0,450.771,0.0,0.0,0.0,5.732,0,12.0,1.12,309.825,2.5898000000000003,36.300000000000004,35.38502502441406,4.98,0.0,0
46986,237.37800000000001,10.996,0.0,0.0,450.771,0.0,0.0,0.0,5.732,0,10.0,1.06,309.825,2.9692000000000003,36.33,35.38502502441406,4.98,0.0,0
46986,237.207,10.986,-0.5,0.0,450.831,0.0,0.0,0.0,5.732,0,11.0,1.085,309.825,-1.0557,37.02,35.38502502441406,4.98,0.0,0
46986,237.207,10.986,-0.5,0.0,451.194,0.0,0.0,0.0,5.732,0,10.0,1.08,309.915,-1.6496000000000002,38.13,35.38502502441406,4.98,0.0,0
46986,237.37800000000001,10.986,0.0,0.0,451.194,0.0,0.0,0.2,5.732,0,12.0,1.035,309.825,1.1877,37.800000000000004,35.38502502441406,4.98,0.0,0
46986,237.207,10.986,-0.5,0.0,451.194,0.0,0.0,0.0,5.732,0,10.0,1.09,309.825,0.2639,38.160000000000004,35.38502502441406,4.98,0.0,0
46986,237.548,10.977,-0.5,0.0,451.01300000000003,0.0,0.0,0.0,5.732,0,12.0,1.07,309.825,-0.132,38.13,35.38502502441406,4.98,0.0,0
46986,237.207,10.977,0.0,0.0,451.134,0.0,0.0,0.0,5.732,0,9.0,0.995,309.915,1.7815,38.13,35.38502502441406,4.98,0.0,0
46986,237.548,10.977,0.0,0.0,451.01300000000003,0.0,0.0,0.0,5.732,0,10.0,1.115,309.915,1.7155,37.08,35.38502502441406,4.98,0.0,0
46986,237.207,10.967,0.0,0.0,451.255,0.0,0.0,0.0,5.732,0,11.0,1.09,309.69,0.8908,37.2,35.38502502441406,4.98,0.0,0
46986,237.719,10.967,-0.5,0.0,450.831,0.0,0.0,0.0,5.732,0,10.0,1.0150000000000001,309.915,-1.9795,36.75,35.38502502441406,4.98,0.0,0
46986,237.37800000000001,10.967,0.0,0.0,450.831,0.0,0.0,0.0,5.732,0,11.0,1.08,309.915,1.3196,36.39,35.38502502441406,4.98,0.0,0
46986,237.207,10.967,0.0,0.0,451.134,0.0,0.0,0.0,5.732,0,10.0,1.055,309.825,2.7713,36.24,35.38502502441406,4.98,0.0,0
46986,237.37800000000001,10.957,0.0,0.0,450.831,0.0,0.0,-0.2,5.732,0,12.0,1.09,309.825,0.066,36.06,35.38502502441406,4.98,0.0,0
46986,237.37800000000001,10.957,0.0,0.0,450.892,0.0,0.0,0.0,5.732,0,11.0,1.11,309.825,-1.5836000000000001,36.24,35.38502502441406,4.98,0.0,0
46986,237.37800000000001,10.957,-0.5,0.0,450.952,0.0,0.0,-0.2,5.732,0,11.0,1.04,309.825,-3.4311000000000003,37.02,35.38502502441406,4.98,0.0,0
46986,237.37800000000001,10.957,0.0,0.0,450.892,0.0,0.0,0.0,5.732,0,12.0,1.07,309.915,1.4516,37.35,35.38502502441406,4.98,0.0,0
46986,237.207,10.957,-0.5,0.0,450.892,0.0,0.0,0.0,5.732,0,12.0,1.0050000000000001,309.825,1.5176,37.35,35.38502502441406,4.98,0.0,0
46986,237.548,10.947000000000001,0.0,0.0,451.01300000000003,0.0,0.0,0.2,5.732,0,12.0,1.07,309.915,5.0641,37.77,35.38502502441406,4.98,0.0,0
46986,237.037,10.947000000000001,-0.5,0.0,450.831,0.0,0.0,0.2,5.732,0,11.0,1.025,309.825,-0.132,37.71,35.38502502441406,4.98,0.0,0
46986,237.207,10.947000000000001,0.5,0.0,450.831,0.0,0.0,0.0,5.732,0,12.0,1.06,309.825,-0.9073,37.26,35.38502502441406,4.98,0.0,0
46986,237.207,10.938,-0.5,0.0,450.771,0.0,0.0,0.0,5.732,0,10.0,1.05,309.915,-0.7918000000000001,37.35,35.38502502441406,4.98,0.0,0
46986,237.207,10.938,-0.5,0.0,450.831,0.0,0.0,0.0,5.732,0,11.0,1.075,309.825,-0.2639,37.68,35.38502502441406,4.98,0.0,0
46986,237.548,10.938,0.0,0.0,450.952,0.0,0.0,0.0,5.732,0,10.0,1.07,309.825,-2.1774,37.59,35.38502502441406,4.98,0.0,0
46986,237.37800000000001,10.938,-0.5,0.0,451.01300000000003,0.0,0.0,0.0,5.732,0,12.0,1.01,310.005,-0.8248000000000001,37.08,35.38502502441406,4.98,0.0,0
46986,237.37800000000001,10.928,-0.5,0.0,450.65000000000003,0.0,0.0,0.0,5.732,0,10.0,1.06,309.825,5.0147,35.64,35.38502502441406,4.98,0.0,0
46986,236.866,10.928,0.0,0.0,450.771,0.0,0.0,0.2,5.732,0,12.0,1.075,309.825,2.3094,35.04,35.38502502441406,4.98,0.0,0
46986,237.207,10.928,-0.5,0.0,451.01300000000003,0.0,0.0,0.0,5.732,0,10.0,1.045,309.825,-1.9465000000000001,34.95,35.38502502441406,4.98,0.0,0
46986,237.037,10.928,0.0,0.0,450.771,0.0,0.0,0.0,5.732,0,12.0,0.995,309.915,0.132,35.94,35.38502502441406,4.98,0.0,0
46986,237.548,10.918000000000001,-1.0,0.0,450.469,0.0,0.0,0.0,5.732,0,10.0,1.02,309.825,2.6393,37.050000000000004,35.38502502441406,4.98,0.0,0
46986,237.037,10.918000000000001,-0.5,0.0,450.771,0.0,0.0,0.0,5.732,0,11.0,1.04,309.825,-3.0847,37.2,35.38502502441406,4.98,0.0,0
46986,237.37800000000001,10.918000000000001,-0.5,0.0,451.01300000000003,0.0,0.0,0.0,5.732,0,11.0,1.045,309.915,-3.4971,37.53,35.38502502441406,4.98,0.0,0
46986,237.207,10.918000000000001,-0.5,0.0,451.07300000000004,0.0,0.0,0.0,5.732,0,11.0,1.085,309.825,3.6455,37.5,35.38502502441406,4.98,0.0,0
46986,237.548,10.908000000000001,-0.5,0.0,450.771,0.0,0.0,0.0,5.732,0,10.0,1.01,309.825,-2.8372,37.32,35.38502502441406,4.98,0.0,0
46986,237.37800000000001,10.908000000000001,0.0,0.0,450.831,0.0,0.0,0.0,5.732,0,12.0,1.075,309.69,-5.6497,36.87,35.38502502441406,4.98,0.0,0
46986,237.37800000000001,10.908000000000001,0.0,0.0,450.952,0.0,0.0,0.0,5.732,0,10.0,1.06,309.825,0.39590000000000003,36.81,35.38502502441406,4.98,0.0,0
46986,237.037,10.898,-0.5,0.0,450.59000000000003,0.0,0.0,0.2,5.732,0,12.0,1.08,309.915,3.1919,36.99,35.38502502441406,4.98,0.0,0
46986,237.37800000000001,10.898,-0.5,0.0,450.771,0.0,0.0,0.0,5.732,0,11.0,1.085,309.825,1.0310000000000001,35.85,35.38502502441406,4.98,0.0,0
46986,237.719,10.898,0.0,0.0,450.831,0.0,0.0,0.2,5.732,0,11.0,1.065,309.825,0.9897,34.92,35.38502502441406,4.98,0.0,0
46986,237.719,10.898,-0.5,0.0,450.952,0.0,0.0,0.0,5.732,0,12.0,1.04,309.69,0.1072,34.86,35.38502502441406,4.98,0.0,0
46986,237.37800000000001,10.889000000000001,-1.0,0.0,450.831,0.0,0.0,0.0,5.732,0,12.0,1.03,309.69,-4.726,35.13,35.38502502441406,4.98,0.0,0
46986,237.719,10.889000000000001,-0.5,0.0,450.529,0.0,0.0,0.0,5.732,0,12.0,1.04,310.005,0.6268,36.57,35.38502502441406,4.98,0.0,0
46986,237.37800000000001,10.889000000000001,0.0,0.0,450.529,0.0,0.0,0.0,5.732,0,10.0,1.045,310.005,1.9795,36.78,35.38502502441406,4.98,0.0,0
46986,237.719,10.889000000000001,0.0,0.0,450.348,0.0,0.0,0.0,5.732,0,12.0,1.08,309.69,2.7713,38.31,35.38502502441406,4.98,0.0,0
46986,237.37800000000001,10.889000000000001,0.0,0.0,450.711,0.0,0.0,0.0,5.732,0,10.0,1.06,309.915,0.6268,38.13,35.38502502441406,4.98,0.0,0
46986,237.37800000000001,10.879000000000001,0.0,0.0,450.831,0.0,0.0,0.0,5.732,0,11.0,1.045,309.915,1.4516,38.01,35.38502502441406,4.98,0.0,0
46986,237.719,10.879000000000001,0.0,0.0,450.771,0.0,0.0,0.0,5.732,0,11.0,1.055,309.825,2.5403000000000002,38.04,35.38502502441406,4.98,0.0,0
46986,237.207,10.879000000000001,-0.5,0.0,450.831,0.0,0.0,0.0,5.732,0,12.0,1.095,309.825,-4.2229,37.62,35.38502502441406,4.98,0.0,0
46986,237.548,10.869,-0.5,0.0,450.831,0.0,0.0,0.2,5.732,0,10.0,1.03,309.825,-2.5733,37.59,35.38502502441406,4.98,0.0,0
46986,237.37800000000001,10.869,0.5,0.0,450.711,0.0,0.0,0.0,5.732,0,11.0,1.045,309.915,3.1672000000000002,37.230000000000004,35.38502502441406,4.98,0.0,0
46986,237.548,10.869,-1.0,0.0,450.711,0.0,0.0,0.0,5.732,0,10.0,1.03,309.825,-2.3754,37.17,35.38502502441406,4.98,0.0,0
46986,237.548,10.869,-0.5,0.0,450.469,0.0,0.0,0.0,5.732,0,11.0,1.055,309.825,-3.0352,37.050000000000004,35.38502502441406,4.98,0.0,0
46986,237.719,10.859,-0.5,0.0,450.348,0.0,0.0,0.0,5.732,0,11.0,1.065,309.825,0.066,35.94,35.38502502441406,4.98,0.0,0
46986,237.548,10.859,-0.5,0.0,450.469,0.0,0.0,0.2,5.732,0,10.0,1.045,309.825,1.3196,35.19,35.38502502441406,4.98,0.0,0
46986,237.548,10.859,-0.5,0.0,450.59000000000003,0.0,0.0,0.0,5.732,0,11.0,1.085,309.825,0.0,36.33,35.38502502441406,4.98,0.0,0
46986,237.719,10.859,0.0,0.0,450.408,0.0,0.0,0.0,5.732,0,11.0,1.1,309.825,-3.2991,37.92,35.38502502441406,4.98,0.0,0
46986,237.207,10.85,-0.5,0.0,450.65000000000003,0.0,0.0,0.0,5.732,0,11.0,1.025,309.825,0.0,38.67,35.38502502441406,4.98,0.0,0
46986,237.548,10.85,0.0,0.0,451.01300000000003,0.0,0.0,0.2,5.732,0,11.0,1.045,309.915,1.8475000000000001,38.7,35.38502502441406,4.98,0.0,0
46986,237.207,10.85,0.0,0.0,451.194,0.0,0.0,0.0,5.732,0,11.0,1.0,309.825,2.1114,38.4,35.38502502441406,4.98,0.0,0
46986,237.719,10.84,0.0,0.0,450.952,0.0,0.0,0.0,5.732,0,11.0,0.985,309.825,1.4516,37.74,35.38502502441406,4.98,0.0,0
46986,237.548,10.84,-1.0,0.0,450.831,0.0,0.0,0.0,5.732,0,11.0,1.06,309.825,-0.9897,37.47,35.38502502441406,4.98,0.0,0
46986,237.207,10.84,0.0,0.0,450.831,0.0,0.0,0.0,5.732,0,12.0,1.065,309.825,-0.7753,37.5,35.38502502441406,4.98,0.0,0
46986,237.37800000000001,10.84,0.0,0.0,450.831,0.0,0.0,0.0,5.732,0,11.0,1.075,309.69,0.0247,38.13,35.38502502441406,4.98,0.0,0
46986,236.525,10.84,0.0,0.0,450.831,0.0,0.0,-0.2,5.732,0,11.0,1.09,309.825,-1.7815,37.74,35.38502502441406,4.98,0.0,0
46986,237.37800000000001,10.83,-0.5,0.0,450.711,0.0,0.0,0.0,5.732,0,10.0,1.07,309.915,-0.2144,36.84,35.38502502441406,4.98,0.0,0
46986,237.207,10.83,0.0,0.0,450.65000000000003,0.0,0.0,0.0,5.732,0,12.0,1.09,309.915,5.1961,35.46,35.38502502441406,4.98,0.0,0
46986,237.37800000000001,10.83,0.5,0.0,450.65000000000003,0.0,0.0,0.0,5.732,0,9.0,1.06,309.915,3.8105,34.980000000000004,35.38502502441406,4.98,0.0,0
46986,236.525,10.83,-0.5,0.0,450.469,0.0,0.0,0.2,5.732,0,10.0,1.085,309.825,-0.9238000000000001,35.64,35.38502502441406,4.98,0.0,0
46986,237.37800000000001,10.82,-0.5,0.0,450.711,0.0,0.0,0.0,5.732,0,9.0,1.1,309.825,-2.3589,36.96,35.38502502441406,4.98,0.0,0
46986,237.548,10.82,0.0,0.0,450.952,0.0,0.0,-0.2,5.732,0,10.0,1.105,309.69,-5.1714,38.13,35.38502502441406,4.98,0.0,0
46986,237.37800000000001,10.82,0.0,0.0,451.01300000000003,0.0,0.0,0.0,5.732,0,11.0,1.115,309.915,-2.7878000000000003,38.79,35.38502502441406,4.98,0.0,0
46986,236.525,10.811,-0.5,0.0,450.952,0.0,0.0,0.0,5.732,0,11.0,1.09,309.915,-0.066,38.58,35.38502502441406,4.98,0.0,0
46986,237.548,10.811,-0.5,0.0,450.831,0.0,0.0,0.0,5.732,0,10.0,1.04,309.825,0.767,38.07,35.38502502441406,4.98,0.0,0
46986,236.525,10.811,0.0,0.0,450.65000000000003,0.0,0.0,0.0,5.732,0,10.0,1.065,309.915,-1.2949000000000002,37.56,35.38502502441406,4.98,0.0,0
46986,237.548,10.811,-0.5,0.0,450.408,0.0,0.0,0.0,5.732,0,11.0,1.075,309.825,0.6763,36.75,35.38502502441406,4.98,0.0,0
46986,236.184,10.801,-0.5,0.0,450.529,0.0,0.0,0.0,5.732,0,10.0,1.08,309.825,2.2846,36.96,35.38502502441406,4.98,0.0,0
46986,237.207,10.801,-0.5,0.0,450.711,0.0,0.0,0.0,5.732,0,10.0,1.095,309.825,-1.1712,36.96,35.38502502441406,4.98,0.0,0
46986,236.525,10.801,0.0,0.0,450.831,0.0,0.0,0.0,5.732,0,10.0,1.12,309.825,-0.6433,36.78,35.38502502441406,4.98,0.0,0
46986,237.37800000000001,10.801,0.0,0.0,450.65000000000003,0.0,0.0,-0.2,5.732,0,9.0,1.06,309.915,0.7753,36.300000000000004,35.38502502441406,4.98,0.0,0
46986,236.014,10.791,-0.5,0.0,450.529,0.0,0.0,0.0,5.732,0,11.0,1.105,309.825,1.3196,35.85,35.38502502441406,4.98,0.0,0
46986,237.548,10.791,-0.5,0.0,450.22700000000003,0.0,0.0,0.0,5.732,0,10.0,1.08,309.825,0.39590000000000003,36.39,35.38502502441406,4.98,0.0,0
46986,236.866,10.791,0.0,0.0,450.408,0.0,0.0,0.0,5.732,0,11.0,1.075,309.825,-1.8310000000000002,37.44,35.38502502441406,4.98,0.0,0
46986,237.548,10.791,-0.5,0.0,450.59000000000003,0.0,0.0,0.0,5.732,0,10.0,1.0150000000000001,309.915,2.4908,38.160000000000004,35.38502502441406,4.98,0.0,0
46986,236.014,10.781,0.0,0.0,450.711,0.0,0.0,0.0,5.732,0,11.0,1.09,309.825,2.1279,38.910000000000004,35.38502502441406,4.98,0.0,0
46986,237.037,10.781,-0.5,0.0,450.831,0.0,0.0,0.2,5.732,0,10.0,1.08,309.825,-2.7053000000000003,38.67,35.38502502441406,4.98,0.0,0
46986,236.014,10.781,-0.5,0.0,451.01300000000003,0.0,0.0,0.0,5.732,0,11.0,1.03,309.825,-1.3691,38.550000000000004,35.38502502441406,4.98,0.0,0
46986,237.889,10.781,-0.5,0.0,450.952,0.0,0.0,-0.2,5.732,0,11.0,1.0150000000000001,309.825,-1.1877,38.46,35.38502502441406,4.98,0.0,0
46986,237.719,10.771,0.0,0.0,450.831,0.0,0.0,0.0,5.732,0,10.0,1.075,309.915,2.3094,37.38,35.38502502441406,4.98,0.0,0
46986,238.231,10.771,-0.5,0.0,450.59000000000003,0.0,0.0,0.0,5.732,0,11.0,1.045,309.915,2.6393,36.24,35.38502502441406,4.98,0.0,0
46986,238.913,10.771,0.0,0.0,450.529,0.0,0.0,-0.2,5.732,0,11.0,1.04,309.69,-0.4289,36.12,35.38502502441406,4.98,0.0,0
46986,237.889,10.771,-0.5,0.0,451.134,0.0,0.0,0.0,5.732,0,10.0,1.08,309.69,-10.1613,36.42,35.38502502441406,4.98,0.0,0
46986,238.231,10.762,0.0,0.0,451.255,0.0,0.0,0.0,5.732,0,11.0,1.055,309.825,-3.8930000000000002,35.94,35.38502502441406,4.98,0.0,0
46986,238.231,10.762,-0.5,0.0,450.711,0.0,0.0,0.0,5.732,0,11.0,1.045,309.915,7.1261,36.57,35.38502502441406,4.98,0.0,0
46986,238.913,10.762,-1.0,0.0,450.831,0.0,0.0,0.2,5.732,0,11.0,1.085,309.825,0.6928000000000001,36.63,35.38502502441406,4.98,0.0,0
46986,237.889,10.762,-0.5,0.0,450.831,0.0,0.0,0.0,5.732,0,10.0,1.11,309.69,-4.2229,37.53,35.38502502441406,4.98,0.0,0
46986,238.231,10.752,0.0,0.0,451.01300000000003,0.0,0.0,0.0,5.732,0,13.0,1.035,309.69,-1.6826,38.37,35.38502502441406,4.98,0.0,0
46986,234.99,10.752,0.0,0.0,451.01300000000003,0.0,0.0,0.0,5.732,0,13.0,1.08,309.69,-1.7403000000000002,38.49,35.38502502441406,4.98,0.0,0
46986,236.696,10.752,0.0,0.0,450.65000000000003,0.0,0.0,0.0,5.732,0,11.0,1.06,309.825,1.7155,39.42,35.38502502441406,4.98,0.0,0
46986,235.332,10.752,-0.5,0.0,450.831,0.0,0.0,0.0,5.732,0,11.0,1.02,309.825,0.43710000000000004,38.82,35.38502502441406,4.98,0.0,0
46986,237.889,10.742,0.0,0.0,450.831,0.0,0.0,0.0,5.732,0,10.0,1.09,309.915,2.4001,38.43,35.38502502441406,4.98,0.0,0
46986,234.479,10.742,0.0,0.0,450.65000000000003,0.0,0.0,0.0,5.732,0,12.0,1.09,309.915,2.2269,37.59,35.38502502441406,4.98,0.0,0
46986,236.696,10.742,-0.5,0.0,450.831,0.0,0.0,0.0,5.732,0,9.0,1.035,309.825,0.0,36.660000000000004,35.38502502441406,4.98,0.0,0
46986,235.332,10.742,0.0,0.0,450.529,0.0,0.0,0.0,5.732,0,11.0,1.03,309.825,-1.0557,36.36,35.38502502441406,4.98,0.0,0
46986,237.889,10.732000000000001,0.0,0.0,450.59000000000003,0.0,0.0,0.0,5.732,0,10.0,1.055,309.915,-0.5279,36.480000000000004,35.38502502441406,4.98,0.0,0
46986,233.626,10.732000000000001,0.0,0.0,450.59000000000003,0.0,0.0,0.0,5.732,0,12.0,1.105,309.825,0.132,35.910000000000004,35.38502502441406,4.98,0.0,0
46986,236.525,10.732000000000001,-0.5,0.0,450.771,0.0,0.0,0.2,5.732,0,10.0,1.04,309.825,-0.132,36.12,35.38502502441406,4.98,0.0,0
46986,234.308,10.732000000000001,0.0,0.0,450.711,0.0,0.0,0.0,5.732,0,10.0,1.045,309.915,-0.9238000000000001,36.75,35.38502502441406,4.98,0.0,0
46986,237.719,10.723,0.0,0.0,450.831,0.0,0.0,0.0,5.732,0,9.0,1.025,309.825,2.1114,37.71,35.38502502441406,4.98,0.0,0
46986,232.603,10.723,-0.5,0.0,451.01300000000003,0.0,0.0,0.0,5.732,0,12.0,1.0,309.69,-1.097,37.5,35.38502502441406,4.98,0.0,0
46986,236.525,10.723,0.0,0.0,451.01300000000003,0.0,0.0,-0.2,5.732,0,10.0,1.06,309.915,-4.1569,38.37,35.38502502441406,4.98,0.0,0
46986,233.967,10.723,0.0,0.0,450.711,0.0,0.0,0.0,5.732,0,12.0,1.065,309.825,1.6661000000000001,37.71,35.38502502441406,4.98,0.0,0
46986,237.719,10.713000000000001,-0.5,0.0,450.771,0.0,0.0,0.0,5.732,0,9.0,1.11,309.825,1.8887,37.2,35.38502502441406,4.98,0.0,0
46986,239.083,10.713000000000001,0.0,0.0,450.771,0.0,0.0,0.0,5.732,0,11.0,1.075,309.825,0.9567,37.230000000000004,35.38502502441406,4.98,0.0,0
46986,239.936,10.713000000000001,-0.5,0.0,450.65000000000003,0.0,0.0,0.0,5.732,0,11.0,1.035,309.69,-5.938400000000001,37.29,35.38502502441406,4.98,0.0,0
46986,240.618,10.713000000000001,0.0,0.0,450.65000000000003,0.0,0.0,0.0,5.732,0,11.0,1.045,309.825,-3.1672000000000002,37.53,35.38502502441406,4.98,0.0,0
46986,238.74200000000002,10.703000000000001,0.0,0.0,450.711,0.0,0.0,0.0,5.732,0,10.0,1.045,309.825,0.7918000000000001,37.17,35.38502502441406,4.98,0.0,0
46986,238.913,10.703000000000001,0.0,0.0,450.831,0.0,0.0,0.0,5.732,0,10.0,1.08,309.825,4.651800000000001,36.300000000000004,35.38502502441406,4.98,0.0,0
46986,239.936,10.703000000000001,-0.5,0.0,451.07300000000004,0.0,0.0,0.0,5.732,0,11.0,1.06,309.825,1.5836000000000001,36.06,35.38502502441406,4.98,0.0,0
46986,240.27700000000002,10.703000000000001,-0.5,0.0,451.01300000000003,0.0,0.0,0.0,5.732,0,10.0,1.065,309.825,-2.6393,35.46,35.38502502441406,4.98,0.0,0
46986,238.74200000000002,10.693000000000001,0.0,0.0,450.711,0.0,0.0,0.0,5.732,0,10.0,1.12,309.825,0.39590000000000003,35.28,35.38502502441406,4.98,0.0,0
46986,238.74200000000002,10.693000000000001,-0.5,0.0,450.65000000000003,0.0,0.0,0.0,5.732,0,11.0,0.985,309.825,3.4311000000000003,36.24,35.38502502441406,4.98,0.0,0
46986,239.595,10.693000000000001,0.0,0.0,450.469,0.0,0.0,0.0,5.732,0,10.0,1.08,309.915,0.2639,37.62,35.38502502441406,4.98,0.0,0
46986,237.889,10.693000000000001,-0.5,0.0,450.771,0.0,0.0,0.0,5.732,0,11.0,1.09,309.915,-0.066,37.59,35.38502502441406,4.98,0.0,0
46986,238.06,10.684000000000001,0.0,0.0,450.529,0.0,0.0,0.0,5.732,0,9.0,1.08,309.825,0.0,37.95,35.38502502441406,4.98,0.0,0
46986,237.889,10.684000000000001,0.0,0.0,450.469,0.0,0.0,0.0,5.732,0,11.0,1.035,309.825,0.066,37.59,35.38502502441406,4.98,0.0,0
46986,236.014,10.684000000000001,-0.5,0.0,450.469,0.0,0.0,0.0,5.732,0,12.0,1.045,309.825,0.28040000000000004,37.59,35.38502502441406,4.98,0.0,0
46986,237.037,10.684000000000001,-0.5,0.0,450.529,0.0,0.0,0.0,5.732,0,9.0,1.105,309.825,-1.3032000000000001,36.96,35.38502502441406,4.98,0.0,0
46986,237.207,10.684000000000001,0.0,0.0,450.831,0.0,0.0,0.0,5.732,0,12.0,1.065,309.825,-3.3651,37.230000000000004,35.38502502441406,4.98,0.0,0
46986,237.719,10.674000000000001,-0.5,0.0,450.59000000000003,0.0,0.0,0.0,5.732,0,9.0,1.065,309.825,-0.19790000000000002,37.11,35.38502502441406,4.98,0.0,0
46986,236.866,10.674000000000001,-0.5,0.0,450.529,0.0,0.0,0.0,5.732,0,11.0,1.09,309.825,1.7815,36.9,35.38502502441406,4.98,0.0,0
46986,237.207,10.674000000000001,-1.0,0.0,450.711,0.0,0.0,0.0,5.732,0,10.0,1.06,309.825,0.0,36.36,35.38502502441406,4.98,0.0,0
46986,237.37800000000001,10.664,0.5,0.0,450.469,0.0,0.0,0.0,5.732,0,11.0,1.055,309.825,0.0,34.65,35.38502502441406,4.98,0.0,0
46986,237.37800000000001,10.664,-0.5,0.0,450.045,0.0,0.0,0.0,5.732,0,10.0,1.075,309.915,-3.7775000000000003,34.86,35.38502502441406,4.98,0.0,0
46986,237.37800000000001,10.664,0.0,0.0,449.92400000000004,0.0,0.0,0.0,5.732,0,11.0,1.095,309.825,-0.066,36.42,35.38502502441406,4.98,0.0,0
46986,237.207,10.664,-0.5,0.0,450.348,0.0,0.0,0.0,5.732,0,11.0,1.04,309.915,3.6125000000000003,37.53,35.38502502441406,4.98,0.0,0
46986,237.037,10.654,0.0,0.0,450.831,0.0,0.0,0.0,5.732,0,13.0,1.085,309.915,1.7898,38.4,35.38502502441406,4.98,0.0,0
46986,237.207,10.654,-0.5,0.0,450.469,0.0,0.0,0.0,5.732,0,10.0,1.075,309.825,-3.761,38.61,35.38502502441406,4.98,0.0,0
46986,237.37800000000001,10.654,0.0,0.0,450.348,0.0,0.0,0.2,5.732,0,12.0,1.07,310.005,-0.099,38.04,35.38502502441406,4.98,0.0,0
46986,237.207,10.654,-0.5,0.0,450.529,0.0,0.0,0.0,5.732,0,10.0,1.065,309.915,3.4971,36.84,35.38502502441406,4.98,0.0,0
46986,237.548,10.645000000000001,0.0,0.0,450.408,0.0,0.0,-0.2,5.732,0,11.0,1.1,309.915,2.2022,36.51,35.38502502441406,4.98,0.0,0
46986,237.207,10.645000000000001,0.0,0.0,450.529,0.0,0.0,0.0,5.732,0,9.0,1.065,309.915,-1.8310000000000002,36.480000000000004,35.38502502441406,4.98,0.0,0
46986,237.207,10.645000000000001,0.0,0.0,450.348,0.0,0.0,0.0,5.732,0,12.0,1.065,309.825,-2.0949,36.69,35.38502502441406,4.98,0.0,0
46986,237.37800000000001,10.645000000000001,0.0,0.0,450.469,0.0,0.0,0.2,5.732,0,11.0,1.08,309.825,-5.8559,36.75,35.38502502441406,4.98,0.0,0
46986,237.719,10.635,-0.5,0.0,450.348,0.0,0.0,0.0,5.732,0,11.0,1.095,309.915,0.5773,35.94,35.38502502441406,4.98,0.0,0
46986,237.719,10.635,0.0,0.0,450.106,0.0,0.0,0.0,5.732,0,11.0,1.07,309.825,2.1774,34.68,35.38502502441406,4.98,0.0,0
46986,237.719,10.635,0.0,0.0,450.408,0.0,0.0,0.0,5.732,0,11.0,1.055,309.825,-3.2579000000000002,35.01,35.38502502441406,4.98,0.0,0
46986,237.548,10.635,0.0,0.0,450.65000000000003,0.0,0.0,0.0,5.732,0,12.0,1.08,309.825,-1.6331,35.64,35.38502502441406,4.98,0.0,0
46986,237.207,10.625,0.0,0.0,450.529,0.0,0.0,0.0,5.732,0,10.0,1.08,309.825,1.7815,37.050000000000004,35.38502502441406,4.98,0.0,0
46986,237.37800000000001,10.625,-0.5,0.0,450.408,0.0,0.0,0.0,5.732,0,12.0,1.08,309.825,1.7155,37.95,35.38502502441406,4.98,0.0,0
46986,237.207,10.625,0.0,0.0,450.348,0.0,0.0,0.0,5.732,0,10.0,1.075,309.915,3.2826,37.800000000000004,35.38502502441406,4.98,0.0,0
46986,237.207,10.625,0.0,0.0,450.348,0.0,0.0,0.0,5.732,0,11.0,1.05,309.915,3.4311000000000003,37.71,35.38502502441406,4.98,0.0,0
46986,237.37800000000001,10.615,0.0,0.0,450.22700000000003,0.0,0.0,-0.2,5.732,0,12.0,1.08,309.915,2.0455,36.9,35.38502502441406,4.98,0.0,0
46986,237.889,10.615,-0.5,0.0,450.348,0.0,0.0,0.0,5.732,0,10.0,1.095,309.825,-3.0352,36.03,35.38502502441406,4.98,0.0,0
46986,237.207,10.615,0.0,0.0,450.166,0.0,0.0,0.0,5.732,0,12.0,1.055,309.825,-0.9897,36.18,35.38502502441406,4.98,0.0,0
46986,237.207,10.615,0.0,0.0,449.92400000000004,0.0,0.0,0.0,5.732,0,10.0,1.0150000000000001,309.915,2.2434000000000003,35.82,35.38502502441406,4.98,0.0,0
46986,237.548,10.605,0.0,0.0,450.22700000000003,0.0,0.0,0.0,5.732,0,11.0,1.09,309.825,-0.5279,35.85,35.38502502441406,4.98,0.0,0
46986,237.548,10.605,0.0,0.0,450.529,0.0,0.0,0.0,5.732,0,10.0,1.07,309.825,0.5279,35.7,35.38502502441406,4.98,0.0,0
46986,237.719,10.605,0.0,0.0,450.22700000000003,0.0,0.0,0.0,5.732,0,10.0,1.04,309.825,1.6496000000000002,35.19,35.38502502441406,4.98,0.0,0
46986,237.548,10.605,0.0,0.0,450.348,0.0,0.0,0.0,5.732,0,10.0,1.0150000000000001,309.825,-1.3196,34.71,35.38502502441406,4.98,0.0,0
46986,237.548,10.596,-1.0,0.0,450.408,0.0,0.0,-0.2,5.732,0,12.0,1.045,309.825,-2.9032,35.4,35.38502502441406,4.98,0.0,0
46986,237.548,10.596,-0.5,0.0,450.348,0.0,0.0,0.2,5.732,0,10.0,1.04,309.825,-0.9238000000000001,35.7,35.38502502441406,4.98,0.0,0
46986,237.719,10.596,-0.5,0.0,450.469,0.0,0.0,0.0,5.732,0,11.0,1.03,309.825,-5.5425,36.51,35.38502502441406,4.98,0.0,0
46986,237.37800000000001,10.596,-0.5,0.0,450.711,0.0,0.0,-0.2,5.732,0,11.0,1.055,309.825,0.0,37.17,35.38502502441406,4.98,0.0,0
46986,237.719,10.596,0.0,0.0,450.711,0.0,0.0,0.0,5.732,0,11.0,1.075,309.915,0.9073,37.230000000000004,35.38502502441406,4.98,0.0,0
46986,237.719,10.586,0.0,0.0,450.711,0.0,0.0,0.0,5.732,0,12.0,1.08,309.915,8.1653,37.02,35.38502502441406,4.98,0.0,0
46986,237.207,10.586,-0.5,0.0,450.529,0.0,0.0,0.2,5.732,0,10.0,1.05,309.825,0.39590000000000003,36.96,35.38502502441406,4.98,0.0,0
46986,237.548,10.586,0.0,0.0,450.348,0.0,0.0,-0.2,5.732,0,11.0,1.095,309.69,-5.7157,36.09,35.38502502441406,4.98,0.0,0
46986,237.548,10.586,-0.5,0.0,450.28700000000003,0.0,0.0,0.0,5.732,0,11.0,1.035,309.915,-0.19790000000000002,36.12,35.38502502441406,4.98,0.0,0
46986,237.719,10.576,0.0,0.0,450.59000000000003,0.0,0.0,-0.2,5.732,0,11.0,1.05,309.915,5.1961,36.63,35.38502502441406,4.98,0.0,0
46986,237.207,10.576,-0.5,0.0,450.469,0.0,0.0,0.0,5.732,0,11.0,1.01,309.825,2.8125,36.69,35.38502502441406,4.98,0.0,0
46986,237.548,10.576,-0.5,0.0,450.529,0.0,0.0,0.0,5.732,0,10.0,1.03,309.825,-4.2064,36.24,35.38502502441406,4.98,0.0,0
46986,237.207,10.566,-0.5,0.0,450.348,0.0,0.0,0.2,5.732,0,11.0,1.08,309.825,-1.699,36.24,35.38502502441406,4.98,0.0,0
46986,237.37800000000001,10.566,-0.5,0.0,450.28700000000003,0.0,0.0,-0.2,5.732,0,11.0,1.06,309.825,-0.132,35.97,35.38502502441406,4.98,0.0,0
46986,237.37800000000001,10.566,-0.5,0.0,450.529,0.0,0.0,0.0,5.732,0,10.0,1.055,309.915,-0.9402,35.550000000000004,35.38502502441406,4.98,0.0,0
46986,237.37800000000001,10.566,-0.5,0.0,450.28700000000003,0.0,0.0,0.0,5.732,0,10.0,1.08,309.825,0.9238000000000001,35.82,35.38502502441406,4.98,0.0,0
46986,237.207,10.557,-0.5,0.0,450.65000000000003,0.0,0.0,-0.2,5.732,0,12.0,1.105,309.825,-2.9692000000000003,36.75,35.38502502441406,4.98,0.0,0
46986,237.37800000000001,10.557,-1.0,0.0,450.831,0.0,0.0,0.0,5.732,0,10.0,1.085,309.825,-0.8578,37.74,35.38502502441406,4.98,0.0,0
46986,237.207,10.557,-0.5,0.0,450.711,0.0,0.0,0.0,5.732,0,12.0,0.995,309.825,-0.2639,37.980000000000004,35.38502502441406,4.98,0.0,0
46986,237.207,10.557,0.0,0.0,450.711,0.0,0.0,0.2,5.732,0,10.0,1.06,309.825,-0.2227,38.79,35.38502502441406,4.98,0.0,0
46986,237.548,10.547,-0.5,0.0,450.529,0.0,0.0,0.0,5.732,0,11.0,1.065,309.825,2.1774,37.65,35.38502502441406,4.98,0.0,0
46986,237.207,10.547,0.0,0.0,450.711,0.0,0.0,0.2,5.732,0,9.0,1.065,309.69,-4.3301,36.660000000000004,35.38502502441406,4.98,0.0,0
46986,237.548,10.547,0.0,0.0,450.59000000000003,0.0,0.0,-0.2,5.732,0,12.0,1.08,309.915,1.0392000000000001,35.79,35.38502502441406,4.98,0.0,0
46986,237.207,10.547,0.0,0.0,450.59000000000003,0.0,0.0,-0.2,5.732,0,10.0,1.09,309.915,5.526000000000001,35.43,35.38502502441406,4.98,0.0,0
46986,237.719,10.537,-0.5,0.0,450.711,0.0,0.0,0.0,5.732,0,10.0,1.05,309.915,0.2227,35.25,35.38502502441406,4.98,0.0,0
46986,237.207,10.537,0.0,0.0,450.711,0.0,0.0,0.0,5.732,0,10.0,1.07,309.915,-0.3299,35.37,35.38502502441406,4.98,0.0,0
46986,237.37800000000001,10.537,-0.5,0.0,450.65000000000003,0.0,0.0,0.0,5.732,0,10.0,1.035,309.825,1.0062,36.0,35.38502502441406,4.98,0.0,0
46986,237.37800000000001,10.537,0.0,0.0,450.831,0.0,0.0,0.0,5.732,0,10.0,1.02,309.915,0.5114000000000001,37.230000000000004,35.38502502441406,4.98,0.0,0
46986,237.207,10.527000000000001,-0.5,0.0,450.831,0.0,0.0,0.0,5.732,0,11.0,1.045,309.825,-0.7093,37.800000000000004,35.38502502441406,4.98,0.0,0
46986,237.548,10.527000000000001,-0.5,0.0,450.831,0.0,0.0,0.0,5.732,0,11.0,1.055,309.825,-0.46190000000000003,37.86,35.38502502441406,4.98,0.0,0
46986,237.207,10.527000000000001,0.0,0.0,450.529,0.0,0.0,0.0,5.732,0,10.0,1.055,309.825,-3.4311000000000003,37.83,35.38502502441406,4.98,0.0,0
46986,237.207,10.527000000000001,0.0,0.0,450.711,0.0,0.0,0.0,5.732,0,11.0,1.045,309.825,1.3856000000000002,37.5,35.38502502441406,4.98,0.0,0
46986,237.37800000000001,10.518,-0.5,0.0,450.711,0.0,0.0,0.0,5.732,0,10.0,1.095,309.915,3.563,37.44,35.38502502441406,4.98,0.0,0
46986,237.37800000000001,10.518,0.0,0.0,450.529,0.0,0.0,0.0,5.732,0,11.0,1.055,309.825,-1.0557,37.68,35.38502502441406,4.98,0.0,0
46986,237.207,10.518,-0.5,0.0,450.529,0.0,0.0,0.0,5.732,0,11.0,1.07,309.825,-0.7918000000000001,37.11,35.38502502441406,4.98,0.0,0
46986,237.37800000000001,10.518,0.0,0.0,450.711,0.0,0.0,0.0,5.732,0,10.0,1.02,309.825,0.5938,36.39,35.38502502441406,4.98,0.0,0
46986,237.37800000000001,10.508000000000001,-0.5,0.0,451.07300000000004,0.0,0.0,0.0,5.732,0,10.0,1.035,309.825,0.2639,35.94,35.38502502441406,4.98,0.0,0
46986,237.548,10.508000000000001,0.0,0.0,450.831,0.0,0.0,0.0,5.732,0,11.0,1.06,309.915,-0.066,35.52,35.38502502441406,4.98,0.0,0
46986,237.207,10.508000000000001,0.0,0.0,450.892,0.0,0.0,0.0,5.732,0,10.0,1.055,309.915,1.3196,35.19,35.38502502441406,4.98,0.0,0
46986,237.548,10.508000000000001,0.0,0.0,451.134,0.0,0.0,-0.2,5.732,0,12.0,1.105,309.825,-1.0557,35.730000000000004,35.38502502441406,4.98,0.0,0
46986,237.207,10.498000000000001,0.0,0.0,451.01300000000003,0.0,0.0,0.0,5.732,0,10.0,1.045,309.825,-1.0557,37.29,35.38502502441406,4.98,0.0,0
46986,237.207,10.498000000000001,-0.5,0.0,450.771,0.0,0.0,0.0,5.732,0,12.0,1.095,309.69,0.6928000000000001,38.4,35.38502502441406,4.98,0.0,0
46986,237.719,10.498000000000001,-0.5,0.0,450.529,0.0,0.0,0.0,5.732,0,10.0,1.03,309.69,-3.6950000000000003,38.550000000000004,35.38502502441406,4.98,0.0,0
46986,237.548,10.498000000000001,0.0,0.0,450.711,0.0,0.0,0.0,5.732,0,12.0,1.045,309.825,-1.0557,38.58,35.38502502441406,4.98,0.0,0
46986,237.548,10.488000000000001,0.0,0.0,450.831,0.0,0.0,0.0,5.732,0,10.0,1.085,309.825,5.2786,37.89,35.38502502441406,4.98,0.0,0
46986,237.37800000000001,10.488000000000001,0.0,0.0,450.771,0.0,0.0,0.0,5.732,0,12.0,1.125,309.825,1.4846000000000001,37.14,35.38502502441406,4.98,0.0,0
46986,237.207,10.488000000000001,0.0,0.0,450.59000000000003,0.0,0.0,-0.2,5.732,0,10.0,1.08,309.825,0.0,37.230000000000004,35.38502502441406,4.98,0.0,0
46986,237.37800000000001,10.488000000000001,0.0,0.0,450.711,0.0,0.0,0.0,5.732,0,11.0,1.045,309.825,-1.5836000000000001,36.9,35.38502502441406,4.98,0.0,0
46986,237.37800000000001,10.479000000000001,-0.5,0.0,450.59000000000003,0.0,0.0,-0.2,5.732,0,10.0,1.04,309.825,-0.9238000000000001,36.480000000000004,35.38502502441406,4.98,0.0,0
46986,237.719,10.479000000000001,-0.5,0.0,450.59000000000003,0.0,0.0,0.0,5.732,0,11.0,1.055,309.825,3.4311000000000003,35.82,35.38502502441406,4.98,0.0,0
46986,237.889,10.479000000000001,0.0,0.0,450.771,0.0,0.0,0.2,5.732,0,12.0,1.07,309.825,-0.2639,35.37,35.38502502441406,4.98,0.0,0
46986,237.207,10.479000000000001,0.0,0.0,450.771,0.0,0.0,0.0,5.732,0,11.0,1.125,309.69,-1.1629,35.31,35.38502502441406,4.98,0.0,0
46986,237.37800000000001,10.479000000000001,0.0,0.0,450.771,0.0,0.0,0.0,5.732,0,11.0,1.125,309.915,-0.2144,35.31,35.38502502441406,4.98,0.0,0
46986,237.719,10.469000000000001,-0.5,0.0,450.348,0.0,0.0,0.0,5.732,0,11.0,1.09,309.915,-2.4578,36.480000000000004,35.38502502441406,4.98,0.0,0
46986,237.207,10.469000000000001,-0.5,0.0,450.529,0.0,0.0,0.0,5.732,0,11.0,1.065,309.825,-0.9238000000000001,37.47,35.38502502441406,4.98,0.0,0
46986,237.37800000000001,10.469000000000001,0.0,0.0,450.771,0.0,0.0,0.0,5.732,0,11.0,1.08,309.825,-2.8207,38.730000000000004,35.38502502441406,4.98,0.0,0
46986,237.207,10.459,0.0,0.0,450.59000000000003,0.0,0.0,0.0,5.732,0,10.0,1.025,309.915,1.8723,39.27,35.38502502441406,4.98,0.0,0
46986,237.719,10.459,0.0,0.0,450.65000000000003,0.0,0.0,0.0,5.732,0,11.0,1.075,309.915,4.7342,39.36,35.38502502441406,4.98,0.0,0
46986,237.548,10.459,0.0,0.0,450.831,0.0,0.0,0.0,5.732,0,10.0,1.035,309.825,1.0310000000000001,37.86,35.38502502441406,4.98,0.0,0
46986,237.719,10.459,-0.5,0.0,450.892,0.0,0.0,0.0,5.732,0,12.0,1.05,309.825,-0.6433,37.26,35.38502502441406,4.98,0.0,0
46986,237.548,10.449,-0.5,0.0,451.07300000000004,0.0,0.0,0.0,5.732,0,10.0,1.075,309.69,-4.0002,37.47,35.38502502441406,4.98,0.0,0
46986,237.37800000000001,10.449,0.0,0.0,450.831,0.0,0.0,0.0,5.732,0,13.0,1.05,309.915,-1.9300000000000002,37.800000000000004,35.38502502441406,4.98,0.0,0
46986,237.37800000000001,10.449,0.0,0.0,450.529,0.0,0.0,-0.2,5.732,0,10.0,1.065,309.69,-0.23920000000000002,36.87,35.38502502441406,4.98,0.0,0
46986,237.548,10.449,0.0,0.0,450.348,0.0,0.0,0.2,5.732,0,10.0,1.065,309.69,1.7155,35.94,35.38502502441406,4.98,0.0,0
46986,237.37800000000001,10.449,-0.5,0.0,450.348,0.0,0.0,-0.2,5.732,0,11.0,1.05,309.69,0.2639,35.910000000000004,35.38502502441406,4.98,0.0,0
46986,237.719,10.439,-0.5,0.0,450.952,0.0,0.0,0.0,5.732,0,10.0,1.06,309.69,-4.3548,35.25,35.38502502441406,4.98,0.0,0
46986,237.548,10.439,-0.5,0.0,450.529,0.0,0.0,-0.2,5.732,0,12.0,1.08,309.825,0.4289,36.660000000000004,35.38502502441406,4.98,0.0,0
46986,237.37800000000001,10.439,0.0,0.0,450.529,0.0,0.0,0.0,5.732,0,10.0,1.075,309.825,3.9589000000000003,38.64,35.38502502441406,4.98,0.0,0
46986,237.548,10.439,0.0,0.0,450.65000000000003,0.0,0.0,0.0,5.732,0,11.0,1.085,309.915,4.0579,39.480000000000004,35.38502502441406,4.98,0.0,0
46986,237.207,10.43,0.0,0.0,450.831,0.0,0.0,-0.2,5.732,0,10.0,1.07,309.825,1.0557,39.21,35.38502502441406,4.98,0.0,0
46986,237.207,10.43,0.0,0.0,450.952,0.0,0.0,0.0,5.732,0,11.0,1.11,309.915,-0.5938,38.46,35.38502502441406,4.98,0.0,0
46986,237.548,10.43,0.0,0.0,450.59000000000003,0.0,0.0,0.0,5.732,0,10.0,1.05,309.915,1.4516,37.26,35.38502502441406,4.98,0.0,0
46986,237.207,10.43,0.0,0.0,450.711,0.0,0.0,0.0,5.732,0,12.0,1.065,309.825,2.3754,36.660000000000004,35.38502502441406,4.98,0.0,0
46986,237.719,10.42,0.0,0.0,450.469,0.0,0.0,0.0,5.732,0,11.0,1.08,309.825,-1.5836000000000001,36.9,35.38502502441406,4.98,0.0,0
46986,237.37800000000001,10.42,0.0,0.0,450.408,0.0,0.0,0.0,5.732,0,11.0,1.055,309.825,-0.9897,37.32,35.38502502441406,4.98,0.0,0
46986,237.37800000000001,10.42,0.5,0.0,450.529,0.0,0.0,-0.2,5.732,0,10.0,1.055,309.915,0.7918000000000001,37.35,35.38502502441406,4.98,0.0,0
46986,237.548,10.42,0.0,0.0,450.28700000000003,0.0,0.0,0.0,5.732,0,12.0,1.09,309.69,0.6268,37.08,35.38502502441406,4.98,0.0,0
46986,237.548,10.41,0.0,0.0,450.59000000000003,0.0,0.0,0.0,5.732,0,9.0,1.105,309.825,-1.9795,36.36,35.38502502441406,4.98,0.0,0
46986,237.37800000000001,10.41,-0.5,0.0,451.01300000000003,0.0,0.0,0.0,5.732,0,12.0,1.105,309.825,-0.19790000000000002,35.82,35.38502502441406,4.98,0.0,0
46986,237.037,10.41,-0.5,0.0,450.65000000000003,0.0,0.0,-0.2,5.732,0,10.0,1.055,309.915,2.6393,36.300000000000004,35.38502502441406,4.98,0.0,0
46986,237.37800000000001,10.41,0.0,0.0,450.408,0.0,0.0,0.0,5.732,0,11.0,1.075,309.915,-3.4971,37.47,35.38502502441406,4.98,0.0,0
46986,237.207,10.4,0.0,0.0,450.348,0.0,0.0,0.0,5.732,0,10.0,1.09,309.915,3.4311000000000003,38.550000000000004,35.38502502441406,4.98,0.0,0
46986,237.207,10.4,-0.5,0.0,450.529,0.0,0.0,0.0,5.732,0,10.0,1.075,309.825,0.5938,39.06,35.38502502441406,4.98,0.0,0
46986,237.37800000000001,10.4,0.0,0.0,450.59000000000003,0.0,0.0,0.0,5.732,0,10.0,1.06,309.825,-2.6393,38.82,35.38502502441406,4.98,0.0,0
46986,237.37800000000001,10.4,-0.5,0.0,450.469,0.0,0.0,0.0,5.732,0,10.0,1.035,309.825,-0.9897,37.95,35.38502502441406,4.98,0.0,0
46986,237.548,10.391,0.0,0.0,450.711,0.0,0.0,0.0,5.732,0,11.0,1.09,309.825,1.3196,37.26,35.38502502441406,4.98,0.0,0
46986,237.37800000000001,10.391,-0.5,0.0,450.771,0.0,0.0,-0.2,5.732,0,10.0,1.085,309.825,-1.5836000000000001,36.57,35.38502502441406,4.98,0.0,0
46986,237.207,10.391,0.0,0.0,450.348,0.0,0.0,0.0,5.732,0,11.0,1.05,309.915,2.2434000000000003,36.27,35.38502502441406,4.98,0.0,0
46986,237.548,10.381,0.0,0.0,450.711,0.0,0.0,0.0,5.732,0,10.0,1.095,309.915,2.5733,35.67,35.38502502441406,4.98,0.0,0
46986,237.207,10.381,-1.0,0.0,450.711,0.0,0.0,0.0,5.732,0,10.0,1.075,309.915,3.0187,35.61,35.38502502441406,4.98,0.0,0
46986,237.719,10.381,-0.5,0.0,450.59000000000003,0.0,0.0,0.0,5.732,0,11.0,1.08,309.915,-1.798,36.06,35.38502502441406,4.98,0.0,0
46986,237.719,10.381,0.0,0.0,450.529,0.0,0.0,0.0,5.732,0,11.0,1.07,309.825,-2.3589,36.21,35.38502502441406,4.98,0.0,0
46986,237.37800000000001,10.381,0.0,0.0,450.529,0.0,0.0,0.0,5.732,0,10.0,1.07,309.825,-0.8413,36.6,35.38502502441406,4.98,0.0,0
46986,237.37800000000001,10.371,0.0,0.0,450.65000000000003,0.0,0.0,-0.2,5.732,0,9.0,1.07,309.825,1.3856000000000002,37.5,35.38502502441406,4.98,0.0,0
46986,237.037,10.371,-1.0,0.0,450.952,0.0,0.0,0.0,5.732,0,11.0,1.075,309.915,-3.3816,38.43,35.38502502441406,4.98,0.0,0
46986,237.207,10.371,-0.5,0.0,450.65000000000003,0.0,0.0,0.0,5.732,0,10.0,1.05,309.825,0.5938,38.67,35.38502502441406,4.98,0.0,0
46986,237.37800000000001,10.371,0.0,0.0,450.529,0.0,0.0,0.2,5.732,0,11.0,1.065,309.825,2.3094,38.85,35.38502502441406,4.98,0.0,0
46986,237.548,10.361,-0.5,0.0,450.469,0.0,0.0,0.0,5.732,0,9.0,1.08,309.825,-4.4456,38.94,35.38502502441406,4.98,0.0,0
46986,237.207,10.361,0.0,0.0,450.529,0.0,0.0,0.0,5.732,0,11.0,1.045,309.69,-1.2289,38.07,35.38502502441406,4.98,0.0,0
46986,237.37800000000001,10.361,-0.5,0.0,450.892,0.0,0.0,0.0,5.732,0,11.0,1.025,309.825,1.7155,36.99,35.38502502441406,4.98,0.0,0
46986,237.207,10.361,0.0,0.0,450.65000000000003,0.0,0.0,0.2,5.732,0,10.0,1.055,309.915,-2.7878000000000003,36.57,35.38502502441406,4.98,0.0,0
46986,237.719,10.352,0.0,0.0,450.529,0.0,0.0,0.0,5.732,0,11.0,1.09,309.69,1.0145,36.06,35.38502502441406,4.98,0.0,0
46986,237.207,10.352,0.0,0.0,450.408,0.0,0.0,0.0,5.732,0,10.0,1.055,309.69,0.39590000000000003,35.97,35.38502502441406,4.98,0.0,0
46986,237.207,10.352,0.0,0.0,450.59000000000003,0.0,0.0,0.0,5.732,0,10.0,1.055,309.825,0.2639,36.21,35.38502502441406,4.98,0.0,0
46986,237.719,10.352,-0.5,0.0,450.348,0.0,0.0,0.0,5.732,0,11.0,1.085,309.825,-1.9795,36.12,35.38502502441406,4.98,0.0,0
46986,237.37800000000001,10.352,-0.5,0.0,450.348,0.0,0.0,0.0,5.732,0,10.0,1.08,309.825,1.4846000000000001,36.51,35.38502502441406,4.98,0.0,0
46986,237.548,10.342,0.0,0.0,450.771,0.0,0.0,0.0,5.732,0,9.0,1.03,309.915,2.5073000000000003,37.56,35.38502502441406,4.98,0.0,0
46986,237.719,10.342,0.0,0.0,450.529,0.0,0.0,0.0,5.732,0,10.0,1.08,309.825,0.2639,37.53,35.38502502441406,4.98,0.0,0
46986,237.37800000000001,10.342,0.0,0.0,450.348,0.0,0.0,0.0,5.732,0,11.0,1.045,309.825,0.9238000000000001,37.89,35.38502502441406,4.98,0.0,0
46986,237.548,10.342,-0.5,0.0,450.469,0.0,0.0,0.2,5.732,0,9.0,1.085,309.915,0.7918000000000001,37.800000000000004,35.38502502441406,4.98,0.0,0
46986,237.37800000000001,10.332,0.5,0.0,450.529,0.0,0.0,0.0,5.732,0,10.0,1.055,309.825,-0.132,38.67,35.38502502441406,4.98,0.0,0
46986,237.37800000000001,10.332,-0.5,0.0,450.59000000000003,0.0,0.0,0.0,5.732,0,10.0,1.045,309.825,1.8475000000000001,38.37,35.38502502441406,4.98,0.0,0
46986,237.548,10.332,-0.5,0.0,450.831,0.0,0.0,0.0,5.732,0,10.0,1.055,309.825,-1.8475000000000001,37.02,35.38502502441406,4.98,0.0,0
46986,237.207,10.332,-0.5,0.0,451.01300000000003,0.0,0.0,0.0,5.732,0,11.0,1.03,309.825,-2.3754,36.300000000000004,35.38502502441406,4.98,0.0,0
46986,237.207,10.322000000000001,0.0,0.0,451.07300000000004,0.0,0.0,0.0,5.732,0,10.0,1.08,309.825,0.9238000000000001,35.46,35.38502502441406,4.98,0.0,0
46986,237.548,10.322000000000001,-1.0,0.0,450.831,0.0,0.0,0.0,5.732,0,10.0,1.045,309.69,-1.4846000000000001,35.25,35.38502502441406,4.98,0.0,0
46986,237.37800000000001,10.322000000000001,-0.5,0.0,450.831,0.0,0.0,-0.2,5.732,0,11.0,1.07,309.825,-2.1114,35.730000000000004,35.38502502441406,4.98,0.0,0
46986,237.37800000000001,10.322000000000001,0.0,0.0,450.711,0.0,0.0,0.0,5.732,0,10.0,1.06,309.825,3.1672000000000002,36.69,35.38502502441406,4.98,0.0,0
46986,237.37800000000001,10.313,0.0,0.0,450.892,0.0,0.0,0.0,5.732,0,11.0,1.08,309.915,4.6188,37.44,35.38502502441406,4.98,0.0,0
46986,237.207,10.313,0.0,0.0,450.469,0.0,0.0,0.0,5.732,0,10.0,1.055,309.825,1.5836000000000001,37.59,35.38502502441406,4.98,0.0,0
46986,237.548,10.313,-0.5,0.0,450.892,0.0,0.0,0.0,5.732,0,11.0,1.085,309.825,-1.0557,37.77,35.38502502441406,4.98,0.0,0
46986,237.37800000000001,10.313,-0.5,0.0,450.711,0.0,0.0,0.2,5.732,0,10.0,1.075,309.915,-1.5836000000000001,37.29,35.38502502441406,4.98,0.0,0
46986,237.207,10.303,-0.5,0.0,450.711,0.0,0.0,0.0,5.732,0,10.0,1.075,309.825,1.4516,36.63,35.38502502441406,4.98,0.0,0
46986,237.207,10.303,-0.5,0.0,451.01300000000003,0.0,0.0,0.0,5.732,0,10.0,1.05,309.825,-0.7918000000000001,37.14,35.38502502441406,4.98,0.0,0
46986,237.548,10.303,0.0,0.0,451.497,0.0,0.0,0.2,5.732,0,10.0,1.06,309.69,-4.2229,37.050000000000004,35.38502502441406,4.98,0.0,0
46986,237.719,10.303,0.0,0.0,451.497,0.0,0.0,0.0,5.732,0,10.0,1.075,309.915,2.5733,36.42,35.38502502441406,4.98,0.0,0
46986,237.548,10.293000000000001,-0.5,0.0,451.497,0.0,0.0,-0.2,5.732,0,10.0,1.045,309.915,3.8270000000000004,36.21,35.38502502441406,4.98,0.0,0
46986,237.207,10.293000000000001,0.0,0.0,451.497,0.0,0.0,-0.2,5.732,0,11.0,1.045,309.825,3.761,36.12,35.38502502441406,4.98,0.0,0
46986,237.37800000000001,10.293000000000001,0.0,0.0,451.557,0.0,0.0,0.0,5.732,0,10.0,1.055,309.915,1.9382000000000001,35.7,35.38502502441406,4.98,0.0,0
46986,237.719,10.293000000000001,0.0,0.0,451.37600000000003,0.0,0.0,0.0,5.732,0,11.0,1.065,309.825,-4.2724,35.37,35.38502502441406,4.98,0.0,0
46986,237.207,10.293000000000001,0.0,0.0,450.952,0.0,0.0,0.0,5.732,0,10.0,1.075,309.825,-1.7650000000000001,35.64,35.38502502441406,4.98,0.0,0
46986,237.207,10.283000000000001,-0.5,0.0,451.315,0.0,0.0,0.0,5.732,0,10.0,1.08,309.825,1.6661000000000001,36.84,35.38502502441406,4.98,0.0,0
46986,237.548,10.283000000000001,-0.5,0.0,451.134,0.0,0.0,0.2,5.732,0,10.0,1.035,309.915,0.42060000000000003,37.65,35.38502502441406,4.98,0.0,0
46986,237.548,10.283000000000001,0.0,0.0,451.37600000000003,0.0,0.0,-0.2,5.732,0,11.0,0.99,309.915,0.0495,37.92,35.38502502441406,4.98,0.0,0
46986,237.548,10.273,0.0,0.0,451.07300000000004,0.0,0.0,0.2,5.732,0,9.0,1.075,309.825,-0.6433,38.25,35.38502502441406,4.98,0.0,0
46986,237.37800000000001,10.273,0.5,0.0,450.831,0.0,0.0,0.0,5.732,0,10.0,1.05,309.825,-0.3134,37.11,35.38502502441406,4.98,0.0,0
46986,237.37800000000001,10.273,0.0,0.0,450.711,0.0,0.0,-0.2,5.732,0,10.0,1.075,309.825,1.9135000000000002,36.39,35.38502502441406,4.98,0.0,0
46986,237.719,10.273,0.0,0.0,450.892,0.0,0.0,-0.2,5.732,0,9.0,1.06,309.915,-0.28040000000000004,35.85,35.38502502441406,4.98,0.0,0
46986,237.207,10.264000000000001,-0.5,0.0,451.07300000000004,0.0,0.0,0.0,5.732,0,11.0,1.095,309.69,-2.928,36.480000000000004,35.38502502441406,4.98,0.0,0
46986,237.207,10.264000000000001,0.0,0.0,451.01300000000003,0.0,0.0,0.0,5.732,0,11.0,0.98,309.825,-0.19790000000000002,37.47,35.38502502441406,4.98,0.0,0
46986,237.37800000000001,10.264000000000001,-0.5,0.0,451.134,0.0,0.0,-0.2,5.732,0,10.0,1.085,309.915,0.5773,36.81,35.38502502441406,4.98,0.0,0
46986,237.37800000000001,10.264000000000001,-0.5,0.0,450.892,0.0,0.0,0.0,5.732,0,10.0,1.07,309.915,3.0599000000000003,35.76,35.38502502441406,4.98,0.0,0
46986,237.548,10.254000000000001,0.0,0.0,451.255,0.0,0.0,0.0,5.732,0,10.0,1.085,309.915,-0.6103000000000001,34.89,35.38502502441406,4.98,0.0,0
46986,237.548,10.254000000000001,-0.5,0.0,451.01300000000003,0.0,0.0,0.2,5.732,0,10.0,1.06,309.825,-2.8867000000000003,35.7,35.38502502441406,4.98,0.0,0
46986,237.37800000000001,10.254000000000001,-0.5,0.0,451.07300000000004,0.0,0.0,0.0,5.732,0,9.0,1.035,309.915,1.4351,37.38,35.38502502441406,4.98,0.0,0
46986,237.548,10.254000000000001,0.0,0.0,451.557,0.0,0.0,0.0,5.732,0,11.0,1.045,309.915,0.9897,38.52,35.38502502441406,4.98,0.0,0
46986,237.207,10.244,-0.5,0.0,451.07300000000004,0.0,0.0,0.0,5.732,0,9.0,1.05,309.915,1.1877,38.7,35.38502502441406,4.98,0.0,0
46986,237.37800000000001,10.244,0.0,0.0,451.07300000000004,0.0,0.0,0.2,5.732,0,10.0,1.065,309.915,1.0557,37.86,35.38502502441406,4.98,0.0,0
46986,237.207,10.244,0.0,0.0,450.952,0.0,0.0,-0.2,5.732,0,10.0,1.08,309.825,-1.0557,37.26,35.38502502441406,4.98,0.0,0
46986,237.37800000000001,10.244,0.0,0.0,450.711,0.0,0.0,0.0,5.732,0,10.0,1.085,309.915,-2.2434000000000003,37.35,35.38502502441406,4.98,0.0,0
46986,237.548,10.234,-0.5,0.0,450.711,0.0,0.0,0.2,5.732,0,10.0,1.08,309.915,1.5836000000000001,37.800000000000004,35.38502502441406,4.98,0.0,0
46986,237.37800000000001,10.234,0.5,0.0,450.952,0.0,0.0,0.0,5.732,0,10.0,1.04,309.915,3.8105,37.86,35.38502502441406,4.98,0.0,0
46986,237.37800000000001,10.234,0.0,0.0,450.952,0.0,0.0,0.0,5.732,0,10.0,1.09,309.915,-0.9402,37.44,35.38502502441406,4.98,0.0,0
46986,237.548,10.234,0.0,0.0,451.134,0.0,0.0,0.0,5.732,0,10.0,1.06,309.825,-6.1199,36.15,35.38502502441406,4.98,0.0,0
46986,237.548,10.225,0.0,0.0,451.315,0.0,0.0,0.0,5.732,0,11.0,1.05,309.825,-3.4806000000000004,35.28,35.38502502441406,4.98,0.0,0
46986,237.207,10.225,-0.5,0.0,451.134,0.0,0.0,0.2,5.732,0,11.0,1.085,309.915,0.39590000000000003,35.22,35.38502502441406,4.98,0.0,0
46986,237.037,10.225,0.0,0.0,451.194,0.0,0.0,0.2,5.732,0,10.0,1.055,309.69,0.132,36.300000000000004,35.38502502441406,4.98,0.0,0
46986,237.37800000000001,10.225,0.0,0.0,451.194,0.0,0.0,0.2,5.732,0,11.0,1.07,309.915,0.3794,38.19,35.38502502441406,4.98,0.0,0
46986,237.548,10.225,0.0,0.0,451.194,0.0,0.0,0.0,5.732,0,10.0,1.075,309.915,0.9897,38.37,35.38502502441406,4.98,0.0,0
46986,237.37800000000001,10.215,0.0,0.0,451.8,0.0,0.0,0.0,5.732,0,11.0,1.075,309.825,0.132,39.78,35.38502502441406,4.98,0.0,0
46986,237.548,10.215,0.0,0.0,451.557,0.0,0.0,0.0,5.732,0,12.0,1.07,309.915,3.0022,39.81,35.38502502441406,4.98,0.0,0
46986,237.37800000000001,10.215,0.0,0.0,451.678,0.0,0.0,0.0,5.732,0,10.0,1.065,309.915,0.5279,38.07,35.38502502441406,4.98,0.0,0
46986,237.548,10.215,-0.5,0.0,451.617,0.0,0.0,0.0,5.732,0,10.0,1.085,309.915,-0.5938,36.84,35.38502502441406,4.98,0.0,0
46986,237.37800000000001,10.205,-0.5,0.0,451.134,0.0,0.0,0.0,5.732,0,10.0,1.095,309.69,-4.6188,36.93,35.38502502441406,4.98,0.0,0
46986,237.719,10.205,-1.0,0.0,450.831,0.0,0.0,0.0,5.732,0,10.0,1.085,309.825,-2.3094,36.93,35.38502502441406,4.98,0.0,0
46986,237.719,10.205,-1.0,0.0,451.43600000000004,0.0,0.0,0.0,5.732,0,10.0,1.085,309.915,1.8475000000000001,36.96,35.38502502441406,4.98,0.0,0
46986,237.37800000000001,10.205,0.0,0.0,451.617,0.0,0.0,0.0,5.732,0,11.0,1.05,309.825,0.9567,36.45,35.38502502441406,4.98,0.0,0
46986,237.548,10.195,-0.5,0.0,451.134,0.0,0.0,0.0,5.732,0,10.0,1.075,309.915,0.6598,35.94,35.38502502441406,4.98,0.0,0
46986,237.548,10.195,-0.5,0.0,451.01300000000003,0.0,0.0,0.0,5.732,0,11.0,1.06,309.825,2.1774,35.88,35.38502502441406,4.98,0.0,0
46986,237.37800000000001,10.195,-0.5,0.0,450.892,0.0,0.0,0.0,5.732,0,10.0,1.06,309.915,0.7918000000000001,35.94,35.38502502441406,4.98,0.0,0
46986,237.548,10.195,-0.5,0.0,451.134,0.0,0.0,0.0,5.732,0,12.0,1.085,309.825,-3.629,37.2,35.38502502441406,4.98,0.0,0
46986,237.548,10.186,-0.5,0.0,451.01300000000003,0.0,0.0,0.0,5.732,0,9.0,1.06,309.915,1.4516,38.52,35.38502502441406,4.98,0.0,0
46986,237.37800000000001,10.186,0.0,0.0,451.01300000000003,0.0,0.0,0.0,5.732,0,11.0,1.11,309.825,1.9135000000000002,39.6,35.38502502441406,4.98,0.0,0
46986,237.37800000000001,10.186,0.0,0.0,451.01300000000003,0.0,0.0,0.0,5.732,0,10.0,1.075,309.825,-2.7713,39.09,35.38502502441406,4.98,0.0,0
46986,237.37800000000001,10.186,-0.5,0.0,451.07300000000004,0.0,0.0,0.0,5.732,0,10.0,1.05,309.825,-0.9897,38.46,35.38502502441406,4.98,0.0,0
46986,237.37800000000001,10.176,-0.5,0.0,450.831,0.0,0.0,0.0,5.732,0,9.0,1.045,309.825,3.2991,37.38,35.38502502441406,4.98,0.0,0
46986,237.37800000000001,10.176,0.0,0.0,451.01300000000003,0.0,0.0,0.0,5.732,0,11.0,1.06,309.915,2.5733,37.2,35.38502502441406,4.98,0.0,0
46986,237.207,10.176,-0.5,0.0,450.711,0.0,0.0,0.0,5.732,0,10.0,1.04,309.915,1.5836000000000001,36.72,35.38502502441406,4.98,0.0,0
46986,237.719,10.176,-0.5,0.0,450.711,0.0,0.0,0.0,5.732,0,10.0,1.095,309.915,0.9897,36.42,35.38502502441406,4.98,0.0,0
46986,237.207,10.166,0.0,0.0,450.831,0.0,0.0,0.0,5.732,0,9.0,1.07,309.825,-2.1114,35.85,35.38502502441406,4.98,0.0,0
46986,237.207,10.166,0.0,0.0,450.892,0.0,0.0,0.2,5.732,0,11.0,1.085,309.915,-1.0557,35.85,35.38502502441406,4.98,0.0,0
46986,237.207,10.166,-0.5,0.0,451.37600000000003,0.0,0.0,0.0,5.732,0,10.0,1.08,309.825,-1.3196,36.15,35.38502502441406,4.98,0.0,0
46986,237.37800000000001,10.166,0.0,0.0,451.01300000000003,0.0,0.0,0.2,5.732,0,11.0,1.075,309.69,-2.5403000000000002,37.35,35.38502502441406,4.98,0.0,0
46986,237.37800000000001,10.156,-0.5,0.0,450.952,0.0,0.0,0.0,5.732,0,10.0,1.065,309.825,-3.2991,38.1,35.38502502441406,4.98,0.0,0
46986,237.37800000000001,10.156,0.0,0.0,450.892,0.0,0.0,0.0,5.732,0,11.0,1.065,309.69,-2.2764,38.7,35.38502502441406,4.98,0.0,0
46986,237.548,10.156,-0.5,0.0,451.01300000000003,0.0,0.0,-0.2,5.732,0,10.0,1.09,309.825,1.5836000000000001,39.63,35.38502502441406,4.98,0.0,0
46986,237.548,10.156,-0.5,0.0,451.134,0.0,0.0,0.0,5.732,0,10.0,1.09,309.825,1.1629,39.63,35.38502502441406,4.98,0.0,0
46986,237.207,10.156,-1.0,0.0,451.255,0.0,0.0,0.0,5.732,0,10.0,1.1,309.915,2.4249,39.0,35.38502502441406,4.98,0.0,0
46986,237.37800000000001,10.146,-0.5,0.0,451.557,0.0,0.0,0.0,5.732,0,10.0,1.09,309.825,2.8125,38.46,35.38502502441406,4.98,0.0,0
46986,237.207,10.146,0.0,0.0,451.194,0.0,0.0,0.0,5.732,0,12.0,1.05,309.825,-0.6598,37.65,35.38502502441406,4.98,0.0,0
46986,237.548,10.146,-0.5,0.0,450.892,0.0,0.0,-0.2,5.732,0,10.0,1.05,309.825,-1.4351,37.32,35.38502502441406,4.98,0.0,0
46986,237.548,10.146,0.0,0.0,451.134,0.0,0.0,-0.2,5.732,0,11.0,1.055,309.825,0.0,36.57,35.38502502441406,4.98,0.0,0
46986,237.37800000000001,10.146,0.0,0.0,451.43600000000004,0.0,0.0,0.0,5.732,0,9.0,1.04,309.915,0.5114000000000001,35.94,35.38502502441406,4.98,0.0,0
46986,237.207,10.137,-0.5,0.0,451.37600000000003,0.0,0.0,0.0,5.732,0,11.0,1.025,309.825,-1.2537,35.7,35.38502502441406,4.98,0.0,0
46986,237.37800000000001,10.137,0.0,0.0,451.37600000000003,0.0,0.0,0.0,5.732,0,8.0,1.1,309.825,-0.5938,36.45,35.38502502441406,4.98,0.0,0
46986,237.548,10.137,0.0,0.0,451.557,0.0,0.0,-0.2,5.732,0,10.0,1.07,309.825,0.066,37.230000000000004,35.38502502441406,4.98,0.0,0
46986,237.37800000000001,10.127,-0.5,0.0,451.37600000000003,0.0,0.0,0.2,5.732,0,9.0,1.05,309.825,-1.7815,38.19,35.38502502441406,4.98,0.0,0
46986,237.37800000000001,10.127,-0.5,0.0,451.497,0.0,0.0,0.0,5.732,0,10.0,1.07,309.915,-0.5444,38.67,35.38502502441406,4.98,0.0,0
46986,237.37800000000001,10.127,0.0,0.0,451.07300000000004,0.0,0.0,0.2,5.732,0,10.0,1.1,309.915,3.1507,38.64,35.38502502441406,4.98,0.0,0
46986,237.889,10.127,0.0,0.0,451.497,0.0,0.0,0.0,5.732,0,11.0,1.085,309.825,3.4971,38.43,35.38502502441406,4.98,0.0,0
46986,237.37800000000001,10.117,-0.5,0.0,451.557,0.0,0.0,-0.2,5.732,0,10.0,1.07,309.825,-3.4806000000000004,38.25,35.38502502441406,4.98,0.0,0
46986,237.719,10.117,-0.5,0.0,451.43600000000004,0.0,0.0,0.0,5.732,0,10.0,1.04,309.69,-7.0354,37.83,35.38502502441406,4.98,0.0,0
46986,237.548,10.117,0.0,0.0,451.194,0.0,0.0,0.2,5.732,0,10.0,1.075,309.825,0.9897,37.14,35.38502502441406,4.98,0.0,0
46986,237.37800000000001,10.117,-0.5,0.0,451.194,0.0,0.0,0.0,5.732,0,10.0,1.09,309.915,4.2064,36.21,35.38502502441406,4.98,0.0,0
46986,237.548,10.117,0.0,0.0,451.194,0.0,0.0,0.0,5.732,0,9.0,1.06,309.825,1.4269,35.46,35.38502502441406,4.98,0.0,0
46986,237.207,10.107000000000001,0.0,0.0,451.194,0.0,0.0,0.0,5.732,0,10.0,1.05,309.825,0.6928000000000001,35.46,35.38502502441406,4.98,0.0,0
46986,237.719,10.107000000000001,0.0,0.0,451.07300000000004,0.0,0.0,0.2,5.732,0,11.0,1.02,309.825,-0.132,35.1,35.38502502441406,4.98,0.0,0
46986,237.207,10.107000000000001,0.0,0.0,450.711,0.0,0.0,0.0,5.732,0,9.0,1.04,309.69,-2.4743,35.910000000000004,35.38502502441406,4.98,0.0,0
46986,237.37800000000001,10.107000000000001,0.0,0.0,451.01300000000003,0.0,0.0,0.0,5.732,0,11.0,1.025,309.69,-4.6188,36.12,35.38502502441406,4.98,0.0,0
46986,237.37800000000001,10.107000000000001,0.0,0.0,451.134,0.0,0.0,0.0,5.732,0,9.0,1.095,309.825,1.3196,37.95,35.38502502441406,4.98,0.0,0
46986,237.37800000000001,10.098,0.0,0.0,451.255,0.0,0.0,0.0,5.732,0,11.0,1.105,309.69,2.5073000000000003,38.85,35.38502502441406,4.98,0.0,0
46986,237.37800000000001,10.098,0.0,0.0,451.194,0.0,0.0,0.0,5.732,0,10.0,1.045,309.825,2.2764,39.480000000000004,35.38502502441406,4.98,0.0,0
46986,237.548,10.098,-0.5,0.0,451.07300000000004,0.0,0.0,0.2,5.732,0,10.0,0.995,309.915,1.9795,38.28,35.38502502441406,4.98,0.0,0
46986,237.37800000000001,10.098,-0.5,0.0,450.831,0.0,0.0,0.0,5.732,0,11.0,1.075,309.825,0.9567,37.38,35.38502502441406,4.98,0.0,0
46986,237.207,10.088000000000001,-1.0,0.0,451.37600000000003,0.0,0.0,0.2,5.732,0,11.0,1.095,309.825,0.5279,37.14,35.38502502441406,4.98,0.0,0
46986,237.207,10.088000000000001,0.0,0.0,451.194,0.0,0.0,0.0,5.732,0,10.0,1.05,309.915,-2.3754,37.14,35.38502502441406,4.98,0.0,0
46986,237.37800000000001,10.088000000000001,0.0,0.0,451.37600000000003,0.0,0.0,0.0,5.732,0,11.0,1.06,309.915,0.9238000000000001,36.72,35.38502502441406,4.98,0.0,0
46986,237.719,10.088000000000001,0.0,0.0,451.37600000000003,0.0,0.0,0.0,5.732,0,10.0,1.055,309.915,3.629,35.97,35.38502502441406,4.98,0.0,0
46986,237.207,10.088000000000001,-0.5,0.0,451.37600000000003,0.0,0.0,0.0,5.732,0,10.0,1.11,309.915,3.8765,35.88,35.38502502441406,4.98,0.0,0
46986,237.37800000000001,10.078000000000001,0.0,0.0,451.01300000000003,0.0,0.0,0.2,5.732,0,11.0,1.065,309.825,-2.0949,34.800000000000004,35.38502502441406,4.98,0.0,0
46986,237.548,10.078000000000001,-0.5,0.0,451.01300000000003,0.0,0.0,0.2,5.732,0,10.0,1.09,309.825,-2.8867000000000003,35.04,35.38502502441406,4.98,0.0,0
46986,237.207,10.078000000000001,0.0,0.0,450.771,0.0,0.0,0.0,5.732,0,10.0,1.055,309.825,-4.0084,36.12,35.38502502441406,4.98,0.0,0
46986,237.548,10.078000000000001,0.0,0.0,450.892,0.0,0.0,0.0,5.732,0,11.0,0.975,309.825,-2.7713,37.800000000000004,35.38502502441406,4.98,0.0,0
46986,237.37800000000001,10.068,0.0,0.0,450.831,0.0,0.0,0.0,5.732,0,10.0,1.045,309.915,2.8867000000000003,38.28,35.38502502441406,4.98,0.0,0
46986,237.207,10.068,0.0,0.0,450.831,0.0,0.0,-0.2,5.732,0,11.0,1.05,309.825,3.3404000000000003,38.58,35.38502502441406,4.98,0.0,0
46986,237.37800000000001,10.068,-0.5,0.0,451.07300000000004,0.0,0.0,0.0,5.732,0,10.0,1.12,309.915,0.3794,37.68,35.38502502441406,4.98,0.0,0
46986,237.719,10.068,0.0,0.0,451.43600000000004,0.0,0.0,0.2,5.732,0,10.0,1.095,309.69,-2.5486,37.11,35.38502502441406,4.98,0.0,0
46986,237.207,10.059000000000001,-0.5,0.0,451.255,0.0,0.0,0.0,5.732,0,10.0,1.1,309.69,-0.17320000000000002,36.93,35.38502502441406,4.98,0.0,0
46986,237.207,10.059000000000001,0.0,0.0,451.07300000000004,0.0,0.0,0.0,5.732,0,10.0,1.085,309.825,-2.3589,37.11,35.38502502441406,4.98,0.0,0
46986,237.207,10.059000000000001,-0.5,0.0,451.194,0.0,0.0,0.0,5.732,0,10.0,1.045,309.825,0.37120000000000003,37.410000000000004,35.38502502441406,4.98,0.0,0
46986,237.207,10.059000000000001,0.0,0.0,451.01300000000003,0.0,0.0,-0.2,5.732,0,11.0,1.045,309.915,1.3196,36.9,35.38502502441406,4.98,0.0,0
46986,237.889,10.049000000000001,-0.5,0.0,451.07300000000004,0.0,0.0,0.0,5.732,0,10.0,1.08,309.915,-3.3816,35.730000000000004,35.38502502441406,4.98,0.0,0
46986,237.207,10.049000000000001,-0.5,0.0,451.134,0.0,0.0,-0.2,5.732,0,10.0,1.075,309.915,4.5363,34.92,35.38502502441406,4.98,0.0,0
46986,237.207,10.049000000000001,-1.0,0.0,451.01300000000003,0.0,0.0,-0.2,5.732,0,9.0,1.055,309.825,2.5238,35.07,35.38502502441406,4.98,0.0,0
46986,237.207,10.049000000000001,-0.5,0.0,451.01300000000003,0.0,0.0,0.0,5.732,0,9.0,1.04,309.825,2.9692000000000003,35.160000000000004,35.38502502441406,4.98,0.0,0
46986,237.719,10.049000000000001,-0.5,0.0,451.134,0.0,0.0,-0.2,5.732,0,10.0,1.045,309.825,-2.6393,36.15,35.38502502441406,4.98,0.0,0
46986,237.719,10.039,0.0,0.0,451.07300000000004,0.0,0.0,0.0,5.732,0,10.0,1.085,309.825,-4.9487000000000005,37.71,35.38502502441406,4.98,0.0,0
46986,237.37800000000001,10.039,-0.5,0.0,450.771,0.0,0.0,0.0,5.732,0,10.0,1.065,309.915,0.5279,38.37,35.38502502441406,4.98,0.0,0
46986,237.37800000000001,10.039,0.0,0.0,450.952,0.0,0.0,0.2,5.732,0,10.0,1.075,309.825,2.9032,38.13,35.38502502441406,4.98,0.0,0
46986,237.548,10.039,0.0,0.0,451.194,0.0,0.0,0.0,5.732,0,10.0,1.095,309.915,2.7713,37.65,35.38502502441406,4.98,0.0,0
46986,237.719,10.029,0.0,0.0,450.892,0.0,0.0,0.2,5.732,0,10.0,1.08,309.825,3.4971,36.63,35.38502502441406,4.98,0.0,0
46986,237.37800000000001,10.029,0.0,0.0,451.01300000000003,0.0,0.0,-0.2,5.732,0,11.0,1.08,309.69,-3.2991,36.78,35.38502502441406,4.98,0.0,0
46986,237.548,10.029,0.0,0.0,451.194,0.0,0.0,0.0,5.732,0,10.0,1.08,309.825,-0.19790000000000002,36.84,35.38502502441406,4.98,0.0,0
46986,237.889,10.029,0.0,0.0,450.952,0.0,0.0,-0.2,5.732,0,10.0,1.05,309.825,-0.132,36.18,35.38502502441406,4.98,0.0,0
46986,237.207,10.029,0.0,0.0,450.892,0.0,0.0,0.2,5.732,0,10.0,1.06,309.69,-2.6393,35.49,35.38502502441406,4.98,0.0,0
46986,237.548,10.020000000000001,-0.5,0.0,451.194,0.0,0.0,0.0,5.732,0,11.0,1.105,309.825,0.132,34.65,35.38502502441406,4.98,0.0,0
46986,237.207,10.020000000000001,0.0,0.0,451.255,0.0,0.0,0.0,5.732,0,9.0,1.07,309.825,-1.5836000000000001,34.62,35.38502502441406,4.98,0.0,0
46986,237.548,10.020000000000001,-0.5,0.0,451.01300000000003,0.0,0.0,0.0,5.732,0,10.0,1.08,309.825,-0.9238000000000001,35.01,35.38502502441406,4.98,0.0,0
46986,237.37800000000001,10.020000000000001,-0.5,0.0,451.01300000000003,0.0,0.0,0.0,5.732,0,11.0,1.1,309.825,3.1672000000000002,35.730000000000004,35.38502502441406,4.98,0.0,0
46986,237.207,10.01,-0.5,0.0,451.255,0.0,0.0,-0.2,5.732,0,10.0,1.065,309.915,4.0909,36.69,35.38502502441406,4.98,0.0,0
46986,237.207,10.01,0.0,0.0,451.07300000000004,0.0,0.0,0.0,5.732,0,10.0,1.045,309.825,0.5279,37.08,35.38502502441406,4.98,0.0,0
46986,237.207,10.01,0.5,0.0,450.59000000000003,0.0,0.0,0.2,5.732,0,10.0,1.095,309.825,0.2639,36.99,35.38502502441406,4.98,0.0,0
46986,237.548,10.01,0.0,0.0,450.771,0.0,0.0,0.0,5.732,0,10.0,1.05,309.825,-2.5733,36.75,35.38502502441406,4.98,0.0,0
46986,237.548,10.0,0.0,0.0,450.952,0.0,0.0,0.0,5.732,0,10.0,1.1,309.825,-0.6598,37.800000000000004,35.38502502441406,4.98,0.0,0
46986,237.207,10.0,0.0,0.0,451.194,0.0,0.0,-0.2,5.732,0,10.0,1.06,309.825,2.9032,37.35,35.38502502441406,4.98,0.0,0
46986,237.207,10.0,0.0,0.0,451.07300000000004,0.0,0.0,0.0,5.732,0,10.0,1.09,309.825,-1.7155,35.76,35.38502502441406,4.98,0.0,0
46986,237.37800000000001,10.0,-0.5,0.0,451.07300000000004,0.0,0.0,0.2,5.732,0,10.0,1.075,309.915,-1.1382,35.7,35.38502502441406,4.98,0.0,0
46986,237.548,10.0,-0.5,0.0,450.65000000000003,0.0,0.0,0.0,5.732,0,10.0,1.07,309.825,1.3856000000000002,35.01,35.38502502441406,4.98,0.0,0
46986,237.37800000000001,9.99,-0.5,0.0,450.529,0.0,0.0,-0.2,5.732,0,11.0,1.065,309.825,-2.4413,34.86,35.38502502441406,4.98,0.0,0
46986,237.207,9.99,0.0,0.0,450.65000000000003,0.0,0.0,0.0,5.732,0,11.0,1.0050000000000001,309.825,-3.2991,34.08,35.38502502441406,4.98,0.0,0
46986,237.37800000000001,9.99,0.0,0.0,450.711,0.0,0.0,0.2,5.732,0,11.0,1.035,309.825,3.563,34.17,35.38502502441406,4.98,0.0,0
46986,237.37800000000001,9.99,0.0,0.0,450.529,0.0,0.0,-0.2,5.732,0,11.0,1.095,309.825,0.767,35.37,35.38502502441406,4.98,0.0,0
46986,237.889,9.99,0.0,0.0,450.831,0.0,0.0,0.0,5.732,0,11.0,1.08,309.915,1.699,36.33,35.38502502441406,4.98,0.0,0
46986,237.37800000000001,9.98,0.0,0.0,450.771,0.0,0.0,0.2,5.732,0,11.0,1.085,309.825,0.7918000000000001,37.5,35.38502502441406,4.98,0.0,0
46986,237.548,9.98,0.0,0.0,450.65000000000003,0.0,0.0,0.0,5.732,0,10.0,1.05,309.825,-1.8475000000000001,38.13,35.38502502441406,4.98,0.0,0
46986,237.37800000000001,9.98,-0.5,0.0,450.59000000000003,0.0,0.0,0.0,5.732,0,10.0,1.08,309.915,-0.28040000000000004,37.56,35.38502502441406,4.98,0.0,0
46986,237.37800000000001,9.98,-0.5,0.0,451.07300000000004,0.0,0.0,0.0,5.732,0,10.0,1.06,309.825,-1.1217000000000001,36.87,35.38502502441406,4.98,0.0,0
46986,237.207,9.971,-0.5,0.0,450.771,0.0,0.0,0.0,5.732,0,10.0,1.08,309.825,-2.6393,36.21,35.38502502441406,4.98,0.0,0
46986,237.207,9.971,0.0,0.0,450.831,0.0,0.0,0.0,5.732,0,11.0,1.075,309.915,1.0557,35.910000000000004,35.38502502441406,4.98,0.0,0
46986,237.719,9.971,-0.5,0.0,450.831,0.0,0.0,0.0,5.732,0,11.0,1.06,309.825,2.7053000000000003,35.37,35.38502502441406,4.98,0.0,0
46986,237.207,9.971,-0.5,0.0,451.01300000000003,0.0,0.0,-0.2,5.732,0,10.0,1.03,309.825,-0.39590000000000003,36.15,35.38502502441406,4.98,0.0,0
46986,237.37800000000001,9.961,-0.5,0.0,450.952,0.0,0.0,0.0,5.732,0,10.0,1.055,309.69,-3.8682000000000003,35.88,35.38502502441406,4.98,0.0,0
46986,237.548,9.961,0.0,0.0,450.59000000000003,0.0,0.0,0.0,5.732,0,10.0,1.055,309.825,0.7258,35.82,35.38502502441406,4.98,0.0,0
46986,237.37800000000001,9.961,0.0,0.0,450.469,0.0,0.0,0.2,5.732,0,10.0,1.08,309.825,1.3856000000000002,36.54,35.38502502441406,4.98,0.0,0
46986,237.548,9.961,0.0,0.0,450.348,0.0,0.0,0.2,5.732,0,10.0,1.085,309.825,1.1629,36.99,35.38502502441406,4.98,0.0,0
46986,237.207,9.961,0.0,0.0,450.529,0.0,0.0,0.0,5.732,0,11.0,1.055,309.69,-4.2476,37.050000000000004,35.38502502441406,4.98,0.0,0
46986,237.548,9.951,0.0,0.0,450.59000000000003,0.0,0.0,0.0,5.732,0,10.0,1.075,309.825,1.2537,36.99,35.38502502441406,4.98,0.0,0
46986,237.37800000000001,9.951,0.0,0.0,450.65000000000003,0.0,0.0,0.0,5.732,0,10.0,1.0,309.915,3.563,37.14,35.38502502441406,4.98,0.0,0
46986,237.548,9.951,0.0,0.0,450.529,0.0,0.0,0.0,5.732,0,10.0,1.08,309.825,3.0764,37.5,35.38502502441406,4.98,0.0,0
46986,237.37800000000001,9.951,-0.5,0.0,450.348,0.0,0.0,0.0,5.732,0,10.0,1.045,309.825,-0.2639,37.68,35.38502502441406,4.98,0.0,0
46986,237.37800000000001,9.941,0.0,0.0,450.771,0.0,0.0,-0.2,5.732,0,10.0,1.055,309.69,-3.1259,37.44,35.38502502441406,4.98,0.0,0
46986,237.37800000000001,9.941,0.0,0.0,450.771,0.0,0.0,0.0,5.732,0,11.0,1.055,309.69,-3.5301,37.44,35.38502502441406,4.98,0.0,0
46986,237.889,9.941,-0.5,0.0,450.711,0.0,0.0,0.0,5.732,0,11.0,1.025,309.825,0.132,36.51,35.38502502441406,4.98,0.0,0
46986,237.207,9.941,-0.5,0.0,450.529,0.0,0.0,-0.2,5.732,0,10.0,1.095,309.825,0.7918000000000001,35.34,35.38502502441406,4.98,0.0,0
46986,237.719,9.941,0.0,0.0,451.01300000000003,0.0,0.0,0.0,5.732,0,10.0,1.095,309.825,1.4516,35.52,35.38502502441406,4.98,0.0,0
46986,237.719,9.932,-0.5,0.0,451.01300000000003,0.0,0.0,0.0,5.732,0,10.0,1.065,309.825,1.0557,35.25,35.38502502441406,4.98,0.0,0
46986,237.207,9.932,0.0,0.0,450.59000000000003,0.0,0.0,0.0,5.732,0,9.0,1.07,309.915,-0.39590000000000003,35.61,35.38502502441406,4.98,0.0,0
46986,237.37800000000001,9.932,-0.5,0.0,450.529,0.0,0.0,0.0,5.732,0,10.0,1.06,309.825,1.5836000000000001,36.06,35.38502502441406,4.98,0.0,0
46986,237.37800000000001,9.932,0.0,0.0,450.529,0.0,0.0,0.2,5.732,0,10.0,1.065,309.915,1.0557,37.14,35.38502502441406,4.98,0.0,0
46986,237.548,9.932,0.0,0.0,450.892,0.0,0.0,0.0,5.732,0,11.0,1.055,309.915,-2.1114,37.86,35.38502502441406,4.98,0.0,0
46986,237.37800000000001,9.922,-0.5,0.0,451.01300000000003,0.0,0.0,0.0,5.732,0,9.0,1.055,309.915,3.8270000000000004,37.83,35.38502502441406,4.98,0.0,0
46986,237.548,9.922,-0.5,0.0,450.952,0.0,0.0,-0.2,5.732,0,10.0,1.095,309.915,1.0557,37.89,35.38502502441406,4.98,0.0,0
46986,237.207,9.922,0.0,0.0,450.711,0.0,0.0,0.0,5.732,0,10.0,1.07,309.825,-2.1114,37.71,35.38502502441406,4.98,0.0,0
46986,237.889,9.922,0.0,0.0,450.711,0.0,0.0,0.2,5.732,0,10.0,1.055,309.825,-0.46190000000000003,37.11,35.38502502441406,4.98,0.0,0
46986,237.548,9.912,0.0,0.0,450.529,0.0,0.0,0.0,5.732,0,11.0,1.075,309.825,-1.8475000000000001,36.660000000000004,35.38502502441406,4.98,0.0,0
46986,237.207,9.912,-0.5,0.0,450.711,0.0,0.0,-0.2,5.732,0,11.0,1.055,309.825,-2.6393,36.480000000000004,35.38502502441406,4.98,0.0,0
46986,237.548,9.912,-0.5,0.0,450.831,0.0,0.0,0.0,5.732,0,10.0,1.07,309.825,-1.9795,36.27,35.38502502441406,4.98,0.0,0
46986,237.548,9.912,-0.5,0.0,450.892,0.0,0.0,0.0,5.732,0,11.0,1.055,309.825,-2.3754,35.94,35.38502502441406,4.98,0.0,0
46986,237.548,9.912,0.0,0.0,450.952,0.0,0.0,0.0,5.732,0,10.0,1.07,309.825,1.5836000000000001,35.19,35.38502502441406,4.98,0.0,0
46986,237.548,9.902000000000001,0.0,0.0,450.831,0.0,0.0,0.0,5.732,0,10.0,1.05,309.915,0.19790000000000002,35.28,35.38502502441406,4.98,0.0,0
46986,237.889,9.902000000000001,-1.0,0.0,450.711,0.0,0.0,0.2,5.732,0,10.0,1.08,309.825,0.39590000000000003,36.69,35.38502502441406,4.98,0.0,0
46986,237.207,9.902000000000001,0.0,0.0,450.65000000000003,0.0,0.0,0.0,5.732,0,10.0,1.055,309.915,3.1012,38.04,35.38502502441406,4.98,0.0,0
46986,237.548,9.902000000000001,-0.5,0.0,450.952,0.0,0.0,0.0,5.732,0,10.0,1.07,309.915,0.5279,38.67,35.38502502441406,4.98,0.0,0
46986,237.889,9.893,-0.5,0.0,450.771,0.0,0.0,0.0,5.732,0,9.0,1.075,309.915,-1.9135000000000002,38.34,35.38502502441406,4.98,0.0,0
46986,237.548,9.893,-0.5,0.0,450.771,0.0,0.0,0.0,5.732,0,10.0,1.065,309.825,-2.5073000000000003,37.800000000000004,35.38502502441406,4.98,0.0,0
46986,237.207,9.893,0.0,0.0,450.771,0.0,0.0,0.0,5.732,0,10.0,1.07,309.825,-3.1012,37.74,35.38502502441406,4.98,0.0,0
46986,237.548,9.893,-0.5,0.0,450.529,0.0,0.0,0.0,5.732,0,10.0,1.045,309.825,-1.4516,38.31,35.38502502441406,4.98,0.0,0
46986,237.719,9.893,0.0,0.0,451.194,0.0,0.0,0.0,5.732,0,10.0,1.075,309.825,1.0557,37.71,35.38502502441406,4.98,0.0,0
46986,237.37800000000001,9.883000000000001,-0.5,0.0,451.134,0.0,0.0,0.0,5.732,0,11.0,1.04,309.915,1.1877,36.93,35.38502502441406,4.98,0.0,0
46986,237.37800000000001,9.883000000000001,-1.0,0.0,451.134,0.0,0.0,0.0,5.732,0,11.0,1.065,309.825,1.1217000000000001,36.84,35.38502502441406,4.98,0.0,0
46986,237.37800000000001,9.883000000000001,0.0,0.0,450.892,0.0,0.0,0.2,5.732,0,11.0,1.03,309.825,0.46190000000000003,35.43,35.38502502441406,4.98,0.0,0
46986,237.719,9.883000000000001,0.0,0.0,451.134,0.0,0.0,0.0,5.732,0,11.0,1.055,309.825,-5.2786,35.160000000000004,35.38502502441406,4.98,0.0,0
46986,237.37800000000001,9.883000000000001,-0.5,0.0,451.194,0.0,0.0,0.2,5.732,0,10.0,1.09,309.825,-0.9073,35.37,35.38502502441406,4.98,0.0,0
46986,237.207,9.873000000000001,-0.5,0.0,451.134,0.0,0.0,0.0,5.732,0,11.0,1.065,309.69,2.7960000000000003,36.9,35.38502502441406,4.98,0.0,0
46986,237.889,9.873000000000001,-0.5,0.0,450.952,0.0,0.0,0.0,5.732,0,10.0,1.055,309.825,-0.6186,38.49,35.38502502441406,4.98,0.0,0
46986,237.37800000000001,9.873000000000001,0.0,0.0,451.07300000000004,0.0,0.0,0.2,5.732,0,10.0,1.075,309.825,1.7815,39.93,35.38502502441406,4.98,0.0,0
46986,237.548,9.873000000000001,0.0,0.0,451.01300000000003,0.0,0.0,0.0,5.732,0,10.0,1.1,309.915,5.3281,39.06,35.38502502441406,4.98,0.0,0
46986,237.37800000000001,9.873000000000001,0.0,0.0,450.952,0.0,0.0,0.0,5.732,0,10.0,1.075,309.915,-0.2144,38.58,35.38502502441406,4.98,0.0,0
46986,237.37800000000001,9.863000000000001,0.5,0.0,450.831,0.0,0.0,-0.2,5.732,0,10.0,1.06,309.825,-0.3299,37.68,35.38502502441406,4.98,0.0,0
46986,237.37800000000001,9.863000000000001,-0.5,0.0,450.529,0.0,0.0,0.2,5.732,0,10.0,1.06,309.825,-0.5773,37.5,35.38502502441406,4.98,0.0,0
46986,237.207,9.863000000000001,-0.5,0.0,450.529,0.0,0.0,0.0,5.732,0,10.0,1.085,309.915,-0.7918000000000001,37.410000000000004,35.38502502441406,4.98,0.0,0
46986,237.37800000000001,9.863000000000001,-1.0,0.0,450.892,0.0,0.0,-0.2,5.732,0,11.0,1.07,309.825,-1.1217000000000001,37.68,35.38502502441406,4.98,0.0,0
46986,237.719,9.863000000000001,-0.5,0.0,450.892,0.0,0.0,0.0,5.732,0,11.0,1.06,309.825,-1.0557,37.59,35.38502502441406,4.98,0.0,0
46986,237.719,9.854000000000001,0.0,0.0,450.952,0.0,0.0,0.0,5.732,0,10.0,1.07,309.69,-3.1672000000000002,37.38,35.38502502441406,4.98,0.0,0
46986,237.889,9.854000000000001,-1.0,0.0,450.892,0.0,0.0,0.0,5.732,0,10.0,1.045,309.915,3.1672000000000002,36.15,35.38502502441406,4.98,0.0,0
46986,237.37800000000001,9.854000000000001,0.0,0.0,450.711,0.0,0.0,-0.2,5.732,0,10.0,1.055,309.915,5.4106000000000005,35.85,35.38502502441406,4.98,0.0,0
46986,237.548,9.854000000000001,-0.5,0.0,450.892,0.0,0.0,0.0,5.732,0,11.0,1.09,309.825,-1.1547,36.06,35.38502502441406,4.98,0.0,0
46986,237.719,9.854000000000001,-0.5,0.0,450.831,0.0,0.0,0.0,5.732,0,10.0,1.045,309.69,-8.3138,37.68,35.38502502441406,4.98,0.0,0
46986,237.719,9.844000000000001,0.0,0.0,450.831,0.0,0.0,0.0,5.732,0,11.0,1.04,309.825,1.6496000000000002,38.79,35.38502502441406,4.98,0.0,0
46986,237.207,9.844000000000001,-0.5,0.0,450.831,0.0,0.0,0.0,5.732,0,10.0,1.05,309.915,6.0704,39.18,35.38502502441406,4.98,0.0,0
46986,237.37800000000001,9.844000000000001,-0.5,0.0,450.831,0.0,0.0,0.0,5.732,0,11.0,1.07,309.915,3.0022,38.67,35.38502502441406,4.98,0.0,0
46986,237.719,9.844000000000001,0.0,0.0,450.831,0.0,0.0,0.2,5.732,0,10.0,1.04,309.825,-1.0557,38.01,35.38502502441406,4.98,0.0,0
46986,237.37800000000001,9.844000000000001,0.0,0.0,450.831,0.0,0.0,0.0,5.732,0,11.0,1.08,309.69,-1.4186,37.410000000000004,35.38502502441406,4.98,0.0,0
46986,237.719,9.834,0.0,0.0,450.771,0.0,0.0,-0.2,5.732,0,10.0,1.05,309.825,-1.7155,36.45,35.38502502441406,4.98,0.0,0
46986,237.548,9.834,0.0,0.0,450.892,0.0,0.0,0.0,5.732,0,11.0,1.07,309.825,-4.2229,36.78,35.38502502441406,4.98,0.0,0
46986,237.207,9.834,0.0,0.0,451.01300000000003,0.0,0.0,0.0,5.732,0,11.0,1.065,309.69,-1.7155,36.480000000000004,35.38502502441406,4.98,0.0,0
46986,237.719,9.834,0.0,0.0,451.194,0.0,0.0,0.0,5.732,0,11.0,1.055,309.69,-2.0125,36.51,35.38502502441406,4.98,0.0,0
46986,237.719,9.834,0.0,0.0,451.37600000000003,0.0,0.0,0.0,5.732,0,10.0,1.075,309.915,1.1877,36.63,35.38502502441406,4.98,0.0,0
46986,237.719,9.824,0.0,0.0,451.194,0.0,0.0,0.0,5.732,0,10.0,1.05,309.825,4.3878,36.54,35.38502502441406,4.98,0.0,0
46986,237.37800000000001,9.824,0.0,0.0,451.134,0.0,0.0,-0.2,5.732,0,10.0,1.06,309.69,-0.5279,36.72,35.38502502441406,4.98,0.0,0
46986,237.719,9.824,-1.0,0.0,450.952,0.0,0.0,0.0,5.732,0,11.0,0.99,309.915,-3.1672000000000002,37.56,35.38502502441406,4.98,0.0,0
46986,237.548,9.824,0.0,0.0,450.831,0.0,0.0,-0.2,5.732,0,10.0,1.105,309.69,-1.4516,38.7,35.38502502441406,4.98,0.0,0
46986,237.37800000000001,9.824,-0.5,0.0,450.952,0.0,0.0,-0.2,5.732,0,10.0,1.06,309.825,1.7485000000000002,38.22,35.38502502441406,4.98,0.0,0
46986,237.889,9.814,-1.0,0.0,450.831,0.0,0.0,0.0,5.732,0,11.0,1.055,309.825,0.9238000000000001,38.52,35.38502502441406,4.98,0.0,0
46986,237.719,9.814,0.0,0.0,450.831,0.0,0.0,0.0,5.732,0,10.0,1.09,309.825,-1.1547,38.52,35.38502502441406,4.98,0.0,0
46986,237.37800000000001,9.814,0.0,0.0,450.831,0.0,0.0,-0.2,5.732,0,10.0,1.035,309.825,-0.9238000000000001,38.07,35.38502502441406,4.98,0.0,0
46986,237.719,9.814,0.0,0.0,450.711,0.0,0.0,0.0,5.732,0,10.0,1.08,309.825,0.0,36.99,35.38502502441406,4.98,0.0,0
46986,237.207,9.814,-0.5,0.0,450.711,0.0,0.0,0.0,5.732,0,11.0,1.08,309.825,0.39590000000000003,36.87,35.38502502441406,4.98,0.0,0
46986,237.719,9.805,-0.5,0.0,450.831,0.0,0.0,0.0,5.732,0,10.0,1.06,309.69,-2.7465,36.45,35.38502502441406,4.98,0.0,0
46986,237.37800000000001,9.805,0.0,0.0,451.01300000000003,0.0,0.0,-0.2,5.732,0,10.0,1.055,309.825,-1.5836000000000001,35.76,35.38502502441406,4.98,0.0,0
46986,237.889,9.805,-0.5,0.0,451.255,0.0,0.0,-0.2,5.732,0,11.0,1.055,309.69,-1.2949000000000002,35.82,35.38502502441406,4.98,0.0,0
46986,237.37800000000001,9.805,-0.5,0.0,451.194,0.0,0.0,-0.2,5.732,0,11.0,1.05,309.915,3.2826,36.15,35.38502502441406,4.98,0.0,0
46986,237.37800000000001,9.805,0.0,0.0,450.952,0.0,0.0,0.0,5.732,0,10.0,1.075,309.915,2.6228000000000002,36.9,35.38502502441406,4.98,0.0,0
46986,237.207,9.795,0.0,0.0,450.952,0.0,0.0,0.0,5.732,0,11.0,1.055,309.69,3.4146,38.43,35.38502502441406,4.98,0.0,0
46986,237.548,9.795,0.0,0.0,451.01300000000003,0.0,0.0,0.0,5.732,0,11.0,1.04,309.825,-2.6888,38.94,35.38502502441406,4.98,0.0,0
46986,237.548,9.795,0.0,0.0,451.134,0.0,0.0,0.0,5.732,0,10.0,1.07,309.915,-0.47840000000000005,39.0,35.38502502441406,4.98,0.0,0
46986,237.548,9.795,-0.5,0.0,451.134,0.0,0.0,0.0,5.732,0,11.0,1.065,309.825,2.8125,38.730000000000004,35.38502502441406,4.98,0.0,0
46986,237.37800000000001,9.795,-0.5,0.0,451.01300000000003,0.0,0.0,0.0,5.732,0,10.0,1.035,309.69,-4.9899000000000004,38.64,35.38502502441406,4.98,0.0,0
46986,237.548,9.785,-0.5,0.0,451.194,0.0,0.0,-0.2,5.732,0,9.0,1.03,309.825,-4.0084,37.980000000000004,35.38502502441406,4.98,0.0,0
46986,237.37800000000001,9.785,0.0,0.0,451.37600000000003,0.0,0.0,0.0,5.732,0,11.0,1.055,309.69,1.3444,36.87,35.38502502441406,4.98,0.0,0
46986,237.719,9.785,-0.5,0.0,451.194,0.0,0.0,0.0,5.732,0,11.0,1.06,309.915,1.7403000000000002,36.42,35.38502502441406,4.98,0.0,0
46986,237.548,9.785,0.0,0.0,450.831,0.0,0.0,-0.2,5.732,0,10.0,1.04,309.915,4.3796,35.97,35.38502502441406,4.98,0.0,0
46986,237.548,9.785,-0.5,0.0,451.134,0.0,0.0,0.0,5.732,0,11.0,1.08,309.825,2.4826,35.52,35.38502502441406,4.98,0.0,0
46986,237.548,9.775,0.0,0.0,451.194,0.0,0.0,-0.2,5.732,0,10.0,1.055,309.825,-2.9692000000000003,35.64,35.38502502441406,4.98,0.0,0
46986,237.548,9.775,0.5,0.0,451.07300000000004,0.0,0.0,0.0,5.732,0,11.0,1.11,309.69,-0.9485,36.93,35.38502502441406,4.98,0.0,0
46986,237.548,9.775,-0.5,0.0,450.892,0.0,0.0,0.0,5.732,0,10.0,1.1,309.915,-0.46190000000000003,37.410000000000004,35.38502502441406,4.98,0.0,0
46986,237.37800000000001,9.775,0.0,0.0,451.134,0.0,0.0,0.0,5.732,0,10.0,1.095,309.915,0.6598,37.38,35.38502502441406,4.98,0.0,0
46986,237.719,9.775,-0.5,0.0,451.01300000000003,0.0,0.0,-0.2,5.732,0,11.0,1.085,309.825,2.3754,37.68,35.38502502441406,4.98,0.0,0
46986,237.207,9.775,-0.5,0.0,451.134,0.0,0.0,0.2,5.732,0,10.0,1.045,309.69,-1.0557,38.25,35.38502502441406,4.98,0.0,0
46986,237.889,9.766,0.0,0.0,451.194,0.0,0.0,0.0,5.732,0,10.0,1.09,309.825,-4.6848,38.7,35.38502502441406,4.98,0.0,0
46986,237.889,9.766,0.0,0.0,451.01300000000003,0.0,0.0,0.0,5.732,0,11.0,1.065,309.69,-0.9238000000000001,38.43,35.38502502441406,4.98,0.0,0
46986,237.889,9.766,0.0,0.0,450.892,0.0,0.0,0.0,5.732,0,10.0,1.065,309.915,0.099,37.89,35.38502502441406,4.98,0.0,0
46986,237.37800000000001,9.766,0.0,0.0,451.37600000000003,0.0,0.0,0.0,5.732,0,10.0,1.085,309.69,-1.7155,36.87,35.38502502441406,4.98,0.0,0
46986,237.548,9.766,0.0,0.0,451.01300000000003,0.0,0.0,0.0,5.732,0,11.0,1.05,309.825,3.596,36.21,35.38502502441406,4.98,0.0,0
46986,237.548,9.766,-0.5,0.0,451.01300000000003,0.0,0.0,0.0,5.732,0,11.0,1.11,309.915,0.9238000000000001,35.52,35.38502502441406,4.98,0.0,0
46986,237.719,9.756,0.0,0.0,451.01300000000003,0.0,0.0,0.0,5.732,0,10.0,1.085,309.825,0.4289,35.43,35.38502502441406,4.98,0.0,0
46986,237.548,9.756,0.0,0.0,451.07300000000004,0.0,0.0,0.0,5.732,0,10.0,1.09,309.69,-2.2434000000000003,35.76,35.38502502441406,4.98,0.0,0
46986,237.889,9.756,0.0,0.0,451.134,0.0,0.0,0.0,5.732,0,10.0,1.035,309.825,-1.7815,35.730000000000004,35.38502502441406,4.98,0.0,0
46986,237.207,9.756,-0.5,0.0,451.194,0.0,0.0,0.0,5.732,0,11.0,1.095,309.825,-0.132,36.75,35.38502502441406,4.98,0.0,0
46986,237.719,9.756,0.0,0.0,451.194,0.0,0.0,0.0,5.732,0,10.0,1.1,309.69,2.6393,37.14,35.38502502441406,4.98,0.0,0
46986,237.719,9.746,0.0,0.0,451.134,0.0,0.0,0.0,5.732,0,11.0,1.065,309.825,-1.1877,37.53,35.38502502441406,4.98,0.0,0
46986,237.548,9.746,-0.5,0.0,450.711,0.0,0.0,0.0,5.732,0,10.0,1.08,309.825,-0.7918000000000001,37.14,35.38502502441406,4.98,0.0,0
46986,237.719,9.746,0.0,0.0,451.134,0.0,0.0,-0.2,5.732,0,10.0,1.05,309.915,2.3754,36.57,35.38502502441406,4.98,0.0,0
46986,237.37800000000001,9.746,0.0,0.0,451.194,0.0,0.0,0.0,5.732,0,10.0,1.08,309.69,0.099,37.230000000000004,35.38502502441406,4.98,0.0,0
46986,237.548,9.746,-0.5,0.0,451.01300000000003,0.0,0.0,0.2,5.732,0,10.0,1.065,309.915,3.1672000000000002,37.92,35.38502502441406,4.98,0.0,0
46986,237.719,9.736,-0.5,0.0,451.01300000000003,0.0,0.0,0.0,5.732,0,10.0,1.07,309.915,1.3196,37.95,35.38502502441406,4.98,0.0,0
46986,237.889,9.736,-0.5,0.0,451.37600000000003,0.0,0.0,0.0,5.732,0,10.0,1.075,309.825,1.4516,36.9,35.38502502441406,4.98,0.0,0
46986,237.37800000000001,9.736,0.0,0.0,451.497,0.0,0.0,-0.2,5.732,0,11.0,1.05,309.825,-6.5323,35.52,35.38502502441406,4.98,0.0,0
46986,237.719,9.736,0.0,0.0,451.01300000000003,0.0,0.0,0.0,5.732,0,11.0,1.06,309.915,-2.3754,34.65,35.38502502441406,4.98,0.0,0
46986,237.207,9.736,-0.5,0.0,451.01300000000003,0.0,0.0,0.0,5.732,0,10.0,1.09,309.825,2.1114,34.980000000000004,35.38502502441406,4.98,0.0,0
46986,237.719,9.736,-0.5,0.0,450.892,0.0,0.0,0.0,5.732,0,10.0,1.07,309.915,4.3548,36.660000000000004,35.38502502441406,4.98,0.0,0
46986,237.37800000000001,9.727,-1.0,0.0,450.711,0.0,0.0,0.0,5.732,0,10.0,1.055,309.69,-3.5301,37.980000000000004,35.38502502441406,4.98,0.0,0
46986,237.719,9.727,-0.5,0.0,451.01300000000003,0.0,0.0,0.0,5.732,0,10.0,1.055,309.915,-1.0557,39.03,35.38502502441406,4.98,0.0,0
46986,237.37800000000001,9.727,0.0,0.0,450.892,0.0,0.0,0.0,5.732,0,10.0,1.085,309.915,3.6950000000000003,38.4,35.38502502441406,4.98,0.0,0
46986,237.548,9.727,0.0,0.0,450.892,0.0,0.0,-0.2,5.732,0,11.0,1.045,309.825,2.7713,37.29,35.38502502441406,4.98,0.0,0
46986,237.719,9.727,0.0,0.0,451.01300000000003,0.0,0.0,-0.2,5.732,0,10.0,1.065,309.825,-0.46190000000000003,36.6,35.38502502441406,4.98,0.0,0
46986,237.719,9.717,0.0,0.0,450.831,0.0,0.0,0.2,5.732,0,10.0,1.105,309.915,1.0557,36.39,35.38502502441406,4.98,0.0,0
46986,237.889,9.717,-0.5,0.0,450.831,0.0,0.0,0.0,5.732,0,10.0,1.07,309.825,1.0722,36.33,35.38502502441406,4.98,0.0,0
46986,237.719,9.717,-0.5,0.0,451.01300000000003,0.0,0.0,0.0,5.732,0,11.0,1.085,309.915,1.4351,35.79,35.38502502441406,4.98,0.0,0
46986,237.548,9.717,-0.5,0.0,450.711,0.0,0.0,-0.2,5.732,0,11.0,1.065,309.915,0.1155,35.85,35.38502502441406,4.98,0.0,0
46986,237.37800000000001,9.717,0.0,0.0,450.59000000000003,0.0,0.0,0.0,5.732,0,12.0,1.085,309.825,-1.5671000000000002,36.36,35.38502502441406,4.98,0.0,0
46986,237.719,9.717,0.0,0.0,450.952,0.0,0.0,-0.2,5.732,0,10.0,1.09,309.825,-0.3794,36.15,35.38502502441406,4.98,0.0,0
46986,237.207,9.717,0.0,0.0,450.65000000000003,0.0,0.0,0.0,5.732,0,10.0,1.09,309.69,-5.7817,35.730000000000004,35.38502502441406,4.98,0.0,0
46986,237.548,9.707,0.0,0.0,450.711,0.0,0.0,0.0,5.732,0,11.0,1.07,309.69,-3.1424000000000003,35.76,35.38502502441406,4.98,0.0,0
46986,237.37800000000001,9.707,0.0,0.0,450.59000000000003,0.0,0.0,0.0,5.732,0,11.0,1.07,309.825,-1.4351,37.17,35.38502502441406,4.98,0.0,0
46986,237.719,9.707,0.0,0.0,450.59000000000003,0.0,0.0,0.0,5.732,0,10.0,1.055,309.825,1.097,38.550000000000004,35.38502502441406,4.98,0.0,0
46986,237.37800000000001,9.707,-0.5,0.0,450.59000000000003,0.0,0.0,-0.2,5.732,0,11.0,1.045,309.825,5.806500000000001,38.79,35.38502502441406,4.98,0.0,0
46986,237.889,9.707,0.0,0.0,450.529,0.0,0.0,0.0,5.732,0,10.0,1.065,309.825,1.8475000000000001,38.31,35.38502502441406,4.98,0.0,0
46986,237.37800000000001,9.707,0.0,0.0,450.408,0.0,0.0,0.2,5.732,0,11.0,1.06,309.69,-2.9445,37.11,35.38502502441406,4.98,0.0,0
46986,237.719,9.697000000000001,-0.5,0.0,450.711,0.0,0.0,0.0,5.732,0,11.0,1.04,309.915,-1.4021000000000001,37.02,35.38502502441406,4.98,0.0,0
46986,237.719,9.697000000000001,0.0,0.0,450.59000000000003,0.0,0.0,0.0,5.732,0,10.0,1.085,309.825,2.8537000000000003,36.81,35.38502502441406,4.98,0.0,0
46986,237.548,9.697000000000001,0.0,0.0,450.408,0.0,0.0,0.0,5.732,0,11.0,1.085,309.69,2.8372,37.08,35.38502502441406,4.98,0.0,0
46986,237.207,9.697000000000001,0.0,0.0,450.59000000000003,0.0,0.0,-0.2,5.732,0,10.0,1.065,309.915,-2.4578,37.230000000000004,35.38502502441406,4.98,0.0,0
46986,237.719,9.697000000000001,-0.5,0.0,450.711,0.0,0.0,0.0,5.732,0,11.0,1.075,309.915,-2.2434000000000003,37.2,35.38502502441406,4.98,0.0,0
46986,237.207,9.697000000000001,0.0,0.0,450.831,0.0,0.0,0.0,5.732,0,11.0,1.06,309.915,2.8372,36.0,35.38502502441406,4.98,0.0,0
46986,237.548,9.688,0.0,0.0,450.831,0.0,0.0,-0.2,5.732,0,10.0,1.1,309.825,4.3548,35.1,35.38502502441406,4.98,0.0,0
46986,237.889,9.688,0.0,0.0,450.771,0.0,0.0,-0.2,5.732,0,10.0,1.08,309.825,-1.5176,35.31,35.38502502441406,4.98,0.0,0
46986,237.548,9.688,0.0,0.0,450.771,0.0,0.0,0.2,5.732,0,10.0,1.05,309.825,-2.1114,36.21,35.38502502441406,4.98,0.0,0
46986,237.37800000000001,9.688,0.0,0.0,450.831,0.0,0.0,0.2,5.732,0,11.0,1.045,309.825,0.0,37.65,35.38502502441406,4.98,0.0,0
46986,237.548,9.688,0.0,0.0,450.469,0.0,0.0,0.2,5.732,0,10.0,1.08,309.825,-1.0557,38.76,35.38502502441406,4.98,0.0,0
46986,237.719,9.688,-0.5,0.0,450.348,0.0,0.0,0.2,5.732,0,11.0,1.085,309.825,-1.0557,39.42,35.38502502441406,4.98,0.0,0
46986,237.548,9.678,-0.5,0.0,450.408,0.0,0.0,-0.2,5.732,0,10.0,1.09,309.825,1.3196,38.58,35.38502502441406,4.98,0.0,0
46986,237.548,9.678,0.0,0.0,450.711,0.0,0.0,0.2,5.732,0,10.0,1.03,309.915,0.9897,37.74,35.38502502441406,4.98,0.0,0
46986,237.889,9.678,0.0,0.0,450.711,0.0,0.0,0.0,5.732,0,10.0,1.065,309.825,-0.5279,36.81,35.38502502441406,4.98,0.0,0
46986,237.719,9.678,0.0,0.0,450.771,0.0,0.0,0.2,5.732,0,10.0,1.055,309.825,-0.5279,36.42,35.38502502441406,4.98,0.0,0
46986,237.889,9.678,-0.5,0.0,450.59000000000003,0.0,0.0,0.0,5.732,0,10.0,1.07,309.825,-3.1672000000000002,36.03,35.38502502441406,4.98,0.0,0
46986,237.207,9.678,-0.5,0.0,450.529,0.0,0.0,0.0,5.732,0,10.0,1.065,309.825,2.9032,35.97,35.38502502441406,4.98,0.0,0
46986,237.889,9.668000000000001,0.0,0.0,450.711,0.0,0.0,0.0,5.732,0,10.0,1.08,309.825,2.2434000000000003,35.97,35.38502502441406,4.98,0.0,0
46986,237.719,9.668000000000001,-0.5,0.0,450.831,0.0,0.0,0.0,5.732,0,10.0,1.06,309.69,0.099,36.33,35.38502502441406,4.98,0.0,0
46986,237.37800000000001,9.668000000000001,-0.5,0.0,450.711,0.0,0.0,0.0,5.732,0,10.0,1.035,309.825,-1.1877,36.54,35.38502502441406,4.98,0.0,0
46986,237.37800000000001,9.668000000000001,0.0,0.0,450.831,0.0,0.0,0.2,5.732,0,11.0,1.075,309.825,-1.8475000000000001,37.410000000000004,35.38502502441406,4.98,0.0,0
46986,237.719,9.668000000000001,0.0,0.0,450.711,0.0,0.0,0.0,5.732,0,10.0,1.075,309.915,4.6188,38.01,35.38502502441406,4.98,0.0,0
46986,237.548,9.668000000000001,0.0,0.0,450.711,0.0,0.0,0.2,5.732,0,10.0,1.07,309.915,-0.8578,38.76,35.38502502441406,4.98,0.0,0
46986,237.719,9.668000000000001,0.0,0.0,450.59000000000003,0.0,0.0,0.0,5.732,0,10.0,1.075,309.915,1.4516,38.58,35.38502502441406,4.98,0.0,0
46986,237.548,9.658000000000001,0.0,0.0,450.711,0.0,0.0,0.0,5.732,0,11.0,1.07,309.825,0.5938,38.160000000000004,35.38502502441406,4.98,0.0,0
46986,237.719,9.658000000000001,-0.5,0.0,451.37600000000003,0.0,0.0,-0.2,5.732,0,10.0,1.09,309.825,-2.6393,37.44,35.38502502441406,4.98,0.0,0
46986,237.719,9.658000000000001,0.0,0.0,450.831,0.0,0.0,-0.2,5.732,0,11.0,1.07,309.825,0.5938,36.84,35.38502502441406,4.98,0.0,0
46986,237.719,9.658000000000001,-0.5,0.0,451.01300000000003,0.0,0.0,0.0,5.732,0,11.0,1.055,309.825,0.2639,36.78,35.38502502441406,4.98,0.0,0
46986,237.889,9.658000000000001,0.0,0.0,450.831,0.0,0.0,0.0,5.732,0,11.0,1.075,309.915,0.9897,37.32,35.38502502441406,4.98,0.0,0
46986,237.889,9.658000000000001,0.0,0.0,450.711,0.0,0.0,0.0,5.732,0,10.0,1.04,309.915,0.39590000000000003,36.93,35.38502502441406,4.98,0.0,0
46986,237.37800000000001,9.648,0.0,0.0,450.952,0.0,0.0,0.2,5.732,0,11.0,1.055,309.915,-0.5938,36.57,35.38502502441406,4.98,0.0,0
46986,237.37800000000001,9.648,-1.0,0.0,450.952,0.0,0.0,0.0,5.732,0,11.0,1.075,309.915,-0.34640000000000004,36.54,35.38502502441406,4.98,0.0,0
46986,237.548,9.648,0.0,0.0,450.771,0.0,0.0,-0.2,5.732,0,9.0,1.06,309.825,-1.3032000000000001,36.03,35.38502502441406,4.98,0.0,0
46986,237.548,9.648,0.0,0.0,450.771,0.0,0.0,-0.2,5.732,0,10.0,1.05,309.69,-3.1259,37.35,35.38502502441406,4.98,0.0,0
46986,237.548,9.648,0.0,0.0,450.831,0.0,0.0,0.2,5.732,0,11.0,1.1,309.915,0.2639,38.730000000000004,35.38502502441406,4.98,0.0,0
46986,237.719,9.648,0.0,0.0,450.771,0.0,0.0,0.0,5.732,0,11.0,1.055,309.825,1.9135000000000002,39.36,35.38502502441406,4.98,0.0,0
46986,237.719,9.648,0.0,0.0,450.892,0.0,0.0,0.0,5.732,0,10.0,1.075,309.825,2.9445,38.7,35.38502502441406,4.98,0.0,0
46986,237.548,9.639000000000001,-0.5,0.0,450.831,0.0,0.0,0.0,5.732,0,10.0,1.055,309.825,-1.8475000000000001,38.43,35.38502502441406,4.98,0.0,0
46986,237.719,9.639000000000001,0.0,0.0,450.771,0.0,0.0,0.0,5.732,0,11.0,1.07,309.915,-0.9402,37.5,35.38502502441406,4.98,0.0,0
46986,237.548,9.639000000000001,0.0,0.0,450.711,0.0,0.0,0.0,5.732,0,10.0,1.085,309.915,3.8105,37.38,35.38502502441406,4.98,0.0,0
46986,237.889,9.639000000000001,0.0,0.0,450.831,0.0,0.0,0.0,5.732,0,10.0,1.06,309.825,0.39590000000000003,36.9,35.38502502441406,4.98,0.0,0
46986,237.889,9.639000000000001,0.0,0.0,450.952,0.0,0.0,0.2,5.732,0,11.0,1.105,309.825,-2.1114,36.33,35.38502502441406,4.98,0.0,0
46986,237.548,9.639000000000001,-0.5,0.0,450.771,0.0,0.0,0.0,5.732,0,11.0,1.07,309.915,-0.7918000000000001,36.0,35.38502502441406,4.98,0.0,0
46986,237.719,9.639000000000001,0.0,0.0,450.711,0.0,0.0,0.0,5.732,0,10.0,1.065,309.825,1.1877,36.39,35.38502502441406,4.98,0.0,0
46986,237.719,9.629000000000001,0.0,0.0,450.65000000000003,0.0,0.0,0.0,5.732,0,10.0,1.08,309.825,-0.2639,36.84,35.38502502441406,4.98,0.0,0
46986,237.719,9.629000000000001,0.0,0.0,450.348,0.0,0.0,-0.2,5.732,0,11.0,1.07,309.825,-1.4516,36.99,35.38502502441406,4.98,0.0,0
46986,237.719,9.629000000000001,-0.5,0.0,450.408,0.0,0.0,0.0,5.732,0,11.0,1.06,309.915,0.6433,37.92,35.38502502441406,4.98,0.0,0
46986,237.719,9.629000000000001,0.0,0.0,450.771,0.0,0.0,-0.2,5.732,0,11.0,1.065,309.69,-2.4166000000000003,38.19,35.38502502441406,4.98,0.0,0
46986,237.548,9.629000000000001,0.0,0.0,451.01300000000003,0.0,0.0,0.2,5.732,0,11.0,1.055,309.825,-3.9589000000000003,37.65,35.38502502441406,4.98,0.0,0
46986,237.548,9.629000000000001,0.0,0.0,450.771,0.0,0.0,0.2,5.732,0,10.0,1.055,309.825,-1.3196,36.78,35.38502502441406,4.98,0.0,0
46986,237.889,9.629000000000001,-0.5,0.0,451.01300000000003,0.0,0.0,0.0,5.732,0,10.0,1.055,309.825,3.5383,37.2,35.38502502441406,4.98,0.0,0
46986,237.37800000000001,9.619,0.0,0.0,450.831,0.0,0.0,0.0,5.732,0,11.0,1.065,309.915,2.2022,37.59,35.38502502441406,4.98,0.0,0
46986,237.719,9.619,-0.5,0.0,451.07300000000004,0.0,0.0,-0.2,5.732,0,10.0,1.045,309.915,-0.2144,37.71,35.38502502441406,4.98,0.0,0
46986,237.37800000000001,9.619,-0.5,0.0,450.892,0.0,0.0,-0.2,5.732,0,11.0,1.075,309.825,0.9897,36.99,35.38502502441406,4.98,0.0,0
46986,237.719,9.619,0.0,0.0,450.831,0.0,0.0,0.0,5.732,0,10.0,1.09,309.825,-3.1507,36.27,35.38502502441406,4.98,0.0,0
46986,237.548,9.619,-0.5,0.0,451.194,0.0,0.0,0.0,5.732,0,10.0,1.055,309.825,-2.862,35.31,35.38502502441406,4.98,0.0,0
46986,237.889,9.619,0.0,0.0,451.134,0.0,0.0,0.0,5.732,0,10.0,1.07,309.69,-0.8330000000000001,35.22,35.38502502441406,4.98,0.0,0
46986,238.06,9.619,0.0,0.0,451.255,0.0,0.0,0.0,5.732,0,10.0,1.06,309.69,-2.7713,36.09,35.38502502441406,4.98,0.0,0
46986,237.889,9.609,0.0,0.0,451.01300000000003,0.0,0.0,0.2,5.732,0,11.0,1.085,309.825,-2.9692000000000003,37.5,35.38502502441406,4.98,0.0,0
46986,237.37800000000001,9.609,0.0,0.0,450.831,0.0,0.0,0.2,5.732,0,10.0,1.06,309.825,4.4208,38.76,35.38502502441406,4.98,0.0,0
46986,237.889,9.609,0.0,0.0,450.831,0.0,0.0,0.0,5.732,0,10.0,1.075,309.915,5.897200000000001,38.94,35.38502502441406,4.98,0.0,0
46986,237.548,9.609,0.0,0.0,450.831,0.0,0.0,0.0,5.732,0,10.0,1.08,309.825,-1.2784,38.37,35.38502502441406,4.98,0.0,0
46986,237.719,9.609,0.0,0.0,451.01300000000003,0.0,0.0,0.0,5.732,0,10.0,1.095,309.825,-2.2434000000000003,38.31,35.38502502441406,4.98,0.0,0
46986,237.37800000000001,9.609,0.0,0.0,451.07300000000004,0.0,0.0,0.2,5.732,0,10.0,1.075,309.825,-3.1672000000000002,37.47,35.38502502441406,4.98,0.0,0
46986,237.548,9.609,-0.5,0.0,451.07300000000004,0.0,0.0,0.2,5.732,0,10.0,1.06,309.915,3.6950000000000003,37.35,35.38502502441406,4.98,0.0,0
46986,237.719,9.609,-0.5,0.0,451.01300000000003,0.0,0.0,0.2,5.732,0,10.0,1.105,310.005,5.938400000000001,37.26,35.38502502441406,4.98,0.0,0
46986,237.719,9.6,0.0,0.0,450.892,0.0,0.0,-0.2,5.732,0,10.0,1.05,309.915,2.3754,36.69,35.38502502441406,4.98,0.0,0
46986,237.719,9.6,0.0,0.0,450.771,0.0,0.0,0.0,5.732,0,11.0,1.065,309.825,-3.1012,35.910000000000004,35.38502502441406,4.98,0.0,0
46986,237.37800000000001,9.6,-0.5,0.0,451.315,0.0,0.0,-0.2,5.732,0,10.0,1.075,309.915,-3.9589000000000003,35.25,35.38502502441406,4.98,0.0,0
46986,237.889,9.6,0.0,0.0,451.134,0.0,0.0,0.0,5.732,0,11.0,1.05,310.005,2.5733,34.83,35.38502502441406,4.98,0.0,0
46986,237.719,9.6,-0.5,0.0,451.01300000000003,0.0,0.0,0.0,5.732,0,10.0,1.045,309.915,2.3754,35.88,35.38502502441406,4.98,0.0,0
46986,237.889,9.6,0.0,0.0,451.01300000000003,0.0,0.0,-0.2,5.732,0,10.0,1.085,309.825,-1.5176,37.65,35.38502502441406,4.98,0.0,0
46986,237.889,9.6,0.0,0.0,451.01300000000003,0.0,0.0,-0.2,5.732,0,10.0,1.025,309.69,-6.9941,38.58,35.38502502441406,4.98,0.0,0
46986,237.889,9.59,0.0,0.0,451.01300000000003,0.0,0.0,0.0,5.732,0,10.0,1.07,309.915,-4.2229,39.06,35.38502502441406,4.98,0.0,0
46986,237.889,9.59,0.0,0.0,450.831,0.0,0.0,0.0,5.732,0,10.0,1.075,309.915,3.4311000000000003,38.49,35.38502502441406,4.98,0.0,0
46986,238.06,9.59,0.0,0.0,450.831,0.0,0.0,0.0,5.732,0,11.0,1.075,309.825,3.0682,36.99,35.38502502441406,4.98,0.0,0
46986,237.719,9.59,0.0,0.0,450.892,0.0,0.0,0.0,5.732,0,10.0,1.065,309.69,-5.4106000000000005,36.84,35.38502502441406,4.98,0.0,0
46986,237.889,9.59,0.0,0.0,450.771,0.0,0.0,0.0,5.732,0,10.0,1.095,309.825,-1.7815,37.050000000000004,35.38502502441406,4.98,0.0,0
46986,237.719,9.59,0.0,0.0,451.43600000000004,0.0,0.0,0.0,5.732,0,11.0,1.04,309.915,3.0352,37.410000000000004,35.38502502441406,4.98,0.0,0
46986,237.548,9.59,-0.5,0.0,450.952,0.0,0.0,0.0,5.732,0,10.0,1.08,309.69,0.5279,37.14,35.38502502441406,4.98,0.0,0
46986,237.548,9.59,0.0,0.0,450.831,0.0,0.0,0.0,5.732,0,11.0,1.08,309.825,-3.9589000000000003,35.97,35.38502502441406,4.98,0.0,0
46986,237.889,9.58,0.0,0.0,451.134,0.0,0.0,0.0,5.732,0,10.0,1.045,309.825,-0.19790000000000002,34.83,35.38502502441406,4.98,0.0,0
46986,237.548,9.58,-0.5,0.0,450.952,0.0,0.0,0.0,5.732,0,11.0,1.03,309.825,4.7507,33.96,35.38502502441406,4.98,0.0,0
46986,237.889,9.58,0.0,0.0,450.65000000000003,0.0,0.0,0.0,5.732,0,10.0,1.06,309.915,2.5733,35.58,35.38502502441406,4.98,0.0,0
46986,237.889,9.58,0.0,0.0,450.65000000000003,0.0,0.0,-0.2,5.732,0,11.0,1.03,309.915,2.8867000000000003,35.76,35.38502502441406,4.98,0.0,0
46986,237.889,9.58,0.0,0.0,450.711,0.0,0.0,0.0,5.732,0,11.0,1.075,309.69,1.7403000000000002,37.17,35.38502502441406,4.98,0.0,0
46986,237.548,9.58,0.0,0.0,450.952,0.0,0.0,0.0,5.732,0,11.0,1.065,309.69,-4.9899000000000004,38.28,35.38502502441406,4.98,0.0,0
46986,237.889,9.58,0.0,0.0,451.194,0.0,0.0,0.2,5.732,0,10.0,1.07,309.825,-1.0392000000000001,38.64,35.38502502441406,4.98,0.0,0
46986,237.37800000000001,9.58,0.0,0.0,450.831,0.0,0.0,0.0,5.732,0,10.0,1.06,309.69,1.2949000000000002,38.43,35.38502502441406,4.98,0.0,0
46986,237.889,9.57,0.0,0.0,451.01300000000003,0.0,0.0,0.0,5.732,0,11.0,1.045,309.825,3.1424000000000003,37.050000000000004,35.38502502441406,4.98,0.0,0
46986,238.06,9.57,0.0,0.0,450.831,0.0,0.0,0.2,5.732,0,10.0,1.07,309.825,-1.4351,35.94,35.38502502441406,4.98,0.0,0
46986,237.889,9.57,0.0,0.0,450.831,0.0,0.0,-0.2,5.732,0,10.0,1.06,309.915,-2.4826,35.43,35.38502502441406,4.98,0.0,0
46986,237.719,9.57,0.0,0.0,450.831,0.0,0.0,-0.2,5.732,0,10.0,1.055,309.825,1.6001,35.85,35.38502502441406,4.98,0.0,0
46986,237.719,9.57,0.0,0.0,450.711,0.0,0.0,0.0,5.732,0,10.0,1.05,309.915,3.2166,35.910000000000004,35.38502502441406,4.98,0.0,0
46986,237.719,9.57,0.5,0.0,450.892,0.0,0.0,0.0,5.732,0,10.0,1.065,309.825,0.37120000000000003,35.82,35.38502502441406,4.98,0.0,0
46986,237.889,9.57,-0.5,0.0,450.892,0.0,0.0,0.2,5.732,0,11.0,1.085,309.69,-0.899,35.01,35.38502502441406,4.98,0.0,0
46986,237.719,9.57,0.0,0.0,450.892,0.0,0.0,0.2,5.732,0,11.0,1.1,309.825,-3.7445000000000004,34.89,35.38502502441406,4.98,0.0,0
46986,237.889,9.561,0.0,0.0,451.07300000000004,0.0,0.0,0.0,5.732,0,10.0,1.055,309.825,2.5733,35.37,35.38502502441406,4.98,0.0,0
46986,237.889,9.561,-0.5,0.0,451.194,0.0,0.0,0.2,5.732,0,10.0,1.07,309.825,3.3651,36.63,35.38502502441406,4.98,0.0,0
46986,237.719,9.561,-0.5,0.0,451.07300000000004,0.0,0.0,-0.2,5.732,0,11.0,1.065,309.825,-1.8475000000000001,37.62,35.38502502441406,4.98,0.0,0
46986,237.719,9.561,-0.5,0.0,450.831,0.0,0.0,-0.2,5.732,0,10.0,1.1,309.915,-1.7650000000000001,37.68,35.38502502441406,4.98,0.0,0
46986,237.889,9.561,0.0,0.0,451.01300000000003,0.0,0.0,0.0,5.732,0,10.0,1.06,309.825,-2.1114,37.410000000000004,35.38502502441406,4.98,0.0,0
46986,237.719,9.561,0.0,0.0,450.831,0.0,0.0,0.0,5.732,0,11.0,1.08,309.825,-1.6496000000000002,36.6,35.38502502441406,4.98,0.0,0
46986,237.719,9.561,-0.5,0.0,450.711,0.0,0.0,-0.2,5.732,0,10.0,1.055,309.825,-0.2474,36.12,35.38502502441406,4.98,0.0,0
46986,237.719,9.561,-0.5,0.0,450.408,0.0,0.0,0.0,5.732,0,11.0,1.09,309.915,5.435300000000001,35.58,35.38502502441406,4.98,0.0,0
46986,237.548,9.561,0.0,0.0,450.711,0.0,0.0,-0.2,5.732,0,11.0,1.085,309.69,1.7403000000000002,35.22,35.38502502441406,4.98,0.0,0
46986,237.548,9.551,0.0,0.0,451.01300000000003,0.0,0.0,0.0,5.732,0,10.0,1.085,309.825,-2.8372,35.1,35.38502502441406,4.98,0.0,0
46986,237.548,9.551,0.0,0.0,450.892,0.0,0.0,-0.2,5.732,0,10.0,1.06,309.825,-4.3383,34.92,35.38502502441406,4.98,0.0,0
46986,237.548,9.551,0.0,0.0,450.711,0.0,0.0,0.0,5.732,0,10.0,1.085,309.825,1.4681,35.58,35.38502502441406,4.98,0.0,0
46986,237.889,9.551,-0.5,0.0,450.711,0.0,0.0,-0.2,5.732,0,10.0,1.06,309.69,3.5218000000000003,35.910000000000004,35.38502502441406,4.98,0.0,0
46986,237.719,9.551,0.0,0.0,450.831,0.0,0.0,0.0,5.732,0,10.0,1.025,309.825,-2.5321000000000002,36.78,35.38502502441406,4.98,0.0,0
46986,237.889,9.551,-0.5,0.0,451.01300000000003,0.0,0.0,0.0,5.732,0,11.0,1.085,309.825,-1.9795,37.17,35.38502502441406,4.98,0.0,0
46986,237.889,9.551,0.0,0.0,451.01300000000003,0.0,0.0,0.0,5.732,0,11.0,1.085,309.825,-1.8475000000000001,37.230000000000004,35.38502502441406,4.98,0.0,0
46986,237.889,9.551,0.0,0.0,451.01300000000003,0.0,0.0,0.0,5.732,0,10.0,1.06,309.825,4.7507,38.04,35.38502502441406,4.98,0.0,0
46986,237.889,9.551,0.0,0.0,451.194,0.0,0.0,0.0,5.732,0,11.0,1.07,309.915,-1.3856000000000002,37.74,35.38502502441406,4.98,0.0,0
46986,237.719,9.541,-0.5,0.0,451.07300000000004,0.0,0.0,0.0,5.732,0,11.0,1.07,309.825,0.39590000000000003,37.74,35.38502502441406,4.98,0.0,0
46986,237.889,9.541,0.0,0.0,451.07300000000004,0.0,0.0,0.2,5.732,0,10.0,1.065,309.915,3.629,37.35,35.38502502441406,4.98,0.0,0
46986,237.548,9.541,0.0,0.0,451.134,0.0,0.0,-0.2,5.732,0,11.0,1.06,309.825,-2.7713,36.36,35.38502502441406,4.98,0.0,0
46986,237.889,9.541,-0.5,0.0,450.711,0.0,0.0,0.2,5.732,0,11.0,1.075,309.825,-1.5836000000000001,35.37,35.38502502441406,4.98,0.0,0
46986,237.889,9.541,0.0,0.0,450.711,0.0,0.0,-0.2,5.732,0,10.0,1.075,309.915,1.9795,35.52,35.38502502441406,4.98,0.0,0
46986,237.719,9.541,0.0,0.0,450.711,0.0,0.0,0.0,5.732,0,11.0,1.07,309.825,-1.8475000000000001,34.5,35.38502502441406,4.98,0.0,0
46986,237.719,9.541,0.0,0.0,451.01300000000003,0.0,0.0,-0.2,5.732,0,10.0,1.11,309.915,0.6598,34.980000000000004,35.38502502441406,4.98,0.0,0
46986,237.889,9.541,-0.5,0.0,451.01300000000003,0.0,0.0,0.0,5.732,0,10.0,1.055,309.825,2.1774,36.18,35.38502502441406,4.98,0.0,0
46986,237.889,9.541,0.0,0.0,450.711,0.0,0.0,0.2,5.732,0,11.0,1.055,309.825,-1.0557,37.35,35.38502502441406,4.98,0.0,0
46986,237.889,9.531,0.0,0.0,450.408,0.0,0.0,0.0,5.732,0,10.0,1.06,309.915,-1.5836000000000001,38.160000000000004,35.38502502441406,4.98,0.0,0
46986,237.548,9.531,0.0,0.0,450.408,0.0,0.0,0.2,5.732,0,10.0,1.03,309.915,2.6393,37.89,35.38502502441406,4.98,0.0,0
46986,237.889,9.531,0.0,0.0,450.831,0.0,0.0,0.0,5.732,0,10.0,1.07,309.69,-1.4846000000000001,37.14,35.38502502441406,4.98,0.0,0
46986,237.889,9.531,0.0,0.0,450.59000000000003,0.0,0.0,0.0,5.732,0,10.0,1.08,309.825,-3.8270000000000004,37.11,35.38502502441406,4.98,0.0,0
46986,237.37800000000001,9.531,0.0,0.0,450.59000000000003,0.0,0.0,-0.2,5.732,0,11.0,1.095,309.915,2.3754,36.99,35.38502502441406,4.98,0.0,0
46986,237.889,9.531,0.0,0.0,450.529,0.0,0.0,0.0,5.732,0,10.0,1.08,309.915,3.6950000000000003,36.69,35.38502502441406,4.98,0.0,0
46986,237.719,9.531,0.0,0.0,450.529,0.0,0.0,0.0,5.732,0,11.0,1.04,309.825,2.1114,36.42,35.38502502441406,4.98,0.0,0
46986,237.889,9.531,0.0,0.0,450.348,0.0,0.0,0.0,5.732,0,10.0,1.05,309.825,-0.132,35.64,35.38502502441406,4.98,0.0,0
46986,237.37800000000001,9.531,0.0,0.0,450.529,0.0,0.0,0.2,5.732,0,10.0,1.06,309.825,-3.1012,35.04,35.38502502441406,4.98,0.0,0
46986,237.889,9.521,0.0,0.0,450.831,0.0,0.0,0.2,5.732,0,10.0,1.085,309.825,1.3196,35.07,35.38502502441406,4.98,0.0,0
46986,237.889,9.521,-0.5,0.0,450.771,0.0,0.0,0.2,5.732,0,11.0,1.07,309.825,0.0,35.61,35.38502502441406,4.98,0.0,0
46986,237.889,9.521,0.0,0.0,450.711,0.0,0.0,0.0,5.732,0,10.0,1.1,309.825,0.0,35.94,35.38502502441406,4.98,0.0,0
46986,237.37800000000001,9.521,0.0,0.0,451.07300000000004,0.0,0.0,0.0,5.732,0,11.0,1.055,309.825,-1.5836000000000001,37.26,35.38502502441406,4.98,0.0,0
46986,237.548,9.521,-0.5,0.0,450.892,0.0,0.0,0.2,5.732,0,10.0,1.055,309.825,0.39590000000000003,37.92,35.38502502441406,4.98,0.0,0
46986,237.889,9.521,0.0,0.0,451.01300000000003,0.0,0.0,0.0,5.732,0,10.0,1.04,309.825,0.7918000000000001,37.17,35.38502502441406,4.98,0.0,0
46986,237.889,9.521,0.0,0.0,450.831,0.0,0.0,0.0,5.732,0,11.0,1.055,309.69,-3.6950000000000003,36.75,35.38502502441406,4.98,0.0,0
46986,237.719,9.521,0.0,0.0,450.771,0.0,0.0,0.0,5.732,0,10.0,1.085,309.915,2.5733,36.660000000000004,35.38502502441406,4.98,0.0,0
46986,237.889,9.521,0.0,0.0,450.952,0.0,0.0,-0.2,5.732,0,10.0,1.07,309.69,0.5279,36.87,35.38502502441406,4.98,0.0,0
46986,237.719,9.521,0.0,0.0,451.07300000000004,0.0,0.0,0.0,5.732,0,10.0,1.02,309.825,0.165,37.56,35.38502502441406,4.98,0.0,0
46986,237.37800000000001,9.521,0.0,0.0,451.07300000000004,0.0,0.0,0.0,5.732,0,10.0,1.03,309.825,-0.6186,37.56,35.38502502441406,4.98,0.0,0
46986,237.889,9.512,-0.5,0.0,450.711,0.0,0.0,-0.2,5.732,0,11.0,1.06,309.915,3.629,37.62,35.38502502441406,4.98,0.0,0
46986,237.889,9.512,0.0,0.0,450.711,0.0,0.0,0.0,5.732,0,11.0,1.08,309.825,2.3506,36.96,35.38502502441406,4.98,0.0,0
46986,237.719,9.512,0.0,0.0,450.711,0.0,0.0,0.2,5.732,0,11.0,1.095,309.825,-3.6950000000000003,35.730000000000004,35.38502502441406,4.98,0.0,0
46986,237.548,9.512,0.0,0.0,450.831,0.0,0.0,0.2,5.732,0,10.0,1.085,310.005,1.5836000000000001,34.95,35.38502502441406,4.98,0.0,0
46986,237.889,9.512,0.0,0.0,450.711,0.0,0.0,0.0,5.732,0,10.0,1.085,309.825,1.4516,35.37,35.38502502441406,4.98,0.0,0
46986,237.719,9.512,0.0,0.0,450.711,0.0,0.0,0.2,5.732,0,10.0,1.07,309.825,-1.0557,37.11,35.38502502441406,4.98,0.0,0
46986,237.889,9.512,0.0,0.0,450.892,0.0,0.0,0.0,5.732,0,10.0,1.055,309.915,-0.5114000000000001,38.37,35.38502502441406,4.98,0.0,0
46986,237.889,9.512,0.5,0.0,451.01300000000003,0.0,0.0,-0.2,5.732,0,10.0,1.075,309.69,-2.0207,38.58,35.38502502441406,4.98,0.0,0
46986,237.548,9.512,0.0,0.0,450.952,0.0,0.0,0.0,5.732,0,11.0,1.02,309.69,-5.6497,38.46,35.38502502441406,4.98,0.0,0
46986,237.719,9.512,0.0,0.0,451.01300000000003,0.0,0.0,0.0,5.732,0,10.0,1.05,309.825,-3.2166,38.1,35.38502502441406,4.98,0.0,0
46986,237.889,9.502,0.0,0.0,450.59000000000003,0.0,0.0,0.0,5.732,0,11.0,1.07,309.825,5.3198,37.5,35.38502502441406,4.98,0.0,0
46986,237.548,9.502,-0.5,0.0,450.711,0.0,0.0,0.2,5.732,0,11.0,1.035,309.825,3.2084,37.08,35.38502502441406,4.98,0.0,0
46986,237.719,9.502,-0.5,0.0,451.01300000000003,0.0,0.0,-0.2,5.732,0,10.0,1.075,309.825,-2.8372,37.11,35.38502502441406,4.98,0.0,0
46986,237.889,9.502,0.0,0.0,450.831,0.0,0.0,-0.2,5.732,0,10.0,1.065,309.69,-5.0559,37.35,35.38502502441406,4.98,0.0,0
46986,237.548,9.502,0.0,0.0,450.711,0.0,0.0,0.0,5.732,0,11.0,1.07,309.915,0.9732000000000001,35.88,35.38502502441406,4.98,0.0,0
46986,237.889,9.502,0.0,0.0,450.59000000000003,0.0,0.0,0.2,5.732,0,10.0,1.05,309.825,4.8580000000000005,35.28,35.38502502441406,4.98,0.0,0
46986,237.889,9.502,0.0,0.0,450.831,0.0,0.0,-0.2,5.732,0,11.0,1.095,309.915,1.3444,35.550000000000004,35.38502502441406,4.98,0.0,0
46986,237.548,9.502,0.0,0.0,451.134,0.0,0.0,0.0,5.732,0,11.0,1.065,309.825,-1.3032000000000001,36.24,35.38502502441406,4.98,0.0,0
46986,237.889,9.502,0.0,0.0,450.711,0.0,0.0,-0.2,5.732,0,10.0,1.055,309.915,1.3032000000000001,37.65,35.38502502441406,4.98,0.0,0
46986,237.889,9.502,0.0,0.0,450.711,0.0,0.0,0.0,5.732,0,11.0,1.1,309.69,-5.2538,38.730000000000004,35.38502502441406,4.98,0.0,0
46986,237.889,9.492,0.0,0.0,450.771,0.0,0.0,0.2,5.732,0,10.0,1.065,309.69,-2.6146000000000003,40.050000000000004,35.38502502441406,4.98,0.0,0
46986,237.719,9.492,0.0,0.0,450.892,0.0,0.0,0.0,5.732,0,10.0,1.1,309.825,0.9897,39.0,35.38502502441406,4.98,0.0,0
46986,237.719,9.492,0.0,0.0,450.65000000000003,0.0,0.0,0.2,5.732,0,10.0,1.09,309.825,3.1424000000000003,37.95,35.38502502441406,4.98,0.0,0
46986,237.719,9.492,0.0,0.0,450.65000000000003,0.0,0.0,0.0,5.732,0,11.0,1.07,309.915,3.2166,37.35,35.38502502441406,4.98,0.0,0
46986,238.06,9.492,0.0,0.0,450.831,0.0,0.0,0.0,5.732,0,10.0,1.045,309.825,-0.2639,37.65,35.38502502441406,4.98,0.0,0
46986,237.719,9.492,0.0,0.0,450.59000000000003,0.0,0.0,0.2,5.732,0,11.0,1.085,309.915,1.7155,37.230000000000004,35.38502502441406,4.98,0.0,0
46986,237.889,9.492,-0.5,0.0,450.529,0.0,0.0,-0.2,5.732,0,11.0,1.055,309.825,-4.998200000000001,36.81,35.38502502441406,4.98,0.0,0
46986,237.719,9.492,0.0,0.0,451.01300000000003,0.0,0.0,0.0,5.732,0,10.0,1.075,309.825,-0.7918000000000001,35.910000000000004,35.38502502441406,4.98,0.0,0
46986,237.889,9.492,0.0,0.0,451.01300000000003,0.0,0.0,0.2,5.732,0,10.0,1.08,309.69,3.2084,35.64,35.38502502441406,4.98,0.0,0
46986,237.719,9.492,0.0,0.0,450.952,0.0,0.0,0.0,5.732,0,11.0,1.055,309.915,0.0247,36.09,35.38502502441406,4.98,0.0,0
46986,237.719,9.492,0.0,0.0,450.831,0.0,0.0,0.0,5.732,0,11.0,1.065,309.915,-0.39590000000000003,36.21,35.38502502441406,4.98,0.0,0
46986,237.719,9.482000000000001,0.0,0.0,450.892,0.0,0.0,0.0,5.732,0,11.0,1.045,309.915,2.8372,37.32,35.38502502441406,4.98,0.0,0
46986,237.889,9.482000000000001,-0.5,0.0,451.194,0.0,0.0,0.0,5.732,0,11.0,1.04,309.825,3.0352,38.31,35.38502502441406,4.98,0.0,0
46986,237.889,9.482000000000001,0.0,0.0,451.01300000000003,0.0,0.0,0.0,5.732,0,9.0,1.07,309.825,-4.9487000000000005,38.67,35.38502502441406,4.98,0.0,0
46986,237.889,9.482000000000001,0.0,0.0,450.831,0.0,0.0,0.0,5.732,0,11.0,1.055,309.825,-2.2434000000000003,38.34,35.38502502441406,4.98,0.0,0
46986,237.889,9.482000000000001,0.0,0.0,450.952,0.0,0.0,-0.2,5.732,0,10.0,1.1,309.915,2.5733,38.25,35.38502502441406,4.98,0.0,0
46986,237.719,9.482000000000001,0.0,0.0,450.831,0.0,0.0,0.0,5.732,0,11.0,1.06,309.915,2.6393,37.68,35.38502502441406,4.98,0.0,0
46986,237.889,9.482000000000001,0.0,0.0,450.831,0.0,0.0,0.0,5.732,0,10.0,1.09,309.825,0.0,36.99,35.38502502441406,4.98,0.0,0
46986,237.889,9.482000000000001,0.0,0.0,450.529,0.0,0.0,0.0,5.732,0,10.0,1.055,309.825,-1.3196,36.06,35.38502502441406,4.98,0.0,0
46986,237.719,9.482000000000001,0.0,0.0,450.771,0.0,0.0,-0.2,5.732,0,11.0,1.055,309.69,-2.4743,36.06,35.38502502441406,4.98,0.0,0
46986,237.889,9.482000000000001,-0.5,0.0,451.194,0.0,0.0,0.0,5.732,0,10.0,1.065,309.69,-5.2786,36.0,35.38502502441406,4.98,0.0,0
46986,237.719,9.482000000000001,0.0,0.0,451.134,0.0,0.0,0.0,5.732,0,11.0,1.055,309.825,0.0,36.06,35.38502502441406,4.98,0.0,0
46986,237.889,9.473,0.0,0.0,451.134,0.0,0.0,0.0,5.732,0,11.0,1.125,309.825,3.9589000000000003,36.36,35.38502502441406,4.98,0.0,0
46986,237.889,9.473,0.0,0.0,451.194,0.0,0.0,0.0,5.732,0,10.0,1.095,309.825,1.4846000000000001,37.17,35.38502502441406,4.98,0.0,0
46986,237.889,9.473,0.0,0.0,450.711,0.0,0.0,0.2,5.732,0,10.0,1.05,309.915,3.1672000000000002,37.86,35.38502502441406,4.98,0.0,0
46986,237.889,9.473,-0.5,0.0,450.711,0.0,0.0,-0.2,5.732,0,11.0,1.02,309.69,-0.9567,38.76,35.38502502441406,4.98,0.0,0
46986,237.548,9.473,0.0,0.0,450.711,0.0,0.0,0.0,5.732,0,10.0,1.065,309.69,-8.049900000000001,38.94,35.38502502441406,4.98,0.0,0
46986,237.889,9.473,0.0,0.0,451.01300000000003,0.0,0.0,0.2,5.732,0,11.0,1.075,309.69,-2.4743,39.03,35.38502502441406,4.98,0.0,0
46986,237.719,9.473,0.0,0.0,450.892,0.0,0.0,-0.2,5.732,0,10.0,1.09,309.825,4.7507,38.46,35.38502502441406,4.98,0.0,0
46986,237.719,9.473,0.0,0.0,451.07300000000004,0.0,0.0,0.2,5.732,0,11.0,1.075,309.69,0.7918000000000001,37.74,35.38502502441406,4.98,0.0,0
46986,237.548,9.473,0.0,0.0,451.315,0.0,0.0,0.2,5.732,0,9.0,1.04,309.825,1.5836000000000001,37.050000000000004,35.38502502441406,4.98,0.0,0
46986,237.889,9.473,0.0,0.0,451.01300000000003,0.0,0.0,0.2,5.732,0,11.0,1.055,309.915,2.8372,36.39,35.38502502441406,4.98,0.0,0
46986,237.719,9.473,0.0,0.0,451.194,0.0,0.0,-0.2,5.732,0,11.0,1.08,309.825,4.6188,35.58,35.38502502441406,4.98,0.0,0
46986,237.548,9.463000000000001,-0.5,0.0,451.255,0.0,0.0,0.0,5.732,0,10.0,1.09,309.825,-2.1114,35.97,35.38502502441406,4.98,0.0,0
46986,237.548,9.463000000000001,0.0,0.0,450.711,0.0,0.0,0.0,5.732,0,10.0,1.055,309.69,-5.938400000000001,36.660000000000004,35.38502502441406,4.98,0.0,0
46986,237.889,9.463000000000001,0.0,0.0,450.831,0.0,0.0,0.0,5.732,0,11.0,1.095,309.69,-3.596,37.32,35.38502502441406,4.98,0.0,0
46986,237.37800000000001,9.463000000000001,0.0,0.0,450.831,0.0,0.0,0.0,5.732,0,11.0,1.045,309.915,2.5073000000000003,37.800000000000004,35.38502502441406,4.98,0.0,0
46986,237.889,9.463000000000001,0.0,0.0,450.711,0.0,0.0,0.0,5.732,0,10.0,1.065,309.825,2.8043,38.34,35.38502502441406,4.98,0.0,0
46986,237.37800000000001,9.463000000000001,0.0,0.0,450.711,0.0,0.0,0.0,5.732,0,11.0,1.105,309.825,2.0867,38.37,35.38502502441406,4.98,0.0,0
46986,237.719,9.463000000000001,0.0,0.0,450.771,0.0,0.0,0.0,5.732,0,11.0,1.1,309.825,-2.7960000000000003,38.550000000000004,35.38502502441406,4.98,0.0,0
46986,237.548,9.463000000000001,0.0,0.0,450.952,0.0,0.0,0.0,5.732,0,10.0,1.085,309.915,0.3299,38.85,35.38502502441406,4.98,0.0,0
46986,237.719,9.463000000000001,0.0,0.0,450.711,0.0,0.0,0.0,5.732,0,10.0,1.065,309.915,2.5568,37.95,35.38502502441406,4.98,0.0,0
46986,237.889,9.463000000000001,-0.5,0.0,450.469,0.0,0.0,0.0,5.732,0,11.0,1.055,309.69,0.3299,37.74,35.38502502441406,4.98,0.0,0
46986,237.548,9.463000000000001,0.0,0.0,450.771,0.0,0.0,-0.2,5.732,0,10.0,1.08,309.69,-3.4558,37.2,35.38502502441406,4.98,0.0,0
46986,237.719,9.463000000000001,0.0,0.0,450.711,0.0,0.0,0.2,5.732,0,11.0,1.07,309.825,-5.476500000000001,36.51,35.38502502441406,4.98,0.0,0
46986,237.889,9.453000000000001,-1.0,0.0,450.771,0.0,0.0,0.0,5.732,0,10.0,1.06,309.69,1.7815,36.21,35.38502502441406,4.98,0.0,0
46986,237.719,9.453000000000001,0.0,0.0,450.711,0.0,0.0,0.0,5.732,0,11.0,1.085,309.825,4.4208,35.94,35.38502502441406,4.98,0.0,0
46986,237.719,9.453000000000001,0.0,0.0,451.07300000000004,0.0,0.0,0.2,5.732,0,11.0,1.075,309.825,0.7258,36.03,35.38502502441406,4.98,0.0,0
46986,237.37800000000001,9.453000000000001,0.5,0.0,451.01300000000003,0.0,0.0,0.0,5.732,0,11.0,1.065,309.69,-0.767,36.36,35.38502502441406,4.98,0.0,0
46986,237.889,9.453000000000001,0.0,0.0,450.952,0.0,0.0,0.2,5.732,0,10.0,1.05,309.825,-5.344600000000001,36.99,35.38502502441406,4.98,0.0,0
46986,237.889,9.453000000000001,0.0,0.0,450.831,0.0,0.0,0.0,5.732,0,11.0,1.08,309.915,2.029,37.86,35.38502502441406,4.98,0.0,0
46986,237.719,9.453000000000001,-0.5,0.0,450.59000000000003,0.0,0.0,0.0,5.732,0,10.0,1.085,309.825,8.0911,37.92,35.38502502441406,4.98,0.0,0
46986,237.719,9.453000000000001,-0.5,0.0,450.711,0.0,0.0,0.0,5.732,0,11.0,1.08,309.69,-1.6496000000000002,37.56,35.38502502441406,4.98,0.0,0
46986,237.889,9.453000000000001,0.0,0.0,450.65000000000003,0.0,0.0,-0.2,5.732,0,10.0,1.065,309.915,-2.9032,37.44,35.38502502441406,4.98,0.0,0
46986,237.719,9.453000000000001,-0.5,0.0,450.59000000000003,0.0,0.0,0.2,5.732,0,11.0,1.075,309.825,1.996,36.81,35.38502502441406,4.98,0.0,0
46986,237.889,9.453000000000001,-0.5,0.0,450.831,0.0,0.0,-0.2,5.732,0,12.0,1.08,309.69,2.2434000000000003,37.230000000000004,35.38502502441406,4.98,0.0,0
46986,238.06,9.453000000000001,0.0,0.0,451.134,0.0,0.0,0.0,5.732,0,12.0,1.085,309.825,-3.6125000000000003,37.230000000000004,35.38502502441406,4.98,0.0,0
46986,237.889,9.453000000000001,0.0,0.0,451.01300000000003,0.0,0.0,-0.2,5.732,0,9.0,1.085,309.825,-3.0352,37.230000000000004,35.38502502441406,4.98,0.0,0
46986,238.06,9.443,0.0,0.0,450.831,0.0,0.0,-0.2,5.732,0,11.0,1.035,309.825,-0.7918000000000001,36.480000000000004,35.38502502441406,4.98,0.0,0
46986,237.889,9.443,-0.5,0.0,450.831,0.0,0.0,-0.2,5.732,0,11.0,1.08,309.915,5.0147,35.58,35.38502502441406,4.98,0.0,0
46986,238.06,9.443,0.0,0.0,450.831,0.0,0.0,-0.2,5.732,0,11.0,1.06,309.915,3.8930000000000002,34.92,35.38502502441406,4.98,0.0,0
46986,237.548,9.443,0.0,0.0,450.952,0.0,0.0,0.0,5.732,0,11.0,1.03,309.825,0.0,35.1,35.38502502441406,4.98,0.0,0
46986,237.719,9.443,0.0,0.0,450.831,0.0,0.0,0.0,5.732,0,10.0,1.065,309.825,-1.5176,36.96,35.38502502441406,4.98,0.0,0
46986,237.719,9.443,0.0,0.0,451.07300000000004,0.0,0.0,0.0,5.732,0,11.0,1.055,309.69,-6.5982,37.62,35.38502502441406,4.98,0.0,0
46986,237.719,9.443,0.0,0.0,451.01300000000003,0.0,0.0,0.0,5.732,0,10.0,0.99,309.915,1.7815,37.77,35.38502502441406,4.98,0.0,0
46986,237.889,9.443,0.0,0.0,451.01300000000003,0.0,0.0,-0.2,5.732,0,11.0,1.11,309.915,6.0704,37.29,35.38502502441406,4.98,0.0,0
46986,237.719,9.443,0.0,0.0,451.01300000000003,0.0,0.0,0.2,5.732,0,11.0,1.075,309.825,0.4289,37.35,35.38502502441406,4.98,0.0,0
46986,237.719,9.443,0.0,0.0,451.134,0.0,0.0,0.0,5.732,0,11.0,1.06,309.825,-2.6393,37.2,35.38502502441406,4.98,0.0,0
46986,237.548,9.443,0.0,0.0,451.07300000000004,0.0,0.0,0.2,5.732,0,12.0,1.035,309.825,-0.9897,36.99,35.38502502441406,4.98,0.0,0
46986,237.719,9.443,0.0,0.0,451.255,0.0,0.0,0.0,5.732,0,11.0,1.085,309.825,0.0,37.26,35.38502502441406,4.98,0.0,0
46986,237.889,9.443,0.0,0.0,451.255,0.0,0.0,0.0,5.732,0,11.0,1.075,309.825,0.0,37.230000000000004,35.38502502441406,4.98,0.0,0
46986,237.548,9.434000000000001,0.0,0.0,451.194,0.0,0.0,0.0,5.732,0,10.0,1.055,309.915,1.4351,37.47,35.38502502441406,4.98,0.0,0
46986,237.889,9.434000000000001,0.0,0.0,450.469,0.0,0.0,0.0,5.732,0,10.0,1.095,309.825,-1.9135000000000002,36.0,35.38502502441406,4.98,0.0,0
46986,237.889,9.434000000000001,0.0,0.0,450.408,0.0,0.0,0.0,5.732,0,11.0,1.07,309.825,-1.2537,35.46,35.38502502441406,4.98,0.0,0
46986,237.889,9.434000000000001,0.0,0.0,450.529,0.0,0.0,0.0,5.732,0,12.0,1.09,309.825,1.1382,35.160000000000004,35.38502502441406,4.98,0.0,0
46986,237.719,9.434000000000001,0.0,0.0,450.65000000000003,0.0,0.0,0.0,5.732,0,10.0,1.055,309.915,-0.1072,35.61,35.38502502441406,4.98,0.0,0
46986,237.889,9.434000000000001,0.0,0.0,450.831,0.0,0.0,0.0,5.732,0,10.0,1.04,309.69,-3.5383,37.17,35.38502502441406,4.98,0.0,0
46986,237.719,9.434000000000001,0.0,0.0,450.831,0.0,0.0,0.0,5.732,0,11.0,1.05,309.825,-0.066,38.550000000000004,35.38502502441406,4.98,0.0,0
46986,238.06,9.434000000000001,0.0,0.0,451.01300000000003,0.0,0.0,0.0,5.732,0,11.0,1.07,309.825,-0.4454,38.7,35.38502502441406,4.98,0.0,0
46986,237.889,9.434000000000001,0.0,0.0,450.711,0.0,0.0,0.0,5.732,0,10.0,1.06,309.825,2.7713,38.22,35.38502502441406,4.98,0.0,0
46986,237.889,9.434000000000001,0.0,0.0,450.65000000000003,0.0,0.0,0.0,5.732,0,11.0,1.05,309.825,-2.1774,37.59,35.38502502441406,4.98,0.0,0
46986,237.37800000000001,9.434000000000001,0.5,0.0,450.469,0.0,0.0,-0.2,5.732,0,11.0,1.07,309.915,-1.1382,36.81,35.38502502441406,4.98,0.0,0
46986,237.889,9.434000000000001,0.0,0.0,450.529,0.0,0.0,0.0,5.732,0,11.0,1.06,309.825,4.024900000000001,36.300000000000004,35.38502502441406,4.98,0.0,0
46986,237.889,9.434000000000001,0.0,0.0,450.831,0.0,0.0,-0.2,5.732,0,10.0,1.05,309.825,1.8887,36.09,35.38502502441406,4.98,0.0,0
46986,237.889,9.424000000000001,0.0,0.0,450.831,0.0,0.0,0.0,5.732,0,11.0,1.1,309.825,1.4681,35.58,35.38502502441406,4.98,0.0,0
46986,237.719,9.424000000000001,0.0,0.0,450.711,0.0,0.0,0.0,5.732,0,11.0,1.08,309.825,0.2639,35.25,35.38502502441406,4.98,0.0,0
46986,237.719,9.424000000000001,0.0,0.0,450.771,0.0,0.0,0.0,5.732,0,11.0,1.055,309.825,-1.1877,35.25,35.38502502441406,4.98,0.0,0
46986,237.719,9.424000000000001,0.0,0.0,451.07300000000004,0.0,0.0,-0.2,5.732,0,10.0,1.08,309.69,-2.7960000000000003,35.49,35.38502502441406,4.98,0.0,0
46986,237.889,9.424000000000001,0.0,0.0,450.771,0.0,0.0,0.0,5.732,0,11.0,1.08,309.825,-0.7258,36.84,35.38502502441406,4.98,0.0,0
46986,237.719,9.424000000000001,0.0,0.0,450.59000000000003,0.0,0.0,0.0,5.732,0,11.0,1.06,309.915,2.8207,38.730000000000004,35.38502502441406,4.98,0.0,0
46986,237.889,9.424000000000001,-0.5,0.0,450.892,0.0,0.0,0.0,5.732,0,11.0,1.075,309.825,3.0764,39.300000000000004,35.38502502441406,4.98,0.0,0
46986,237.548,9.424000000000001,0.0,0.0,451.194,0.0,0.0,0.0,5.732,0,10.0,1.105,309.825,-1.3032000000000001,39.15,35.38502502441406,4.98,0.0,0
46986,237.719,9.424000000000001,-0.5,0.0,451.194,0.0,0.0,0.0,5.732,0,10.0,1.07,309.825,-1.0557,39.06,35.38502502441406,4.98,0.0,0
46986,237.889,9.424000000000001,0.0,0.0,451.07300000000004,0.0,0.0,-0.2,5.732,0,11.0,1.085,309.69,-4.0579,37.47,35.38502502441406,4.98,0.0,0
46986,237.548,9.424000000000001,-0.5,0.0,451.01300000000003,0.0,0.0,0.2,5.732,0,11.0,1.05,309.69,-3.9589000000000003,36.39,35.38502502441406,4.98,0.0,0
46986,237.719,9.424000000000001,0.0,0.0,450.892,0.0,0.0,0.2,5.732,0,11.0,1.05,309.825,1.0557,36.51,35.38502502441406,4.98,0.0,0
46986,237.889,9.424000000000001,0.0,0.0,451.315,0.0,0.0,-0.2,5.732,0,10.0,1.055,309.825,3.6950000000000003,36.300000000000004,35.38502502441406,4.98,0.0,0
46986,237.889,9.414,-0.5,0.0,451.194,0.0,0.0,0.0,5.732,0,10.0,1.07,309.825,0.9567,36.36,35.38502502441406,4.98,0.0,0
46986,237.719,9.414,0.0,0.0,450.831,0.0,0.0,-0.2,5.732,0,10.0,1.09,309.915,-0.39590000000000003,36.33,35.38502502441406,4.98,0.0,0
46986,237.889,9.414,0.0,0.0,451.01300000000003,0.0,0.0,-0.2,5.732,0,9.0,1.04,309.69,-2.5403000000000002,35.910000000000004,35.38502502441406,4.98,0.0,0
46986,237.719,9.414,0.0,0.0,451.01300000000003,0.0,0.0,-0.2,5.732,0,11.0,1.095,309.915,1.8475000000000001,36.09,35.38502502441406,4.98,0.0,0
46986,237.889,9.414,0.0,0.0,450.831,0.0,0.0,0.0,5.732,0,11.0,1.105,309.825,-0.9897,36.27,35.38502502441406,4.98,0.0,0
46986,237.548,9.414,0.0,0.0,451.01300000000003,0.0,0.0,0.0,5.732,0,11.0,1.08,309.825,2.6393,37.35,35.38502502441406,4.98,0.0,0
46986,238.06,9.414,0.0,0.0,451.01300000000003,0.0,0.0,0.0,5.732,0,11.0,1.055,309.825,-2.3094,38.160000000000004,35.38502502441406,4.98,0.0,0
46986,237.889,9.414,-0.5,0.0,451.01300000000003,0.0,0.0,0.0,5.732,0,11.0,1.035,309.915,-2.1114,38.28,35.38502502441406,4.98,0.0,0
46986,238.06,9.414,0.0,0.0,451.07300000000004,0.0,0.0,0.0,5.732,0,11.0,1.07,309.825,0.5279,38.550000000000004,35.38502502441406,4.98,0.0,0
46986,237.889,9.414,0.0,0.0,450.952,0.0,0.0,0.2,5.732,0,11.0,1.06,309.825,2.5073000000000003,37.59,35.38502502441406,4.98,0.0,0
46986,237.889,9.414,0.0,0.0,451.01300000000003,0.0,0.0,0.0,5.732,0,11.0,1.055,309.825,-0.9897,37.86,35.38502502441406,4.98,0.0,0
46986,237.889,9.414,0.0,0.0,451.134,0.0,0.0,0.0,5.732,0,11.0,1.035,309.825,-1.3196,36.93,35.38502502441406,4.98,0.0,0
46986,237.889,9.414,0.0,0.0,451.194,0.0,0.0,0.2,5.732,0,10.0,1.045,309.825,1.0557,36.24,35.38502502441406,4.98,0.0,0
46986,237.889,9.404,-0.5,0.0,451.194,0.0,0.0,0.0,5.732,0,11.0,1.065,309.915,2.9032,36.33,35.38502502441406,4.98,0.0,0
46986,237.719,9.404,0.0,0.0,451.07300000000004,0.0,0.0,-0.2,5.732,0,12.0,1.08,309.69,-4.1239,36.63,35.38502502441406,4.98,0.0,0
46986,237.719,9.404,0.0,0.0,451.194,0.0,0.0,0.0,5.732,0,11.0,1.045,309.915,0.2639,36.54,35.38502502441406,4.98,0.0,0
46986,237.548,9.404,0.0,0.0,451.07300000000004,0.0,0.0,0.0,5.732,0,10.0,1.065,309.825,5.344600000000001,37.08,35.38502502441406,4.98,0.0,0
46986,237.719,9.404,0.0,0.0,451.07300000000004,0.0,0.0,-0.2,5.732,0,12.0,1.08,309.69,-2.1114,37.71,35.38502502441406,4.98,0.0,0
46986,237.889,9.404,0.0,0.0,451.194,0.0,0.0,0.0,5.732,0,11.0,1.085,309.825,-2.3094,38.550000000000004,35.38502502441406,4.98,0.0,0
46986,237.889,9.404,0.0,0.0,451.315,0.0,0.0,0.0,5.732,0,11.0,1.05,309.825,-1.3196,38.19,35.38502502441406,4.98,0.0,0
46986,237.889,9.404,0.0,0.0,451.37600000000003,0.0,0.0,0.0,5.732,0,11.0,1.085,309.915,-0.6928000000000001,38.61,35.38502502441406,4.98,0.0,0
46986,238.06,9.404,0.0,0.0,451.255,0.0,0.0,0.0,5.732,0,10.0,1.1,309.69,0.0,38.730000000000004,35.38502502441406,4.98,0.0,0
46986,237.548,9.404,0.0,0.0,451.194,0.0,0.0,0.0,5.732,0,10.0,1.06,309.915,-2.7053000000000003,38.43,35.38502502441406,4.98,0.0,0
46986,237.719,9.404,0.0,0.0,451.194,0.0,0.0,-0.2,5.732,0,10.0,1.085,309.915,-0.39590000000000003,37.86,35.38502502441406,4.98,0.0,0
46986,237.889,9.404,0.0,0.0,450.711,0.0,0.0,0.0,5.732,0,11.0,1.045,309.915,5.1136,36.51,35.38502502441406,4.98,0.0,0
46986,237.889,9.404,0.0,0.0,450.711,0.0,0.0,0.0,5.732,0,10.0,1.075,309.825,-0.132,35.85,35.38502502441406,4.98,0.0,0
46986,237.889,9.404,0.0,0.0,450.711,0.0,0.0,0.2,5.732,0,10.0,1.06,309.69,-0.6846,35.94,35.38502502441406,4.98,0.0,0
46986,238.06,9.404,0.0,0.0,450.711,0.0,0.0,0.0,5.732,0,11.0,1.055,309.69,-6.425000000000001,36.18,35.38502502441406,4.98,0.0,0
46986,237.889,9.395,-0.5,0.0,450.771,0.0,0.0,0.2,5.732,0,11.0,1.085,309.825,-4.4043,36.6,35.38502502441406,4.98,0.0,0
46986,237.548,9.395,0.0,0.0,450.711,0.0,0.0,0.0,5.732,0,11.0,1.055,309.825,0.7918000000000001,36.93,35.38502502441406,4.98,0.0,0
46986,237.889,9.395,0.0,0.0,451.134,0.0,0.0,0.0,5.732,0,11.0,1.07,310.005,4.3631,37.14,35.38502502441406,4.98,0.0,0
46986,237.889,9.395,0.0,0.0,451.01300000000003,0.0,0.0,0.0,5.732,0,11.0,1.085,309.825,5.847700000000001,37.59,35.38502502441406,4.98,0.0,0
46986,237.889,9.395,0.0,0.0,451.37600000000003,0.0,0.0,-0.2,5.732,0,10.0,1.045,309.825,-5.0147,37.980000000000004,35.38502502441406,4.98,0.0,0
46986,237.889,9.395,0.0,0.0,451.37600000000003,0.0,0.0,-0.2,5.732,0,11.0,1.085,309.69,-5.7157,38.34,35.38502502441406,4.98,0.0,0
46986,237.889,9.395,0.0,0.0,451.07300000000004,0.0,0.0,0.0,5.732,0,10.0,1.035,309.825,3.8930000000000002,38.79,35.38502502441406,4.98,0.0,0
46986,237.719,9.395,0.0,0.0,451.07300000000004,0.0,0.0,0.0,5.732,0,11.0,1.075,309.915,3.3239,38.79,35.38502502441406,4.98,0.0,0
46986,237.719,9.395,0.0,0.0,451.37600000000003,0.0,0.0,0.0,5.732,0,11.0,1.075,309.915,4.9074,38.07,35.38502502441406,4.98,0.0,0
46986,237.889,9.395,-0.5,0.0,451.255,0.0,0.0,0.2,5.732,0,11.0,1.075,309.69,-4.9899000000000004,36.93,35.38502502441406,4.98,0.0,0
46986,237.889,9.395,0.0,0.0,451.255,0.0,0.0,0.0,5.732,0,10.0,1.09,309.69,-8.7344,35.58,35.38502502441406,4.98,0.0,0
46986,237.889,9.395,0.0,0.0,451.134,0.0,0.0,0.0,5.732,0,11.0,1.03,309.825,-1.4351,35.4,35.38502502441406,4.98,0.0,0
46986,237.889,9.395,0.0,0.0,450.831,0.0,0.0,0.2,5.732,0,11.0,1.05,309.825,2.3506,35.910000000000004,35.38502502441406,4.98,0.0,0
46986,237.37800000000001,9.395,0.0,0.0,451.255,0.0,0.0,-0.2,5.732,0,11.0,1.07,309.825,3.5383,36.27,35.38502502441406,4.98,0.0,0
46986,237.719,9.385,-0.5,0.0,451.617,0.0,0.0,-0.2,5.732,0,10.0,1.085,309.825,2.1774,37.29,35.38502502441406,4.98,0.0,0
46986,237.719,9.385,0.0,0.0,451.497,0.0,0.0,0.0,5.732,0,11.0,1.07,309.915,1.4351,38.31,35.38502502441406,4.98,0.0,0
46986,237.719,9.385,0.0,0.0,451.617,0.0,0.0,0.0,5.732,0,10.0,1.06,309.825,-3.6950000000000003,38.61,35.38502502441406,4.98,0.0,0
46986,237.37800000000001,9.385,0.0,0.0,451.557,0.0,0.0,0.2,5.732,0,10.0,1.055,309.915,0.3794,38.4,35.38502502441406,4.98,0.0,0
46986,237.889,9.385,0.0,0.0,451.43600000000004,0.0,0.0,0.0,5.732,0,10.0,1.08,309.825,2.7878000000000003,38.04,35.38502502441406,4.98,0.0,0
46986,238.06,9.385,-0.5,0.0,451.07300000000004,0.0,0.0,-0.2,5.732,0,11.0,1.04,309.825,-2.0702000000000003,36.96,35.38502502441406,4.98,0.0,0
46986,237.889,9.385,0.0,0.0,451.01300000000003,0.0,0.0,0.2,5.732,0,10.0,1.065,309.915,0.5938,36.87,35.38502502441406,4.98,0.0,0
46986,237.889,9.385,0.0,0.0,451.194,0.0,0.0,0.2,5.732,0,11.0,1.07,309.825,3.1012,36.72,35.38502502441406,4.98,0.0,0
46986,237.719,9.385,0.0,0.0,451.37600000000003,0.0,0.0,0.0,5.732,0,11.0,1.08,309.825,0.39590000000000003,36.87,35.38502502441406,4.98,0.0,0
46986,238.06,9.385,-0.5,0.0,451.134,0.0,0.0,0.2,5.732,0,11.0,1.08,309.825,-1.8310000000000002,36.87,35.38502502441406,4.98,0.0,0
46986,237.889,9.385,0.0,0.0,450.952,0.0,0.0,-0.2,5.732,0,10.0,1.085,309.915,-0.41240000000000004,35.88,35.38502502441406,4.98,0.0,0
46986,237.889,9.385,-0.5,0.0,451.01300000000003,0.0,0.0,0.2,5.732,0,11.0,1.08,309.825,0.41240000000000004,35.49,35.38502502441406,4.98,0.0,0
46986,237.889,9.385,0.0,0.0,450.952,0.0,0.0,0.0,5.732,0,11.0,1.075,309.825,0.7918000000000001,35.550000000000004,35.38502502441406,4.98,0.0,0
46986,237.719,9.385,0.0,0.0,451.01300000000003,0.0,0.0,0.2,5.732,0,10.0,1.055,309.915,1.5176,36.69,35.38502502441406,4.98,0.0,0
46986,237.719,9.385,0.0,0.0,451.194,0.0,0.0,0.0,5.732,0,10.0,1.09,309.69,-4.0909,38.01,35.38502502441406,4.98,0.0,0
46986,237.889,9.375,0.0,0.0,451.678,0.0,0.0,0.2,5.732,0,10.0,1.085,309.825,-2.9032,38.31,35.38502502441406,4.98,0.0,0
46986,237.889,9.375,-0.5,0.0,451.315,0.0,0.0,0.0,5.732,0,10.0,1.06,309.825,-0.6598,38.25,35.38502502441406,4.98,0.0,0
46986,237.889,9.375,0.0,0.0,451.37600000000003,0.0,0.0,0.0,5.732,0,11.0,1.08,309.825,2.5403000000000002,37.77,35.38502502441406,4.98,0.0,0
46986,237.889,9.375,0.0,0.0,451.37600000000003,0.0,0.0,0.0,5.732,0,10.0,1.055,309.915,1.5836000000000001,37.230000000000004,35.38502502441406,4.98,0.0,0
46986,237.719,9.375,0.0,0.0,451.37600000000003,0.0,0.0,0.2,5.732,0,10.0,1.05,309.69,-2.5403000000000002,38.13,35.38502502441406,4.98,0.0,0
46986,237.889,9.375,0.0,0.0,451.557,0.0,0.0,-0.2,5.732,0,10.0,1.08,309.825,-0.6598,38.160000000000004,35.38502502441406,4.98,0.0,0
46986,237.889,9.375,-0.5,0.0,451.86,0.0,0.0,-0.2,5.732,0,12.0,1.05,309.825,-0.19790000000000002,37.71,35.38502502441406,4.98,0.0,0
46986,237.719,9.375,0.0,0.0,451.557,0.0,0.0,-0.2,5.732,0,10.0,1.07,309.825,2.7713,36.42,35.38502502441406,4.98,0.0,0
46986,238.06,9.375,0.0,0.0,451.255,0.0,0.0,0.0,5.732,0,11.0,1.06,309.825,-1.3196,36.06,35.38502502441406,4.98,0.0,0
46986,237.889,9.375,0.0,0.0,451.37600000000003,0.0,0.0,0.0,5.732,0,12.0,1.075,309.825,-1.9795,35.31,35.38502502441406,4.98,0.0,0
46986,238.06,9.375,0.0,0.0,451.37600000000003,0.0,0.0,0.0,5.732,0,10.0,1.045,309.825,0.0,35.19,35.38502502441406,4.98,0.0,0
46986,237.889,9.375,0.0,0.0,451.255,0.0,0.0,0.0,5.732,0,10.0,1.04,309.825,0.0,36.63,35.38502502441406,4.98,0.0,0
46986,238.06,9.375,0.0,0.0,451.255,0.0,0.0,-0.2,5.732,0,11.0,1.05,309.915,2.5733,37.59,35.38502502441406,4.98,0.0,0
46986,237.719,9.375,-0.5,0.0,451.43600000000004,0.0,0.0,0.2,5.732,0,11.0,1.055,309.825,1.0557,38.82,35.38502502441406,4.98,0.0,0
46986,237.719,9.375,0.0,0.0,451.43600000000004,0.0,0.0,-0.2,5.732,0,11.0,1.085,309.69,-2.0125,38.58,35.38502502441406,4.98,0.0,0
46986,237.889,9.365,-0.5,0.0,451.194,0.0,0.0,0.0,5.732,0,11.0,1.07,309.69,-6.0704,38.1,35.38502502441406,4.98,0.0,0
46986,238.06,9.365,0.0,0.0,451.255,0.0,0.0,0.0,5.732,0,11.0,1.08,309.825,-1.5836000000000001,37.47,35.38502502441406,4.98,0.0,0
46986,237.889,9.365,0.0,0.0,451.194,0.0,0.0,0.0,5.732,0,10.0,1.085,309.825,5.2786,36.75,35.38502502441406,4.98,0.0,0
46986,237.889,9.365,0.0,0.0,451.37600000000003,0.0,0.0,0.0,5.732,0,10.0,1.085,309.825,1.4846000000000001,35.88,35.38502502441406,4.98,0.0,0
46986,238.06,9.365,0.0,0.0,451.255,0.0,0.0,0.0,5.732,0,10.0,1.075,309.825,-1.3196,36.39,35.38502502441406,4.98,0.0,0
46986,238.06,9.365,0.0,0.0,451.194,0.0,0.0,0.0,5.732,0,10.0,1.065,309.825,0.0,36.06,35.38502502441406,4.98,0.0,0
46986,237.889,9.365,0.0,0.0,451.315,0.0,0.0,-0.2,5.732,0,11.0,1.06,309.69,-2.7713,35.01,35.38502502441406,4.98,0.0,0
46986,237.889,9.365,0.0,0.0,451.557,0.0,0.0,-0.2,5.732,0,10.0,1.105,309.915,1.2537,34.89,35.38502502441406,4.98,0.0,0
46986,237.889,9.365,-0.5,0.0,451.194,0.0,0.0,0.0,5.732,0,10.0,1.04,309.915,3.563,34.980000000000004,35.38502502441406,4.98,0.0,0
46986,237.889,9.365,0.0,0.0,451.315,0.0,0.0,0.0,5.732,0,10.0,1.055,309.825,2.5403000000000002,36.51,35.38502502441406,4.98,0.0,0
46986,237.889,9.365,0.0,0.0,451.315,0.0,0.0,0.2,5.732,0,11.0,1.085,309.825,1.1629,36.660000000000004,35.38502502441406,4.98,0.0,0
46986,237.889,9.365,0.0,0.0,451.255,0.0,0.0,0.2,5.732,0,10.0,1.065,309.825,-2.6228000000000002,37.32,35.38502502441406,4.98,0.0,0
46986,237.719,9.365,0.0,0.0,451.134,0.0,0.0,0.0,5.732,0,11.0,1.075,309.69,-4.1157,37.86,35.38502502441406,4.98,0.0,0
46986,237.889,9.365,0.0,0.0,451.497,0.0,0.0,0.0,5.732,0,10.0,1.065,309.915,-0.34640000000000004,38.31,35.38502502441406,4.98,0.0,0
46986,238.06,9.365,0.0,0.0,451.37600000000003,0.0,0.0,0.0,5.732,0,10.0,1.07,309.825,0.7258,37.68,35.38502502441406,4.98,0.0,0
46986,237.889,9.365,0.0,0.0,451.37600000000003,0.0,0.0,-0.2,5.732,0,11.0,1.07,309.825,3.4723,36.45,35.38502502441406,4.98,0.0,0
46986,237.889,9.365,0.0,0.0,451.255,0.0,0.0,0.0,5.732,0,10.0,1.06,309.915,0.1155,35.34,35.38502502441406,4.98,0.0,0
46986,237.889,9.355,0.0,0.0,451.255,0.0,0.0,0.0,5.732,0,10.0,1.075,309.915,-2.3259000000000003,35.13,35.38502502441406,4.98,0.0,0
46986,237.889,9.355,0.0,0.0,451.43600000000004,0.0,0.0,0.2,5.732,0,11.0,1.09,309.825,-3.0187,35.19,35.38502502441406,4.98,0.0,0
46986,237.889,9.355,0.0,0.0,451.557,0.0,0.0,-0.2,5.732,0,11.0,1.09,309.915,-0.132,35.25,35.38502502441406,4.98,0.0,0
46986,237.889,9.355,0.0,0.0,451.134,0.0,0.0,0.0,5.732,0,10.0,1.045,309.915,3.1919,34.71,35.38502502441406,4.98,0.0,0
46986,237.889,9.355,0.0,0.0,451.497,0.0,0.0,0.0,5.732,0,11.0,1.065,309.915,-0.6103000000000001,35.31,35.38502502441406,4.98,0.0,0
46986,237.889,9.355,0.0,0.0,451.37600000000003,0.0,0.0,0.0,5.732,0,10.0,1.085,309.825,-2.1774,36.54,35.38502502441406,4.98,0.0,0
46986,237.719,9.355,0.0,0.0,451.194,0.0,0.0,0.2,5.732,0,10.0,1.065,309.825,-3.6785,36.57,35.38502502441406,4.98,0.0,0
46986,237.719,9.355,-0.5,0.0,451.37600000000003,0.0,0.0,0.0,5.732,0,12.0,1.065,309.825,0.7011000000000001,37.11,35.38502502441406,4.98,0.0,0
46986,237.889,9.355,-0.5,0.0,451.557,0.0,0.0,0.0,5.732,0,12.0,1.06,309.825,3.4971,37.26,35.38502502441406,4.98,0.0,0
46986,237.719,9.355,0.5,0.0,451.37600000000003,0.0,0.0,0.0,5.732,0,11.0,1.065,309.825,-1.3196,37.5,35.38502502441406,4.98,0.0,0
46986,237.889,9.355,0.0,0.0,451.255,0.0,0.0,-0.2,5.732,0,11.0,1.09,309.915,0.7753,37.44,35.38502502441406,4.98,0.0,0
46986,237.548,9.355,0.0,0.0,451.497,0.0,0.0,0.2,5.732,0,11.0,1.06,309.915,2.7548,36.72,35.38502502441406,4.98,0.0,0
46986,237.889,9.355,0.0,0.0,451.678,0.0,0.0,0.0,5.732,0,12.0,1.045,309.825,2.2434000000000003,35.97,35.38502502441406,4.98,0.0,0
46986,237.889,9.355,0.0,0.0,451.37600000000003,0.0,0.0,0.0,5.732,0,10.0,1.05,309.825,-2.6228000000000002,34.89,35.38502502441406,4.98,0.0,0
46986,237.889,9.355,-0.5,0.0,451.43600000000004,0.0,0.0,0.0,5.732,0,11.0,1.075,309.915,-1.5836000000000001,34.47,35.38502502441406,4.98,0.0,0
46986,237.719,9.346,-0.5,0.0,451.557,0.0,0.0,0.2,5.732,0,11.0,1.05,309.915,0.066,34.86,35.38502502441406,4.98,0.0,0
46986,237.719,9.346,0.0,0.0,451.557,0.0,0.0,0.0,5.732,0,11.0,1.075,309.69,0.0907,35.13,35.38502502441406,4.98,0.0,0
46986,237.889,9.346,0.0,0.0,451.315,0.0,0.0,0.0,5.732,0,12.0,1.085,309.915,-2.8372,35.13,35.38502502441406,4.98,0.0,0
46986,237.719,9.346,0.0,0.0,451.315,0.0,0.0,-0.2,5.732,0,12.0,1.05,309.915,-1.7155,35.13,35.38502502441406,4.98,0.0,0
46986,238.06,9.346,0.0,0.0,451.557,0.0,0.0,0.0,5.732,0,10.0,1.045,309.825,-3.1012,36.18,35.38502502441406,4.98,0.0,0
46986,237.889,9.346,-0.5,0.0,451.678,0.0,0.0,0.0,5.732,0,11.0,1.055,309.825,1.5836000000000001,37.2,35.38502502441406,4.98,0.0,0
46986,237.889,9.346,0.0,0.0,451.557,0.0,0.0,0.0,5.732,0,9.0,1.05,309.915,-0.7918000000000001,37.62,35.38502502441406,4.98,0.0,0
46986,237.889,9.346,0.0,0.0,451.37600000000003,0.0,0.0,0.0,5.732,0,11.0,1.08,309.915,5.5425,38.04,35.38502502441406,4.98,0.0,0
46986,237.889,9.346,0.0,0.0,451.497,0.0,0.0,-0.2,5.732,0,10.0,1.05,309.825,1.5836000000000001,38.160000000000004,35.38502502441406,4.98,0.0,0
46986,237.889,9.346,0.0,0.0,451.678,0.0,0.0,0.0,5.732,0,11.0,1.075,309.825,-5.938400000000001,37.44,35.38502502441406,4.98,0.0,0
46986,237.719,9.346,0.0,0.0,451.617,0.0,0.0,0.0,5.732,0,10.0,1.07,309.825,-0.9897,36.300000000000004,35.38502502441406,4.98,0.0,0
46986,237.889,9.346,-0.5,0.0,451.557,0.0,0.0,0.2,5.732,0,12.0,1.045,309.915,3.8270000000000004,35.58,35.38502502441406,4.98,0.0,0
46986,237.889,9.346,0.0,0.0,451.557,0.0,0.0,-0.2,5.732,0,10.0,1.06,309.825,0.5279,35.64,35.38502502441406,4.98,0.0,0
46986,238.06,9.346,0.0,0.0,451.557,0.0,0.0,0.0,5.732,0,12.0,1.045,309.915,1.0557,35.46,35.38502502441406,4.98,0.0,0
46986,237.889,9.346,0.0,0.0,451.617,0.0,0.0,0.0,5.732,0,10.0,1.045,309.69,-1.9465000000000001,35.43,35.38502502441406,4.98,0.0,0
46986,238.06,9.346,0.0,0.0,451.43600000000004,0.0,0.0,0.2,5.732,0,11.0,1.09,309.915,1.1877,35.82,35.38502502441406,4.98,0.0,0
46986,237.719,9.346,0.0,0.0,451.37600000000003,0.0,0.0,0.0,5.732,0,12.0,1.08,309.825,-2.0455,36.39,35.38502502441406,4.98,0.0,0
46986,238.06,9.346,0.0,0.0,451.37600000000003,0.0,0.0,0.0,5.732,0,11.0,1.085,309.825,1.5836000000000001,36.57,35.38502502441406,4.98,0.0,0
46986,237.889,9.336,0.0,0.0,451.678,0.0,0.0,-0.2,5.732,0,11.0,1.035,309.69,0.6928000000000001,36.96,35.38502502441406,4.98,0.0,0
46986,237.719,9.336,0.0,0.0,451.678,0.0,0.0,0.0,5.732,0,10.0,1.06,309.69,0.43710000000000004,36.93,35.38502502441406,4.98,0.0,0
46986,237.889,9.336,0.0,0.0,451.194,0.0,0.0,-0.2,5.732,0,10.0,1.055,309.915,-1.798,36.99,35.38502502441406,4.98,0.0,0
46986,237.889,9.336,0.0,0.0,451.255,0.0,0.0,0.2,5.732,0,10.0,1.045,309.825,0.7258,36.96,35.38502502441406,4.98,0.0,0
46986,238.06,9.336,-0.5,0.0,451.194,0.0,0.0,0.0,5.732,0,11.0,1.07,309.825,3.4723,36.93,35.38502502441406,4.98,0.0,0
46986,237.889,9.336,0.0,0.0,451.497,0.0,0.0,-0.2,5.732,0,10.0,1.105,309.69,-3.4723,36.78,35.38502502441406,4.98,0.0,0
46986,237.889,9.336,0.0,0.0,451.557,0.0,0.0,0.0,5.732,0,11.0,1.05,309.915,-3.1837,36.81,35.38502502441406,4.98,0.0,0
46986,237.719,9.336,0.0,0.0,451.37600000000003,0.0,0.0,-0.2,5.732,0,11.0,1.05,309.825,1.6001,36.57,35.38502502441406,4.98,0.0,0
46986,237.889,9.336,0.0,0.0,451.315,0.0,0.0,0.0,5.732,0,11.0,1.095,309.825,3.9342,35.910000000000004,35.38502502441406,4.98,0.0,0
46986,237.719,9.336,0.0,0.0,451.37600000000003,0.0,0.0,0.0,5.732,0,10.0,1.05,309.825,-1.7155,34.800000000000004,35.38502502441406,4.98,0.0,0
46986,238.06,9.336,0.0,0.0,451.617,0.0,0.0,0.0,5.732,0,12.0,1.09,309.69,-5.1219,34.53,35.38502502441406,4.98,0.0,0
46986,237.889,9.336,0.0,0.0,451.678,0.0,0.0,0.0,5.732,0,11.0,1.045,309.825,-3.9589000000000003,35.43,35.38502502441406,4.98,0.0,0
46986,237.889,9.336,0.0,0.0,451.315,0.0,0.0,0.0,5.732,0,10.0,1.065,309.825,6.8622000000000005,37.26,35.38502502441406,4.98,0.0,0
46986,237.889,9.336,-0.5,0.0,451.315,0.0,0.0,-0.2,5.732,0,12.0,1.075,309.825,5.385800000000001,38.37,35.38502502441406,4.98,0.0,0
46986,237.889,9.336,0.0,0.0,451.194,0.0,0.0,0.2,5.732,0,10.0,1.025,309.915,-3.2496,37.980000000000004,35.38502502441406,4.98,0.0,0
46986,237.889,9.336,0.0,0.0,451.497,0.0,0.0,0.0,5.732,0,11.0,1.06,309.825,-0.3134,37.11,35.38502502441406,4.98,0.0,0
46986,237.889,9.336,-0.5,0.0,451.134,0.0,0.0,-0.2,5.732,0,11.0,1.065,309.825,0.7258,37.14,35.38502502441406,4.98,0.0,0
46986,237.889,9.336,0.0,0.0,451.194,0.0,0.0,0.2,5.732,0,10.0,1.07,309.915,1.8063,37.08,35.38502502441406,4.98,0.0,0
46986,237.719,9.326,-0.5,0.0,451.194,0.0,0.0,0.0,5.732,0,10.0,1.06,309.69,-1.4269,37.17,35.38502502441406,4.98,0.0,0
46986,237.548,9.326,0.0,0.0,451.194,0.0,0.0,0.0,5.732,0,11.0,1.065,309.915,-1.798,37.32,35.38502502441406,4.98,0.0,0
46986,237.889,9.326,0.0,0.0,451.255,0.0,0.0,-0.2,5.732,0,12.0,1.055,309.825,-0.18150000000000002,36.42,35.38502502441406,4.98,0.0,0
46986,237.889,9.326,0.0,0.0,451.255,0.0,0.0,0.0,5.732,0,10.0,1.065,309.915,4.8002,36.24,35.38502502441406,4.98,0.0,0
46986,237.889,9.326,0.0,0.0,451.497,0.0,0.0,-0.2,5.732,0,10.0,1.045,309.825,1.0722,36.06,35.38502502441406,4.98,0.0,0
46986,237.889,9.326,0.0,0.0,451.557,0.0,0.0,0.0,5.732,0,10.0,1.095,309.915,-0.0165,36.24,35.38502502441406,4.98,0.0,0
46986,237.719,9.326,0.0,0.0,451.617,0.0,0.0,0.2,5.732,0,11.0,1.075,309.825,-1.699,37.5,35.38502502441406,4.98,0.0,0
46986,237.889,9.326,0.0,0.0,451.43600000000004,0.0,0.0,-0.2,5.732,0,11.0,1.095,309.825,0.28040000000000004,38.43,35.38502502441406,4.98,0.0,0
46986,238.231,9.326,0.0,0.0,451.255,0.0,0.0,0.2,5.732,0,11.0,1.095,309.825,-1.3032000000000001,38.88,35.38502502441406,4.98,0.0,0
46986,237.889,9.326,0.0,0.0,451.37600000000003,0.0,0.0,0.0,5.732,0,11.0,1.055,309.825,-1.1877,38.76,35.38502502441406,4.98,0.0,0
46986,237.889,9.326,0.0,0.0,451.01300000000003,0.0,0.0,0.0,5.732,0,11.0,1.045,309.915,3.4146,38.19,35.38502502441406,4.98,0.0,0
46986,238.06,9.326,0.0,0.0,451.01300000000003,0.0,0.0,-0.2,5.732,0,10.0,1.055,309.915,3.629,38.04,35.38502502441406,4.98,0.0,0
46986,237.889,9.326,0.0,0.0,451.37600000000003,0.0,0.0,0.0,5.732,0,11.0,1.085,309.825,2.1114,37.53,35.38502502441406,4.98,0.0,0
46986,237.548,9.326,0.0,0.0,451.255,0.0,0.0,0.0,5.732,0,10.0,1.065,309.825,-1.5836000000000001,37.050000000000004,35.38502502441406,4.98,0.0,0
46986,237.889,9.326,0.0,0.0,451.255,0.0,0.0,0.2,5.732,0,11.0,1.04,309.825,-2.9032,36.9,35.38502502441406,4.98,0.0,0
46986,237.889,9.326,0.0,0.0,451.37600000000003,0.0,0.0,0.2,5.732,0,11.0,1.045,309.69,-0.9567,36.81,35.38502502441406,4.98,0.0,0
46986,238.06,9.326,-0.5,0.0,451.315,0.0,0.0,0.0,5.732,0,10.0,1.085,309.825,0.39590000000000003,36.51,35.38502502441406,4.98,0.0,0
46986,238.231,9.326,0.0,0.0,451.194,0.0,0.0,0.0,5.732,0,11.0,1.07,309.69,-0.165,35.94,35.38502502441406,4.98,0.0,0
46986,237.719,9.326,0.0,0.0,451.194,0.0,0.0,0.0,5.732,0,11.0,1.085,309.915,2.3754,35.52,35.38502502441406,4.98,0.0,0
46986,237.719,9.316,0.5,0.0,450.831,0.0,0.0,0.0,5.732,0,11.0,1.1,309.915,2.3094,36.33,35.38502502441406,4.98,0.0,0
46986,237.889,9.316,0.0,0.0,451.07300000000004,0.0,0.0,0.0,5.732,0,12.0,1.09,309.825,0.5279,37.410000000000004,35.38502502441406,4.98,0.0,0
46986,238.06,9.316,0.0,0.0,451.37600000000003,0.0,0.0,-0.2,5.732,0,11.0,1.055,309.825,-4.4208,38.28,35.38502502441406,4.98,0.0,0
46986,237.889,9.316,0.0,0.0,451.37600000000003,0.0,0.0,0.0,5.732,0,12.0,1.1,309.825,-2.5073000000000003,38.79,35.38502502441406,4.98,0.0,0
46986,237.719,9.316,0.0,0.0,451.01300000000003,0.0,0.0,0.0,5.732,0,10.0,1.065,309.69,-2.8043,38.58,35.38502502441406,4.98,0.0,0
46986,237.889,9.316,0.0,0.0,451.194,0.0,0.0,0.2,5.732,0,11.0,1.055,309.825,-1.8475000000000001,38.34,35.38502502441406,4.98,0.0,0
46986,237.889,9.316,0.0,0.0,451.617,0.0,0.0,0.0,5.732,0,11.0,1.09,309.825,1.8475000000000001,37.5,35.38502502441406,4.98,0.0,0
46986,237.889,9.316,0.0,0.0,451.255,0.0,0.0,0.2,5.732,0,10.0,1.07,309.69,3.0352,37.02,35.38502502441406,4.98,0.0,0
46986,237.719,9.316,0.0,0.0,451.255,0.0,0.0,-0.2,5.732,0,10.0,1.065,309.825,-1.3196,37.11,35.38502502441406,4.98,0.0,0
46986,237.889,9.316,-0.5,0.0,451.37600000000003,0.0,0.0,0.2,5.732,0,10.0,1.06,309.825,0.9238000000000001,37.08,35.38502502441406,4.98,0.0,0
46986,237.889,9.316,0.0,0.0,451.255,0.0,0.0,-0.2,5.732,0,10.0,1.105,309.915,-1.4846000000000001,36.54,35.38502502441406,4.98,0.0,0
46986,238.06,9.316,0.0,0.0,451.01300000000003,0.0,0.0,0.0,5.732,0,10.0,1.045,309.825,-0.9238000000000001,35.910000000000004,35.38502502441406,4.98,0.0,0
46986,237.889,9.316,0.0,0.0,451.01300000000003,0.0,0.0,0.0,5.732,0,12.0,1.08,309.915,2.0455,36.03,35.38502502441406,4.98,0.0,0
46986,237.719,9.316,0.0,0.0,451.255,0.0,0.0,-0.2,5.732,0,10.0,1.075,309.915,0.7918000000000001,37.32,35.38502502441406,4.98,0.0,0
46986,238.231,9.316,0.0,0.0,451.255,0.0,0.0,0.0,5.732,0,12.0,1.06,309.69,-3.8600000000000003,37.980000000000004,35.38502502441406,4.98,0.0,0
46986,237.719,9.316,0.0,0.0,451.194,0.0,0.0,0.0,5.732,0,10.0,1.08,309.69,-5.6745,38.4,35.38502502441406,4.98,0.0,0
46986,237.889,9.316,-0.5,0.0,451.37600000000003,0.0,0.0,0.0,5.732,0,11.0,1.09,309.825,3.2331000000000003,38.550000000000004,35.38502502441406,4.98,0.0,0
46986,238.06,9.316,0.0,0.0,451.37600000000003,0.0,0.0,0.2,5.732,0,11.0,1.08,309.825,3.9095,38.550000000000004,35.38502502441406,4.98,0.0,0
46986,238.06,9.316,0.0,0.0,451.194,0.0,0.0,0.0,5.732,0,11.0,1.065,309.915,3.5218000000000003,38.07,35.38502502441406,4.98,0.0,0
46986,237.889,9.307,0.0,0.0,451.194,0.0,0.0,-0.2,5.732,0,10.0,1.025,309.825,-1.3444,37.410000000000004,35.38502502441406,4.98,0.0,0
46986,238.231,9.307,0.0,0.0,451.497,0.0,0.0,0.0,5.732,0,10.0,1.08,309.915,-1.4021000000000001,37.2,35.38502502441406,4.98,0.0,0
46986,238.06,9.307,0.5,0.0,451.194,0.0,0.0,0.0,5.732,0,10.0,1.04,309.915,1.2372,37.2,35.38502502441406,4.98,0.0,0
46986,237.889,9.307,0.0,0.0,451.315,0.0,0.0,0.0,5.732,0,11.0,1.05,309.825,1.5176,37.35,35.38502502441406,4.98,0.0,0
46986,237.889,9.307,0.0,0.0,451.557,0.0,0.0,0.0,5.732,0,11.0,1.075,309.825,-1.4351,36.87,35.38502502441406,4.98,0.0,0
46986,237.889,9.307,0.0,0.0,451.255,0.0,0.0,-0.2,5.732,0,10.0,1.035,309.825,-1.3032000000000001,35.94,35.38502502441406,4.98,0.0,0
46986,237.719,9.307,0.0,0.0,451.07300000000004,0.0,0.0,-0.2,5.732,0,11.0,1.055,309.825,-3.3651,35.910000000000004,35.38502502441406,4.98,0.0,0
46986,237.719,9.307,0.0,0.0,451.194,0.0,0.0,-0.2,5.732,0,11.0,1.03,309.825,-4.5528,36.93,35.38502502441406,4.98,0.0,0
46986,237.889,9.307,0.0,0.0,451.497,0.0,0.0,0.0,5.732,0,12.0,1.05,309.825,1.3856000000000002,38.01,35.38502502441406,4.98,0.0,0
46986,238.231,9.307,-0.5,0.0,451.557,0.0,0.0,0.0,5.732,0,10.0,1.08,309.69,4.5115,39.03,35.38502502441406,4.98,0.0,0
46986,237.719,9.307,0.0,0.0,451.194,0.0,0.0,-0.2,5.732,0,11.0,1.055,309.69,-0.9238000000000001,39.33,35.38502502441406,4.98,0.0,0
46986,238.06,9.307,0.0,0.0,451.37600000000003,0.0,0.0,0.0,5.732,0,10.0,1.09,309.825,0.5279,39.33,35.38502502441406,4.98,0.0,0
46986,237.889,9.307,0.0,0.0,451.557,0.0,0.0,0.0,5.732,0,11.0,1.085,309.825,2.2599,38.43,35.38502502441406,4.98,0.0,0
46986,237.889,9.307,0.0,0.0,451.37600000000003,0.0,0.0,0.2,5.732,0,11.0,1.06,309.825,1.2289,37.65,35.38502502441406,4.98,0.0,0
46986,238.06,9.307,0.0,0.0,451.255,0.0,0.0,0.0,5.732,0,11.0,1.075,309.825,-0.5114000000000001,37.29,35.38502502441406,4.98,0.0,0
46986,237.548,9.307,0.0,0.0,451.557,0.0,0.0,0.2,5.732,0,9.0,1.09,309.915,2.2269,36.18,35.38502502441406,4.98,0.0,0
46986,237.889,9.307,0.0,0.0,451.315,0.0,0.0,-0.2,5.732,0,11.0,1.09,309.825,1.3196,36.36,35.38502502441406,4.98,0.0,0
46986,237.889,9.307,0.0,0.0,451.07300000000004,0.0,0.0,0.0,5.732,0,12.0,1.065,309.915,0.9073,36.36,35.38502502441406,4.98,0.0,0
46986,237.889,9.297,0.0,0.0,451.194,0.0,0.0,0.0,5.732,0,11.0,1.07,309.825,-3.0847,36.51,35.38502502441406,4.98,0.0,0
46986,237.889,9.297,0.0,0.0,451.557,0.0,0.0,0.0,5.732,0,10.0,1.055,309.915,0.7093,36.81,35.38502502441406,4.98,0.0,0
46986,238.06,9.297,0.0,0.0,451.255,0.0,0.0,0.0,5.732,0,12.0,1.04,309.825,2.3259000000000003,38.160000000000004,35.38502502441406,4.98,0.0,0
46986,237.889,9.297,0.0,0.0,451.134,0.0,0.0,0.2,5.732,0,11.0,1.045,309.915,-0.6763,38.31,35.38502502441406,4.98,0.0,0
46986,237.719,9.297,0.0,0.0,451.315,0.0,0.0,-0.2,5.732,0,13.0,1.07,309.825,-1.0392000000000001,38.22,35.38502502441406,4.98,0.0,0
46986,237.889,9.297,-0.5,0.0,451.315,0.0,0.0,0.2,5.732,0,12.0,1.055,309.825,-1.0557,38.25,35.38502502441406,4.98,0.0,0
46986,238.231,9.297,0.0,0.0,451.194,0.0,0.0,0.0,5.732,0,11.0,1.05,309.825,0.5279,38.94,35.38502502441406,4.98,0.0,0
46986,238.06,9.297,0.0,0.0,451.37600000000003,0.0,0.0,-0.2,5.732,0,12.0,1.06,309.825,-2.1114,38.58,35.38502502441406,4.98,0.0,0
46986,237.719,9.297,0.0,0.0,451.497,0.0,0.0,0.2,5.732,0,11.0,1.075,309.825,0.0,37.980000000000004,35.38502502441406,4.98,0.0,0
46986,237.889,9.297,0.0,0.0,451.43600000000004,0.0,0.0,-0.2,5.732,0,11.0,1.095,309.825,0.2639,36.84,35.38502502441406,4.98,0.0,0
46986,237.889,9.297,-0.5,0.0,451.37600000000003,0.0,0.0,0.0,5.732,0,11.0,1.1,309.825,0.5279,35.85,35.38502502441406,4.98,0.0,0
46986,238.231,9.297,0.0,0.0,451.194,0.0,0.0,0.0,5.732,0,11.0,1.095,309.825,-1.0557,35.49,35.38502502441406,4.98,0.0,0
46986,237.889,9.297,0.0,0.0,451.194,0.0,0.0,0.2,5.732,0,11.0,1.045,309.69,-2.5403000000000002,34.77,35.38502502441406,4.98,0.0,0
46986,237.719,9.297,0.0,0.0,451.43600000000004,0.0,0.0,0.0,5.732,0,11.0,1.08,309.825,-1.1877,35.160000000000004,35.38502502441406,4.98,0.0,0
46986,237.889,9.297,0.0,0.0,451.134,0.0,0.0,0.0,5.732,0,11.0,1.08,309.825,0.7918000000000001,36.6,35.38502502441406,4.98,0.0,0
46986,238.06,9.297,0.0,0.0,451.194,0.0,0.0,0.2,5.732,0,11.0,1.065,309.69,0.0,37.62,35.38502502441406,4.98,0.0,0
46986,237.889,9.297,0.0,0.0,451.134,0.0,0.0,-0.2,5.732,0,10.0,1.08,309.825,-0.7918000000000001,38.46,35.38502502441406,4.98,0.0,0
46986,237.719,9.297,0.0,0.0,451.37600000000003,0.0,0.0,0.0,5.732,0,10.0,1.105,309.915,4.3548,38.7,35.38502502441406,4.98,0.0,0
46986,237.889,9.297,0.0,0.0,451.194,0.0,0.0,0.0,5.732,0,11.0,1.075,309.69,0.5279,37.980000000000004,35.38502502441406,4.98,0.0,0
46986,238.06,9.297,-0.5,0.0,451.07300000000004,0.0,0.0,0.0,5.732,0,11.0,1.06,309.915,-0.132,37.44,35.38502502441406,4.98,0.0,0
46986,238.06,9.297,-0.5,0.0,451.315,0.0,0.0,0.2,5.732,0,11.0,1.07,309.915,1.3196,37.53,35.38502502441406,4.98,0.0,0
46986,237.889,9.287,0.0,0.0,451.255,0.0,0.0,0.0,5.732,0,10.0,1.06,309.825,1.4516,36.9,35.38502502441406,4.98,0.0,0
46986,237.889,9.287,0.0,0.0,451.43600000000004,0.0,0.0,0.0,5.732,0,11.0,1.075,309.825,-1.5176,36.36,35.38502502441406,4.98,0.0,0
46986,238.06,9.287,0.0,0.0,451.37600000000003,0.0,0.0,0.0,5.732,0,12.0,1.065,309.825,-1.8475000000000001,35.61,35.38502502441406,4.98,0.0,0
46986,237.889,9.287,0.0,0.0,451.497,0.0,0.0,0.0,5.732,0,10.0,1.06,309.825,1.5836000000000001,34.89,35.38502502441406,4.98,0.0,0
46986,237.719,9.287,0.0,0.0,451.255,0.0,0.0,0.0,5.732,0,10.0,1.065,309.825,0.2639,35.1,35.38502502441406,4.98,0.0,0
46986,237.889,9.287,0.0,0.0,451.557,0.0,0.0,0.2,5.732,0,11.0,1.06,309.825,0.0,35.61,35.38502502441406,4.98,0.0,0
46986,238.231,9.287,-0.5,0.0,451.557,0.0,0.0,0.2,5.732,0,10.0,1.05,309.825,-0.2639,35.79,35.38502502441406,4.98,0.0,0
46986,237.889,9.287,0.0,0.0,451.37600000000003,0.0,0.0,0.0,5.732,0,11.0,1.06,309.825,4.2229,37.230000000000004,35.38502502441406,4.98,0.0,0
46986,237.889,9.287,-0.5,0.0,451.255,0.0,0.0,0.0,5.732,0,10.0,1.04,309.915,0.3794,38.64,35.38502502441406,4.98,0.0,0
46986,237.889,9.287,0.0,0.0,451.194,0.0,0.0,0.0,5.732,0,11.0,1.095,309.825,-2.1114,38.61,35.38502502441406,4.98,0.0,0
46986,237.719,9.287,0.0,0.0,451.37600000000003,0.0,0.0,0.0,5.732,0,11.0,1.075,309.915,-1.5176,38.1,35.38502502441406,4.98,0.0,0
46986,238.06,9.287,0.0,0.0,451.255,0.0,0.0,0.2,5.732,0,10.0,1.065,309.825,-1.0557,37.32,35.38502502441406,4.98,0.0,0
46986,238.06,9.287,0.0,0.0,451.194,0.0,0.0,0.0,5.732,0,11.0,1.045,309.915,3.629,36.75,35.38502502441406,4.98,0.0,0
46986,237.889,9.287,-0.5,0.0,451.194,0.0,0.0,0.2,5.732,0,11.0,1.075,309.915,3.6785,36.81,35.38502502441406,4.98,0.0,0
46986,237.889,9.287,0.0,0.0,451.194,0.0,0.0,0.0,5.732,0,11.0,1.09,309.825,2.3919,37.86,35.38502502441406,4.98,0.0,0
46986,237.719,9.287,0.0,0.0,451.07300000000004,0.0,0.0,-0.2,5.732,0,11.0,1.045,309.825,-2.7713,37.89,35.38502502441406,4.98,0.0,0
46986,238.06,9.287,0.0,0.0,451.255,0.0,0.0,0.0,5.732,0,11.0,1.06,309.825,-6.3838,37.56,35.38502502441406,4.98,0.0,0
46986,237.889,9.287,0.0,0.0,451.37600000000003,0.0,0.0,0.2,5.732,0,11.0,1.095,309.69,-3.2579000000000002,36.57,35.38502502441406,4.98,0.0,0
46986,237.889,9.287,0.0,0.0,451.43600000000004,0.0,0.0,-0.2,5.732,0,11.0,1.08,309.825,0.39590000000000003,35.07,35.38502502441406,4.98,0.0,0
46986,238.06,9.287,0.0,0.0,451.194,0.0,0.0,0.0,5.732,0,10.0,1.11,309.915,3.1919,34.47,35.38502502441406,4.98,0.0,0
46986,237.889,9.287,0.0,0.0,451.43600000000004,0.0,0.0,0.0,5.732,0,11.0,1.06,309.915,6.2271,35.76,35.38502502441406,4.98,0.0,0
46986,238.231,9.287,0.0,0.0,451.37600000000003,0.0,0.0,0.2,5.732,0,12.0,1.08,310.005,4.8497,37.14,35.38502502441406,4.98,0.0,0
46986,237.889,9.277000000000001,0.0,0.0,451.37600000000003,0.0,0.0,-0.2,5.732,0,10.0,1.055,309.915,-1.0557,38.61,35.38502502441406,4.98,0.0,0
46986,237.889,9.277000000000001,0.0,0.0,451.255,0.0,0.0,0.0,5.732,0,11.0,1.06,309.69,-8.2725,39.12,35.38502502441406,4.98,0.0,0
46986,237.889,9.277000000000001,0.0,0.0,451.255,0.0,0.0,0.0,5.732,0,11.0,1.055,309.825,-5.9054,38.34,35.38502502441406,4.98,0.0,0
46986,237.889,9.277000000000001,0.0,0.0,451.557,0.0,0.0,0.0,5.732,0,11.0,1.065,309.69,-1.097,37.230000000000004,35.38502502441406,4.98,0.0,0
46986,237.548,9.277000000000001,-0.5,0.0,451.73900000000003,0.0,0.0,0.0,5.732,0,11.0,1.055,309.825,2.8785000000000003,36.18,35.38502502441406,4.98,0.0,0
46986,237.719,9.277000000000001,0.0,0.0,451.617,0.0,0.0,0.0,5.732,0,10.0,1.09,309.825,1.3856000000000002,35.58,35.38502502441406,4.98,0.0,0
46986,237.889,9.277000000000001,0.0,0.0,451.43600000000004,0.0,0.0,0.0,5.732,0,11.0,1.045,309.915,3.4558,35.37,35.38502502441406,4.98,0.0,0
46986,238.06,9.277000000000001,0.0,0.0,451.43600000000004,0.0,0.0,0.0,5.732,0,11.0,1.035,309.915,3.0022,35.46,35.38502502441406,4.98,0.0,0
46986,238.06,9.277000000000001,0.0,0.0,451.194,0.0,0.0,0.0,5.732,0,10.0,1.095,309.825,1.0557,35.7,35.38502502441406,4.98,0.0,0
46986,237.719,9.277000000000001,-0.5,0.0,451.43600000000004,0.0,0.0,-0.2,5.732,0,12.0,1.07,309.915,0.9897,36.0,35.38502502441406,4.98,0.0,0
46986,237.889,9.277000000000001,0.0,0.0,451.678,0.0,0.0,0.0,5.732,0,10.0,1.045,309.825,1.1877,35.97,35.38502502441406,4.98,0.0,0
46986,237.719,9.277000000000001,0.0,0.0,451.315,0.0,0.0,0.2,5.732,0,10.0,1.065,309.825,-1.5836000000000001,35.79,35.38502502441406,4.98,0.0,0
46986,237.889,9.277000000000001,0.0,0.0,450.771,0.0,0.0,-0.2,5.732,0,11.0,1.04,309.825,-3.8270000000000004,36.99,35.38502502441406,4.98,0.0,0
46986,237.889,9.277000000000001,0.0,0.0,450.952,0.0,0.0,0.0,5.732,0,10.0,1.065,309.825,1.5836000000000001,37.68,35.38502502441406,4.98,0.0,0
46986,237.889,9.277000000000001,0.0,0.0,451.497,0.0,0.0,0.0,5.732,0,11.0,1.04,309.69,-2.5073000000000003,37.410000000000004,35.38502502441406,4.98,0.0,0
46986,237.889,9.277000000000001,0.0,0.0,451.37600000000003,0.0,0.0,0.0,5.732,0,12.0,1.04,310.005,1.1877,37.02,35.38502502441406,4.98,0.0,0
46986,238.06,9.277000000000001,-0.5,0.0,451.134,0.0,0.0,0.0,5.732,0,11.0,1.075,309.69,1.0557,37.26,35.38502502441406,4.98,0.0,0
46986,238.231,9.277000000000001,0.0,0.0,451.557,0.0,0.0,0.2,5.732,0,10.0,1.035,309.915,-0.9567,36.87,35.38502502441406,4.98,0.0,0
46986,237.889,9.277000000000001,0.0,0.0,451.37600000000003,0.0,0.0,0.0,5.732,0,10.0,1.04,309.915,0.132,37.02,35.38502502441406,4.98,0.0,0
46986,237.889,9.277000000000001,0.0,0.0,451.255,0.0,0.0,0.2,5.732,0,11.0,1.1,309.825,1.4846000000000001,37.26,35.38502502441406,4.98,0.0,0
46986,237.889,9.277000000000001,0.0,0.0,451.255,0.0,0.0,0.2,5.732,0,12.0,1.085,309.825,0.37120000000000003,37.29,35.38502502441406,4.98,0.0,0
46986,238.231,9.277000000000001,0.0,0.0,451.255,0.0,0.0,0.0,5.732,0,10.0,1.095,309.915,-1.5836000000000001,36.54,35.38502502441406,4.98,0.0,0
46986,237.889,9.268,0.0,0.0,451.37600000000003,0.0,0.0,0.2,5.732,0,11.0,1.09,309.825,0.8083,36.36,35.38502502441406,4.98,0.0,0
46986,237.889,9.268,0.0,0.0,451.194,0.0,0.0,-0.2,5.732,0,11.0,1.08,309.825,0.39590000000000003,35.76,35.38502502441406,4.98,0.0,0
46986,237.889,9.268,0.0,0.0,450.952,0.0,0.0,0.0,5.732,0,11.0,1.07,309.825,-1.8310000000000002,35.25,35.38502502441406,4.98,0.0,0
46986,237.889,9.268,0.0,0.0,451.194,0.0,0.0,0.0,5.732,0,12.0,1.05,309.915,0.7753,36.24,35.38502502441406,4.98,0.0,0
46986,237.889,9.268,0.0,0.0,451.37600000000003,0.0,0.0,0.0,5.732,0,10.0,1.06,309.825,-1.897,37.68,35.38502502441406,4.98,0.0,0
46986,237.889,9.268,0.0,0.0,451.01300000000003,0.0,0.0,0.0,5.732,0,10.0,1.05,309.825,-2.0455,38.85,35.38502502441406,4.98,0.0,0
46986,237.548,9.268,-0.5,0.0,451.194,0.0,0.0,0.0,5.732,0,10.0,1.085,309.915,1.5011,39.27,35.38502502441406,4.98,0.0,0
46986,238.231,9.268,0.5,0.0,451.07300000000004,0.0,0.0,-0.2,5.732,0,11.0,1.065,309.825,1.8475000000000001,38.46,35.38502502441406,4.98,0.0,0
46986,238.06,9.268,0.0,0.0,451.37600000000003,0.0,0.0,0.0,5.732,0,10.0,1.055,309.915,-1.5341,38.160000000000004,35.38502502441406,4.98,0.0,0
46986,237.889,9.268,0.0,0.0,451.315,0.0,0.0,0.0,5.732,0,11.0,1.09,309.915,-3.2991,37.86,35.38502502441406,4.98,0.0,0
46986,237.719,9.268,0.0,0.0,451.194,0.0,0.0,0.0,5.732,0,10.0,1.035,309.69,0.6186,37.02,35.38502502441406,4.98,0.0,0
46986,237.889,9.268,-0.5,0.0,450.952,0.0,0.0,0.0,5.732,0,10.0,1.01,309.915,-1.0557,36.78,35.38502502441406,4.98,0.0,0
46986,237.889,9.268,0.0,0.0,451.07300000000004,0.0,0.0,0.2,5.732,0,11.0,1.055,309.825,-0.3547,36.39,35.38502502441406,4.98,0.0,0
46986,237.889,9.268,0.0,0.0,451.07300000000004,0.0,0.0,0.0,5.732,0,10.0,1.05,309.915,0.8165,36.6,35.38502502441406,4.98,0.0,0
46986,237.889,9.268,-1.0,0.0,451.01300000000003,0.0,0.0,0.0,5.732,0,10.0,1.1,309.915,0.6433,36.09,35.38502502441406,4.98,0.0,0
46986,237.889,9.268,0.0,0.0,451.01300000000003,0.0,0.0,0.2,5.732,0,10.0,1.105,309.825,1.9795,35.76,35.38502502441406,4.98,0.0,0
46986,237.719,9.268,0.0,0.0,451.315,0.0,0.0,0.0,5.732,0,11.0,1.095,309.825,-4.1569,36.81,35.38502502441406,4.98,0.0,0
46986,237.889,9.268,0.0,0.0,451.315,0.0,0.0,-0.2,5.732,0,10.0,1.06,309.825,-1.3691,38.49,35.38502502441406,4.98,0.0,0
46986,237.548,9.268,0.0,0.0,451.43600000000004,0.0,0.0,0.2,5.732,0,11.0,1.035,309.69,-1.0145,39.0,35.38502502441406,4.98,0.0,0
46986,237.889,9.268,-0.5,0.0,451.315,0.0,0.0,0.0,5.732,0,11.0,1.035,309.825,-2.5073000000000003,38.82,35.38502502441406,4.98,0.0,0
46986,237.889,9.268,0.0,0.0,451.315,0.0,0.0,-0.2,5.732,0,11.0,1.035,309.825,-2.3754,38.88,35.38502502441406,4.98,0.0,0
46986,238.06,9.268,0.0,0.0,451.255,0.0,0.0,-0.2,5.732,0,11.0,1.06,309.825,1.8475000000000001,38.97,35.38502502441406,4.98,0.0,0
46986,238.06,9.258000000000001,0.0,0.0,451.497,0.0,0.0,0.2,5.732,0,11.0,1.08,309.825,3.8600000000000003,38.43,35.38502502441406,4.98,0.0,0
46986,237.889,9.258000000000001,0.0,0.0,451.255,0.0,0.0,0.0,5.732,0,12.0,1.06,309.69,-1.7155,38.01,35.38502502441406,4.98,0.0,0
46986,238.231,9.258000000000001,0.0,0.0,450.952,0.0,0.0,0.0,5.732,0,11.0,1.095,309.69,-6.2353000000000005,36.57,35.38502502441406,4.98,0.0,0
46986,237.719,9.258000000000001,0.0,0.0,451.678,0.0,0.0,0.0,5.732,0,11.0,1.085,309.69,-4.486800000000001,35.28,35.38502502441406,4.98,0.0,0
46986,237.889,9.258000000000001,0.0,0.0,451.497,0.0,0.0,0.0,5.732,0,11.0,1.065,309.69,3.1672000000000002,35.160000000000004,35.38502502441406,4.98,0.0,0
46986,238.06,9.258000000000001,0.0,0.0,451.01300000000003,0.0,0.0,0.0,5.732,0,11.0,1.08,309.915,6.2023,35.82,35.38502502441406,4.98,0.0,0
46986,238.06,9.258000000000001,-0.5,0.0,451.194,0.0,0.0,0.0,5.732,0,11.0,1.075,309.69,-1.3196,36.36,35.38502502441406,4.98,0.0,0
46986,237.889,9.258000000000001,0.0,0.0,451.315,0.0,0.0,0.2,5.732,0,11.0,1.06,309.915,-0.2639,37.47,35.38502502441406,4.98,0.0,0
46986,238.06,9.258000000000001,0.0,0.0,451.37600000000003,0.0,0.0,0.0,5.732,0,11.0,1.04,309.69,1.2207000000000001,38.19,35.38502502441406,4.98,0.0,0
46986,237.889,9.258000000000001,0.0,0.0,451.37600000000003,0.0,0.0,0.2,5.732,0,10.0,1.065,309.915,3.2991,38.31,35.38502502441406,4.98,0.0,0
46986,237.889,9.258000000000001,0.0,0.0,451.194,0.0,0.0,0.0,5.732,0,11.0,1.075,309.825,2.7053000000000003,37.89,35.38502502441406,4.98,0.0,0
46986,238.06,9.258000000000001,0.0,0.0,451.678,0.0,0.0,0.0,5.732,0,12.0,1.045,309.69,0.9238000000000001,37.38,35.38502502441406,4.98,0.0,0
46986,237.889,9.258000000000001,0.0,0.0,451.557,0.0,0.0,0.2,5.732,0,11.0,1.06,309.825,-3.3651,37.77,35.38502502441406,4.98,0.0,0
46986,237.889,9.258000000000001,0.0,0.0,451.194,0.0,0.0,0.0,5.732,0,10.0,1.05,309.915,1.0557,38.04,35.38502502441406,4.98,0.0,0
46986,237.889,9.258000000000001,0.0,0.0,451.43600000000004,0.0,0.0,0.0,5.732,0,10.0,1.05,309.825,4.1239,37.38,35.38502502441406,4.98,0.0,0
46986,237.889,9.258000000000001,0.0,0.0,451.37600000000003,0.0,0.0,-0.2,5.732,0,10.0,1.1,309.825,0.6598,36.78,35.38502502441406,4.98,0.0,0
46986,237.889,9.258000000000001,0.0,0.0,451.557,0.0,0.0,0.2,5.732,0,11.0,1.045,309.825,-5.7405,36.09,35.38502502441406,4.98,0.0,0
46986,238.231,9.258000000000001,0.0,0.0,451.557,0.0,0.0,0.2,5.732,0,11.0,1.085,309.69,-1.0557,35.94,35.38502502441406,4.98,0.0,0
46986,238.06,9.258000000000001,0.0,0.0,451.43600000000004,0.0,0.0,0.0,5.732,0,11.0,1.075,309.825,2.6393,35.4,35.38502502441406,4.98,0.0,0
46986,238.06,9.258000000000001,0.0,0.0,451.194,0.0,0.0,0.2,5.732,0,11.0,1.065,309.69,-3.1672000000000002,36.21,35.38502502441406,4.98,0.0,0
46986,237.889,9.258000000000001,0.0,0.0,451.194,0.0,0.0,0.2,5.732,0,10.0,1.03,309.915,0.099,37.230000000000004,35.38502502441406,4.98,0.0,0
46986,237.719,9.258000000000001,0.0,0.0,451.255,0.0,0.0,0.2,5.732,0,11.0,1.07,309.915,3.8270000000000004,38.730000000000004,35.38502502441406,4.98,0.0,0
46986,238.06,9.248000000000001,0.0,0.0,451.557,0.0,0.0,0.2,5.732,0,10.0,1.085,309.915,0.8908,38.97,35.38502502441406,4.98,0.0,0
46986,237.889,9.248000000000001,0.0,0.0,451.557,0.0,0.0,0.0,5.732,0,11.0,1.035,309.825,-1.4516,38.28,35.38502502441406,4.98,0.0,0
46986,238.06,9.248000000000001,0.0,0.0,451.37600000000003,0.0,0.0,0.0,5.732,0,10.0,1.065,309.915,1.8475000000000001,37.32,35.38502502441406,4.98,0.0,0
46986,237.889,9.248000000000001,0.0,0.0,451.43600000000004,0.0,0.0,-0.2,5.732,0,11.0,1.08,309.69,-5.806500000000001,37.2,35.38502502441406,4.98,0.0,0
46986,237.889,9.248000000000001,0.0,0.0,451.194,0.0,0.0,0.0,5.732,0,10.0,1.065,309.825,0.2639,37.71,35.38502502441406,4.98,0.0,0
46986,237.889,9.248000000000001,0.0,0.0,451.497,0.0,0.0,0.0,5.732,0,11.0,1.065,309.825,1.5836000000000001,37.56,35.38502502441406,4.98,0.0,0
46986,237.889,9.248000000000001,0.0,0.0,451.497,0.0,0.0,0.0,5.732,0,10.0,1.07,309.915,1.4186,36.93,35.38502502441406,4.98,0.0,0
46986,237.889,9.248000000000001,0.0,0.0,451.497,0.0,0.0,-0.2,5.732,0,11.0,1.05,309.915,1.0145,36.87,35.38502502441406,4.98,0.0,0
46986,237.719,9.248000000000001,0.0,0.0,451.255,0.0,0.0,-0.2,5.732,0,10.0,1.095,309.825,0.6598,36.69,35.38502502441406,4.98,0.0,0
46986,237.719,9.248000000000001,0.0,0.0,451.43600000000004,0.0,0.0,0.0,5.732,0,11.0,1.05,309.915,0.7753,35.61,35.38502502441406,4.98,0.0,0
46986,238.06,9.248000000000001,0.0,0.0,451.617,0.0,0.0,0.0,5.732,0,12.0,1.08,309.915,-0.2639,36.18,35.38502502441406,4.98,0.0,0
46986,237.889,9.248000000000001,0.0,0.0,451.678,0.0,0.0,-0.2,5.732,0,11.0,1.065,309.825,0.2639,37.980000000000004,35.38502502441406,4.98,0.0,0
46986,237.889,9.248000000000001,0.0,0.0,451.678,0.0,0.0,-0.2,5.732,0,11.0,1.055,309.825,-1.8310000000000002,38.97,35.38502502441406,4.98,0.0,0
46986,237.719,9.248000000000001,0.5,0.0,451.678,0.0,0.0,-0.2,5.732,0,11.0,1.08,309.915,1.1712,38.61,35.38502502441406,4.98,0.0,0
46986,237.889,9.248000000000001,0.0,0.0,451.678,0.0,0.0,0.0,5.732,0,10.0,1.085,309.825,-0.9897,38.1,35.38502502441406,4.98,0.0,0
46986,237.719,9.248000000000001,0.0,0.0,451.497,0.0,0.0,0.2,5.732,0,10.0,1.065,309.825,-0.19790000000000002,37.980000000000004,35.38502502441406,4.98,0.0,0
46986,237.889,9.248000000000001,0.0,0.0,451.43600000000004,0.0,0.0,-0.2,5.732,0,11.0,1.095,309.915,1.3856000000000002,37.35,35.38502502441406,4.98,0.0,0
46986,238.06,9.248000000000001,0.0,0.0,451.557,0.0,0.0,0.0,5.732,0,11.0,1.085,309.69,-2.4166000000000003,36.9,35.38502502441406,4.98,0.0,0
46986,237.889,9.248000000000001,0.0,0.0,451.37600000000003,0.0,0.0,0.0,5.732,0,10.0,1.1,309.825,0.3299,36.99,35.38502502441406,4.98,0.0,0
46986,237.889,9.248000000000001,0.0,0.0,451.255,0.0,0.0,0.0,5.732,0,11.0,1.06,309.915,2.5568,37.17,35.38502502441406,4.98,0.0,0
46986,237.719,9.248000000000001,0.0,0.0,451.194,0.0,0.0,0.0,5.732,0,10.0,1.065,309.825,-0.5526,36.21,35.38502502441406,4.98,0.0,0
46986,237.889,9.248000000000001,0.0,0.0,451.497,0.0,0.0,0.0,5.732,0,11.0,1.045,309.825,-2.9527,35.730000000000004,35.38502502441406,4.98,0.0,0
46986,237.719,9.248000000000001,0.0,0.0,451.37600000000003,0.0,0.0,0.2,5.732,0,10.0,1.095,309.825,1.6661000000000001,35.76,35.38502502441406,4.98,0.0,0
46986,237.719,9.248000000000001,0.0,0.0,451.37600000000003,0.0,0.0,0.0,5.732,0,11.0,1.05,309.825,2.6146000000000003,36.6,35.38502502441406,4.98,0.0,0
46986,237.719,9.248000000000001,0.0,0.0,451.194,0.0,0.0,0.0,5.732,0,10.0,1.055,309.825,-2.5733,37.74,35.38502502441406,4.98,0.0,0
46986,237.889,9.238000000000001,-0.5,0.0,451.557,0.0,0.0,0.0,5.732,0,11.0,1.085,309.915,-0.066,37.95,35.38502502441406,4.98,0.0,0
46986,238.06,9.238000000000001,0.0,0.0,451.557,0.0,0.0,0.0,5.732,0,11.0,1.03,309.825,2.8372,37.89,35.38502502441406,4.98,0.0,0
46986,237.889,9.238000000000001,0.0,0.0,451.43600000000004,0.0,0.0,-0.2,5.732,0,10.0,1.09,309.825,-0.6598,37.71,35.38502502441406,4.98,0.0,0
46986,237.548,9.238000000000001,0.0,0.0,451.255,0.0,0.0,0.0,5.732,0,10.0,1.045,309.825,-1.5011,37.44,35.38502502441406,4.98,0.0,0
46986,237.889,9.238000000000001,0.0,0.0,451.43600000000004,0.0,0.0,-0.2,5.732,0,11.0,1.09,309.825,0.5938,37.17,35.38502502441406,4.98,0.0,0
46986,238.06,9.238000000000001,0.0,0.0,451.497,0.0,0.0,-0.2,5.732,0,11.0,1.075,309.825,-0.5279,36.75,35.38502502441406,4.98,0.0,0
46986,237.889,9.238000000000001,-0.5,0.0,451.678,0.0,0.0,0.0,5.732,0,11.0,1.07,309.69,-2.4661,36.15,35.38502502441406,4.98,0.0,0
46986,237.719,9.238000000000001,0.5,0.0,451.557,0.0,0.0,0.2,5.732,0,9.0,1.055,309.825,1.1877,35.52,35.38502502441406,4.98,0.0,0
46986,237.719,9.238000000000001,0.0,0.0,451.194,0.0,0.0,0.0,5.732,0,11.0,1.105,309.69,0.2887,35.07,35.38502502441406,4.98,0.0,0
46986,237.889,9.238000000000001,0.0,0.0,450.952,0.0,0.0,0.0,5.732,0,10.0,1.06,309.915,2.994,34.86,35.38502502441406,4.98,0.0,0
46986,237.889,9.238000000000001,0.0,0.0,451.134,0.0,0.0,-0.2,5.732,0,11.0,1.07,310.005,3.4641,35.64,35.38502502441406,4.98,0.0,0
46986,237.889,9.238000000000001,0.0,0.0,451.01300000000003,0.0,0.0,0.0,5.732,0,11.0,1.07,309.825,-0.1567,36.57,35.38502502441406,4.98,0.0,0
46986,237.889,9.238000000000001,0.0,0.0,451.01300000000003,0.0,0.0,0.0,5.732,0,9.0,1.06,309.825,-1.3856000000000002,37.59,35.38502502441406,4.98,0.0,0
46986,237.889,9.238000000000001,0.0,0.0,451.37600000000003,0.0,0.0,-0.2,5.732,0,11.0,1.07,310.005,1.6496000000000002,38.28,35.38502502441406,4.98,0.0,0
46986,238.06,9.238000000000001,0.0,0.0,451.315,0.0,0.0,0.2,5.732,0,11.0,1.11,309.825,1.9795,38.07,35.38502502441406,4.98,0.0,0
46986,237.889,9.238000000000001,0.5,0.0,451.194,0.0,0.0,-0.2,5.732,0,10.0,1.07,309.825,-3.8930000000000002,37.38,35.38502502441406,4.98,0.0,0
46986,237.719,9.238000000000001,0.5,0.0,451.194,0.0,0.0,0.0,5.732,0,10.0,1.055,309.915,-2.9857,36.06,35.38502502441406,4.98,0.0,0
46986,237.719,9.238000000000001,0.0,0.0,451.194,0.0,0.0,0.0,5.732,0,10.0,1.055,309.825,2.8372,35.7,35.38502502441406,4.98,0.0,0
46986,237.889,9.238000000000001,0.0,0.0,451.43600000000004,0.0,0.0,0.0,5.732,0,10.0,1.035,309.915,2.2269,35.19,35.38502502441406,4.98,0.0,0
46986,237.889,9.238000000000001,0.0,0.0,451.497,0.0,0.0,-0.2,5.732,0,11.0,1.035,309.915,2.3754,35.19,35.38502502441406,4.98,0.0,0
46986,238.06,9.238000000000001,-0.5,0.0,451.43600000000004,0.0,0.0,0.0,5.732,0,11.0,1.085,309.825,-0.46190000000000003,34.74,35.38502502441406,4.98,0.0,0
46986,238.231,9.238000000000001,0.0,0.0,451.37600000000003,0.0,0.0,-0.2,5.732,0,12.0,1.085,309.915,1.0557,35.4,35.38502502441406,4.98,0.0,0
46986,238.06,9.238000000000001,0.0,0.0,451.194,0.0,0.0,0.0,5.732,0,11.0,1.09,309.825,-0.46190000000000003,35.7,35.38502502441406,4.98,0.0,0
46986,237.548,9.229000000000001,0.0,0.0,451.194,0.0,0.0,0.2,5.732,0,11.0,1.065,309.915,1.7155,36.24,35.38502502441406,4.98,0.0,0
46986,238.06,9.229000000000001,0.0,0.0,451.37600000000003,0.0,0.0,0.2,5.732,0,11.0,1.045,309.915,0.5279,37.17,35.38502502441406,4.98,0.0,0
46986,238.231,9.229000000000001,0.0,0.0,451.43600000000004,0.0,0.0,0.0,5.732,0,11.0,1.08,309.825,-1.9795,37.68,35.38502502441406,4.98,0.0,0
46986,238.06,9.229000000000001,-0.5,0.0,451.315,0.0,0.0,-0.2,5.732,0,11.0,1.06,309.915,-2.1114,37.74,35.38502502441406,4.98,0.0,0
46986,237.719,9.229000000000001,-1.0,0.0,451.37600000000003,0.0,0.0,0.0,5.732,0,11.0,1.055,309.915,-0.7918000000000001,37.47,35.38502502441406,4.98,0.0,0
46986,237.719,9.229000000000001,0.5,0.0,451.255,0.0,0.0,0.0,5.732,0,11.0,1.05,309.915,4.9487000000000005,37.35,35.38502502441406,4.98,0.0,0
46986,238.231,9.229000000000001,0.0,0.0,451.37600000000003,0.0,0.0,0.0,5.732,0,11.0,1.1,309.825,0.39590000000000003,37.14,35.38502502441406,4.98,0.0,0
46986,237.889,9.229000000000001,0.0,0.0,451.557,0.0,0.0,0.0,5.732,0,10.0,1.07,309.825,-2.5733,36.81,35.38502502441406,4.98,0.0,0
46986,238.231,9.229000000000001,0.0,0.0,451.497,0.0,0.0,0.0,5.732,0,11.0,1.065,309.69,-3.2991,35.79,35.38502502441406,4.98,0.0,0
46986,237.548,9.229000000000001,0.0,0.0,451.678,0.0,0.0,0.2,5.732,0,10.0,1.075,309.915,0.19790000000000002,34.77,35.38502502441406,4.98,0.0,0
46986,238.06,9.229000000000001,-0.5,0.0,451.678,0.0,0.0,0.0,5.732,0,10.0,1.07,309.915,0.5279,35.22,35.38502502441406,4.98,0.0,0
46986,237.889,9.229000000000001,0.0,0.0,451.43600000000004,0.0,0.0,-0.2,5.732,0,11.0,1.055,309.825,1.4846000000000001,35.85,35.38502502441406,4.98,0.0,0
46986,237.889,9.229000000000001,-0.5,0.0,451.37600000000003,0.0,0.0,0.0,5.732,0,10.0,1.085,309.915,1.1877,35.76,35.38502502441406,4.98,0.0,0
46986,238.06,9.229000000000001,0.0,0.0,451.43600000000004,0.0,0.0,0.2,5.732,0,10.0,1.075,309.825,1.1217000000000001,36.03,35.38502502441406,4.98,0.0,0
46986,237.889,9.229000000000001,0.0,0.0,451.497,0.0,0.0,-0.2,5.732,0,11.0,1.07,309.69,-5.2786,35.76,35.38502502441406,4.98,0.0,0
46986,237.889,9.229000000000001,0.0,0.0,451.617,0.0,0.0,0.0,5.732,0,12.0,1.05,309.825,-2.8372,36.93,35.38502502441406,4.98,0.0,0
46986,237.548,9.229000000000001,0.0,0.0,451.86,0.0,0.0,0.0,5.732,0,10.0,1.09,309.825,3.1672000000000002,37.050000000000004,35.38502502441406,4.98,0.0,0
46986,238.06,9.229000000000001,-0.5,0.0,451.557,0.0,0.0,-0.2,5.732,0,10.0,1.08,309.825,2.5403000000000002,37.14,35.38502502441406,4.98,0.0,0
46986,238.06,9.229000000000001,0.0,0.0,451.497,0.0,0.0,-0.2,5.732,0,11.0,1.045,309.825,1.0557,37.050000000000004,35.38502502441406,4.98,0.0,0
46986,238.06,9.229000000000001,0.0,0.0,451.557,0.0,0.0,0.0,5.732,0,11.0,1.09,309.825,-1.5836000000000001,37.17,35.38502502441406,4.98,0.0,0
46986,237.889,9.229000000000001,0.0,0.0,451.678,0.0,0.0,0.2,5.732,0,10.0,1.06,309.825,0.0,37.410000000000004,35.38502502441406,4.98,0.0,0
46986,237.889,9.229000000000001,0.0,0.0,451.678,0.0,0.0,-0.2,5.732,0,10.0,1.05,309.69,-1.0310000000000001,37.32,35.38502502441406,4.98,0.0,0
46986,237.889,9.229000000000001,0.0,0.0,451.73900000000003,0.0,0.0,0.2,5.732,0,10.0,1.08,309.69,-3.6703,36.660000000000004,35.38502502441406,4.98,0.0,0
46986,238.06,9.219000000000001,0.0,0.0,451.37600000000003,0.0,0.0,0.2,5.732,0,11.0,1.045,309.915,-3.9095,36.300000000000004,35.38502502441406,4.98,0.0,0
46986,237.719,9.219000000000001,0.0,0.0,451.557,0.0,0.0,0.0,5.732,0,12.0,1.045,309.825,3.8930000000000002,34.86,35.38502502441406,4.98,0.0,0
46986,237.889,9.219000000000001,0.0,0.0,451.678,0.0,0.0,0.2,5.732,0,11.0,1.045,309.825,3.0764,34.77,35.38502502441406,4.98,0.0,0
46986,237.719,9.219000000000001,0.0,0.0,451.557,0.0,0.0,0.0,5.732,0,10.0,1.06,309.825,-0.3547,34.77,35.38502502441406,4.98,0.0,0
46986,237.889,9.219000000000001,0.0,0.0,451.255,0.0,0.0,0.2,5.732,0,10.0,1.12,309.825,4.1569,36.12,35.38502502441406,4.98,0.0,0
46986,237.719,9.219000000000001,0.0,0.0,451.37600000000003,0.0,0.0,0.2,5.732,0,12.0,1.065,309.825,1.2042000000000002,36.84,35.38502502441406,4.98,0.0,0
46986,237.889,9.219000000000001,0.5,0.0,451.37600000000003,0.0,0.0,0.0,5.732,0,10.0,1.045,309.825,-4.8167,37.2,35.38502502441406,4.98,0.0,0
46986,237.719,9.219000000000001,0.0,0.0,451.255,0.0,0.0,0.0,5.732,0,11.0,1.0150000000000001,309.825,-2.2929,36.72,35.38502502441406,4.98,0.0,0
46986,237.719,9.219000000000001,-0.5,0.0,451.37600000000003,0.0,0.0,0.0,5.732,0,10.0,1.09,309.825,1.3856000000000002,36.96,35.38502502441406,4.98,0.0,0
46986,238.06,9.219000000000001,0.0,0.0,451.194,0.0,0.0,-0.2,5.732,0,11.0,1.105,309.825,2.2187,36.75,35.38502502441406,4.98,0.0,0
46986,238.231,9.219000000000001,0.0,0.0,451.557,0.0,0.0,-0.2,5.732,0,10.0,1.055,309.825,1.3196,36.660000000000004,35.38502502441406,4.98,0.0,0
46986,238.231,9.219000000000001,0.0,0.0,451.617,0.0,0.0,0.0,5.732,0,10.0,1.075,309.825,0.132,36.84,35.38502502441406,4.98,0.0,0
46986,238.06,9.219000000000001,0.5,0.0,451.497,0.0,0.0,0.0,5.732,0,10.0,1.045,309.69,-2.0867,35.730000000000004,35.38502502441406,4.98,0.0,0
46986,237.719,9.219000000000001,0.0,0.0,451.255,0.0,0.0,-0.2,5.732,0,10.0,1.07,309.69,-3.2744,35.58,35.38502502441406,4.98,0.0,0
46986,238.231,9.219000000000001,0.0,0.0,451.37600000000003,0.0,0.0,-0.2,5.732,0,11.0,1.08,309.825,-2.8372,35.7,35.38502502441406,4.98,0.0,0
46986,237.889,9.219000000000001,0.0,0.0,451.255,0.0,0.0,0.0,5.732,0,13.0,1.07,309.825,1.7815,36.03,35.38502502441406,4.98,0.0,0
46986,238.06,9.219000000000001,0.0,0.0,451.37600000000003,0.0,0.0,0.0,5.732,0,12.0,1.065,309.915,4.0497000000000005,35.94,35.38502502441406,4.98,0.0,0
46986,237.889,9.219000000000001,0.0,0.0,451.497,0.0,0.0,-0.2,5.732,0,11.0,1.055,309.825,1.6908,37.230000000000004,35.38502502441406,4.98,0.0,0
46986,237.889,9.219000000000001,0.0,0.0,451.194,0.0,0.0,-0.2,5.732,0,11.0,1.06,309.915,1.8310000000000002,37.74,35.38502502441406,4.98,0.0,0
46986,238.06,9.219000000000001,0.0,0.0,451.37600000000003,0.0,0.0,0.0,5.732,0,13.0,1.07,309.825,1.0557,38.160000000000004,35.38502502441406,4.98,0.0,0
46986,237.889,9.219000000000001,0.0,0.0,451.134,0.0,0.0,0.0,5.732,0,11.0,1.03,309.825,2.9032,37.56,35.38502502441406,4.98,0.0,0
46986,237.548,9.219000000000001,0.0,0.0,451.557,0.0,0.0,0.0,5.732,0,10.0,1.045,309.69,-5.435300000000001,37.47,35.38502502441406,4.98,0.0,0
46986,226.293,9.248000000000001,9.6,0.0,451.315,0.0,0.0,0.2,5.732,0,6.0,1.065,309.69,-6.9694,37.2,35.38502502441406,4.98,0.0,0
46986,204.29500000000002,9.443,26.400000000000002,1.0,451.37600000000003,0.0,0.0,-0.2,5.732,0,-9.0,1.035,309.825,-1.6331,37.32,35.38502502441406,4.98,0.0,0
46986,169.507,9.746,33.0,1.0,451.315,0.0,0.0,0.0,5.732,0,-38.0,1.07,309.915,4.3796,37.47,35.38502502441406,4.98,0.0,0
46986,128.75,10.117,49.800000000000004,0.0,451.43600000000004,0.0,0.0,0.0,5.732,0,-31.0,1.075,309.825,5.5838,36.45,35.38502502441406,4.98,0.0,0
46986,60.368,10.879000000000001,98.10000000000001,0.0,451.37600000000003,0.0,0.0,0.0,5.732,0,-16.0,1.03,309.915,-3.7775000000000003,35.82,35.38502502441406,4.98,0.0,0
46986,-14.325000000000001,11.914,84.9,-1.0,451.01300000000003,0.0,0.0,0.2,5.732,0,-12.0,1.055,309.825,-2.5733,35.52,35.38502502441406,4.98,0.0,0
46986,-17.053,12.461,30.5,0.0,451.255,0.0,0.0,0.0,5.732,0,-21.0,1.08,309.825,-1.5836000000000001,35.910000000000004,35.38502502441406,4.98,0.0,0
46986,-8.868,12.559000000000001,-6.6000000000000005,0.0,451.73900000000003,0.0,0.0,0.2,5.732,0,-15.0,1.07,309.825,-3.7198,36.84,35.38502502441406,4.98,0.0,0
46986,-7.333,12.51,-1.0,0.0,451.86,0.0,0.0,0.2,5.732,0,-8.0,1.06,309.69,2.1362,37.89,35.38502502441406,4.98,0.0,0
46986,-6.48,12.51,0.5,-1.0,451.557,0.0,0.0,0.0,5.732,0,-2.0,1.08,309.915,2.994,39.27,35.38502502441406,4.98,0.0,0
46986,-6.992,12.51,0.0,-1.0,451.37600000000003,0.0,0.0,0.0,5.732,0,-5.0,1.065,309.915,2.9032,39.27,35.38502502441406,4.98,0.0,0
46986,-5.969,12.51,-0.5,0.0,451.194,0.0,0.0,0.2,5.732,0,5.0,1.045,309.915,1.2537,39.15,35.38502502441406,4.98,0.0,0
46986,-5.627,12.51,0.0,0.0,451.07300000000004,0.0,0.0,0.2,5.732,0,3.0,1.07,309.69,0.0,38.34,35.38502502441406,4.98,0.0,0
46986,-5.2860000000000005,12.51,0.0,0.0,451.43600000000004,0.0,0.0,0.0,5.732,0,2.0,1.035,309.825,-0.7258,37.17,35.38502502441406,4.98,0.0,0
46986,-4.945,12.51,0.5,0.0,451.557,0.0,0.0,0.0,5.732,0,-4.0,1.095,309.825,-2.3754,36.75,35.38502502441406,4.98,0.0,0
46986,-4.604,12.51,0.5,1.0,451.557,0.0,0.0,0.0,5.732,0,78.0,1.04,309.825,-1.9465000000000001,36.24,35.38502502441406,4.98,0.0,0
46986,-4.263,12.51,-0.5,6.0,451.134,0.0,0.0,0.0,5.732,0,210.0,1.065,309.825,-0.39590000000000003,36.18,35.38502502441406,4.98,0.0,0
46986,-3.411,12.51,0.0,16.0,451.43600000000004,0.0,0.0,0.0,5.732,0,302.0,1.04,309.69,-1.4846000000000001,35.76,35.38502502441406,4.98,0.0,0
46986,-1.5350000000000001,12.51,0.0,32.0,451.315,0.0,0.0,0.0,5.732,0,372.0,1.095,309.825,2.5073000000000003,35.37,35.38502502441406,4.98,0.0,0
46986,0.0,12.520000000000001,0.0,50.0,451.194,0.0,0.0,0.0,5.732,0,444.0,1.03,309.825,3.1672000000000002,35.67,35.38502502441406,4.98,0.0,0
46986,1.5350000000000001,12.520000000000001,0.0,70.0,451.255,0.0,0.0,-0.2,5.732,0,484.0,1.05,309.825,1.4516,36.21,35.38502502441406,4.98,0.0,0
46986,3.922,12.520000000000001,0.5,92.0,451.497,0.0,0.0,0.0,5.732,0,484.0,1.08,309.825,0.0,37.17,35.38502502441406,4.98,0.0,0
46986,5.798,12.520000000000001,0.0,115.0,451.557,0.0,0.0,-0.2,5.732,0,507.0,1.07,309.915,1.8475000000000001,38.37,35.38502502441406,4.98,0.0,0
46986,7.162,12.520000000000001,0.0,136.0,451.37600000000003,0.0,0.0,0.0,5.732,0,475.0,1.05,309.825,0.5279,39.03,35.38502502441406,4.98,0.0,0
46986,8.185,12.520000000000001,0.0,156.0,451.194,0.0,0.0,-0.2,5.732,0,430.0,1.09,309.825,1.1877,38.76,35.38502502441406,4.98,0.0,0
46986,9.038,12.520000000000001,0.5,173.0,451.01300000000003,0.0,0.0,-0.2,5.732,0,376.0,1.08,309.825,0.3299,38.07,35.38502502441406,4.98,0.0,0
46986,9.55,12.520000000000001,0.0,188.0,451.315,0.0,0.0,0.0,5.732,0,306.0,1.065,309.825,-1.3196,37.5,35.38502502441406,4.98,0.0,0
46986,10.573,12.520000000000001,0.0,198.0,451.194,0.0,0.0,-0.2,5.732,0,214.0,1.06,309.825,0.0,36.72,35.38502502441406,4.98,0.0,0
46986,16.2,12.520000000000001,0.0,204.0,451.43600000000004,0.0,0.0,-0.2,5.732,0,135.0,1.05,309.825,1.3196,36.06,35.38502502441406,4.98,0.0,0
46986,24.215,12.520000000000001,0.0,205.0,451.617,0.0,0.0,0.2,5.732,0,80.0,1.035,309.915,0.9897,35.82,35.38502502441406,4.98,0.0,0
46986,29.843,12.539000000000001,4.1000000000000005,203.0,451.497,0.0,0.0,0.0,5.732,0,37.0,1.04,309.69,-3.2991,36.12,35.38502502441406,4.98,0.0,0
46986,32.912,12.598,7.6000000000000005,201.0,451.497,0.0,0.0,0.0,5.732,0,80.0,1.055,309.825,-1.3196,36.57,35.38502502441406,4.98,0.0,0
46986,34.277,12.686,9.6,200.0,451.37600000000003,0.0,0.0,0.0,5.732,0,92.0,1.08,309.825,-0.6598,36.54,35.38502502441406,4.98,0.0,0
46986,34.447,12.803,12.200000000000001,199.0,451.678,0.0,0.0,-0.2,5.732,0,106.0,1.075,309.915,2.4743,37.53,35.38502502441406,4.98,0.0,0
46986,33.253,12.930000000000001,13.700000000000001,200.0,451.557,0.0,0.0,0.0,5.732,0,102.0,1.08,309.69,-0.6598,38.160000000000004,35.38502502441406,4.98,0.0,0
46986,31.207,13.076,15.200000000000001,200.0,450.952,0.0,0.0,-0.2,5.732,0,104.0,1.08,309.825,-2.6393,38.49,35.38502502441406,4.98,0.0,0
46986,28.479,13.232000000000001,15.200000000000001,200.0,451.01300000000003,0.0,0.0,0.2,5.732,0,102.0,1.08,309.825,-2.6393,38.58,35.38502502441406,4.98,0.0,0
46986,25.238,13.398000000000001,14.700000000000001,200.0,451.255,0.0,0.0,0.0,5.732,0,99.0,1.055,309.825,1.4846000000000001,38.49,35.38502502441406,4.98,0.0,0
46986,22.851,13.545,14.700000000000001,200.0,451.557,0.0,0.0,0.0,5.732,0,99.0,1.09,309.825,1.3196,38.22,35.38502502441406,4.98,0.0,0
46986,20.975,13.691,14.700000000000001,200.0,451.557,0.0,0.0,0.2,5.732,0,109.0,1.035,309.825,0.0,37.77,35.38502502441406,4.98,0.0,0
46986,20.293,13.828000000000001,13.200000000000001,200.0,451.73900000000003,0.0,0.0,0.0,5.732,0,98.0,1.075,309.825,-1.3196,37.410000000000004,35.38502502441406,4.98,0.0,0
46986,19.611,13.838000000000001,14.200000000000001,200.0,451.73900000000003,0.0,0.0,0.0,5.732,0,104.0,1.04,309.825,-1.4516,37.38,35.38502502441406,4.98,0.0,0
46986,19.611,13.975000000000001,12.700000000000001,200.0,451.37600000000003,0.0,0.0,0.0,5.732,0,102.0,1.085,309.69,-2.1527000000000003,36.72,35.38502502441406,4.98,0.0,0
46986,19.44,14.102,12.200000000000001,200.0,451.194,0.0,0.0,0.0,5.732,0,107.0,1.08,309.825,-0.9897,36.36,35.38502502441406,4.98,0.0,0
46986,19.27,14.229000000000001,12.200000000000001,200.0,451.37600000000003,0.0,0.0,0.0,5.732,0,108.0,1.105,309.69,-1.1629,37.230000000000004,35.38502502441406,4.98,0.0,0
46986,19.952,14.355,12.200000000000001,200.0,451.557,0.0,0.0,0.0,5.732,0,101.0,1.07,309.915,-0.899,36.81,35.38502502441406,4.98,0.0,0
46986,20.805,14.473,12.700000000000001,200.0,451.617,0.0,0.0,0.0,5.732,0,110.0,1.05,309.69,-0.8330000000000001,37.14,35.38502502441406,4.98,0.0,0
46986,20.975,14.600000000000001,12.200000000000001,200.0,451.497,0.0,0.0,-0.2,5.732,0,111.0,1.085,309.69,1.3856000000000002,37.62,35.38502502441406,4.98,0.0,0
46986,21.657,14.717,11.700000000000001,200.0,451.43600000000004,0.0,0.0,-0.2,5.732,0,99.0,1.075,309.825,-3.5218000000000003,37.800000000000004,35.38502502441406,4.98,0.0,0
46986,21.657,14.844000000000001,12.700000000000001,200.0,451.678,0.0,0.0,0.0,5.732,0,112.0,1.055,309.825,2.5486,38.43,35.38502502441406,4.98,0.0,0
46986,21.828,14.971,12.700000000000001,200.0,451.678,0.0,0.0,0.2,5.732,0,107.0,1.045,309.825,2.1774,38.52,35.38502502441406,4.98,0.0,0
46986,22.169,15.098,13.200000000000001,200.0,451.37600000000003,0.0,0.0,0.0,5.732,0,99.0,1.04,309.825,-1.9795,38.46,35.38502502441406,4.98,0.0,0
46986,21.828,15.225000000000001,12.700000000000001,200.0,451.194,0.0,0.0,0.0,5.732,0,110.0,1.08,309.825,-0.19790000000000002,38.43,35.38502502441406,4.98,0.0,0
46986,22.339000000000002,15.352,12.700000000000001,200.0,451.194,0.0,0.0,0.2,5.732,0,107.0,1.055,309.69,-0.5691,37.77,35.38502502441406,4.98,0.0,0
46986,22.169,15.488000000000001,13.200000000000001,200.0,451.01300000000003,0.0,0.0,0.0,5.732,0,103.0,1.05,309.69,-1.5588000000000002,36.81,35.38502502441406,4.98,0.0,0
46986,22.169,15.615,12.700000000000001,200.0,451.01300000000003,0.0,0.0,0.0,5.732,0,108.0,1.08,309.825,2.9692000000000003,35.85,35.38502502441406,4.98,0.0,0
46986,21.998,15.752,13.700000000000001,200.0,451.37600000000003,0.0,0.0,-0.2,5.732,0,112.0,1.08,309.825,1.2537,35.67,35.38502502441406,4.98,0.0,0
46986,21.998,15.889000000000001,13.700000000000001,200.0,451.01300000000003,0.0,0.0,0.2,5.732,0,108.0,1.085,309.825,1.6908,36.15,35.38502502441406,4.98,0.0,0
46986,21.828,16.016000000000002,12.700000000000001,200.0,451.07300000000004,0.0,0.0,0.2,5.732,0,112.0,1.045,309.825,1.6496000000000002,36.87,35.38502502441406,4.98,0.0,0
46986,21.657,16.152,13.700000000000001,200.0,451.134,0.0,0.0,0.0,5.732,0,111.0,1.075,309.915,-0.9402,37.92,35.38502502441406,4.98,0.0,0
46986,21.657,16.289,13.700000000000001,200.0,451.255,0.0,0.0,0.2,5.732,0,106.0,1.055,309.69,-1.2289,38.28,35.38502502441406,4.98,0.0,0
46986,21.657,16.426000000000002,13.200000000000001,200.0,451.315,0.0,0.0,0.0,5.732,0,115.0,1.06,309.825,-3.9589000000000003,38.07,35.38502502441406,4.98,0.0,0
46986,21.316,16.553,12.200000000000001,200.0,451.37600000000003,0.0,0.0,0.0,5.732,0,114.0,1.05,309.915,1.5671000000000002,38.34,35.38502502441406,4.98,0.0,0
46986,21.657,16.689,13.200000000000001,200.0,450.831,0.0,0.0,0.0,5.732,0,104.0,1.105,309.825,4.3301,38.04,35.38502502441406,4.98,0.0,0
46986,21.487000000000002,16.826,13.700000000000001,200.0,451.134,0.0,0.0,-0.2,5.732,0,106.0,1.045,309.915,-1.8228000000000002,37.86,35.38502502441406,4.98,0.0,0
46986,21.657,16.953,12.700000000000001,200.0,451.315,0.0,0.0,0.0,5.732,0,114.0,1.05,309.915,-4.8167,37.59,35.38502502441406,4.98,0.0,0
46986,21.657,17.09,12.700000000000001,200.0,451.194,0.0,0.0,0.2,5.732,0,108.0,1.075,309.825,1.6496000000000002,36.57,35.38502502441406,4.98,0.0,0
46986,21.487000000000002,17.227,13.700000000000001,200.0,451.617,0.0,0.0,0.0,5.732,0,109.0,1.1300000000000001,309.825,3.4476,35.64,35.38502502441406,4.98,0.0,0
46986,21.487000000000002,17.363,13.700000000000001,200.0,451.43600000000004,0.0,0.0,0.0,5.732,0,116.0,1.065,309.825,0.899,34.86,35.38502502441406,4.98,0.0,0
46986,21.657,17.490000000000002,13.200000000000001,200.0,451.134,0.0,0.0,0.0,5.732,0,108.0,1.055,309.825,-2.1774,34.89,35.38502502441406,4.98,0.0,0
46986,21.487000000000002,17.627000000000002,14.200000000000001,200.0,451.315,0.0,0.0,0.0,5.732,0,112.0,1.08,309.825,-2.4249,36.18,35.38502502441406,4.98,0.0,0
46986,21.657,17.764,13.200000000000001,200.0,451.134,0.0,0.0,0.2,5.732,0,117.0,1.08,309.825,-0.066,36.96,35.38502502441406,4.98,0.0,0
46986,21.487000000000002,17.891000000000002,13.200000000000001,200.0,450.892,0.0,0.0,0.2,5.732,0,108.0,1.09,309.825,0.767,38.49,35.38502502441406,4.98,0.0,0
46986,21.146,18.027,13.200000000000001,200.0,451.37600000000003,0.0,0.0,0.0,5.732,0,114.0,1.09,309.825,-0.066,38.07,35.38502502441406,4.98,0.0,0
46986,21.657,18.164,13.200000000000001,200.0,451.255,0.0,0.0,-0.2,5.732,0,117.0,1.05,309.825,-1.5836000000000001,37.53,35.38502502441406,4.98,0.0,0
46986,21.657,18.174,14.200000000000001,200.0,451.194,0.0,0.0,0.0,5.732,0,116.0,1.09,309.825,-1.3196,37.56,35.38502502441406,4.98,0.0,0
46986,21.657,18.311,13.700000000000001,200.0,451.194,0.0,0.0,-0.2,5.732,0,113.0,1.05,309.825,-2.6393,37.53,35.38502502441406,4.98,0.0,0
46986,21.828,18.447,13.700000000000001,200.0,451.07300000000004,0.0,0.0,0.0,5.732,0,109.0,1.095,309.825,0.0,37.83,35.38502502441406,4.98,0.0,0
46986,21.657,18.574,12.700000000000001,200.0,451.134,0.0,0.0,0.0,5.732,0,115.0,1.08,309.825,5.5425,38.1,35.38502502441406,4.98,0.0,0
46986,22.169,18.711000000000002,13.700000000000001,200.0,450.831,0.0,0.0,0.0,5.732,0,119.0,1.09,309.825,-1.0557,37.53,35.38502502441406,4.98,0.0,0
46986,21.828,18.848000000000003,13.700000000000001,200.0,450.892,0.0,0.0,0.0,5.732,0,110.0,1.075,309.825,1.5836000000000001,36.69,35.38502502441406,4.98,0.0,0
46986,22.169,18.994,12.700000000000001,200.0,451.01300000000003,0.0,0.0,0.0,5.732,0,118.0,1.08,309.825,3.2991,35.31,35.38502502441406,4.98,0.0,0
46986,21.657,19.131,14.200000000000001,200.0,451.255,0.0,0.0,-0.2,5.732,0,119.0,1.09,309.825,-1.0557,34.92,35.38502502441406,4.98,0.0,0
46986,21.487000000000002,19.268,13.200000000000001,200.0,451.315,0.0,0.0,0.0,5.732,0,101.0,1.085,309.825,1.5836000000000001,34.89,35.38502502441406,4.98,0.0,0
46986,21.828,19.404,13.200000000000001,200.0,451.255,0.0,0.0,-0.2,5.732,0,122.0,1.075,309.69,-2.5403000000000002,35.64,35.38502502441406,4.98,0.0,0
46986,21.657,19.541,13.200000000000001,200.0,451.255,0.0,0.0,0.0,5.732,0,117.0,1.075,309.69,-7.258100000000001,37.83,35.38502502441406,4.98,0.0,0
46986,21.487000000000002,19.678,13.700000000000001,200.0,451.255,0.0,0.0,0.0,5.732,0,114.0,1.04,309.69,-1.4846000000000001,39.36,35.38502502441406,4.98,0.0,0
46986,21.316,19.814,13.700000000000001,200.0,451.255,0.0,0.0,0.0,5.732,0,124.0,1.085,309.825,4.7507,39.480000000000004,35.38502502441406,4.98,0.0,0
46986,21.146,19.961000000000002,13.700000000000001,200.0,451.01300000000003,0.0,0.0,0.0,5.732,0,115.0,1.045,309.915,3.2661000000000002,37.980000000000004,35.38502502441406,4.98,0.0,0
46986,21.657,20.098000000000003,13.700000000000001,200.0,451.194,0.0,0.0,0.0,5.732,0,113.0,1.09,309.915,5.4106000000000005,36.78,35.38502502441406,4.98,0.0,0
46986,21.828,20.234,14.200000000000001,200.0,451.255,0.0,0.0,0.0,5.732,0,123.0,1.06,309.69,0.099,36.57,35.38502502441406,4.98,0.0,0
46986,21.316,20.371000000000002,14.200000000000001,201.0,451.07300000000004,0.0,0.0,0.2,5.732,0,125.0,1.07,309.69,-6.334300000000001,36.84,35.38502502441406,4.98,0.0,0
46986,21.316,20.508000000000003,13.200000000000001,200.0,451.194,0.0,0.0,0.0,5.732,0,111.0,1.08,309.69,-5.9054,36.81,35.38502502441406,4.98,0.0,0
46986,21.146,20.645,14.200000000000001,200.0,451.07300000000004,0.0,0.0,0.0,5.732,0,123.0,1.08,309.825,2.3754,36.36,35.38502502441406,4.98,0.0,0
46986,21.487000000000002,20.791,14.200000000000001,200.0,451.01300000000003,0.0,0.0,-0.2,5.732,0,123.0,1.065,309.825,1.4846000000000001,35.61,35.38502502441406,4.98,0.0,0
46986,21.657,20.928,13.200000000000001,200.0,450.469,0.0,0.0,-0.2,5.732,0,116.0,1.06,309.825,2.3754,35.43,35.38502502441406,4.98,0.0,0
46986,21.657,21.064,13.700000000000001,200.0,450.469,0.0,0.0,0.0,5.732,0,117.0,1.06,309.69,0.099,35.52,35.38502502441406,4.98,0.0,0
46986,21.657,21.074,14.200000000000001,200.0,450.469,0.0,0.0,0.0,5.732,0,104.0,1.08,309.69,-0.37120000000000003,35.61,35.38502502441406,4.98,0.0,0
46986,21.487000000000002,21.211000000000002,14.200000000000001,200.0,450.771,0.0,0.0,-0.2,5.732,0,126.0,1.105,309.915,-1.864,36.84,35.38502502441406,4.98,0.0,0
46986,21.487000000000002,21.357,13.700000000000001,200.0,451.01300000000003,0.0,0.0,-0.2,5.732,0,120.0,1.045,309.825,1.1877,38.52,35.38502502441406,4.98,0.0,0
46986,21.657,21.494,14.200000000000001,200.0,451.134,0.0,0.0,-0.2,5.732,0,121.0,1.07,309.825,1.6908,38.7,35.38502502441406,4.98,0.0,0
46986,21.487000000000002,21.631,13.700000000000001,200.0,451.01300000000003,0.0,0.0,0.2,5.732,0,123.0,1.06,309.69,-3.1012,37.65,35.38502502441406,4.98,0.0,0
46986,21.657,21.768,13.700000000000001,200.0,451.01300000000003,0.0,0.0,-0.2,5.732,0,123.0,1.07,309.915,-0.47840000000000005,36.78,35.38502502441406,4.98,0.0,0
46986,20.975,21.914,13.200000000000001,200.0,451.134,0.0,0.0,-0.2,5.732,0,119.0,1.07,309.915,1.1712,36.09,35.38502502441406,4.98,0.0,0
46986,21.657,22.051000000000002,13.700000000000001,200.0,450.65000000000003,0.0,0.0,0.0,5.732,0,123.0,1.06,309.915,1.3444,36.15,35.38502502441406,4.98,0.0,0
46986,21.487000000000002,22.188000000000002,13.700000000000001,200.0,450.711,0.0,0.0,0.0,5.732,0,123.0,1.055,309.825,-0.39590000000000003,35.76,35.38502502441406,4.98,0.0,0
46986,21.146,22.324,14.200000000000001,200.0,450.952,0.0,0.0,0.2,5.732,0,115.0,1.09,309.825,-1.897,35.58,35.38502502441406,4.98,0.0,0
46986,21.657,22.344,14.200000000000001,200.0,450.952,0.0,0.0,0.0,5.732,0,123.0,1.085,309.825,-1.5176,35.58,35.38502502441406,4.98,0.0,0
46986,21.487000000000002,22.48,13.700000000000001,200.0,450.771,0.0,0.0,0.2,5.732,0,123.0,1.08,309.825,-1.8475000000000001,35.64,35.38502502441406,4.98,0.0,0
46986,21.657,22.617,13.700000000000001,200.0,450.711,0.0,0.0,-0.2,5.732,0,125.0,1.07,309.825,-2.3754,35.37,35.38502502441406,4.98,0.0,0
46986,21.657,22.764,15.200000000000001,200.0,451.134,0.0,0.0,-0.2,5.732,0,131.0,1.025,309.825,-0.39590000000000003,36.06,35.38502502441406,4.98,0.0,0
46986,21.657,22.900000000000002,13.700000000000001,200.0,451.255,0.0,0.0,0.0,5.732,0,121.0,1.075,309.69,1.1547,36.480000000000004,35.38502502441406,4.98,0.0,0
46986,21.828,23.037000000000003,14.200000000000001,200.0,451.37600000000003,0.0,0.0,0.0,5.732,0,128.0,1.05,309.825,-1.4516,37.47,35.38502502441406,4.98,0.0,0
46986,21.998,23.184,14.200000000000001,200.0,451.134,0.0,0.0,0.0,5.732,0,128.0,1.065,309.69,-4.651800000000001,38.07,35.38502502441406,4.98,0.0,0
46986,21.828,23.32,14.200000000000001,200.0,450.831,0.0,0.0,0.0,5.732,0,116.0,1.03,309.825,1.1877,37.74,35.38502502441406,4.98,0.0,0
46986,21.828,23.467000000000002,14.200000000000001,200.0,450.831,0.0,0.0,0.2,5.732,0,138.0,1.085,309.69,-1.4846000000000001,37.92,35.38502502441406,4.98,0.0,0
46986,21.657,23.613,14.200000000000001,200.0,450.831,0.0,0.0,0.0,5.732,0,125.0,1.055,309.69,-1.5836000000000001,37.44,35.38502502441406,4.98,0.0,0
46986,21.487000000000002,23.75,14.700000000000001,200.0,450.952,0.0,0.0,0.2,5.732,0,125.0,1.045,309.69,-1.4846000000000001,37.56,35.38502502441406,4.98,0.0,0
46986,21.487000000000002,23.896,14.700000000000001,200.0,450.65000000000003,0.0,0.0,0.0,5.732,0,131.0,1.05,309.825,1.1877,37.2,35.38502502441406,4.98,0.0,0
46986,21.657,24.033,13.200000000000001,200.0,451.07300000000004,0.0,0.0,0.2,5.732,0,130.0,1.085,309.825,4.651800000000001,36.87,35.38502502441406,4.98,0.0,0
46986,21.657,24.18,14.200000000000001,200.0,451.07300000000004,0.0,0.0,0.0,5.732,0,129.0,1.07,309.69,2.6393,35.67,35.38502502441406,4.98,0.0,0
46986,21.487000000000002,24.316000000000003,13.700000000000001,200.0,450.892,0.0,0.0,0.0,5.732,0,130.0,1.045,309.825,-3.4311000000000003,35.52,35.38502502441406,4.98,0.0,0
46986,21.657,24.463,13.700000000000001,200.0,451.01300000000003,0.0,0.0,0.0,5.732,0,133.0,1.095,309.825,1.1877,35.64,35.38502502441406,4.98,0.0,0
46986,21.487000000000002,24.6,13.200000000000001,200.0,451.194,0.0,0.0,0.0,5.732,0,124.0,1.07,309.915,7.489000000000001,36.36,35.38502502441406,4.98,0.0,0
46986,21.657,24.746000000000002,14.200000000000001,200.0,451.557,0.0,0.0,0.0,5.732,0,138.0,1.05,309.825,-1.4516,37.410000000000004,35.38502502441406,4.98,0.0,0
46986,21.657,24.883000000000003,14.200000000000001,200.0,451.557,0.0,0.0,-0.2,5.732,0,128.0,1.07,309.825,-2.1114,38.4,35.38502502441406,4.98,0.0,0
46986,21.657,25.029,14.700000000000001,200.0,451.01300000000003,0.0,0.0,0.2,5.732,0,127.0,1.095,309.69,-2.6393,39.33,35.38502502441406,4.98,0.0,0
46986,21.316,25.166,14.700000000000001,200.0,451.01300000000003,0.0,0.0,-0.2,5.732,0,128.0,1.065,309.825,-2.3754,39.33,35.38502502441406,4.98,0.0,0
46986,21.657,25.313000000000002,13.700000000000001,200.0,450.831,0.0,0.0,0.2,5.732,0,134.0,1.055,309.825,1.5836000000000001,38.67,35.38502502441406,4.98,0.0,0
46986,21.657,25.449,13.700000000000001,200.0,451.194,0.0,0.0,0.0,5.732,0,129.0,1.115,309.825,1.4846000000000001,38.19,35.38502502441406,4.98,0.0,0
46986,21.828,25.586000000000002,13.700000000000001,200.0,451.255,0.0,0.0,-0.2,5.732,0,137.0,1.08,309.915,-0.5279,37.59,35.38502502441406,4.98,0.0,0
46986,21.657,25.732000000000003,14.200000000000001,200.0,451.01300000000003,0.0,0.0,0.0,5.732,0,133.0,1.09,309.825,-0.2639,36.9,35.38502502441406,4.98,0.0,0
46986,21.316,25.742,13.700000000000001,200.0,451.01300000000003,0.0,0.0,-0.2,5.732,0,136.0,1.095,309.825,0.19790000000000002,36.93,35.38502502441406,4.98,0.0,0
46986,21.316,25.889000000000003,14.700000000000001,200.0,451.194,0.0,0.0,0.2,5.732,0,136.0,1.075,309.69,0.2227,36.51,35.38502502441406,4.98,0.0,0
46986,21.146,26.025000000000002,14.200000000000001,200.0,451.134,0.0,0.0,0.2,5.732,0,131.0,1.085,309.915,-0.2639,36.27,35.38502502441406,4.98,0.0,0
46986,21.487000000000002,26.172,14.200000000000001,200.0,451.194,0.0,0.0,0.0,5.732,0,139.0,1.055,309.825,2.3094,35.88,35.38502502441406,4.98,0.0,0
46986,20.464000000000002,26.309,14.200000000000001,200.0,450.952,0.0,0.0,0.0,5.732,0,136.0,1.08,309.915,2.4413,36.36,35.38502502441406,4.98,0.0,0
46986,21.657,26.445,13.700000000000001,200.0,451.255,0.0,0.0,0.2,5.732,0,133.0,1.06,309.825,-3.5466,37.71,35.38502502441406,4.98,0.0,0
46986,20.975,26.592000000000002,14.200000000000001,200.0,451.255,0.0,0.0,0.2,5.732,0,143.0,1.04,309.915,1.963,38.52,35.38502502441406,4.98,0.0,0
46986,21.657,26.729000000000003,13.700000000000001,200.0,451.01300000000003,0.0,0.0,0.0,5.732,0,134.0,1.085,309.825,1.798,38.550000000000004,35.38502502441406,4.98,0.0,0
46986,21.487000000000002,26.865000000000002,13.700000000000001,200.0,450.952,0.0,0.0,-0.2,5.732,0,139.0,1.085,309.825,-0.0247,38.49,35.38502502441406,4.98,0.0,0
46986,21.828,27.012,14.700000000000001,200.0,450.771,0.0,0.0,0.2,5.732,0,141.0,1.04,309.825,-4.6683,38.64,35.38502502441406,4.98,0.0,0
46986,21.316,27.148,14.200000000000001,200.0,450.711,0.0,0.0,-0.2,5.732,0,140.0,1.06,309.69,-1.9547,37.92,35.38502502441406,4.98,0.0,0
46986,22.169,27.295,14.200000000000001,200.0,450.529,0.0,0.0,0.0,5.732,0,139.0,1.09,309.825,-0.19790000000000002,37.56,35.38502502441406,4.98,0.0,0
46986,21.316,27.441000000000003,13.700000000000001,200.0,450.831,0.0,0.0,0.0,5.732,0,145.0,1.055,309.69,-1.8887,37.38,35.38502502441406,4.98,0.0,0
46986,21.316,27.578000000000003,13.700000000000001,200.0,451.134,0.0,0.0,0.0,5.732,0,141.0,1.075,309.825,-0.2887,36.03,35.38502502441406,4.98,0.0,0
46986,21.487000000000002,27.725,14.200000000000001,200.0,451.315,0.0,0.0,-0.2,5.732,0,142.0,1.055,309.825,1.0310000000000001,35.1,35.38502502441406,4.98,0.0,0
46986,21.487000000000002,27.871000000000002,14.200000000000001,200.0,451.01300000000003,0.0,0.0,0.0,5.732,0,142.0,1.045,309.825,0.7011000000000001,35.160000000000004,35.38502502441406,4.98,0.0,0
46986,20.975,28.008000000000003,13.700000000000001,200.0,451.01300000000003,0.0,0.0,0.2,5.732,0,138.0,1.07,309.69,-4.2889,36.0,35.38502502441406,4.98,0.0,0
46986,21.316,28.154,13.700000000000001,200.0,451.194,0.0,0.0,0.0,5.732,0,141.0,1.085,309.825,-1.2537,37.410000000000004,35.38502502441406,4.98,0.0,0
46986,20.975,28.301000000000002,14.200000000000001,200.0,451.194,0.0,0.0,-0.2,5.732,0,144.0,1.075,309.825,4.9899000000000004,38.46,35.38502502441406,4.98,0.0,0
46986,21.657,28.447000000000003,14.200000000000001,200.0,451.01300000000003,0.0,0.0,0.0,5.732,0,148.0,1.065,309.825,2.2187,39.09,35.38502502441406,4.98,0.0,0
46986,20.805,28.584,14.200000000000001,200.0,451.01300000000003,0.0,0.0,0.0,5.732,0,133.0,1.065,309.825,-2.7713,38.550000000000004,35.38502502441406,4.98,0.0,0
46986,21.146,28.73,14.700000000000001,200.0,450.831,0.0,0.0,0.0,5.732,0,152.0,1.075,309.825,-0.3299,37.68,35.38502502441406,4.98,0.0,0
46986,20.293,28.877000000000002,14.200000000000001,200.0,450.831,0.0,0.0,0.0,5.732,0,138.0,1.075,309.69,-1.6083,37.59,35.38502502441406,4.98,0.0,0
46986,21.487000000000002,29.014000000000003,13.200000000000001,200.0,451.07300000000004,0.0,0.0,-0.2,5.732,0,141.0,1.075,309.915,-0.5444,37.32,35.38502502441406,4.98,0.0,0
46986,20.123,29.16,14.700000000000001,200.0,451.194,0.0,0.0,0.0,5.732,0,148.0,1.055,309.825,4.1321,37.56,35.38502502441406,4.98,0.0,0
46986,20.975,29.307000000000002,13.700000000000001,200.0,450.892,0.0,0.0,-0.2,5.732,0,135.0,1.05,309.825,3.0764,36.9,35.38502502441406,4.98,0.0,0
46986,20.634,29.443,13.700000000000001,200.0,451.134,0.0,0.0,0.0,5.732,0,144.0,1.09,309.825,-3.0352,36.24,35.38502502441406,4.98,0.0,0
46986,21.657,29.59,13.700000000000001,200.0,451.557,0.0,0.0,0.0,5.732,0,148.0,1.06,309.69,-1.0310000000000001,35.85,35.38502502441406,4.98,0.0,0
46986,19.952,29.727,14.700000000000001,200.0,451.194,0.0,0.0,0.0,5.732,0,144.0,1.065,309.69,-5.847700000000001,36.51,35.38502502441406,4.98,0.0,0
46986,20.975,29.873,14.200000000000001,200.0,450.892,0.0,0.0,-0.2,5.732,0,144.0,1.09,309.825,-2.0455,36.84,35.38502502441406,4.98,0.0,0
46986,19.952,30.01,13.700000000000001,200.0,451.194,0.0,0.0,0.0,5.732,0,144.0,1.085,309.69,1.0145,37.95,35.38502502441406,4.98,0.0,0
46986,21.828,30.029,14.200000000000001,200.0,451.255,0.0,0.0,0.0,5.732,0,146.0,1.055,309.69,1.1877,38.160000000000004,35.38502502441406,4.98,0.0,0
46986,22.169,30.166,13.700000000000001,200.0,451.07300000000004,0.0,0.0,0.2,5.732,0,146.0,1.045,309.825,-1.6826,38.730000000000004,35.38502502441406,4.98,0.0,0
46986,22.51,30.303,12.700000000000001,201.0,451.37600000000003,0.0,0.0,0.0,5.732,0,137.0,1.06,309.69,0.0,38.97,35.38502502441406,4.98,0.0,0
46986,22.851,30.449,14.200000000000001,200.0,451.43600000000004,0.0,0.0,-0.2,5.732,0,142.0,1.05,309.825,2.2764,38.04,35.38502502441406,4.98,0.0,0
46986,22.681,30.586000000000002,13.700000000000001,200.0,451.194,0.0,0.0,0.0,5.732,0,146.0,1.075,309.825,-0.7918000000000001,37.53,35.38502502441406,4.98,0.0,0
46986,22.681,30.732000000000003,14.700000000000001,200.0,451.557,0.0,0.0,0.0,5.732,0,139.0,1.12,309.6,-4.9487000000000005,37.08,35.38502502441406,4.98,0.0,0
46986,23.192,30.869,13.700000000000001,200.0,451.557,0.0,0.0,0.0,5.732,0,142.0,1.09,309.69,-4.7507,37.17,35.38502502441406,4.98,0.0,0
46986,23.704,31.016000000000002,14.200000000000001,200.0,451.315,0.0,0.0,0.2,5.732,0,152.0,1.07,309.915,3.8930000000000002,36.6,35.38502502441406,4.98,0.0,0
46986,22.51,31.162000000000003,14.700000000000001,200.0,451.497,0.0,0.0,0.2,5.732,0,144.0,1.075,309.915,8.8416,36.33,35.38502502441406,4.98,0.0,0
46986,23.192,31.309,15.200000000000001,200.0,451.678,0.0,0.0,0.0,5.732,0,144.0,1.05,309.825,2.2764,35.76,35.38502502441406,4.98,0.0,0
46986,23.704,31.455000000000002,14.700000000000001,200.0,451.8,0.0,0.0,-0.2,5.732,0,153.0,1.075,309.825,-2.2434000000000003,35.88,35.38502502441406,4.98,0.0,0
46986,23.874,31.602,14.200000000000001,200.0,451.678,0.0,0.0,0.0,5.732,0,145.0,1.07,309.825,-0.9897,36.480000000000004,35.38502502441406,4.98,0.0,0
46986,22.51,31.748,14.200000000000001,200.0,451.255,0.0,0.0,0.2,5.732,0,148.0,1.05,309.915,3.4311000000000003,37.800000000000004,35.38502502441406,4.98,0.0,0
46986,22.681,31.895000000000003,14.700000000000001,200.0,451.134,0.0,0.0,0.2,5.732,0,149.0,1.065,309.69,-1.7485000000000002,39.15,35.38502502441406,4.98,0.0,0
46986,23.533,32.051,14.200000000000001,200.0,451.134,0.0,0.0,0.0,5.732,0,144.0,1.09,309.69,-5.1466,38.76,35.38502502441406,4.98,0.0,0
46986,23.704,32.197,13.700000000000001,200.0,451.134,0.0,0.0,0.0,5.732,0,145.0,1.065,309.69,-3.2661000000000002,37.95,35.38502502441406,4.98,0.0,0
46986,22.339000000000002,32.344,14.200000000000001,200.0,451.194,0.0,0.0,0.0,5.732,0,151.0,1.065,309.915,2.2434000000000003,37.95,35.38502502441406,4.98,0.0,0
46986,22.851,32.480000000000004,14.200000000000001,200.0,451.194,0.0,0.0,0.2,5.732,0,146.0,1.07,309.825,2.0125,37.2,35.38502502441406,4.98,0.0,0
46986,23.533,32.627,14.200000000000001,200.0,451.07300000000004,0.0,0.0,0.0,5.732,0,142.0,1.055,309.69,0.7918000000000001,37.02,35.38502502441406,4.98,0.0,0
46986,24.045,32.773,14.200000000000001,200.0,451.07300000000004,0.0,0.0,-0.2,5.732,0,155.0,1.065,309.825,-0.19790000000000002,37.11,35.38502502441406,4.98,0.0,0
46986,22.851,32.92,13.200000000000001,200.0,451.07300000000004,0.0,0.0,0.0,5.732,0,147.0,1.095,309.825,1.1877,36.42,35.38502502441406,4.98,0.0,0
46986,22.851,33.066,14.700000000000001,200.0,451.01300000000003,0.0,0.0,0.0,5.732,0,145.0,1.085,309.825,1.4846000000000001,35.58,35.38502502441406,4.98,0.0,0
46986,23.704,33.213,14.700000000000001,200.0,450.892,0.0,0.0,0.0,5.732,0,154.0,1.045,309.69,-4.7507,35.160000000000004,35.38502502441406,4.98,0.0,0
46986,24.045,33.359,14.200000000000001,200.0,450.831,0.0,0.0,-0.2,5.732,0,145.0,1.1,309.825,0.7918000000000001,34.86,35.38502502441406,4.98,0.0,0
46986,22.339000000000002,33.506,14.700000000000001,200.0,451.01300000000003,0.0,0.0,0.0,5.732,0,150.0,1.065,309.69,0.6598,35.85,35.38502502441406,4.98,0.0,0
46986,22.851,33.652,14.200000000000001,200.0,451.07300000000004,0.0,0.0,-0.2,5.732,0,159.0,1.065,309.825,-0.3629,37.02,35.38502502441406,4.98,0.0,0
46986,23.874,33.789,14.200000000000001,200.0,450.831,0.0,0.0,0.2,5.732,0,149.0,1.06,309.825,-0.7918000000000001,38.31,35.38502502441406,4.98,0.0,0
46986,24.215,33.936,13.200000000000001,200.0,450.831,0.0,0.0,0.0,5.732,0,150.0,1.045,309.825,1.4846000000000001,38.67,35.38502502441406,4.98,0.0,0
46986,22.339000000000002,34.082,14.700000000000001,200.0,451.01300000000003,0.0,0.0,-0.2,5.732,0,152.0,1.11,309.69,-0.7918000000000001,38.37,35.38502502441406,4.98,0.0,0
46986,22.339000000000002,34.229,13.700000000000001,200.0,451.194,0.0,0.0,-0.2,5.732,0,139.0,1.095,309.69,-4.651800000000001,37.17,35.38502502441406,4.98,0.0,0
46986,23.363,34.365,13.700000000000001,200.0,450.892,0.0,0.0,0.2,5.732,0,153.0,1.08,309.825,-0.39590000000000003,36.480000000000004,35.38502502441406,4.98,0.0,0
46986,22.51,34.512,14.700000000000001,200.0,450.771,0.0,0.0,0.0,5.732,0,150.0,1.065,309.825,3.8600000000000003,36.12,35.38502502441406,4.98,0.0,0
46986,22.339000000000002,34.658,14.200000000000001,200.0,450.831,0.0,0.0,0.0,5.732,0,145.0,1.095,309.69,1.3196,35.85,35.38502502441406,4.98,0.0,0
46986,21.487000000000002,34.795,13.200000000000001,200.0,451.134,0.0,0.0,0.0,5.732,0,146.0,1.045,309.915,-3.761,34.89,35.38502502441406,4.98,0.0,0
46986,22.169,34.941,14.200000000000001,200.0,451.07300000000004,0.0,0.0,0.0,5.732,0,153.0,1.035,309.69,-4.0909,35.25,35.38502502441406,4.98,0.0,0
46986,21.487000000000002,35.078,13.700000000000001,200.0,450.831,0.0,0.0,0.0,5.732,0,151.0,1.08,309.69,2.6393,35.22,35.38502502441406,4.98,0.0,0
46986,21.657,35.225,13.700000000000001,200.0,450.711,0.0,0.0,0.0,5.732,0,146.0,1.06,309.825,0.132,35.76,35.38502502441406,4.98,0.0,0
46986,22.169,35.244,14.200000000000001,200.0,450.711,0.0,0.0,-0.2,5.732,0,145.0,1.065,309.825,1.1382,35.82,35.38502502441406,4.98,0.0,0
46986,21.998,35.381,14.700000000000001,200.0,450.529,0.0,0.0,0.0,5.732,0,148.0,1.07,309.825,1.7568000000000001,36.45,35.38502502441406,4.98,0.0,0
46986,22.51,35.527,14.700000000000001,200.0,450.831,0.0,0.0,0.2,5.732,0,156.0,1.08,309.69,-0.39590000000000003,37.5,35.38502502441406,4.98,0.0,0
46986,22.681,35.684000000000005,15.700000000000001,200.0,450.892,0.0,0.0,0.0,5.732,0,149.0,1.07,309.69,-3.3404000000000003,37.77,35.38502502441406,4.98,0.0,0
46986,21.657,35.84,14.700000000000001,199.0,451.01300000000003,0.0,0.0,0.2,5.732,0,156.0,1.05,309.825,1.7815,37.44,35.38502502441406,4.98,0.0,0
46986,21.657,35.986000000000004,15.200000000000001,201.0,451.01300000000003,0.0,0.0,0.2,5.732,0,151.0,1.035,309.825,5.0147,37.38,35.38502502441406,4.98,0.0,0
46986,21.657,36.133,14.200000000000001,200.0,451.37600000000003,0.0,0.0,0.0,5.732,0,151.0,1.045,309.825,2.2846,36.9,35.38502502441406,4.98,0.0,0
46986,21.657,36.279,13.700000000000001,200.0,451.07300000000004,0.0,0.0,0.2,5.732,0,159.0,1.04,309.825,-1.1877,36.6,35.38502502441406,4.98,0.0,0
46986,21.316,36.436,15.200000000000001,200.0,450.892,0.0,0.0,0.0,5.732,0,159.0,1.085,309.825,-0.066,35.64,35.38502502441406,4.98,0.0,0
46986,21.316,36.582,15.200000000000001,200.0,450.771,0.0,0.0,-0.2,5.732,0,148.0,1.05,309.825,0.5938,35.25,35.38502502441406,4.98,0.0,0
46986,21.828,36.729,14.700000000000001,200.0,450.348,0.0,0.0,-0.2,5.732,0,148.0,1.1,309.915,-0.8083,35.19,35.38502502441406,4.98,0.0,0
46986,21.487000000000002,36.875,14.200000000000001,200.0,450.348,0.0,0.0,0.2,5.732,0,150.0,1.1,309.825,-2.3589,35.61,35.38502502441406,4.98,0.0,0
46986,21.316,37.031,15.200000000000001,200.0,450.831,0.0,0.0,0.0,5.732,0,148.0,1.095,309.69,-4.2641,35.79,35.38502502441406,4.98,0.0,0
46986,21.487000000000002,37.178000000000004,14.200000000000001,200.0,450.711,0.0,0.0,0.0,5.732,0,154.0,1.065,309.825,-3.7198,36.6,35.38502502441406,4.98,0.0,0
46986,21.487000000000002,37.324000000000005,14.700000000000001,200.0,450.831,0.0,0.0,-0.2,5.732,0,154.0,1.065,309.825,2.7053000000000003,37.35,35.38502502441406,4.98,0.0,0
46986,20.975,37.471000000000004,14.700000000000001,200.0,450.831,0.0,0.0,-0.2,5.732,0,148.0,1.08,309.915,7.0684000000000005,37.14,35.38502502441406,4.98,0.0,0
46986,21.146,37.617000000000004,14.700000000000001,200.0,450.771,0.0,0.0,-0.2,5.732,0,153.0,1.065,309.69,-4.4621,37.17,35.38502502441406,4.98,0.0,0
46986,21.487000000000002,37.764,14.700000000000001,200.0,450.831,0.0,0.0,0.0,5.732,0,155.0,1.075,309.825,-2.4413,37.17,35.38502502441406,4.98,0.0,0
46986,21.657,37.92,15.200000000000001,200.0,450.771,0.0,0.0,-0.2,5.732,0,154.0,1.07,309.915,1.4516,37.53,35.38502502441406,4.98,0.0,0
46986,21.657,38.066,14.700000000000001,200.0,450.892,0.0,0.0,0.0,5.732,0,154.0,1.085,309.825,4.4621,36.75,35.38502502441406,4.98,0.0,0
46986,21.316,38.213,14.200000000000001,200.0,451.134,0.0,0.0,0.0,5.732,0,154.0,1.08,309.69,1.0145,35.94,35.38502502441406,4.98,0.0,0
46986,21.316,38.359,14.700000000000001,200.0,451.134,0.0,0.0,-0.2,5.732,0,151.0,1.045,309.825,-5.2786,34.95,35.38502502441406,4.98,0.0,0
46986,21.657,38.379000000000005,14.700000000000001,200.0,451.255,0.0,0.0,0.0,5.732,0,158.0,1.07,309.825,-5.0147,34.92,35.38502502441406,4.98,0.0,0
46986,21.487000000000002,38.525,14.200000000000001,200.0,451.37600000000003,0.0,0.0,0.2,5.732,0,153.0,1.09,309.69,-0.6928000000000001,34.59,35.38502502441406,4.98,0.0,0
46986,21.316,38.672000000000004,15.200000000000001,201.0,451.497,0.0,0.0,0.2,5.732,0,149.0,1.05,309.825,4.2229,34.53,35.38502502441406,4.98,0.0,0
46986,21.657,38.818000000000005,14.700000000000001,200.0,451.497,0.0,0.0,0.2,5.732,0,159.0,1.03,309.915,3.1012,34.800000000000004,35.38502502441406,4.98,0.0,0
46986,21.146,38.965,14.700000000000001,200.0,451.01300000000003,0.0,0.0,0.2,5.732,0,154.0,1.07,309.69,0.7918000000000001,35.85,35.38502502441406,4.98,0.0,0
46986,21.487000000000002,39.111000000000004,13.700000000000001,200.0,450.892,0.0,0.0,0.0,5.732,0,148.0,1.045,309.69,-6.7632,36.93,35.38502502441406,4.98,0.0,0
46986,21.487000000000002,39.258,14.700000000000001,200.0,450.892,0.0,0.0,0.0,5.732,0,159.0,1.045,309.69,-4.6188,37.38,35.38502502441406,4.98,0.0,0
46986,21.316,39.404,15.200000000000001,200.0,450.831,0.0,0.0,0.0,5.732,0,148.0,1.08,309.825,5.4435,37.050000000000004,35.38502502441406,4.98,0.0,0
46986,21.657,39.551,14.700000000000001,200.0,451.134,0.0,0.0,0.0,5.732,0,151.0,1.075,309.825,3.9589000000000003,36.51,35.38502502441406,4.98,0.0,0
46986,21.828,39.697,15.200000000000001,200.0,451.194,0.0,0.0,0.2,5.732,0,158.0,1.055,309.825,-0.8908,36.300000000000004,35.38502502441406,4.98,0.0,0
46986,21.657,39.844,15.700000000000001,200.0,451.255,0.0,0.0,-0.2,5.732,0,149.0,1.085,309.825,-0.39590000000000003,36.69,35.38502502441406,4.98,0.0,0
46986,21.828,39.99,14.700000000000001,200.0,450.831,0.0,0.0,0.0,5.732,0,156.0,1.08,309.825,-0.7918000000000001,36.51,35.38502502441406,4.98,0.0,0
46986,21.998,40.146,15.200000000000001,200.0,450.711,0.0,0.0,0.0,5.732,0,161.0,1.07,309.825,0.9238000000000001,36.21,35.38502502441406,4.98,0.0,0
46986,21.828,40.156,14.200000000000001,200.0,450.711,0.0,0.0,0.0,5.732,0,161.0,1.08,309.825,0.9897,36.15,35.38502502441406,4.98,0.0,0
46986,21.998,40.313,15.700000000000001,200.0,450.65000000000003,0.0,0.0,0.2,5.732,0,159.0,1.1,309.69,0.9485,35.550000000000004,35.38502502441406,4.98,0.0,0
46986,21.998,40.459,14.700000000000001,200.0,451.01300000000003,0.0,0.0,-0.2,5.732,0,152.0,1.06,309.825,-4.8827,35.25,35.38502502441406,4.98,0.0,0
46986,21.828,40.615,14.700000000000001,200.0,450.952,0.0,0.0,0.0,5.732,0,155.0,1.065,309.825,-2.9692000000000003,35.01,35.38502502441406,4.98,0.0,0
46986,23.022000000000002,40.771,15.700000000000001,200.0,450.771,0.0,0.0,-0.2,5.732,0,159.0,1.07,309.825,5.0559,35.13,35.38502502441406,4.98,0.0,0
46986,22.51,40.928000000000004,15.200000000000001,200.0,450.59000000000003,0.0,0.0,0.2,5.732,0,154.0,1.07,309.825,2.9445,35.79,35.38502502441406,4.98,0.0,0
46986,21.316,41.084,14.700000000000001,200.0,450.59000000000003,0.0,0.0,0.0,5.732,0,158.0,1.07,309.69,-1.6908,36.81,35.38502502441406,4.98,0.0,0
46986,21.146,41.24,14.700000000000001,200.0,450.831,0.0,0.0,0.0,5.732,0,164.0,1.08,309.825,-0.4454,37.35,35.38502502441406,4.98,0.0,0
46986,21.146,41.396,15.700000000000001,200.0,450.831,0.0,0.0,-0.2,5.732,0,153.0,1.065,309.69,-0.0412,37.410000000000004,35.38502502441406,4.98,0.0,0
46986,21.316,41.553000000000004,15.200000000000001,200.0,450.892,0.0,0.0,0.0,5.732,0,165.0,1.035,309.825,0.0,37.02,35.38502502441406,4.98,0.0,0
46986,21.146,41.699000000000005,15.700000000000001,200.0,450.831,0.0,0.0,-0.2,5.732,0,159.0,1.09,309.915,-0.28040000000000004,37.32,35.38502502441406,4.98,0.0,0
46986,21.146,41.855000000000004,15.200000000000001,200.0,450.952,0.0,0.0,0.2,5.732,0,155.0,1.045,309.69,2.0702000000000003,37.26,35.38502502441406,4.98,0.0,0
46986,21.146,42.002,15.200000000000001,200.0,450.892,0.0,0.0,-0.2,5.732,0,166.0,1.125,309.69,-4.66,37.71,35.38502502441406,4.98,0.0,0
46986,21.316,42.158,14.700000000000001,200.0,451.01300000000003,0.0,0.0,-0.2,5.732,0,155.0,1.045,309.915,-0.23920000000000002,36.81,35.38502502441406,4.98,0.0,0
46986,21.657,42.305,15.200000000000001,200.0,451.194,0.0,0.0,-0.2,5.732,0,157.0,1.09,309.825,0.5691,35.94,35.38502502441406,4.98,0.0,0
46986,21.146,42.461,15.200000000000001,200.0,450.831,0.0,0.0,0.2,5.732,0,162.0,1.09,309.825,1.097,34.95,35.38502502441406,4.98,0.0,0
46986,21.657,42.607,15.200000000000001,200.0,450.892,0.0,0.0,0.2,5.732,0,161.0,1.07,309.915,-1.7155,34.53,35.38502502441406,4.98,0.0,0
46986,21.316,42.754000000000005,15.700000000000001,200.0,451.01300000000003,0.0,0.0,0.0,5.732,0,160.0,1.035,309.825,1.2949000000000002,35.64,35.38502502441406,4.98,0.0,0
46986,21.487000000000002,42.910000000000004,14.700000000000001,200.0,451.01300000000003,0.0,0.0,-0.2,5.732,0,163.0,1.075,309.69,4.1157,37.26,35.38502502441406,4.98,0.0,0
46986,21.316,43.057,15.200000000000001,200.0,451.07300000000004,0.0,0.0,-0.2,5.732,0,165.0,1.075,309.915,0.9485,38.34,35.38502502441406,4.98,0.0,0
46986,21.657,43.213,14.700000000000001,200.0,450.952,0.0,0.0,0.0,5.732,0,157.0,1.06,309.69,-0.3052,38.730000000000004,35.38502502441406,4.98,0.0,0
46986,21.487000000000002,43.359,15.200000000000001,200.0,450.831,0.0,0.0,-0.2,5.732,0,159.0,1.07,309.69,-5.5013000000000005,39.03,35.38502502441406,4.98,0.0,0
46986,21.487000000000002,43.379000000000005,14.200000000000001,200.0,450.771,0.0,0.0,-0.2,5.732,0,155.0,1.065,309.69,-5.2786,38.97,35.38502502441406,4.98,0.0,0
46986,21.487000000000002,43.525,15.700000000000001,200.0,450.771,0.0,0.0,0.0,5.732,0,164.0,1.075,309.825,0.5938,37.95,35.38502502441406,4.98,0.0,0
46986,21.657,43.672000000000004,14.700000000000001,200.0,450.831,0.0,0.0,0.0,5.732,0,156.0,1.085,309.915,8.049900000000001,36.96,35.38502502441406,4.98,0.0,0
46986,21.657,43.828,15.200000000000001,200.0,450.831,0.0,0.0,0.0,5.732,0,155.0,1.035,309.69,0.5279,36.36,35.38502502441406,4.98,0.0,0
46986,21.487000000000002,43.975,14.700000000000001,200.0,450.831,0.0,0.0,0.0,5.732,0,160.0,1.095,309.915,-0.39590000000000003,36.660000000000004,35.38502502441406,4.98,0.0,0
46986,21.487000000000002,44.131,16.3,200.0,450.952,0.0,0.0,0.0,5.732,0,161.0,1.085,309.825,-1.2537,36.63,35.38502502441406,4.98,0.0,0
46986,21.657,44.277,15.700000000000001,200.0,450.831,0.0,0.0,0.0,5.732,0,158.0,1.08,309.825,2.6393,36.300000000000004,35.38502502441406,4.98,0.0,0
46986,21.828,44.434000000000005,15.200000000000001,200.0,450.711,0.0,0.0,-0.2,5.732,0,163.0,1.08,309.915,0.0,35.79,35.38502502441406,4.98,0.0,0
46986,21.657,44.580000000000005,15.700000000000001,200.0,450.771,0.0,0.0,0.0,5.732,0,165.0,1.065,309.915,1.9795,35.46,35.38502502441406,4.98,0.0,0
46986,21.828,44.736000000000004,14.700000000000001,200.0,450.469,0.0,0.0,-0.2,5.732,0,155.0,1.07,309.69,-1.4846000000000001,36.72,35.38502502441406,4.98,0.0,0
46986,21.828,44.893,15.700000000000001,200.0,450.711,0.0,0.0,0.0,5.732,0,162.0,1.095,309.825,-3.8270000000000004,38.34,35.38502502441406,4.98,0.0,0
46986,22.339000000000002,45.049,15.200000000000001,200.0,450.59000000000003,0.0,0.0,0.0,5.732,0,162.0,1.05,309.825,-1.7815,38.730000000000004,35.38502502441406,4.98,0.0,0
46986,21.828,45.195,15.200000000000001,200.0,450.59000000000003,0.0,0.0,0.0,5.732,0,155.0,1.11,309.825,3.1672000000000002,38.31,35.38502502441406,4.98,0.0,0
46986,21.828,45.352000000000004,15.200000000000001,200.0,451.01300000000003,0.0,0.0,0.0,5.732,0,161.0,1.08,309.915,1.7815,37.83,35.38502502441406,4.98,0.0,0
46986,21.657,45.508,15.200000000000001,200.0,451.07300000000004,0.0,0.0,0.0,5.732,0,162.0,1.09,309.825,2.5073000000000003,36.99,35.38502502441406,4.98,0.0,0
46986,21.828,45.664,15.200000000000001,200.0,451.01300000000003,0.0,0.0,0.2,5.732,0,152.0,1.065,309.825,1.8475000000000001,36.57,35.38502502441406,4.98,0.0,0
46986,23.022000000000002,45.830000000000005,16.3,200.0,451.07300000000004,0.0,0.0,0.0,5.732,0,165.0,1.08,309.69,-5.2786,35.58,35.38502502441406,4.98,0.0,0
46986,22.851,45.986000000000004,16.7,200.0,450.952,0.0,0.0,0.2,5.732,0,166.0,1.07,309.825,-1.8475000000000001,36.21,35.38502502441406,4.98,0.0,0
46986,21.998,46.152,16.7,200.0,451.134,0.0,0.0,-0.2,5.732,0,162.0,1.06,309.69,-1.9795,37.02,35.38502502441406,4.98,0.0,0
46986,21.487000000000002,46.318000000000005,16.3,200.0,451.315,0.0,0.0,0.2,5.732,0,167.0,1.08,309.825,3.8600000000000003,37.26,35.38502502441406,4.98,0.0,0
46986,21.146,46.475,16.3,200.0,451.134,0.0,0.0,0.0,5.732,0,168.0,1.095,309.825,-0.5279,36.93,35.38502502441406,4.98,0.0,0
46986,21.146,46.631,14.700000000000001,200.0,450.952,0.0,0.0,0.2,5.732,0,157.0,1.115,309.825,0.4289,35.82,35.38502502441406,4.98,0.0,0
46986,20.634,46.787,14.700000000000001,200.0,450.771,0.0,0.0,-0.2,5.732,0,164.0,1.085,309.825,3.2991,35.88,35.38502502441406,4.98,0.0,0
46986,20.975,46.943000000000005,14.700000000000001,200.0,450.831,0.0,0.0,-0.2,5.732,0,164.0,1.055,309.825,-1.3196,37.29,35.38502502441406,4.98,0.0,0
46986,20.805,47.1,15.200000000000001,200.0,451.194,0.0,0.0,-0.2,5.732,0,159.0,1.065,309.825,-1.9795,38.37,35.38502502441406,4.98,0.0,0
46986,20.805,47.119,14.700000000000001,200.0,451.194,0.0,0.0,0.0,5.732,0,170.0,1.05,309.825,-2.0455,38.43,35.38502502441406,4.98,0.0,0
46986,21.146,47.266000000000005,15.200000000000001,200.0,451.07300000000004,0.0,0.0,0.0,5.732,0,158.0,1.09,309.825,0.066,39.0,35.38502502441406,4.98,0.0,0
46986,20.975,47.422000000000004,15.700000000000001,200.0,450.831,0.0,0.0,-0.2,5.732,0,159.0,1.075,309.825,-1.7815,38.550000000000004,35.38502502441406,4.98,0.0,0
46986,20.975,47.578,15.200000000000001,200.0,450.711,0.0,0.0,0.0,5.732,0,169.0,1.065,309.825,-1.9795,38.160000000000004,35.38502502441406,4.98,0.0,0
46986,21.316,47.725,14.200000000000001,201.0,450.65000000000003,0.0,0.0,0.0,5.732,0,155.0,1.04,309.825,3.1672000000000002,37.02,35.38502502441406,4.98,0.0,0
46986,20.975,47.881,15.700000000000001,200.0,450.65000000000003,0.0,0.0,-0.2,5.732,0,171.0,1.065,309.825,-0.5279,37.050000000000004,35.38502502441406,4.98,0.0,0
46986,21.487000000000002,48.027,15.200000000000001,200.0,450.59000000000003,0.0,0.0,0.2,5.732,0,165.0,1.05,309.915,-1.1382,36.42,35.38502502441406,4.98,0.0,0
46986,21.487000000000002,48.184000000000005,15.700000000000001,200.0,451.01300000000003,0.0,0.0,0.0,5.732,0,156.0,1.04,309.825,4.1569,36.57,35.38502502441406,4.98,0.0,0
46986,21.316,48.330000000000005,14.700000000000001,200.0,450.831,0.0,0.0,-0.2,5.732,0,171.0,1.085,309.69,-3.6043000000000003,36.12,35.38502502441406,4.98,0.0,0
46986,21.316,48.486000000000004,15.200000000000001,200.0,450.952,0.0,0.0,0.0,5.732,0,169.0,1.08,309.915,-5.625,36.15,35.38502502441406,4.98,0.0,0
46986,21.487000000000002,48.643,14.700000000000001,200.0,451.134,0.0,0.0,0.2,5.732,0,164.0,1.065,309.825,4.1569,36.6,35.38502502441406,4.98,0.0,0
46986,21.828,48.789,15.700000000000001,200.0,451.07300000000004,0.0,0.0,0.2,5.732,0,163.0,1.08,309.825,4.8580000000000005,38.31,35.38502502441406,4.98,0.0,0
46986,21.657,48.945,15.700000000000001,200.0,451.194,0.0,0.0,-0.2,5.732,0,163.0,1.065,309.825,-2.4249,39.15,35.38502502441406,4.98,0.0,0
46986,21.657,49.102000000000004,14.700000000000001,200.0,451.07300000000004,0.0,0.0,0.2,5.732,0,157.0,1.045,309.825,-2.0949,38.94,35.38502502441406,4.98,0.0,0
46986,21.657,49.248000000000005,14.700000000000001,200.0,450.711,0.0,0.0,0.0,5.732,0,166.0,1.1,309.825,-1.5176,39.18,35.38502502441406,4.98,0.0,0
46986,21.998,49.404,15.200000000000001,200.0,450.771,0.0,0.0,0.0,5.732,0,158.0,1.07,309.825,-1.5011,38.58,35.38502502441406,4.98,0.0,0
46986,22.169,49.424,15.700000000000001,200.0,450.711,0.0,0.0,0.2,5.732,0,171.0,1.055,309.825,-0.39590000000000003,38.46,35.38502502441406,4.98,0.0,0
46986,21.998,49.580000000000005,15.700000000000001,200.0,451.01300000000003,0.0,0.0,0.2,5.732,0,163.0,1.02,309.915,0.9897,37.59,35.38502502441406,4.98,0.0,0
46986,21.828,49.736000000000004,15.700000000000001,200.0,450.892,0.0,0.0,0.0,5.732,0,155.0,1.1300000000000001,309.825,3.1672000000000002,36.12,35.38502502441406,4.98,0.0,0
46986,21.316,49.893,15.700000000000001,200.0,450.892,0.0,0.0,-0.2,5.732,0,175.0,1.045,309.69,-1.2207000000000001,35.88,35.38502502441406,4.98,0.0,0
46986,21.487000000000002,50.049,15.200000000000001,200.0,450.892,0.0,0.0,0.0,5.732,0,159.0,1.095,309.825,-2.6393,36.03,35.38502502441406,4.98,0.0,0
46986,21.487000000000002,50.215,15.700000000000001,200.0,450.831,0.0,0.0,-0.2,5.732,0,161.0,1.08,309.915,2.5733,36.93,35.38502502441406,4.98,0.0,0
46986,21.487000000000002,50.371,15.200000000000001,200.0,450.65000000000003,0.0,0.0,-0.2,5.732,0,168.0,1.07,309.69,-0.7918000000000001,36.84,35.38502502441406,4.98,0.0,0
46986,21.828,50.527,15.700000000000001,200.0,451.01300000000003,0.0,0.0,0.0,5.732,0,162.0,1.0150000000000001,309.69,-0.4289,37.47,35.38502502441406,4.98,0.0,0
46986,21.487000000000002,50.684000000000005,15.200000000000001,200.0,451.07300000000004,0.0,0.0,0.0,5.732,0,154.0,1.085,309.69,-4.6188,38.19,35.38502502441406,4.98,0.0,0
46986,21.657,50.84,16.3,200.0,450.952,0.0,0.0,0.2,5.732,0,166.0,1.105,309.69,0.0,38.04,35.38502502441406,4.98,0.0,0
46986,21.657,51.006,16.3,200.0,451.01300000000003,0.0,0.0,-0.2,5.732,0,165.0,1.085,309.825,6.0704,38.13,35.38502502441406,4.98,0.0,0
46986,21.657,51.162,16.7,200.0,450.892,0.0,0.0,0.0,5.732,0,161.0,1.08,309.69,2.3754,38.43,35.38502502441406,4.98,0.0,0
46986,21.657,51.318000000000005,15.700000000000001,200.0,450.831,0.0,0.0,0.2,5.732,0,167.0,1.05,309.69,-0.9238000000000001,38.79,35.38502502441406,4.98,0.0,0
46986,21.487000000000002,51.475,14.700000000000001,200.0,450.952,0.0,0.0,-0.2,5.732,0,160.0,1.055,309.69,-2.5403000000000002,38.46,35.38502502441406,4.98,0.0,0
46986,21.316,51.641000000000005,15.700000000000001,200.0,451.01300000000003,0.0,0.0,0.0,5.732,0,164.0,1.05,309.69,-1.3196,37.47,35.38502502441406,4.98,0.0,0
46986,21.316,51.797000000000004,16.3,200.0,450.65000000000003,0.0,0.0,-0.2,5.732,0,172.0,1.045,309.915,0.099,36.54,35.38502502441406,4.98,0.0,0
46986,21.146,51.953,15.700000000000001,200.0,451.01300000000003,0.0,0.0,-0.2,5.732,0,164.0,1.0150000000000001,309.69,-0.39590000000000003,35.67,35.38502502441406,4.98,0.0,0
46986,21.146,52.109,15.700000000000001,200.0,450.952,0.0,0.0,0.0,5.732,0,165.0,1.07,309.825,0.4289,35.31,35.38502502441406,4.98,0.0,0
46986,21.146,52.266000000000005,16.3,200.0,450.771,0.0,0.0,0.0,5.732,0,169.0,1.055,309.825,0.6598,35.34,35.38502502441406,4.98,0.0,0
46986,21.487000000000002,52.422000000000004,15.200000000000001,200.0,450.771,0.0,0.0,-0.2,5.732,0,165.0,1.1,309.69,0.0,36.36,35.38502502441406,4.98,0.0,0
46986,21.316,52.578,14.700000000000001,200.0,450.529,0.0,0.0,0.0,5.732,0,156.0,1.05,309.825,-3.1672000000000002,37.83,35.38502502441406,4.98,0.0,0
46986,20.975,52.734,15.200000000000001,200.0,450.711,0.0,0.0,0.0,5.732,0,169.0,1.04,309.825,-3.1672000000000002,38.82,35.38502502441406,4.98,0.0,0
46986,21.487000000000002,52.891000000000005,15.200000000000001,200.0,450.711,0.0,0.0,0.2,5.732,0,168.0,1.065,309.915,6.5982,38.730000000000004,35.38502502441406,4.98,0.0,0
46986,20.975,53.047000000000004,15.200000000000001,200.0,450.529,0.0,0.0,0.0,5.732,0,165.0,1.065,309.825,2.1114,37.89,35.38502502441406,4.98,0.0,0
46986,21.146,53.203,15.200000000000001,200.0,450.529,0.0,0.0,0.2,5.732,0,168.0,1.07,309.825,-1.1877,37.980000000000004,35.38502502441406,4.98,0.0,0
46986,21.146,53.359,15.700000000000001,200.0,450.408,0.0,0.0,0.0,5.732,0,168.0,1.03,309.825,-0.9897,38.04,35.38502502441406,4.98,0.0,0
46986,21.487000000000002,53.506,14.700000000000001,200.0,450.408,0.0,0.0,0.0,5.732,0,159.0,1.03,309.69,-2.3754,37.68,35.38502502441406,4.98,0.0,0
46986,21.487000000000002,53.662,14.700000000000001,200.0,450.59000000000003,0.0,0.0,0.2,5.732,0,170.0,1.12,309.69,-1.4846000000000001,36.21,35.38502502441406,4.98,0.0,0
46986,21.828,53.818000000000005,14.700000000000001,200.0,450.65000000000003,0.0,0.0,0.0,5.732,0,161.0,1.075,309.825,-1.5836000000000001,34.980000000000004,35.38502502441406,4.98,0.0,0
46986,21.657,53.975,15.200000000000001,200.0,450.59000000000003,0.0,0.0,0.0,5.732,0,164.0,1.055,309.825,2.2764,34.92,35.38502502441406,4.98,0.0,0
46986,21.828,54.131,14.700000000000001,200.0,450.469,0.0,0.0,0.2,5.732,0,166.0,1.085,309.825,2.3754,35.28,35.38502502441406,4.98,0.0,0
46986,21.998,54.287000000000006,14.200000000000001,200.0,450.469,0.0,0.0,0.0,5.732,0,162.0,1.025,309.825,-2.3754,36.63,35.38502502441406,4.98,0.0,0
46986,21.828,54.443000000000005,15.200000000000001,200.0,450.59000000000003,0.0,0.0,0.0,5.732,0,164.0,1.025,309.825,3.2991,37.59,35.38502502441406,4.98,0.0,0
46986,21.657,54.609,15.200000000000001,200.0,450.65000000000003,0.0,0.0,-0.2,5.732,0,162.0,1.075,309.825,1.5836000000000001,38.910000000000004,35.38502502441406,4.98,0.0,0
46986,21.657,54.619,15.200000000000001,200.0,450.65000000000003,0.0,0.0,0.2,5.732,0,154.0,1.075,309.825,2.0455,39.03,35.38502502441406,4.98,0.0,0
46986,21.657,54.775000000000006,15.700000000000001,200.0,451.01300000000003,0.0,0.0,0.0,5.732,0,176.0,1.075,309.69,-0.7011000000000001,39.33,35.38502502441406,4.98,0.0,0
46986,21.657,54.941,15.200000000000001,200.0,451.194,0.0,0.0,0.0,5.732,0,167.0,1.045,309.915,0.0495,38.43,35.38502502441406,4.98,0.0,0
46986,21.998,55.098000000000006,16.3,200.0,450.771,0.0,0.0,-0.2,5.732,0,160.0,1.0150000000000001,310.005,-1.4186,37.56,35.38502502441406,4.98,0.0,0
46986,21.828,55.254000000000005,15.700000000000001,200.0,450.469,0.0,0.0,0.0,5.732,0,169.0,1.1,309.825,2.2599,37.35,35.38502502441406,4.98,0.0,0
46986,21.998,55.42,16.7,200.0,450.529,0.0,0.0,-0.2,5.732,0,162.0,1.08,309.825,-1.0392000000000001,37.35,35.38502502441406,4.98,0.0,0
46986,21.657,55.576,16.3,200.0,450.529,0.0,0.0,0.0,5.732,0,166.0,1.065,309.825,-4.5115,36.9,35.38502502441406,4.98,0.0,0
46986,21.657,55.742000000000004,15.700000000000001,200.0,450.529,0.0,0.0,0.0,5.732,0,161.0,1.0150000000000001,309.825,1.3856000000000002,36.51,35.38502502441406,4.98,0.0,0
46986,21.657,55.898,16.3,200.0,450.348,0.0,0.0,0.2,5.732,0,163.0,1.07,309.915,4.8002,35.550000000000004,35.38502502441406,4.98,0.0,0
46986,21.487000000000002,56.064,15.700000000000001,200.0,450.529,0.0,0.0,0.0,5.732,0,165.0,1.135,309.825,-2.0455,35.730000000000004,35.38502502441406,4.98,0.0,0
46986,21.487000000000002,56.221000000000004,16.3,200.0,450.711,0.0,0.0,0.0,5.732,0,167.0,1.085,309.825,0.47840000000000005,35.49,35.38502502441406,4.98,0.0,0
46986,21.657,56.387,15.700000000000001,200.0,450.831,0.0,0.0,0.2,5.732,0,165.0,1.05,309.825,2.5898000000000003,36.27,35.38502502441406,4.98,0.0,0
46986,21.828,56.543,16.3,200.0,450.529,0.0,0.0,0.2,5.732,0,161.0,1.07,309.69,-5.1219,37.17,35.38502502441406,4.98,0.0,0
46986,20.975,56.709,15.200000000000001,200.0,450.166,0.0,0.0,0.0,5.732,0,171.0,1.055,309.825,-2.1114,38.160000000000004,35.38502502441406,4.98,0.0,0
46986,21.316,56.865,14.700000000000001,200.0,450.469,0.0,0.0,-0.2,5.732,0,168.0,1.06,309.825,3.7115,38.4,35.38502502441406,4.98,0.0,0
46986,21.316,57.031000000000006,15.700000000000001,200.0,450.166,0.0,0.0,-0.2,5.732,0,167.0,1.055,309.825,2.2846,37.47,35.38502502441406,4.98,0.0,0
46986,21.146,57.188,15.700000000000001,200.0,450.408,0.0,0.0,0.0,5.732,0,167.0,1.095,309.825,-1.1877,37.08,35.38502502441406,4.98,0.0,0
46986,21.146,57.344,15.700000000000001,200.0,450.65000000000003,0.0,0.0,0.0,5.732,0,159.0,1.02,309.69,-0.767,37.26,35.38502502441406,4.98,0.0,0
46986,21.146,57.5,15.700000000000001,200.0,450.469,0.0,0.0,0.0,5.732,0,160.0,1.07,309.69,-3.5383,37.86,35.38502502441406,4.98,0.0,0
46986,21.146,57.656000000000006,15.700000000000001,200.0,450.166,0.0,0.0,0.2,5.732,0,174.0,1.045,309.69,-1.1629,37.56,35.38502502441406,4.98,0.0,0
46986,21.487000000000002,57.813,15.700000000000001,200.0,450.59000000000003,0.0,0.0,0.2,5.732,0,166.0,1.125,309.825,3.629,36.42,35.38502502441406,4.98,0.0,0
46986,20.975,57.969,15.700000000000001,200.0,450.65000000000003,0.0,0.0,0.2,5.732,0,164.0,0.98,309.825,2.8785000000000003,35.31,35.38502502441406,4.98,0.0,0
46986,21.316,57.988,15.200000000000001,200.0,450.65000000000003,0.0,0.0,-0.2,5.732,0,161.0,1.03,309.825,2.2764,35.19,35.38502502441406,4.98,0.0,0
46986,21.487000000000002,58.145,15.700000000000001,200.0,450.529,0.0,0.0,0.0,5.732,0,166.0,1.045,309.825,-0.5279,34.56,35.38502502441406,4.98,0.0,0
46986,21.487000000000002,58.291000000000004,15.700000000000001,200.0,450.469,0.0,0.0,0.0,5.732,0,168.0,1.06,309.69,-1.4846000000000001,34.53,35.38502502441406,4.98,0.0,0
46986,21.657,58.457,16.3,200.0,450.469,0.0,0.0,0.2,5.732,0,166.0,1.075,309.825,-1.1877,36.06,35.38502502441406,4.98,0.0,0
46986,21.998,58.613,16.3,200.0,450.469,0.0,0.0,0.0,5.732,0,164.0,1.04,309.915,3.3651,37.86,35.38502502441406,4.98,0.0,0
46986,22.169,58.77,15.700000000000001,200.0,450.28700000000003,0.0,0.0,0.0,5.732,0,172.0,1.095,309.825,5.806500000000001,38.550000000000004,35.38502502441406,4.98,0.0,0
46986,22.169,58.926,15.700000000000001,200.0,450.348,0.0,0.0,0.0,5.732,0,165.0,1.11,309.69,-3.0682,37.95,35.38502502441406,4.98,0.0,0
46986,21.828,59.092000000000006,15.700000000000001,200.0,450.65000000000003,0.0,0.0,-0.2,5.732,0,162.0,1.045,309.69,-3.8270000000000004,36.93,35.38502502441406,4.98,0.0,0
46986,21.998,59.248000000000005,15.700000000000001,200.0,450.59000000000003,0.0,0.0,0.0,5.732,0,174.0,1.085,309.915,0.7258,36.57,35.38502502441406,4.98,0.0,0
46986,21.657,59.404,16.3,200.0,450.711,0.0,0.0,0.0,5.732,0,172.0,1.055,309.825,3.8270000000000004,35.85,35.38502502441406,4.98,0.0,0
46986,21.657,59.57,16.3,200.0,450.469,0.0,0.0,0.0,5.732,0,167.0,1.08,309.825,3.3321,35.82,35.38502502441406,4.98,0.0,0
46986,21.657,59.727000000000004,15.700000000000001,200.0,450.711,0.0,0.0,-0.2,5.732,0,172.0,1.075,309.825,-0.5279,35.97,35.38502502441406,4.98,0.0,0
46986,21.316,59.893,15.200000000000001,200.0,450.59000000000003,0.0,0.0,0.2,5.732,0,167.0,1.035,309.825,-1.5836000000000001,35.550000000000004,35.38502502441406,4.98,0.0,0
46986,21.657,60.049,15.200000000000001,200.0,450.166,0.0,0.0,-0.2,5.732,0,163.0,1.05,309.825,-0.9238000000000001,34.89,35.38502502441406,4.98,0.0,0
46986,21.828,60.205000000000005,16.3,200.0,450.166,0.0,0.0,0.0,5.732,0,174.0,1.09,309.825,0.7918000000000001,34.92,35.38502502441406,4.98,0.0,0
46986,21.316,60.371,16.3,200.0,450.65000000000003,0.0,0.0,0.0,5.732,0,161.0,1.095,309.69,-2.3754,36.18,35.38502502441406,4.98,0.0,0
46986,21.487000000000002,60.527,15.700000000000001,200.0,450.529,0.0,0.0,0.0,5.732,0,167.0,1.1,309.915,0.19790000000000002,37.230000000000004,35.38502502441406,4.98,0.0,0
46986,21.487000000000002,60.684000000000005,16.3,200.0,450.408,0.0,0.0,0.0,5.732,0,175.0,1.04,309.915,1.4516,38.34,35.38502502441406,4.98,0.0,0
46986,21.316,60.84,15.700000000000001,200.0,450.469,0.0,0.0,-0.2,5.732,0,160.0,1.03,309.825,1.4846000000000001,38.94,35.38502502441406,4.98,0.0,0
46986,20.975,60.859,16.3,200.0,450.469,0.0,0.0,0.2,5.732,0,170.0,1.0050000000000001,309.825,1.097,39.03,35.38502502441406,4.98,0.0,0
46986,21.316,61.016000000000005,15.700000000000001,200.0,450.348,0.0,0.0,0.0,5.732,0,165.0,1.075,309.915,-0.8578,38.82,35.38502502441406,4.98,0.0,0
46986,21.316,61.182,15.700000000000001,200.0,450.166,0.0,0.0,0.0,5.732,0,155.0,1.025,309.825,1.0062,38.550000000000004,35.38502502441406,4.98,0.0,0
46986,21.657,61.338,15.700000000000001,200.0,450.166,0.0,0.0,0.0,5.732,0,174.0,1.045,309.915,-0.47840000000000005,37.5,35.38502502441406,4.98,0.0,0
46986,21.657,61.494,16.3,200.0,450.166,0.0,0.0,0.2,5.732,0,167.0,1.085,309.69,-1.7568000000000001,36.15,35.38502502441406,4.98,0.0,0
46986,21.657,61.660000000000004,16.3,200.0,450.529,0.0,0.0,-0.2,5.732,0,163.0,1.04,309.915,0.5114000000000001,35.730000000000004,35.38502502441406,4.98,0.0,0
46986,21.828,61.816,15.700000000000001,200.0,450.28700000000003,0.0,0.0,0.0,5.732,0,176.0,1.095,309.825,-2.664,36.03,35.38502502441406,4.98,0.0,0
46986,23.192,61.982000000000006,16.3,200.0,450.166,0.0,0.0,-0.2,5.732,0,166.0,1.025,309.825,2.6146000000000003,35.88,35.38502502441406,4.98,0.0,0
46986,22.339000000000002,62.148,16.7,200.0,450.469,0.0,0.0,0.2,5.732,0,171.0,1.0150000000000001,309.825,1.1217000000000001,36.69,35.38502502441406,4.98,0.0,0
46986,21.657,62.314,16.7,200.0,450.529,0.0,0.0,0.0,5.732,0,172.0,1.055,309.825,-1.5176,37.08,35.38502502441406,4.98,0.0,0
46986,20.805,62.480000000000004,16.7,200.0,450.408,0.0,0.0,0.0,5.732,0,158.0,1.065,309.825,-1.5836000000000001,37.59,35.38502502441406,4.98,0.0,0
46986,19.781,62.656000000000006,18.3,200.0,450.711,0.0,0.0,0.0,5.732,0,84.0,1.075,309.69,-4.0662,38.01,35.38502502441406,4.98,0.0,0
46986,18.588,62.842000000000006,19.3,190.0,450.348,0.0,0.0,-0.2,5.732,0,-522.0,1.055,309.825,-2.6888,38.04,35.38502502441406,4.98,0.0,0
46986,14.154,63.047000000000004,20.3,154.0,450.045,0.0,0.0,-0.2,5.732,0,-709.0,1.045,309.915,4.4703,38.1,35.38502502441406,4.98,0.0,0
46986,7.503,63.242000000000004,19.3,110.0,450.166,0.0,0.0,-0.2,5.732,0,-722.0,1.075,309.69,3.8930000000000002,37.71,35.38502502441406,4.98,0.0,0
46986,0.0,63.428000000000004,16.7,68.0,450.65000000000003,0.0,0.0,0.2,5.732,0,-623.0,1.07,309.825,-1.3856000000000002,38.43,35.38502502441406,4.98,0.0,0
46986,-8.356,63.584,13.200000000000001,32.0,450.831,0.0,0.0,0.0,5.732,0,-476.0,1.075,309.825,0.7258,38.79,35.38502502441406,4.98,0.0,0
46986,-11.596,63.682,-1.5,5.0,450.771,0.0,0.0,0.0,5.732,0,-517.0,1.1,309.69,1.5176,38.19,35.38502502441406,4.98,0.0,0
46986,-9.209,63.652,-1.0,-15.0,451.01300000000003,0.0,0.0,-0.2,5.732,0,-45.0,1.065,309.825,-2.5733,36.660000000000004,35.38502502441406,4.98,0.0,0
46986,-9.72,63.652,-0.5,-16.0,450.711,0.0,0.0,0.0,5.732,0,0.0,1.065,309.825,-2.5073000000000003,36.57,35.38502502441406,4.98,0.0,0
46986,-13.131,63.652,0.5,-16.0,450.529,0.0,0.0,0.2,5.732,0,162.0,1.08,309.825,-0.7918000000000001,35.58,35.38502502441406,4.98,0.0,0
46986,-13.131,63.672000000000004,3.0,-7.0,450.529,0.0,0.0,0.2,5.732,0,131.0,1.0150000000000001,309.825,3.1672000000000002,35.43,35.38502502441406,4.98,0.0,0
46986,-13.131,63.711000000000006,3.5,-1.0,450.65000000000003,0.0,0.0,0.0,5.732,0,46.0,1.04,309.825,2.3754,35.85,35.38502502441406,4.98,0.0,0
46986,-13.131,63.75,4.1000000000000005,2.0,450.65000000000003,0.0,0.0,0.0,5.732,0,14.0,1.07,309.915,1.8475000000000001,36.69,35.38502502441406,4.98,0.0,0
46986,-12.790000000000001,63.789,4.1000000000000005,2.0,450.469,0.0,0.0,0.0,5.732,0,-3.0,1.055,309.825,-1.0557,37.59,35.38502502441406,4.98,0.0,0
46986,-13.131,63.828,3.5,1.0,450.28700000000003,0.0,0.0,-0.2,5.732,0,-9.0,1.08,309.825,-0.39590000000000003,38.13,35.38502502441406,4.98,0.0,0
46986,-13.642,63.867000000000004,3.5,0.0,449.98400000000004,0.0,0.0,0.0,5.732,0,-10.0,1.065,309.69,-0.099,38.19,35.38502502441406,4.98,0.0,0
46986,-14.154,63.906000000000006,4.1000000000000005,-1.0,450.166,0.0,0.0,0.0,5.732,0,5.0,1.045,309.825,-0.5279,38.79,35.38502502441406,4.98,0.0,0
46986,-14.495000000000001,63.945,4.1000000000000005,-1.0,450.166,0.0,0.0,0.0,5.732,0,5.0,1.06,309.825,0.5279,38.61,35.38502502441406,4.98,0.0,0
46986,-14.325000000000001,63.984,4.1000000000000005,0.0,450.529,0.0,0.0,-0.2,5.732,0,11.0,1.025,309.825,1.1877,38.550000000000004,35.38502502441406,4.98,0.0,0
46986,-14.495000000000001,64.033,4.1000000000000005,0.0,450.892,0.0,0.0,0.0,5.732,0,6.0,1.055,309.915,2.0455,36.96,35.38502502441406,4.98,0.0,0
46986,-14.495000000000001,64.072,3.5,0.0,450.831,0.0,0.0,0.2,5.732,0,7.0,1.05,309.825,2.1114,35.730000000000004,35.38502502441406,4.98,0.0,0
46986,-14.154,64.111,4.1000000000000005,0.0,450.59000000000003,0.0,0.0,0.0,5.732,0,-2.0,1.065,309.825,1.0557,35.19,35.38502502441406,4.98,0.0,0
46986,-14.495000000000001,64.15,4.5,0.0,450.529,0.0,0.0,0.0,5.732,0,0.0,1.115,309.825,-1.5836000000000001,35.13,35.38502502441406,4.98,0.0,0
46986,-14.495000000000001,64.18900000000001,4.1000000000000005,0.0,450.469,0.0,0.0,0.0,5.732,0,2.0,1.05,309.825,-1.0557,35.37,35.38502502441406,4.98,0.0,0
46986,-14.325000000000001,64.229,3.5,0.0,450.22700000000003,0.0,0.0,0.0,5.732,0,3.0,1.055,309.915,1.8475000000000001,36.63,35.38502502441406,4.98,0.0,0
46986,-15.007,64.268,4.1000000000000005,0.0,450.166,0.0,0.0,-0.2,5.732,0,6.0,1.03,309.915,1.5176,38.28,35.38502502441406,4.98,0.0,0
46986,-14.836,64.307,4.1000000000000005,0.0,449.98400000000004,0.0,0.0,0.2,5.732,0,2.0,1.1,309.825,-1.9795,39.03,35.38502502441406,4.98,0.0,0
46986,-14.836,64.346,3.5,0.0,449.98400000000004,0.0,0.0,0.0,5.732,0,5.0,1.065,309.69,-1.4186,38.46,35.38502502441406,4.98,0.0,0
46986,-14.836,64.395,4.5,0.0,450.65000000000003,0.0,0.0,0.0,5.732,0,-1.0,1.045,309.825,-0.7918000000000001,38.61,35.38502502441406,4.98,0.0,0
46986,-14.666,64.434,4.1000000000000005,0.0,450.529,0.0,0.0,0.0,5.732,0,2.0,1.075,309.825,-1.5836000000000001,38.01,35.38502502441406,4.98,0.0,0
46986,-14.495000000000001,64.434,3.5,0.0,450.529,0.0,0.0,0.0,5.732,0,3.0,1.07,309.825,-1.4516,37.980000000000004,35.38502502441406,4.98,0.0,0
46986,-14.666,64.473,4.1000000000000005,0.0,450.831,0.0,0.0,0.0,5.732,0,1.0,1.05,309.69,2.5073000000000003,38.04,35.38502502441406,4.98,0.0,0
46986,-14.666,64.512,4.1000000000000005,0.0,450.65000000000003,0.0,0.0,0.0,5.732,0,1.0,1.075,309.69,-1.6248,37.59,35.38502502441406,4.98,0.0,0
46986,-15.007,64.551,4.5,0.0,450.28700000000003,0.0,0.0,0.0,5.732,0,1.0,1.065,309.825,-2.5733,36.72,35.38502502441406,4.98,0.0,0
46986,-14.836,64.60000000000001,4.1000000000000005,0.0,450.166,0.0,0.0,0.2,5.732,0,1.0,1.08,309.825,1.1382,36.0,35.38502502441406,4.98,0.0,0
46986,-15.007,64.63900000000001,4.1000000000000005,0.0,450.106,0.0,0.0,-0.2,5.732,0,0.0,1.045,309.825,2.0867,35.58,35.38502502441406,4.98,0.0,0
46986,-15.177,64.678,4.1000000000000005,0.0,450.22700000000003,0.0,0.0,0.0,5.732,0,1.0,1.085,309.915,0.0247,35.76,35.38502502441406,4.98,0.0,0
46986,-15.007,64.717,3.5,0.0,450.529,0.0,0.0,0.0,5.732,0,0.0,1.06,309.915,0.9732000000000001,36.9,35.38502502441406,4.98,0.0,0
46986,-14.836,64.756,3.0,0.0,450.28700000000003,0.0,0.0,-0.2,5.732,0,1.0,1.105,309.825,-0.132,38.01,35.38502502441406,4.98,0.0,0
46986,-15.007,64.795,4.1000000000000005,0.0,450.65000000000003,0.0,0.0,0.0,5.732,0,0.0,1.07,309.825,-2.029,39.03,35.38502502441406,4.98,0.0,0
46986,-14.666,64.834,4.1000000000000005,0.0,450.28700000000003,0.0,0.0,0.0,5.732,0,0.0,1.05,309.825,0.066,39.03,35.38502502441406,4.98,0.0,0
46986,-15.177,64.873,4.5,0.0,450.106,0.0,0.0,0.2,5.732,0,0.0,1.04,309.825,1.1877,37.800000000000004,35.38502502441406,4.98,0.0,0
46986,-15.177,64.922,3.5,0.0,450.166,0.0,0.0,0.0,5.732,0,0.0,1.05,309.825,1.3196,36.99,35.38502502441406,4.98,0.0,0
46986,-14.836,64.961,3.5,0.0,450.28700000000003,0.0,0.0,-0.2,5.732,0,1.0,1.055,309.69,-6.4415000000000004,37.65,35.38502502441406,4.98,0.0,0
46986,-15.007,65.0,4.1000000000000005,0.0,450.28700000000003,0.0,0.0,0.0,5.732,0,0.0,1.06,309.825,-2.9692000000000003,37.95,35.38502502441406,4.98,0.0,0
46986,-15.007,65.039,4.1000000000000005,0.0,450.348,0.0,0.0,0.0,5.732,0,1.0,1.055,309.825,2.3754,37.29,35.38502502441406,4.98,0.0,0
46986,-15.007,65.078,4.1000000000000005,0.0,450.28700000000003,0.0,0.0,0.0,5.732,0,0.0,1.035,309.825,3.5383,36.99,35.38502502441406,4.98,0.0,0
46986,-15.007,65.117,4.1000000000000005,0.0,450.65000000000003,0.0,0.0,0.0,5.732,0,0.0,1.085,309.825,5.0806000000000004,36.24,35.38502502441406,4.98,0.0,0
46986,-15.348,65.156,3.5,0.0,450.771,0.0,0.0,-0.2,5.732,0,0.0,1.085,309.825,0.2639,35.64,35.38502502441406,4.98,0.0,0
46986,-14.836,65.19500000000001,3.5,0.0,450.348,0.0,0.0,0.2,5.732,0,0.0,1.03,309.825,-4.1569,35.97,35.38502502441406,4.98,0.0,0
46986,-14.666,65.23400000000001,4.1000000000000005,0.0,450.59000000000003,0.0,0.0,0.0,5.732,0,0.0,1.05,309.69,-4.6435,36.6,35.38502502441406,4.98,0.0,0
46986,-15.177,65.283,3.5,0.0,450.28700000000003,0.0,0.0,0.2,5.732,0,0.0,1.075,309.825,0.9238000000000001,38.22,35.38502502441406,4.98,0.0,0
46986,-15.007,65.322,4.5,0.0,450.408,0.0,0.0,-0.2,5.732,0,0.0,1.05,309.825,1.1877,39.0,35.38502502441406,4.98,0.0,0
46986,-14.836,65.361,4.1000000000000005,0.0,450.529,0.0,0.0,0.0,5.732,0,0.0,1.1,309.915,3.7198,39.06,35.38502502441406,4.98,0.0,0
46986,-14.836,65.4,4.5,0.0,450.22700000000003,0.0,0.0,0.0,5.732,0,-2.0,1.07,309.825,0.0165,38.1,35.38502502441406,4.98,0.0,0
46986,-14.836,65.43900000000001,4.5,0.0,450.348,0.0,0.0,-0.2,5.732,0,0.0,1.065,309.825,-2.3754,36.96,35.38502502441406,4.98,0.0,0
46986,-14.836,65.479,4.5,0.0,450.348,0.0,0.0,-0.2,5.732,0,-2.0,1.065,309.915,-0.47840000000000005,36.87,35.38502502441406,4.98,0.0,0
46986,-14.836,65.518,4.1000000000000005,0.0,450.408,0.0,0.0,0.0,5.732,0,-1.0,1.065,309.825,2.6393,36.27,35.38502502441406,4.98,0.0,0
46986,-15.177,65.557,4.5,0.0,450.22700000000003,0.0,0.0,0.0,5.732,0,0.0,1.07,309.825,2.5733,35.910000000000004,35.38502502441406,4.98,0.0,0
46986,-15.007,65.596,4.5,0.0,450.28700000000003,0.0,0.0,-0.2,5.732,0,0.0,1.045,309.825,-5.658,35.25,35.38502502441406,4.98,0.0,0
46986,-15.177,65.64500000000001,4.1000000000000005,0.0,450.348,0.0,0.0,0.0,5.732,0,-2.0,1.07,309.915,-2.3259000000000003,34.62,35.38502502441406,4.98,0.0,0
46986,-14.836,65.64500000000001,4.1000000000000005,0.0,450.529,0.0,0.0,-0.2,5.732,0,-1.0,1.08,309.915,-1.4516,34.62,35.38502502441406,4.98,0.0,0
46986,-15.177,65.684,4.1000000000000005,0.0,450.711,0.0,0.0,-0.2,5.732,0,-2.0,1.06,309.69,3.0022,35.67,35.38502502441406,4.98,0.0,0
46986,-15.177,65.723,4.1000000000000005,0.0,450.529,0.0,0.0,0.2,5.732,0,-1.0,1.03,309.825,1.3196,36.99,35.38502502441406,4.98,0.0,0
46986,-15.007,65.762,4.5,0.0,450.28700000000003,0.0,0.0,0.2,5.732,0,0.0,1.07,309.825,-2.5733,38.07,35.38502502441406,4.98,0.0,0
46986,-15.177,65.801,4.1000000000000005,0.0,450.348,0.0,0.0,-0.2,5.732,0,-1.0,1.03,309.69,-1.7155,38.1,35.38502502441406,4.98,0.0,0
46986,-14.836,65.85000000000001,4.1000000000000005,0.0,450.348,0.0,0.0,0.0,5.732,0,-1.0,1.05,309.69,0.3629,37.92,35.38502502441406,4.98,0.0,0
46986,-15.177,65.88900000000001,4.1000000000000005,0.0,450.22700000000003,0.0,0.0,0.0,5.732,0,0.0,1.065,309.825,-0.2639,37.53,35.38502502441406,4.98,0.0,0
46986,-14.836,65.928,4.1000000000000005,0.0,450.22700000000003,0.0,0.0,0.0,5.732,0,-1.0,1.06,309.69,-3.1672000000000002,36.9,35.38502502441406,4.98,0.0,0
46986,-14.666,65.967,4.1000000000000005,0.0,449.98400000000004,0.0,0.0,0.0,5.732,0,-1.0,1.06,309.825,2.5073000000000003,36.72,35.38502502441406,4.98,0.0,0
46986,-15.007,66.006,4.1000000000000005,0.0,450.166,0.0,0.0,0.0,5.732,0,-2.0,1.075,309.915,-0.5938,36.72,35.38502502441406,4.98,0.0,0
46986,-15.007,66.045,3.0,0.0,450.106,0.0,0.0,-0.2,5.732,0,-1.0,1.065,309.825,2.2434000000000003,36.51,35.38502502441406,4.98,0.0,0
46986,-15.007,66.084,4.5,0.0,450.045,0.0,0.0,-0.2,5.732,0,-1.0,1.075,309.825,-0.5279,36.12,35.38502502441406,4.98,0.0,0
46986,-15.177,66.123,4.1000000000000005,0.0,450.28700000000003,0.0,0.0,0.0,5.732,0,-2.0,1.04,309.825,-3.8270000000000004,36.27,35.38502502441406,4.98,0.0,0
46986,-15.007,66.162,4.5,0.0,450.166,0.0,0.0,0.0,5.732,0,-1.0,1.06,309.825,2.3754,35.1,35.38502502441406,4.98,0.0,0
46986,-14.836,66.211,4.1000000000000005,0.0,449.98400000000004,0.0,0.0,0.0,5.732,0,0.0,1.095,309.69,-0.39590000000000003,35.550000000000004,35.38502502441406,4.98,0.0,0
46986,-15.007,66.25,4.5,0.0,449.98400000000004,0.0,0.0,-0.2,5.732,0,0.0,1.045,309.825,2.6393,36.300000000000004,35.38502502441406,4.98,0.0,0
46986,-15.007,66.289,4.5,0.0,450.348,0.0,0.0,0.2,5.732,0,-2.0,1.04,309.915,2.7713,36.72,35.38502502441406,4.98,0.0,0
46986,-15.177,66.328,4.1000000000000005,0.0,450.529,0.0,0.0,-0.2,5.732,0,-1.0,1.065,309.915,-0.165,37.74,35.38502502441406,4.98,0.0,0
46986,-15.007,66.367,3.5,0.0,450.166,0.0,0.0,-0.2,5.732,0,-2.0,1.0150000000000001,309.825,-1.5836000000000001,38.43,35.38502502441406,4.98,0.0,0
46986,-15.007,66.367,4.5,0.0,450.166,0.0,0.0,0.0,5.732,0,-2.0,1.06,309.825,-1.4516,38.4,35.38502502441406,4.98,0.0,0
46986,-15.007,66.416,4.1000000000000005,0.0,450.045,0.0,0.0,-0.2,5.732,0,-1.0,1.04,309.825,1.6001,38.550000000000004,35.38502502441406,4.98,0.0,0
46986,-15.007,66.455,3.5,0.0,450.166,0.0,0.0,0.0,5.732,0,-1.0,1.025,309.825,0.7423000000000001,38.31,35.38502502441406,4.98,0.0,0
46986,-15.007,66.494,4.1000000000000005,0.0,450.348,0.0,0.0,-0.2,5.732,0,-1.0,1.045,309.825,0.0,37.02,35.38502502441406,4.98,0.0,0
46986,-15.177,66.533,4.1000000000000005,0.0,450.348,0.0,0.0,0.0,5.732,0,-2.0,1.04,309.825,-4.3548,35.76,35.38502502441406,4.98,0.0,0
46986,-15.007,66.572,3.5,0.0,450.166,0.0,0.0,0.2,5.732,0,-1.0,1.065,309.915,2.4908,35.28,35.38502502441406,4.98,0.0,0
46986,-15.177,66.611,4.1000000000000005,0.0,450.166,0.0,0.0,-0.2,5.732,0,-2.0,1.055,309.825,2.5733,34.56,35.38502502441406,4.98,0.0,0
46986,-15.007,66.65,4.1000000000000005,0.0,449.98400000000004,0.0,0.0,0.2,5.732,0,-1.0,1.04,309.825,0.5691,34.77,35.38502502441406,4.98,0.0,0
46986,-14.666,66.68900000000001,3.5,0.0,450.22700000000003,0.0,0.0,0.0,5.732,0,-2.0,1.06,309.69,0.1072,35.52,35.38502502441406,4.98,0.0,0
46986,-15.177,66.729,4.5,0.0,450.106,0.0,0.0,0.2,5.732,0,-2.0,1.06,309.825,-1.1217000000000001,36.36,35.38502502441406,4.98,0.0,0
46986,-15.177,66.777,3.5,0.0,450.469,0.0,0.0,-0.2,5.732,0,-1.0,1.03,309.825,0.7258,37.68,35.38502502441406,4.98,0.0,0
46986,-15.177,66.816,4.1000000000000005,0.0,450.529,0.0,0.0,0.0,5.732,0,-2.0,1.075,309.69,-0.767,37.14,35.38502502441406,4.98,0.0,0
46986,-15.177,66.855,4.1000000000000005,0.0,450.166,0.0,0.0,0.0,5.732,0,-1.0,1.03,309.825,-5.344600000000001,37.14,35.38502502441406,4.98,0.0,0
46986,-15.177,66.89500000000001,4.1000000000000005,0.0,450.22700000000003,0.0,0.0,0.0,5.732,0,-3.0,1.075,309.69,-0.1072,36.87,35.38502502441406,4.98,0.0,0
46986,-15.177,66.934,3.5,0.0,450.045,0.0,0.0,0.0,5.732,0,-2.0,1.065,309.825,6.0456,37.08,35.38502502441406,4.98,0.0,0
46986,-15.177,66.973,4.5,0.0,450.28700000000003,0.0,0.0,-0.2,5.732,0,-1.0,1.08,309.69,-0.2639,37.32,35.38502502441406,4.98,0.0,0
46986,-15.177,67.012,4.1000000000000005,0.0,450.469,0.0,0.0,0.0,5.732,0,-2.0,1.045,309.825,-2.73,36.39,35.38502502441406,4.98,0.0,0
46986,-15.177,67.051,4.1000000000000005,0.0,450.22700000000003,0.0,0.0,0.0,5.732,0,-2.0,1.055,309.825,0.6598,35.43,35.38502502441406,4.98,0.0,0
46986,-15.177,67.10000000000001,3.5,0.0,450.28700000000003,0.0,0.0,0.0,5.732,0,-2.0,1.035,309.825,1.097,34.410000000000004,35.38502502441406,4.98,0.0,0
46986,-14.836,67.10000000000001,4.1000000000000005,0.0,450.28700000000003,0.0,0.0,0.0,5.732,0,-1.0,1.02,309.825,0.6928000000000001,34.38,35.38502502441406,4.98,0.0,0
46986,-15.007,67.13900000000001,3.5,0.0,450.28700000000003,0.0,0.0,0.0,5.732,0,-2.0,1.04,309.69,-3.1672000000000002,33.54,35.38502502441406,4.98,0.0,0
46986,-15.177,67.178,3.5,0.0,450.348,0.0,0.0,0.2,5.732,0,-2.0,1.05,309.69,-2.2764,34.230000000000004,35.38502502441406,4.98,0.0,0
46986,-15.177,67.217,4.1000000000000005,0.0,450.408,0.0,0.0,0.0,5.732,0,-2.0,1.01,309.825,-2.9032,35.37,35.38502502441406,4.98,0.0,0
46986,-15.177,67.256,4.5,0.0,450.469,0.0,0.0,0.2,5.732,0,-2.0,1.1,309.825,4.651800000000001,36.69,35.38502502441406,4.98,0.0,0
46986,-15.177,67.305,3.0,0.0,449.92400000000004,0.0,0.0,-0.2,5.732,0,-2.0,1.08,309.6,1.4516,37.56,35.38502502441406,4.98,0.0,0
46986,-15.007,67.34400000000001,4.1000000000000005,0.0,449.742,0.0,0.0,0.0,5.732,0,-3.0,1.05,309.825,1.3196,37.230000000000004,35.38502502441406,4.98,0.0,0
46986,-15.177,67.38300000000001,4.1000000000000005,0.0,450.59000000000003,0.0,0.0,-0.2,5.732,0,-2.0,1.035,309.825,1.9795,36.72,35.38502502441406,4.98,0.0,0
46986,-15.177,67.422,3.5,0.0,450.529,0.0,0.0,0.0,5.732,0,-2.0,1.03,309.915,1.8805,36.84,35.38502502441406,4.98,0.0,0
46986,-15.007,67.461,4.1000000000000005,0.0,450.59000000000003,0.0,0.0,0.2,5.732,0,-2.0,1.055,309.825,-0.7918000000000001,36.75,35.38502502441406,4.98,0.0,0
46986,-15.177,67.5,3.5,0.0,450.711,0.0,0.0,0.2,5.732,0,-2.0,1.04,309.915,-1.1217000000000001,36.87,35.38502502441406,4.98,0.0,0
46986,-14.666,67.539,4.1000000000000005,0.0,450.711,0.0,0.0,0.0,5.732,0,-2.0,0.995,309.825,-3.0352,36.69,35.38502502441406,4.98,0.0,0
46986,-15.177,67.578,3.5,0.0,450.22700000000003,0.0,0.0,-0.2,5.732,0,-2.0,1.045,309.825,-2.9032,35.88,35.38502502441406,4.98,0.0,0
46986,-15.007,67.58800000000001,3.0,0.0,450.22700000000003,0.0,0.0,0.0,5.732,0,-2.0,1.095,309.825,-2.6393,35.79,35.38502502441406,4.98,0.0,0
46986,-14.495000000000001,67.617,2.5,0.0,450.106,0.0,0.0,0.2,5.737,0,-2.0,1.05,309.69,-0.2227,35.01,35.38502502441406,4.98,0.0,0
46986,-12.278,67.637,0.0,0.0,450.22700000000003,0.0,0.0,-0.2,5.737,0,-2.0,1.035,309.69,-1.7568000000000001,34.35,35.38502502441406,4.98,0.0,0
46986,-7.674,67.62700000000001,0.0,0.0,450.28700000000003,0.0,0.0,0.0,5.737,0,0.0,1.085,309.915,1.3032000000000001,34.77,35.38502502441406,4.98,0.0,0
46986,-7.844,67.62700000000001,0.5,0.0,450.166,0.0,0.0,0.0,5.737,0,3.0,0.995,309.825,4.3548,36.21,35.38502502441406,4.98,0.0,0
46986,-8.185,67.62700000000001,0.0,0.0,449.92400000000004,0.0,0.0,0.0,5.737,0,4.0,1.02,309.825,-1.4764000000000002,37.74,35.38502502441406,4.98,0.0,0
46986,-7.674,67.62700000000001,0.0,0.0,449.98400000000004,0.0,0.0,-0.2,5.737,0,2.0,1.025,309.825,-1.5176,38.52,35.38502502441406,4.98,0.0,0
46986,-7.503,67.62700000000001,0.0,0.0,450.166,0.0,0.0,0.0,5.737,0,3.0,1.045,309.825,3.3651,37.56,35.38502502441406,4.98,0.0,0
46986,-7.333,67.62700000000001,0.0,0.0,450.348,0.0,0.0,0.0,5.737,0,2.0,1.035,309.825,-2.3094,36.39,35.38502502441406,4.98,0.0,0
46986,-7.162,67.62700000000001,0.0,0.0,450.22700000000003,0.0,0.0,0.0,5.737,0,2.0,0.985,309.825,-1.7155,36.6,35.38502502441406,4.98,0.0,0
46986,-6.992,67.62700000000001,0.0,0.0,450.348,0.0,0.0,0.0,5.737,0,2.0,1.04,309.69,0.2227,36.57,35.38502502441406,4.98,0.0,0
46986,-6.992,67.62700000000001,0.0,0.0,450.166,0.0,0.0,0.0,5.737,0,2.0,1.06,309.69,-0.5031,37.59,35.38502502441406,4.98,0.0,0
46986,-7.333,67.62700000000001,0.0,0.0,450.166,0.0,0.0,0.0,5.732,0,2.0,1.03,309.915,0.5279,37.74,35.38502502441406,4.98,0.0,0
46986,-6.821,67.62700000000001,0.0,0.0,450.59000000000003,0.0,0.0,-0.2,5.732,0,2.0,1.09,309.825,0.8330000000000001,37.230000000000004,35.38502502441406,4.98,0.0,0
46986,-6.992,67.62700000000001,0.0,0.0,450.529,0.0,0.0,0.2,5.737,0,2.0,1.025,309.69,-0.8330000000000001,35.730000000000004,35.38502502441406,4.98,0.0,0
46986,-6.821,67.62700000000001,0.0,0.0,450.166,0.0,0.0,0.0,5.732,0,2.0,1.085,309.6,-2.3176,34.800000000000004,35.38502502441406,4.98,0.0,0
46986,-6.651,67.62700000000001,0.0,0.0,450.166,0.0,0.0,-0.2,5.737,0,2.0,1.095,309.6,-2.6723000000000003,34.74,35.38502502441406,4.98,0.0,0
46986,-6.651,67.62700000000001,0.0,0.0,450.348,0.0,0.0,0.0,5.732,0,3.0,1.065,309.825,-2.7713,34.71,35.38502502441406,4.98,0.0,0
46986,-6.651,67.62700000000001,0.0,0.0,450.469,0.0,0.0,0.0,5.737,0,2.0,1.0050000000000001,309.825,2.8043,36.21,35.38502502441406,4.98,0.0,0
46986,-6.651,67.62700000000001,0.0,0.0,449.863,0.0,0.0,0.0,5.737,0,3.0,1.035,309.69,1.8475000000000001,38.1,35.38502502441406,4.98,0.0,0
46986,-6.48,67.62700000000001,0.0,0.0,450.045,0.0,0.0,-0.2,5.737,0,2.0,1.01,309.69,-2.2764,39.03,35.38502502441406,4.98,0.0,0
46986,-6.821,67.62700000000001,0.0,0.0,450.166,0.0,0.0,-0.2,5.737,0,3.0,1.05,309.825,3.2991,37.95,35.38502502441406,4.98,0.0,0
46986,-6.651,67.62700000000001,0.0,0.0,450.408,0.0,0.0,0.0,5.737,0,2.0,1.01,309.825,2.2764,37.410000000000004,35.38502502441406,4.98,0.0,0
46986,-6.139,67.62700000000001,0.0,0.0,450.408,0.0,0.0,-0.2,5.732,0,2.0,1.03,309.825,1.6248,37.26,35.38502502441406,4.98,0.0,0
46986,-6.821,67.62700000000001,0.0,0.0,450.408,0.0,0.0,0.2,5.737,0,2.0,1.02,309.825,1.8887,36.45,35.38502502441406,4.98,0.0,0
46986,-6.48,67.62700000000001,0.0,0.0,450.469,0.0,0.0,0.2,5.737,0,2.0,1.04,309.69,-2.2846,37.050000000000004,35.38502502441406,4.98,0.0,0
46986,-6.3100000000000005,67.62700000000001,0.0,0.0,450.22700000000003,0.0,0.0,0.0,5.737,0,2.0,1.0,309.825,-2.4413,37.38,35.38502502441406,4.98,0.0,0
46986,-6.48,67.62700000000001,0.0,0.0,449.742,0.0,0.0,0.0,5.737,0,2.0,1.035,309.69,-1.1629,37.410000000000004,35.38502502441406,4.98,0.0,0
46986,-6.3100000000000005,67.62700000000001,0.0,0.0,450.166,0.0,0.0,0.0,5.737,0,3.0,1.06,309.825,-0.6186,36.09,35.38502502441406,4.98,0.0,0
46986,-6.3100000000000005,67.62700000000001,0.0,0.0,450.106,0.0,0.0,0.0,5.737,0,1.0,1.04,309.825,2.6393,35.64,35.38502502441406,4.98,0.0,0
46986,-6.139,67.62700000000001,0.0,0.0,450.166,0.0,0.0,-0.2,5.732,0,4.0,1.1,309.69,3.6950000000000003,35.13,35.38502502441406,4.98,0.0,0
46986,-6.3100000000000005,67.62700000000001,0.0,0.0,450.28700000000003,0.0,0.0,0.0,5.737,0,2.0,1.045,309.825,-2.5733,36.300000000000004,35.38502502441406,4.98,0.0,0
46986,-6.3100000000000005,67.62700000000001,0.0,0.0,450.469,0.0,0.0,0.2,5.737,0,2.0,1.06,309.69,-1.9547,37.29,35.38502502441406,4.98,0.0,0
46986,-6.3100000000000005,67.62700000000001,0.0,0.0,450.348,0.0,0.0,-0.2,5.737,0,2.0,1.025,309.915,0.6433,38.43,35.38502502441406,4.98,0.0,0
46986,-6.3100000000000005,67.62700000000001,-0.5,0.0,450.106,0.0,0.0,0.2,5.737,0,2.0,1.0150000000000001,309.825,3.2331000000000003,38.13,35.38502502441406,4.98,0.0,0
46986,-6.139,67.62700000000001,-0.5,0.0,450.106,0.0,0.0,0.0,5.737,0,3.0,1.045,309.825,3.6950000000000003,38.01,35.38502502441406,4.98,0.0,0
46986,-6.3100000000000005,67.62700000000001,0.0,0.0,450.106,0.0,0.0,0.2,5.737,0,2.0,1.01,309.69,-2.2681,37.62,35.38502502441406,4.98,0.0,0
46986,-5.969,67.62700000000001,0.0,0.0,450.166,0.0,0.0,0.0,5.737,0,3.0,1.02,309.69,-2.9445,36.81,35.38502502441406,4.98,0.0,0
46986,-6.3100000000000005,67.62700000000001,0.0,0.0,449.92400000000004,0.0,0.0,0.0,5.737,0,2.0,1.075,309.825,-1.7155,35.85,35.38502502441406,4.98,0.0,0
46986,-5.969,67.62700000000001,0.0,0.0,449.92400000000004,0.0,0.0,0.0,5.732,0,2.0,1.07,309.825,-1.0557,35.85,35.38502502441406,4.98,0.0,0
46986,-6.139,67.62700000000001,0.0,0.0,449.98400000000004,0.0,0.0,0.0,5.737,0,2.0,1.04,309.825,3.563,36.18,35.38502502441406,4.98,0.0,0
46986,-5.969,67.62700000000001,0.0,0.0,450.106,0.0,0.0,0.0,5.737,0,2.0,1.06,309.69,1.5836000000000001,36.03,35.38502502441406,4.98,0.0,0
46986,-6.139,67.62700000000001,0.0,0.0,450.711,0.0,0.0,0.2,5.737,0,2.0,1.05,309.915,0.6598,36.06,35.38502502441406,4.98,0.0,0
46986,-5.798,67.62700000000001,0.0,0.0,450.348,0.0,0.0,0.2,5.737,0,2.0,1.04,309.825,-1.0557,35.97,35.38502502441406,4.98,0.0,0
46986,-6.3100000000000005,67.62700000000001,0.0,0.0,449.98400000000004,0.0,0.0,0.0,5.737,0,3.0,1.065,309.825,1.5836000000000001,36.21,35.38502502441406,4.98,0.0,0
46986,-6.139,67.62700000000001,0.0,0.0,450.348,0.0,0.0,-0.2,5.737,0,2.0,1.03,309.69,-0.8908,37.2,35.38502502441406,4.98,0.0,0
46986,-6.139,67.62700000000001,0.0,0.0,450.529,0.0,0.0,0.0,5.737,0,3.0,1.025,309.825,-1.1877,38.64,35.38502502441406,4.98,0.0,0
46986,-6.48,67.62700000000001,0.0,0.0,450.348,0.0,0.0,0.2,5.737,0,2.0,1.035,309.915,1.7815,38.550000000000004,35.38502502441406,4.98,0.0,0
46986,-5.969,67.62700000000001,0.0,0.0,450.28700000000003,0.0,0.0,-0.2,5.737,0,3.0,1.0,309.915,4.0909,38.85,35.38502502441406,4.98,0.0,0
46986,-5.969,67.62700000000001,0.0,0.0,450.28700000000003,0.0,0.0,0.0,5.737,0,2.0,1.065,309.69,-0.165,38.52,35.38502502441406,4.98,0.0,0
46986,-6.139,67.62700000000001,0.0,0.0,450.106,0.0,0.0,0.0,5.737,0,2.0,1.03,309.69,-4.6188,37.800000000000004,35.38502502441406,4.98,0.0,0
46986,-5.798,67.62700000000001,0.5,0.0,450.348,0.0,0.0,0.2,5.737,0,3.0,1.055,309.825,-3.3651,37.35,35.38502502441406,4.98,0.0,0
46986,-5.969,67.62700000000001,0.0,0.0,450.166,0.0,0.0,0.0,5.737,0,2.0,1.085,309.915,5.4106000000000005,36.39,35.38502502441406,4.98,0.0,0
46986,-5.627,67.62700000000001,0.5,0.0,450.348,0.0,0.0,0.2,5.737,0,3.0,1.04,309.69,0.5279,36.36,35.38502502441406,4.98,0.0,0
46986,-5.969,67.62700000000001,0.0,0.0,450.59000000000003,0.0,0.0,0.0,5.737,0,2.0,1.035,309.825,-1.5836000000000001,36.09,35.38502502441406,4.98,0.0,0
46986,-6.139,67.62700000000001,0.0,0.0,450.59000000000003,0.0,0.0,0.0,5.737,0,3.0,1.02,309.69,-2.0867,36.09,35.38502502441406,4.98,0.0,0
46986,-5.969,67.62700000000001,0.0,0.0,450.469,0.0,0.0,0.0,5.737,0,1.0,1.01,309.825,1.6661000000000001,36.33,35.38502502441406,4.98,0.0,0
46986,-5.798,67.62700000000001,0.0,0.0,450.408,0.0,0.0,0.0,5.737,0,2.0,1.055,309.825,-1.6083,36.660000000000004,35.38502502441406,4.98,0.0,0
46986,-5.969,67.62700000000001,0.0,0.0,450.348,0.0,0.0,0.0,5.737,0,3.0,1.055,309.825,0.0,37.65,35.38502502441406,4.98,0.0,0
46986,-5.798,67.62700000000001,0.0,0.0,450.348,0.0,0.0,0.0,5.737,0,2.0,1.025,309.69,2.5981,37.47,35.38502502441406,4.98,0.0,0
46986,-5.627,67.62700000000001,-0.5,0.0,450.348,0.0,0.0,0.0,5.737,0,2.0,1.04,309.825,-1.0145,38.25,35.38502502441406,4.98,0.0,0
46986,-5.457,67.62700000000001,0.0,0.0,450.166,0.0,0.0,0.0,5.737,0,2.0,1.045,309.69,-0.37120000000000003,38.910000000000004,35.38502502441406,4.98,0.0,0
46986,-6.3100000000000005,67.62700000000001,0.0,0.0,450.348,0.0,0.0,0.2,5.737,0,2.0,1.01,309.69,2.2681,39.03,35.38502502441406,4.98,0.0,0
46986,-5.798,67.62700000000001,0.0,0.0,450.348,0.0,0.0,-0.2,5.737,0,2.0,1.02,309.825,-0.2639,38.31,35.38502502441406,4.98,0.0,0
46986,-5.627,67.62700000000001,0.0,0.0,450.166,0.0,0.0,0.0,5.737,0,2.0,1.0150000000000001,309.825,2.3754,37.89,35.38502502441406,4.98,0.0,0
46986,-5.627,67.62700000000001,0.0,0.0,450.529,0.0,0.0,0.0,5.737,0,2.0,1.02,309.825,2.0867,36.84,35.38502502441406,4.98,0.0,0
46986,-5.798,67.62700000000001,0.0,0.0,450.28700000000003,0.0,0.0,0.0,5.737,0,3.0,1.0050000000000001,309.825,-1.5836000000000001,36.300000000000004,35.38502502441406,4.98,0.0,0
46986,-5.969,67.62700000000001,0.0,0.0,450.22700000000003,0.0,0.0,0.2,5.737,0,1.0,1.03,309.69,-2.2846,36.75,35.38502502441406,4.98,0.0,0
46986,-5.798,67.62700000000001,0.0,0.0,450.22700000000003,0.0,0.0,-0.2,5.737,0,3.0,1.045,309.825,-2.8867000000000003,36.480000000000004,35.38502502441406,4.98,0.0,0
46986,-5.798,67.62700000000001,0.0,0.0,450.529,0.0,0.0,0.0,5.737,0,1.0,1.065,309.69,1.0145,36.660000000000004,35.38502502441406,4.98,0.0,0
46986,-5.627,67.62700000000001,0.5,0.0,450.22700000000003,0.0,0.0,0.0,5.737,0,3.0,1.06,309.915,5.1714,37.32,35.38502502441406,4.98,0.0,0
46986,-5.627,67.62700000000001,0.0,0.0,450.106,0.0,0.0,0.0,5.737,0,3.0,1.035,309.915,5.4106000000000005,37.44,35.38502502441406,4.98,0.0,0
46986,-5.627,67.62700000000001,0.0,0.0,449.863,0.0,0.0,0.2,5.737,0,1.0,1.07,309.825,-2.6393,38.160000000000004,35.38502502441406,4.98,0.0,0
46986,-5.457,67.62700000000001,0.0,0.0,449.98400000000004,0.0,0.0,0.0,5.737,0,3.0,1.045,309.69,-0.7918000000000001,37.95,35.38502502441406,4.98,0.0,0
46986,-5.798,67.62700000000001,0.0,0.0,450.166,0.0,0.0,0.0,5.737,0,2.0,1.025,309.825,2.1774,37.68,35.38502502441406,4.98,0.0,0
46986,-5.627,67.62700000000001,0.5,0.0,450.166,0.0,0.0,0.0,5.737,0,2.0,1.035,309.69,-3.563,37.56,35.38502502441406,4.98,0.0,0
46986,-5.627,67.62700000000001,0.0,0.0,450.22700000000003,0.0,0.0,-0.2,5.737,0,2.0,1.025,309.825,-3.2661000000000002,38.43,35.38502502441406,4.98,0.0,0
46986,-5.798,67.62700000000001,0.0,0.0,449.98400000000004,0.0,0.0,0.0,5.737,0,3.0,1.055,309.825,3.1672000000000002,38.19,35.38502502441406,4.98,0.0,0
46986,-5.627,67.62700000000001,0.0,0.0,449.98400000000004,0.0,0.0,0.0,5.737,0,2.0,1.045,309.825,4.1239,37.410000000000004,35.38502502441406,4.98,0.0,0
46986,-5.457,67.62700000000001,0.0,0.0,449.98400000000004,0.0,0.0,0.0,5.737,0,2.0,1.04,309.825,-0.6598,36.81,35.38502502441406,4.98,0.0,0
46986,-5.627,67.62700000000001,0.0,0.0,450.045,0.0,0.0,0.2,5.737,0,2.0,1.065,309.825,-3.9589000000000003,35.85,35.38502502441406,4.98,0.0,0
46986,-5.457,67.62700000000001,0.0,0.0,450.106,0.0,0.0,0.2,5.737,0,2.0,1.02,309.69,-2.7713,35.46,35.38502502441406,4.98,0.0,0
46986,-5.798,67.62700000000001,0.0,0.0,450.166,0.0,0.0,-0.2,5.737,0,3.0,1.055,309.69,-0.6928000000000001,35.97,35.38502502441406,4.98,0.0,0
46986,-5.627,67.62700000000001,0.0,0.0,450.348,0.0,0.0,0.0,5.737,0,2.0,1.05,309.825,-2.3754,36.99,35.38502502441406,4.98,0.0,0
46986,-5.457,67.62700000000001,0.0,0.0,450.166,0.0,0.0,0.0,5.737,0,3.0,1.045,309.69,0.7918000000000001,38.07,35.38502502441406,4.98,0.0,0
46986,-5.2860000000000005,67.62700000000001,0.0,0.0,450.106,0.0,0.0,-0.2,5.737,0,1.0,1.1,309.825,3.9589000000000003,38.64,35.38502502441406,4.98,0.0,0
46986,-5.457,67.62700000000001,0.0,0.0,450.28700000000003,0.0,0.0,0.2,5.737,0,3.0,0.99,309.825,3.1672000000000002,38.43,35.38502502441406,4.98,0.0,0
46986,-5.1160000000000005,67.62700000000001,0.0,0.0,450.28700000000003,0.0,0.0,0.0,5.737,0,2.0,1.03,309.825,0.7918000000000001,37.44,35.38502502441406,4.98,0.0,0
46986,-5.627,67.62700000000001,0.0,0.0,450.045,0.0,0.0,0.0,5.737,0,2.0,1.02,309.825,-3.9589000000000003,37.26,35.38502502441406,4.98,0.0,0
46986,-5.457,67.62700000000001,0.5,0.0,449.98400000000004,0.0,0.0,0.0,5.737,0,2.0,1.075,309.825,1.9795,37.56,35.38502502441406,4.98,0.0,0
46986,-5.627,67.62700000000001,0.0,0.0,450.106,0.0,0.0,-0.2,5.737,0,2.0,1.0150000000000001,309.69,0.8908,37.38,35.38502502441406,4.98,0.0,0
46986,-5.457,67.62700000000001,0.0,0.0,449.742,0.0,0.0,0.0,5.737,0,2.0,1.04,309.825,-0.7918000000000001,37.32,35.38502502441406,4.98,0.0,0
46986,-5.457,67.62700000000001,0.0,0.0,449.5,0.0,0.0,0.0,5.737,0,2.0,1.045,309.825,1.5836000000000001,36.87,35.38502502441406,4.98,0.0,0
46986,-5.627,67.62700000000001,0.5,0.0,449.5,0.0,0.0,0.2,5.737,0,3.0,1.04,309.825,3.1672000000000002,36.6,35.38502502441406,4.98,0.0,0
46986,-5.627,67.62700000000001,0.0,0.0,449.682,0.0,0.0,0.2,5.737,0,2.0,1.0150000000000001,309.69,0.8908,35.94,35.38502502441406,4.98,0.0,0
46986,-5.627,67.62700000000001,0.0,0.0,450.106,0.0,0.0,0.2,5.737,0,2.0,0.985,309.69,-3.9589000000000003,36.72,35.38502502441406,4.98,0.0,0
46986,-4.945,67.62700000000001,0.0,0.0,450.166,0.0,0.0,-0.2,5.737,0,2.0,1.0050000000000001,309.69,-3.0682,37.26,35.38502502441406,4.98,0.0,0
46986,-5.457,67.62700000000001,0.0,0.0,449.863,0.0,0.0,0.2,5.737,0,3.0,1.0150000000000001,309.825,3.1672000000000002,37.980000000000004,35.38502502441406,4.98,0.0,0
46986,-5.457,67.62700000000001,0.0,0.0,449.98400000000004,0.0,0.0,0.0,5.737,0,2.0,1.0,309.69,1.5836000000000001,38.910000000000004,35.38502502441406,4.98,0.0,0
46986,-5.2860000000000005,67.62700000000001,0.0,0.0,449.98400000000004,0.0,0.0,0.0,5.737,0,3.0,1.0150000000000001,309.825,0.0,38.34,35.38502502441406,4.98,0.0,0
46986,-5.457,67.62700000000001,0.0,0.0,450.106,0.0,0.0,-0.2,5.737,0,1.0,1.045,309.825,3.1672000000000002,37.83,35.38502502441406,4.98,0.0,0
46986,-5.627,67.62700000000001,0.0,0.0,450.22700000000003,0.0,0.0,0.0,5.737,0,2.0,1.0050000000000001,309.825,4.7507,37.5,35.38502502441406,4.98,0.0,0
46986,-5.2860000000000005,67.62700000000001,0.0,0.0,449.98400000000004,0.0,0.0,0.0,5.737,0,2.0,0.99,309.69,-3.0682,37.14,35.38502502441406,4.98,0.0,0
46986,-5.457,67.62700000000001,0.0,0.0,450.106,0.0,0.0,0.0,5.737,0,2.0,1.03,309.825,-2.7713,37.38,35.38502502441406,4.98,0.0,0
46986,-5.457,67.62700000000001,0.0,0.0,449.92400000000004,0.0,0.0,0.0,5.737,0,3.0,1.065,309.69,0.099,36.480000000000004,35.38502502441406,4.98,0.0,0
46986,-5.2860000000000005,67.62700000000001,0.0,0.0,449.682,0.0,0.0,0.0,5.737,0,2.0,1.01,309.825,1.9795,35.28,35.38502502441406,4.98,0.0,0
46986,-5.457,67.62700000000001,0.0,0.0,449.98400000000004,0.0,0.0,0.2,5.737,0,2.0,0.995,309.825,1.5836000000000001,35.13,35.38502502441406,4.98,0.0,0
46986,-5.627,67.62700000000001,0.0,0.0,449.742,0.0,0.0,0.0,5.737,0,2.0,1.0150000000000001,309.6,-1.4516,35.01,35.38502502441406,4.98,0.0,0
46986,-5.2860000000000005,67.62700000000001,0.0,0.0,449.742,0.0,0.0,0.2,5.737,0,2.0,1.01,309.915,-0.6351,35.1,35.38502502441406,4.98,0.0,0
46986,-5.627,67.62700000000001,0.0,0.0,449.98400000000004,0.0,0.0,0.0,5.737,0,3.0,1.02,309.69,-1.6248,36.39,35.38502502441406,4.98,0.0,0
46986,-5.1160000000000005,67.62700000000001,0.0,0.0,450.22700000000003,0.0,0.0,-0.2,5.737,0,2.0,1.0050000000000001,309.825,1.5176,37.89,35.38502502441406,4.98,0.0,0
46986,-5.2860000000000005,67.62700000000001,0.0,0.0,450.045,0.0,0.0,-0.2,5.737,0,2.0,1.04,309.69,0.9073,38.58,35.38502502441406,4.98,0.0,0
46986,-4.945,67.62700000000001,0.0,0.0,449.92400000000004,0.0,0.0,0.0,5.737,0,1.0,1.06,309.915,1.7403000000000002,38.01,35.38502502441406,4.98,0.0,0
46986,-5.2860000000000005,67.62700000000001,0.0,0.0,449.98400000000004,0.0,0.0,-0.2,5.737,0,2.0,0.995,309.825,-0.6846,37.59,35.38502502441406,4.98,0.0,0
46986,-5.2860000000000005,67.62700000000001,0.0,0.0,450.106,0.0,0.0,0.0,5.737,0,2.0,1.035,309.825,0.17320000000000002,37.050000000000004,35.38502502441406,4.98,0.0,0
46986,-5.1160000000000005,67.62700000000001,0.0,0.0,449.98400000000004,0.0,0.0,0.0,5.737,0,2.0,1.045,309.825,-0.6598,37.02,35.38502502441406,4.98,0.0,0
46986,-5.1160000000000005,67.62700000000001,0.0,0.0,450.166,0.0,0.0,-0.2,5.737,0,3.0,1.0050000000000001,309.825,-1.8475000000000001,36.93,35.38502502441406,4.98,0.0,0
46986,-4.945,67.62700000000001,0.0,0.0,450.529,0.0,0.0,0.0,5.737,0,2.0,1.025,309.825,-1.2124000000000001,36.42,35.38502502441406,4.98,0.0,0
46986,-5.2860000000000005,67.62700000000001,0.0,0.0,450.529,0.0,0.0,0.2,5.737,0,3.0,1.02,309.825,-0.5938,36.33,35.38502502441406,4.98,0.0,0
46986,-5.457,67.62700000000001,0.0,0.0,450.166,0.0,0.0,-0.2,5.737,0,2.0,1.045,309.825,1.1877,35.730000000000004,35.38502502441406,4.98,0.0,0
46986,-5.2860000000000005,67.62700000000001,0.0,0.0,450.166,0.0,0.0,0.0,5.737,0,3.0,1.01,309.825,1.3856000000000002,35.64,35.38502502441406,4.98,0.0,0
46986,-5.2860000000000005,67.62700000000001,0.0,0.0,450.166,0.0,0.0,-0.2,5.737,0,1.0,1.08,309.825,2.2187,35.13,35.38502502441406,4.98,0.0,0
46986,-5.1160000000000005,67.62700000000001,0.0,0.0,449.863,0.0,0.0,0.0,5.737,0,4.0,1.0150000000000001,309.69,-0.6351,36.27,35.38502502441406,4.98,0.0,0
46986,-5.1160000000000005,67.62700000000001,0.0,0.0,449.92400000000004,0.0,0.0,-0.2,5.737,0,2.0,1.05,309.825,-1.1217000000000001,37.410000000000004,35.38502502441406,4.98,0.0,0
46986,-5.2860000000000005,67.62700000000001,0.0,0.0,450.28700000000003,0.0,0.0,0.0,5.737,0,3.0,1.01,309.825,-1.8475000000000001,38.28,35.38502502441406,4.98,0.0,0
46986,-5.1160000000000005,67.62700000000001,0.0,0.0,449.98400000000004,0.0,0.0,0.0,5.737,0,2.0,1.07,309.69,-1.3609,37.89,35.38502502441406,4.98,0.0,0
46986,-5.457,67.62700000000001,0.0,0.0,450.166,0.0,0.0,-0.2,5.737,0,1.0,1.04,309.825,1.5836000000000001,37.980000000000004,35.38502502441406,4.98,0.0,0
46986,-5.1160000000000005,67.62700000000001,0.0,0.0,450.166,0.0,0.0,0.0,5.737,0,3.0,0.99,309.825,-0.5526,36.93,35.38502502441406,4.98,0.0,0
46986,-4.945,67.62700000000001,0.0,0.0,450.22700000000003,0.0,0.0,-0.2,5.737,0,1.0,1.04,309.69,-2.8372,36.21,35.38502502441406,4.98,0.0,0
46986,-5.1160000000000005,67.62700000000001,0.0,0.0,450.22700000000003,0.0,0.0,0.0,5.737,0,3.0,1.0050000000000001,309.825,1.2537,34.59,35.38502502441406,4.98,0.0,0
46986,-5.1160000000000005,67.62700000000001,0.0,0.0,450.408,0.0,0.0,0.0,5.737,0,2.0,1.0150000000000001,309.69,-0.0412,34.95,35.38502502441406,4.98,0.0,0
46986,-5.2860000000000005,67.62700000000001,0.0,0.0,450.408,0.0,0.0,0.0,5.737,0,3.0,1.0150000000000001,309.825,-2.1362,36.12,35.38502502441406,4.98,0.0,0
46986,-5.1160000000000005,67.62700000000001,0.0,0.0,450.166,0.0,0.0,0.2,5.737,0,1.0,0.97,309.69,-1.8228000000000002,36.87,35.38502502441406,4.98,0.0,0
46986,-4.945,67.62700000000001,0.0,0.0,450.166,0.0,0.0,0.0,5.737,0,2.0,1.04,309.825,3.0104,37.14,35.38502502441406,4.98,0.0,0
46986,-4.945,67.62700000000001,0.0,0.0,450.106,0.0,0.0,-0.2,5.737,0,1.0,1.025,309.825,0.5279,36.87,35.38502502441406,4.98,0.0,0
46986,-5.1160000000000005,67.62700000000001,0.0,0.0,450.166,0.0,0.0,0.0,5.737,0,2.0,1.05,309.825,1.1629,37.29,35.38502502441406,4.98,0.0,0
46986,-5.1160000000000005,67.62700000000001,0.0,0.0,450.166,0.0,0.0,-0.2,5.737,0,2.0,1.03,309.69,0.7505000000000001,37.65,35.38502502441406,4.98,0.0,0
46986,-5.2860000000000005,67.62700000000001,0.0,0.0,450.166,0.0,0.0,0.0,5.737,0,2.0,0.995,309.825,0.7918000000000001,38.43,35.38502502441406,4.98,0.0,0
46986,-5.1160000000000005,67.62700000000001,0.0,0.0,450.28700000000003,0.0,0.0,0.0,5.737,0,3.0,1.035,309.825,-2.1114,38.730000000000004,35.38502502441406,4.98,0.0,0
46986,-5.1160000000000005,67.62700000000001,0.0,0.0,450.28700000000003,0.0,0.0,-0.2,5.737,0,2.0,1.04,309.825,-1.8475000000000001,38.76,35.38502502441406,4.98,0.0,0
46986,-5.1160000000000005,67.62700000000001,0.0,0.0,450.22700000000003,0.0,0.0,0.2,5.737,0,2.0,1.02,309.69,1.7155,38.61,35.38502502441406,4.98,0.0,0
46986,-4.945,67.62700000000001,0.0,0.0,450.166,0.0,0.0,0.0,5.737,0,2.0,1.04,309.69,1.1547,37.62,35.38502502441406,4.98,0.0,0
46986,-4.945,67.62700000000001,0.0,0.0,450.166,0.0,0.0,0.0,5.737,0,2.0,1.04,309.825,-1.5836000000000001,36.54,35.38502502441406,4.98,0.0,0
46986,-5.2860000000000005,67.62700000000001,0.0,0.0,450.22700000000003,0.0,0.0,0.2,5.737,0,3.0,1.025,309.825,-0.8908,35.76,35.38502502441406,4.98,0.0,0
46986,-4.945,67.62700000000001,0.0,0.0,450.166,0.0,0.0,0.0,5.737,0,2.0,1.035,309.825,3.1672000000000002,36.03,35.38502502441406,4.98,0.0,0
46986,-5.1160000000000005,67.62700000000001,0.0,0.0,450.529,0.0,0.0,0.2,5.737,0,3.0,1.0,309.825,2.3754,35.67,35.38502502441406,4.98,0.0,0
46986,-4.945,67.62700000000001,0.0,0.0,450.22700000000003,0.0,0.0,-0.2,5.737,0,2.0,1.035,309.825,0.0,35.730000000000004,35.38502502441406,4.98,0.0,0
46986,-4.775,67.62700000000001,0.0,0.0,449.98400000000004,0.0,0.0,-0.2,5.737,0,3.0,1.035,309.69,-2.8043,37.02,35.38502502441406,4.98,0.0,0
46986,-4.945,67.62700000000001,0.0,0.0,449.98400000000004,0.0,0.0,0.0,5.737,0,1.0,1.0150000000000001,309.915,-1.9795,38.01,35.38502502441406,4.98,0.0,0
46986,-4.945,67.62700000000001,0.0,0.0,450.106,0.0,0.0,-0.2,5.737,0,2.0,1.0,309.825,1.3196,38.31,35.38502502441406,4.98,0.0,0
46986,-4.945,67.62700000000001,0.0,0.0,450.045,0.0,0.0,0.0,5.737,0,3.0,1.03,309.825,3.9589000000000003,38.1,35.38502502441406,4.98,0.0,0
46986,-5.2860000000000005,67.62700000000001,0.0,0.0,449.92400000000004,0.0,0.0,0.0,5.737,0,2.0,1.0150000000000001,309.825,-2.5733,38.22,35.38502502441406,4.98,0.0,0
46986,-4.945,67.62700000000001,0.0,0.0,450.166,0.0,0.0,0.0,5.737,0,2.0,1.0,309.825,0.39590000000000003,37.89,35.38502502441406,4.98,0.0,0
46986,-4.945,67.62700000000001,0.0,0.0,449.98400000000004,0.0,0.0,0.0,5.737,0,2.0,0.965,309.825,-1.5836000000000001,38.25,35.38502502441406,4.98,0.0,0
46986,-5.1160000000000005,67.62700000000001,0.0,0.0,450.166,0.0,0.0,0.0,5.737,0,2.0,0.99,309.825,1.3196,37.230000000000004,35.38502502441406,4.98,0.0,0
46986,-4.945,67.62700000000001,0.0,0.0,450.166,0.0,0.0,0.0,5.737,0,4.0,1.0,309.825,1.5836000000000001,37.11,35.38502502441406,4.98,0.0,0
46986,-5.2860000000000005,67.62700000000001,0.0,0.0,450.28700000000003,0.0,0.0,0.2,5.737,0,2.0,1.02,309.69,-0.1072,36.72,35.38502502441406,4.98,0.0,0
46986,-4.945,67.62700000000001,0.0,0.0,450.348,0.0,0.0,0.0,5.737,0,3.0,1.0050000000000001,309.825,-6.9941,35.910000000000004,35.38502502441406,4.98,0.0,0
46986,-4.775,67.62700000000001,0.0,0.0,450.529,0.0,0.0,-0.2,5.737,0,2.0,1.035,309.69,-1.9547,35.13,35.38502502441406,4.98,0.0,0
46986,-4.775,67.62700000000001,0.0,0.0,450.166,0.0,0.0,-0.2,5.737,0,3.0,1.05,309.69,3.761,35.49,35.38502502441406,4.98,0.0,0
46986,-4.775,67.62700000000001,0.0,0.0,450.166,0.0,0.0,0.0,5.737,0,2.0,1.01,309.825,2.1527000000000003,36.78,35.38502502441406,4.98,0.0,0
46986,-4.775,67.62700000000001,0.0,0.0,450.22700000000003,0.0,0.0,-0.2,5.737,0,2.0,1.0050000000000001,309.825,0.9650000000000001,38.07,35.38502502441406,4.98,0.0,0
46986,-5.1160000000000005,67.62700000000001,0.0,0.0,450.22700000000003,0.0,0.0,0.0,5.737,0,2.0,1.035,309.825,2.7713,39.27,35.38502502441406,4.98,0.0,0
46986,-4.945,67.62700000000001,0.0,0.0,450.408,0.0,0.0,0.0,5.737,0,2.0,0.99,309.915,1.3032000000000001,38.49,35.38502502441406,4.98,0.0,0
46986,-4.945,67.62700000000001,0.0,0.0,450.28700000000003,0.0,0.0,0.0,5.737,0,2.0,1.02,309.825,0.19790000000000002,37.71,35.38502502441406,4.98,0.0,0
46986,-4.945,67.62700000000001,0.0,0.0,450.22700000000003,0.0,0.0,0.0,5.737,0,2.0,1.025,309.825,-0.46190000000000003,37.92,35.38502502441406,4.98,0.0,0
46986,-4.775,67.62700000000001,0.0,0.0,450.045,0.0,0.0,-0.2,5.737,0,3.0,1.03,309.825,-0.9485,37.65,35.38502502441406,4.98,0.0,0
46986,-4.945,67.62700000000001,0.0,0.0,450.348,0.0,0.0,0.0,5.737,0,2.0,1.0150000000000001,309.825,1.7155,37.5,35.38502502441406,4.98,0.0,0
46986,-4.604,67.62700000000001,0.0,0.0,450.166,0.0,0.0,-0.2,5.737,0,3.0,1.035,309.69,-3.9342,36.99,35.38502502441406,4.98,0.0,0
46986,-4.945,67.62700000000001,0.0,0.0,450.348,0.0,0.0,0.2,5.737,0,2.0,1.01,309.69,-2.9445,36.27,35.38502502441406,4.98,0.0,0
46986,-4.945,67.62700000000001,0.0,0.0,450.28700000000003,0.0,0.0,0.0,5.737,0,2.0,0.975,309.69,-0.6846,35.910000000000004,35.38502502441406,4.98,0.0,0
46986,-4.775,67.62700000000001,0.0,0.0,450.22700000000003,0.0,0.0,0.0,5.737,0,3.0,0.965,309.69,2.2434000000000003,35.64,35.38502502441406,4.98,0.0,0
46986,-4.945,67.62700000000001,0.0,0.0,450.348,0.0,0.0,0.0,5.737,0,2.0,1.01,309.69,-0.48660000000000003,36.09,35.38502502441406,4.98,0.0,0
46986,-4.775,67.62700000000001,0.0,0.0,450.348,0.0,0.0,0.0,5.737,0,2.0,1.0150000000000001,309.69,-1.5836000000000001,37.86,35.38502502441406,4.98,0.0,0
46986,-4.945,67.62700000000001,-1.0,0.0,450.348,0.0,0.0,0.2,5.737,0,2.0,0.97,309.825,-0.5938,38.52,35.38502502441406,4.98,0.0,0
46986,-4.775,67.62700000000001,-0.5,0.0,450.529,0.0,0.0,0.0,5.737,0,3.0,0.99,309.825,5.6497,38.7,35.38502502441406,4.98,0.0,0
46986,-4.945,67.62700000000001,0.5,0.0,450.529,0.0,0.0,0.0,5.737,0,1.0,1.01,309.825,3.3404000000000003,37.77,35.38502502441406,4.98,0.0,0
46986,-4.945,67.62700000000001,0.0,0.0,450.22700000000003,0.0,0.0,0.0,5.737,0,4.0,0.97,309.825,0.066,37.68,35.38502502441406,4.98,0.0,0
46986,-4.775,67.62700000000001,0.0,0.0,450.711,0.0,0.0,-0.2,5.737,0,2.0,1.0050000000000001,309.825,-1.0392000000000001,37.56,35.38502502441406,4.98,0.0,0
46986,-4.945,67.62700000000001,1.0,0.0,450.59000000000003,0.0,0.0,0.0,5.737,0,3.0,1.025,309.69,-0.7011000000000001,38.04,35.38502502441406,4.98,0.0,0
46986,-4.434,67.62700000000001,0.5,0.0,450.59000000000003,0.0,0.0,0.0,5.737,0,3.0,1.01,309.69,-1.4846000000000001,38.22,35.38502502441406,4.98,0.0,0
46986,-4.775,67.62700000000001,-1.0,0.0,450.348,0.0,0.0,0.2,5.737,0,3.0,0.965,309.825,1.0557,38.4,35.38502502441406,4.98,0.0,0
46986,-4.945,67.62700000000001,-0.5,0.0,450.59000000000003,0.0,0.0,-0.2,5.737,0,2.0,0.97,309.69,-1.7485000000000002,37.800000000000004,35.38502502441406,4.98,0.0,0
46986,-4.775,67.62700000000001,0.0,0.0,450.166,0.0,0.0,-0.2,5.737,0,2.0,0.975,309.825,1.5836000000000001,36.78,35.38502502441406,4.98,0.0,0
46986,-4.775,67.62700000000001,0.0,0.0,450.166,0.0,0.0,0.0,5.737,0,2.0,1.01,309.825,-1.5836000000000001,35.52,35.38502502441406,4.98,0.0,0
46986,-4.775,67.62700000000001,0.0,0.0,450.045,0.0,0.0,0.0,5.737,0,1.0,0.97,309.825,2.3754,35.25,35.38502502441406,4.98,0.0,0
46986,-4.775,67.62700000000001,0.0,0.0,450.22700000000003,0.0,0.0,0.0,5.737,0,2.0,1.025,309.69,0.099,36.18,35.38502502441406,4.98,0.0,0
46986,-4.775,67.62700000000001,-0.5,0.0,450.045,0.0,0.0,0.0,5.737,0,2.0,1.0150000000000001,309.825,-2.5073000000000003,38.25,35.38502502441406,4.98,0.0,0
46986,-4.775,67.62700000000001,0.0,0.0,450.469,0.0,0.0,0.2,5.737,0,2.0,0.99,309.825,2.1114,39.75,35.38502502441406,4.98,0.0,0
46986,-4.434,67.62700000000001,0.5,0.0,450.22700000000003,0.0,0.0,0.0,5.737,0,1.0,0.995,309.825,6.0704,39.24,35.38502502441406,4.98,0.0,0
46986,-4.945,67.62700000000001,0.0,0.0,450.166,0.0,0.0,0.0,5.737,0,4.0,0.96,309.69,-1.4846000000000001,37.62,35.38502502441406,4.98,0.0,0
46986,-4.945,67.62700000000001,0.0,0.0,450.469,0.0,0.0,-0.2,5.737,0,2.0,1.025,309.6,-5.806500000000001,36.9,35.38502502441406,4.98,0.0,0
46986,-4.945,67.62700000000001,0.0,0.0,450.166,0.0,0.0,0.0,5.737,0,1.0,0.985,309.69,-3.3321,37.11,35.38502502441406,4.98,0.0,0
46986,-4.775,67.62700000000001,0.0,0.0,450.166,0.0,0.0,0.0,5.737,0,2.0,0.9550000000000001,309.825,-0.39590000000000003,37.77,35.38502502441406,4.98,0.0,0
46986,-4.604,67.62700000000001,0.5,0.0,450.045,0.0,0.0,0.0,5.737,0,2.0,0.995,309.915,2.9362,37.5,35.38502502441406,4.98,0.0,0
46986,-4.604,67.62700000000001,0.0,0.0,450.408,0.0,0.0,0.0,5.737,0,3.0,0.975,309.69,2.1114,36.33,35.38502502441406,4.98,0.0,0
46986,-4.604,67.62700000000001,0.0,0.0,450.28700000000003,0.0,0.0,0.0,5.737,0,1.0,0.925,309.825,0.2639,34.89,35.38502502441406,4.98,0.0,0
46986,-4.775,67.62700000000001,0.0,0.0,450.348,0.0,0.0,-0.2,5.737,0,2.0,0.9400000000000001,309.915,-0.5279,34.89,35.38502502441406,4.98,0.0,0
46986,-4.604,67.62700000000001,0.0,0.0,450.348,0.0,0.0,0.0,5.737,0,1.0,0.915,309.825,-1.4186,35.34,35.38502502441406,4.98,0.0,0
46986,-4.263,67.62700000000001,0.0,0.0,449.98400000000004,0.0,0.0,-0.2,5.737,0,3.0,0.995,309.825,-1.1877,37.02,35.38502502441406,4.98,0.0,0
46986,-4.775,67.62700000000001,0.5,0.0,449.742,0.0,0.0,0.2,5.737,0,2.0,0.995,309.69,-0.8908,38.34,35.38502502441406,4.98,0.0,0
46986,-4.604,67.62700000000001,0.0,0.0,449.682,0.0,0.0,0.0,5.737,0,2.0,0.935,309.825,0.7918000000000001,39.39,35.38502502441406,4.98,0.0,0
46986,-4.775,67.62700000000001,0.0,0.0,449.863,0.0,0.0,-0.2,5.737,0,3.0,0.99,309.69,-4.651800000000001,39.24,35.38502502441406,4.98,0.0,0
46986,-4.775,67.62700000000001,0.0,0.0,450.348,0.0,0.0,0.0,5.737,0,2.0,0.935,309.69,-1.8475000000000001,38.28,35.38502502441406,4.98,0.0,0
46986,-4.604,67.62700000000001,-0.5,0.0,450.408,0.0,0.0,0.2,5.737,0,3.0,1.025,309.825,3.6950000000000003,36.87,35.38502502441406,4.98,0.0,0
46986,-4.263,67.62700000000001,0.5,0.0,450.166,0.0,0.0,0.2,5.737,0,2.0,0.99,309.69,0.9238000000000001,36.27,35.38502502441406,4.98,0.0,0
46986,-4.434,67.62700000000001,-0.5,0.0,450.28700000000003,0.0,0.0,0.0,5.737,0,4.0,0.9500000000000001,309.915,-3.8600000000000003,35.88,35.38502502441406,4.98,0.0,0
46986,-4.775,67.62700000000001,0.0,0.0,450.28700000000003,0.0,0.0,-0.2,5.737,0,2.0,1.0050000000000001,309.69,-2.7713,35.13,35.38502502441406,4.98,0.0,0
46986,-4.434,67.62700000000001,0.0,0.0,449.98400000000004,0.0,0.0,-0.2,5.737,0,3.0,1.0,309.69,0.2639,34.74,35.38502502441406,4.98,0.0,0
46986,-4.604,67.62700000000001,0.5,0.0,450.348,0.0,0.0,-0.2,5.737,0,2.0,0.98,309.825,-0.2639,35.04,35.38502502441406,4.98,0.0,0
46986,-4.775,67.62700000000001,0.5,0.0,450.469,0.0,0.0,-0.2,5.737,0,0.0,0.98,309.69,1.0557,36.06,35.38502502441406,4.98,0.0,0
46986,-4.434,67.62700000000001,0.0,0.0,450.529,0.0,0.0,0.0,5.737,0,3.0,0.91,309.915,0.7918000000000001,36.96,35.38502502441406,4.98,0.0,0
46986,-4.434,67.62700000000001,-0.5,0.0,450.408,0.0,0.0,0.2,5.737,0,1.0,0.97,309.69,-1.7485000000000002,37.59,35.38502502441406,4.98,0.0,0
46986,-4.775,67.62700000000001,0.0,0.0,450.408,0.0,0.0,0.0,5.737,0,3.0,0.97,309.825,3.1672000000000002,37.83,35.38502502441406,4.98,0.0,0
46986,-4.434,67.62700000000001,0.5,0.0,450.22700000000003,0.0,0.0,0.0,5.737,0,1.0,0.995,309.69,0.6928000000000001,37.800000000000004,35.38502502441406,4.98,0.0,0
46986,-4.775,67.62700000000001,-0.5,0.0,450.348,0.0,0.0,0.2,5.737,0,3.0,0.9500000000000001,309.69,-1.1877,38.160000000000004,35.38502502441406,4.98,0.0,0
46986,-4.263,67.62700000000001,-0.5,0.0,450.408,0.0,0.0,0.0,5.737,0,1.0,0.96,309.69,-1.4846000000000001,37.410000000000004,35.38502502441406,4.98,0.0,0
46986,-4.945,67.62700000000001,0.0,0.0,450.408,0.0,0.0,0.0,5.737,0,1.0,0.96,309.69,-1.7568000000000001,37.38,35.38502502441406,4.98,0.0,0
46986,-4.604,67.62700000000001,-0.5,0.0,450.045,0.0,0.0,-0.2,5.737,0,2.0,1.0150000000000001,309.69,2.9692000000000003,36.63,35.38502502441406,4.98,0.0,0
46986,-4.604,67.62700000000001,-0.5,0.0,450.166,0.0,0.0,0.0,5.737,0,2.0,0.935,309.825,0.23920000000000002,36.51,35.38502502441406,4.98,0.0,0
46986,-4.263,67.62700000000001,0.0,0.0,450.22700000000003,0.0,0.0,0.0,5.737,0,2.0,0.975,309.915,-0.767,36.33,35.38502502441406,4.98,0.0,0
46986,-4.093,67.62700000000001,0.0,0.0,450.28700000000003,0.0,0.0,0.0,5.737,0,2.0,0.98,309.825,2.9032,36.12,35.38502502441406,4.98,0.0,0
46986,-4.604,67.62700000000001,0.0,0.0,450.348,0.0,0.0,0.2,5.737,0,2.0,0.965,309.825,-0.7918000000000001,36.0,35.38502502441406,4.98,0.0,0
46986,-4.263,67.62700000000001,0.0,0.0,450.59000000000003,0.0,0.0,-0.2,5.737,0,2.0,1.0050000000000001,309.69,-5.0806000000000004,36.0,35.38502502441406,4.98,0.0,0
46986,-4.775,67.62700000000001,0.5,0.0,450.166,0.0,0.0,0.0,5.737,0,1.0,0.91,309.825,0.9897,35.910000000000004,35.38502502441406,4.98,0.0,0
46986,-4.775,67.62700000000001,0.0,0.0,450.045,0.0,0.0,0.0,5.737,0,2.0,0.96,309.69,0.6186,36.660000000000004,35.38502502441406,4.98,0.0,0
46986,-4.434,67.62700000000001,-0.5,0.0,450.166,0.0,0.0,0.0,5.737,0,2.0,0.985,309.915,-0.899,37.11,35.38502502441406,4.98,0.0,0
46986,-4.434,67.62700000000001,0.0,0.0,450.348,0.0,0.0,-0.2,5.737,0,3.0,0.96,309.825,1.3196,37.410000000000004,35.38502502441406,4.98,0.0,0
46986,-4.604,67.62700000000001,0.5,0.0,450.831,0.0,0.0,-0.2,5.737,0,2.0,0.965,309.825,-1.2124000000000001,37.53,35.38502502441406,4.98,0.0,0
46986,-4.263,67.62700000000001,0.0,0.0,450.711,0.0,0.0,0.0,5.737,0,1.0,0.965,309.69,-5.6745,38.13,35.38502502441406,4.98,0.0,0
46986,-4.604,67.62700000000001,-0.5,0.0,450.469,0.0,0.0,-0.2,5.737,0,3.0,0.985,309.825,2.3754,37.800000000000004,35.38502502441406,4.98,0.0,0
46986,-4.775,67.62700000000001,0.0,0.0,450.469,0.0,0.0,0.0,5.737,0,2.0,0.985,309.825,3.5383,36.18,35.38502502441406,4.98,0.0,0
46986,-4.434,67.62700000000001,-0.5,0.0,450.408,0.0,0.0,0.0,5.737,0,1.0,0.9400000000000001,309.69,1.3856000000000002,35.61,35.38502502441406,4.98,0.0,0
46986,-4.434,67.62700000000001,0.0,0.0,450.348,0.0,0.0,0.0,5.737,0,2.0,0.935,309.825,-1.3856000000000002,34.89,35.38502502441406,4.98,0.0,0
46986,-4.434,67.62700000000001,0.5,0.0,450.408,0.0,0.0,0.0,5.737,0,2.0,0.96,309.825,0.5938,34.230000000000004,35.38502502441406,4.98,0.0,0
46986,-4.434,67.62700000000001,0.0,0.0,450.408,0.0,0.0,0.0,5.737,0,4.0,0.995,309.825,2.5733,34.800000000000004,35.38502502441406,4.98,0.0,0
46986,-4.093,67.62700000000001,0.0,0.0,450.166,0.0,0.0,-0.2,5.737,0,2.0,0.995,309.825,-1.3856000000000002,36.24,35.38502502441406,4.98,0.0,0
46986,-4.263,67.62700000000001,0.0,0.0,450.106,0.0,0.0,0.0,5.737,0,3.0,1.0,309.69,-2.8785000000000003,37.2,35.38502502441406,4.98,0.0,0
46986,-4.434,67.62700000000001,0.5,0.0,450.348,0.0,0.0,0.2,5.737,0,1.0,0.965,309.825,-2.4413,37.800000000000004,35.38502502441406,4.98,0.0,0
46986,-4.434,67.62700000000001,0.0,0.0,450.348,0.0,0.0,0.0,5.737,0,2.0,0.985,309.825,-2.1114,37.800000000000004,35.38502502441406,4.98,0.0,0
46986,-4.434,67.62700000000001,0.0,0.0,450.65000000000003,0.0,0.0,-0.2,5.737,0,3.0,0.96,309.825,0.5279,37.050000000000004,35.38502502441406,4.98,0.0,0
46986,-4.434,67.62700000000001,0.0,0.0,450.529,0.0,0.0,-0.2,5.737,0,2.0,0.96,309.825,1.4846000000000001,36.54,35.38502502441406,4.98,0.0,0
46986,-4.263,67.62700000000001,0.0,0.0,450.65000000000003,0.0,0.0,0.0,5.737,0,1.0,0.915,309.69,-4.7507,35.79,35.38502502441406,4.98,0.0,0
46986,-4.263,67.62700000000001,0.0,0.0,450.711,0.0,0.0,0.0,5.737,0,1.0,0.97,309.825,-3.1672000000000002,35.550000000000004,35.38502502441406,4.98,0.0,0
46986,-4.775,67.62700000000001,0.0,0.0,450.22700000000003,0.0,0.0,0.0,5.737,0,3.0,0.9550000000000001,309.69,0.0,36.54,35.38502502441406,4.98,0.0,0
46986,-4.263,67.62700000000001,0.0,0.0,450.28700000000003,0.0,0.0,0.2,5.737,0,1.0,0.935,309.69,1.8475000000000001,36.39,35.38502502441406,4.98,0.0,0
46986,-4.263,67.62700000000001,0.5,0.0,450.348,0.0,0.0,0.2,5.737,0,2.0,0.975,309.825,1.0557,35.79,35.38502502441406,4.98,0.0,0
46986,-4.263,67.62700000000001,0.0,0.0,450.28700000000003,0.0,0.0,0.2,5.737,0,2.0,1.0,309.825,-3.2661000000000002,35.37,35.38502502441406,4.98,0.0,0
46986,-4.263,67.62700000000001,-0.5,0.0,450.28700000000003,0.0,0.0,0.0,5.737,0,2.0,0.965,309.69,0.0,34.56,35.38502502441406,4.98,0.0,0
46986,-4.434,67.62700000000001,0.0,0.0,449.98400000000004,0.0,0.0,-0.2,5.737,0,2.0,0.9550000000000001,309.825,3.1672000000000002,34.56,35.38502502441406,4.98,0.0,0
46986,-4.263,67.62700000000001,0.5,0.0,450.166,0.0,0.0,0.0,5.737,0,0.0,0.915,309.825,-2.1114,34.95,35.38502502441406,4.98,0.0,0
46986,-4.434,67.62700000000001,-0.5,0.0,450.166,0.0,0.0,0.0,5.737,0,3.0,0.92,309.825,-0.8908,35.730000000000004,35.38502502441406,4.98,0.0,0
46986,-4.604,67.62700000000001,-0.5,0.0,450.166,0.0,0.0,0.0,5.737,0,1.0,0.985,309.825,-0.39590000000000003,37.08,35.38502502441406,4.98,0.0,0
46986,-4.263,67.62700000000001,0.0,0.0,450.529,0.0,0.0,0.2,5.737,0,3.0,1.0050000000000001,309.825,-0.7918000000000001,37.800000000000004,35.38502502441406,4.98,0.0,0
46986,-4.604,67.62700000000001,1.0,0.0,450.408,0.0,0.0,0.0,5.737,0,1.0,0.9400000000000001,309.825,1.5836000000000001,36.81,35.38502502441406,4.98,0.0,0
46986,-4.263,67.62700000000001,0.0,0.0,450.348,0.0,0.0,0.0,5.737,0,2.0,0.9450000000000001,309.825,1.5836000000000001,36.78,35.38502502441406,4.98,0.0,0
46986,-4.263,67.62700000000001,0.0,0.0,450.348,0.0,0.0,0.0,5.737,0,0.0,0.9400000000000001,309.825,0.6598,37.26,35.38502502441406,4.98,0.0,0
46986,-4.263,67.62700000000001,0.0,0.0,450.22700000000003,0.0,0.0,0.0,5.737,0,0.0,0.9450000000000001,309.69,-2.5403000000000002,36.660000000000004,35.38502502441406,4.98,0.0,0
46986,-4.434,67.62700000000001,0.0,0.0,450.348,0.0,0.0,0.0,5.737,0,2.0,0.9450000000000001,309.69,-4.3548,37.14,35.38502502441406,4.98,0.0,0
46986,-4.263,67.62700000000001,0.0,0.0,450.469,0.0,0.0,0.0,5.737,0,1.0,0.96,309.825,1.5836000000000001,36.06,35.38502502441406,4.98,0.0,0
46986,-4.604,67.62700000000001,0.0,0.0,450.711,0.0,0.0,0.0,5.737,0,3.0,0.965,309.915,5.806500000000001,35.160000000000004,35.38502502441406,4.98,0.0,0
46986,-4.093,67.62700000000001,0.0,0.0,450.711,0.0,0.0,0.0,5.737,0,1.0,0.9400000000000001,309.69,0.5279,34.14,35.38502502441406,4.98,0.0,0
46986,-4.263,67.62700000000001,0.0,0.0,450.529,0.0,0.0,0.0,5.737,0,3.0,0.97,309.825,-0.6598,34.68,35.38502502441406,4.98,0.0,0
46986,-4.263,67.62700000000001,0.5,0.0,450.348,0.0,0.0,0.2,5.737,0,1.0,0.905,309.825,-2.5733,35.88,35.38502502441406,4.98,0.0,0
46986,-4.263,67.62700000000001,0.0,0.0,450.469,0.0,0.0,-0.2,5.737,0,2.0,0.9400000000000001,309.825,1.0557,37.62,35.38502502441406,4.98,0.0,0
46986,-4.263,67.62700000000001,0.5,0.0,450.408,0.0,0.0,0.2,5.737,0,4.0,0.97,309.69,0.099,38.67,35.38502502441406,4.98,0.0,0
46986,-4.263,67.62700000000001,0.0,0.0,450.529,0.0,0.0,0.0,5.737,0,2.0,0.935,309.825,-1.1877,38.7,35.38502502441406,4.98,0.0,0
46986,-4.263,67.62700000000001,-0.5,0.0,450.529,0.0,0.0,0.0,5.737,0,2.0,0.915,309.69,-1.7568000000000001,38.64,35.38502502441406,4.98,0.0,0
46986,-4.263,67.62700000000001,0.5,0.0,450.408,0.0,0.0,-0.2,5.737,0,0.0,0.965,309.825,-2.5733,37.95,35.38502502441406,4.98,0.0,0
46986,-4.263,67.62700000000001,0.0,0.0,450.045,0.0,0.0,0.0,5.737,0,1.0,0.965,309.825,4.2641,36.99,35.38502502441406,4.98,0.0,0
46986,-4.263,67.62700000000001,-0.5,0.0,450.166,0.0,0.0,-0.2,5.737,0,2.0,0.9500000000000001,309.825,4.7507,36.45,35.38502502441406,4.98,0.0,0
46986,-4.263,67.62700000000001,0.5,0.0,450.348,0.0,0.0,0.0,5.737,0,1.0,0.905,309.69,-3.4723,36.57,35.38502502441406,4.98,0.0,0
46986,-4.434,67.62700000000001,-0.5,0.0,450.348,0.0,0.0,0.0,5.737,0,4.0,0.9450000000000001,309.825,-3.8765,36.33,35.38502502441406,4.98,0.0,0
46986,-4.263,67.62700000000001,-0.5,0.0,450.166,0.0,0.0,0.2,5.737,0,2.0,0.93,309.825,-1.7815,36.33,35.38502502441406,4.98,0.0,0
46986,-4.434,67.62700000000001,0.0,0.0,450.348,0.0,0.0,0.0,5.737,0,3.0,0.915,309.825,3.9589000000000003,36.15,35.38502502441406,4.98,0.0,0
46986,-4.263,67.62700000000001,0.0,0.0,450.348,0.0,0.0,-0.2,5.737,0,0.0,0.9500000000000001,309.915,1.5011,35.94,35.38502502441406,4.98,0.0,0
46986,-4.263,67.62700000000001,0.0,0.0,450.348,0.0,0.0,-0.2,5.737,0,2.0,0.935,309.825,-1.0805,35.34,35.38502502441406,4.98,0.0,0
46986,-4.434,67.62700000000001,0.0,0.0,450.65000000000003,0.0,0.0,0.0,5.737,0,1.0,0.97,309.69,0.0247,36.300000000000004,35.38502502441406,4.98,0.0,0
46986,-4.263,67.62700000000001,0.0,0.0,450.831,0.0,0.0,0.0,5.737,0,1.0,0.92,309.825,-0.5526,37.47,35.38502502441406,4.98,0.0,0
46986,-4.604,67.62700000000001,-0.5,0.0,450.529,0.0,0.0,0.0,5.737,0,2.0,0.895,309.825,-1.9795,38.19,35.38502502441406,4.98,0.0,0
46986,-4.263,67.62700000000001,0.0,0.0,450.408,0.0,0.0,-0.2,5.737,0,1.0,0.92,309.825,3.4311000000000003,38.04,35.38502502441406,4.98,0.0,0
46986,-4.263,67.62700000000001,-0.5,0.0,450.469,0.0,0.0,-0.2,5.737,0,1.0,0.925,309.915,-0.5444,37.2,35.38502502441406,4.98,0.0,0
46986,-4.263,67.62700000000001,-0.5,0.0,450.529,0.0,0.0,0.0,5.737,0,2.0,1.0,309.915,-0.8330000000000001,37.14,35.38502502441406,4.98,0.0,0
46986,-4.093,67.62700000000001,0.0,0.0,450.59000000000003,0.0,0.0,-0.2,5.737,0,1.0,0.92,309.825,-2.9032,37.17,35.38502502441406,4.98,0.0,0
46986,-4.263,67.62700000000001,0.0,0.0,450.529,0.0,0.0,0.0,5.737,0,2.0,0.935,309.69,-2.3754,36.660000000000004,35.38502502441406,4.98,0.0,0
46986,-4.093,67.62700000000001,-0.5,0.0,450.59000000000003,0.0,0.0,0.2,5.737,0,1.0,0.93,309.825,1.1382,36.69,35.38502502441406,4.98,0.0,0
46986,-4.263,67.62700000000001,0.0,0.0,450.59000000000003,0.0,0.0,0.0,5.737,0,2.0,0.925,309.69,-0.39590000000000003,36.45,35.38502502441406,4.98,0.0,0
46986,-4.093,67.62700000000001,0.5,0.0,450.348,0.0,0.0,0.0,5.737,0,3.0,0.935,309.825,-3.1919,35.58,35.38502502441406,4.98,0.0,0
46986,-4.263,67.62700000000001,0.0,0.0,450.348,0.0,0.0,-0.2,5.737,0,3.0,0.895,309.69,-1.5588000000000002,35.82,35.38502502441406,4.98,0.0,0
46986,-4.263,67.62700000000001,-0.5,0.0,450.59000000000003,0.0,0.0,0.0,5.737,0,1.0,0.915,309.825,0.37120000000000003,36.09,35.38502502441406,4.98,0.0,0
46986,-4.093,67.62700000000001,0.0,0.0,450.831,0.0,0.0,0.0,5.737,0,2.0,0.915,309.825,1.3609,37.2,35.38502502441406,4.98,0.0,0
46986,-4.263,67.62700000000001,0.5,0.0,450.711,0.0,0.0,0.0,5.737,0,1.0,0.92,309.825,3.9342,37.59,35.38502502441406,4.98,0.0,0
46986,-4.263,67.62700000000001,0.0,0.0,450.711,0.0,0.0,0.0,5.737,0,2.0,0.935,309.825,3.8600000000000003,37.53,35.38502502441406,4.98,0.0,0
46986,-4.093,67.62700000000001,0.0,0.0,450.831,0.0,0.0,0.2,5.737,0,0.0,0.91,309.825,0.39590000000000003,37.86,35.38502502441406,4.98,0.0,0
46986,-4.263,67.62700000000001,0.5,0.0,450.771,0.0,0.0,-0.2,5.737,0,2.0,0.9550000000000001,309.825,2.3754,38.79,35.38502502441406,4.98,0.0,0
46986,-4.263,67.62700000000001,0.0,0.0,450.59000000000003,0.0,0.0,-0.2,5.737,0,1.0,0.93,309.915,-0.132,38.19,35.38502502441406,4.98,0.0,0
46986,-4.263,67.62700000000001,0.0,0.0,450.711,0.0,0.0,0.0,5.737,0,2.0,0.9,309.69,-0.9567,37.89,35.38502502441406,4.98,0.0,0
46986,-4.263,67.62700000000001,0.5,0.0,450.59000000000003,0.0,0.0,0.2,5.737,0,3.0,0.895,309.825,0.0,36.75,35.38502502441406,4.98,0.0,0
46986,-4.263,67.62700000000001,-0.5,0.0,450.65000000000003,0.0,0.0,0.0,5.737,0,2.0,0.9,309.825,-0.19790000000000002,35.97,35.38502502441406,4.98,0.0,0
46986,-4.263,67.62700000000001,0.0,0.0,450.408,0.0,0.0,0.2,5.737,0,4.0,0.935,309.69,0.0,35.37,35.38502502441406,4.98,0.0,0
46986,-4.093,67.62700000000001,0.0,0.0,450.469,0.0,0.0,0.0,5.737,0,2.0,0.925,309.69,-3.596,35.730000000000004,35.38502502441406,4.98,0.0,0
46986,-4.263,67.62700000000001,0.0,0.0,450.348,0.0,0.0,0.2,5.737,0,3.0,0.905,309.69,-3.4311000000000003,36.24,35.38502502441406,4.98,0.0,0
46986,-4.263,67.62700000000001,0.0,0.0,450.711,0.0,0.0,0.0,5.737,0,2.0,0.895,309.69,0.0,36.63,35.38502502441406,4.98,0.0,0
46986,-4.093,67.62700000000001,-0.5,0.0,450.348,0.0,0.0,0.2,5.737,0,2.0,0.935,309.69,0.0,37.230000000000004,35.38502502441406,4.98,0.0,0
46986,-4.263,67.62700000000001,0.5,0.0,450.469,0.0,0.0,0.2,5.737,0,1.0,0.905,309.825,-0.099,37.77,35.38502502441406,4.98,0.0,0
46986,-4.263,67.62700000000001,-0.5,0.0,450.711,0.0,0.0,0.2,5.737,0,2.0,0.935,309.825,4.3548,38.76,35.38502502441406,4.98,0.0,0
46986,-4.434,67.62700000000001,0.0,0.0,450.529,0.0,0.0,0.0,5.737,0,0.0,0.91,309.825,1.4846000000000001,39.45,35.38502502441406,4.98,0.0,0
46986,-4.263,67.62700000000001,0.0,0.0,450.469,0.0,0.0,0.0,5.737,0,6.0,0.93,309.69,-1.8475000000000001,39.18,35.38502502441406,4.98,0.0,0
46986,-4.263,67.62700000000001,0.0,0.0,450.469,0.0,0.0,0.2,5.737,0,0.0,0.905,309.825,-1.5836000000000001,39.03,35.38502502441406,4.98,0.0,0
46986,-4.093,67.62700000000001,0.0,0.0,450.65000000000003,0.0,0.0,0.2,5.737,0,2.0,0.925,309.69,-1.097,38.34,35.38502502441406,4.98,0.0,0
46986,-4.263,67.62700000000001,0.0,0.0,450.529,0.0,0.0,-0.2,5.737,0,2.0,0.915,309.69,-0.1072,37.980000000000004,35.38502502441406,4.98,0.0,0
46986,-4.093,67.62700000000001,0.5,0.0,450.892,0.0,0.0,0.0,5.737,0,0.0,0.89,309.825,0.767,37.11,35.38502502441406,4.98,0.0,0
46986,-4.093,67.62700000000001,0.5,0.0,450.771,0.0,0.0,-0.2,5.737,0,1.0,0.9500000000000001,309.825,0.0412,36.45,35.38502502441406,4.98,0.0,0
46986,-3.7520000000000002,67.62700000000001,0.0,0.0,450.65000000000003,0.0,0.0,0.2,5.737,0,1.0,0.9450000000000001,309.825,3.7115,35.64,35.38502502441406,4.98,0.0,0
46986,-4.263,67.62700000000001,0.0,0.0,450.529,0.0,0.0,0.0,5.737,0,2.0,0.9400000000000001,309.825,0.9238000000000001,35.82,35.38502502441406,4.98,0.0,0
46986,-4.263,67.62700000000001,0.0,0.0,450.408,0.0,0.0,0.0,5.737,0,2.0,0.92,309.825,-4.0909,36.12,35.38502502441406,4.98,0.0,0
46986,-3.922,67.62700000000001,0.0,0.0,450.348,0.0,0.0,0.2,5.737,0,1.0,0.9,309.825,-4.6188,37.050000000000004,35.38502502441406,4.98,0.0,0
46986,-4.093,67.62700000000001,0.0,0.0,450.469,0.0,0.0,0.0,5.737,0,1.0,0.88,309.69,0.0,38.46,35.38502502441406,4.98,0.0,0
46986,-4.093,67.62700000000001,0.0,0.0,450.771,0.0,0.0,-0.2,5.737,0,2.0,0.885,309.915,1.699,39.09,35.38502502441406,4.98,0.0,0
46986,-4.093,67.62700000000001,0.0,0.0,450.59000000000003,0.0,0.0,0.2,5.737,0,1.0,0.875,309.825,1.9547,38.76,35.38502502441406,4.98,0.0,0
46986,-4.263,67.62700000000001,-0.5,0.0,450.529,0.0,0.0,-0.2,5.737,0,2.0,0.91,309.825,3.4063000000000003,38.64,35.38502502441406,4.98,0.0,0
46986,-3.922,67.62700000000001,0.5,0.0,450.348,0.0,0.0,0.2,5.737,0,1.0,0.915,309.69,-1.2537,38.4,35.38502502441406,4.98,0.0,0
46986,-3.7520000000000002,67.62700000000001,0.0,0.0,450.892,0.0,0.0,0.0,5.737,0,1.0,0.91,309.915,-3.8435,37.35,35.38502502441406,4.98,0.0,0
46986,-4.263,67.62700000000001,-0.5,0.0,451.01300000000003,0.0,0.0,-0.2,5.737,0,2.0,0.915,309.825,-0.3794,36.24,35.38502502441406,4.98,0.0,0
46986,-3.922,67.62700000000001,0.5,0.0,450.65000000000003,0.0,0.0,0.0,5.737,0,0.0,0.9400000000000001,309.825,3.1424000000000003,35.37,35.38502502441406,4.98,0.0,0
46986,-4.093,67.62700000000001,0.0,0.0,450.529,0.0,0.0,-0.2,5.737,0,3.0,0.89,309.69,-5.2786,35.46,35.38502502441406,4.98,0.0,0
46986,-3.922,67.62700000000001,-0.5,0.0,450.469,0.0,0.0,0.2,5.737,0,3.0,0.92,309.825,-3.761,35.37,35.38502502441406,4.98,0.0,0
46986,-4.263,67.62700000000001,0.5,0.0,450.59000000000003,0.0,0.0,0.2,5.737,0,4.0,0.89,309.825,0.0,36.15,35.38502502441406,4.98,0.0,0
46986,-3.922,67.62700000000001,0.0,0.0,450.348,0.0,0.0,0.0,5.737,0,1.0,0.905,309.825,0.767,37.980000000000004,35.38502502441406,4.98,0.0,0
46986,-4.263,67.62700000000001,0.0,0.0,450.28700000000003,0.0,0.0,0.0,5.737,0,3.0,0.915,309.915,1.2124000000000001,38.49,35.38502502441406,4.98,0.0,0
46986,-3.922,67.62700000000001,0.0,0.0,450.529,0.0,0.0,0.0,5.737,0,2.0,0.9,309.825,-2.5073000000000003,38.25,35.38502502441406,4.98,0.0,0
46986,-3.922,67.62700000000001,-0.5,0.0,450.59000000000003,0.0,0.0,0.0,5.737,0,2.0,0.93,309.69,-0.6598,37.980000000000004,35.38502502441406,4.98,0.0,0
46986,-4.263,67.62700000000001,0.0,0.0,450.711,0.0,0.0,-0.2,5.737,0,1.0,0.91,309.69,-2.2022,38.22,35.38502502441406,4.98,0.0,0
46986,-4.093,67.62700000000001,0.0,0.0,450.831,0.0,0.0,-0.2,5.737,0,3.0,0.87,309.915,1.2124000000000001,38.19,35.38502502441406,4.98,0.0,0
46986,-3.922,67.62700000000001,-0.5,0.0,450.892,0.0,0.0,0.0,5.737,0,2.0,0.865,309.825,4.792,37.74,35.38502502441406,4.98,0.0,0
46986,-3.922,67.62700000000001,0.0,0.0,450.348,0.0,0.0,0.2,5.737,0,0.0,0.98,309.69,0.5279,36.84,35.38502502441406,4.98,0.0,0
46986,-4.093,67.62700000000001,0.0,0.0,450.469,0.0,0.0,-0.2,5.737,0,4.0,0.98,309.69,-0.7918000000000001,36.78,35.38502502441406,4.98,0.0,0
46986,-4.263,67.62700000000001,0.5,0.0,450.59000000000003,0.0,0.0,0.0,5.737,0,2.0,0.92,309.825,-4.1569,36.12,35.38502502441406,4.98,0.0,0
46986,-3.7520000000000002,67.62700000000001,0.5,0.0,450.952,0.0,0.0,0.2,5.737,0,3.0,0.905,309.825,-2.5073000000000003,35.58,35.38502502441406,4.98,0.0,0
46986,-4.263,67.62700000000001,-0.5,0.0,450.711,0.0,0.0,0.2,5.737,0,0.0,0.89,309.825,1.4846000000000001,35.34,35.38502502441406,4.98,0.0,0
46986,-4.263,67.62700000000001,0.0,0.0,450.529,0.0,0.0,0.0,5.737,0,2.0,0.895,309.69,-1.0557,35.52,35.38502502441406,4.98,0.0,0
46986,-3.922,67.62700000000001,0.0,0.0,450.469,0.0,0.0,0.0,5.737,0,0.0,0.9,309.69,0.099,37.2,35.38502502441406,4.98,0.0,0
46986,-3.922,67.62700000000001,0.5,0.0,450.711,0.0,0.0,0.0,5.737,0,2.0,0.89,309.69,-0.7918000000000001,38.82,35.38502502441406,4.98,0.0,0
46986,-4.093,67.62700000000001,0.5,0.0,450.529,0.0,0.0,0.0,5.737,0,3.0,0.895,309.825,2.5403000000000002,39.87,35.38502502441406,4.98,0.0,0
46986,-4.263,67.62700000000001,0.0,0.0,450.529,0.0,0.0,0.0,5.737,0,1.0,0.92,309.825,3.6950000000000003,39.36,35.38502502441406,4.98,0.0,0
46986,-3.922,67.62700000000001,0.0,0.0,450.771,0.0,0.0,0.0,5.737,0,2.0,0.9450000000000001,309.825,-2.4743,38.34,35.38502502441406,4.98,0.0,0
46986,-4.263,67.62700000000001,0.0,0.0,450.65000000000003,0.0,0.0,0.2,5.737,0,1.0,0.915,309.825,0.9238000000000001,37.5,35.38502502441406,4.98,0.0,0
46986,-4.093,67.62700000000001,0.0,0.0,450.529,0.0,0.0,0.0,5.737,0,2.0,0.875,309.825,1.5836000000000001,36.96,35.38502502441406,4.98,0.0,0
46986,-4.093,67.62700000000001,0.0,0.0,450.469,0.0,0.0,-0.2,5.737,0,1.0,0.915,309.825,-1.3196,36.51,35.38502502441406,4.98,0.0,0
46986,-4.093,67.62700000000001,0.0,0.0,450.65000000000003,0.0,0.0,0.2,5.737,0,4.0,0.89,309.69,-3.0682,36.480000000000004,35.38502502441406,4.98,0.0,0
46986,-4.093,67.62700000000001,0.0,0.0,450.65000000000003,0.0,0.0,0.0,5.737,0,0.0,0.915,309.915,2.3754,36.660000000000004,35.38502502441406,4.98,0.0,0
46986,-4.093,67.62700000000001,0.5,0.0,450.711,0.0,0.0,0.0,5.737,0,3.0,0.915,309.825,5.2786,36.6,35.38502502441406,4.98,0.0,0
46986,-4.093,67.62700000000001,0.0,0.0,450.65000000000003,0.0,0.0,0.0,5.737,0,0.0,0.88,309.915,0.7918000000000001,36.36,35.38502502441406,4.98,0.0,0
46986,-4.263,67.62700000000001,-0.5,0.0,450.59000000000003,0.0,0.0,0.2,5.737,0,2.0,0.89,309.825,-5.476500000000001,36.660000000000004,35.38502502441406,4.98,0.0,0
46986,-3.922,67.62700000000001,0.5,0.0,450.529,0.0,0.0,0.0,5.737,0,3.0,0.865,309.825,1.1877,37.410000000000004,35.38502502441406,4.98,0.0,0
46986,-3.922,67.62700000000001,0.0,0.0,450.166,0.0,0.0,0.0,5.737,0,0.0,0.89,309.69,-1.1547,38.49,35.38502502441406,4.98,0.0,0
46986,-4.093,67.62700000000001,0.5,0.0,450.408,0.0,0.0,-0.2,5.737,0,0.0,0.895,309.69,-3.2991,38.49,35.38502502441406,4.98,0.0,0
46986,-3.581,67.62700000000001,-0.5,0.0,450.529,0.0,0.0,0.2,5.737,0,0.0,0.905,309.825,2.6393,37.71,35.38502502441406,4.98,0.0,0
46986,-3.922,67.62700000000001,0.5,0.0,450.831,0.0,0.0,0.2,5.737,0,4.0,0.925,309.825,3.2991,37.230000000000004,35.38502502441406,4.98,0.0,0
46986,-3.922,67.62700000000001,0.0,0.0,450.892,0.0,0.0,0.2,5.737,0,1.0,0.865,309.69,-2.3754,36.84,35.38502502441406,4.98,0.0,0
46986,-3.922,67.62700000000001,0.5,0.0,450.529,0.0,0.0,0.0,5.737,0,2.0,0.875,309.825,-0.2639,37.02,35.38502502441406,4.98,0.0,0
46986,-3.7520000000000002,67.62700000000001,0.0,0.0,450.529,0.0,0.0,0.0,5.737,0,2.0,0.85,309.915,0.5114000000000001,36.99,35.38502502441406,4.98,0.0,0
46986,-3.7520000000000002,67.62700000000001,0.0,0.0,450.65000000000003,0.0,0.0,0.0,5.737,0,0.0,0.855,309.825,3.563,37.14,35.38502502441406,4.98,0.0,0
46986,-4.093,67.62700000000001,0.0,0.0,450.529,0.0,0.0,0.0,5.737,0,2.0,0.905,309.825,0.3052,36.72,35.38502502441406,4.98,0.0,0
46986,-4.093,67.62700000000001,0.5,0.0,450.529,0.0,0.0,0.0,5.737,0,1.0,0.885,309.825,-3.8930000000000002,35.94,35.38502502441406,4.98,0.0,0
46986,-3.922,67.62700000000001,0.0,0.0,450.65000000000003,0.0,0.0,0.0,5.737,0,2.0,0.875,309.825,-0.19790000000000002,35.04,35.38502502441406,4.98,0.0,0
46986,-3.922,67.62700000000001,-0.5,0.0,450.831,0.0,0.0,0.0,5.737,0,2.0,0.87,309.69,-0.37120000000000003,35.22,35.38502502441406,4.98,0.0,0
46986,-3.922,67.62700000000001,-0.5,0.0,450.711,0.0,0.0,-0.2,5.737,0,2.0,0.865,309.915,-3.0517000000000003,35.67,35.38502502441406,4.98,0.0,0
46986,-4.093,67.62700000000001,0.0,0.0,450.65000000000003,0.0,0.0,-0.2,5.737,0,2.0,0.895,309.69,-3.0104,37.08,35.38502502441406,4.98,0.0,0
46986,-3.7520000000000002,67.62700000000001,-0.5,0.0,450.65000000000003,0.0,0.0,0.0,5.737,0,1.0,0.865,309.69,-0.5938,38.61,35.38502502441406,4.98,0.0,0
46986,-3.922,67.62700000000001,0.0,0.0,450.771,0.0,0.0,0.0,5.737,0,2.0,0.865,309.69,-0.066,38.76,35.38502502441406,4.98,0.0,0
46986,-3.922,67.62700000000001,0.0,0.0,450.348,0.0,0.0,-0.2,5.737,0,1.0,0.87,309.825,1.4929000000000001,37.800000000000004,35.38502502441406,4.98,0.0,0
46986,-3.922,67.62700000000001,0.0,0.0,450.348,0.0,0.0,0.2,5.737,0,1.0,0.855,309.825,-0.39590000000000003,36.9,35.38502502441406,4.98,0.0,0
46986,-4.263,67.62700000000001,0.0,0.0,450.711,0.0,0.0,0.2,5.737,0,3.0,0.865,309.825,1.5588000000000002,36.45,35.38502502441406,4.98,0.0,0
46986,-3.922,67.62700000000001,0.0,0.0,450.408,0.0,0.0,-0.2,5.737,0,2.0,0.87,309.69,0.5938,36.9,35.38502502441406,4.98,0.0,0
46986,-3.922,67.62700000000001,0.0,0.0,450.28700000000003,0.0,0.0,-0.2,5.737,0,2.0,0.885,309.825,2.9032,36.54,35.38502502441406,4.98,0.0,0
46986,-4.093,67.62700000000001,0.0,0.0,450.65000000000003,0.0,0.0,-0.2,5.737,0,0.0,0.84,309.825,1.3856000000000002,35.58,35.38502502441406,4.98,0.0,0
46986,-3.7520000000000002,67.62700000000001,-0.5,0.0,450.711,0.0,0.0,0.0,5.737,0,1.0,0.9,309.825,-0.1567,34.53,35.38502502441406,4.98,0.0,0
46986,-4.093,67.62700000000001,0.5,0.0,450.59000000000003,0.0,0.0,-0.2,5.737,0,0.0,0.885,309.825,-4.8662,35.25,35.38502502441406,4.98,0.0,0
46986,-3.922,67.62700000000001,0.0,0.0,450.59000000000003,0.0,0.0,-0.2,5.737,0,3.0,0.845,309.825,-2.9692000000000003,35.64,35.38502502441406,4.98,0.0,0
46986,-3.581,67.62700000000001,0.5,0.0,450.952,0.0,0.0,0.0,5.737,0,0.0,0.86,309.825,0.9650000000000001,36.39,35.38502502441406,4.98,0.0,0
46986,-4.263,67.62700000000001,0.0,0.0,450.711,0.0,0.0,0.0,5.737,0,1.0,0.845,309.69,-2.1527000000000003,37.32,35.38502502441406,4.98,0.0,0
46986,-3.922,67.62700000000001,0.5,0.0,450.711,0.0,0.0,0.2,5.737,0,1.0,0.88,309.825,0.5691,38.01,35.38502502441406,4.98,0.0,0
46986,-3.7520000000000002,67.62700000000001,-0.5,0.0,450.771,0.0,0.0,0.0,5.737,0,2.0,0.835,309.69,-0.0412,38.61,35.38502502441406,4.98,0.0,0
46986,-4.093,67.62700000000001,0.0,0.0,450.831,0.0,0.0,0.2,5.737,0,3.0,0.875,309.825,4.1321,37.53,35.38502502441406,4.98,0.0,0
46986,-4.093,67.62700000000001,0.5,0.0,451.134,0.0,0.0,-0.2,5.737,0,0.0,0.8250000000000001,309.825,3.4311000000000003,36.93,35.38502502441406,4.98,0.0,0
46986,-3.7520000000000002,67.62700000000001,0.0,0.0,450.711,0.0,0.0,0.0,5.737,0,2.0,0.845,309.825,0.8743000000000001,36.45,35.38502502441406,4.98,0.0,0
46986,-3.922,67.62700000000001,0.5,0.0,450.831,0.0,0.0,0.0,5.737,0,0.0,0.925,309.915,-1.2702,36.09,35.38502502441406,4.98,0.0,0
46986,-3.7520000000000002,67.62700000000001,0.0,0.0,450.892,0.0,0.0,0.0,5.737,0,1.0,0.88,309.825,-1.0557,36.0,35.38502502441406,4.98,0.0,0
46986,-4.093,67.62700000000001,-0.5,0.0,450.831,0.0,0.0,0.2,5.737,0,2.0,0.885,309.825,-0.7918000000000001,36.06,35.38502502441406,4.98,0.0,0
46986,-3.7520000000000002,67.62700000000001,0.0,0.0,450.831,0.0,0.0,0.0,5.737,0,0.0,0.85,309.825,1.8475000000000001,35.7,35.38502502441406,4.98,0.0,0
46986,-4.093,67.62700000000001,0.0,0.0,451.134,0.0,0.0,-0.2,5.737,0,2.0,0.85,309.825,0.132,36.15,35.38502502441406,4.98,0.0,0
46986,-3.581,67.62700000000001,0.0,0.0,451.255,0.0,0.0,0.2,5.737,0,0.0,0.875,309.825,-1.3196,36.57,35.38502502441406,4.98,0.0,0
46986,-4.093,67.62700000000001,0.0,0.0,450.65000000000003,0.0,0.0,0.2,5.737,0,2.0,0.89,309.915,2.5073000000000003,36.72,35.38502502441406,4.98,0.0,0
46986,-3.7520000000000002,67.62700000000001,0.0,0.0,450.59000000000003,0.0,0.0,-0.2,5.737,0,0.0,0.88,309.825,-3.4311000000000003,37.26,35.38502502441406,4.98,0.0,0
46986,-4.093,67.62700000000001,0.0,0.0,450.831,0.0,0.0,0.2,5.737,0,1.0,0.905,309.69,-4.8827,37.65,35.38502502441406,4.98,0.0,0
46986,-3.581,67.62700000000001,-0.5,0.0,450.831,0.0,0.0,0.2,5.737,0,2.0,0.84,309.825,2.1774,38.1,35.38502502441406,4.98,0.0,0
46986,-3.7520000000000002,67.62700000000001,0.5,0.0,450.771,0.0,0.0,-0.2,5.737,0,2.0,0.87,309.825,1.1877,37.980000000000004,35.38502502441406,4.98,0.0,0
46986,-3.922,67.62700000000001,0.0,0.0,450.59000000000003,0.0,0.0,0.0,5.737,0,2.0,0.8200000000000001,309.825,-0.099,38.04,35.38502502441406,4.98,0.0,0
46986,-3.7520000000000002,67.62700000000001,0.0,0.0,451.01300000000003,0.0,0.0,-0.2,5.737,0,2.0,0.88,309.915,2.2434000000000003,37.95,35.38502502441406,4.98,0.0,0
46986,-3.7520000000000002,67.62700000000001,0.0,0.0,451.134,0.0,0.0,0.0,5.737,0,0.0,0.8300000000000001,309.825,1.3196,37.44,35.38502502441406,4.98,0.0,0
46986,-3.581,67.62700000000001,0.0,0.0,450.711,0.0,0.0,0.0,5.737,0,1.0,0.835,309.825,-2.3754,36.36,35.38502502441406,4.98,0.0,0
46986,-3.581,67.62700000000001,-0.5,0.0,451.01300000000003,0.0,0.0,0.0,5.737,0,3.0,0.845,309.825,1.3856000000000002,36.18,35.38502502441406,4.98,0.0,0
46986,-4.263,67.62700000000001,0.0,0.0,450.892,0.0,0.0,0.0,5.737,0,2.0,0.845,309.69,0.5279,35.94,35.38502502441406,4.98,0.0,0
46986,-3.7520000000000002,67.62700000000001,0.5,0.0,450.529,0.0,0.0,-0.2,5.737,0,3.0,0.875,309.69,-3.8600000000000003,36.33,35.38502502441406,4.98,0.0,0
46986,-4.093,67.62700000000001,0.0,0.0,450.166,0.0,0.0,0.0,5.737,0,0.0,0.845,309.69,-3.6950000000000003,36.42,35.38502502441406,4.98,0.0,0
46986,-3.922,67.62700000000001,0.5,0.0,450.529,0.0,0.0,0.0,5.737,0,3.0,0.8300000000000001,309.69,2.3754,37.29,35.38502502441406,4.98,0.0,0
46986,-3.922,67.62700000000001,0.0,0.0,450.65000000000003,0.0,0.0,-0.2,5.737,0,2.0,0.86,309.69,0.0,38.01,35.38502502441406,4.98,0.0,0
46986,-3.7520000000000002,67.62700000000001,-0.5,0.0,450.529,0.0,0.0,0.0,5.737,0,2.0,0.86,309.825,1.4846000000000001,38.13,35.38502502441406,4.98,0.0,0
46986,-3.7520000000000002,67.62700000000001,0.0,0.0,450.771,0.0,0.0,0.2,5.737,0,3.0,0.895,309.825,1.9795,37.47,35.38502502441406,4.98,0.0,0
46986,-3.581,67.62700000000001,0.0,0.0,450.892,0.0,0.0,0.0,5.737,0,1.0,0.835,309.69,-3.9589000000000003,37.68,35.38502502441406,4.98,0.0,0
46986,-3.581,67.62700000000001,0.0,0.0,450.892,0.0,0.0,0.0,5.737,0,2.0,0.81,309.69,-4.7507,37.71,35.38502502441406,4.98,0.0,0
46986,-3.581,67.62700000000001,0.0,0.0,450.711,0.0,0.0,0.0,5.737,0,1.0,0.86,309.825,1.5836000000000001,37.62,35.38502502441406,4.98,0.0,0
46986,-3.922,67.62700000000001,0.0,0.0,450.831,0.0,0.0,-0.2,5.737,0,3.0,0.835,309.915,4.6023000000000005,37.410000000000004,35.38502502441406,4.98,0.0,0
46986,-3.7520000000000002,67.62700000000001,-0.5,0.0,450.711,0.0,0.0,0.0,5.737,0,0.0,0.865,309.915,-1.2289,37.02,35.38502502441406,4.98,0.0,0
46986,-3.7520000000000002,67.62700000000001,0.0,0.0,450.711,0.0,0.0,-0.2,5.737,0,0.0,0.855,309.69,-0.5031,36.15,35.38502502441406,4.98,0.0,0
46986,-3.7520000000000002,67.62700000000001,0.0,0.0,450.892,0.0,0.0,0.2,5.737,0,4.0,0.85,309.825,-1.8310000000000002,35.61,35.38502502441406,4.98,0.0,0
46986,-3.922,67.62700000000001,0.0,0.0,450.952,0.0,0.0,0.0,5.737,0,0.0,0.8250000000000001,309.825,-2.73,35.4,35.38502502441406,4.98,0.0,0
46986,-3.581,67.62700000000001,0.5,0.0,450.59000000000003,0.0,0.0,0.0,5.737,0,2.0,0.835,309.825,1.5588000000000002,36.300000000000004,35.38502502441406,4.98,0.0,0
46986,-3.7520000000000002,67.62700000000001,0.0,0.0,450.771,0.0,0.0,0.0,5.737,0,0.0,0.845,309.825,2.7465,38.13,35.38502502441406,4.98,0.0,0
46986,-3.581,67.62700000000001,0.5,0.0,450.469,0.0,0.0,0.0,5.737,0,1.0,0.865,309.69,0.0247,38.79,35.38502502441406,4.98,0.0,0
46986,-3.922,67.62700000000001,0.0,0.0,450.348,0.0,0.0,0.2,5.737,0,2.0,0.845,309.915,-0.6763,38.1,35.38502502441406,4.98,0.0,0
46986,-3.922,67.62700000000001,-0.5,0.0,450.771,0.0,0.0,0.0,5.737,0,1.0,0.865,309.69,0.42060000000000003,37.410000000000004,35.38502502441406,4.98,0.0,0
46986,-3.7520000000000002,67.62700000000001,0.0,0.0,450.892,0.0,0.0,0.0,5.737,0,1.0,0.8300000000000001,309.69,-0.8578,37.29,35.38502502441406,4.98,0.0,0
46986,-3.922,67.62700000000001,-0.5,0.0,450.892,0.0,0.0,0.2,5.737,0,2.0,0.845,309.69,-2.664,37.980000000000004,35.38502502441406,4.98,0.0,0
46986,-3.581,67.62700000000001,-0.5,0.0,450.952,0.0,0.0,-0.2,5.737,0,2.0,0.855,309.915,2.029,38.04,35.38502502441406,4.98,0.0,0
46986,-3.581,67.62700000000001,0.0,0.0,450.831,0.0,0.0,-0.2,5.737,0,2.0,0.805,309.825,1.8887,37.71,35.38502502441406,4.98,0.0,0
46986,-4.093,67.62700000000001,0.0,0.0,450.711,0.0,0.0,0.0,5.737,0,4.0,0.8200000000000001,309.825,0.41240000000000004,36.9,35.38502502441406,4.98,0.0,0
46986,-4.093,67.62700000000001,0.0,0.0,450.892,0.0,0.0,0.0,5.737,0,0.0,0.8300000000000001,309.69,-3.5878,36.51,35.38502502441406,4.98,0.0,0
46986,-3.581,67.62700000000001,0.5,0.0,450.952,0.0,0.0,0.0,5.737,0,0.0,0.81,309.825,0.5691,35.730000000000004,35.38502502441406,4.98,0.0,0
46986,-3.581,67.62700000000001,0.0,0.0,450.65000000000003,0.0,0.0,0.0,5.737,0,3.0,0.845,309.6,-1.0805,35.97,35.38502502441406,4.98,0.0,0
46986,-3.7520000000000002,67.62700000000001,0.0,0.0,450.529,0.0,0.0,0.0,5.737,0,1.0,0.8200000000000001,309.825,2.6805000000000003,37.38,35.38502502441406,4.98,0.0,0
46986,-3.581,67.62700000000001,0.5,0.0,450.711,0.0,0.0,0.2,5.737,0,1.0,0.8150000000000001,309.915,3.8105,39.33,35.38502502441406,4.98,0.0,0
46986,-3.7520000000000002,67.62700000000001,0.0,0.0,450.65000000000003,0.0,0.0,-0.2,5.737,0,2.0,0.835,309.69,-0.3052,39.9,35.38502502441406,4.98,0.0,0
46986,-3.581,67.62700000000001,0.0,0.0,450.529,0.0,0.0,0.0,5.737,0,1.0,0.8250000000000001,309.825,-2.9692000000000003,39.45,35.38502502441406,4.98,0.0,0
46986,-3.7520000000000002,67.62700000000001,0.0,0.0,450.59000000000003,0.0,0.0,0.2,5.737,0,1.0,0.8150000000000001,309.825,-1.8475000000000001,37.77,35.38502502441406,4.98,0.0,0
46986,-3.7520000000000002,67.62700000000001,-0.5,0.0,450.529,0.0,0.0,-0.2,5.737,0,2.0,0.8150000000000001,309.825,-1.3196,37.68,35.38502502441406,4.98,0.0,0
46986,-3.922,67.62700000000001,0.0,0.0,450.771,0.0,0.0,-0.2,5.737,0,2.0,0.805,309.825,0.165,36.45,35.38502502441406,4.98,0.0,0
46986,-3.922,67.62700000000001,0.0,0.0,450.59000000000003,0.0,0.0,0.0,5.737,0,0.0,0.8200000000000001,309.69,-3.4311000000000003,36.87,35.38502502441406,4.98,0.0,0
46986,-3.581,67.62700000000001,0.0,0.0,450.28700000000003,0.0,0.0,0.0,5.737,0,1.0,0.8150000000000001,309.69,-2.2764,37.29,35.38502502441406,4.98,0.0,0
46986,-3.7520000000000002,67.62700000000001,-0.5,0.0,450.166,0.0,0.0,0.0,5.737,0,3.0,0.8200000000000001,309.825,3.2991,37.230000000000004,35.38502502441406,4.98,0.0,0
46986,-3.7520000000000002,67.62700000000001,0.0,0.0,450.65000000000003,0.0,0.0,-0.2,5.737,0,4.0,0.8250000000000001,309.69,-0.5279,36.42,35.38502502441406,4.98,0.0,0
46986,-3.411,67.62700000000001,0.0,0.0,450.711,0.0,0.0,0.2,5.737,0,2.0,0.845,309.915,1.4516,36.06,35.38502502441406,4.98,0.0,0
46986,-3.581,67.62700000000001,0.0,0.0,450.529,0.0,0.0,0.0,5.737,0,2.0,0.8150000000000001,309.825,1.3196,35.88,35.38502502441406,4.98,0.0,0
46986,-3.581,67.62700000000001,0.0,0.0,450.65000000000003,0.0,0.0,0.0,5.737,0,2.0,0.81,309.69,-0.7918000000000001,36.660000000000004,35.38502502441406,4.98,0.0,0
46986,-3.581,67.62700000000001,0.0,0.0,450.408,0.0,0.0,0.0,5.737,0,3.0,0.775,309.825,-1.7815,37.44,35.38502502441406,4.98,0.0,0
46986,-3.7520000000000002,67.62700000000001,-0.5,0.0,450.711,0.0,0.0,-0.2,5.737,0,1.0,0.8,309.69,-1.5836000000000001,39.03,35.38502502441406,4.98,0.0,0
46986,-3.7520000000000002,67.62700000000001,0.0,0.0,450.59000000000003,0.0,0.0,0.0,5.737,0,2.0,0.835,309.69,-2.1114,38.85,35.38502502441406,4.98,0.0,0
46986,-3.581,67.62700000000001,0.0,0.0,450.529,0.0,0.0,0.0,5.737,0,1.0,0.84,309.825,-0.6598,38.85,35.38502502441406,4.98,0.0,0
46986,-3.7520000000000002,67.62700000000001,0.0,0.0,450.348,0.0,0.0,0.2,5.737,0,2.0,0.8200000000000001,309.825,-0.099,37.92,35.38502502441406,4.98,0.0,0
46986,-3.7520000000000002,67.62700000000001,0.0,0.0,450.22700000000003,0.0,0.0,-0.2,5.737,0,1.0,0.8200000000000001,309.825,0.39590000000000003,37.410000000000004,35.38502502441406,4.98,0.0,0
46986,-3.581,67.62700000000001,0.0,0.0,450.348,0.0,0.0,-0.2,5.737,0,0.0,0.845,309.825,-0.7918000000000001,37.08,35.38502502441406,4.98,0.0,0
46986,-3.7520000000000002,67.62700000000001,0.5,0.0,450.045,0.0,0.0,-0.2,5.737,0,3.0,0.79,309.69,-3.1672000000000002,36.96,35.38502502441406,4.98,0.0,0
46986,-3.581,67.62700000000001,-0.5,0.0,450.408,0.0,0.0,0.0,5.737,0,1.0,0.84,309.915,0.19790000000000002,36.18,35.38502502441406,4.98,0.0,0
46986,-3.581,67.62700000000001,0.5,0.0,450.469,0.0,0.0,0.0,5.737,0,2.0,0.8150000000000001,309.915,6.2023,35.43,35.38502502441406,4.98,0.0,0
46986,-3.7520000000000002,67.62700000000001,0.5,0.0,450.22700000000003,0.0,0.0,0.2,5.737,0,1.0,0.805,309.69,0.7918000000000001,35.34,35.38502502441406,4.98,0.0,0
46986,-3.581,67.62700000000001,0.0,0.0,450.28700000000003,0.0,0.0,0.2,5.737,0,1.0,0.8200000000000001,309.69,-8.1818,35.82,35.38502502441406,4.98,0.0,0
46986,-3.581,67.62700000000001,0.0,0.0,450.22700000000003,0.0,0.0,-0.2,5.737,0,2.0,0.795,309.825,-0.9897,37.17,35.38502502441406,4.98,0.0,0
46986,-3.581,67.62700000000001,0.0,0.0,450.65000000000003,0.0,0.0,0.0,5.737,0,1.0,0.8150000000000001,309.69,2.7713,37.980000000000004,35.38502502441406,4.98,0.0,0
46986,-3.7520000000000002,67.62700000000001,0.0,0.0,450.469,0.0,0.0,-0.2,5.737,0,2.0,0.8300000000000001,309.825,2.2764,38.28,35.38502502441406,4.98,0.0,0
46986,-3.922,67.62700000000001,0.0,0.0,450.408,0.0,0.0,0.0,5.737,0,2.0,0.8300000000000001,309.825,1.1877,38.52,35.38502502441406,4.98,0.0,0
46986,-3.581,67.62700000000001,-0.5,0.0,450.529,0.0,0.0,0.0,5.737,0,2.0,0.8300000000000001,309.69,1.0557,37.74,35.38502502441406,4.98,0.0,0
46986,-3.922,67.62700000000001,0.0,0.0,450.348,0.0,0.0,0.2,5.737,0,2.0,0.8,309.69,-6.2023,37.230000000000004,35.38502502441406,4.98,0.0,0
46986,-3.922,67.62700000000001,0.0,0.0,450.106,0.0,0.0,0.2,5.737,0,0.0,0.845,309.825,-3.9589000000000003,37.68,35.38502502441406,4.98,0.0,0
46986,-3.581,67.62700000000001,0.0,0.0,450.106,0.0,0.0,0.0,5.737,0,1.0,0.845,309.825,-3.2991,37.59,35.38502502441406,4.98,0.0,0
46986,-3.922,67.62700000000001,0.0,0.0,450.529,0.0,0.0,0.0,5.737,0,1.0,0.86,309.825,5.4518,36.72,35.38502502441406,4.98,0.0,0
46986,-3.922,67.62700000000001,-0.5,0.0,450.65000000000003,0.0,0.0,-0.2,5.737,0,2.0,0.77,309.69,0.9897,36.12,35.38502502441406,4.98,0.0,0
46986,-3.581,67.62700000000001,0.0,0.0,450.711,0.0,0.0,-0.2,5.737,0,2.0,0.8300000000000001,309.69,-0.5031,35.34,35.38502502441406,4.98,0.0,0
46986,-3.7520000000000002,67.62700000000001,0.0,0.0,450.529,0.0,0.0,0.2,5.737,0,2.0,0.795,309.825,-0.9073,35.37,35.38502502441406,4.98,0.0,0
46986,-3.411,67.62700000000001,0.5,0.0,450.59000000000003,0.0,0.0,0.0,5.737,0,1.0,0.84,309.915,0.6846,36.12,35.38502502441406,4.98,0.0,0
46986,-3.581,67.62700000000001,0.0,0.0,450.529,0.0,0.0,0.0,5.737,0,0.0,0.8300000000000001,309.825,4.3548,37.26,35.38502502441406,4.98,0.0,0
46986,-3.7520000000000002,67.62700000000001,0.0,0.0,450.348,0.0,0.0,-0.2,5.737,0,1.0,0.79,309.825,1.1217000000000001,38.1,35.38502502441406,4.98,0.0,0
46986,-3.7520000000000002,67.62700000000001,0.0,0.0,450.469,0.0,0.0,0.2,5.737,0,2.0,0.8,309.69,-4.2889,38.4,35.38502502441406,4.98,0.0,0
46986,-3.7520000000000002,67.62700000000001,0.0,0.0,450.952,0.0,0.0,-0.2,5.737,0,1.0,0.765,309.69,-1.7568000000000001,37.74,35.38502502441406,4.98,0.0,0
46986,-3.581,67.62700000000001,0.5,0.0,451.01300000000003,0.0,0.0,0.0,5.737,0,0.0,0.81,309.825,-0.39590000000000003,37.26,35.38502502441406,4.98,0.0,0
46986,-3.581,67.62700000000001,0.0,0.0,451.07300000000004,0.0,0.0,0.0,5.737,0,1.0,0.81,309.825,0.17320000000000002,37.65,35.38502502441406,4.98,0.0,0
46986,-3.7520000000000002,67.62700000000001,-0.5,0.0,450.711,0.0,0.0,0.0,5.737,0,3.0,0.8250000000000001,309.825,3.4311000000000003,37.53,35.38502502441406,4.98,0.0,0
46986,-3.581,67.62700000000001,0.0,0.0,450.469,0.0,0.0,0.0,5.737,0,1.0,0.795,309.69,-1.0310000000000001,37.53,35.38502502441406,4.98,0.0,0
46986,-3.581,67.62700000000001,0.0,0.0,450.529,0.0,0.0,-0.2,5.737,0,1.0,0.765,309.825,-0.1567,36.81,35.38502502441406,4.98,0.0,0
46986,-3.581,67.62700000000001,0.0,0.0,450.771,0.0,0.0,0.0,5.737,0,0.0,0.8,309.825,2.8372,36.27,35.38502502441406,4.98,0.0,0
46986,-3.411,67.62700000000001,0.0,0.0,450.711,0.0,0.0,0.0,5.737,0,1.0,0.775,309.825,3.4311000000000003,36.03,35.38502502441406,4.98,0.0,0
46986,-3.411,67.62700000000001,0.0,0.0,450.59000000000003,0.0,0.0,0.2,5.737,0,2.0,0.765,309.825,1.3856000000000002,35.4,35.38502502441406,4.98,0.0,0
46986,-3.411,67.62700000000001,0.0,0.0,450.711,0.0,0.0,0.0,5.737,0,1.0,0.745,309.825,-1.699,35.46,35.38502502441406,4.98,0.0,0
46986,-3.7520000000000002,67.62700000000001,0.0,0.0,450.831,0.0,0.0,0.0,5.737,0,1.0,0.805,309.825,1.1877,36.300000000000004,35.38502502441406,4.98,0.0,0
46986,-3.581,67.62700000000001,0.0,0.0,450.711,0.0,0.0,-0.2,5.737,0,0.0,0.835,309.69,-4.4621,37.17,35.38502502441406,4.98,0.0,0
46986,-3.24,67.62700000000001,0.0,0.0,451.255,0.0,0.0,0.0,5.737,0,2.0,0.775,309.69,-5.1879,37.47,35.38502502441406,4.98,0.0,0
46986,-3.581,67.62700000000001,0.0,0.0,451.194,0.0,0.0,0.2,5.737,0,0.0,0.76,309.69,-2.7465,37.44,35.38502502441406,4.98,0.0,0
46986,-3.581,67.62700000000001,0.0,0.0,450.831,0.0,0.0,-0.2,5.737,0,2.0,0.745,309.825,5.4518,37.14,35.38502502441406,4.98,0.0,0
46986,-3.581,67.62700000000001,0.5,0.0,450.711,0.0,0.0,-0.2,5.737,0,1.0,0.81,309.825,3.563,37.62,35.38502502441406,4.98,0.0,0
46986,-3.7520000000000002,67.62700000000001,0.5,0.0,451.01300000000003,0.0,0.0,0.2,5.737,0,1.0,0.785,309.825,1.0310000000000001,37.050000000000004,35.38502502441406,4.98,0.0,0
46986,-3.581,67.62700000000001,0.0,0.0,451.01300000000003,0.0,0.0,0.2,5.737,0,2.0,0.795,309.825,-0.9073,35.76,35.38502502441406,4.98,0.0,0
46986,-3.7520000000000002,67.62700000000001,-0.5,0.0,450.771,0.0,0.0,-0.2,5.737,0,0.0,0.755,309.825,-0.19790000000000002,35.31,35.38502502441406,4.98,0.0,0
46986,-3.0700000000000003,67.62700000000001,0.0,0.0,450.771,0.0,0.0,0.0,5.737,0,0.0,0.765,309.825,0.0,35.31,35.38502502441406,4.98,0.0,0
46986,-3.411,67.62700000000001,0.5,0.0,450.711,0.0,0.0,0.0,5.737,0,2.0,0.78,309.825,0.0,34.410000000000004,35.38502502441406,4.98,0.0,0
46986,-3.24,67.62700000000001,0.0,0.0,450.892,0.0,0.0,0.0,5.737,0,1.0,0.775,309.825,-5.0147,34.17,35.38502502441406,4.98,0.0,0
46986,-3.581,67.62700000000001,0.0,0.0,450.65000000000003,0.0,0.0,0.2,5.737,0,3.0,0.755,309.915,2.1114,35.64,35.38502502441406,4.98,0.0,0
46986,-3.581,67.62700000000001,0.5,0.0,450.831,0.0,0.0,-0.2,5.737,0,0.0,0.79,309.825,4.486800000000001,37.02,35.38502502441406,4.98,0.0,0
46986,-3.581,67.62700000000001,-0.5,0.0,451.01300000000003,0.0,0.0,0.0,5.737,0,4.0,0.8250000000000001,309.825,-0.39590000000000003,37.68,35.38502502441406,4.98,0.0,0
46986,-3.581,67.62700000000001,0.0,0.0,450.771,0.0,0.0,0.0,5.737,0,1.0,0.78,309.825,1.3856000000000002,37.47,35.38502502441406,4.98,0.0,0
46986,-3.581,67.62700000000001,0.0,0.0,450.469,0.0,0.0,0.0,5.737,0,1.0,0.775,309.825,1.9795,36.54,35.38502502441406,4.98,0.0,0
46986,-3.581,67.62700000000001,0.0,0.0,450.831,0.0,0.0,-0.2,5.737,0,0.0,0.77,309.825,-2.3754,36.06,35.38502502441406,4.98,0.0,0
46986,-3.581,67.62700000000001,0.0,0.0,450.771,0.0,0.0,0.0,5.737,0,1.0,0.775,309.69,-6.4663,36.06,35.38502502441406,4.98,0.0,0
46986,-3.581,67.62700000000001,0.0,0.0,450.711,0.0,0.0,0.0,5.737,0,2.0,0.78,309.825,-0.5279,36.300000000000004,35.38502502441406,4.98,0.0,0
46986,-3.7520000000000002,67.62700000000001,-0.5,0.0,450.469,0.0,0.0,0.2,5.737,0,0.0,0.775,309.825,1.8475000000000001,36.660000000000004,35.38502502441406,4.98,0.0,0
46986,-3.411,67.62700000000001,0.0,0.0,450.529,0.0,0.0,0.0,5.737,0,3.0,0.79,309.825,1.4846000000000001,35.910000000000004,35.38502502441406,4.98,0.0,0
46986,-3.581,67.62700000000001,0.0,0.0,450.348,0.0,0.0,-0.2,5.737,0,0.0,0.76,309.69,-0.7918000000000001,34.89,35.38502502441406,4.98,0.0,0
46986,-3.581,67.62700000000001,0.0,0.0,450.65000000000003,0.0,0.0,-0.2,5.737,0,3.0,0.795,309.825,-3.1672000000000002,34.230000000000004,35.38502502441406,4.98,0.0,0
46986,-3.411,67.62700000000001,0.0,0.0,450.892,0.0,0.0,0.0,5.737,0,0.0,0.81,309.825,-1.1877,34.56,35.38502502441406,4.98,0.0,0
46986,-3.411,67.62700000000001,0.0,0.0,450.711,0.0,0.0,0.0,5.737,0,3.0,0.79,309.825,3.0682,35.49,35.38502502441406,4.98,0.0,0
46986,-3.0700000000000003,67.62700000000001,0.0,0.0,450.469,0.0,0.0,0.0,5.737,0,0.0,0.755,309.825,1.9795,36.72,35.38502502441406,4.98,0.0,0
46986,-3.7520000000000002,67.62700000000001,0.0,0.0,450.59000000000003,0.0,0.0,0.0,5.737,0,2.0,0.79,309.825,-1.5836000000000001,37.800000000000004,35.38502502441406,4.98,0.0,0
46986,-3.411,67.62700000000001,0.0,0.0,450.831,0.0,0.0,0.0,5.737,0,0.0,0.72,309.825,-1.5836000000000001,38.52,35.38502502441406,4.98,0.0,0
46986,-3.581,67.62700000000001,0.0,0.0,450.892,0.0,0.0,-0.2,5.737,0,2.0,0.74,309.69,2.4743,38.07,35.38502502441406,4.98,0.0,0
46986,-3.581,67.62700000000001,0.0,0.0,450.952,0.0,0.0,0.0,5.737,0,1.0,0.76,309.825,-0.9238000000000001,37.35,35.38502502441406,4.98,0.0,0
46986,-3.581,67.62700000000001,0.0,0.0,450.952,0.0,0.0,0.2,5.737,0,1.0,0.775,309.825,-0.46190000000000003,37.35,35.38502502441406,4.98,0.0,0
46986,-3.411,67.62700000000001,0.0,0.0,451.07300000000004,0.0,0.0,0.0,5.737,0,2.0,0.765,309.69,-4.3301,36.9,35.38502502441406,4.98,0.0,0
46986,-3.581,67.62700000000001,0.0,0.0,451.194,0.0,0.0,0.0,5.737,0,0.0,0.775,309.69,0.5938,36.87,35.38502502441406,4.98,0.0,0
46986,-3.411,67.62700000000001,0.0,0.0,451.01300000000003,0.0,0.0,0.0,5.737,0,2.0,0.765,309.825,-0.5938,36.33,35.38502502441406,4.98,0.0,0
46986,-3.581,67.62700000000001,0.0,0.0,450.952,0.0,0.0,0.0,5.737,0,0.0,0.79,309.825,4.726,36.300000000000004,35.38502502441406,4.98,0.0,0
46986,-3.411,67.62700000000001,0.0,0.0,450.892,0.0,0.0,-0.2,5.737,0,3.0,0.77,309.825,2.1774,35.43,35.38502502441406,4.98,0.0,0
46986,-3.24,67.62700000000001,0.0,0.0,450.952,0.0,0.0,-0.2,5.737,0,0.0,0.765,309.825,-0.19790000000000002,34.62,35.38502502441406,4.98,0.0,0
46986,-3.581,67.62700000000001,0.0,0.0,451.07300000000004,0.0,0.0,0.2,5.737,0,2.0,0.765,309.69,-0.37120000000000003,34.14,35.38502502441406,4.98,0.0,0
46986,-3.581,67.62700000000001,0.0,0.0,451.07300000000004,0.0,0.0,0.0,5.737,0,1.0,0.735,309.825,-0.9897,35.67,35.38502502441406,4.98,0.0,0
46986,-3.581,67.62700000000001,0.0,0.0,450.711,0.0,0.0,0.0,5.737,0,0.0,0.76,309.825,0.9897,36.96,35.38502502441406,4.98,0.0,0
46986,-3.581,67.62700000000001,0.0,0.0,450.65000000000003,0.0,0.0,0.0,5.737,0,1.0,0.755,309.825,-2.2022,38.34,35.38502502441406,4.98,0.0,0
46986,-3.7520000000000002,67.62700000000001,0.0,0.0,450.892,0.0,0.0,0.2,5.737,0,1.0,0.73,309.825,-0.39590000000000003,38.550000000000004,35.38502502441406,4.98,0.0,0
46986,-3.581,67.62700000000001,0.5,0.0,450.892,0.0,0.0,0.0,5.737,0,2.0,0.755,309.69,0.2227,38.64,35.38502502441406,4.98,0.0,0
46986,-3.411,67.62700000000001,0.0,0.0,450.952,0.0,0.0,0.2,5.737,0,0.0,0.745,309.825,-3.3898,37.29,35.38502502441406,4.98,0.0,0
46986,-3.0700000000000003,67.62700000000001,0.0,0.0,451.07300000000004,0.0,0.0,-0.2,5.737,0,2.0,0.77,309.69,1.0145,36.24,35.38502502441406,4.98,0.0,0
46986,-3.24,67.62700000000001,0.0,0.0,450.831,0.0,0.0,-0.2,5.737,0,2.0,0.72,309.915,5.1714,35.88,35.38502502441406,4.98,0.0,0
46986,-3.411,67.62700000000001,0.0,0.0,450.771,0.0,0.0,0.0,5.737,0,1.0,0.75,309.915,5.4106000000000005,35.88,35.38502502441406,4.98,0.0,0
46986,-3.411,67.62700000000001,0.0,0.0,450.711,0.0,0.0,0.2,5.737,0,2.0,0.735,309.915,3.8930000000000002,35.64,35.38502502441406,4.98,0.0,0
46986,-3.24,67.62700000000001,0.0,0.0,451.01300000000003,0.0,0.0,0.0,5.737,0,1.0,0.745,309.825,3.0352,35.49,35.38502502441406,4.98,0.0,0
46986,-3.411,67.62700000000001,0.0,0.0,450.711,0.0,0.0,-0.2,5.737,0,2.0,0.735,309.825,-2.5733,35.550000000000004,35.38502502441406,4.98,0.0,0
46986,-3.581,67.62700000000001,0.5,0.0,450.711,0.0,0.0,0.2,5.737,0,0.0,0.79,309.825,-1.8475000000000001,35.31,35.38502502441406,4.98,0.0,0
46986,-3.581,67.62700000000001,0.0,0.0,450.771,0.0,0.0,0.2,5.737,0,3.0,0.77,309.69,-2.8043,35.85,35.38502502441406,4.98,0.0,0
46986,-3.24,67.62700000000001,0.0,0.0,451.07300000000004,0.0,0.0,-0.2,5.737,0,1.0,0.755,309.825,-3.8270000000000004,36.75,35.38502502441406,4.98,0.0,0
46986,-3.411,67.62700000000001,0.0,0.0,450.771,0.0,0.0,-0.2,5.737,0,2.0,0.765,309.825,0.7918000000000001,37.38,35.38502502441406,4.98,0.0,0
46986,-3.581,67.62700000000001,0.0,0.0,450.529,0.0,0.0,0.2,5.737,0,2.0,0.78,309.825,3.4311000000000003,37.74,35.38502502441406,4.98,0.0,0
46986,-3.411,67.62700000000001,0.0,0.0,450.771,0.0,0.0,-0.2,5.737,0,0.0,0.78,309.825,1.3196,37.230000000000004,35.38502502441406,4.98,0.0,0
46986,-3.581,67.62700000000001,-0.5,0.0,450.711,0.0,0.0,0.0,5.737,0,2.0,0.75,309.825,1.9795,36.78,35.38502502441406,4.98,0.0,0
46986,-3.581,67.62700000000001,0.5,0.0,451.07300000000004,0.0,0.0,0.2,5.737,0,1.0,0.76,309.915,-2.9692000000000003,37.08,35.38502502441406,4.98,0.0,0
46986,-3.411,67.62700000000001,0.0,0.0,451.01300000000003,0.0,0.0,0.2,5.737,0,2.0,0.78,309.825,0.7918000000000001,37.02,35.38502502441406,4.98,0.0,0
46986,-3.581,67.62700000000001,0.0,0.0,450.59000000000003,0.0,0.0,0.0,5.737,0,1.0,0.77,309.825,-0.5279,36.93,35.38502502441406,4.98,0.0,0
46986,-3.581,67.62700000000001,0.0,0.0,450.65000000000003,0.0,0.0,0.0,5.737,0,1.0,0.77,309.915,-2.6393,36.6,35.38502502441406,4.98,0.0,0
46986,-3.411,67.62700000000001,0.0,0.0,450.771,0.0,0.0,0.0,5.737,0,2.0,0.77,309.69,1.6826,36.660000000000004,35.38502502441406,4.98,0.0,0
46986,-3.581,67.62700000000001,0.0,0.0,450.831,0.0,0.0,0.0,5.737,0,1.0,0.76,309.825,-1.3196,35.94,35.38502502441406,4.98,0.0,0
46986,-3.411,67.62700000000001,0.5,0.0,450.529,0.0,0.0,0.0,5.737,0,2.0,0.77,309.69,-0.3629,35.34,35.38502502441406,4.98,0.0,0
46986,-3.581,67.62700000000001,0.0,0.0,450.771,0.0,0.0,0.0,5.737,0,0.0,0.755,309.825,1.5836000000000001,36.12,35.38502502441406,4.98,0.0,0
46986,-3.411,67.62700000000001,0.0,0.0,450.65000000000003,0.0,0.0,0.0,5.737,0,1.0,0.75,309.825,-1.5836000000000001,37.17,35.38502502441406,4.98,0.0,0
46986,-3.411,67.62700000000001,0.0,0.0,450.529,0.0,0.0,-0.2,5.737,0,1.0,0.785,309.915,4.2229,37.89,35.38502502441406,4.98,0.0,0
46986,-3.581,67.62700000000001,0.0,0.0,450.408,0.0,0.0,0.0,5.737,0,2.0,0.745,309.825,0.5279,38.730000000000004,35.38502502441406,4.98,0.0,0
46986,-3.24,67.62700000000001,0.0,0.0,450.166,0.0,0.0,0.0,5.737,0,1.0,0.705,309.825,1.5836000000000001,39.03,35.38502502441406,4.98,0.0,0
46986,-3.581,67.62700000000001,0.0,0.0,450.59000000000003,0.0,0.0,0.0,5.737,0,1.0,0.745,309.825,2.9692000000000003,38.07,35.38502502441406,4.98,0.0,0
46986,-3.411,67.62700000000001,0.0,0.0,450.529,0.0,0.0,-0.2,5.737,0,1.0,0.75,309.69,-4.486800000000001,37.59,35.38502502441406,4.98,0.0,0
46986,-3.24,67.62700000000001,0.0,0.0,450.529,0.0,0.0,0.2,5.737,0,1.0,0.765,309.825,-5.806500000000001,36.54,35.38502502441406,4.98,0.0,0
46986,-3.411,67.62700000000001,0.0,0.0,450.59000000000003,0.0,0.0,0.2,5.737,0,0.0,0.725,309.69,0.39590000000000003,36.21,35.38502502441406,4.98,0.0,0
46986,-3.411,67.62700000000001,0.0,0.0,450.771,0.0,0.0,0.0,5.737,0,1.0,0.74,309.825,2.2764,36.0,35.38502502441406,4.98,0.0,0
46986,-3.411,67.62700000000001,-0.5,0.0,450.469,0.0,0.0,0.2,5.737,0,1.0,0.765,309.825,2.1114,35.94,35.38502502441406,4.98,0.0,0
46986,-3.581,67.62700000000001,0.0,0.0,450.045,0.0,0.0,-0.2,5.737,0,1.0,0.75,309.825,3.0682,36.06,35.38502502441406,4.98,0.0,0
46986,-3.581,67.62700000000001,0.0,0.0,450.166,0.0,0.0,0.0,5.737,0,1.0,0.785,309.825,-1.3196,36.51,35.38502502441406,4.98,0.0,0
46986,-3.581,67.62700000000001,0.5,0.0,450.28700000000003,0.0,0.0,0.0,5.737,0,1.0,0.775,309.69,-2.2187,36.57,35.38502502441406,4.98,0.0,0
46986,-3.24,67.62700000000001,0.0,0.0,450.348,0.0,0.0,0.0,5.737,0,1.0,0.75,309.825,0.066,37.65,35.38502502441406,4.98,0.0,0
46986,-3.581,67.62700000000001,0.0,0.0,450.529,0.0,0.0,0.0,5.737,0,1.0,0.705,309.825,-1.8475000000000001,38.34,35.38502502441406,4.98,0.0,0
46986,-3.581,67.62700000000001,0.0,0.0,450.529,0.0,0.0,0.2,5.737,0,0.0,0.745,309.825,0.7918000000000001,38.7,35.38502502441406,4.98,0.0,0
46986,-3.411,67.62700000000001,0.0,0.0,450.65000000000003,0.0,0.0,0.0,5.737,0,1.0,0.77,309.825,1.3856000000000002,38.52,35.38502502441406,4.98,0.0,0
46986,-3.411,67.62700000000001,0.5,0.0,450.22700000000003,0.0,0.0,0.2,5.737,0,1.0,0.775,309.825,-1.4104,38.31,35.38502502441406,4.98,0.0,0
46986,-3.0700000000000003,67.62700000000001,0.0,0.0,450.348,0.0,0.0,0.0,5.737,0,0.0,0.74,309.69,0.2227,37.71,35.38502502441406,4.98,0.0,0
46986,-3.411,67.62700000000001,0.0,0.0,450.529,0.0,0.0,0.0,5.737,0,1.0,0.71,309.825,0.2639,37.77,35.38502502441406,4.98,0.0,0
46986,-3.411,67.62700000000001,0.0,0.0,450.65000000000003,0.0,0.0,0.0,5.737,0,2.0,0.705,309.69,-4.1981,37.02,35.38502502441406,4.98,0.0,0
46986,-3.411,67.62700000000001,0.5,0.0,450.59000000000003,0.0,0.0,0.2,5.737,0,0.0,0.705,309.69,-1.5588000000000002,36.45,35.38502502441406,4.98,0.0,0
46986,-3.581,67.62700000000001,0.0,0.0,450.711,0.0,0.0,0.0,5.737,0,1.0,0.6950000000000001,309.825,-1.5836000000000001,36.12,35.38502502441406,4.98,0.0,0
46986,-3.411,67.62700000000001,0.0,0.0,450.408,0.0,0.0,-0.2,5.737,0,1.0,0.76,309.825,1.5588000000000002,36.42,35.38502502441406,4.98,0.0,0
46986,-3.411,67.62700000000001,0.0,0.0,450.59000000000003,0.0,0.0,-0.2,5.737,0,2.0,0.715,309.825,0.767,36.480000000000004,35.38502502441406,4.98,0.0,0
46986,-3.24,67.62700000000001,0.0,0.0,450.28700000000003,0.0,0.0,0.0,5.737,0,4.0,0.75,309.69,-2.3754,37.5,35.38502502441406,4.98,0.0,0
46986,-3.411,67.62700000000001,0.0,0.0,450.045,0.0,0.0,0.0,5.737,0,1.0,0.715,309.825,1.9135000000000002,37.86,35.38502502441406,4.98,0.0,0
46986,-3.581,67.62700000000001,0.0,0.0,450.28700000000003,0.0,0.0,0.0,5.737,0,2.0,0.735,309.825,1.7568000000000001,38.4,35.38502502441406,4.98,0.0,0
46986,-3.581,67.62700000000001,0.0,0.0,450.59000000000003,0.0,0.0,0.0,5.737,0,1.0,0.735,309.69,1.4516,38.19,35.38502502441406,4.98,0.0,0
46986,-3.581,67.62700000000001,0.0,0.0,450.831,0.0,0.0,0.0,5.737,0,2.0,0.72,309.825,-0.2474,37.89,35.38502502441406,4.98,0.0,0
46986,-3.581,67.62700000000001,0.0,0.0,450.529,0.0,0.0,0.0,5.737,0,1.0,0.73,309.825,-6.4003000000000005,38.13,35.38502502441406,4.98,0.0,0
46986,-3.581,67.62700000000001,0.0,0.0,450.529,0.0,0.0,-0.2,5.737,0,0.0,0.73,309.825,2.3094,38.01,35.38502502441406,4.98,0.0,0
46986,-3.24,67.62700000000001,0.0,0.0,450.711,0.0,0.0,0.0,5.737,0,1.0,0.735,309.825,3.629,37.5,35.38502502441406,4.98,0.0,0
46986,-3.581,67.62700000000001,0.0,0.0,450.711,0.0,0.0,0.0,5.737,0,0.0,0.71,309.825,-2.1362,36.27,35.38502502441406,4.98,0.0,0
46986,-3.581,67.62700000000001,-0.5,0.0,450.529,0.0,0.0,-0.2,5.737,0,0.0,0.6950000000000001,309.825,-1.6496000000000002,35.07,35.38502502441406,4.98,0.0,0
46986,-2.899,67.62700000000001,-0.5,0.0,450.711,0.0,0.0,0.0,5.737,0,1.0,0.705,309.825,1.8228000000000002,34.800000000000004,35.38502502441406,4.98,0.0,0
46986,-3.24,67.62700000000001,0.0,0.0,450.771,0.0,0.0,0.2,5.737,0,1.0,0.6900000000000001,309.69,-2.6146000000000003,35.550000000000004,35.38502502441406,4.98,0.0,0
46986,-3.24,67.62700000000001,0.0,0.0,450.469,0.0,0.0,0.0,5.737,0,1.0,0.6900000000000001,309.825,-2.5981,36.93,35.38502502441406,4.98,0.0,0
46986,-3.24,67.62700000000001,0.0,0.0,450.469,0.0,0.0,0.0,5.737,0,1.0,0.715,309.825,0.0,38.67,35.38502502441406,4.98,0.0,0
46986,-3.581,67.62700000000001,0.0,0.0,450.59000000000003,0.0,0.0,0.0,5.737,0,1.0,0.7000000000000001,309.915,3.0187,39.18,35.38502502441406,4.98,0.0,0
46986,-3.24,67.62700000000001,0.5,0.0,450.711,0.0,0.0,0.0,5.737,0,2.0,0.705,309.825,3.563,38.7,35.38502502441406,4.98,0.0,0
46986,-3.24,67.62700000000001,0.0,0.0,450.529,0.0,0.0,-0.2,5.737,0,2.0,0.74,309.915,1.5423,37.89,35.38502502441406,4.98,0.0,0
46986,-2.899,67.62700000000001,0.0,0.0,450.469,0.0,0.0,-0.2,5.737,0,1.0,0.715,309.825,-1.897,37.35,35.38502502441406,4.98,0.0,0
46986,-3.581,67.62700000000001,-0.5,0.0,450.469,0.0,0.0,-0.2,5.737,0,2.0,0.74,309.825,-1.5176,37.410000000000004,35.38502502441406,4.98,0.0,0
46986,-2.899,67.62700000000001,0.0,0.0,450.348,0.0,0.0,-0.2,5.737,0,1.0,0.735,309.69,-1.5836000000000001,38.25,35.38502502441406,4.98,0.0,0
46986,-2.899,67.62700000000001,0.0,0.0,450.65000000000003,0.0,0.0,-0.2,5.737,0,1.0,0.73,309.825,-1.7815,38.13,35.38502502441406,4.98,0.0,0
46986,-3.581,67.62700000000001,-0.5,0.0,450.408,0.0,0.0,0.0,5.737,0,2.0,0.72,309.825,-0.7918000000000001,37.230000000000004,35.38502502441406,4.98,0.0,0
46986,-3.0700000000000003,67.62700000000001,0.0,0.0,450.529,0.0,0.0,0.0,5.737,0,0.0,0.73,309.825,1.4846000000000001,36.72,35.38502502441406,4.98,0.0,0
46986,-3.24,67.62700000000001,0.0,0.0,450.469,0.0,0.0,0.0,5.737,0,1.0,0.72,309.825,3.2991,35.94,35.38502502441406,4.98,0.0,0
46986,-3.24,67.62700000000001,0.0,0.0,450.348,0.0,0.0,0.2,5.737,0,0.0,0.705,309.69,-1.4846000000000001,35.61,35.38502502441406,4.98,0.0,0
46986,-3.581,67.62700000000001,0.0,0.0,450.408,0.0,0.0,0.0,5.737,0,2.0,0.7000000000000001,309.825,-2.5073000000000003,36.78,35.38502502441406,4.98,0.0,0
46986,-3.411,67.62700000000001,0.0,0.0,450.348,0.0,0.0,0.2,5.737,0,2.0,0.705,309.915,1.7815,38.43,35.38502502441406,4.98,0.0,0
46986,-3.24,67.62700000000001,0.0,0.0,450.952,0.0,0.0,0.2,5.737,0,2.0,0.685,309.825,3.563,39.15,35.38502502441406,4.98,0.0,0
46986,-3.0700000000000003,67.62700000000001,0.0,0.0,450.529,0.0,0.0,0.2,5.737,0,2.0,0.73,309.825,1.0557,39.300000000000004,35.38502502441406,4.98,0.0,0
46986,-3.24,67.62700000000001,0.0,0.0,450.408,0.0,0.0,0.0,5.737,0,1.0,0.685,309.825,-1.5836000000000001,38.64,35.38502502441406,4.98,0.0,0
46986,-3.24,67.62700000000001,0.0,0.0,450.529,0.0,0.0,0.2,5.737,0,1.0,0.7000000000000001,309.69,-4.9157,37.83,35.38502502441406,4.98,0.0,0
46986,-3.24,67.62700000000001,0.0,0.0,450.59000000000003,0.0,0.0,0.0,5.737,0,2.0,0.705,309.825,-3.563,37.77,35.38502502441406,4.98,0.0,0
46986,-3.411,67.62700000000001,0.0,0.0,450.408,0.0,0.0,0.0,5.737,0,1.0,0.745,309.69,-1.4846000000000001,37.44,35.38502502441406,4.98,0.0,0
46986,-3.24,67.62700000000001,0.0,0.0,450.831,0.0,0.0,0.0,5.737,0,0.0,0.71,309.915,5.0147,37.08,35.38502502441406,4.98,0.0,0
46986,-3.581,67.62700000000001,0.0,0.0,450.469,0.0,0.0,0.0,5.737,0,2.0,0.6900000000000001,309.825,2.9032,36.72,35.38502502441406,4.98,0.0,0
46986,-3.411,67.62700000000001,0.0,0.0,450.469,0.0,0.0,-0.2,5.737,0,1.0,0.6950000000000001,309.915,1.8475000000000001,35.76,35.38502502441406,4.98,0.0,0
46986,-3.0700000000000003,67.62700000000001,0.0,0.0,450.348,0.0,0.0,0.0,5.737,0,2.0,0.675,309.69,-5.9054,35.550000000000004,35.38502502441406,4.98,0.0,0
46986,-3.0700000000000003,67.62700000000001,0.0,0.0,450.22700000000003,0.0,0.0,0.0,5.737,0,1.0,0.6900000000000001,309.825,0.0,35.94,35.38502502441406,4.98,0.0,0
46986,-3.411,67.62700000000001,0.0,0.0,450.529,0.0,0.0,0.2,5.737,0,1.0,0.6900000000000001,309.915,-0.2639,36.96,35.38502502441406,4.98,0.0,0
46986,-3.581,67.62700000000001,0.0,0.0,450.469,0.0,0.0,0.0,5.737,0,2.0,0.7000000000000001,309.69,1.0557,38.4,35.38502502441406,4.98,0.0,0
46986,-3.411,67.62700000000001,0.0,0.0,450.59000000000003,0.0,0.0,0.0,5.737,0,2.0,0.73,309.69,1.4186,38.61,35.38502502441406,4.98,0.0,0
46986,-3.24,67.62700000000001,0.0,0.0,450.28700000000003,0.0,0.0,-0.2,5.737,0,2.0,0.685,309.69,-5.2786,38.4,35.38502502441406,4.98,0.0,0
46986,-3.411,67.62700000000001,0.5,0.0,450.348,0.0,0.0,0.0,5.737,0,1.0,0.6900000000000001,309.825,3.0682,37.410000000000004,35.38502502441406,4.98,0.0,0
46986,-3.0700000000000003,67.62700000000001,0.0,0.0,450.529,0.0,0.0,0.0,5.737,0,1.0,0.705,309.825,5.5425,37.44,35.38502502441406,4.98,0.0,0
46986,-3.24,67.62700000000001,0.0,0.0,450.529,0.0,0.0,-0.2,5.737,0,1.0,0.68,309.69,-3.4311000000000003,37.17,35.38502502441406,4.98,0.0,0
46986,-3.411,67.62700000000001,0.0,0.0,450.59000000000003,0.0,0.0,0.0,5.737,0,2.0,0.68,309.69,-7.654000000000001,36.6,35.38502502441406,4.98,0.0,0
46986,-3.581,67.62700000000001,0.5,0.0,450.59000000000003,0.0,0.0,0.0,5.737,0,0.0,0.6900000000000001,309.6,-8.2725,36.660000000000004,35.38502502441406,4.98,0.0,0
46986,-3.24,67.62700000000001,0.0,0.0,450.59000000000003,0.0,0.0,0.2,5.737,0,1.0,0.725,309.825,0.066,35.82,35.38502502441406,4.98,0.0,0
46986,-3.24,67.62700000000001,0.0,0.0,450.469,0.0,0.0,0.0,5.737,0,2.0,0.6950000000000001,309.915,2.862,36.0,35.38502502441406,4.98,0.0,0
46986,-3.581,67.62700000000001,0.0,0.0,450.348,0.0,0.0,0.0,5.737,0,1.0,0.685,309.825,3.4063000000000003,35.49,35.38502502441406,4.98,0.0,0
46986,-2.5580000000000003,67.62700000000001,0.0,0.0,450.348,0.0,0.0,0.2,5.737,0,1.0,0.685,309.825,0.39590000000000003,35.19,35.38502502441406,4.98,0.0,0
46986,-3.411,67.62700000000001,0.0,0.0,450.348,0.0,0.0,-0.2,5.737,0,1.0,0.6900000000000001,309.915,-0.5031,35.82,35.38502502441406,4.98,0.0,0
46986,-3.24,67.62700000000001,0.0,0.0,450.408,0.0,0.0,-0.2,5.737,0,1.0,0.6900000000000001,309.69,1.0805,36.96,35.38502502441406,4.98,0.0,0
46986,-3.0700000000000003,67.62700000000001,0.0,0.0,450.711,0.0,0.0,0.0,5.737,0,1.0,0.6900000000000001,309.825,0.5031,38.22,35.38502502441406,4.98,0.0,0
46986,-3.411,67.62700000000001,0.0,0.0,450.711,0.0,0.0,0.0,5.737,0,1.0,0.685,309.915,-2.1114,38.4,35.38502502441406,4.98,0.0,0
46986,-3.24,67.62700000000001,0.0,0.0,450.711,0.0,0.0,0.0,5.737,0,1.0,0.7000000000000001,309.915,2.9527,37.980000000000004,35.38502502441406,4.98,0.0,0
46986,-3.411,67.62700000000001,0.0,0.0,450.529,0.0,0.0,-0.2,5.737,0,2.0,0.71,309.69,1.4764000000000002,37.5,35.38502502441406,4.98,0.0,0
46986,-3.411,67.62700000000001,0.0,0.0,450.529,0.0,0.0,0.0,5.737,0,1.0,0.6900000000000001,309.69,-2.6805000000000003,37.35,35.38502502441406,4.98,0.0,0
46986,-3.24,67.62700000000001,0.5,0.0,450.529,0.0,0.0,0.0,5.737,0,1.0,0.6950000000000001,309.825,-3.4806000000000004,36.9,35.38502502441406,4.98,0.0,0
46986,-3.0700000000000003,67.62700000000001,0.0,0.0,450.22700000000003,0.0,0.0,0.0,5.737,0,1.0,0.6950000000000001,309.69,0.42060000000000003,36.9,35.38502502441406,4.98,0.0,0
46986,-2.728,67.62700000000001,0.0,0.0,450.28700000000003,0.0,0.0,0.0,5.737,0,1.0,0.66,309.825,3.2744,35.85,35.38502502441406,4.98,0.0,0
46986,-3.411,67.62700000000001,0.0,0.0,450.28700000000003,0.0,0.0,-0.2,5.737,0,2.0,0.735,309.825,-0.5938,35.550000000000004,35.38502502441406,4.98,0.0,0
46986,-3.581,67.62700000000001,0.0,0.0,450.529,0.0,0.0,0.0,5.737,0,1.0,0.68,309.825,3.2084,35.82,35.38502502441406,4.98,0.0,0
46986,-3.581,67.62700000000001,0.0,0.0,450.831,0.0,0.0,-0.2,5.737,0,1.0,0.665,309.825,1.2702,36.0,35.38502502441406,4.98,0.0,0
46986,-3.0700000000000003,67.62700000000001,0.0,0.0,450.529,0.0,0.0,0.0,5.737,0,1.0,0.67,309.69,-3.3404000000000003,36.54,35.38502502441406,4.98,0.0,0
46986,-3.0700000000000003,67.62700000000001,0.0,0.0,450.28700000000003,0.0,0.0,0.2,5.737,0,1.0,0.705,309.825,-4.1569,37.2,35.38502502441406,4.98,0.0,0
46986,-3.0700000000000003,67.62700000000001,0.0,0.0,450.469,0.0,0.0,0.0,5.737,0,1.0,0.6900000000000001,309.69,-3.2744,37.65,35.38502502441406,4.98,0.0,0
46986,-3.0700000000000003,67.62700000000001,-0.5,0.0,450.28700000000003,0.0,0.0,0.2,5.737,0,1.0,0.67,309.825,0.5691,38.34,35.38502502441406,4.98,0.0,0
46986,-2.899,67.62700000000001,0.0,0.0,450.22700000000003,0.0,0.0,0.2,5.737,0,0.0,0.675,309.69,1.8723,38.550000000000004,35.38502502441406,4.98,0.0,0
46986,-3.411,67.62700000000001,0.0,0.0,450.22700000000003,0.0,0.0,-0.2,5.737,0,1.0,0.68,309.69,4.1404000000000005,37.95,35.38502502441406,4.98,0.0,0
46986,-3.0700000000000003,67.62700000000001,0.0,0.0,450.348,0.0,0.0,0.0,5.737,0,1.0,0.665,309.915,1.5011,36.9,35.38502502441406,4.98,0.0,0
46986,-2.728,67.62700000000001,0.0,0.0,450.22700000000003,0.0,0.0,0.2,5.737,0,1.0,0.665,309.825,2.7878000000000003,35.43,35.38502502441406,4.98,0.0,0
46986,-3.411,67.62700000000001,0.0,0.0,450.529,0.0,0.0,-0.2,5.737,0,2.0,0.7000000000000001,309.825,-2.5981,35.160000000000004,35.38502502441406,4.98,0.0,0
46986,-2.728,67.62700000000001,-0.5,0.0,450.711,0.0,0.0,0.0,5.737,0,1.0,0.6900000000000001,309.825,-2.1114,35.07,35.38502502441406,4.98,0.0,0
46986,-3.411,67.62700000000001,-0.5,0.0,450.65000000000003,0.0,0.0,0.0,5.737,0,2.0,0.67,309.825,-1.8475000000000001,35.160000000000004,35.38502502441406,4.98,0.0,0
46986,-3.411,67.62700000000001,-0.5,0.0,450.529,0.0,0.0,0.0,5.737,0,0.0,0.64,309.825,3.9589000000000003,36.06,35.38502502441406,4.98,0.0,0
46986,-3.0700000000000003,67.62700000000001,0.0,0.0,450.469,0.0,0.0,0.0,5.737,0,2.0,0.68,309.825,-1.9795,36.57,35.38502502441406,4.98,0.0,0
46986,-3.24,67.62700000000001,0.0,0.0,450.529,0.0,0.0,0.0,5.737,0,1.0,0.68,309.825,-1.5836000000000001,37.26,35.38502502441406,4.98,0.0,0
46986,-3.411,67.62700000000001,-0.5,0.0,450.711,0.0,0.0,0.0,5.737,0,1.0,0.665,309.69,-0.39590000000000003,37.95,35.38502502441406,4.98,0.0,0
46986,-2.728,67.62700000000001,-0.5,0.0,450.529,0.0,0.0,0.0,5.737,0,1.0,0.665,309.825,2.6393,38.22,35.38502502441406,4.98,0.0,0
46986,-2.728,67.62700000000001,0.0,0.0,450.65000000000003,0.0,0.0,-0.2,5.737,0,1.0,0.67,309.69,-0.5279,38.04,35.38502502441406,4.98,0.0,0
46986,-3.24,67.62700000000001,0.0,0.0,450.711,0.0,0.0,0.2,5.737,0,2.0,0.65,309.825,-2.4743,37.32,35.38502502441406,4.98,0.0,0
46986,-2.899,67.62700000000001,0.0,0.0,450.771,0.0,0.0,0.0,5.737,0,1.0,0.685,309.825,1.5836000000000001,37.59,35.38502502441406,4.98,0.0,0
46986,-3.581,67.62700000000001,0.0,0.0,450.711,0.0,0.0,0.0,5.737,0,2.0,0.725,309.825,2.2764,37.56,35.38502502441406,4.98,0.0,0
46986,-3.24,67.62700000000001,0.0,0.0,450.892,0.0,0.0,0.2,5.737,0,0.0,0.67,309.69,-5.6745,36.93,35.38502502441406,4.98,0.0,0
46986,-2.899,67.62700000000001,0.0,0.0,450.711,0.0,0.0,0.0,5.737,0,1.0,0.7000000000000001,309.825,-0.7918000000000001,35.88,35.38502502441406,4.98,0.0,0
46986,-3.0700000000000003,67.62700000000001,0.0,0.0,450.166,0.0,0.0,0.0,5.737,0,1.0,0.6950000000000001,309.825,0.7918000000000001,35.76,35.38502502441406,4.98,0.0,0
46986,-2.728,67.62700000000001,0.0,0.0,450.28700000000003,0.0,0.0,0.0,5.737,0,1.0,0.65,309.69,0.0,35.52,35.38502502441406,4.98,0.0,0
46986,-3.411,67.62700000000001,0.0,0.0,450.59000000000003,0.0,0.0,0.0,5.737,0,1.0,0.665,309.825,2.5073000000000003,35.85,35.38502502441406,4.98,0.0,0
46986,-3.24,67.62700000000001,0.0,0.0,450.711,0.0,0.0,0.0,5.737,0,1.0,0.655,309.69,-2.2764,36.63,35.38502502441406,4.98,0.0,0
46986,-3.24,67.62700000000001,0.0,0.0,450.65000000000003,0.0,0.0,0.0,5.737,0,2.0,0.5700000000000001,309.825,0.2639,37.14,35.38502502441406,4.98,0.0,0
46986,-3.0700000000000003,67.62700000000001,0.0,0.0,450.529,0.0,0.0,0.2,5.737,0,1.0,0.68,309.825,2.3754,38.22,35.38502502441406,4.98,0.0,0
46986,-3.24,67.62700000000001,0.0,0.0,450.529,0.0,0.0,-0.2,5.737,0,1.0,0.65,309.825,2.3754,38.85,35.38502502441406,4.98,0.0,0
46986,-3.411,67.62700000000001,0.0,0.0,450.831,0.0,0.0,0.0,5.737,0,1.0,0.65,309.825,1.5836000000000001,37.89,35.38502502441406,4.98,0.0,0
46986,-3.411,67.62700000000001,0.0,0.0,450.831,0.0,0.0,0.0,5.737,0,1.0,0.63,309.69,-2.7713,36.99,35.38502502441406,4.98,0.0,0
46986,-2.5580000000000003,67.62700000000001,0.0,0.0,450.711,0.0,0.0,-0.2,5.737,0,2.0,0.67,309.825,-0.7918000000000001,37.53,35.38502502441406,4.98,0.0,0
46986,-3.24,67.62700000000001,0.0,0.0,450.28700000000003,0.0,0.0,0.2,5.737,0,1.0,0.63,309.825,-0.7918000000000001,37.410000000000004,35.38502502441406,4.98,0.0,0
46986,-3.24,67.62700000000001,0.0,0.0,450.469,0.0,0.0,-0.2,5.737,0,1.0,0.63,309.915,0.099,37.050000000000004,35.38502502441406,4.98,0.0,0
46986,-3.0700000000000003,67.62700000000001,0.0,0.0,450.771,0.0,0.0,0.0,5.737,0,0.0,0.645,309.915,4.2229,36.69,35.38502502441406,4.98,0.0,0
46986,-2.899,67.62700000000001,0.0,0.0,450.529,0.0,0.0,-0.2,5.737,0,2.0,0.65,309.825,0.0,35.910000000000004,35.38502502441406,4.98,0.0,0
46986,-2.899,67.62700000000001,0.0,0.0,450.59000000000003,0.0,0.0,0.0,5.737,0,1.0,0.67,309.825,-2.2434000000000003,34.980000000000004,35.38502502441406,4.98,0.0,0
46986,-2.899,67.62700000000001,0.0,0.0,450.711,0.0,0.0,-0.2,5.737,0,1.0,0.675,309.825,-0.19790000000000002,35.88,35.38502502441406,4.98,0.0,0
46986,-2.899,67.62700000000001,0.0,0.0,450.711,0.0,0.0,0.0,5.737,0,1.0,0.66,309.825,0.6763,35.97,35.38502502441406,4.98,0.0,0
46986,-3.411,67.62700000000001,0.0,0.0,450.831,0.0,0.0,-0.2,5.737,0,0.0,0.65,309.69,-0.17320000000000002,37.65,35.38502502441406,4.98,0.0,0
46986,-2.899,67.62700000000001,0.0,0.0,450.711,0.0,0.0,0.0,5.737,0,2.0,0.675,309.69,0.48660000000000003,39.12,35.38502502441406,4.98,0.0,0
46986,-2.728,67.62700000000001,0.0,0.0,450.469,0.0,0.0,-0.2,5.737,0,1.0,0.635,309.69,-2.8125,39.24,35.38502502441406,4.98,0.0,0
46986,-3.0700000000000003,67.62700000000001,0.0,0.0,450.711,0.0,0.0,0.0,5.737,0,1.0,0.66,309.69,-3.1424000000000003,38.910000000000004,35.38502502441406,4.98,0.0,0
46986,-3.411,67.62700000000001,0.0,0.0,450.831,0.0,0.0,0.0,5.737,0,2.0,0.64,309.825,3.7363000000000004,37.65,35.38502502441406,4.98,0.0,0
46986,-2.728,67.62700000000001,0.0,0.0,450.711,0.0,0.0,-0.2,5.737,0,0.0,0.62,309.825,3.1672000000000002,37.08,35.38502502441406,4.98,0.0,0
46986,-2.728,67.62700000000001,0.0,0.0,450.529,0.0,0.0,-0.2,5.737,0,1.0,0.65,309.825,3.6703,37.410000000000004,35.38502502441406,4.98,0.0,0
46986,-3.0700000000000003,67.62700000000001,0.0,0.0,450.166,0.0,0.0,0.0,5.737,0,2.0,0.625,309.825,3.629,37.44,35.38502502441406,4.98,0.0,0
46986,-3.24,67.62700000000001,0.0,0.0,450.28700000000003,0.0,0.0,0.0,5.737,0,1.0,0.65,309.825,-0.7918000000000001,37.17,35.38502502441406,4.98,0.0,0
46986,-2.899,67.62700000000001,0.0,0.0,450.348,0.0,0.0,0.0,5.737,0,1.0,0.655,309.69,-3.8517,37.050000000000004,35.38502502441406,4.98,0.0,0
46986,-3.411,67.62700000000001,0.0,0.0,451.01300000000003,0.0,0.0,0.0,5.737,0,1.0,0.63,309.825,-2.7713,36.06,35.38502502441406,4.98,0.0,0
46986,-3.24,67.62700000000001,0.0,0.0,450.952,0.0,0.0,0.0,5.737,0,2.0,0.625,309.825,4.0909,35.64,35.38502502441406,4.98,0.0,0
46986,-3.0700000000000003,67.62700000000001,0.0,0.0,450.529,0.0,0.0,0.0,5.737,0,1.0,0.675,309.825,5.7817,36.300000000000004,35.38502502441406,4.98,0.0,0
46986,-3.24,67.62700000000001,0.0,0.0,450.348,0.0,0.0,0.0,5.737,0,2.0,0.645,309.825,-2.5073000000000003,37.92,35.38502502441406,4.98,0.0,0
46986,-3.0700000000000003,67.62700000000001,0.0,0.0,450.348,0.0,0.0,0.2,5.737,0,1.0,0.6,309.825,-5.806500000000001,39.12,35.38502502441406,4.98,0.0,0
46986,-2.728,67.62700000000001,0.0,0.0,450.711,0.0,0.0,-0.2,5.737,0,2.0,0.625,309.69,-1.097,39.27,35.38502502441406,4.98,0.0,0
46986,-2.728,67.62700000000001,0.0,0.0,450.711,0.0,0.0,0.0,5.737,0,1.0,0.62,309.825,4.4208,38.58,35.38502502441406,4.98,0.0,0
46986,-3.0700000000000003,67.62700000000001,0.0,0.0,450.771,0.0,0.0,0.0,5.737,0,2.0,0.665,309.69,-1.1877,38.01,35.38502502441406,4.98,0.0,0
46986,-3.411,67.62700000000001,0.0,0.0,450.711,0.0,0.0,0.0,5.737,0,0.0,0.61,309.825,0.17320000000000002,37.65,35.38502502441406,4.98,0.0,0
46986,-3.0700000000000003,67.62700000000001,0.0,0.0,450.348,0.0,0.0,0.2,5.737,0,1.0,0.62,309.825,-1.1052,36.72,35.38502502441406,4.98,0.0,0
46986,-2.728,67.62700000000001,0.0,0.0,450.106,0.0,0.0,0.0,5.737,0,1.0,0.61,309.69,2.4413,36.51,35.38502502441406,4.98,0.0,0
46986,-2.728,67.62700000000001,0.0,0.0,450.348,0.0,0.0,-0.2,5.737,0,1.0,0.65,309.69,-5.897200000000001,36.9,35.38502502441406,4.98,0.0,0
46986,-2.899,67.62700000000001,0.0,0.0,450.348,0.0,0.0,0.0,5.737,0,2.0,0.625,309.69,-1.4929000000000001,36.39,35.38502502441406,4.98,0.0,0
46986,-2.899,67.62700000000001,0.0,0.0,450.045,0.0,0.0,0.0,5.737,0,0.0,0.66,309.825,2.9692000000000003,35.730000000000004,35.38502502441406,4.98,0.0,0
46986,-2.728,67.62700000000001,0.0,0.0,450.348,0.0,0.0,0.2,5.737,0,2.0,0.63,309.825,-1.8063,35.67,35.38502502441406,4.98,0.0,0
46986,-2.899,67.62700000000001,0.0,0.0,450.529,0.0,0.0,0.0,5.737,0,1.0,0.615,309.69,1.8063,36.72,35.38502502441406,4.98,0.0,0
46986,-3.24,67.62700000000001,0.0,0.0,450.529,0.0,0.0,0.2,5.737,0,1.0,0.62,309.825,3.761,37.800000000000004,35.38502502441406,4.98,0.0,0
46986,-3.0700000000000003,67.62700000000001,0.0,0.0,450.529,0.0,0.0,0.0,5.737,0,2.0,0.64,309.825,4.2229,37.83,35.38502502441406,4.98,0.0,0
46986,-3.24,67.62700000000001,0.0,0.0,450.529,0.0,0.0,0.0,5.737,0,0.0,0.635,309.69,-1.8475000000000001,38.34,35.38502502441406,4.98,0.0,0
46986,-3.0700000000000003,67.62700000000001,0.0,0.0,450.408,0.0,0.0,0.0,5.737,0,2.0,0.615,309.915,0.099,38.550000000000004,35.38502502441406,4.98,0.0,0
46986,-2.728,67.62700000000001,0.0,0.0,450.469,0.0,0.0,-0.2,5.737,0,0.0,0.63,309.825,1.9795,38.43,35.38502502441406,4.98,0.0,0
46986,-3.0700000000000003,67.62700000000001,0.0,0.0,450.831,0.0,0.0,0.2,5.737,0,1.0,0.605,309.825,-4.5858,37.71,35.38502502441406,4.98,0.0,0
46986,-2.899,67.62700000000001,0.0,0.0,450.831,0.0,0.0,0.0,5.737,0,1.0,0.645,309.825,-2.1114,37.17,35.38502502441406,4.98,0.0,0
46986,-3.0700000000000003,67.62700000000001,0.0,0.0,451.01300000000003,0.0,0.0,0.0,5.737,0,1.0,0.61,309.825,2.3754,36.72,35.38502502441406,4.98,0.0,0
46986,-2.899,67.62700000000001,0.0,0.0,450.711,0.0,0.0,0.2,5.737,0,1.0,0.64,309.69,-2.1114,35.79,35.38502502441406,4.98,0.0,0
46986,-3.24,67.62700000000001,0.0,0.0,450.711,0.0,0.0,0.0,5.737,0,1.0,0.615,309.69,-0.6928000000000001,35.01,35.38502502441406,4.98,0.0,0
46986,-2.728,67.62700000000001,0.0,0.0,450.711,0.0,0.0,0.0,5.737,0,1.0,0.63,309.825,0.9238000000000001,35.46,35.38502502441406,4.98,0.0,0
46986,-2.728,67.62700000000001,0.0,0.0,450.59000000000003,0.0,0.0,0.2,5.737,0,0.0,0.605,309.825,3.8600000000000003,36.03,35.38502502441406,4.98,0.0,0
46986,-2.5580000000000003,67.62700000000001,0.0,0.0,450.771,0.0,0.0,0.0,5.737,0,1.0,0.655,309.915,3.2991,37.14,35.38502502441406,4.98,0.0,0
46986,-3.24,67.62700000000001,0.0,0.0,450.529,0.0,0.0,0.0,5.737,0,1.0,0.625,309.825,-3.4311000000000003,37.83,35.38502502441406,4.98,0.0,0
46986,-3.24,67.62700000000001,0.0,0.0,450.831,0.0,0.0,0.0,5.737,0,1.0,0.625,309.69,-5.5425,38.67,35.38502502441406,4.98,0.0,0
46986,-3.0700000000000003,67.62700000000001,0.0,0.0,451.07300000000004,0.0,0.0,0.0,5.737,0,1.0,0.66,309.69,-3.2661000000000002,39.0,35.38502502441406,4.98,0.0,0
46986,-3.0700000000000003,67.62700000000001,0.0,0.0,450.529,0.0,0.0,0.0,5.737,0,1.0,0.66,309.825,0.0,39.15,35.38502502441406,4.98,0.0,0
46986,-2.728,67.62700000000001,0.0,0.0,450.469,0.0,0.0,0.2,5.737,0,1.0,0.555,309.825,6.2353000000000005,37.65,35.38502502441406,4.98,0.0,0
46986,-2.899,67.62700000000001,0.0,0.0,451.01300000000003,0.0,0.0,-0.2,5.737,0,1.0,0.62,309.69,3.2991,36.51,35.38502502441406,4.98,0.0,0
46986,-2.899,67.62700000000001,0.0,0.0,450.771,0.0,0.0,0.2,5.737,0,1.0,0.625,309.825,0.2639,36.09,35.38502502441406,4.98,0.0,0
46986,-3.24,67.62700000000001,0.0,0.0,451.01300000000003,0.0,0.0,-0.2,5.737,0,0.0,0.615,309.69,-3.1672000000000002,35.76,35.38502502441406,4.98,0.0,0
46986,-2.5580000000000003,67.62700000000001,0.0,0.0,450.831,0.0,0.0,0.2,5.737,0,2.0,0.615,309.69,-2.3754,36.18,35.38502502441406,4.98,0.0,0
46986,-3.0700000000000003,67.62700000000001,0.0,0.0,450.711,0.0,0.0,0.2,5.737,0,1.0,0.615,309.825,1.3196,36.21,35.38502502441406,4.98,0.0,0
46986,-3.411,67.62700000000001,0.0,0.0,450.771,0.0,0.0,0.0,5.737,0,1.0,0.625,309.69,1.8475000000000001,36.18,35.38502502441406,4.98,0.0,0
46986,-2.728,67.62700000000001,0.0,0.0,450.711,0.0,0.0,0.0,5.737,0,2.0,0.615,309.825,0.0,36.24,35.38502502441406,4.98,0.0,0
46986,-2.728,67.62700000000001,0.0,0.0,450.831,0.0,0.0,0.2,5.737,0,0.0,0.62,309.825,-3.1672000000000002,37.02,35.38502502441406,4.98,0.0,0
46986,-2.5580000000000003,67.62700000000001,0.0,0.0,450.831,0.0,0.0,0.0,5.737,0,2.0,0.59,309.825,3.6950000000000003,37.47,35.38502502441406,4.98,0.0,0
46986,-3.0700000000000003,67.62700000000001,0.0,0.0,450.771,0.0,0.0,-0.2,5.737,0,1.0,0.615,309.915,2.5733,38.160000000000004,35.38502502441406,4.98,0.0,0
46986,-2.899,67.62700000000001,0.0,0.0,450.529,0.0,0.0,0.0,5.737,0,2.0,0.625,309.825,-0.5279,38.52,35.38502502441406,4.98,0.0,0
46986,-2.899,67.62700000000001,0.0,0.0,451.01300000000003,0.0,0.0,0.2,5.737,0,1.0,0.605,309.69,-4.3878,37.86,35.38502502441406,4.98,0.0,0
46986,-3.411,67.62700000000001,0.0,0.0,450.771,0.0,0.0,0.0,5.737,0,1.0,0.625,309.69,-6.2023,37.56,35.38502502441406,4.98,0.0,0
46986,-2.899,67.62700000000001,0.0,0.0,450.771,0.0,0.0,0.2,5.737,0,1.0,0.65,309.825,1.5836000000000001,37.08,35.38502502441406,4.98,0.0,0
46986,-2.387,67.62700000000001,0.5,0.0,450.711,0.0,0.0,0.2,5.737,0,1.0,0.61,309.825,3.9589000000000003,36.51,35.38502502441406,4.98,0.0,0
46986,-2.387,67.62700000000001,0.0,0.0,450.771,0.0,0.0,0.0,5.737,0,2.0,0.595,309.825,0.165,35.61,35.38502502441406,4.98,0.0,0
46986,-2.5580000000000003,67.62700000000001,0.0,0.0,450.771,0.0,0.0,0.2,5.737,0,1.0,0.58,309.69,-3.4311000000000003,34.59,35.38502502441406,4.98,0.0,0
46986,-3.411,67.62700000000001,0.0,0.0,450.771,0.0,0.0,-0.2,5.737,0,1.0,0.5650000000000001,309.69,-3.9342,34.62,35.38502502441406,4.98,0.0,0
46986,-3.0700000000000003,67.62700000000001,0.0,0.0,451.01300000000003,0.0,0.0,0.2,5.737,0,1.0,0.605,309.69,-4.0662,35.58,35.38502502441406,4.98,0.0,0
46986,-2.5580000000000003,67.62700000000001,0.5,0.0,450.831,0.0,0.0,-0.2,5.737,0,2.0,0.59,309.825,-3.3651,36.33,35.38502502441406,4.98,0.0,0
46986,-2.899,67.62700000000001,0.0,0.0,450.469,0.0,0.0,0.0,5.737,0,2.0,0.635,309.69,-0.39590000000000003,36.78,35.38502502441406,4.98,0.0,0
46986,-2.728,67.62700000000001,0.0,0.0,450.59000000000003,0.0,0.0,0.0,5.737,0,2.0,0.595,309.825,4.5280000000000005,37.14,35.38502502441406,4.98,0.0,0
46986,-3.0700000000000003,67.62700000000001,0.0,0.0,450.831,0.0,0.0,0.0,5.737,0,3.0,0.585,309.915,4.9734,37.11,35.38502502441406,4.98,0.0,0
46986,-2.899,67.62700000000001,0.0,0.0,450.952,0.0,0.0,0.0,5.737,0,0.0,0.625,309.69,0.2639,36.96,35.38502502441406,4.98,0.0,0
46986,-2.728,67.62700000000001,0.0,0.0,450.771,0.0,0.0,0.0,5.737,0,1.0,0.595,309.825,-4.024900000000001,36.39,35.38502502441406,4.98,0.0,0
46986,-2.899,67.62700000000001,0.0,0.0,450.59000000000003,0.0,0.0,0.0,5.737,0,1.0,0.585,309.825,2.8537000000000003,36.660000000000004,35.38502502441406,4.98,0.0,0
46986,-3.24,67.62700000000001,0.0,0.0,450.529,0.0,0.0,0.0,5.737,0,1.0,0.5700000000000001,309.825,2.5733,37.17,35.38502502441406,4.98,0.0,0
46986,-3.24,67.62700000000001,0.0,0.0,451.01300000000003,0.0,0.0,0.0,5.737,0,0.0,0.5750000000000001,309.69,-6.243600000000001,37.050000000000004,35.38502502441406,4.98,0.0,0
46986,-2.5580000000000003,67.62700000000001,0.0,0.0,450.831,0.0,0.0,0.0,5.737,0,1.0,0.58,309.69,-1.2124000000000001,36.27,35.38502502441406,4.98,0.0,0
46986,-2.5580000000000003,67.62700000000001,0.0,0.0,451.07300000000004,0.0,0.0,-0.2,5.737,0,1.0,0.6,309.825,3.2991,35.160000000000004,35.38502502441406,4.98,0.0,0
46986,-2.728,67.62700000000001,0.0,0.0,450.771,0.0,0.0,0.0,5.737,0,1.0,0.5750000000000001,309.825,3.1424000000000003,33.87,35.38502502441406,4.98,0.0,0
46986,-2.387,67.62700000000001,0.0,0.0,450.711,0.0,0.0,0.2,5.737,0,0.0,0.605,309.69,1.3856000000000002,34.29,35.38502502441406,4.98,0.0,0
46986,-2.899,67.62700000000001,0.0,0.0,450.529,0.0,0.0,-0.2,5.737,0,2.0,0.635,309.825,-3.563,35.13,35.38502502441406,4.98,0.0,0
46986,-2.387,67.62700000000001,0.0,0.0,450.348,0.0,0.0,0.0,5.737,0,1.0,0.58,309.825,1.5836000000000001,36.54,35.38502502441406,4.98,0.0,0
46986,-3.24,67.62700000000001,0.0,0.0,450.59000000000003,0.0,0.0,0.0,5.737,0,1.0,0.585,309.915,3.4806000000000004,37.59,35.38502502441406,4.98,0.0,0
46986,-3.0700000000000003,67.62700000000001,0.0,0.0,450.711,0.0,0.0,0.0,5.737,0,2.0,0.59,309.915,-3.0517000000000003,38.22,35.38502502441406,4.98,0.0,0
46986,-2.387,67.62700000000001,0.0,0.0,450.28700000000003,0.0,0.0,0.0,5.737,0,1.0,0.585,309.825,2.9032,37.59,35.38502502441406,4.98,0.0,0
46986,-2.728,67.62700000000001,0.0,0.0,450.045,0.0,0.0,-0.2,5.737,0,1.0,0.595,309.69,-3.6538000000000004,36.84,35.38502502441406,4.98,0.0,0
46986,-2.728,67.62700000000001,0.0,0.0,449.98400000000004,0.0,0.0,0.0,5.737,0,1.0,0.5750000000000001,309.915,-2.6805000000000003,36.27,35.38502502441406,4.98,0.0,0
46986,-2.387,67.62700000000001,0.0,0.0,450.166,0.0,0.0,0.0,5.737,0,1.0,0.605,309.915,1.3691,36.54,35.38502502441406,4.98,0.0,0
46986,-2.899,67.62700000000001,0.0,0.0,450.348,0.0,0.0,0.0,5.737,0,3.0,0.585,309.825,1.6248,35.7,35.38502502441406,4.98,0.0,0
46986,-3.0700000000000003,67.62700000000001,0.0,0.0,450.892,0.0,0.0,0.0,5.737,0,1.0,0.5750000000000001,309.825,-1.6331,35.46,35.38502502441406,4.98,0.0,0
46986,-2.5580000000000003,67.62700000000001,0.5,0.0,450.892,0.0,0.0,0.0,5.737,0,2.0,0.59,309.825,-0.7258,35.43,35.38502502441406,4.98,0.0,0
46986,-2.728,67.62700000000001,0.0,0.0,450.529,0.0,0.0,0.0,5.737,0,1.0,0.605,309.825,0.5279,34.53,35.38502502441406,4.98,0.0,0
46986,-2.728,67.62700000000001,0.0,0.0,450.65000000000003,0.0,0.0,0.0,5.737,0,1.0,0.585,309.825,2.3754,34.44,35.38502502441406,4.98,0.0,0
46986,-2.5580000000000003,67.62700000000001,0.0,0.0,450.22700000000003,0.0,0.0,0.0,5.737,0,1.0,0.59,309.69,-1.4516,35.52,35.38502502441406,4.98,0.0,0
46986,-3.0700000000000003,67.62700000000001,0.5,0.0,450.106,0.0,0.0,-0.2,5.737,0,1.0,0.595,309.915,0.19790000000000002,36.96,35.38502502441406,4.98,0.0,0
46986,-2.387,67.62700000000001,0.0,0.0,450.22700000000003,0.0,0.0,-0.2,5.737,0,1.0,0.5750000000000001,309.825,0.6598,38.04,35.38502502441406,4.98,0.0,0
46986,-2.899,67.62700000000001,0.0,0.0,449.98400000000004,0.0,0.0,-0.2,5.737,0,1.0,0.595,309.6,-3.1012,38.04,35.38502502441406,4.98,0.0,0
46986,-3.24,67.62700000000001,0.0,0.0,450.408,0.0,0.0,-0.2,5.737,0,3.0,0.595,309.825,-3.4311000000000003,37.08,35.38502502441406,4.98,0.0,0
46986,-3.0700000000000003,67.62700000000001,0.0,0.0,450.529,0.0,0.0,0.0,5.737,0,1.0,0.6,309.69,-1.7485000000000002,36.33,35.38502502441406,4.98,0.0,0
46986,-2.5580000000000003,67.62700000000001,0.0,0.0,450.711,0.0,0.0,0.0,5.737,0,1.0,0.55,309.825,3.4311000000000003,35.94,35.38502502441406,4.98,0.0,0
46986,-3.0700000000000003,67.62700000000001,0.0,0.0,450.831,0.0,0.0,0.2,5.737,0,1.0,0.585,309.915,5.7405,35.85,35.38502502441406,4.98,0.0,0
46986,-2.387,67.62700000000001,0.0,0.0,450.22700000000003,0.0,0.0,0.0,5.737,0,2.0,0.585,309.915,3.4311000000000003,36.96,35.38502502441406,4.98,0.0,0
46986,-2.899,67.62700000000001,0.0,0.0,450.469,0.0,0.0,0.0,5.737,0,1.0,0.5650000000000001,309.825,-1.5836000000000001,37.38,35.38502502441406,4.98,0.0,0
46986,-2.217,67.62700000000001,0.0,0.0,450.711,0.0,0.0,-0.2,5.737,0,1.0,0.62,309.915,1.5836000000000001,36.81,35.38502502441406,4.98,0.0,0
46986,-2.5580000000000003,67.62700000000001,0.0,0.0,450.529,0.0,0.0,0.2,5.737,0,1.0,0.545,309.69,1.4846000000000001,36.18,35.38502502441406,4.98,0.0,0
46986,-3.0700000000000003,67.62700000000001,0.0,0.0,450.892,0.0,0.0,0.0,5.737,0,1.0,0.605,309.69,-6.9941,34.83,35.38502502441406,4.98,0.0,0
46986,-2.899,67.62700000000001,0.0,0.0,450.408,0.0,0.0,0.0,5.737,0,1.0,0.585,309.825,-1.5176,33.96,35.38502502441406,4.98,0.0,0
46986,-2.899,67.62700000000001,0.0,0.0,450.65000000000003,0.0,0.0,-0.2,5.737,0,0.0,0.53,309.825,3.6950000000000003,35.49,35.38502502441406,4.98,0.0,0
46986,-2.899,67.62700000000001,0.0,0.0,450.771,0.0,0.0,0.2,5.737,0,2.0,0.58,309.69,-2.9032,37.980000000000004,35.38502502441406,4.98,0.0,0
46986,-2.728,67.62700000000001,0.0,0.0,450.831,0.0,0.0,0.0,5.737,0,0.0,0.56,309.69,-2.6393,38.730000000000004,35.38502502441406,4.98,0.0,0
46986,-2.728,67.62700000000001,0.0,0.0,450.711,0.0,0.0,0.2,5.737,0,1.0,0.58,309.69,0.099,38.19,35.38502502441406,4.98,0.0,0
46986,-2.899,67.62700000000001,0.0,0.0,451.01300000000003,0.0,0.0,0.0,5.737,0,1.0,0.62,309.825,3.0352,37.47,35.38502502441406,4.98,0.0,0
46986,-2.899,67.62700000000001,0.0,0.0,450.771,0.0,0.0,0.0,5.737,0,1.0,0.56,309.825,-1.1547,36.87,35.38502502441406,4.98,0.0,0
46986,-3.0700000000000003,67.62700000000001,0.0,0.0,450.28700000000003,0.0,0.0,0.0,5.737,0,1.0,0.585,309.825,2.3754,36.300000000000004,35.38502502441406,4.98,0.0,0
46986,-2.728,67.62700000000001,0.0,0.0,450.045,0.0,0.0,-0.2,5.737,0,1.0,0.545,309.825,-0.7918000000000001,36.300000000000004,35.38502502441406,4.98,0.0,0
46986,-2.899,67.62700000000001,0.0,0.0,450.045,0.0,0.0,0.0,5.737,0,2.0,0.555,309.825,-0.39590000000000003,36.300000000000004,35.38502502441406,4.98,0.0,0
46986,-2.5580000000000003,67.62700000000001,0.0,0.0,450.106,0.0,0.0,0.0,5.737,0,1.0,0.5700000000000001,309.825,-1.9795,36.06,35.38502502441406,4.98,0.0,0
46986,-2.5580000000000003,67.62700000000001,0.0,0.0,450.348,0.0,0.0,0.0,5.737,0,1.0,0.5700000000000001,309.69,-0.17320000000000002,35.37,35.38502502441406,4.98,0.0,0
46986,-2.387,67.62700000000001,0.0,0.0,450.59000000000003,0.0,0.0,-0.2,5.737,0,1.0,0.53,309.825,-1.3856000000000002,35.160000000000004,35.38502502441406,4.98,0.0,0
46986,-3.0700000000000003,67.62700000000001,0.0,0.0,450.529,0.0,0.0,0.0,5.737,0,1.0,0.56,309.69,-1.7568000000000001,34.65,35.38502502441406,4.98,0.0,0
46986,-2.5580000000000003,67.62700000000001,0.0,0.0,450.711,0.0,0.0,0.2,5.737,0,1.0,0.5700000000000001,309.915,-1.2949000000000002,35.4,35.38502502441406,4.98,0.0,0
46986,-3.24,67.62700000000001,0.0,0.0,450.65000000000003,0.0,0.0,0.2,5.737,0,1.0,0.585,309.825,2.2846,37.08,35.38502502441406,4.98,0.0,0
46986,-2.217,67.62700000000001,0.0,0.0,450.348,0.0,0.0,0.0,5.737,0,2.0,0.63,309.825,2.7465,37.800000000000004,35.38502502441406,4.98,0.0,0
46986,-2.5580000000000003,67.62700000000001,0.0,0.0,450.408,0.0,0.0,0.2,5.737,0,1.0,0.5650000000000001,309.825,-1.5423,38.25,35.38502502441406,4.98,0.0,0
46986,-2.217,67.62700000000001,0.0,0.0,450.59000000000003,0.0,0.0,0.0,5.737,0,2.0,0.535,309.69,-1.1629,38.49,35.38502502441406,4.98,0.0,0
46986,-2.728,67.62700000000001,0.0,0.0,450.469,0.0,0.0,0.0,5.737,0,1.0,0.56,309.825,-0.42060000000000003,37.68,35.38502502441406,4.98,0.0,0
46986,-2.899,67.62700000000001,0.0,0.0,450.529,0.0,0.0,0.2,5.737,0,1.0,0.5700000000000001,309.69,4.9074,37.02,35.38502502441406,4.98,0.0,0
46986,-2.5580000000000003,67.62700000000001,0.0,0.0,450.65000000000003,0.0,0.0,0.2,5.737,0,2.0,0.54,309.825,1.4516,36.84,35.38502502441406,4.98,0.0,0
46986,-2.728,67.62700000000001,0.0,0.0,450.771,0.0,0.0,0.0,5.737,0,2.0,0.545,309.825,-3.563,36.18,35.38502502441406,4.98,0.0,0
46986,-3.0700000000000003,67.62700000000001,0.0,0.0,450.771,0.0,0.0,-0.2,5.737,0,1.0,0.5650000000000001,309.69,1.5588000000000002,35.79,35.38502502441406,4.98,0.0,0
46986,-2.899,67.62700000000001,0.0,0.0,450.65000000000003,0.0,0.0,0.0,5.737,0,1.0,0.53,309.69,0.48660000000000003,36.57,35.38502502441406,4.98,0.0,0
46986,-2.728,67.62700000000001,0.0,0.0,450.831,0.0,0.0,0.0,5.737,0,1.0,0.545,309.825,-0.9897,35.82,35.38502502441406,4.98,0.0,0
46986,-2.899,67.62700000000001,0.0,0.0,450.892,0.0,0.0,0.2,5.737,0,1.0,0.53,309.825,2.2187,36.54,35.38502502441406,4.98,0.0,0
46986,-2.728,67.62700000000001,0.0,0.0,450.952,0.0,0.0,-0.2,5.737,0,2.0,0.605,309.69,0.1072,37.59,35.38502502441406,4.98,0.0,0
46986,-2.217,67.62700000000001,0.0,0.0,450.59000000000003,0.0,0.0,0.0,5.737,0,1.0,0.545,309.825,-1.3856000000000002,37.95,35.38502502441406,4.98,0.0,0
46986,-2.387,67.62700000000001,0.0,0.0,450.529,0.0,0.0,0.0,5.737,0,2.0,0.5,309.825,-1.7815,38.550000000000004,35.38502502441406,4.98,0.0,0
46986,-2.5580000000000003,67.62700000000001,-0.5,0.0,450.831,0.0,0.0,-0.2,5.737,0,1.0,0.505,309.69,2.5733,38.49,35.38502502441406,4.98,0.0,0
46986,-2.217,67.62700000000001,0.0,0.0,451.194,0.0,0.0,0.0,5.737,0,1.0,0.535,309.825,1.1629,37.95,35.38502502441406,4.98,0.0,0
46986,-2.5580000000000003,67.62700000000001,0.0,0.0,451.01300000000003,0.0,0.0,0.0,5.737,0,1.0,0.54,309.825,0.5938,37.83,35.38502502441406,4.98,0.0,0
46986,-2.728,67.62700000000001,0.0,0.0,450.711,0.0,0.0,0.0,5.737,0,1.0,0.545,309.825,0.39590000000000003,37.44,35.38502502441406,4.98,0.0,0
46986,-2.387,67.62700000000001,0.0,0.0,450.831,0.0,0.0,-0.2,5.737,0,2.0,0.535,309.825,-0.19790000000000002,36.33,35.38502502441406,4.98,0.0,0
46986,-2.387,67.62700000000001,0.0,0.0,450.771,0.0,0.0,0.2,5.737,0,1.0,0.525,309.825,1.7815,35.79,35.38502502441406,4.98,0.0,0
46986,-2.5580000000000003,67.62700000000001,0.0,0.0,450.771,0.0,0.0,0.0,5.737,0,2.0,0.56,309.69,-0.767,35.910000000000004,35.38502502441406,4.98,0.0,0
46986,-2.899,67.62700000000001,0.0,0.0,450.771,0.0,0.0,0.0,5.737,0,1.0,0.5650000000000001,309.69,-1.4846000000000001,35.97,35.38502502441406,4.98,0.0,0
46986,-2.217,67.62700000000001,0.0,0.0,450.892,0.0,0.0,0.2,5.737,0,1.0,0.555,309.69,-5.938400000000001,36.03,35.38502502441406,4.98,0.0,0
46986,-2.728,67.62700000000001,0.0,0.0,450.831,0.0,0.0,-0.2,5.737,0,2.0,0.585,309.825,0.0,36.300000000000004,35.38502502441406,4.98,0.0,0
46986,-2.728,67.62700000000001,0.0,0.0,450.771,0.0,0.0,0.0,5.737,0,1.0,0.55,309.825,4.6188,37.35,35.38502502441406,4.98,0.0,0
46986,-2.387,67.62700000000001,0.0,0.0,450.831,0.0,0.0,-0.2,5.737,0,2.0,0.535,309.825,4.3878,38.4,35.38502502441406,4.98,0.0,0
46986,-2.217,67.62700000000001,0.0,0.0,450.831,0.0,0.0,-0.2,5.737,0,1.0,0.515,309.69,-2.5073000000000003,38.550000000000004,35.38502502441406,4.98,0.0,0
46986,-2.728,67.62700000000001,0.0,0.0,450.711,0.0,0.0,0.0,5.737,0,1.0,0.53,309.825,-1.8475000000000001,39.21,35.38502502441406,4.98,0.0,0
46986,-2.728,67.62700000000001,0.0,0.0,450.952,0.0,0.0,-0.2,5.737,0,2.0,0.55,309.825,3.1672000000000002,38.43,35.38502502441406,4.98,0.0,0
46986,-2.217,67.62700000000001,0.0,0.0,451.01300000000003,0.0,0.0,0.0,5.737,0,1.0,0.54,309.69,0.0,38.4,35.38502502441406,4.98,0.0,0
46986,-2.387,67.62700000000001,0.0,0.0,450.831,0.0,0.0,0.0,5.737,0,2.0,0.55,309.915,0.6598,37.29,35.38502502441406,4.98,0.0,0
46986,-2.899,67.62700000000001,0.5,0.0,451.01300000000003,0.0,0.0,0.0,5.737,0,1.0,0.58,309.69,-0.165,36.72,35.38502502441406,4.98,0.0,0
46986,-2.728,67.62700000000001,0.0,0.0,450.59000000000003,0.0,0.0,-0.2,5.737,0,1.0,0.545,309.915,0.6598,36.24,35.38502502441406,4.98,0.0,0
46986,-2.5580000000000003,67.62700000000001,0.0,0.0,450.59000000000003,0.0,0.0,0.0,5.737,0,2.0,0.51,309.825,0.3299,35.550000000000004,35.38502502441406,4.98,0.0,0
46986,-3.0700000000000003,67.62700000000001,0.0,0.0,450.831,0.0,0.0,0.0,5.737,0,1.0,0.525,309.69,1.1877,36.03,35.38502502441406,4.98,0.0,0
46986,-2.387,67.62700000000001,0.0,0.0,450.831,0.0,0.0,0.0,5.737,0,2.0,0.505,309.825,-3.1012,36.15,35.38502502441406,4.98,0.0,0
46986,-2.5580000000000003,67.62700000000001,0.0,0.0,450.65000000000003,0.0,0.0,0.0,5.737,0,1.0,0.55,309.825,0.5279,37.47,35.38502502441406,4.98,0.0,0
46986,-2.5580000000000003,67.62700000000001,0.0,0.0,450.711,0.0,0.0,0.2,5.737,0,1.0,0.51,309.825,-0.099,38.34,35.38502502441406,4.98,0.0,0
46986,-2.728,67.62700000000001,0.0,0.0,450.831,0.0,0.0,0.0,5.737,0,0.0,0.555,309.825,0.39590000000000003,38.37,35.38502502441406,4.98,0.0,0
46986,-3.24,67.62700000000001,0.0,0.0,450.711,0.0,0.0,-0.2,5.737,0,2.0,0.525,309.825,2.3754,37.38,35.38502502441406,4.98,0.0,0
46986,-2.5580000000000003,67.62700000000001,0.0,0.0,450.711,0.0,0.0,0.0,5.737,0,0.0,0.515,309.69,-2.7713,37.74,35.38502502441406,4.98,0.0,0
46986,-2.5580000000000003,67.62700000000001,0.0,0.0,450.65000000000003,0.0,0.0,0.0,5.737,0,1.0,0.535,309.825,-3.1672000000000002,37.77,35.38502502441406,4.98,0.0,0
46986,-2.387,67.62700000000001,0.0,0.0,450.831,0.0,0.0,-0.2,5.737,0,1.0,0.54,309.825,2.1114,38.04,35.38502502441406,4.98,0.0,0
46986,-2.5580000000000003,67.62700000000001,0.0,0.0,450.831,0.0,0.0,0.0,5.737,0,1.0,0.525,309.825,-0.8908,37.68,35.38502502441406,4.98,0.0,0
46986,-2.387,67.62700000000001,0.0,0.0,450.348,0.0,0.0,0.0,5.737,0,1.0,0.56,309.69,-6.0704,36.660000000000004,35.38502502441406,4.98,0.0,0
46986,-2.728,67.62700000000001,0.0,0.0,450.348,0.0,0.0,0.0,5.737,0,1.0,0.51,309.825,0.7918000000000001,35.79,35.38502502441406,4.98,0.0,0
46986,-2.728,67.62700000000001,0.0,0.0,450.348,0.0,0.0,0.0,5.737,0,2.0,0.535,309.825,1.7815,35.67,35.38502502441406,4.98,0.0,0
46986,-3.0700000000000003,67.62700000000001,0.0,0.0,450.348,0.0,0.0,-0.2,5.737,0,1.0,0.53,309.69,4.3136,35.31,35.38502502441406,4.98,0.0,0
46986,-2.5580000000000003,67.62700000000001,0.0,0.0,450.469,0.0,0.0,0.0,5.737,0,2.0,0.53,309.69,-0.5938,35.82,35.38502502441406,4.98,0.0,0
46986,-2.728,67.62700000000001,0.0,0.0,450.952,0.0,0.0,0.0,5.737,0,1.0,0.525,309.915,-5.0971,37.050000000000004,35.38502502441406,4.98,0.0,0
46986,-2.217,67.62700000000001,0.0,0.0,450.771,0.0,0.0,-0.2,5.737,0,1.0,0.515,309.825,5.8889000000000005,38.49,35.38502502441406,4.98,0.0,0
46986,-3.0700000000000003,67.62700000000001,0.0,0.0,450.711,0.0,0.0,0.2,5.737,0,1.0,0.53,309.69,3.563,39.18,35.38502502441406,4.98,0.0,0
46986,-2.899,67.62700000000001,0.0,0.0,450.711,0.0,0.0,-0.2,5.737,0,0.0,0.49,309.825,-4.1981,39.36,35.38502502441406,4.98,0.0,0
46986,-2.5580000000000003,67.62700000000001,0.0,0.0,450.711,0.0,0.0,0.0,5.737,0,1.0,0.515,309.825,-1.1877,38.730000000000004,35.38502502441406,4.98,0.0,0
46986,-2.387,67.62700000000001,0.0,0.0,450.59000000000003,0.0,0.0,0.0,5.737,0,1.0,0.53,309.825,4.2229,37.86,35.38502502441406,4.98,0.0,0
46986,-2.5580000000000003,67.62700000000001,0.0,0.0,451.01300000000003,0.0,0.0,0.2,5.737,0,1.0,0.535,309.69,-2.8125,37.62,35.38502502441406,4.98,0.0,0
46986,-2.899,67.62700000000001,0.0,0.0,451.01300000000003,0.0,0.0,0.2,5.737,0,1.0,0.49,309.69,-5.1219,37.29,35.38502502441406,4.98,0.0,0
46986,-2.5580000000000003,67.62700000000001,0.0,0.0,450.892,0.0,0.0,0.0,5.737,0,1.0,0.52,309.69,-0.17320000000000002,36.78,35.38502502441406,4.98,0.0,0
46986,-2.728,67.62700000000001,0.0,0.0,450.59000000000003,0.0,0.0,0.0,5.737,0,1.0,0.555,309.825,0.17320000000000002,35.88,35.38502502441406,4.98,0.0,0
46986,-2.217,67.62700000000001,0.0,0.0,450.529,0.0,0.0,0.2,5.737,0,1.0,0.495,309.915,1.8723,35.88,35.38502502441406,4.98,0.0,0
46986,-2.728,67.62700000000001,0.0,0.0,450.529,0.0,0.0,0.2,5.737,0,2.0,0.515,309.825,3.2744,35.82,35.38502502441406,4.98,0.0,0
46986,-2.5580000000000003,67.62700000000001,0.0,0.0,450.529,0.0,0.0,0.0,5.737,0,1.0,0.525,309.915,1.3032000000000001,36.42,35.38502502441406,4.98,0.0,0
46986,-2.5580000000000003,67.62700000000001,0.0,0.0,450.529,0.0,0.0,0.2,5.737,0,1.0,0.485,309.915,2.0455,36.51,35.38502502441406,4.98,0.0,0
46986,-2.217,67.62700000000001,0.0,0.0,450.469,0.0,0.0,-0.2,5.737,0,2.0,0.595,309.69,-1.8475000000000001,37.59,35.38502502441406,4.98,0.0,0
46986,-2.387,67.62700000000001,0.0,0.0,450.529,0.0,0.0,0.2,5.737,0,1.0,0.455,309.825,0.2639,38.82,35.38502502441406,4.98,0.0,0
46986,-2.5580000000000003,67.62700000000001,0.0,0.0,450.408,0.0,0.0,0.0,5.737,0,2.0,0.47500000000000003,309.69,-3.1672000000000002,39.0,35.38502502441406,4.98,0.0,0
46986,-2.217,67.62700000000001,0.0,0.0,450.348,0.0,0.0,0.0,5.737,0,1.0,0.465,309.69,-1.8475000000000001,39.0,35.38502502441406,4.98,0.0,0
46986,-2.387,67.62700000000001,0.0,0.0,450.529,0.0,0.0,0.0,5.737,0,2.0,0.5,309.825,0.0,38.28,35.38502502441406,4.98,0.0,0
46986,-2.387,67.62700000000001,0.0,0.0,450.469,0.0,0.0,-0.2,5.737,0,0.0,0.54,309.825,0.6928000000000001,37.65,35.38502502441406,4.98,0.0,0
46986,-2.217,67.62700000000001,0.0,0.0,450.711,0.0,0.0,0.2,5.737,0,1.0,0.49,309.825,1.1877,37.59,35.38502502441406,4.98,0.0,0
46986,-2.5580000000000003,67.62700000000001,0.0,0.0,450.529,0.0,0.0,0.0,5.737,0,1.0,0.505,309.825,2.3754,36.96,35.38502502441406,4.98,0.0,0
46986,-2.217,67.62700000000001,0.0,0.0,450.28700000000003,0.0,0.0,0.0,5.737,0,1.0,0.53,309.825,1.9795,36.36,35.38502502441406,4.98,0.0,0
46986,-2.387,67.62700000000001,0.0,0.0,450.711,0.0,0.0,0.0,5.737,0,1.0,0.49,309.69,-3.8600000000000003,35.82,35.38502502441406,4.98,0.0,0
46986,-2.728,67.62700000000001,0.0,0.0,450.469,0.0,0.0,0.0,5.737,0,1.0,0.465,309.825,-3.563,35.52,35.38502502441406,4.98,0.0,0
46986,-2.728,67.62700000000001,0.0,0.0,450.408,0.0,0.0,0.2,5.737,0,2.0,0.495,309.825,2.3754,35.43,35.38502502441406,4.98,0.0,0
46986,-2.5580000000000003,67.62700000000001,0.0,0.0,450.529,0.0,0.0,0.2,5.737,0,0.0,0.5,309.69,1.9795,36.51,35.38502502441406,4.98,0.0,0
46986,-2.728,67.62700000000001,0.0,0.0,450.28700000000003,0.0,0.0,0.0,5.737,0,2.0,0.495,309.915,0.19790000000000002,38.04,35.38502502441406,4.98,0.0,0
46986,-2.387,67.62700000000001,0.0,0.0,450.348,0.0,0.0,0.2,5.737,0,1.0,0.5,309.915,1.8475000000000001,38.76,35.38502502441406,4.98,0.0,0
46986,-2.5580000000000003,67.62700000000001,0.0,0.0,450.59000000000003,0.0,0.0,0.0,5.737,0,2.0,0.51,309.69,0.0,38.43,35.38502502441406,4.98,0.0,0
46986,-2.5580000000000003,67.62700000000001,0.0,0.0,450.65000000000003,0.0,0.0,0.2,5.737,0,1.0,0.485,309.69,-4.6188,38.1,35.38502502441406,4.98,0.0,0
46986,-2.5580000000000003,67.62700000000001,0.0,0.0,450.711,0.0,0.0,-0.2,5.737,0,2.0,0.49,309.69,-6.4333,36.99,35.38502502441406,4.98,0.0,0
46986,-2.217,67.62700000000001,0.0,0.0,450.771,0.0,0.0,0.2,5.737,0,2.0,0.515,309.69,-1.9795,36.18,35.38502502441406,4.98,0.0,0
46986,-2.728,67.62700000000001,0.0,0.0,450.59000000000003,0.0,0.0,-0.2,5.737,0,1.0,0.495,309.825,3.0682,35.97,35.38502502441406,4.98,0.0,0
46986,-2.387,67.62700000000001,0.0,0.0,450.348,0.0,0.0,0.0,5.737,0,2.0,0.495,309.825,3.563,35.85,35.38502502441406,4.98,0.0,0
46986,-2.387,67.62700000000001,0.0,0.0,450.529,0.0,0.0,0.0,5.737,0,1.0,0.51,309.825,0.6928000000000001,36.57,35.38502502441406,4.98,0.0,0
46986,-2.5580000000000003,67.62700000000001,0.0,0.0,450.711,0.0,0.0,0.0,5.737,0,2.0,0.48,309.825,1.5836000000000001,36.39,35.38502502441406,4.98,0.0,0
46986,-2.387,67.62700000000001,0.0,0.0,450.711,0.0,0.0,-0.2,5.737,0,1.0,0.505,309.69,-1.4846000000000001,35.550000000000004,35.38502502441406,4.98,0.0,0
46986,-2.387,67.62700000000001,0.0,0.0,450.771,0.0,0.0,0.0,5.737,0,1.0,0.53,309.825,-0.7918000000000001,35.910000000000004,35.38502502441406,4.98,0.0,0
46986,-2.217,67.62700000000001,0.0,0.0,450.529,0.0,0.0,0.0,5.737,0,1.0,0.52,309.69,-0.6928000000000001,36.480000000000004,35.38502502441406,4.98,0.0,0
46986,-2.217,67.62700000000001,0.0,0.0,450.892,0.0,0.0,0.0,5.737,0,0.0,0.49,309.825,-0.7918000000000001,38.01,35.38502502441406,4.98,0.0,0
46986,-2.5580000000000003,67.62700000000001,0.0,0.0,450.529,0.0,0.0,0.0,5.737,0,2.0,0.49,309.915,0.9897,37.89,35.38502502441406,4.98,0.0,0
46986,-2.5580000000000003,67.62700000000001,0.0,0.0,450.408,0.0,0.0,0.2,5.737,0,1.0,0.5,309.825,5.1466,37.2,35.38502502441406,4.98,0.0,0
46986,-2.5580000000000003,67.62700000000001,0.0,0.0,450.529,0.0,0.0,0.0,5.737,0,1.0,0.515,309.825,-1.3196,37.35,35.38502502441406,4.98,0.0,0
46986,-2.387,67.62700000000001,0.0,0.0,450.529,0.0,0.0,0.0,5.737,0,1.0,0.495,309.825,-1.0557,37.29,35.38502502441406,4.98,0.0,0
46986,-2.5580000000000003,67.62700000000001,-0.5,0.0,450.348,0.0,0.0,0.2,5.737,0,1.0,0.49,309.69,-4.1816,37.410000000000004,35.38502502441406,4.98,0.0,0
46986,-2.728,67.62700000000001,0.0,0.0,450.711,0.0,0.0,0.0,5.737,0,2.0,0.47000000000000003,309.69,-1.5588000000000002,36.57,35.38502502441406,4.98,0.0,0
46986,-2.5580000000000003,67.62700000000001,0.0,0.0,451.01300000000003,0.0,0.0,0.2,5.737,0,0.0,0.5650000000000001,309.825,-0.7918000000000001,36.51,35.38502502441406,4.98,0.0,0
46986,-2.5580000000000003,67.62700000000001,0.0,0.0,450.711,0.0,0.0,0.0,5.737,0,2.0,0.485,309.69,0.8165,35.85,35.38502502441406,4.98,0.0,0
46986,-2.217,67.62700000000001,0.0,0.0,450.65000000000003,0.0,0.0,0.2,5.737,0,0.0,0.48,309.69,1.7815,36.18,35.38502502441406,4.98,0.0,0
46986,-2.899,67.62700000000001,0.0,0.0,450.831,0.0,0.0,-0.2,5.737,0,1.0,0.445,309.69,-3.9589000000000003,36.06,35.38502502441406,4.98,0.0,0
46986,-2.387,67.62700000000001,0.0,0.0,450.28700000000003,0.0,0.0,-0.2,5.737,0,1.0,0.47000000000000003,309.915,-0.5031,36.27,35.38502502441406,4.98,0.0,0
46986,-2.728,67.62700000000001,0.0,0.0,450.22700000000003,0.0,0.0,0.0,5.737,0,1.0,0.46,309.825,5.6745,36.93,35.38502502441406,4.98,0.0,0
46986,-2.217,67.62700000000001,0.0,0.0,450.59000000000003,0.0,0.0,-0.2,5.737,0,1.0,0.47500000000000003,309.69,3.563,37.59,35.38502502441406,4.98,0.0,0
46986,-2.728,67.62700000000001,0.0,0.0,450.469,0.0,0.0,0.0,5.737,0,1.0,0.49,309.825,-2.4661,37.65,35.38502502441406,4.98,0.0,0
46986,-2.387,67.62700000000001,0.0,0.0,450.348,0.0,0.0,0.0,5.737,0,2.0,0.48,309.825,-5.2126,38.07,35.38502502441406,4.98,0.0,0
46986,-2.387,67.62700000000001,0.0,0.0,450.469,0.0,0.0,0.0,5.737,0,2.0,0.505,309.915,3.6125000000000003,38.37,35.38502502441406,4.98,0.0,0
46986,-2.728,67.62700000000001,0.0,0.0,450.529,0.0,0.0,0.0,5.737,0,0.0,0.47500000000000003,309.825,2.4413,37.56,35.38502502441406,4.98,0.0,0
46986,-2.217,67.62700000000001,0.0,0.0,450.348,0.0,0.0,0.0,5.737,0,3.0,0.49,309.825,-1.8723,36.81,35.38502502441406,4.98,0.0,0
46986,-2.217,67.62700000000001,0.0,0.0,450.65000000000003,0.0,0.0,0.0,5.737,0,1.0,0.465,309.69,0.9650000000000001,35.97,35.38502502441406,4.98,0.0,0
46986,-2.217,67.62700000000001,0.0,0.0,450.408,0.0,0.0,0.0,5.737,0,2.0,0.485,309.825,0.2639,35.22,35.38502502441406,4.98,0.0,0
46986,-2.387,67.62700000000001,0.0,0.0,450.529,0.0,0.0,-0.2,5.737,0,0.0,0.485,309.915,-4.7012,34.65,35.38502502441406,4.98,0.0,0
46986,-2.387,67.62700000000001,0.0,0.0,450.771,0.0,0.0,0.0,5.737,0,1.0,0.47500000000000003,309.825,0.9238000000000001,34.89,35.38502502441406,4.98,0.0,0
46986,-2.217,67.62700000000001,0.0,0.0,450.711,0.0,0.0,0.0,5.737,0,1.0,0.485,309.825,2.9692000000000003,35.64,35.38502502441406,4.98,0.0,0
46986,-2.387,67.62700000000001,0.0,0.0,450.408,0.0,0.0,0.0,5.737,0,1.0,0.455,309.915,3.7198,36.78,35.38502502441406,4.98,0.0,0
46986,-2.387,67.62700000000001,0.0,0.0,450.348,0.0,0.0,0.0,5.737,0,1.0,0.505,309.915,2.4908,37.53,35.38502502441406,4.98,0.0,0
46986,-2.899,67.62700000000001,0.0,0.0,450.348,0.0,0.0,-0.2,5.737,0,1.0,0.495,309.915,2.5733,37.56,35.38502502441406,4.98,0.0,0
46986,-2.5580000000000003,67.62700000000001,0.0,0.0,450.59000000000003,0.0,0.0,0.0,5.737,0,1.0,0.485,309.69,-6.334300000000001,38.04,35.38502502441406,4.98,0.0,0
46986,-2.217,67.62700000000001,0.0,0.0,450.529,0.0,0.0,0.0,5.737,0,1.0,0.535,309.6,-10.3262,37.89,35.38502502441406,4.98,0.0,0
46986,-2.217,67.62700000000001,0.0,0.0,450.65000000000003,0.0,0.0,-0.2,5.737,0,1.0,0.455,309.825,-0.6598,37.38,35.38502502441406,4.98,0.0,0
46986,-2.217,67.62700000000001,0.0,0.0,450.166,0.0,0.0,0.2,5.737,0,2.0,0.465,309.69,5.2786,37.89,35.38502502441406,4.98,0.0,0
46986,-2.5580000000000003,67.62700000000001,0.0,0.0,450.59000000000003,0.0,0.0,-0.2,5.737,0,1.0,0.44,309.825,2.1114,37.980000000000004,35.38502502441406,4.98,0.0,0
46986,-2.217,67.62700000000001,0.0,0.0,450.529,0.0,0.0,0.0,5.737,0,2.0,0.455,309.69,0.6268,37.47,35.38502502441406,4.98,0.0,0
46986,-2.217,67.62700000000001,0.0,0.0,450.22700000000003,0.0,0.0,0.0,5.737,0,1.0,0.465,309.825,4.2229,35.910000000000004,35.38502502441406,4.98,0.0,0
46986,-2.217,67.62700000000001,0.0,0.0,450.65000000000003,0.0,0.0,-0.2,5.737,0,1.0,0.465,309.825,-0.2639,34.95,35.38502502441406,4.98,0.0,0
46986,-2.5580000000000003,67.62700000000001,0.0,0.0,450.711,0.0,0.0,-0.2,5.737,0,0.0,0.44,309.69,-2.3754,34.83,35.38502502441406,4.98,0.0,0
46986,-2.217,67.62700000000001,0.0,0.0,450.408,0.0,0.0,0.0,5.737,0,1.0,0.455,309.825,0.7918000000000001,35.76,35.38502502441406,4.98,0.0,0
46986,-2.217,67.62700000000001,0.0,0.0,450.348,0.0,0.0,0.2,5.737,0,1.0,0.45,309.825,3.1672000000000002,36.12,35.38502502441406,4.98,0.0,0
46986,-2.387,67.62700000000001,0.0,0.0,450.106,0.0,0.0,-0.2,5.737,0,1.0,0.46,309.825,1.4846000000000001,37.47,35.38502502441406,4.98,0.0,0
46986,-2.217,67.62700000000001,0.0,0.0,450.65000000000003,0.0,0.0,0.0,5.737,0,2.0,0.45,309.825,0.0,38.58,35.38502502441406,4.98,0.0,0
46986,-2.217,67.62700000000001,0.0,0.0,450.831,0.0,0.0,0.2,5.737,0,1.0,0.48,309.69,-1.4846000000000001,38.79,35.38502502441406,4.98,0.0,0
46986,-2.728,67.62700000000001,0.0,0.0,450.711,0.0,0.0,0.0,5.737,0,2.0,0.44,309.69,-1.9795,38.13,35.38502502441406,4.98,0.0,0
46986,-2.728,67.62700000000001,0.0,0.0,450.59000000000003,0.0,0.0,0.0,5.737,0,1.0,0.455,309.69,1.4186,37.62,35.38502502441406,4.98,0.0,0
46986,-2.728,67.62700000000001,0.0,0.0,450.59000000000003,0.0,0.0,0.0,5.737,0,1.0,0.47000000000000003,309.825,1.7155,37.65,35.38502502441406,4.98,0.0,0
46986,-2.387,67.62700000000001,0.0,0.0,450.469,0.0,0.0,0.0,5.737,0,1.0,0.47500000000000003,309.825,1.2207000000000001,37.26,35.38502502441406,4.98,0.0,0
46986,-2.217,67.62700000000001,0.0,0.0,450.711,0.0,0.0,-0.2,5.737,0,1.0,0.46,309.825,3.4311000000000003,37.62,35.38502502441406,4.98,0.0,0
46986,-2.387,67.62700000000001,0.0,0.0,450.711,0.0,0.0,0.0,5.737,0,2.0,0.465,309.915,3.8930000000000002,37.02,35.38502502441406,4.98,0.0,0
46986,-2.5580000000000003,67.62700000000001,0.0,0.0,450.892,0.0,0.0,0.0,5.737,0,1.0,0.495,309.825,-0.9238000000000001,36.24,35.38502502441406,4.98,0.0,0
46986,-2.217,67.62700000000001,0.0,0.0,450.711,0.0,0.0,0.0,5.737,0,2.0,0.47500000000000003,309.825,-1.5836000000000001,35.82,35.38502502441406,4.98,0.0,0
46986,-2.387,67.62700000000001,0.0,0.0,450.348,0.0,0.0,-0.2,5.737,0,1.0,0.47000000000000003,309.825,-3.1672000000000002,35.730000000000004,35.38502502441406,4.98,0.0,0
46986,-2.217,67.62700000000001,0.0,0.0,450.65000000000003,0.0,0.0,0.0,5.737,0,1.0,0.435,309.825,0.0,37.2,35.38502502441406,4.98,0.0,0
46986,-2.387,67.62700000000001,0.0,0.0,450.831,0.0,0.0,0.0,5.737,0,1.0,0.48,309.69,0.5279,38.37,35.38502502441406,4.98,0.0,0
46986,-2.5580000000000003,67.62700000000001,0.0,0.0,450.711,0.0,0.0,0.0,5.737,0,1.0,0.45,309.69,-2.2764,39.36,35.38502502441406,4.98,0.0,0
46986,-2.387,67.62700000000001,0.0,0.0,450.831,0.0,0.0,0.0,5.737,0,2.0,0.44,309.825,0.6598,39.24,35.38502502441406,4.98,0.0,0
46986,-2.217,67.62700000000001,0.0,0.0,450.771,0.0,0.0,0.0,5.737,0,0.0,0.465,309.69,2.1114,38.550000000000004,35.38502502441406,4.98,0.0,0
46986,-2.387,67.62700000000001,0.0,0.0,450.831,0.0,0.0,-0.2,5.737,0,2.0,0.445,309.69,-3.1672000000000002,38.01,35.38502502441406,4.98,0.0,0
46986,-2.0460000000000003,67.62700000000001,0.0,0.0,450.711,0.0,0.0,0.0,5.737,0,1.0,0.46,309.69,-3.0682,37.86,35.38502502441406,4.98,0.0,0
46986,-2.5580000000000003,67.62700000000001,0.0,0.0,450.711,0.0,0.0,0.0,5.737,0,1.0,0.445,309.69,-2.9445,37.86,35.38502502441406,4.98,0.0,0
46986,-2.0460000000000003,67.62700000000001,0.0,0.0,450.529,0.0,0.0,0.0,5.737,0,2.0,0.435,309.915,5.8312,37.65,35.38502502441406,4.98,0.0,0
46986,-2.387,67.62700000000001,0.0,0.0,450.892,0.0,0.0,0.2,5.737,0,1.0,0.49,309.825,5.2538,37.2,35.38502502441406,4.98,0.0,0
46986,-2.387,67.62700000000001,0.0,0.0,450.892,0.0,0.0,-0.2,5.737,0,2.0,0.435,309.825,1.7568000000000001,36.480000000000004,35.38502502441406,4.98,0.0,0
46986,-2.217,67.62700000000001,0.0,0.0,450.711,0.0,0.0,-0.2,5.737,0,1.0,0.45,309.69,-3.8682000000000003,35.4,35.38502502441406,4.98,0.0,0
46986,-2.217,67.62700000000001,0.0,0.0,450.408,0.0,0.0,0.0,5.737,0,2.0,0.465,309.825,-0.9897,35.160000000000004,35.38502502441406,4.98,0.0,0
46986,-2.217,67.62700000000001,0.0,0.0,450.469,0.0,0.0,0.2,5.737,0,1.0,0.455,309.825,-2.6393,36.300000000000004,35.38502502441406,4.98,0.0,0
46986,-2.387,67.62700000000001,0.0,0.0,450.28700000000003,0.0,0.0,0.0,5.737,0,1.0,0.47500000000000003,309.825,0.0412,37.59,35.38502502441406,4.98,0.0,0
46986,-2.387,67.62700000000001,0.0,0.0,450.348,0.0,0.0,-0.2,5.737,0,1.0,0.45,309.69,1.0145,38.19,35.38502502441406,4.98,0.0,0
46986,-2.387,67.62700000000001,0.0,0.0,450.65000000000003,0.0,0.0,0.2,5.737,0,1.0,0.455,309.825,2.9032,39.21,35.38502502441406,4.98,0.0,0
46986,-2.217,67.62700000000001,0.0,0.0,450.711,0.0,0.0,0.2,5.737,0,2.0,0.44,309.69,-0.767,38.82,35.38502502441406,4.98,0.0,0
46986,-2.217,67.62700000000001,0.0,0.0,450.469,0.0,0.0,0.2,5.737,0,1.0,0.455,309.825,-4.1157,37.980000000000004,35.38502502441406,4.98,0.0,0
46986,-2.217,67.62700000000001,0.0,0.0,450.529,0.0,0.0,0.0,5.737,0,1.0,0.495,309.825,0.0825,37.47,35.38502502441406,4.98,0.0,0
46986,-2.217,67.62700000000001,0.0,0.0,450.166,0.0,0.0,0.2,5.737,0,1.0,0.42,309.825,4.3301,37.74,35.38502502441406,4.98,0.0,0
46986,-2.387,67.62700000000001,0.0,0.0,450.28700000000003,0.0,0.0,0.0,5.737,0,1.0,0.42,309.69,-2.1114,37.02,35.38502502441406,4.98,0.0,0
46986,-2.728,67.62700000000001,0.0,0.0,450.65000000000003,0.0,0.0,-0.2,5.737,0,0.0,0.44,309.69,-1.8228000000000002,35.82,35.38502502441406,4.98,0.0,0
46986,-2.387,67.62700000000001,0.0,0.0,450.711,0.0,0.0,-0.2,5.737,0,1.0,0.48,309.915,3.2579000000000002,35.730000000000004,35.38502502441406,4.98,0.0,0
46986,-2.5580000000000003,67.62700000000001,0.0,0.0,450.408,0.0,0.0,0.0,5.737,0,2.0,0.46,309.69,-1.5836000000000001,35.49,35.38502502441406,4.98,0.0,0
46986,-2.217,67.62700000000001,0.0,0.0,450.408,0.0,0.0,0.0,5.737,0,1.0,0.45,309.825,-1.0557,36.0,35.38502502441406,4.98,0.0,0
46986,-2.217,67.62700000000001,0.0,0.0,450.408,0.0,0.0,0.0,5.737,0,1.0,0.435,309.825,0.14850000000000002,37.17,35.38502502441406,4.98,0.0,0
46986,-2.5580000000000003,67.62700000000001,0.0,0.0,450.166,0.0,0.0,0.2,5.737,0,1.0,0.45,309.69,0.5938,38.04,35.38502502441406,4.98,0.0,0
46986,-2.387,67.62700000000001,0.0,0.0,450.469,0.0,0.0,0.2,5.737,0,1.0,0.44,309.825,-1.3856000000000002,39.06,35.38502502441406,4.98,0.0,0
46986,-2.217,67.62700000000001,0.0,0.0,450.529,0.0,0.0,0.0,5.737,0,1.0,0.435,309.915,3.3898,38.46,35.38502502441406,4.98,0.0,0
46986,-2.217,67.62700000000001,0.0,0.0,450.348,0.0,0.0,0.0,5.737,0,2.0,0.455,309.915,1.1464,38.160000000000004,35.38502502441406,4.98,0.0,0
46986,-2.217,67.62700000000001,0.0,0.0,450.166,0.0,0.0,0.2,5.737,0,1.0,0.44,309.825,1.3196,37.14,35.38502502441406,4.98,0.0,0
46986,-2.387,67.62700000000001,0.0,0.0,450.529,0.0,0.0,0.0,5.737,0,1.0,0.45,309.69,-1.4764000000000002,37.02,35.38502502441406,4.98,0.0,0
46986,-2.387,67.62700000000001,0.0,0.0,450.469,0.0,0.0,0.2,5.737,0,2.0,0.445,309.825,-4.1157,36.27,35.38502502441406,4.98,0.0,0
46986,-2.217,67.62700000000001,0.0,0.0,450.529,0.0,0.0,-0.2,5.737,0,0.0,0.455,309.915,0.7093,36.18,35.38502502441406,4.98,0.0,0
46986,-2.217,67.62700000000001,0.0,0.0,450.529,0.0,0.0,-0.2,5.737,0,1.0,0.43,309.915,1.7815,36.18,35.38502502441406,4.98,0.0,0
46986,-2.217,67.62700000000001,0.0,0.0,450.469,0.0,0.0,0.0,5.737,0,1.0,0.49,309.915,3.8270000000000004,36.54,35.38502502441406,4.98,0.0,0
46986,-2.387,67.62700000000001,0.0,0.0,450.28700000000003,0.0,0.0,-0.2,5.737,0,1.0,0.505,309.825,2.3754,37.02,35.38502502441406,4.98,0.0,0
46986,-2.5580000000000003,67.62700000000001,0.0,0.0,450.469,0.0,0.0,0.0,5.737,0,2.0,0.41000000000000003,309.69,-5.4106000000000005,36.09,35.38502502441406,4.98,0.0,0
46986,-2.217,67.62700000000001,0.0,0.0,450.59000000000003,0.0,0.0,0.2,5.737,0,1.0,0.45,309.825,-3.3651,37.11,35.38502502441406,4.98,0.0,0
46986,-2.0460000000000003,67.62700000000001,0.0,0.0,450.59000000000003,0.0,0.0,0.0,5.737,0,2.0,0.42,309.825,3.563,37.53,35.38502502441406,4.98,0.0,0
46986,-2.387,67.62700000000001,0.0,0.0,450.529,0.0,0.0,0.0,5.737,0,1.0,0.485,309.825,1.4846000000000001,37.86,35.38502502441406,4.98,0.0,0
46986,-2.387,67.62700000000001,0.0,0.0,450.529,0.0,0.0,-0.2,5.737,0,1.0,0.44,309.825,-2.3754,37.92,35.38502502441406,4.98,0.0,0
46986,-2.217,67.62700000000001,0.0,0.0,450.408,0.0,0.0,0.0,5.737,0,1.0,0.455,309.69,-2.2764,37.800000000000004,35.38502502441406,4.98,0.0,0
46986,-2.217,67.62700000000001,0.0,0.0,450.529,0.0,0.0,-0.2,5.737,0,1.0,0.41500000000000004,309.69,-4.3548,37.92,35.38502502441406,4.98,0.0,0
46986,-2.5580000000000003,67.62700000000001,0.0,0.0,450.529,0.0,0.0,0.0,5.737,0,1.0,0.425,309.825,0.0,37.92,35.38502502441406,4.98,0.0,0
46986,-2.217,67.62700000000001,0.0,0.0,451.01300000000003,0.0,0.0,-0.2,5.737,0,1.0,0.41000000000000003,309.825,6.334300000000001,37.5,35.38502502441406,4.98,0.0,0
46986,-2.217,67.62700000000001,0.0,0.0,450.952,0.0,0.0,-0.2,5.737,0,1.0,0.445,309.825,5.4435,36.51,35.38502502441406,4.98,0.0,0
46986,-2.387,67.62700000000001,0.0,0.0,450.711,0.0,0.0,0.0,5.737,0,1.0,0.435,309.6,-6.334300000000001,35.85,35.38502502441406,4.98,0.0,0
46986,-2.387,67.62700000000001,0.0,0.0,450.771,0.0,0.0,-0.2,5.737,0,2.0,0.435,309.825,-0.7918000000000001,36.24,35.38502502441406,4.98,0.0,0
46986,-2.217,67.62700000000001,0.0,0.0,450.65000000000003,0.0,0.0,-0.2,5.737,0,1.0,0.445,309.825,4.2229,36.18,35.38502502441406,4.98,0.0,0
46986,-2.217,67.62700000000001,0.0,0.0,450.65000000000003,0.0,0.0,-0.2,5.737,0,2.0,0.425,309.825,-0.165,36.75,35.38502502441406,4.98,0.0,0
46986,-2.217,67.62700000000001,0.0,0.0,450.59000000000003,0.0,0.0,0.0,5.737,0,0.0,0.47500000000000003,309.825,1.7155,37.38,35.38502502441406,4.98,0.0,0
46986,-2.217,67.62700000000001,0.0,0.0,450.711,0.0,0.0,0.0,5.737,0,2.0,0.41500000000000004,309.69,0.8908,37.74,35.38502502441406,4.98,0.0,0
46986,-2.217,67.62700000000001,0.0,0.0,450.771,0.0,0.0,0.0,5.737,0,1.0,0.43,309.69,-7.258100000000001,37.5,35.38502502441406,4.98,0.0,0
46986,-2.5580000000000003,67.62700000000001,0.0,0.0,450.831,0.0,0.0,-0.2,5.737,0,1.0,0.425,309.825,1.5836000000000001,37.74,35.38502502441406,4.98,0.0,0
46986,-2.217,67.62700000000001,0.0,0.0,450.711,0.0,0.0,-0.2,5.737,0,1.0,0.47500000000000003,309.915,8.049900000000001,38.19,35.38502502441406,4.98,0.0,0
46986,-2.217,67.62700000000001,0.0,0.0,450.711,0.0,0.0,0.2,5.737,0,1.0,0.42,309.825,0.9567,37.800000000000004,35.38502502441406,4.98,0.0,0
46986,-2.217,67.62700000000001,0.0,0.0,450.65000000000003,0.0,0.0,0.0,5.737,0,1.0,0.425,309.825,-2.7713,37.2,35.38502502441406,4.98,0.0,0
46986,-2.387,67.62700000000001,0.0,0.0,450.529,0.0,0.0,0.0,5.737,0,0.0,0.435,309.69,-2.4743,36.21,35.38502502441406,4.98,0.0,0
46986,-2.217,67.62700000000001,0.0,0.0,450.831,0.0,0.0,0.0,5.737,0,2.0,0.43,309.825,0.7918000000000001,35.22,35.38502502441406,4.98,0.0,0
46986,-2.217,67.62700000000001,0.0,0.0,450.831,0.0,0.0,0.0,5.737,0,1.0,0.44,309.825,0.7918000000000001,34.65,35.38502502441406,4.98,0.0,0
46986,-2.217,67.62700000000001,0.0,0.0,451.07300000000004,0.0,0.0,0.0,5.737,0,2.0,0.43,309.915,5.938400000000001,34.95,35.38502502441406,4.98,0.0,0
46986,-2.217,67.62700000000001,0.0,0.0,451.01300000000003,0.0,0.0,-0.2,5.737,0,0.0,0.45,309.825,-1.8475000000000001,35.25,35.38502502441406,4.98,0.0,0
46986,-2.217,67.62700000000001,0.0,0.0,450.831,0.0,0.0,0.0,5.737,0,2.0,0.445,309.825,-2.5073000000000003,36.21,35.38502502441406,4.98,0.0,0
46986,-2.217,67.62700000000001,0.0,0.0,450.831,0.0,0.0,0.2,5.737,0,1.0,0.46,309.69,-0.8908,37.59,35.38502502441406,4.98,0.0,0
46986,-2.387,67.62700000000001,0.0,0.0,450.831,0.0,0.0,-0.2,5.737,0,1.0,0.405,309.825,-3.1672000000000002,38.4,35.38502502441406,4.98,0.0,0
46986,-2.5580000000000003,67.62700000000001,0.0,0.0,450.59000000000003,0.0,0.0,0.0,5.737,0,1.0,0.445,309.825,0.7918000000000001,38.04,35.38502502441406,4.98,0.0,0
46986,-2.728,67.62700000000001,0.0,0.0,450.711,0.0,0.0,0.0,5.737,0,1.0,0.39,309.69,0.0,37.02,35.38502502441406,4.98,0.0,0
46986,-2.387,67.62700000000001,0.0,0.0,450.711,0.0,0.0,0.2,5.737,0,1.0,0.41500000000000004,309.825,-0.0247,36.9,35.38502502441406,4.98,0.0,0
46986,-2.387,67.62700000000001,0.0,0.0,450.28700000000003,0.0,0.0,-0.2,5.737,0,1.0,0.435,309.69,-2.5486,36.78,35.38502502441406,4.98,0.0,0
46986,-2.217,67.62700000000001,0.0,0.0,450.469,0.0,0.0,0.2,5.737,0,1.0,0.4,309.69,3.5218000000000003,36.78,35.38502502441406,4.98,0.0,0
46986,-2.5580000000000003,67.62700000000001,0.0,0.0,450.771,0.0,0.0,0.0,5.737,0,1.0,0.425,309.915,0.0247,36.6,35.38502502441406,4.98,0.0,0
46986,-2.5580000000000003,67.62700000000001,0.0,0.0,450.65000000000003,0.0,0.0,0.2,5.737,0,2.0,0.41000000000000003,309.825,2.2846,35.34,35.38502502441406,4.98,0.0,0
46986,-2.387,67.62700000000001,0.0,0.0,450.711,0.0,0.0,0.2,5.737,0,1.0,0.42,309.825,-0.4454,34.410000000000004,35.38502502441406,4.98,0.0,0
46986,-2.217,67.62700000000001,0.0,0.0,450.771,0.0,0.0,0.2,5.737,0,2.0,0.41500000000000004,309.825,-3.1507,34.2,35.38502502441406,4.98,0.0,0
46986,-2.217,67.62700000000001,0.0,0.0,450.408,0.0,0.0,0.0,5.737,0,1.0,0.435,309.825,2.2434000000000003,34.71,35.38502502441406,4.98,0.0,0
46986,-2.217,67.62700000000001,0.0,0.0,450.59000000000003,0.0,0.0,0.2,5.737,0,1.0,0.395,309.825,-1.8475000000000001,35.34,35.38502502441406,4.98,0.0,0
46986,-2.217,67.62700000000001,0.0,0.0,450.408,0.0,0.0,0.2,5.737,0,1.0,0.43,309.69,-1.1877,37.2,35.38502502441406,4.98,0.0,0
46986,-2.217,67.62700000000001,0.0,0.0,450.711,0.0,0.0,0.0,5.737,0,0.0,0.435,309.825,2.9032,38.01,35.38502502441406,4.98,0.0,0
46986,-2.217,67.62700000000001,0.0,0.0,450.831,0.0,0.0,0.0,5.737,0,2.0,0.42,309.69,-0.767,38.46,35.38502502441406,4.98,0.0,0
46986,-2.387,67.62700000000001,0.0,0.0,450.529,0.0,0.0,0.0,5.737,0,0.0,0.44,309.825,-1.5423,38.04,35.38502502441406,4.98,0.0,0
46986,-2.217,67.62700000000001,0.0,0.0,450.711,0.0,0.0,0.0,5.737,0,2.0,0.425,309.69,-3.6538000000000004,36.9,35.38502502441406,4.98,0.0,0
46986,-2.387,67.62700000000001,0.0,0.0,450.831,0.0,0.0,0.2,5.737,0,1.0,0.42,309.825,3.1424000000000003,36.99,35.38502502441406,4.98,0.0,0
46986,-2.217,67.62700000000001,0.0,0.0,450.771,0.0,0.0,-0.2,5.737,0,1.0,0.405,309.915,4.2064,36.39,35.38502502441406,4.98,0.0,0
46986,-2.217,67.62700000000001,0.0,0.0,450.711,0.0,0.0,0.0,5.737,0,2.0,0.45,309.915,5.0147,36.36,35.38502502441406,4.98,0.0,0
46986,-2.217,67.62700000000001,0.0,0.0,450.771,0.0,0.0,0.0,5.737,0,1.0,0.455,309.69,-3.4311000000000003,36.18,35.38502502441406,4.98,0.0,0
46986,-2.217,67.62700000000001,0.0,0.0,450.771,0.0,0.0,-0.2,5.737,0,1.0,0.45,309.69,-3.4311000000000003,35.37,35.38502502441406,4.98,0.0,0
46986,-2.5580000000000003,67.62700000000001,0.0,0.0,450.711,0.0,0.0,0.2,5.737,0,0.0,0.395,309.69,3.0682,34.44,35.38502502441406,4.98,0.0,0
46986,-2.217,67.62700000000001,0.0,0.0,450.65000000000003,0.0,0.0,0.0,5.737,0,1.0,0.42,309.825,-0.2639,33.72,35.38502502441406,4.98,0.0,0
46986,-2.217,67.62700000000001,0.0,0.0,450.529,0.0,0.0,-0.2,5.737,0,1.0,0.435,309.825,-0.3629,34.38,35.38502502441406,4.98,0.0,0
46986,-2.0460000000000003,67.62700000000001,0.0,0.0,450.408,0.0,0.0,0.0,5.737,0,1.0,0.41000000000000003,309.825,6.4663,36.18,35.38502502441406,4.98,0.0,0
46986,-2.217,67.62700000000001,0.0,0.0,450.408,0.0,0.0,-0.2,5.737,0,1.0,0.425,309.825,2.3754,37.53,35.38502502441406,4.98,0.0,0
46986,-2.217,67.62700000000001,0.0,0.0,450.529,0.0,0.0,-0.2,5.737,0,1.0,0.45,309.825,0.0,38.43,35.38502502441406,4.98,0.0,0
46986,-2.217,67.62700000000001,0.0,0.0,450.65000000000003,0.0,0.0,0.0,5.737,0,2.0,0.42,309.825,-3.9589000000000003,38.52,35.38502502441406,4.98,0.0,0
46986,-2.217,67.62700000000001,0.0,0.0,450.59000000000003,0.0,0.0,0.0,5.737,0,0.0,0.41500000000000004,309.69,-4.0909,37.38,35.38502502441406,4.98,0.0,0
46986,-2.217,67.62700000000001,0.0,0.0,450.711,0.0,0.0,-0.2,5.737,0,2.0,0.445,309.825,0.7918000000000001,36.57,35.38502502441406,4.98,0.0,0
46986,-2.217,67.62700000000001,0.0,0.0,450.771,0.0,0.0,0.0,5.737,0,1.0,0.385,309.825,0.7918000000000001,35.730000000000004,35.38502502441406,4.98,0.0,0
46986,-2.387,67.62700000000001,0.0,0.0,450.65000000000003,0.0,0.0,0.0,5.737,0,1.0,0.425,309.825,3.0682,36.21,35.38502502441406,4.98,0.0,0
46986,-2.387,67.62700000000001,0.0,0.0,450.711,0.0,0.0,0.0,5.737,0,2.0,0.425,309.69,-2.7713,36.54,35.38502502441406,4.98,0.0,0
46986,-2.217,67.62700000000001,0.0,0.0,450.65000000000003,0.0,0.0,-0.2,5.737,0,1.0,0.435,309.825,-0.7918000000000001,36.15,35.38502502441406,4.98,0.0,0
46986,-2.217,67.62700000000001,0.0,0.0,450.711,0.0,0.0,0.2,5.737,0,2.0,0.435,309.69,-1.5836000000000001,35.22,35.38502502441406,4.98,0.0,0
46986,-2.387,67.62700000000001,0.0,0.0,450.529,0.0,0.0,0.0,5.737,0,1.0,0.41500000000000004,309.69,-4.7507,34.92,35.38502502441406,4.98,0.0,0
46986,-2.217,67.62700000000001,0.0,0.0,450.166,0.0,0.0,0.2,5.737,0,2.0,0.44,309.69,-4.7507,34.95,35.38502502441406,4.98,0.0,0
46986,-2.0460000000000003,67.62700000000001,0.0,0.0,450.348,0.0,0.0,0.2,5.737,0,1.0,0.42,309.69,1.5836000000000001,35.64,35.38502502441406,4.98,0.0,0
46986,-2.387,67.62700000000001,0.0,0.0,450.59000000000003,0.0,0.0,0.0,5.737,0,1.0,0.41000000000000003,309.825,4.3548,36.57,35.38502502441406,4.98,0.0,0
46986,-2.217,67.62700000000001,0.0,0.0,450.711,0.0,0.0,0.0,5.737,0,0.0,0.39,309.69,0.7918000000000001,37.56,35.38502502441406,4.98,0.0,0
46986,-2.217,67.62700000000001,0.0,0.0,450.711,0.0,0.0,0.0,5.737,0,1.0,0.41500000000000004,309.915,1.8475000000000001,37.95,35.38502502441406,4.98,0.0,0
46986,-2.5580000000000003,67.62700000000001,0.0,0.0,450.408,0.0,0.0,0.0,5.737,0,1.0,0.425,309.825,1.3196,37.74,35.38502502441406,4.98,0.0,0
46986,-2.217,67.62700000000001,0.0,0.0,450.529,0.0,0.0,0.0,5.737,0,1.0,0.44,309.825,1.5836000000000001,37.410000000000004,35.38502502441406,4.98,0.0,0
46986,-2.217,67.62700000000001,0.0,0.0,450.348,0.0,0.0,-0.2,5.737,0,1.0,0.41000000000000003,309.69,-2.4743,36.21,35.38502502441406,4.98,0.0,0
46986,-2.217,67.62700000000001,0.0,0.0,450.408,0.0,0.0,0.0,5.737,0,1.0,0.435,309.915,1.0557,35.97,35.38502502441406,4.98,0.0,0
46986,-2.5580000000000003,67.62700000000001,0.0,0.0,450.469,0.0,0.0,0.0,5.737,0,2.0,0.43,309.825,1.3196,35.550000000000004,35.38502502441406,4.98,0.0,0
46986,-2.217,67.62700000000001,0.0,0.0,450.59000000000003,0.0,0.0,0.0,5.737,0,1.0,0.42,309.825,1.5836000000000001,34.89,35.38502502441406,4.98,0.0,0
46986,-2.217,67.62700000000001,0.0,0.0,450.469,0.0,0.0,0.2,5.737,0,1.0,0.41500000000000004,309.69,-2.4743,35.01,35.38502502441406,4.98,0.0,0
46986,-1.8760000000000001,67.62700000000001,0.0,0.0,450.529,0.0,0.0,0.2,5.737,0,1.0,0.405,309.825,1.1877,35.31,35.38502502441406,4.98,0.0,0
46986,-2.387,67.62700000000001,0.0,0.0,450.529,0.0,0.0,-0.2,5.737,0,1.0,0.44,309.69,1.0145,35.43,35.38502502441406,4.98,0.0,0
46986,-2.217,67.62700000000001,0.0,0.0,450.952,0.0,0.0,-0.2,5.737,0,2.0,0.445,309.825,0.0,36.42,35.38502502441406,4.98,0.0,0
46986,-2.217,67.62700000000001,0.0,0.0,450.711,0.0,0.0,0.2,5.737,0,1.0,0.425,309.69,0.0,37.800000000000004,35.38502502441406,4.98,0.0,0
46986,-2.217,67.62700000000001,0.0,0.0,450.408,0.0,0.0,0.0,5.737,0,2.0,0.4,309.69,1.0145,38.13,35.38502502441406,4.98,0.0,0
46986,-2.217,67.62700000000001,0.0,0.0,450.529,0.0,0.0,0.2,5.737,0,1.0,0.435,309.825,1.7815,37.86,35.38502502441406,4.98,0.0,0
46986,-2.5580000000000003,67.62700000000001,0.0,0.0,450.65000000000003,0.0,0.0,-0.2,5.737,0,1.0,0.44,309.69,1.4104,37.71,35.38502502441406,4.98,0.0,0
46986,-2.387,67.62700000000001,0.0,0.0,450.65000000000003,0.0,0.0,-0.2,5.737,0,1.0,0.405,309.69,2.1114,37.5,35.38502502441406,4.98,0.0,0
46986,-2.217,67.62700000000001,0.0,0.0,450.529,0.0,0.0,0.2,5.737,0,1.0,0.41000000000000003,309.825,1.4516,37.32,35.38502502441406,4.98,0.0,0
46986,-2.0460000000000003,67.62700000000001,0.0,0.0,450.348,0.0,0.0,-0.2,5.737,0,2.0,0.41000000000000003,309.825,0.5691,36.84,35.38502502441406,4.98,0.0,0
46986,-2.217,67.62700000000001,0.0,0.0,450.59000000000003,0.0,0.0,-0.2,5.737,0,1.0,0.4,309.825,0.14850000000000002,36.6,35.38502502441406,4.98,0.0,0
46986,-2.728,67.62700000000001,0.0,0.0,450.469,0.0,0.0,0.0,5.737,0,2.0,0.435,309.69,-3.4063000000000003,36.480000000000004,35.38502502441406,4.98,0.0,0
46986,-2.217,67.62700000000001,0.0,0.0,450.529,0.0,0.0,-0.2,5.737,0,1.0,0.43,309.69,-3.3651,36.24,35.38502502441406,4.98,0.0,0
46986,-2.217,67.62700000000001,0.0,0.0,450.59000000000003,0.0,0.0,0.0,5.737,0,1.0,0.445,309.69,-4.1321,37.02,35.38502502441406,4.98,0.0,0
46986,-2.217,67.62700000000001,0.0,0.0,450.469,0.0,0.0,0.0,5.737,0,1.0,0.42,309.69,-1.7815,36.75,35.38502502441406,4.98,0.0,0
46986,-2.217,67.62700000000001,0.0,0.0,450.711,0.0,0.0,0.2,5.737,0,1.0,0.43,309.825,2.5486,37.32,35.38502502441406,4.98,0.0,0
46986,-2.217,67.62700000000001,0.0,0.0,450.469,0.0,0.0,-0.2,5.737,0,2.0,0.425,309.69,3.3651,37.08,35.38502502441406,4.98,0.0,0
46986,-2.217,67.62700000000001,0.0,0.0,450.348,0.0,0.0,0.2,5.737,0,1.0,0.42,309.69,0.0,37.5,35.38502502441406,4.98,0.0,0
46986,-2.217,67.62700000000001,0.0,0.0,449.98400000000004,0.0,0.0,-0.2,5.737,0,2.0,0.42,309.6,-3.0187,37.89,35.38502502441406,4.98,0.0,0
46986,-2.387,67.62700000000001,0.0,0.0,450.166,0.0,0.0,0.0,5.737,0,0.0,0.405,309.69,2.4413,38.61,35.38502502441406,4.98,0.0,0
46986,-2.217,67.62700000000001,0.0,0.0,450.59000000000003,0.0,0.0,0.0,5.737,0,2.0,0.435,309.825,1.2537,38.37,35.38502502441406,4.98,0.0,0
46986,-2.217,67.62700000000001,0.0,0.0,450.529,0.0,0.0,0.0,5.737,0,0.0,0.43,309.825,6.9529000000000005,38.28,35.38502502441406,4.98,0.0,0
46986,-2.387,67.62700000000001,0.0,0.0,450.348,0.0,0.0,0.0,5.737,0,2.0,0.41000000000000003,309.69,-0.0907,36.78,35.38502502441406,4.98,0.0,0
46986,-2.0460000000000003,67.62700000000001,0.0,0.0,450.529,0.0,0.0,0.0,5.737,0,2.0,0.41000000000000003,309.825,-2.1774,35.61,35.38502502441406,4.98,0.0,0
46986,-2.217,67.62700000000001,0.0,0.0,450.65000000000003,0.0,0.0,0.2,5.737,0,1.0,0.435,309.825,2.8537000000000003,35.31,35.38502502441406,4.98,0.0,0
46986,-2.217,67.62700000000001,0.0,0.0,450.28700000000003,0.0,0.0,-0.2,5.737,0,1.0,0.41000000000000003,309.69,-1.7155,35.82,35.38502502441406,4.98,0.0,0
46986,-2.217,67.62700000000001,0.0,0.0,450.28700000000003,0.0,0.0,0.0,5.737,0,0.0,0.425,309.69,-2.6393,35.88,35.38502502441406,4.98,0.0,0
46986,-2.217,67.62700000000001,0.5,0.0,450.529,0.0,0.0,0.2,5.737,0,1.0,0.425,309.825,-3.1672000000000002,36.18,35.38502502441406,4.98,0.0,0
46986,-2.387,67.62700000000001,0.0,0.0,450.65000000000003,0.0,0.0,-0.2,5.737,0,1.0,0.47500000000000003,309.825,4.7507,36.75,35.38502502441406,4.98,0.0,0
46986,-2.217,67.62700000000001,0.0,0.0,450.59000000000003,0.0,0.0,0.2,5.737,0,1.0,0.43,309.825,3.4311000000000003,38.1,35.38502502441406,4.98,0.0,0
46986,-2.217,67.62700000000001,0.0,0.0,450.469,0.0,0.0,0.0,5.737,0,2.0,0.405,309.825,2.3754,38.85,35.38502502441406,4.98,0.0,0
46986,-2.217,67.62700000000001,0.0,0.0,450.348,0.0,0.0,-0.2,5.737,0,1.0,0.41000000000000003,309.825,3.0352,38.85,35.38502502441406,4.98,0.0,0
46986,-2.217,67.62700000000001,0.0,0.0,450.711,0.0,0.0,0.0,5.737,0,2.0,0.41500000000000004,309.69,-5.4435,37.980000000000004,35.38502502441406,4.98,0.0,0
46986,-2.217,67.62700000000001,0.5,0.0,450.711,0.0,0.0,0.2,5.737,0,1.0,0.435,309.69,-5.6745,37.77,35.38502502441406,4.98,0.0,0
46986,-2.217,67.62700000000001,0.5,0.0,450.469,0.0,0.0,0.0,5.737,0,2.0,0.395,309.69,-1.4846000000000001,37.5,35.38502502441406,4.98,0.0,0
46986,-2.217,67.62700000000001,0.0,0.0,450.711,0.0,0.0,0.0,5.737,0,1.0,0.43,309.825,3.1672000000000002,37.02,35.38502502441406,4.98,0.0,0
46986,-2.5580000000000003,67.62700000000001,0.0,0.0,450.65000000000003,0.0,0.0,0.0,5.737,0,2.0,0.4,309.825,4.651800000000001,36.15,35.38502502441406,4.98,0.0,0
46986,-2.5580000000000003,67.62700000000001,-1.0,0.0,450.28700000000003,0.0,0.0,0.0,5.737,0,1.0,0.405,309.69,0.0,36.06,35.38502502441406,4.98,0.0,0
46986,-2.387,67.62700000000001,-0.5,0.0,450.28700000000003,0.0,0.0,0.2,5.737,0,2.0,0.39,309.69,-1.2207000000000001,35.7,35.38502502441406,4.98,0.0,0
46986,-2.217,67.62700000000001,0.0,0.0,450.348,0.0,0.0,0.2,5.737,0,1.0,0.435,309.825,1.0557,35.76,35.38502502441406,4.98,0.0,0
46986,-2.387,67.62700000000001,-1.0,0.0,450.348,0.0,0.0,0.2,5.737,0,2.0,0.46,309.69,-3.1672000000000002,36.51,35.38502502441406,4.98,0.0,0
46986,-2.217,67.62700000000001,0.0,0.0,450.711,0.0,0.0,0.0,5.737,0,2.0,0.405,309.825,-2.1114,38.01,35.38502502441406,4.98,0.0,0
46986,-2.387,67.62700000000001,0.0,0.0,450.529,0.0,0.0,0.0,5.737,0,1.0,0.43,309.825,2.3754,38.910000000000004,35.38502502441406,4.98,0.0,0
46986,-2.217,67.62700000000001,0.0,0.0,450.408,0.0,0.0,0.0,5.737,0,2.0,0.395,309.825,4.7507,38.76,35.38502502441406,4.98,0.0,0
46986,-2.387,67.62700000000001,0.0,0.0,450.771,0.0,0.0,0.2,5.737,0,1.0,0.405,309.69,-5.4435,38.160000000000004,35.38502502441406,4.98,0.0,0
46986,-2.5580000000000003,67.62700000000001,1.0,0.0,450.65000000000003,0.0,0.0,0.2,5.737,0,2.0,0.39,309.825,-1.8475000000000001,37.29,35.38502502441406,4.98,0.0,0
46986,-2.5580000000000003,67.62700000000001,0.0,0.0,450.469,0.0,0.0,0.0,5.737,0,1.0,0.36,309.825,2.1114,37.44,35.38502502441406,4.98,0.0,0
46986,-2.217,67.62700000000001,0.0,0.0,450.59000000000003,0.0,0.0,-0.2,5.737,0,1.0,0.4,309.6,-2.5073000000000003,37.62,35.38502502441406,4.98,0.0,0
46986,-2.217,67.62700000000001,1.0,0.0,450.65000000000003,0.0,0.0,0.0,5.737,0,2.0,0.385,309.825,-2.9032,37.17,35.38502502441406,4.98,0.0,0
46986,-2.217,67.62700000000001,-1.0,0.0,450.166,0.0,0.0,0.0,5.737,0,1.0,0.395,309.69,-0.39590000000000003,36.99,35.38502502441406,4.98,0.0,0
46986,-2.217,67.62700000000001,0.0,0.0,450.28700000000003,0.0,0.0,-0.2,5.737,0,2.0,0.42,309.825,5.641500000000001,36.36,35.38502502441406,4.98,0.0,0
46986,-2.217,67.62700000000001,0.5,0.0,450.348,0.0,0.0,-0.2,5.737,0,0.0,0.41000000000000003,309.825,1.4516,36.06,35.38502502441406,4.98,0.0,0
46986,-2.217,67.62700000000001,-1.0,0.0,450.469,0.0,0.0,0.0,5.737,0,1.0,0.4,309.825,0.4289,36.51,35.38502502441406,4.98,0.0,0
46986,-2.217,67.62700000000001,-1.0,0.0,450.65000000000003,0.0,0.0,0.0,5.737,0,1.0,0.41500000000000004,309.69,-2.7713,37.77,35.38502502441406,4.98,0.0,0
46986,-2.387,67.62700000000001,1.0,0.0,450.65000000000003,0.0,0.0,-0.2,5.737,0,1.0,0.435,309.69,-3.3404000000000003,37.83,35.38502502441406,4.98,0.0,0
46986,-2.5580000000000003,67.62700000000001,0.0,0.0,450.348,0.0,0.0,-0.2,5.737,0,1.0,0.41500000000000004,309.825,-1.9795,39.36,35.38502502441406,4.98,0.0,0
46986,-2.217,67.62700000000001,0.0,0.0,450.711,0.0,0.0,0.2,5.737,0,1.0,0.41000000000000003,309.825,-0.5938,39.21,35.38502502441406,4.98,0.0,0
46986,-2.217,67.62700000000001,0.0,0.0,450.711,0.0,0.0,-0.2,5.737,0,1.0,0.4,309.915,4.1816,38.82,35.38502502441406,4.98,0.0,0
46986,-2.387,67.62700000000001,0.0,0.0,450.711,0.0,0.0,0.0,5.737,0,1.0,0.395,309.825,3.761,38.1,35.38502502441406,4.98,0.0,0
46986,-2.0460000000000003,67.62700000000001,1.0,0.0,450.529,0.0,0.0,0.2,5.737,0,1.0,0.425,309.825,0.5031,37.62,35.38502502441406,4.98,0.0,0
46986,-2.387,67.62700000000001,-0.5,0.0,450.65000000000003,0.0,0.0,0.2,5.737,0,1.0,0.395,309.825,-2.3589,37.65,35.38502502441406,4.98,0.0,0
46986,-2.217,67.62700000000001,0.0,0.0,450.711,0.0,0.0,-0.2,5.737,0,1.0,0.395,309.825,-2.6888,38.04,35.38502502441406,4.98,0.0,0
46986,-2.217,67.62700000000001,0.0,0.0,450.892,0.0,0.0,0.2,5.737,0,1.0,0.405,309.825,-2.7713,37.17,35.38502502441406,4.98,0.0,0
46986,-2.387,67.62700000000001,0.0,0.0,450.892,0.0,0.0,0.0,5.737,0,1.0,0.395,309.825,1.1877,36.93,35.38502502441406,4.98,0.0,0
46986,-2.217,67.62700000000001,0.0,0.0,450.529,0.0,0.0,0.0,5.737,0,1.0,0.385,309.69,0.5526,35.67,35.38502502441406,4.98,0.0,0
46986,-2.217,67.62700000000001,0.5,0.0,450.831,0.0,0.0,0.0,5.737,0,1.0,0.41500000000000004,309.825,-0.0247,35.550000000000004,35.38502502441406,4.98,0.0,0
46986,-2.217,67.62700000000001,-1.0,0.0,450.771,0.0,0.0,0.0,5.737,0,2.0,0.435,309.825,1.7815,36.480000000000004,35.38502502441406,4.98,0.0,0
46986,-2.0460000000000003,67.62700000000001,-0.5,0.0,450.59000000000003,0.0,0.0,0.0,5.737,0,1.0,0.38,309.69,0.5031,37.89,35.38502502441406,4.98,0.0,0
46986,-2.0460000000000003,67.62700000000001,0.0,0.0,450.59000000000003,0.0,0.0,0.2,5.737,0,2.0,0.405,309.915,0.7753,38.910000000000004,35.38502502441406,4.98,0.0,0
46986,-2.0460000000000003,67.62700000000001,0.0,0.0,450.59000000000003,0.0,0.0,0.0,5.737,0,0.0,0.435,309.825,1.4021000000000001,39.21,35.38502502441406,4.98,0.0,0
46986,-2.217,67.62700000000001,0.0,0.0,450.711,0.0,0.0,0.0,5.737,0,1.0,0.42,309.825,-2.5981,38.76,35.38502502441406,4.98,0.0,0
46986,-2.217,67.62700000000001,-1.0,0.0,450.711,0.0,0.0,0.0,5.737,0,1.0,0.405,309.69,-6.4415000000000004,37.92,35.38502502441406,4.98,0.0,0
46986,-2.217,67.62700000000001,0.0,0.0,450.529,0.0,0.0,0.2,5.737,0,1.0,0.405,309.69,-0.9650000000000001,37.08,35.38502502441406,4.98,0.0,0
46986,-2.217,67.62700000000001,0.0,0.0,450.711,0.0,0.0,-0.2,5.737,0,2.0,0.44,309.825,1.5588000000000002,36.75,35.38502502441406,4.98,0.0,0
46986,-2.387,67.62700000000001,0.5,0.0,450.831,0.0,0.0,0.0,5.737,0,1.0,0.42,309.825,4.1321,36.0,35.38502502441406,4.98,0.0,0
46986,-2.217,67.62700000000001,0.0,0.0,450.711,0.0,0.0,-0.2,5.737,0,1.0,0.425,309.825,1.1629,35.910000000000004,35.38502502441406,4.98,0.0,0
46986,-1.8760000000000001,67.62700000000001,0.0,0.0,450.469,0.0,0.0,0.0,5.737,0,2.0,0.42,309.825,0.7918000000000001,35.910000000000004,35.38502502441406,4.98,0.0,0
46986,-2.217,67.62700000000001,0.0,0.0,450.348,0.0,0.0,-0.2,5.737,0,1.0,0.405,309.69,-3.0682,35.64,35.38502502441406,4.98,0.0,0
46986,-2.217,67.62700000000001,-1.0,0.0,450.59000000000003,0.0,0.0,0.0,5.737,0,1.0,0.39,309.69,-1.5836000000000001,35.34,35.38502502441406,4.98,0.0,0
46986,-2.217,67.62700000000001,0.0,0.0,450.711,0.0,0.0,0.0,5.737,0,1.0,0.405,309.825,2.3754,36.24,35.38502502441406,4.98,0.0,0
46986,-2.387,67.62700000000001,0.0,0.0,450.529,0.0,0.0,0.0,5.737,0,2.0,0.41500000000000004,309.825,3.9589000000000003,37.410000000000004,35.38502502441406,4.98,0.0,0
46986,-2.387,67.62700000000001,-0.5,0.0,450.59000000000003,0.0,0.0,0.2,5.737,0,0.0,0.405,309.825,-0.099,38.61,35.38502502441406,4.98,0.0,0
46986,-2.387,67.62700000000001,0.0,0.0,450.952,0.0,0.0,0.0,5.737,0,2.0,0.42,309.6,-4.2229,39.39,35.38502502441406,4.98,0.0,0
46986,-2.0460000000000003,67.62700000000001,0.0,0.0,450.711,0.0,0.0,0.0,5.737,0,0.0,0.425,309.69,-4.3878,38.49,35.38502502441406,4.98,0.0,0
46986,-2.217,67.62700000000001,1.0,0.0,450.65000000000003,0.0,0.0,-0.2,5.737,0,1.0,0.41500000000000004,309.825,2.1114,37.38,35.38502502441406,4.98,0.0,0
46986,-2.387,67.62700000000001,0.0,0.0,450.771,0.0,0.0,0.0,5.737,0,1.0,0.425,309.825,5.641500000000001,37.08,35.38502502441406,4.98,0.0,0
46986,-2.217,67.62700000000001,0.0,0.0,450.711,0.0,0.0,0.2,5.737,0,1.0,0.395,309.69,-2.9032,36.36,35.38502502441406,4.98,0.0,0
46986,-2.217,67.62700000000001,0.0,0.0,450.952,0.0,0.0,0.0,5.737,0,2.0,0.41000000000000003,309.69,0.099,36.03,35.38502502441406,4.98,0.0,0
46986,-2.0460000000000003,67.62700000000001,0.0,0.0,450.711,0.0,0.0,0.2,5.737,0,1.0,0.41500000000000004,309.69,-0.7918000000000001,36.27,35.38502502441406,4.98,0.0,0
46986,-2.217,67.62700000000001,0.0,0.0,450.59000000000003,0.0,0.0,0.0,5.737,0,2.0,0.39,309.825,-0.8908,35.46,35.38502502441406,4.98,0.0,0
46986,-2.217,67.62700000000001,0.0,0.0,450.831,0.0,0.0,0.0,5.737,0,1.0,0.405,309.69,-1.1877,34.74,35.38502502441406,4.98,0.0,0
46986,-2.217,67.62700000000001,0.0,0.0,450.59000000000003,0.0,0.0,0.0,5.737,0,1.0,0.39,309.825,-0.099,35.550000000000004,35.38502502441406,4.98,0.0,0
46986,-2.217,67.62700000000001,0.0,0.0,450.771,0.0,0.0,0.0,5.737,0,1.0,0.405,309.825,0.7918000000000001,37.050000000000004,35.38502502441406,4.98,0.0,0
46986,-2.217,67.62700000000001,0.0,0.0,451.01300000000003,0.0,0.0,-0.2,5.737,0,1.0,0.405,309.69,-2.3754,38.13,35.38502502441406,4.98,0.0,0
46986,-2.5580000000000003,67.62700000000001,0.0,0.0,450.65000000000003,0.0,0.0,0.0,5.737,0,1.0,0.41000000000000003,309.915,0.6598,38.76,35.38502502441406,4.98,0.0,0
46986,-2.0460000000000003,67.62700000000001,0.0,0.0,450.59000000000003,0.0,0.0,0.0,5.737,0,0.0,0.405,309.69,3.794,39.0,35.38502502441406,4.98,0.0,0
46986,-2.0460000000000003,67.62700000000001,0.0,0.0,450.952,0.0,0.0,0.0,5.737,0,2.0,0.395,309.825,1.4516,39.27,35.38502502441406,4.98,0.0,0
46986,-2.0460000000000003,67.62700000000001,0.0,0.0,450.892,0.0,0.0,0.2,5.737,0,1.0,0.39,309.69,-1.9465000000000001,38.01,35.38502502441406,4.98,0.0,0
46986,-1.8760000000000001,67.62700000000001,1.0,0.0,450.65000000000003,0.0,0.0,-0.2,5.737,0,1.0,0.41500000000000004,309.69,1.1877,37.050000000000004,35.38502502441406,4.98,0.0,0
46986,-2.217,67.62700000000001,0.0,0.0,450.65000000000003,0.0,0.0,0.0,5.737,0,0.0,0.42,309.825,3.9589000000000003,36.12,35.38502502441406,4.98,0.0,0
46986,-2.0460000000000003,67.62700000000001,0.0,0.0,450.59000000000003,0.0,0.0,0.0,5.737,0,2.0,0.43,309.825,2.2434000000000003,35.1,35.38502502441406,4.98,0.0,0
46986,-2.217,67.62700000000001,0.0,0.0,450.59000000000003,0.0,0.0,0.0,5.737,0,2.0,0.42,309.69,1.1217000000000001,35.04,35.38502502441406,4.98,0.0,0
46986,-2.217,67.62700000000001,0.0,0.0,450.59000000000003,0.0,0.0,0.0,5.737,0,1.0,0.435,309.825,-1.6083,35.49,35.38502502441406,4.98,0.0,0
46986,-2.217,67.62700000000001,0.0,0.0,450.711,0.0,0.0,-0.2,5.737,0,2.0,0.41500000000000004,309.69,1.9382000000000001,35.19,35.38502502441406,4.98,0.0,0
46986,-1.705,67.62700000000001,0.0,0.0,450.529,0.0,0.0,0.0,5.737,0,1.0,0.42,309.825,1.7815,36.480000000000004,35.38502502441406,4.98,0.0,0
46986,-2.217,67.62700000000001,1.0,0.0,450.65000000000003,0.0,0.0,0.2,5.737,0,2.0,0.39,309.69,1.0805,37.230000000000004,35.38502502441406,4.98,0.0,0
46986,-2.387,67.62700000000001,0.0,0.0,450.831,0.0,0.0,0.0,5.737,0,0.0,0.405,309.825,-1.5011,37.83,35.38502502441406,4.98,0.0,0
46986,-2.217,67.62700000000001,0.0,0.0,450.831,0.0,0.0,0.0,5.737,0,2.0,0.4,309.69,-0.37120000000000003,38.07,35.38502502441406,4.98,0.0,0
46986,-2.0460000000000003,67.62700000000001,0.0,0.0,450.892,0.0,0.0,-0.2,5.737,0,1.0,0.41000000000000003,309.825,0.7918000000000001,37.65,35.38502502441406,4.98,0.0,0
46986,-2.217,67.62700000000001,0.0,0.0,450.711,0.0,0.0,0.0,5.737,0,1.0,0.43,309.825,1.5836000000000001,37.71,35.38502502441406,4.98,0.0,0
46986,-2.0460000000000003,67.62700000000001,0.0,0.0,450.529,0.0,0.0,0.0,5.737,0,2.0,0.41000000000000003,309.825,2.0455,36.93,35.38502502441406,4.98,0.0,0
46986,-1.8760000000000001,67.62700000000001,0.0,0.0,450.892,0.0,0.0,0.0,5.737,0,0.0,0.41500000000000004,309.825,-6.0044,36.480000000000004,35.38502502441406,4.98,0.0,0
46986,-2.217,67.62700000000001,-1.0,0.0,450.65000000000003,0.0,0.0,0.0,5.737,0,2.0,0.425,309.915,2.8207,35.76,35.38502502441406,4.98,0.0,0
46986,-2.387,67.62700000000001,0.0,0.0,450.711,0.0,0.0,0.0,5.737,0,0.0,0.41000000000000003,309.69,3.4558,35.58,35.38502502441406,4.98,0.0,0
46986,-2.217,67.62700000000001,0.0,0.0,450.65000000000003,0.0,0.0,0.0,5.737,0,1.0,0.41000000000000003,309.825,0.17320000000000002,34.92,35.38502502441406,4.98,0.0,0
46986,-2.0460000000000003,67.62700000000001,0.0,0.0,450.952,0.0,0.0,0.0,5.737,0,1.0,0.385,309.825,-2.4908,34.77,35.38502502441406,4.98,0.0,0
46986,-2.217,67.62700000000001,0.0,0.0,450.831,0.0,0.0,0.0,5.737,0,1.0,0.375,309.825,-0.5938,35.49,35.38502502441406,4.98,0.0,0
46986,-2.0460000000000003,67.62700000000001,0.0,0.0,450.771,0.0,0.0,0.0,5.737,0,2.0,0.455,309.825,0.19790000000000002,36.6,35.38502502441406,4.98,0.0,0
46986,-2.0460000000000003,67.62700000000001,0.0,0.0,450.711,0.0,0.0,0.0,5.737,0,1.0,0.38,309.69,-0.17320000000000002,37.44,35.38502502441406,4.98,0.0,0
46986,-2.217,67.62700000000001,0.0,0.0,450.711,0.0,0.0,-0.2,5.737,0,2.0,0.385,309.69,-0.9650000000000001,38.76,35.38502502441406,4.98,0.0,0
46986,-2.217,67.62700000000001,0.0,0.0,450.831,0.0,0.0,0.2,5.737,0,1.0,0.365,309.825,-1.1217000000000001,38.4,35.38502502441406,4.98,0.0,0
46986,-2.217,67.62700000000001,0.0,0.0,450.65000000000003,0.0,0.0,-0.2,5.737,0,2.0,0.44,309.69,-0.6598,37.83,35.38502502441406,4.98,0.0,0
46986,-2.217,67.62700000000001,0.0,0.0,450.59000000000003,0.0,0.0,0.0,5.737,0,1.0,0.41500000000000004,309.825,1.3609,37.56,35.38502502441406,4.98,0.0,0
46986,-2.0460000000000003,67.62700000000001,0.0,0.0,450.711,0.0,0.0,0.2,5.737,0,1.0,0.405,309.69,-3.1424000000000003,37.56,35.38502502441406,4.98,0.0,0
46986,-2.217,67.62700000000001,0.0,0.0,450.65000000000003,0.0,0.0,0.0,5.737,0,2.0,0.385,309.825,1.5588000000000002,37.14,35.38502502441406,4.98,0.0,0
46986,-2.0460000000000003,67.62700000000001,0.0,0.0,450.59000000000003,0.0,0.0,-0.2,5.737,0,1.0,0.41500000000000004,309.825,2.7713,36.57,35.38502502441406,4.98,0.0,0
46986,-2.217,67.62700000000001,0.0,0.0,450.59000000000003,0.0,0.0,0.0,5.737,0,2.0,0.39,309.825,2.6146000000000003,36.09,35.38502502441406,4.98,0.0,0
46986,-2.217,67.62700000000001,0.0,0.0,450.348,0.0,0.0,0.0,5.737,0,1.0,0.39,309.825,-0.066,35.49,35.38502502441406,4.98,0.0,0
46986,-2.0460000000000003,67.62700000000001,0.0,0.0,450.348,0.0,0.0,0.2,5.737,0,1.0,0.41500000000000004,309.69,-1.3856000000000002,34.68,35.38502502441406,4.98,0.0,0
46986,-2.217,67.62700000000001,0.0,0.0,450.28700000000003,0.0,0.0,0.2,5.737,0,1.0,0.42,309.825,-0.9897,35.76,35.38502502441406,4.98,0.0,0
46986,-2.0460000000000003,67.62700000000001,0.0,0.0,450.22700000000003,0.0,0.0,0.0,5.737,0,1.0,0.42,309.825,-1.1877,37.35,35.38502502441406,4.98,0.0,0
46986,-2.0460000000000003,67.62700000000001,0.0,0.0,450.408,0.0,0.0,0.0,5.737,0,1.0,0.42,309.825,-0.6186,38.730000000000004,35.38502502441406,4.98,0.0,0
46986,-2.0460000000000003,67.62700000000001,0.0,0.0,450.28700000000003,0.0,0.0,0.0,5.737,0,1.0,0.39,309.69,-0.9650000000000001,39.81,35.38502502441406,4.98,0.0,0
46986,-2.217,67.62700000000001,0.0,0.0,450.166,0.0,0.0,0.0,5.737,0,1.0,0.405,309.69,-0.37120000000000003,39.45,35.38502502441406,4.98,0.0,0
46986,-2.0460000000000003,67.62700000000001,0.0,0.0,450.106,0.0,0.0,0.0,5.737,0,1.0,0.38,309.825,-1.8063,38.550000000000004,35.38502502441406,4.98,0.0,0
46986,-2.217,67.62700000000001,0.0,0.0,450.045,0.0,0.0,0.0,5.737,0,1.0,0.37,309.825,-1.9795,38.43,35.38502502441406,4.98,0.0,0
46986,-2.217,67.62700000000001,0.0,0.0,450.22700000000003,0.0,0.0,0.2,5.737,0,1.0,0.4,309.825,0.6928000000000001,37.5,35.38502502441406,4.98,0.0,0
46986,-2.0460000000000003,67.62700000000001,0.0,0.0,450.166,0.0,0.0,0.0,5.737,0,2.0,0.42,309.825,3.1672000000000002,37.230000000000004,35.38502502441406,4.98,0.0,0
46986,-2.0460000000000003,67.62700000000001,0.0,0.0,450.045,0.0,0.0,0.0,5.737,0,1.0,0.395,309.915,1.7815,37.230000000000004,35.38502502441406,4.98,0.0,0
46986,-1.8760000000000001,67.62700000000001,0.0,0.0,450.28700000000003,0.0,0.0,0.0,5.737,0,1.0,0.405,309.69,-1.5836000000000001,36.39,35.38502502441406,4.98,0.0,0
46986,-2.217,67.62700000000001,0.0,0.0,450.529,0.0,0.0,0.0,5.737,0,1.0,0.395,309.825,-0.5279,35.67,35.38502502441406,4.98,0.0,0
46986,-2.0460000000000003,67.62700000000001,0.0,0.0,450.711,0.0,0.0,0.2,5.737,0,1.0,0.39,309.825,-0.2639,35.1,35.38502502441406,4.98,0.0,0
46986,-1.8760000000000001,67.62700000000001,0.0,0.0,450.65000000000003,0.0,0.0,0.0,5.737,0,1.0,0.37,309.915,4.8497,35.76,35.38502502441406,4.98,0.0,0
46986,-2.0460000000000003,67.62700000000001,0.0,0.0,450.348,0.0,0.0,0.0,5.737,0,3.0,0.365,309.69,-1.3196,36.99,35.38502502441406,4.98,0.0,0
46986,-2.0460000000000003,67.62700000000001,0.0,0.0,449.98400000000004,0.0,0.0,0.0,5.737,0,1.0,0.375,309.825,0.0,38.730000000000004,35.38502502441406,4.98,0.0,0
46986,-1.8760000000000001,67.62700000000001,-0.5,0.0,450.166,0.0,0.0,0.2,5.737,0,2.0,0.4,309.69,-1.4516,39.72,35.38502502441406,4.98,0.0,0
46986,-1.5350000000000001,67.62700000000001,0.0,0.0,450.22700000000003,0.0,0.0,-0.2,5.737,0,1.0,0.39,309.69,-2.1114,39.78,35.38502502441406,4.98,0.0,0
46986,-2.0460000000000003,67.62700000000001,0.0,0.0,450.469,0.0,0.0,-0.2,5.737,0,1.0,0.39,309.825,-2.6393,38.67,35.38502502441406,4.98,0.0,0
46986,-2.0460000000000003,67.62700000000001,0.0,0.0,450.166,0.0,0.0,0.2,5.737,0,1.0,0.41500000000000004,309.69,0.7918000000000001,37.53,35.38502502441406,4.98,0.0,0
46986,-1.8760000000000001,67.62700000000001,0.0,0.0,450.28700000000003,0.0,0.0,0.0,5.737,0,2.0,0.375,309.69,-1.1877,36.78,35.38502502441406,4.98,0.0,0
46986,-2.217,67.62700000000001,0.0,0.0,450.166,0.0,0.0,-0.2,5.737,0,1.0,0.38,309.69,-1.4846000000000001,37.02,35.38502502441406,4.98,0.0,0
46986,-2.217,67.62700000000001,0.0,0.0,449.98400000000004,0.0,0.0,0.0,5.737,0,1.0,0.41500000000000004,309.825,4.7507,37.02,35.38502502441406,4.98,0.0,0
46986,-2.217,67.62700000000001,0.0,0.0,449.742,0.0,0.0,0.0,5.737,0,1.0,0.39,309.825,-0.099,37.11,35.38502502441406,4.98,0.0,0
46986,-2.0460000000000003,67.62700000000001,0.0,0.0,449.98400000000004,0.0,0.0,0.0,5.737,0,2.0,0.41000000000000003,309.825,2.3754,36.33,35.38502502441406,4.98,0.0,0
46986,-2.217,67.62700000000001,0.0,0.0,450.348,0.0,0.0,0.0,5.737,0,2.0,0.39,309.825,-0.7918000000000001,35.43,35.38502502441406,4.98,0.0,0
46986,-2.217,67.62700000000001,0.0,0.0,450.22700000000003,0.0,0.0,0.0,5.737,0,1.0,0.395,309.69,-3.1672000000000002,36.03,35.38502502441406,4.98,0.0,0
46986,-2.217,67.62700000000001,0.0,0.0,450.28700000000003,0.0,0.0,-0.2,5.737,0,1.0,0.41000000000000003,309.69,-0.6928000000000001,37.02,35.38502502441406,4.98,0.0,0
46986,-2.217,67.62700000000001,0.0,0.0,450.166,0.0,0.0,-0.2,5.737,0,1.0,0.42,309.825,0.0,38.22,35.38502502441406,4.98,0.0,0
46986,-2.217,67.62700000000001,0.0,0.0,450.106,0.0,0.0,0.0,5.737,0,1.0,0.4,309.825,3.3321,38.82,35.38502502441406,4.98,0.0,0
46986,-2.217,67.62700000000001,0.0,0.0,450.348,0.0,0.0,0.0,5.737,0,1.0,0.375,309.825,2.5073000000000003,38.49,35.38502502441406,4.98,0.0,0
46986,-2.217,67.62700000000001,0.0,0.0,450.348,0.0,0.0,-0.2,5.737,0,1.0,0.38,309.69,0.9897,38.49,35.38502502441406,4.98,0.0,0
46986,-2.0460000000000003,67.62700000000001,0.0,0.0,450.529,0.0,0.0,0.0,5.737,0,1.0,0.405,309.69,-3.8022,37.95,35.38502502441406,4.98,0.0,0
46986,-1.8760000000000001,67.62700000000001,0.0,0.0,450.166,0.0,0.0,0.2,5.737,0,1.0,0.41000000000000003,309.825,-2.8372,37.2,35.38502502441406,4.98,0.0,0
46986,-2.0460000000000003,67.62700000000001,0.0,0.0,449.92400000000004,0.0,0.0,0.0,5.737,0,1.0,0.385,309.825,1.7815,36.9,35.38502502441406,4.98,0.0,0
46986,-2.217,67.62700000000001,0.0,0.0,450.348,0.0,0.0,0.2,5.737,0,1.0,0.39,309.69,4.486800000000001,36.57,35.38502502441406,4.98,0.0,0
46986,-2.217,67.62700000000001,0.0,0.0,450.59000000000003,0.0,0.0,0.0,5.737,0,1.0,0.385,309.825,-2.4001,36.99,35.38502502441406,4.98,0.0,0
46986,-2.217,67.62700000000001,0.0,0.0,450.28700000000003,0.0,0.0,0.0,5.737,0,2.0,0.39,309.69,-3.8682000000000003,36.84,35.38502502441406,4.98,0.0,0
46986,-2.0460000000000003,67.62700000000001,0.0,0.0,450.348,0.0,0.0,0.2,5.737,0,1.0,0.395,309.825,1.864,36.06,35.38502502441406,4.98,0.0,0
46986,-2.0460000000000003,67.62700000000001,0.5,0.0,450.28700000000003,0.0,0.0,0.0,5.737,0,1.0,0.41500000000000004,309.69,1.1464,35.97,35.38502502441406,4.98,0.0,0
46986,-2.0460000000000003,67.62700000000001,0.5,0.0,450.106,0.0,0.0,-0.2,5.737,0,2.0,0.38,309.69,1.8475000000000001,35.97,35.38502502441406,4.98,0.0,0
46986,-1.8760000000000001,67.62700000000001,0.0,0.0,450.22700000000003,0.0,0.0,-0.2,5.737,0,1.0,0.405,309.825,-0.7918000000000001,37.410000000000004,35.38502502441406,4.98,0.0,0
46986,-2.217,67.62700000000001,-0.5,0.0,450.045,0.0,0.0,0.0,5.737,0,1.0,0.41000000000000003,309.825,-0.1155,38.550000000000004,35.38502502441406,4.98,0.0,0
46986,-1.8760000000000001,67.62700000000001,0.0,0.0,449.56100000000004,0.0,0.0,0.0,5.737,0,1.0,0.4,309.825,2.3506,38.97,35.38502502441406,4.98,0.0,0
46986,-2.387,67.62700000000001,0.0,0.0,450.28700000000003,0.0,0.0,0.0,5.737,0,1.0,0.39,309.915,1.2372,38.19,35.38502502441406,4.98,0.0,0
46986,-1.8760000000000001,67.62700000000001,0.0,0.0,449.98400000000004,0.0,0.0,0.0,5.737,0,1.0,0.405,309.825,1.3856000000000002,38.1,35.38502502441406,4.98,0.0,0
46986,-2.0460000000000003,67.62700000000001,0.0,0.0,450.045,0.0,0.0,0.2,5.737,0,1.0,0.395,309.69,-0.3052,37.2,35.38502502441406,4.98,0.0,0
46986,-2.217,67.62700000000001,0.0,0.0,450.408,0.0,0.0,0.0,5.737,0,1.0,0.385,309.825,0.28040000000000004,36.45,35.38502502441406,4.98,0.0,0
46986,-2.217,67.62700000000001,0.0,0.0,450.408,0.0,0.0,0.0,5.737,0,1.0,0.375,309.69,-3.8517,36.84,35.38502502441406,4.98,0.0,0
46986,-2.0460000000000003,67.62700000000001,0.0,0.0,449.98400000000004,0.0,0.0,0.0,5.737,0,1.0,0.375,309.825,-3.3898,36.63,35.38502502441406,4.98,0.0,0
46986,-2.0460000000000003,67.62700000000001,0.0,0.0,450.166,0.0,0.0,0.0,5.737,0,1.0,0.4,309.825,-1.2537,36.39,35.38502502441406,4.98,0.0,0
46986,-2.217,67.62700000000001,0.0,0.0,450.106,0.0,0.0,-0.2,5.737,0,1.0,0.36,309.69,6.334300000000001,36.21,35.38502502441406,4.98,0.0,0
46986,-1.705,67.62700000000001,-0.5,0.0,449.863,0.0,0.0,0.0,5.737,0,1.0,0.41500000000000004,309.69,0.5938,37.14,35.38502502441406,4.98,0.0,0
46986,-2.217,67.62700000000001,0.0,0.0,450.045,0.0,0.0,0.0,5.737,0,1.0,0.41500000000000004,309.825,-5.6745,38.160000000000004,35.38502502441406,4.98,0.0,0
46986,-2.0460000000000003,67.62700000000001,0.0,0.0,450.106,0.0,0.0,0.0,5.737,0,2.0,0.395,309.825,2.6558,38.67,35.38502502441406,4.98,0.0,0
46986,-2.217,67.62700000000001,0.0,0.0,450.348,0.0,0.0,-0.2,5.737,0,2.0,0.395,309.825,5.7157,38.01,35.38502502441406,4.98,0.0,0
46986,-2.0460000000000003,67.62700000000001,0.0,0.0,450.469,0.0,0.0,0.0,5.737,0,1.0,0.385,309.69,-3.563,37.89,35.38502502441406,4.98,0.0,0
46986,-1.8760000000000001,67.62700000000001,0.0,0.0,450.469,0.0,0.0,0.0,5.737,0,1.0,0.38,309.825,-1.1877,37.89,35.38502502441406,4.98,0.0,0
46986,-2.0460000000000003,67.62700000000001,0.0,0.0,450.469,0.0,0.0,0.0,5.737,0,1.0,0.395,309.69,-1.5588000000000002,38.4,35.38502502441406,4.98,0.0,0
46986,-2.217,67.62700000000001,0.0,0.0,449.98400000000004,0.0,0.0,0.0,5.737,0,1.0,0.385,309.825,0.9650000000000001,37.5,35.38502502441406,4.98,0.0,0
46986,-2.217,67.62700000000001,0.0,0.0,450.106,0.0,0.0,0.2,5.737,0,1.0,0.39,309.825,2.7713,36.81,35.38502502441406,4.98,0.0,0
46986,-2.217,67.62700000000001,0.0,0.0,450.529,0.0,0.0,0.2,5.737,0,1.0,0.405,309.69,1.3856000000000002,35.730000000000004,35.38502502441406,4.98,0.0,0
46986,-1.8760000000000001,67.62700000000001,0.0,0.0,450.28700000000003,0.0,0.0,0.0,5.737,0,2.0,0.42,309.825,-1.3856000000000002,34.95,35.38502502441406,4.98,0.0,0
46986,-2.0460000000000003,67.62700000000001,0.0,0.0,450.348,0.0,0.0,0.0,5.737,0,1.0,0.385,309.69,-0.17320000000000002,34.59,35.38502502441406,4.98,0.0,0
46986,-2.217,67.62700000000001,0.0,0.0,450.166,0.0,0.0,0.0,5.737,0,2.0,0.385,309.915,2.6228000000000002,35.79,35.38502502441406,4.98,0.0,0
46986,-1.8760000000000001,67.62700000000001,0.0,0.0,450.166,0.0,0.0,0.0,5.737,0,1.0,0.385,309.915,3.4311000000000003,36.06,35.38502502441406,4.98,0.0,0
46986,-2.217,67.62700000000001,0.0,0.0,450.348,0.0,0.0,0.2,5.737,0,1.0,0.38,309.825,1.3196,37.74,35.38502502441406,4.98,0.0,0
46986,-1.705,67.62700000000001,0.0,0.0,450.106,0.0,0.0,0.0,5.737,0,1.0,0.395,309.69,0.5279,37.86,35.38502502441406,4.98,0.0,0
46986,-2.0460000000000003,67.62700000000001,0.5,0.0,449.98400000000004,0.0,0.0,0.0,5.737,0,2.0,0.405,309.69,-1.6826,37.77,35.38502502441406,4.98,0.0,0
46986,-2.387,67.62700000000001,0.0,0.0,450.166,0.0,0.0,0.2,5.737,0,1.0,0.375,309.825,-1.0557,37.2,35.38502502441406,4.98,0.0,0
46986,-2.217,67.62700000000001,0.0,0.0,450.348,0.0,0.0,0.0,5.737,0,1.0,0.41500000000000004,309.825,1.2207000000000001,37.44,35.38502502441406,4.98,0.0,0
46986,-2.0460000000000003,67.62700000000001,0.0,0.0,450.166,0.0,0.0,0.0,5.737,0,0.0,0.39,309.825,4.0909,37.65,35.38502502441406,4.98,0.0,0
46986,-2.0460000000000003,67.62700000000001,0.0,0.0,450.348,0.0,0.0,0.2,5.737,0,1.0,0.38,309.915,0.9897,37.95,35.38502502441406,4.98,0.0,0
46986,-2.217,67.62700000000001,0.0,0.0,450.65000000000003,0.0,0.0,0.2,5.737,0,1.0,0.39,309.69,-3.2991,37.050000000000004,35.38502502441406,4.98,0.0,0
46986,-2.217,67.62700000000001,0.0,0.0,450.348,0.0,0.0,0.0,5.737,0,1.0,0.38,309.825,-3.6950000000000003,35.550000000000004,35.38502502441406,4.98,0.0,0
46986,-2.0460000000000003,67.62700000000001,0.0,0.0,449.98400000000004,0.0,0.0,0.2,5.737,0,1.0,0.355,309.69,-5.806500000000001,34.230000000000004,35.38502502441406,4.98,0.0,0
46986,-2.0460000000000003,67.62700000000001,0.0,0.0,450.045,0.0,0.0,0.2,5.737,0,1.0,0.375,309.825,2.2764,33.3,35.38502502441406,4.98,0.0,0
46986,-1.8760000000000001,67.62700000000001,0.0,0.0,449.98400000000004,0.0,0.0,-0.2,5.737,0,2.0,0.4,309.69,0.39590000000000003,34.38,35.38502502441406,4.98,0.0,0
46986,-2.217,67.62700000000001,0.0,0.0,449.98400000000004,0.0,0.0,-0.2,5.737,0,1.0,0.39,309.825,-0.6268,36.45,35.38502502441406,4.98,0.0,0
46986,-1.8760000000000001,67.62700000000001,0.0,0.0,449.98400000000004,0.0,0.0,-0.2,5.737,0,1.0,0.41000000000000003,309.825,-1.4516,37.86,35.38502502441406,4.98,0.0,0
46986,-2.217,67.62700000000001,0.0,0.0,450.166,0.0,0.0,0.0,5.737,0,1.0,0.435,309.69,-1.5836000000000001,37.92,35.38502502441406,4.98,0.0,0
46986,-1.705,67.62700000000001,0.0,0.0,449.98400000000004,0.0,0.0,0.2,5.737,0,1.0,0.4,309.69,-3.563,37.77,35.38502502441406,4.98,0.0,0
46986,-2.217,67.62700000000001,0.0,0.0,450.22700000000003,0.0,0.0,0.0,5.737,0,1.0,0.4,309.825,0.7918000000000001,36.93,35.38502502441406,4.98,0.0,0
46986,-1.705,67.62700000000001,0.0,0.0,449.92400000000004,0.0,0.0,0.0,5.737,0,2.0,0.35000000000000003,309.825,6.334300000000001,36.51,35.38502502441406,4.98,0.0,0
46986,-1.8760000000000001,67.62700000000001,0.0,0.0,450.106,0.0,0.0,0.2,5.737,0,1.0,0.385,309.825,-0.099,36.72,35.38502502441406,4.98,0.0,0
46986,-1.705,67.62700000000001,0.0,0.0,450.529,0.0,0.0,-0.2,5.737,0,1.0,0.34500000000000003,309.915,1.8475000000000001,36.51,35.38502502441406,4.98,0.0,0
46986,-2.387,67.62700000000001,0.0,0.0,450.469,0.0,0.0,0.2,5.737,0,1.0,0.37,309.825,3.1672000000000002,37.2,35.38502502441406,4.98,0.0,0
46986,-1.8760000000000001,67.62700000000001,0.0,0.0,450.28700000000003,0.0,0.0,0.2,5.737,0,1.0,0.38,309.825,-3.4311000000000003,36.33,35.38502502441406,4.98,0.0,0
46986,-2.0460000000000003,67.62700000000001,0.0,0.0,450.166,0.0,0.0,-0.2,5.737,0,1.0,0.365,309.825,-3.3651,35.19,35.38502502441406,4.98,0.0,0
46986,-2.217,67.62700000000001,0.0,0.0,450.166,0.0,0.0,0.0,5.737,0,1.0,0.375,309.825,1.5836000000000001,34.410000000000004,35.38502502441406,4.98,0.0,0
46986,-2.217,67.62700000000001,0.0,0.0,450.166,0.0,0.0,0.2,5.737,0,1.0,0.375,309.69,1.2124000000000001,34.410000000000004,35.38502502441406,4.98,0.0,0
46986,-2.217,67.62700000000001,0.0,0.0,450.166,0.0,0.0,0.2,5.737,0,1.0,0.36,309.825,1.8475000000000001,35.58,35.38502502441406,4.98,0.0,0
46986,-1.705,67.62700000000001,0.0,0.0,450.28700000000003,0.0,0.0,0.2,5.737,0,1.0,0.41500000000000004,309.69,-0.0412,36.54,35.38502502441406,4.98,0.0,0
46986,-2.217,67.62700000000001,0.0,0.0,450.529,0.0,0.0,0.0,5.737,0,1.0,0.36,309.825,-2.1774,37.95,35.38502502441406,4.98,0.0,0
46986,-2.217,67.62700000000001,0.0,0.0,450.469,0.0,0.0,0.0,5.737,0,1.0,0.37,309.69,-2.9445,38.04,35.38502502441406,4.98,0.0,0
46986,-2.217,67.62700000000001,0.0,0.0,450.22700000000003,0.0,0.0,0.2,5.737,0,1.0,0.385,309.825,2.3754,37.230000000000004,35.38502502441406,4.98,0.0,0
46986,-2.0460000000000003,67.62700000000001,0.0,0.0,450.408,0.0,0.0,0.2,5.737,0,1.0,0.365,309.825,0.19790000000000002,36.69,35.38502502441406,4.98,0.0,0
46986,-2.0460000000000003,67.62700000000001,0.0,0.0,450.106,0.0,0.0,0.2,5.737,0,1.0,0.375,309.825,4.9899000000000004,36.15,35.38502502441406,4.98,0.0,0
46986,-2.0460000000000003,67.62700000000001,0.0,0.0,450.045,0.0,0.0,0.2,5.737,0,1.0,0.36,309.69,0.1567,35.97,35.38502502441406,4.98,0.0,0
46986,-2.0460000000000003,67.62700000000001,0.0,0.0,450.22700000000003,0.0,0.0,-0.2,5.737,0,1.0,0.38,309.69,-4.0002,36.480000000000004,35.38502502441406,4.98,0.0,0
46986,-2.0460000000000003,67.62700000000001,0.0,0.0,450.28700000000003,0.0,0.0,0.0,5.737,0,1.0,0.375,309.69,-1.1629,35.97,35.38502502441406,4.98,0.0,0
46986,-2.217,67.62700000000001,0.0,0.0,450.166,0.0,0.0,-0.2,5.737,0,1.0,0.39,309.825,2.3506,35.49,35.38502502441406,4.98,0.0,0
46986,-2.0460000000000003,67.62700000000001,0.0,0.0,449.98400000000004,0.0,0.0,0.2,5.737,0,1.0,0.4,309.825,2.6146000000000003,34.47,35.38502502441406,4.98,0.0,0
46986,-1.705,67.62700000000001,0.0,0.0,450.408,0.0,0.0,0.0,5.737,0,1.0,0.39,309.69,-0.8165,34.44,35.38502502441406,4.98,0.0,0
46986,-2.0460000000000003,67.62700000000001,0.0,0.0,450.106,0.0,0.0,-0.2,5.737,0,1.0,0.365,309.825,-1.0557,35.04,35.38502502441406,4.98,0.0,0
46986,-1.705,67.62700000000001,0.0,0.0,450.22700000000003,0.0,0.0,0.2,5.737,0,1.0,0.38,309.69,-0.39590000000000003,36.24,35.38502502441406,4.98,0.0,0
46986,-1.5350000000000001,67.62700000000001,0.0,0.0,450.166,0.0,0.0,0.0,5.737,0,1.0,0.36,309.69,-1.5836000000000001,36.42,35.38502502441406,4.98,0.0,0
46986,-2.0460000000000003,67.62700000000001,0.0,0.0,450.166,0.0,0.0,-0.2,5.737,0,2.0,0.375,309.825,-1.6826,38.52,35.38502502441406,4.98,0.0,0
46986,-2.217,67.62700000000001,0.0,0.0,450.166,0.0,0.0,0.2,5.737,0,1.0,0.37,309.69,-3.9589000000000003,38.61,35.38502502441406,4.98,0.0,0
46986,-2.217,67.62700000000001,0.0,0.0,449.92400000000004,0.0,0.0,-0.2,5.737,0,2.0,0.385,309.825,3.3321,37.92,35.38502502441406,4.98,0.0,0
46986,-1.8760000000000001,67.62700000000001,0.0,0.0,450.348,0.0,0.0,-0.2,5.737,0,2.0,0.385,309.825,0.9238000000000001,36.72,35.38502502441406,4.98,0.0,0
46986,-2.0460000000000003,67.62700000000001,0.0,0.0,450.469,0.0,0.0,-0.2,5.737,0,1.0,0.41500000000000004,309.825,-0.099,35.46,35.38502502441406,4.98,0.0,0
46986,-2.0460000000000003,67.62700000000001,0.0,0.0,450.529,0.0,0.0,-0.2,5.737,0,1.0,0.37,309.825,1.9795,35.07,35.38502502441406,4.98,0.0,0
46986,-1.8760000000000001,67.62700000000001,0.0,0.0,450.22700000000003,0.0,0.0,0.0,5.737,0,1.0,0.375,309.825,-3.9589000000000003,35.25,35.38502502441406,4.98,0.0,0
46986,-2.0460000000000003,67.62700000000001,0.0,0.0,450.045,0.0,0.0,0.2,5.737,0,1.0,0.36,309.825,-1.9795,35.76,35.38502502441406,4.98,0.0,0
46986,-1.8760000000000001,67.62700000000001,0.0,0.0,449.98400000000004,0.0,0.0,-0.2,5.737,0,1.0,0.395,309.69,0.099,36.18,35.38502502441406,4.98,0.0,0
46986,-2.0460000000000003,67.62700000000001,0.0,0.0,450.166,0.0,0.0,0.0,5.737,0,1.0,0.395,309.825,0.39590000000000003,35.46,35.38502502441406,4.98,0.0,0
46986,-2.0460000000000003,67.62700000000001,0.0,0.0,450.045,0.0,0.0,0.2,5.737,0,1.0,0.405,309.69,0.8908,35.43,35.38502502441406,4.98,0.0,0
46986,-1.8760000000000001,67.62700000000001,0.5,0.0,450.106,0.0,0.0,0.0,5.737,0,2.0,0.36,309.915,1.4516,35.910000000000004,35.38502502441406,4.98,0.0,0
46986,-2.0460000000000003,67.62700000000001,0.0,0.0,450.166,0.0,0.0,0.0,5.737,0,2.0,0.385,309.825,1.3196,36.39,35.38502502441406,4.98,0.0,0
46986,-2.217,67.62700000000001,0.0,0.0,450.106,0.0,0.0,0.0,5.737,0,1.0,0.37,309.825,3.9589000000000003,37.68,35.38502502441406,4.98,0.0,0
46986,-2.217,67.62700000000001,0.0,0.0,450.166,0.0,0.0,0.0,5.737,0,2.0,0.39,309.825,-2.3094,37.83,35.38502502441406,4.98,0.0,0
46986,-2.0460000000000003,67.62700000000001,0.0,0.0,450.348,0.0,0.0,0.0,5.737,0,1.0,0.4,309.69,-5.4106000000000005,37.800000000000004,35.38502502441406,4.98,0.0,0
46986,-1.8760000000000001,67.62700000000001,0.0,0.0,450.348,0.0,0.0,0.0,5.737,0,2.0,0.38,309.825,0.7918000000000001,37.59,35.38502502441406,4.98,0.0,0
46986,-2.217,67.62700000000001,0.0,0.0,449.92400000000004,0.0,0.0,0.0,5.737,0,1.0,0.365,309.825,3.4311000000000003,36.96,35.38502502441406,4.98,0.0,0
46986,-2.0460000000000003,67.62700000000001,0.0,0.0,449.98400000000004,0.0,0.0,0.0,5.737,0,1.0,0.375,309.825,1.4846000000000001,36.15,35.38502502441406,4.98,0.0,0
46986,-2.217,67.62700000000001,0.0,0.0,450.045,0.0,0.0,-0.2,5.737,0,2.0,0.365,309.825,-0.2639,35.67,35.38502502441406,4.98,0.0,0
46986,-2.217,67.62700000000001,0.0,0.0,450.166,0.0,0.0,0.2,5.737,0,1.0,0.36,309.825,-3.9589000000000003,35.43,35.38502502441406,4.98,0.0,0
46986,-1.8760000000000001,67.62700000000001,0.0,0.0,449.98400000000004,0.0,0.0,-0.2,5.737,0,1.0,0.38,309.915,1.4516,35.04,35.38502502441406,4.98,0.0,0
46986,-2.217,67.62700000000001,0.0,0.0,449.98400000000004,0.0,0.0,-0.2,5.737,0,1.0,0.37,309.825,0.5279,35.85,35.38502502441406,4.98,0.0,0
46986,-2.217,67.62700000000001,0.0,0.0,450.348,0.0,0.0,0.0,5.737,0,2.0,0.37,309.69,-3.1672000000000002,36.81,35.38502502441406,4.98,0.0,0
46986,-2.387,67.62700000000001,0.0,0.0,450.166,0.0,0.0,0.0,5.737,0,1.0,0.36,309.915,1.5836000000000001,37.02,35.38502502441406,4.98,0.0,0
46986,-2.0460000000000003,67.62700000000001,0.0,0.0,450.348,0.0,0.0,0.0,5.737,0,2.0,0.385,309.825,1.9795,37.29,35.38502502441406,4.98,0.0,0
46986,-1.8760000000000001,67.62700000000001,0.0,0.0,450.166,0.0,0.0,0.0,5.737,0,1.0,0.385,309.825,-0.6268,38.22,35.38502502441406,4.98,0.0,0
46986,-2.0460000000000003,67.62700000000001,0.0,0.0,450.166,0.0,0.0,0.0,5.737,0,1.0,0.4,309.825,-1.2784,38.19,35.38502502441406,4.98,0.0,0
46986,-2.0460000000000003,67.62700000000001,0.0,0.0,450.106,0.0,0.0,0.2,5.737,0,2.0,0.405,309.825,-2.6228000000000002,38.13,35.38502502441406,4.98,0.0,0
46986,-1.8760000000000001,67.62700000000001,0.0,0.0,450.166,0.0,0.0,0.0,5.737,0,0.0,0.38,309.69,0.6186,37.86,35.38502502441406,4.98,0.0,0
46986,-1.8760000000000001,67.62700000000001,0.0,0.0,450.469,0.0,0.0,0.2,5.737,0,1.0,0.375,309.825,-1.3856000000000002,37.74,35.38502502441406,4.98,0.0,0
46986,-1.705,67.62700000000001,0.0,0.0,450.166,0.0,0.0,0.0,5.737,0,1.0,0.37,309.825,0.39590000000000003,37.56,35.38502502441406,4.98,0.0,0
46986,-2.217,67.62700000000001,0.0,0.0,450.166,0.0,0.0,0.0,5.737,0,1.0,0.39,309.825,6.4415000000000004,36.96,35.38502502441406,4.98,0.0,0
46986,-2.217,67.62700000000001,0.0,0.0,450.529,0.0,0.0,0.0,5.737,0,1.0,0.385,309.69,-1.1217000000000001,36.0,35.38502502441406,4.98,0.0,0
46986,-1.8760000000000001,67.62700000000001,0.0,0.0,450.408,0.0,0.0,0.0,5.737,0,1.0,0.38,309.69,-4.1321,36.21,35.38502502441406,4.98,0.0,0
46986,-2.217,67.62700000000001,0.0,0.0,450.166,0.0,0.0,0.0,5.737,0,1.0,0.425,309.69,-3.0599000000000003,35.910000000000004,35.38502502441406,4.98,0.0,0
46986,-1.8760000000000001,67.62700000000001,0.0,0.0,450.22700000000003,0.0,0.0,0.2,5.737,0,1.0,0.37,309.825,-0.8165,36.63,35.38502502441406,4.98,0.0,0
46986,-2.0460000000000003,67.62700000000001,0.0,0.0,450.348,0.0,0.0,0.0,5.737,0,1.0,0.39,309.825,4.4208,36.75,35.38502502441406,4.98,0.0,0
46986,-2.217,67.62700000000001,0.0,0.0,450.106,0.0,0.0,0.2,5.737,0,2.0,0.375,309.825,1.8887,37.65,35.38502502441406,4.98,0.0,0
46986,-2.217,67.62700000000001,0.0,0.0,450.22700000000003,0.0,0.0,0.2,5.737,0,1.0,0.385,309.69,-2.3754,38.43,35.38502502441406,4.98,0.0,0
46986,-1.705,67.62700000000001,0.0,0.0,450.469,0.0,0.0,-0.2,5.737,0,1.0,0.375,309.915,-0.8743000000000001,38.31,35.38502502441406,4.98,0.0,0
46986,-1.705,67.62700000000001,0.0,0.0,450.166,0.0,0.0,0.2,5.737,0,1.0,0.37,309.69,-3.0104,38.04,35.38502502441406,4.98,0.0,0
46986,-1.705,67.62700000000001,0.0,0.0,450.045,0.0,0.0,0.2,5.737,0,1.0,0.36,309.825,-0.6186,37.800000000000004,35.38502502441406,4.98,0.0,0
46986,-1.8760000000000001,67.62700000000001,0.0,0.0,450.045,0.0,0.0,0.0,5.737,0,1.0,0.375,309.69,-3.1012,37.5,35.38502502441406,4.98,0.0,0
46986,-1.705,67.62700000000001,0.0,0.0,450.045,0.0,0.0,0.0,5.737,0,1.0,0.38,309.825,-2.0042,36.42,35.38502502441406,4.98,0.0,0
46986,-1.8760000000000001,67.62700000000001,0.0,0.0,450.166,0.0,0.0,0.2,5.737,0,1.0,0.4,309.69,0.9897,35.94,35.38502502441406,4.98,0.0,0
46986,-2.217,67.62700000000001,0.0,0.0,450.28700000000003,0.0,0.0,0.0,5.737,0,1.0,0.37,309.825,6.4415000000000004,35.37,35.38502502441406,4.98,0.0,0
46986,-1.8760000000000001,67.62700000000001,0.0,0.0,450.166,0.0,0.0,0.0,5.737,0,1.0,0.355,309.825,2.1527000000000003,35.25,35.38502502441406,4.98,0.0,0
46986,-1.8760000000000001,67.62700000000001,0.0,0.0,450.166,0.0,0.0,0.2,5.737,0,1.0,0.41500000000000004,309.825,1.1629,35.88,35.38502502441406,4.98,0.0,0
46986,-2.217,67.62700000000001,0.0,0.0,450.166,0.0,0.0,0.0,5.737,0,1.0,0.41000000000000003,309.825,0.4289,35.910000000000004,35.38502502441406,4.98,0.0,0
46986,-2.0460000000000003,67.62700000000001,0.0,0.0,449.98400000000004,0.0,0.0,0.0,5.737,0,1.0,0.38,309.69,-2.1114,37.35,35.38502502441406,4.98,0.0,0
46986,-1.705,67.62700000000001,0.0,0.0,450.348,0.0,0.0,0.0,5.737,0,1.0,0.375,309.825,2.1114,38.58,35.38502502441406,4.98,0.0,0
46986,-2.0460000000000003,67.62700000000001,0.0,0.0,450.469,0.0,0.0,0.0,5.737,0,1.0,0.365,309.69,-1.3196,38.58,35.38502502441406,4.98,0.0,0
46986,-2.0460000000000003,67.62700000000001,0.0,0.0,450.28700000000003,0.0,0.0,0.0,5.737,0,1.0,0.38,309.825,-2.7383,38.07,35.38502502441406,4.98,0.0,0
46986,-1.705,67.62700000000001,0.0,0.0,450.106,0.0,0.0,-0.2,5.737,0,1.0,0.395,309.915,2.6393,37.32,35.38502502441406,4.98,0.0,0
46986,-2.0460000000000003,67.62700000000001,0.0,0.0,450.348,0.0,0.0,0.0,5.737,0,1.0,0.365,309.825,1.2207000000000001,36.87,35.38502502441406,4.98,0.0,0
46986,-1.5350000000000001,67.62700000000001,0.0,0.0,450.166,0.0,0.0,0.0,5.737,0,1.0,0.37,309.69,-5.938400000000001,37.65,35.38502502441406,4.98,0.0,0
46986,-1.705,67.62700000000001,0.0,0.0,450.22700000000003,0.0,0.0,0.0,5.737,0,1.0,0.39,309.69,-1.6826,37.62,35.38502502441406,4.98,0.0,0
46986,-1.5350000000000001,67.62700000000001,0.0,0.0,450.65000000000003,0.0,0.0,0.0,5.737,0,1.0,0.39,309.69,-0.7918000000000001,36.96,35.38502502441406,4.98,0.0,0
46986,-1.8760000000000001,67.62700000000001,0.0,0.0,450.166,0.0,0.0,0.0,5.737,0,1.0,0.385,309.825,-2.4743,36.09,35.38502502441406,4.98,0.0,0
46986,-1.8760000000000001,67.62700000000001,0.0,0.0,450.22700000000003,0.0,0.0,-0.2,5.737,0,1.0,0.38,309.69,1.1877,36.0,35.38502502441406,4.98,0.0,0
46986,-2.0460000000000003,67.62700000000001,0.0,0.0,450.348,0.0,0.0,-0.2,5.737,0,1.0,0.395,309.825,4.651800000000001,36.15,35.38502502441406,4.98,0.0,0
46986,-2.0460000000000003,67.62700000000001,0.0,0.0,450.28700000000003,0.0,0.0,0.0,5.737,0,1.0,0.39,309.825,1.1877,36.99,35.38502502441406,4.98,0.0,0
46986,-2.0460000000000003,67.62700000000001,0.0,0.0,450.28700000000003,0.0,0.0,-0.2,5.737,0,1.0,0.39,309.825,-2.4743,37.59,35.38502502441406,4.98,0.0,0
46986,-2.0460000000000003,67.62700000000001,0.0,0.0,450.348,0.0,0.0,0.0,5.737,0,2.0,0.365,309.69,-4.7507,38.64,35.38502502441406,4.98,0.0,0
46986,-1.705,67.62700000000001,0.0,0.0,450.22700000000003,0.0,0.0,0.0,5.737,0,1.0,0.38,309.825,3.1672000000000002,38.730000000000004,35.38502502441406,4.98,0.0,0
46986,-2.217,67.62700000000001,0.0,0.0,450.348,0.0,0.0,0.0,5.737,0,2.0,0.375,309.69,-1.5836000000000001,38.07,35.38502502441406,4.98,0.0,0
46986,-2.0460000000000003,67.62700000000001,0.0,0.0,450.529,0.0,0.0,0.0,5.737,0,1.0,0.4,309.825,0.6928000000000001,37.47,35.38502502441406,4.98,0.0,0
46986,-1.8760000000000001,67.62700000000001,0.0,0.0,450.469,0.0,0.0,0.0,5.737,0,1.0,0.405,309.825,3.1672000000000002,38.25,35.38502502441406,4.98,0.0,0
46986,-1.705,67.62700000000001,0.0,0.0,450.529,0.0,0.0,0.0,5.737,0,1.0,0.395,309.825,-0.8908,38.22,35.38502502441406,4.98,0.0,0
46986,-1.8760000000000001,67.62700000000001,0.0,0.0,450.106,0.0,0.0,0.0,5.737,0,1.0,0.43,309.69,-3.1672000000000002,37.32,35.38502502441406,4.98,0.0,0
46986,-1.8760000000000001,67.62700000000001,0.0,0.0,450.166,0.0,0.0,0.0,5.737,0,1.0,0.365,309.825,0.7918000000000001,36.51,35.38502502441406,4.98,0.0,0
46986,-1.705,67.62700000000001,0.0,0.0,450.106,0.0,0.0,-0.2,5.737,0,1.0,0.38,309.825,1.1877,35.7,35.38502502441406,4.98,0.0,0
46986,-2.0460000000000003,67.62700000000001,0.0,0.0,450.045,0.0,0.0,0.0,5.737,0,1.0,0.38,309.69,-2.3754,35.88,35.38502502441406,4.98,0.0,0
46986,-1.8760000000000001,67.62700000000001,0.0,0.0,450.045,0.0,0.0,0.0,5.737,0,1.0,0.37,309.69,-3.563,35.85,35.38502502441406,4.98,0.0,0
46986,-1.8760000000000001,67.62700000000001,0.0,0.0,450.348,0.0,0.0,0.0,5.737,0,1.0,0.365,309.825,-2.9692000000000003,36.42,35.38502502441406,4.98,0.0,0
46986,-2.217,67.62700000000001,0.0,0.0,450.408,0.0,0.0,0.0,5.737,0,1.0,0.355,309.825,0.7918000000000001,37.56,35.38502502441406,4.98,0.0,0
46986,-2.0460000000000003,67.62700000000001,0.0,0.0,450.348,0.0,0.0,0.0,5.737,0,1.0,0.38,309.69,-0.9897,38.85,35.38502502441406,4.98,0.0,0
46986,-2.0460000000000003,67.62700000000001,0.0,0.0,450.28700000000003,0.0,0.0,0.0,5.737,0,1.0,0.38,309.825,0.0,39.87,35.38502502441406,4.98,0.0,0
46986,-1.705,67.62700000000001,0.0,0.0,450.28700000000003,0.0,0.0,0.2,5.737,0,2.0,0.35000000000000003,309.825,1.5836000000000001,39.33,35.38502502441406,4.98,0.0,0
46986,-1.705,67.62700000000001,0.0,0.0,450.348,0.0,0.0,-0.2,5.737,0,1.0,0.37,309.6,-3.0187,38.58,35.38502502441406,4.98,0.0,0
46986,-2.217,67.62700000000001,0.0,0.0,450.28700000000003,0.0,0.0,0.0,5.737,0,1.0,0.39,309.825,1.2537,37.86,35.38502502441406,4.98,0.0,0
46986,-2.217,67.62700000000001,0.0,0.0,450.22700000000003,0.0,0.0,0.0,5.737,0,1.0,0.38,309.825,2.4166000000000003,37.08,35.38502502441406,4.98,0.0,0
46986,-1.5350000000000001,67.62700000000001,0.0,0.0,450.529,0.0,0.0,0.2,5.737,0,1.0,0.34500000000000003,309.69,-2.6558,36.45,35.38502502441406,4.98,0.0,0
46986,-2.0460000000000003,67.62700000000001,0.0,0.0,450.28700000000003,0.0,0.0,0.0,5.737,0,1.0,0.43,309.915,0.9238000000000001,36.03,35.38502502441406,4.98,0.0,0
46986,-1.705,67.62700000000001,0.0,0.0,450.106,0.0,0.0,0.0,5.737,0,1.0,0.375,309.825,4.8167,36.27,35.38502502441406,4.98,0.0,0
46986,-2.217,67.62700000000001,0.0,0.0,450.408,0.0,0.0,0.0,5.737,0,1.0,0.38,309.825,0.5031,35.22,35.38502502441406,4.98,0.0,0
46986,-1.5350000000000001,67.62700000000001,0.0,0.0,450.408,0.0,0.0,-0.2,5.737,0,1.0,0.37,309.825,-3.4146,35.97,35.38502502441406,4.98,0.0,0
46986,-1.8760000000000001,67.62700000000001,0.0,0.0,450.408,0.0,0.0,0.0,5.737,0,1.0,0.37,309.69,-2.3506,36.6,35.38502502441406,4.98,0.0,0
46986,-2.217,67.62700000000001,0.0,0.0,450.408,0.0,0.0,0.2,5.737,0,1.0,0.45,309.825,0.9897,38.37,35.38502502441406,4.98,0.0,0
46986,-2.0460000000000003,67.62700000000001,0.0,0.0,450.166,0.0,0.0,0.2,5.737,0,2.0,0.355,309.915,5.658,39.33,35.38502502441406,4.98,0.0,0
46986,-2.217,67.62700000000001,0.0,0.0,450.166,0.0,0.0,0.0,5.737,0,1.0,0.385,309.69,2.1774,38.97,35.38502502441406,4.98,0.0,0
46986,-1.8760000000000001,67.62700000000001,0.0,0.0,450.106,0.0,0.0,-0.2,5.737,0,2.0,0.38,309.69,-5.385800000000001,38.31,35.38502502441406,4.98,0.0,0
46986,-1.8760000000000001,67.62700000000001,0.0,0.0,449.92400000000004,0.0,0.0,0.2,5.737,0,1.0,0.36,309.69,-2.5981,37.17,35.38502502441406,4.98,0.0,0
46986,-2.0460000000000003,67.62700000000001,0.0,0.0,450.106,0.0,0.0,0.0,5.737,0,1.0,0.32,309.825,0.0,36.45,35.38502502441406,4.98,0.0,0
46986,-1.8760000000000001,67.62700000000001,0.0,0.0,450.106,0.0,0.0,0.2,5.737,0,2.0,0.365,309.825,3.7363000000000004,36.33,35.38502502441406,4.98,0.0,0
46986,-1.705,67.62700000000001,0.0,0.0,450.529,0.0,0.0,0.0,5.737,0,1.0,0.395,309.69,2.0702000000000003,36.24,35.38502502441406,4.98,0.0,0
46986,-1.8760000000000001,67.62700000000001,0.0,0.0,450.348,0.0,0.0,0.0,5.737,0,1.0,0.375,309.825,-4.2229,36.21,35.38502502441406,4.98,0.0,0
46986,-2.0460000000000003,67.62700000000001,0.0,0.0,450.166,0.0,0.0,0.0,5.737,0,1.0,0.335,309.825,2.6393,35.79,35.38502502441406,4.98,0.0,0
46986,-2.217,67.62700000000001,0.0,0.0,450.106,0.0,0.0,0.0,5.737,0,1.0,0.375,309.825,1.8887,35.910000000000004,35.38502502441406,4.98,0.0,0
46986,-2.217,67.62700000000001,0.0,0.0,450.711,0.0,0.0,0.0,5.737,0,1.0,0.315,309.825,-1.7815,36.09,35.38502502441406,4.98,0.0,0
46986,-1.8760000000000001,67.62700000000001,0.0,0.0,450.771,0.0,0.0,-0.2,5.737,0,1.0,0.385,309.69,-1.1629,36.81,35.38502502441406,4.98,0.0,0
46986,-2.0460000000000003,67.62700000000001,0.0,0.0,450.529,0.0,0.0,0.0,5.737,0,1.0,0.405,309.915,1.0145,38.04,35.38502502441406,4.98,0.0,0
46986,-2.0460000000000003,67.62700000000001,0.0,0.0,450.65000000000003,0.0,0.0,-0.2,5.737,0,1.0,0.375,309.69,2.664,38.31,35.38502502441406,4.98,0.0,0
46986,-2.0460000000000003,67.62700000000001,0.0,0.0,450.348,0.0,0.0,0.0,5.737,0,1.0,0.385,309.825,-1.6496000000000002,38.19,35.38502502441406,4.98,0.0,0
46986,-1.705,67.62700000000001,0.0,0.0,450.106,0.0,0.0,0.0,5.737,0,1.0,0.38,309.825,-1.1877,38.1,35.38502502441406,4.98,0.0,0
46986,-2.217,67.62700000000001,0.0,0.0,450.045,0.0,0.0,0.0,5.737,0,1.0,0.37,309.825,2.4413,38.1,35.38502502441406,4.98,0.0,0
46986,-2.0460000000000003,67.62700000000001,0.0,0.0,450.348,0.0,0.0,0.0,5.737,0,1.0,0.405,309.69,1.9795,37.68,35.38502502441406,4.98,0.0,0
46986,-1.8760000000000001,67.62700000000001,0.0,0.0,450.22700000000003,0.0,0.0,0.0,5.737,0,2.0,0.335,309.825,-5.0147,37.050000000000004,35.38502502441406,4.98,0.0,0
46986,-1.705,67.62700000000001,0.0,0.0,450.166,0.0,0.0,0.0,5.737,0,1.0,0.34,309.825,-0.39590000000000003,36.54,35.38502502441406,4.98,0.0,0
46986,-2.0460000000000003,67.62700000000001,0.0,0.0,450.166,0.0,0.0,0.0,5.737,0,1.0,0.365,309.825,2.5403000000000002,36.03,35.38502502441406,4.98,0.0,0
46986,-1.8760000000000001,67.62700000000001,0.0,0.0,450.408,0.0,0.0,0.2,5.737,0,1.0,0.335,309.6,-5.2786,35.79,35.38502502441406,4.98,0.0,0
46986,-1.705,67.62700000000001,0.0,0.0,450.348,0.0,0.0,-0.2,5.737,0,1.0,0.375,309.825,-5.2786,35.79,35.38502502441406,4.98,0.0,0
46986,-1.8760000000000001,67.62700000000001,0.0,0.0,449.92400000000004,0.0,0.0,0.0,5.737,0,1.0,0.36,309.825,3.9589000000000003,36.300000000000004,35.38502502441406,4.98,0.0,0
46986,-2.0460000000000003,67.62700000000001,0.0,0.0,450.045,0.0,0.0,0.0,5.737,0,1.0,0.37,309.825,6.4333,37.17,35.38502502441406,4.98,0.0,0
46986,-2.0460000000000003,67.62700000000001,0.0,0.0,450.045,0.0,0.0,0.0,5.737,0,1.0,0.4,309.825,1.3196,37.14,35.38502502441406,4.98,0.0,0
46986,-2.0460000000000003,67.62700000000001,0.0,0.0,449.98400000000004,0.0,0.0,0.2,5.737,0,1.0,0.365,309.915,0.9897,37.14,35.38502502441406,4.98,0.0,0
46986,-2.0460000000000003,67.62700000000001,0.0,0.0,449.742,0.0,0.0,0.0,5.737,0,1.0,0.35000000000000003,309.825,-0.5279,37.26,35.38502502441406,4.98,0.0,0
46986,-1.8760000000000001,67.62700000000001,0.0,0.0,449.98400000000004,0.0,0.0,-0.2,5.737,0,2.0,0.38,309.825,-1.8475000000000001,37.89,35.38502502441406,4.98,0.0,0
46986,-1.705,67.62700000000001,0.0,0.0,450.166,0.0,0.0,0.0,5.737,0,2.0,0.38,309.69,-3.9589000000000003,37.83,35.38502502441406,4.98,0.0,0
46986,-2.217,67.62700000000001,0.0,0.0,449.92400000000004,0.0,0.0,0.2,5.737,0,2.0,0.37,309.69,-3.596,37.92,35.38502502441406,4.98,0.0,0
46986,-1.705,67.62700000000001,0.0,0.0,449.92400000000004,0.0,0.0,0.0,5.737,0,1.0,0.37,309.69,-6.7302,37.230000000000004,35.38502502441406,4.98,0.0,0
46986,-1.5350000000000001,67.62700000000001,0.0,0.0,449.98400000000004,0.0,0.0,-0.2,5.737,0,1.0,0.38,309.825,3.0682,36.69,35.38502502441406,4.98,0.0,0
46986,-2.0460000000000003,67.62700000000001,0.0,0.0,450.045,0.0,0.0,0.2,5.737,0,2.0,0.36,309.825,6.2023,35.94,35.38502502441406,4.98,0.0,0
46986,-1.5350000000000001,67.62700000000001,0.0,0.0,449.98400000000004,0.0,0.0,0.0,5.737,0,2.0,0.375,309.69,-2.6393,35.49,35.38502502441406,4.98,0.0,0
46986,-2.217,67.62700000000001,0.0,0.0,449.92400000000004,0.0,0.0,-0.2,5.737,0,1.0,0.36,309.825,-2.7713,35.01,35.38502502441406,4.98,0.0,0
46986,-1.8760000000000001,67.62700000000001,0.0,0.0,450.106,0.0,0.0,-0.2,5.737,0,1.0,0.36,309.69,4.3218000000000005,35.7,35.38502502441406,4.98,0.0,0
46986,-1.705,67.62700000000001,0.0,0.0,450.106,0.0,0.0,0.0,5.737,0,1.0,0.385,309.69,3.9837000000000002,35.730000000000004,35.38502502441406,4.98,0.0,0
46986,-2.0460000000000003,67.62700000000001,0.0,0.0,450.28700000000003,0.0,0.0,0.0,5.737,0,1.0,0.385,309.69,2.3094,36.09,35.38502502441406,4.98,0.0,0
46986,-1.8760000000000001,67.62700000000001,0.0,0.0,450.408,0.0,0.0,0.2,5.737,0,1.0,0.385,309.825,-3.2991,37.14,35.38502502441406,4.98,0.0,0
46986,-1.8760000000000001,67.62700000000001,0.0,0.0,450.28700000000003,0.0,0.0,0.0,5.737,0,1.0,0.39,309.825,-1.6083,37.83,35.38502502441406,4.98,0.0,0
46986,-2.217,67.62700000000001,0.0,0.0,450.28700000000003,0.0,0.0,0.0,5.737,0,1.0,0.365,309.825,2.1774,37.65,35.38502502441406,4.98,0.0,0
46986,-1.8760000000000001,67.62700000000001,0.0,0.0,450.166,0.0,0.0,-0.2,5.737,0,1.0,0.36,309.825,3.563,37.38,35.38502502441406,4.98,0.0,0
46986,-2.0460000000000003,67.62700000000001,0.0,0.0,450.28700000000003,0.0,0.0,0.0,5.737,0,1.0,0.35000000000000003,309.825,-1.4104,37.050000000000004,35.38502502441406,4.98,0.0,0
46986,-1.8760000000000001,67.62700000000001,0.0,0.0,450.348,0.0,0.0,0.2,5.737,0,1.0,0.34,309.825,-0.19790000000000002,36.27,35.38502502441406,4.98,0.0,0
46986,-2.0460000000000003,67.62700000000001,0.0,0.0,450.348,0.0,0.0,0.2,5.737,0,1.0,0.35000000000000003,309.825,-0.39590000000000003,36.15,35.38502502441406,4.98,0.0,0
46986,-1.8760000000000001,67.62700000000001,0.0,0.0,450.529,0.0,0.0,0.0,5.737,0,2.0,0.38,309.825,-0.19790000000000002,35.49,35.38502502441406,4.98,0.0,0
46986,-1.5350000000000001,67.62700000000001,0.0,0.0,450.348,0.0,0.0,0.0,5.737,0,1.0,0.35000000000000003,309.825,-0.39590000000000003,35.13,35.38502502441406,4.98,0.0,0
46986,-1.5350000000000001,67.62700000000001,0.0,0.0,450.22700000000003,0.0,0.0,-0.2,5.737,0,1.0,0.375,309.825,-1.9795,35.04,35.38502502441406,4.98,0.0,0
46986,-2.0460000000000003,67.62700000000001,0.0,0.0,450.166,0.0,0.0,-0.2,5.737,0,1.0,0.34,309.825,-0.19790000000000002,36.33,35.38502502441406,4.98,0.0,0
46986,-1.8760000000000001,67.62700000000001,0.0,0.0,450.166,0.0,0.0,0.2,5.737,0,1.0,0.385,309.69,1.2124000000000001,37.68,35.38502502441406,4.98,0.0,0
46986,-1.8760000000000001,67.62700000000001,0.0,0.0,450.106,0.0,0.0,-0.2,5.737,0,1.0,0.37,309.825,1.8475000000000001,38.58,35.38502502441406,4.98,0.0,0
46986,-1.705,67.62700000000001,0.0,0.0,450.28700000000003,0.0,0.0,0.0,5.737,0,1.0,0.38,309.825,0.7258,38.550000000000004,35.38502502441406,4.98,0.0,0
46986,-1.705,67.62700000000001,0.0,0.0,450.348,0.0,0.0,0.0,5.737,0,1.0,0.38,309.825,1.3856000000000002,37.77,35.38502502441406,4.98,0.0,0
46986,-2.217,67.62700000000001,0.0,0.0,450.408,0.0,0.0,0.0,5.737,0,1.0,0.37,309.69,-3.3404000000000003,36.69,35.38502502441406,4.98,0.0,0
46986,-1.5350000000000001,67.62700000000001,0.0,0.0,450.045,0.0,0.0,0.0,5.737,0,2.0,0.375,309.825,-1.9795,36.42,35.38502502441406,4.98,0.0,0
46986,-1.5350000000000001,67.62700000000001,0.0,0.0,450.22700000000003,0.0,0.0,0.2,5.737,0,1.0,0.39,309.825,1.9795,37.2,35.38502502441406,4.98,0.0,0
46986,-1.705,67.62700000000001,0.0,0.0,449.92400000000004,0.0,0.0,0.0,5.737,0,1.0,0.36,309.69,1.1877,37.56,35.38502502441406,4.98,0.0,0
46986,-1.705,67.62700000000001,0.0,0.0,450.166,0.0,0.0,0.0,5.737,0,1.0,0.375,309.825,0.7258,36.78,35.38502502441406,4.98,0.0,0
46986,-1.705,67.62700000000001,0.0,0.0,450.045,0.0,0.0,0.0,5.737,0,1.0,0.365,309.915,4.2724,36.54,35.38502502441406,4.98,0.0,0
46986,-1.705,67.62700000000001,0.0,0.0,450.22700000000003,0.0,0.0,0.0,5.737,0,1.0,0.35000000000000003,309.69,1.2537,35.79,35.38502502441406,4.98,0.0,0
46986,-1.705,67.62700000000001,0.0,0.0,450.408,0.0,0.0,0.2,5.737,0,1.0,0.355,309.6,-9.5097,35.85,35.38502502441406,4.98,0.0,0
46986,-1.705,67.62700000000001,0.0,0.0,450.045,0.0,0.0,-0.2,5.737,0,1.0,0.34,309.825,-4.4703,36.75,35.38502502441406,4.98,0.0,0
46986,-1.5350000000000001,67.62700000000001,0.0,0.0,450.045,0.0,0.0,-0.2,5.737,0,1.0,0.395,309.69,1.8723,38.31,35.38502502441406,4.98,0.0,0
46986,-1.705,67.62700000000001,0.0,0.0,450.22700000000003,0.0,0.0,-0.2,5.737,0,1.0,0.365,309.915,5.088900000000001,38.7,35.38502502441406,4.98,0.0,0
46986,-1.8760000000000001,67.62700000000001,0.0,0.0,450.045,0.0,0.0,0.0,5.737,0,1.0,0.36,309.825,5.1466,38.64,35.38502502441406,4.98,0.0,0
46986,-1.705,67.62700000000001,0.0,0.0,449.742,0.0,0.0,0.0,5.737,0,1.0,0.395,309.825,-2.4661,37.95,35.38502502441406,4.98,0.0,0
46986,-2.0460000000000003,67.62700000000001,0.0,0.0,449.863,0.0,0.0,0.2,5.737,0,1.0,0.36,309.825,-5.476500000000001,37.5,35.38502502441406,4.98,0.0,0
46986,-1.8760000000000001,67.62700000000001,0.0,0.0,449.863,0.0,0.0,0.0,5.737,0,2.0,0.35000000000000003,309.825,-5.1466,37.44,35.38502502441406,4.98,0.0,0
46986,-1.8760000000000001,67.62700000000001,0.0,0.0,449.98400000000004,0.0,0.0,0.0,5.737,0,1.0,0.385,309.915,6.5323,37.59,35.38502502441406,4.98,0.0,0
46986,-2.0460000000000003,67.62700000000001,0.0,0.0,450.106,0.0,0.0,0.0,5.737,0,1.0,0.365,309.825,3.0352,38.28,35.38502502441406,4.98,0.0,0
46986,-2.0460000000000003,67.62700000000001,0.0,0.0,450.166,0.0,0.0,0.0,5.737,0,1.0,0.375,309.69,-3.0682,37.53,35.38502502441406,4.98,0.0,0
46986,-1.5350000000000001,67.62700000000001,0.0,0.0,450.166,0.0,0.0,0.0,5.737,0,1.0,0.385,309.69,-3.9342,37.410000000000004,35.38502502441406,4.98,0.0,0
46986,-1.5350000000000001,67.62700000000001,0.0,0.0,450.045,0.0,0.0,0.2,5.737,0,1.0,0.355,309.825,-3.4806000000000004,36.57,35.38502502441406,4.98,0.0,0
46986,-1.705,67.62700000000001,0.0,0.0,449.98400000000004,0.0,0.0,-0.2,5.737,0,1.0,0.36,309.825,2.5733,35.910000000000004,35.38502502441406,4.98,0.0,0
46986,-1.705,67.62700000000001,0.0,0.0,450.22700000000003,0.0,0.0,0.0,5.737,0,1.0,0.36,309.825,6.0456,35.85,35.38502502441406,4.98,0.0,0
46986,-1.705,67.62700000000001,0.0,0.0,450.166,0.0,0.0,-0.2,5.737,0,1.0,0.365,309.69,-1.7568000000000001,36.39,35.38502502441406,4.98,0.0,0
46986,-1.705,67.62700000000001,0.0,0.0,450.771,0.0,0.0,0.0,5.737,0,1.0,0.375,309.825,-1.9135000000000002,37.5,35.38502502441406,4.98,0.0,0
46986,-1.705,67.62700000000001,0.0,0.0,450.469,0.0,0.0,0.0,5.737,0,2.0,0.365,309.825,0.47840000000000005,38.25,35.38502502441406,4.98,0.0,0
46986,-1.705,67.62700000000001,0.0,0.0,450.28700000000003,0.0,0.0,0.0,5.737,0,1.0,0.385,309.825,2.1527000000000003,38.730000000000004,35.38502502441406,4.98,0.0,0
46986,-2.217,67.62700000000001,0.0,0.0,450.408,0.0,0.0,0.2,5.737,0,1.0,0.36,309.69,-4.3301,39.0,35.38502502441406,4.98,0.0,0
46986,-1.5350000000000001,67.62700000000001,0.0,0.0,450.59000000000003,0.0,0.0,-0.2,5.737,0,1.0,0.375,309.825,-5.5425,38.25,35.38502502441406,4.98,0.0,0
46986,-1.705,67.62700000000001,0.0,0.0,450.469,0.0,0.0,0.0,5.737,0,1.0,0.405,309.825,0.19790000000000002,37.77,35.38502502441406,4.98,0.0,0
46986,-1.8760000000000001,67.62700000000001,0.0,0.0,450.469,0.0,0.0,0.0,5.737,0,2.0,0.37,309.825,2.9445,37.230000000000004,35.38502502441406,4.98,0.0,0
46986,-1.705,67.62700000000001,0.0,0.0,450.711,0.0,0.0,-0.2,5.737,0,2.0,0.365,309.825,-0.2227,37.29,35.38502502441406,4.98,0.0,0
46986,-1.5350000000000001,67.62700000000001,0.0,0.0,450.469,0.0,0.0,-0.2,5.737,0,2.0,0.355,309.69,0.42060000000000003,36.69,35.38502502441406,4.98,0.0,0
46986,-1.5350000000000001,67.62700000000001,0.0,0.0,450.348,0.0,0.0,-0.2,5.737,0,1.0,0.355,309.825,1.1629,36.21,35.38502502441406,4.98,0.0,0
46986,-1.705,67.62700000000001,0.0,0.0,450.22700000000003,0.0,0.0,0.0,5.737,0,1.0,0.375,309.825,1.7815,35.46,35.38502502441406,4.98,0.0,0
46986,-2.217,67.62700000000001,0.0,0.0,450.408,0.0,0.0,0.0,5.737,0,1.0,0.36,309.825,3.8930000000000002,35.28,35.38502502441406,4.98,0.0,0
46986,-1.8760000000000001,67.62700000000001,0.0,0.0,450.166,0.0,0.0,0.2,5.737,0,1.0,0.36,309.825,-3.8930000000000002,35.97,35.38502502441406,4.98,0.0,0
46986,-1.705,67.62700000000001,0.0,0.0,450.106,0.0,0.0,0.0,5.737,0,1.0,0.365,309.825,-1.7815,37.83,35.38502502441406,4.98,0.0,0
46986,-1.705,67.62700000000001,0.0,0.0,450.166,0.0,0.0,0.2,5.737,0,1.0,0.35000000000000003,309.69,-1.1629,38.82,35.38502502441406,4.98,0.0,0
46986,-2.0460000000000003,67.62700000000001,0.0,0.0,450.28700000000003,0.0,0.0,-0.2,5.737,0,1.0,0.395,309.825,-0.42060000000000003,39.39,35.38502502441406,4.98,0.0,0
46986,-1.8760000000000001,67.62700000000001,0.0,0.0,450.348,0.0,0.0,-0.2,5.737,0,2.0,0.34500000000000003,309.915,-1.0722,39.06,35.38502502441406,4.98,0.0,0
46986,-1.705,67.62700000000001,0.0,0.0,450.348,0.0,0.0,0.0,5.737,0,1.0,0.36,309.825,0.9238000000000001,38.31,35.38502502441406,4.98,0.0,0
46986,-1.705,67.62700000000001,0.0,0.0,450.469,0.0,0.0,0.0,5.737,0,1.0,0.375,309.69,0.42060000000000003,36.57,35.38502502441406,4.98,0.0,0
46986,-1.8760000000000001,67.62700000000001,0.0,0.0,450.28700000000003,0.0,0.0,0.0,5.737,0,1.0,0.35000000000000003,309.825,-0.3547,36.63,35.38502502441406,4.98,0.0,0
46986,-2.0460000000000003,67.62700000000001,0.0,0.0,450.166,0.0,0.0,-0.2,5.737,0,1.0,0.385,309.825,0.19790000000000002,36.6,35.38502502441406,4.98,0.0,0
46986,-1.5350000000000001,67.62700000000001,0.0,0.0,450.28700000000003,0.0,0.0,0.0,5.737,0,1.0,0.37,309.825,1.9795,36.6,35.38502502441406,4.98,0.0,0
46986,-1.5350000000000001,67.62700000000001,0.0,0.0,450.348,0.0,0.0,0.2,5.737,0,1.0,0.405,309.915,-0.6763,36.24,35.38502502441406,4.98,0.0,0
46986,-1.705,67.62700000000001,0.0,0.0,450.348,0.0,0.0,0.2,5.737,0,2.0,0.34500000000000003,309.69,-1.0557,35.94,35.38502502441406,4.98,0.0,0
46986,-2.0460000000000003,67.62700000000001,0.0,0.0,450.348,0.0,0.0,0.2,5.737,0,1.0,0.37,309.825,-1.7815,36.660000000000004,35.38502502441406,4.98,0.0,0
46986,-1.8760000000000001,67.62700000000001,0.0,0.0,450.106,0.0,0.0,0.2,5.737,0,1.0,0.36,309.825,0.23920000000000002,37.95,35.38502502441406,4.98,0.0,0
46986,-1.5350000000000001,67.62700000000001,0.0,0.0,450.22700000000003,0.0,0.0,0.2,5.737,0,1.0,0.34500000000000003,309.825,-0.2639,38.01,35.38502502441406,4.98,0.0,0
46986,-1.705,67.62700000000001,0.0,0.0,450.166,0.0,0.0,0.0,5.737,0,1.0,0.38,309.825,-0.099,38.4,35.38502502441406,4.98,0.0,0
46986,-1.705,67.62700000000001,0.0,0.0,450.22700000000003,0.0,0.0,0.0,5.737,0,1.0,0.34500000000000003,309.825,-1.9795,38.61,35.38502502441406,4.98,0.0,0
46986,-2.217,67.62700000000001,0.0,0.0,450.22700000000003,0.0,0.0,0.0,5.737,0,1.0,0.365,309.825,3.9589000000000003,38.910000000000004,35.38502502441406,4.98,0.0,0
46986,-1.8760000000000001,67.62700000000001,0.0,0.0,450.166,0.0,0.0,-0.2,5.737,0,1.0,0.355,309.915,1.8475000000000001,38.79,35.38502502441406,4.98,0.0,0
46986,-1.5350000000000001,67.62700000000001,0.0,0.0,450.469,0.0,0.0,0.0,5.737,0,1.0,0.39,309.69,0.6268,37.71,35.38502502441406,4.98,0.0,0
46986,-1.8760000000000001,67.62700000000001,0.0,0.0,450.348,0.0,0.0,0.2,5.737,0,1.0,0.355,309.915,2.1114,36.84,35.38502502441406,4.98,0.0,0
46986,-2.217,67.62700000000001,0.0,0.0,450.22700000000003,0.0,0.0,0.0,5.737,0,2.0,0.335,309.825,-0.7258,36.57,35.38502502441406,4.98,0.0,0
46986,-1.705,67.62700000000001,0.0,0.0,450.166,0.0,0.0,0.0,5.737,0,1.0,0.355,309.915,4.486800000000001,36.42,35.38502502441406,4.98,0.0,0
46986,-1.705,67.62700000000001,0.0,0.0,450.348,0.0,0.0,0.0,5.737,0,1.0,0.375,309.69,-0.6268,36.24,35.38502502441406,4.98,0.0,0
46986,-1.5350000000000001,67.62700000000001,0.0,0.0,450.469,0.0,0.0,0.2,5.737,0,2.0,0.38,309.69,-4.7507,36.42,35.38502502441406,4.98,0.0,0
46986,-1.5350000000000001,67.62700000000001,0.0,0.0,450.348,0.0,0.0,0.0,5.737,0,1.0,0.32,309.69,-2.4743,37.050000000000004,35.38502502441406,4.98,0.0,0
46986,-2.217,67.62700000000001,0.0,0.0,450.166,0.0,0.0,0.0,5.737,0,1.0,0.395,309.825,2.7713,37.62,35.38502502441406,4.98,0.0,0
46986,-1.705,67.62700000000001,0.0,0.0,450.28700000000003,0.0,0.0,0.0,5.737,0,1.0,0.39,309.825,-1.6826,37.86,35.38502502441406,4.98,0.0,0
46986,-1.5350000000000001,67.62700000000001,0.0,0.0,450.22700000000003,0.0,0.0,-0.2,5.737,0,2.0,0.35000000000000003,309.69,0.0,37.74,35.38502502441406,4.98,0.0,0
46986,-2.0460000000000003,67.62700000000001,0.0,0.0,449.803,0.0,0.0,0.0,5.737,0,1.0,0.375,309.825,3.1672000000000002,38.160000000000004,35.38502502441406,4.98,0.0,0
46986,-1.705,67.62700000000001,0.0,0.0,450.166,0.0,0.0,0.0,5.737,0,2.0,0.38,309.825,1.1877,38.01,35.38502502441406,4.98,0.0,0
46986,-2.0460000000000003,67.62700000000001,0.0,0.0,450.22700000000003,0.0,0.0,0.0,5.737,0,2.0,0.365,309.825,3.0682,37.980000000000004,35.38502502441406,4.98,0.0,0
46986,-1.5350000000000001,67.62700000000001,0.0,0.0,449.863,0.0,0.0,-0.2,5.737,0,1.0,0.355,309.825,0.2639,37.410000000000004,35.38502502441406,4.98,0.0,0
46986,-1.705,67.62700000000001,0.0,0.0,449.98400000000004,0.0,0.0,0.0,5.737,0,1.0,0.335,309.69,-1.4846000000000001,36.27,35.38502502441406,4.98,0.0,0
46986,-1.705,67.62700000000001,0.0,0.0,449.682,0.0,0.0,0.0,5.737,0,1.0,0.38,309.825,-0.132,35.22,35.38502502441406,4.98,0.0,0
46986,-1.8760000000000001,67.62700000000001,0.0,0.0,449.92400000000004,0.0,0.0,0.0,5.737,0,2.0,0.36,309.69,-3.8600000000000003,35.160000000000004,35.38502502441406,4.98,0.0,0
46986,-2.0460000000000003,67.62700000000001,0.0,0.0,449.863,0.0,0.0,0.0,5.737,0,1.0,0.34500000000000003,309.69,-2.1114,35.58,35.38502502441406,4.98,0.0,0
46986,-1.705,67.62700000000001,0.0,0.0,449.98400000000004,0.0,0.0,0.0,5.737,0,1.0,0.365,309.69,2.4743,35.910000000000004,35.38502502441406,4.98,0.0,0
46986,-1.705,67.62700000000001,0.0,0.0,450.166,0.0,0.0,0.0,5.737,0,1.0,0.33,309.69,0.2639,37.44,35.38502502441406,4.98,0.0,0
46986,-1.705,67.62700000000001,0.0,0.0,450.166,0.0,0.0,0.0,5.737,0,1.0,0.385,309.825,0.4289,38.13,35.38502502441406,4.98,0.0,0
46986,-1.8760000000000001,67.62700000000001,0.0,0.0,450.045,0.0,0.0,0.0,5.737,0,2.0,0.36,309.69,1.1877,38.49,35.38502502441406,4.98,0.0,0
46986,-1.8760000000000001,67.62700000000001,0.0,0.0,450.166,0.0,0.0,0.2,5.737,0,1.0,0.375,309.825,0.6928000000000001,37.35,35.38502502441406,4.98,0.0,0
46986,-2.217,67.62700000000001,0.0,0.0,450.348,0.0,0.0,-0.2,5.737,0,1.0,0.395,309.825,1.1877,36.96,35.38502502441406,4.98,0.0,0
46986,-2.0460000000000003,67.62700000000001,0.0,0.0,450.166,0.0,0.0,0.0,5.737,0,1.0,0.365,309.915,-1.4846000000000001,36.81,35.38502502441406,4.98,0.0,0
46986,-1.5350000000000001,67.62700000000001,0.0,0.0,449.92400000000004,0.0,0.0,-0.2,5.737,0,1.0,0.395,309.825,0.7918000000000001,36.84,35.38502502441406,4.98,0.0,0
46986,-1.705,67.62700000000001,0.0,0.0,450.22700000000003,0.0,0.0,-0.2,5.737,0,2.0,0.38,309.825,3.4311000000000003,36.660000000000004,35.38502502441406,4.98,0.0,0
46986,-1.5350000000000001,67.62700000000001,0.0,0.0,449.92400000000004,0.0,0.0,0.0,5.737,0,1.0,0.385,309.915,0.0,35.7,35.38502502441406,4.98,0.0,0
46986,-1.8760000000000001,67.62700000000001,0.0,0.0,449.56100000000004,0.0,0.0,-0.2,5.737,0,1.0,0.315,309.825,-0.7918000000000001,35.4,35.38502502441406,4.98,0.0,0
46986,-1.8760000000000001,67.62700000000001,0.0,0.0,449.56100000000004,0.0,0.0,0.0,5.737,0,2.0,0.33,309.825,-0.8578,35.34,35.38502502441406,4.98,0.0,0
46986,-2.0460000000000003,67.62700000000001,0.0,0.0,449.863,0.0,0.0,0.0,5.737,0,1.0,0.365,309.825,0.19790000000000002,35.07,35.38502502441406,4.98,0.0,0
46986,-1.705,67.62700000000001,0.0,0.0,450.348,0.0,0.0,0.0,5.737,0,1.0,0.39,309.825,-2.2269,35.160000000000004,35.38502502441406,4.98,0.0,0
46986,-1.8760000000000001,67.62700000000001,0.0,0.0,450.348,0.0,0.0,0.0,5.737,0,1.0,0.335,309.825,-1.1217000000000001,36.27,35.38502502441406,4.98,0.0,0
46986,-2.0460000000000003,67.62700000000001,0.0,0.0,450.28700000000003,0.0,0.0,0.0,5.737,0,2.0,0.32,309.6,-2.3176,37.44,35.38502502441406,4.98,0.0,0
46986,-1.5350000000000001,67.62700000000001,0.0,0.0,450.28700000000003,0.0,0.0,0.0,5.737,0,1.0,0.34,309.69,-6.705500000000001,37.71,35.38502502441406,4.98,0.0,0
46986,-1.705,67.62700000000001,0.0,0.0,450.348,0.0,0.0,0.0,5.737,0,1.0,0.32,309.69,-5.0559,37.44,35.38502502441406,4.98,0.0,0
46986,-2.217,67.62700000000001,0.0,0.0,450.529,0.0,0.0,0.0,5.737,0,1.0,0.32,309.825,5.3033,37.32,35.38502502441406,4.98,0.0,0
46986,-2.0460000000000003,67.62700000000001,0.0,0.0,450.166,0.0,0.0,0.0,5.737,0,1.0,0.365,309.915,5.8807,37.230000000000004,35.38502502441406,4.98,0.0,0
46986,-1.8760000000000001,67.62700000000001,0.0,0.0,449.92400000000004,0.0,0.0,0.0,5.737,0,2.0,0.295,309.825,0.0412,37.410000000000004,35.38502502441406,4.98,0.0,0
46986,-2.217,67.62700000000001,0.0,0.0,450.045,0.0,0.0,0.0,5.737,0,1.0,0.31,309.825,0.5279,37.32,35.38502502441406,4.98,0.0,0
46986,-1.705,67.62700000000001,0.0,0.0,450.348,0.0,0.0,0.0,5.737,0,1.0,0.34,309.915,-1.3196,36.57,35.38502502441406,4.98,0.0,0
46986,-1.5350000000000001,67.62700000000001,0.0,0.0,450.529,0.0,0.0,0.0,5.737,0,1.0,0.37,309.69,-2.4413,35.43,35.38502502441406,4.98,0.0,0
46986,-1.705,67.62700000000001,0.0,0.0,450.28700000000003,0.0,0.0,0.0,5.737,0,1.0,0.34500000000000003,309.69,-0.17320000000000002,34.86,35.38502502441406,4.98,0.0,0
46986,-1.8760000000000001,67.62700000000001,0.0,0.0,450.166,0.0,0.0,0.0,5.737,0,1.0,0.385,309.825,-0.3299,34.800000000000004,35.38502502441406,4.98,0.0,0
46986,-1.705,67.62700000000001,0.0,0.0,450.045,0.0,0.0,0.2,5.737,0,2.0,0.34500000000000003,309.69,0.19790000000000002,35.49,35.38502502441406,4.98,0.0,0
46986,-1.705,67.62700000000001,0.0,0.0,450.106,0.0,0.0,0.0,5.737,0,1.0,0.34500000000000003,309.825,1.3856000000000002,36.06,35.38502502441406,4.98,0.0,0
46986,-1.705,67.62700000000001,0.0,0.0,450.166,0.0,0.0,0.0,5.737,0,1.0,0.395,309.69,2.0042,37.77,35.38502502441406,4.98,0.0,0
46986,-1.5350000000000001,67.62700000000001,0.0,0.0,450.166,0.0,0.0,0.0,5.737,0,1.0,0.37,309.825,1.1877,38.49,35.38502502441406,4.98,0.0,0
46986,-1.5350000000000001,67.62700000000001,0.0,0.0,450.045,0.0,0.0,0.0,5.737,0,1.0,0.36,309.825,-1.1877,38.22,35.38502502441406,4.98,0.0,0
46986,-1.5350000000000001,67.62700000000001,0.0,0.0,450.166,0.0,0.0,0.2,5.737,0,1.0,0.365,309.825,2.7713,37.35,35.38502502441406,4.98,0.0,0
46986,-1.5350000000000001,67.62700000000001,0.0,0.0,450.166,0.0,0.0,0.0,5.737,0,1.0,0.355,309.69,1.3444,36.18,35.38502502441406,4.98,0.0,0
46986,-1.8760000000000001,67.62700000000001,0.0,0.0,450.106,0.0,0.0,-0.2,5.737,0,1.0,0.365,309.825,-0.7918000000000001,35.79,35.38502502441406,4.98,0.0,0
46986,-1.705,67.62700000000001,0.0,0.0,450.28700000000003,0.0,0.0,0.0,5.737,0,1.0,0.35000000000000003,309.825,1.8475000000000001,34.89,35.38502502441406,4.98,0.0,0
46986,-1.8760000000000001,67.62700000000001,0.0,0.0,450.408,0.0,0.0,0.2,5.737,0,2.0,0.33,309.825,2.0620000000000003,34.35,35.38502502441406,4.98,0.0,0
46986,-1.705,67.62700000000001,0.0,0.0,450.408,0.0,0.0,0.0,5.737,0,1.0,0.325,309.825,-4.3548,34.410000000000004,35.38502502441406,4.98,0.0,0
46986,-2.0460000000000003,67.62700000000001,0.0,0.0,450.348,0.0,0.0,0.0,5.737,0,1.0,0.34,309.69,-1.097,34.62,35.38502502441406,4.98,0.0,0
46986,-1.5350000000000001,67.62700000000001,0.0,0.0,450.22700000000003,0.0,0.0,0.0,5.737,0,2.0,0.36,309.825,2.7053000000000003,34.65,35.38502502441406,4.98,0.0,0
46986,-1.8760000000000001,67.62700000000001,0.0,0.0,450.348,0.0,0.0,-0.2,5.737,0,1.0,0.35000000000000003,309.825,2.0207,36.36,35.38502502441406,4.98,0.0,0
46986,-1.705,67.62700000000001,0.0,0.0,450.469,0.0,0.0,0.0,5.737,0,1.0,0.335,309.69,-0.2639,37.17,35.38502502441406,4.98,0.0,0
46986,-1.705,67.62700000000001,0.0,0.0,450.348,0.0,0.0,0.0,5.737,0,1.0,0.335,309.825,-2.3754,37.38,35.38502502441406,4.98,0.0,0
46986,-1.5350000000000001,67.62700000000001,0.0,0.0,450.529,0.0,0.0,0.0,5.737,0,1.0,0.35000000000000003,309.825,-2.1114,37.38,35.38502502441406,4.98,0.0,0
46986,-1.705,67.62700000000001,0.0,0.0,450.408,0.0,0.0,0.2,5.737,0,1.0,0.35000000000000003,309.69,1.6826,36.72,35.38502502441406,4.98,0.0,0
46986,-1.5350000000000001,67.62700000000001,0.0,0.0,450.28700000000003,0.0,0.0,0.0,5.737,0,1.0,0.34500000000000003,309.825,-0.39590000000000003,36.6,35.38502502441406,4.98,0.0,0
46986,-1.705,67.62700000000001,0.0,0.0,450.469,0.0,0.0,0.0,5.737,0,1.0,0.335,309.825,-0.7918000000000001,36.300000000000004,35.38502502441406,4.98,0.0,0
46986,-1.8760000000000001,67.62700000000001,0.0,0.0,449.98400000000004,0.0,0.0,0.0,5.737,0,2.0,0.34,309.825,5.1466,36.12,35.38502502441406,4.98,0.0,0
46986,-1.705,67.62700000000001,0.0,0.0,450.22700000000003,0.0,0.0,0.2,5.737,0,2.0,0.355,309.825,-1.5836000000000001,36.03,35.38502502441406,4.98,0.0,0
46986,-1.8760000000000001,67.62700000000001,0.0,0.0,450.348,0.0,0.0,0.0,5.737,0,2.0,0.36,309.69,-2.7713,36.18,35.38502502441406,4.98,0.0,0
46986,-1.8760000000000001,67.62700000000001,0.0,0.0,450.469,0.0,0.0,0.0,5.737,0,1.0,0.355,309.69,-0.6928000000000001,36.0,35.38502502441406,4.98,0.0,0
46986,-1.8760000000000001,67.62700000000001,0.0,0.0,450.166,0.0,0.0,0.2,5.737,0,1.0,0.365,309.825,-0.39590000000000003,35.97,35.38502502441406,4.98,0.0,0
46986,-1.5350000000000001,67.62700000000001,0.0,0.0,449.98400000000004,0.0,0.0,0.0,5.737,0,2.0,0.355,309.69,2.3754,36.300000000000004,35.38502502441406,4.98,0.0,0
46986,-2.0460000000000003,67.62700000000001,0.0,0.0,450.469,0.0,0.0,0.0,5.737,0,1.0,0.335,309.6,-5.0147,35.67,35.38502502441406,4.98,0.0,0
46986,-1.705,67.62700000000001,0.0,0.0,450.28700000000003,0.0,0.0,0.0,5.737,0,1.0,0.3,309.825,-0.5279,35.94,35.38502502441406,4.98,0.0,0
46986,-1.705,67.62700000000001,0.0,0.0,450.045,0.0,0.0,0.2,5.737,0,1.0,0.385,309.69,1.9795,36.36,35.38502502441406,4.98,0.0,0
46986,-1.8760000000000001,67.62700000000001,0.0,0.0,449.98400000000004,0.0,0.0,-0.2,5.737,0,1.0,0.33,309.825,1.6826,37.230000000000004,35.38502502441406,4.98,0.0,0
46986,-1.5350000000000001,67.62700000000001,0.0,0.0,450.348,0.0,0.0,0.0,5.737,0,1.0,0.35000000000000003,309.825,3.8270000000000004,37.08,35.38502502441406,4.98,0.0,0
46986,-1.5350000000000001,67.62700000000001,0.0,0.0,450.348,0.0,0.0,0.2,5.737,0,1.0,0.34500000000000003,309.825,2.8043,37.08,35.38502502441406,4.98,0.0,0
46986,-2.0460000000000003,67.62700000000001,0.0,0.0,450.166,0.0,0.0,0.0,5.737,0,1.0,0.34500000000000003,309.69,-2.7713,36.69,35.38502502441406,4.98,0.0,0
46986,-1.5350000000000001,67.62700000000001,0.0,0.0,450.166,0.0,0.0,-0.2,5.737,0,1.0,0.34500000000000003,309.69,-2.2764,36.51,35.38502502441406,4.98,0.0,0
46986,-1.705,67.62700000000001,0.0,0.0,450.469,0.0,0.0,0.2,5.737,0,1.0,0.34,309.825,-1.9795,36.54,35.38502502441406,4.98,0.0,0
46986,-1.705,67.62700000000001,0.0,0.0,450.348,0.0,0.0,0.0,5.737,0,0.0,0.36,309.825,2.2764,36.27,35.38502502441406,4.98,0.0,0
46986,-1.5350000000000001,67.62700000000001,0.0,0.0,450.348,0.0,0.0,0.0,5.737,0,1.0,0.365,309.69,1.9795,35.97,35.38502502441406,4.98,0.0,0
46986,-1.5350000000000001,67.62700000000001,0.0,0.0,450.166,0.0,0.0,0.0,5.737,0,1.0,0.34,309.825,-0.7918000000000001,36.09,35.38502502441406,4.98,0.0,0
46986,-1.5350000000000001,67.62700000000001,0.0,0.0,450.408,0.0,0.0,-0.2,5.737,0,1.0,0.405,309.69,-1.5836000000000001,35.79,35.38502502441406,4.98,0.0,0
46986,-1.705,67.62700000000001,0.0,0.0,450.28700000000003,0.0,0.0,0.0,5.737,0,1.0,0.375,309.825,-1.6826,36.12,35.38502502441406,4.98,0.0,0
46986,-1.705,67.62700000000001,0.0,0.0,449.98400000000004,0.0,0.0,0.0,5.737,0,2.0,0.34,309.69,-0.6598,36.63,35.38502502441406,4.98,0.0,0
46986,-2.0460000000000003,67.62700000000001,0.0,0.0,449.98400000000004,0.0,0.0,0.0,5.737,0,1.0,0.33,309.825,-0.19790000000000002,36.69,35.38502502441406,4.98,0.0,0
46986,-1.5350000000000001,67.62700000000001,0.0,0.0,450.106,0.0,0.0,0.2,5.737,0,2.0,0.35000000000000003,309.69,-0.3299,37.410000000000004,35.38502502441406,4.98,0.0,0
46986,-1.8760000000000001,67.62700000000001,0.0,0.0,450.348,0.0,0.0,0.0,5.737,0,1.0,0.35000000000000003,309.825,-2.8372,37.95,35.38502502441406,4.98,0.0,0
46986,-1.5350000000000001,67.62700000000001,0.0,0.0,450.22700000000003,0.0,0.0,0.2,5.737,0,1.0,0.355,309.69,-0.19790000000000002,38.04,35.38502502441406,4.98,0.0,0
46986,-1.8760000000000001,67.62700000000001,0.0,0.0,450.166,0.0,0.0,-0.2,5.737,0,1.0,0.34,309.825,3.2744,38.07,35.38502502441406,4.98,0.0,0
46986,-1.5350000000000001,67.62700000000001,0.0,0.0,450.408,0.0,0.0,0.2,5.737,0,1.0,0.36,309.825,1.5836000000000001,37.86,35.38502502441406,4.98,0.0,0
46986,-1.705,67.62700000000001,0.0,0.0,450.28700000000003,0.0,0.0,0.0,5.737,0,1.0,0.34500000000000003,309.825,3.4063000000000003,37.89,35.38502502441406,4.98,0.0,0
46986,-1.8760000000000001,67.62700000000001,0.0,0.0,450.106,0.0,0.0,-0.2,5.737,0,1.0,0.335,309.825,-0.5114000000000001,36.84,35.38502502441406,4.98,0.0,0
46986,-1.8760000000000001,67.62700000000001,0.0,0.0,450.22700000000003,0.0,0.0,0.0,5.737,0,1.0,0.325,309.69,-2.5486,35.25,35.38502502441406,4.98,0.0,0
46986,-1.705,67.62700000000001,0.0,0.0,450.469,0.0,0.0,0.0,5.737,0,1.0,0.325,309.825,0.2639,35.1,35.38502502441406,4.98,0.0,0
46986,-1.8760000000000001,67.62700000000001,0.0,0.0,450.408,0.0,0.0,0.2,5.737,0,1.0,0.355,309.825,2.9032,35.94,35.38502502441406,4.98,0.0,0
46986,-2.0460000000000003,67.62700000000001,0.0,0.0,450.166,0.0,0.0,0.0,5.737,0,1.0,0.34500000000000003,309.825,1.3856000000000002,36.09,35.38502502441406,4.98,0.0,0
46986,-1.705,67.62700000000001,0.0,0.0,450.045,0.0,0.0,0.2,5.737,0,2.0,0.34500000000000003,309.915,-2.0620000000000003,37.410000000000004,35.38502502441406,4.98,0.0,0
46986,-1.8760000000000001,67.62700000000001,0.0,0.0,450.166,0.0,0.0,0.0,5.737,0,1.0,0.36,309.69,-0.37120000000000003,38.01,35.38502502441406,4.98,0.0,0
46986,-1.705,67.62700000000001,0.0,0.0,450.59000000000003,0.0,0.0,0.0,5.737,0,1.0,0.34500000000000003,309.915,0.6433,37.92,35.38502502441406,4.98,0.0,0
46986,-1.705,67.62700000000001,0.0,0.0,450.408,0.0,0.0,-0.2,5.737,0,1.0,0.365,309.825,-0.2227,37.17,35.38502502441406,4.98,0.0,0
46986,-2.0460000000000003,67.62700000000001,0.0,0.0,450.106,0.0,0.0,-0.2,5.737,0,1.0,0.34,309.69,2.1774,37.35,35.38502502441406,4.98,0.0,0
46986,-2.0460000000000003,67.62700000000001,0.0,0.0,450.28700000000003,0.0,0.0,0.2,5.737,0,1.0,0.335,309.825,-5.4106000000000005,38.01,35.38502502441406,4.98,0.0,0
46986,-1.8760000000000001,67.62700000000001,0.0,0.0,450.22700000000003,0.0,0.0,0.2,5.737,0,1.0,0.355,309.825,-1.0557,38.1,35.38502502441406,4.98,0.0,0
46986,-1.8760000000000001,67.62700000000001,0.0,0.0,450.166,0.0,0.0,0.2,5.737,0,2.0,0.36,309.69,0.0247,37.29,35.38502502441406,4.98,0.0,0
46986,-1.5350000000000001,67.62700000000001,0.0,0.0,450.106,0.0,0.0,-0.2,5.737,0,1.0,0.335,309.825,-2.9692000000000003,36.660000000000004,35.38502502441406,4.98,0.0,0
46986,-1.5350000000000001,67.62700000000001,0.0,0.0,449.98400000000004,0.0,0.0,0.0,5.737,0,1.0,0.355,309.825,2.9692000000000003,35.64,35.38502502441406,4.98,0.0,0
46986,-1.8760000000000001,67.62700000000001,0.0,0.0,450.106,0.0,0.0,0.2,5.737,0,1.0,0.335,309.825,2.5486,35.46,35.38502502441406,4.98,0.0,0
46986,-1.5350000000000001,67.62700000000001,0.0,0.0,450.348,0.0,0.0,-0.2,5.737,0,1.0,0.35000000000000003,309.69,-4.1321,34.980000000000004,35.38502502441406,4.98,0.0,0
46986,-1.705,67.62700000000001,0.0,0.0,450.408,0.0,0.0,0.0,5.737,0,1.0,0.34500000000000003,309.825,-1.5836000000000001,36.36,35.38502502441406,4.98,0.0,0
46986,-1.8760000000000001,67.62700000000001,0.0,0.0,449.98400000000004,0.0,0.0,0.0,5.737,0,1.0,0.34500000000000003,309.69,0.0247,37.68,35.38502502441406,4.98,0.0,0
46986,-1.5350000000000001,67.62700000000001,0.0,0.0,450.22700000000003,0.0,0.0,-0.2,5.737,0,1.0,0.35000000000000003,309.825,2.5486,38.22,35.38502502441406,4.98,0.0,0
46986,-1.5350000000000001,67.62700000000001,0.0,0.0,450.166,0.0,0.0,0.0,5.737,0,2.0,0.36,309.915,3.1919,38.64,35.38502502441406,4.98,0.0,0
46986,-1.705,67.62700000000001,0.0,0.0,450.166,0.0,0.0,0.0,5.737,0,2.0,0.355,309.915,3.0352,38.7,35.38502502441406,4.98,0.0,0
46986,-2.0460000000000003,67.62700000000001,0.0,0.0,450.22700000000003,0.0,0.0,0.0,5.737,0,1.0,0.34,309.69,-1.0557,38.7,35.38502502441406,4.98,0.0,0
46986,-1.5350000000000001,67.62700000000001,0.0,0.0,450.59000000000003,0.0,0.0,0.0,5.737,0,1.0,0.37,309.915,-1.7155,38.61,35.38502502441406,4.98,0.0,0
46986,-2.217,67.62700000000001,0.0,0.0,450.408,0.0,0.0,0.0,5.737,0,1.0,0.335,309.825,2.7053000000000003,37.74,35.38502502441406,4.98,0.0,0
46986,-1.8760000000000001,67.62700000000001,0.0,0.0,450.166,0.0,0.0,0.2,5.737,0,1.0,0.34,309.825,3.9589000000000003,37.77,35.38502502441406,4.98,0.0,0
46986,-1.5350000000000001,67.62700000000001,0.0,0.0,450.045,0.0,0.0,-0.2,5.737,0,1.0,0.335,309.825,-0.9897,37.26,35.38502502441406,4.98,0.0,0
46986,-1.705,67.62700000000001,0.0,0.0,450.045,0.0,0.0,0.0,5.737,0,1.0,0.375,309.825,1.3196,36.27,35.38502502441406,4.98,0.0,0
46986,-1.705,67.62700000000001,0.0,0.0,450.106,0.0,0.0,0.0,5.737,0,1.0,0.355,309.915,-0.5938,35.46,35.38502502441406,4.98,0.0,0
46986,-1.5350000000000001,67.62700000000001,0.0,0.0,450.166,0.0,0.0,0.0,5.737,0,1.0,0.34,309.825,-0.132,34.92,35.38502502441406,4.98,0.0,0
46986,-1.8760000000000001,67.62700000000001,0.0,0.0,450.28700000000003,0.0,0.0,0.0,5.737,0,1.0,0.355,309.69,-1.2207000000000001,35.730000000000004,35.38502502441406,4.98,0.0,0
46986,-2.0460000000000003,67.62700000000001,0.0,0.0,450.408,0.0,0.0,-0.2,5.737,0,2.0,0.34500000000000003,309.69,-5.4106000000000005,37.86,35.38502502441406,4.98,0.0,0
46986,-1.705,67.62700000000001,0.0,0.0,450.408,0.0,0.0,-0.2,5.737,0,1.0,0.34,309.915,0.9897,39.87,35.38502502441406,4.98,0.0,0
46986,-1.705,67.62700000000001,0.0,0.0,450.348,0.0,0.0,0.0,5.737,0,2.0,0.34,309.69,1.5836000000000001,40.26,35.38502502441406,4.98,0.0,0
46986,-1.705,67.62700000000001,0.0,0.0,450.106,0.0,0.0,0.0,5.737,0,1.0,0.355,309.825,0.165,39.63,35.38502502441406,4.98,0.0,0
46986,-1.705,67.62700000000001,0.0,0.0,450.166,0.0,0.0,0.0,5.737,0,1.0,0.34,309.825,1.0557,37.5,35.38502502441406,4.98,0.0,0
46986,-1.5350000000000001,67.62700000000001,0.0,0.0,450.166,0.0,0.0,0.2,5.737,0,1.0,0.315,309.825,2.5403000000000002,36.93,35.38502502441406,4.98,0.0,0
46986,-1.5350000000000001,67.62700000000001,0.0,0.0,449.803,0.0,0.0,0.0,5.737,0,1.0,0.35000000000000003,309.825,-3.9589000000000003,36.78,35.38502502441406,4.98,0.0,0
46986,-1.5350000000000001,67.62700000000001,0.0,0.0,449.863,0.0,0.0,-0.2,5.737,0,2.0,0.35000000000000003,309.825,2.6393,37.47,35.38502502441406,4.98,0.0,0
46986,-1.8760000000000001,67.62700000000001,0.0,0.0,450.348,0.0,0.0,0.0,5.737,0,1.0,0.375,309.69,-2.7713,37.38,35.38502502441406,4.98,0.0,0
46986,-2.217,67.62700000000001,0.0,0.0,450.529,0.0,0.0,0.2,5.737,0,1.0,0.35000000000000003,309.825,-5.806500000000001,37.14,35.38502502441406,4.98,0.0,0
46986,-1.5350000000000001,67.62700000000001,0.0,0.0,450.65000000000003,0.0,0.0,0.0,5.737,0,1.0,0.33,309.825,0.7918000000000001,36.42,35.38502502441406,4.98,0.0,0
46986,-1.705,67.62700000000001,0.0,0.0,450.348,0.0,0.0,0.0,5.737,0,2.0,0.34500000000000003,309.825,4.651800000000001,36.39,35.38502502441406,4.98,0.0,0
46986,-1.5350000000000001,67.62700000000001,0.0,0.0,450.348,0.0,0.0,0.0,5.737,0,1.0,0.355,309.825,4.1981,36.36,35.38502502441406,4.98,0.0,0
46986,-1.5350000000000001,67.62700000000001,0.0,0.0,449.682,0.0,0.0,0.0,5.737,0,1.0,0.355,309.825,2.3094,37.14,35.38502502441406,4.98,0.0,0
46986,-1.705,67.62700000000001,0.0,0.0,449.98400000000004,0.0,0.0,0.0,5.737,0,1.0,0.355,309.825,-3.3651,38.4,35.38502502441406,4.98,0.0,0
46986,-1.5350000000000001,67.62700000000001,0.0,0.0,449.98400000000004,0.0,0.0,0.0,5.737,0,2.0,0.35000000000000003,309.915,0.3134,39.12,35.38502502441406,4.98,0.0,0
46986,-1.5350000000000001,67.62700000000001,0.0,0.0,449.92400000000004,0.0,0.0,-0.2,5.737,0,1.0,0.35000000000000003,309.69,-1.6248,39.12,35.38502502441406,4.98,0.0,0
46986,-1.705,67.62700000000001,0.0,0.0,450.469,0.0,0.0,0.0,5.737,0,1.0,0.355,309.825,-1.6496000000000002,38.1,35.38502502441406,4.98,0.0,0
46986,-1.705,67.62700000000001,0.0,0.0,450.22700000000003,0.0,0.0,0.2,5.737,0,1.0,0.315,309.825,1.6496000000000002,37.38,35.38502502441406,4.98,0.0,0
46986,-1.5350000000000001,67.62700000000001,0.0,0.0,449.98400000000004,0.0,0.0,0.0,5.737,0,2.0,0.335,309.825,0.8330000000000001,36.42,35.38502502441406,4.98,0.0,0
46986,-1.705,67.62700000000001,0.0,0.0,449.863,0.0,0.0,-0.2,5.737,0,1.0,0.35000000000000003,309.69,-3.2579000000000002,36.33,35.38502502441406,4.98,0.0,0
46986,-1.8760000000000001,67.62700000000001,0.0,0.0,450.22700000000003,0.0,0.0,-0.2,5.737,0,1.0,0.36,309.69,1.3444,36.78,35.38502502441406,4.98,0.0,0
46986,-1.5350000000000001,67.62700000000001,0.0,0.0,450.408,0.0,0.0,0.0,5.737,0,1.0,0.335,309.69,0.066,36.51,35.38502502441406,4.98,0.0,0
46986,-1.705,67.62700000000001,0.0,0.0,450.408,0.0,0.0,0.0,5.737,0,1.0,0.36,309.825,0.9650000000000001,36.12,35.38502502441406,4.98,0.0,0
46986,-1.8760000000000001,67.62700000000001,0.0,0.0,450.469,0.0,0.0,0.0,5.737,0,1.0,0.32,309.825,-0.3134,35.97,35.38502502441406,4.98,0.0,0
46986,-1.705,67.62700000000001,0.0,0.0,450.831,0.0,0.0,0.0,5.737,0,2.0,0.34500000000000003,309.915,2.4001,36.72,35.38502502441406,4.98,0.0,0
46986,-1.705,67.62700000000001,0.0,0.0,450.711,0.0,0.0,-0.2,5.737,0,1.0,0.365,309.69,-1.0310000000000001,37.980000000000004,35.38502502441406,4.98,0.0,0
46986,-1.5350000000000001,67.62700000000001,0.0,0.0,450.045,0.0,0.0,0.0,5.737,0,1.0,0.34500000000000003,309.825,1.3856000000000002,38.7,35.38502502441406,4.98,0.0,0
46986,-1.705,67.62700000000001,0.0,0.0,450.166,0.0,0.0,-0.2,5.737,0,1.0,0.35000000000000003,309.825,-1.2372,39.12,35.38502502441406,4.98,0.0,0
46986,-1.5350000000000001,67.62700000000001,0.0,0.0,450.348,0.0,0.0,0.0,5.737,0,1.0,0.355,309.915,-1.0310000000000001,38.82,35.38502502441406,4.98,0.0,0
46986,-1.5350000000000001,67.62700000000001,0.0,0.0,450.529,0.0,0.0,0.2,5.737,0,1.0,0.325,309.825,1.6001,37.800000000000004,35.38502502441406,4.98,0.0,0
46986,-1.705,67.62700000000001,0.0,0.0,450.469,0.0,0.0,-0.2,5.737,0,1.0,0.36,309.825,-3.3651,37.35,35.38502502441406,4.98,0.0,0
46986,-1.5350000000000001,67.62700000000001,0.0,0.0,450.348,0.0,0.0,0.0,5.737,0,1.0,0.335,309.825,-4.9734,36.57,35.38502502441406,4.98,0.0,0
46986,-1.8760000000000001,67.62700000000001,0.0,0.0,450.045,0.0,0.0,-0.2,5.737,0,1.0,0.355,309.825,0.6598,36.39,35.38502502441406,4.98,0.0,0
46986,-1.5350000000000001,67.62700000000001,0.0,0.0,450.106,0.0,0.0,0.2,5.737,0,1.0,0.355,309.825,0.9650000000000001,36.15,35.38502502441406,4.98,0.0,0
46986,-1.705,67.62700000000001,0.0,0.0,450.348,0.0,0.0,0.2,5.737,0,1.0,0.34,309.825,1.1217000000000001,36.12,35.38502502441406,4.98,0.0,0
46986,-1.705,67.62700000000001,0.0,0.0,450.166,0.0,0.0,0.0,5.737,0,1.0,0.36,309.825,3.1424000000000003,36.36,35.38502502441406,4.98,0.0,0
46986,-1.705,67.62700000000001,0.0,0.0,450.106,0.0,0.0,0.0,5.737,0,1.0,0.37,309.825,-1.3196,36.81,35.38502502441406,4.98,0.0,0
46986,-2.0460000000000003,67.62700000000001,0.0,0.0,450.106,0.0,0.0,0.0,5.737,0,1.0,0.35000000000000003,309.825,-3.2826,37.17,35.38502502441406,4.98,0.0,0
46986,-1.8760000000000001,67.62700000000001,0.0,0.0,450.045,0.0,0.0,-0.2,5.737,0,1.0,0.335,309.69,0.42060000000000003,38.01,35.38502502441406,4.98,0.0,0
46986,-1.5350000000000001,67.62700000000001,0.0,0.0,450.045,0.0,0.0,-0.2,5.737,0,1.0,0.33,309.69,0.099,38.04,35.38502502441406,4.98,0.0,0
46986,-1.5350000000000001,67.62700000000001,0.0,0.0,450.166,0.0,0.0,-0.2,5.737,0,1.0,0.325,309.825,-1.1877,37.92,35.38502502441406,4.98,0.0,0
46986,-1.705,67.62700000000001,0.0,0.0,450.22700000000003,0.0,0.0,0.0,5.737,0,1.0,0.34,309.69,0.3629,38.160000000000004,35.38502502441406,4.98,0.0,0
46986,-1.8760000000000001,67.62700000000001,0.0,0.0,450.166,0.0,0.0,0.0,5.737,0,2.0,0.37,309.825,1.3196,38.37,35.38502502441406,4.98,0.0,0
46986,-1.5350000000000001,67.62700000000001,0.0,0.0,450.166,0.0,0.0,0.2,5.737,0,1.0,0.355,309.69,-3.8600000000000003,37.89,35.38502502441406,4.98,0.0,0
46986,-1.705,67.62700000000001,0.0,0.0,450.28700000000003,0.0,0.0,0.0,5.737,0,1.0,0.34500000000000003,309.825,3.9589000000000003,37.5,35.38502502441406,4.98,0.0,0
46986,-1.705,67.62700000000001,0.0,0.0,449.92400000000004,0.0,0.0,0.0,5.737,0,1.0,0.335,309.825,1.5836000000000001,37.14,35.38502502441406,4.98,0.0,0
46986,-1.5350000000000001,67.62700000000001,0.0,0.0,449.682,0.0,0.0,0.0,5.737,0,1.0,0.35000000000000003,309.825,3.1672000000000002,36.39,35.38502502441406,4.98,0.0,0
46986,-1.705,67.62700000000001,0.0,0.0,450.045,0.0,0.0,-0.2,5.737,0,1.0,0.34,309.915,1.7815,35.34,35.38502502441406,4.98,0.0,0
46986,-1.705,67.62700000000001,0.0,0.0,450.348,0.0,0.0,0.0,5.737,0,1.0,0.335,309.825,1.1877,35.25,35.38502502441406,4.98,0.0,0
46986,-1.5350000000000001,67.62700000000001,0.0,0.0,450.408,0.0,0.0,0.0,5.737,0,1.0,0.34,309.69,0.3629,35.82,35.38502502441406,4.98,0.0,0
46986,-1.8760000000000001,67.62700000000001,0.0,0.0,450.59000000000003,0.0,0.0,0.0,5.737,0,1.0,0.35000000000000003,309.69,-5.806500000000001,36.15,35.38502502441406,4.98,0.0,0
46986,-1.5350000000000001,67.62700000000001,0.0,0.0,450.469,0.0,0.0,0.2,5.737,0,1.0,0.355,309.825,-3.9589000000000003,37.050000000000004,35.38502502441406,4.98,0.0,0
46986,-1.8760000000000001,67.62700000000001,0.0,0.0,450.348,0.0,0.0,0.0,5.737,0,1.0,0.335,309.825,3.9589000000000003,37.68,35.38502502441406,4.98,0.0,0
46986,-1.705,67.62700000000001,0.0,0.0,450.408,0.0,0.0,0.2,5.737,0,1.0,0.35000000000000003,309.69,3.9589000000000003,38.19,35.38502502441406,4.98,0.0,0
46986,-1.5350000000000001,67.62700000000001,0.0,0.0,450.28700000000003,0.0,0.0,0.2,5.737,0,1.0,0.355,309.915,1.9795,38.04,35.38502502441406,4.98,0.0,0
46986,-1.5350000000000001,67.62700000000001,0.0,0.0,450.22700000000003,0.0,0.0,-0.2,5.737,0,1.0,0.35000000000000003,309.825,-1.0557,38.160000000000004,35.38502502441406,4.98,0.0,0
46986,-1.705,67.62700000000001,0.0,0.0,450.28700000000003,0.0,0.0,0.0,5.737,0,1.0,0.37,309.825,0.2639,38.160000000000004,35.38502502441406,4.98,0.0,0
46986,-1.705,67.62700000000001,0.0,0.0,450.166,0.0,0.0,0.0,5.737,0,1.0,0.365,309.69,-3.2661000000000002,37.32,35.38502502441406,4.98,0.0,0
46986,-1.705,67.62700000000001,0.0,0.0,450.28700000000003,0.0,0.0,-0.2,5.737,0,1.0,0.39,309.825,-1.5836000000000001,35.94,35.38502502441406,4.98,0.0,0
46986,-1.5350000000000001,67.62700000000001,0.0,0.0,450.28700000000003,0.0,0.0,0.0,5.737,0,2.0,0.35000000000000003,309.825,2.3754,34.74,35.38502502441406,4.98,0.0,0
46986,-1.5350000000000001,67.62700000000001,0.0,0.0,449.98400000000004,0.0,0.0,0.0,5.737,0,2.0,0.365,309.825,2.7713,34.410000000000004,35.38502502441406,4.98,0.0,0
46986,-1.5350000000000001,67.62700000000001,0.0,0.0,450.28700000000003,0.0,0.0,-0.2,5.737,0,1.0,0.35000000000000003,309.915,2.0455,34.800000000000004,35.38502502441406,4.98,0.0,0
46986,-1.364,67.62700000000001,0.0,0.0,450.348,0.0,0.0,-0.2,5.737,0,1.0,0.315,309.69,-4.2229,36.0,35.38502502441406,4.98,0.0,0
46986,-1.5350000000000001,67.62700000000001,0.0,0.0,450.166,0.0,0.0,0.0,5.737,0,1.0,0.35000000000000003,309.825,-2.9032,37.53,35.38502502441406,4.98,0.0,0
46986,-1.705,67.62700000000001,0.0,0.0,450.045,0.0,0.0,0.0,5.737,0,1.0,0.39,309.69,-3.4311000000000003,38.25,35.38502502441406,4.98,0.0,0
46986,-1.5350000000000001,67.62700000000001,0.0,0.0,450.22700000000003,0.0,0.0,0.0,5.737,0,1.0,0.325,309.69,-2.1114,38.31,35.38502502441406,4.98,0.0,0
46986,-1.705,67.62700000000001,0.0,0.0,450.348,0.0,0.0,0.2,5.737,0,1.0,0.315,309.69,-3.4311000000000003,37.32,35.38502502441406,4.98,0.0,0
46986,-1.705,67.62700000000001,0.0,0.0,450.348,0.0,0.0,0.0,5.737,0,1.0,0.33,309.825,-2.3754,37.11,35.38502502441406,4.98,0.0,0
46986,-1.8760000000000001,67.62700000000001,0.0,0.0,450.045,0.0,0.0,-0.2,5.737,0,1.0,0.34500000000000003,309.825,1.4269,36.45,35.38502502441406,4.98,0.0,0
46986,-1.705,67.62700000000001,0.0,0.0,450.348,0.0,0.0,0.2,5.737,0,1.0,0.335,309.825,4.3301,37.08,35.38502502441406,4.98,0.0,0
46986,-1.8760000000000001,67.62700000000001,0.0,0.0,450.529,0.0,0.0,0.0,5.737,0,2.0,0.33,309.825,0.0412,36.57,35.38502502441406,4.98,0.0,0
46986,-1.705,67.62700000000001,0.0,0.0,450.348,0.0,0.0,0.2,5.737,0,1.0,0.375,309.825,-0.066,35.550000000000004,35.38502502441406,4.98,0.0,0
46986,-1.705,67.62700000000001,0.0,0.0,450.348,0.0,0.0,0.0,5.737,0,1.0,0.34500000000000003,309.69,0.066,34.95,35.38502502441406,4.98,0.0,0
46986,-1.705,67.62700000000001,0.0,0.0,450.28700000000003,0.0,0.0,0.0,5.737,0,1.0,0.37,309.825,-3.4311000000000003,35.01,35.38502502441406,4.98,0.0,0
46986,-1.8760000000000001,67.62700000000001,0.0,0.0,450.408,0.0,0.0,-0.2,5.737,0,1.0,0.37,309.69,-2.9445,35.31,35.38502502441406,4.98,0.0,0
46986,-1.8760000000000001,67.62700000000001,0.0,0.0,450.28700000000003,0.0,0.0,0.0,5.737,0,1.0,0.3,309.69,0.0,36.0,35.38502502441406,4.98,0.0,0
46986,-1.8760000000000001,67.62700000000001,0.0,0.0,450.166,0.0,0.0,0.0,5.737,0,1.0,0.34,309.915,2.0042,37.32,35.38502502441406,4.98,0.0,0
46986,-1.5350000000000001,67.62700000000001,0.0,0.0,450.045,0.0,0.0,0.0,5.737,0,1.0,0.34,309.825,5.5838,38.550000000000004,35.38502502441406,4.98,0.0,0
46986,-1.5350000000000001,67.62700000000001,0.0,0.0,450.22700000000003,0.0,0.0,0.0,5.737,0,2.0,0.335,309.825,1.9135000000000002,38.82,35.38502502441406,4.98,0.0,0
46986,-1.5350000000000001,67.62700000000001,0.0,0.0,450.166,0.0,0.0,0.2,5.737,0,1.0,0.37,309.69,-3.9837000000000002,38.43,35.38502502441406,4.98,0.0,0
46986,-1.705,67.62700000000001,0.0,0.0,450.28700000000003,0.0,0.0,0.2,5.737,0,1.0,0.35000000000000003,309.915,-1.9300000000000002,37.59,35.38502502441406,4.98,0.0,0
46986,-1.5350000000000001,67.62700000000001,0.0,0.0,450.348,0.0,0.0,0.2,5.737,0,1.0,0.34,309.825,4.9487000000000005,37.2,35.38502502441406,4.98,0.0,0
46986,-1.705,67.62700000000001,0.0,0.0,450.65000000000003,0.0,0.0,0.0,5.737,0,1.0,0.375,309.825,1.9135000000000002,37.17,35.38502502441406,4.98,0.0,0
46986,-1.5350000000000001,67.62700000000001,0.0,0.0,450.348,0.0,0.0,0.2,5.737,0,2.0,0.355,309.825,-4.3383,37.14,35.38502502441406,4.98,0.0,0
46986,-1.5350000000000001,67.62700000000001,0.0,0.0,450.22700000000003,0.0,0.0,-0.2,5.737,0,2.0,0.355,309.825,-0.7093,36.87,35.38502502441406,4.98,0.0,0
46986,-1.5350000000000001,67.62700000000001,0.0,0.0,449.863,0.0,0.0,0.0,5.737,0,1.0,0.34500000000000003,309.825,-0.5938,36.15,35.38502502441406,4.98,0.0,0
46986,-1.705,67.62700000000001,0.0,0.0,450.045,0.0,0.0,0.2,5.737,0,1.0,0.355,309.825,-0.9897,35.28,35.38502502441406,4.98,0.0,0
46986,-1.705,67.62700000000001,0.0,0.0,450.166,0.0,0.0,0.0,5.737,0,2.0,0.33,309.825,-0.19790000000000002,35.82,35.38502502441406,4.98,0.0,0
46986,-1.8760000000000001,67.62700000000001,0.0,0.0,450.348,0.0,0.0,0.2,5.737,0,1.0,0.34,309.69,-2.5073000000000003,36.36,35.38502502441406,4.98,0.0,0
46986,-1.705,67.62700000000001,0.0,0.0,450.22700000000003,0.0,0.0,-0.2,5.737,0,1.0,0.34,309.825,0.46190000000000003,37.68,35.38502502441406,4.98,0.0,0
46986,-1.705,67.62700000000001,0.0,0.0,449.98400000000004,0.0,0.0,0.0,5.737,0,1.0,0.35000000000000003,309.915,5.3693,38.910000000000004,35.38502502441406,4.98,0.0,0
46986,-1.8760000000000001,67.62700000000001,0.0,0.0,449.98400000000004,0.0,0.0,0.0,5.737,0,1.0,0.36,309.825,1.8228000000000002,39.09,35.38502502441406,4.98,0.0,0
46986,-1.705,67.62700000000001,0.0,0.0,449.98400000000004,0.0,0.0,-0.2,5.737,0,1.0,0.355,309.825,0.9567,39.03,35.38502502441406,4.98,0.0,0
46986,-1.5350000000000001,67.62700000000001,0.0,0.0,449.863,0.0,0.0,0.0,5.737,0,2.0,0.34500000000000003,309.69,-1.5836000000000001,38.49,35.38502502441406,4.98,0.0,0
46986,-2.0460000000000003,67.62700000000001,0.0,0.0,449.682,0.0,0.0,0.0,5.737,0,1.0,0.34500000000000003,309.825,-0.46190000000000003,37.29,35.38502502441406,4.98,0.0,0
46986,-1.5350000000000001,67.62700000000001,0.0,0.0,449.92400000000004,0.0,0.0,-0.2,5.737,0,1.0,0.275,309.825,-3.4311000000000003,37.35,35.38502502441406,4.98,0.0,0
46986,-1.5350000000000001,67.62700000000001,0.0,0.0,450.106,0.0,0.0,0.0,5.737,0,1.0,0.32,309.69,1.5836000000000001,37.17,35.38502502441406,4.98,0.0,0
46986,-1.8760000000000001,67.62700000000001,0.0,0.0,449.863,0.0,0.0,-0.2,5.737,0,1.0,0.36,309.69,-2.3754,37.38,35.38502502441406,4.98,0.0,0
46986,-1.5350000000000001,67.62700000000001,0.0,0.0,449.863,0.0,0.0,-0.2,5.737,0,1.0,0.37,309.825,0.0,37.410000000000004,35.38502502441406,4.98,0.0,0
46986,-1.705,67.62700000000001,0.0,0.0,449.98400000000004,0.0,0.0,-0.2,5.737,0,2.0,0.295,309.825,3.6950000000000003,36.0,35.38502502441406,4.98,0.0,0
46986,-1.5350000000000001,67.62700000000001,0.0,0.0,450.166,0.0,0.0,0.0,5.737,0,1.0,0.36,309.825,-1.6826,35.1,35.38502502441406,4.98,0.0,0
46986,-1.705,67.62700000000001,0.0,0.0,450.166,0.0,0.0,0.0,5.737,0,1.0,0.325,309.825,0.39590000000000003,35.07,35.38502502441406,4.98,0.0,0
46986,-1.5350000000000001,67.62700000000001,0.0,0.0,450.106,0.0,0.0,-0.2,5.737,0,2.0,0.405,309.69,0.8908,36.93,35.38502502441406,4.98,0.0,0
46986,-1.705,67.62700000000001,0.0,0.0,450.166,0.0,0.0,0.2,5.737,0,1.0,0.295,309.825,0.7918000000000001,38.910000000000004,35.38502502441406,4.98,0.0,0
46986,-1.8760000000000001,67.62700000000001,0.0,0.0,450.166,0.0,0.0,-0.2,5.737,0,1.0,0.34,309.69,-0.6928000000000001,39.51,35.38502502441406,4.98,0.0,0
46986,-2.0460000000000003,67.62700000000001,0.0,0.0,450.348,0.0,0.0,-0.2,5.737,0,1.0,0.34500000000000003,309.69,-3.1672000000000002,38.97,35.38502502441406,4.98,0.0,0
46986,-1.8760000000000001,67.62700000000001,0.0,0.0,450.166,0.0,0.0,0.0,5.737,0,1.0,0.31,309.825,0.0,37.92,35.38502502441406,4.98,0.0,0
46986,-1.705,67.62700000000001,0.0,0.0,450.106,0.0,0.0,-0.2,5.737,0,1.0,0.335,309.825,5.938400000000001,36.81,35.38502502441406,4.98,0.0,0
46986,-1.705,67.62700000000001,0.0,0.0,450.408,0.0,0.0,0.0,5.737,0,1.0,0.34,309.69,0.0,36.57,35.38502502441406,4.98,0.0,0
46986,-1.5350000000000001,67.62700000000001,0.0,0.0,450.166,0.0,0.0,0.0,5.737,0,1.0,0.32,309.69,-3.9589000000000003,36.27,35.38502502441406,4.98,0.0,0
46986,-1.705,67.62700000000001,0.0,0.0,450.348,0.0,0.0,0.0,5.737,0,1.0,0.325,309.825,-2.3754,36.81,35.38502502441406,4.98,0.0,0
46986,-1.705,67.62700000000001,0.0,0.0,450.348,0.0,0.0,0.0,5.737,0,1.0,0.34,309.825,-1.7815,36.84,35.38502502441406,4.98,0.0,0
46986,-1.8760000000000001,67.62700000000001,0.0,0.0,450.106,0.0,0.0,0.0,5.737,0,2.0,0.35000000000000003,309.825,1.5588000000000002,36.51,35.38502502441406,4.98,0.0,0
46986,-1.5350000000000001,67.62700000000001,0.0,0.0,450.22700000000003,0.0,0.0,-0.2,5.737,0,1.0,0.36,309.69,0.5938,36.06,35.38502502441406,4.98,0.0,0
46986,-1.5350000000000001,67.62700000000001,0.0,0.0,450.59000000000003,0.0,0.0,0.0,5.737,0,2.0,0.34,309.825,1.1877,35.46,35.38502502441406,4.98,0.0,0
46986,-1.8760000000000001,67.62700000000001,0.0,0.0,450.529,0.0,0.0,0.0,5.737,0,1.0,0.33,309.915,2.4249,36.18,35.38502502441406,4.98,0.0,0
46986,-1.5350000000000001,67.62700000000001,0.0,0.0,450.469,0.0,0.0,-0.2,5.737,0,1.0,0.31,309.825,4.0002,37.050000000000004,35.38502502441406,4.98,0.0,0
46986,-1.5350000000000001,67.62700000000001,0.0,0.0,450.469,0.0,0.0,0.0,5.737,0,1.0,0.35000000000000003,309.825,-0.7918000000000001,38.1,35.38502502441406,4.98,0.0,0
46986,-1.705,67.62700000000001,0.0,0.0,450.28700000000003,0.0,0.0,0.0,5.737,0,1.0,0.39,309.825,-2.8867000000000003,38.49,35.38502502441406,4.98,0.0,0
46986,-1.364,67.62700000000001,0.0,0.0,450.106,0.0,0.0,0.2,5.737,0,1.0,0.33,309.825,0.0,39.24,35.38502502441406,4.98,0.0,0
46986,-1.364,67.62700000000001,0.0,0.0,449.98400000000004,0.0,0.0,0.0,5.737,0,1.0,0.37,309.825,-0.066,38.910000000000004,35.38502502441406,4.98,0.0,0
46986,-1.705,67.62700000000001,0.0,0.0,450.166,0.0,0.0,0.0,5.737,0,1.0,0.35000000000000003,309.69,-0.1072,37.74,35.38502502441406,4.98,0.0,0
46986,-1.705,67.62700000000001,0.0,0.0,450.28700000000003,0.0,0.0,0.0,5.737,0,1.0,0.325,309.69,0.8165,37.35,35.38502502441406,4.98,0.0,0
46986,-1.5350000000000001,67.62700000000001,0.0,0.0,450.348,0.0,0.0,-0.2,5.737,0,1.0,0.325,309.825,-4.4043,36.72,35.38502502441406,4.98,0.0,0
46986,-1.5350000000000001,67.62700000000001,0.0,0.0,450.529,0.0,0.0,0.2,5.737,0,1.0,0.34,309.825,-0.6846,36.72,35.38502502441406,4.98,0.0,0
46986,-1.5350000000000001,67.62700000000001,0.0,0.0,450.348,0.0,0.0,0.0,5.737,0,1.0,0.325,309.69,2.4001,36.03,35.38502502441406,4.98,0.0,0
46986,-1.5350000000000001,67.62700000000001,0.0,0.0,450.529,0.0,0.0,0.2,5.737,0,1.0,0.36,309.69,0.42060000000000003,35.88,35.38502502441406,4.98,0.0,0
46986,-1.5350000000000001,67.62700000000001,0.0,0.0,450.711,0.0,0.0,0.2,5.737,0,1.0,0.325,309.825,-0.39590000000000003,36.39,35.38502502441406,4.98,0.0,0
46986,-1.8760000000000001,67.62700000000001,0.0,0.0,450.65000000000003,0.0,0.0,0.0,5.737,0,1.0,0.325,309.825,0.9650000000000001,37.26,35.38502502441406,4.98,0.0,0
46986,-1.5350000000000001,67.62700000000001,0.0,0.0,450.408,0.0,0.0,0.0,5.737,0,1.0,0.32,309.825,2.7713,38.31,35.38502502441406,4.98,0.0,0
46986,-1.705,67.62700000000001,0.0,0.0,450.166,0.0,0.0,-0.2,5.737,0,1.0,0.34,309.915,0.1155,38.28,35.38502502441406,4.98,0.0,0
46986,-1.5350000000000001,67.62700000000001,0.0,0.0,450.28700000000003,0.0,0.0,0.0,5.737,0,1.0,0.34500000000000003,309.825,0.3299,38.46,35.38502502441406,4.98,0.0,0
46986,-1.5350000000000001,67.62700000000001,0.0,0.0,450.166,0.0,0.0,0.0,5.737,0,1.0,0.33,309.69,0.2227,38.67,35.38502502441406,4.98,0.0,0
46986,-1.5350000000000001,67.62700000000001,0.0,0.0,450.348,0.0,0.0,0.2,5.737,0,1.0,0.335,309.69,-1.5836000000000001,38.550000000000004,35.38502502441406,4.98,0.0,0
46986,-1.5350000000000001,67.62700000000001,0.0,0.0,450.348,0.0,0.0,0.2,5.737,0,1.0,0.35000000000000003,309.825,-0.132,37.44,35.38502502441406,4.98,0.0,0
46986,-1.5350000000000001,67.62700000000001,0.0,0.0,450.408,0.0,0.0,0.0,5.737,0,2.0,0.36,309.915,0.4454,36.42,35.38502502441406,4.98,0.0,0
46986,-1.5350000000000001,67.62700000000001,0.0,0.0,450.22700000000003,0.0,0.0,0.0,5.737,0,2.0,0.365,309.915,1.1877,36.39,35.38502502441406,4.98,0.0,0
46986,-1.5350000000000001,67.62700000000001,0.0,0.0,450.166,0.0,0.0,0.0,5.737,0,1.0,0.355,309.825,2.0125,35.550000000000004,35.38502502441406,4.98,0.0,0
46986,-1.5350000000000001,67.62700000000001,0.0,0.0,450.711,0.0,0.0,0.0,5.737,0,1.0,0.36,309.69,-0.2639,35.04,35.38502502441406,4.98,0.0,0
46986,-1.705,67.62700000000001,0.0,0.0,450.529,0.0,0.0,0.2,5.737,0,1.0,0.335,309.825,-3.3651,35.160000000000004,35.38502502441406,4.98,0.0,0
46986,-1.705,67.62700000000001,0.0,0.0,450.711,0.0,0.0,0.0,5.737,0,1.0,0.34500000000000003,309.825,0.2639,36.39,35.38502502441406,4.98,0.0,0
46986,-1.705,67.62700000000001,0.0,0.0,451.01300000000003,0.0,0.0,-0.2,5.737,0,1.0,0.4,309.825,4.9157,37.410000000000004,35.38502502441406,4.98,0.0,0
46986,-1.5350000000000001,67.62700000000001,0.0,0.0,450.771,0.0,0.0,0.0,5.737,0,2.0,0.32,309.825,-0.2639,38.34,35.38502502441406,4.98,0.0,0
46986,-1.5350000000000001,67.62700000000001,0.0,0.0,450.711,0.0,0.0,0.0,5.737,0,2.0,0.3,309.915,-1.9135000000000002,38.61,35.38502502441406,4.98,0.0,0
46986,-1.364,67.62700000000001,0.0,0.0,450.348,0.0,0.0,0.0,5.737,0,1.0,0.325,309.825,-1.8475000000000001,37.86,35.38502502441406,4.98,0.0,0
46986,-1.5350000000000001,67.62700000000001,0.0,0.0,450.529,0.0,0.0,0.0,5.737,0,1.0,0.305,309.825,-2.9032,37.77,35.38502502441406,4.98,0.0,0
46986,-1.5350000000000001,67.62700000000001,0.0,0.0,450.469,0.0,0.0,-0.2,5.737,0,1.0,0.33,309.915,1.5836000000000001,37.59,35.38502502441406,4.98,0.0,0
46986,-1.705,67.62700000000001,0.0,0.0,450.65000000000003,0.0,0.0,-0.2,5.737,0,1.0,0.32,309.825,2.1114,37.83,35.38502502441406,4.98,0.0,0
46986,-1.5350000000000001,67.62700000000001,0.0,0.0,450.831,0.0,0.0,0.0,5.737,0,1.0,0.33,309.825,-2.7713,37.08,35.38502502441406,4.98,0.0,0
46986,-1.5350000000000001,67.62700000000001,0.0,0.0,450.831,0.0,0.0,0.0,5.737,0,1.0,0.35000000000000003,309.915,-1.5836000000000001,35.82,35.38502502441406,4.98,0.0,0
46986,-1.364,67.62700000000001,0.0,0.0,450.408,0.0,0.0,0.0,5.737,0,1.0,0.375,309.825,3.1672000000000002,34.800000000000004,35.38502502441406,4.98,0.0,0
46986,-2.0460000000000003,67.62700000000001,0.0,0.0,450.529,0.0,0.0,0.0,5.737,0,1.0,0.31,309.915,-0.066,34.35,35.38502502441406,4.98,0.0,0
46986,-1.705,67.62700000000001,0.0,0.0,450.65000000000003,0.0,0.0,0.0,5.737,0,1.0,0.34,309.825,-3.9589000000000003,35.1,35.38502502441406,4.98,0.0,0
46986,-1.5350000000000001,67.62700000000001,0.0,0.0,450.771,0.0,0.0,0.0,5.737,0,1.0,0.335,309.825,2.1114,36.18,35.38502502441406,4.98,0.0,0
46986,-1.705,67.62700000000001,0.0,0.0,450.831,0.0,0.0,0.0,5.737,0,1.0,0.34500000000000003,309.915,0.2639,38.07,35.38502502441406,4.98,0.0,0
46986,-1.5350000000000001,67.62700000000001,0.0,0.0,450.771,0.0,0.0,0.0,5.737,0,1.0,0.34500000000000003,309.915,-1.1217000000000001,38.4,35.38502502441406,4.98,0.0,0
46986,-1.705,67.62700000000001,0.0,0.0,450.469,0.0,0.0,0.0,5.737,0,1.0,0.33,309.825,0.39590000000000003,37.89,35.38502502441406,4.98,0.0,0
46986,-1.8760000000000001,67.62700000000001,0.0,0.0,450.59000000000003,0.0,0.0,0.0,5.737,0,2.0,0.355,309.915,1.8475000000000001,37.5,35.38502502441406,4.98,0.0,0
46986,-1.705,67.62700000000001,0.0,0.0,451.01300000000003,0.0,0.0,0.0,5.737,0,1.0,0.315,309.69,-1.8475000000000001,37.53,35.38502502441406,4.98,0.0,0
46986,-1.5350000000000001,67.62700000000001,0.0,0.0,450.711,0.0,0.0,-0.2,5.737,0,1.0,0.33,309.825,-3.6950000000000003,37.5,35.38502502441406,4.98,0.0,0
46986,-1.8760000000000001,67.62700000000001,0.0,0.0,450.711,0.0,0.0,0.2,5.737,0,2.0,0.37,309.69,-3.8270000000000004,36.69,35.38502502441406,4.98,0.0,0
46986,-1.705,67.62700000000001,0.0,0.0,450.65000000000003,0.0,0.0,0.0,5.737,0,1.0,0.365,309.915,3.2661000000000002,36.21,35.38502502441406,4.98,0.0,0
46986,-1.364,67.62700000000001,0.0,0.0,450.529,0.0,0.0,0.2,5.737,0,1.0,0.325,309.825,0.0,36.09,35.38502502441406,4.98,0.0,0
46986,-1.5350000000000001,67.62700000000001,0.0,0.0,450.831,0.0,0.0,-0.2,5.737,0,1.0,0.335,309.825,2.0125,34.89,35.38502502441406,4.98,0.0,0
46986,-1.705,67.62700000000001,0.0,0.0,450.711,0.0,0.0,0.0,5.737,0,1.0,0.32,309.825,-2.1114,34.77,35.38502502441406,4.98,0.0,0
46986,-1.5350000000000001,67.62700000000001,0.0,0.0,450.408,0.0,0.0,-0.2,5.737,0,1.0,0.33,309.825,-0.5279,35.61,35.38502502441406,4.98,0.0,0
46986,-1.5350000000000001,67.62700000000001,0.0,0.0,450.711,0.0,0.0,0.0,5.737,0,1.0,0.34500000000000003,309.69,-1.0557,37.59,35.38502502441406,4.98,0.0,0
46986,-1.8760000000000001,67.62700000000001,0.0,0.0,450.711,0.0,0.0,-0.2,5.737,0,2.0,0.34500000000000003,309.69,-1.5588000000000002,37.77,35.38502502441406,4.98,0.0,0
46986,-1.705,67.62700000000001,0.0,0.0,450.59000000000003,0.0,0.0,0.2,5.737,0,1.0,0.31,309.825,-5.8724,38.46,35.38502502441406,4.98,0.0,0
46986,-1.5350000000000001,67.62700000000001,0.0,0.0,450.65000000000003,0.0,0.0,0.2,5.737,0,2.0,0.32,309.825,1.7815,38.34,35.38502502441406,4.98,0.0,0
46986,-1.8760000000000001,67.62700000000001,0.0,0.0,450.469,0.0,0.0,-0.2,5.737,0,1.0,0.36,309.69,2.9692000000000003,37.65,35.38502502441406,4.98,0.0,0
46986,-1.705,67.62700000000001,0.0,0.0,450.28700000000003,0.0,0.0,0.0,5.737,0,1.0,0.33,309.915,-0.47840000000000005,36.78,35.38502502441406,4.98,0.0,0
46986,-1.5350000000000001,67.62700000000001,0.0,0.0,450.529,0.0,0.0,0.0,5.737,0,2.0,0.34,309.825,3.3651,36.75,35.38502502441406,4.98,0.0,0
46986,-1.705,67.62700000000001,0.0,0.0,450.65000000000003,0.0,0.0,-0.2,5.737,0,2.0,0.335,309.69,-1.4516,36.78,35.38502502441406,4.98,0.0,0
46986,-1.5350000000000001,67.62700000000001,0.0,0.0,450.711,0.0,0.0,-0.2,5.737,0,1.0,0.325,309.915,-3.4476,36.75,35.38502502441406,4.98,0.0,0
46986,-1.5350000000000001,67.62700000000001,0.0,0.0,450.469,0.0,0.0,-0.2,5.737,0,1.0,0.37,309.825,2.5733,36.09,35.38502502441406,4.98,0.0,0
46986,-1.5350000000000001,67.62700000000001,0.0,0.0,450.348,0.0,0.0,0.0,5.737,0,1.0,0.32,309.825,4.726,35.01,35.38502502441406,4.98,0.0,0
46986,-1.5350000000000001,67.62700000000001,0.0,0.0,450.65000000000003,0.0,0.0,0.0,5.737,0,1.0,0.33,309.69,-5.1714,34.77,35.38502502441406,4.98,0.0,0
46986,-1.705,67.62700000000001,0.0,0.0,450.59000000000003,0.0,0.0,0.0,5.737,0,1.0,0.32,309.69,-5.6332,34.5,35.38502502441406,4.98,0.0,0
46986,-1.5350000000000001,67.62700000000001,0.0,0.0,450.892,0.0,0.0,0.0,5.737,0,1.0,0.35000000000000003,309.825,-1.1877,35.1,35.38502502441406,4.98,0.0,0
46986,-1.5350000000000001,67.62700000000001,0.0,0.0,450.711,0.0,0.0,0.0,5.737,0,1.0,0.34500000000000003,309.825,3.9342,37.050000000000004,35.38502502441406,4.98,0.0,0
46986,-2.0460000000000003,67.62700000000001,0.0,0.0,450.59000000000003,0.0,0.0,-0.2,5.737,0,2.0,0.33,309.825,5.6497,38.160000000000004,35.38502502441406,4.98,0.0,0
46986,-1.5350000000000001,67.62700000000001,0.0,0.0,450.28700000000003,0.0,0.0,-0.2,5.737,0,1.0,0.35000000000000003,309.825,2.8125,38.25,35.38502502441406,4.98,0.0,0
46986,-1.364,67.62700000000001,0.0,0.0,450.348,0.0,0.0,-0.2,5.737,0,1.0,0.315,309.915,1.897,37.83,35.38502502441406,4.98,0.0,0
46986,-1.8760000000000001,67.62700000000001,0.0,0.0,450.348,0.0,0.0,0.0,5.737,0,1.0,0.325,309.69,-2.928,37.14,35.38502502441406,4.98,0.0,0
46986,-1.5350000000000001,67.62700000000001,0.0,0.0,450.711,0.0,0.0,0.0,5.737,0,1.0,0.335,309.825,-1.3856000000000002,36.27,35.38502502441406,4.98,0.0,0
46986,-1.5350000000000001,67.62700000000001,0.0,0.0,450.952,0.0,0.0,0.2,5.737,0,1.0,0.34,309.825,-2.9032,35.79,35.38502502441406,4.98,0.0,0
46986,-1.705,67.62700000000001,0.0,0.0,451.194,0.0,0.0,0.0,5.737,0,1.0,0.335,309.69,-3.1672000000000002,35.52,35.38502502441406,4.98,0.0,0
46986,-1.364,67.62700000000001,0.0,0.0,451.01300000000003,0.0,0.0,-0.2,5.737,0,2.0,0.35000000000000003,309.825,0.0,34.92,35.38502502441406,4.98,0.0,0
46986,-1.5350000000000001,67.62700000000001,0.0,0.0,450.831,0.0,0.0,0.2,5.737,0,1.0,0.35000000000000003,309.915,2.8867000000000003,33.93,35.38502502441406,4.98,0.0,0
46986,-1.705,67.62700000000001,0.0,0.0,450.952,0.0,0.0,0.0,5.737,0,1.0,0.325,309.825,4.4621,34.230000000000004,35.38502502441406,4.98,0.0,0
46986,-1.5350000000000001,67.62700000000001,0.0,0.0,450.59000000000003,0.0,0.0,0.0,5.737,0,1.0,0.34,309.825,1.7815,34.77,35.38502502441406,4.98,0.0,0
46986,-1.5350000000000001,67.62700000000001,0.0,0.0,450.59000000000003,0.0,0.0,0.2,5.737,0,1.0,0.335,309.825,1.8475000000000001,34.77,35.38502502441406,4.98,0.0,0
46986,-1.5350000000000001,67.62700000000001,0.0,0.0,450.831,0.0,0.0,0.0,5.737,0,2.0,0.365,309.825,-0.5279,35.88,35.38502502441406,4.98,0.0,0
46986,-1.5350000000000001,67.62700000000001,0.0,0.0,450.65000000000003,0.0,0.0,0.2,5.737,0,1.0,0.34500000000000003,309.69,-1.4846000000000001,37.14,35.38502502441406,4.98,0.0,0
46986,-1.364,67.62700000000001,0.0,0.0,450.711,0.0,0.0,0.0,5.737,0,1.0,0.315,309.825,-4.486800000000001,37.47,35.38502502441406,4.98,0.0,0
46986,-1.5350000000000001,67.62700000000001,0.0,0.0,450.529,0.0,0.0,0.0,5.737,0,2.0,0.325,309.825,-1.5836000000000001,38.04,35.38502502441406,4.98,0.0,0
46986,-1.5350000000000001,67.62700000000001,0.0,0.0,450.59000000000003,0.0,0.0,0.0,5.737,0,1.0,0.35000000000000003,309.825,4.3548,37.44,35.38502502441406,4.98,0.0,0
46986,-1.194,67.62700000000001,0.0,0.0,450.831,0.0,0.0,0.2,5.737,0,1.0,0.355,309.825,1.5836000000000001,36.72,35.38502502441406,4.98,0.0,0
46986,-1.705,67.62700000000001,0.0,0.0,450.348,0.0,0.0,0.0,5.737,0,1.0,0.34500000000000003,309.6,-4.6188,36.300000000000004,35.38502502441406,4.98,0.0,0
46986,-1.5350000000000001,67.62700000000001,0.0,0.0,450.408,0.0,0.0,0.0,5.737,0,1.0,0.325,309.825,-2.3754,35.64,35.38502502441406,4.98,0.0,0
46986,-1.364,67.62700000000001,0.0,0.0,450.65000000000003,0.0,0.0,0.0,5.737,0,1.0,0.325,309.69,-1.8475000000000001,35.550000000000004,35.38502502441406,4.98,0.0,0
46986,-1.364,67.62700000000001,0.0,0.0,450.65000000000003,0.0,0.0,-0.2,5.737,0,1.0,0.36,309.6,0.5279,35.52,35.38502502441406,4.98,0.0,0
46986,-1.5350000000000001,67.62700000000001,0.0,0.0,450.529,0.0,0.0,0.2,5.737,0,1.0,0.325,309.69,-1.1877,35.28,35.38502502441406,4.98,0.0,0
46986,-1.705,67.62700000000001,0.0,0.0,450.65000000000003,0.0,0.0,0.0,5.737,0,1.0,0.33,309.915,3.0022,35.67,35.38502502441406,4.98,0.0,0
46986,-1.5350000000000001,67.62700000000001,0.0,0.0,450.348,0.0,0.0,0.2,5.737,0,2.0,0.3,309.825,4.2229,36.09,35.38502502441406,4.98,0.0,0
46986,-1.705,67.62700000000001,0.0,0.0,449.92400000000004,0.0,0.0,0.0,5.737,0,1.0,0.34,309.825,2.5403000000000002,37.08,35.38502502441406,4.98,0.0,0
46986,-1.705,67.62700000000001,0.0,0.0,450.65000000000003,0.0,0.0,0.0,5.737,0,2.0,0.33,309.825,0.132,37.44,35.38502502441406,4.98,0.0,0
46986,-1.705,67.62700000000001,0.0,0.0,450.831,0.0,0.0,-0.2,5.737,0,1.0,0.305,309.69,0.099,37.17,35.38502502441406,4.98,0.0,0
46986,-1.5350000000000001,67.62700000000001,0.0,0.0,450.711,0.0,0.0,0.0,5.737,0,1.0,0.34500000000000003,309.825,0.39590000000000003,38.01,35.38502502441406,4.98,0.0,0
46986,-1.364,67.62700000000001,0.0,0.0,450.59000000000003,0.0,0.0,0.2,5.737,0,1.0,0.305,309.69,-0.165,38.28,35.38502502441406,4.98,0.0,0
46986,-1.5350000000000001,67.62700000000001,0.0,0.0,450.28700000000003,0.0,0.0,0.0,5.737,0,1.0,0.355,309.69,-2.2434000000000003,37.08,35.38502502441406,4.98,0.0,0
46986,-1.364,67.62700000000001,0.0,0.0,450.348,0.0,0.0,0.0,5.737,0,1.0,0.335,309.825,-3.4311000000000003,36.36,35.38502502441406,4.98,0.0,0
46986,-1.364,67.62700000000001,0.0,0.0,450.166,0.0,0.0,0.0,5.737,0,1.0,0.34,309.825,3.563,35.550000000000004,35.38502502441406,4.98,0.0,0
46986,-1.5350000000000001,67.62700000000001,0.0,0.0,450.166,0.0,0.0,0.0,5.737,0,1.0,0.32,309.915,0.099,35.7,35.38502502441406,4.98,0.0,0
46986,-1.5350000000000001,67.62700000000001,0.0,0.0,450.59000000000003,0.0,0.0,-0.2,5.737,0,1.0,0.32,309.825,0.7918000000000001,35.7,35.38502502441406,4.98,0.0,0
46986,-1.364,67.62700000000001,0.0,0.0,450.59000000000003,0.0,0.0,0.0,5.737,0,1.0,0.35000000000000003,309.825,3.4311000000000003,36.15,35.38502502441406,4.98,0.0,0
46986,-1.8760000000000001,67.62700000000001,0.0,0.0,450.59000000000003,0.0,0.0,0.2,5.737,0,1.0,0.37,309.825,3.6950000000000003,36.12,35.38502502441406,4.98,0.0,0
46986,-1.364,67.62700000000001,0.0,0.0,450.529,0.0,0.0,0.2,5.737,0,1.0,0.325,309.69,-6.557,36.0,35.38502502441406,4.98,0.0,0
46986,-1.705,67.62700000000001,0.0,0.0,450.59000000000003,0.0,0.0,0.0,5.737,0,2.0,0.33,309.825,-1.7815,37.26,35.38502502441406,4.98,0.0,0
46986,-1.5350000000000001,67.62700000000001,0.0,0.0,450.348,0.0,0.0,0.0,5.737,0,1.0,0.325,309.825,1.5836000000000001,37.95,35.38502502441406,4.98,0.0,0
46986,-1.5350000000000001,67.62700000000001,0.0,0.0,450.529,0.0,0.0,0.2,5.737,0,1.0,0.325,309.69,0.5938,38.04,35.38502502441406,4.98,0.0,0
46986,-1.705,67.62700000000001,0.0,0.0,450.348,0.0,0.0,-0.2,5.737,0,2.0,0.31,309.825,0.39590000000000003,37.800000000000004,35.38502502441406,4.98,0.0,0
46986,-1.5350000000000001,67.62700000000001,0.0,0.0,450.348,0.0,0.0,0.0,5.737,0,1.0,0.355,309.825,1.7568000000000001,37.14,35.38502502441406,4.98,0.0,0
46986,-1.5350000000000001,67.62700000000001,0.0,0.0,450.22700000000003,0.0,0.0,0.2,5.737,0,2.0,0.33,309.825,2.1527000000000003,37.17,35.38502502441406,4.98,0.0,0
46986,-1.5350000000000001,67.62700000000001,0.0,0.0,450.106,0.0,0.0,0.0,5.737,0,1.0,0.355,309.825,-2.1774,36.99,35.38502502441406,4.98,0.0,0
46986,-1.5350000000000001,67.62700000000001,0.0,0.0,450.166,0.0,0.0,0.2,5.737,0,2.0,0.335,309.825,-0.2639,36.78,35.38502502441406,4.98,0.0,0
46986,-1.5350000000000001,67.62700000000001,0.0,0.0,450.22700000000003,0.0,0.0,0.2,5.737,0,1.0,0.34500000000000003,309.69,0.2227,36.300000000000004,35.38502502441406,4.98,0.0,0
46986,-1.5350000000000001,67.62700000000001,0.0,0.0,450.408,0.0,0.0,-0.2,5.737,0,1.0,0.34,309.915,0.7753,36.09,35.38502502441406,4.98,0.0,0
46986,-1.705,67.62700000000001,0.0,0.0,450.166,0.0,0.0,-0.2,5.737,0,2.0,0.315,309.825,1.4021000000000001,35.730000000000004,35.38502502441406,4.98,0.0,0
46986,-1.5350000000000001,67.62700000000001,0.0,0.0,450.28700000000003,0.0,0.0,-0.2,5.737,0,1.0,0.335,309.825,-0.8165,36.15,35.38502502441406,4.98,0.0,0
46986,-1.5350000000000001,67.62700000000001,0.0,0.0,450.28700000000003,0.0,0.0,-0.2,5.737,0,2.0,0.33,309.825,-0.8578,36.72,35.38502502441406,4.98,0.0,0
46986,-1.5350000000000001,67.62700000000001,0.0,0.0,450.408,0.0,0.0,0.2,5.737,0,1.0,0.34,309.69,0.7505000000000001,37.980000000000004,35.38502502441406,4.98,0.0,0
46986,-1.364,67.62700000000001,0.0,0.0,450.529,0.0,0.0,-0.2,5.737,0,1.0,0.32,309.825,-3.9837000000000002,37.980000000000004,35.38502502441406,4.98,0.0,0
46986,-1.705,67.62700000000001,0.0,0.0,450.529,0.0,0.0,-0.2,5.737,0,1.0,0.34,309.825,0.39590000000000003,37.65,35.38502502441406,4.98,0.0,0
46986,-1.364,67.62700000000001,0.0,0.0,450.529,0.0,0.0,0.2,5.737,0,2.0,0.34,309.69,2.2022,37.47,35.38502502441406,4.98,0.0,0
46986,-1.5350000000000001,67.62700000000001,0.0,0.0,450.831,0.0,0.0,-0.2,5.737,0,1.0,0.37,309.825,-5.344600000000001,37.2,35.38502502441406,4.98,0.0,0
46986,-1.5350000000000001,67.62700000000001,0.0,0.0,450.711,0.0,0.0,0.0,5.737,0,1.0,0.34,309.69,-3.7363000000000004,37.32,35.38502502441406,4.98,0.0,0
46986,-1.8760000000000001,67.62700000000001,0.0,0.0,450.106,0.0,0.0,-0.2,5.737,0,1.0,0.33,309.825,4.5280000000000005,37.65,35.38502502441406,4.98,0.0,0
46986,-1.5350000000000001,67.62700000000001,0.0,0.0,450.711,0.0,0.0,0.2,5.737,0,1.0,0.35000000000000003,309.825,1.3609,36.84,35.38502502441406,4.98,0.0,0
46986,-1.194,67.62700000000001,0.0,0.0,450.711,0.0,0.0,0.0,5.737,0,2.0,0.33,309.825,0.17320000000000002,35.88,35.38502502441406,4.98,0.0,0
46986,-1.5350000000000001,67.62700000000001,0.0,0.0,450.711,0.0,0.0,-0.2,5.737,0,1.0,0.32,309.825,-0.19790000000000002,35.1,35.38502502441406,4.98,0.0,0
46986,-1.5350000000000001,67.62700000000001,0.0,0.0,450.469,0.0,0.0,0.2,5.737,0,1.0,0.31,309.825,0.39590000000000003,35.01,35.38502502441406,4.98,0.0,0
46986,-1.5350000000000001,67.62700000000001,0.0,0.0,450.408,0.0,0.0,-0.2,5.737,0,1.0,0.33,309.825,2.3754,35.160000000000004,35.38502502441406,4.98,0.0,0
46986,-1.5350000000000001,67.62700000000001,0.0,0.0,450.408,0.0,0.0,0.0,5.737,0,1.0,0.335,309.825,1.9795,36.15,35.38502502441406,4.98,0.0,0
46986,-1.5350000000000001,67.62700000000001,0.0,0.0,450.469,0.0,0.0,0.0,5.737,0,1.0,0.32,309.69,-3.8600000000000003,37.35,35.38502502441406,4.98,0.0,0
46986,-1.5350000000000001,67.62700000000001,0.0,0.0,450.59000000000003,0.0,0.0,0.2,5.737,0,1.0,0.325,309.915,-1.7155,38.46,35.38502502441406,4.98,0.0,0
46986,-1.5350000000000001,67.62700000000001,0.0,0.0,450.348,0.0,0.0,0.0,5.737,0,2.0,0.335,309.825,2.9032,38.67,35.38502502441406,4.98,0.0,0
46986,-1.364,67.62700000000001,0.0,0.0,450.348,0.0,0.0,0.0,5.737,0,1.0,0.34,309.825,1.9795,38.550000000000004,35.38502502441406,4.98,0.0,0
46986,-1.705,67.62700000000001,0.0,0.0,450.771,0.0,0.0,0.0,5.737,0,1.0,0.325,309.825,-0.9897,38.43,35.38502502441406,4.98,0.0,0
46986,-1.5350000000000001,67.62700000000001,0.0,0.0,450.771,0.0,0.0,0.0,5.737,0,2.0,0.31,309.69,-0.7918000000000001,37.83,35.38502502441406,4.98,0.0,0
46986,-1.5350000000000001,67.62700000000001,0.0,0.0,450.469,0.0,0.0,0.0,5.737,0,1.0,0.33,309.825,-0.7918000000000001,38.01,35.38502502441406,4.98,0.0,0
46986,-1.364,67.62700000000001,0.0,0.0,450.408,0.0,0.0,0.0,5.737,0,1.0,0.32,309.825,1.1877,38.160000000000004,35.38502502441406,4.98,0.0,0
46986,-1.364,67.62700000000001,0.0,0.0,450.529,0.0,0.0,-0.2,5.737,0,1.0,0.34,309.69,-1.5836000000000001,37.2,35.38502502441406,4.98,0.0,0
46986,-1.705,67.62700000000001,0.0,0.0,450.348,0.0,0.0,0.0,5.737,0,2.0,0.34,309.825,-0.7918000000000001,36.54,35.38502502441406,4.98,0.0,0
46986,-1.705,67.62700000000001,0.0,0.0,450.28700000000003,0.0,0.0,-0.2,5.737,0,2.0,0.325,309.825,3.1672000000000002,35.79,35.38502502441406,4.98,0.0,0
46986,-1.5350000000000001,67.62700000000001,0.0,0.0,450.529,0.0,0.0,0.0,5.737,0,1.0,0.315,309.825,2.7713,36.21,35.38502502441406,4.98,0.0,0
46986,-1.364,67.62700000000001,0.0,0.0,450.771,0.0,0.0,0.0,5.737,0,1.0,0.315,309.825,0.0,37.02,35.38502502441406,4.98,0.0,0
46986,-1.705,67.62700000000001,0.0,0.0,450.771,0.0,0.0,0.0,5.737,0,1.0,0.35000000000000003,309.825,-1.9795,38.4,35.38502502441406,4.98,0.0,0
46986,-1.5350000000000001,67.62700000000001,0.0,0.0,451.07300000000004,0.0,0.0,0.0,5.737,0,1.0,0.34500000000000003,309.825,-2.3754,38.79,35.38502502441406,4.98,0.0,0
46986,-1.705,67.62700000000001,0.0,0.0,450.711,0.0,0.0,0.2,5.737,0,1.0,0.34,309.825,2.9032,38.88,35.38502502441406,4.98,0.0,0
46986,-1.5350000000000001,67.62700000000001,0.0,0.0,450.529,0.0,0.0,-0.2,5.737,0,1.0,0.365,309.69,-1.4846000000000001,38.1,35.38502502441406,4.98,0.0,0
46986,-1.5350000000000001,67.62700000000001,0.0,0.0,450.831,0.0,0.0,0.0,5.737,0,1.0,0.34500000000000003,309.825,-4.0909,37.62,35.38502502441406,4.98,0.0,0
46986,-1.5350000000000001,67.62700000000001,0.0,0.0,451.01300000000003,0.0,0.0,0.0,5.737,0,3.0,0.325,309.69,0.099,37.14,35.38502502441406,4.98,0.0,0
46986,-1.5350000000000001,67.62700000000001,0.0,0.0,450.892,0.0,0.0,0.2,5.737,0,1.0,0.32,309.825,3.9589000000000003,37.29,35.38502502441406,4.98,0.0,0
46986,-1.705,67.62700000000001,0.0,0.0,450.348,0.0,0.0,-0.2,5.737,0,2.0,0.355,309.825,1.5836000000000001,36.45,35.38502502441406,4.98,0.0,0
46986,-1.5350000000000001,67.62700000000001,0.0,0.0,450.22700000000003,0.0,0.0,0.0,5.737,0,1.0,0.325,309.825,4.486800000000001,36.18,35.38502502441406,4.98,0.0,0
46986,-1.364,67.62700000000001,0.0,0.0,450.348,0.0,0.0,0.2,5.737,0,1.0,0.32,309.825,-1.5836000000000001,36.03,35.38502502441406,4.98,0.0,0
46986,-1.5350000000000001,67.62700000000001,0.0,0.0,450.348,0.0,0.0,-0.2,5.737,0,2.0,0.33,309.69,-4.0909,36.36,35.38502502441406,4.98,0.0,0
46986,-1.5350000000000001,67.62700000000001,0.0,0.0,450.529,0.0,0.0,0.2,5.737,0,0.0,0.32,309.825,4.7507,37.29,35.38502502441406,4.98,0.0,0
46986,-1.5350000000000001,67.62700000000001,0.0,0.0,451.01300000000003,0.0,0.0,0.0,5.737,0,2.0,0.32,309.825,1.4516,38.13,35.38502502441406,4.98,0.0,0
46986,-1.705,67.62700000000001,0.0,0.0,450.771,0.0,0.0,0.0,5.737,0,1.0,0.335,309.69,-2.6393,38.31,35.38502502441406,4.98,0.0,0
46986,-1.5350000000000001,67.62700000000001,0.0,0.0,450.952,0.0,0.0,-0.2,5.737,0,1.0,0.33,309.825,-0.7918000000000001,38.64,35.38502502441406,4.98,0.0,0
46986,-1.364,67.62700000000001,0.0,0.0,450.831,0.0,0.0,-0.2,5.737,0,1.0,0.36,309.915,2.8372,37.92,35.38502502441406,4.98,0.0,0
46986,-1.364,67.62700000000001,0.0,0.0,451.194,0.0,0.0,0.0,5.737,0,1.0,0.34500000000000003,309.69,0.132,37.26,35.38502502441406,4.98,0.0,0
46986,-1.5350000000000001,67.62700000000001,0.0,0.0,451.134,0.0,0.0,-0.2,5.737,0,1.0,0.34,309.825,-1.3196,36.51,35.38502502441406,4.98,0.0,0
46986,-1.5350000000000001,67.62700000000001,0.0,0.0,451.134,0.0,0.0,0.2,5.737,0,1.0,0.335,309.825,-1.1877,36.45,35.38502502441406,4.98,0.0,0
46986,-1.5350000000000001,67.62700000000001,0.0,0.0,450.711,0.0,0.0,0.0,5.737,0,1.0,0.31,309.825,-2.6228000000000002,36.93,35.38502502441406,4.98,0.0,0
46986,-1.5350000000000001,67.62700000000001,0.0,0.0,450.65000000000003,0.0,0.0,0.0,5.737,0,1.0,0.355,309.69,-1.9795,36.24,35.38502502441406,4.98,0.0,0
46986,-1.5350000000000001,67.62700000000001,0.0,0.0,451.315,0.0,0.0,0.0,5.737,0,1.0,0.33,309.69,-2.1527000000000003,37.050000000000004,35.38502502441406,4.98,0.0,0
46986,-1.194,67.62700000000001,0.0,0.0,451.07300000000004,0.0,0.0,0.2,5.737,0,1.0,0.34500000000000003,309.825,0.5691,36.54,35.38502502441406,4.98,0.0,0
46986,-1.705,67.62700000000001,0.0,0.0,450.831,0.0,0.0,0.0,5.737,0,1.0,0.35000000000000003,309.825,3.1424000000000003,36.06,35.38502502441406,4.98,0.0,0
46986,-1.5350000000000001,67.62700000000001,0.0,0.0,450.831,0.0,0.0,0.0,5.737,0,1.0,0.34500000000000003,309.69,0.6186,36.27,35.38502502441406,4.98,0.0,0
46986,-1.364,67.62700000000001,0.0,0.0,450.529,0.0,0.0,0.0,5.737,0,1.0,0.335,309.825,1.1877,36.9,35.38502502441406,4.98,0.0,0
46986,-1.364,67.62700000000001,0.0,0.0,450.529,0.0,0.0,0.2,5.737,0,2.0,0.33,309.825,0.9897,38.07,35.38502502441406,4.98,0.0,0
46986,-1.5350000000000001,67.62700000000001,0.0,0.0,450.348,0.0,0.0,0.0,5.737,0,1.0,0.315,309.825,3.3404000000000003,38.94,35.38502502441406,4.98,0.0,0
46986,-1.705,67.62700000000001,0.0,0.0,450.529,0.0,0.0,0.0,5.737,0,1.0,0.31,309.825,-2.3094,39.18,35.38502502441406,4.98,0.0,0
46986,-1.5350000000000001,67.62700000000001,0.0,0.0,450.711,0.0,0.0,0.0,5.737,0,2.0,0.34,309.69,-1.2289,38.64,35.38502502441406,4.98,0.0,0
46986,-1.5350000000000001,67.62700000000001,0.0,0.0,450.469,0.0,0.0,0.2,5.737,0,1.0,0.34,309.69,-1.8887,38.19,35.38502502441406,4.98,0.0,0
46986,-1.5350000000000001,67.62700000000001,0.0,0.0,450.65000000000003,0.0,0.0,-0.2,5.737,0,1.0,0.34500000000000003,309.825,-4.4208,37.32,35.38502502441406,4.98,0.0,0
46986,-1.705,67.62700000000001,0.0,0.0,450.831,0.0,0.0,0.0,5.737,0,1.0,0.32,309.825,2.9692000000000003,35.97,35.38502502441406,4.98,0.0,0
46986,-1.364,67.62700000000001,0.0,0.0,450.831,0.0,0.0,-0.2,5.737,0,1.0,0.33,309.915,-0.3052,35.58,35.38502502441406,4.98,0.0,0
46986,-1.5350000000000001,67.62700000000001,0.0,0.0,450.711,0.0,0.0,0.2,5.737,0,1.0,0.355,309.825,-0.8825000000000001,36.6,35.38502502441406,4.98,0.0,0
46986,-1.364,67.62700000000001,0.0,0.0,450.711,0.0,0.0,-0.2,5.737,0,2.0,0.355,309.69,0.42060000000000003,36.45,35.38502502441406,4.98,0.0,0
46986,-1.5350000000000001,67.62700000000001,0.0,0.0,450.469,0.0,0.0,0.0,5.737,0,1.0,0.34500000000000003,309.915,1.0805,36.84,35.38502502441406,4.98,0.0,0
46986,-1.5350000000000001,67.62700000000001,0.0,0.0,450.22700000000003,0.0,0.0,-0.2,5.737,0,2.0,0.35000000000000003,309.825,1.6496000000000002,36.6,35.38502502441406,4.98,0.0,0
46986,-1.364,67.62700000000001,0.0,0.0,450.529,0.0,0.0,0.0,5.737,0,1.0,0.355,309.69,1.4104,36.33,35.38502502441406,4.98,0.0,0
46986,-1.705,67.62700000000001,0.0,0.0,450.65000000000003,0.0,0.0,0.0,5.737,0,1.0,0.33,309.825,-0.1155,37.410000000000004,35.38502502441406,4.98,0.0,0
46986,-1.5350000000000001,67.62700000000001,0.0,0.0,450.65000000000003,0.0,0.0,0.0,5.737,0,1.0,0.33,309.825,0.5938,37.5,35.38502502441406,4.98,0.0,0
46986,-1.705,67.62700000000001,0.0,0.0,450.28700000000003,0.0,0.0,0.0,5.737,0,1.0,0.34,309.825,-0.132,38.67,35.38502502441406,4.98,0.0,0
46986,-1.705,67.62700000000001,0.0,0.0,450.469,0.0,0.0,0.0,5.737,0,1.0,0.325,309.69,0.0,39.24,35.38502502441406,4.98,0.0,0
46986,-1.5350000000000001,67.62700000000001,0.0,0.0,450.831,0.0,0.0,-0.2,5.737,0,1.0,0.315,309.825,-2.5073000000000003,39.27,35.38502502441406,4.98,0.0,0
46986,-1.5350000000000001,67.62700000000001,0.0,0.0,450.771,0.0,0.0,0.0,5.737,0,1.0,0.355,309.69,-1.7485000000000002,38.97,35.38502502441406,4.98,0.0,0
46986,-1.705,67.62700000000001,0.0,0.0,450.529,0.0,0.0,0.0,5.737,0,1.0,0.35000000000000003,309.69,0.39590000000000003,36.87,35.38502502441406,4.98,0.0,0
46986,-1.5350000000000001,67.62700000000001,0.0,0.0,450.469,0.0,0.0,0.2,5.737,0,1.0,0.33,309.825,0.0,34.92,35.38502502441406,4.98,0.0,0
46986,-1.5350000000000001,67.62700000000001,0.0,0.0,450.166,0.0,0.0,0.0,5.737,0,1.0,0.32,309.825,2.3754,34.26,35.38502502441406,4.98,0.0,0
46986,-1.5350000000000001,67.62700000000001,0.0,0.0,450.28700000000003,0.0,0.0,-0.2,5.737,0,1.0,0.33,309.825,2.2764,34.95,35.38502502441406,4.98,0.0,0
46986,-1.5350000000000001,67.62700000000001,0.0,0.0,450.771,0.0,0.0,-0.2,5.737,0,1.0,0.355,309.825,2.3754,35.94,35.38502502441406,4.98,0.0,0
46986,-1.5350000000000001,67.62700000000001,0.0,0.0,450.831,0.0,0.0,0.0,5.737,0,2.0,0.34500000000000003,309.825,0.7918000000000001,36.81,35.38502502441406,4.98,0.0,0
46986,-1.5350000000000001,67.62700000000001,0.0,0.0,450.529,0.0,0.0,0.0,5.737,0,1.0,0.325,309.825,1.7155,37.32,35.38502502441406,4.98,0.0,0
46986,-1.5350000000000001,67.62700000000001,0.0,0.0,450.529,0.0,0.0,0.2,5.737,0,1.0,0.355,309.825,2.3754,37.74,35.38502502441406,4.98,0.0,0
46986,-1.5350000000000001,67.62700000000001,0.0,0.0,450.771,0.0,0.0,0.0,5.737,0,1.0,0.325,309.825,0.0,37.410000000000004,35.38502502441406,4.98,0.0,0
46986,-1.5350000000000001,67.62700000000001,0.0,0.0,450.59000000000003,0.0,0.0,0.0,5.737,0,2.0,0.325,309.6,-3.794,37.230000000000004,35.38502502441406,4.98,0.0,0
46986,-1.5350000000000001,67.62700000000001,0.0,0.0,450.892,0.0,0.0,0.0,5.737,0,1.0,0.325,309.825,-5.938400000000001,36.84,35.38502502441406,4.98,0.0,0
46986,-1.8760000000000001,67.62700000000001,0.0,0.0,450.892,0.0,0.0,-0.2,5.737,0,1.0,0.335,309.69,-4.1239,37.26,35.38502502441406,4.98,0.0,0
46986,-1.5350000000000001,67.62700000000001,0.0,0.0,451.01300000000003,0.0,0.0,-0.2,5.737,0,1.0,0.335,309.69,0.6598,37.14,35.38502502441406,4.98,0.0,0
46986,-1.5350000000000001,67.62700000000001,0.0,0.0,450.771,0.0,0.0,-0.2,5.737,0,1.0,0.325,309.69,-1.4846000000000001,36.87,35.38502502441406,4.98,0.0,0
46986,-1.5350000000000001,67.62700000000001,0.0,0.0,450.892,0.0,0.0,0.0,5.737,0,1.0,0.35000000000000003,309.69,1.9795,36.12,35.38502502441406,4.98,0.0,0
46986,-1.5350000000000001,67.62700000000001,0.0,0.0,450.892,0.0,0.0,0.0,5.737,0,1.0,0.315,309.825,3.8600000000000003,35.4,35.38502502441406,4.98,0.0,0
46986,-1.5350000000000001,67.62700000000001,0.0,0.0,450.892,0.0,0.0,0.0,5.737,0,1.0,0.33,309.825,4.3548,34.980000000000004,35.38502502441406,4.98,0.0,0
46986,-1.194,67.62700000000001,0.0,0.0,450.952,0.0,0.0,-0.2,5.737,0,1.0,0.35000000000000003,309.825,3.8600000000000003,35.49,35.38502502441406,4.98,0.0,0
46986,-1.5350000000000001,67.62700000000001,0.0,0.0,450.711,0.0,0.0,0.0,5.737,0,2.0,0.335,309.69,-2.7713,36.57,35.38502502441406,4.98,0.0,0
46986,-1.5350000000000001,67.62700000000001,0.0,0.0,450.952,0.0,0.0,0.2,5.737,0,1.0,0.37,309.825,-0.7918000000000001,37.65,35.38502502441406,4.98,0.0,0
46986,-1.5350000000000001,67.62700000000001,0.0,0.0,451.194,0.0,0.0,0.0,5.737,0,1.0,0.34,309.915,1.0557,38.22,35.38502502441406,4.98,0.0,0
46986,-1.5350000000000001,67.62700000000001,0.0,0.0,450.952,0.0,0.0,0.2,5.737,0,1.0,0.32,309.825,-0.3629,37.71,35.38502502441406,4.98,0.0,0
46986,-1.5350000000000001,67.62700000000001,0.0,0.0,450.892,0.0,0.0,0.0,5.737,0,1.0,0.325,309.825,-1.1877,37.74,35.38502502441406,4.98,0.0,0
46986,-1.705,67.62700000000001,0.0,0.0,450.59000000000003,0.0,0.0,0.0,5.737,0,1.0,0.325,309.915,1.5836000000000001,37.02,35.38502502441406,4.98,0.0,0
46986,-1.705,67.62700000000001,0.0,0.0,450.529,0.0,0.0,0.0,5.737,0,1.0,0.33,309.915,2.6393,36.24,35.38502502441406,4.98,0.0,0
46986,-1.5350000000000001,67.62700000000001,0.0,0.0,450.65000000000003,0.0,0.0,0.0,5.737,0,1.0,0.335,309.825,1.5836000000000001,35.31,35.38502502441406,4.98,0.0,0
46986,-1.194,67.62700000000001,0.0,0.0,450.892,0.0,0.0,0.2,5.737,0,1.0,0.34500000000000003,309.825,-0.39590000000000003,35.19,35.38502502441406,4.98,0.0,0
46986,-1.705,67.62700000000001,0.0,0.0,451.01300000000003,0.0,0.0,0.0,5.737,0,1.0,0.33,309.825,-3.629,35.25,35.38502502441406,4.98,0.0,0
46986,-1.5350000000000001,67.62700000000001,0.0,0.0,450.952,0.0,0.0,-0.2,5.737,0,2.0,0.335,309.69,-2.3754,35.49,35.38502502441406,4.98,0.0,0
46986,-1.5350000000000001,67.62700000000001,0.0,0.0,450.952,0.0,0.0,0.0,5.737,0,1.0,0.35000000000000003,309.915,-1.4681,35.52,35.38502502441406,4.98,0.0,0
46986,-1.364,67.62700000000001,0.0,0.0,451.194,0.0,0.0,0.0,5.737,0,1.0,0.34500000000000003,309.915,2.1609000000000003,36.03,35.38502502441406,4.98,0.0,0
46986,-1.5350000000000001,67.62700000000001,0.0,0.0,450.892,0.0,0.0,-0.2,5.737,0,1.0,0.34,309.69,0.6846,37.29,35.38502502441406,4.98,0.0,0
46986,-1.5350000000000001,67.62700000000001,0.0,0.0,450.711,0.0,0.0,0.0,5.737,0,1.0,0.355,309.69,-3.3651,38.49,35.38502502441406,4.98,0.0,0
46986,-1.8760000000000001,67.62700000000001,0.0,0.0,450.771,0.0,0.0,-0.2,5.737,0,2.0,0.335,309.69,-6.9529000000000005,39.72,35.38502502441406,4.98,0.0,0
46986,-1.5350000000000001,67.62700000000001,0.0,0.0,450.711,0.0,0.0,0.2,5.737,0,2.0,0.315,309.69,-0.37120000000000003,39.03,35.38502502441406,4.98,0.0,0
46986,-1.5350000000000001,67.62700000000001,0.0,0.0,451.07300000000004,0.0,0.0,0.0,5.737,0,1.0,0.33,309.825,5.3198,38.07,35.38502502441406,4.98,0.0,0
46986,-1.364,67.62700000000001,0.0,0.0,451.134,0.0,0.0,0.0,5.737,0,1.0,0.335,309.825,2.1527000000000003,36.72,35.38502502441406,4.98,0.0,0
46986,-1.5350000000000001,67.62700000000001,0.0,0.0,450.529,0.0,0.0,0.2,5.737,0,2.0,0.31,309.825,1.8887,36.12,35.38502502441406,4.98,0.0,0
46986,-1.5350000000000001,67.62700000000001,0.0,0.0,450.529,0.0,0.0,0.2,5.737,0,1.0,0.36,309.915,1.6331,36.24,35.38502502441406,4.98,0.0,0
46986,-1.5350000000000001,67.62700000000001,0.0,0.0,450.771,0.0,0.0,0.2,5.737,0,1.0,0.33,309.915,2.2269,37.02,35.38502502441406,4.98,0.0,0
46986,-1.5350000000000001,67.62700000000001,0.0,0.0,450.711,0.0,0.0,0.0,5.737,0,2.0,0.35000000000000003,309.915,0.7918000000000001,36.9,35.38502502441406,4.98,0.0,0
46986,-1.364,67.62700000000001,0.0,0.0,450.831,0.0,0.0,-0.2,5.737,0,1.0,0.33,309.915,-5.2126,36.84,35.38502502441406,4.98,0.0,0
46986,-1.5350000000000001,67.62700000000001,0.0,0.0,451.01300000000003,0.0,0.0,0.0,5.737,0,1.0,0.315,309.825,-3.6950000000000003,36.51,35.38502502441406,4.98,0.0,0
46986,-1.5350000000000001,67.62700000000001,0.0,0.0,450.892,0.0,0.0,0.0,5.737,0,1.0,0.335,309.825,-0.3794,36.45,35.38502502441406,4.98,0.0,0
46986,-1.5350000000000001,67.62700000000001,0.0,0.0,450.711,0.0,0.0,0.2,5.737,0,1.0,0.315,309.69,-2.1114,37.29,35.38502502441406,4.98,0.0,0
46986,-1.5350000000000001,67.62700000000001,0.0,0.0,450.711,0.0,0.0,0.2,5.737,0,1.0,0.34500000000000003,309.69,-2.3506,37.56,35.38502502441406,4.98,0.0,0
46986,-1.5350000000000001,67.62700000000001,0.0,0.0,450.711,0.0,0.0,0.0,5.737,0,1.0,0.33,309.69,-1.3609,38.7,35.38502502441406,4.98,0.0,0
46986,-1.5350000000000001,67.62700000000001,0.0,0.0,450.529,0.0,0.0,0.2,5.737,0,1.0,0.34,309.825,3.1424000000000003,38.730000000000004,35.38502502441406,4.98,0.0,0
46986,-1.364,67.62700000000001,0.0,0.0,450.711,0.0,0.0,0.0,5.737,0,1.0,0.32,309.825,5.7817,38.31,35.38502502441406,4.98,0.0,0
46986,-1.705,67.62700000000001,0.0,0.0,450.711,0.0,0.0,0.0,5.737,0,1.0,0.35000000000000003,309.825,0.5031,37.65,35.38502502441406,4.98,0.0,0
46986,-1.5350000000000001,67.62700000000001,0.0,0.0,450.469,0.0,0.0,0.0,5.737,0,0.0,0.335,309.825,-0.9897,37.32,35.38502502441406,4.98,0.0,0
46986,-1.5350000000000001,67.62700000000001,0.0,0.0,450.59000000000003,0.0,0.0,0.0,5.737,0,1.0,0.32,309.69,1.4104,36.72,35.38502502441406,4.98,0.0,0
46986,-1.5350000000000001,67.62700000000001,0.0,0.0,450.65000000000003,0.0,0.0,0.0,5.737,0,1.0,0.335,309.69,-3.5383,35.76,35.38502502441406,4.98,0.0,0
46986,-1.364,67.62700000000001,0.0,0.0,450.529,0.0,0.0,0.0,5.737,0,1.0,0.37,309.825,-0.39590000000000003,35.49,35.38502502441406,4.98,0.0,0
46986,-1.5350000000000001,67.62700000000001,0.0,0.0,450.529,0.0,0.0,-0.2,5.737,0,1.0,0.36,309.825,0.0,35.43,35.38502502441406,4.98,0.0,0
46986,-1.364,67.62700000000001,0.0,0.0,450.892,0.0,0.0,-0.2,5.737,0,1.0,0.365,309.69,1.1877,35.25,35.38502502441406,4.98,0.0,0
46986,-1.5350000000000001,67.62700000000001,0.0,0.0,450.831,0.0,0.0,0.2,5.737,0,1.0,0.335,309.825,0.6928000000000001,36.0,35.38502502441406,4.98,0.0,0
46986,-1.5350000000000001,67.62700000000001,0.0,0.0,450.711,0.0,0.0,0.0,5.737,0,1.0,0.34500000000000003,309.69,-1.5836000000000001,37.11,35.38502502441406,4.98,0.0,0
46986,-1.5350000000000001,67.62700000000001,0.0,0.0,450.711,0.0,0.0,0.0,5.737,0,1.0,0.34,309.825,0.6928000000000001,38.28,35.38502502441406,4.98,0.0,0
46986,-1.364,67.62700000000001,0.0,0.0,450.831,0.0,0.0,0.0,5.737,0,1.0,0.36,309.825,-0.7918000000000001,39.27,35.38502502441406,4.98,0.0,0
46986,-1.364,67.62700000000001,0.0,0.0,450.831,0.0,0.0,-0.2,5.737,0,1.0,0.335,309.825,-0.8908,38.550000000000004,35.38502502441406,4.98,0.0,0
46986,-1.5350000000000001,67.62700000000001,0.0,0.0,450.711,0.0,0.0,0.0,5.737,0,1.0,0.325,309.69,-1.1877,38.13,35.38502502441406,4.98,0.0,0
46986,-1.5350000000000001,67.62700000000001,0.0,0.0,450.711,0.0,0.0,0.0,5.737,0,1.0,0.34500000000000003,309.825,-0.7918000000000001,37.59,35.38502502441406,4.98,0.0,0
46986,-1.705,67.62700000000001,0.0,0.0,450.529,0.0,0.0,0.0,5.737,0,1.0,0.335,309.69,0.132,36.78,35.38502502441406,4.98,0.0,0
46986,-1.5350000000000001,67.62700000000001,0.0,0.0,450.711,0.0,0.0,0.0,5.737,0,1.0,0.335,309.69,3.1672000000000002,37.14,35.38502502441406,4.98,0.0,0
46986,-1.705,67.62700000000001,0.0,0.0,451.07300000000004,0.0,0.0,-0.2,5.737,0,1.0,0.35000000000000003,309.825,-1.0557,37.02,35.38502502441406,4.98,0.0,0
46986,-1.5350000000000001,67.62700000000001,0.0,0.0,450.711,0.0,0.0,-0.2,5.737,0,1.0,0.37,309.69,-0.2639,36.81,35.38502502441406,4.98,0.0,0
46986,-1.5350000000000001,67.62700000000001,0.0,0.0,450.65000000000003,0.0,0.0,0.0,5.737,0,1.0,0.325,309.825,-0.39590000000000003,36.27,35.38502502441406,4.98,0.0,0
46986,-1.5350000000000001,67.62700000000001,0.0,0.0,450.59000000000003,0.0,0.0,0.0,5.737,0,1.0,0.355,309.825,0.7918000000000001,35.43,35.38502502441406,4.98,0.0,0
46986,-1.705,67.62700000000001,0.0,0.0,450.469,0.0,0.0,0.0,5.737,0,1.0,0.38,309.69,0.6598,36.39,35.38502502441406,4.98,0.0,0
46986,-1.5350000000000001,67.62700000000001,0.0,0.0,450.65000000000003,0.0,0.0,0.2,5.737,0,1.0,0.32,309.915,-0.8578,37.5,35.38502502441406,4.98,0.0,0
46986,-1.5350000000000001,67.62700000000001,0.0,0.0,451.01300000000003,0.0,0.0,0.0,5.737,0,1.0,0.305,309.825,1.5836000000000001,38.550000000000004,35.38502502441406,4.98,0.0,0
46986,-1.364,67.62700000000001,0.0,0.0,450.892,0.0,0.0,0.0,5.737,0,2.0,0.315,309.915,1.9465000000000001,40.26,35.38502502441406,4.98,0.0,0
46986,-1.5350000000000001,67.62700000000001,0.0,0.0,450.711,0.0,0.0,0.2,5.737,0,1.0,0.315,309.69,-1.4516,39.81,35.38502502441406,4.98,0.0,0
46986,-1.8760000000000001,67.62700000000001,0.0,0.0,450.529,0.0,0.0,0.2,5.737,0,1.0,0.31,309.825,2.1114,38.97,35.38502502441406,4.98,0.0,0
46986,-1.5350000000000001,67.62700000000001,0.0,0.0,450.59000000000003,0.0,0.0,0.0,5.737,0,1.0,0.33,309.69,-5.6745,37.53,35.38502502441406,4.98,0.0,0
46986,-1.5350000000000001,67.62700000000001,0.0,0.0,450.771,0.0,0.0,0.2,5.737,0,1.0,0.325,309.69,-2.3754,36.300000000000004,35.38502502441406,4.98,0.0,0
46986,-1.364,67.62700000000001,0.0,0.0,450.59000000000003,0.0,0.0,0.0,5.737,0,1.0,0.39,309.825,1.9795,35.31,35.38502502441406,4.98,0.0,0
46986,-1.364,67.62700000000001,0.0,0.0,450.529,0.0,0.0,-0.2,5.737,0,1.0,0.295,309.69,0.7918000000000001,36.24,35.38502502441406,4.98,0.0,0
46986,-1.364,67.62700000000001,0.0,0.0,450.408,0.0,0.0,0.0,5.737,0,2.0,0.33,309.69,0.132,36.45,35.38502502441406,4.98,0.0,0
46986,-1.5350000000000001,67.62700000000001,0.0,0.0,450.166,0.0,0.0,-0.2,5.737,0,2.0,0.365,309.825,-1.5836000000000001,36.84,35.38502502441406,4.98,0.0,0
46986,-1.364,67.62700000000001,0.0,0.0,450.65000000000003,0.0,0.0,0.2,5.737,0,2.0,0.32,309.69,0.2639,37.32,35.38502502441406,4.98,0.0,0
46986,-1.705,67.62700000000001,0.0,0.0,450.711,0.0,0.0,-0.2,5.737,0,1.0,0.305,309.69,2.6393,38.160000000000004,35.38502502441406,4.98,0.0,0
46986,-1.5350000000000001,67.62700000000001,0.0,0.0,450.831,0.0,0.0,0.2,5.737,0,2.0,0.32,309.915,1.5836000000000001,38.34,35.38502502441406,4.98,0.0,0
46986,-1.364,67.62700000000001,0.0,0.0,450.831,0.0,0.0,0.0,5.737,0,1.0,0.39,309.825,2.8043,37.95,35.38502502441406,4.98,0.0,0
46986,-1.5350000000000001,67.62700000000001,0.0,0.0,450.831,0.0,0.0,0.0,5.737,0,1.0,0.34,309.825,1.8887,37.89,35.38502502441406,4.98,0.0,0
46986,-1.5350000000000001,67.62700000000001,0.0,0.0,450.831,0.0,0.0,0.2,5.737,0,2.0,0.265,309.825,3.0764,37.83,35.38502502441406,4.98,0.0,0
46986,-1.5350000000000001,67.62700000000001,0.0,0.0,451.07300000000004,0.0,0.0,0.2,5.737,0,1.0,0.36,309.69,-5.6332,37.980000000000004,35.38502502441406,4.98,0.0,0
46986,-1.5350000000000001,67.62700000000001,0.0,0.0,450.831,0.0,0.0,-0.2,5.737,0,0.0,0.32,309.825,-3.8930000000000002,37.83,35.38502502441406,4.98,0.0,0
46986,-1.5350000000000001,67.62700000000001,0.0,0.0,450.711,0.0,0.0,0.2,5.737,0,1.0,0.29,309.69,0.3052,37.26,35.38502502441406,4.98,0.0,0
46986,-1.5350000000000001,67.62700000000001,0.0,0.0,450.831,0.0,0.0,-0.2,5.737,0,0.0,0.32,309.69,2.5733,36.51,35.38502502441406,4.98,0.0,0
46986,-1.5350000000000001,67.62700000000001,0.0,0.0,450.711,0.0,0.0,0.0,5.737,0,1.0,0.36,309.825,-0.39590000000000003,36.18,35.38502502441406,4.98,0.0,0
46986,-1.5350000000000001,67.62700000000001,0.0,0.0,450.28700000000003,0.0,0.0,0.0,5.737,0,1.0,0.315,309.69,1.9795,36.24,35.38502502441406,4.98,0.0,0
46986,-1.5350000000000001,67.62700000000001,0.0,0.0,450.348,0.0,0.0,0.0,5.737,0,0.0,0.35000000000000003,309.69,-0.9650000000000001,36.03,35.38502502441406,4.98,0.0,0
46986,-1.705,67.62700000000001,0.0,0.0,450.892,0.0,0.0,0.0,5.737,0,0.0,0.385,309.69,0.5526,36.27,35.38502502441406,4.98,0.0,0
46986,-1.705,67.62700000000001,0.0,0.0,450.771,0.0,0.0,0.0,5.737,0,1.0,0.3,309.825,2.5733,36.96,35.38502502441406,4.98,0.0,0
46986,-1.5350000000000001,67.62700000000001,0.0,0.0,451.01300000000003,0.0,0.0,0.0,5.737,0,1.0,0.375,309.69,-1.5176,37.65,35.38502502441406,4.98,0.0,0
46986,-1.364,67.62700000000001,0.0,0.0,450.892,0.0,0.0,0.0,5.737,0,1.0,0.295,309.915,1.5176,37.86,35.38502502441406,4.98,0.0,0
46986,-1.5350000000000001,67.62700000000001,0.0,0.0,450.529,0.0,0.0,0.0,5.737,0,0.0,0.325,309.69,-2.4826,37.38,35.38502502441406,4.98,0.0,0
46986,-1.5350000000000001,67.62700000000001,0.0,0.0,450.831,0.0,0.0,0.0,5.737,0,1.0,0.355,309.915,2.3341000000000003,37.47,35.38502502441406,4.98,0.0,0
46986,-1.364,67.62700000000001,0.0,0.0,451.01300000000003,0.0,0.0,-0.2,5.737,0,2.0,0.32,309.825,1.6001,37.410000000000004,35.38502502441406,4.98,0.0,0
46986,-1.364,67.62700000000001,0.0,0.0,450.892,0.0,0.0,0.0,5.737,0,1.0,0.325,309.69,0.7258,38.160000000000004,35.38502502441406,4.98,0.0,0
46986,-1.194,67.62700000000001,0.0,0.0,451.01300000000003,0.0,0.0,0.0,5.737,0,1.0,0.35000000000000003,309.825,-0.2474,37.53,35.38502502441406,4.98,0.0,0
46986,-1.5350000000000001,67.62700000000001,0.0,0.0,450.831,0.0,0.0,0.2,5.737,0,0.0,0.305,309.825,-1.1877,36.6,35.38502502441406,4.98,0.0,0
46986,-1.364,67.62700000000001,0.0,0.0,450.831,0.0,0.0,0.2,5.737,0,1.0,0.31,309.825,-0.6186,35.79,35.38502502441406,4.98,0.0,0
46986,-1.5350000000000001,67.62700000000001,0.0,0.0,451.134,0.0,0.0,-0.2,5.737,0,0.0,0.32,309.825,-0.9897,34.74,35.38502502441406,4.98,0.0,0
46986,-1.194,67.62700000000001,0.0,0.0,450.952,0.0,0.0,-0.2,5.737,0,1.0,0.355,309.69,0.42060000000000003,34.86,35.38502502441406,4.98,0.0,0
46986,-1.364,67.62700000000001,0.0,0.0,450.952,0.0,0.0,0.0,5.737,0,2.0,0.34500000000000003,309.69,0.099,34.980000000000004,35.38502502441406,4.98,0.0,0
46986,-1.5350000000000001,67.62700000000001,0.0,0.0,451.01300000000003,0.0,0.0,0.0,5.737,0,1.0,0.385,309.825,-1.1877,36.33,35.38502502441406,4.98,0.0,0
46986,-1.5350000000000001,67.62700000000001,0.0,0.0,451.01300000000003,0.0,0.0,0.0,5.737,0,1.0,0.28500000000000003,309.825,0.7918000000000001,38.1,35.38502502441406,4.98,0.0,0
46986,-1.5350000000000001,67.62700000000001,0.0,0.0,450.529,0.0,0.0,-0.2,5.737,0,2.0,0.265,309.825,4.7507,38.550000000000004,35.38502502441406,4.98,0.0,0
46986,-1.5350000000000001,67.62700000000001,0.0,0.0,450.952,0.0,0.0,0.2,5.737,0,1.0,0.295,309.825,1.5836000000000001,38.76,35.38502502441406,4.98,0.0,0
46986,-1.5350000000000001,67.62700000000001,0.0,0.0,450.831,0.0,0.0,-0.2,5.737,0,1.0,0.33,309.915,3.4311000000000003,38.01,35.38502502441406,4.98,0.0,0
46986,-1.5350000000000001,67.62700000000001,0.0,0.0,450.711,0.0,0.0,0.0,5.737,0,0.0,0.33,309.825,-2.1114,36.96,35.38502502441406,4.98,0.0,0
46986,-1.5350000000000001,67.62700000000001,0.0,0.0,451.01300000000003,0.0,0.0,0.0,5.737,0,1.0,0.34,309.825,-3.6950000000000003,36.75,35.38502502441406,4.98,0.0,0
46986,-1.5350000000000001,67.62700000000001,0.0,0.0,450.952,0.0,0.0,-0.2,5.737,0,2.0,0.385,309.825,-0.19790000000000002,36.75,35.38502502441406,4.98,0.0,0
46986,-1.364,67.62700000000001,0.0,0.0,450.831,0.0,0.0,0.0,5.737,0,1.0,0.33,309.825,2.3754,36.36,35.38502502441406,4.98,0.0,0
46986,-1.5350000000000001,67.62700000000001,0.0,0.0,450.771,0.0,0.0,0.0,5.737,0,1.0,0.33,309.915,0.9897,36.0,35.38502502441406,4.98,0.0,0
46986,-1.5350000000000001,67.62700000000001,0.0,0.0,450.831,0.0,0.0,0.0,5.737,0,1.0,0.36,309.69,-2.3754,35.31,35.38502502441406,4.98,0.0,0
46986,-1.5350000000000001,67.62700000000001,0.0,0.0,450.711,0.0,0.0,-0.2,5.737,0,1.0,0.295,309.69,-3.596,35.01,35.38502502441406,4.98,0.0,0
46986,-1.705,67.62700000000001,0.0,0.0,450.711,0.0,0.0,0.0,5.737,0,1.0,0.31,309.69,-5.0147,35.88,35.38502502441406,4.98,0.0,0
46986,-1.5350000000000001,67.62700000000001,0.0,0.0,450.771,0.0,0.0,0.0,5.737,0,1.0,0.395,309.915,4.0579,36.96,35.38502502441406,4.98,0.0,0
46986,-1.194,67.62700000000001,0.0,0.0,450.831,0.0,0.0,0.0,5.737,0,0.0,0.35000000000000003,309.915,5.2786,38.04,35.38502502441406,4.98,0.0,0
46986,-1.364,67.62700000000001,0.0,0.0,450.831,0.0,0.0,0.0,5.737,0,1.0,0.28,309.69,-2.6393,38.31,35.38502502441406,4.98,0.0,0
46986,-1.5350000000000001,67.62700000000001,0.0,0.0,450.771,0.0,0.0,0.0,5.737,0,1.0,0.325,309.69,-6.5982,38.61,35.38502502441406,4.98,0.0,0
46986,-1.364,67.62700000000001,0.0,0.0,450.831,0.0,0.0,0.0,5.737,0,2.0,0.335,309.69,-0.8908,37.86,35.38502502441406,4.98,0.0,0
46986,-1.5350000000000001,67.62700000000001,0.0,0.0,450.771,0.0,0.0,0.0,5.737,0,2.0,0.3,309.69,-0.39590000000000003,36.63,35.38502502441406,4.98,0.0,0
46986,-1.5350000000000001,67.62700000000001,0.0,0.0,450.771,0.0,0.0,0.0,5.737,0,2.0,0.32,309.825,3.0682,36.42,35.38502502441406,4.98,0.0,0
46986,-1.5350000000000001,67.62700000000001,0.0,0.0,450.59000000000003,0.0,0.0,0.0,5.737,0,1.0,0.315,309.825,3.9589000000000003,35.79,35.38502502441406,4.98,0.0,0
46986,-1.5350000000000001,67.62700000000001,0.0,0.0,450.892,0.0,0.0,0.0,5.737,0,1.0,0.34,309.69,0.0,35.58,35.38502502441406,4.98,0.0,0
46986,-1.364,67.62700000000001,0.0,0.0,450.59000000000003,0.0,0.0,0.0,5.737,0,1.0,0.34500000000000003,309.915,0.6598,34.77,35.38502502441406,4.98,0.0,0
46986,-1.364,67.62700000000001,0.0,0.0,450.711,0.0,0.0,0.0,5.737,0,0.0,0.315,309.825,0.0,34.89,35.38502502441406,4.98,0.0,0
46986,-1.5350000000000001,67.62700000000001,0.0,0.0,450.771,0.0,0.0,0.0,5.737,0,1.0,0.275,309.825,3.2991,34.56,35.38502502441406,4.98,0.0,0
46986,-1.5350000000000001,67.62700000000001,0.0,0.0,450.529,0.0,0.0,0.0,5.737,0,2.0,0.335,309.69,0.165,35.31,35.38502502441406,4.98,0.0,0
46986,-1.5350000000000001,67.62700000000001,0.0,0.0,450.28700000000003,0.0,0.0,0.0,5.737,0,2.0,0.385,309.825,-1.1877,36.09,35.38502502441406,4.98,0.0,0
46986,-1.0230000000000001,67.62700000000001,0.0,0.0,450.348,0.0,0.0,0.0,5.737,0,2.0,0.305,309.69,-4.9157,36.93,35.38502502441406,4.98,0.0,0
46986,-1.5350000000000001,67.62700000000001,0.0,0.0,450.831,0.0,0.0,0.0,5.737,0,2.0,0.365,309.825,1.9795,37.89,35.38502502441406,4.98,0.0,0
46986,-1.5350000000000001,67.62700000000001,0.0,0.0,450.771,0.0,0.0,0.2,5.737,0,2.0,0.305,309.69,-2.2764,37.980000000000004,35.38502502441406,4.98,0.0,0
46986,-1.194,67.62700000000001,0.0,0.0,450.771,0.0,0.0,0.0,5.737,0,2.0,0.28,309.69,-2.1527000000000003,37.980000000000004,35.38502502441406,4.98,0.0,0
46986,-1.5350000000000001,67.62700000000001,0.0,0.0,450.711,0.0,0.0,-0.2,5.737,0,0.0,0.295,309.69,0.7918000000000001,37.56,35.38502502441406,4.98,0.0,0
46986,-1.5350000000000001,67.62700000000001,0.0,0.0,450.771,0.0,0.0,-0.2,5.737,0,1.0,0.305,309.915,3.2166,35.88,35.38502502441406,4.98,0.0,0
46986,-1.705,67.62700000000001,0.0,0.0,450.59000000000003,0.0,0.0,-0.2,5.737,0,1.0,0.295,309.69,0.6598,34.800000000000004,35.38502502441406,4.98,0.0,0
46986,-1.0230000000000001,67.62700000000001,0.0,0.0,450.469,0.0,0.0,0.0,5.737,0,2.0,0.33,309.69,0.3547,34.62,35.38502502441406,4.98,0.0,0
46986,-1.5350000000000001,67.62700000000001,0.0,0.0,450.348,0.0,0.0,0.0,5.737,0,1.0,0.36,309.825,-2.6228000000000002,34.53,35.38502502441406,4.98,0.0,0
46986,-1.5350000000000001,67.62700000000001,0.0,0.0,450.711,0.0,0.0,-0.2,5.737,0,1.0,0.34500000000000003,309.825,1.7155,34.89,35.38502502441406,4.98,0.0,0
46986,-1.705,67.62700000000001,0.0,0.0,450.65000000000003,0.0,0.0,0.0,5.737,0,2.0,0.315,309.69,7.7199,34.980000000000004,35.38502502441406,4.98,0.0,0
46986,-1.5350000000000001,67.62700000000001,0.0,0.0,450.529,0.0,0.0,-0.2,5.737,0,1.0,0.315,309.825,-1.5176,35.04,35.38502502441406,4.98,0.0,0
46986,-1.364,67.62700000000001,0.0,0.0,450.65000000000003,0.0,0.0,0.0,5.737,0,1.0,0.33,309.825,-4.5528,35.61,35.38502502441406,4.98,0.0,0
46986,-1.364,67.62700000000001,0.0,0.0,450.529,0.0,0.0,0.0,5.737,0,1.0,0.305,309.825,3.2496,36.660000000000004,35.38502502441406,4.98,0.0,0
46986,-1.364,67.62700000000001,0.0,0.0,450.65000000000003,0.0,0.0,0.2,5.737,0,1.0,0.335,309.825,1.3856000000000002,37.53,35.38502502441406,4.98,0.0,0
46986,-1.0230000000000001,67.62700000000001,0.0,0.0,450.831,0.0,0.0,0.2,5.737,0,1.0,0.32,309.69,-3.563,38.1,35.38502502441406,4.98,0.0,0
46986,-1.5350000000000001,67.62700000000001,0.0,0.0,450.831,0.0,0.0,0.2,5.737,0,0.0,0.315,309.825,0.0,37.77,35.38502502441406,4.98,0.0,0
46986,-1.5350000000000001,67.62700000000001,0.0,0.0,450.711,0.0,0.0,0.0,5.737,0,2.0,0.3,309.825,0.46190000000000003,36.87,35.38502502441406,4.98,0.0,0
46986,-1.5350000000000001,67.62700000000001,0.0,0.0,450.408,0.0,0.0,-0.2,5.737,0,1.0,0.31,309.69,1.4516,36.42,35.38502502441406,4.98,0.0,0
46986,-1.5350000000000001,67.62700000000001,0.0,0.0,450.831,0.0,0.0,-0.2,5.737,0,1.0,0.32,309.825,-1.3856000000000002,36.18,35.38502502441406,4.98,0.0,0
46986,-1.5350000000000001,67.62700000000001,0.0,0.0,450.892,0.0,0.0,-0.2,5.737,0,2.0,0.32,309.69,-3.0764,36.21,35.38502502441406,4.98,0.0,0
46986,-1.5350000000000001,67.62700000000001,0.0,0.0,450.771,0.0,0.0,0.0,5.737,0,1.0,0.325,309.825,4.1074,35.49,35.38502502441406,4.98,0.0,0
46986,-1.5350000000000001,67.62700000000001,0.0,0.0,450.892,0.0,0.0,0.0,5.737,0,1.0,0.33,309.69,2.0702000000000003,35.01,35.38502502441406,4.98,0.0,0
46986,-1.364,67.62700000000001,0.0,0.0,450.65000000000003,0.0,0.0,0.0,5.737,0,1.0,0.34,309.69,-1.5588000000000002,35.67,35.38502502441406,4.98,0.0,0
46986,-1.5350000000000001,67.62700000000001,0.0,0.0,450.771,0.0,0.0,0.2,5.737,0,1.0,0.305,309.825,-3.4311000000000003,35.79,35.38502502441406,4.98,0.0,0
46986,-1.5350000000000001,67.62700000000001,0.0,0.0,450.59000000000003,0.0,0.0,0.0,5.737,0,1.0,0.325,309.69,1.3609,36.15,35.38502502441406,4.98,0.0,0
46986,-1.5350000000000001,67.62700000000001,0.0,0.0,450.529,0.0,0.0,0.0,5.737,0,2.0,0.295,309.825,1.0310000000000001,36.93,35.38502502441406,4.98,0.0,0
46986,-1.364,67.62700000000001,0.0,0.0,450.771,0.0,0.0,-0.2,5.737,0,1.0,0.315,309.825,0.48660000000000003,38.1,35.38502502441406,4.98,0.0,0
46986,-1.364,67.62700000000001,0.0,0.0,450.529,0.0,0.0,0.0,5.737,0,0.0,0.335,309.825,6.4415000000000004,37.68,35.38502502441406,4.98,0.0,0
46986,-1.364,67.62700000000001,0.0,0.0,450.711,0.0,0.0,0.0,5.737,0,2.0,0.33,309.825,1.0310000000000001,37.230000000000004,35.38502502441406,4.98,0.0,0
46986,-1.705,67.62700000000001,0.0,0.0,450.65000000000003,0.0,0.0,-0.2,5.737,0,1.0,0.34500000000000003,309.69,-3.1424000000000003,37.08,35.38502502441406,4.98,0.0,0
46986,-1.194,67.62700000000001,0.0,0.0,450.65000000000003,0.0,0.0,0.0,5.737,0,1.0,0.34,309.69,-4.1239,37.08,35.38502502441406,4.98,0.0,0
46986,-1.705,67.62700000000001,0.0,0.0,450.952,0.0,0.0,0.0,5.737,0,1.0,0.33,309.825,-1.1877,36.480000000000004,35.38502502441406,4.98,0.0,0
46986,-1.5350000000000001,67.62700000000001,0.0,0.0,451.01300000000003,0.0,0.0,0.0,5.737,0,1.0,0.34500000000000003,309.825,-1.5836000000000001,36.18,35.38502502441406,4.98,0.0,0
46986,-1.5350000000000001,67.62700000000001,0.0,0.0,450.771,0.0,0.0,-0.2,5.737,0,1.0,0.33,309.69,0.9238000000000001,36.15,35.38502502441406,4.98,0.0,0
46986,-1.194,67.62700000000001,0.0,0.0,450.892,0.0,0.0,-0.2,5.737,0,1.0,0.315,309.825,0.7918000000000001,35.7,35.38502502441406,4.98,0.0,0
46986,-1.5350000000000001,67.62700000000001,0.0,0.0,450.469,0.0,0.0,0.0,5.737,0,1.0,0.355,309.825,-0.132,36.33,35.38502502441406,4.98,0.0,0
46986,-1.5350000000000001,67.62700000000001,0.0,0.0,450.529,0.0,0.0,0.0,5.737,0,2.0,0.325,309.69,0.0,36.6,35.38502502441406,4.98,0.0,0
46986,-1.364,67.62700000000001,0.0,0.0,450.831,0.0,0.0,0.0,5.737,0,1.0,0.33,309.825,-1.1877,36.39,35.38502502441406,4.98,0.0,0
46986,-1.5350000000000001,67.62700000000001,0.0,0.0,450.711,0.0,0.0,31.0,5.737,0,2.0,0.325,309.825,-3.1672000000000002,36.63,35.38502502441406,5.098,0.0,0
46986,-1.364,67.62700000000001,0.0,0.0,450.28700000000003,0.0005,0.1,122.5,5.737,0,1.0,0.47500000000000003,309.69,-0.6598,36.51,0.0,5.859,0.0,0
46986,-1.5350000000000001,67.62700000000001,0.0,0.0,450.045,0.0019,0.2,240.5,5.737,0,1.0,0.36,309.69,-0.9567,34.86,0.0,7.715000000000001,0.0,0
46986,-1.8760000000000001,67.62700000000001,0.0,0.0,451.678,0.009300000000000001,1.5,354.0,5.737,0,22.0,0.4,309.69,-3.4311000000000003,34.26,0.0,10.781,0.0,0
46986,-2.387,67.62700000000001,0.0,0.0,450.348,0.0291,2.7,433.8,5.737,0,7.0,0.41000000000000003,309.825,1.4846000000000001,32.61,0.0,14.785,0.0,0
46986,-2.728,67.62700000000001,0.0,0.0,426.814,0.0712,5.9,460.8,5.737,0,2.0,0.31,309.825,5.2786,30.900000000000002,0.0,19.336000000000002,0.0,0
46986,-2.387,67.62700000000001,0.0,0.0,394.387,0.1431,9.700000000000001,450.3,5.737,0,2.0,0.265,309.825,4.651800000000001,30.57,0.0,23.887,0.0,0
46986,-3.411,67.62700000000001,0.0,0.0,315.557,0.2535,12.3,414.70000000000005,5.737,0,0.0,0.425,309.915,1.0557,32.67,0.0,28.242,0.0,0
46986,-3.581,67.62700000000001,0.0,0.0,242.96,0.395,16.1,351.90000000000003,5.737,0,2.0,0.055,309.915,2.0455,34.800000000000004,0.0,32.051,0.0,0
46986,-3.581,67.62700000000001,0.0,0.0,120.633,0.5482,15.5,270.3,5.737,0,0.0,0.185,309.915,3.1672000000000002,36.33,0.0,35.137,0.0,0
46986,-4.263,67.62700000000001,0.0,0.0,54.085,0.6842,13.4,184.3,5.737,0,2.0,0.1,309.825,-0.9897,36.99,0.0,37.383,0.0,0
46986,-3.581,67.62700000000001,0.0,0.0,10.466000000000001,0.7793,6.800000000000001,105.30000000000001,5.742,0,0.0,-0.005,309.825,-2.6393,37.800000000000004,0.0,38.77,0.0,0
46986,-3.581,67.62700000000001,0.0,0.0,10.466000000000001,0.7793,6.800000000000001,105.30000000000001,5.742,0,0.0,-0.005,309.825,-2.6393,37.800000000000004,0.0,38.77,0.0,0
46987,-3.7520000000000002,67.62700000000001,0.0,0.0,-0.121,0.8310000000000001,4.9,43.5,5.742,0,0.0,-0.04,309.915,1.0557,38.07,0.0,39.473,0.0,0
46987,-3.581,67.62700000000001,0.0,0.0,-3.569,0.8487,1.7000000000000002,8.6,5.742,0,0.0,-0.09,310.005,4.2229,37.11,0.0,39.688,0.0,0
46987,-4.093,67.62700000000001,0.0,0.0,-2.904,0.8519,0.0,4.3,5.742,0,1.0,-0.06,309.825,0.5279,36.69,0.0,39.727000000000004,0.0,0
46987,-3.922,67.62700000000001,0.0,0.0,-2.057,0.8599,0.0,17.8,5.742,0,0.0,-0.105,309.915,1.9795,36.24,0.0,39.824000000000005,0.0,0
46987,-3.581,67.62700000000001,0.0,0.0,-2.178,0.8873000000000001,4.8,44.5,5.742,0,0.0,-0.07,310.005,-1.0557,36.21,0.0,40.156,0.0,0
46987,-3.581,67.62700000000001,0.0,0.0,-2.723,0.9373,4.9,75.3,5.742,0,0.0,-0.095,310.14000000000004,4.7507,36.57,0.0,40.762,0.0,0
46987,-3.7520000000000002,67.62700000000001,0.0,0.0,-2.783,1.0113,8.0,98.10000000000001,5.742,0,0.0,-0.08,310.005,6.2683,37.230000000000004,0.0,41.660000000000004,0.0,0
46987,-3.7520000000000002,67.62700000000001,0.0,0.0,-2.783,1.1101,9.5,103.5,5.742,0,1.0,-0.08,310.005,-2.1114,37.47,0.0,42.695,0.0,0
46987,-3.581,67.62700000000001,0.0,0.0,-2.783,1.1197000000000001,9.6,103.2,5.742,0,1.0,-0.085,309.915,-2.8867000000000003,37.53,0.0,42.793,0.0,0
46987,-3.922,67.62700000000001,0.0,0.0,-2.359,1.2195,9.700000000000001,100.4,5.742,0,0.0,-0.065,310.005,-4.792,37.47,0.0,43.809000000000005,0.0,0
46987,-3.581,67.62700000000001,0.0,0.0,-2.48,1.3233000000000001,11.4,99.9,5.742,0,1.0,-0.13,310.005,0.0,36.99,0.0,44.805,0.0,0
46987,-3.581,67.62700000000001,0.0,0.0,-2.359,1.4385000000000001,11.3,100.4,5.742,0,0.0,-0.09,309.915,1.0722,36.03,0.0,45.801,0.0,0
46987,-3.24,67.62700000000001,0.0,0.0,-2.057,1.556,11.200000000000001,100.10000000000001,5.742,0,0.0,-0.095,310.14000000000004,-0.1567,35.910000000000004,0.0,46.816,0.0,0
46987,-3.411,67.62700000000001,0.0,0.0,-2.117,1.6857,13.3,100.10000000000001,5.742,0,0.0,-0.08,310.005,1.2372,36.18,0.0,47.813,0.0,0
46987,-3.24,67.62700000000001,0.0,0.0,-2.42,1.8205,13.3,99.7,5.742,0,0.0,-0.055,310.005,2.1609000000000003,37.44,0.0,48.809000000000005,0.0,0
46987,-3.581,67.62700000000001,0.0,0.0,-2.54,1.9575,15.4,99.7,5.742,0,0.0,-0.095,309.915,-2.8207,38.67,0.0,49.805,0.0,0
46987,-3.0700000000000003,67.62700000000001,0.0,0.0,-2.359,2.1166,18.3,100.10000000000001,5.742,0,0.0,-0.135,310.005,1.1217000000000001,39.18,0.0,50.82,0.0,0
46987,-3.24,67.62700000000001,0.0,0.0,-2.178,2.2729,15.3,100.10000000000001,5.742,0,0.0,-0.125,310.005,0.46190000000000003,38.19,0.0,51.816,0.0,0
46987,-3.0700000000000003,67.62700000000001,0.0,0.0,-1.996,2.4408000000000003,17.7,99.9,5.742,0,1.0,-0.115,310.005,-2.4578,37.35,0.0,52.813,0.0,0
46987,-3.0700000000000003,67.62700000000001,0.0,0.0,-1.694,2.6206,17.7,99.9,5.742,0,0.0,-0.095,310.005,-0.39590000000000003,36.87,0.0,53.809000000000005,0.0,0
46987,-3.24,67.62700000000001,0.0,0.0,-2.057,2.8003,17.7,99.7,5.742,0,1.0,-0.09,309.915,0.41240000000000004,36.81,0.0,54.805,0.0,0
46987,-3.411,67.62700000000001,0.0,0.0,-2.238,3.0061,20.0,99.7,5.742,0,0.0,-0.095,309.915,-1.8475000000000001,37.59,0.0,55.82,0.0,0
46987,-3.24,67.62700000000001,0.0,0.0,-1.815,3.2115,20.0,100.10000000000001,5.742,0,0.0,-0.14,310.23,1.0805,37.74,0.0,56.816,0.0,0
46987,-3.0700000000000003,67.62700000000001,0.0,0.0,-1.5130000000000001,3.4241,22.900000000000002,99.4,5.742,0,0.0,-0.135,310.005,4.0909,37.230000000000004,0.0,57.813,0.0,0
46987,-3.0700000000000003,67.62700000000001,0.0,0.0,-1.5130000000000001,3.6574,23.0,99.7,5.742,0,0.0,-0.095,310.14000000000004,-0.0412,35.76,0.0,58.809000000000005,0.0,0
46987,-3.24,67.62700000000001,0.0,0.0,-1.875,3.895,27.400000000000002,99.9,5.742,0,0.0,-0.115,310.005,-0.2144,35.49,0.0,59.824000000000005,0.0,0
46987,-2.899,67.62700000000001,0.0,0.0,-2.057,4.1475,25.6,100.10000000000001,5.742,0,0.0,-0.09,310.005,-2.1114,35.7,0.0,60.82,0.0,0
46987,-2.899,67.62700000000001,0.0,0.0,-1.996,4.4108,25.6,99.9,5.742,0,0.0,-0.085,309.915,-7.6375,37.050000000000004,0.0,61.816,0.0,0
46987,-3.0700000000000003,67.62700000000001,0.0,0.0,-1.694,4.6748,26.3,99.7,5.742,0,0.0,-0.11,310.005,1.5176,38.550000000000004,0.0,62.813,0.0,0
46987,-2.899,67.62700000000001,0.0,0.0,-1.633,4.9703,29.1,99.9,5.742,0,1.0,-0.09,310.005,3.0847,39.06,0.0,63.809000000000005,0.0,0
46987,-2.728,67.62700000000001,0.0,0.0,-1.633,5.005,34.7,99.9,5.742,0,0.0,-0.07,310.005,2.7713,39.03,0.0,63.926,0.0,0
46987,-3.24,67.62700000000001,0.0,0.0,-1.754,5.3005,29.0,99.9,5.742,0,0.0,-0.115,310.005,-0.066,38.46,0.0,64.922,0.0,0
46987,-2.899,67.62700000000001,0.0,0.0,-1.875,5.613300000000001,32.5,100.4,5.742,0,0.0,-0.09,310.14000000000004,3.0352,37.38,0.0,65.918,0.0,0
46987,-2.899,67.62700000000001,0.0,0.0,-1.936,5.943300000000001,32.4,99.9,5.742,0,0.0,-0.105,310.14000000000004,5.4435,36.660000000000004,0.0,66.914,0.0,0
46987,-3.411,67.62700000000001,0.0,0.0,-1.815,6.2734000000000005,32.2,99.9,5.742,0,0.0,-0.135,310.005,-0.39590000000000003,36.51,0.0,67.91,0.0,0
46987,-3.411,67.62700000000001,0.0,0.0,-1.633,6.6427000000000005,43.1,99.7,5.742,0,0.0,-0.105,310.005,-4.651800000000001,36.18,0.0,68.926,0.0,0
46987,-3.0700000000000003,67.62700000000001,0.0,0.0,-1.331,7.0095,36.1,99.9,5.742,0,0.0,-0.055,309.915,-4.6188,36.09,0.0,69.922,0.0,0
46987,-3.24,67.62700000000001,0.0,0.0,-1.2710000000000001,7.3864,40.0,99.7,5.742,0,0.0,-0.115,310.005,1.0557,36.27,0.0,70.918,0.0,0
46987,-2.5580000000000003,67.62700000000001,0.0,0.0,-1.633,7.7921000000000005,39.9,99.9,5.742,0,0.0,-0.135,310.005,-0.9238000000000001,36.33,0.0,71.914,0.0,0
46987,-3.0700000000000003,67.62700000000001,0.0,0.0,-1.694,8.1978,39.5,99.9,5.742,0,0.0,-0.1,310.005,-4.024900000000001,36.63,0.0,72.91,0.0,0
46987,-2.387,67.62700000000001,0.0,0.0,-1.2710000000000001,8.6384,44.0,100.10000000000001,5.742,0,0.0,-0.125,310.005,0.0,37.44,0.0,73.926,0.0,0
46987,-2.728,67.62700000000001,0.0,0.0,-1.452,9.0853,43.9,99.9,5.742,0,0.0,-0.17,310.005,5.0147,38.37,0.0,74.922,0.0,0
46987,-2.728,67.62700000000001,0.0,0.0,-1.633,9.533000000000001,44.7,99.9,5.742,0,0.0,-0.115,310.005,0.39590000000000003,38.97,0.0,75.918,0.0,0
46987,-2.387,67.62700000000001,0.0,0.0,-1.633,9.5813,48.300000000000004,99.9,5.742,0,1.0,-0.13,310.005,0.46190000000000003,39.0,0.0,76.016,0.0,0
46987,-3.0700000000000003,67.62700000000001,0.0,0.0,-1.875,10.0715,48.300000000000004,99.9,5.742,0,0.0,-0.11,309.915,-3.0847,38.4,0.0,77.012,0.0,0
46987,-2.387,67.62700000000001,0.0,0.0,-1.815,10.571,47.7,100.10000000000001,5.742,0,0.0,-0.125,310.14000000000004,4.1321,38.19,0.0,78.027,0.0,0
46987,-2.899,67.62700000000001,0.0,0.0,-1.875,11.084100000000001,52.2,99.4,5.742,0,0.0,-0.095,310.005,2.6393,37.11,0.0,79.02300000000001,0.0,0
46987,-2.5580000000000003,67.62700000000001,0.0,0.0,-1.875,11.6203,52.7,100.10000000000001,5.742,0,0.0,-0.115,310.14000000000004,2.0042,36.75,0.0,80.02000000000001,0.0,0
46987,-3.0700000000000003,67.62700000000001,0.0,0.0,-1.694,12.1559,52.7,99.7,5.742,0,0.0,-0.15,310.005,-2.1527000000000003,36.27,0.0,81.016,0.0,0
46987,-2.728,67.62700000000001,0.0,0.0,-1.815,12.744100000000001,68.5,99.9,5.742,0,0.0,-0.14,310.005,-2.7713,35.52,0.0,82.031,0.0,0
46987,-2.728,67.62700000000001,0.0,0.0,-1.3920000000000001,13.327200000000001,56.800000000000004,99.7,5.742,0,1.0,-0.12,310.005,-0.39590000000000003,35.34,0.0,83.027,0.0,0
46987,-2.5580000000000003,67.62700000000001,0.0,0.0,-1.694,13.923200000000001,61.6,99.9,5.742,0,0.0,-0.12,310.005,0.19790000000000002,36.0,0.0,84.02300000000001,0.0,0
46987,-2.5580000000000003,67.62700000000001,0.0,0.0,-1.5130000000000001,14.5562,62.2,99.9,5.742,0,0.0,-0.11,309.915,-1.0392000000000001,37.29,0.0,85.02000000000001,0.0,0
46987,-2.728,67.62700000000001,0.0,0.0,-1.3920000000000001,15.188600000000001,62.2,99.9,5.742,0,0.0,-0.13,310.005,2.1114,37.410000000000004,0.0,86.016,0.0,0
46987,-2.387,67.62700000000001,0.0,0.0,-1.754,15.8665,66.60000000000001,99.7,5.742,0,0.0,-0.12,310.14000000000004,3.8022,38.01,0.0,87.031,0.0,0
46987,-2.387,67.62700000000001,0.0,0.0,-1.5130000000000001,16.5501,66.60000000000001,100.10000000000001,5.742,0,0.0,-0.13,310.005,3.8105,38.43,0.0,88.027,0.0,0
46987,-2.5580000000000003,67.62700000000001,0.0,0.0,-1.2710000000000001,17.2348,67.7,99.9,5.742,0,0.0,-0.13,310.005,-4.396100000000001,38.67,0.0,89.02300000000001,0.0,0
46987,-2.5580000000000003,67.62700000000001,0.0,0.0,-1.633,17.9721,72.5,99.7,5.742,0,0.0,-0.11,310.14000000000004,-1.5176,38.7,0.0,90.02000000000001,0.0,0
46987,-2.899,67.62700000000001,0.0,0.0,-1.694,18.7086,72.5,100.10000000000001,5.742,0,0.0,-0.12,310.005,2.5321000000000002,37.980000000000004,0.0,91.016,0.0,0
46987,-2.728,67.62700000000001,0.0,0.0,-1.694,18.7951,86.5,100.10000000000001,5.742,0,0.0,-0.11,310.005,3.1672000000000002,37.95,0.0,91.13300000000001,0.0,0
46987,-2.387,67.62700000000001,0.0,0.0,-1.331,19.5594,77.8,100.10000000000001,5.742,0,0.0,-0.085,309.915,-1.7815,37.26,0.0,92.129,0.0,0
46987,-2.387,67.62700000000001,0.0,0.0,-1.21,20.3504,77.8,99.7,5.742,0,0.0,-0.105,310.14000000000004,-0.7918000000000001,36.36,0.0,93.125,0.0,0
46987,-2.5580000000000003,67.62700000000001,0.0,0.0,-1.331,21.1415,77.9,100.10000000000001,5.742,0,1.0,-0.125,310.005,-0.2639,35.88,0.0,94.12100000000001,0.0,0
46987,-3.0700000000000003,67.62700000000001,0.0,0.0,-1.21,21.9817,82.5,99.7,5.742,0,0.0,-0.13,310.005,2.3754,35.1,0.0,95.117,0.0,0
46987,-2.899,67.62700000000001,0.0,0.0,-1.331,22.8457,83.4,100.10000000000001,5.742,0,0.0,-0.095,310.005,-1.4846000000000001,35.19,0.0,96.13300000000001,0.0,0
46987,-2.387,67.62700000000001,0.0,0.0,-1.5130000000000001,23.708000000000002,88.9,99.7,5.742,0,0.0,-0.125,310.005,-3.0352,35.7,0.0,97.129,0.0,0
46987,-2.387,67.62700000000001,0.0,0.0,-1.331,24.6123,89.0,99.7,5.742,0,1.0,-0.12,310.005,1.5836000000000001,36.78,0.0,98.125,0.0,0
46987,-2.387,67.62700000000001,0.0,0.0,-1.3920000000000001,25.5165,89.0,99.9,5.742,0,0.0,-0.095,310.005,0.0,38.04,0.0,99.12100000000001,0.0,0
46987,-2.387,67.62700000000001,0.0,0.0,-1.2710000000000001,26.477400000000003,113.10000000000001,99.9,5.742,0,1.0,-0.12,310.005,0.0,38.19,0.0,100.137,0.0,0
46987,-2.387,67.62700000000001,0.0,0.0,-1.2710000000000001,27.44,94.7,99.9,5.742,0,0.0,-0.115,309.915,1.4516,37.86,0.0,101.13300000000001,0.0,0
46987,-2.387,67.62700000000001,0.0,0.0,-1.3920000000000001,28.404300000000003,96.30000000000001,99.9,5.742,0,0.0,-0.125,310.005,1.0557,37.62,0.0,102.129,0.0,0
46987,-2.387,67.62700000000001,0.0,0.0,-1.2710000000000001,29.4264,100.60000000000001,99.7,5.742,0,0.0,-0.105,310.14000000000004,1.1877,38.07,0.0,103.125,0.0,0
46987,-2.5580000000000003,67.62700000000001,0.0,0.0,-1.21,30.448400000000003,100.60000000000001,99.7,5.742,0,0.0,-0.08,310.005,1.7815,37.5,0.0,104.12100000000001,0.0,0
46987,-2.387,67.62700000000001,0.0,0.0,-1.452,31.5161,127.2,99.4,5.742,0,0.0,-0.125,310.005,1.1877,36.6,0.0,105.137,0.0,0
46987,-2.217,67.62700000000001,0.0,0.0,-1.573,32.5982,106.4,99.9,5.742,0,0.0,-0.12,309.915,-5.641500000000001,36.24,0.0,106.13300000000001,0.0,0
46987,-2.728,67.62700000000001,0.0,0.0,-1.1500000000000001,33.6804,106.4,99.7,5.742,0,0.0,-0.135,309.915,-4.8827,35.07,0.0,107.129,0.0,0
46987,-2.217,67.62700000000001,0.0,0.0,-1.1500000000000001,34.8104,112.4,100.10000000000001,5.742,0,0.0,-0.145,309.915,0.066,34.800000000000004,0.0,108.125,0.0,0
46987,-2.387,67.62700000000001,0.0,0.0,-1.3920000000000001,35.9533,112.4,100.10000000000001,5.742,0,0.0,-0.11,310.14000000000004,4.6188,35.04,0.0,109.12100000000001,0.0,0
46987,-2.387,67.62700000000001,0.0,0.0,-1.1500000000000001,37.13,118.5,100.10000000000001,5.742,0,0.0,-0.135,310.005,3.8930000000000002,35.46,0.0,110.137,0.0,0
46987,-2.387,67.62700000000001,0.0,0.0,-0.968,38.3341,118.4,99.9,5.742,0,0.0,-0.115,310.005,0.2639,36.69,0.0,111.13300000000001,0.0,0
46987,-2.217,67.62700000000001,0.0,0.0,-1.089,39.5383,118.5,99.9,5.742,0,0.0,-0.16,310.005,-5.4435,36.81,0.0,112.129,0.0,0
46987,-3.0700000000000003,67.62700000000001,0.0,0.0,-1.089,39.656800000000004,118.5,99.9,5.742,0,0.0,-0.155,310.005,-4.792,36.87,0.0,112.227,0.0,0
46987,-2.217,67.62700000000001,0.0,0.0,-1.21,40.900400000000005,124.5,99.9,5.742,0,0.0,-0.095,310.005,-3.0352,36.33,0.0,113.223,0.0,0
46987,-2.5580000000000003,67.62700000000001,0.0,0.0,-1.5130000000000001,42.1901,123.30000000000001,100.10000000000001,5.742,0,0.0,-0.1,310.005,0.9238000000000001,35.910000000000004,0.0,114.238,0.0,0
46987,-2.387,67.62700000000001,0.0,0.0,-1.21,43.4576,125.30000000000001,99.9,5.742,0,0.0,-0.115,310.005,0.6598,36.6,0.0,115.23400000000001,0.0,0
46987,-2.387,67.62700000000001,0.0,0.0,-1.089,44.7845,129.20000000000002,99.7,5.742,0,0.0,-0.18,310.005,-1.3361,37.65,0.0,116.23,0.0,0
46987,-2.728,67.62700000000001,0.0,0.0,-1.331,46.112700000000004,130.5,99.9,5.742,0,0.0,-0.14,309.915,1.6661000000000001,37.95,0.0,117.227,0.0,0
46987,-2.387,67.62700000000001,0.0,0.0,-1.21,47.4908,163.0,99.9,5.742,0,0.0,-0.125,310.005,0.0495,37.68,0.0,118.242,0.0,0
46987,-2.217,67.62700000000001,0.0,0.0,-1.1500000000000001,48.8789,135.20000000000002,100.4,5.742,0,0.0,-0.13,310.14000000000004,3.6703,37.17,0.0,119.238,0.0,0
46987,-2.5580000000000003,67.62700000000001,0.0,0.0,-1.21,50.267,135.20000000000002,100.10000000000001,5.742,0,0.0,-0.15,310.14000000000004,6.2683,35.61,0.0,120.23400000000001,0.0,0
46987,-2.387,67.62700000000001,0.0,0.0,-0.908,51.7032,141.1,100.10000000000001,5.742,0,0.0,-0.095,310.14000000000004,-0.1567,34.65,0.0,121.23,0.0,0
46987,-2.5580000000000003,67.62700000000001,0.0,0.0,-0.846,53.153600000000004,142.5,99.9,5.742,0,0.0,-0.135,310.005,-3.5383,34.32,0.0,122.227,0.0,0
46987,-2.728,67.62700000000001,0.0,0.0,-0.908,54.6411,147.0,100.10000000000001,5.742,0,0.0,-0.1,310.005,-4.0002,35.31,0.0,123.242,0.0,0
46987,-2.217,67.62700000000001,0.0,0.0,-1.3920000000000001,56.1503,147.0,99.9,5.742,0,0.0,-0.08,310.14000000000004,0.0907,36.75,0.0,124.238,0.0,0
46987,-2.217,67.62700000000001,0.0,0.0,-1.089,57.659400000000005,146.9,99.7,5.742,0,0.0,-0.05,310.005,-1.9135000000000002,37.980000000000004,0.0,125.23400000000001,0.0,0
46987,-2.217,67.62700000000001,0.0,0.0,-1.21,59.2014,152.8,100.10000000000001,5.742,0,0.0,-0.075,310.005,-1.2537,38.25,0.0,126.23,0.0,0
46987,-2.217,67.62700000000001,0.0,0.0,-1.331,60.801500000000004,184.3,99.9,5.742,0,0.0,-0.1,309.915,-2.0042,37.77,0.0,127.24600000000001,0.0,0
46987,-2.217,67.62700000000001,0.0,0.0,-1.21,62.3701,152.8,99.9,5.742,0,0.0,-0.095,310.005,-0.8083,36.6,0.0,128.24200000000002,0.0,0
46987,-2.217,67.62700000000001,0.0,0.0,-1.21,63.9938,158.5,99.7,5.742,0,0.0,-0.13,310.14000000000004,2.0867,36.24,0.0,129.238,0.0,0
46987,-2.217,67.62700000000001,0.0,0.0,-1.21,65.6209,158.5,99.9,5.742,0,0.0,-0.125,309.915,0.7258,36.63,0.0,130.234,0.0,0
46987,-2.217,67.62700000000001,0.0,0.0,-0.786,67.2658,164.1,99.9,5.742,0,0.0,-0.16,310.005,-2.5733,36.54,0.0,131.23000000000002,0.0,0
46987,-2.387,67.62700000000001,0.0,0.0,-1.029,68.9842,197.9,99.7,5.742,0,0.0,-0.11,310.005,-2.0455,35.97,0.0,132.246,0.0,0
46987,-2.387,67.62700000000001,0.0,0.0,-1.2710000000000001,70.6687,164.1,100.10000000000001,5.742,0,0.0,-0.14,310.005,1.5671000000000002,35.07,0.0,133.24200000000002,0.0,0
46987,-2.217,67.62700000000001,0.0,0.0,-1.2710000000000001,70.8344,165.70000000000002,100.10000000000001,5.742,0,0.0,-0.165,310.005,1.5176,34.95,0.0,133.34,0.0,0
46987,-2.217,67.62700000000001,0.0,0.0,-1.2710000000000001,72.5637,171.3,99.7,5.742,0,0.0,-0.135,310.005,0.2639,34.71,0.0,134.336,0.0,0
46987,-2.387,67.62700000000001,0.0,0.0,-1.452,74.3043,171.3,99.9,5.742,0,0.0,-0.105,310.005,1.5836000000000001,35.37,0.0,135.332,0.0,0
46987,-2.217,67.62700000000001,0.0,0.0,-1.331,76.09,212.70000000000002,99.7,5.742,0,0.0,-0.155,310.005,3.2991,36.75,0.0,136.348,0.0,0
46987,-2.387,67.62700000000001,0.0,0.0,-1.029,77.8852,176.6,100.10000000000001,5.742,0,0.0,-0.07,309.915,-2.5733,37.83,0.0,137.344,0.0,0
46987,-2.387,67.62700000000001,0.0,0.0,-0.908,79.6804,176.6,99.7,5.742,0,0.0,-0.14,310.005,-3.0352,38.4,0.0,138.34,0.0,0
46987,-2.217,67.62700000000001,0.0,0.0,-1.21,81.5051,181.9,100.4,5.742,0,0.0,-0.155,310.005,0.5279,38.01,0.0,139.336,0.0,0
46987,-2.387,67.62700000000001,0.0,0.0,-1.089,83.3532,181.8,100.10000000000001,5.742,0,0.0,-0.125,310.005,4.0909,37.71,0.0,140.332,0.0,0
46987,-2.217,67.62700000000001,0.0,0.0,-0.846,85.2385,181.8,99.4,5.742,0,0.0,-0.125,309.915,4.5528,36.99,0.0,141.348,0.0,0
46987,-2.387,67.62700000000001,0.0,0.0,-1.21,87.1352,186.9,99.9,5.742,0,0.0,-0.155,310.005,-2.7713,36.93,0.0,142.344,0.0,0
46987,-2.217,67.62700000000001,0.0,0.0,-1.21,89.03450000000001,186.8,99.7,5.742,0,0.0,-0.07,309.915,-6.0044,36.72,0.0,143.34,0.0,0
46987,-2.5580000000000003,67.62700000000001,0.0,0.0,-1.2710000000000001,90.9495,191.70000000000002,99.4,5.742,0,0.0,-0.08,309.915,-1.0557,36.15,0.0,144.336,0.0,0
46987,-2.217,67.62700000000001,0.0,0.0,-1.1500000000000001,92.93740000000001,230.9,99.9,5.742,0,0.0,-0.125,310.005,3.4311000000000003,35.34,0.0,145.352,0.0,0
46987,-2.0460000000000003,67.62700000000001,0.0,0.0,-1.21,94.8861,191.8,99.7,5.742,0,1.0,-0.145,310.005,3.0352,35.07,0.0,146.348,0.0,0
46987,-2.387,67.62700000000001,0.0,0.0,-1.2710000000000001,96.8682,196.4,99.9,5.742,0,0.0,-0.125,310.005,-2.1774,35.37,0.0,147.344,0.0,0
46987,-2.217,67.62700000000001,0.0,0.0,-0.908,98.86420000000001,196.4,99.9,5.742,0,0.0,-0.11,309.915,-0.132,35.43,0.0,148.34,0.0,0
46987,-2.5580000000000003,67.62700000000001,0.0,0.0,-0.846,100.86370000000001,199.8,99.9,5.742,0,0.0,-0.12,309.915,-0.46190000000000003,37.050000000000004,0.0,149.336,0.0,0
46987,-2.217,67.62700000000001,0.0,0.0,-1.2710000000000001,102.946,200.9,99.9,5.742,0,0.0,-0.055,310.005,-1.9795,37.86,0.0,150.352,0.0,0
46987,-2.217,67.62700000000001,0.0,0.0,-0.665,104.9872,200.8,99.7,5.742,0,0.0,-0.1,310.14000000000004,3.0022,38.28,0.0,151.348,0.0,0
46987,-2.387,67.62700000000001,0.0,0.0,-1.029,107.0485,205.10000000000002,99.7,5.742,0,1.0,-0.105,310.005,5.0147,38.22,0.0,152.344,0.0,0
46987,-2.217,67.62700000000001,0.0,0.0,-1.029,109.1328,205.10000000000002,99.9,5.742,0,0.0,-0.165,309.915,-2.8372,37.230000000000004,0.0,153.34,0.0,0
46987,-2.217,67.62700000000001,0.0,0.0,-1.029,111.2568,202.9,99.4,5.742,0,0.0,-0.15,310.005,-6.5982,37.050000000000004,0.0,154.35500000000002,0.0,0
46987,-2.0460000000000003,67.62700000000001,0.0,0.0,-1.1500000000000001,113.378,209.0,99.9,5.742,0,0.0,-0.075,310.005,0.5279,36.36,0.0,155.352,0.0,0
46987,-2.217,67.62700000000001,0.0,0.0,-1.21,115.5031,209.10000000000002,99.9,5.742,0,0.0,-0.20500000000000002,309.915,1.0557,36.21,0.0,156.348,0.0,0
46987,-2.217,67.62700000000001,0.0,0.0,-1.089,117.6367,212.8,99.7,5.742,0,1.0,-0.155,310.14000000000004,2.0125,36.09,0.0,157.344,0.0,0
46987,-2.387,67.62700000000001,0.0,0.0,-1.2710000000000001,119.8002,212.9,99.9,5.742,0,0.0,-0.165,310.005,3.9589000000000003,36.300000000000004,0.0,158.34,0.0,0
46987,-2.217,67.62700000000001,0.0,0.0,-1.21,122.0049,210.70000000000002,100.10000000000001,5.742,0,0.0,-0.05,310.005,0.19790000000000002,36.03,0.0,159.35500000000002,0.0,0
46987,-2.217,67.62700000000001,0.0,0.0,-0.968,124.19260000000001,216.4,99.9,5.742,0,0.0,-0.045,310.14000000000004,-1.9795,35.88,0.0,160.352,0.0,0
46987,-2.217,67.62700000000001,0.0,0.0,-0.846,126.39200000000001,216.4,100.10000000000001,5.742,0,0.0,-0.145,310.14000000000004,2.2764,36.72,0.0,161.348,0.0,0
46987,-2.217,67.62700000000001,0.0,0.0,-1.21,128.5914,216.4,99.9,5.742,0,0.0,-0.09,309.915,-1.8475000000000001,37.77,0.0,162.344,0.0,0
46987,-2.217,67.62700000000001,0.0,0.0,-1.331,130.8664,262.40000000000003,100.4,5.742,0,0.0,-0.06,310.005,-3.8600000000000003,38.13,0.0,163.359,0.0,0
46987,-2.217,67.62700000000001,0.0,0.0,-1.089,133.0993,217.5,99.9,5.742,0,0.0,-0.16,310.005,-1.7155,38.4,0.0,164.35500000000002,0.0,0
46987,-2.0460000000000003,67.62700000000001,0.0,0.0,-1.029,135.346,222.70000000000002,99.7,5.742,0,0.0,-0.115,309.915,-1.0557,37.68,0.0,165.352,0.0,0
46987,-2.387,67.62700000000001,0.0,0.0,-1.089,137.61,222.8,100.10000000000001,5.742,0,0.0,-0.12,310.005,-0.7918000000000001,37.410000000000004,0.0,166.348,0.0,0
46987,-2.217,67.62700000000001,0.0,0.0,-1.089,137.8305,220.5,99.4,5.742,0,0.0,-0.125,310.005,-0.39590000000000003,37.410000000000004,0.0,166.44500000000002,0.0,0
46987,-2.217,67.62700000000001,0.0,0.0,-1.029,140.1399,266.0,100.4,5.742,0,0.0,-0.115,310.005,2.1114,37.29,0.0,167.461,0.0,0
46987,-2.217,67.62700000000001,0.0,0.0,-1.089,142.4283,225.5,99.9,5.742,0,0.0,-0.15,310.14000000000004,2.1362,36.480000000000004,0.0,168.45700000000002,0.0,0
46987,-2.217,67.62700000000001,0.0,0.0,-1.2710000000000001,144.7208,225.5,99.7,5.742,0,0.0,-0.13,310.005,1.9795,36.51,0.0,169.453,0.0,0
46987,-2.387,67.62700000000001,0.0,0.0,-1.21,147.0192,225.8,100.10000000000001,5.742,0,0.0,-0.14,309.915,0.2144,36.69,0.0,170.449,0.0,0
46987,-2.217,67.62700000000001,0.0,0.0,-1.089,149.3377,225.8,99.4,5.742,0,0.0,-0.12,310.005,-2.3919,36.18,0.0,171.44500000000002,0.0,0
46987,-2.217,67.62700000000001,0.0,0.0,-1.029,151.70270000000002,228.10000000000002,100.10000000000001,5.742,0,0.0,-0.135,310.14000000000004,-3.1259,36.27,0.0,172.461,0.0,0
46987,-2.217,67.62700000000001,0.0,0.0,-0.908,154.03570000000002,230.5,99.9,5.742,0,1.0,-0.12,309.825,-0.8,36.45,0.0,173.45700000000002,0.0,0
46987,-2.0460000000000003,67.62700000000001,0.0,0.0,-1.21,156.3775,230.4,99.7,5.742,0,0.0,-0.13,310.14000000000004,1.2289,37.08,0.0,174.453,0.0,0
46987,-2.217,67.62700000000001,0.0,0.0,-1.3920000000000001,158.7194,228.10000000000002,99.7,5.742,0,1.0,-0.12,310.14000000000004,4.9734,37.68,0.0,175.449,0.0,0
46987,-2.217,67.62700000000001,0.0,0.0,-1.5130000000000001,161.1293,277.5,99.9,5.742,0,0.0,-0.12,310.14000000000004,6.8044,38.43,0.0,176.465,0.0,0
46987,-2.0460000000000003,67.62700000000001,0.0,0.0,-1.029,163.49210000000002,232.5,99.9,5.742,0,0.0,-0.13,310.14000000000004,0.9650000000000001,38.34,0.0,177.461,0.0,0
46987,-2.217,67.62700000000001,0.0,0.0,-0.908,165.86180000000002,234.3,99.9,5.742,0,0.0,-0.145,310.005,-0.37120000000000003,38.37,0.0,178.45700000000002,0.0,0
46987,-2.217,67.62700000000001,0.0,0.0,-1.029,168.24280000000002,234.3,99.9,5.742,0,1.0,-0.13,310.005,-6.9694,38.37,0.0,179.453,0.0,0
46987,-2.0460000000000003,67.62700000000001,0.0,0.0,-1.1500000000000001,170.62380000000002,231.8,100.10000000000001,5.742,0,1.0,-0.14,309.915,-7.0849,37.38,0.0,180.449,0.0,0
46987,-2.217,67.62700000000001,0.0,0.0,-1.3920000000000001,173.0649,235.9,99.7,5.742,0,1.0,-0.13,309.915,-2.2022,36.6,0.0,181.465,0.0,0
46987,-2.217,67.62700000000001,0.0,0.0,-1.21,175.4618,235.9,99.9,5.742,0,0.0,-0.135,310.005,4.6848,35.61,0.0,182.461,0.0,0
46987,-2.387,67.62700000000001,0.0,0.0,-1.029,177.8605,237.20000000000002,99.7,5.742,0,0.0,-0.12,310.005,5.658,35.43,0.0,183.45700000000002,0.0,0
46987,-2.217,67.62700000000001,0.0,0.0,-1.21,180.2706,237.10000000000002,99.9,5.742,0,1.0,-0.145,309.915,-0.2639,35.730000000000004,0.0,184.453,0.0,0
46987,-2.0460000000000003,67.62700000000001,0.0,0.0,-1.331,182.72910000000002,283.1,99.7,5.742,0,0.0,-0.15,310.005,-3.4723,35.49,0.0,185.46900000000002,0.0,0
46987,-2.217,67.62700000000001,0.0,0.0,-1.1500000000000001,185.145,238.3,100.10000000000001,5.742,0,1.0,-0.1,310.005,-0.7918000000000001,36.03,0.0,186.465,0.0,0
46987,-2.387,67.62700000000001,0.0,0.0,-1.089,187.5659,238.20000000000002,99.9,5.742,0,0.0,-0.13,310.005,1.8475000000000001,36.81,0.0,187.461,0.0,0
46987,-2.217,67.62700000000001,0.0,0.0,-1.029,189.98690000000002,238.20000000000002,99.9,5.742,0,1.0,-0.13,310.005,1.4516,37.95,0.0,188.45700000000002,0.0,0
46987,-2.217,67.62700000000001,0.0,0.0,-1.3920000000000001,192.4153,239.10000000000002,99.9,5.742,0,0.0,-0.15,310.005,0.0,38.730000000000004,0.0,189.453,0.0,0
46987,-2.217,67.62700000000001,0.0,0.0,-1.452,194.8933,239.0,100.10000000000001,5.742,0,1.0,-0.135,309.915,2.0620000000000003,38.49,0.0,190.46900000000002,0.0,0
46987,-2.217,67.62700000000001,0.0,0.0,-1.452,195.12990000000002,236.60000000000002,99.9,5.742,0,1.0,-0.14,309.915,1.3856000000000002,38.61,0.0,190.566,0.0,0
46987,-2.217,67.62700000000001,0.0,0.0,-1.089,197.56380000000001,239.60000000000002,99.4,5.742,0,0.0,-0.125,310.005,-0.39590000000000003,37.68,0.0,191.56300000000002,0.0,0
46987,-1.8760000000000001,67.62700000000001,0.0,0.0,-1.2710000000000001,199.99900000000002,239.60000000000002,99.9,5.742,0,0.0,-0.115,310.005,1.3196,36.63,0.0,192.559,0.0,0
46987,-2.5580000000000003,67.62700000000001,0.0,0.0,-1.029,202.4341,239.60000000000002,99.4,5.742,0,0.0,-0.08,309.915,0.39590000000000003,35.52,0.0,193.555,0.0,0
46987,-2.217,67.62700000000001,0.0,0.0,-1.089,204.91840000000002,237.5,100.10000000000001,5.742,0,1.0,-0.155,310.005,-2.1114,35.31,0.0,194.57000000000002,0.0,0
46987,-2.217,67.62700000000001,0.0,0.0,-1.3920000000000001,207.3571,237.5,99.9,5.742,0,0.0,-0.165,310.005,0.7918000000000001,35.160000000000004,0.0,195.566,0.0,0
46987,-2.387,67.62700000000001,0.0,0.0,-1.573,209.7983,240.10000000000002,100.10000000000001,5.742,0,1.0,-0.135,310.14000000000004,4.0579,35.64,0.0,196.56300000000002,0.0,0
46987,-1.8760000000000001,67.62700000000001,0.0,0.0,-1.452,212.2381,240.10000000000002,99.4,5.742,0,0.0,-0.13,310.14000000000004,3.563,36.21,0.0,197.559,0.0,0
46987,-2.0460000000000003,67.62700000000001,0.0,0.0,-1.3920000000000001,214.7244,286.6,99.9,5.742,0,0.0,-0.12,309.915,-1.7815,37.5,0.0,198.574,0.0,0
46987,-1.705,67.62700000000001,0.0,0.0,-1.3920000000000001,217.1636,237.5,99.7,5.742,0,1.0,-0.145,310.005,-6.4663,37.62,0.0,199.57000000000002,0.0,0
46987,-1.8760000000000001,67.62700000000001,0.0,0.0,-0.908,219.6022,237.5,99.7,5.742,0,0.0,-0.13,310.005,-4.3878,37.980000000000004,0.0,200.566,0.0,0
46987,-1.8760000000000001,67.62700000000001,0.0,0.0,-1.089,222.0432,239.9,99.7,5.742,0,0.0,-0.15,309.915,1.5836000000000001,37.230000000000004,0.0,201.56300000000002,0.0,0
46987,-2.217,67.62700000000001,0.0,0.0,-1.21,224.4787,239.60000000000002,100.10000000000001,5.742,0,1.0,-0.155,310.005,1.0557,36.93,0.0,202.559,0.0,0
46987,-2.0460000000000003,67.62700000000001,0.0,0.0,-1.21,226.96040000000002,237.20000000000002,100.10000000000001,5.742,0,0.0,-0.13,310.005,2.7713,36.84,0.0,203.574,0.0,0
46987,-2.217,67.62700000000001,0.0,0.0,-1.21,229.3939,236.60000000000002,99.9,5.742,0,0.0,-0.16,310.14000000000004,4.0579,37.230000000000004,0.0,204.57000000000002,0.0,0
46987,-2.217,67.62700000000001,0.0,0.0,-1.452,231.82350000000002,236.60000000000002,99.9,5.742,0,0.0,-0.14,310.005,0.7918000000000001,37.44,0.0,205.566,0.0,0
46987,-2.387,67.62700000000001,0.0,0.0,-1.3920000000000001,234.2555,239.10000000000002,99.4,5.742,0,1.0,-0.12,309.915,-5.2126,37.29,0.0,206.56300000000002,0.0,0
46987,-2.217,67.62700000000001,0.0,0.0,-1.452,236.7261,284.5,100.10000000000001,5.742,0,0.0,-0.135,310.14000000000004,-0.5279,36.0,0.0,207.578,0.0,0
46987,-2.217,67.62700000000001,0.0,0.0,-1.3920000000000001,239.14790000000002,235.8,99.9,5.742,0,1.0,-0.15,310.14000000000004,2.8043,34.65,0.0,208.574,0.0,0
46987,-2.217,67.62700000000001,0.0,0.0,-1.2710000000000001,239.3862,238.3,99.7,5.742,0,0.0,-0.155,310.14000000000004,3.4723,34.65,0.0,208.672,0.0,0
46987,-1.8760000000000001,67.62700000000001,0.0,0.0,-1.21,241.8065,237.3,99.7,5.742,0,0.0,-0.165,310.005,-2.9857,34.83,0.0,209.668,0.0,0
46987,-1.8760000000000001,67.62700000000001,0.0,0.0,-1.452,244.2185,237.4,99.7,5.742,0,0.0,-0.13,310.14000000000004,-0.2639,36.24,0.0,210.66400000000002,0.0,0
46987,-2.217,67.62700000000001,0.0,0.0,-1.331,246.67880000000002,283.3,99.9,5.742,0,0.0,-0.13,310.005,-0.37120000000000003,37.47,0.0,211.68,0.0,0
46987,-2.217,67.62700000000001,0.0,0.0,-1.21,249.08440000000002,236.20000000000002,99.9,5.742,0,0.0,-0.14,310.14000000000004,1.4104,37.800000000000004,0.0,212.67600000000002,0.0,0
46987,-2.217,67.62700000000001,0.0,0.0,-1.21,251.48440000000002,236.10000000000002,99.7,5.742,0,0.0,-0.1,310.005,0.0907,37.68,0.0,213.672,0.0,0
46987,-2.217,67.62700000000001,0.0,0.0,-1.2710000000000001,253.8845,236.20000000000002,99.9,5.742,0,0.0,-0.11,310.005,0.9238000000000001,37.74,0.0,214.668,0.0,0
46987,-2.0460000000000003,67.62700000000001,0.0,0.0,-1.331,256.2721,234.8,99.4,5.742,0,0.0,-0.165,310.005,-0.3052,37.38,0.0,215.66400000000002,0.0,0
46987,-2.217,67.62700000000001,0.0,0.0,-1.3920000000000001,258.7063,234.8,100.10000000000001,5.742,0,0.0,-0.14,310.14000000000004,1.1877,37.14,0.0,216.68,0.0,0
46987,-2.217,67.62700000000001,0.0,0.0,-1.5130000000000001,261.0879,233.20000000000002,99.7,5.742,0,0.0,-0.15,310.005,0.5938,37.47,0.0,217.67600000000002,0.0,0
46987,-2.217,67.62700000000001,0.0,0.0,-1.452,263.4586,233.3,99.9,5.742,0,0.0,-0.14,310.005,-2.6393,36.9,0.0,218.672,0.0,0
46987,-1.8760000000000001,67.62700000000001,0.0,0.0,-1.331,265.8292,233.3,99.9,5.742,0,0.0,-0.14,310.14000000000004,-3.6950000000000003,36.21,0.0,219.668,0.0,0
46987,-2.217,67.62700000000001,0.0,0.0,-1.452,268.2355,278.8,99.9,5.742,0,0.0,-0.11,310.005,1.1217000000000001,35.160000000000004,0.0,220.684,0.0,0
46987,-1.8760000000000001,67.62700000000001,0.0,0.0,-1.21,270.5888,231.60000000000002,99.9,5.742,0,0.0,-0.135,309.915,1.3361,34.02,0.0,221.68,0.0,0
46987,-2.0460000000000003,67.62700000000001,0.0,0.0,-0.968,272.94100000000003,230.5,100.10000000000001,5.742,0,0.0,-0.135,309.915,-3.1507,35.01,0.0,222.67600000000002,0.0,0
46987,-2.217,67.62700000000001,0.0,0.0,-0.968,275.2753,229.70000000000002,99.9,5.742,0,0.0,-0.15,310.005,-1.5836000000000001,35.76,0.0,223.672,0.0,0
46987,-2.217,67.62700000000001,0.0,0.0,-1.029,277.6096,229.70000000000002,100.7,5.742,0,0.0,-0.15,310.14000000000004,3.1672000000000002,36.99,0.0,224.668,0.0,0
46987,-1.8760000000000001,67.62700000000001,0.0,0.0,-1.331,279.9816,227.70000000000002,99.9,5.742,0,0.0,-0.14,310.14000000000004,1.9382000000000001,37.68,0.0,225.684,0.0,0
46987,-1.705,67.62700000000001,0.0,0.0,-1.2710000000000001,282.2953,227.60000000000002,99.9,5.742,0,0.0,-0.105,310.005,0.9073,37.53,0.0,226.68,0.0,0
46987,-1.8760000000000001,67.62700000000001,0.0,0.0,-1.1500000000000001,284.60900000000004,227.60000000000002,99.9,5.742,0,1.0,-0.13,310.005,-0.9650000000000001,36.99,0.0,227.67600000000002,0.0,0
46987,-2.217,67.62700000000001,0.0,0.0,-0.908,286.9049,225.5,99.9,5.742,0,0.0,-0.17,310.14000000000004,-0.6186,36.21,0.0,228.672,0.0,0
46987,-2.217,67.62700000000001,0.0,0.0,-1.21,289.2427,271.5,99.7,5.742,0,0.0,-0.14,310.005,-2.9032,36.03,0.0,229.68800000000002,0.0,0
46987,-2.217,67.62700000000001,0.0,0.0,-1.21,291.5298,223.20000000000002,99.9,5.742,0,0.0,-0.15,310.005,-1.3856000000000002,35.79,0.0,230.684,0.0,0
46987,-2.217,67.62700000000001,0.0,0.0,-1.331,293.7985,223.20000000000002,99.7,5.742,0,0.0,-0.145,310.005,-1.2289,36.27,0.0,231.68,0.0,0
46987,-2.217,67.62700000000001,0.0,0.0,-1.1500000000000001,296.0672,223.3,99.9,5.742,0,0.0,-0.14,310.005,-0.9402,35.910000000000004,0.0,232.67600000000002,0.0,0
46987,-2.0460000000000003,67.62700000000001,0.0,0.0,-1.029,298.322,220.9,99.4,5.742,0,0.0,-0.18,310.005,-0.132,35.28,0.0,233.672,0.0,0
46987,-2.387,67.62700000000001,0.0,0.0,-1.331,300.61150000000004,220.9,100.10000000000001,5.742,0,0.0,-0.085,310.005,1.1877,34.29,0.0,234.68800000000002,0.0,0
46987,-2.217,67.62700000000001,0.0,0.0,-1.3920000000000001,302.8559,220.8,99.9,5.742,0,0.0,-0.16,310.005,2.5733,33.72,0.0,235.684,0.0,0
46987,-2.217,67.62700000000001,0.0,0.0,-1.3920000000000001,303.07300000000004,217.10000000000002,99.10000000000001,5.742,0,0.0,-0.135,310.005,2.3754,33.72,0.0,235.781,0.0,0
46987,-2.217,67.62700000000001,0.0,0.0,-1.089,305.2924,216.20000000000002,100.10000000000001,5.742,0,0.0,-0.12,310.005,2.3754,34.62,0.0,236.77700000000002,0.0,0
46987,-2.0460000000000003,67.62700000000001,0.0,0.0,-1.3920000000000001,307.5117,216.20000000000002,99.7,5.742,0,0.0,-0.135,310.005,0.7918000000000001,36.45,0.0,237.77300000000002,0.0,0
46987,-2.0460000000000003,67.62700000000001,0.0,0.0,-1.089,309.764,215.8,99.7,5.742,0,1.0,-0.17,309.915,-3.4311000000000003,37.62,0.0,238.78900000000002,0.0,0
46987,-1.705,67.62700000000001,0.0,0.0,-1.2710000000000001,311.9576,213.70000000000002,100.10000000000001,5.742,0,0.0,-0.13,310.005,-2.1114,38.160000000000004,0.0,239.78500000000003,0.0,0
46987,-2.217,67.62700000000001,0.0,0.0,-1.5130000000000001,314.15110000000004,213.60000000000002,99.9,5.742,0,0.0,-0.12,310.005,0.7918000000000001,37.53,0.0,240.781,0.0,0
46987,-2.387,67.62700000000001,0.0,0.0,-1.2710000000000001,316.32320000000004,211.10000000000002,100.10000000000001,5.742,0,0.0,-0.14,310.14000000000004,4.8497,36.87,0.0,241.77700000000002,0.0,0
46987,-2.0460000000000003,67.62700000000001,0.0,0.0,-1.331,318.5341,254.60000000000002,99.4,5.742,0,0.0,-0.1,310.005,0.2639,35.910000000000004,0.0,242.793,0.0,0
46987,-1.8760000000000001,67.62700000000001,0.0,0.0,-1.3920000000000001,320.696,210.70000000000002,99.9,5.742,0,0.0,-0.185,310.005,-3.4311000000000003,35.34,0.0,243.78900000000002,0.0,0
46987,-2.0460000000000003,67.62700000000001,0.0,0.0,-1.5130000000000001,322.837,208.5,99.9,5.742,0,1.0,-0.155,310.14000000000004,1.5836000000000001,34.32,0.0,244.78500000000003,0.0,0
46987,-2.217,67.62700000000001,0.0,0.0,-1.2710000000000001,324.97810000000004,208.5,99.7,5.742,0,0.0,-0.15,310.005,2.3754,34.05,0.0,245.781,0.0,0
46987,-2.217,67.62700000000001,0.0,0.0,-1.21,327.10400000000004,205.9,100.10000000000001,5.742,0,0.0,-0.12,310.14000000000004,1.5836000000000001,34.17,0.0,246.77700000000002,0.0,0
46987,-2.217,67.62700000000001,0.0,0.0,-1.5130000000000001,329.26140000000004,208.10000000000002,99.9,5.742,0,1.0,-0.145,310.14000000000004,2.3754,34.65,0.0,247.793,0.0,0
46987,-2.0460000000000003,67.62700000000001,0.0,0.0,-1.694,331.3763,208.10000000000002,99.9,5.742,0,0.0,-0.16,310.005,1.5836000000000001,35.64,0.0,248.78900000000002,0.0,0
46987,-1.705,67.62700000000001,0.0,0.0,-1.815,333.4665,203.5,99.4,5.742,0,0.0,-0.115,310.005,-3.0682,37.14,0.0,249.78500000000003,0.0,0
46987,-2.217,67.62700000000001,0.0,0.0,-1.694,335.55580000000003,203.5,97.9,5.742,0,0.0,-0.09,310.005,-5.1466,37.65,0.0,250.781,0.0,0
46987,-2.0460000000000003,67.62700000000001,0.0,0.0,-1.3920000000000001,337.55600000000004,201.10000000000002,93.30000000000001,5.742,0,0.0,-0.105,310.005,1.5836000000000001,37.53,0.0,251.738,0.0,0
46987,-2.217,67.62700000000001,0.0,0.0,-1.089,339.45910000000003,201.10000000000002,90.0,5.742,0,0.0,-0.125,310.005,0.0,37.02,0.0,252.656,0.0,0
46987,-2.217,67.62700000000001,0.0,0.0,-0.665,341.24190000000004,161.70000000000002,82.3,5.742,0,0.0,-0.15,310.005,-5.0147,36.99,0.0,253.51600000000002,0.0,0
46987,-2.217,67.62700000000001,0.0,0.0,-0.363,342.85560000000004,121.0,75.3,5.742,0,0.0,-0.15,309.915,-1.5836000000000001,37.62,0.0,254.29700000000003,0.0,0
46987,-2.217,67.62700000000001,0.0,0.0,-0.484,344.3378,162.0,66.9,5.742,0,0.0,-0.145,309.915,0.066,37.44,0.0,255.02,0.0,0
46987,-2.217,67.62700000000001,0.0,0.0,-0.968,345.619,120.9,58.5,5.742,0,0.0,-0.11,310.005,-1.3196,36.15,0.0,255.645,0.0,0
46987,-2.0460000000000003,67.62700000000001,0.0,0.0,-0.726,346.7384,118.9,50.1,5.742,0,0.0,-0.1,310.005,-0.066,35.01,0.0,256.19100000000003,0.0,0
46987,-2.217,67.62700000000001,0.0,0.0,-0.665,347.6609,80.0,42.2,5.742,0,0.0,-0.15,309.915,3.0352,34.05,0.0,256.641,0.0,0
46987,-2.0460000000000003,67.62700000000001,0.0,0.0,-0.786,348.4146,40.6,33.5,5.742,0,0.0,-0.15,310.005,-2.6393,34.410000000000004,0.0,257.012,0.0,0
46987,-2.217,67.62700000000001,0.0,0.0,-0.846,349.0092,40.6,25.700000000000003,5.742,0,0.0,-0.13,310.005,0.2639,34.74,0.0,257.305,0.0,0
46987,-2.0460000000000003,67.62700000000001,0.0,0.0,-1.029,349.44550000000004,40.6,18.0,5.742,0,0.0,-0.17,310.005,3.1012,36.42,0.0,257.52000000000004,0.0,0
46987,-2.0460000000000003,67.62700000000001,0.0,0.0,-0.605,349.76210000000003,40.6,12.200000000000001,5.742,0,0.0,-0.115,309.915,-1.8475000000000001,36.78,0.0,257.676,0.0,0
46987,-2.217,67.62700000000001,0.0,0.0,-0.605,349.76210000000003,0.0,11.4,5.742,0,0.0,-0.14,309.915,-2.6228000000000002,36.78,0.0,257.676,0.0,0
46987,-2.217,67.62700000000001,0.0,0.0,-0.846,349.9589,38.6,6.800000000000001,5.742,0,0.0,-0.15,310.14000000000004,0.6351,37.17,0.0,257.773,0.0,0
46987,-1.8760000000000001,67.62700000000001,0.0,0.0,-1.331,350.0401,0.0,3.5,5.742,0,2.0,-0.15,310.005,1.5176,37.56,0.0,257.813,0.0,0
46987,-2.0460000000000003,67.62700000000001,0.0,0.0,-1.331,350.11920000000003,0.0,1.7000000000000002,5.742,0,0.0,-0.13,309.915,2.7053000000000003,37.65,0.0,257.85200000000003,0.0,0
46987,-2.217,67.62700000000001,0.0,0.0,-1.331,350.11920000000003,0.0,-0.7000000000000001,5.742,0,0.0,-0.07,310.14000000000004,0.7918000000000001,36.63,0.0,257.85200000000003,0.0,0
46987,-2.0460000000000003,67.62700000000001,0.0,0.0,-1.331,350.0786,0.0,-0.2,5.742,0,0.0,-0.14,310.005,0.0907,36.57,0.0,257.832,0.0,0
46987,-2.0460000000000003,67.62700000000001,0.0,0.0,-1.331,350.0786,0.0,0.0,5.742,0,0.0,-0.135,310.005,-1.732,36.51,0.0,257.832,0.0,0
46987,-2.0460000000000003,67.62700000000001,0.0,0.0,-1.331,350.0786,0.0,-0.2,5.742,0,1.0,-0.14,310.14000000000004,-1.0557,36.06,0.0,257.832,0.0,0
46987,-2.0460000000000003,67.62700000000001,0.0,0.0,-1.331,350.0786,0.0,0.0,5.742,0,2.0,-0.14,309.915,1.9300000000000002,35.34,0.0,257.832,0.0,0
46987,-2.0460000000000003,67.62700000000001,0.0,0.0,-1.331,350.0786,0.0,0.0,5.742,0,0.0,0.03,310.005,-1.9135000000000002,34.44,0.0,257.832,0.0,0
46987,-2.0460000000000003,67.62700000000001,0.0,0.0,-1.331,350.0786,0.0,0.2,5.742,0,1.0,0.72,310.005,0.8165,35.01,0.0,257.832,0.0,0
46987,-2.217,67.62700000000001,0.0,0.0,-1.331,350.0786,0.0,0.0,5.757000000000001,0,0.0,0.8300000000000001,310.005,4.486800000000001,35.7,0.0,257.832,0.0,0
46987,-2.0460000000000003,67.62700000000001,0.0,0.0,-1.331,350.0786,0.0,0.0,5.776000000000001,0,1.0,0.73,310.005,-1.1217000000000001,36.660000000000004,0.0,257.832,0.0,0
46987,-2.217,67.62700000000001,0.0,0.0,-1.331,350.0786,0.0,0.0,5.781000000000001,0,1.0,0.72,310.005,-1.5836000000000001,36.660000000000004,0.0,257.832,0.0,0
46987,-2.217,67.62700000000001,0.0,0.0,-1.331,350.0786,0.0,0.0,5.801,0,0.0,1.01,310.005,-3.9589000000000003,37.11,0.0,257.832,0.0,0
46987,-2.0460000000000003,67.62700000000001,0.0,0.0,-1.331,350.0786,0.0,0.0,5.82,0,0.0,1.225,309.915,1.6496000000000002,37.32,0.0,257.832,0.0,0
46987,-2.0460000000000003,67.62700000000001,0.0,0.0,-1.331,350.0786,0.0,0.0,5.84,0,1.0,1.41,310.005,0.5279,36.99,0.0,257.832,0.0,0
46987,-1.8760000000000001,67.62700000000001,0.0,0.0,-1.331,350.0786,0.0,0.0,5.859,0,1.0,1.53,310.14000000000004,-3.0022,36.72,0.0,257.832,0.0,0
46987,-1.8760000000000001,67.62700000000001,0.0,0.0,-1.331,350.0786,0.0,0.0,5.8790000000000004,0,1.0,1.665,310.14000000000004,6.0704,36.51,0.0,257.832,0.0,0
46987,-2.0460000000000003,67.62700000000001,0.0,0.0,-1.331,350.0786,0.0,0.0,5.898000000000001,0,0.0,1.8,310.14000000000004,2.0125,36.45,0.0,257.832,0.0,0
46987,-2.217,67.62700000000001,0.0,0.0,-1.331,350.0786,0.0,0.0,5.918,0,1.0,1.83,310.005,-2.5073000000000003,36.96,0.0,257.832,0.0,0
46987,-2.0460000000000003,67.62700000000001,0.0,0.0,-1.331,350.0786,0.0,0.0,5.938000000000001,0,1.0,1.78,310.005,1.6826,36.33,0.0,257.832,0.0,0
46987,-1.8760000000000001,67.62700000000001,0.0,0.0,-1.331,350.0786,0.0,0.0,5.957,0,0.0,1.87,309.915,-4.2229,35.910000000000004,0.0,257.832,0.0,0
46987,-1.8760000000000001,67.62700000000001,0.0,0.0,-1.331,350.0786,0.0,0.0,5.977,0,0.0,1.78,310.005,-2.1114,35.43,0.0,257.832,0.0,0
46987,-2.217,67.62700000000001,0.0,0.0,-1.331,350.0786,0.0,0.0,5.996,0,1.0,1.6400000000000001,310.14000000000004,0.9238000000000001,35.25,0.0,257.832,0.0,0
46987,-1.8760000000000001,67.62700000000001,0.0,0.0,-1.331,350.0786,0.0,0.0,6.016,0,0.0,1.53,310.005,1.7815,36.39,0.0,257.832,0.0,0
46987,-2.0460000000000003,67.62700000000001,0.0,0.0,-1.331,350.0786,0.0,0.0,6.04,0,0.0,1.475,309.915,-0.39590000000000003,37.410000000000004,0.0,257.832,0.0,0
46987,-2.217,67.62700000000001,0.0,0.0,-1.331,350.0786,0.0,0.0,6.0600000000000005,0,1.0,1.375,310.14000000000004,-3.1672000000000002,38.25,0.0,257.832,0.0,0
46987,-1.8760000000000001,67.62700000000001,0.0,0.0,-1.331,350.0786,0.0,0.0,6.079000000000001,0,0.0,1.19,309.915,0.132,38.82,0.0,257.832,0.0,0
46987,-2.0460000000000003,67.62700000000001,0.0,0.0,-1.331,350.0786,0.0,0.0,6.0840000000000005,0,0.0,1.165,310.14000000000004,1.2289,38.76,0.0,257.832,0.0,0
46987,-1.364,67.62700000000001,0.0,0.0,-1.331,350.0786,0.0,0.0,6.104,0,0.0,1.115,310.14000000000004,5.5673,37.95,0.0,257.832,0.0,0
46987,-1.8760000000000001,67.62700000000001,0.0,0.0,-1.331,350.0786,0.0,0.0,6.123,0,0.0,1.155,310.005,-0.8330000000000001,36.51,0.0,257.832,0.0,0
46987,-1.8760000000000001,67.62700000000001,0.0,0.0,-1.331,350.0786,0.0,0.0,6.143000000000001,0,1.0,1.185,310.005,-0.8743000000000001,36.480000000000004,0.0,257.832,0.0,0
46987,-1.8760000000000001,67.62700000000001,0.0,0.0,-1.331,350.0786,0.0,0.0,6.162,0,1.0,1.225,310.005,-1.9547,36.63,0.0,257.832,0.0,0
46987,-2.0460000000000003,67.62700000000001,0.0,0.0,-1.331,350.0786,0.0,0.0,6.182,0,1.0,1.4000000000000001,310.005,-3.2331000000000003,37.11,0.0,257.832,0.0,0
46987,-2.0460000000000003,67.62700000000001,0.0,0.0,-1.331,350.0786,0.0,0.0,6.2010000000000005,0,0.0,1.435,310.005,-0.132,36.480000000000004,0.0,257.832,0.0,0
46987,-1.8760000000000001,67.62700000000001,0.0,0.0,-1.331,350.0786,0.0,0.0,6.221,0,0.0,1.56,309.915,-0.2474,35.49,0.0,257.832,0.0,0
46987,-1.705,67.62700000000001,0.0,0.0,-1.331,350.0786,0.0,0.0,6.24,0,1.0,1.675,309.915,-1.1712,35.67,0.0,257.832,0.0,0
46987,-1.8760000000000001,67.62700000000001,0.0,0.0,-1.331,350.0786,0.0,0.0,6.260000000000001,0,1.0,1.8,310.005,1.9135000000000002,36.06,0.0,257.832,0.0,0
46987,-2.217,67.62700000000001,0.0,0.0,-1.331,350.0786,0.0,0.0,6.279,0,0.0,1.825,310.14000000000004,1.0805,37.050000000000004,0.0,257.832,0.0,0
46987,-2.0460000000000003,67.62700000000001,0.0,0.0,-1.331,350.0786,0.0,0.0,6.299,0,0.0,1.935,309.915,-0.5114000000000001,38.52,0.0,257.832,0.0,0
46987,-2.0460000000000003,67.62700000000001,0.0,0.0,-1.331,350.0786,0.0,0.0,6.3180000000000005,0,1.0,2.04,310.005,-0.3299,38.49,0.0,257.832,0.0,0
46987,-2.217,67.62700000000001,0.0,0.0,-1.331,350.0786,0.0,0.0,6.338,0,1.0,1.97,310.005,-1.4021000000000001,38.7,0.0,257.832,0.0,0
46987,-2.217,67.62700000000001,0.0,0.0,-1.331,350.0786,0.0,0.0,6.357,0,0.0,2.08,310.005,5.79,37.71,0.0,257.832,0.0,0
46987,-2.217,67.62700000000001,0.0,0.0,-1.331,350.0786,0.0,0.0,6.382000000000001,0,1.0,1.975,309.915,-1.0392000000000001,37.14,0.0,257.832,0.0,0
46987,-2.0460000000000003,67.62700000000001,0.0,0.0,-1.331,350.0786,0.0,0.0,6.401000000000001,0,1.0,1.96,310.005,-4.2229,36.84,0.0,257.832,0.0,0
46987,-2.0460000000000003,67.62700000000001,0.0,0.0,-1.331,350.0786,0.0,0.0,6.421,0,0.0,1.78,310.14000000000004,2.0455,36.36,0.0,257.832,0.0,0
46987,-2.0460000000000003,67.62700000000001,0.0,0.0,-1.331,350.0786,0.0,0.0,6.44,0,0.0,1.705,310.005,0.7093,36.09,0.0,257.832,0.0,0
46987,-1.8760000000000001,67.62700000000001,0.0,0.0,-1.331,350.0786,0.0,0.0,6.46,0,0.0,1.59,310.005,0.7918000000000001,35.82,0.0,257.832,0.0,0
46987,-1.8760000000000001,67.62700000000001,0.0,0.0,-1.331,350.0786,0.0,0.0,6.484,0,0.0,1.495,310.005,-1.0310000000000001,35.58,0.0,257.832,0.0,0
46987,-2.387,67.62700000000001,0.0,0.0,-1.331,350.0786,0.0,0.0,6.5040000000000004,0,0.0,1.455,310.005,-1.2702,35.52,0.0,257.832,0.0,0
46987,-2.0460000000000003,67.62700000000001,0.0,0.0,-1.331,350.0786,0.0,0.0,6.5040000000000004,0,1.0,1.54,310.005,-1.9795,35.64,0.0,257.832,0.0,0
46987,-1.705,67.62700000000001,0.0,0.0,-1.331,350.0786,0.0,0.0,6.5280000000000005,0,1.0,1.395,310.005,1.5836000000000001,36.57,0.0,257.832,0.0,0
46987,-2.0460000000000003,67.62700000000001,0.0,0.0,-1.331,350.0786,0.0,0.0,6.548,0,1.0,1.365,310.005,-0.39590000000000003,37.77,0.0,257.832,0.0,0
46987,-1.5350000000000001,67.62700000000001,0.0,0.0,-1.331,350.0786,0.0,0.0,6.567,0,0.0,1.34,310.005,0.2639,39.15,0.0,257.832,0.0,0
46987,-2.387,67.62700000000001,0.0,0.0,-1.331,350.0786,0.0,0.0,6.587000000000001,0,0.0,1.37,310.005,1.3196,38.82,0.0,257.832,0.0,0
46987,-1.8760000000000001,67.62700000000001,0.0,0.0,-1.331,350.0786,0.0,0.0,6.606000000000001,0,0.0,1.3800000000000001,310.14000000000004,-3.5301,38.25,0.0,257.832,0.0,0
46987,-2.217,67.62700000000001,0.0,0.0,-1.331,350.0786,0.0,0.0,6.626,0,1.0,1.5150000000000001,309.915,-2.3754,37.230000000000004,0.0,257.832,0.0,0
46987,-1.8760000000000001,67.62700000000001,0.0,0.0,-1.331,350.0786,0.0,0.0,6.646,0,1.0,1.59,310.005,0.2639,36.84,0.0,257.832,0.0,0
46987,-2.0460000000000003,67.62700000000001,0.0,0.0,-1.331,350.0786,0.0,0.0,6.665,0,0.0,1.58,309.915,-3.8270000000000004,35.910000000000004,0.0,257.832,0.0,0
46987,-1.8760000000000001,67.62700000000001,0.0,0.0,-1.331,350.0786,0.0,0.0,6.6850000000000005,0,1.0,1.735,310.005,0.46190000000000003,35.550000000000004,0.0,257.832,0.0,0
46987,-2.0460000000000003,67.62700000000001,0.0,0.0,-1.331,350.0786,0.0,0.0,6.704000000000001,0,1.0,1.895,310.14000000000004,5.5425,35.4,0.0,257.832,0.0,0
46987,-2.0460000000000003,67.62700000000001,0.0,0.0,-1.331,350.0786,0.0,0.0,6.724,0,0.0,2.02,310.14000000000004,1.6826,35.730000000000004,0.0,257.832,0.0,0
46987,-2.0460000000000003,67.62700000000001,0.0,0.0,-1.331,350.0786,0.0,0.0,6.743,0,0.0,2.065,310.005,-2.2434000000000003,35.61,0.0,257.832,0.0,0
46987,-1.8760000000000001,67.62700000000001,0.0,0.0,-1.331,350.0786,0.0,0.0,6.763,0,0.0,2.085,310.005,-2.8043,36.0,0.0,257.832,0.0,0
46987,-2.217,67.62700000000001,0.0,0.0,-1.331,350.0786,0.0,0.0,6.782,0,0.0,2.045,310.005,-4.3548,37.17,0.0,257.832,0.0,0
46987,-1.8760000000000001,67.62700000000001,0.0,0.0,-1.331,350.0786,0.0,0.0,6.807,0,1.0,2.11,309.915,-1.5176,38.58,0.0,257.832,0.0,0
46987,-2.0460000000000003,67.62700000000001,0.0,0.0,-1.331,350.0786,0.0,0.0,6.8260000000000005,0,0.0,1.99,309.915,-2.9032,39.24,0.0,257.832,0.0,0
46987,-2.0460000000000003,67.62700000000001,0.0,0.0,-1.331,350.0786,0.0,0.0,6.846,0,1.0,1.94,310.005,1.0557,38.910000000000004,0.0,257.832,0.0,0
46987,-2.0460000000000003,67.62700000000001,0.0,0.0,-1.331,350.0786,0.0,0.0,6.865,0,1.0,1.85,310.005,3.9589000000000003,39.03,0.0,257.832,0.0,0
46987,-2.217,67.62700000000001,0.0,0.0,-1.331,350.0786,0.0,0.0,6.885000000000001,0,1.0,1.78,310.14000000000004,2.4743,37.86,0.0,257.832,0.0,0
46987,-2.0460000000000003,67.62700000000001,0.0,0.0,-1.331,350.0786,0.0,0.0,6.909000000000001,0,1.0,1.6500000000000001,310.005,1.1877,36.9,0.0,257.832,0.0,0
46987,-2.217,67.62700000000001,0.0,0.0,-1.331,350.0786,0.0,0.0,6.929,0,1.0,1.635,310.005,0.7918000000000001,35.88,0.0,257.832,0.0,0
46987,-2.217,67.62700000000001,0.0,0.0,-1.331,350.0786,0.0,0.0,6.948,0,1.0,1.555,309.915,-5.0147,35.61,0.0,257.832,0.0,0
46987,-1.8760000000000001,67.62700000000001,0.0,0.0,-1.331,350.0786,0.0,0.0,6.968,0,0.0,1.5150000000000001,310.005,-2.9032,35.79,0.0,257.832,0.0,0
46987,-2.0460000000000003,67.62700000000001,0.0,0.0,-1.331,350.0786,0.0,0.0,6.987,0,0.0,1.67,309.915,-1.0557,36.03,0.0,257.832,0.0,0
46987,-1.8760000000000001,67.62700000000001,0.0,0.0,-1.331,350.0786,0.0,0.0,6.992,0,0.0,1.685,310.005,-0.7918000000000001,36.12,0.0,257.832,0.0,0
46987,-2.0460000000000003,67.62700000000001,0.0,0.0,-1.331,350.0786,0.0,0.0,7.0120000000000005,0,0.0,1.78,310.14000000000004,2.2681,36.81,0.0,257.832,0.0,0
46987,-2.217,67.62700000000001,0.0,0.0,-1.331,350.0786,0.0,0.0,7.031000000000001,0,0.0,1.93,309.915,-1.5011,37.14,0.0,257.832,0.0,0
46987,-2.0460000000000003,67.62700000000001,0.0,0.0,-1.331,350.0786,0.0,0.0,7.051,0,0.0,2.04,310.005,-1.6661000000000001,37.74,0.0,257.832,0.0,0
46987,-1.5350000000000001,67.62700000000001,0.0,0.0,-1.331,350.0786,0.0,0.0,7.07,0,0.0,2.27,310.14000000000004,1.3856000000000002,38.01,0.0,257.832,0.0,0
46987,-2.217,67.62700000000001,0.0,0.0,-1.331,350.0786,0.0,0.0,7.090000000000001,0,0.0,2.2800000000000002,310.005,2.1609000000000003,38.46,0.0,257.832,0.0,0
46987,-2.217,67.62700000000001,0.0,0.0,-1.331,350.0786,0.0,0.0,7.109,0,0.0,2.41,310.005,-2.4413,38.4,0.0,257.832,0.0,0
46987,-1.8760000000000001,67.62700000000001,0.0,0.0,-1.331,350.0786,0.0,0.0,7.1290000000000004,0,1.0,2.535,310.005,-3.2331000000000003,38.160000000000004,0.0,257.832,0.0,0
46987,-2.0460000000000003,67.62700000000001,0.0,0.0,-1.331,350.0786,0.0,0.0,7.148000000000001,0,0.0,2.735,310.005,-0.9238000000000001,37.89,0.0,257.832,0.0,0
46987,-1.8760000000000001,67.62700000000001,0.0,0.0,-1.331,350.0786,0.0,0.0,7.168,0,0.0,2.555,310.005,3.4806000000000004,36.9,0.0,257.832,0.0,0
46987,-2.0460000000000003,67.62700000000001,0.0,0.0,-1.331,350.0786,0.0,0.0,7.168,0,0.0,2.575,310.005,3.0352,36.75,0.0,257.832,0.0,0
46987,-2.0460000000000003,67.62700000000001,0.0,0.0,-1.331,350.0786,0.0,0.0,7.188000000000001,0,0.0,2.605,310.005,1.0557,35.49,0.0,257.832,0.0,0
46987,-2.0460000000000003,67.62700000000001,0.0,0.0,-1.331,350.0786,0.0,0.0,7.207000000000001,0,0.0,2.575,309.915,-3.8270000000000004,35.04,0.0,257.832,0.0,0
46987,-1.5350000000000001,67.62700000000001,0.0,0.0,-1.331,350.0786,0.0,0.0,7.231000000000001,0,0.0,2.52,310.005,1.0557,34.95,0.0,257.832,0.0,0
46987,-2.0460000000000003,67.62700000000001,0.0,0.0,-1.331,350.0786,0.0,0.0,7.251,0,1.0,2.445,310.005,0.39590000000000003,35.43,0.0,257.832,0.0,0
46987,-1.705,67.62700000000001,0.0,0.0,-1.331,350.0786,0.0,0.0,7.271,0,0.0,2.245,309.915,-2.3754,36.87,0.0,257.832,0.0,0
46987,-1.8760000000000001,67.62700000000001,0.0,0.0,-1.331,350.0786,0.0,0.0,7.29,0,1.0,2.205,310.005,-2.1114,38.13,0.0,257.832,0.0,0
46987,-2.217,67.62700000000001,0.0,0.0,-1.331,350.0786,0.0,0.0,7.3100000000000005,0,0.0,2.105,310.005,0.5279,37.980000000000004,0.0,257.832,0.0,0
46987,-1.8760000000000001,67.62700000000001,0.0,0.0,-1.331,350.0786,0.0,0.0,7.3340000000000005,0,1.0,1.99,310.005,3.1672000000000002,37.68,0.0,257.832,0.0,0
46987,-1.705,67.62700000000001,0.0,0.0,-1.331,350.0786,0.0,0.0,7.354,0,0.0,1.965,310.005,-1.5836000000000001,37.11,0.0,257.832,0.0,0
46987,-1.8760000000000001,67.62700000000001,0.0,0.0,-1.331,350.0786,0.0,0.0,7.373,0,1.0,1.93,310.005,1.7155,36.660000000000004,0.0,257.832,0.0,0
46987,-1.8760000000000001,67.62700000000001,0.0,0.0,-1.331,350.0786,0.0,0.0,7.393000000000001,0,1.0,1.965,310.005,1.0557,36.99,0.0,257.832,0.0,0
46987,-1.8760000000000001,67.62700000000001,0.0,0.0,-1.331,350.0786,0.0,0.0,7.412,0,1.0,2.125,310.14000000000004,2.7713,37.2,0.0,257.832,0.0,0
46987,-2.0460000000000003,67.62700000000001,0.0,0.0,-1.331,350.0786,0.0,0.0,7.432,0,0.0,2.22,310.005,-0.2639,36.51,0.0,257.832,0.0,0
46987,-2.0460000000000003,67.62700000000001,0.0,0.0,-1.331,350.0786,0.0,0.0,7.4510000000000005,0,0.0,2.23,310.005,-2.9032,35.13,0.0,257.832,0.0,0
46987,-1.8760000000000001,67.62700000000001,0.0,0.0,-1.331,350.0786,0.0,0.0,7.471,0,0.0,2.315,309.915,0.4289,34.62,0.0,257.832,0.0,0
46987,-2.0460000000000003,67.62700000000001,0.0,0.0,-1.331,350.0786,0.0,0.0,7.49,0,0.0,2.32,309.915,0.0,34.89,0.0,257.832,0.0,0
46987,-2.0460000000000003,67.62700000000001,0.0,0.0,-1.331,350.0786,0.0,0.0,7.510000000000001,0,1.0,2.49,310.005,2.3754,35.19,0.0,257.832,0.0,0
46987,-1.705,67.62700000000001,0.0,0.0,-1.331,350.0786,0.0,0.0,7.529000000000001,0,1.0,2.555,310.14000000000004,3.8270000000000004,36.51,0.0,257.832,0.0,0
46987,-2.0460000000000003,67.62700000000001,0.0,0.0,-1.331,350.0786,0.0,0.0,7.549,0,0.0,2.63,310.005,0.19790000000000002,37.29,0.0,257.832,0.0,0
46987,-2.0460000000000003,67.62700000000001,0.0,0.0,-1.331,350.0786,0.0,0.0,7.5680000000000005,0,1.0,2.74,310.14000000000004,0.2639,37.86,0.0,257.832,0.0,0
46987,-2.0460000000000003,67.62700000000001,0.0,0.0,-1.331,350.0786,0.0,0.0,7.588,0,1.0,2.67,310.005,-0.6928000000000001,37.5,0.0,257.832,0.0,0
46987,-1.5350000000000001,67.62700000000001,0.0,0.0,-1.331,350.0786,0.0,0.0,7.612,0,1.0,2.69,310.005,0.132,37.02,0.0,257.832,0.0,0
46987,-2.217,67.62700000000001,0.0,0.0,-1.331,350.0786,0.0,0.0,7.632000000000001,0,1.0,2.755,310.14000000000004,2.3754,36.9,0.0,257.832,0.0,0
46987,-2.0460000000000003,67.62700000000001,0.0,0.0,-1.331,350.0786,0.0,0.0,7.651000000000001,0,1.0,2.825,310.14000000000004,3.0352,37.26,0.0,257.832,0.0,0
46987,-1.8760000000000001,67.62700000000001,0.0,0.0,-1.331,350.0786,0.0,0.0,7.651000000000001,0,1.0,2.7800000000000002,310.005,2.5733,37.2,0.0,257.832,0.0,0
46987,-1.705,67.62700000000001,0.0,0.0,-1.331,350.0786,0.0,0.0,7.671,0,0.0,2.7,310.005,-2.0455,37.32,0.0,257.832,0.0,0
46987,-1.8760000000000001,67.62700000000001,0.0,0.0,-1.331,350.0786,0.0,0.0,7.695,0,0.0,2.615,309.915,-0.0247,36.36,0.0,257.832,0.0,0
46987,-1.8760000000000001,67.62700000000001,0.0,0.0,-1.331,350.0786,0.0,0.0,7.715000000000001,0,0.0,2.5500000000000003,310.005,1.0805,35.550000000000004,0.0,257.832,0.0,0
46987,-1.8760000000000001,67.62700000000001,0.0,0.0,-1.331,350.0786,0.0,0.0,7.734,0,2.0,2.43,310.005,0.5938,34.59,0.0,257.832,0.0,0
46987,-1.8760000000000001,67.62700000000001,0.0,0.0,-1.331,350.0786,0.0,0.0,7.7540000000000004,0,1.0,2.33,310.14000000000004,0.5938,34.77,0.0,257.832,0.0,0
46987,-2.217,67.62700000000001,0.0,0.0,-1.331,350.0786,0.0,0.0,7.7780000000000005,0,0.0,2.3000000000000003,310.005,-0.2639,35.61,0.0,257.832,0.0,0
46987,-1.8760000000000001,67.62700000000001,0.0,0.0,-1.331,350.0786,0.0,0.0,7.798,0,0.0,2.33,309.915,0.3052,37.74,0.0,257.832,0.0,0
46987,-1.8760000000000001,67.62700000000001,0.0,0.0,-1.331,350.0786,0.0,0.0,7.817,0,2.0,2.3000000000000003,310.005,-4.0662,38.4,0.0,257.832,0.0,0
46987,-2.0460000000000003,67.62700000000001,0.0,0.0,-1.331,350.0786,0.0,0.0,7.837000000000001,0,0.0,2.345,310.005,-1.3856000000000002,38.64,0.0,257.832,0.0,0
46987,-2.217,67.62700000000001,0.0,0.0,-1.331,350.0786,0.0,0.0,7.856000000000001,0,1.0,2.42,309.915,5.8724,37.92,0.0,257.832,0.0,0
46987,-2.0460000000000003,67.62700000000001,0.0,0.0,-1.331,350.0786,0.0,0.0,7.876,0,0.0,2.5100000000000002,310.005,0.18150000000000002,36.84,0.0,257.832,0.0,0
46987,-2.0460000000000003,67.62700000000001,0.0,0.0,-1.331,350.0786,0.0,0.0,7.896000000000001,0,2.0,2.605,310.005,0.39590000000000003,35.94,0.0,257.832,0.0,0
46987,-1.8760000000000001,67.62700000000001,0.0,0.0,-1.331,350.0786,0.0,0.0,7.915,0,0.0,2.75,310.005,3.8517,35.58,0.0,257.832,0.0,0
46987,-2.0460000000000003,67.62700000000001,0.0,0.0,-1.331,350.0786,0.0,0.0,7.9350000000000005,0,0.0,2.9,309.915,2.3259000000000003,35.67,0.0,257.832,0.0,0
46987,-1.705,67.62700000000001,0.0,0.0,-1.331,350.0786,0.0,0.0,7.954000000000001,0,0.0,2.98,310.005,-0.7011000000000001,35.550000000000004,0.0,257.832,0.0,0
46987,-2.0460000000000003,67.62700000000001,0.0,0.0,-1.331,350.0786,0.0,0.0,7.974,0,2.0,3.12,309.915,-1.3032000000000001,35.13,0.0,257.832,0.0,0
46987,-2.217,67.62700000000001,0.0,0.0,-1.331,350.0786,0.0,0.0,7.993,0,0.0,3.16,310.005,0.42060000000000003,35.37,0.0,257.832,0.0,0
46987,-1.705,67.62700000000001,0.0,0.0,-1.331,350.0786,0.0,0.0,8.013,0,1.0,3.165,310.005,0.5938,36.03,0.0,257.832,0.0,0
46987,-1.705,67.62700000000001,0.0,0.0,-1.331,350.0786,0.0,0.0,8.032,0,1.0,3.165,310.005,-0.066,37.800000000000004,0.0,257.832,0.0,0
46987,-2.0460000000000003,67.62700000000001,0.0,0.0,-1.331,350.0786,0.0,0.0,8.057,0,0.0,2.8850000000000002,309.915,-0.5114000000000001,38.22,0.0,257.832,0.0,0
46987,-1.8760000000000001,67.62700000000001,0.0,0.0,-1.331,350.0786,0.0,0.0,8.076,0,1.0,2.82,309.915,-2.3589,38.19,0.0,257.832,0.0,0
46987,-2.0460000000000003,67.62700000000001,0.0,0.0,-1.331,350.0786,0.0,0.0,8.096,0,0.0,2.71,310.14000000000004,2.2846,38.19,0.0,257.832,0.0,0
46987,-2.0460000000000003,67.62700000000001,0.0,0.0,-1.331,350.0786,0.0,0.0,8.115,0,2.0,2.6,310.005,3.563,37.08,0.0,257.832,0.0,0
46987,-2.0460000000000003,67.62700000000001,0.0,0.0,-1.331,350.0786,0.0,0.0,8.14,0,2.0,2.475,310.14000000000004,1.2124000000000001,35.88,0.0,257.832,0.0,0
46987,-2.0460000000000003,67.62700000000001,0.0,0.0,-1.331,350.0786,0.0,0.0,8.159,0,0.0,2.38,310.005,-1.3856000000000002,35.730000000000004,0.0,257.832,0.0,0
46987,-1.5350000000000001,67.62700000000001,0.0,0.0,-1.331,350.0786,0.0,0.0,8.179,0,-1.0,2.255,310.005,-2.7713,36.09,0.0,257.832,0.0,0
46987,-2.0460000000000003,67.62700000000001,0.0,0.0,-1.331,350.0786,0.0,0.0,8.198,0,0.0,2.36,309.915,-4.0084,36.480000000000004,0.0,257.832,0.0,0
46987,-1.705,67.62700000000001,0.0,0.0,-1.331,350.0786,0.0,0.0,8.218,0,1.0,2.34,310.14000000000004,1.8887,36.300000000000004,0.0,257.832,0.0,0
46987,-2.0460000000000003,67.62700000000001,0.0,0.0,-1.331,350.0786,0.0,0.0,8.237,0,0.0,2.45,310.14000000000004,4.0002,35.85,0.0,257.832,0.0,0
46987,-1.705,67.62700000000001,0.0,0.0,-1.331,350.0786,0.0,0.0,8.257,0,1.0,2.575,310.005,-0.34640000000000004,35.85,0.0,257.832,0.0,0
46987,-1.8760000000000001,67.62700000000001,0.0,0.0,-1.331,350.0786,0.0,0.0,8.262,0,0.0,2.64,310.005,-1.3856000000000002,35.88,0.0,257.832,0.0,0
46987,-2.217,67.62700000000001,0.0,0.0,-1.331,350.0786,0.0,0.0,8.281,0,0.0,2.59,310.005,-5.2786,35.97,0.0,257.832,0.0,0
46987,-1.705,67.62700000000001,0.0,0.0,-1.331,350.0786,0.0,0.0,8.301,0,1.0,2.72,310.14000000000004,-1.5836000000000001,36.69,0.0,257.832,0.0,0
46987,-1.705,67.62700000000001,0.0,0.0,-1.331,350.0786,0.0,0.0,8.32,0,0.0,2.805,310.005,4.2229,37.89,0.0,257.832,0.0,0
46987,-1.705,67.62700000000001,0.0,0.0,-1.331,350.0786,0.0,0.0,8.34,0,1.0,2.91,310.005,2.6393,38.49,0.0,257.832,0.0,0
46987,-1.8760000000000001,67.62700000000001,0.0,0.0,-1.331,350.0786,0.0,0.0,8.359,0,0.0,2.95,310.005,-4.3548,38.01,0.0,257.832,0.0,0
46987,-1.705,67.62700000000001,0.0,0.0,-1.331,350.0786,0.0,0.0,8.379,0,1.0,3.09,310.005,-0.2639,37.62,0.0,257.832,0.0,0
46987,-1.8760000000000001,67.62700000000001,0.0,0.0,-1.331,350.0786,0.0,0.0,8.398,0,0.0,3.095,309.915,-1.1877,37.53,0.0,257.832,0.0,0
46987,-1.705,67.62700000000001,0.0,0.0,-1.331,350.0786,0.0,0.0,8.418000000000001,0,2.0,3.185,310.14000000000004,2.5403000000000002,36.54,0.0,257.832,0.0,0
46987,-1.5350000000000001,67.62700000000001,0.0,0.0,-1.331,350.0786,0.0,0.0,8.438,0,1.0,3.2,309.915,-0.2639,36.300000000000004,0.0,257.832,0.0,0
46987,-2.0460000000000003,67.62700000000001,0.0,0.0,-1.331,350.0786,0.0,0.0,8.457,0,1.0,3.16,310.005,-4.2889,36.300000000000004,0.0,257.832,0.0,0
46987,-1.705,67.62700000000001,0.0,0.0,-1.331,350.0786,0.0,0.0,8.481,0,2.0,3.0500000000000003,309.915,-4.0909,36.12,0.0,257.832,0.0,0
46987,-1.8760000000000001,67.62700000000001,0.0,0.0,-1.331,350.0786,0.0,0.0,8.501000000000001,0,0.0,2.945,310.005,1.5176,35.910000000000004,0.0,257.832,0.0,0
46987,-2.0460000000000003,67.62700000000001,0.0,0.0,-1.331,350.0786,0.0,0.0,8.521,0,0.0,2.915,310.14000000000004,4.8827,36.45,0.0,257.832,0.0,0
46987,-1.705,67.62700000000001,0.0,0.0,-1.331,350.0786,0.0,0.0,8.540000000000001,0,0.0,2.82,310.005,0.46190000000000003,36.660000000000004,0.0,257.832,0.0,0
46987,-1.8760000000000001,67.62700000000001,0.0,0.0,-1.331,350.0786,0.0,0.0,8.56,0,1.0,2.775,310.14000000000004,1.5836000000000001,37.38,0.0,257.832,0.0,0
46987,-1.8760000000000001,67.62700000000001,0.0,0.0,-1.331,350.0786,0.0,0.0,8.584,0,1.0,2.7,309.915,-0.099,38.25,0.0,257.832,0.0,0
46987,-1.705,67.62700000000001,0.0,0.0,-1.331,350.0786,0.0,0.0,8.604000000000001,0,1.0,2.56,310.005,-4.3548,38.79,0.0,257.832,0.0,0
46987,-1.8760000000000001,67.62700000000001,0.0,0.0,-1.331,350.0786,0.0,0.0,8.623000000000001,0,0.0,2.585,310.005,-4.3878,39.03,0.0,257.832,0.0,0
46987,-1.5350000000000001,67.62700000000001,0.0,0.0,-1.331,350.0786,0.0,0.0,8.643,0,0.0,2.545,310.005,2.1114,38.25,0.0,257.832,0.0,0
46987,-1.705,67.62700000000001,0.0,0.0,-1.331,350.0786,0.0,0.0,8.662,0,0.0,2.515,310.005,3.9589000000000003,37.59,0.0,257.832,0.0,0
46987,-1.8760000000000001,67.62700000000001,0.0,0.0,-1.331,350.0786,0.0,0.0,8.682,0,0.0,2.5100000000000002,310.005,-0.9238000000000001,36.78,0.0,257.832,0.0,0
46987,-1.8760000000000001,67.62700000000001,0.0,0.0,-1.331,350.0786,0.0,0.0,8.701,0,1.0,2.61,309.915,-0.19790000000000002,36.15,0.0,257.832,0.0,0
46987,-1.8760000000000001,67.62700000000001,0.0,0.0,-1.331,350.0786,0.0,0.0,8.721,0,0.0,2.735,310.14000000000004,2.3754,35.61,0.0,257.832,0.0,0
46987,-1.705,67.62700000000001,0.0,0.0,-1.331,350.0786,0.0,0.0,8.74,0,2.0,2.79,309.915,1.1217000000000001,35.64,0.0,257.832,0.0,0
46987,-1.8760000000000001,67.62700000000001,0.0,0.0,-1.331,350.0786,0.0,0.0,8.76,0,0.0,2.855,310.005,3.563,36.54,0.0,257.832,0.0,0
46987,-2.0460000000000003,67.62700000000001,0.0,0.0,-1.331,350.0786,0.0,0.0,8.779,0,1.0,2.97,310.14000000000004,-2.6393,37.47,0.0,257.832,0.0,0
46987,-1.8760000000000001,67.62700000000001,0.0,0.0,-1.331,350.0786,0.0,0.0,8.799000000000001,0,0.0,3.04,310.005,0.132,38.13,0.0,257.832,0.0,0
46987,-2.0460000000000003,67.62700000000001,0.0,0.0,-1.331,350.0786,0.0,0.0,8.823,0,1.0,3.21,310.005,-1.0557,37.980000000000004,0.0,257.832,0.0,0
46987,-1.705,67.62700000000001,0.0,0.0,-1.331,350.0786,0.0,0.0,8.843,0,0.0,3.265,310.14000000000004,1.9795,37.68,0.0,257.832,0.0,0
46987,-1.8760000000000001,67.62700000000001,0.0,0.0,-1.331,350.0786,0.0,0.0,8.867,0,1.0,1.25,310.005,0.7918000000000001,37.44,0.0,257.832,0.0,0
46987,-1.5350000000000001,67.62700000000001,0.0,0.0,-1.331,350.0786,0.0,0.0,8.867,0,1.0,1.3,310.005,0.39590000000000003,37.38,0.0,257.832,0.0,0
46987,-1.705,67.62700000000001,0.0,0.0,-1.331,350.0786,0.0,0.0,8.892000000000001,0,1.0,1.485,310.005,-3.563,36.81,0.0,257.832,0.0,0
46987,-1.8760000000000001,67.62700000000001,0.0,0.0,-1.331,350.0786,0.0,0.0,8.911,0,0.0,1.495,310.005,-0.767,37.08,0.0,257.832,0.0,0
46987,-2.0460000000000003,67.62700000000001,0.0,0.0,-1.331,350.0786,0.0,0.0,8.931000000000001,0,0.0,1.25,310.005,2.5733,37.5,0.0,257.832,0.0,0
46987,-1.705,67.62700000000001,0.0,0.0,-1.331,350.0786,0.0,0.0,8.955,0,2.0,1.11,310.005,0.5938,37.17,0.0,257.832,0.0,0
46987,-1.5350000000000001,67.62700000000001,0.0,0.0,-1.331,350.0786,0.0,0.0,8.975,0,0.0,1.0050000000000001,310.14000000000004,-2.3341000000000003,36.84,0.0,257.832,0.0,0
46987,-1.5350000000000001,67.62700000000001,0.0,0.0,-1.331,350.0786,0.0,0.0,8.994,0,2.0,0.8200000000000001,310.005,2.4001,35.64,0.0,257.832,0.0,0
46987,-2.0460000000000003,67.62700000000001,0.0,0.0,-1.331,350.0786,0.0,0.0,9.019,0,0.0,0.78,310.005,0.5279,35.43,0.0,257.832,0.0,0
46987,-1.705,67.62700000000001,0.0,0.0,-1.331,350.0786,0.0,0.0,9.038,0,0.0,0.765,310.005,-3.8435,35.88,0.0,257.832,0.0,0
46987,-1.705,67.62700000000001,0.0,0.0,-1.331,350.0786,0.0,0.0,9.058,0,1.0,0.8300000000000001,310.14000000000004,0.767,36.75,0.0,257.832,0.0,0
46987,-2.0460000000000003,67.62700000000001,0.0,0.0,-1.331,350.0786,0.0,0.0,9.077,0,0.0,0.74,310.005,1.3856000000000002,37.59,0.0,257.832,0.0,0
46987,-1.705,67.62700000000001,0.0,0.0,-1.331,350.0786,0.0,0.0,9.097000000000001,0,2.0,0.855,310.005,-1.7815,37.95,0.0,257.832,0.0,0
46987,-1.5350000000000001,67.62700000000001,0.0,0.0,-1.331,350.0786,0.0,0.0,9.116,0,0.0,0.965,310.14000000000004,-1.7403000000000002,37.59,0.0,257.832,0.0,0
46987,-2.0460000000000003,67.62700000000001,0.0,0.0,-1.331,350.0786,0.0,0.0,9.136000000000001,0,0.0,1.115,310.14000000000004,1.3609,37.230000000000004,0.0,257.832,0.0,0
46987,-1.705,67.62700000000001,0.0,0.0,-1.331,350.0786,0.0,0.0,9.155000000000001,0,2.0,1.165,310.14000000000004,3.3404000000000003,37.47,0.0,257.832,0.0,0
46987,-2.0460000000000003,67.62700000000001,0.0,0.0,-1.331,350.0786,0.0,0.0,9.175,0,1.0,1.27,310.005,-0.767,37.38,0.0,257.832,0.0,0
46987,-1.8760000000000001,67.62700000000001,0.0,0.0,-1.331,350.0786,0.0,0.0,9.194,0,0.0,1.475,309.915,-6.5323,37.32,0.0,257.832,0.0,0
46987,-1.8760000000000001,67.62700000000001,0.0,0.0,-1.331,350.0786,0.0,0.0,9.214,0,0.0,1.58,310.14000000000004,-3.4311000000000003,36.45,0.0,257.832,0.0,0
46987,-1.8760000000000001,67.62700000000001,0.0,0.0,-1.331,350.0786,0.0,0.0,9.233,0,1.0,1.665,310.005,3.7445000000000004,34.74,0.0,257.832,0.0,0
46987,-1.705,67.62700000000001,0.0,0.0,-1.331,350.0786,0.0,0.0,9.238000000000001,0,0.0,1.605,310.005,3.2991,34.74,0.0,257.832,0.0,0
46987,-1.364,67.62700000000001,0.0,0.0,-1.331,350.0786,0.0,0.0,9.258000000000001,0,1.0,1.665,310.005,-0.8578,35.13,0.0,257.832,0.0,0
46987,-1.5350000000000001,67.62700000000001,0.0,0.0,-1.331,350.0786,0.0,0.0,9.277000000000001,0,0.0,1.655,309.915,-5.6745,35.49,0.0,257.832,0.0,0
46987,-1.5350000000000001,67.62700000000001,0.0,0.0,-1.331,350.0786,0.0,0.0,9.297,0,0.0,1.55,310.005,1.0557,36.69,0.0,257.832,0.0,0
46987,-1.5350000000000001,67.62700000000001,0.0,0.0,-1.331,350.0786,0.0,0.0,9.316,0,0.0,1.465,309.915,0.2639,38.1,0.0,257.832,0.0,0
46987,-1.8760000000000001,67.62700000000001,0.0,0.0,-1.331,350.0786,0.0,0.0,9.336,0,1.0,1.405,309.915,-2.1114,38.97,0.0,257.832,0.0,0
46987,-2.0460000000000003,67.62700000000001,0.0,0.0,-1.331,350.0786,0.0,0.0,9.360000000000001,0,1.0,1.215,309.915,-2.1114,37.92,0.0,257.832,0.0,0
46987,-2.0460000000000003,67.62700000000001,0.0,0.0,-1.331,350.0786,0.0,0.0,9.38,0,0.0,1.1300000000000001,310.005,3.629,37.32,0.0,257.832,0.0,0
46987,-1.705,67.62700000000001,0.0,0.0,-1.331,350.0786,0.0,0.0,9.399000000000001,0,2.0,1.105,309.915,0.39590000000000003,36.300000000000004,0.0,257.832,0.0,0
46987,-1.8760000000000001,67.62700000000001,0.0,0.0,-1.331,350.0786,0.0,0.0,9.419,0,0.0,1.03,309.915,-2.9032,37.14,0.0,257.832,0.0,0
46987,-1.5350000000000001,67.62700000000001,0.0,0.0,-1.331,350.0786,0.0,0.0,9.438,0,1.0,0.97,310.005,-1.3196,37.14,0.0,257.832,0.0,0
46987,-2.0460000000000003,67.62700000000001,0.0,0.0,-1.331,350.0786,0.0,0.0,9.463000000000001,0,0.0,0.985,309.915,2.9032,37.08,0.0,257.832,0.0,0
46987,-2.0460000000000003,67.62700000000001,0.0,0.0,-1.331,350.0786,0.0,0.0,9.482000000000001,0,0.0,0.98,310.005,2.7713,36.69,0.0,257.832,0.0,0
46987,-2.217,67.62700000000001,0.0,0.0,-1.331,350.0786,0.0,0.0,9.502,0,0.0,1.03,310.005,-1.0557,35.76,0.0,257.832,0.0,0
46987,-1.364,67.62700000000001,0.0,0.0,-1.331,350.0786,0.0,0.0,9.521,0,0.0,1.065,310.14000000000004,3.9589000000000003,34.800000000000004,0.0,257.832,0.0,0
46987,-2.0460000000000003,67.62700000000001,0.0,0.0,-1.331,350.0786,0.0,0.0,9.541,0,1.0,1.17,310.005,-1.5836000000000001,35.58,0.0,257.832,0.0,0
46987,-1.5350000000000001,67.62700000000001,0.0,0.0,-1.331,350.0786,0.0,0.0,9.561,0,0.0,1.305,310.005,-0.9238000000000001,37.2,0.0,257.832,0.0,0
46987,-1.8760000000000001,67.62700000000001,0.0,0.0,-1.331,350.0786,0.0,0.0,9.58,0,1.0,1.465,309.915,0.6928000000000001,38.4,0.0,257.832,0.0,0
46987,-1.705,67.62700000000001,0.0,0.0,-1.331,350.0786,0.0,0.0,9.6,0,0.0,1.6300000000000001,310.005,-1.1877,38.1,0.0,257.832,0.0,0
46987,-1.8760000000000001,67.62700000000001,0.0,0.0,-1.331,350.0786,0.0,0.0,9.619,0,1.0,1.72,310.005,0.5279,37.68,0.0,257.832,0.0,0
46987,-1.5350000000000001,67.62700000000001,0.0,0.0,-1.331,350.0786,0.0,0.0,9.639000000000001,0,0.0,1.77,309.915,0.39590000000000003,36.93,0.0,257.832,0.0,0
46987,-1.8760000000000001,67.62700000000001,0.0,0.0,-1.331,350.0786,0.0,0.0,9.658000000000001,0,1.0,1.87,310.14000000000004,-2.2104,36.03,0.0,257.832,0.0,0
46987,-1.8760000000000001,67.62700000000001,0.0,0.0,-1.331,350.0786,0.0,0.0,9.658000000000001,0,1.0,1.9100000000000001,310.14000000000004,-1.4764000000000002,36.06,0.0,257.832,0.0,0
46987,-1.5350000000000001,67.62700000000001,0.0,0.0,-1.331,350.0786,0.0,0.0,9.678,0,0.0,1.7750000000000001,309.915,1.2702,36.36,0.0,257.832,0.0,0
46987,-2.217,67.62700000000001,0.0,0.0,-1.331,350.0786,0.0,0.0,9.702,0,1.0,1.7850000000000001,309.915,-1.6496000000000002,36.15,0.0,257.832,0.0,0
46987,-1.5350000000000001,67.62700000000001,0.0,0.0,-1.331,350.0786,0.0,0.0,9.722000000000001,0,0.0,1.72,310.14000000000004,-1.5836000000000001,36.42,0.0,257.832,0.0,0
46987,-1.705,67.62700000000001,0.0,0.0,-1.331,350.0786,0.0,0.0,9.741,0,0.0,1.6300000000000001,309.825,0.2969,35.550000000000004,0.0,257.832,0.0,0
46987,-1.705,67.62700000000001,0.0,0.0,-1.331,350.0786,0.0,0.0,9.761000000000001,0,2.0,1.56,310.005,0.8413,34.77,0.0,257.832,0.0,0
46987,-1.5350000000000001,67.62700000000001,0.0,0.0,-1.331,350.0786,0.0,0.0,9.780000000000001,0,0.0,1.3800000000000001,310.005,-1.6001,34.74,0.0,257.832,0.0,0
46987,-1.705,67.62700000000001,0.0,0.0,-1.331,350.0786,0.0,0.0,9.805,0,1.0,1.225,310.005,1.3526,35.61,0.0,257.832,0.0,0
46987,-1.705,67.62700000000001,0.0,0.0,-1.331,350.0786,0.0,0.0,9.824,0,0.0,1.075,310.14000000000004,1.1217000000000001,36.63,0.0,257.832,0.0,0
46987,-1.364,67.62700000000001,0.0,0.0,-1.331,350.0786,0.0,0.0,9.844000000000001,0,2.0,0.99,310.14000000000004,0.43710000000000004,37.65,0.0,257.832,0.0,0
46987,-2.0460000000000003,67.62700000000001,0.0,0.0,-1.331,350.0786,0.0,0.0,9.863000000000001,0,0.0,0.9400000000000001,310.14000000000004,2.4166000000000003,37.65,0.0,257.832,0.0,0
46987,-1.8760000000000001,67.62700000000001,0.0,0.0,-1.331,350.0786,0.0,0.0,9.888,0,1.0,0.87,310.005,-2.1527000000000003,37.26,0.0,257.832,0.0,0
46987,-1.705,67.62700000000001,0.0,0.0,-1.331,350.0786,0.0,0.0,9.907,0,0.0,0.935,309.915,-2.029,36.21,0.0,257.832,0.0,0
46987,-2.0460000000000003,67.62700000000001,0.0,0.0,-1.331,350.0786,0.0,0.0,9.907,0,0.0,0.925,309.915,-2.7713,36.18,0.0,257.832,0.0,0
46987,-1.705,67.62700000000001,0.0,0.0,-1.331,350.0786,0.0,0.0,9.927,0,2.0,0.99,309.915,-0.3629,35.88,0.0,257.832,0.0,0
46987,-1.8760000000000001,67.62700000000001,0.0,0.0,-1.331,350.0786,0.0,0.0,9.946,0,0.0,1.135,309.915,-4.2229,35.31,0.0,257.832,0.0,0
46987,-2.0460000000000003,67.62700000000001,0.0,0.0,-1.331,350.0786,0.0,0.0,9.966000000000001,0,1.0,1.25,310.005,0.19790000000000002,35.13,0.0,257.832,0.0,0
46987,-1.705,67.62700000000001,0.0,0.0,-1.331,350.0786,0.0,0.0,9.985000000000001,0,0.0,1.36,310.005,2.2434000000000003,35.49,0.0,257.832,0.0,0
46987,-1.8760000000000001,67.62700000000001,0.0,0.0,-1.331,350.0786,0.0,0.0,10.005,0,0.0,1.51,310.005,-2.9692000000000003,34.980000000000004,0.0,257.832,0.0,0
46987,-1.8760000000000001,67.62700000000001,0.0,0.0,-1.331,350.0786,0.0,0.0,10.024000000000001,0,0.0,1.75,309.915,-3.4311000000000003,34.74,0.0,257.832,0.0,0
46987,-1.705,67.62700000000001,0.0,0.0,-1.331,350.0786,0.0,0.0,10.044,0,1.0,1.715,309.915,-2.0455,35.22,0.0,257.832,0.0,0
46987,-1.8760000000000001,67.62700000000001,0.0,0.0,-1.331,350.0786,0.0,0.0,10.063,0,1.0,1.805,309.915,-0.7918000000000001,35.85,0.0,257.832,0.0,0
46987,-1.705,67.62700000000001,0.0,0.0,-1.331,350.0786,0.0,0.0,10.083,0,1.0,1.795,309.915,0.0,36.480000000000004,0.0,257.832,0.0,0
46987,-2.217,67.62700000000001,0.0,0.0,-1.331,350.0786,0.0,0.0,10.103,0,0.0,1.86,310.005,2.1114,37.11,0.0,257.832,0.0,0
46987,-1.5350000000000001,67.62700000000001,0.0,0.0,-1.331,350.0786,0.0,0.0,10.127,0,0.0,1.705,309.915,-0.5279,37.38,0.0,257.832,0.0,0
46987,-2.0460000000000003,67.62700000000001,0.0,0.0,-1.331,350.0786,0.0,0.0,10.146,0,2.0,1.6400000000000001,310.005,1.0557,37.11,0.0,257.832,0.0,0
46987,-1.5350000000000001,67.62700000000001,0.0,0.0,-1.331,350.0786,0.0,0.0,10.166,0,0.0,1.5150000000000001,309.915,3.761,36.87,0.0,257.832,0.0,0
46987,-2.0460000000000003,67.62700000000001,0.0,0.0,-1.331,350.0786,0.0,0.0,10.186,0,1.0,1.465,310.005,0.6598,35.64,0.0,257.832,0.0,0
46987,-1.705,67.62700000000001,0.0,0.0,-1.331,350.0786,0.0,0.0,10.21,0,1.0,1.325,310.005,-3.4311000000000003,35.22,0.0,257.832,0.0,0
46987,-2.0460000000000003,67.62700000000001,0.0,0.0,-1.331,350.0786,0.0,0.0,10.21,0,0.0,1.3800000000000001,310.005,-3.3651,35.160000000000004,0.0,257.832,0.0,0
46987,-1.705,67.62700000000001,0.0,0.0,-1.331,350.0786,0.0,0.0,10.229000000000001,0,1.0,1.245,309.915,0.7918000000000001,35.13,0.0,257.832,0.0,0
46987,-1.705,67.62700000000001,0.0,0.0,-1.331,350.0786,0.0,0.0,10.249,0,1.0,1.24,310.005,0.2639,35.58,0.0,257.832,0.0,0
46987,-1.5350000000000001,67.62700000000001,0.0,0.0,-1.331,350.0786,0.0,0.0,10.273,0,0.0,1.16,310.005,1.7815,35.04,0.0,257.832,0.0,0
46987,-1.705,67.62700000000001,0.0,0.0,-1.331,350.0786,0.0,0.0,10.293000000000001,0,2.0,1.105,310.005,2.4413,34.83,0.0,257.832,0.0,0
46987,-1.5350000000000001,67.62700000000001,0.0,0.0,-1.331,350.0786,0.0,0.0,10.313,0,0.0,1.21,310.005,0.066,35.28,0.0,257.832,0.0,0
46987,-1.705,67.62700000000001,0.0,0.0,-1.331,350.0786,0.0,0.0,10.332,0,0.0,1.2750000000000001,309.915,-0.0247,36.0,0.0,257.832,0.0,0
46987,-1.8760000000000001,67.62700000000001,0.0,0.0,-1.331,350.0786,0.0,0.0,10.352,0,0.0,1.345,310.005,2.1114,36.300000000000004,0.0,257.832,0.0,0
46987,-1.8760000000000001,67.62700000000001,0.0,0.0,-1.331,350.0786,0.0,0.0,10.371,0,1.0,1.375,310.005,-1.9795,37.050000000000004,0.0,257.832,0.0,0
46987,-1.8760000000000001,67.62700000000001,0.0,0.0,-1.331,350.0786,0.0,0.0,10.391,0,1.0,1.5150000000000001,309.915,1.9795,36.93,0.0,257.832,0.0,0
46987,-1.8760000000000001,67.62700000000001,0.0,0.0,-1.331,350.0786,0.0,0.0,10.41,0,0.0,1.52,310.005,0.0907,37.47,0.0,257.832,0.0,0
46987,-1.8760000000000001,67.62700000000001,0.0,0.0,-1.331,350.0786,0.0,0.0,10.43,0,0.0,1.58,310.005,-0.9897,37.26,0.0,257.832,0.0,0
46987,-1.5350000000000001,67.62700000000001,0.0,0.0,-1.331,350.0786,0.0,0.0,10.449,0,0.0,1.7550000000000001,310.005,3.1259,36.6,0.0,257.832,0.0,0
46987,-1.8760000000000001,67.62700000000001,0.0,0.0,-1.331,350.0786,0.0,0.0,10.469000000000001,0,2.0,1.78,309.915,1.0722,36.0,0.0,257.832,0.0,0
46987,-1.705,67.62700000000001,0.0,0.0,-1.331,350.0786,0.0,0.0,10.488000000000001,0,2.0,1.86,310.005,-1.9795,35.13,0.0,257.832,0.0,0
46987,-2.0460000000000003,67.62700000000001,0.0,0.0,-1.331,350.0786,0.0,0.0,10.508000000000001,0,0.0,1.92,309.915,-0.0495,34.83,0.0,257.832,0.0,0
46987,-1.5350000000000001,67.62700000000001,0.0,0.0,-1.331,350.0786,0.0,0.0,10.513,0,2.0,1.895,309.915,-0.46190000000000003,34.68,0.0,257.832,0.0,0
46987,-1.5350000000000001,67.62700000000001,0.0,0.0,-1.331,350.0786,0.0,0.0,10.532,0,1.0,1.805,310.14000000000004,3.8270000000000004,34.02,0.0,257.832,0.0,0
46987,-1.8760000000000001,67.62700000000001,0.0,0.0,-1.331,350.0786,0.0,0.0,10.552000000000001,0,1.0,1.745,310.005,0.2639,34.68,0.0,257.832,0.0,0
46987,-1.705,67.62700000000001,0.0,0.0,-1.331,350.0786,0.0,0.0,10.571,0,1.0,1.645,310.005,-0.39590000000000003,36.03,0.0,257.832,0.0,0
46987,-1.5350000000000001,67.62700000000001,0.0,0.0,-1.331,350.0786,0.0,0.0,10.596,0,0.0,1.5050000000000001,309.915,-2.4743,37.11,0.0,257.832,0.0,0
46987,-1.5350000000000001,67.62700000000001,0.0,0.0,-1.331,350.0786,0.0,0.0,10.615,0,0.0,1.43,309.915,0.39590000000000003,37.5,0.0,257.832,0.0,0
46987,-2.0460000000000003,67.62700000000001,0.0,0.0,-1.331,350.0786,0.0,0.0,10.635,0,0.0,1.2750000000000001,310.005,2.3754,37.47,0.0,257.832,0.0,0
46987,-1.5350000000000001,67.62700000000001,0.0,0.0,-1.331,350.0786,0.0,0.0,10.654,0,2.0,1.18,310.14000000000004,4.0909,36.39,0.0,257.832,0.0,0
46987,-1.8760000000000001,67.62700000000001,0.0,0.0,-1.331,350.0786,0.0,0.0,10.679,0,0.0,1.0150000000000001,310.14000000000004,3.2661000000000002,35.82,0.0,257.832,0.0,0
46987,-1.8760000000000001,67.62700000000001,0.0,0.0,-1.331,350.0786,0.0,0.0,10.698,0,1.0,0.985,310.005,1.3196,35.88,0.0,257.832,0.0,0
46987,-1.8760000000000001,67.62700000000001,0.0,0.0,-1.331,350.0786,0.0,0.0,10.718,0,2.0,0.965,309.915,-3.0022,36.99,0.0,257.832,0.0,0
46987,-1.5350000000000001,67.62700000000001,0.0,0.0,-1.331,350.0786,0.0,0.0,10.737,0,0.0,0.925,310.005,-5.938400000000001,36.42,0.0,257.832,0.0,0
46987,-1.5350000000000001,67.62700000000001,0.0,0.0,-1.331,350.0786,0.0,0.0,10.757,0,1.0,0.995,310.005,-3.4311000000000003,35.43,0.0,257.832,0.0,0
46987,-1.5350000000000001,67.62700000000001,0.0,0.0,-1.331,350.0786,0.0,0.0,10.776,0,0.0,1.075,310.005,1.5836000000000001,34.14,0.0,257.832,0.0,0
46987,-1.705,67.62700000000001,0.0,0.0,-1.331,350.0786,0.0,0.0,10.796000000000001,0,0.0,1.215,310.14000000000004,2.5403000000000002,34.26,0.0,257.832,0.0,0
46987,-1.5350000000000001,67.62700000000001,0.0,0.0,-1.331,350.0786,0.0,0.0,10.815000000000001,0,0.0,1.36,310.005,1.1877,35.7,0.0,257.832,0.0,0
46987,-1.5350000000000001,67.62700000000001,0.0,0.0,-1.331,350.0786,0.0,0.0,10.835,0,1.0,1.46,310.14000000000004,2.2764,36.63,0.0,257.832,0.0,0
46987,-1.705,67.62700000000001,0.0,0.0,-1.331,350.0786,0.0,0.0,10.854000000000001,0,1.0,1.545,310.005,-1.9795,37.47,0.0,257.832,0.0,0
46987,-1.5350000000000001,67.62700000000001,0.0,0.0,-1.331,350.0786,0.0,0.0,10.874,0,0.0,1.71,309.915,-2.8372,37.44,0.0,257.832,0.0,0
46987,-1.705,67.62700000000001,0.0,0.0,-1.331,350.0786,0.0,0.0,10.894,0,0.0,1.78,310.005,-0.9238000000000001,36.9,0.0,257.832,0.0,0
46987,-2.0460000000000003,67.62700000000001,0.0,0.0,-1.331,350.0786,0.0,0.0,10.913,0,0.0,1.835,310.005,-0.5279,37.2,0.0,257.832,0.0,0
46987,-1.705,67.62700000000001,0.0,0.0,-1.331,350.0786,0.0,0.0,10.933,0,1.0,1.7850000000000001,310.14000000000004,1.5836000000000001,37.050000000000004,0.0,257.832,0.0,0
46987,-1.705,67.62700000000001,0.0,0.0,-1.331,350.0786,0.0,0.0,10.957,0,1.0,1.675,310.005,0.7918000000000001,37.38,0.0,257.832,0.0,0
46987,-1.5350000000000001,67.62700000000001,0.0,0.0,-1.331,350.0786,0.0,0.0,10.977,0,0.0,1.565,309.915,-1.9795,37.5,0.0,257.832,0.0,0
46987,-1.5350000000000001,67.62700000000001,0.0,0.0,-1.331,350.0786,0.0,0.0,10.996,0,1.0,1.555,310.005,1.4186,37.2,0.0,257.832,0.0,0
46987,-1.5350000000000001,67.62700000000001,0.0,0.0,-1.331,350.0786,0.0,0.0,11.016,0,0.0,1.3900000000000001,310.005,1.1877,35.46,0.0,257.832,0.0,0
46987,-1.705,67.62700000000001,0.0,0.0,-1.331,350.0786,0.0,0.0,11.040000000000001,0,1.0,1.245,309.915,0.7918000000000001,34.89,0.0,257.832,0.0,0
46987,-1.8760000000000001,67.62700000000001,0.0,0.0,-1.331,350.0786,0.0,0.0,11.06,0,0.0,1.145,310.005,-0.39590000000000003,35.04,0.0,257.832,0.0,0
46987,-1.5350000000000001,67.62700000000001,0.0,0.0,-1.331,350.0786,0.0,0.0,11.06,0,0.0,1.165,309.915,-0.9732000000000001,35.07,0.0,257.832,0.0,0
46987,-2.0460000000000003,67.62700000000001,0.0,0.0,-1.331,350.0786,0.0,0.0,11.079,0,2.0,1.06,310.005,-2.0455,36.84,0.0,257.832,0.0,0
46987,-1.705,67.62700000000001,0.0,0.0,-1.331,350.0786,0.0,0.0,11.104000000000001,0,0.0,1.01,310.005,0.1155,38.61,0.0,257.832,0.0,0
46987,-1.5350000000000001,67.62700000000001,0.0,0.0,-1.331,350.0786,0.0,0.0,11.123000000000001,0,1.0,0.97,310.005,1.3196,39.33,0.0,257.832,0.0,0
46987,-1.8760000000000001,67.62700000000001,0.0,0.0,-1.331,350.0786,0.0,0.0,11.143,0,0.0,1.025,310.005,3.4971,38.25,0.0,257.832,0.0,0
46987,-1.705,67.62700000000001,0.0,0.0,-1.331,350.0786,0.0,0.0,11.162,0,0.0,1.055,310.005,-0.34640000000000004,37.17,0.0,257.832,0.0,0
46987,-1.8760000000000001,67.62700000000001,0.0,0.0,-1.331,350.0786,0.0,0.0,11.182,0,0.0,1.105,310.005,-1.5176,36.96,0.0,257.832,0.0,0
46987,-1.705,67.62700000000001,0.0,0.0,-1.331,350.0786,0.0,0.0,11.201,0,0.0,1.18,310.14000000000004,1.1217000000000001,36.75,0.0,257.832,0.0,0
46987,-1.5350000000000001,67.62700000000001,0.0,0.0,-1.331,350.0786,0.0,0.0,11.221,0,2.0,1.2550000000000001,310.005,3.4311000000000003,36.93,0.0,257.832,0.0,0
46987,-1.5350000000000001,67.62700000000001,0.0,0.0,-1.331,350.0786,0.0,0.0,11.24,0,0.0,1.395,310.005,2.9692000000000003,36.54,0.0,257.832,0.0,0
46987,-1.8760000000000001,67.62700000000001,0.0,0.0,-1.331,350.0786,0.0,0.0,11.26,0,1.0,1.445,310.005,-3.3404000000000003,36.36,0.0,257.832,0.0,0
46987,-1.705,67.62700000000001,0.0,0.0,-1.331,350.0786,0.0,0.0,11.279,0,0.0,1.56,310.14000000000004,1.7815,35.4,0.0,257.832,0.0,0
46987,-1.705,67.62700000000001,0.0,0.0,-1.331,350.0786,0.0,0.0,11.299000000000001,0,0.0,1.54,309.915,0.6763,35.07,0.0,257.832,0.0,0
46987,-1.8760000000000001,67.62700000000001,0.0,0.0,-1.331,350.0786,0.0,0.0,11.318000000000001,0,0.0,1.55,309.915,-5.1301000000000005,35.730000000000004,0.0,257.832,0.0,0
46987,-1.705,67.62700000000001,0.0,0.0,-1.331,350.0786,0.0,0.0,11.338000000000001,0,0.0,1.6400000000000001,310.005,-4.1321,37.32,0.0,257.832,0.0,0
46987,-1.8760000000000001,67.62700000000001,0.0,0.0,-1.331,350.0786,0.0,0.0,11.362,0,0.0,1.52,309.915,0.5444,38.4,0.0,257.832,0.0,0
46987,-1.8760000000000001,67.62700000000001,0.0,0.0,-1.331,350.0786,0.0,0.0,11.382,0,1.0,1.56,310.005,-0.0165,38.28,0.0,257.832,0.0,0
46987,-1.8760000000000001,67.62700000000001,0.0,0.0,-1.331,350.0786,0.0,0.0,11.401,0,1.0,1.435,310.005,-0.6763,37.86,0.0,257.832,0.0,0
46987,-1.705,67.62700000000001,0.0,0.0,-1.331,350.0786,0.0,0.0,11.421000000000001,0,0.0,1.325,310.14000000000004,4.7755,37.800000000000004,0.0,257.832,0.0,0
46987,-1.5350000000000001,67.62700000000001,0.0,0.0,-1.331,350.0786,0.0,0.0,11.440000000000001,0,1.0,1.2,310.005,2.8867000000000003,37.74,0.0,257.832,0.0,0
46987,-2.0460000000000003,67.62700000000001,0.0,0.0,-1.331,350.0786,0.0,0.0,11.465,0,2.0,1.2650000000000001,310.005,-3.9589000000000003,37.410000000000004,0.0,257.832,0.0,0
46987,-2.0460000000000003,67.62700000000001,0.0,0.0,-1.331,350.0786,0.0,0.0,11.484,0,1.0,1.05,310.14000000000004,-0.2887,36.480000000000004,0.0,257.832,0.0,0
46987,-2.0460000000000003,67.62700000000001,0.0,0.0,-1.331,350.0786,0.0,0.0,11.504000000000001,0,1.0,1.03,309.915,3.7115,36.21,0.0,257.832,0.0,0
46987,-1.705,67.62700000000001,0.0,0.0,-1.331,350.0786,0.0,0.0,11.523,0,0.0,1.0050000000000001,310.005,0.066,35.58,0.0,257.832,0.0,0
46987,-2.217,67.62700000000001,0.0,0.0,-1.331,350.0786,0.0,0.0,11.543000000000001,0,0.0,0.85,309.915,-4.2476,35.49,0.0,257.832,0.0,0
46987,-2.217,67.62700000000001,0.0,0.0,-1.331,350.0786,0.0,0.0,11.567,0,0.0,0.87,309.915,-2.4249,35.28,0.0,257.832,0.0,0
46987,-1.5350000000000001,67.62700000000001,0.0,0.0,-1.331,350.0786,0.0,0.0,11.587,0,2.0,0.915,310.005,-1.9795,35.61,0.0,257.832,0.0,0
46987,-1.5350000000000001,67.62700000000001,0.0,0.0,-1.331,350.0786,0.0,0.0,11.606,0,0.0,1.02,310.005,1.9795,36.78,0.0,257.832,0.0,0
46987,-1.5350000000000001,67.62700000000001,0.0,0.0,-1.331,350.0786,0.0,0.0,11.626000000000001,0,1.0,1.08,310.005,4.1404000000000005,38.25,0.0,257.832,0.0,0
46987,-1.5350000000000001,67.62700000000001,0.0,0.0,-1.331,350.0786,0.0,0.0,11.646,0,1.0,1.28,310.005,0.3134,39.12,0.0,257.832,0.0,0
46987,-1.705,67.62700000000001,0.0,0.0,-1.331,350.0786,0.0,0.0,11.665000000000001,0,1.0,1.26,310.005,-3.3651,38.94,0.0,257.832,0.0,0
46987,-1.5350000000000001,67.62700000000001,0.0,0.0,-1.331,350.0786,0.0,0.0,11.665000000000001,0,2.0,1.215,310.005,-3.4311000000000003,38.97,0.0,257.832,0.0,0
46987,-1.705,67.62700000000001,0.0,0.0,-1.331,350.0786,0.0,0.0,11.685,0,0.0,1.335,310.005,-1.0557,38.19,0.0,257.832,0.0,0
46987,-1.705,67.62700000000001,0.0,0.0,-1.331,350.0786,0.0,0.0,11.704,0,2.0,1.5250000000000001,310.005,1.5836000000000001,36.99,0.0,257.832,0.0,0
46987,-1.705,67.62700000000001,0.0,0.0,-1.331,350.0786,0.0,0.0,11.724,0,0.0,1.655,309.915,1.4516,36.660000000000004,0.0,257.832,0.0,0
46987,-1.8760000000000001,67.62700000000001,0.0,0.0,-1.331,350.0786,0.0,0.0,11.743,0,1.0,1.69,310.005,1.0557,35.94,0.0,257.832,0.0,0
46987,-1.5350000000000001,67.62700000000001,0.0,0.0,-1.331,350.0786,0.0,0.0,11.763,0,1.0,1.77,310.005,0.39590000000000003,35.97,0.0,257.832,0.0,0
46987,-1.705,67.62700000000001,0.0,0.0,-1.331,350.0786,0.0,0.0,11.787,0,0.0,1.655,310.005,-2.4413,36.15,0.0,257.832,0.0,0
46987,-1.705,67.62700000000001,0.0,0.0,-1.331,350.0786,0.0,0.0,11.807,0,0.0,1.5150000000000001,310.005,-1.7155,36.36,0.0,257.832,0.0,0
46987,-1.705,67.62700000000001,0.0,0.0,-1.331,350.0786,0.0,0.0,11.826,0,0.0,1.465,310.005,0.0,36.78,0.0,257.832,0.0,0
46987,-2.0460000000000003,67.62700000000001,0.0,0.0,-1.331,350.0786,0.0,0.0,11.846,0,0.0,1.335,310.14000000000004,2.5073000000000003,37.83,0.0,257.832,0.0,0
46987,-1.8760000000000001,67.62700000000001,0.0,0.0,-1.331,350.0786,0.0,0.0,11.865,0,0.0,1.23,310.005,4.2229,38.1,0.0,257.832,0.0,0
46987,-1.5350000000000001,67.62700000000001,0.0,0.0,-1.331,350.0786,0.0,0.0,11.89,0,1.0,1.125,310.14000000000004,0.6598,38.49,0.0,257.832,0.0,0
46987,-1.705,67.62700000000001,0.0,0.0,-1.331,350.0786,0.0,0.0,11.909,0,0.0,1.105,310.005,1.6826,39.0,0.0,257.832,0.0,0
46987,-1.8760000000000001,67.62700000000001,0.0,0.0,-1.331,350.0786,0.0,0.0,11.929,0,1.0,1.02,310.005,0.132,38.64,0.0,257.832,0.0,0
46987,-2.217,67.62700000000001,0.0,0.0,-1.331,350.0786,0.0,0.0,11.948,0,1.0,1.035,310.005,-5.4435,37.86,0.0,257.832,0.0,0
46987,-1.5350000000000001,67.62700000000001,0.0,0.0,-1.331,350.0786,0.0,0.0,11.968,0,0.0,1.03,310.005,-1.3196,37.14,0.0,257.832,0.0,0
46987,-1.5350000000000001,67.62700000000001,0.0,0.0,-1.331,350.0786,0.0,0.0,11.987,0,1.0,1.065,310.14000000000004,-0.099,35.76,0.0,257.832,0.0,0
46987,-1.5350000000000001,67.62700000000001,0.0,0.0,-1.331,350.0786,0.0,0.0,12.012,0,0.0,1.165,310.005,0.9238000000000001,35.4,0.0,257.832,0.0,0
46987,-1.5350000000000001,67.62700000000001,0.0,0.0,-1.331,350.0786,0.0,0.0,12.031,0,2.0,1.24,310.14000000000004,1.7485000000000002,35.82,0.0,257.832,0.0,0
46987,-1.705,67.62700000000001,0.0,0.0,-1.331,350.0786,0.0,0.0,12.051,0,0.0,1.36,310.005,-1.5836000000000001,35.76,0.0,257.832,0.0,0
46987,-1.5350000000000001,67.62700000000001,0.0,0.0,-1.331,350.0786,0.0,0.0,12.07,0,1.0,1.5050000000000001,309.915,-3.3651,36.69,0.0,257.832,0.0,0
46987,-1.8760000000000001,67.62700000000001,0.0,0.0,-1.331,350.0786,0.0,0.0,12.09,0,0.0,1.625,310.005,-2.5073000000000003,38.01,0.0,257.832,0.0,0
46987,-1.5350000000000001,67.62700000000001,0.0,0.0,-1.331,350.0786,0.0,0.0,12.09,0,0.0,1.705,310.005,-1.4929000000000001,38.19,0.0,257.832,0.0,0
46987,-1.8760000000000001,67.62700000000001,0.0,0.0,-1.331,350.0786,0.0,0.0,12.109,0,2.0,1.78,310.14000000000004,4.0002,38.61,0.0,257.832,0.0,0
46987,-1.705,67.62700000000001,0.0,0.0,-1.331,350.0786,0.0,0.0,12.129000000000001,0,0.0,1.8900000000000001,310.14000000000004,1.4764000000000002,38.04,0.0,257.832,0.0,0
46987,-1.5350000000000001,67.62700000000001,0.0,0.0,-1.331,350.0786,0.0,0.0,12.148000000000001,0,1.0,1.93,310.005,-1.4516,37.83,0.0,257.832,0.0,0
46987,-1.8760000000000001,67.62700000000001,0.0,0.0,-1.331,350.0786,0.0,0.0,12.168000000000001,0,2.0,1.85,310.14000000000004,-1.1877,37.68,0.0,257.832,0.0,0
46987,-1.705,67.62700000000001,0.0,0.0,-1.331,350.0786,0.0,0.0,12.188,0,1.0,1.945,310.14000000000004,1.2124000000000001,37.53,0.0,257.832,0.0,0
46987,-1.705,67.62700000000001,0.0,0.0,-1.331,350.0786,0.0,0.0,12.207,0,0.0,1.94,309.915,-1.4351,37.38,0.0,257.832,0.0,0
46987,-1.5350000000000001,67.62700000000001,0.0,0.0,-1.331,350.0786,0.0,0.0,12.231,0,0.0,1.865,310.005,-3.1672000000000002,36.81,0.0,257.832,0.0,0
46987,-1.705,67.62700000000001,0.0,0.0,-1.331,350.0786,0.0,0.0,12.251000000000001,0,2.0,1.71,310.005,-1.4929000000000001,35.49,0.0,257.832,0.0,0
46987,-1.8760000000000001,67.62700000000001,0.0,0.0,-1.331,350.0786,0.0,0.0,12.271,0,0.0,1.49,309.915,-1.0392000000000001,34.89,0.0,257.832,0.0,0
46987,-1.705,67.62700000000001,0.0,0.0,-1.331,350.0786,0.0,0.0,12.290000000000001,0,1.0,1.345,309.915,-1.5671000000000002,34.59,0.0,257.832,0.0,0
46987,-1.705,67.62700000000001,0.0,0.0,-1.331,350.0786,0.0,0.0,12.314,0,0.0,1.3800000000000001,310.14000000000004,2.6805000000000003,34.77,0.0,257.832,0.0,0
46987,-1.5350000000000001,67.62700000000001,0.0,0.0,-1.331,350.0786,0.0,0.0,12.334000000000001,0,1.0,1.285,310.005,6.3178,36.45,0.0,257.832,0.0,0
46987,-1.5350000000000001,67.62700000000001,0.0,0.0,-1.331,350.0786,0.0,0.0,12.354000000000001,0,0.0,1.2,310.005,0.3794,38.160000000000004,0.0,257.832,0.0,0
46987,-1.705,67.62700000000001,0.0,0.0,-1.331,350.0786,0.0,0.0,12.373000000000001,0,0.0,1.145,309.915,-4.1816,38.52,0.0,257.832,0.0,0
46987,-1.5350000000000001,67.62700000000001,0.0,0.0,-1.331,350.0786,0.0,0.0,12.393,0,1.0,1.1,310.005,-0.5031,37.77,0.0,257.832,0.0,0
46987,-2.0460000000000003,67.62700000000001,0.0,0.0,-1.331,350.0786,0.0,0.0,12.412,0,1.0,1.21,309.915,-1.3032000000000001,37.11,0.0,257.832,0.0,0
46987,-1.5350000000000001,67.62700000000001,0.0,0.0,-1.331,350.0786,0.0,0.0,12.432,0,2.0,1.325,310.005,-0.5279,37.02,0.0,257.832,0.0,0
46987,-1.5350000000000001,67.62700000000001,0.0,0.0,-1.331,350.0786,0.0,0.0,12.456000000000001,0,0.0,1.44,310.005,1.7815,36.78,0.0,257.832,0.0,0
46987,-1.5350000000000001,67.62700000000001,0.0,0.0,-1.331,350.0786,0.0,0.0,12.476,0,2.0,1.415,310.005,2.3094,36.9,0.0,257.832,0.0,0
46987,-2.0460000000000003,67.62700000000001,0.0,0.0,-1.331,350.0786,0.0,0.0,12.495000000000001,0,1.0,1.5,310.005,-1.2537,36.03,0.0,257.832,0.0,0
46987,-2.0460000000000003,67.62700000000001,0.0,0.0,-1.331,350.0786,0.0,0.0,12.515,0,0.0,1.595,309.915,-0.9238000000000001,35.04,0.0,257.832,0.0,0
46987,-1.705,67.62700000000001,0.0,0.0,-1.331,350.0786,0.0,0.0,12.534,0,1.0,1.7550000000000001,310.005,-0.6598,34.77,0.0,257.832,0.0,0
46987,-1.705,67.62700000000001,0.0,0.0,-1.331,350.0786,0.0,0.0,12.554,0,0.0,1.795,310.005,2.8372,35.28,0.0,257.832,0.0,0
46987,-1.5350000000000001,67.62700000000001,0.0,0.0,-1.331,350.0786,0.0,0.0,12.573,0,0.0,1.8900000000000001,310.005,1.6331,35.49,0.0,257.832,0.0,0
46987,-1.5350000000000001,67.62700000000001,0.0,0.0,-1.331,350.0786,0.0,0.0,12.573,0,1.0,1.96,310.005,0.9897,35.61,0.0,257.832,0.0,0
46987,-1.705,67.62700000000001,0.0,0.0,-1.331,350.0786,0.0,0.0,12.593,0,0.0,1.945,310.23,2.6393,36.87,0.0,257.832,0.0,0
46987,-1.705,67.62700000000001,0.0,0.0,-1.331,350.0786,0.0,0.0,12.612,0,0.0,1.97,310.005,0.2639,38.25,0.0,257.832,0.0,0
46987,-1.5350000000000001,67.62700000000001,0.0,0.0,-1.331,350.0786,0.0,0.0,12.632000000000001,0,0.0,1.935,309.915,-3.563,38.52,0.0,257.832,0.0,0
46987,-1.705,67.62700000000001,0.0,0.0,-1.331,350.0786,0.0,0.0,12.656,0,2.0,1.87,310.005,-3.0022,38.01,0.0,257.832,0.0,0
46987,-1.5350000000000001,67.62700000000001,0.0,0.0,-1.331,350.0786,0.0,0.0,12.676,0,0.0,1.9000000000000001,310.14000000000004,5.2786,37.14,0.0,257.832,0.0,0
46987,-1.705,67.62700000000001,0.0,0.0,-1.331,350.0786,0.0,0.0,12.695,0,0.0,1.7850000000000001,309.915,0.7918000000000001,37.2,0.0,257.832,0.0,0
46987,-1.8760000000000001,67.62700000000001,0.0,0.0,-1.331,350.0786,0.0,0.0,12.715,0,1.0,1.705,310.005,-3.6950000000000003,36.87,0.0,257.832,0.0,0
46987,-1.705,67.62700000000001,0.0,0.0,-1.331,350.0786,0.0,0.0,12.734,0,0.0,1.645,310.005,0.6268,36.57,0.0,257.832,0.0,0
46987,-1.705,67.62700000000001,0.0,0.0,-1.331,350.0786,0.0,0.0,12.773000000000001,0,1.0,6.065,310.005,-0.132,36.51,0.0,257.832,0.0,0
46987,-2.0460000000000003,67.62700000000001,0.0,0.0,-1.331,350.0786,0.0,0.0,12.949,0,0.0,8.92,310.005,-1.3196,35.61,0.0,257.832,0.0,0
46987,-1.705,67.62700000000001,0.0,0.0,-1.331,350.0786,0.0,0.0,13.325000000000001,0,1.0,7.98,310.005,0.6598,34.56,0.0,257.832,0.0,0
46987,-1.8760000000000001,67.62700000000001,0.0,0.0,-1.331,350.0786,0.0,0.0,13.828000000000001,0,0.0,2.45,310.005,-1.3196,34.38,0.0,257.832,0.0,0
46987,-1.5350000000000001,67.62700000000001,0.0,0.0,-1.331,350.0786,0.0,0.0,14.331000000000001,0,0.0,2.745,310.005,-1.3196,35.4,0.0,257.832,0.0,0
46987,-1.5350000000000001,67.62700000000001,0.0,0.0,-1.331,350.0786,0.0,0.0,14.834000000000001,0,0.0,3.2800000000000002,310.005,2.3754,36.99,0.0,257.832,0.0,0
46987,-1.705,67.62700000000001,0.0,0.0,-1.331,350.0786,0.0,0.0,15.337000000000002,0,1.0,2.86,310.005,1.7155,38.25,0.0,257.832,0.0,0
46987,-1.705,67.62700000000001,0.0,0.0,-1.331,350.0786,0.0,0.0,15.835,0,0.0,2.43,310.005,0.0,38.64,0.0,257.832,0.0,0
46987,-1.705,67.62700000000001,0.0,0.0,-1.331,350.0786,0.0,0.0,16.338,0,0.0,2.625,309.915,-2.2434000000000003,37.53,0.0,257.832,0.0,0
46987,-1.5350000000000001,67.62700000000001,0.0,0.0,-1.331,350.0786,0.0,0.0,16.836000000000002,0,0.0,2.455,310.005,-5.5425,36.27,0.0,257.832,0.0,0
46987,-1.705,67.62700000000001,0.0,0.0,-1.331,350.0786,0.0,0.0,17.339000000000002,0,-1.0,3.0300000000000002,310.005,0.7918000000000001,35.79,0.0,257.832,0.0,0
46987,-1.5350000000000001,67.62700000000001,0.0,0.0,-1.331,350.0786,0.0,0.0,17.837,0,1.0,2.835,309.915,5.0147,35.910000000000004,0.0,257.832,0.0,0
46987,-1.705,67.62700000000001,0.0,0.0,-1.331,350.0786,0.0,0.0,18.335,0,0.0,2.36,310.005,-0.39590000000000003,36.09,0.0,257.832,0.0,0
46987,-1.8760000000000001,67.62700000000001,0.0,0.0,-1.331,350.0786,0.0,0.0,18.838,0,0.0,2.39,310.005,-1.0557,36.03,0.0,257.832,0.0,0
46987,-1.5350000000000001,67.62700000000001,0.0,0.0,-1.331,350.0786,0.0,0.0,19.336000000000002,0,0.0,2.59,310.005,1.8475000000000001,35.61,0.0,257.832,0.0,0
46987,-1.5350000000000001,67.62700000000001,0.0,0.0,-1.331,350.0786,0.0,0.0,19.839000000000002,0,0.0,3.355,310.005,2.3754,34.68,0.0,257.832,0.0,0
46987,-1.5350000000000001,67.62700000000001,0.0,0.0,-1.331,350.0786,0.0,0.0,19.888,0,0.0,3.1,310.005,2.1774,34.65,0.0,257.832,0.0,0
46987,-2.0460000000000003,67.62700000000001,0.0,0.0,-1.331,350.0786,0.0,0.0,20.386,0,0.0,2.46,310.005,1.9795,35.22,0.0,257.832,0.0,0
46987,-1.5350000000000001,67.62700000000001,0.0,0.0,-1.331,350.0786,0.0,0.0,20.889,0,1.0,2.48,310.005,-1.9795,36.15,0.0,257.832,0.0,0
46987,-1.705,67.62700000000001,0.0,0.0,-1.331,350.0786,0.0,0.0,21.387,0,1.0,2.735,310.005,-0.7918000000000001,38.07,0.0,257.832,0.0,0
46987,-1.705,67.62700000000001,0.0,0.0,-1.331,350.0786,0.0,0.0,21.89,0,2.0,2.92,310.005,-0.7258,38.910000000000004,0.0,257.832,0.0,0
46987,-1.5350000000000001,67.62700000000001,0.0,0.0,-1.331,350.0786,0.0,0.0,22.388,0,0.0,2.95,309.915,-0.5773,38.22,0.0,257.832,0.0,0
46987,-1.5350000000000001,67.62700000000001,0.0,0.0,-1.331,350.0786,0.0,0.0,22.886000000000003,0,0.0,2.84,310.005,1.6743000000000001,37.2,0.0,257.832,0.0,0
46987,-1.705,67.62700000000001,0.0,0.0,-1.331,350.0786,0.0,0.0,23.389,0,0.0,2.595,310.14000000000004,1.3609,36.06,0.0,257.832,0.0,0
46987,-1.705,67.62700000000001,0.0,0.0,-1.331,350.0786,0.0,0.0,23.887,0,1.0,2.915,310.005,1.3196,36.15,0.0,257.832,0.0,0
46987,-1.705,67.62700000000001,0.0,0.0,-1.331,350.0786,0.0,0.0,24.39,0,2.0,2.615,310.005,-1.7815,35.82,0.0,257.832,0.0,0
46987,-1.5350000000000001,67.62700000000001,0.0,0.0,-1.331,350.0786,0.0,0.0,24.888,0,2.0,2.835,309.915,-1.699,35.730000000000004,0.0,257.832,0.0,0
46987,-1.5350000000000001,67.62700000000001,0.0,0.0,-1.331,350.0786,0.0,0.0,25.391000000000002,0,1.0,2.5,310.005,2.7713,35.61,0.0,257.832,0.0,0
46987,-1.705,67.62700000000001,0.0,0.0,-1.331,350.0786,0.0,0.0,25.889000000000003,0,1.0,2.11,309.915,-2.7548,35.43,0.0,257.832,0.0,0
46987,-1.5350000000000001,67.62700000000001,0.0,0.0,-1.331,350.0786,0.0,0.0,26.392000000000003,0,0.0,2.5300000000000002,310.005,-2.5898000000000003,35.730000000000004,0.0,257.832,0.0,0
46987,-1.705,67.62700000000001,0.0,0.0,-1.331,350.0786,0.0,0.0,26.89,0,0.0,2.47,309.915,-0.6433,36.33,0.0,257.832,0.0,0
46987,-1.705,67.62700000000001,0.0,0.0,-1.331,350.0786,0.0,0.0,27.393,0,1.0,2.625,310.005,4.0084,37.74,0.0,257.832,0.0,0
46987,-1.5350000000000001,67.62700000000001,0.0,0.0,-1.331,350.0786,0.0,0.0,27.891000000000002,0,1.0,2.415,310.005,0.46190000000000003,38.43,0.0,257.832,0.0,0
46987,-1.8760000000000001,67.62700000000001,0.0,0.0,-1.331,350.0786,0.0,0.0,28.389000000000003,0,0.0,2.325,309.915,-1.2537,38.67,0.0,257.832,0.0,0
46987,-1.5350000000000001,67.62700000000001,0.0,0.0,-1.331,350.0786,0.0,0.0,28.892000000000003,0,0.0,2.525,310.005,1.2537,38.22,0.0,257.832,0.0,0
46987,-1.8760000000000001,67.62700000000001,0.0,0.0,-1.331,350.0786,0.0,0.0,28.94,0,1.0,2.69,310.005,1.1877,38.160000000000004,0.0,257.832,0.0,0
46987,-1.705,67.62700000000001,0.0,0.0,-1.331,350.0786,0.0,0.0,29.443,0,1.0,2.65,310.005,0.5279,37.29,0.0,257.832,0.0,0
46987,-1.705,67.62700000000001,0.0,0.0,-1.331,350.0786,0.0,0.0,29.941000000000003,0,0.0,2.31,310.005,1.1877,37.02,0.0,257.832,0.0,0
46987,-1.8760000000000001,67.62700000000001,0.0,0.0,-1.331,350.0786,0.0,0.0,30.439,0,1.0,2.555,309.915,-2.3094,36.6,0.0,257.832,0.0,0
46987,-1.705,67.62700000000001,0.0,0.0,-1.331,350.0786,0.0,0.0,30.942,0,0.0,2.52,309.915,-4.6188,36.12,0.0,257.832,0.0,0
46987,-1.705,67.62700000000001,0.0,0.0,-1.331,350.0786,0.0,0.0,31.44,0,0.0,2.735,310.005,0.0,36.21,0.0,257.832,0.0,0
46987,-1.5350000000000001,67.62700000000001,0.0,0.0,-1.331,350.0786,0.0,0.0,31.943,0,1.0,2.8000000000000003,310.005,1.9795,36.03,0.0,257.832,0.0,0
46987,-1.705,67.62700000000001,0.0,0.0,-1.331,350.0786,0.0,0.0,32.441,0,2.0,2.595,310.005,-0.3299,36.75,0.0,257.832,0.0,0
46987,-1.705,67.62700000000001,0.0,0.0,-1.331,350.0786,0.0,0.0,32.939,0,1.0,2.435,310.005,-0.6598,36.99,0.0,257.832,0.0,0
46987,-1.5350000000000001,67.62700000000001,0.0,0.0,-1.331,350.0786,0.0,0.0,33.442,0,0.0,2.63,310.005,-1.3196,37.29,0.0,257.832,0.0,0
46987,-1.5350000000000001,67.62700000000001,0.0,0.0,-1.331,350.0786,0.0,0.0,33.940000000000005,0,0.0,2.745,310.14000000000004,2.7713,37.53,0.0,257.832,0.0,0
46987,-1.705,67.62700000000001,0.0,0.0,-1.331,350.0786,0.0,0.0,34.443000000000005,0,1.0,2.665,310.005,2.3754,37.980000000000004,0.0,257.832,0.0,0
46987,-1.8760000000000001,67.62700000000001,0.0,0.0,-1.331,350.0786,0.0,0.0,34.941,0,0.0,2.48,310.005,-1.5836000000000001,37.800000000000004,0.0,257.832,0.0,0
46987,-1.364,67.62700000000001,0.0,0.0,-1.331,350.0786,0.0,0.0,35.444,0,1.0,2.455,309.915,-3.2661000000000002,37.71,0.0,257.832,0.0,0
46987,-1.705,67.62700000000001,0.0,0.0,-1.331,350.0786,0.0,0.0,35.942,0,1.0,2.335,310.005,-1.1877,37.56,0.0,257.832,0.0,0
46987,-1.5350000000000001,67.62700000000001,0.0,0.0,-1.331,350.0786,0.0,0.0,36.440000000000005,0,0.0,2.7600000000000002,310.005,-2.9032,37.77,0.0,257.832,0.0,0
46987,-1.5350000000000001,67.62700000000001,0.0,0.0,-1.331,350.0786,0.0,0.0,36.943000000000005,0,1.0,2.505,310.14000000000004,6.8622000000000005,37.14,0.0,257.832,0.0,0
46987,-1.705,67.62700000000001,0.0,0.0,-1.331,350.0786,0.0,0.0,37.441,0,0.0,2.48,310.14000000000004,6.2353000000000005,36.69,0.0,257.832,0.0,0
46987,-1.5350000000000001,67.62700000000001,0.0,0.0,-1.331,350.0786,0.0,0.0,37.944,0,2.0,2.295,310.005,-2.9032,35.7,0.0,257.832,0.0,0
46987,-1.705,67.62700000000001,0.0,0.0,-1.331,350.0786,0.0,0.0,38.442,0,1.0,2.36,310.005,-5.4435,35.31,0.0,257.832,0.0,0
46987,-1.705,67.62700000000001,0.0,0.0,-1.331,350.0786,0.0,0.0,38.940000000000005,0,2.0,2.92,310.14000000000004,3.0352,35.85,0.0,257.832,0.0,0
46987,-1.5350000000000001,67.62700000000001,0.0,0.0,-1.331,350.0786,0.0,0.0,39.443000000000005,0,0.0,2.725,310.005,1.8475000000000001,36.660000000000004,0.0,257.832,0.0,0
46987,-1.5350000000000001,67.62700000000001,0.0,0.0,-1.331,350.0786,0.0,0.0,39.941,0,1.0,2.375,310.005,-3.1672000000000002,38.25,0.0,257.832,0.0,0
46987,-1.5350000000000001,67.62700000000001,0.0,0.0,-1.331,350.0786,0.0,0.0,40.444,0,0.0,2.515,309.915,-0.8908,38.1,0.0,257.832,0.0,0
46987,-1.5350000000000001,67.62700000000001,0.0,0.0,-1.331,350.0786,0.0,0.0,40.942,0,-1.0,2.62,310.005,-1.1877,37.65,0.0,257.832,0.0,0
46987,-1.5350000000000001,67.62700000000001,0.0,0.0,-1.331,350.0786,0.0,0.0,41.445,0,0.0,2.745,309.915,-0.46190000000000003,37.35,0.0,257.832,0.0,0
46987,-1.705,67.62700000000001,0.0,0.0,-1.331,350.0786,0.0,0.0,41.943000000000005,0,0.0,2.98,310.005,3.4311000000000003,36.93,0.0,257.832,0.0,0
46987,-1.5350000000000001,67.62700000000001,0.0,0.0,-1.331,350.0786,0.0,0.0,42.441,0,0.0,2.755,310.005,-1.0557,37.38,0.0,257.832,0.0,0
46987,-1.5350000000000001,67.62700000000001,0.0,0.0,-1.331,350.0786,0.0,0.0,42.944,0,1.0,2.71,309.915,-3.2991,37.83,0.0,257.832,0.0,0
46987,-1.5350000000000001,67.62700000000001,0.0,0.0,-1.331,350.0786,0.0,0.0,43.442,0,0.0,2.75,310.14000000000004,-0.099,36.87,0.0,257.832,0.0,0
46987,-1.5350000000000001,67.62700000000001,0.0,0.0,-1.331,350.0786,0.0,0.0,43.940000000000005,0,1.0,3.045,310.005,3.563,35.550000000000004,0.0,257.832,0.0,0
46987,-1.705,67.62700000000001,0.0,0.0,-1.331,350.0786,0.0,0.0,43.994,0,0.0,3.055,310.005,3.761,35.43,0.0,257.832,0.0,0
46987,-1.705,67.62700000000001,0.0,0.0,-1.331,350.0786,0.0,0.0,44.492000000000004,0,1.0,2.48,310.14000000000004,1.9382000000000001,35.22,0.0,257.832,0.0,0
46987,-1.5350000000000001,67.62700000000001,0.0,0.0,-1.331,350.0786,0.0,0.0,44.995000000000005,0,2.0,2.305,309.915,-1.8063,34.89,0.0,257.832,0.0,0
46987,-1.705,67.62700000000001,0.0,0.0,-1.331,350.0786,0.0,0.0,45.493,0,0.0,2.6350000000000002,309.915,-3.6125000000000003,35.88,0.0,257.832,0.0,0
46987,-1.8760000000000001,67.62700000000001,0.0,0.0,-1.331,350.0786,0.0,0.0,45.991,0,2.0,2.985,309.915,-1.2784,37.65,0.0,257.832,0.0,0
46987,-1.5350000000000001,67.62700000000001,0.0,0.0,-1.331,350.0786,0.0,0.0,46.494,0,0.0,2.625,310.005,2.4413,37.89,0.0,257.832,0.0,0
46987,-1.5350000000000001,67.62700000000001,0.0,0.0,-1.331,350.0786,0.0,0.0,46.997,0,0.0,2.24,309.915,-0.8578,37.89,0.0,257.832,0.0,0
46987,-2.0460000000000003,67.62700000000001,0.0,0.0,-1.331,350.0786,0.0,0.0,47.495000000000005,0,0.0,2.45,309.915,1.5341,38.1,0.0,257.832,0.0,0
46987,-1.705,67.62700000000001,0.0,0.0,-1.331,350.0786,0.0,0.0,47.993,0,2.0,2.5100000000000002,309.915,-0.5114000000000001,37.86,0.0,257.832,0.0,0
46987,-1.5350000000000001,67.62700000000001,0.0,0.0,-1.331,350.0786,0.0,0.0,48.496,0,1.0,2.845,309.915,-2.3589,37.59,0.0,257.832,0.0,0
46987,-1.705,67.62700000000001,0.0,0.0,-1.331,350.0786,0.0,0.0,48.994,0,0.0,2.825,310.005,2.4908,37.2,0.0,257.832,0.0,0
46987,-1.8760000000000001,67.62700000000001,0.0,0.0,-1.331,350.0786,0.0,0.0,49.497,0,0.0,2.315,309.915,2.0455,37.29,0.0,257.832,0.0,0
46987,-1.705,67.62700000000001,0.0,0.0,-1.331,350.0786,0.0,0.0,49.995000000000005,0,0.0,2.14,309.915,1.4516,36.21,0.0,257.832,0.0,0
46987,-1.5350000000000001,67.62700000000001,0.0,0.0,-1.331,350.0786,0.0,0.0,50.498000000000005,0,0.0,2.7,310.005,-0.43710000000000004,35.58,0.0,257.832,0.0,0
46987,-1.5350000000000001,67.62700000000001,0.0,0.0,-1.331,350.0786,0.0,0.0,50.996,0,0.0,2.81,309.915,1.7155,34.89,0.0,257.832,0.0,0
46987,-1.705,67.62700000000001,0.0,0.0,-1.331,350.0786,0.0,0.0,51.494,0,1.0,2.99,309.915,-3.0599000000000003,35.76,0.0,257.832,0.0,0
46987,-1.5350000000000001,67.62700000000001,0.0,0.0,-1.331,350.0786,0.0,0.0,51.997,0,0.0,2.645,310.005,-4.2889,37.2,0.0,257.832,0.0,0
46987,-1.705,67.62700000000001,0.0,0.0,-1.331,350.0786,0.0,0.0,52.495000000000005,0,1.0,2.54,309.915,1.732,38.4,0.0,257.832,0.0,0
46987,-1.705,67.62700000000001,0.0,0.0,-1.331,350.0786,0.0,0.0,52.998000000000005,0,0.0,2.84,309.915,2.9692000000000003,39.33,0.0,257.832,0.0,0
46987,-1.364,67.62700000000001,0.0,0.0,-1.331,350.0786,0.0,0.0,53.496,0,0.0,3.005,310.14000000000004,0.7505000000000001,38.550000000000004,0.0,257.832,0.0,0
46987,-1.8760000000000001,67.62700000000001,0.0,0.0,-1.331,350.0786,0.0,0.0,53.994,0,2.0,3.075,310.005,-0.6763,37.14,0.0,257.832,0.0,0
46987,-1.705,67.62700000000001,0.0,0.0,-1.331,350.0786,0.0,0.0,54.497,0,0.0,2.495,310.005,2.0455,36.6,0.0,257.832,0.0,0
46987,-1.705,67.62700000000001,0.0,0.0,-1.331,350.0786,0.0,0.0,54.995000000000005,0,0.0,2.43,310.005,-2.4166000000000003,37.35,0.0,257.832,0.0,0
46987,-1.5350000000000001,67.62700000000001,0.0,0.0,-1.331,350.0786,0.0,0.0,55.498000000000005,0,1.0,2.77,310.005,-1.8475000000000001,37.35,0.0,257.832,0.0,0
46987,-1.705,67.62700000000001,0.0,0.0,-1.331,350.0786,0.0,0.0,55.996,0,0.0,2.95,310.005,0.7918000000000001,37.32,0.0,257.832,0.0,0
46987,-1.5350000000000001,67.62700000000001,0.0,0.0,-1.331,350.0786,0.0,0.0,56.045,0,0.0,3.065,310.005,1.0557,37.32,0.0,257.832,0.0,0
46987,-1.5350000000000001,67.62700000000001,0.0,0.0,-1.331,350.0786,0.0,0.0,56.548,0,1.0,2.71,310.005,1.3196,37.02,0.0,257.832,0.0,0
46987,-1.705,67.62700000000001,0.0,0.0,-1.331,350.0786,0.0,0.0,57.051,0,2.0,2.075,309.915,-2.5733,35.76,0.0,257.832,0.0,0
46987,-2.0460000000000003,67.62700000000001,0.0,0.0,-1.331,350.0786,0.0,0.0,57.549,0,1.0,2.04,310.005,-1.0557,34.71,0.0,257.832,0.0,0
46987,-1.705,67.62700000000001,0.0,0.0,-1.331,350.0786,0.0,0.0,58.047000000000004,0,1.0,2.75,310.005,0.5279,35.7,0.0,257.832,0.0,0
46987,-1.705,67.62700000000001,0.0,0.0,-1.331,350.0786,0.0,0.0,58.550000000000004,0,0.0,2.875,309.915,0.2639,36.6,0.0,257.832,0.0,0
46987,-1.364,67.62700000000001,0.0,0.0,-1.331,350.0786,0.0,0.0,59.048,0,1.0,2.73,309.915,1.6496000000000002,37.08,0.0,257.832,0.0,0
46987,-1.705,67.62700000000001,0.0,0.0,-1.331,350.0786,0.0,0.0,59.551,0,0.0,2.65,310.14000000000004,1.0557,37.62,0.0,257.832,0.0,0
46987,-1.5350000000000001,67.62700000000001,0.0,0.0,-1.331,350.0786,0.0,0.0,60.049,0,1.0,2.515,310.005,-1.6496000000000002,37.71,0.0,257.832,0.0,0
46987,-1.705,67.62700000000001,0.0,0.0,-1.331,350.0786,0.0,0.0,60.547000000000004,0,1.0,3.095,310.005,1.7155,36.93,0.0,257.832,0.0,0
46987,-1.5350000000000001,67.62700000000001,0.0,0.0,-1.331,350.0786,0.0,0.0,61.045,0,-1.0,3.31,310.005,-0.4289,36.57,0.0,257.832,0.0,0
46987,-1.8760000000000001,67.62700000000001,0.0,0.0,-1.331,350.0786,0.0,0.0,61.548,0,0.0,2.89,309.915,-1.8475000000000001,36.6,0.0,257.832,0.0,0
46987,-1.5350000000000001,67.62700000000001,0.0,0.0,-1.331,350.0786,0.0,0.0,62.051,0,1.0,2.5,310.005,-0.5279,36.42,0.0,257.832,0.0,0
46987,-1.364,67.62700000000001,0.0,0.0,-1.331,350.0786,0.0,0.0,62.1,0,2.0,2.505,310.005,-0.39590000000000003,36.42,0.0,257.832,0.0,0
46987,-1.705,67.62700000000001,0.0,0.0,-1.331,350.0786,0.0,0.0,62.598000000000006,0,0.0,2.825,310.005,0.9238000000000001,36.21,0.0,257.832,0.0,0
46987,-1.364,67.62700000000001,0.0,0.0,-1.331,350.0786,0.0,0.0,63.096000000000004,0,1.0,3.64,310.14000000000004,1.2124000000000001,35.28,0.0,257.832,0.0,0
46987,-1.705,67.62700000000001,0.0,0.0,-1.331,350.0786,0.0,0.0,63.599000000000004,0,0.0,3.2800000000000002,310.005,-0.8578,34.86,0.0,257.832,0.0,0
46987,-1.5350000000000001,67.62700000000001,0.0,0.0,-1.331,350.0786,0.0,0.0,64.09700000000001,0,2.0,2.73,310.005,-0.19790000000000002,34.59,0.0,257.832,0.0,0
46987,-1.705,67.62700000000001,0.0,0.0,-1.331,350.0786,0.0,0.0,64.60000000000001,0,0.0,2.36,309.915,0.8330000000000001,35.1,0.0,257.832,0.0,0
46987,-1.364,67.62700000000001,0.0,0.0,-1.331,350.0786,0.0,0.0,65.098,0,2.0,3.0500000000000003,309.915,-1.2537,36.21,0.0,257.832,0.0,0
46987,-1.705,67.62700000000001,0.0,0.0,-1.331,350.0786,0.0,0.0,65.596,0,0.0,3.435,310.005,0.132,36.99,0.0,257.832,0.0,0
46987,-1.705,67.62700000000001,0.0,0.0,-1.331,350.0786,0.0,0.0,66.099,0,1.0,3.165,310.005,1.4104,37.68,0.0,257.832,0.0,0
46987,-1.705,67.62700000000001,0.0,0.0,-1.331,350.0786,0.0,0.0,66.602,0,1.0,2.775,310.005,-0.7423000000000001,38.01,0.0,257.832,0.0,0
46987,-1.5350000000000001,67.62700000000001,0.0,0.0,-1.331,350.0786,0.0,0.0,67.10000000000001,0,0.0,2.1750000000000003,310.005,0.0,37.35,0.0,257.832,0.0,0
46987,-1.5350000000000001,67.62700000000001,0.0,0.0,-1.331,350.0786,0.0,0.0,67.598,0,0.0,2.63,310.005,-1.1877,36.42,0.0,257.832,0.0,0
46987,-1.705,67.62700000000001,0.0,0.0,-1.331,350.0786,0.0,0.0,68.086,0,1.0,0.25,310.005,0.132,35.46,0.0,257.832,0.0,0
46987,-1.5350000000000001,67.62700000000001,0.0,0.0,-1.331,350.0786,0.0,0.0,68.13000000000001,0,2.0,-0.17,310.005,0.2639,35.37,0.0,257.832,0.0,0
46987,-1.5350000000000001,67.62700000000001,0.0,0.0,-1.331,350.0786,0.0,0.0,68.491,0,0.0,-3.0,310.005,1.5836000000000001,35.31,0.0,257.832,0.0,0
46987,-1.705,67.62700000000001,0.0,0.0,-1.331,350.0786,0.0,0.0,68.677,0,0.0,-3.23,309.915,-1.8475000000000001,35.25,0.0,257.832,0.0,0
46987,-1.705,67.62700000000001,0.0,0.0,-1.331,350.0786,0.0,0.0,68.726,0,2.0,-0.155,310.005,-0.5279,35.34,0.0,257.832,0.0,0
46987,-1.5350000000000001,67.62700000000001,0.0,0.0,-1.331,350.0786,0.0,0.0,68.735,0,0.0,-0.085,310.005,0.7918000000000001,34.68,0.0,257.832,0.0,0
46987,-1.5350000000000001,67.62700000000001,0.0,0.0,-1.331,350.0786,0.0,0.0,68.735,0,1.0,0.6,309.915,-1.0557,35.160000000000004,0.0,257.832,0.0,0
46987,-1.5350000000000001,67.62700000000001,0.0,0.0,-1.331,350.0786,0.0,0.0,68.735,0,1.0,0.5650000000000001,310.005,-0.5279,36.57,0.0,257.832,0.0,0
46987,-1.5350000000000001,67.62700000000001,0.0,0.0,-1.331,350.0786,0.0,0.0,68.73,0,1.0,-1.77,309.915,2.7053000000000003,37.5,0.0,257.832,0.0,0
46987,-1.5350000000000001,67.62700000000001,0.0,0.0,-1.331,350.0786,0.0,0.0,68.652,0,0.0,-6.4350000000000005,310.005,0.6598,37.74,0.0,257.832,0.0,0
46987,-1.705,67.62700000000001,0.0,0.0,-1.331,350.0786,0.0,0.0,68.418,0,0.0,-7.985,310.005,0.5279,37.26,0.0,257.832,0.0,0
46987,-1.8760000000000001,67.62700000000001,0.0,0.0,-1.331,350.0786,0.0,0.0,67.99300000000001,0,0.0,-8.94,310.005,2.2434000000000003,36.87,0.0,257.832,0.0,0
46987,-1.5350000000000001,67.62700000000001,0.0,0.0,-1.331,350.0786,0.0,0.0,67.36800000000001,0,1.0,-8.495000000000001,310.005,-1.5836000000000001,36.33,0.0,257.832,0.0,0
46987,-1.705,67.62700000000001,0.0,0.0,-1.331,350.0786,0.0,0.0,66.577,0,0.0,-8.565,309.915,-1.8475000000000001,36.18,0.0,257.832,0.0,0
46987,-1.5350000000000001,67.62700000000001,0.0,0.0,-1.331,350.0786,0.0,0.0,65.635,0,1.0,-6.08,309.915,0.8578,34.92,0.0,257.832,0.0,0
46987,-1.8760000000000001,67.62700000000001,0.0,0.0,-1.331,350.0786,0.0,0.2,64.629,0,0.0,-3.285,310.14000000000004,1.8475000000000001,35.01,0.0,257.832,0.0,0
46987,-1.705,67.62700000000001,0.0,0.0,-1.331,350.0786,0.0,0.0,63.623000000000005,0,0.0,-3.5100000000000002,309.915,2.1114,34.65,0.0,257.832,0.0,0
46987,-1.5350000000000001,67.62700000000001,0.0,0.0,-1.331,350.0786,0.0,0.0,63.521,0,0.0,-3.355,309.915,0.8578,34.62,0.0,257.832,0.0,0
46987,-1.5350000000000001,67.62700000000001,0.0,0.0,-1.331,350.0786,0.0,0.0,62.52,0,0.0,-3.325,310.005,-0.14850000000000002,34.95,0.0,257.832,0.0,0
46987,-1.5350000000000001,67.62700000000001,0.0,0.0,-1.331,350.0786,0.0,0.0,61.523,0,1.0,-3.8850000000000002,309.915,-3.1919,35.730000000000004,0.0,257.832,0.0,0
46987,-1.705,67.62700000000001,0.0,0.0,-1.331,350.0786,0.0,0.0,60.522000000000006,0,1.0,-3.105,310.005,1.0392000000000001,35.94,0.0,257.832,0.0,0
46987,-2.0460000000000003,67.62700000000001,0.0,0.0,-1.331,350.0786,0.0,0.0,59.521,0,0.0,-3.61,310.005,-0.6598,36.6,0.0,257.832,0.0,0
46987,-2.0460000000000003,67.62700000000001,0.0,0.0,-1.331,350.0786,0.0,0.0,58.521,0,2.0,-3.67,310.14000000000004,3.5218000000000003,36.87,0.0,257.832,0.0,0
46987,-1.5350000000000001,67.62700000000001,0.0,0.0,-1.331,350.0786,0.0,0.0,57.52,0,0.0,-3.615,309.915,1.1382,36.9,0.0,257.832,0.0,0
46987,-1.5350000000000001,67.62700000000001,0.0,0.0,-1.331,350.0786,0.0,0.0,56.523,0,0.0,-4.175,310.005,0.5279,36.84,0.0,257.832,0.0,0
46987,-1.364,67.62700000000001,0.0,0.0,-1.331,350.0786,0.0,0.0,55.522000000000006,0,0.0,-3.63,310.005,-3.563,36.84,0.0,257.832,0.0,0
46987,-1.5350000000000001,67.62700000000001,0.0,0.0,-1.331,350.0786,0.0,0.0,54.521,0,2.0,-3.48,309.915,0.0,36.69,0.0,257.832,0.0,0
46987,-1.5350000000000001,67.62700000000001,0.0,0.0,-1.331,350.0786,0.0,0.0,53.521,0,1.0,-3.52,310.005,0.9897,35.97,0.0,257.832,0.0,0
46987,-1.705,67.62700000000001,0.0,0.0,-1.331,350.0786,0.0,0.0,52.52,0,0.0,-3.1550000000000002,309.915,-0.0495,35.4,0.0,257.832,0.0,0
46987,-1.5350000000000001,67.62700000000001,0.0,0.0,-1.331,350.0786,0.0,0.0,51.519000000000005,0,0.0,-3.765,310.005,0.0247,34.89,0.0,257.832,0.0,0
46987,-1.705,67.62700000000001,0.0,0.0,-1.331,350.0786,0.0,0.0,50.518,0,1.0,-3.615,310.005,-1.3196,34.92,0.0,257.832,0.0,0
46987,-1.5350000000000001,67.62700000000001,0.0,0.0,-1.331,350.0786,0.0,0.0,49.517,0,1.0,-3.25,309.915,2.0620000000000003,35.550000000000004,0.0,257.832,0.0,0
46987,-1.5350000000000001,67.62700000000001,0.0,0.0,-1.331,350.0786,0.0,0.0,48.521,0,1.0,-3.74,310.14000000000004,0.0412,35.64,0.0,257.832,0.0,0
46987,-1.5350000000000001,67.62700000000001,0.0,0.0,-1.331,350.0786,0.0,0.0,47.52,0,1.0,-3.52,310.005,-0.5444,35.61,0.0,257.832,0.0,0
46987,-1.5350000000000001,67.62700000000001,0.0,0.0,-1.331,350.0786,0.0,0.0,46.519000000000005,0,0.0,-4.25,310.14000000000004,2.928,36.660000000000004,0.0,257.832,0.0,0
46987,-1.364,67.62700000000001,0.0,0.0,-1.331,350.0786,0.0,0.0,45.518,0,1.0,-3.52,310.005,2.1774,36.57,0.0,257.832,0.0,0
46987,-1.8760000000000001,67.62700000000001,0.0,0.0,-1.331,350.0786,0.0,0.0,44.517,0,0.0,-3.495,309.915,-3.8105,36.78,0.0,257.832,0.0,0
46987,-1.5350000000000001,67.62700000000001,0.0,0.0,-1.331,350.0786,0.0,0.0,43.516000000000005,0,1.0,-3.125,310.005,-5.5425,37.14,0.0,257.832,0.0,0
46987,-1.364,67.62700000000001,0.0,0.0,-1.331,350.0786,0.0,0.0,42.515,0,0.0,-3.085,309.915,2.2599,36.69,0.0,257.832,0.0,0
46987,-1.5350000000000001,67.62700000000001,0.0,0.0,-1.331,350.0786,0.0,0.0,41.519000000000005,0,1.0,-3.61,310.005,1.3032000000000001,36.81,0.0,257.832,0.0,0
46987,-1.364,67.62700000000001,0.0,0.0,-1.331,350.0786,0.0,0.0,40.518,0,2.0,-3.245,310.005,2.1774,36.75,0.0,257.832,0.0,0
46987,-1.5350000000000001,67.62700000000001,0.0,0.0,-1.331,350.0786,0.0,0.0,39.517,0,2.0,-3.46,310.005,3.6950000000000003,36.39,0.0,257.832,0.0,0
46987,-1.8760000000000001,67.62700000000001,0.0,0.0,-1.331,350.0786,0.0,0.0,39.414,0,0.0,-3.545,310.005,3.4311000000000003,36.300000000000004,0.0,257.832,0.0,0
46987,-1.5350000000000001,67.62700000000001,0.0,0.0,-1.331,350.0786,0.0,0.0,38.418,0,0.0,-3.27,310.005,-3.4311000000000003,34.62,0.0,257.832,0.0,0
46987,-1.5350000000000001,67.62700000000001,0.0,0.0,-1.331,350.0786,0.0,0.0,37.417,0,0.0,-3.3200000000000003,310.005,-1.7155,33.93,0.0,257.832,0.0,0
46987,-1.705,67.62700000000001,0.0,0.0,-1.331,350.0786,0.0,0.0,36.416000000000004,0,0.0,-3.785,310.14000000000004,3.0682,34.11,0.0,257.832,0.0,0
46987,-1.8760000000000001,67.62700000000001,0.0,0.0,-1.331,350.0786,0.0,0.0,35.415,0,1.0,-3.43,310.14000000000004,5.938400000000001,35.7,0.0,257.832,0.0,0
46987,-1.705,67.62700000000001,0.0,0.0,-1.331,350.0786,0.0,0.0,34.414,0,0.0,-3.435,310.005,1.0557,37.62,0.0,257.832,0.0,0
46987,-1.5350000000000001,67.62700000000001,0.0,0.0,-1.331,350.0786,0.0,0.0,33.418,0,1.0,-3.465,310.005,-6.8622000000000005,38.22,0.0,257.832,0.0,0
46987,-1.5350000000000001,67.62700000000001,0.0,0.0,-1.331,350.0786,0.0,0.0,32.412,0,0.0,-3.1,309.915,-6.4333,38.1,0.0,257.832,0.0,0
46987,-1.364,67.62700000000001,0.0,0.0,-1.331,350.0786,0.0,0.0,31.416,0,0.0,-3.5300000000000002,310.005,-0.5279,36.99,0.0,257.832,0.0,0
46987,-1.705,67.62700000000001,0.0,0.0,-1.331,350.0786,0.0,0.0,30.415000000000003,0,0.0,-3.025,310.005,4.486800000000001,37.26,0.0,257.832,0.0,0
46987,-1.705,67.62700000000001,0.0,0.0,-1.331,350.0786,0.0,0.0,29.414,0,1.0,-3.835,309.915,0.39590000000000003,37.17,0.0,257.832,0.0,0
46987,-1.5350000000000001,67.62700000000001,0.0,0.0,-1.331,350.0786,0.0,0.0,28.413,0,1.0,-3.31,310.005,-3.1672000000000002,36.93,0.0,257.832,0.0,0
46987,-1.5350000000000001,67.62700000000001,0.0,0.0,-1.331,350.0786,0.0,0.0,27.417,0,-1.0,-3.475,310.14000000000004,3.8270000000000004,37.32,0.0,257.832,0.0,0
46987,-1.5350000000000001,67.62700000000001,0.0,0.0,-1.331,350.0786,0.0,0.0,26.416,0,1.0,-3.6550000000000002,310.005,3.3651,37.59,0.0,257.832,0.0,0
46987,-1.5350000000000001,67.62700000000001,0.0,0.0,-1.331,350.0786,0.0,0.0,25.415000000000003,0,0.0,-3.69,310.005,-1.1877,36.93,0.0,257.832,0.0,0
46987,-1.5350000000000001,67.62700000000001,0.0,0.0,-1.331,350.0786,0.0,0.0,24.414,0,0.0,-3.215,310.005,-1.4846000000000001,35.79,0.0,257.832,0.0,0
46987,-1.364,67.62700000000001,0.0,0.0,-1.331,350.0786,0.0,0.0,23.413,0,0.0,-3.59,310.005,1.9795,35.64,0.0,257.832,0.0,0
46987,-1.5350000000000001,67.62700000000001,0.0,0.0,-1.331,350.0786,0.0,0.0,22.412000000000003,0,0.0,-3.54,310.005,-3.1672000000000002,36.81,0.0,257.832,0.0,0
46987,-1.705,67.62700000000001,0.0,0.0,-1.331,350.0786,0.0,0.0,21.411,0,0.0,-3.35,310.005,-2.5073000000000003,38.31,0.0,257.832,0.0,0
46987,-1.5350000000000001,67.62700000000001,0.0,0.0,-1.331,350.0786,0.0,0.0,20.415000000000003,0,1.0,-3.065,310.14000000000004,5.179600000000001,39.09,0.0,257.832,0.0,0
46987,-1.705,67.62700000000001,0.0,0.0,-1.331,350.0786,0.0,0.0,19.414,0,1.0,-3.5300000000000002,309.915,0.9238000000000001,39.06,0.0,257.832,0.0,0
46987,-1.705,67.62700000000001,0.0,0.0,-1.331,350.0786,0.0,0.0,18.418,0,-1.0,-0.915,310.14000000000004,1.7485000000000002,38.19,0.0,257.832,0.0,0
46987,-1.5350000000000001,67.62700000000001,0.0,0.0,-1.331,350.0786,0.0,0.0,17.554000000000002,0,1.0,7.58,310.14000000000004,-1.3196,36.93,0.0,257.832,0.0,0
46987,-1.5350000000000001,67.62700000000001,0.0,0.0,-1.331,350.0786,0.0,0.0,17.002000000000002,0,0.0,8.215,310.005,-2.9692000000000003,36.99,0.0,257.832,0.0,0
46987,-1.5350000000000001,67.62700000000001,0.0,0.0,-1.331,350.0786,0.0,0.0,16.782,0,0.0,5.17,310.005,-3.9589000000000003,36.09,0.0,257.832,0.0,0
46987,-1.705,67.62700000000001,0.0,0.0,-1.331,350.0786,0.0,0.0,16.772000000000002,0,0.0,4.32,310.005,-3.2744,36.12,0.0,257.832,0.0,0
46987,-1.5350000000000001,67.62700000000001,0.0,0.0,-1.331,350.0786,0.0,-0.2,16.743000000000002,0,0.0,-0.255,310.005,-2.0867,35.88,0.0,257.832,0.0,0
46987,-1.705,67.62700000000001,0.0,0.0,-1.331,350.0786,0.0,0.0,16.738,0,1.0,0.045,310.005,3.8930000000000002,36.0,0.0,257.832,0.0,0
46987,-1.5350000000000001,67.62700000000001,0.0,0.0,-1.331,350.0786,0.0,0.0,16.743000000000002,0,0.0,-0.335,310.005,-1.1217000000000001,35.7,0.0,257.832,0.0,0
46987,-1.5350000000000001,67.62700000000001,0.0,0.0,-1.331,350.0786,0.0,0.0,16.743000000000002,0,2.0,-0.255,310.005,-3.3651,35.79,0.0,257.832,0.0,0
46987,-1.5350000000000001,67.62700000000001,0.0,0.0,-1.331,350.0786,0.0,0.0,16.743000000000002,0,0.0,-0.17,310.005,3.3898,36.6,0.0,257.832,0.0,0
46987,-1.5350000000000001,67.62700000000001,0.0,0.0,-1.331,350.0786,0.0,0.0,16.743000000000002,0,1.0,-0.155,309.915,0.6103000000000001,37.53,0.0,257.832,0.0,0
46987,-1.5350000000000001,67.62700000000001,0.0,0.0,-1.331,350.0786,0.0,0.0,16.743000000000002,0,0.0,1.725,310.005,-0.0165,38.43,0.0,257.832,0.0,0
46987,-1.5350000000000001,67.62700000000001,0.0,0.0,-1.331,350.0786,0.0,0.0,16.836000000000002,0,1.0,8.25,310.005,-0.5938,38.49,0.0,257.832,0.0,0
46987,-1.705,67.62700000000001,0.0,0.0,-1.331,350.0786,0.0,0.0,17.134,0,1.0,7.675,309.915,-1.3691,38.43,0.0,257.832,0.0,0
46987,-1.5350000000000001,67.62700000000001,0.0,0.0,-1.331,350.0786,0.0,0.0,17.607,0,0.0,3.755,310.005,-0.39590000000000003,37.44,0.0,257.832,0.0,0
46987,-1.5350000000000001,67.62700000000001,0.0,0.0,-1.331,350.0786,0.0,0.0,18.12,0,1.0,2.2800000000000002,310.005,0.7918000000000001,36.36,0.0,257.832,0.0,0
46987,-1.5350000000000001,67.62700000000001,0.0,0.0,-1.331,350.0786,0.0,0.0,18.623,0,0.0,2.64,310.005,2.8867000000000003,35.76,0.0,257.832,0.0,0
46987,-1.5350000000000001,67.62700000000001,0.0,0.0,-1.331,350.0786,0.0,0.0,19.126,0,2.0,2.0300000000000002,310.005,2.1774,36.0,0.0,257.832,0.0,0
46987,-1.705,67.62700000000001,0.0,0.0,-1.331,350.0786,0.0,0.0,19.624000000000002,0,0.0,2.105,310.14000000000004,0.9650000000000001,36.69,0.0,257.832,0.0,0
46987,-1.194,67.62700000000001,0.0,0.0,-1.331,350.0786,0.0,0.0,20.127000000000002,0,1.0,2.56,309.915,-1.8310000000000002,36.45,0.0,257.832,0.0,0
46987,-1.5350000000000001,67.62700000000001,0.0,0.0,-1.331,350.0786,0.0,-0.2,20.625,0,0.0,2.86,309.915,-1.7650000000000001,36.18,0.0,257.832,0.0,0
46987,-1.5350000000000001,67.62700000000001,0.0,0.0,-1.331,350.0786,0.0,0.0,21.128,0,0.0,2.505,310.005,-2.8372,36.27,0.0,257.832,0.0,0
46987,-1.5350000000000001,67.62700000000001,0.0,0.0,-1.331,350.0786,0.0,0.0,21.626,0,1.0,2.115,310.14000000000004,2.5981,37.5,0.0,257.832,0.0,0
46987,-1.5350000000000001,67.62700000000001,0.0,0.0,-1.331,350.0786,0.0,0.0,21.675,0,0.0,1.955,310.14000000000004,3.0022,37.56,0.0,257.832,0.0,0
46987,-1.5350000000000001,67.62700000000001,0.0,0.0,-1.331,350.0786,0.0,0.0,22.178,0,1.0,2.535,310.005,1.7155,37.980000000000004,0.0,257.832,0.0,0
46987,-1.705,67.62700000000001,0.0,0.0,-1.331,350.0786,0.0,0.0,22.676000000000002,0,1.0,2.865,310.005,-0.7918000000000001,38.85,0.0,257.832,0.0,0
46987,-1.364,67.62700000000001,0.0,0.0,-1.331,350.0786,0.0,0.0,23.174,0,1.0,3.2,310.005,-2.7713,38.58,0.0,257.832,0.0,0
46987,-1.5350000000000001,67.62700000000001,0.0,0.0,-1.331,350.0786,0.0,0.0,23.677,0,1.0,2.555,310.005,1.5836000000000001,38.37,0.0,257.832,0.0,0
46987,-1.8760000000000001,67.62700000000001,0.0,0.0,-1.331,350.0786,0.0,0.0,24.175,0,0.0,2.08,309.915,-0.9238000000000001,38.07,0.0,257.832,0.0,0
46987,-1.5350000000000001,67.62700000000001,0.0,0.0,-1.331,350.0786,0.0,-0.2,24.678,0,1.0,2.375,310.005,-2.9032,37.62,0.0,257.832,0.0,0
46987,-1.705,67.62700000000001,0.0,0.0,-1.331,350.0786,0.0,0.0,25.176000000000002,0,0.0,2.975,310.005,2.7713,36.72,0.0,257.832,0.0,0
46987,-1.5350000000000001,67.62700000000001,0.0,0.0,-1.331,350.0786,0.0,0.0,25.679000000000002,0,0.0,2.955,310.005,0.9897,35.97,0.0,257.832,0.0,0
46987,-1.5350000000000001,67.62700000000001,0.0,0.0,-1.331,350.0786,0.0,0.0,26.177,0,0.0,2.4050000000000002,309.915,-3.8270000000000004,36.300000000000004,0.0,257.832,0.0,0
46987,-1.5350000000000001,67.62700000000001,0.0,0.0,-1.331,350.0786,0.0,0.0,26.68,0,0.0,1.895,309.915,0.066,36.6,0.0,257.832,0.0,0
46987,-1.8760000000000001,67.62700000000001,0.0,0.0,-1.331,350.0786,0.0,0.0,27.178,0,0.0,2.32,310.005,1.5836000000000001,36.480000000000004,0.0,257.832,0.0,0
46987,-1.194,67.62700000000001,0.0,0.0,-1.331,350.0786,0.0,0.0,27.676000000000002,0,2.0,2.74,310.005,-1.9135000000000002,37.29,0.0,257.832,0.0,0
46987,-1.705,67.62700000000001,0.0,0.0,-1.331,350.0786,0.0,0.0,28.179000000000002,0,0.0,2.8000000000000003,309.915,-1.7155,38.19,0.0,257.832,0.0,0
46987,-1.364,67.62700000000001,0.0,0.0,-1.331,350.0786,0.0,0.0,28.677,0,1.0,2.45,309.915,0.066,38.52,0.0,257.832,0.0,0
46987,-1.705,67.62700000000001,0.0,0.0,-1.331,350.0786,0.0,0.0,29.18,0,0.0,1.875,310.005,1.9795,38.94,0.0,257.832,0.0,0
46987,-1.5350000000000001,67.62700000000001,0.0,0.0,-1.331,350.0786,0.0,0.0,29.678,0,1.0,2.3850000000000002,310.005,3.8930000000000002,39.33,0.0,257.832,0.0,0
46987,-1.5350000000000001,67.62700000000001,0.0,0.0,-1.331,350.0786,0.0,0.0,30.176000000000002,0,0.0,2.81,310.14000000000004,1.7155,38.52,0.0,257.832,0.0,0
46987,-1.5350000000000001,67.62700000000001,0.0,0.0,-1.331,350.0786,0.0,0.0,30.679000000000002,0,0.0,2.985,310.005,-1.8475000000000001,37.44,0.0,257.832,0.0,0
46987,-1.364,67.62700000000001,0.0,0.0,-1.331,350.0786,0.0,0.0,31.177000000000003,0,1.0,2.415,309.915,-1.4516,36.54,0.0,257.832,0.0,0
46987,-1.5350000000000001,67.62700000000001,0.0,0.0,-1.331,350.0786,0.0,0.0,31.680000000000003,0,-1.0,2.025,310.005,-0.4289,36.03,0.0,257.832,0.0,0
46987,-1.705,67.62700000000001,0.0,0.0,-1.331,350.0786,0.0,0.0,32.178000000000004,0,1.0,2.56,309.915,-1.7155,35.67,0.0,257.832,0.0,0
46987,-1.5350000000000001,67.62700000000001,0.0,0.0,-1.331,350.0786,0.0,0.0,32.676,0,1.0,3.09,310.005,0.7258,35.49,0.0,257.832,0.0,0
46987,-1.5350000000000001,67.62700000000001,0.0,0.0,-1.331,350.0786,0.0,0.0,33.179,0,2.0,3.015,310.14000000000004,3.1672000000000002,35.79,0.0,257.832,0.0,0
46987,-1.364,67.62700000000001,0.0,0.0,-1.331,350.0786,0.0,0.0,33.677,0,0.0,2.56,310.14000000000004,-0.165,36.81,0.0,257.832,0.0,0
46987,-1.364,67.62700000000001,0.0,0.0,-1.331,350.0786,0.0,0.0,34.18,0,0.0,2.045,310.005,0.2639,37.68,0.0,257.832,0.0,0
46987,-1.364,67.62700000000001,0.0,0.0,-1.331,350.0786,0.0,0.0,34.678000000000004,0,0.0,2.575,310.005,1.6826,38.01,0.0,257.832,0.0,0
46987,-1.705,67.62700000000001,0.0,0.0,-1.331,350.0786,0.0,0.0,35.181000000000004,0,0.0,2.9250000000000003,310.005,-2.3754,38.46,0.0,257.832,0.0,0
46987,-1.5350000000000001,67.62700000000001,0.0,0.0,-1.331,350.0786,0.0,0.0,35.679,0,1.0,2.875,309.915,-3.629,38.34,0.0,257.832,0.0,0
46987,-1.5350000000000001,67.62700000000001,0.0,0.0,-1.331,350.0786,0.0,0.0,36.182,0,1.0,2.41,310.005,-0.5279,38.19,0.0,257.832,0.0,0
46987,-1.705,67.62700000000001,0.0,0.0,-1.331,350.0786,0.0,0.0,36.68,0,0.0,1.74,310.14000000000004,2.5403000000000002,37.77,0.0,257.832,0.0,0
46987,-1.5350000000000001,67.62700000000001,0.0,0.0,-1.331,350.0786,0.0,0.0,37.183,0,0.0,2.5500000000000003,310.005,3.2991,37.17,0.0,257.832,0.0,0
46987,-1.5350000000000001,67.62700000000001,0.0,0.0,-1.331,350.0786,0.0,0.0,37.681000000000004,0,2.0,2.72,310.005,0.7918000000000001,36.33,0.0,257.832,0.0,0
46987,-1.5350000000000001,67.62700000000001,0.0,0.0,-1.331,350.0786,0.0,-0.2,38.179,0,0.0,2.865,310.14000000000004,0.0,36.03,0.0,257.832,0.0,0
46987,-1.5350000000000001,67.62700000000001,0.0,0.0,-1.331,350.0786,0.0,-0.2,38.682,0,1.0,2.54,310.005,-0.2639,35.550000000000004,0.0,257.832,0.0,0
46987,-1.5350000000000001,67.62700000000001,0.0,0.0,-1.331,350.0786,0.0,0.0,39.18,0,0.0,2.075,310.005,-0.9238000000000001,35.37,0.0,257.832,0.0,0
46987,-1.5350000000000001,67.62700000000001,0.0,0.0,-1.331,350.0786,0.0,0.0,39.683,0,1.0,2.505,309.915,-0.8908,35.67,0.0,257.832,0.0,0
46987,-1.5350000000000001,67.62700000000001,0.0,0.0,-1.331,350.0786,0.0,0.0,39.731,0,0.0,2.85,309.915,-0.48660000000000003,35.79,0.0,257.832,0.0,0
46987,-1.5350000000000001,67.62700000000001,0.0,0.0,-1.331,350.0786,0.0,0.0,40.229,0,0.0,2.83,309.915,-1.1712,37.59,0.0,257.832,0.0,0
46987,-1.5350000000000001,67.62700000000001,0.0,0.0,-1.331,350.0786,0.0,0.0,40.732,0,1.0,2.86,310.14000000000004,0.43710000000000004,38.34,0.0,257.832,0.0,0
46987,-1.5350000000000001,67.62700000000001,0.0,0.0,-1.331,350.0786,0.0,0.0,41.230000000000004,0,1.0,2.365,309.915,2.1774,38.34,0.0,257.832,0.0,0
46987,-1.5350000000000001,67.62700000000001,0.0,0.0,-1.331,350.0786,0.0,0.0,41.733000000000004,0,0.0,2.15,310.14000000000004,5.3198,37.35,0.0,257.832,0.0,0
46987,-1.5350000000000001,67.62700000000001,0.0,0.0,-1.331,350.0786,0.0,-0.2,42.231,0,0.0,3.0700000000000003,309.915,-2.2681,36.78,0.0,257.832,0.0,0
46987,-1.5350000000000001,67.62700000000001,0.0,0.0,-1.331,350.0786,0.0,0.0,42.729,0,0.0,3.36,310.005,-1.8475000000000001,36.660000000000004,0.0,257.832,0.0,0
46987,-1.5350000000000001,67.62700000000001,0.0,0.0,-1.331,350.0786,0.0,0.0,43.228,0,1.0,2.995,309.915,-0.8165,37.89,0.0,257.832,0.0,0
46987,-1.364,67.62700000000001,0.0,0.0,-1.331,350.0786,0.0,0.0,43.730000000000004,0,0.0,2.64,310.005,0.7918000000000001,37.410000000000004,0.0,257.832,0.0,0
46987,-1.5350000000000001,67.62700000000001,0.0,0.0,-1.331,350.0786,0.0,0.0,44.233000000000004,0,1.0,2.25,310.005,0.39590000000000003,36.57,0.0,257.832,0.0,0
46987,-1.5350000000000001,67.62700000000001,0.0,0.0,-1.331,350.0786,0.0,0.0,44.731,0,0.0,2.765,310.005,0.2639,35.550000000000004,0.0,257.832,0.0,0
46987,-1.364,67.62700000000001,0.0,0.0,-1.331,350.0786,0.0,0.0,45.229,0,1.0,3.18,310.005,-0.132,34.68,0.0,257.832,0.0,0
46987,-1.364,67.62700000000001,0.0,0.0,-1.331,350.0786,0.0,0.0,45.732,0,1.0,3.0,310.005,1.1877,34.56,0.0,257.832,0.0,0
46987,-1.364,67.62700000000001,0.0,0.0,-1.331,350.0786,0.0,0.0,46.230000000000004,0,1.0,2.3850000000000002,310.005,1.3856000000000002,35.82,0.0,257.832,0.0,0
46987,-1.5350000000000001,67.62700000000001,0.0,0.0,-1.331,350.0786,0.0,0.0,46.733000000000004,0,0.0,2.0100000000000002,310.005,2.9032,37.5,0.0,257.832,0.0,0
46987,-1.364,67.62700000000001,0.0,0.0,-1.331,350.0786,0.0,0.0,47.231,0,0.0,2.7600000000000002,310.005,-1.4516,38.94,0.0,257.832,0.0,0
46987,-1.364,67.62700000000001,0.0,0.0,-1.331,350.0786,0.0,0.0,47.734,0,0.0,3.09,309.915,-4.3796,39.87,0.0,257.832,0.0,0
46987,-1.5350000000000001,67.62700000000001,0.0,0.0,-1.331,350.0786,0.0,0.0,48.232,0,1.0,2.66,310.14000000000004,2.8125,38.25,0.0,257.832,0.0,0
46987,-1.5350000000000001,67.62700000000001,0.0,0.0,-1.331,350.0786,0.0,0.0,48.735,0,1.0,2.195,309.915,3.1012,37.410000000000004,0.0,257.832,0.0,0
46987,-1.5350000000000001,67.62700000000001,0.0,0.0,-1.331,350.0786,0.0,0.0,49.233000000000004,0,0.0,2.15,310.14000000000004,1.5423,36.480000000000004,0.0,257.832,0.0,0
46987,-1.705,67.62700000000001,0.0,0.0,-1.331,350.0786,0.0,0.0,49.731,0,0.0,2.805,310.14000000000004,2.6146000000000003,36.63,0.0,257.832,0.0,0
46987,-1.5350000000000001,67.62700000000001,0.0,0.0,-1.331,350.0786,0.0,0.0,50.234,0,0.0,2.935,309.915,0.132,37.230000000000004,0.0,257.832,0.0,0
46987,-1.5350000000000001,67.62700000000001,0.0,0.0,-1.331,350.0786,0.0,0.0,50.732,0,1.0,2.915,310.005,-7.0354,36.54,0.0,257.832,0.0,0
46987,-1.705,67.62700000000001,0.0,0.0,-1.331,350.0786,0.0,0.0,51.235,0,0.0,2.295,310.005,0.0247,35.550000000000004,0.0,257.832,0.0,0
46987,-1.5350000000000001,67.62700000000001,0.0,0.0,-1.331,350.0786,0.0,0.0,51.733000000000004,0,1.0,2.27,309.915,0.0825,35.160000000000004,0.0,257.832,0.0,0
46987,-1.5350000000000001,67.62700000000001,0.0,0.0,-1.331,350.0786,0.0,0.0,51.782000000000004,0,0.0,2.5100000000000002,309.915,-0.39590000000000003,35.13,0.0,257.832,0.0,0
46987,-1.364,67.62700000000001,0.0,0.0,-1.331,350.0786,0.0,0.0,52.285000000000004,0,0.0,3.2,310.005,-2.9032,35.37,0.0,257.832,0.0,0
46987,-1.364,67.62700000000001,0.0,0.0,-1.331,350.0786,0.0,0.0,52.783,0,1.0,3.315,310.14000000000004,2.2434000000000003,36.75,0.0,257.832,0.0,0
46987,-1.5350000000000001,67.62700000000001,0.0,0.0,-1.331,350.0786,0.0,0.2,53.281000000000006,0,1.0,2.7,310.005,-0.8578,37.47,0.0,257.832,0.0,0
46987,-1.194,67.62700000000001,0.0,0.0,-1.331,350.0786,0.0,0.0,53.784000000000006,0,0.0,2.24,310.005,0.132,38.49,0.0,257.832,0.0,0
46987,-1.194,67.62700000000001,0.0,0.0,-1.331,350.0786,0.0,0.0,54.282000000000004,0,0.0,2.52,310.005,1.1547,37.86,0.0,257.832,0.0,0
46987,-1.5350000000000001,67.62700000000001,0.0,0.0,-1.331,350.0786,0.0,0.0,54.785000000000004,0,0.0,3.315,310.005,-1.3196,37.08,0.0,257.832,0.0,0
46987,-1.5350000000000001,67.62700000000001,0.0,0.0,-1.331,350.0786,0.0,0.0,55.283,0,0.0,3.19,310.005,2.3754,36.57,0.0,257.832,0.0,0
46987,-1.705,67.62700000000001,0.0,0.0,-1.331,350.0786,0.0,-0.2,55.786,0,0.0,2.73,310.005,1.7155,35.67,0.0,257.832,0.0,0
46987,-1.705,67.62700000000001,0.0,0.0,-1.331,350.0786,0.0,0.0,56.284000000000006,0,0.0,2.4250000000000003,310.005,0.0,35.79,0.0,257.832,0.0,0
46987,-1.364,67.62700000000001,0.0,0.0,-1.331,350.0786,0.0,0.0,56.787000000000006,0,1.0,2.445,310.005,-1.7155,35.64,0.0,257.832,0.0,0
46987,-1.364,67.62700000000001,0.0,0.0,-1.331,350.0786,0.0,0.0,57.285000000000004,0,0.0,2.97,309.915,-4.4208,35.7,0.0,257.832,0.0,0
46987,-1.194,67.62700000000001,0.0,0.0,-1.331,350.0786,0.0,0.0,57.783,0,0.0,2.895,310.14000000000004,5.5425,35.49,0.0,257.832,0.0,0
46987,-1.5350000000000001,67.62700000000001,0.0,0.0,-1.331,350.0786,0.0,0.0,58.286,0,1.0,2.42,310.005,2.9032,35.49,0.0,257.832,0.0,0
46987,-1.364,67.62700000000001,0.0,0.0,-1.331,350.0786,0.0,0.0,58.784000000000006,0,0.0,2.055,310.14000000000004,1.4516,36.15,0.0,257.832,0.0,0
46987,-1.364,67.62700000000001,0.0,0.0,-1.331,350.0786,0.0,0.0,59.287000000000006,0,1.0,2.77,310.005,-0.6928000000000001,37.83,0.0,257.832,0.0,0
46987,-1.5350000000000001,67.62700000000001,0.0,0.0,-1.331,350.0786,0.0,0.2,59.785000000000004,0,1.0,3.345,309.915,-3.0352,38.31,0.0,257.832,0.0,0
46987,-1.705,67.62700000000001,0.0,0.0,-1.331,350.0786,0.0,0.0,60.283,0,1.0,3.225,310.005,-2.0125,38.1,0.0,257.832,0.0,0
46987,-1.705,67.62700000000001,0.0,0.0,-1.331,350.0786,0.0,0.0,60.283,0,1.0,3.225,310.005,-2.0125,38.1,0.0,257.832,0.0,0
46987,-1.194,67.62700000000001,0.0,0.0,-1.331,350.0786,0.0,0.0,60.786,0,1.0,2.775,310.14000000000004,3.563,37.59,0.0,257.832,0.0,0
46987,-1.5350000000000001,67.62700000000001,0.0,0.0,-1.331,350.0786,0.0,-0.2,61.284000000000006,0,1.0,2.395,310.005,3.1012,37.26,0.0,257.832,0.0,0
46987,-1.5350000000000001,67.62700000000001,0.0,0.0,-1.331,350.0786,0.0,0.0,61.787000000000006,0,0.0,2.645,310.005,-0.5279,36.54,0.0,257.832,0.0,0
46987,-1.364,67.62700000000001,0.0,0.0,-1.331,350.0786,0.0,0.0,62.285000000000004,0,1.0,3.37,310.14000000000004,-1.5836000000000001,36.57,0.0,257.832,0.0,0
46987,-1.5350000000000001,67.62700000000001,0.0,0.0,-1.331,350.0786,0.0,0.0,62.334,0,0.0,3.295,310.14000000000004,-0.132,36.57,0.0,257.832,0.0,0
46987,-1.194,67.62700000000001,0.0,0.0,-1.331,350.0786,0.0,0.0,62.837,0,0.0,3.25,309.915,0.34640000000000004,36.87,0.0,257.832,0.0,0
46987,-1.5350000000000001,67.62700000000001,0.0,0.0,-1.331,350.0786,0.0,0.0,63.335,0,1.0,2.595,310.005,-0.7258,36.69,0.0,257.832,0.0,0
46987,-1.364,67.62700000000001,0.0,0.0,-1.331,350.0786,0.0,0.0,63.838,0,0.0,2.77,310.005,-4.66,36.18,0.0,257.832,0.0,0
46987,-1.705,67.62700000000001,0.0,0.0,-1.331,350.0786,0.0,0.0,64.336,0,0.0,3.015,310.14000000000004,5.7817,36.24,0.0,257.832,0.0,0
46987,-1.364,67.62700000000001,0.0,0.0,-1.331,350.0786,0.0,0.0,64.834,0,0.0,3.68,310.23,3.1259,36.84,0.0,257.832,0.0,0
46987,-1.5350000000000001,67.62700000000001,0.0,0.0,-1.331,350.0786,0.0,0.0,65.337,0,1.0,3.095,310.14000000000004,1.8063,37.02,0.0,257.832,0.0,0
46987,-1.5350000000000001,67.62700000000001,0.0,0.0,-1.331,350.0786,0.0,0.0,65.83500000000001,0,0.0,2.5500000000000003,310.005,-1.2289,37.95,0.0,257.832,0.0,0
46987,-1.5350000000000001,67.62700000000001,0.0,0.0,-1.331,350.0786,0.0,0.0,66.33800000000001,0,1.0,3.085,310.005,-2.5898000000000003,38.37,0.0,257.832,0.0,0
46987,-1.0230000000000001,67.62700000000001,0.0,0.0,-1.331,350.0786,0.0,0.0,66.836,0,1.0,2.7600000000000002,310.14000000000004,1.3856000000000002,38.28,0.0,257.832,0.0,0
46987,-1.5350000000000001,67.62700000000001,0.0,0.0,-1.331,350.0786,0.0,0.0,67.339,0,2.0,3.35,309.915,-1.2372,38.67,0.0,257.832,0.0,0
46987,-1.5350000000000001,67.62700000000001,0.0,0.0,-1.331,350.0786,0.0,0.0,67.837,0,0.0,1.83,309.915,-1.3691,38.4,0.0,257.832,0.0,0
46987,-1.364,67.62700000000001,0.0,0.0,-1.331,350.0786,0.0,0.0,68.286,0,1.0,-2.985,310.005,-1.6248,37.86,0.0,257.832,0.0,0
46987,-1.5350000000000001,67.62700000000001,0.0,0.0,-1.331,350.0786,0.0,0.0,68.57900000000001,0,0.0,-3.23,310.005,-1.864,36.57,0.0,257.832,0.0,0
46987,-1.364,67.62700000000001,0.0,0.0,-1.331,350.0786,0.0,0.0,68.706,0,0.0,-2.52,310.14000000000004,1.6908,35.79,0.0,257.832,0.0,0
46987,-1.5350000000000001,67.62700000000001,0.0,0.0,-1.331,350.0786,0.0,0.0,68.73,0,2.0,0.855,309.915,3.1837,35.910000000000004,0.0,257.832,0.0,0
46987,-1.194,67.62700000000001,0.0,0.0,-1.331,350.0786,0.0,0.0,68.735,0,0.0,0.52,310.14000000000004,2.73,36.06,0.0,257.832,0.0,0
46987,-1.364,67.62700000000001,0.0,0.0,-1.331,350.0786,0.0,0.0,68.735,0,0.0,0.595,310.005,-2.7465,36.660000000000004,0.0,257.832,0.0,0
46987,-1.5350000000000001,67.62700000000001,0.0,0.0,-1.331,350.0786,0.0,0.0,68.73,0,0.0,-0.32,310.005,-1.0557,37.62,0.0,257.832,0.0,0
46987,-1.194,67.62700000000001,0.0,0.0,-1.331,350.0786,0.0,0.0,68.687,0,1.0,-5.28,310.005,-3.8682000000000003,37.95,0.0,257.832,0.0,0
46987,-1.5350000000000001,67.62700000000001,0.0,0.0,-1.331,350.0786,0.0,0.0,68.506,0,1.0,-8.305,310.005,1.7815,38.64,0.0,257.832,0.0,0
46987,-1.5350000000000001,67.62700000000001,0.0,0.0,-1.331,350.0786,0.0,0.0,68.135,0,2.0,-8.715,310.14000000000004,3.6703,38.52,0.0,257.832,0.0,0
46987,-1.194,67.62700000000001,0.0,0.0,-1.331,350.0786,0.0,0.0,67.568,0,1.0,-8.75,310.005,-1.5341,38.07,0.0,257.832,0.0,0
46987,-1.364,67.62700000000001,0.0,0.0,-1.331,350.0786,0.0,0.0,66.82600000000001,0,0.0,-8.245000000000001,310.005,-4.0909,37.5,0.0,257.832,0.0,0
46987,-1.5350000000000001,67.62700000000001,0.0,0.0,-1.331,350.0786,0.0,0.0,65.928,0,2.0,-8.09,310.005,0.9238000000000001,37.29,0.0,257.832,0.0,0
46987,-1.364,67.62700000000001,0.0,0.0,-1.331,350.0786,0.0,0.0,65.83,0,1.0,-7.655,310.005,0.7918000000000001,37.29,0.0,257.832,0.0,0
46987,-1.364,67.62700000000001,0.0,0.0,-1.331,350.0786,0.0,0.0,64.82900000000001,0,1.0,-3.1950000000000003,310.005,0.0,37.08,0.0,257.832,0.0,0
46987,-1.5350000000000001,67.62700000000001,0.0,0.0,-1.331,350.0786,0.0,0.0,63.823,0,2.0,-3.745,310.005,-3.563,36.54,0.0,257.832,0.0,0
46987,-1.5350000000000001,67.62700000000001,0.0,0.0,-1.331,350.0786,0.0,0.0,62.822,0,0.0,-3.1350000000000002,310.14000000000004,2.5403000000000002,36.12,0.0,257.832,0.0,0
46987,-0.853,67.62700000000001,0.0,0.0,-1.331,350.0786,0.0,0.0,61.821000000000005,0,1.0,-3.54,310.005,2.5073000000000003,35.61,0.0,257.832,0.0,0
46987,-1.0230000000000001,67.62700000000001,0.0,0.0,-1.331,350.0786,0.0,0.0,60.82,0,0.0,-3.4,309.915,2.1774,36.27,0.0,257.832,0.0,0
46987,-1.194,67.62700000000001,0.0,0.0,-1.331,350.0786,0.0,0.0,59.819,0,0.0,-3.4,309.915,-3.4311000000000003,36.99,0.0,257.832,0.0,0
46987,-1.5350000000000001,67.62700000000001,0.0,0.0,-1.331,350.0786,0.0,0.0,58.818000000000005,0,0.0,-3.97,310.005,-3.9589000000000003,37.74,0.0,257.832,0.0,0
46987,-1.5350000000000001,67.62700000000001,0.0,0.0,-1.331,350.0786,0.0,0.0,57.822,0,3.0,-3.74,310.005,0.6598,37.95,0.0,257.832,0.0,0
46987,-1.194,67.62700000000001,0.0,0.0,-1.331,350.0786,0.0,0.0,56.821000000000005,0,0.0,-3.745,310.14000000000004,4.0579,37.65,0.0,257.832,0.0,0
46987,-1.194,67.62700000000001,0.0,0.0,-1.331,350.0786,0.0,0.0,55.82,0,1.0,-3.85,310.005,0.7918000000000001,37.32,0.0,257.832,0.0,0
46987,-1.705,67.62700000000001,0.0,0.0,-1.331,350.0786,0.0,0.0,54.819,0,0.0,-3.455,310.005,-3.1672000000000002,37.59,0.0,257.832,0.0,0
46987,-1.364,67.62700000000001,0.0,0.0,-1.331,350.0786,0.0,0.0,53.818000000000005,0,1.0,-4.16,310.005,-2.7713,38.04,0.0,257.832,0.0,0
46987,-1.5350000000000001,67.62700000000001,0.0,0.0,-1.331,350.0786,0.0,0.0,52.817,0,0.0,-3.035,310.14000000000004,0.4289,38.07,0.0,257.832,0.0,0
46987,-1.5350000000000001,67.62700000000001,0.0,0.0,-1.331,350.0786,0.0,0.0,51.816,0,1.0,-3.605,310.005,1.4516,37.050000000000004,0.0,257.832,0.0,0
46987,-1.5350000000000001,67.62700000000001,0.0,0.0,-1.331,350.0786,0.0,0.0,50.815000000000005,0,0.0,-3.59,309.915,-0.19790000000000002,35.58,0.0,257.832,0.0,0
46987,-1.364,67.62700000000001,0.0,0.0,-1.331,350.0786,0.0,0.0,49.819,0,0.0,-3.21,310.005,-4.8827,35.22,0.0,257.832,0.0,0
46987,-1.194,67.62700000000001,0.0,0.0,-1.331,350.0786,0.0,0.0,48.818000000000005,0,2.0,-4.315,310.14000000000004,2.0125,35.04,0.0,257.832,0.0,0
46987,-1.5350000000000001,67.62700000000001,0.0,0.0,-1.331,350.0786,0.0,0.0,47.817,0,0.0,-3.1,310.005,4.3548,36.06,0.0,257.832,0.0,0
46987,-1.5350000000000001,67.62700000000001,0.0,0.0,-1.331,350.0786,0.0,0.0,46.816,0,0.0,-3.875,310.005,-0.7918000000000001,37.77,0.0,257.832,0.0,0
46987,-1.364,67.62700000000001,0.0,0.0,-1.331,350.0786,0.0,0.0,45.82,0,0.0,-3.64,309.915,-4.6188,39.69,0.0,257.832,0.0,0
46987,-1.364,67.62700000000001,0.0,0.0,-1.331,350.0786,0.0,0.0,44.814,0,0.0,-3.215,310.005,-2.1114,39.480000000000004,0.0,257.832,0.0,0
46987,-1.364,67.62700000000001,0.0,0.0,-1.331,350.0786,0.0,0.0,43.818000000000005,0,0.0,-3.795,310.005,0.5279,38.31,0.0,257.832,0.0,0
46987,-1.0230000000000001,67.62700000000001,0.0,0.0,-1.331,350.0786,0.0,0.0,42.817,0,0.0,-2.89,310.005,2.0455,38.01,0.0,257.832,0.0,0
46987,-1.194,67.62700000000001,0.0,0.0,-1.331,350.0786,0.0,0.0,41.816,0,0.0,-3.485,310.14000000000004,2.7713,37.2,0.0,257.832,0.0,0
46987,-1.5350000000000001,67.62700000000001,0.0,0.0,-1.331,350.0786,0.0,0.0,40.815000000000005,0,0.0,-3.19,310.005,-0.7918000000000001,37.08,0.0,257.832,0.0,0
46987,-1.364,67.62700000000001,0.0,0.0,-1.331,350.0786,0.0,0.0,39.814,0,0.0,-3.18,310.005,-1.4516,37.14,0.0,257.832,0.0,0
46987,-1.194,67.62700000000001,0.0,0.0,-1.331,350.0786,0.0,0.0,38.813,0,1.0,-3.9250000000000003,309.915,-1.4186,36.96,0.0,257.832,0.0,0
46987,-1.0230000000000001,67.62700000000001,0.0,0.0,-1.331,350.0786,0.0,0.0,37.817,0,1.0,-2.91,310.14000000000004,1.9795,36.03,0.0,257.832,0.0,0
46987,-1.364,67.62700000000001,0.0,0.0,-1.331,350.0786,0.0,0.0,36.816,0,0.0,-3.835,309.915,0.3299,35.76,0.0,257.832,0.0,0
46987,-1.5350000000000001,67.62700000000001,0.0,0.0,-1.331,350.0786,0.0,0.0,35.815000000000005,0,1.0,-3.64,310.005,-0.132,35.76,0.0,257.832,0.0,0
46987,-1.5350000000000001,67.62700000000001,0.0,0.0,-1.331,350.0786,0.0,0.0,35.718,0,1.0,-3.525,310.005,-0.6103000000000001,35.85,0.0,257.832,0.0,0
46987,-1.194,67.62700000000001,0.0,0.0,-1.331,350.0786,0.0,0.0,34.712,0,0.0,-3.52,310.005,2.0702000000000003,36.9,0.0,257.832,0.0,0
46987,-1.364,67.62700000000001,0.0,0.0,-1.331,350.0786,0.0,0.0,33.716,0,2.0,-3.465,310.005,-0.0825,38.19,0.0,257.832,0.0,0
46987,-1.0230000000000001,67.62700000000001,0.0,0.0,-1.331,350.0786,0.0,0.0,32.715,0,0.0,-3.055,310.005,-2.1774,38.97,0.0,257.832,0.0,0
46987,-1.0230000000000001,67.62700000000001,0.0,0.0,-1.331,350.0786,0.0,0.0,31.714000000000002,0,1.0,-3.64,310.005,2.7053000000000003,37.65,0.0,257.832,0.0,0
46987,-1.364,67.62700000000001,0.0,0.0,-1.331,350.0786,0.0,0.0,30.713,0,1.0,-3.0,309.915,1.0557,36.03,0.0,257.832,0.0,0
46987,-1.194,67.62700000000001,0.0,0.0,-1.331,350.0786,0.0,0.0,29.712,0,1.0,-3.665,310.14000000000004,-3.5878,35.61,0.0,257.832,0.0,0
46987,-1.5350000000000001,67.62700000000001,0.0,0.0,-1.331,350.0786,0.0,0.0,28.716,0,1.0,-3.42,310.005,-0.132,36.0,0.0,257.832,0.0,0
46987,-1.194,67.62700000000001,0.0,0.0,-1.331,350.0786,0.0,0.0,27.715,0,0.0,-3.375,310.14000000000004,0.8165,36.27,0.0,257.832,0.0,0
46987,-1.0230000000000001,67.62700000000001,0.0,0.0,-1.331,350.0786,0.0,0.0,26.714000000000002,0,0.0,-3.815,310.005,-2.5238,36.6,0.0,257.832,0.0,0
46987,-1.364,67.62700000000001,0.0,0.0,-1.331,350.0786,0.0,0.0,25.713,0,1.0,-4.08,310.005,0.19790000000000002,36.42,0.0,257.832,0.0,0
46987,-1.194,67.62700000000001,0.0,0.0,-1.331,350.0786,0.0,0.0,24.712,0,0.0,-3.19,310.005,-0.8743000000000001,36.300000000000004,0.0,257.832,0.0,0
46987,-1.5350000000000001,67.62700000000001,0.0,0.0,-1.331,350.0786,0.0,0.0,23.711000000000002,0,0.0,-3.475,310.14000000000004,0.8330000000000001,35.94,0.0,257.832,0.0,0
46987,-1.194,67.62700000000001,0.0,0.0,-1.331,350.0786,0.0,0.0,22.71,0,1.0,-3.45,309.915,-0.6433,35.97,0.0,257.832,0.0,0
46987,-1.0230000000000001,67.62700000000001,0.0,0.0,-1.331,350.0786,0.0,0.0,21.714000000000002,0,1.0,-3.4450000000000003,310.005,-4.2229,36.33,0.0,257.832,0.0,0
46987,-1.364,67.62700000000001,0.0,0.0,-1.331,350.0786,0.0,0.0,20.713,0,1.0,-3.14,310.005,-1.798,37.410000000000004,0.0,257.832,0.0,0
46987,-1.0230000000000001,67.62700000000001,0.0,0.0,-1.331,350.0786,0.0,0.0,19.712,0,1.0,-3.485,310.14000000000004,3.1259,37.62,0.0,257.832,0.0,0
46987,-1.705,67.62700000000001,0.0,0.0,-1.331,350.0786,0.0,0.0,18.711000000000002,0,0.0,-3.5300000000000002,310.005,1.897,37.11,0.0,257.832,0.0,0
46987,-1.0230000000000001,67.62700000000001,0.0,0.0,-1.331,350.0786,0.0,0.0,17.71,0,1.0,-3.19,310.005,1.1877,37.11,0.0,257.832,0.0,0
46987,-0.853,67.62700000000001,0.0,0.0,-1.331,350.0786,0.0,0.0,16.714000000000002,0,0.0,-3.665,310.005,-4.2229,36.57,0.0,257.832,0.0,0
46987,-1.5350000000000001,67.62700000000001,0.0,0.0,-1.331,350.0786,0.0,0.0,15.713000000000001,0,1.0,-3.69,309.915,-0.2474,36.06,0.0,257.832,0.0,0
46987,-1.194,67.62700000000001,0.0,0.0,-1.331,350.0786,0.0,0.0,14.712000000000002,0,0.0,-3.38,310.005,0.8578,35.910000000000004,0.0,257.832,0.0,0
46987,-1.194,67.62700000000001,0.0,0.0,-1.331,350.0786,0.0,0.0,13.711,0,0.0,-3.975,310.005,0.39590000000000003,35.61,0.0,257.832,0.0,0
46987,-1.5350000000000001,67.62700000000001,0.0,0.0,-1.331,350.0786,0.0,0.0,12.71,0,0.0,-2.67,310.14000000000004,2.3754,34.95,0.0,257.832,0.0,0
46987,-1.0230000000000001,67.62700000000001,0.0,0.0,-1.331,350.0786,0.0,0.0,11.709000000000001,0,1.0,-3.7800000000000002,310.23,0.48660000000000003,34.980000000000004,0.0,257.832,0.0,0
46987,-1.364,67.62700000000001,0.0,0.0,-1.331,350.0786,0.0,0.0,11.611,0,1.0,-3.4,310.23,1.6826,34.800000000000004,0.0,257.832,0.0,0
46987,-1.194,67.62700000000001,0.0,0.0,-1.331,350.0786,0.0,0.0,10.610000000000001,0,0.0,-3.54,309.915,0.0,34.83,0.0,257.832,0.0,0
46987,-1.5350000000000001,67.62700000000001,0.0,0.0,-1.331,350.0786,0.0,0.0,9.609,0,0.0,-3.325,310.005,-3.3321,35.67,0.0,257.832,0.0,0
46987,-1.364,67.62700000000001,0.0,0.0,-1.331,350.0786,0.0,0.0,8.613,0,0.0,-3.9,310.005,-4.8827,36.15,0.0,257.832,0.0,0
46987,-1.5350000000000001,67.62700000000001,0.0,0.0,-1.331,350.0786,0.0,0.0,7.612,0,2.0,-1.51,309.915,3.9589000000000003,37.410000000000004,0.0,257.832,0.0,0
46987,-0.853,67.62700000000001,0.0,0.0,-1.331,350.0786,0.0,0.0,6.699000000000001,0,0.0,6.515000000000001,310.14000000000004,2.3754,37.86,0.0,257.832,0.0,0
46987,-1.0230000000000001,67.62700000000001,0.0,0.0,-1.331,350.0786,0.0,0.0,6.0840000000000005,0,1.0,8.795,310.005,-2.9032,37.74,0.0,257.832,0.0,0
46987,-1.0230000000000001,67.62700000000001,0.0,0.0,-1.331,350.0786,0.0,0.0,5.801,0,1.0,6.305,310.005,1.9795,37.02,0.0,257.832,0.0,0
46987,-1.5350000000000001,67.62700000000001,0.0,0.0,-1.331,350.0786,0.0,0.0,5.747,0,0.0,0.0,310.14000000000004,2.6393,36.480000000000004,0.0,257.832,0.0,0
46987,-1.5350000000000001,67.62700000000001,0.0,0.0,-1.331,350.0786,0.0,0.0,5.737,0,0.0,0.315,310.005,-0.132,35.52,0.0,257.832,0.0,0
46987,-1.5350000000000001,67.62700000000001,0.0,0.0,-1.331,350.0786,0.0,0.0,5.737,0,0.0,0.315,310.005,-0.132,35.52,0.0,257.832,0.0,0
