Zykluszahl,Spritzdruck,SC-Position,SC-Geschwindigkeit,SC-Drehzahl,IST-Schliesskraft,WZ-Position,WZ-Geschwindigkeit,Kreuzkopf-Geschwindigkeit,AW-Position,AW-Geschwindigkeit,SC-Drehmoment,AW-Kraft,EE-Position,EE-Geschwindigkeit,EE-Stellsignal,Anlagekraft,Kreuzkopf-Position,Werkzeuginnendruck 1,Werkzeuginnendruck 2
46974,-0.682,83.545,0.0,0.0,-0.968,350.0786,0.0,0.0,5.742,0,0.0,-0.72,310.14000000000004,-0.9238000000000001,36.81,0.0,257.832,0.0,0
46974,-0.171,83.545,0.0,0.0,-0.968,350.0786,0.0,0.0,5.742,0,0.0,-0.47500000000000003,310.14000000000004,3.9589000000000003,38.550000000000004,0.0,257.832,0.0,0
46974,-0.682,83.545,0.0,0.0,-0.968,350.0786,0.0,0.0,5.742,0,0.0,-0.53,310.005,-0.39590000000000003,38.910000000000004,0.0,257.832,0.0,0
46974,-0.682,83.545,0.5,0.0,-0.968,350.0786,0.0,-0.2,5.742,0,0.0,-0.505,310.005,-3.0682,37.77,0.0,257.832,0.0,0
46974,-0.512,83.545,0.0,0.0,-0.968,350.0401,0.0,-3.3000000000000003,5.742,0,0.0,-0.465,310.005,-4.486800000000001,36.12,0.0,257.813,0.0,0
46974,-0.682,83.545,0.0,0.0,-0.968,349.9589,0.0,-6.6000000000000005,5.742,0,0.0,-0.48,309.915,0.5938,35.4,0.0,257.773,0.0,0
46974,-0.853,83.545,0.0,0.0,-0.968,349.76210000000003,-38.5,-10.9,5.742,0,0.0,-0.535,309.915,-1.3196,35.49,0.0,257.676,0.0,0
46974,-0.853,83.545,0.5,0.0,-0.968,349.44550000000004,-38.5,-17.8,5.742,0,0.0,-0.47500000000000003,310.005,-2.6393,36.300000000000004,0.0,257.52000000000004,0.0,0
46974,-0.853,83.545,0.0,0.0,-0.968,349.0477,-40.6,-23.6,5.742,0,0.0,-0.52,310.14000000000004,6.0704,36.51,0.0,257.324,0.0,0
46974,-0.853,83.545,0.0,0.0,-0.968,348.45320000000004,-79.10000000000001,-31.5,5.742,0,1.0,-0.49,310.005,1.7815,36.0,0.0,257.031,0.0,0
46974,-0.171,83.545,0.0,0.0,-0.968,347.74080000000004,-79.2,-38.6,5.742,0,1.0,-0.53,310.005,-2.5073000000000003,35.46,0.0,256.68,0.0,0
46974,-0.512,83.545,0.0,0.0,-0.968,346.8593,-121.0,-46.300000000000004,5.742,0,0.0,-0.44,310.005,0.8908,34.77,0.0,256.25,0.0,0
46974,-0.853,83.545,0.0,0.0,-0.968,345.8589,-80.0,-52.6,5.742,0,0.0,-0.5,310.005,1.7155,35.22,0.0,255.762,0.0,0
46974,-0.682,83.545,0.0,0.0,-0.968,345.7379,-121.0,-53.900000000000006,5.742,0,0.0,-0.505,309.915,1.1382,35.37,0.0,255.703,0.0,0
46974,-0.512,83.545,0.0,0.0,-0.968,344.5366,-159.9,-60.0,5.742,0,0.0,-0.48,310.005,-0.5279,36.63,0.0,255.11700000000002,0.0,0
46974,-0.853,83.545,0.0,0.0,-0.968,343.2554,-120.9,-66.60000000000001,5.742,0,0.0,-0.495,310.14000000000004,-0.3547,37.02,0.0,254.49200000000002,0.0,0
46974,-0.853,83.545,0.0,0.0,-0.968,341.8079,-161.70000000000002,-71.9,5.742,0,0.0,-0.495,310.14000000000004,1.6248,37.980000000000004,0.0,253.78900000000002,0.0,0
46974,-0.512,83.545,0.0,0.0,-0.968,340.2697,-161.70000000000002,-76.5,5.742,0,1.0,-0.465,310.005,1.1877,38.01,0.0,253.04700000000003,0.0,0
46974,-0.682,83.545,0.0,0.0,-0.968,338.6506,-161.70000000000002,-78.8,5.742,0,0.0,-0.485,310.005,0.3134,37.410000000000004,0.0,252.26600000000002,0.0,0
46974,-0.853,83.545,0.0,0.0,-0.968,336.99,-203.20000000000002,-80.3,5.742,0,1.0,-0.47000000000000003,310.005,-1.9547,36.54,0.0,251.465,0.0,0
46974,-0.512,83.545,0.0,0.0,-0.968,335.3104,-163.6,-80.3,5.742,0,1.0,-0.465,310.005,-1.7815,35.550000000000004,0.0,250.66400000000002,0.0,0
46974,-0.853,83.545,0.0,0.0,-0.968,333.6301,-163.6,-80.10000000000001,5.742,0,0.0,-0.505,310.005,2.5733,35.22,0.0,249.863,0.0,0
46974,-0.853,83.545,-0.5,0.0,-0.968,331.9519,-163.6,-80.9,5.742,0,0.0,-0.49,310.14000000000004,1.2949000000000002,35.49,0.0,249.06300000000002,0.0,0
46974,-0.512,83.545,0.0,0.0,-0.968,330.25730000000004,-165.6,-79.8,5.742,0,0.0,-0.495,310.005,3.8270000000000004,35.64,0.0,248.262,0.0,0
46974,-0.682,83.545,0.0,0.0,-0.968,328.5564,-165.70000000000002,-80.10000000000001,5.742,0,0.0,-0.445,309.915,-1.6083,35.37,0.0,247.461,0.0,0
46974,-0.682,83.545,0.0,0.0,-0.968,326.85560000000004,-165.6,-80.10000000000001,5.742,0,1.0,-0.515,310.005,-2.0207,35.52,0.0,246.66000000000003,0.0,0
46974,-0.682,83.545,0.0,0.0,-0.968,325.1458,-169.8,-80.10000000000001,5.742,0,0.0,-0.45,310.14000000000004,2.4413,36.27,0.0,245.859,0.0,0
46974,-0.853,83.545,0.0,0.0,-0.968,323.426,-167.70000000000002,-80.10000000000001,5.742,0,0.0,-0.46,310.005,-2.3259000000000003,37.32,0.0,245.05900000000003,0.0,0
46974,-0.341,83.545,0.0,0.0,-0.968,321.7042,-167.6,-79.3,5.742,0,0.0,-0.455,310.005,-1.6248,37.83,0.0,244.258,0.0,0
46974,-0.341,83.545,0.0,0.0,-0.968,319.97900000000004,-169.70000000000002,-79.8,5.742,0,0.0,-0.515,309.915,0.17320000000000002,38.43,0.0,243.45700000000002,0.0,0
46974,-0.682,83.545,0.0,0.0,-0.968,318.236,-169.70000000000002,-80.3,5.742,0,0.0,-0.46,310.005,1.9795,38.13,0.0,242.656,0.0,0
46974,-0.682,83.545,0.0,0.0,-0.968,316.493,-171.9,-79.8,5.742,0,1.0,-0.495,309.915,0.14850000000000002,37.26,0.0,241.85500000000002,0.0,0
46974,-0.682,83.545,0.0,0.0,-0.968,314.75210000000004,-169.70000000000002,-80.10000000000001,5.742,0,0.0,-0.48,310.005,-1.7568000000000001,36.15,0.0,241.055,0.0,0
46974,-0.512,83.545,0.0,0.0,-0.968,312.9905,-171.8,-80.60000000000001,5.742,0,0.0,-0.525,309.915,2.4578,35.22,0.0,240.25400000000002,0.0,0
46974,-0.341,83.545,0.0,0.0,-0.968,311.2264,-171.8,-80.3,5.742,0,0.0,-0.53,310.14000000000004,2.0867,35.43,0.0,239.453,0.0,0
46974,-0.512,83.545,0.0,0.0,-0.968,309.4623,-171.8,-80.10000000000001,5.742,0,1.0,-0.48,310.005,1.2537,36.09,0.0,238.65200000000002,0.0,0
46974,-0.853,83.545,0.0,0.0,-0.968,307.6877,-173.8,-79.60000000000001,5.742,0,0.0,-0.465,310.005,4.0497000000000005,36.03,0.0,237.852,0.0,0
46974,-0.853,83.545,0.0,0.0,-0.968,305.9029,-173.8,-79.8,5.742,0,0.0,-0.485,310.005,-3.0764,36.72,0.0,237.05100000000002,0.0,0
46974,-0.341,83.545,0.0,0.0,-0.968,305.7291,-173.8,-79.8,5.742,0,1.0,-0.485,310.005,-2.5403000000000002,36.78,0.0,236.973,0.0,0
46974,-0.171,83.545,0.0,0.0,-0.968,303.9443,-173.8,-80.10000000000001,5.742,0,0.0,-0.38,309.915,-3.563,37.050000000000004,0.0,236.17200000000003,0.0,0
46974,-0.341,83.545,0.0,0.0,-0.968,302.1506,-175.8,-80.60000000000001,5.742,0,0.0,-0.495,310.14000000000004,6.499300000000001,36.81,0.0,235.371,0.0,0
46974,-0.853,83.545,0.0,0.0,-0.968,300.3456,-175.70000000000002,-80.10000000000001,5.742,0,0.0,-0.51,310.14000000000004,3.4311000000000003,37.17,0.0,234.57000000000002,0.0,0
46974,-0.682,83.545,0.0,0.0,-0.968,298.5428,-175.8,-79.8,5.742,0,1.0,-0.5,310.005,-4.5528,37.2,0.0,233.77,0.0,0
46974,-0.853,83.545,0.0,0.0,-0.968,296.7345,-177.70000000000002,-79.60000000000001,5.742,0,0.0,-0.52,310.005,-0.9238000000000001,37.59,0.0,232.96900000000002,0.0,0
46974,-0.682,83.545,0.0,0.0,-0.968,294.91,-177.70000000000002,-79.8,5.742,0,1.0,-0.505,310.005,-1.4846000000000001,37.62,0.0,232.168,0.0,0
46974,-0.341,83.545,0.0,0.0,-0.968,293.0855,-177.70000000000002,-80.3,5.742,0,0.0,-0.47500000000000003,310.005,-1.7155,37.32,0.0,231.36700000000002,0.0,0
46974,-0.341,83.545,0.0,0.0,-0.968,291.261,-180.0,-80.3,5.742,0,0.0,-0.495,310.005,1.5836000000000001,36.87,0.0,230.566,0.0,0
46974,-0.682,83.545,0.0,0.0,-0.968,289.42220000000003,-223.20000000000002,-79.60000000000001,5.742,0,0.0,-0.55,310.005,-0.6598,35.67,0.0,229.76600000000002,0.0,0
46974,-0.853,83.545,0.0,0.0,-0.968,287.57910000000004,-225.5,-79.8,5.742,0,1.0,-0.385,310.005,0.2639,35.37,0.0,228.965,0.0,0
46974,-0.512,83.545,0.0,0.0,-0.968,285.736,-225.5,-80.3,5.742,0,1.0,-0.535,310.005,-0.39590000000000003,35.43,0.0,228.16400000000002,0.0,0
46974,-0.853,83.545,0.0,0.0,-0.968,283.88190000000003,-227.70000000000002,-80.10000000000001,5.742,0,0.0,-0.515,310.005,1.5836000000000001,36.03,0.0,227.363,0.0,0
46974,-0.341,83.545,0.0,0.0,-0.968,282.0235,-225.4,-80.3,5.742,0,0.0,-0.44,310.005,1.9795,35.94,0.0,226.56300000000002,0.0,0
46974,-0.853,83.545,0.0,0.0,-0.968,280.1628,-225.3,-79.8,5.742,0,0.0,-0.45,310.005,-3.9589000000000003,36.78,0.0,225.762,0.0,0
46974,-0.682,83.545,0.0,0.0,-0.968,278.3408,-185.20000000000002,-79.8,5.742,0,0.0,-0.535,310.005,-1.9795,37.11,0.0,224.98000000000002,0.0,0
46974,-0.682,83.545,0.0,0.0,-0.968,276.46590000000003,-182.8,-80.3,5.742,0,0.0,-0.5,310.005,-1.0557,37.230000000000004,0.0,224.18,0.0,0
46974,-0.682,83.545,0.0,0.0,-0.968,274.5886,-182.8,-80.3,5.742,0,0.0,-0.51,310.14000000000004,3.0352,37.14,0.0,223.37900000000002,0.0,0
46974,-0.853,83.545,0.0,0.0,-0.968,272.7105,-183.60000000000002,-79.8,5.742,0,0.0,-0.51,309.915,1.3856000000000002,36.72,0.0,222.578,0.0,0
46974,-0.512,83.545,0.0,0.0,-0.968,270.81800000000004,-184.3,-80.3,5.742,0,1.0,-0.505,309.915,-1.8475000000000001,36.99,0.0,221.77700000000002,0.0,0
46974,-0.682,83.545,0.0,0.0,-0.968,268.9278,-184.3,-79.60000000000001,5.742,0,1.0,-0.47000000000000003,310.14000000000004,1.5836000000000001,37.08,0.0,220.977,0.0,0
46974,-0.682,83.545,0.0,0.0,-0.968,267.0353,-184.3,-80.10000000000001,5.742,0,0.0,-0.5,310.005,1.4516,36.84,0.0,220.17600000000002,0.0,0
46974,-0.341,83.545,0.0,0.0,-0.968,265.1318,-185.70000000000002,-80.10000000000001,5.742,0,0.0,-0.515,310.005,-2.1774,36.21,0.0,219.375,0.0,0
46974,-0.341,83.545,0.0,0.0,-0.968,263.2253,-185.70000000000002,-80.3,5.742,0,0.0,-0.53,309.915,-4.6188,35.28,0.0,218.574,0.0,0
46974,-0.682,83.545,0.0,0.0,-0.968,261.3188,-188.0,-79.8,5.742,0,1.0,-0.505,310.005,1.0557,34.14,0.0,217.77300000000002,0.0,0
46974,-0.341,83.545,0.0,0.0,-0.968,261.1332,-185.60000000000002,-80.10000000000001,5.742,0,1.0,-0.48,310.005,0.9897,34.14,0.0,217.69500000000002,0.0,0
46974,-0.853,83.545,0.0,0.0,-0.968,259.2214,-186.9,-80.10000000000001,5.742,0,0.0,-0.47500000000000003,309.915,2.3919,34.35,0.0,216.895,0.0,0
46974,-0.682,83.545,0.0,0.0,-0.968,257.3023,-186.9,-80.3,5.742,0,0.0,-0.51,310.005,-2.3919,35.730000000000004,0.0,216.09400000000002,0.0,0
46974,-0.853,83.545,0.0,0.0,-0.968,255.38320000000002,-186.9,-80.3,5.742,0,0.0,-0.52,310.005,1.5836000000000001,37.050000000000004,0.0,215.293,0.0,0
46974,-0.682,83.545,0.0,0.0,-0.968,253.46040000000002,-187.9,-80.3,5.742,0,0.0,-0.485,310.005,1.5423,37.71,0.0,214.49200000000002,0.0,0
46974,-0.341,83.545,0.0,0.0,-0.968,251.5302,-190.4,-80.3,5.742,0,1.0,-0.495,310.14000000000004,1.1629,37.83,0.0,213.691,0.0,0
46974,-0.512,83.545,0.0,0.0,-0.968,249.60240000000002,-188.0,-80.3,5.742,0,0.0,-0.485,310.005,0.42060000000000003,36.9,0.0,212.89100000000002,0.0,0
46974,-0.512,83.545,0.0,0.0,-0.968,247.67170000000002,-188.5,-80.3,5.742,0,0.0,-0.535,310.005,-0.9897,36.06,0.0,212.09,0.0,0
46974,-0.512,83.545,0.0,0.0,-0.968,245.732,-188.9,-79.8,5.742,0,0.0,-0.495,310.005,-2.7713,36.660000000000004,0.0,211.28900000000002,0.0,0
46974,-0.853,83.545,0.0,0.0,-0.968,243.7923,-188.8,-80.10000000000001,5.742,0,0.0,-0.5,310.005,-2.1774,36.75,0.0,210.488,0.0,0
46974,-0.682,83.545,0.0,0.0,-0.968,241.85500000000002,-188.9,-80.60000000000001,5.742,0,0.0,-0.49,310.005,-1.4516,36.6,0.0,209.68800000000002,0.0,0
46974,-0.171,83.545,0.0,0.0,-0.968,239.90900000000002,-189.60000000000002,-79.8,5.742,0,0.0,-0.495,310.005,-1.3196,36.09,0.0,208.887,0.0,0
46974,-0.682,83.545,0.0,0.0,-0.968,237.96130000000002,-189.70000000000002,-80.3,5.742,0,0.0,-0.48,310.005,1.3196,35.64,0.0,208.086,0.0,0
46974,-0.512,83.545,0.0,0.0,-0.968,236.0137,-189.60000000000002,-80.3,5.742,0,0.0,-0.51,310.005,3.2331000000000003,35.01,0.0,207.285,0.0,0
46974,-0.682,83.545,0.0,0.0,-0.968,234.0628,-192.70000000000002,-80.3,5.742,0,0.0,-0.49,310.005,-0.19790000000000002,35.04,0.0,206.484,0.0,0
46974,-0.682,83.545,0.0,0.0,-0.968,232.1113,-190.3,-79.60000000000001,5.742,0,0.0,-0.525,310.005,-5.0806000000000004,35.76,0.0,205.684,0.0,0
46974,-0.682,83.545,0.0,0.0,-0.968,230.15740000000002,-190.3,-80.10000000000001,5.742,0,0.0,-0.49,310.005,1.9135000000000002,37.410000000000004,0.0,204.883,0.0,0
46974,-0.341,83.545,0.0,0.0,-0.968,228.2024,-190.70000000000002,-80.3,5.742,0,0.0,-0.525,310.005,5.1466,37.74,0.0,204.08200000000002,0.0,0
46974,-0.682,83.545,0.0,0.0,-0.968,226.244,-190.70000000000002,-80.60000000000001,5.742,0,0.0,-0.585,310.005,-0.6763,37.11,0.0,203.281,0.0,0
46974,-0.682,83.545,0.0,0.0,-0.968,224.28560000000002,-193.10000000000002,-80.3,5.742,0,1.0,-0.49,309.915,-1.897,36.63,0.0,202.48000000000002,0.0,0
46974,-1.0230000000000001,83.545,0.0,0.0,-0.968,222.3296,-190.70000000000002,-79.8,5.742,0,0.0,-0.48,309.915,-3.1259,36.78,0.0,201.68,0.0,0
46974,-0.341,83.545,0.0,0.0,-0.968,220.3685,-191.0,-80.10000000000001,5.742,0,0.0,-0.47000000000000003,310.14000000000004,2.2846,36.57,0.0,200.87900000000002,0.0,0
46974,-0.682,83.545,0.0,0.0,-0.968,220.1775,-191.0,-79.8,5.742,0,0.0,-0.54,310.14000000000004,3.0682,36.57,0.0,200.80100000000002,0.0,0
46974,-0.682,83.545,0.0,0.0,-0.968,218.21640000000002,-191.0,-80.3,5.742,0,0.0,-0.49,310.005,2.1114,36.96,0.0,200.0,0.0,0
46974,-0.512,83.545,0.0,0.0,-0.968,216.2552,-191.0,-79.8,5.742,0,0.0,-0.52,309.915,-3.1672000000000002,36.39,0.0,199.199,0.0,0
46974,-0.171,83.545,0.0,0.0,-0.968,214.29330000000002,-193.5,-79.8,5.742,0,0.0,-0.52,310.005,-0.2639,35.37,0.0,198.398,0.0,0
46974,-0.682,83.545,0.0,0.0,-0.968,212.33360000000002,-191.10000000000002,-80.10000000000001,5.742,0,1.0,-0.505,310.005,-1.0557,34.56,0.0,197.598,0.0,0
46974,-0.682,83.545,0.0,0.0,-0.968,210.3715,-191.10000000000002,-80.10000000000001,5.742,0,0.0,-0.55,310.005,-0.39590000000000003,34.32,0.0,196.797,0.0,0
46974,-0.512,83.545,0.0,0.0,-0.968,208.40990000000002,-191.0,-80.3,5.742,0,0.0,-0.465,310.005,1.0557,34.56,0.0,195.996,0.0,0
46974,-0.512,83.545,0.0,0.0,-0.968,206.4487,-191.0,-80.10000000000001,5.742,0,0.0,-0.515,310.005,0.0,35.550000000000004,0.0,195.19500000000002,0.0,0
46974,-0.853,83.545,0.0,0.0,-0.968,204.4899,-191.0,-79.8,5.742,0,0.0,-0.49,310.14000000000004,1.4846000000000001,36.72,0.0,194.395,0.0,0
46974,-0.341,83.545,0.0,0.0,-0.968,202.5295,-190.70000000000002,-80.10000000000001,5.742,0,0.0,-0.465,310.14000000000004,2.6393,38.01,0.0,193.59400000000002,0.0,0
46974,-0.682,83.545,0.0,0.0,-0.968,200.5711,-190.70000000000002,-79.8,5.742,0,0.0,-0.49,310.14000000000004,1.4846000000000001,37.71,0.0,192.793,0.0,0
46974,-0.682,83.545,0.0,0.0,-0.968,198.61270000000002,-190.70000000000002,-80.3,5.742,0,0.0,-0.51,310.005,0.5279,36.42,0.0,191.99200000000002,0.0,0
46974,-0.682,83.545,0.0,0.0,-0.968,196.6543,-193.20000000000002,-80.60000000000001,5.742,0,1.0,-0.435,310.14000000000004,-2.3754,35.88,0.0,191.191,0.0,0
46974,-0.853,83.545,0.0,0.0,-0.968,194.7031,-190.20000000000002,-80.10000000000001,5.742,0,0.0,-0.47500000000000003,309.915,-4.3548,35.43,0.0,190.39100000000002,0.0,0
46974,-0.853,83.545,0.0,0.0,-0.968,192.7494,-190.20000000000002,-79.8,5.742,0,0.0,-0.51,310.14000000000004,-1.1547,35.160000000000004,0.0,189.59,0.0,0
46974,-0.853,83.545,0.0,0.0,-0.968,190.7958,-190.20000000000002,-80.3,5.742,0,0.0,-0.44,310.005,-2.5073000000000003,35.1,0.0,188.78900000000002,0.0,0
46974,-0.512,83.545,0.0,0.0,-0.968,188.8469,-189.60000000000002,-80.3,5.742,0,0.0,-0.5,309.915,-0.2639,35.07,0.0,187.988,0.0,0
46974,-0.682,83.545,0.0,0.0,-0.968,186.9023,-189.60000000000002,-80.10000000000001,5.742,0,0.0,-0.5650000000000001,310.14000000000004,-0.5279,34.5,0.0,187.18800000000002,0.0,0
46974,-0.512,83.545,0.0,0.0,-0.968,184.9554,-189.60000000000002,-80.3,5.742,0,0.0,-0.52,310.005,2.9032,33.24,0.0,186.387,0.0,0
46974,-0.853,83.545,0.0,0.0,-0.968,184.7658,-189.60000000000002,-80.3,5.742,0,0.0,-0.5,310.005,2.9692000000000003,33.24,0.0,186.309,0.0,0
46974,-0.853,83.545,0.0,0.0,-0.968,182.8235,-188.70000000000002,-79.8,5.742,0,1.0,-0.49,310.005,4.4043,34.29,0.0,185.508,0.0,0
46974,-0.682,83.545,0.0,0.0,-0.968,180.8852,-188.8,-79.8,5.742,0,0.0,-0.44,310.005,-0.37120000000000003,35.25,0.0,184.70700000000002,0.0,0
46974,-0.512,83.545,0.0,0.0,-0.968,178.947,-188.70000000000002,-79.8,5.742,0,0.0,-0.49,310.005,0.7918000000000001,36.51,0.0,183.906,0.0,0
46974,-0.682,83.545,0.0,0.0,-0.968,177.01160000000002,-190.10000000000002,-80.3,5.742,0,0.0,-0.52,310.14000000000004,3.9589000000000003,37.62,0.0,183.10500000000002,0.0,0
46974,-0.853,83.545,0.0,0.0,-0.968,175.0863,-187.8,-79.60000000000001,5.742,0,0.0,-0.43,310.005,-2.3094,37.410000000000004,0.0,182.305,0.0,0
46974,-0.682,83.545,0.0,0.0,-0.968,173.1587,-187.70000000000002,-80.10000000000001,5.742,0,0.0,-0.49,310.005,-4.1321,36.75,0.0,181.50400000000002,0.0,0
46974,-0.512,83.545,0.0,0.0,-0.968,171.2311,-187.70000000000002,-80.60000000000001,5.742,0,0.0,-0.43,310.005,-3.4063000000000003,35.88,0.0,180.703,0.0,0
46974,-0.512,83.545,0.0,0.0,-0.968,169.3162,-186.5,-80.3,5.742,0,0.0,-0.445,310.005,0.5114000000000001,35.19,0.0,179.90200000000002,0.0,0
46974,-0.853,83.545,0.0,0.0,-0.968,167.40370000000001,-186.5,-80.10000000000001,5.742,0,0.0,-0.505,310.14000000000004,2.1527000000000003,34.77,0.0,179.102,0.0,0
46974,-0.682,83.545,0.0,0.0,-0.968,165.4888,-231.9,-80.10000000000001,5.742,0,0.0,-0.535,310.005,2.1114,34.980000000000004,0.0,178.30100000000002,0.0,0
46974,-0.853,83.545,0.0,0.0,-0.968,163.5846,-232.5,-79.8,5.742,0,0.0,-0.47000000000000003,310.005,-1.7155,34.86,0.0,177.5,0.0,0
46974,-0.853,83.545,0.0,0.0,-0.968,161.6844,-232.5,-80.3,5.742,0,0.0,-0.5,309.915,-6.0951,34.5,0.0,176.699,0.0,0
46974,-0.853,83.545,0.0,0.0,-0.968,159.7843,-232.4,-80.10000000000001,5.742,0,0.0,-0.485,310.14000000000004,1.4269,34.14,0.0,175.898,0.0,0
46974,-0.682,83.545,0.0,0.0,-0.968,157.8941,-228.10000000000002,-80.3,5.742,0,0.0,-0.485,310.005,3.2331000000000003,34.35,0.0,175.098,0.0,0
46974,-0.512,83.545,0.0,0.0,-0.968,156.05540000000002,-185.8,-80.3,5.742,0,0.0,-0.555,310.005,0.8413,35.04,0.0,174.316,0.0,0
46974,-0.512,83.545,0.0,0.0,-0.968,154.17440000000002,-183.4,-80.10000000000001,5.742,0,0.0,-0.505,310.005,-2.5733,36.21,0.0,173.51600000000002,0.0,0
46974,-0.853,83.545,0.0,0.0,-0.968,152.294,-181.60000000000002,-80.3,5.742,0,0.0,-0.46,310.005,0.0,37.08,0.0,172.715,0.0,0
46974,-0.682,83.545,0.0,0.0,-0.968,150.42940000000002,-181.60000000000002,-80.10000000000001,5.742,0,0.0,-0.46,310.14000000000004,4.3301,37.83,0.0,171.91400000000002,0.0,0
46974,-0.682,83.545,0.0,0.0,-0.968,148.5649,-181.60000000000002,-80.3,5.742,0,0.0,-0.535,310.14000000000004,0.23920000000000002,37.230000000000004,0.0,171.113,0.0,0
46974,-0.682,83.545,0.0,0.0,-0.968,146.7027,-181.5,-79.60000000000001,5.742,0,0.0,-0.46,310.005,0.39590000000000003,36.300000000000004,0.0,170.31300000000002,0.0,0
46974,-0.512,83.545,0.0,0.0,-0.968,144.85660000000001,-179.5,-80.10000000000001,5.742,0,0.0,-0.495,310.005,-3.3404000000000003,35.76,0.0,169.512,0.0,0
46974,-0.682,83.545,0.0,0.0,-0.968,143.013,-179.5,-80.3,5.742,0,0.0,-0.455,310.005,-5.691,35.550000000000004,0.0,168.711,0.0,0
46974,-0.682,83.545,0.0,0.0,-0.968,141.1693,-179.60000000000002,-80.3,5.742,0,0.0,-0.425,310.005,0.7918000000000001,35.31,0.0,167.91,0.0,0
46974,-0.853,83.545,0.0,0.0,-0.968,139.3398,-179.5,-79.60000000000001,5.742,0,0.0,-0.485,310.14000000000004,3.8517,35.4,0.0,167.109,0.0,0
46974,-0.853,83.545,0.0,0.0,-0.968,137.5213,-177.3,-80.10000000000001,5.742,0,1.0,-0.535,310.005,0.9897,35.43,0.0,166.309,0.0,0
46974,-0.682,83.545,0.0,0.0,-0.968,135.7006,-177.3,-80.10000000000001,5.742,0,0.0,-0.52,310.14000000000004,1.1629,35.25,0.0,165.508,0.0,0
46974,-0.682,83.545,0.0,0.0,-0.968,133.88840000000002,-174.9,-80.3,5.742,0,0.0,-0.47500000000000003,309.915,0.899,34.74,0.0,164.70700000000002,0.0,0
46974,-0.512,83.545,0.0,0.0,-0.968,132.0927,-174.8,-80.60000000000001,5.742,0,0.0,-0.505,310.005,-2.7713,35.550000000000004,0.0,163.906,0.0,0
46974,-0.341,83.545,0.0,0.0,-0.968,130.2969,-177.1,-80.60000000000001,5.742,0,0.0,-0.5,309.915,-3.7857000000000003,36.18,0.0,163.10500000000002,0.0,0
46974,-0.853,83.545,0.0,0.0,-0.968,128.5053,-172.9,-80.10000000000001,5.742,0,0.0,-0.46,309.915,1.9547,36.99,0.0,162.305,0.0,0
46974,-0.853,83.545,0.0,0.0,-0.968,128.333,-172.3,-80.3,5.742,0,0.0,-0.51,309.915,2.5073000000000003,37.050000000000004,0.0,162.227,0.0,0
46974,-0.512,83.545,0.0,0.0,-0.968,126.5642,-172.3,-80.10000000000001,5.742,0,1.0,-0.43,309.915,-2.5733,37.050000000000004,0.0,161.42600000000002,0.0,0
46974,-0.512,83.545,0.0,0.0,-0.968,124.7954,-172.3,-79.8,5.742,0,0.0,-0.47000000000000003,310.14000000000004,1.0557,37.17,0.0,160.625,0.0,0
46974,-0.512,83.545,0.0,0.0,-0.968,123.0266,-172.3,-79.8,5.742,0,0.0,-0.445,310.005,4.9487000000000005,36.78,0.0,159.824,0.0,0
46974,-0.682,83.545,0.0,0.0,-0.968,121.2838,-171.6,-79.60000000000001,5.742,0,0.0,-0.51,309.915,-0.2639,36.06,0.0,159.023,0.0,0
46974,-0.682,83.545,0.0,0.0,-0.968,119.546,-169.5,-80.10000000000001,5.742,0,0.0,-0.465,310.14000000000004,-3.9589000000000003,35.160000000000004,0.0,158.223,0.0,0
46974,-0.682,83.545,0.0,0.0,-0.968,117.8062,-169.4,-80.10000000000001,5.742,0,0.0,-0.525,310.005,2.2434000000000003,35.160000000000004,0.0,157.422,0.0,0
46974,-0.341,83.545,0.0,0.0,-0.968,116.0856,-166.4,-80.10000000000001,5.742,0,0.0,-0.485,310.005,1.7815,34.56,0.0,156.621,0.0,0
46974,-0.853,83.545,0.0,0.0,-0.968,114.37660000000001,-166.4,-80.3,5.742,0,0.0,-0.48,309.915,-4.6188,33.9,0.0,155.82000000000002,0.0,0
46974,-0.682,83.545,0.0,0.0,-0.968,112.6697,-166.4,-80.10000000000001,5.742,0,0.0,-0.46,310.14000000000004,0.9567,34.44,0.0,155.02,0.0,0
46974,-0.512,83.545,0.0,0.0,-0.968,110.9722,-163.3,-79.8,5.742,0,0.0,-0.515,310.005,1.9795,35.43,0.0,154.219,0.0,0
46974,-0.853,83.545,0.0,0.0,-0.968,109.296,-163.20000000000002,-80.10000000000001,5.742,0,0.0,-0.555,310.005,1.7815,36.72,0.0,153.418,0.0,0
46974,-0.682,83.545,0.0,0.0,-0.968,107.61980000000001,-163.20000000000002,-80.60000000000001,5.742,0,0.0,-0.46,310.14000000000004,-0.39590000000000003,37.08,0.0,152.61700000000002,0.0,0
46974,-0.853,83.545,0.0,0.0,-0.968,105.94640000000001,-162.5,-80.10000000000001,5.742,0,0.0,-0.545,310.005,2.3754,36.51,0.0,151.816,0.0,0
46974,-0.682,83.545,0.0,0.0,-0.968,104.30680000000001,-159.9,-80.10000000000001,5.742,0,0.0,-0.405,309.915,-4.3548,36.6,0.0,151.01600000000002,0.0,0
46974,-0.512,83.545,0.0,0.0,-0.968,102.6652,-159.8,-79.8,5.742,0,0.0,-0.49,309.915,-4.5858,36.69,0.0,150.215,0.0,0
46974,-0.171,83.545,0.0,0.0,-0.968,101.0236,-159.8,-79.8,5.742,0,0.0,-0.425,310.005,1.7155,37.050000000000004,0.0,149.41400000000002,0.0,0
46974,-0.853,83.545,0.0,0.0,-0.968,99.4114,-156.3,-79.8,5.742,0,0.0,-0.46,310.14000000000004,-0.165,36.99,0.0,148.613,0.0,0
46974,-0.853,83.545,0.0,0.0,-0.968,97.80810000000001,-156.3,-80.10000000000001,5.742,0,0.0,-0.485,310.14000000000004,4.2229,35.910000000000004,0.0,147.81300000000002,0.0,0
46974,-0.512,83.545,0.0,0.0,-0.968,96.20280000000001,-156.3,-80.3,5.742,0,0.0,-0.535,310.005,-0.5279,35.01,0.0,147.012,0.0,0
46974,-0.682,83.545,0.0,0.0,-0.968,94.61800000000001,-152.6,-80.10000000000001,5.742,0,0.0,-0.52,310.005,-0.9238000000000001,34.65,0.0,146.211,0.0,0
46974,-0.682,83.545,0.0,0.0,-0.968,93.05080000000001,-152.6,-80.3,5.742,0,0.0,-0.5,310.005,1.9465000000000001,35.43,0.0,145.41,0.0,0
46974,-0.682,83.545,0.0,0.0,-0.968,91.4837,-154.5,-79.8,5.742,0,0.0,-0.455,310.005,-1.5836000000000001,35.31,0.0,144.609,0.0,0
46974,-0.853,83.545,0.0,0.0,-0.968,89.9289,-148.8,-79.8,5.742,0,0.0,-0.465,310.14000000000004,2.2764,36.9,0.0,143.809,0.0,0
46974,-0.853,83.545,0.0,0.0,-0.968,88.40140000000001,-148.8,-79.8,5.742,0,0.0,-0.485,310.14000000000004,3.0352,37.53,0.0,143.008,0.0,0
46974,-0.341,83.545,0.0,0.0,-0.968,86.8739,-148.70000000000002,-79.8,5.742,0,0.0,-0.455,309.915,-3.629,37.800000000000004,0.0,142.207,0.0,0
46974,-0.853,83.545,0.0,0.0,-0.968,85.3464,-148.70000000000002,-80.60000000000001,5.742,0,0.0,-0.47000000000000003,309.915,-5.0147,37.29,0.0,141.406,0.0,0
46974,-0.512,83.545,0.0,0.0,-0.968,83.8598,-146.6,-80.3,5.742,0,0.0,-0.485,310.005,2.4743,37.02,0.0,140.60500000000002,0.0,0
46974,-0.512,83.545,0.0,0.0,-0.968,83.7151,-144.70000000000002,-80.3,5.742,0,0.0,-0.485,310.005,3.3898,37.11,0.0,140.52700000000002,0.0,0
46974,-0.682,83.545,0.0,0.0,-0.968,82.23060000000001,-144.70000000000002,-80.3,5.742,0,0.0,-0.465,310.005,2.5568,37.11,0.0,139.727,0.0,0
46974,-0.341,83.545,0.0,0.0,-0.968,80.74430000000001,-144.70000000000002,-79.8,5.742,0,0.0,-0.525,309.915,-0.5279,36.81,0.0,138.92600000000002,0.0,0
46974,-0.682,83.545,0.0,0.0,-0.968,79.2929,-140.6,-79.8,5.742,0,0.0,-0.495,310.005,2.1114,37.02,0.0,138.125,0.0,0
46974,-0.512,83.545,0.0,0.0,-0.968,77.84920000000001,-140.5,-79.8,5.742,0,0.0,-0.47000000000000003,310.14000000000004,1.6248,35.76,0.0,137.324,0.0,0
46974,-0.341,83.545,0.0,0.0,-0.968,76.4054,-142.4,-80.10000000000001,5.742,0,0.0,-0.495,310.005,1.0392000000000001,34.89,0.0,136.523,0.0,0
46974,-0.682,83.545,0.0,0.0,-0.968,74.9875,-136.4,-79.3,5.742,0,0.0,-0.495,310.005,-1.7568000000000001,34.68,0.0,135.723,0.0,0
46974,-0.512,83.545,0.0,0.0,-0.968,73.5878,-136.3,-80.10000000000001,5.742,0,0.0,-0.495,310.005,-2.1527000000000003,35.31,0.0,134.922,0.0,0
46974,-0.682,83.545,0.0,0.0,-0.968,72.188,-171.20000000000002,-80.10000000000001,5.742,0,0.0,-0.485,310.14000000000004,2.1527000000000003,36.480000000000004,0.0,134.121,0.0,0
46974,-0.682,83.545,0.0,0.0,-0.968,70.8006,-165.8,-80.3,5.742,0,0.0,-0.495,310.005,3.563,37.35,0.0,133.32,0.0,0
46974,-0.341,83.545,0.0,0.0,-0.968,69.44760000000001,-164.0,-80.10000000000001,5.742,0,0.0,-0.515,310.14000000000004,0.3052,38.52,0.0,132.52,0.0,0
46974,-0.512,83.545,0.0,0.0,-0.968,68.0928,-164.1,-79.8,5.742,0,0.0,-0.5,310.005,-0.899,38.31,0.0,131.719,0.0,0
46974,-0.512,83.545,0.0,0.0,-0.968,66.7719,-132.0,-80.10000000000001,5.742,0,1.0,-0.48,310.14000000000004,1.3856000000000002,37.65,0.0,130.93800000000002,0.0,0
46974,-0.682,83.545,0.0,0.0,-0.968,66.6109,-161.0,-80.10000000000001,5.742,0,1.0,-0.5,310.14000000000004,2.5073000000000003,37.59,0.0,130.84,0.0,0
46974,-0.512,83.545,0.0,0.0,-0.968,65.3023,-160.1,-80.10000000000001,5.742,0,0.0,-0.515,310.005,-4.1239,36.6,0.0,130.03900000000002,0.0,0
46974,-0.682,83.545,0.0,0.0,-0.968,63.9938,-160.1,-80.10000000000001,5.742,0,0.0,-0.51,310.005,1.0557,36.51,0.0,129.238,0.0,0
46974,-0.853,83.545,0.0,0.0,-0.968,62.686800000000005,-158.5,-79.8,5.742,0,0.0,-0.545,310.005,0.099,36.93,0.0,128.43800000000002,0.0,0
46974,-0.171,83.545,0.0,0.0,-0.968,61.4472,-122.80000000000001,-79.8,5.742,0,0.0,-0.47500000000000003,310.005,-0.0412,36.96,0.0,127.656,0.0,0
46974,-0.512,83.545,0.0,0.0,-0.968,60.185700000000004,-124.4,-80.10000000000001,5.742,0,0.0,-0.49,310.005,0.1237,36.63,0.0,126.855,0.0,0
46974,-0.682,83.545,0.0,0.0,-0.968,58.925700000000006,-122.9,-80.3,5.742,0,1.0,-0.505,310.005,0.2887,35.31,0.0,126.055,0.0,0
46974,-0.341,83.545,0.0,0.0,-0.968,57.6897,-118.2,-80.3,5.742,0,0.0,-0.49,310.14000000000004,-1.1547,34.62,0.0,125.254,0.0,0
46974,-0.853,83.545,0.0,0.0,-0.968,56.476000000000006,-118.2,-79.8,5.742,0,0.0,-0.48,310.005,-0.37120000000000003,34.59,0.0,124.453,0.0,0
46974,-0.512,83.545,0.0,0.0,-0.968,55.2623,-118.2,-80.10000000000001,5.742,0,0.0,-0.515,310.005,1.7733,35.46,0.0,123.652,0.0,0
46974,-0.682,83.545,0.0,0.0,-0.968,54.0628,-113.5,-79.60000000000001,5.742,0,1.0,-0.47000000000000003,310.005,-3.3404000000000003,37.050000000000004,0.0,122.852,0.0,0
46974,-0.853,83.545,0.0,0.0,-0.968,52.897600000000004,-113.5,-80.3,5.742,0,0.0,-0.45,310.005,0.0,38.43,0.0,122.051,0.0,0
46974,-0.682,83.545,0.0,0.0,-0.968,51.7323,-113.5,-79.8,5.742,0,0.0,-0.54,310.14000000000004,0.7011000000000001,38.85,0.0,121.25,0.0,0
46974,-0.853,83.545,0.0,0.0,-0.968,50.5671,-113.5,-80.10000000000001,5.742,0,0.0,-0.485,310.14000000000004,-0.0825,38.46,0.0,120.44900000000001,0.0,0
46974,-0.682,83.545,0.0,0.0,-0.968,49.450300000000006,-110.10000000000001,-79.60000000000001,5.742,0,0.0,-0.46,309.915,-1.1959,36.9,0.0,119.64800000000001,0.0,0
46974,-0.512,83.545,0.0,0.0,-0.968,48.3354,-108.7,-80.60000000000001,5.742,0,0.0,-0.56,310.005,-3.2001,36.0,0.0,118.848,0.0,0
46974,-0.512,83.545,0.0,0.0,-0.968,47.219,-108.80000000000001,-80.3,5.742,0,0.0,-0.505,310.005,-3.0764,35.76,0.0,118.04700000000001,0.0,0
46974,-0.341,83.545,0.0,0.0,-0.968,46.1381,-103.9,-80.60000000000001,5.742,0,0.0,-0.495,310.14000000000004,6.3508000000000004,35.43,0.0,117.24600000000001,0.0,0
46974,-0.682,83.545,0.0,0.0,-0.968,45.0709,-103.9,-80.60000000000001,5.742,0,0.0,-0.48,310.005,1.8723,35.46,0.0,116.44500000000001,0.0,0
46974,-0.682,83.545,0.0,0.0,-0.968,44.967,-103.9,-80.10000000000001,5.742,0,0.0,-0.495,310.14000000000004,2.4578,35.4,0.0,116.367,0.0,0
46974,-0.512,83.545,0.0,0.0,-0.968,43.8999,-105.2,-80.3,5.742,0,0.0,-0.525,310.005,-1.5093,35.22,0.0,115.566,0.0,0
46974,-0.341,83.545,0.0,0.0,-0.968,42.8609,-99.10000000000001,-80.3,5.742,0,0.0,-0.49,310.005,-2.0455,34.980000000000004,0.0,114.766,0.0,0
46974,-0.682,83.545,0.0,0.0,-0.968,41.8432,-99.10000000000001,-80.3,5.742,0,1.0,-0.495,310.005,0.2722,35.52,0.0,113.965,0.0,0
46974,-0.512,83.545,0.0,0.0,-0.968,40.825500000000005,-99.10000000000001,-79.8,5.742,0,0.0,-0.505,309.915,1.864,37.02,0.0,113.164,0.0,0
46974,-0.512,83.545,0.0,0.0,-0.968,39.821200000000005,-94.30000000000001,-80.60000000000001,5.742,0,0.0,-0.45,310.005,-2.8207,37.77,0.0,112.363,0.0,0
46974,-0.853,83.545,0.0,0.0,-0.968,38.854,-94.30000000000001,-80.3,5.742,0,0.0,-0.515,310.005,-0.5526,38.64,0.0,111.563,0.0,0
46974,-0.853,83.545,0.0,0.0,-0.968,37.885600000000004,-94.30000000000001,-80.3,5.742,0,0.0,-0.53,310.14000000000004,2.7795,38.61,0.0,110.762,0.0,0
46974,-0.682,83.545,0.0,0.0,-0.968,36.917300000000004,-94.2,-80.3,5.742,0,0.0,-0.47500000000000003,310.005,1.1877,38.31,0.0,109.961,0.0,0
46974,-0.682,83.545,0.0,0.0,-0.968,35.9981,-89.5,-80.3,5.742,0,0.0,-0.41500000000000004,309.915,-2.8372,37.410000000000004,0.0,109.16000000000001,0.0,0
46974,-0.682,83.545,0.0,0.0,-0.968,35.078900000000004,-90.7,-80.10000000000001,5.742,0,0.0,-0.485,309.915,-3.1672000000000002,36.480000000000004,0.0,108.35900000000001,0.0,0
46974,-0.512,83.545,0.0,0.0,-0.968,34.160900000000005,-89.5,-79.8,5.742,0,0.0,-0.485,310.14000000000004,3.0682,35.7,0.0,107.55900000000001,0.0,0
46974,-0.512,83.545,0.0,0.0,-0.968,33.277300000000004,-84.8,-80.3,5.742,0,0.0,-0.495,310.005,1.8475000000000001,35.46,0.0,106.75800000000001,0.0,0
46974,-0.512,83.545,0.0,0.0,-0.968,32.407000000000004,-84.8,-80.3,5.742,0,1.0,-0.495,310.005,-1.3856000000000002,35.28,0.0,105.95700000000001,0.0,0
46974,-0.512,83.545,0.0,0.0,-0.968,31.536700000000003,-84.8,-79.8,5.742,0,0.0,-0.405,310.005,-3.0352,35.7,0.0,105.156,0.0,0
46974,-0.682,83.545,0.0,0.0,-0.968,30.6885,-81.10000000000001,-80.10000000000001,5.742,0,0.0,-0.485,310.005,0.0,35.61,0.0,104.355,0.0,0
46974,-0.853,83.545,0.0,0.0,-0.968,29.867600000000003,-80.0,-80.10000000000001,5.742,0,0.0,-0.55,310.14000000000004,3.0352,36.75,0.0,103.555,0.0,0
46974,-0.512,83.545,0.0,0.0,-0.968,29.0457,-80.0,-80.60000000000001,5.742,0,0.0,-0.455,309.915,-0.19790000000000002,37.47,0.0,102.754,0.0,0
46974,-0.341,83.545,0.0,0.0,-0.968,28.2326,-75.4,-80.10000000000001,5.742,0,0.0,-0.55,309.915,-4.0909,38.67,0.0,101.953,0.0,0
46974,-0.853,83.545,0.0,0.0,-0.968,28.157200000000003,-75.4,-80.3,5.742,0,0.0,-0.51,309.915,-4.4043,38.79,0.0,101.875,0.0,0
46974,-0.341,83.545,0.0,0.0,-0.968,27.383000000000003,-75.4,-79.8,5.742,0,0.0,-0.505,310.005,-0.23920000000000002,38.64,0.0,101.074,0.0,0
46974,-0.682,83.545,0.0,0.0,-0.968,26.608800000000002,-76.4,-80.10000000000001,5.742,0,0.0,-0.45,310.14000000000004,7.876600000000001,37.95,0.0,100.27300000000001,0.0,0
46974,-0.341,83.545,0.0,0.0,-0.968,25.836100000000002,-74.9,-80.10000000000001,5.742,0,0.0,-0.53,310.005,4.0084,36.36,0.0,99.473,0.0,0
46974,-0.512,83.545,0.0,0.0,-0.968,25.108900000000002,-70.8,-80.3,5.742,0,0.0,-0.505,310.005,-4.1569,36.21,0.0,98.67200000000001,0.0,0
46974,-0.853,83.545,0.0,0.0,-0.968,24.381700000000002,-70.8,-80.10000000000001,5.742,0,0.0,-0.505,310.005,-3.3404000000000003,36.12,0.0,97.87100000000001,0.0,0
46974,-0.853,83.545,0.0,0.0,-0.968,23.654500000000002,-70.8,-79.8,5.742,0,0.0,-0.485,310.005,-1.1877,35.7,0.0,97.07000000000001,0.0,0
46974,-0.853,83.545,0.0,0.0,-0.968,22.962200000000003,-66.3,-80.10000000000001,5.742,0,0.0,-0.545,310.005,0.132,35.22,0.0,96.27000000000001,0.0,0
46974,-0.512,83.545,0.0,0.0,-0.968,22.281000000000002,-66.3,-79.60000000000001,5.742,0,0.0,-0.46,310.14000000000004,4.792,34.74,0.0,95.46900000000001,0.0,0
46974,-0.682,83.545,0.0,0.0,-0.968,21.5999,-66.3,-80.3,5.742,0,0.0,-0.5,309.915,-0.9073,35.160000000000004,0.0,94.668,0.0,0
46974,-0.341,83.545,0.0,0.0,-0.968,20.939700000000002,-62.0,-79.8,5.742,0,0.0,-0.51,310.005,-2.7053000000000003,36.06,0.0,93.867,0.0,0
46974,-0.853,83.545,0.0,0.0,-0.968,20.3036,-62.7,-80.3,5.742,0,0.0,-0.43,310.005,-2.0867,37.59,0.0,93.066,0.0,0
46974,-0.171,83.545,0.0,0.0,-0.968,19.668200000000002,-62.0,-79.60000000000001,5.742,0,0.0,-0.465,310.005,2.7548,37.62,0.0,92.266,0.0,0
46974,-1.0230000000000001,83.545,0.0,0.0,-0.968,19.6063,-61.900000000000006,-79.8,5.742,0,0.0,-0.49,310.005,2.0455,37.65,0.0,92.188,0.0,0
46974,-0.682,83.545,0.0,0.0,-0.968,18.9829,-57.7,-80.10000000000001,5.742,0,0.0,-0.51,310.005,2.3754,37.5,0.0,91.387,0.0,0
46974,-0.853,83.545,0.0,0.0,-0.968,18.3906,-57.7,-80.3,5.742,0,0.0,-0.525,310.005,-1.5836000000000001,36.84,0.0,90.586,0.0,0
46974,-0.512,83.545,0.0,0.0,-0.968,17.7983,-57.7,-80.10000000000001,5.742,0,1.0,-0.515,310.14000000000004,0.7918000000000001,36.480000000000004,0.0,89.78500000000001,0.0,0
46974,-0.512,83.545,0.0,0.0,-0.968,17.2069,-57.5,-79.60000000000001,5.742,0,0.0,-0.47500000000000003,310.005,2.3754,36.6,0.0,88.98400000000001,0.0,0
46974,-0.512,83.545,0.0,0.0,-0.968,16.6579,-53.5,-80.10000000000001,5.742,0,0.0,-0.505,310.005,-1.5836000000000001,37.08,0.0,88.184,0.0,0
46974,-0.682,83.545,0.0,0.0,-0.968,16.1081,-53.5,-79.8,5.742,0,0.0,-0.515,309.915,-4.8497,35.82,0.0,87.38300000000001,0.0,0
46974,-0.171,83.545,0.0,0.0,-0.968,15.558300000000001,-53.6,-79.8,5.742,0,0.0,-0.5650000000000001,310.005,1.1877,35.13,0.0,86.58200000000001,0.0,0
46974,-0.512,83.545,0.0,0.0,-0.968,15.0394,-49.6,-80.10000000000001,5.742,0,0.0,-0.52,310.005,-0.5279,34.32,0.0,85.781,0.0,0
46974,-0.853,83.545,0.0,0.0,-0.968,14.530800000000001,-50.2,-80.3,5.742,0,0.0,-0.495,309.915,0.2639,33.6,0.0,84.98,0.0,0
46974,-0.512,83.545,0.0,0.0,-0.968,14.0229,-49.5,-79.8,5.742,0,0.0,-0.495,310.005,1.0557,34.29,0.0,84.18,0.0,0
46974,-0.682,83.545,0.0,0.0,-0.968,13.5332,-45.7,-80.10000000000001,5.742,0,1.0,-0.495,310.005,-1.1877,35.910000000000004,0.0,83.379,0.0,0
46974,-0.512,83.545,0.0,0.0,-0.968,13.064300000000001,-45.7,-80.3,5.742,0,0.0,-0.51,310.14000000000004,2.4743,37.35,0.0,82.578,0.0,0
46974,-0.682,83.545,0.0,0.0,-0.968,12.595400000000001,-45.7,-80.10000000000001,5.742,0,0.0,-0.51,310.14000000000004,2.6393,37.230000000000004,0.0,81.777,0.0,0
46974,-0.682,83.545,0.0,0.0,-0.968,12.1349,-52.2,-79.60000000000001,5.742,0,0.0,-0.495,310.005,0.0,36.78,0.0,80.977,0.0,0
46974,-0.171,83.545,0.0,0.0,-0.968,11.7042,-52.1,-80.3,5.742,0,0.0,-0.49,310.14000000000004,2.1114,36.75,0.0,80.176,0.0,0
46974,-0.512,83.545,0.0,0.0,-0.968,11.2734,-52.7,-80.3,5.742,0,0.0,-0.495,310.14000000000004,-0.7918000000000001,36.81,0.0,79.375,0.0,0
46974,-0.512,83.545,0.0,0.0,-0.968,10.842600000000001,-52.7,-79.8,5.742,0,1.0,-0.495,310.14000000000004,0.5279,36.96,0.0,78.574,0.0,0
46974,-0.341,83.545,0.0,0.0,-0.968,10.446,-48.2,-80.10000000000001,5.742,0,1.0,-0.485,310.005,-0.4289,37.14,0.0,77.77300000000001,0.0,0
46974,-0.682,83.545,0.0,0.0,-0.968,10.0616,-38.4,-80.10000000000001,5.742,0,0.0,-0.465,310.14000000000004,-1.1877,36.09,0.0,76.992,0.0,0
46974,-0.682,83.545,0.0,0.0,-0.968,9.6674,-38.9,-80.3,5.742,0,0.0,-0.485,310.005,-0.6928000000000001,35.49,0.0,76.191,0.0,0
46974,-0.512,83.545,0.0,0.0,-0.968,9.2958,-35.0,-79.60000000000001,5.742,0,0.0,-0.515,309.825,-2.9032,34.980000000000004,0.0,75.391,0.0,0
46974,-0.341,83.545,0.0,0.0,-0.968,9.251800000000001,-44.0,-80.10000000000001,5.742,0,0.0,-0.505,309.915,-3.5466,34.92,0.0,75.293,0.0,0
46974,-0.682,83.545,0.0,0.0,-0.968,8.8924,-44.0,-80.10000000000001,5.742,0,0.0,-0.515,310.005,-2.6805000000000003,34.2,0.0,74.492,0.0,0
46974,-0.341,83.545,0.0,0.0,-0.968,8.5329,-44.0,-80.10000000000001,5.742,0,0.0,-0.495,310.005,2.6393,34.74,0.0,73.691,0.0,0
46974,-0.512,83.545,0.0,0.0,-0.968,8.1978,-31.8,-80.10000000000001,5.742,0,0.0,-0.55,310.005,3.3321,35.730000000000004,0.0,72.91,0.0,0
46974,-0.341,83.545,0.0,0.0,-0.968,7.8715,-32.2,-80.3,5.742,0,0.0,-0.47500000000000003,309.915,0.6763,37.08,0.0,72.10900000000001,0.0,0
46974,-0.171,83.545,0.0,0.0,-0.968,7.5457,-31.700000000000003,-80.3,5.742,0,0.0,-0.5,310.14000000000004,-0.39590000000000003,38.37,0.0,71.309,0.0,0
46974,-0.512,83.545,0.0,0.0,-0.968,7.225300000000001,-28.8,-79.60000000000001,5.742,0,0.0,-0.515,310.005,1.6496000000000002,37.800000000000004,0.0,70.50800000000001,0.0,0
46974,-0.341,83.545,0.0,0.0,-0.968,6.9303,-28.8,-79.8,5.742,0,0.0,-0.49,310.005,0.9485,37.2,0.0,69.70700000000001,0.0,0
46974,-0.682,83.545,0.0,0.0,-0.968,6.635400000000001,-28.700000000000003,-79.3,5.742,0,0.0,-0.48,310.14000000000004,-3.563,36.87,0.0,68.906,0.0,0
46974,-0.512,83.545,0.0,0.0,-0.968,6.340400000000001,-29.1,-80.60000000000001,5.742,0,0.0,-0.515,310.005,1.3856000000000002,36.18,0.0,68.105,0.0,0
46974,-0.682,83.545,0.0,0.0,-0.968,6.072900000000001,-25.900000000000002,-80.3,5.742,0,0.0,-0.395,310.14000000000004,2.7465,36.24,0.0,67.305,0.0,0
46974,-0.682,83.545,0.0,0.0,-0.968,5.8075,-25.8,-80.10000000000001,5.742,0,1.0,-0.525,310.005,-0.5938,35.25,0.0,66.504,0.0,0
46974,-0.682,83.545,0.0,0.0,-0.968,5.542000000000001,-25.900000000000002,-80.10000000000001,5.742,0,1.0,-0.5,310.14000000000004,0.5691,34.5,0.0,65.703,0.0,0
46974,-0.341,83.545,0.0,0.0,-0.968,5.2946,-23.200000000000003,-80.3,5.742,0,0.0,-0.46,310.005,-3.6043000000000003,34.11,0.0,64.902,0.0,0
46974,-0.171,83.545,0.0,0.0,-0.968,5.0572,-23.200000000000003,-80.3,5.742,0,0.0,-0.485,310.005,-2.9032,34.230000000000004,0.0,64.102,0.0,0
46974,-0.682,83.545,0.0,0.0,-0.968,4.8196,-23.1,-79.8,5.742,0,0.0,-0.515,310.14000000000004,2.9445,35.52,0.0,63.301,0.0,0
46974,-0.682,83.545,0.0,0.0,-0.968,4.5917,-20.6,-79.8,5.742,0,1.0,-0.5,310.005,0.0,37.5,0.0,62.5,0.0,0
46974,-0.341,83.545,0.0,0.0,-0.968,4.3799,-20.6,-80.3,5.742,0,0.0,-0.495,310.14000000000004,-0.48660000000000003,38.31,0.0,61.699000000000005,0.0,0
46974,-0.512,83.545,0.0,0.0,-0.968,4.168200000000001,-20.8,-79.8,5.742,0,0.0,-0.43,310.005,-1.4269,38.7,0.0,60.898,0.0,0
46974,-0.853,83.545,0.0,0.0,-0.968,3.9592,-18.3,-80.10000000000001,5.742,0,0.0,-0.44,309.915,-4.2724,37.980000000000004,0.0,60.098000000000006,0.0,0
46974,-0.512,83.545,0.0,0.0,-0.968,3.7716000000000003,-18.3,-79.8,5.742,0,0.0,-0.47500000000000003,310.14000000000004,0.132,36.21,0.0,59.297000000000004,0.0,0
46974,-0.512,83.545,0.0,0.0,-0.968,3.5841000000000003,-18.2,-80.60000000000001,5.742,0,0.0,-0.45,309.915,3.0352,35.97,0.0,58.496,0.0,0
46974,-0.853,83.545,0.0,0.0,-0.968,3.3965,-18.3,-79.8,5.742,0,0.0,-0.49,310.005,0.3134,35.7,0.0,57.695,0.0,0
46974,-0.341,83.545,0.0,0.0,-0.968,3.2278000000000002,-16.1,-80.10000000000001,5.742,0,0.0,-0.5,310.005,-3.2744,35.88,0.0,56.895,0.0,0
46974,-0.512,83.545,0.0,0.0,-0.968,3.0626,-16.1,-80.3,5.742,0,0.0,-0.515,310.005,-1.5341,35.730000000000004,0.0,56.094,0.0,0
46974,-0.682,83.545,0.0,0.0,-0.968,3.0465,-16.1,-80.3,5.742,0,0.0,-0.505,310.005,-1.9135000000000002,35.7,0.0,56.016000000000005,0.0,0
46974,-0.341,83.545,0.0,0.0,-0.968,2.8813,-16.1,-80.10000000000001,5.742,0,0.0,-0.485,310.14000000000004,2.5073000000000003,35.64,0.0,55.215,0.0,0
46974,-0.853,83.545,0.0,0.0,-0.968,2.7297000000000002,-14.100000000000001,-80.3,5.742,0,0.0,-0.5,310.005,3.1672000000000002,34.800000000000004,0.0,54.414,0.0,0
46974,-0.512,83.545,0.0,0.0,-0.968,2.5852,-14.100000000000001,-79.8,5.742,0,0.0,-0.5,310.14000000000004,4.2229,35.19,0.0,53.613,0.0,0
46974,-0.682,83.545,0.0,0.0,-0.968,2.4408000000000003,-14.100000000000001,-80.10000000000001,5.742,0,0.0,-0.495,310.005,-3.3321,36.57,0.0,52.813,0.0,0
46974,-0.853,83.545,0.0,0.0,-0.968,2.3036000000000003,-12.200000000000001,-80.60000000000001,5.742,0,0.0,-0.495,310.14000000000004,-0.39590000000000003,37.5,0.0,52.012,0.0,0
46974,-0.682,83.545,0.0,0.0,-0.968,2.178,-12.200000000000001,-80.10000000000001,5.742,0,0.0,-0.495,310.005,0.3629,37.71,0.0,51.211000000000006,0.0,0
46974,-0.512,83.545,0.0,0.0,-0.968,2.0523000000000002,-12.3,-80.3,5.742,0,0.0,-0.51,310.005,-1.4516,37.47,0.0,50.410000000000004,0.0,0
46974,-0.512,83.545,0.0,0.0,-0.968,1.9287,-10.700000000000001,-80.10000000000001,5.742,0,0.0,-0.53,310.005,1.1547,37.44,0.0,49.609,0.0,0
46974,-0.512,83.545,0.0,0.0,-0.968,1.8205,-10.5,-80.10000000000001,5.742,0,0.0,-0.5,310.14000000000004,1.0557,36.93,0.0,48.809000000000005,0.0,0
46974,-0.682,83.545,0.0,0.0,-0.968,1.7121000000000002,-10.5,-79.8,5.742,0,0.0,-0.5,310.005,0.7918000000000001,36.75,0.0,48.008,0.0,0
46974,-0.341,83.545,0.0,0.0,-0.968,1.6037000000000001,-10.6,-80.3,5.742,0,0.0,-0.535,310.005,0.5279,36.21,0.0,47.207,0.0,0
46974,-0.853,83.545,0.0,0.0,-0.968,1.5086000000000002,-9.0,-80.10000000000001,5.742,0,0.0,-0.5,310.005,-4.1239,35.34,0.0,46.406,0.0,0
46974,0.0,83.545,0.0,0.0,-0.968,1.4159000000000002,-9.1,-80.10000000000001,5.742,0,0.0,-0.485,310.005,2.2434000000000003,35.52,0.0,45.605000000000004,0.0,0
46974,-0.682,83.545,0.0,0.0,-0.968,1.3233000000000001,-9.0,-79.60000000000001,5.742,0,0.0,-0.505,309.915,2.9692000000000003,36.12,0.0,44.805,0.0,0
46974,-0.512,83.545,0.0,0.0,-0.968,1.2386000000000001,-7.7,-80.10000000000001,5.742,0,0.0,-0.51,310.005,-2.3754,35.910000000000004,0.0,44.004000000000005,0.0,0
46974,-0.853,83.545,0.0,0.0,-0.968,1.1600000000000001,-7.6000000000000005,-79.60000000000001,5.742,0,0.0,-0.5,310.14000000000004,-0.6268,36.18,0.0,43.203,0.0,0
46974,-0.341,83.545,0.0,0.0,-0.968,1.0813000000000001,-7.7,-80.10000000000001,5.742,0,0.0,-0.465,310.005,1.9795,36.6,0.0,42.402,0.0,0
46974,-0.341,83.545,0.0,0.0,-0.968,1.0066,-6.4,-79.3,5.742,0,0.0,-0.485,310.14000000000004,0.6928000000000001,37.5,0.0,41.602000000000004,0.0,0
46974,-0.853,83.545,0.0,0.0,-0.968,0.9437000000000001,-6.4,-72.5,5.742,0,0.0,-0.48,310.14000000000004,2.2434000000000003,37.59,0.0,40.84,0.0,0
46974,-0.682,83.545,0.0,0.0,-1.452,0.8937,-4.9,-47.800000000000004,5.742,0,0.0,-0.505,310.14000000000004,2.5403000000000002,38.04,0.0,40.234,0.0,0
46974,-0.682,83.545,0.0,0.0,-1.633,0.8648,-1.5,-25.1,5.742,0,0.0,-0.495,310.005,-2.7713,37.77,0.0,39.883,0.0,0
46974,-0.171,83.545,0.0,0.0,-1.2710000000000001,0.8631000000000001,-1.7000000000000002,-22.6,5.742,0,1.0,-0.51,310.005,-2.5486,37.65,0.0,39.863,0.0,0
46974,-0.341,83.545,0.0,0.0,-0.968,0.8519,-1.6,-7.9,5.742,0,0.0,-0.5,310.005,-3.2084,37.56,0.0,39.727000000000004,0.0,0
46974,-0.341,83.545,0.0,0.0,-1.029,0.8374,-3.2,-42.9,5.742,0,0.0,-0.49,310.14000000000004,1.0557,37.29,0.0,39.551,0.0,0
46974,-0.853,83.545,0.0,0.0,-0.06,0.7605000000000001,-12.0,-167.5,5.742,0,0.0,-0.3,310.14000000000004,5.3198,36.6,0.0,38.496,0.0,0
46974,-0.853,83.545,0.0,0.0,10.708,0.5921000000000001,-18.7,-335.1,5.742,0,1.0,-0.34500000000000003,309.915,2.8537000000000003,35.58,0.0,35.918,0.0,0
46974,-0.853,83.545,0.5,0.0,39.142,0.3798,-22.3,-482.70000000000005,5.742,0,0.0,-0.495,310.005,-4.8580000000000005,35.85,0.0,31.719,0.0,0
46974,0.0,83.545,0.0,0.0,163.647,0.19970000000000002,-16.3,-563.5,5.742,0,0.0,-1.365,310.005,-5.3198,35.46,0.0,26.367,0.0,0
46974,0.0,83.545,0.0,0.0,269.216,0.0884,-8.5,-560.7,5.742,0,0.0,-0.41000000000000003,310.005,3.1259,36.09,0.0,20.723000000000003,0.0,0
46974,-0.341,83.545,0.0,0.0,381.622,0.032100000000000004,-3.7,-520.3000000000001,5.742,0,0.0,-0.29,310.14000000000004,3.5383,36.63,0.0,15.273000000000001,0.0,0
46974,-0.512,83.545,0.0,0.0,422.761,0.0088,-1.6,-405.90000000000003,5.742,0,0.0,0.035,310.14000000000004,2.3506,37.26,0.0,10.645000000000001,0.0,0
46974,-0.341,83.545,0.0,0.0,449.803,0.0016,-0.2,-255.10000000000002,5.742,0,0.0,-0.525,310.005,3.3651,38.1,0.0,7.422000000000001,0.0,0
46974,-0.171,83.545,0.0,0.0,455.551,0.0004,0.0,-113.7,5.742,0,1.0,-0.225,310.14000000000004,-1.7815,38.28,0.0,5.664000000000001,0.0,0
46974,-0.171,83.545,0.0,0.0,456.76,0.0,0.0,-25.1,5.742,0,-1.0,-0.41000000000000003,310.005,-2.1527000000000003,37.95,0.0,5.078,0.0,0
46974,-0.341,83.545,0.0,0.0,456.76,0.0,0.0,-4.5,5.742,0,1.0,-0.34,310.14000000000004,4.6188,37.44,0.0,4.961,0.0,0
46974,-0.512,83.545,0.0,0.0,456.034,0.0,0.0,1.7000000000000002,5.742,0,0.0,-0.375,310.14000000000004,1.5176,36.93,0.0,4.941,0.0,0
46974,-0.341,83.545,0.0,0.0,455.853,0.0,0.0,1.3,5.742,0,1.0,-0.375,310.005,-3.6703,36.69,0.0,4.98,0.0,0
46974,-0.341,83.545,0.0,0.0,455.551,0.0,0.0,-0.2,5.742,0,0.0,-0.325,310.14000000000004,-3.8270000000000004,36.0,0.0,4.98,0.0,0
46974,-0.171,83.545,-0.5,0.0,455.913,0.0,0.0,0.0,5.742,0,1.0,-0.39,310.14000000000004,4.396100000000001,36.63,0.0,4.98,0.0,0
46974,-0.171,83.545,-0.5,0.0,455.551,0.0,0.0,0.0,5.742,0,0.0,-0.39,310.14000000000004,-0.6846,44.97,0.0,4.98,0.0,0
46974,-0.341,83.545,0.0,0.0,455.611,0.0,0.0,0.0,5.742,0,1.0,-0.375,310.14000000000004,-0.8165,103.11,0.0,4.98,0.0,0
46974,-0.341,83.545,0.0,0.0,455.06600000000003,0.0,0.0,0.2,5.742,0,0.0,-0.36,309.915,2.2187,110.61,0.0,4.98,0.0,0
46974,-0.341,83.545,0.0,0.0,455.005,0.0,0.0,0.0,5.742,0,0.0,-0.38,310.14000000000004,-0.9485,81.60000000000001,0.0,4.98,0.0,0
46974,-0.341,83.545,0.0,0.0,455.551,0.0,0.0,0.0,5.742,0,0.0,-0.36,310.005,-2.8125,209.55,3.5153539180755615,4.98,0.0,0
46974,-0.341,83.545,0.0,0.0,455.551,0.0,0.0,0.0,5.742,0,0.0,-0.38,310.14000000000004,1.4021000000000001,56.4,3.5153539180755615,4.98,0.0,0
46974,-0.853,83.545,-0.5,0.0,455.43,0.0,0.0,0.0,5.742,0,0.0,-0.34,310.005,2.1362,3.42,3.5153539180755615,4.98,0.0,0
46974,-0.853,83.545,0.0,0.0,455.551,0.0,0.0,-0.2,5.742,0,0.0,-0.39,310.365,3.8765,0.12,3.5153539180755615,4.98,0.0,0
46974,-0.341,83.545,-0.5,0.0,455.005,0.0,0.0,0.0,5.742,0,0.0,-0.395,310.005,-0.1072,0.0,3.5153539180755615,4.98,0.0,0
46974,-0.171,83.545,0.5,0.0,454.64300000000003,0.0,0.0,0.0,5.742,0,0.0,-0.36,310.14000000000004,-3.0352,0.0,3.5153539180755615,4.98,0.0,0
46974,-0.171,83.545,0.0,0.0,454.70300000000003,0.0,0.0,0.0,5.742,0,0.0,-0.245,310.14000000000004,-3.3898,88.86,6.410984516143799,4.98,0.0,0
46974,-0.512,83.545,0.0,0.0,454.522,0.0,0.0,-0.2,5.742,0,0.0,-0.335,310.14000000000004,6.3096000000000005,361.38,6.410984516143799,4.98,0.0,0
46974,-0.512,83.545,-0.5,0.0,454.522,0.0,0.0,0.0,5.742,0,0.0,-0.39,310.005,-3.3404000000000003,660.03,8.663458824157715,4.98,0.0,0
46974,-0.512,83.545,0.5,0.0,454.522,0.0,0.0,0.0,5.742,0,0.0,-0.365,310.005,-3.8600000000000003,690.03,8.971578598022461,4.98,0.0,0
46974,-0.512,83.545,-0.5,0.0,454.70300000000003,0.0,0.0,0.0,5.742,0,0.0,-0.35000000000000003,310.005,-4.3548,990.0,13.897064208984375,4.98,0.0,0
46974,0.0,83.545,0.5,0.0,454.945,0.0,0.0,0.0,5.742,0,1.0,-0.36,310.005,0.099,1290.0,19.139535903930664,4.98,0.0,0
46974,0.341,83.545,0.0,0.0,454.582,0.0,0.0,0.0,5.742,0,0.0,-0.305,310.005,-1.9795,1480.56,22.12193489074707,4.98,0.0,0
46974,0.512,83.545,0.5,0.0,454.159,0.0,0.0,0.0,5.742,0,0.0,-0.375,309.915,-4.9487000000000005,1500.39,26.587297439575195,4.98,0.0,0
46974,1.0230000000000001,83.545,0.0,0.0,453.857,0.0,0.0,0.0,5.742,0,0.0,-0.34,310.005,-0.7918000000000001,1386.8700000000001,31.300615310668945,4.98,0.0,0
46974,1.364,83.545,0.0,0.0,454.038,0.0,0.0,0.0,5.742,0,0.0,-0.32,309.915,-3.1012,1195.23,35.35050582885742,4.98,0.0,0
46974,1.705,83.545,0.0,0.0,453.675,0.0,0.0,0.0,5.742,0,0.0,-0.32,309.915,-2.1114,1020.39,35.35050582885742,4.98,0.0,0
46974,1.705,83.545,0.0,0.0,453.25100000000003,0.0,0.0,0.0,5.742,0,0.0,-0.37,309.915,-3.629,837.54,35.35050582885742,4.98,0.0,0
46974,2.217,83.545,0.0,0.0,453.19100000000003,0.0,0.0,0.0,5.742,0,0.0,-0.365,309.915,-1.3196,544.38,35.35050582885742,4.98,0.0,0
46974,1.8760000000000001,83.545,0.0,0.0,453.13,0.0,0.0,0.0,5.742,0,0.0,-0.37,309.825,-0.9897,221.19,35.35050582885742,4.98,0.0,0
46974,1.705,83.545,0.0,0.0,453.19100000000003,0.0,0.0,0.0,5.742,0,0.0,-0.365,309.825,-2.6393,-413.94,35.35050582885742,4.98,0.0,0
46974,1.8760000000000001,83.545,0.0,0.0,452.46500000000003,0.0,0.0,0.0,5.742,0,0.0,-0.425,309.825,-3.3651,-480.0,35.35050582885742,4.98,0.0,0
46974,2.0460000000000003,83.545,0.0,0.0,452.344,0.0,0.0,0.0,5.742,0,0.0,-0.275,309.825,-2.3754,-480.0,35.35050582885742,4.98,0.0,0
46974,1.8760000000000001,83.545,0.0,0.0,452.586,0.0,0.0,0.0,5.742,0,0.0,-0.305,309.825,1.5836000000000001,-480.0,35.35050582885742,4.98,0.0,0
46974,2.387,83.545,-3.0,0.0,452.949,0.0,0.0,0.0,5.742,0,0.0,-0.37,309.69,-0.7918000000000001,-480.0,35.35050582885742,4.98,0.0,0
46974,3.411,83.53500000000001,-4.1000000000000005,0.0,452.949,0.0,0.0,0.0,5.742,0,1.0,-0.445,309.915,0.1155,-480.0,35.35050582885742,4.98,0.0,0
46974,14.495000000000001,83.379,-26.400000000000002,0.0,452.767,0.0,0.0,-0.2,5.742,0,3.0,-0.365,309.825,0.3299,-452.22,35.35050582885742,4.98,0.0,0
46974,20.464000000000002,83.057,-34.5,0.0,453.009,0.0,0.0,0.0,5.742,0,11.0,-0.375,309.915,-1.0722,-77.58,35.35050582885742,4.98,0.0,0
46974,20.464000000000002,82.72500000000001,-30.5,-1.0,452.88800000000003,0.0,0.0,0.0,5.742,0,20.0,-0.215,309.825,0.8330000000000001,291.78000000000003,35.35050582885742,4.98,0.0,0
46974,21.657,82.412,-31.5,0.0,452.646,0.0,0.0,0.0,5.742,0,35.0,-0.38,309.825,-0.6598,189.03,35.35050582885742,4.98,0.0,0
46974,24.045,82.09,-32.0,0.0,452.82800000000003,0.0,0.0,0.2,5.742,0,16.0,-0.29,309.915,-0.5031,-7.71,35.35050582885742,4.98,0.0,0
46974,30.013,81.777,-32.0,0.0,452.404,0.0,0.0,-0.2,5.742,0,20.0,-0.31,309.825,0.2639,-230.1,35.35050582885742,4.98,0.0,0
46974,39.392,81.455,-32.5,0.0,452.52500000000003,0.0,0.0,0.0,5.742,0,12.0,-0.41000000000000003,309.825,0.19790000000000002,-190.41,35.35050582885742,4.98,0.0,0
46974,48.772,81.143,-31.5,0.0,453.009,0.0,0.0,0.0,5.742,0,17.0,-0.395,309.825,1.2702,-18.69,35.35050582885742,4.98,0.0,0
46974,58.662,80.82000000000001,-31.5,0.0,452.46500000000003,0.0,0.0,-0.2,5.742,0,22.0,-0.365,309.915,0.8825000000000001,103.35000000000001,35.35050582885742,4.98,0.0,0
46974,70.08800000000001,80.50800000000001,-31.0,0.0,452.344,0.0,0.0,0.0,5.742,0,19.0,-0.37,309.825,2.1114,153.3,35.35050582885742,4.98,0.0,0
46974,81.513,80.186,-32.0,0.0,452.52500000000003,0.0,0.0,0.2,5.742,0,23.0,-0.34,309.69,-2.5486,141.39000000000001,35.35050582885742,4.98,0.0,0
46974,92.427,79.873,-31.5,0.0,452.284,0.0,0.0,0.0,5.742,0,21.0,-0.41000000000000003,309.825,-6.5817000000000005,95.16,35.35050582885742,4.98,0.0,0
46974,103.34100000000001,79.551,-30.5,0.0,452.344,0.0,0.0,0.0,5.742,0,20.0,-0.31,309.915,2.1114,43.08,35.35050582885742,4.98,0.0,0
46974,114.767,79.238,-32.5,0.0,452.52500000000003,0.0,0.0,0.0,5.742,0,21.0,-0.34,309.825,2.4166000000000003,6.63,35.35050582885742,4.98,0.0,0
46974,126.70400000000001,78.916,-32.5,0.0,452.223,0.0,0.0,0.0,5.742,0,23.0,-0.375,309.825,-1.2537,-5.43,35.35050582885742,4.98,0.0,0
46974,139.494,78.604,-31.5,0.0,452.344,0.0,0.0,0.2,5.742,0,24.0,-0.39,309.825,1.6661000000000001,1.8,35.35050582885742,4.98,0.0,0
46974,151.772,78.281,-31.5,0.0,452.46500000000003,0.0,0.0,-0.2,5.742,0,23.0,-0.395,309.825,1.1629,19.44,35.35050582885742,4.98,0.0,0
46974,164.562,77.96900000000001,-32.0,0.0,452.646,0.0,0.0,0.2,5.742,0,24.0,-0.39,310.005,0.033,37.68,35.35050582885742,4.98,0.0,0
46974,165.585,77.93900000000001,-31.5,0.0,452.646,0.0,0.0,0.2,5.742,0,24.0,-0.275,310.005,0.9238000000000001,39.24,35.35050582885742,4.98,0.0,0
46974,178.204,77.617,-32.0,0.0,452.404,0.0,0.0,0.0,5.742,0,26.0,-0.37,309.69,-0.5279,49.89,35.35050582885742,4.98,0.0,0
46974,190.823,77.305,-32.0,0.0,452.344,0.0,0.0,0.0,5.742,0,26.0,-0.385,309.825,-0.5279,52.11,35.35050582885742,4.98,0.0,0
46974,203.954,76.982,-32.0,0.0,452.344,0.0,0.0,0.0,5.742,0,27.0,-0.405,309.69,-3.9589000000000003,47.61,35.35050582885742,4.98,0.0,0
46974,219.131,76.67,-31.5,0.0,452.46500000000003,0.0,0.0,0.0,5.742,0,27.0,-0.35000000000000003,309.915,4.3218000000000005,40.08,35.35050582885742,4.98,0.0,0
46974,235.332,76.348,-31.0,0.0,452.46500000000003,0.0,0.0,0.2,5.742,0,29.0,-0.335,309.825,1.9795,34.230000000000004,35.35050582885742,4.98,0.0,0
46974,251.02,76.035,-32.5,0.0,452.46500000000003,0.0,0.0,0.0,5.742,0,24.0,-0.38,309.915,-2.2764,31.41,35.35050582885742,4.98,0.0,0
46974,266.88,75.71300000000001,-31.5,0.0,452.52500000000003,0.0,0.0,0.0,5.742,0,27.0,-0.28500000000000003,309.825,-0.6598,31.650000000000002,35.35050582885742,4.98,0.0,0
46974,282.057,75.4,-31.0,0.0,452.46500000000003,0.0,0.0,0.0,5.742,0,28.0,-0.4,309.825,0.5279,33.9,35.35050582885742,4.98,0.0,0
46974,296.722,75.078,-31.0,0.0,452.88800000000003,0.0,0.0,0.0,5.742,0,29.0,-0.405,309.915,-3.9589000000000003,35.01,35.35050582885742,4.98,0.0,0
46974,310.535,74.766,-32.5,0.0,452.646,0.0,0.0,0.0,5.742,0,28.0,-0.365,309.825,0.5279,36.21,35.35050582885742,4.98,0.0,0
46974,324.178,74.443,-30.5,0.0,452.52500000000003,0.0,0.0,0.0,5.742,0,28.0,-0.36,309.825,1.1877,37.14,35.35050582885742,4.98,0.0,0
46974,337.82,74.131,-31.5,0.0,452.646,0.0,0.0,0.0,5.742,0,27.0,-0.455,309.825,-0.9897,36.81,35.35050582885742,4.98,0.0,0
46974,350.269,73.809,-31.0,0.0,452.46500000000003,0.0,0.0,0.0,5.742,0,29.0,-0.35000000000000003,309.915,3.1672000000000002,36.36,35.35050582885742,4.98,0.0,0
46974,362.035,73.49600000000001,-31.5,0.0,452.284,0.0,0.0,0.0,5.742,0,28.0,-0.3,309.825,0.5279,36.6,35.35050582885742,4.98,0.0,0
46974,372.097,73.174,-32.5,0.0,452.52500000000003,0.0,0.0,0.0,5.742,0,27.0,-0.34,309.915,-0.2639,36.93,35.35050582885742,4.98,0.0,0
46974,381.987,72.861,-31.0,0.0,452.646,0.0,0.0,0.0,5.742,0,26.0,-0.39,309.915,0.5279,36.99,35.35050582885742,4.98,0.0,0
46974,390.684,72.539,-32.0,0.0,452.46500000000003,0.0,0.0,0.0,5.742,0,26.0,-0.35000000000000003,309.825,1.3196,36.84,35.35050582885742,4.98,0.0,0
46974,398.358,72.227,-32.0,0.0,452.344,0.0,0.0,0.0,5.742,0,27.0,-0.37,309.915,0.5279,35.730000000000004,35.35050582885742,4.98,0.0,0
46974,404.668,71.904,-32.0,0.0,451.981,0.0,0.0,0.0,5.742,0,26.0,-0.305,309.825,-2.6393,35.79,35.35050582885742,4.98,0.0,0
46974,410.636,71.592,-31.0,0.0,452.163,0.0,0.0,0.0,5.742,0,28.0,-0.375,309.825,0.5279,35.550000000000004,35.35050582885742,4.98,0.0,0
46974,415.923,71.27000000000001,-31.0,0.0,452.344,0.0,0.0,0.0,5.742,0,25.0,-0.37,309.825,-0.5279,35.49,35.35050582885742,4.98,0.0,0
46974,420.357,70.947,-32.0,0.0,452.586,0.0,0.0,0.0,5.742,0,27.0,-0.34500000000000003,309.915,0.9897,35.64,35.35050582885742,4.98,0.0,0
46974,424.108,70.635,-32.0,0.0,452.707,0.0,0.0,0.0,5.742,0,25.0,-0.355,309.915,1.3196,35.4,35.35050582885742,4.98,0.0,0
46974,426.837,70.313,-31.5,0.0,452.344,0.0,0.0,0.0,5.742,0,27.0,-0.38,309.825,-1.0557,35.550000000000004,35.35050582885742,4.98,0.0,0
46974,429.565,70.0,-31.5,0.0,452.344,0.0,0.0,0.0,5.742,0,26.0,-0.41000000000000003,309.825,-1.0557,36.33,35.35050582885742,4.98,0.0,0
46974,431.44100000000003,69.678,-32.0,0.0,452.284,0.0,0.0,0.0,5.742,0,27.0,-0.36,309.825,-2.0455,36.72,35.35050582885742,4.98,0.0,0
46974,432.976,69.36500000000001,-32.0,0.0,452.404,0.0,0.0,0.2,5.742,0,25.0,-0.355,309.825,-2.6393,37.53,35.35050582885742,4.98,0.0,0
46974,433.317,69.32600000000001,-32.0,0.0,452.404,0.0,0.0,0.0,5.742,0,26.0,-0.34500000000000003,309.915,-1.996,37.56,35.35050582885742,4.98,0.0,0
46974,434.681,69.01400000000001,-31.5,0.0,452.284,0.0,0.0,0.0,5.742,0,26.0,-0.34,309.825,2.5073000000000003,37.44,35.35050582885742,4.98,0.0,0
46974,436.387,68.691,-30.5,0.0,452.344,0.0,0.0,0.0,5.742,0,26.0,-0.34,309.915,0.9073,36.99,35.35050582885742,4.98,0.0,0
46974,437.069,68.379,-32.0,0.0,451.981,0.0,0.0,0.0,5.742,0,26.0,-0.365,309.915,1.3691,36.300000000000004,35.35050582885742,4.98,0.0,0
46974,438.092,68.057,-31.5,0.0,451.8,0.0,0.0,0.0,5.742,0,24.0,-0.355,309.825,0.3299,36.0,35.35050582885742,4.98,0.0,0
46974,439.115,67.744,-31.0,0.0,451.981,0.0,0.0,-0.2,5.742,0,30.0,-0.36,309.915,0.0907,35.550000000000004,35.35050582885742,4.98,0.0,0
46974,439.797,67.422,-31.5,0.0,452.46500000000003,0.0,0.0,0.0,5.742,0,30.0,-0.33,309.915,1.0557,35.910000000000004,35.35050582885742,4.98,0.0,0
46974,440.479,67.10000000000001,-31.0,0.0,452.46500000000003,0.0,0.0,0.0,5.742,0,30.0,-0.355,309.825,0.39590000000000003,35.910000000000004,35.35050582885742,4.98,0.0,0
46974,441.161,66.787,-31.5,0.0,452.04200000000003,0.0,0.0,0.0,5.742,0,31.0,-0.335,309.915,-2.7053000000000003,35.550000000000004,35.35050582885742,4.98,0.0,0
46974,441.673,66.465,-31.0,0.0,451.86,0.0,0.0,0.0,5.742,0,23.0,-0.305,309.915,1.5011,34.95,35.35050582885742,4.98,0.0,0
46974,442.526,66.152,-32.0,0.0,452.223,0.0,0.0,0.0,5.742,0,26.0,-0.29,309.915,3.3486000000000002,35.31,35.35050582885742,4.98,0.0,0
46974,443.208,65.83,-32.0,0.0,452.404,0.0,0.0,0.0,5.742,0,19.0,-0.26,309.825,-3.2826,35.58,35.35050582885742,4.98,0.0,0
46974,443.89,65.50800000000001,-31.5,0.0,452.404,0.0,0.0,0.0,5.742,0,27.0,-0.305,309.825,-5.8559,36.42,35.35050582885742,4.98,0.0,0
46974,444.572,65.19500000000001,-32.0,0.0,452.10200000000003,0.0,0.0,0.0,5.742,0,25.0,-0.26,309.825,-0.8578,37.02,35.35050582885742,4.98,0.0,0
46974,444.572,64.873,-32.0,0.0,452.10200000000003,0.0,0.0,0.0,5.742,0,21.0,-0.19,309.915,2.029,36.39,35.35050582885742,4.98,0.0,0
46974,445.254,64.561,-31.5,0.0,451.8,0.0,0.0,0.0,5.742,0,25.0,-0.23,309.825,1.9547,36.33,35.35050582885742,4.98,0.0,0
46974,445.93600000000004,64.238,-32.0,0.0,451.921,0.0,0.0,0.0,5.742,0,26.0,-0.155,309.825,-0.2639,36.36,35.35050582885742,4.98,0.0,0
46974,446.44800000000004,63.916000000000004,-33.0,0.0,451.86,0.0,0.0,0.0,5.742,0,23.0,-0.22,309.915,-0.0165,36.27,35.35050582885742,4.98,0.0,0
46974,446.44800000000004,63.604000000000006,-32.0,0.0,451.981,0.0,0.0,0.0,5.742,0,24.0,-0.22,309.915,3.0187,36.15,35.35050582885742,4.98,0.0,0
46974,446.44800000000004,63.281000000000006,-32.0,0.0,451.73900000000003,0.0,0.0,0.0,5.742,0,25.0,-0.22,309.915,0.9073,35.49,35.35050582885742,4.98,0.0,0
46974,446.789,62.969,-31.5,0.0,451.73900000000003,0.0,0.0,0.0,5.742,0,25.0,-0.145,309.915,3.0352,35.25,35.35050582885742,4.98,0.0,0
46974,447.13,62.646,-32.0,0.0,451.8,0.0,0.0,0.0,5.742,0,24.0,-0.2,309.915,0.132,34.44,35.35050582885742,4.98,0.0,0
46974,446.789,62.334,-31.0,0.0,451.86,0.0,0.0,0.0,5.742,0,24.0,-0.195,309.915,-6.5323,34.68,35.35050582885742,4.98,0.0,0
46974,446.277,62.012,-31.5,0.0,451.981,0.0,0.0,0.0,5.742,0,20.0,-0.165,309.915,-1.6331,35.31,35.35050582885742,4.98,0.0,0
46974,445.93600000000004,61.689,-33.0,0.0,451.557,0.0,0.0,0.0,5.742,0,23.0,-0.125,309.825,1.9300000000000002,36.42,35.35050582885742,4.98,0.0,0
46974,445.93600000000004,61.377,-31.5,0.0,451.497,0.0,0.0,0.0,5.742,0,23.0,-0.15,309.915,0.2227,36.9,35.35050582885742,4.98,0.0,0
46974,445.425,61.055,-31.5,0.0,451.981,0.0,0.0,0.0,5.742,0,17.0,-0.045,309.915,0.5279,37.35,35.35050582885742,4.98,0.0,0
46974,445.254,60.742000000000004,-31.0,0.0,452.163,0.0,0.0,0.0,5.742,0,23.0,-0.03,309.915,1.5836000000000001,36.81,35.35050582885742,4.98,0.0,0
46974,445.254,60.703,-32.0,0.0,452.163,0.0,0.0,0.0,5.742,0,23.0,-0.07,309.915,2.1114,36.84,35.35050582885742,4.98,0.0,0
46974,445.254,60.391000000000005,-32.0,0.0,451.981,0.0,0.0,0.2,5.742,0,25.0,-0.075,309.915,1.5836000000000001,36.660000000000004,35.35050582885742,4.98,0.0,0
46974,445.084,60.068000000000005,-31.0,0.0,451.981,0.0,0.0,0.0,5.742,0,23.0,-0.075,309.825,-3.8270000000000004,35.88,35.35050582885742,4.98,0.0,0
46974,444.742,59.756,-31.5,0.0,451.617,0.0,0.0,0.0,5.742,0,22.0,-0.025,309.915,-3.1672000000000002,36.12,35.35050582885742,4.98,0.0,0
46974,444.572,59.434000000000005,-31.5,0.0,452.10200000000003,0.0,0.0,0.0,5.742,0,23.0,0.005,309.825,0.9238000000000001,35.67,35.35050582885742,4.98,0.0,0
46974,444.06,59.111000000000004,-32.5,0.0,451.981,0.0,0.0,0.0,5.742,0,23.0,-0.03,309.69,-0.4289,34.86,35.35050582885742,4.98,0.0,0
46974,444.06,58.799,-31.5,0.0,451.617,0.0,0.0,-0.2,5.742,0,23.0,-0.085,309.825,-1.4516,34.08,35.35050582885742,4.98,0.0,0
46974,444.06,58.477000000000004,-31.0,0.0,451.921,0.0,0.0,0.0,5.742,0,24.0,0.025,309.915,2.3094,35.1,35.35050582885742,4.98,0.0,0
46974,443.89,58.164,-31.5,0.0,452.163,0.0,0.0,0.0,5.737,0,23.0,0.125,309.825,3.8270000000000004,36.12,35.35050582885742,4.98,0.0,0
46974,443.378,57.842000000000006,-31.5,0.0,451.921,0.0,0.0,0.0,5.737,0,23.0,0.05,309.825,-0.5279,37.62,35.35050582885742,4.98,0.0,0
46974,443.208,57.52,-31.0,0.0,451.86,0.0,0.0,0.0,5.737,0,24.0,0.085,309.825,-2.1114,37.86,35.35050582885742,4.98,0.0,0
46974,443.378,57.207,-31.5,0.0,451.981,0.0,0.0,-0.2,5.737,0,22.0,0.105,309.915,-0.5938,37.38,35.35050582885742,4.98,0.0,0
46974,443.208,56.885000000000005,-32.5,0.0,451.8,0.0,0.0,0.0,5.737,0,24.0,0.12,309.825,0.7918000000000001,36.06,35.35050582885742,4.98,0.0,0
46974,443.208,56.855000000000004,-31.5,0.0,451.8,0.0,0.0,-0.2,5.737,0,23.0,0.13,309.825,0.39590000000000003,35.97,35.35050582885742,4.98,0.0,0
46974,443.03700000000003,56.533,-32.5,0.0,451.86,0.0,0.0,0.0,5.737,0,24.0,0.19,309.915,0.6433,35.46,35.35050582885742,4.98,0.0,0
46974,443.03700000000003,56.221000000000004,-31.5,0.0,451.617,0.0,0.0,0.0,5.737,0,21.0,0.165,309.915,-0.5279,36.39,35.35050582885742,4.98,0.0,0
46974,442.526,55.898,-33.0,0.0,451.86,0.0,0.0,-0.2,5.737,0,22.0,0.17,309.915,3.0187,36.96,35.35050582885742,4.98,0.0,0
46974,443.03700000000003,55.586000000000006,-32.5,0.0,451.617,0.0,0.0,0.0,5.737,0,22.0,0.20500000000000002,309.69,-0.3547,37.95,35.35050582885742,4.98,0.0,0
46974,443.378,55.264,-31.5,0.0,451.8,0.0,0.0,0.2,5.737,0,23.0,0.225,309.915,-1.798,37.77,35.35050582885742,4.98,0.0,0
46974,443.54900000000004,54.941,-30.5,0.0,451.678,0.0,0.0,0.0,5.737,0,22.0,0.29,309.69,-1.4764000000000002,36.75,35.35050582885742,4.98,0.0,0
46974,443.208,54.629000000000005,-31.0,0.0,451.617,0.0,0.0,0.0,5.737,0,23.0,0.305,309.825,-0.7753,35.46,35.35050582885742,4.98,0.0,0
46974,443.89,54.307,-33.0,0.0,451.617,0.0,0.0,0.0,5.737,0,23.0,0.29,309.915,-1.3196,34.89,35.35050582885742,4.98,0.0,0
46974,443.89,53.994,-31.5,0.0,451.497,0.0,0.0,0.0,5.737,0,20.0,0.315,309.825,5.0312,35.04,35.35050582885742,4.98,0.0,0
46974,443.89,53.672000000000004,-31.0,0.0,451.617,0.0,0.0,-0.2,5.737,0,22.0,0.335,309.825,3.8930000000000002,36.300000000000004,35.35050582885742,4.98,0.0,0
46974,443.89,53.35,-31.0,0.0,452.04200000000003,0.0,0.0,0.0,5.737,0,23.0,0.39,309.915,-0.2639,38.1,35.35050582885742,4.98,0.0,0
46974,444.231,53.037,-31.5,0.0,451.8,0.0,0.0,0.0,5.737,0,24.0,0.41500000000000004,309.915,-1.0722,38.82,35.35050582885742,4.98,0.0,0
46974,443.89,52.715,-31.0,0.0,451.921,0.0,0.0,0.0,5.737,0,22.0,0.37,309.915,0.0,38.79,35.35050582885742,4.98,0.0,0
46974,443.89,52.402,-31.5,0.0,452.163,0.0,0.0,0.0,5.737,0,23.0,0.425,309.915,-0.6598,37.71,35.35050582885742,4.98,0.0,0
46974,444.572,52.080000000000005,-33.0,0.0,452.163,0.0,0.0,0.0,5.737,0,23.0,0.485,309.825,0.0,36.18,35.35050582885742,4.98,0.0,0
46974,444.401,51.768,-32.0,0.0,451.981,0.0,0.0,0.0,5.737,0,21.0,0.51,309.825,-1.699,36.21,35.35050582885742,4.98,0.0,0
46974,444.572,51.445,-32.0,0.0,452.163,0.0,0.0,0.0,5.737,0,31.0,0.52,309.69,-3.6043000000000003,36.15,35.35050582885742,4.98,0.0,0
46974,444.742,51.123000000000005,-31.5,0.0,451.86,0.0,0.0,0.0,5.737,0,22.0,0.52,309.825,0.3299,36.15,35.35050582885742,4.98,0.0,0
46974,445.084,50.811,-31.0,0.0,451.86,0.0,0.0,0.0,5.737,0,25.0,0.49,309.69,-2.4826,35.79,35.35050582885742,4.98,0.0,0
46974,445.254,50.488,-31.0,0.0,451.678,0.0,0.0,0.2,5.737,0,18.0,0.6,309.915,3.1259,34.89,35.35050582885742,4.98,0.0,0
46974,444.913,50.176,-32.5,0.0,451.73900000000003,0.0,0.0,0.0,5.737,0,30.0,0.58,309.825,3.629,34.77,35.35050582885742,4.98,0.0,0
46974,445.084,50.137,-30.5,0.0,451.73900000000003,0.0,0.0,0.0,5.737,0,30.0,0.615,309.825,3.2991,34.77,35.35050582885742,4.98,0.0,0
46974,444.742,49.824000000000005,-31.5,0.0,451.497,0.0,0.0,0.0,5.737,0,19.0,0.635,309.915,1.9465000000000001,35.76,35.35050582885742,4.98,0.0,0
46974,445.93600000000004,49.502,-32.0,0.0,451.8,0.0,0.0,0.0,5.737,0,22.0,0.65,309.825,-1.0557,37.65,35.35050582885742,4.98,0.0,0
46974,445.766,49.189,-31.0,0.0,451.617,0.0,0.0,0.0,5.737,0,23.0,0.625,309.825,-3.1672000000000002,38.7,35.35050582885742,4.98,0.0,0
46974,446.107,48.867000000000004,-31.5,0.0,451.617,0.0,0.0,0.0,5.737,0,24.0,0.62,309.915,-1.3196,38.31,35.35050582885742,4.98,0.0,0
46974,446.107,48.545,-32.0,0.0,451.617,0.0,0.0,0.0,5.737,0,19.0,0.67,309.825,2.1114,37.65,35.35050582885742,4.98,0.0,0
46974,446.44800000000004,48.232,-31.5,0.0,451.315,0.0,0.0,0.0,5.737,0,23.0,0.655,309.825,-2.5073000000000003,37.5,35.35050582885742,4.98,0.0,0
46974,446.959,47.910000000000004,-31.0,0.0,451.43600000000004,0.0,0.0,0.0,5.737,0,25.0,0.6950000000000001,309.825,-0.46190000000000003,35.82,35.35050582885742,4.98,0.0,0
46974,447.3,47.598,-32.0,0.0,451.497,0.0,0.0,0.0,5.737,0,21.0,0.7000000000000001,309.915,5.4106000000000005,35.7,35.35050582885742,4.98,0.0,0
46974,447.812,47.275000000000006,-32.0,0.0,451.557,0.0,0.0,0.0,5.737,0,21.0,0.7000000000000001,309.825,-0.5279,35.58,35.35050582885742,4.98,0.0,0
46974,447.3,46.963,-31.5,0.0,451.8,0.0,0.0,0.0,5.737,0,23.0,0.74,309.915,1.7155,35.79,35.35050582885742,4.98,0.0,0
46974,447.983,46.641000000000005,-31.0,0.0,451.557,0.0,0.0,0.0,5.737,0,24.0,0.7000000000000001,309.915,3.4311000000000003,35.7,35.35050582885742,4.98,0.0,0
46974,448.83500000000004,46.318000000000005,-31.5,0.0,451.557,0.0,0.0,-0.2,5.737,0,23.0,0.705,309.825,-1.0557,35.97,35.35050582885742,4.98,0.0,0
46974,448.665,46.006,-32.0,0.0,451.8,0.0,0.0,0.0,5.737,0,21.0,0.745,309.825,-4.1569,36.06,35.35050582885742,4.98,0.0,0
46974,449.00600000000003,45.684000000000005,-31.0,0.0,451.921,0.0,0.0,0.2,5.737,0,22.0,0.74,309.915,1.7155,36.6,35.35050582885742,4.98,0.0,0
46974,449.176,45.371,-32.0,0.0,451.497,0.0,0.0,0.0,5.737,0,23.0,0.725,309.825,4.486800000000001,37.410000000000004,35.35050582885742,4.98,0.0,0
46974,449.517,45.049,-32.5,0.0,451.315,0.0,0.0,0.0,5.737,0,23.0,0.755,309.825,-1.8475000000000001,38.49,35.35050582885742,4.98,0.0,0
46974,450.711,44.727000000000004,-31.5,0.0,451.07300000000004,0.0,0.0,0.0,5.737,0,22.0,0.74,309.915,0.5279,38.79,35.35050582885742,4.98,0.0,0
46974,451.223,44.414,-32.0,0.0,451.255,0.0,0.0,-0.2,5.737,0,22.0,0.775,309.825,1.0557,38.64,35.35050582885742,4.98,0.0,0
46974,451.564,44.092,-30.0,0.0,451.617,0.0,0.0,-0.2,5.737,0,21.0,0.77,309.825,-0.5279,37.47,35.35050582885742,4.98,0.0,0
46974,451.73400000000004,43.779,-31.0,0.0,451.497,0.0,0.0,0.0,5.737,0,23.0,0.805,309.915,1.0557,36.75,35.35050582885742,4.98,0.0,0
46974,452.075,43.457,-31.5,0.0,451.134,0.0,0.0,0.0,5.737,0,24.0,0.835,309.825,0.0,35.76,35.35050582885742,4.98,0.0,0
46974,452.075,43.428000000000004,-32.0,0.0,451.134,0.0,0.0,0.0,5.737,0,24.0,0.76,309.825,-0.5279,35.7,35.35050582885742,4.98,0.0,0
46974,452.757,43.105000000000004,-31.5,0.0,451.134,0.0,0.0,0.0,5.737,0,21.0,0.785,309.825,-1.0557,36.03,35.35050582885742,4.98,0.0,0
46974,453.269,42.793,-32.0,0.0,451.315,0.0,0.0,0.0,5.737,0,22.0,0.795,309.915,-0.39590000000000003,35.43,35.35050582885742,4.98,0.0,0
46974,453.44,42.471000000000004,-31.5,0.0,451.43600000000004,0.0,0.0,0.0,5.737,0,23.0,0.84,309.825,-2.0455,36.15,35.35050582885742,4.98,0.0,0
46974,453.781,42.148,-32.5,0.0,451.617,0.0,0.0,0.0,5.737,0,24.0,0.84,309.825,-0.9732000000000001,36.81,35.35050582885742,4.98,0.0,0
46974,454.122,41.836,-32.0,0.0,451.73900000000003,0.0,0.0,0.2,5.737,0,24.0,0.805,309.69,-0.0247,37.08,35.35050582885742,4.98,0.0,0
46974,454.463,41.514,-31.5,0.0,451.981,0.0,0.0,0.0,5.737,0,23.0,0.88,309.915,0.0495,38.64,35.35050582885742,4.98,0.0,0
46974,454.974,41.201,-31.5,0.0,451.8,0.0,0.0,0.0,5.737,0,24.0,0.84,309.825,-1.3196,38.46,35.35050582885742,4.98,0.0,0
46974,455.486,40.879000000000005,-31.5,0.0,451.497,0.0,0.0,-0.5,5.737,0,22.0,0.845,309.915,4.2064,38.61,35.35050582885742,4.98,0.0,0
46974,456.168,40.557,-32.5,0.0,451.315,0.0,0.0,0.0,5.737,0,23.0,0.84,309.825,3.6455,37.89,35.35050582885742,4.98,0.0,0
46974,456.85,40.244,-32.0,0.0,451.43600000000004,0.0,0.0,0.0,5.737,0,23.0,0.855,309.825,0.6351,37.14,35.35050582885742,4.98,0.0,0
46974,457.532,39.922000000000004,-31.5,0.0,451.497,0.0,0.0,-0.2,5.737,0,24.0,0.87,309.825,-1.963,37.5,35.35050582885742,4.98,0.0,0
46974,458.214,39.609,-31.5,0.0,451.617,0.0,0.0,0.0,5.737,0,22.0,0.885,309.825,-1.3032000000000001,37.02,35.35050582885742,4.98,0.0,0
46974,458.896,39.287,-30.5,0.0,451.617,0.0,0.0,-0.5,5.737,0,23.0,0.835,309.915,0.7753,36.0,35.35050582885742,4.98,0.0,0
46974,458.896,38.975,-31.0,0.0,451.37600000000003,0.0,0.0,0.0,5.737,0,23.0,0.845,310.005,3.1507,35.79,35.35050582885742,4.98,0.0,0
46974,459.579,38.652,-31.0,0.0,451.134,0.0,0.0,0.2,5.737,0,23.0,0.86,309.915,2.8867000000000003,35.46,35.35050582885742,4.98,0.0,0
46974,459.579,38.623000000000005,-31.0,0.0,451.134,0.0,0.0,0.0,5.737,0,23.0,0.875,309.915,2.5733,35.43,35.35050582885742,4.98,0.0,0
46974,460.261,38.301,-30.0,0.0,451.37600000000003,0.0,0.0,0.0,5.737,0,23.0,0.865,309.825,-1.3196,35.85,35.35050582885742,4.98,0.0,0
46974,460.943,37.988,-32.0,0.0,451.497,0.0,0.0,0.2,5.737,0,23.0,0.875,309.69,-3.9919000000000002,36.57,35.35050582885742,4.98,0.0,0
46974,461.454,37.666000000000004,-32.0,0.0,451.86,0.0,0.0,-0.2,5.737,0,24.0,0.875,309.915,-1.1877,37.32,35.35050582885742,4.98,0.0,0
46974,462.307,37.344,-32.0,0.0,451.678,0.0,0.0,0.0,5.737,0,22.0,0.895,309.825,-0.2639,37.65,35.35050582885742,4.98,0.0,0
46974,463.33,37.031,-32.0,0.0,451.497,0.0,0.0,-0.2,5.737,0,25.0,0.895,309.825,0.39590000000000003,38.1,35.35050582885742,4.98,0.0,0
46974,465.206,36.709,-32.0,0.0,451.43600000000004,0.0,0.0,0.0,5.737,0,24.0,0.88,309.825,1.6496000000000002,37.77,35.35050582885742,4.98,0.0,0
46974,465.88800000000003,36.396,-32.0,0.0,451.194,0.0,0.0,-0.2,5.737,0,23.0,0.885,309.915,3.4311000000000003,37.77,35.35050582885742,4.98,0.0,0
46974,467.082,36.074000000000005,-31.0,0.0,451.07300000000004,0.0,0.0,0.2,5.737,0,23.0,0.885,309.915,-0.5938,37.32,35.35050582885742,4.98,0.0,0
46974,467.423,35.752,-32.5,0.0,451.255,0.0,0.0,-0.2,5.737,0,23.0,0.88,309.915,0.7918000000000001,36.21,35.35050582885742,4.98,0.0,0
46974,467.935,35.439,-31.5,0.0,451.617,0.0,0.0,0.0,5.737,0,23.0,0.9550000000000001,309.69,-1.9465000000000001,36.06,35.35050582885742,4.98,0.0,0
46974,468.105,35.117000000000004,-31.5,0.0,451.43600000000004,0.0,0.0,0.0,5.737,0,25.0,0.88,309.915,-0.39590000000000003,35.910000000000004,35.35050582885742,4.98,0.0,0
46974,469.128,34.805,-32.0,0.0,451.01300000000003,0.0,0.0,0.0,5.737,0,24.0,0.865,309.825,0.8578,35.25,35.35050582885742,4.98,0.0,0
46974,469.64,34.482,-31.5,0.0,451.134,0.0,0.0,0.0,5.737,0,24.0,0.87,309.915,0.7918000000000001,35.13,35.35050582885742,4.98,0.0,0
46974,470.322,34.17,-31.5,0.0,451.315,0.0,0.0,0.0,5.737,0,23.0,0.91,309.825,1.1217000000000001,35.550000000000004,35.35050582885742,4.98,0.0,0
46974,471.345,33.848,-31.5,0.0,451.194,0.0,0.0,-0.5,5.737,0,24.0,0.9550000000000001,309.825,3.8270000000000004,36.75,35.35050582885742,4.98,0.0,0
46974,472.88,33.525,-32.5,0.0,451.37600000000003,0.0,0.0,0.0,5.737,0,23.0,0.9450000000000001,309.825,-2.5733,37.86,35.35050582885742,4.98,0.0,0
46974,474.074,33.213,-32.0,0.0,451.497,0.0,0.0,0.2,5.737,0,24.0,0.88,309.825,-1.5836000000000001,37.59,35.35050582885742,4.98,0.0,0
46974,475.267,32.891,-31.0,0.0,451.617,0.0,0.0,-0.5,5.737,0,29.0,0.92,309.915,-0.5938,37.050000000000004,35.35050582885742,4.98,0.0,0
46974,475.949,32.578,-31.5,0.0,451.315,0.0,0.0,0.2,5.737,0,23.0,0.935,309.825,-0.5279,36.480000000000004,35.35050582885742,4.98,0.0,0
46974,477.314,32.256,-32.0,0.0,451.315,0.0,0.0,0.0,5.737,0,23.0,0.975,309.825,2.1114,36.93,35.35050582885742,4.98,0.0,0
46974,478.678,31.943,-31.5,0.0,451.07300000000004,0.0,0.0,-0.2,5.737,0,23.0,0.935,309.825,-1.8475000000000001,37.35,35.35050582885742,4.98,0.0,0
46974,480.895,31.621000000000002,-31.0,0.0,451.617,0.0,0.0,0.0,5.737,0,23.0,0.9450000000000001,309.915,-2.9692000000000003,36.51,35.35050582885742,4.98,0.0,0
46974,483.282,31.299000000000003,-33.0,0.0,451.37600000000003,0.0,0.0,-0.2,5.737,0,24.0,0.9450000000000001,309.915,1.9795,36.660000000000004,35.35050582885742,4.98,0.0,0
46974,486.181,30.986,-32.0,0.0,451.43600000000004,0.0,0.0,0.2,5.737,0,24.0,0.875,309.825,1.5836000000000001,35.37,35.35050582885742,4.98,0.0,0
46974,489.592,30.664,-32.0,0.0,451.617,0.0,0.0,0.0,5.737,0,23.0,1.0,309.915,-0.5279,35.34,35.35050582885742,4.98,0.0,0
46974,493.685,30.352,-31.0,0.0,451.557,0.0,0.0,0.0,5.737,0,21.0,0.9450000000000001,309.825,0.066,35.28,35.35050582885742,4.98,0.0,0
46974,498.118,30.029,-31.5,0.0,451.194,0.0,0.0,0.2,5.737,0,25.0,0.985,309.825,0.7918000000000001,36.09,35.35050582885742,4.98,0.0,0
46974,504.428,29.717000000000002,-31.5,0.0,451.255,0.0,0.0,0.0,5.737,0,23.0,0.97,309.915,1.0557,36.81,35.35050582885742,4.98,0.0,0
46974,510.908,29.395000000000003,-31.0,0.0,451.194,0.0,0.0,0.0,5.732,0,21.0,0.9450000000000001,309.915,-1.1877,38.46,35.35050582885742,4.98,0.0,0
46974,519.605,29.082,-32.0,0.0,451.37600000000003,0.0,0.0,0.0,5.732,0,23.0,0.995,309.825,-3.1672000000000002,38.76,35.35050582885742,4.98,0.0,0
46974,528.984,28.76,-31.5,0.0,451.315,0.0,0.0,-0.2,5.732,0,27.0,0.99,309.825,1.3196,37.65,35.35050582885742,4.98,0.0,0
46974,538.705,28.438000000000002,-31.0,0.0,451.497,0.0,0.0,0.0,5.732,0,23.0,0.985,309.825,1.9135000000000002,36.09,35.35050582885742,4.98,0.0,0
46974,550.13,28.125,-31.0,0.0,451.617,0.0,0.0,0.0,5.732,0,24.0,1.01,309.825,-1.0557,36.300000000000004,35.35050582885742,4.98,0.0,0
46974,550.9830000000001,28.096,-31.5,0.0,451.617,0.0,0.0,0.0,5.732,0,24.0,0.99,310.005,-0.2969,36.27,35.35050582885742,4.98,0.0,0
46974,562.5790000000001,27.773,-31.0,0.0,451.497,0.0,0.0,0.0,5.732,0,24.0,1.0050000000000001,309.915,3.5466,36.81,35.35050582885742,4.98,0.0,0
46974,575.88,27.461000000000002,-31.0,0.0,451.86,0.0,0.0,0.0,5.732,0,23.0,0.98,309.825,0.0,36.63,35.35050582885742,4.98,0.0,0
46974,591.569,27.139000000000003,-32.0,0.0,451.86,0.0,0.0,0.0,5.732,0,28.0,1.01,309.825,-5.2786,36.57,35.35050582885742,4.98,0.0,0
46974,609.133,26.826,-31.0,0.0,452.223,0.0,0.0,-0.2,5.732,0,20.0,1.0,310.005,0.7753,35.22,35.35050582885742,4.98,0.0,0
46974,627.721,26.504,-31.0,0.0,452.646,0.0,0.0,0.0,5.732,0,28.0,1.065,309.915,3.1507,34.62,35.35050582885742,4.98,0.0,0
46974,648.1850000000001,26.191000000000003,-31.5,0.0,453.07,0.0,0.0,0.0,5.732,0,26.0,1.0150000000000001,309.825,1.3196,34.980000000000004,35.35050582885742,4.98,0.0,0
46974,668.99,25.869,-32.5,0.0,453.31100000000004,0.0,0.0,0.0,5.732,0,31.0,1.045,309.915,-2.3919,36.21,35.35050582885742,4.98,0.0,0
46974,690.817,25.557000000000002,-31.5,0.0,453.19100000000003,0.0,0.0,0.0,5.732,0,30.0,1.065,309.915,-2.6393,37.77,35.35050582885742,4.98,0.0,0
46974,712.304,25.244,-31.5,0.0,453.494,0.0,0.0,0.2,5.732,0,28.0,1.095,309.915,2.6393,38.37,35.35050582885742,4.98,0.0,0
46974,735.155,24.922,-31.5,0.0,453.91700000000003,0.0,0.0,0.0,5.732,0,28.0,1.055,310.005,3.4146,38.160000000000004,35.35050582885742,4.98,0.0,0
46974,758.688,24.609,-32.5,0.0,454.522,0.0,0.0,0.0,5.732,0,29.0,1.085,309.915,1.963,37.53,35.35050582885742,4.98,0.0,0
46974,782.392,24.287000000000003,-31.5,0.0,455.06600000000003,0.0,0.0,0.0,5.732,0,28.0,1.215,310.005,0.6433,35.79,35.35050582885742,4.98,0.0,0
46974,805.9250000000001,23.975,-31.0,0.0,455.369,0.0,0.0,0.0,5.732,0,36.0,1.1400000000000001,309.915,-1.3032000000000001,34.71,35.35050582885742,4.98,0.0,0
46974,829.117,23.662000000000003,-31.0,0.0,455.732,0.0,0.0,0.0,5.732,0,30.0,1.12,310.005,0.1155,34.2,35.35050582885742,4.98,0.0,0
46974,852.65,23.34,-31.0,0.0,456.15500000000003,0.0,0.0,0.0,5.732,0,34.0,1.165,310.005,0.6433,34.74,35.35050582885742,4.98,0.0,0
46974,876.184,23.027,-31.5,0.0,457.245,0.0,0.0,0.0,5.732,0,34.0,1.1500000000000001,309.915,1.4516,35.25,35.35050582885742,4.98,0.0,0
46974,898.864,22.705000000000002,-32.0,0.0,457.97,0.0,0.0,0.0,5.732,0,31.0,1.2,309.915,-1.0557,35.34,35.35050582885742,4.98,0.0,0
46974,922.738,22.393,-32.0,0.0,458.878,0.0,0.0,0.0,5.732,0,33.0,1.185,309.915,-1.5671000000000002,35.7,35.35050582885742,4.98,0.0,0
46974,946.9540000000001,22.080000000000002,-31.5,0.0,459.604,0.0,0.0,0.0,5.732,0,33.0,1.185,310.14000000000004,3.7198,35.58,35.35050582885742,4.98,0.0,0
46974,971.6800000000001,21.758000000000003,-31.0,0.0,461.116,0.0,0.0,0.0,5.732,0,36.0,1.21,309.915,4.6188,36.660000000000004,35.35050582885742,4.98,0.0,0
46974,996.237,21.445,-31.5,0.0,462.145,0.0,0.0,0.0,5.732,0,33.0,1.305,309.915,-0.39590000000000003,37.86,35.35050582885742,4.98,0.0,0
46974,998.283,21.416,-28.900000000000002,0.0,462.145,0.0,0.0,0.0,5.732,0,33.0,1.26,309.915,-1.3196,37.83,35.35050582885742,4.98,0.0,0
46974,977.649,21.396,15.200000000000001,0.0,464.02,0.0,0.0,-0.2,5.732,0,28.0,1.295,310.005,0.8908,37.980000000000004,35.35050582885742,4.98,0.0,0
46974,919.498,21.611,27.900000000000002,2.0,465.29,0.0,0.0,0.0,5.732,0,-4.0,1.34,310.005,5.0147,37.71,35.35050582885742,4.98,0.0,0
46974,845.8290000000001,22.002000000000002,47.800000000000004,3.0,466.62100000000004,0.0,0.0,0.0,5.732,0,-66.0,1.305,310.005,-2.1774,37.65,35.35050582885742,4.98,0.0,0
46974,756.471,22.539,56.900000000000006,1.0,467.105,0.0,0.0,0.0,5.732,0,-60.0,1.35,310.14000000000004,0.5279,36.9,35.35050582885742,4.98,0.0,0
46974,664.556,23.145,64.10000000000001,0.0,467.771,0.0,0.0,0.0,5.732,0,-36.0,1.425,310.005,0.2639,36.09,35.35050582885742,4.98,0.0,0
46974,571.2760000000001,23.828,70.7,-1.0,467.952,0.0,0.0,0.0,5.732,0,-27.0,1.375,310.005,-1.4516,35.94,35.35050582885742,4.98,0.0,0
46974,481.406,24.531000000000002,61.0,-1.0,467.892,0.0,0.0,0.0,5.732,0,-29.0,1.36,310.14000000000004,-1.5836000000000001,35.46,35.35050582885742,4.98,0.0,0
46974,420.868,24.971,30.5,0.0,467.469,0.0,0.0,0.0,5.732,0,-25.0,1.375,309.915,-0.6598,35.61,35.35050582885742,4.98,0.0,0
46974,393.583,25.195,15.700000000000001,0.0,467.348,0.0,0.0,0.0,5.732,0,-22.0,1.3900000000000001,309.915,-0.7258,35.82,35.35050582885742,4.98,0.0,0
46974,381.135,25.313000000000002,9.1,0.0,467.105,0.0,0.0,0.0,5.732,0,-16.0,1.35,309.915,-5.6745,36.24,35.35050582885742,4.98,0.0,0
46974,375.678,25.371000000000002,4.1000000000000005,0.0,467.105,0.0,0.0,0.0,5.732,0,-12.0,1.41,310.005,2.5733,37.08,35.35050582885742,4.98,0.0,0
46974,374.825,25.400000000000002,2.5,0.0,466.682,0.0,0.0,0.0,5.732,0,-5.0,1.415,310.005,5.938400000000001,37.44,35.35050582885742,4.98,0.0,0
46974,374.996,25.42,2.5,0.0,466.379,0.0,0.0,0.0,5.732,0,-5.0,1.445,310.005,0.9897,37.56,35.35050582885742,4.98,0.0,0
46974,374.314,25.449,2.0,0.0,466.13800000000003,0.0,0.0,0.0,5.732,0,-4.0,1.415,310.005,-3.2991,37.77,35.35050582885742,4.98,0.0,0
46974,374.314,25.459,1.0,0.0,466.19800000000004,0.0,0.0,0.0,5.732,0,-5.0,1.435,309.915,-3.629,37.92,35.35050582885742,4.98,0.0,0
46974,374.314,25.469,2.0,0.0,466.19800000000004,0.0,0.0,0.0,5.732,0,-5.0,1.47,309.915,-3.6785,37.980000000000004,35.35050582885742,4.98,0.0,0
46974,373.802,25.479000000000003,2.0,0.0,465.533,0.0,0.0,0.0,5.732,0,-7.0,1.415,310.005,-0.132,38.1,35.35050582885742,4.98,0.0,0
46974,373.63100000000003,25.498,1.0,0.0,465.351,0.0,0.0,0.0,5.732,0,-10.0,1.48,310.005,2.2434000000000003,37.62,35.35050582885742,4.98,0.0,0
46974,373.972,25.508000000000003,1.0,0.0,464.74600000000004,0.0,0.0,0.0,5.732,0,-10.0,1.45,309.825,0.5444,36.72,35.35050582885742,4.98,0.0,0
46974,373.63100000000003,25.518,1.0,0.0,464.867,0.0,0.0,0.0,5.732,0,-7.0,1.46,309.915,-1.963,36.18,35.35050582885742,4.98,0.0,0
46974,373.972,25.527,1.0,0.0,465.048,0.0,0.0,0.0,5.732,0,-6.0,1.42,310.005,-3.0352,35.43,35.35050582885742,4.98,0.0,0
46974,373.802,25.537000000000003,1.0,0.0,464.867,0.0,0.0,0.0,5.732,0,-5.0,1.43,310.005,3.4311000000000003,35.61,35.35050582885742,4.98,0.0,0
46974,374.314,25.547,0.5,0.0,464.685,0.0,0.0,0.0,5.732,0,-5.0,1.3800000000000001,309.915,5.6085,35.730000000000004,35.35050582885742,4.98,0.0,0
46974,374.314,25.557000000000002,0.5,0.0,464.867,0.0,0.0,0.0,5.732,0,-7.0,1.3800000000000001,310.005,-0.6268,36.6,35.35050582885742,4.98,0.0,0
46974,374.314,25.557000000000002,0.5,0.0,464.74600000000004,0.0,0.0,0.0,5.732,0,-7.0,1.45,310.005,-0.8578,37.2,35.35050582885742,4.98,0.0,0
46974,374.484,25.566000000000003,0.5,0.0,464.625,0.0,0.0,0.0,5.732,0,-10.0,1.4000000000000001,309.915,-0.6186,37.86,35.35050582885742,4.98,0.0,0
46974,374.484,25.566000000000003,1.0,0.0,464.444,0.0,0.0,0.0,5.732,0,-8.0,1.465,309.915,0.14850000000000002,38.31,35.35050582885742,4.98,0.0,0
46974,374.996,25.576,0.5,0.0,464.202,0.0,0.0,0.0,5.732,0,-6.0,1.415,309.915,-1.963,38.28,35.35050582885742,4.98,0.0,0
46974,374.996,25.576,0.5,0.0,464.383,0.0,0.0,0.0,5.732,0,-6.0,1.4000000000000001,310.005,-1.864,37.86,35.35050582885742,4.98,0.0,0
46974,374.996,25.586000000000002,0.5,0.0,464.383,0.0,0.0,0.0,5.732,0,-8.0,1.47,310.005,3.2991,37.230000000000004,35.35050582885742,4.98,0.0,0
46974,374.996,25.586000000000002,0.5,0.0,464.32300000000004,0.0,0.0,0.0,5.732,0,-7.0,1.455,310.005,3.8765,36.78,35.35050582885742,4.98,0.0,0
46974,375.166,25.596,1.0,0.0,464.202,0.0,0.0,0.0,5.732,0,-7.0,1.435,309.915,-2.9692000000000003,37.02,35.35050582885742,4.98,0.0,0
46974,374.996,25.596,0.0,0.0,463.839,0.0,0.0,0.0,5.732,0,-8.0,1.465,310.005,-3.761,36.24,35.35050582885742,4.98,0.0,0
46974,375.678,25.605,0.5,0.0,463.779,0.0,0.0,0.0,5.732,0,-8.0,1.42,309.915,-0.9238000000000001,35.37,35.35050582885742,4.98,0.0,0
46974,375.337,25.605,0.0,0.0,463.96000000000004,0.0,0.0,0.0,5.732,0,-9.0,1.42,309.915,-1.3196,35.34,35.35050582885742,4.98,0.0,0
46974,375.507,25.605,0.5,0.0,463.536,0.0,0.0,0.0,5.732,0,-8.0,1.395,310.005,-0.066,35.4,35.35050582885742,4.98,0.0,0
46974,375.507,25.605,0.5,0.0,463.536,0.0,0.0,0.0,5.732,0,-9.0,1.45,310.005,1.8475000000000001,35.88,35.35050582885742,4.98,0.0,0
46974,375.507,25.615000000000002,0.0,0.0,463.839,0.0,0.0,0.0,5.732,0,-9.0,1.425,309.915,1.0557,36.480000000000004,35.35050582885742,4.98,0.0,0
46974,375.337,25.615000000000002,0.5,0.0,463.657,0.0,0.0,0.0,5.732,0,-9.0,1.405,310.005,-2.1114,37.35,35.35050582885742,4.98,0.0,0
46974,375.678,25.625,0.0,0.0,464.02,0.0,0.0,0.0,5.732,0,-10.0,1.49,309.915,-0.46190000000000003,37.800000000000004,35.35050582885742,4.98,0.0,0
46974,375.166,25.625,0.5,0.0,464.02,0.0,0.0,0.0,5.732,0,-9.0,1.47,310.005,1.0557,37.68,35.35050582885742,4.98,0.0,0
46974,375.678,25.625,0.0,0.0,463.657,0.0,0.0,0.0,5.732,0,-9.0,1.42,309.915,-1.5176,37.26,35.35050582885742,4.98,0.0,0
46974,375.166,25.625,0.0,0.0,463.536,0.0,0.0,0.0,5.732,0,-10.0,1.47,310.005,0.0,36.9,35.35050582885742,4.98,0.0,0
46974,375.166,25.635,0.5,0.0,463.354,0.0,0.0,0.0,5.732,0,-12.0,1.445,309.915,1.1217000000000001,36.93,35.35050582885742,4.98,0.0,0
46974,375.678,25.635,0.5,0.0,463.475,0.0,0.0,0.0,5.732,0,-11.0,1.405,310.005,2.3754,36.78,35.35050582885742,4.98,0.0,0
46974,375.678,25.635,1.0,0.0,463.415,0.0,0.0,0.0,5.732,0,-10.0,1.45,310.005,-2.1114,36.72,35.35050582885742,4.98,0.0,0
46974,375.337,25.645,0.5,0.0,463.173,0.0,0.0,0.0,5.732,0,-11.0,1.43,310.14000000000004,5.938400000000001,36.18,35.35050582885742,4.98,0.0,0
46974,375.337,25.645,0.5,0.0,463.173,0.0,0.0,0.0,5.732,0,-10.0,1.435,309.825,0.39590000000000003,35.97,35.35050582885742,4.98,0.0,0
46974,375.337,25.645,0.0,0.0,463.415,0.0,0.0,0.0,5.732,0,-11.0,1.46,309.915,-4.3548,35.67,35.35050582885742,4.98,0.0,0
46974,375.166,25.645,0.5,0.0,463.294,0.0,0.0,0.0,5.732,0,-12.0,1.45,309.915,-1.4186,35.79,35.35050582885742,4.98,0.0,0
46974,375.507,25.645,0.5,0.0,463.233,0.0,0.0,0.0,5.732,0,-11.0,1.45,309.915,0.7918000000000001,36.93,35.35050582885742,4.98,0.0,0
46974,375.507,25.654,0.0,0.0,463.354,0.0,0.0,0.0,5.732,0,-11.0,1.43,309.915,0.5279,38.22,35.35050582885742,4.98,0.0,0
46974,375.166,25.654,0.5,0.0,463.112,0.0,0.0,0.0,5.732,0,-12.0,1.44,309.825,-1.5836000000000001,38.76,35.35050582885742,4.98,0.0,0
46974,375.166,25.654,0.5,0.0,462.992,0.0,0.0,0.0,5.732,0,-12.0,1.435,310.005,-1.1217000000000001,37.86,35.35050582885742,4.98,0.0,0
46974,375.507,25.654,-0.5,0.0,462.81,0.0,0.0,0.0,5.732,0,-13.0,1.435,309.825,0.5279,37.14,35.35050582885742,4.98,0.0,0
46974,375.337,25.654,0.0,0.0,462.81,0.0,0.0,0.0,5.732,0,-12.0,1.45,310.005,1.9795,36.84,35.35050582885742,4.98,0.0,0
46974,374.996,25.654,0.5,0.0,463.173,0.0,0.0,0.0,5.732,0,-13.0,1.425,309.915,-1.3196,36.93,35.35050582885742,4.98,0.0,0
46974,375.507,25.664,0.0,0.0,463.294,0.0,0.0,0.0,5.732,0,-13.0,1.4000000000000001,310.005,1.4516,36.96,35.35050582885742,4.98,0.0,0
46974,374.996,25.664,0.0,0.0,463.112,0.0,0.0,0.0,5.732,0,-12.0,1.45,309.915,0.0,36.99,35.35050582885742,4.98,0.0,0
46974,375.337,25.664,0.0,0.0,462.992,0.0,0.0,0.0,5.732,0,-17.0,1.485,309.915,-2.1114,36.09,35.35050582885742,4.98,0.0,0
46974,375.337,25.664,0.5,0.0,462.931,0.0,0.0,0.0,5.732,0,-13.0,1.43,309.825,-6.334300000000001,35.49,35.35050582885742,4.98,0.0,0
46974,375.337,25.664,0.0,0.0,462.992,0.0,0.0,0.0,5.732,0,-14.0,1.425,309.915,-0.5279,35.37,35.35050582885742,4.98,0.0,0
46974,375.166,25.664,0.0,0.0,462.992,0.0,0.0,0.0,5.732,0,-13.0,1.475,309.915,3.4311000000000003,35.88,35.35050582885742,4.98,0.0,0
46974,375.166,25.664,0.0,0.0,462.689,0.0,0.0,0.0,5.732,0,-13.0,1.44,309.915,3.629,37.47,35.35050582885742,4.98,0.0,0
46974,374.996,25.664,0.0,0.0,462.629,0.0,0.0,0.0,5.732,0,-13.0,1.445,309.915,-1.3196,38.67,35.35050582885742,4.98,0.0,0
46974,374.996,25.664,0.0,0.0,462.81,0.0,0.0,0.0,5.732,0,-14.0,1.465,309.825,-2.2269,38.67,35.35050582885742,4.98,0.0,0
46974,375.337,25.664,0.0,0.0,462.992,0.0,0.0,0.0,5.732,0,-13.0,1.4000000000000001,309.915,-3.8270000000000004,38.01,35.35050582885742,4.98,0.0,0
46974,374.825,25.674,0.0,0.0,462.87100000000004,0.0,0.0,0.0,5.732,0,-14.0,1.42,310.005,2.6228000000000002,37.14,35.35050582885742,4.98,0.0,0
46974,374.996,25.674,0.0,0.0,462.629,0.0,0.0,0.0,5.732,0,-15.0,1.415,310.005,4.4703,36.72,35.35050582885742,4.98,0.0,0
46974,375.166,25.674,0.0,0.0,462.931,0.0,0.0,0.0,5.732,0,-13.0,1.45,310.005,-0.14850000000000002,36.660000000000004,35.35050582885742,4.98,0.0,0
46974,375.337,25.674,0.0,0.0,462.629,0.0,0.0,0.0,5.732,0,-14.0,1.445,310.005,-0.5279,36.81,35.35050582885742,4.98,0.0,0
46974,375.507,25.674,0.0,0.0,462.387,0.0,0.0,0.0,5.732,0,-13.0,1.41,309.825,0.033,36.78,35.35050582885742,4.98,0.0,0
46974,374.996,25.674,0.0,0.0,462.568,0.0,0.0,0.0,5.732,0,-14.0,1.375,309.915,-2.9032,36.15,35.35050582885742,4.98,0.0,0
46974,375.166,25.674,0.0,0.0,462.81,0.0,0.0,0.0,5.732,0,-14.0,1.44,309.825,-2.4743,35.25,35.35050582885742,4.98,0.0,0
46974,374.996,25.674,0.0,0.0,462.689,0.0,0.0,0.2,5.732,0,-13.0,1.44,309.915,0.28040000000000004,34.26,35.35050582885742,4.98,0.0,0
46974,374.996,25.674,0.0,0.0,462.447,0.0,0.0,0.0,5.732,0,-13.0,1.445,310.005,0.9073,35.1,35.35050582885742,4.98,0.0,0
46974,375.337,25.674,0.5,0.0,462.508,0.0,0.0,0.0,5.732,0,-14.0,1.46,309.915,4.0909,36.51,35.35050582885742,4.98,0.0,0
46974,374.996,25.674,0.0,0.0,462.508,0.0,0.0,0.0,5.732,0,-15.0,1.415,310.005,1.4351,37.53,35.35050582885742,4.98,0.0,0
46974,374.996,25.674,0.0,0.0,462.447,0.0,0.0,0.0,5.732,0,-16.0,1.47,309.915,-2.1114,38.07,35.35050582885742,4.98,0.0,0
46974,374.996,25.674,0.0,0.0,462.326,0.0,0.0,0.0,5.732,0,-15.0,1.48,309.915,-0.6598,38.49,35.35050582885742,4.98,0.0,0
46974,374.996,25.674,0.0,0.0,462.508,0.0,0.0,0.0,5.732,0,-13.0,1.425,309.915,-1.8475000000000001,37.26,35.35050582885742,4.98,0.0,0
46974,374.996,25.674,0.0,0.0,462.508,0.0,0.0,0.0,5.732,0,-13.0,1.415,309.915,-2.1114,37.050000000000004,35.35050582885742,4.98,0.0,0
46974,374.996,25.674,-0.5,0.0,462.689,0.0,0.0,0.0,5.732,0,-15.0,1.375,310.005,-0.5938,35.730000000000004,35.35050582885742,4.98,0.0,0
46974,375.166,25.674,0.0,0.0,462.326,0.0,0.0,0.0,5.732,0,-14.0,1.455,310.005,3.9589000000000003,35.01,35.35050582885742,4.98,0.0,0
46974,375.166,25.674,0.0,0.0,462.326,0.0,0.0,0.0,5.732,0,-13.0,1.415,310.005,2.5733,35.04,35.35050582885742,4.98,0.0,0
46974,375.166,25.674,0.0,0.0,462.447,0.0,0.0,0.0,5.732,0,-15.0,1.5150000000000001,310.005,-1.0557,35.13,35.35050582885742,4.98,0.0,0
46974,374.996,25.674,0.0,0.0,462.387,0.0,0.0,0.0,5.732,0,-15.0,1.47,309.915,-0.46190000000000003,35.37,35.35050582885742,4.98,0.0,0
46974,374.996,25.674,0.0,0.0,462.326,0.0,0.0,-0.2,5.732,0,-14.0,1.5050000000000001,309.915,-2.3754,35.1,35.35050582885742,4.98,0.0,0
46974,374.996,25.674,0.0,0.0,462.145,0.0,0.0,0.0,5.732,0,-15.0,1.43,309.915,-2.5733,34.95,35.35050582885742,4.98,0.0,0
46974,374.996,25.674,0.0,0.0,462.326,0.0,0.0,-0.2,5.732,0,-14.0,1.47,309.915,0.7918000000000001,35.79,35.35050582885742,4.98,0.0,0
46974,374.996,25.674,0.0,0.0,462.326,0.0,0.0,0.0,5.732,0,-14.0,1.405,309.915,-0.5279,36.87,35.35050582885742,4.98,0.0,0
46974,374.996,25.674,0.0,0.0,462.266,0.0,0.0,-0.2,5.732,0,-15.0,1.43,309.915,-2.6393,37.77,35.35050582885742,4.98,0.0,0
46974,374.825,25.674,0.0,0.0,462.326,0.0,0.0,0.2,5.732,0,-15.0,1.43,309.915,1.0557,37.08,35.35050582885742,4.98,0.0,0
46974,374.996,25.674,0.0,0.0,462.205,0.0,0.0,0.0,5.732,0,-14.0,1.425,309.915,1.0557,37.2,35.35050582885742,4.98,0.0,0
46974,374.996,25.674,0.0,0.0,462.326,0.0,0.0,0.0,5.732,0,-14.0,1.415,310.14000000000004,0.8908,36.87,35.35050582885742,4.98,0.0,0
46974,374.996,25.674,0.0,0.0,462.326,0.0,0.0,0.0,5.732,0,-14.0,1.45,309.915,3.2991,36.21,35.35050582885742,4.98,0.0,0
46974,375.166,25.674,0.0,0.0,461.781,0.0,0.0,0.0,5.732,0,-15.0,1.44,309.915,0.2639,35.79,35.35050582885742,4.98,0.0,0
46974,374.996,25.674,0.0,0.0,461.781,0.0,0.0,0.0,5.732,0,-15.0,1.41,309.915,-0.3299,35.730000000000004,35.35050582885742,4.98,0.0,0
46974,374.996,25.674,0.0,0.0,461.842,0.0,0.0,0.0,5.732,0,-14.0,1.41,309.915,-3.1919,34.47,35.35050582885742,4.98,0.0,0
46974,374.996,25.674,0.0,0.0,462.205,0.0,0.0,0.0,5.732,0,-14.0,1.44,309.915,-0.7918000000000001,34.95,35.35050582885742,4.98,0.0,0
46974,374.825,25.674,0.0,0.0,462.145,0.0,0.0,0.0,5.732,0,-15.0,1.43,310.005,-0.41240000000000004,35.25,35.35050582885742,4.98,0.0,0
46974,374.996,25.674,0.0,0.0,462.326,0.0,0.0,0.0,5.732,0,-14.0,1.435,310.005,1.8475000000000001,35.31,35.35050582885742,4.98,0.0,0
46974,374.996,25.674,0.0,0.0,462.145,0.0,0.0,0.0,5.732,0,-14.0,1.45,310.005,3.6785,35.88,35.35050582885742,4.98,0.0,0
46974,374.996,25.674,0.0,0.0,462.326,0.0,0.0,0.2,5.732,0,-15.0,1.445,309.915,-2.6393,36.21,35.35050582885742,4.98,0.0,0
46974,374.825,25.674,0.0,0.0,462.326,0.0,0.0,0.0,5.732,0,-16.0,1.435,309.915,-4.3383,36.36,35.35050582885742,4.98,0.0,0
46974,374.825,25.674,0.0,0.0,462.326,0.0,0.0,0.0,5.732,0,-15.0,1.435,309.915,-1.0392000000000001,37.08,35.35050582885742,4.98,0.0,0
46974,374.825,25.674,0.0,0.0,462.145,0.0,0.0,0.0,5.732,0,-14.0,1.415,309.915,1.1877,36.96,35.35050582885742,4.98,0.0,0
46974,374.65500000000003,25.674,0.0,0.0,462.08500000000004,0.0,0.0,0.2,5.732,0,-14.0,1.385,310.005,-0.14850000000000002,36.45,35.35050582885742,4.98,0.0,0
46974,374.996,25.674,0.0,0.0,461.781,0.0,0.0,0.0,5.732,0,-14.0,1.455,309.915,0.7918000000000001,36.21,35.35050582885742,4.98,0.0,0
46974,374.825,25.674,0.0,0.0,461.902,0.0,0.0,0.0,5.732,0,-14.0,1.44,309.915,2.3754,36.300000000000004,35.35050582885742,4.98,0.0,0
46974,374.484,25.674,0.0,0.0,461.479,0.0,0.0,0.0,5.732,0,-13.0,1.435,310.005,0.0,35.46,35.35050582885742,4.98,0.0,0
46974,374.65500000000003,25.674,0.0,0.0,461.902,0.0,0.0,0.0,5.732,0,-14.0,1.5,309.915,-0.3794,34.68,35.35050582885742,4.98,0.0,0
46974,374.314,25.674,0.0,0.0,461.963,0.0,0.0,-0.2,5.732,0,-14.0,1.355,309.915,-0.132,34.56,35.35050582885742,4.98,0.0,0
46974,374.65500000000003,25.674,0.0,0.0,462.08500000000004,0.0,0.0,0.2,5.732,0,-13.0,1.395,309.915,-2.3589,34.56,35.35050582885742,4.98,0.0,0
46974,374.65500000000003,25.674,0.0,0.0,461.721,0.0,0.0,0.2,5.732,0,-10.0,1.435,309.915,0.2639,34.71,35.35050582885742,4.98,0.0,0
46974,374.825,25.674,0.0,0.0,461.902,0.0,0.0,0.0,5.732,0,-12.0,1.445,309.825,0.41240000000000004,35.43,35.35050582885742,4.98,0.0,0
46974,374.484,25.674,0.0,0.0,461.963,0.0,0.0,0.2,5.732,0,-12.0,1.435,309.915,-0.2639,36.45,35.35050582885742,4.98,0.0,0
46974,374.484,25.674,-0.5,0.0,461.66,0.0,0.0,0.0,5.732,0,-13.0,1.445,310.005,0.2639,37.08,35.35050582885742,4.98,0.0,0
46974,374.65500000000003,25.674,0.0,0.0,461.781,0.0,0.0,0.0,5.732,0,-11.0,1.46,309.915,0.6433,36.75,35.35050582885742,4.98,0.0,0
46974,374.825,25.674,0.0,0.0,461.781,0.0,0.0,0.0,5.732,0,-12.0,1.43,309.915,-0.6598,36.480000000000004,35.35050582885742,4.98,0.0,0
46974,374.65500000000003,25.674,0.0,0.0,461.781,0.0,0.0,-0.2,5.732,0,-12.0,1.455,309.915,-0.2474,35.97,35.35050582885742,4.98,0.0,0
46974,374.825,25.674,0.0,0.0,461.721,0.0,0.0,0.0,5.732,0,-10.0,1.425,310.005,2.7548,35.67,35.35050582885742,4.98,0.0,0
46974,374.996,25.674,0.0,0.0,461.842,0.0,0.0,0.0,5.732,0,-11.0,1.47,309.825,-2.8867000000000003,35.49,35.35050582885742,4.98,0.0,0
46974,374.996,25.674,0.0,0.0,461.842,0.0,0.0,0.0,5.732,0,-9.0,1.43,309.915,-1.7155,35.52,35.35050582885742,4.98,0.0,0
46974,374.996,25.674,0.0,0.0,462.08500000000004,0.0,0.0,0.0,5.732,0,-10.0,1.455,309.915,0.0165,35.76,35.35050582885742,4.98,0.0,0
46974,374.996,25.674,0.0,0.0,462.08500000000004,0.0,0.0,0.0,5.732,0,-10.0,1.44,309.915,0.5938,35.76,35.35050582885742,4.98,0.0,0
46974,374.996,25.674,0.0,0.0,461.963,0.0,0.0,0.0,5.732,0,-10.0,1.46,309.915,0.5279,35.43,35.35050582885742,4.98,0.0,0
46974,374.825,25.674,0.0,0.0,461.781,0.0,0.0,0.0,5.732,0,-9.0,1.445,309.825,0.5938,34.89,35.35050582885742,4.98,0.0,0
46974,374.996,25.674,0.0,0.0,461.781,0.0,0.0,0.0,5.732,0,-8.0,1.445,310.005,1.3196,34.95,35.35050582885742,4.98,0.0,0
46974,374.825,25.674,0.0,0.0,461.963,0.0,0.0,0.0,5.732,0,-10.0,1.455,310.005,3.629,35.67,35.35050582885742,4.98,0.0,0
46974,374.825,25.674,0.0,0.0,461.6,0.0,0.0,0.0,5.732,0,-9.0,1.425,309.915,1.8475000000000001,36.36,35.35050582885742,4.98,0.0,0
46974,374.65500000000003,25.674,0.0,0.0,461.539,0.0,0.0,0.0,5.732,0,-10.0,1.45,310.005,-4.2229,36.75,35.35050582885742,4.98,0.0,0
46974,374.996,25.674,0.0,0.0,461.963,0.0,0.0,0.2,5.732,0,-6.0,1.415,310.005,-0.2639,36.57,35.35050582885742,4.98,0.0,0
46974,374.65500000000003,25.674,0.0,0.0,462.08500000000004,0.0,0.0,0.0,5.732,0,-7.0,1.445,309.825,0.5938,36.69,35.35050582885742,4.98,0.0,0
46974,374.825,25.674,0.0,0.0,461.842,0.0,0.0,0.2,5.732,0,-6.0,1.415,309.915,-0.7918000000000001,37.44,35.35050582885742,4.98,0.0,0
46974,374.65500000000003,25.674,0.5,0.0,461.842,0.0,0.0,0.2,5.732,0,-7.0,1.42,309.915,-0.3794,37.53,35.35050582885742,4.98,0.0,0
46974,374.65500000000003,25.674,0.0,0.0,461.66,0.0,0.0,0.2,5.732,0,-6.0,1.44,309.915,1.4681,37.44,35.35050582885742,4.98,0.0,0
46974,374.825,25.674,0.0,0.0,462.023,0.0,0.0,-0.2,5.732,0,-6.0,1.43,309.915,1.8310000000000002,36.39,35.35050582885742,4.98,0.0,0
46974,374.996,25.674,0.0,0.0,461.539,0.0,0.0,0.0,5.732,0,-5.0,1.425,309.915,-0.7918000000000001,36.36,35.35050582885742,4.98,0.0,0
46974,374.996,25.674,0.0,0.0,461.539,0.0,0.0,0.2,5.732,0,-4.0,1.44,310.005,-0.41240000000000004,35.49,35.35050582885742,4.98,0.0,0
46974,374.996,25.674,0.0,0.0,461.842,0.0,0.0,0.0,5.732,0,-4.0,1.43,309.915,1.864,34.71,35.35050582885742,4.98,0.0,0
46974,374.65500000000003,25.674,0.0,0.0,461.902,0.0,0.0,0.2,5.732,0,-4.0,1.415,309.915,2.6393,35.1,35.35050582885742,4.98,0.0,0
46974,374.825,25.674,0.0,0.0,461.842,0.0,0.0,0.0,5.732,0,-4.0,1.44,309.825,-2.6228000000000002,36.12,35.35050582885742,4.98,0.0,0
46974,374.65500000000003,25.674,-0.5,0.0,461.721,0.0,0.0,0.0,5.732,0,-3.0,1.425,309.915,-2.9032,38.34,35.35050582885742,4.98,0.0,0
46974,374.484,25.674,0.0,0.0,461.963,0.0,0.0,0.0,5.732,0,-1.0,1.42,309.915,0.41240000000000004,38.46,35.35050582885742,4.98,0.0,0
46974,374.996,25.674,0.0,0.0,461.963,0.0,0.0,0.2,5.732,0,-1.0,1.425,309.915,0.7918000000000001,38.43,35.35050582885742,4.98,0.0,0
46974,374.484,25.674,0.0,0.0,461.842,0.0,0.0,0.0,5.732,0,0.0,1.405,309.915,-0.066,37.980000000000004,35.35050582885742,4.98,0.0,0
46974,374.996,25.674,0.0,0.0,461.963,0.0,0.0,0.2,5.732,0,0.0,1.445,310.005,2.1114,37.35,35.35050582885742,4.98,0.0,0
46974,374.825,25.674,0.0,0.0,461.963,0.0,0.0,0.0,5.732,0,3.0,1.445,309.915,2.1114,37.11,35.35050582885742,4.98,0.0,0
46974,374.996,25.664,0.0,0.0,461.66,0.0,0.0,0.0,5.732,0,3.0,1.425,310.005,-1.5836000000000001,36.57,35.35050582885742,4.98,0.0,0
46974,374.65500000000003,25.664,0.0,0.0,461.781,0.0,0.0,0.0,5.732,0,2.0,1.46,309.825,-1.4516,36.99,35.35050582885742,4.98,0.0,0
46974,374.996,25.664,0.0,0.0,461.902,0.0,0.0,0.0,5.732,0,4.0,1.41,309.915,1.0557,37.53,35.35050582885742,4.98,0.0,0
46974,374.65500000000003,25.664,0.0,0.0,461.902,0.0,0.0,0.2,5.732,0,4.0,1.44,310.005,1.5836000000000001,37.410000000000004,35.35050582885742,4.98,0.0,0
46974,374.65500000000003,25.664,0.0,0.0,462.326,0.0,0.0,0.0,5.732,0,5.0,1.405,310.005,1.5836000000000001,36.42,35.35050582885742,4.98,0.0,0
46974,374.825,25.664,0.0,0.0,461.963,0.0,0.0,-0.2,5.732,0,7.0,1.42,309.915,-1.5836000000000001,36.12,35.35050582885742,4.98,0.0,0
46974,374.65500000000003,25.664,0.0,0.0,461.539,0.0,0.0,0.0,5.732,0,9.0,1.415,310.005,-0.7918000000000001,35.94,35.35050582885742,4.98,0.0,0
46974,374.996,25.664,0.0,0.0,461.479,0.0,0.0,0.2,5.732,0,10.0,1.405,309.915,-0.46190000000000003,36.36,35.35050582885742,4.98,0.0,0
46974,374.996,25.664,0.0,0.0,461.842,0.0,0.0,0.0,5.732,0,12.0,1.4000000000000001,310.005,1.0557,37.32,35.35050582885742,4.98,0.0,0
46974,374.996,25.664,0.0,0.0,461.842,0.0,0.0,0.2,5.732,0,10.0,1.445,309.915,1.0557,37.410000000000004,35.35050582885742,4.98,0.0,0
46974,374.825,25.664,0.0,0.0,461.66,0.0,0.0,0.0,5.732,0,12.0,1.5050000000000001,309.825,-1.4186,37.89,35.35050582885742,4.98,0.0,0
46974,374.484,25.664,0.0,0.0,461.418,0.0,0.0,0.2,5.732,0,10.0,1.46,309.915,-0.132,38.1,35.35050582885742,4.98,0.0,0
46974,375.166,25.664,0.0,0.0,461.842,0.0,0.0,0.0,5.732,0,10.0,1.445,310.005,1.5836000000000001,37.65,35.35050582885742,4.98,0.0,0
46974,374.996,25.664,0.0,0.0,462.08500000000004,0.0,0.0,0.2,5.732,0,11.0,1.45,309.915,0.9073,36.69,35.35050582885742,4.98,0.0,0
46974,374.825,25.664,0.0,0.0,462.023,0.0,0.0,0.0,5.732,0,10.0,1.445,309.825,-1.963,36.84,35.35050582885742,4.98,0.0,0
46974,374.65500000000003,25.664,0.0,0.0,461.963,0.0,0.0,0.2,5.732,0,11.0,1.435,309.915,0.5444,37.08,35.35050582885742,4.98,0.0,0
46974,374.65500000000003,25.664,0.0,0.0,461.66,0.0,0.0,0.0,5.732,0,11.0,1.44,309.915,1.9795,36.99,35.35050582885742,4.98,0.0,0
46974,374.996,25.664,-0.5,0.0,461.721,0.0,0.0,0.0,5.732,0,10.0,1.415,310.005,2.3424,36.51,35.35050582885742,4.98,0.0,0
46974,374.825,25.664,0.0,0.0,461.66,0.0,0.0,0.0,5.732,0,11.0,1.455,309.915,-1.3196,35.49,35.35050582885742,4.98,0.0,0
46974,374.825,25.664,-0.5,0.0,461.418,0.0,0.0,0.0,5.732,0,12.0,1.435,309.915,-0.2639,34.92,35.35050582885742,4.98,0.0,0
46974,374.484,25.664,0.0,0.0,461.479,0.0,0.0,0.0,5.732,0,13.0,1.43,310.005,-1.1877,35.85,35.35050582885742,4.98,0.0,0
46974,374.484,25.654,0.0,0.0,461.963,0.0,0.0,0.0,5.732,0,12.0,1.395,310.005,0.7753,37.68,35.35050582885742,4.98,0.0,0
46974,374.825,25.654,0.0,0.0,461.66,0.0,0.0,0.2,5.732,0,11.0,1.42,309.915,2.7713,37.410000000000004,35.35050582885742,4.98,0.0,0
46974,374.314,25.654,0.0,0.0,461.479,0.0,0.0,0.2,5.732,0,13.0,1.48,309.915,-1.4351,37.5,35.35050582885742,4.98,0.0,0
46974,374.314,25.654,-0.5,0.0,461.479,0.0,0.0,0.2,5.732,0,11.0,1.435,310.005,0.3794,38.22,35.35050582885742,4.98,0.0,0
46974,374.65500000000003,25.654,-0.5,0.0,461.6,0.0,0.0,-0.2,5.732,0,13.0,1.43,309.915,-1.3196,37.92,35.35050582885742,4.98,0.0,0
46974,374.14300000000003,25.654,0.0,0.0,461.781,0.0,0.0,-0.2,5.732,0,12.0,1.48,309.915,-2.2269,37.83,35.35050582885742,4.98,0.0,0
46974,374.484,25.654,0.0,0.0,461.66,0.0,0.0,0.0,5.732,0,11.0,1.44,309.915,1.2042000000000002,37.17,35.35050582885742,4.98,0.0,0
46974,374.314,25.654,-0.5,0.0,461.66,0.0,0.0,-0.2,5.732,0,12.0,1.415,309.915,1.6496000000000002,36.99,35.35050582885742,4.98,0.0,0
46974,374.14300000000003,25.645,0.0,0.0,461.721,0.0,0.0,0.0,5.732,0,15.0,1.43,309.915,1.0557,36.78,35.35050582885742,4.98,0.0,0
46974,374.314,25.645,0.0,0.0,461.539,0.0,0.0,0.0,5.732,0,11.0,1.435,309.915,-1.5836000000000001,36.9,35.35050582885742,4.98,0.0,0
46974,374.314,25.645,0.0,0.0,461.963,0.0,0.0,0.2,5.732,0,14.0,1.445,309.915,0.0,36.24,35.35050582885742,4.98,0.0,0
46974,374.14300000000003,25.645,-0.5,0.0,462.266,0.0,0.0,0.0,5.732,0,13.0,1.435,309.915,0.0,35.82,35.35050582885742,4.98,0.0,0
46974,374.484,25.645,-0.5,0.0,461.963,0.0,0.0,0.0,5.732,0,13.0,1.475,309.915,-1.3196,35.7,35.35050582885742,4.98,0.0,0
46974,374.314,25.635,-0.5,0.0,461.418,0.0,0.0,0.0,5.732,0,12.0,1.455,309.915,0.0,37.11,35.35050582885742,4.98,0.0,0
46974,374.314,25.635,0.0,0.0,461.842,0.0,0.0,-0.2,5.732,0,13.0,1.435,310.005,3.1672000000000002,38.64,35.35050582885742,4.98,0.0,0
46974,374.484,25.635,-0.5,0.0,461.781,0.0,0.0,-0.2,5.732,0,13.0,1.425,309.915,-0.5279,38.85,35.35050582885742,4.98,0.0,0
46974,374.314,25.635,0.0,0.0,461.66,0.0,0.0,0.2,5.732,0,13.0,1.4000000000000001,310.005,0.0,39.27,35.35050582885742,4.98,0.0,0
46974,374.14300000000003,25.625,0.0,0.0,462.023,0.0,0.0,0.0,5.732,0,12.0,1.395,309.915,1.1217000000000001,39.21,35.35050582885742,4.98,0.0,0
46974,373.972,25.625,0.0,0.0,461.963,0.0,0.0,0.0,5.732,0,12.0,1.465,309.915,-0.7918000000000001,38.58,35.35050582885742,4.98,0.0,0
46974,373.972,25.625,0.0,0.0,461.902,0.0,0.0,-0.2,5.732,0,15.0,1.405,309.915,1.6496000000000002,37.26,35.35050582885742,4.98,0.0,0
46974,374.314,25.625,0.0,0.0,461.902,0.0,0.0,0.2,5.732,0,15.0,1.465,310.005,1.8475000000000001,35.76,35.35050582885742,4.98,0.0,0
46974,374.14300000000003,25.615000000000002,-0.5,0.0,461.66,0.0,0.0,0.0,5.732,0,15.0,1.43,309.915,-4.7507,35.58,35.35050582885742,4.98,0.0,0
46974,374.14300000000003,25.615000000000002,-0.5,0.0,461.963,0.0,0.0,0.0,5.732,0,15.0,1.44,309.915,-0.7918000000000001,35.94,35.35050582885742,4.98,0.0,0
46974,374.14300000000003,25.615000000000002,0.0,0.0,461.842,0.0,0.0,0.0,5.732,0,14.0,1.45,309.915,1.6496000000000002,36.39,35.35050582885742,4.98,0.0,0
46974,374.314,25.615000000000002,-0.5,0.0,461.66,0.0,0.0,0.2,5.732,0,15.0,1.43,310.005,1.8475000000000001,37.050000000000004,35.35050582885742,4.98,0.0,0
46974,374.14300000000003,25.605,-0.5,0.0,461.66,0.0,0.0,0.0,5.732,0,15.0,1.435,309.915,-1.0557,37.44,35.35050582885742,4.98,0.0,0
46974,374.314,25.605,-0.5,0.0,461.479,0.0,0.0,0.2,5.732,0,16.0,1.43,309.915,-1.0557,37.83,35.35050582885742,4.98,0.0,0
46974,374.484,25.605,-0.5,0.0,461.66,0.0,0.0,0.0,5.732,0,12.0,1.415,309.915,0.066,37.77,35.35050582885742,4.98,0.0,0
46974,374.314,25.596,0.0,0.0,461.66,0.0,0.0,0.2,5.732,0,14.0,1.445,309.825,-1.8475000000000001,37.53,35.35050582885742,4.98,0.0,0
46974,374.314,25.596,-0.5,0.0,461.479,0.0,0.0,0.0,5.732,0,15.0,1.465,309.915,-1.5836000000000001,38.13,35.35050582885742,4.98,0.0,0
46974,373.972,25.596,0.0,0.0,461.6,0.0,0.0,0.2,5.732,0,17.0,1.425,309.915,1.0557,38.1,35.35050582885742,4.98,0.0,0
46974,374.314,25.596,-0.5,0.0,461.479,0.0,0.0,0.2,5.732,0,16.0,1.415,310.005,3.563,37.38,35.35050582885742,4.98,0.0,0
46974,374.14300000000003,25.596,0.0,0.0,461.479,0.0,0.0,0.0,5.732,0,16.0,1.43,310.005,3.6620000000000004,37.29,35.35050582885742,4.98,0.0,0
46974,374.14300000000003,25.586000000000002,-1.0,0.0,461.358,0.0,0.0,0.0,5.732,0,16.0,1.445,309.915,0.6598,37.14,35.35050582885742,4.98,0.0,0
46974,374.314,25.586000000000002,0.0,0.0,461.358,0.0,0.0,0.2,5.732,0,13.0,1.43,309.915,-0.6598,36.0,35.35050582885742,4.98,0.0,0
46974,373.972,25.586000000000002,-0.5,0.0,461.418,0.0,0.0,-0.2,5.732,0,15.0,1.445,309.825,-1.4186,35.37,35.35050582885742,4.98,0.0,0
46974,374.484,25.576,-0.5,0.0,461.66,0.0,0.0,0.0,5.732,0,16.0,1.425,309.915,-1.8475000000000001,35.94,35.35050582885742,4.98,0.0,0
46974,374.14300000000003,25.576,-0.5,0.0,461.358,0.0,0.0,0.0,5.732,0,19.0,1.475,309.915,3.6950000000000003,35.82,35.35050582885742,4.98,0.0,0
46974,374.314,25.576,-0.5,0.0,461.358,0.0,0.0,-0.2,5.732,0,17.0,1.43,309.915,-0.9732000000000001,36.72,35.35050582885742,4.98,0.0,0
46974,373.972,25.576,-0.5,0.0,461.358,0.0,0.0,0.0,5.732,0,16.0,1.435,310.005,-1.0062,37.59,35.35050582885742,4.98,0.0,0
46974,374.314,25.566000000000003,0.0,0.0,461.298,0.0,0.0,0.0,5.732,0,17.0,1.45,310.005,4.6848,38.34,35.35050582885742,4.98,0.0,0
46974,374.14300000000003,25.566000000000003,0.0,0.0,461.479,0.0,0.0,0.2,5.732,0,16.0,1.425,310.005,2.2269,38.37,35.35050582885742,4.98,0.0,0
46974,374.14300000000003,25.566000000000003,0.0,0.0,461.479,0.0,0.0,-0.2,5.732,0,16.0,1.42,309.915,-1.1877,38.04,35.35050582885742,4.98,0.0,0
46974,374.314,25.557000000000002,-0.5,0.0,461.479,0.0,0.0,-0.2,5.732,0,16.0,1.43,309.915,-4.2064,37.74,35.35050582885742,4.98,0.0,0
46974,374.14300000000003,25.557000000000002,-0.5,0.0,461.479,0.0,0.0,-0.2,5.732,0,15.0,1.425,309.915,-3.6785,37.77,35.35050582885742,4.98,0.0,0
46974,374.314,25.557000000000002,0.0,0.0,461.298,0.0,0.0,0.0,5.732,0,16.0,1.47,309.825,-1.1712,37.56,35.35050582885742,4.98,0.0,0
46974,374.14300000000003,25.547,-0.5,0.0,461.116,0.0,0.0,0.0,5.732,0,16.0,1.445,309.915,-0.2639,36.75,35.35050582885742,4.98,0.0,0
46974,373.972,25.547,-0.5,0.0,461.116,0.0,0.0,-0.2,5.732,0,16.0,1.43,310.005,0.3794,35.97,35.35050582885742,4.98,0.0,0
46974,374.314,25.547,-0.5,0.0,461.056,0.0,0.0,-0.2,5.732,0,16.0,1.44,309.825,3.1672000000000002,35.04,35.35050582885742,4.98,0.0,0
46974,374.314,25.547,-0.5,0.0,461.237,0.0,0.0,0.0,5.732,0,16.0,1.435,309.825,-0.2474,34.410000000000004,35.35050582885742,4.98,0.0,0
46974,373.972,25.537000000000003,0.0,0.0,460.995,0.0,0.0,0.0,5.732,0,18.0,1.46,310.005,-1.864,35.01,35.35050582885742,4.98,0.0,0
46974,374.314,25.537000000000003,0.0,0.0,461.358,0.0,0.0,0.0,5.732,0,17.0,1.445,309.915,2.2269,36.63,35.35050582885742,4.98,0.0,0
46974,374.14300000000003,25.537000000000003,-0.5,0.0,461.418,0.0,0.0,0.2,5.732,0,15.0,1.45,309.915,0.9238000000000001,38.1,35.35050582885742,4.98,0.0,0
46974,374.314,25.527,0.0,0.0,461.116,0.0,0.0,-0.2,5.732,0,16.0,1.445,309.915,-2.8867000000000003,39.09,35.35050582885742,4.98,0.0,0
46974,373.802,25.527,0.0,0.0,461.298,0.0,0.0,0.2,5.732,0,12.0,1.445,309.915,1.4516,38.46,35.35050582885742,4.98,0.0,0
46974,374.14300000000003,25.527,0.0,0.0,461.66,0.0,0.0,-0.2,5.732,0,14.0,1.425,309.915,1.8475000000000001,38.52,35.35050582885742,4.98,0.0,0
46974,374.314,25.518,-0.5,0.0,461.479,0.0,0.0,0.0,5.732,0,15.0,1.44,310.005,-0.8083,37.47,35.35050582885742,4.98,0.0,0
46974,374.314,25.518,0.0,0.0,461.358,0.0,0.0,-0.2,5.732,0,18.0,1.455,309.825,0.28040000000000004,36.99,35.35050582885742,4.98,0.0,0
46974,373.972,25.518,-0.5,0.0,461.237,0.0,0.0,-0.2,5.732,0,16.0,1.435,310.005,0.39590000000000003,36.660000000000004,35.35050582885742,4.98,0.0,0
46974,374.14300000000003,25.508000000000003,0.0,0.0,461.479,0.0,0.0,0.0,5.732,0,16.0,1.42,310.005,0.39590000000000003,36.45,35.35050582885742,4.98,0.0,0
46974,374.314,25.508000000000003,-0.5,0.0,461.66,0.0,0.0,0.0,5.732,0,21.0,1.42,309.915,3.8270000000000004,35.910000000000004,35.35050582885742,4.98,0.0,0
46974,373.63100000000003,25.508000000000003,-0.5,0.0,461.479,0.0,0.0,0.0,5.732,0,18.0,1.41,309.915,-2.6228000000000002,35.37,35.35050582885742,4.98,0.0,0
46974,374.314,25.498,-0.5,0.0,461.237,0.0,0.0,-0.2,5.732,0,17.0,1.425,309.825,-3.3981000000000003,34.56,35.35050582885742,4.98,0.0,0
46974,373.972,25.498,-0.5,0.0,461.116,0.0,0.0,0.0,5.732,0,16.0,1.435,309.825,-3.6950000000000003,34.68,35.35050582885742,4.98,0.0,0
46974,374.314,25.498,0.0,0.0,461.358,0.0,0.0,0.0,5.732,0,16.0,1.45,310.005,-0.066,36.0,35.35050582885742,4.98,0.0,0
46974,373.972,25.488,-0.5,0.0,461.781,0.0,0.0,-0.2,5.732,0,15.0,1.435,309.915,-0.2639,36.87,35.35050582885742,4.98,0.0,0
46974,374.14300000000003,25.488,-0.5,0.0,461.539,0.0,0.0,0.2,5.732,0,12.0,1.435,309.915,-0.066,38.07,35.35050582885742,4.98,0.0,0
46974,374.14300000000003,25.488,-0.5,0.0,461.418,0.0,0.0,0.0,5.732,0,17.0,1.44,309.915,-1.8475000000000001,38.22,35.35050582885742,4.98,0.0,0
46974,373.972,25.479000000000003,-0.5,0.0,461.539,0.0,0.0,0.0,5.732,0,17.0,1.425,309.825,-0.9897,37.410000000000004,35.35050582885742,4.98,0.0,0
46974,374.14300000000003,25.479000000000003,-1.0,0.0,461.177,0.0,0.0,0.0,5.732,0,16.0,1.435,309.915,-2.1114,36.99,35.35050582885742,4.98,0.0,0
46974,373.972,25.479000000000003,-0.5,0.0,461.298,0.0,0.0,0.0,5.732,0,15.0,1.435,309.915,3.1672000000000002,37.11,35.35050582885742,4.98,0.0,0
46974,373.972,25.469,0.0,0.0,461.479,0.0,0.0,0.2,5.732,0,19.0,1.415,310.005,5.0147,37.38,35.35050582885742,4.98,0.0,0
46974,373.972,25.469,-0.5,0.0,461.66,0.0,0.0,0.2,5.732,0,13.0,1.42,309.915,-0.5279,37.5,35.35050582885742,4.98,0.0,0
46974,374.314,25.469,-0.5,0.0,461.66,0.0,0.0,0.2,5.732,0,21.0,1.41,309.915,-1.0557,37.47,35.35050582885742,4.98,0.0,0
46974,373.972,25.469,-0.5,0.0,461.479,0.0,0.0,0.2,5.732,0,15.0,1.455,310.005,-0.8083,35.85,35.35050582885742,4.98,0.0,0
46974,374.14300000000003,25.459,-0.5,0.0,461.479,0.0,0.0,0.0,5.732,0,14.0,1.46,309.915,-1.3032000000000001,34.980000000000004,35.35050582885742,4.98,0.0,0
46974,373.972,25.459,-0.5,0.0,460.995,0.0,0.0,0.0,5.732,0,17.0,1.44,309.915,0.7918000000000001,34.95,35.35050582885742,4.98,0.0,0
46974,373.972,25.449,-0.5,0.0,461.116,0.0,0.0,0.0,5.732,0,16.0,1.42,310.005,-0.8248000000000001,35.13,35.35050582885742,4.98,0.0,0
46974,374.14300000000003,25.449,-0.5,0.0,461.056,0.0,0.0,-0.2,5.732,0,17.0,1.44,309.915,-1.5836000000000001,36.300000000000004,35.35050582885742,4.98,0.0,0
46974,374.14300000000003,25.449,-1.0,0.0,460.995,0.0,0.0,0.2,5.732,0,17.0,1.43,309.915,0.14850000000000002,37.230000000000004,35.35050582885742,4.98,0.0,0
46974,373.802,25.439,-0.5,0.0,461.116,0.0,0.0,0.0,5.732,0,17.0,1.42,309.915,1.732,38.1,35.35050582885742,4.98,0.0,0
46974,374.314,25.439,-0.5,0.0,461.358,0.0,0.0,0.2,5.732,0,18.0,1.45,309.915,0.39590000000000003,37.86,35.35050582885742,4.98,0.0,0
46974,373.972,25.439,-0.5,0.0,461.479,0.0,0.0,0.0,5.732,0,14.0,1.465,309.915,0.2639,37.17,35.35050582885742,4.98,0.0,0
46974,373.972,25.43,-0.5,0.0,461.479,0.0,0.0,0.2,5.732,0,12.0,1.42,309.825,-2.0784000000000002,36.06,35.35050582885742,4.98,0.0,0
46974,373.802,25.43,0.0,0.0,461.298,0.0,0.0,0.0,5.732,0,15.0,1.44,309.915,-2.1114,36.18,35.35050582885742,4.98,0.0,0
46974,373.802,25.43,-0.5,0.0,461.116,0.0,0.0,0.0,5.732,0,17.0,1.45,309.915,0.6598,35.910000000000004,35.35050582885742,4.98,0.0,0
46974,374.314,25.42,0.0,0.0,461.177,0.0,0.0,-0.2,5.732,0,19.0,1.425,310.005,3.6620000000000004,35.52,35.35050582885742,4.98,0.0,0
46974,373.972,25.42,0.0,0.0,461.177,0.0,0.0,0.0,5.732,0,14.0,1.445,309.915,1.3196,35.160000000000004,35.35050582885742,4.98,0.0,0
46974,374.14300000000003,25.42,-0.5,0.0,460.874,0.0,0.0,0.0,5.732,0,18.0,1.475,309.915,-1.3196,34.83,35.35050582885742,4.98,0.0,0
46974,374.314,25.42,-0.5,0.0,460.874,0.0,0.0,0.2,5.732,0,15.0,1.445,309.915,-1.5836000000000001,34.77,35.35050582885742,4.98,0.0,0
46974,374.314,25.41,-0.5,0.0,460.995,0.0,0.0,0.0,5.732,0,18.0,1.455,309.915,-1.8475000000000001,35.07,35.35050582885742,4.98,0.0,0
46974,373.802,25.41,0.0,0.0,460.995,0.0,0.0,-0.2,5.732,0,17.0,1.43,309.825,1.6496000000000002,35.25,35.35050582885742,4.98,0.0,0
46974,373.802,25.400000000000002,-0.5,0.0,461.177,0.0,0.0,0.2,5.732,0,17.0,1.46,310.005,1.0557,36.93,35.35050582885742,4.98,0.0,0
46974,373.972,25.400000000000002,0.0,0.0,461.116,0.0,0.0,0.2,5.732,0,21.0,1.425,309.825,-2.5733,38.1,35.35050582885742,4.98,0.0,0
46974,374.14300000000003,25.400000000000002,0.0,0.0,461.116,0.0,0.0,0.0,5.732,0,20.0,1.46,309.915,-1.0557,39.09,35.35050582885742,4.98,0.0,0
46974,374.314,25.391000000000002,-1.0,0.0,461.177,0.0,0.0,0.2,5.732,0,13.0,1.45,309.825,-2.5073000000000003,39.45,35.35050582885742,4.98,0.0,0
46974,373.802,25.391000000000002,0.0,0.0,460.874,0.0,0.0,0.0,5.732,0,14.0,1.43,309.915,2.6393,38.550000000000004,35.35050582885742,4.98,0.0,0
46974,373.972,25.391000000000002,0.0,0.0,460.814,0.0,0.0,-0.2,5.732,0,12.0,1.45,309.825,1.1217000000000001,36.99,35.35050582885742,4.98,0.0,0
46974,373.802,25.381,-0.5,0.0,460.693,0.0,0.0,0.0,5.732,0,16.0,1.435,310.005,1.5836000000000001,36.0,35.35050582885742,4.98,0.0,0
46974,373.972,25.381,-0.5,0.0,460.995,0.0,0.0,0.2,5.732,0,18.0,1.425,310.005,3.1012,34.89,35.35050582885742,4.98,0.0,0
46974,374.14300000000003,25.371000000000002,0.0,0.0,461.298,0.0,0.0,0.2,5.732,0,14.0,1.415,309.915,2.9032,35.1,35.35050582885742,4.98,0.0,0
46974,374.14300000000003,25.371000000000002,-0.5,0.0,461.237,0.0,0.0,0.0,5.732,0,21.0,1.415,309.915,-0.46190000000000003,36.03,35.35050582885742,4.98,0.0,0
46974,374.14300000000003,25.371000000000002,-0.5,0.0,461.177,0.0,0.0,0.0,5.732,0,21.0,1.425,310.005,0.0,36.42,35.35050582885742,4.98,0.0,0
46974,373.802,25.361,-1.0,0.0,460.814,0.0,0.0,0.0,5.732,0,18.0,1.43,309.915,-3.1672000000000002,37.29,35.35050582885742,4.98,0.0,0
46974,373.972,25.361,0.0,0.0,461.056,0.0,0.0,0.0,5.732,0,18.0,1.43,309.825,-1.7155,37.59,35.35050582885742,4.98,0.0,0
46974,373.972,25.361,-0.5,0.0,461.177,0.0,0.0,0.0,5.732,0,19.0,1.42,309.915,1.3856000000000002,37.77,35.35050582885742,4.98,0.0,0
46974,374.314,25.352,-0.5,0.0,461.298,0.0,0.0,0.2,5.732,0,14.0,1.45,309.915,2.1114,38.13,35.35050582885742,4.98,0.0,0
46974,374.14300000000003,25.352,-0.5,0.0,461.237,0.0,0.0,0.2,5.732,0,11.0,1.41,309.825,-1.0557,37.29,35.35050582885742,4.98,0.0,0
46974,374.14300000000003,25.342000000000002,-0.5,0.0,461.177,0.0,0.0,-0.2,5.732,0,13.0,1.425,309.825,-5.0147,37.83,35.35050582885742,4.98,0.0,0
46974,373.972,25.342000000000002,-0.5,0.0,461.056,0.0,0.0,0.0,5.732,0,11.0,1.45,309.915,0.5279,37.65,35.35050582885742,4.98,0.0,0
46974,373.802,25.342000000000002,0.0,0.0,461.237,0.0,0.0,0.2,5.732,0,12.0,1.46,309.915,5.5425,37.65,35.35050582885742,4.98,0.0,0
46974,373.972,25.332,-0.5,0.0,461.418,0.0,0.0,0.0,5.732,0,18.0,1.425,309.915,3.629,36.72,35.35050582885742,4.98,0.0,0
46974,373.972,25.332,-0.5,0.0,461.116,0.0,0.0,0.0,5.732,0,13.0,1.415,309.915,-0.2639,36.12,35.35050582885742,4.98,0.0,0
46974,374.14300000000003,25.322000000000003,-0.5,0.0,461.056,0.0,0.0,0.0,5.732,0,21.0,1.425,309.915,1.0557,35.49,35.35050582885742,4.98,0.0,0
46974,374.14300000000003,25.322000000000003,0.0,0.0,461.056,0.0,0.0,0.2,5.732,0,21.0,1.435,309.915,0.5279,35.49,35.35050582885742,4.98,0.0,0
46974,374.14300000000003,25.322000000000003,-0.5,0.0,461.116,0.0,0.0,0.0,5.732,0,21.0,1.405,310.005,-2.4578,36.36,35.35050582885742,4.98,0.0,0
46974,373.63100000000003,25.322000000000003,-0.5,0.0,461.298,0.0,0.0,0.0,5.732,0,20.0,1.465,309.915,-1.2537,36.69,35.35050582885742,4.98,0.0,0
46974,374.314,25.313000000000002,0.0,0.0,461.116,0.0,0.0,0.0,5.732,0,17.0,1.435,309.915,4.024900000000001,37.26,35.35050582885742,4.98,0.0,0
46974,374.14300000000003,25.313000000000002,0.0,0.0,461.237,0.0,0.0,-0.2,5.732,0,19.0,1.46,310.005,-0.39590000000000003,38.01,35.35050582885742,4.98,0.0,0
46974,373.972,25.303,-0.5,0.0,461.298,0.0,0.0,0.0,5.732,0,19.0,1.43,309.915,-1.9795,37.65,35.35050582885742,4.98,0.0,0
46974,374.314,25.303,-0.5,0.0,461.66,0.0,0.0,0.0,5.732,0,18.0,1.425,309.915,-1.5671000000000002,37.29,35.35050582885742,4.98,0.0,0
46974,373.972,25.303,-0.5,0.0,461.479,0.0,0.0,0.0,5.732,0,20.0,1.445,309.915,-2.2269,37.92,35.35050582885742,4.98,0.0,0
46974,373.972,25.293000000000003,-0.5,0.0,461.177,0.0,0.0,0.0,5.732,0,19.0,1.425,309.915,-1.3361,37.74,35.35050582885742,4.98,0.0,0
46974,374.14300000000003,25.293000000000003,-0.5,0.0,461.116,0.0,0.0,0.0,5.732,0,17.0,1.475,309.915,0.7918000000000001,38.31,35.35050582885742,4.98,0.0,0
46974,373.802,25.283,-0.5,0.0,460.935,0.0,0.0,0.0,5.732,0,17.0,1.41,309.915,1.699,37.53,35.35050582885742,4.98,0.0,0
46974,373.972,25.283,-0.5,0.0,460.995,0.0,0.0,0.2,5.732,0,12.0,1.43,309.915,0.5279,37.050000000000004,35.35050582885742,4.98,0.0,0
46974,373.802,25.283,-0.5,0.0,461.116,0.0,0.0,0.0,5.732,0,14.0,1.42,310.005,1.963,36.27,35.35050582885742,4.98,0.0,0
46974,373.972,25.273,0.0,0.0,461.358,0.0,0.0,-0.2,5.732,0,10.0,1.47,309.915,1.1877,34.95,35.35050582885742,4.98,0.0,0
46974,373.972,25.273,0.0,0.0,461.358,0.0,0.0,0.0,5.732,0,15.0,1.445,309.915,-1.1712,34.77,35.35050582885742,4.98,0.0,0
46974,373.972,25.273,-1.0,0.0,461.177,0.0,0.0,-0.2,5.732,0,22.0,1.435,309.915,-4.3383,36.06,35.35050582885742,4.98,0.0,0
46974,373.802,25.264000000000003,-0.5,0.0,461.237,0.0,0.0,-0.2,5.732,0,22.0,1.425,309.915,-1.7155,36.84,35.35050582885742,4.98,0.0,0
46974,374.14300000000003,25.264000000000003,-0.5,0.0,461.298,0.0,0.0,0.2,5.732,0,15.0,1.44,309.825,1.732,38.01,35.35050582885742,4.98,0.0,0
46974,373.63100000000003,25.254,-0.5,0.0,461.116,0.0,0.0,-0.2,5.732,0,16.0,1.46,309.915,-0.6763,38.7,35.35050582885742,4.98,0.0,0
46974,374.314,25.254,0.0,0.0,460.935,0.0,0.0,0.2,5.732,0,18.0,1.435,309.825,-0.2474,38.730000000000004,35.35050582885742,4.98,0.0,0
46974,374.314,25.254,-0.5,0.0,460.995,0.0,0.0,0.0,5.732,0,18.0,1.415,309.825,-0.9073,37.77,35.35050582885742,4.98,0.0,0
46974,374.14300000000003,25.244,0.0,0.0,460.995,0.0,0.0,0.0,5.732,0,14.0,1.435,309.915,-0.39590000000000003,37.68,35.35050582885742,4.98,0.0,0
46974,373.972,25.244,-0.5,0.0,460.995,0.0,0.0,-0.2,5.732,0,20.0,1.44,309.915,0.0,37.74,35.35050582885742,4.98,0.0,0
46974,374.314,25.244,-0.5,0.0,460.995,0.0,0.0,0.0,5.732,0,16.0,1.44,309.825,2.1114,38.07,35.35050582885742,4.98,0.0,0
46974,374.14300000000003,25.234,-0.5,0.0,460.814,0.0,0.0,0.0,5.732,0,17.0,1.45,309.915,3.1012,37.74,35.35050582885742,4.98,0.0,0
46974,374.14300000000003,25.234,0.0,0.0,460.995,0.0,0.0,0.0,5.732,0,16.0,1.445,309.915,0.7918000000000001,35.76,35.35050582885742,4.98,0.0,0
46974,374.14300000000003,25.234,-0.5,0.0,460.874,0.0,0.0,0.0,5.732,0,16.0,1.45,309.915,-1.6496000000000002,34.26,35.35050582885742,4.98,0.0,0
46974,374.14300000000003,25.225,-0.5,0.0,460.874,0.0,0.0,0.2,5.732,0,12.0,1.43,309.915,0.0,33.93,35.35050582885742,4.98,0.0,0
46974,374.314,25.225,-0.5,0.0,461.116,0.0,0.0,0.2,5.732,0,13.0,1.43,309.915,1.0557,35.37,35.35050582885742,4.98,0.0,0
46974,373.972,25.215,0.0,0.0,460.512,0.0,0.0,0.0,5.732,0,14.0,1.425,309.915,-1.5836000000000001,37.050000000000004,35.35050582885742,4.98,0.0,0
46974,373.972,25.215,-0.5,0.0,460.512,0.0,0.0,0.0,5.732,0,12.0,1.455,309.915,-1.5836000000000001,38.97,35.35050582885742,4.98,0.0,0
46974,373.63100000000003,25.215,-0.5,0.0,461.116,0.0,0.0,0.0,5.732,0,15.0,1.44,310.005,4.486800000000001,39.6,35.35050582885742,4.98,0.0,0
46974,373.802,25.205000000000002,-0.5,0.0,461.237,0.0,0.0,0.0,5.732,0,22.0,1.425,309.915,0.5279,39.300000000000004,35.35050582885742,4.98,0.0,0
46974,373.802,25.205000000000002,0.0,0.0,460.632,0.0,0.0,0.0,5.732,0,15.0,1.44,309.915,-3.4311000000000003,37.980000000000004,35.35050582885742,4.98,0.0,0
46974,374.14300000000003,25.195,0.0,0.0,460.814,0.0,0.0,0.0,5.732,0,15.0,1.455,309.915,0.5938,36.99,35.35050582885742,4.98,0.0,0
46974,373.972,25.195,0.0,0.0,460.451,0.0,0.0,0.2,5.732,0,18.0,1.42,309.915,1.5836000000000001,37.11,35.35050582885742,4.98,0.0,0
46974,373.972,25.195,-0.5,0.0,460.693,0.0,0.0,0.2,5.732,0,18.0,1.42,309.915,0.5279,36.63,35.35050582885742,4.98,0.0,0
46974,374.314,25.186,-0.5,0.0,460.512,0.0,0.0,-0.2,5.732,0,17.0,1.455,310.005,0.7918000000000001,36.15,35.35050582885742,4.98,0.0,0
46974,374.14300000000003,25.186,-0.5,0.0,460.753,0.0,0.0,0.0,5.732,0,18.0,1.44,309.825,-0.46190000000000003,36.03,35.35050582885742,4.98,0.0,0
46974,374.14300000000003,25.176000000000002,-1.0,0.0,460.753,0.0,0.0,0.2,5.732,0,18.0,1.415,309.915,0.7918000000000001,35.76,35.35050582885742,4.98,0.0,0
46974,374.314,25.176000000000002,-0.5,0.0,460.632,0.0,0.0,0.0,5.732,0,17.0,1.48,310.005,-1.0557,35.4,35.35050582885742,4.98,0.0,0
46974,373.802,25.176000000000002,-0.5,0.0,460.693,0.0,0.0,0.0,5.732,0,13.0,1.44,309.915,0.0,36.24,35.35050582885742,4.98,0.0,0
46974,373.802,25.166,0.0,0.0,460.512,0.0,0.0,0.0,5.732,0,17.0,1.425,309.915,-0.5279,37.65,35.35050582885742,4.98,0.0,0
46974,374.14300000000003,25.166,-0.5,0.0,461.177,0.0,0.0,0.2,5.732,0,14.0,1.43,309.915,0.7918000000000001,38.58,35.35050582885742,4.98,0.0,0
46974,373.972,25.156000000000002,0.0,0.0,461.116,0.0,0.0,0.0,5.732,0,13.0,1.445,310.005,1.5176,38.67,35.35050582885742,4.98,0.0,0
46974,373.802,25.156000000000002,-1.0,0.0,460.753,0.0,0.0,-0.2,5.732,0,18.0,1.44,309.915,-1.3196,38.19,35.35050582885742,4.98,0.0,0
46974,374.314,25.156000000000002,-0.5,0.0,460.451,0.0,0.0,0.2,5.732,0,16.0,1.425,309.915,0.0,37.47,35.35050582885742,4.98,0.0,0
46974,373.972,25.156000000000002,-0.5,0.0,460.451,0.0,0.0,0.0,5.732,0,13.0,1.46,309.915,0.0,37.35,35.35050582885742,4.98,0.0,0
46974,373.972,25.146,-0.5,0.0,460.995,0.0,0.0,0.0,5.732,0,14.0,1.43,309.915,-2.8867000000000003,35.82,35.35050582885742,4.98,0.0,0
46974,373.972,25.146,-0.5,0.0,460.814,0.0,0.0,0.0,5.732,0,14.0,1.46,310.005,2.6228000000000002,36.09,35.35050582885742,4.98,0.0,0
46974,374.314,25.137,0.0,0.0,460.632,0.0,0.0,0.0,5.732,0,16.0,1.48,309.915,3.1672000000000002,36.24,35.35050582885742,4.98,0.0,0
46974,374.14300000000003,25.137,-1.0,0.0,460.632,0.0,0.0,0.0,5.732,0,17.0,1.435,309.915,-1.3361,36.480000000000004,35.35050582885742,4.98,0.0,0
46974,373.802,25.137,-0.5,0.0,460.693,0.0,0.0,0.0,5.732,0,19.0,1.42,310.005,-6.4003000000000005,35.910000000000004,35.35050582885742,4.98,0.0,0
46974,374.14300000000003,25.127000000000002,-0.5,0.0,460.572,0.0,0.0,0.0,5.732,0,16.0,1.415,310.005,1.5011,35.61,35.35050582885742,4.98,0.0,0
46974,374.14300000000003,25.127000000000002,0.0,0.0,460.935,0.0,0.0,0.2,5.732,0,15.0,1.4000000000000001,309.825,4.7012,35.67,35.35050582885742,4.98,0.0,0
46974,373.802,25.117,-0.5,0.0,460.935,0.0,0.0,0.0,5.732,0,22.0,1.435,310.005,-0.7176,36.24,35.35050582885742,4.98,0.0,0
46974,373.802,25.117,-0.5,0.0,460.632,0.0,0.0,0.0,5.732,0,15.0,1.445,309.915,-0.1155,36.27,35.35050582885742,4.98,0.0,0
46974,374.314,25.117,0.0,0.0,460.512,0.0,0.0,0.2,5.732,0,18.0,1.4000000000000001,309.915,2.9032,37.2,35.35050582885742,4.98,0.0,0
46974,373.802,25.107000000000003,-0.5,0.0,460.572,0.0,0.0,0.2,5.732,0,17.0,1.42,310.005,-1.7155,37.35,35.35050582885742,4.98,0.0,0
46974,374.14300000000003,25.107000000000003,0.0,0.0,460.451,0.0,0.0,-0.2,5.732,0,16.0,1.45,309.915,0.6763,37.800000000000004,35.35050582885742,4.98,0.0,0
46974,373.972,25.107000000000003,-0.5,0.0,460.451,0.0,0.0,0.0,5.732,0,16.0,1.44,309.915,0.7918000000000001,37.86,35.35050582885742,4.98,0.0,0
46974,373.972,25.098000000000003,0.0,0.0,460.935,0.0,0.0,0.0,5.732,0,16.0,1.425,309.915,-2.1114,37.29,35.35050582885742,4.98,0.0,0
46974,374.14300000000003,25.098000000000003,0.0,0.0,461.056,0.0,0.0,0.0,5.732,0,17.0,1.42,309.915,-2.1114,36.63,35.35050582885742,4.98,0.0,0
46974,373.63100000000003,25.098000000000003,-0.5,0.0,461.116,0.0,0.0,0.2,5.732,0,15.0,1.42,309.915,1.5836000000000001,35.82,35.35050582885742,4.98,0.0,0
46974,374.14300000000003,25.088,-1.0,0.0,460.632,0.0,0.0,0.0,5.732,0,13.0,1.425,309.915,0.5279,35.34,35.35050582885742,4.98,0.0,0
46974,373.802,25.088,0.0,0.0,460.814,0.0,0.0,0.2,5.732,0,13.0,1.44,309.825,-2.0455,35.1,35.35050582885742,4.98,0.0,0
46974,374.14300000000003,25.078000000000003,-0.5,0.0,461.116,0.0,0.0,0.0,5.732,0,13.0,1.47,309.915,-2.3754,35.28,35.35050582885742,4.98,0.0,0
46974,373.802,25.078000000000003,0.0,0.0,461.177,0.0,0.0,0.2,5.732,0,12.0,1.415,309.915,1.5836000000000001,35.13,35.35050582885742,4.98,0.0,0
46974,373.63100000000003,25.078000000000003,-0.5,0.0,460.995,0.0,0.0,0.0,5.732,0,12.0,1.415,309.915,1.8475000000000001,35.7,35.35050582885742,4.98,0.0,0
46974,374.14300000000003,25.068,-0.5,0.0,460.874,0.0,0.0,0.2,5.732,0,12.0,1.47,309.915,-0.5279,36.36,35.35050582885742,4.98,0.0,0
46974,374.14300000000003,25.068,0.0,0.0,461.116,0.0,0.0,0.2,5.732,0,16.0,1.42,310.005,1.3196,36.81,35.35050582885742,4.98,0.0,0
46974,373.802,25.059,-0.5,0.0,460.874,0.0,0.0,-0.2,5.732,0,14.0,1.425,310.005,-0.066,37.26,35.35050582885742,4.98,0.0,0
46974,373.972,25.059,-0.5,0.0,460.814,0.0,0.0,-0.2,5.732,0,13.0,1.41,310.005,2.1114,37.38,35.35050582885742,4.98,0.0,0
46974,374.314,25.059,0.0,0.0,461.056,0.0,0.0,0.2,5.732,0,15.0,1.42,309.915,-0.9897,37.44,35.35050582885742,4.98,0.0,0
46974,374.314,25.049,0.5,0.0,460.753,0.0,0.0,0.0,5.732,0,15.0,1.42,309.915,-4.2229,37.92,35.35050582885742,4.98,0.0,0
46974,374.14300000000003,25.049,-1.0,0.0,460.632,0.0,0.0,0.0,5.732,0,14.0,1.44,310.005,2.1114,37.62,35.35050582885742,4.98,0.0,0
46974,373.802,25.039,-0.5,0.0,460.935,0.0,0.0,0.0,5.732,0,17.0,1.445,309.915,1.8475000000000001,36.18,35.35050582885742,4.98,0.0,0
46974,373.972,25.039,0.0,0.0,460.935,0.0,0.0,-0.2,5.732,0,18.0,1.45,309.915,-3.6950000000000003,35.01,35.35050582885742,4.98,0.0,0
46974,374.484,25.039,0.0,0.0,460.753,0.0,0.0,0.0,5.732,0,20.0,1.43,309.915,-0.7918000000000001,34.2,35.35050582885742,4.98,0.0,0
46974,374.14300000000003,25.029,-0.5,0.0,460.632,0.0,0.0,0.2,5.732,0,16.0,1.44,309.915,2.1114,34.83,35.35050582885742,4.98,0.0,0
46974,374.314,25.029,0.0,0.0,460.814,0.0,0.0,0.0,5.732,0,14.0,1.455,309.915,-2.9032,35.25,35.35050582885742,4.98,0.0,0
46974,374.14300000000003,25.02,0.0,0.0,460.935,0.0,0.0,0.0,5.732,0,15.0,1.435,309.825,-1.5176,35.64,35.35050582885742,4.98,0.0,0
46974,373.972,25.02,-0.5,0.0,460.632,0.0,0.0,0.0,5.732,0,18.0,1.415,310.005,2.1114,36.39,35.35050582885742,4.98,0.0,0
46974,373.972,25.02,0.0,0.0,460.693,0.0,0.0,0.2,5.732,0,19.0,1.42,309.825,-0.9897,37.410000000000004,35.35050582885742,4.98,0.0,0
46974,374.14300000000003,25.01,-0.5,0.0,461.116,0.0,0.0,0.0,5.732,0,19.0,1.445,309.825,-1.0557,37.38,35.35050582885742,4.98,0.0,0
46974,373.802,25.01,-1.0,0.0,460.995,0.0,0.0,0.0,5.732,0,20.0,1.435,309.915,-1.5176,36.87,35.35050582885742,4.98,0.0,0
46974,373.972,25.01,-1.0,0.0,460.874,0.0,0.0,0.0,5.732,0,20.0,1.425,309.915,2.9032,36.6,35.35050582885742,4.98,0.0,0
46974,373.802,25.0,-0.5,0.0,460.935,0.0,0.0,0.0,5.732,0,15.0,1.435,309.825,1.5836000000000001,36.09,35.35050582885742,4.98,0.0,0
46974,373.802,25.0,-0.5,0.0,460.874,0.0,0.0,-0.2,5.732,0,14.0,1.43,309.825,-1.3196,35.37,35.35050582885742,4.98,0.0,0
46974,373.802,24.990000000000002,-0.5,0.0,460.814,0.0,0.0,0.0,5.732,0,13.0,1.43,309.825,-0.46190000000000003,34.89,35.35050582885742,4.98,0.0,0
46974,374.14300000000003,24.990000000000002,-0.5,0.0,460.995,0.0,0.0,0.0,5.732,0,13.0,1.425,310.005,2.9032,33.87,35.35050582885742,4.98,0.0,0
46974,374.314,24.990000000000002,-0.5,0.0,460.995,0.0,0.0,0.0,5.732,0,13.0,1.45,309.915,2.4908,33.84,35.35050582885742,4.98,0.0,0
46974,374.14300000000003,24.98,-0.5,0.0,461.237,0.0,0.0,0.0,5.732,0,12.0,1.415,309.915,2.0949,34.26,35.35050582885742,4.98,0.0,0
46974,373.802,24.98,-0.5,0.0,460.814,0.0,0.0,0.0,5.732,0,15.0,1.455,309.915,1.699,34.65,35.35050582885742,4.98,0.0,0
46974,374.14300000000003,24.98,-0.5,0.0,460.935,0.0,0.0,0.0,5.732,0,13.0,1.44,309.825,-0.6268,35.43,35.35050582885742,4.98,0.0,0
46974,373.802,24.971,-0.5,0.0,460.874,0.0,0.0,0.2,5.732,0,13.0,1.41,309.915,-1.9795,36.6,35.35050582885742,4.98,0.0,0
46974,373.802,24.971,0.0,0.0,460.995,0.0,0.0,0.0,5.732,0,13.0,1.43,309.915,-0.5279,37.11,35.35050582885742,4.98,0.0,0
46974,373.972,24.961000000000002,-0.5,0.0,460.632,0.0,0.0,0.2,5.732,0,16.0,1.44,309.915,0.2474,36.39,35.35050582885742,4.98,0.0,0
46974,374.14300000000003,24.961000000000002,0.0,0.0,460.814,0.0,0.0,0.2,5.732,0,13.0,1.445,309.915,1.5836000000000001,36.12,35.35050582885742,4.98,0.0,0
46974,374.314,24.961000000000002,-0.5,0.0,460.995,0.0,0.0,0.2,5.732,0,14.0,1.465,309.915,1.5836000000000001,35.82,35.35050582885742,4.98,0.0,0
46974,373.972,24.951,0.0,0.0,460.935,0.0,0.0,-0.2,5.732,0,11.0,1.44,309.915,-1.1877,36.300000000000004,35.35050582885742,4.98,0.0,0
46974,373.972,24.951,-0.5,0.0,461.116,0.0,0.0,-0.2,5.732,0,15.0,1.44,309.915,0.0,36.51,35.35050582885742,4.98,0.0,0
46974,373.802,24.951,-0.5,0.0,460.995,0.0,0.0,0.0,5.732,0,17.0,1.41,309.915,0.0,36.480000000000004,35.35050582885742,4.98,0.0,0
46974,373.972,24.941000000000003,-1.0,0.0,460.632,0.0,0.0,0.0,5.732,0,14.0,1.425,309.825,-2.2269,36.09,35.35050582885742,4.98,0.0,0
46974,374.14300000000003,24.941000000000003,0.0,0.0,460.814,0.0,0.0,-0.2,5.732,0,17.0,1.44,309.915,-2.7713,35.88,35.35050582885742,4.98,0.0,0
46974,373.63100000000003,24.932000000000002,-0.5,0.0,460.814,0.0,0.0,0.0,5.732,0,16.0,1.42,309.915,1.1877,34.83,35.35050582885742,4.98,0.0,0
46974,374.314,24.932000000000002,0.0,0.0,461.116,0.0,0.0,0.0,5.732,0,15.0,1.45,309.915,3.4146,33.96,35.35050582885742,4.98,0.0,0
46974,374.14300000000003,24.932000000000002,-0.5,0.0,460.995,0.0,0.0,0.0,5.732,0,14.0,1.43,309.825,1.2042000000000002,35.1,35.35050582885742,4.98,0.0,0
46974,373.63100000000003,24.922,-0.5,0.0,461.116,0.0,0.0,0.0,5.732,0,13.0,1.445,309.915,-0.5279,36.24,35.35050582885742,4.98,0.0,0
46974,373.802,24.922,-0.5,0.0,461.418,0.0,0.0,0.0,5.732,0,13.0,1.43,309.915,0.0,37.74,35.35050582885742,4.98,0.0,0
46974,374.14300000000003,24.912000000000003,-1.0,0.0,461.479,0.0,0.0,-0.2,5.732,0,13.0,1.435,310.005,1.7155,37.89,35.35050582885742,4.98,0.0,0
46974,373.63100000000003,24.912000000000003,0.0,0.0,460.935,0.0,0.0,0.2,5.732,0,13.0,1.44,309.915,2.7713,37.800000000000004,35.35050582885742,4.98,0.0,0
46974,374.14300000000003,24.912000000000003,-0.5,0.0,460.632,0.0,0.0,0.0,5.732,0,11.0,1.43,310.005,1.8475000000000001,37.56,35.35050582885742,4.98,0.0,0
46974,373.972,24.912000000000003,0.0,0.0,460.632,0.0,0.0,0.0,5.732,0,11.0,1.425,310.005,2.6393,37.47,35.35050582885742,4.98,0.0,0
46974,373.802,24.902,-0.5,0.0,460.935,0.0,0.0,0.0,5.732,0,11.0,1.41,310.005,-3.1672000000000002,36.81,35.35050582885742,4.98,0.0,0
46974,373.972,24.902,-0.5,0.0,460.995,0.0,0.0,0.0,5.732,0,12.0,1.445,309.915,0.0,36.45,35.35050582885742,4.98,0.0,0
46974,373.802,24.902,-0.5,0.0,461.056,0.0,0.0,0.0,5.732,0,11.0,1.43,309.915,2.7053000000000003,35.97,35.35050582885742,4.98,0.0,0
46974,373.63100000000003,24.893,-0.5,0.0,460.995,0.0,0.0,0.0,5.732,0,14.0,1.445,309.915,-0.2639,35.64,35.35050582885742,4.98,0.0,0
46974,374.314,24.893,0.0,0.0,460.814,0.0,0.0,0.2,5.732,0,15.0,1.43,309.915,-2.1114,34.86,35.35050582885742,4.98,0.0,0
46974,373.972,24.883000000000003,-0.5,0.0,460.632,0.0,0.0,0.0,5.732,0,14.0,1.435,309.915,-1.0557,34.32,35.35050582885742,4.98,0.0,0
46974,374.14300000000003,24.883000000000003,0.0,0.0,460.814,0.0,0.0,0.0,5.732,0,13.0,1.475,310.005,1.5176,35.13,35.35050582885742,4.98,0.0,0
46974,374.14300000000003,24.883000000000003,-0.5,0.0,460.995,0.0,0.0,0.0,5.732,0,16.0,1.425,309.825,0.5279,36.51,35.35050582885742,4.98,0.0,0
46974,373.802,24.873,-1.0,0.0,460.753,0.0,0.0,0.0,5.732,0,12.0,1.46,309.915,2.1114,38.25,35.35050582885742,4.98,0.0,0
46974,374.14300000000003,24.873,-0.5,0.0,460.632,0.0,0.0,0.0,5.732,0,12.0,1.435,309.915,-0.7918000000000001,38.58,35.35050582885742,4.98,0.0,0
46974,373.972,24.863,0.5,0.0,460.995,0.0,0.0,0.0,5.732,0,11.0,1.455,309.915,-1.1217000000000001,38.34,35.35050582885742,4.98,0.0,0
46974,374.14300000000003,24.863,-0.5,0.0,460.935,0.0,0.0,0.0,5.732,0,13.0,1.46,310.005,0.7918000000000001,36.660000000000004,35.35050582885742,4.98,0.0,0
46974,374.14300000000003,24.863,0.0,0.0,460.693,0.0,0.0,0.2,5.732,0,14.0,1.47,310.005,1.5176,36.21,35.35050582885742,4.98,0.0,0
46974,374.314,24.854000000000003,0.0,0.0,460.935,0.0,0.0,-0.2,5.732,0,12.0,1.43,309.915,-0.2639,36.51,35.35050582885742,4.98,0.0,0
46974,373.972,24.854000000000003,-0.5,0.0,461.237,0.0,0.0,0.0,5.732,0,15.0,1.46,309.915,-0.46190000000000003,36.81,35.35050582885742,4.98,0.0,0
46974,373.972,24.844,0.0,0.0,461.177,0.0,0.0,0.2,5.732,0,13.0,1.43,309.915,-1.8475000000000001,36.96,35.35050582885742,4.98,0.0,0
46974,374.14300000000003,24.844,-0.5,0.0,460.935,0.0,0.0,0.0,5.732,0,15.0,1.445,310.005,2.0455,36.03,35.35050582885742,4.98,0.0,0
46974,373.63100000000003,24.844,-0.5,0.0,460.995,0.0,0.0,0.2,5.732,0,16.0,1.445,309.915,1.8475000000000001,35.88,35.35050582885742,4.98,0.0,0
46974,373.972,24.844,-0.5,0.0,461.116,0.0,0.0,0.0,5.732,0,21.0,1.42,309.915,1.4516,35.85,35.35050582885742,4.98,0.0,0
46974,374.14300000000003,24.834,-0.5,0.0,461.298,0.0,0.0,0.0,5.732,0,18.0,1.46,309.915,-2.5073000000000003,35.13,35.35050582885742,4.98,0.0,0
46974,374.14300000000003,24.834,-0.5,0.0,461.237,0.0,0.0,0.0,5.732,0,15.0,1.45,309.915,-2.8867000000000003,35.04,35.35050582885742,4.98,0.0,0
46974,374.14300000000003,24.834,-0.5,0.0,461.237,0.0,0.0,0.0,5.732,0,18.0,1.44,310.005,1.4351,36.21,35.35050582885742,4.98,0.0,0
46974,373.972,24.824,0.0,0.0,460.935,0.0,0.0,-0.2,5.732,0,19.0,1.425,310.005,0.6433,37.62,35.35050582885742,4.98,0.0,0
46974,374.314,24.824,0.0,0.0,460.995,0.0,0.0,0.0,5.732,0,20.0,1.465,309.825,-1.699,37.89,35.35050582885742,4.98,0.0,0
46974,373.972,24.814,-0.5,0.0,460.874,0.0,0.0,0.0,5.732,0,19.0,1.46,309.915,-5.0806000000000004,37.74,35.35050582885742,4.98,0.0,0
46974,374.14300000000003,24.814,0.0,0.0,460.874,0.0,0.0,-0.2,5.732,0,17.0,1.42,309.915,-0.9567,38.07,35.35050582885742,4.98,0.0,0
46974,373.972,24.814,0.0,0.0,461.116,0.0,0.0,-0.2,5.732,0,19.0,1.46,309.825,5.0641,36.78,35.35050582885742,4.98,0.0,0
46974,374.14300000000003,24.805,-0.5,0.0,460.995,0.0,0.0,0.0,5.732,0,18.0,1.425,310.005,1.2867,36.6,35.35050582885742,4.98,0.0,0
46974,374.314,24.805,-0.5,0.0,461.056,0.0,0.0,0.2,5.732,0,18.0,1.495,309.825,-3.0187,35.64,35.35050582885742,4.98,0.0,0
46974,374.14300000000003,24.795,0.0,0.0,460.935,0.0,0.0,0.0,5.732,0,17.0,1.45,309.915,-0.2474,35.1,35.35050582885742,4.98,0.0,0
46974,373.63100000000003,24.795,-0.5,0.0,460.632,0.0,0.0,0.0,5.732,0,13.0,1.455,309.915,1.6001,35.88,35.35050582885742,4.98,0.0,0
46974,374.314,24.795,-0.5,0.0,460.632,0.0,0.0,0.0,5.732,0,16.0,1.405,309.915,3.0352,35.52,35.35050582885742,4.98,0.0,0
46974,374.314,24.785,-0.5,0.0,461.237,0.0,0.0,0.0,5.732,0,17.0,1.42,309.915,-0.7918000000000001,35.58,35.35050582885742,4.98,0.0,0
46974,374.314,24.785,0.0,0.0,460.995,0.0,0.0,0.0,5.732,0,17.0,1.45,309.915,-0.6598,36.78,35.35050582885742,4.98,0.0,0
46974,373.63100000000003,24.785,0.0,0.0,460.814,0.0,0.0,0.2,5.732,0,14.0,1.42,310.005,2.2269,37.14,35.35050582885742,4.98,0.0,0
46974,373.972,24.775000000000002,0.0,0.0,460.935,0.0,0.0,0.2,5.732,0,13.0,1.425,309.915,0.28040000000000004,37.65,35.35050582885742,4.98,0.0,0
46974,373.972,24.775000000000002,0.0,0.0,461.116,0.0,0.0,0.0,5.732,0,14.0,1.465,309.915,-1.8475000000000001,38.34,35.35050582885742,4.98,0.0,0
46974,373.972,24.766000000000002,0.0,0.0,460.814,0.0,0.0,0.2,5.732,0,14.0,1.425,309.915,-3.1672000000000002,38.46,35.35050582885742,4.98,0.0,0
46974,373.972,24.766000000000002,0.0,0.0,460.753,0.0,0.0,0.0,5.732,0,13.0,1.46,309.825,-0.6433,38.52,35.35050582885742,4.98,0.0,0
46974,374.14300000000003,24.766000000000002,0.0,0.0,460.995,0.0,0.0,0.0,5.732,0,12.0,1.445,309.825,-1.1712,38.01,35.35050582885742,4.98,0.0,0
46974,374.314,24.766000000000002,0.0,0.0,461.116,0.0,0.0,0.0,5.732,0,15.0,1.445,309.825,-1.3196,38.01,35.35050582885742,4.98,0.0,0
46974,374.314,24.756,-0.5,0.0,461.116,0.0,0.0,0.2,5.732,0,16.0,1.445,309.915,0.0,36.81,35.35050582885742,4.98,0.0,0
46974,374.14300000000003,24.756,0.0,0.0,460.995,0.0,0.0,-0.2,5.732,0,11.0,1.455,310.005,4.486800000000001,35.550000000000004,35.35050582885742,4.98,0.0,0
46974,374.14300000000003,24.746000000000002,-0.5,0.0,461.116,0.0,0.0,0.2,5.732,0,13.0,1.465,309.915,4.1569,35.730000000000004,35.35050582885742,4.98,0.0,0
46974,374.14300000000003,24.746000000000002,-0.5,0.0,460.935,0.0,0.0,-0.2,5.732,0,13.0,1.425,309.915,-2.1114,35.94,35.35050582885742,4.98,0.0,0
46974,373.972,24.746000000000002,-1.0,0.0,460.995,0.0,0.0,0.0,5.732,0,12.0,1.44,309.915,-3.629,36.15,35.35050582885742,4.98,0.0,0
46974,373.972,24.736,0.0,0.0,461.116,0.0,0.0,0.0,5.732,0,12.0,1.415,309.915,1.3196,36.87,35.35050582885742,4.98,0.0,0
46974,373.802,24.736,0.0,0.0,460.814,0.0,0.0,-0.2,5.732,0,12.0,1.425,309.825,-2.0455,38.13,35.35050582885742,4.98,0.0,0
46974,374.14300000000003,24.736,0.0,0.0,460.814,0.0,0.0,0.0,5.732,0,15.0,1.435,309.915,-0.5279,38.37,35.35050582885742,4.98,0.0,0
46974,374.14300000000003,24.727,-0.5,0.0,460.814,0.0,0.0,0.0,5.732,0,13.0,1.415,309.915,3.6950000000000003,38.28,35.35050582885742,4.98,0.0,0
46974,374.314,24.727,-1.0,0.0,460.814,0.0,0.0,0.0,5.732,0,16.0,1.44,309.915,3.8270000000000004,38.28,35.35050582885742,4.98,0.0,0
46974,374.14300000000003,24.727,-0.5,0.0,461.116,0.0,0.0,0.0,5.732,0,15.0,1.415,309.825,1.0557,38.34,35.35050582885742,4.98,0.0,0
46974,373.972,24.717000000000002,0.0,0.0,460.814,0.0,0.0,-0.2,5.732,0,12.0,1.425,309.825,-3.5466,38.46,35.35050582885742,4.98,0.0,0
46974,373.802,24.717000000000002,-0.5,0.0,460.451,0.0,0.0,0.0,5.732,0,12.0,1.415,309.825,-0.7753,37.62,35.35050582885742,4.98,0.0,0
46974,373.802,24.717000000000002,-0.5,0.0,460.693,0.0,0.0,0.0,5.732,0,18.0,1.425,309.915,0.0,36.96,35.35050582885742,4.98,0.0,0
46974,373.972,24.707,0.0,0.0,460.814,0.0,0.0,-0.2,5.732,0,20.0,1.42,309.915,1.699,35.82,35.35050582885742,4.98,0.0,0
46974,373.972,24.707,-0.5,0.0,460.874,0.0,0.0,0.0,5.732,0,19.0,1.425,309.915,2.9032,35.34,35.35050582885742,4.98,0.0,0
46974,373.972,24.707,-0.5,0.0,460.995,0.0,0.0,0.0,5.732,0,23.0,1.42,309.915,0.0,35.19,35.35050582885742,4.98,0.0,0
46974,373.802,24.697000000000003,0.0,0.0,460.995,0.0,0.0,0.0,5.732,0,20.0,1.435,309.825,-1.4351,36.12,35.35050582885742,4.98,0.0,0
46974,373.972,24.697000000000003,0.0,0.0,461.056,0.0,0.0,0.0,5.732,0,20.0,1.415,309.915,-0.6598,36.24,35.35050582885742,4.98,0.0,0
46974,373.802,24.688000000000002,-0.5,0.0,461.056,0.0,0.0,0.2,5.732,0,20.0,1.405,309.915,0.6598,37.89,35.35050582885742,4.98,0.0,0
46974,374.14300000000003,24.688000000000002,0.0,0.0,460.753,0.0,0.0,0.0,5.732,0,20.0,1.415,310.005,3.6620000000000004,38.550000000000004,35.35050582885742,4.98,0.0,0
46974,374.14300000000003,24.688000000000002,-0.5,0.0,460.874,0.0,0.0,-0.2,5.732,0,19.0,1.42,310.005,2.7548,38.1,35.35050582885742,4.98,0.0,0
46974,374.14300000000003,24.678,-0.5,0.0,460.995,0.0,0.0,0.0,5.732,0,19.0,1.455,309.825,0.0165,37.59,35.35050582885742,4.98,0.0,0
46974,374.14300000000003,24.678,-0.5,0.0,460.814,0.0,0.0,0.2,5.732,0,19.0,1.46,309.915,-3.9424,37.5,35.35050582885742,4.98,0.0,0
46974,374.314,24.678,-0.5,0.0,461.056,0.0,0.0,0.0,5.732,0,15.0,1.425,309.915,-2.4908,37.980000000000004,35.35050582885742,4.98,0.0,0
46974,373.972,24.668000000000003,0.0,0.0,461.056,0.0,0.0,-0.2,5.732,0,15.0,1.43,309.915,-2.0455,38.04,35.35050582885742,4.98,0.0,0
46974,373.972,24.668000000000003,0.0,0.0,460.995,0.0,0.0,0.2,5.732,0,22.0,1.45,309.915,1.8475000000000001,37.29,35.35050582885742,4.98,0.0,0
46974,374.14300000000003,24.668000000000003,0.0,0.0,460.814,0.0,0.0,0.0,5.732,0,17.0,1.45,310.005,2.5733,36.660000000000004,35.35050582885742,4.98,0.0,0
46974,373.972,24.658,0.0,0.0,460.814,0.0,0.0,0.0,5.732,0,18.0,1.41,309.915,1.0557,35.64,35.35050582885742,4.98,0.0,0
46974,374.14300000000003,24.658,-1.0,0.0,460.995,0.0,0.0,0.0,5.732,0,17.0,1.42,310.005,-0.066,34.86,35.35050582885742,4.98,0.0,0
46974,374.14300000000003,24.658,-0.5,0.0,461.116,0.0,0.0,0.0,5.732,0,16.0,1.425,310.005,1.3196,34.92,35.35050582885742,4.98,0.0,0
46974,374.14300000000003,24.648,0.0,0.0,461.177,0.0,0.0,0.2,5.732,0,18.0,1.455,309.825,-2.0455,35.85,35.35050582885742,4.98,0.0,0
46974,374.14300000000003,24.648,-0.5,0.0,460.935,0.0,0.0,0.0,5.732,0,14.0,1.41,310.005,-1.8475000000000001,37.26,35.35050582885742,4.98,0.0,0
46974,373.972,24.648,-0.5,0.0,460.874,0.0,0.0,0.0,5.732,0,18.0,1.44,309.915,-0.46190000000000003,38.82,35.35050582885742,4.98,0.0,0
46974,374.14300000000003,24.639000000000003,-1.0,0.0,460.995,0.0,0.0,0.0,5.732,0,13.0,1.43,309.915,0.7918000000000001,38.64,35.35050582885742,4.98,0.0,0
46974,373.972,24.639000000000003,0.0,0.0,461.056,0.0,0.0,0.0,5.732,0,15.0,1.455,309.915,0.066,38.04,35.35050582885742,4.98,0.0,0
46974,373.972,24.629,0.0,0.0,461.418,0.0,0.0,-0.2,5.732,0,17.0,1.42,309.915,0.0,37.08,35.35050582885742,4.98,0.0,0
46974,374.14300000000003,24.629,-0.5,0.0,461.358,0.0,0.0,0.0,5.732,0,15.0,1.46,310.005,2.5733,37.230000000000004,35.35050582885742,4.98,0.0,0
46974,373.972,24.629,0.0,0.0,461.116,0.0,0.0,0.0,5.732,0,14.0,1.445,310.005,4.2229,37.47,35.35050582885742,4.98,0.0,0
46974,373.972,24.619,0.0,0.0,461.358,0.0,0.0,-0.2,5.732,0,17.0,1.4000000000000001,310.005,-0.066,37.5,35.35050582885742,4.98,0.0,0
46974,374.314,24.619,0.0,0.0,460.935,0.0,0.0,0.0,5.732,0,20.0,1.42,309.915,-3.1672000000000002,36.39,35.35050582885742,4.98,0.0,0
46974,373.802,24.619,-0.5,0.0,460.995,0.0,0.0,0.0,5.732,0,17.0,1.48,309.915,0.066,35.79,35.35050582885742,4.98,0.0,0
46974,373.972,24.609,-0.5,0.0,461.66,0.0,0.0,0.2,5.732,0,18.0,1.445,309.915,-1.5836000000000001,35.1,35.35050582885742,4.98,0.0,0
46974,373.63100000000003,24.609,0.0,0.0,461.479,0.0,0.0,0.0,5.732,0,13.0,1.41,309.825,-3.629,35.37,35.35050582885742,4.98,0.0,0
46974,374.314,24.6,-0.5,0.0,461.116,0.0,0.0,-0.2,5.732,0,17.0,1.435,309.915,0.2639,35.79,35.35050582885742,4.98,0.0,0
46974,374.14300000000003,24.6,-0.5,0.0,460.995,0.0,0.0,0.0,5.732,0,10.0,1.42,309.915,2.1114,37.56,35.35050582885742,4.98,0.0,0
46974,374.14300000000003,24.6,-0.5,0.0,461.177,0.0,0.0,0.0,5.732,0,13.0,1.475,309.915,-0.2639,38.43,35.35050582885742,4.98,0.0,0
46974,374.314,24.59,-0.5,0.0,461.177,0.0,0.0,-0.2,5.732,0,13.0,1.485,309.915,-0.5279,38.67,35.35050582885742,4.98,0.0,0
46974,373.972,24.59,-0.5,0.0,461.116,0.0,0.0,-0.2,5.732,0,17.0,1.445,309.915,1.5836000000000001,38.22,35.35050582885742,4.98,0.0,0
46974,374.314,24.59,0.0,0.0,461.358,0.0,0.0,-0.2,5.732,0,16.0,1.42,309.825,0.066,37.77,35.35050582885742,4.98,0.0,0
46974,374.314,24.580000000000002,-0.5,0.0,461.358,0.0,0.0,0.0,5.732,0,16.0,1.43,309.825,-1.8475000000000001,37.2,35.35050582885742,4.98,0.0,0
46974,374.14300000000003,24.580000000000002,0.0,0.0,460.935,0.0,0.0,0.0,5.732,0,14.0,1.41,309.915,2.1114,36.96,35.35050582885742,4.98,0.0,0
46974,373.972,24.580000000000002,0.0,0.0,460.814,0.0,0.0,0.2,5.732,0,18.0,1.41,310.005,2.5073000000000003,36.54,35.35050582885742,4.98,0.0,0
46974,374.314,24.57,0.0,0.0,460.693,0.0,0.0,-0.2,5.732,0,19.0,1.455,310.005,-0.9238000000000001,35.61,35.35050582885742,4.98,0.0,0
46974,373.972,24.57,-1.0,0.0,460.814,0.0,0.0,0.0,5.732,0,16.0,1.45,310.005,2.3754,34.77,35.35050582885742,4.98,0.0,0
46974,373.972,24.561,-0.5,0.0,460.874,0.0,0.0,0.0,5.732,0,16.0,1.415,310.005,0.5279,34.410000000000004,35.35050582885742,4.98,0.0,0
46974,374.14300000000003,24.561,0.0,0.0,460.874,0.0,0.0,0.2,5.732,0,16.0,1.425,310.005,1.1877,34.38,35.35050582885742,4.98,0.0,0
46974,373.972,24.561,-0.5,0.0,460.995,0.0,0.0,0.0,5.732,0,16.0,1.445,309.915,-1.699,34.95,35.35050582885742,4.98,0.0,0
46974,374.314,24.561,-0.5,0.0,460.995,0.0,0.0,0.0,5.732,0,19.0,1.44,309.915,0.28040000000000004,36.42,35.35050582885742,4.98,0.0,0
46974,373.802,24.551000000000002,-0.5,0.0,460.874,0.0,0.0,0.0,5.732,0,18.0,1.45,310.005,-0.7918000000000001,37.5,35.35050582885742,4.98,0.0,0
46974,374.14300000000003,24.551000000000002,-0.5,0.0,461.056,0.0,0.0,0.0,5.732,0,18.0,1.445,309.915,-0.2639,38.160000000000004,35.35050582885742,4.98,0.0,0
46974,374.14300000000003,24.551000000000002,0.0,0.0,460.391,0.0,0.0,0.0,5.732,0,18.0,1.425,309.825,-0.9073,38.07,35.35050582885742,4.98,0.0,0
46974,374.14300000000003,24.541,0.5,0.0,460.753,0.0,0.0,-0.2,5.732,0,15.0,1.435,309.915,-2.6393,37.62,35.35050582885742,4.98,0.0,0
46974,374.14300000000003,24.541,-0.5,0.0,460.753,0.0,0.0,0.2,5.732,0,17.0,1.41,309.915,1.5836000000000001,36.57,35.35050582885742,4.98,0.0,0
46974,374.14300000000003,24.541,0.0,0.0,460.693,0.0,0.0,0.0,5.732,0,15.0,1.465,309.915,1.5836000000000001,36.36,35.35050582885742,4.98,0.0,0
46974,374.14300000000003,24.531000000000002,-0.5,0.0,460.995,0.0,0.0,0.0,5.732,0,15.0,1.45,309.915,1.4516,35.97,35.35050582885742,4.98,0.0,0
46974,374.14300000000003,24.531000000000002,-0.5,0.0,460.995,0.0,0.0,0.0,5.732,0,20.0,1.47,309.915,0.2639,36.15,35.35050582885742,4.98,0.0,0
46974,373.63100000000003,24.521,-0.5,0.0,460.632,0.0,0.0,-0.2,5.732,0,14.0,1.425,310.005,-4.7672,36.27,35.35050582885742,4.98,0.0,0
46974,373.972,24.521,-0.5,0.0,460.632,0.0,0.0,0.0,5.732,0,12.0,1.42,309.915,0.14850000000000002,36.06,35.35050582885742,4.98,0.0,0
46974,373.972,24.521,-0.5,0.0,460.874,0.0,0.0,-0.2,5.732,0,10.0,1.415,310.005,4.2064,35.22,35.35050582885742,4.98,0.0,0
46974,373.972,24.512,-1.0,0.0,460.814,0.0,0.0,0.0,5.732,0,15.0,1.415,310.005,0.099,34.59,35.35050582885742,4.98,0.0,0
46974,374.14300000000003,24.512,0.0,0.0,461.116,0.0,0.0,0.0,5.732,0,17.0,1.465,309.915,-1.9795,35.76,35.35050582885742,4.98,0.0,0
46974,374.314,24.512,-0.5,0.0,461.056,0.0,0.0,0.0,5.732,0,12.0,1.405,309.915,-1.5671000000000002,36.81,35.35050582885742,4.98,0.0,0
46974,374.14300000000003,24.502000000000002,-0.5,0.0,460.874,0.0,0.0,-0.2,5.732,0,13.0,1.3900000000000001,310.005,3.4311000000000003,37.86,35.35050582885742,4.98,0.0,0
46974,374.14300000000003,24.502000000000002,-0.5,0.0,461.177,0.0,0.0,0.0,5.732,0,12.0,1.42,310.005,2.6228000000000002,37.92,35.35050582885742,4.98,0.0,0
46974,373.972,24.502000000000002,-0.5,0.0,461.116,0.0,0.0,0.0,5.732,0,12.0,1.44,310.005,-1.6001,37.44,35.35050582885742,4.98,0.0,0
46974,374.14300000000003,24.492,-0.5,0.0,460.995,0.0,0.0,0.0,5.732,0,12.0,1.45,309.915,-1.963,36.36,35.35050582885742,4.98,0.0,0
46974,374.14300000000003,24.492,0.0,0.0,461.056,0.0,0.0,0.0,5.732,0,16.0,1.46,309.825,-2.3424,35.85,35.35050582885742,4.98,0.0,0
46974,374.314,24.482000000000003,-0.5,0.0,461.116,0.0,0.0,-0.2,5.732,0,17.0,1.415,309.915,-1.1877,35.550000000000004,35.35050582885742,4.98,0.0,0
46974,374.314,24.482000000000003,0.0,0.0,460.753,0.0,0.0,0.0,5.732,0,15.0,1.43,309.915,-0.6598,34.62,35.35050582885742,4.98,0.0,0
46974,374.314,24.482000000000003,-0.5,0.0,460.814,0.0,0.0,0.0,5.732,0,14.0,1.44,309.915,0.6598,35.46,35.35050582885742,4.98,0.0,0
46974,374.14300000000003,24.473000000000003,-1.0,0.0,460.814,0.0,0.0,-0.2,5.732,0,20.0,1.4000000000000001,309.915,1.4516,35.31,35.35050582885742,4.98,0.0,0
46974,374.14300000000003,24.473000000000003,0.0,0.0,460.995,0.0,0.0,0.0,5.732,0,18.0,1.46,309.915,1.4516,36.12,35.35050582885742,4.98,0.0,0
46974,373.63100000000003,24.473000000000003,0.0,0.0,460.814,0.0,0.0,0.2,5.732,0,13.0,1.46,309.825,1.3361,36.72,35.35050582885742,4.98,0.0,0
46974,374.314,24.463,0.0,0.0,460.632,0.0,0.0,0.0,5.732,0,10.0,1.495,309.915,-1.7155,37.47,35.35050582885742,4.98,0.0,0
46974,374.14300000000003,24.463,0.0,0.0,460.632,0.0,0.0,0.0,5.732,0,14.0,1.415,309.915,-1.0557,37.92,35.35050582885742,4.98,0.0,0
46974,374.314,24.463,0.0,0.0,461.056,0.0,0.0,0.0,5.732,0,15.0,1.435,309.915,0.6763,37.83,35.35050582885742,4.98,0.0,0
46974,373.972,24.453,-0.5,0.0,460.995,0.0,0.0,-0.2,5.732,0,13.0,1.455,309.915,-1.0557,38.01,35.35050582885742,4.98,0.0,0
46974,374.314,24.453,-0.5,0.0,460.935,0.0,0.0,0.0,5.732,0,15.0,1.405,309.825,-2.9032,37.35,35.35050582885742,4.98,0.0,0
46974,373.972,24.453,-0.5,0.0,460.632,0.0,0.0,-0.2,5.732,0,16.0,1.43,310.005,0.3794,36.300000000000004,35.35050582885742,4.98,0.0,0
46974,374.314,24.443,-0.5,0.0,460.753,0.0,0.0,-0.2,5.732,0,17.0,1.455,309.915,3.1507,35.910000000000004,35.35050582885742,4.98,0.0,0
46974,374.14300000000003,24.443,0.0,0.0,460.995,0.0,0.0,0.0,5.732,0,18.0,1.405,309.915,1.3032000000000001,35.97,35.35050582885742,4.98,0.0,0
46974,374.314,24.434,0.0,0.0,461.116,0.0,0.0,0.0,5.732,0,12.0,1.42,309.915,-1.3196,35.910000000000004,35.35050582885742,4.98,0.0,0
46974,374.314,24.434,-0.5,0.0,460.935,0.0,0.0,-0.2,5.732,0,14.0,1.42,309.915,-1.5836000000000001,35.94,35.35050582885742,4.98,0.0,0
46974,373.63100000000003,24.434,-0.5,0.0,460.995,0.0,0.0,0.0,5.732,0,17.0,1.42,310.005,-0.5938,36.39,35.35050582885742,4.98,0.0,0
46974,373.802,24.434,-0.5,0.0,460.814,0.0,0.0,0.0,5.732,0,18.0,1.405,310.005,0.7918000000000001,36.36,35.35050582885742,4.98,0.0,0
46974,374.14300000000003,24.424,0.0,0.0,461.056,0.0,0.0,0.2,5.732,0,17.0,1.445,309.915,-0.5279,36.81,35.35050582885742,4.98,0.0,0
46974,374.14300000000003,24.424,-1.0,0.0,460.995,0.0,0.0,0.2,5.732,0,15.0,1.435,309.915,-2.6393,37.32,35.35050582885742,4.98,0.0,0
46974,373.972,24.424,-0.5,0.0,460.814,0.0,0.0,0.0,5.732,0,13.0,1.435,310.005,1.5836000000000001,37.800000000000004,35.35050582885742,4.98,0.0,0
46974,374.14300000000003,24.414,0.0,0.0,460.874,0.0,0.0,-0.2,5.732,0,17.0,1.43,309.915,3.6950000000000003,37.26,35.35050582885742,4.98,0.0,0
46974,373.972,24.414,-0.5,0.0,460.753,0.0,0.0,0.0,5.732,0,20.0,1.43,309.915,-1.5836000000000001,37.2,35.35050582885742,4.98,0.0,0
46974,374.14300000000003,24.414,0.0,0.0,460.995,0.0,0.0,0.0,5.732,0,15.0,1.425,309.915,-3.1672000000000002,37.56,35.35050582885742,4.98,0.0,0
46974,373.802,24.404,0.0,0.0,460.874,0.0,0.0,-0.2,5.732,0,17.0,1.435,309.825,-0.9897,37.65,35.35050582885742,4.98,0.0,0
46974,374.14300000000003,24.404,0.0,0.0,460.935,0.0,0.0,0.0,5.732,0,19.0,1.465,309.915,0.5279,37.95,35.35050582885742,4.98,0.0,0
46974,374.314,24.404,0.0,0.0,460.995,0.0,0.0,-0.2,5.732,0,18.0,1.425,309.915,0.5279,37.32,35.35050582885742,4.98,0.0,0
46974,374.314,24.395,-1.0,0.0,460.995,0.0,0.0,0.0,5.732,0,19.0,1.425,309.915,-2.7713,36.12,35.35050582885742,4.98,0.0,0
46974,373.802,24.395,-0.5,0.0,460.995,0.0,0.0,0.0,5.732,0,20.0,1.425,309.915,0.0,35.160000000000004,35.35050582885742,4.98,0.0,0
46974,374.14300000000003,24.395,-0.5,0.0,460.814,0.0,0.0,0.0,5.732,0,15.0,1.475,309.915,4.6188,34.86,35.35050582885742,4.98,0.0,0
46974,374.14300000000003,24.385,0.0,0.0,460.995,0.0,0.0,0.2,5.732,0,15.0,1.42,309.915,0.5279,34.59,35.35050582885742,4.98,0.0,0
46974,373.972,24.385,0.0,0.0,460.995,0.0,0.0,0.0,5.732,0,15.0,1.45,309.915,0.39590000000000003,34.65,35.35050582885742,4.98,0.0,0
46974,374.14300000000003,24.385,-0.5,0.0,460.814,0.0,0.0,0.2,5.732,0,17.0,1.44,309.915,0.7918000000000001,36.36,35.35050582885742,4.98,0.0,0
46974,374.314,24.375,-0.5,0.0,460.874,0.0,0.0,-0.2,5.732,0,16.0,1.45,309.915,0.9238000000000001,37.800000000000004,35.35050582885742,4.98,0.0,0
46974,374.314,24.375,-0.5,0.0,460.814,0.0,0.0,-0.2,5.732,0,14.0,1.44,309.825,-0.2474,38.52,35.35050582885742,4.98,0.0,0
46974,374.14300000000003,24.375,-0.5,0.0,460.814,0.0,0.0,0.0,5.732,0,14.0,1.45,309.915,-1.5671000000000002,37.53,35.35050582885742,4.98,0.0,0
46974,374.314,24.365000000000002,0.0,0.0,460.572,0.0,0.0,0.0,5.732,0,13.0,1.45,309.915,0.6598,36.93,35.35050582885742,4.98,0.0,0
46974,374.314,24.365000000000002,-0.5,0.0,460.874,0.0,0.0,-0.2,5.732,0,12.0,1.45,309.915,2.1114,37.59,35.35050582885742,4.98,0.0,0
46974,374.14300000000003,24.365000000000002,-0.5,0.0,460.814,0.0,0.0,0.0,5.732,0,17.0,1.415,309.915,-2.1114,37.65,35.35050582885742,4.98,0.0,0
46974,374.314,24.355,-0.5,0.0,460.995,0.0,0.0,0.0,5.732,0,16.0,1.475,309.825,-1.8145,37.5,35.35050582885742,4.98,0.0,0
46974,374.314,24.355,0.0,0.0,461.116,0.0,0.0,-0.2,5.732,0,15.0,1.43,309.915,2.5073000000000003,37.230000000000004,35.35050582885742,4.98,0.0,0
46974,373.802,24.355,0.0,0.0,461.298,0.0,0.0,-0.2,5.732,0,12.0,1.415,310.005,1.0392000000000001,36.39,35.35050582885742,4.98,0.0,0
46974,374.314,24.346,0.0,0.0,460.814,0.0,0.0,0.0,5.732,0,11.0,1.45,309.825,0.5279,35.31,35.35050582885742,4.98,0.0,0
46974,374.14300000000003,24.346,-0.5,0.0,460.572,0.0,0.0,0.0,5.732,0,17.0,1.45,310.005,0.5279,34.74,35.35050582885742,4.98,0.0,0
46974,374.314,24.346,-0.5,0.0,460.995,0.0,0.0,0.2,5.732,0,11.0,1.44,309.915,-3.2826,35.46,35.35050582885742,4.98,0.0,0
46974,374.14300000000003,24.336000000000002,0.0,0.0,460.935,0.0,0.0,0.0,5.732,0,11.0,1.435,309.915,2.2434000000000003,37.89,35.35050582885742,4.98,0.0,0
46974,374.14300000000003,24.336000000000002,-0.5,0.0,461.116,0.0,0.0,0.0,5.732,0,12.0,1.445,309.915,2.2599,39.0,35.35050582885742,4.98,0.0,0
46974,373.972,24.336000000000002,0.0,0.0,460.753,0.0,0.0,0.2,5.732,0,11.0,1.465,309.915,-2.2599,38.88,35.35050582885742,4.98,0.0,0
46974,374.14300000000003,24.326,-0.5,0.0,460.995,0.0,0.0,0.0,5.732,0,12.0,1.435,309.915,2.7053000000000003,38.04,35.35050582885742,4.98,0.0,0
46974,374.14300000000003,24.326,-0.5,0.0,460.693,0.0,0.0,0.0,5.732,0,14.0,1.44,309.915,2.1774,37.5,35.35050582885742,4.98,0.0,0
46974,374.14300000000003,24.326,-0.5,0.0,460.269,0.0,0.0,0.0,5.732,0,11.0,1.47,309.915,-0.5938,37.17,35.35050582885742,4.98,0.0,0
46974,374.14300000000003,24.316000000000003,0.0,0.0,460.572,0.0,0.0,0.0,5.732,0,11.0,1.46,309.825,-2.3176,37.32,35.35050582885742,4.98,0.0,0
46974,374.14300000000003,24.316000000000003,-0.5,0.0,460.935,0.0,0.0,0.0,5.732,0,12.0,1.41,309.915,-3.2991,37.02,35.35050582885742,4.98,0.0,0
46974,374.14300000000003,24.316000000000003,0.0,0.0,460.935,0.0,0.0,0.2,5.732,0,11.0,1.4000000000000001,309.915,-3.1672000000000002,37.050000000000004,35.35050582885742,4.98,0.0,0
46974,374.14300000000003,24.307000000000002,0.0,0.0,460.632,0.0,0.0,0.0,5.732,0,12.0,1.44,309.915,1.8475000000000001,36.81,35.35050582885742,4.98,0.0,0
46974,374.314,24.307000000000002,0.0,0.0,460.935,0.0,0.0,0.2,5.732,0,14.0,1.44,309.825,1.5836000000000001,35.58,35.35050582885742,4.98,0.0,0
46974,374.14300000000003,24.307000000000002,-0.5,0.0,460.814,0.0,0.0,0.0,5.732,0,17.0,1.42,310.005,0.2639,35.34,35.35050582885742,4.98,0.0,0
46974,374.314,24.297,0.0,0.0,461.116,0.0,0.0,0.0,5.732,0,18.0,1.44,309.915,0.5279,35.67,35.35050582885742,4.98,0.0,0
46974,373.972,24.297,0.0,0.0,460.995,0.0,0.0,0.0,5.732,0,16.0,1.42,309.915,2.6393,36.24,35.35050582885742,4.98,0.0,0
46974,374.14300000000003,24.297,-0.5,0.0,460.814,0.0,0.0,0.0,5.732,0,15.0,1.44,309.915,3.2331000000000003,37.980000000000004,35.35050582885742,4.98,0.0,0
46974,374.314,24.287000000000003,0.0,0.0,460.632,0.0,0.0,0.0,5.732,0,17.0,1.4000000000000001,309.825,-3.8270000000000004,38.82,35.35050582885742,4.98,0.0,0
46974,373.972,24.287000000000003,-0.5,0.0,460.512,0.0,0.0,0.0,5.732,0,18.0,1.45,309.915,-4.486800000000001,38.730000000000004,35.35050582885742,4.98,0.0,0
46974,374.314,24.287000000000003,-0.5,0.0,460.33,0.0,0.0,0.0,5.732,0,16.0,1.41,309.825,-1.0557,38.37,35.35050582885742,4.98,0.0,0
46974,374.14300000000003,24.277,0.0,0.0,460.632,0.0,0.0,-0.2,5.732,0,16.0,1.46,309.915,1.5176,37.92,35.35050582885742,4.98,0.0,0
46974,373.972,24.277,-0.5,0.0,460.874,0.0,0.0,0.0,5.732,0,14.0,1.445,309.915,-0.7918000000000001,37.410000000000004,35.35050582885742,4.98,0.0,0
46974,374.14300000000003,24.277,-0.5,0.0,460.814,0.0,0.0,0.2,5.732,0,15.0,1.45,309.825,1.0557,36.96,35.35050582885742,4.98,0.0,0
46974,374.314,24.268,0.5,0.0,460.632,0.0,0.0,0.0,5.732,0,15.0,1.445,309.915,1.8475000000000001,35.94,35.35050582885742,4.98,0.0,0
46974,373.802,24.268,-0.5,0.0,460.693,0.0,0.0,0.0,5.732,0,12.0,1.43,309.825,-2.0455,35.31,35.35050582885742,4.98,0.0,0
46974,374.14300000000003,24.268,0.0,0.0,460.814,0.0,0.0,0.0,5.732,0,13.0,1.425,309.915,-0.5279,34.980000000000004,35.35050582885742,4.98,0.0,0
46974,373.972,24.258000000000003,-0.5,0.0,460.995,0.0,0.0,0.0,5.732,0,18.0,1.415,310.005,-1.6496000000000002,35.34,35.35050582885742,4.98,0.0,0
46974,373.972,24.258000000000003,0.0,0.0,460.995,0.0,0.0,0.2,5.732,0,18.0,1.435,309.915,2.3754,35.76,35.35050582885742,4.98,0.0,0
46974,374.314,24.258000000000003,-0.5,0.0,460.814,0.0,0.0,0.2,5.732,0,14.0,1.465,309.915,-0.5279,37.11,35.35050582885742,4.98,0.0,0
46974,374.314,24.248,0.5,0.0,460.753,0.0,0.0,0.0,5.732,0,18.0,1.46,309.915,-2.9032,37.800000000000004,35.35050582885742,4.98,0.0,0
46974,374.14300000000003,24.248,0.0,0.0,460.814,0.0,0.0,0.0,5.732,0,20.0,1.465,309.915,1.5836000000000001,38.46,35.35050582885742,4.98,0.0,0
46974,374.484,24.248,-0.5,0.0,460.995,0.0,0.0,0.0,5.732,0,18.0,1.455,309.915,0.0,38.550000000000004,35.35050582885742,4.98,0.0,0
46974,374.314,24.238,0.0,0.0,460.874,0.0,0.0,0.0,5.732,0,18.0,1.435,310.14000000000004,4.0579,37.800000000000004,35.35050582885742,4.98,0.0,0
46974,374.14300000000003,24.238,-0.5,0.0,460.753,0.0,0.0,0.2,5.732,0,21.0,1.45,310.005,4.0909,36.96,35.35050582885742,4.98,0.0,0
46974,374.14300000000003,24.238,0.0,0.0,460.814,0.0,0.0,0.2,5.732,0,15.0,1.42,309.915,-0.2639,35.76,35.35050582885742,4.98,0.0,0
46974,374.314,24.229000000000003,0.0,0.0,460.995,0.0,0.0,0.0,5.732,0,22.0,1.425,310.005,-1.9795,35.28,35.35050582885742,4.98,0.0,0
46974,374.314,24.229000000000003,0.0,0.0,461.237,0.0,0.0,-0.2,5.732,0,14.0,1.425,309.915,-2.5733,35.49,35.35050582885742,4.98,0.0,0
46974,374.14300000000003,24.229000000000003,0.0,0.0,460.874,0.0,0.0,0.0,5.732,0,19.0,1.45,309.915,-0.5279,35.64,35.35050582885742,4.98,0.0,0
46974,373.972,24.229000000000003,-0.5,0.0,460.874,0.0,0.0,0.2,5.732,0,20.0,1.46,310.005,-0.0165,35.64,35.35050582885742,4.98,0.0,0
46974,374.14300000000003,24.219,0.5,0.0,461.116,0.0,0.0,0.0,5.732,0,19.0,1.43,309.915,0.6763,35.07,35.35050582885742,4.98,0.0,0
46974,374.14300000000003,24.219,0.0,0.0,461.116,0.0,0.0,-0.2,5.732,0,21.0,1.415,309.915,0.6598,35.61,35.35050582885742,4.98,0.0,0
46974,374.14300000000003,24.209,0.0,0.0,461.056,0.0,0.0,-0.2,5.732,0,18.0,1.42,309.915,0.7918000000000001,35.97,35.35050582885742,4.98,0.0,0
46974,374.14300000000003,24.209,-1.0,0.0,461.116,0.0,0.0,0.2,5.732,0,18.0,1.415,309.915,-2.5073000000000003,36.81,35.35050582885742,4.98,0.0,0
46974,374.314,24.209,-0.5,0.0,461.479,0.0,0.0,0.0,5.732,0,19.0,1.435,309.915,0.39590000000000003,37.74,35.35050582885742,4.98,0.0,0
46974,374.314,24.199,0.0,0.0,460.814,0.0,0.0,0.0,5.732,0,17.0,1.42,309.915,2.7713,38.13,35.35050582885742,4.98,0.0,0
46974,374.314,24.199,0.0,0.0,460.753,0.0,0.0,0.0,5.732,0,16.0,1.41,309.915,-1.3196,37.95,35.35050582885742,4.98,0.0,0
46974,374.314,24.199,-0.5,0.0,460.995,0.0,0.0,0.0,5.732,0,15.0,1.425,309.915,-1.4516,37.53,35.35050582885742,4.98,0.0,0
46974,374.314,24.189,0.0,0.0,460.935,0.0,0.0,0.0,5.732,0,11.0,1.48,309.915,0.0,36.87,35.35050582885742,4.98,0.0,0
46974,374.14300000000003,24.189,-0.5,0.0,461.237,0.0,0.0,0.2,5.732,0,13.0,1.435,309.825,-0.5114000000000001,36.300000000000004,35.35050582885742,4.98,0.0,0
46974,374.14300000000003,24.189,-0.5,0.0,461.056,0.0,0.0,0.0,5.732,0,15.0,1.415,309.915,-0.9238000000000001,35.85,35.35050582885742,4.98,0.0,0
46974,374.314,24.18,0.0,0.0,461.298,0.0,0.0,0.0,5.732,0,11.0,1.46,309.915,-0.132,35.22,35.35050582885742,4.98,0.0,0
46974,374.14300000000003,24.18,-0.5,0.0,460.995,0.0,0.0,0.0,5.732,0,17.0,1.435,309.915,-0.2639,34.71,35.35050582885742,4.98,0.0,0
46974,373.972,24.18,-0.5,0.0,460.874,0.0,0.0,0.0,5.732,0,16.0,1.455,310.005,1.5671000000000002,34.92,35.35050582885742,4.98,0.0,0
46974,374.14300000000003,24.17,0.0,0.0,461.298,0.0,0.0,0.0,5.732,0,17.0,1.43,310.005,4.4538,35.160000000000004,35.35050582885742,4.98,0.0,0
46974,373.802,24.17,0.0,0.0,461.237,0.0,0.0,0.0,5.732,0,15.0,1.43,310.005,4.2229,35.22,35.35050582885742,4.98,0.0,0
46974,373.972,24.17,0.0,0.0,460.995,0.0,0.0,0.0,5.732,0,16.0,1.415,310.005,1.5176,36.03,35.35050582885742,4.98,0.0,0
46974,373.972,24.17,0.0,0.0,460.935,0.0,0.0,0.0,5.732,0,15.0,1.45,310.005,0.2639,36.81,35.35050582885742,4.98,0.0,0
46974,374.14300000000003,24.16,0.0,0.0,460.935,0.0,0.0,0.0,5.732,0,18.0,1.445,309.915,-2.0455,37.26,35.35050582885742,4.98,0.0,0
46974,374.14300000000003,24.16,-0.5,0.0,460.693,0.0,0.0,0.0,5.732,0,16.0,1.44,309.915,-3.9589000000000003,37.29,35.35050582885742,4.98,0.0,0
46974,373.802,24.16,-0.5,0.0,460.512,0.0,0.0,0.0,5.732,0,15.0,1.445,310.005,0.0,37.53,35.35050582885742,4.98,0.0,0
46974,374.314,24.150000000000002,-0.5,0.0,460.995,0.0,0.0,0.2,5.732,0,14.0,1.395,310.005,3.9589000000000003,36.96,35.35050582885742,4.98,0.0,0
46974,373.802,24.150000000000002,0.0,0.0,460.753,0.0,0.0,0.0,5.732,0,17.0,1.41,309.825,-0.9897,36.78,35.35050582885742,4.98,0.0,0
46974,373.972,24.150000000000002,0.0,0.0,460.814,0.0,0.0,0.0,5.732,0,20.0,1.405,309.825,-5.2786,36.03,35.35050582885742,4.98,0.0,0
46974,373.802,24.141000000000002,-0.5,0.0,460.935,0.0,0.0,0.0,5.732,0,14.0,1.425,309.915,-0.9897,35.61,35.35050582885742,4.98,0.0,0
46974,373.802,24.141000000000002,0.0,0.0,461.116,0.0,0.0,0.0,5.732,0,12.0,1.435,310.005,4.486800000000001,35.37,35.35050582885742,4.98,0.0,0
46974,374.314,24.141000000000002,-0.5,0.0,460.995,0.0,0.0,-0.2,5.732,0,17.0,1.455,310.005,2.5073000000000003,34.86,35.35050582885742,4.98,0.0,0
46974,374.314,24.131,-0.5,0.0,460.995,0.0,0.0,0.0,5.732,0,16.0,1.42,309.915,0.0,34.95,35.35050582885742,4.98,0.0,0
46974,374.314,24.131,-0.5,0.0,460.995,0.0,0.0,0.0,5.732,0,16.0,1.445,309.915,0.066,35.34,35.35050582885742,4.98,0.0,0
46974,374.314,24.131,0.0,0.0,461.237,0.0,0.0,0.2,5.732,0,17.0,1.41,309.915,-1.5836000000000001,36.03,35.35050582885742,4.98,0.0,0
46974,374.14300000000003,24.121000000000002,-0.5,0.0,460.935,0.0,0.0,0.0,5.732,0,17.0,1.395,309.825,-3.1012,36.33,35.35050582885742,4.98,0.0,0
46974,374.14300000000003,24.121000000000002,-0.5,0.0,461.056,0.0,0.0,-0.2,5.732,0,22.0,1.435,309.915,-0.5279,36.33,35.35050582885742,4.98,0.0,0
46974,374.14300000000003,24.121000000000002,0.0,0.0,461.056,0.0,0.0,0.0,5.732,0,21.0,1.41,309.915,2.1114,36.12,35.35050582885742,4.98,0.0,0
46974,374.314,24.111,-1.0,0.0,461.177,0.0,0.0,0.0,5.732,0,22.0,1.455,310.005,2.3754,36.57,35.35050582885742,4.98,0.0,0
46974,374.314,24.111,-0.5,0.0,461.237,0.0,0.0,0.0,5.732,0,16.0,1.44,309.915,-0.5279,36.57,35.35050582885742,4.98,0.0,0
46974,374.14300000000003,24.111,0.0,0.0,461.298,0.0,0.0,0.0,5.732,0,18.0,1.425,310.14000000000004,4.0909,36.42,35.35050582885742,4.98,0.0,0
46974,373.972,24.102,-0.5,0.0,460.693,0.0,0.0,0.0,5.732,0,14.0,1.425,309.825,-3.0352,35.4,35.35050582885742,4.98,0.0,0
46974,374.314,24.102,-0.5,0.0,460.512,0.0,0.0,0.0,5.732,0,18.0,1.46,309.915,-3.4311000000000003,34.47,35.35050582885742,4.98,0.0,0
46974,374.14300000000003,24.102,-0.5,0.0,460.814,0.0,0.0,0.0,5.732,0,14.0,1.43,309.915,0.6928000000000001,34.17,35.35050582885742,4.98,0.0,0
46974,374.14300000000003,24.092000000000002,0.0,0.0,460.874,0.0,0.0,0.0,5.732,0,11.0,1.44,309.825,1.3196,33.51,35.35050582885742,4.98,0.0,0
46974,373.972,24.092000000000002,-0.5,0.0,460.874,0.0,0.0,0.2,5.732,0,15.0,1.46,310.005,1.6826,33.51,35.35050582885742,4.98,0.0,0
46974,373.972,24.092000000000002,-0.5,0.0,461.116,0.0,0.0,0.0,5.732,0,15.0,1.445,309.915,0.5279,34.17,35.35050582885742,4.98,0.0,0
46974,373.802,24.092000000000002,0.0,0.0,460.693,0.0,0.0,0.0,5.732,0,15.0,1.415,309.915,-1.1877,35.85,35.35050582885742,4.98,0.0,0
46974,373.972,24.082,0.0,0.0,460.693,0.0,0.0,-0.2,5.732,0,11.0,1.425,309.915,-1.6001,37.17,35.35050582885742,4.98,0.0,0
46974,374.314,24.082,0.0,0.0,460.572,0.0,0.0,0.0,5.732,0,16.0,1.46,309.915,1.4516,37.38,35.35050582885742,4.98,0.0,0
46974,374.14300000000003,24.082,0.0,0.0,461.116,0.0,0.0,-0.2,5.732,0,16.0,1.47,309.915,1.0392000000000001,37.410000000000004,35.35050582885742,4.98,0.0,0
46974,373.972,24.072000000000003,-1.5,0.0,461.116,0.0,0.0,0.0,5.732,0,18.0,1.455,309.915,-1.1877,36.69,35.35050582885742,4.98,0.0,0
46974,374.14300000000003,24.072000000000003,0.0,0.0,460.874,0.0,0.0,0.0,5.732,0,16.0,1.47,309.825,-0.8908,36.54,35.35050582885742,4.98,0.0,0
46974,374.314,24.072000000000003,-0.5,0.0,460.632,0.0,0.0,0.0,5.732,0,21.0,1.415,309.915,2.1114,36.69,35.35050582885742,4.98,0.0,0
46974,374.14300000000003,24.063000000000002,0.0,0.0,460.935,0.0,0.0,0.0,5.732,0,21.0,1.475,309.915,0.3794,36.9,35.35050582885742,4.98,0.0,0
46974,373.972,24.063000000000002,-0.5,0.0,460.874,0.0,0.0,-0.2,5.732,0,18.0,1.44,310.005,-0.6928000000000001,36.54,35.35050582885742,4.98,0.0,0
46974,373.972,24.063000000000002,0.0,0.0,460.632,0.0,0.0,0.0,5.732,0,14.0,1.425,310.005,0.0,34.92,35.35050582885742,4.98,0.0,0
46974,374.314,24.053,-0.5,0.0,460.451,0.0,0.0,0.0,5.732,0,16.0,1.475,309.915,-0.19790000000000002,34.410000000000004,35.35050582885742,4.98,0.0,0
46974,373.972,24.053,-0.5,0.0,460.632,0.0,0.0,0.0,5.732,0,16.0,1.46,309.915,-1.4021000000000001,34.08,35.35050582885742,4.98,0.0,0
46974,374.314,24.053,-0.5,0.0,460.995,0.0,0.0,-0.2,5.732,0,18.0,1.46,309.915,-0.5773,35.07,35.35050582885742,4.98,0.0,0
46974,373.972,24.043000000000003,-0.5,0.0,460.995,0.0,0.0,0.0,5.732,0,21.0,1.465,309.825,-1.1547,36.33,35.35050582885742,4.98,0.0,0
46974,373.972,24.043000000000003,0.0,0.0,460.874,0.0,0.0,0.0,5.732,0,15.0,1.47,309.915,0.2639,37.62,35.35050582885742,4.98,0.0,0
46974,374.14300000000003,24.043000000000003,0.0,0.0,460.753,0.0,0.0,0.0,5.732,0,15.0,1.435,309.915,1.1712,38.4,35.35050582885742,4.98,0.0,0
46974,373.972,24.033,-0.5,0.0,460.814,0.0,0.0,0.0,5.732,0,16.0,1.45,310.005,1.9465000000000001,37.59,35.35050582885742,4.98,0.0,0
46974,373.972,24.033,0.0,0.0,460.935,0.0,0.0,0.0,5.732,0,15.0,1.425,309.915,0.9238000000000001,37.14,35.35050582885742,4.98,0.0,0
46974,374.314,24.033,0.0,0.0,461.177,0.0,0.0,0.0,5.732,0,13.0,1.43,309.825,-2.0949,35.82,35.35050582885742,4.98,0.0,0
46974,374.14300000000003,24.023,-1.0,0.0,460.935,0.0,0.0,0.2,5.732,0,15.0,1.415,309.825,-3.9424,36.21,35.35050582885742,4.98,0.0,0
46974,374.14300000000003,24.023,-0.5,0.0,460.814,0.0,0.0,-0.2,5.732,0,17.0,1.43,309.915,2.9032,37.02,35.35050582885742,4.98,0.0,0
46974,374.14300000000003,24.023,-0.5,0.0,460.632,0.0,0.0,-0.2,5.732,0,18.0,1.45,309.915,1.3196,36.6,35.35050582885742,4.98,0.0,0
46974,374.314,24.014000000000003,-0.5,0.0,460.753,0.0,0.0,-0.2,5.732,0,17.0,1.445,309.915,-0.14850000000000002,35.79,35.35050582885742,4.98,0.0,0
46974,374.14300000000003,24.014000000000003,-0.5,0.0,460.753,0.0,0.0,0.0,5.732,0,17.0,1.425,309.915,-0.5938,35.550000000000004,35.35050582885742,4.98,0.0,0
46974,374.314,24.014000000000003,0.0,0.0,460.632,0.0,0.0,0.2,5.732,0,16.0,1.41,309.825,-2.3754,35.07,35.35050582885742,4.98,0.0,0
46974,374.14300000000003,24.014000000000003,-0.5,0.0,460.814,0.0,0.0,0.0,5.732,0,14.0,1.44,309.915,-3.6950000000000003,34.17,35.35050582885742,4.98,0.0,0
46974,374.314,24.004,-0.5,0.0,460.935,0.0,0.0,-0.2,5.732,0,14.0,1.41,309.915,3.4311000000000003,35.88,35.35050582885742,4.98,0.0,0
46974,374.314,24.004,-1.0,0.0,460.814,0.0,0.0,-0.2,5.732,0,16.0,1.435,310.005,4.3383,36.06,35.35050582885742,4.98,0.0,0
46974,374.14300000000003,24.004,-0.5,0.0,460.995,0.0,0.0,0.0,5.732,0,14.0,1.41,310.005,5.641500000000001,36.660000000000004,35.35050582885742,4.98,0.0,0
46974,374.314,24.004,-0.5,0.0,461.298,0.0,0.0,0.0,5.732,0,16.0,1.455,309.915,-4.0909,37.74,35.35050582885742,4.98,0.0,0
46974,374.14300000000003,23.994,-0.5,0.0,460.874,0.0,0.0,0.0,5.732,0,11.0,1.435,309.915,-2.6393,37.65,35.35050582885742,4.98,0.0,0
46974,374.14300000000003,23.994,-0.5,0.0,460.693,0.0,0.0,0.0,5.732,0,14.0,1.42,309.915,-1.963,37.14,35.35050582885742,4.98,0.0,0
46974,374.314,23.994,-1.0,0.0,460.814,0.0,0.0,0.0,5.732,0,17.0,1.435,309.915,0.2474,36.57,35.35050582885742,4.98,0.0,0
46974,374.14300000000003,23.984,-0.5,0.0,460.693,0.0,0.0,0.0,5.732,0,20.0,1.4000000000000001,309.915,2.3754,37.02,35.35050582885742,4.98,0.0,0
46974,374.14300000000003,23.984,-0.5,0.0,460.512,0.0,0.0,0.0,5.732,0,20.0,1.405,310.005,1.9465000000000001,36.42,35.35050582885742,4.98,0.0,0
46974,374.314,23.984,-0.5,0.0,460.874,0.0,0.0,0.0,5.732,0,20.0,1.435,309.915,2.3754,36.12,35.35050582885742,4.98,0.0,0
46974,374.314,23.975,0.0,0.0,460.814,0.0,0.0,-0.2,5.732,0,19.0,1.425,309.915,1.1877,36.09,35.35050582885742,4.98,0.0,0
46974,374.14300000000003,23.975,-1.0,0.0,460.995,0.0,0.0,0.0,5.732,0,20.0,1.435,309.915,-1.699,35.88,35.35050582885742,4.98,0.0,0
46974,374.14300000000003,23.975,-0.5,0.0,460.935,0.0,0.0,0.0,5.732,0,19.0,1.42,309.915,0.28040000000000004,35.160000000000004,35.35050582885742,4.98,0.0,0
46974,373.972,23.965,0.0,0.0,460.814,0.0,0.0,0.0,5.732,0,14.0,1.465,310.005,-0.0165,35.88,35.35050582885742,4.98,0.0,0
46974,374.314,23.965,0.0,0.0,460.874,0.0,0.0,0.0,5.732,0,14.0,1.43,309.915,0.8083,36.39,35.35050582885742,4.98,0.0,0
46974,374.314,23.965,0.0,0.0,460.874,0.0,0.0,0.0,5.732,0,18.0,1.425,309.825,1.2042000000000002,37.17,35.35050582885742,4.98,0.0,0
46974,373.972,23.965,-0.5,0.0,460.814,0.0,0.0,0.0,5.732,0,15.0,1.43,310.005,-1.864,37.86,35.35050582885742,4.98,0.0,0
46974,374.14300000000003,23.955000000000002,-0.5,0.0,461.116,0.0,0.0,0.0,5.732,0,16.0,1.41,309.825,0.5444,37.800000000000004,35.35050582885742,4.98,0.0,0
46974,374.14300000000003,23.955000000000002,-0.5,0.0,461.116,0.0,0.0,-0.2,5.732,0,21.0,1.44,309.825,-3.794,37.62,35.35050582885742,4.98,0.0,0
46974,373.972,23.955000000000002,-0.5,0.0,460.814,0.0,0.0,-0.2,5.732,0,18.0,1.42,310.005,-0.132,37.35,35.35050582885742,4.98,0.0,0
46974,374.314,23.945,0.0,0.0,460.995,0.0,0.0,0.0,5.732,0,14.0,1.415,309.915,5.3941,37.02,35.35050582885742,4.98,0.0,0
46974,374.14300000000003,23.945,0.0,0.0,461.056,0.0,0.0,0.0,5.732,0,17.0,1.45,310.005,1.8145,36.42,35.35050582885742,4.98,0.0,0
46974,374.314,23.945,0.0,0.0,460.874,0.0,0.0,0.0,5.732,0,16.0,1.415,309.825,-1.4186,35.79,35.35050582885742,4.98,0.0,0
46974,374.484,23.945,0.0,0.0,460.935,0.0,0.0,0.0,5.732,0,16.0,1.44,309.825,-1.8475000000000001,35.79,35.35050582885742,4.98,0.0,0
46974,374.14300000000003,23.936,0.0,0.0,461.177,0.0,0.0,0.0,5.732,0,19.0,1.415,309.915,-1.0557,35.550000000000004,35.35050582885742,4.98,0.0,0
46974,374.314,23.936,0.0,0.0,460.995,0.0,0.0,0.0,5.732,0,16.0,1.46,309.915,-0.7918000000000001,35.31,35.35050582885742,4.98,0.0,0
46974,374.314,23.936,-0.5,0.0,461.116,0.0,0.0,-0.2,5.732,0,17.0,1.47,309.915,1.5176,35.88,35.35050582885742,4.98,0.0,0
46974,374.14300000000003,23.926000000000002,-0.5,0.0,460.753,0.0,0.0,0.0,5.732,0,15.0,1.43,310.14000000000004,0.2639,36.93,35.35050582885742,4.98,0.0,0
46974,374.14300000000003,23.926000000000002,0.0,0.0,460.632,0.0,0.0,0.2,5.732,0,14.0,1.46,309.825,0.8578,37.47,35.35050582885742,4.98,0.0,0
46974,374.14300000000003,23.926000000000002,0.0,0.0,460.693,0.0,0.0,0.2,5.732,0,13.0,1.45,309.915,0.7918000000000001,38.34,35.35050582885742,4.98,0.0,0
46974,374.14300000000003,23.916,0.0,0.0,460.451,0.0,0.0,0.0,5.732,0,17.0,1.46,309.915,-3.0022,38.01,35.35050582885742,4.98,0.0,0
46974,374.484,23.916,-0.5,0.0,460.693,0.0,0.0,0.0,5.732,0,18.0,1.435,309.915,1.8475000000000001,37.980000000000004,35.35050582885742,4.98,0.0,0
46974,374.314,23.916,-0.5,0.0,460.995,0.0,0.0,0.0,5.732,0,18.0,1.445,309.915,0.0,38.52,35.35050582885742,4.98,0.0,0
46974,374.314,23.906000000000002,-1.0,0.0,460.814,0.0,0.0,0.0,5.732,0,15.0,1.435,309.915,1.3196,37.980000000000004,35.35050582885742,4.98,0.0,0
46974,374.314,23.906000000000002,-0.5,0.0,460.632,0.0,0.0,-0.2,5.732,0,20.0,1.465,310.005,-0.066,38.01,35.35050582885742,4.98,0.0,0
46974,374.314,23.906000000000002,0.0,0.0,460.753,0.0,0.0,0.0,5.732,0,18.0,1.4000000000000001,309.915,-0.2639,36.81,35.35050582885742,4.98,0.0,0
46974,374.14300000000003,23.896,-0.5,0.0,460.814,0.0,0.0,0.0,5.732,0,13.0,1.445,309.915,0.0,35.37,35.35050582885742,4.98,0.0,0
46974,373.972,23.896,-0.5,0.0,460.632,0.0,0.0,0.0,5.732,0,14.0,1.42,309.915,-1.5836000000000001,34.92,35.35050582885742,4.98,0.0,0
46974,374.314,23.896,0.0,0.0,460.391,0.0,0.0,0.0,5.732,0,11.0,1.415,309.915,3.1672000000000002,35.25,35.35050582885742,4.98,0.0,0
46974,374.314,23.887,-0.5,0.0,460.269,0.0,0.0,0.2,5.732,0,16.0,1.52,309.915,0.2639,36.42,35.35050582885742,4.98,0.0,0
46974,374.14300000000003,23.887,0.0,0.0,460.632,0.0,0.0,0.0,5.732,0,20.0,1.46,309.915,-1.5836000000000001,37.83,35.35050582885742,4.98,0.0,0
46974,374.14300000000003,23.887,-0.5,0.0,460.693,0.0,0.0,0.0,5.732,0,20.0,1.465,309.915,-0.5279,38.7,35.35050582885742,4.98,0.0,0
46974,374.314,23.877000000000002,-0.5,0.0,460.572,0.0,0.0,0.2,5.732,0,15.0,1.425,309.915,-0.5279,38.37,35.35050582885742,4.98,0.0,0
46974,374.314,23.877000000000002,-0.5,0.0,460.148,0.0,0.0,0.0,5.732,0,13.0,1.44,310.005,3.1672000000000002,38.46,35.35050582885742,4.98,0.0,0
46974,373.972,23.877000000000002,0.0,0.0,460.148,0.0,0.0,0.0,5.732,0,15.0,1.435,309.915,0.5279,37.62,35.35050582885742,4.98,0.0,0
46974,373.972,23.867,-1.0,0.0,460.814,0.0,0.0,0.0,5.732,0,10.0,1.45,309.915,-2.1114,37.08,35.35050582885742,4.98,0.0,0
46974,374.314,23.867,0.0,0.0,460.451,0.0,0.0,0.0,5.732,0,16.0,1.435,310.005,1.0557,37.08,35.35050582885742,4.98,0.0,0
46974,374.314,23.867,-0.5,0.0,460.572,0.0,0.0,-0.2,5.732,0,19.0,1.425,309.915,-0.7918000000000001,36.480000000000004,35.35050582885742,4.98,0.0,0
46974,373.972,23.867,0.0,0.0,460.753,0.0,0.0,0.0,5.732,0,21.0,1.44,309.825,-3.1012,35.97,35.35050582885742,4.98,0.0,0
46974,374.314,23.857000000000003,0.5,0.0,460.753,0.0,0.0,0.0,5.732,0,22.0,1.5,310.005,0.5279,35.52,35.35050582885742,4.98,0.0,0
46974,373.972,23.857000000000003,-0.5,0.0,460.632,0.0,0.0,0.0,5.732,0,13.0,1.425,309.915,2.6393,35.1,35.35050582885742,4.98,0.0,0
46974,374.314,23.857000000000003,0.0,0.0,460.512,0.0,0.0,0.0,5.732,0,16.0,1.425,309.915,1.3196,35.94,35.35050582885742,4.98,0.0,0
46974,374.314,23.848000000000003,-0.5,0.0,460.632,0.0,0.0,0.0,5.732,0,20.0,1.455,309.915,-3.629,37.08,35.35050582885742,4.98,0.0,0
46974,374.314,23.848000000000003,0.0,0.0,460.632,0.0,0.0,0.0,5.732,0,15.0,1.49,309.915,-0.2639,37.89,35.35050582885742,4.98,0.0,0
46974,373.972,23.848000000000003,-0.5,0.0,460.693,0.0,0.0,0.0,5.732,0,21.0,1.485,309.915,-0.132,37.89,35.35050582885742,4.98,0.0,0
46974,374.314,23.848000000000003,-0.5,0.0,460.693,0.0,0.0,-0.2,5.732,0,14.0,1.425,309.915,2.6393,37.5,35.35050582885742,4.98,0.0,0
46974,373.972,23.838,0.0,0.0,460.632,0.0,0.0,0.2,5.732,0,15.0,1.43,309.915,-2.7713,37.410000000000004,35.35050582885742,4.98,0.0,0
46974,374.14300000000003,23.838,-0.5,0.0,460.572,0.0,0.0,0.2,5.732,0,18.0,1.445,309.825,-2.8867000000000003,37.89,35.35050582885742,4.98,0.0,0
46974,374.314,23.838,-0.5,0.0,460.512,0.0,0.0,0.0,5.732,0,18.0,1.495,309.915,2.9032,37.92,35.35050582885742,4.98,0.0,0
46974,374.314,23.828,-0.5,0.0,460.814,0.0,0.0,0.0,5.732,0,18.0,1.435,310.005,2.4743,37.32,35.35050582885742,4.98,0.0,0
46974,374.484,23.828,-0.5,0.0,460.572,0.0,0.0,0.0,5.732,0,16.0,1.445,309.915,0.6433,37.11,35.35050582885742,4.98,0.0,0
46974,374.314,23.828,0.0,0.0,460.814,0.0,0.0,0.2,5.732,0,13.0,1.47,309.915,-0.6598,36.21,35.35050582885742,4.98,0.0,0
46974,373.972,23.818,0.0,0.0,460.391,0.0,0.0,0.0,5.732,0,12.0,1.42,309.915,-2.6888,35.4,35.35050582885742,4.98,0.0,0
46974,374.14300000000003,23.818,-0.5,0.0,460.391,0.0,0.0,0.0,5.732,0,17.0,1.47,309.915,2.1774,35.07,35.35050582885742,4.98,0.0,0
46974,374.14300000000003,23.818,0.0,0.0,460.814,0.0,0.0,0.0,5.732,0,15.0,1.51,309.915,4.5528,35.52,35.35050582885742,4.98,0.0,0
46974,374.14300000000003,23.809,0.0,0.0,460.874,0.0,0.0,0.2,5.732,0,19.0,1.445,309.915,-2.7548,36.27,35.35050582885742,4.98,0.0,0
46974,374.314,23.809,0.0,0.0,460.632,0.0,0.0,0.0,5.732,0,20.0,1.455,309.915,-1.0557,37.95,35.35050582885742,4.98,0.0,0
46974,374.14300000000003,23.809,0.0,0.0,460.512,0.0,0.0,0.0,5.732,0,14.0,1.465,309.915,2.1279,38.64,35.35050582885742,4.98,0.0,0
46974,373.972,23.809,0.0,0.0,460.451,0.0,0.0,0.0,5.732,0,16.0,1.46,309.915,0.6598,38.730000000000004,35.35050582885742,4.98,0.0,0
46974,373.972,23.799,-1.0,0.0,460.814,0.0,0.0,0.0,5.732,0,14.0,1.415,309.915,-0.6598,38.22,35.35050582885742,4.98,0.0,0
46974,374.314,23.799,-0.5,0.0,461.056,0.0,0.0,0.0,5.732,0,18.0,1.3800000000000001,309.915,0.5279,37.56,35.35050582885742,4.98,0.0,0
46974,374.14300000000003,23.799,0.0,0.0,460.451,0.0,0.0,0.0,5.732,0,14.0,1.41,309.915,-0.5114000000000001,37.17,35.35050582885742,4.98,0.0,0
46974,374.14300000000003,23.789,0.0,0.0,460.148,0.0,0.0,0.0,5.732,0,16.0,1.44,309.915,0.0,37.11,35.35050582885742,4.98,0.0,0
46974,374.314,23.789,0.0,0.0,460.148,0.0,0.0,0.0,5.732,0,16.0,1.41,309.915,0.0,37.08,35.35050582885742,4.98,0.0,0
46974,374.314,23.789,0.0,0.0,460.693,0.0,0.0,0.0,5.732,0,16.0,1.42,309.915,1.3196,36.87,35.35050582885742,4.98,0.0,0
46974,373.972,23.789,-0.5,0.0,460.814,0.0,0.0,0.0,5.732,0,16.0,1.435,309.915,1.5836000000000001,36.51,35.35050582885742,4.98,0.0,0
46974,374.314,23.779,-0.5,0.0,460.874,0.0,0.0,0.0,5.732,0,21.0,1.405,309.915,-2.3754,35.85,35.35050582885742,4.98,0.0,0
46974,373.972,23.779,0.0,0.0,460.753,0.0,0.0,0.0,5.732,0,18.0,1.45,309.915,-1.0557,35.160000000000004,35.35050582885742,4.98,0.0,0
46974,374.314,23.779,-0.5,0.0,460.451,0.0,0.0,0.0,5.732,0,17.0,1.46,310.005,3.1672000000000002,35.61,35.35050582885742,4.98,0.0,0
46974,374.14300000000003,23.77,-0.5,0.0,460.632,0.0,0.0,0.0,5.732,0,12.0,1.445,309.915,0.5279,36.54,35.35050582885742,4.98,0.0,0
46974,374.314,23.77,-0.5,0.0,460.512,0.0,0.0,0.0,5.732,0,14.0,1.435,309.915,-0.7918000000000001,37.56,35.35050582885742,4.98,0.0,0
46974,374.14300000000003,23.77,0.0,0.0,460.512,0.0,0.0,0.2,5.732,0,15.0,1.425,309.825,-0.39590000000000003,38.43,35.35050582885742,4.98,0.0,0
46974,374.314,23.76,-0.5,0.0,460.814,0.0,0.0,0.0,5.732,0,18.0,1.415,309.915,-0.5279,38.61,35.35050582885742,4.98,0.0,0
46974,374.14300000000003,23.76,-0.5,0.0,460.753,0.0,0.0,0.0,5.732,0,17.0,1.46,309.69,-1.9465000000000001,37.71,35.35050582885742,4.98,0.0,0
46974,374.314,23.76,0.0,0.0,460.512,0.0,0.0,0.0,5.732,0,15.0,1.445,309.915,0.9238000000000001,37.26,35.35050582885742,4.98,0.0,0
46974,373.972,23.76,0.0,0.0,460.753,0.0,0.0,0.0,5.732,0,15.0,1.455,309.915,-0.2639,36.480000000000004,35.35050582885742,4.98,0.0,0
46974,373.972,23.75,-0.5,0.0,461.177,0.0,0.0,0.0,5.732,0,21.0,1.455,309.915,3.2991,36.54,35.35050582885742,4.98,0.0,0
46974,374.314,23.75,-0.5,0.0,461.116,0.0,0.0,0.0,5.732,0,15.0,1.475,310.005,0.46190000000000003,36.12,35.35050582885742,4.98,0.0,0
46974,374.314,23.75,-0.5,0.0,460.995,0.0,0.0,-0.2,5.732,0,13.0,1.405,309.915,0.2639,35.46,35.35050582885742,4.98,0.0,0
46974,374.14300000000003,23.740000000000002,0.5,0.0,461.177,0.0,0.0,-0.2,5.732,0,13.0,1.42,309.825,-2.0455,34.62,35.35050582885742,4.98,0.0,0
46974,374.314,23.740000000000002,-0.5,0.0,461.358,0.0,0.0,0.0,5.732,0,15.0,1.43,309.915,-3.9589000000000003,34.44,35.35050582885742,4.98,0.0,0
46974,374.314,23.740000000000002,0.0,0.0,460.995,0.0,0.0,0.0,5.732,0,17.0,1.45,310.005,0.46190000000000003,35.07,35.35050582885742,4.98,0.0,0
46974,374.14300000000003,23.73,0.0,0.0,460.814,0.0,0.0,0.0,5.732,0,20.0,1.47,310.005,6.0704,36.36,35.35050582885742,4.98,0.0,0
46974,374.314,23.73,-0.5,0.0,460.874,0.0,0.0,-0.2,5.732,0,20.0,1.425,309.915,1.0557,37.29,35.35050582885742,4.98,0.0,0
46974,374.14300000000003,23.73,0.0,0.0,460.753,0.0,0.0,0.0,5.732,0,17.0,1.4000000000000001,309.915,-3.1672000000000002,38.13,35.35050582885742,4.98,0.0,0
46974,374.14300000000003,23.721,-0.5,0.0,460.874,0.0,0.0,0.0,5.732,0,16.0,1.46,309.915,-0.46190000000000003,37.74,35.35050582885742,4.98,0.0,0
46974,373.972,23.721,-0.5,0.0,461.056,0.0,0.0,0.2,5.732,0,14.0,1.42,310.005,1.5836000000000001,37.38,35.35050582885742,4.98,0.0,0
46974,374.314,23.721,0.0,0.0,461.116,0.0,0.0,0.0,5.732,0,13.0,1.41,309.825,-3.1012,36.660000000000004,35.35050582885742,4.98,0.0,0
46974,373.802,23.721,0.0,0.0,461.116,0.0,0.0,0.0,5.732,0,13.0,1.405,309.825,-3.6785,36.6,35.35050582885742,4.98,0.0,0
46974,373.972,23.711000000000002,-0.5,0.0,461.056,0.0,0.0,0.0,5.732,0,15.0,1.45,309.915,-1.1877,36.24,35.35050582885742,4.98,0.0,0
46974,374.484,23.711000000000002,-0.5,0.0,460.874,0.0,0.0,0.0,5.732,0,17.0,1.435,309.915,1.864,36.21,35.35050582885742,4.98,0.0,0
46974,374.314,23.711000000000002,-0.5,0.0,460.995,0.0,0.0,0.0,5.732,0,15.0,1.46,309.825,2.6393,35.58,35.35050582885742,4.98,0.0,0
46974,374.314,23.711000000000002,0.0,0.0,461.298,0.0,0.0,0.0,5.732,0,18.0,1.455,310.005,0.9073,35.22,35.35050582885742,4.98,0.0,0
46974,373.972,23.701,-0.5,0.0,460.995,0.0,0.0,0.0,5.732,0,15.0,1.445,309.915,0.132,34.86,35.35050582885742,4.98,0.0,0
46974,374.314,23.701,-0.5,0.0,460.693,0.0,0.0,0.0,5.732,0,13.0,1.435,309.915,-0.9073,34.95,35.35050582885742,4.98,0.0,0
46974,374.14300000000003,23.701,0.0,0.0,460.814,0.0,0.0,0.2,5.732,0,17.0,1.405,309.915,-1.5671000000000002,35.550000000000004,35.35050582885742,4.98,0.0,0
46974,374.314,23.691000000000003,-0.5,0.0,460.935,0.0,0.0,0.0,5.732,0,16.0,1.44,309.915,2.6393,36.300000000000004,35.35050582885742,4.98,0.0,0
46974,374.14300000000003,23.691000000000003,0.0,0.0,461.116,0.0,0.0,0.0,5.732,0,15.0,1.415,309.915,0.132,37.95,35.35050582885742,4.98,0.0,0
46974,374.314,23.691000000000003,-0.5,0.0,460.995,0.0,0.0,0.0,5.732,0,15.0,1.465,310.005,0.2474,38.25,35.35050582885742,4.98,0.0,0
46974,374.314,23.682000000000002,0.0,0.0,460.632,0.0,0.0,0.0,5.732,0,15.0,1.425,309.915,0.6598,37.71,35.35050582885742,4.98,0.0,0
46974,374.14300000000003,23.682000000000002,-0.5,0.0,460.632,0.0,0.0,0.0,5.732,0,16.0,1.465,309.825,-0.6433,37.02,35.35050582885742,4.98,0.0,0
46974,374.314,23.682000000000002,-0.5,0.0,460.632,0.0,0.0,0.0,5.732,0,15.0,1.41,309.825,0.4289,36.93,35.35050582885742,4.98,0.0,0
46974,373.802,23.672,-0.5,0.0,460.814,0.0,0.0,0.0,5.732,0,17.0,1.43,309.915,-1.1877,36.09,35.35050582885742,4.98,0.0,0
46974,374.14300000000003,23.672,-0.5,0.0,460.814,0.0,0.0,0.0,5.732,0,12.0,1.44,309.915,-1.732,35.19,35.35050582885742,4.98,0.0,0
46974,374.14300000000003,23.672,0.0,0.0,460.874,0.0,0.0,-0.2,5.732,0,14.0,1.48,309.915,-0.1155,34.980000000000004,35.35050582885742,4.98,0.0,0
46974,374.14300000000003,23.672,0.0,0.0,461.056,0.0,0.0,-0.2,5.732,0,16.0,1.395,309.915,1.3196,35.07,35.35050582885742,4.98,0.0,0
46974,374.14300000000003,23.662000000000003,0.0,0.0,460.935,0.0,0.0,0.0,5.732,0,23.0,1.415,309.915,-0.2639,35.37,35.35050582885742,4.98,0.0,0
46974,374.14300000000003,23.662000000000003,0.0,0.0,460.995,0.0,0.0,0.0,5.732,0,15.0,1.425,309.915,1.0557,35.94,35.35050582885742,4.98,0.0,0
46974,374.314,23.662000000000003,0.0,0.0,460.753,0.0,0.0,0.0,5.732,0,16.0,1.44,309.915,-0.39590000000000003,37.29,35.35050582885742,4.98,0.0,0
46974,374.14300000000003,23.652,-0.5,0.0,460.814,0.0,0.0,0.0,5.732,0,17.0,1.415,309.915,-0.39590000000000003,38.04,35.35050582885742,4.98,0.0,0
46974,374.14300000000003,23.652,0.0,0.0,460.935,0.0,0.0,0.0,5.732,0,18.0,1.44,309.825,-0.3794,37.980000000000004,35.35050582885742,4.98,0.0,0
46974,373.972,23.652,-0.5,0.0,460.814,0.0,0.0,0.0,5.732,0,16.0,1.485,310.005,-0.41240000000000004,37.980000000000004,35.35050582885742,4.98,0.0,0
46974,374.314,23.643,0.0,0.0,460.814,0.0,0.0,0.0,5.732,0,17.0,1.425,309.915,1.4516,38.22,35.35050582885742,4.98,0.0,0
46974,374.14300000000003,23.643,0.0,0.0,460.814,0.0,0.0,0.0,5.732,0,17.0,1.425,309.915,-0.41240000000000004,37.230000000000004,35.35050582885742,4.98,0.0,0
46974,374.314,23.643,-0.5,0.0,460.995,0.0,0.0,0.0,5.732,0,19.0,1.465,309.825,-3.1507,36.81,35.35050582885742,4.98,0.0,0
46974,374.314,23.633000000000003,0.0,0.0,461.116,0.0,0.0,0.0,5.732,0,24.0,1.415,310.005,-0.6763,35.97,35.35050582885742,4.98,0.0,0
46974,374.14300000000003,23.633000000000003,-0.5,0.0,461.116,0.0,0.0,0.0,5.732,0,24.0,1.43,310.005,-0.066,35.94,35.35050582885742,4.98,0.0,0
46974,374.314,23.633000000000003,-0.5,0.0,460.814,0.0,0.0,0.0,5.732,0,15.0,1.45,310.005,1.5836000000000001,35.67,35.35050582885742,4.98,0.0,0
46974,374.484,23.633000000000003,0.0,0.0,460.632,0.0,0.0,0.0,5.732,0,18.0,1.395,310.005,1.4516,35.67,35.35050582885742,4.98,0.0,0
46974,373.972,23.623,0.0,0.0,460.814,0.0,0.0,0.0,5.732,0,17.0,1.445,309.915,-1.8475000000000001,35.550000000000004,35.35050582885742,4.98,0.0,0
46974,374.314,23.623,0.0,0.0,460.995,0.0,0.0,0.2,5.732,0,19.0,1.41,309.915,-3.1012,35.76,35.35050582885742,4.98,0.0,0
46974,374.314,23.623,-0.5,0.0,460.693,0.0,0.0,0.0,5.732,0,13.0,1.47,310.005,1.0557,36.78,35.35050582885742,4.98,0.0,0
46974,374.314,23.623,-0.5,0.0,460.753,0.0,0.0,0.0,5.732,0,18.0,1.46,309.915,4.2229,37.77,35.35050582885742,4.98,0.0,0
46974,374.314,23.613,0.0,0.0,461.177,0.0,0.0,0.0,5.732,0,14.0,1.455,309.915,-0.7918000000000001,38.07,35.35050582885742,4.98,0.0,0
46974,373.972,23.613,0.0,0.0,461.056,0.0,0.0,0.0,5.732,0,12.0,1.45,309.915,-5.2126,37.47,35.35050582885742,4.98,0.0,0
46974,374.314,23.613,-0.5,0.0,460.995,0.0,0.0,0.0,5.732,0,14.0,1.47,309.915,1.0557,37.77,35.35050582885742,4.98,0.0,0
46974,374.314,23.604000000000003,-0.5,0.0,460.814,0.0,0.0,0.2,5.732,0,15.0,1.46,309.915,1.0557,37.53,35.35050582885742,4.98,0.0,0
46974,374.314,23.604000000000003,-0.5,0.0,460.814,0.0,0.0,-0.2,5.732,0,15.0,1.455,309.915,-2.6393,37.44,35.35050582885742,4.98,0.0,0
46974,374.314,23.604000000000003,-0.5,0.0,460.814,0.0,0.0,0.0,5.732,0,17.0,1.46,310.005,0.9897,36.84,35.35050582885742,4.98,0.0,0
46974,374.14300000000003,23.594,-1.0,0.0,460.753,0.0,0.0,0.0,5.732,0,22.0,1.415,309.915,2.1114,36.45,35.35050582885742,4.98,0.0,0
46974,374.314,23.594,-0.5,0.0,460.995,0.0,0.0,0.0,5.732,0,16.0,1.455,309.915,-0.5279,35.22,35.35050582885742,4.98,0.0,0
46974,374.314,23.594,-1.0,0.0,460.814,0.0,0.0,0.2,5.732,0,17.0,1.455,309.825,-2.3754,34.68,35.35050582885742,4.98,0.0,0
46974,374.314,23.594,0.0,0.0,460.935,0.0,0.0,0.0,5.732,0,18.0,1.44,310.005,-0.5938,35.22,35.35050582885742,4.98,0.0,0
46974,374.314,23.584,-1.0,0.0,460.935,0.0,0.0,0.0,5.732,0,16.0,1.405,309.915,1.8475000000000001,36.660000000000004,35.35050582885742,4.98,0.0,0
46974,373.972,23.584,-0.5,0.0,460.935,0.0,0.0,0.0,5.732,0,16.0,1.43,309.915,2.0455,38.04,35.35050582885742,4.98,0.0,0
46974,374.314,23.584,-0.5,0.0,461.116,0.0,0.0,0.0,5.732,0,17.0,1.44,310.005,-1.3196,38.43,35.35050582885742,4.98,0.0,0
46974,373.972,23.574,0.0,0.0,460.995,0.0,0.0,0.0,5.732,0,16.0,1.44,309.825,-2.0455,38.52,35.35050582885742,4.98,0.0,0
46974,374.14300000000003,23.574,0.0,0.0,460.935,0.0,0.0,0.0,5.732,0,14.0,1.435,309.915,-0.5279,37.71,35.35050582885742,4.98,0.0,0
46974,374.314,23.574,0.0,0.0,460.935,0.0,0.0,0.2,5.732,0,17.0,1.445,309.825,1.1877,36.9,35.35050582885742,4.98,0.0,0
46974,373.972,23.564,0.0,0.0,460.935,0.0,0.0,0.0,5.732,0,17.0,1.425,309.915,0.0,36.84,35.35050582885742,4.98,0.0,0
46974,374.14300000000003,23.564,0.0,0.0,460.814,0.0,0.0,0.0,5.732,0,16.0,1.425,309.915,1.0557,37.35,35.35050582885742,4.98,0.0,0
46974,373.972,23.564,-0.5,0.0,460.632,0.0,0.0,0.0,5.732,0,12.0,1.42,309.915,2.1114,37.29,35.35050582885742,4.98,0.0,0
46974,374.14300000000003,23.564,0.0,0.0,460.995,0.0,0.0,0.0,5.732,0,16.0,1.47,309.915,-1.0557,36.39,35.35050582885742,4.98,0.0,0
46974,374.314,23.555,-0.5,0.0,461.116,0.0,0.0,0.0,5.732,0,15.0,1.44,309.915,0.0,35.49,35.35050582885742,4.98,0.0,0
46974,374.314,23.555,-0.5,0.0,461.479,0.0,0.0,-0.2,5.732,0,16.0,1.465,309.915,-0.5279,35.04,35.35050582885742,4.98,0.0,0
46974,374.314,23.555,0.0,0.0,461.418,0.0,0.0,0.0,5.732,0,18.0,1.47,310.005,1.3196,35.94,35.35050582885742,4.98,0.0,0
46974,373.972,23.545,-0.5,0.0,461.479,0.0,0.0,0.0,5.732,0,21.0,1.45,309.825,0.5938,37.02,35.35050582885742,4.98,0.0,0
46974,374.314,23.545,0.0,0.0,461.479,0.0,0.0,0.0,5.732,0,14.0,1.405,309.915,0.0,38.25,35.35050582885742,4.98,0.0,0
46974,374.314,23.545,-0.5,0.0,461.237,0.0,0.0,0.0,5.732,0,15.0,1.465,310.005,-0.5279,38.7,35.35050582885742,4.98,0.0,0
46974,374.314,23.535,-0.5,0.0,461.056,0.0,0.0,0.0,5.732,0,13.0,1.43,309.915,2.6393,38.46,35.35050582885742,4.98,0.0,0
46974,374.314,23.535,0.0,0.0,460.995,0.0,0.0,0.0,5.732,0,17.0,1.3900000000000001,310.005,2.3424,38.31,35.35050582885742,4.98,0.0,0
46974,374.14300000000003,23.535,0.0,0.0,460.995,0.0,0.0,0.0,5.732,0,17.0,1.41,309.915,0.132,37.92,35.35050582885742,4.98,0.0,0
46974,374.314,23.535,0.0,0.0,460.935,0.0,0.0,0.0,5.732,0,18.0,1.44,309.69,-2.8455,37.26,35.35050582885742,4.98,0.0,0
46974,374.314,23.525000000000002,0.0,0.0,460.935,0.0,0.0,0.0,5.732,0,17.0,1.445,310.005,-2.1939,36.99,35.35050582885742,4.98,0.0,0
46974,374.314,23.525000000000002,0.0,0.0,461.479,0.0,0.0,0.0,5.732,0,17.0,1.405,309.915,0.19790000000000002,37.59,35.35050582885742,4.98,0.0,0
46974,373.972,23.525000000000002,-1.0,0.0,461.237,0.0,0.0,0.0,5.732,0,15.0,1.43,309.915,2.5898000000000003,37.44,35.35050582885742,4.98,0.0,0
46974,374.314,23.525000000000002,-0.5,0.0,460.814,0.0,0.0,0.0,5.732,0,14.0,1.415,309.915,-4.8662,36.45,35.35050582885742,4.98,0.0,0
46974,374.314,23.516000000000002,-0.5,0.0,460.632,0.0,0.0,0.0,5.732,0,15.0,1.43,309.915,-1.2042000000000002,35.67,35.35050582885742,4.98,0.0,0
46974,374.314,23.516000000000002,-0.5,0.0,460.995,0.0,0.0,-0.2,5.732,0,18.0,1.41,310.005,1.0392000000000001,35.43,35.35050582885742,4.98,0.0,0
46974,374.484,23.516000000000002,-0.5,0.0,461.298,0.0,0.0,-0.2,5.732,0,19.0,1.45,309.915,3.6785,35.79,35.35050582885742,4.98,0.0,0
46974,374.14300000000003,23.506,0.0,0.0,460.995,0.0,0.0,0.0,5.732,0,21.0,1.44,310.005,1.1712,37.17,35.35050582885742,4.98,0.0,0
46974,374.14300000000003,23.506,0.0,0.0,460.814,0.0,0.0,0.0,5.732,0,20.0,1.445,309.915,-1.4681,37.77,35.35050582885742,4.98,0.0,0
46974,374.314,23.506,0.0,0.0,461.177,0.0,0.0,0.0,5.732,0,15.0,1.41,309.915,-0.39590000000000003,38.550000000000004,35.35050582885742,4.98,0.0,0
46974,374.314,23.506,0.0,0.0,461.298,0.0,0.0,0.0,5.732,0,16.0,1.435,310.005,-0.28040000000000004,38.22,35.35050582885742,4.98,0.0,0
46974,374.314,23.496000000000002,0.0,0.0,460.693,0.0,0.0,0.2,5.732,0,14.0,1.425,309.915,1.1877,37.5,35.35050582885742,4.98,0.0,0
46974,374.314,23.496000000000002,0.0,0.0,460.995,0.0,0.0,0.0,5.732,0,19.0,1.42,309.915,-1.5836000000000001,37.410000000000004,35.35050582885742,4.98,0.0,0
46974,374.314,23.496000000000002,0.0,0.0,460.995,0.0,0.0,-0.2,5.732,0,11.0,1.465,309.915,-1.0392000000000001,36.99,35.35050582885742,4.98,0.0,0
46974,374.314,23.486,-0.5,0.0,460.935,0.0,0.0,0.0,5.732,0,14.0,1.425,309.915,-0.7753,36.36,35.35050582885742,4.98,0.0,0
46974,374.314,23.486,0.0,0.0,460.693,0.0,0.0,0.0,5.732,0,16.0,1.41,310.005,0.3794,36.03,35.35050582885742,4.98,0.0,0
46974,374.14300000000003,23.486,0.0,0.0,460.693,0.0,0.0,0.0,5.732,0,17.0,1.435,309.915,0.6598,35.61,35.35050582885742,4.98,0.0,0
46974,374.314,23.477,-0.5,0.0,461.298,0.0,0.0,0.0,5.732,0,16.0,1.405,309.915,-0.5279,34.89,35.35050582885742,4.98,0.0,0
46974,374.314,23.477,-0.5,0.0,461.237,0.0,0.0,0.0,5.732,0,15.0,1.435,310.005,0.9073,35.76,35.35050582885742,4.98,0.0,0
46974,374.314,23.477,0.0,0.0,460.935,0.0,0.0,0.0,5.732,0,16.0,1.42,309.915,0.6598,36.42,35.35050582885742,4.98,0.0,0
46974,374.314,23.477,0.0,0.0,460.995,0.0,0.0,0.0,5.732,0,17.0,1.405,309.915,0.7918000000000001,37.5,35.35050582885742,4.98,0.0,0
46974,374.314,23.467000000000002,0.0,0.0,460.693,0.0,0.0,0.0,5.732,0,13.0,1.465,310.005,-0.7918000000000001,38.58,35.35050582885742,4.98,0.0,0
46974,374.314,23.467000000000002,0.0,0.0,460.753,0.0,0.0,0.0,5.732,0,15.0,1.415,310.005,1.1712,38.28,35.35050582885742,4.98,0.0,0
46974,374.314,23.467000000000002,0.0,0.0,460.814,0.0,0.0,0.0,5.732,0,17.0,1.44,310.005,1.3032000000000001,37.77,35.35050582885742,4.98,0.0,0
46974,374.314,23.457,0.0,0.0,460.451,0.0,0.0,0.0,5.732,0,15.0,1.46,309.915,-0.9238000000000001,36.75,35.35050582885742,4.98,0.0,0
46974,374.14300000000003,23.457,-0.5,0.0,460.632,0.0,0.0,0.0,5.732,0,16.0,1.445,310.14000000000004,1.1629,36.18,35.35050582885742,4.98,0.0,0
46974,374.314,23.457,0.5,0.0,460.632,0.0,0.0,0.0,5.732,0,15.0,1.355,309.915,-0.0495,35.730000000000004,35.35050582885742,4.98,0.0,0
46974,374.314,23.447000000000003,-0.5,0.0,460.874,0.0,0.0,0.0,5.732,0,15.0,1.485,309.825,-2.9527,35.160000000000004,35.35050582885742,4.98,0.0,0
46974,374.14300000000003,23.447000000000003,0.0,0.0,460.874,0.0,0.0,0.0,5.732,0,15.0,1.455,309.825,-3.8930000000000002,35.04,35.35050582885742,4.98,0.0,0
46974,373.802,23.447000000000003,-0.5,0.0,460.874,0.0,0.0,-0.2,5.732,0,10.0,1.44,309.915,-4.0909,35.25,35.35050582885742,4.98,0.0,0
46974,374.484,23.447000000000003,-0.5,0.0,460.814,0.0,0.0,0.0,5.732,0,15.0,1.405,310.005,2.0455,36.33,35.35050582885742,4.98,0.0,0
46974,374.14300000000003,23.447000000000003,0.0,0.0,460.814,0.0,0.0,0.0,5.732,0,15.0,1.44,309.915,1.8475000000000001,36.57,35.35050582885742,4.98,0.0,0
46974,374.314,23.438000000000002,-0.5,0.0,460.874,0.0,0.0,0.0,5.732,0,16.0,1.43,309.915,0.0,36.78,35.35050582885742,4.98,0.0,0
46974,374.314,23.438000000000002,0.0,0.0,460.451,0.0,0.0,0.0,5.732,0,13.0,1.415,309.915,-0.5279,37.17,35.35050582885742,4.98,0.0,0
46974,374.14300000000003,23.438000000000002,-0.5,0.0,460.512,0.0,0.0,0.0,5.732,0,13.0,1.42,309.915,2.6393,37.26,35.35050582885742,4.98,0.0,0
46974,374.314,23.428,0.0,0.0,460.693,0.0,0.0,0.0,5.732,0,15.0,1.45,309.915,0.0,37.53,35.35050582885742,4.98,0.0,0
46974,374.314,23.428,-0.5,0.0,460.512,0.0,0.0,0.0,5.732,0,12.0,1.4000000000000001,309.825,-3.629,37.29,35.35050582885742,4.98,0.0,0
46974,374.14300000000003,23.428,0.0,0.0,460.753,0.0,0.0,0.0,5.732,0,18.0,1.405,310.005,-0.2639,37.5,35.35050582885742,4.98,0.0,0
46974,374.14300000000003,23.418000000000003,-0.5,0.0,460.451,0.0,0.0,0.0,5.732,0,17.0,1.43,309.915,0.0,37.5,35.35050582885742,4.98,0.0,0
46974,374.314,23.418000000000003,0.0,0.0,460.451,0.0,0.0,0.2,5.732,0,16.0,1.45,310.005,3.1672000000000002,36.81,35.35050582885742,4.98,0.0,0
46974,374.314,23.418000000000003,0.0,0.0,460.208,0.0,0.0,0.0,5.732,0,17.0,1.41,309.915,2.1774,35.58,35.35050582885742,4.98,0.0,0
46974,374.14300000000003,23.418000000000003,-0.5,0.0,460.572,0.0,0.0,0.2,5.732,0,14.0,1.44,309.915,-1.0557,35.31,35.35050582885742,4.98,0.0,0
46974,374.14300000000003,23.408,-0.5,0.0,460.995,0.0,0.0,0.0,5.732,0,15.0,1.42,309.825,-2.5073000000000003,35.4,35.35050582885742,4.98,0.0,0
46974,373.972,23.408,-0.5,0.0,460.814,0.0,0.0,0.0,5.732,0,16.0,1.465,309.825,-2.9032,34.980000000000004,35.35050582885742,4.98,0.0,0
46974,374.14300000000003,23.408,-0.5,0.0,460.33,0.0,0.0,0.0,5.732,0,18.0,1.425,309.915,-1.5836000000000001,35.46,35.35050582885742,4.98,0.0,0
46974,373.802,23.398,0.0,0.0,460.451,0.0,0.0,0.0,5.732,0,24.0,1.41,309.915,2.6393,36.54,35.35050582885742,4.98,0.0,0
46974,374.314,23.398,0.0,0.0,460.572,0.0,0.0,0.0,5.732,0,13.0,1.465,309.915,0.9897,37.35,35.35050582885742,4.98,0.0,0
46974,373.972,23.398,-0.5,0.0,460.572,0.0,0.0,0.0,5.732,0,13.0,1.46,309.915,0.5114000000000001,37.38,35.35050582885742,4.98,0.0,0
46974,374.314,23.398,0.0,0.0,460.512,0.0,0.0,0.0,5.732,0,17.0,1.44,309.915,0.0,37.5,35.35050582885742,4.98,0.0,0
46974,374.14300000000003,23.398,-0.5,0.0,460.632,0.0,0.0,0.0,5.732,0,18.0,1.465,309.915,0.0,37.26,35.35050582885742,4.98,0.0,0
46974,374.14300000000003,23.389,0.0,0.0,460.753,0.0,0.0,0.2,5.732,0,18.0,1.42,310.005,2.2269,36.96,35.35050582885742,4.98,0.0,0
46974,374.14300000000003,23.389,0.0,0.0,460.632,0.0,0.0,0.0,5.732,0,15.0,1.425,309.915,-0.132,36.63,35.35050582885742,4.98,0.0,0
46974,374.314,23.389,0.0,0.0,460.693,0.0,0.0,0.0,5.732,0,16.0,1.465,309.915,-1.4516,36.300000000000004,35.35050582885742,4.98,0.0,0
46974,374.314,23.379,-0.5,0.0,460.874,0.0,0.0,0.0,5.732,0,16.0,1.46,309.915,-1.0392000000000001,36.03,35.35050582885742,4.98,0.0,0
46974,374.484,23.379,-0.5,0.0,460.753,0.0,0.0,0.0,5.732,0,14.0,1.44,309.915,0.0,35.49,35.35050582885742,4.98,0.0,0
46974,374.314,23.379,0.0,0.0,460.451,0.0,0.0,0.0,5.732,0,18.0,1.42,309.915,0.0,34.53,35.35050582885742,4.98,0.0,0
46974,374.484,23.369,0.0,0.0,460.391,0.0,0.0,0.0,5.732,0,19.0,1.44,309.825,-2.2269,34.38,35.35050582885742,4.98,0.0,0
46974,373.972,23.369,-0.5,0.0,460.572,0.0,0.0,0.0,5.732,0,16.0,1.405,309.915,0.132,34.83,35.35050582885742,4.98,0.0,0
46974,374.14300000000003,23.369,0.0,0.0,460.572,0.0,0.0,0.0,5.732,0,14.0,1.47,310.005,1.963,36.06,35.35050582885742,4.98,0.0,0
46974,374.14300000000003,23.369,0.0,0.0,460.632,0.0,0.0,0.0,5.732,0,16.0,1.445,309.915,0.5114000000000001,36.72,35.35050582885742,4.98,0.0,0
46974,374.14300000000003,23.359,-0.5,0.0,460.572,0.0,0.0,0.0,5.732,0,17.0,1.41,309.915,-2.2434000000000003,37.08,35.35050582885742,4.98,0.0,0
46974,374.314,23.359,-0.5,0.0,460.33,0.0,0.0,0.0,5.732,0,17.0,1.425,309.915,0.5279,37.17,35.35050582885742,4.98,0.0,0
46974,374.14300000000003,23.359,0.0,0.0,460.753,0.0,0.0,0.0,5.732,0,17.0,1.415,309.915,1.0557,36.24,35.35050582885742,4.98,0.0,0
46974,373.802,23.35,0.0,0.0,460.693,0.0,0.0,-0.2,5.732,0,17.0,1.3900000000000001,310.005,2.2104,36.06,35.35050582885742,4.98,0.0,0
46974,374.314,23.35,-1.0,0.0,460.814,0.0,0.0,0.2,5.732,0,17.0,1.43,309.915,0.7918000000000001,36.84,35.35050582885742,4.98,0.0,0
46974,374.484,23.35,0.5,0.0,460.753,0.0,0.0,0.0,5.732,0,22.0,1.43,309.915,-3.2991,36.51,35.35050582885742,4.98,0.0,0
46974,374.314,23.35,0.0,0.0,460.451,0.0,0.0,-0.2,5.732,0,17.0,1.47,310.005,-2.7713,35.550000000000004,35.35050582885742,4.98,0.0,0
46974,374.14300000000003,23.34,0.0,0.0,460.693,0.0,0.0,0.0,5.732,0,12.0,1.46,309.825,1.732,34.17,35.35050582885742,4.98,0.0,0
46974,374.14300000000003,23.34,-0.5,0.0,460.693,0.0,0.0,0.0,5.732,0,12.0,1.415,309.915,-2.9692000000000003,33.24,35.35050582885742,4.98,0.0,0
46974,374.314,23.34,0.0,0.0,460.632,0.0,0.0,0.0,5.732,0,16.0,1.435,310.005,0.033,33.06,35.35050582885742,4.98,0.0,0
46974,373.972,23.330000000000002,0.0,0.0,460.632,0.0,0.0,0.0,5.732,0,16.0,1.425,309.825,5.2126,34.11,35.35050582885742,4.98,0.0,0
46974,374.314,23.330000000000002,-0.5,0.0,460.33,0.0,0.0,0.0,5.732,0,15.0,1.43,309.915,-1.5836000000000001,36.18,35.35050582885742,4.98,0.0,0
46974,374.314,23.330000000000002,0.0,0.0,460.451,0.0,0.0,0.0,5.732,0,13.0,1.44,309.915,-0.5114000000000001,37.62,35.35050582885742,4.98,0.0,0
46974,374.484,23.32,0.0,0.0,460.814,0.0,0.0,0.0,5.732,0,16.0,1.42,309.915,0.7918000000000001,37.980000000000004,35.35050582885742,4.98,0.0,0
46974,374.314,23.32,-0.5,0.0,461.298,0.0,0.0,0.2,5.732,0,17.0,1.49,309.915,-1.3196,37.230000000000004,35.35050582885742,4.98,0.0,0
46974,374.314,23.32,0.0,0.0,461.298,0.0,0.0,0.0,5.732,0,16.0,1.42,309.915,-1.0557,37.11,35.35050582885742,4.98,0.0,0
46974,374.314,23.32,-0.5,0.0,460.814,0.0,0.0,0.0,5.732,0,15.0,1.46,309.915,-0.2639,36.480000000000004,35.35050582885742,4.98,0.0,0
46974,374.484,23.32,0.0,0.0,460.814,0.0,0.0,0.0,5.732,0,14.0,1.445,309.915,0.0,36.03,35.35050582885742,4.98,0.0,0
46974,374.314,23.311,0.0,0.0,460.693,0.0,0.0,0.0,5.732,0,15.0,1.47,309.915,1.5836000000000001,36.51,35.35050582885742,4.98,0.0,0
46974,374.14300000000003,23.311,-0.5,0.0,460.814,0.0,0.0,0.0,5.732,0,15.0,1.455,309.825,0.5938,36.99,35.35050582885742,4.98,0.0,0
46974,374.314,23.311,0.0,0.0,461.177,0.0,0.0,0.0,5.732,0,18.0,1.415,309.915,-2.1114,37.26,35.35050582885742,4.98,0.0,0
46974,374.314,23.301000000000002,0.0,0.0,460.874,0.0,0.0,0.0,5.732,0,15.0,1.475,309.915,0.5279,36.78,35.35050582885742,4.98,0.0,0
46974,374.484,23.301000000000002,-0.5,0.0,460.693,0.0,0.0,0.0,5.732,0,17.0,1.435,309.915,3.1672000000000002,34.71,35.35050582885742,4.98,0.0,0
46974,373.802,23.301000000000002,-1.0,0.0,460.935,0.0,0.0,0.0,5.732,0,12.0,1.435,310.005,-0.5938,33.78,35.35050582885742,4.98,0.0,0
46974,374.14300000000003,23.301000000000002,0.0,0.0,460.572,0.0,0.0,0.0,5.732,0,15.0,1.425,309.915,1.8475000000000001,34.14,35.35050582885742,4.98,0.0,0
46974,374.314,23.291,-0.5,0.0,460.753,0.0,0.0,0.0,5.732,0,19.0,1.43,309.915,1.5836000000000001,35.52,35.35050582885742,4.98,0.0,0
46974,374.14300000000003,23.291,0.0,0.0,460.814,0.0,0.0,0.0,5.732,0,19.0,1.46,309.825,-3.9589000000000003,36.96,35.35050582885742,4.98,0.0,0
46974,374.14300000000003,23.291,0.0,0.0,460.269,0.0,0.0,0.0,5.732,0,17.0,1.425,309.915,-2.1114,37.74,35.35050582885742,4.98,0.0,0
46974,374.314,23.281000000000002,-0.5,0.0,460.632,0.0,0.0,0.0,5.732,0,14.0,1.41,310.005,0.0,38.04,35.35050582885742,4.98,0.0,0
46974,374.314,23.281000000000002,0.0,0.0,460.693,0.0,0.0,0.0,5.732,0,12.0,1.415,309.915,3.1012,37.86,35.35050582885742,4.98,0.0,0
46974,374.484,23.281000000000002,0.0,0.0,460.451,0.0,0.0,-0.2,5.732,0,15.0,1.435,309.915,0.7918000000000001,37.11,35.35050582885742,4.98,0.0,0
46974,374.314,23.271,0.0,0.0,460.572,0.0,0.0,0.0,5.732,0,19.0,1.465,309.825,-1.4516,35.94,35.35050582885742,4.98,0.0,0
46974,374.314,23.271,-0.5,0.0,460.753,0.0,0.0,0.0,5.732,0,16.0,1.47,309.915,-0.5279,35.730000000000004,35.35050582885742,4.98,0.0,0
46974,374.314,23.271,0.0,0.0,460.814,0.0,0.0,0.0,5.732,0,16.0,1.465,309.825,-2.0455,35.7,35.35050582885742,4.98,0.0,0
46974,374.314,23.271,0.0,0.0,460.632,0.0,0.0,0.2,5.732,0,15.0,1.435,310.005,2.3754,35.31,35.35050582885742,4.98,0.0,0
46974,374.314,23.262,0.0,0.0,460.572,0.0,0.0,0.0,5.732,0,18.0,1.44,309.915,2.1114,35.04,35.35050582885742,4.98,0.0,0
46974,374.314,23.262,0.0,0.0,460.753,0.0,0.0,0.0,5.732,0,15.0,1.44,309.915,0.0,34.77,35.35050582885742,4.98,0.0,0
46974,374.14300000000003,23.262,0.0,0.0,460.814,0.0,0.0,0.0,5.732,0,17.0,1.455,309.915,-0.5444,34.800000000000004,35.35050582885742,4.98,0.0,0
46974,374.14300000000003,23.262,0.0,0.0,460.935,0.0,0.0,0.0,5.732,0,18.0,1.435,310.005,-0.132,35.31,35.35050582885742,4.98,0.0,0
46974,374.14300000000003,23.252000000000002,0.5,0.0,460.814,0.0,0.0,0.0,5.732,0,15.0,1.465,310.005,4.3383,36.42,35.35050582885742,4.98,0.0,0
46974,374.314,23.252000000000002,0.0,0.0,460.632,0.0,0.0,0.0,5.732,0,16.0,1.435,309.825,-0.7753,37.410000000000004,35.35050582885742,4.98,0.0,0
46974,374.314,23.252000000000002,0.0,0.0,460.572,0.0,0.0,0.0,5.732,0,16.0,1.425,309.915,-3.4146,37.77,35.35050582885742,4.98,0.0,0
46974,374.14300000000003,23.252000000000002,-0.5,0.0,460.753,0.0,0.0,0.0,5.732,0,17.0,1.46,310.005,-0.132,38.01,35.35050582885742,4.98,0.0,0
46974,374.314,23.242,0.0,0.0,460.693,0.0,0.0,0.0,5.732,0,16.0,1.415,309.915,3.8105,37.08,35.35050582885742,4.98,0.0,0
46974,374.314,23.242,-0.5,0.0,460.995,0.0,0.0,0.0,5.732,0,14.0,1.43,309.915,-0.2639,36.36,35.35050582885742,4.98,0.0,0
46974,373.972,23.242,0.0,0.0,460.632,0.0,0.0,0.0,5.732,0,15.0,1.435,309.825,-2.8702,35.61,35.35050582885742,4.98,0.0,0
46974,374.484,23.232000000000003,0.0,0.0,460.451,0.0,0.0,0.0,5.732,0,19.0,1.455,309.825,-2.8702,35.25,35.35050582885742,4.98,0.0,0
46974,374.314,23.232000000000003,-0.5,0.0,460.632,0.0,0.0,0.0,5.732,0,18.0,1.42,309.915,-0.7918000000000001,35.67,35.35050582885742,4.98,0.0,0
46974,374.314,23.232000000000003,-0.5,0.0,460.512,0.0,0.0,0.0,5.732,0,15.0,1.43,309.915,1.8475000000000001,36.09,35.35050582885742,4.98,0.0,0
46974,374.314,23.232000000000003,-0.5,0.0,460.814,0.0,0.0,0.0,5.732,0,17.0,1.43,310.005,1.4186,35.97,35.35050582885742,4.98,0.0,0
46974,374.314,23.223000000000003,-0.5,0.0,460.451,0.0,0.0,0.0,5.732,0,20.0,1.45,309.825,0.0,36.15,35.35050582885742,4.98,0.0,0
46974,374.484,23.223000000000003,-0.5,0.0,460.632,0.0,0.0,0.0,5.732,0,15.0,1.415,309.915,-1.0557,36.24,35.35050582885742,4.98,0.0,0
46974,374.14300000000003,23.223000000000003,0.0,0.0,460.814,0.0,0.0,0.0,5.732,0,19.0,1.43,309.915,-2.5073000000000003,36.81,35.35050582885742,4.98,0.0,0
46974,374.484,23.223000000000003,-0.5,0.0,460.814,0.0,0.0,0.0,5.732,0,19.0,1.46,309.915,-2.3754,36.87,35.35050582885742,4.98,0.0,0
46974,374.14300000000003,23.213,0.0,0.0,460.693,0.0,0.0,0.0,5.732,0,15.0,1.44,309.825,-1.0557,37.44,35.35050582885742,4.98,0.0,0
46974,374.314,23.213,0.0,0.0,460.451,0.0,0.0,0.0,5.732,0,12.0,1.425,309.915,2.1114,37.89,35.35050582885742,4.98,0.0,0
46974,374.484,23.213,-0.5,0.0,460.451,0.0,0.0,0.0,5.732,0,16.0,1.5,310.005,3.1012,38.25,35.35050582885742,4.98,0.0,0
46974,374.314,23.213,0.0,0.0,460.451,0.0,0.0,0.0,5.732,0,16.0,1.435,309.915,1.3196,37.410000000000004,35.35050582885742,4.98,0.0,0
46974,374.314,23.203,0.0,0.0,460.572,0.0,0.0,0.0,5.732,0,14.0,1.4000000000000001,309.825,-2.5733,36.6,35.35050582885742,4.98,0.0,0
46974,374.484,23.203,0.0,0.0,460.572,0.0,0.0,0.0,5.732,0,17.0,1.45,309.915,-2.3754,36.45,35.35050582885742,4.98,0.0,0
46974,374.314,23.203,-0.5,0.0,460.269,0.0,0.0,0.0,5.732,0,14.0,1.43,309.915,2.1114,36.6,35.35050582885742,4.98,0.0,0
46974,374.314,23.193,-0.5,0.0,460.451,0.0,0.0,0.0,5.732,0,14.0,1.415,309.915,3.1672000000000002,36.27,35.35050582885742,4.98,0.0,0
46974,374.314,23.193,0.0,0.0,460.451,0.0,0.0,0.0,5.732,0,16.0,1.465,309.915,0.0,36.480000000000004,35.35050582885742,4.98,0.0,0
46974,374.484,23.193,0.0,0.0,460.753,0.0,0.0,0.0,5.732,0,12.0,1.45,310.005,1.8475000000000001,36.42,35.35050582885742,4.98,0.0,0
46974,374.484,23.184,0.0,0.0,460.632,0.0,0.0,0.0,5.732,0,15.0,1.395,310.005,1.5176,36.27,35.35050582885742,4.98,0.0,0
46974,374.314,23.184,0.0,0.0,460.632,0.0,0.0,0.0,5.732,0,17.0,1.48,309.915,-1.3196,36.660000000000004,35.35050582885742,4.98,0.0,0
46974,374.484,23.184,-0.5,0.0,460.814,0.0,0.0,0.0,5.732,0,18.0,1.44,310.005,1.0557,37.77,35.35050582885742,4.98,0.0,0
46974,374.314,23.184,0.0,0.0,460.451,0.0,0.0,0.0,5.732,0,15.0,1.415,309.915,-0.7918000000000001,38.04,35.35050582885742,4.98,0.0,0
46974,374.314,23.174,-0.5,0.0,460.33,0.0,0.0,0.0,5.732,0,17.0,1.475,310.005,-0.5938,38.22,35.35050582885742,4.98,0.0,0
46974,374.14300000000003,23.174,-0.5,0.0,460.269,0.0,0.0,0.0,5.732,0,17.0,1.445,309.915,-1.0557,38.52,35.35050582885742,4.98,0.0,0
46974,374.14300000000003,23.174,0.0,0.0,460.269,0.0,0.0,0.0,5.732,0,15.0,1.42,309.915,-2.1114,38.19,35.35050582885742,4.98,0.0,0
46974,374.484,23.164,0.0,0.0,460.632,0.0,0.0,0.0,5.732,0,17.0,1.43,310.005,1.0557,37.77,35.35050582885742,4.98,0.0,0
46974,374.14300000000003,23.164,-0.5,0.0,460.632,0.0,0.0,0.0,5.732,0,16.0,1.435,309.825,0.5938,36.81,35.35050582885742,4.98,0.0,0
46974,374.314,23.164,0.0,0.0,460.512,0.0,0.0,0.0,5.732,0,15.0,1.47,310.005,-2.3754,36.36,35.35050582885742,4.98,0.0,0
46974,373.972,23.164,0.0,0.0,460.451,0.0,0.0,0.0,5.732,0,17.0,1.44,309.825,0.6598,35.43,35.35050582885742,4.98,0.0,0
46974,373.972,23.154,-0.5,0.0,460.451,0.0,0.0,0.0,5.732,0,14.0,1.425,309.915,3.1672000000000002,35.46,35.35050582885742,4.98,0.0,0
46974,374.484,23.154,-0.5,0.0,460.572,0.0,0.0,0.0,5.732,0,18.0,1.425,309.915,0.066,35.97,35.35050582885742,4.98,0.0,0
46974,374.314,23.154,0.0,0.0,460.572,0.0,0.0,0.0,5.732,0,17.0,1.415,309.915,0.7918000000000001,37.17,35.35050582885742,4.98,0.0,0
46974,374.314,23.154,-0.5,0.0,460.451,0.0,0.0,0.0,5.732,0,15.0,1.43,309.825,-0.39590000000000003,37.32,35.35050582885742,4.98,0.0,0
46974,374.14300000000003,23.145,0.0,0.0,460.451,0.0,0.0,0.0,5.732,0,15.0,1.44,309.825,-2.0949,37.62,35.35050582885742,4.98,0.0,0
46974,374.314,23.145,0.0,0.0,460.451,0.0,0.0,0.0,5.732,0,8.0,1.44,309.915,-0.132,38.04,35.35050582885742,4.98,0.0,0
46974,374.314,23.145,-0.5,0.0,460.087,0.0,0.0,-0.2,5.732,0,14.0,1.43,309.915,-0.2639,37.32,35.35050582885742,4.98,0.0,0
46974,374.314,23.145,-0.5,0.0,460.208,0.0,0.0,0.0,5.732,0,25.0,1.41,309.915,1.3032000000000001,37.5,35.35050582885742,4.98,0.0,0
46974,374.314,23.135,-0.5,0.0,460.269,0.0,0.0,0.0,5.732,0,18.0,1.425,310.005,1.1712,37.74,35.35050582885742,4.98,0.0,0
46974,374.14300000000003,23.135,0.0,0.0,460.632,0.0,0.0,0.0,5.732,0,12.0,1.475,309.915,2.2434000000000003,37.38,35.35050582885742,4.98,0.0,0
46974,374.314,23.135,-0.5,0.0,460.269,0.0,0.0,0.0,5.732,0,14.0,1.415,309.825,-0.5114000000000001,36.6,35.35050582885742,4.98,0.0,0
46974,374.314,23.125,0.0,0.0,460.269,0.0,0.0,-0.2,5.732,0,18.0,1.435,309.825,-2.3424,36.480000000000004,35.35050582885742,4.98,0.0,0
46974,374.314,23.125,0.0,0.0,460.148,0.0,0.0,-0.2,5.732,0,16.0,1.43,309.915,-0.9073,35.25,35.35050582885742,4.98,0.0,0
46974,374.314,23.125,-0.5,0.0,460.269,0.0,0.0,0.0,5.732,0,17.0,1.415,309.915,1.5671000000000002,35.1,35.35050582885742,4.98,0.0,0
46974,374.314,23.125,-0.5,0.0,460.269,0.0,0.0,0.0,5.732,0,17.0,1.445,310.005,1.5671000000000002,35.85,35.35050582885742,4.98,0.0,0
46974,374.314,23.115000000000002,0.0,0.0,460.208,0.0,0.0,0.0,5.732,0,16.0,1.435,310.005,0.7753,36.84,35.35050582885742,4.98,0.0,0
46974,374.314,23.115000000000002,0.0,0.0,460.148,0.0,0.0,0.0,5.732,0,15.0,1.425,309.825,-1.5671000000000002,37.68,35.35050582885742,4.98,0.0,0
46974,374.314,23.115000000000002,-0.5,0.0,460.208,0.0,0.0,0.0,5.732,0,18.0,1.405,309.825,-3.3981000000000003,38.64,35.35050582885742,4.98,0.0,0
46974,374.314,23.105,0.0,0.0,460.451,0.0,0.0,-0.2,5.732,0,18.0,1.45,309.825,-2.3589,38.34,35.35050582885742,4.98,0.0,0
46974,374.314,23.105,0.0,0.0,459.966,0.0,0.0,0.0,5.732,0,17.0,1.43,309.915,-0.28040000000000004,38.04,35.35050582885742,4.98,0.0,0
46974,374.314,23.105,0.0,0.0,460.148,0.0,0.0,0.0,5.732,0,18.0,1.425,309.915,2.3754,37.17,35.35050582885742,4.98,0.0,0
46974,374.314,23.105,0.0,0.0,460.451,0.0,0.0,0.2,5.732,0,16.0,1.455,309.915,1.4351,36.51,35.35050582885742,4.98,0.0,0
46974,374.65500000000003,23.096,-1.0,0.0,460.572,0.0,0.0,0.0,5.732,0,14.0,1.3800000000000001,309.915,0.0,37.11,35.35050582885742,4.98,0.0,0
46974,374.14300000000003,23.096,0.0,0.0,460.632,0.0,0.0,0.0,5.732,0,16.0,1.415,310.005,2.2269,37.230000000000004,35.35050582885742,4.98,0.0,0
46974,374.314,23.096,-1.0,0.0,460.269,0.0,0.0,0.0,5.732,0,17.0,1.41,309.915,-0.132,36.96,35.35050582885742,4.98,0.0,0
46974,374.314,23.086000000000002,0.0,0.0,460.451,0.0,0.0,0.0,5.732,0,15.0,1.455,310.005,-0.9402,36.54,35.35050582885742,4.98,0.0,0
46974,373.972,23.086000000000002,0.0,0.0,460.33,0.0,0.0,0.0,5.732,0,16.0,1.46,309.915,-0.1155,35.61,35.35050582885742,4.98,0.0,0
46974,374.314,23.086000000000002,0.0,0.0,460.208,0.0,0.0,0.0,5.732,0,14.0,1.435,310.005,0.1155,35.67,35.35050582885742,4.98,0.0,0
46974,374.314,23.086000000000002,0.0,0.0,460.208,0.0,0.0,-0.2,5.732,0,14.0,1.425,310.005,0.46190000000000003,35.76,35.35050582885742,4.98,0.0,0
46974,374.314,23.086000000000002,0.0,0.0,460.33,0.0,0.0,0.0,5.732,0,16.0,1.44,309.825,-2.9032,36.93,35.35050582885742,4.98,0.0,0
46974,374.314,23.076,-1.0,0.0,460.451,0.0,0.0,0.0,5.732,0,13.0,1.44,309.915,-1.5836000000000001,38.61,35.35050582885742,4.98,0.0,0
46974,374.314,23.076,-0.5,0.0,460.208,0.0,0.0,0.0,5.732,0,16.0,1.47,309.915,-1.5836000000000001,39.45,35.35050582885742,4.98,0.0,0
46974,374.14300000000003,23.076,0.0,0.0,460.148,0.0,0.0,0.2,5.732,0,17.0,1.435,310.005,1.4516,38.1,35.35050582885742,4.98,0.0,0
46974,374.314,23.066000000000003,0.0,0.0,460.693,0.0,0.0,0.0,5.732,0,18.0,1.445,309.915,0.7918000000000001,37.59,35.35050582885742,4.98,0.0,0
46974,374.484,23.066000000000003,-0.5,0.0,460.451,0.0,0.0,0.0,5.732,0,13.0,1.445,310.005,0.46190000000000003,37.5,35.35050582885742,4.98,0.0,0
46974,374.314,23.066000000000003,0.0,0.0,460.148,0.0,0.0,0.0,5.732,0,17.0,1.42,309.825,-2.9032,37.230000000000004,35.35050582885742,4.98,0.0,0
46974,374.314,23.066000000000003,0.0,0.0,460.269,0.0,0.0,0.0,5.732,0,19.0,1.44,309.915,-2.6393,36.42,35.35050582885742,4.98,0.0,0
46974,374.314,23.057000000000002,-0.5,0.0,460.391,0.0,0.0,0.0,5.732,0,14.0,1.48,309.825,-4.486800000000001,36.33,35.35050582885742,4.98,0.0,0
46974,374.314,23.057000000000002,-0.5,0.0,460.451,0.0,0.0,0.0,5.732,0,18.0,1.47,309.915,-2.4413,36.18,35.35050582885742,4.98,0.0,0
46974,374.314,23.057000000000002,0.0,0.0,460.512,0.0,0.0,0.0,5.732,0,14.0,1.46,310.005,3.2991,36.03,35.35050582885742,4.98,0.0,0
46974,374.314,23.057000000000002,-0.5,0.0,460.269,0.0,0.0,0.0,5.732,0,18.0,1.45,309.915,4.1569,35.25,35.35050582885742,4.98,0.0,0
46974,374.14300000000003,23.047,0.0,0.0,460.208,0.0,0.0,0.0,5.732,0,18.0,1.46,309.915,-0.7918000000000001,36.39,35.35050582885742,4.98,0.0,0
46974,374.314,23.047,0.0,0.0,460.632,0.0,0.0,0.0,5.732,0,19.0,1.43,309.915,1.6496000000000002,37.68,35.35050582885742,4.98,0.0,0
46974,374.314,23.047,0.0,0.0,460.33,0.0,0.0,0.0,5.732,0,17.0,1.46,309.915,-1.3196,38.4,35.35050582885742,4.98,0.0,0
46974,374.314,23.037000000000003,-0.5,0.0,460.269,0.0,0.0,0.0,5.732,0,15.0,1.47,309.915,-2.6393,38.31,35.35050582885742,4.98,0.0,0
46974,374.314,23.037000000000003,0.0,0.0,460.148,0.0,0.0,0.0,5.732,0,13.0,1.475,309.915,1.3196,37.68,35.35050582885742,4.98,0.0,0
46974,374.14300000000003,23.037000000000003,0.0,0.0,460.087,0.0,0.0,0.0,5.732,0,11.0,1.455,309.915,1.5836000000000001,36.54,35.35050582885742,4.98,0.0,0
46974,374.14300000000003,23.037000000000003,0.0,0.0,460.027,0.0,0.0,0.0,5.732,0,9.0,1.45,309.825,-1.5836000000000001,36.75,35.35050582885742,4.98,0.0,0
46974,374.314,23.027,-0.5,0.0,460.269,0.0,0.0,0.0,5.732,0,16.0,1.46,310.005,-0.5938,36.09,35.35050582885742,4.98,0.0,0
46974,374.14300000000003,23.027,0.0,0.0,460.632,0.0,0.0,0.0,5.732,0,14.0,1.425,309.825,-1.5836000000000001,36.54,35.35050582885742,4.98,0.0,0
46974,374.484,23.027,0.0,0.0,460.693,0.0,0.0,0.0,5.732,0,23.0,1.43,309.915,0.9897,36.33,35.35050582885742,4.98,0.0,0
46974,374.314,23.018,0.0,0.0,460.632,0.0,0.0,0.0,5.732,0,13.0,1.415,309.915,0.0,35.85,35.35050582885742,4.98,0.0,0
46974,374.314,23.018,0.0,0.0,460.269,0.0,0.0,0.0,5.732,0,13.0,1.46,309.825,-0.5279,34.44,35.35050582885742,4.98,0.0,0
46974,374.314,23.018,-0.5,0.0,460.572,0.0,0.0,0.0,5.732,0,16.0,1.49,309.915,-2.3754,35.28,35.35050582885742,4.98,0.0,0
46974,374.484,23.018,-0.5,0.0,460.451,0.0,0.0,0.0,5.732,0,16.0,1.445,309.915,-1.5836000000000001,35.94,35.35050582885742,4.98,0.0,0
46974,374.314,23.008000000000003,0.0,0.0,460.33,0.0,0.0,0.2,5.732,0,17.0,1.425,309.915,2.6393,36.9,35.35050582885742,4.98,0.0,0
46974,374.314,23.008000000000003,0.0,0.0,460.33,0.0,0.0,0.0,5.732,0,18.0,1.465,310.005,2.8702,36.9,35.35050582885742,4.98,0.0,0
46974,374.825,23.008000000000003,-0.5,0.0,460.33,0.0,0.0,0.0,5.732,0,14.0,1.44,309.915,0.39590000000000003,37.410000000000004,35.35050582885742,4.98,0.0,0
46974,374.314,23.008000000000003,0.0,0.0,460.027,0.0,0.0,0.0,5.732,0,14.0,1.415,309.825,0.28040000000000004,37.59,35.35050582885742,4.98,0.0,0
46974,374.484,22.998,0.0,0.0,460.269,0.0,0.0,0.0,5.732,0,17.0,1.47,309.915,-2.7713,37.17,35.35050582885742,4.98,0.0,0
46974,374.314,22.998,0.0,0.0,460.33,0.0,0.0,0.0,5.732,0,15.0,1.445,309.915,-1.5836000000000001,36.45,35.35050582885742,4.98,0.0,0
46974,374.65500000000003,22.998,-0.5,0.0,460.451,0.0,0.0,0.0,5.732,0,21.0,1.455,310.005,4.0744,36.9,35.35050582885742,4.98,0.0,0
46974,374.314,22.998,0.0,0.0,460.451,0.0,0.0,0.2,5.732,0,16.0,1.44,310.005,0.7753,36.81,35.35050582885742,4.98,0.0,0
46974,374.314,22.988,0.0,0.0,460.269,0.0,0.0,0.2,5.732,0,17.0,1.45,309.915,-0.41240000000000004,36.9,35.35050582885742,4.98,0.0,0
46974,374.314,22.988,0.0,0.0,460.208,0.0,0.0,0.0,5.732,0,18.0,1.43,309.915,-1.8310000000000002,36.300000000000004,35.35050582885742,4.98,0.0,0
46974,374.314,22.988,-0.5,0.0,460.087,0.0,0.0,0.0,5.732,0,21.0,1.445,310.005,3.3486000000000002,35.61,35.35050582885742,4.98,0.0,0
46974,374.484,22.988,0.0,0.0,459.966,0.0,0.0,0.0,5.732,0,19.0,1.46,310.005,3.2991,35.58,35.35050582885742,4.98,0.0,0
46974,374.484,22.979000000000003,0.0,0.0,460.148,0.0,0.0,0.0,5.732,0,16.0,1.395,310.005,0.46190000000000003,35.31,35.35050582885742,4.98,0.0,0
46974,374.484,22.979000000000003,0.0,0.0,460.148,0.0,0.0,0.0,5.732,0,17.0,1.47,309.915,-3.0352,35.46,35.35050582885742,4.98,0.0,0
46974,374.314,22.979000000000003,-0.5,0.0,460.087,0.0,0.0,0.0,5.732,0,17.0,1.46,309.915,1.6496000000000002,35.88,35.35050582885742,4.98,0.0,0
46974,374.314,22.979000000000003,0.0,0.0,460.087,0.0,0.0,0.0,5.732,0,17.0,1.46,309.915,1.996,35.94,35.35050582885742,4.98,0.0,0
46974,374.484,22.979000000000003,-0.5,0.0,460.391,0.0,0.0,0.0,5.732,0,14.0,1.41,309.915,-1.3032000000000001,37.02,35.35050582885742,4.98,0.0,0
46974,374.314,22.969,0.0,0.0,460.208,0.0,0.0,0.0,5.732,0,13.0,1.395,309.825,-2.6228000000000002,37.5,35.35050582885742,4.98,0.0,0
46974,374.14300000000003,22.969,0.0,0.0,460.269,0.0,0.0,0.0,5.732,0,16.0,1.5050000000000001,309.915,-0.6598,38.04,35.35050582885742,4.98,0.0,0
46974,374.314,22.969,0.0,0.0,460.451,0.0,0.0,-0.2,5.732,0,14.0,1.455,309.915,0.6598,37.980000000000004,35.35050582885742,4.98,0.0,0
46974,374.484,22.959,0.0,0.0,460.451,0.0,0.0,0.0,5.732,0,18.0,1.46,309.915,1.4351,37.29,35.35050582885742,4.98,0.0,0
46974,373.972,22.959,-0.5,0.0,460.269,0.0,0.0,0.0,5.732,0,23.0,1.425,309.915,0.0,36.480000000000004,35.35050582885742,4.98,0.0,0
46974,374.14300000000003,22.959,-0.5,0.0,459.966,0.0,0.0,0.0,5.732,0,15.0,1.455,309.915,0.0,35.43,35.35050582885742,4.98,0.0,0
46974,374.14300000000003,22.959,0.0,0.0,460.148,0.0,0.0,0.0,5.732,0,16.0,1.47,310.005,1.4351,35.01,35.35050582885742,4.98,0.0,0
46974,374.314,22.949,0.0,0.0,460.087,0.0,0.0,0.0,5.732,0,13.0,1.455,310.005,1.699,35.01,35.35050582885742,4.98,0.0,0
46974,374.14300000000003,22.949,0.0,0.0,460.33,0.0,0.0,0.0,5.732,0,12.0,1.45,309.825,-2.0949,35.61,35.35050582885742,4.98,0.0,0
46974,374.484,22.949,0.0,0.0,460.269,0.0,0.0,0.0,5.732,0,15.0,1.43,309.915,-2.0949,36.36,35.35050582885742,4.98,0.0,0
46974,374.314,22.939,-0.5,0.0,460.027,0.0,0.0,0.0,5.732,0,16.0,1.425,309.915,-1.8310000000000002,37.29,35.35050582885742,4.98,0.0,0
46974,374.314,22.939,-0.5,0.0,460.33,0.0,0.0,0.0,5.732,0,16.0,1.47,309.915,0.7753,37.35,35.35050582885742,4.98,0.0,0
46974,374.314,22.939,-0.5,0.0,460.814,0.0,0.0,0.0,5.732,0,17.0,1.355,309.915,0.6598,37.74,35.35050582885742,4.98,0.0,0
46974,374.14300000000003,22.939,-0.5,0.0,460.451,0.0,0.0,0.0,5.732,0,16.0,1.425,309.825,-1.0392000000000001,37.65,35.35050582885742,4.98,0.0,0
46974,374.314,22.93,-1.0,0.0,460.451,0.0,0.0,0.0,5.732,0,16.0,1.425,309.915,1.0392000000000001,37.38,35.35050582885742,4.98,0.0,0
46974,374.314,22.93,0.0,0.0,460.451,0.0,0.0,0.0,5.732,0,14.0,1.42,309.915,0.5279,37.410000000000004,35.35050582885742,4.98,0.0,0
46974,374.314,22.93,-0.5,0.0,460.33,0.0,0.0,-0.2,5.732,0,15.0,1.475,310.005,1.963,37.050000000000004,35.35050582885742,4.98,0.0,0
46974,374.314,22.93,0.0,0.0,460.572,0.0,0.0,0.0,5.732,0,16.0,1.44,310.005,2.3754,36.93,35.35050582885742,4.98,0.0,0
46974,374.484,22.92,-0.5,0.0,460.451,0.0,0.0,0.0,5.732,0,16.0,1.445,309.825,0.5938,35.79,35.35050582885742,4.98,0.0,0
46974,374.484,22.92,-0.5,0.0,460.33,0.0,0.0,0.0,5.732,0,17.0,1.45,309.915,-0.5279,35.28,35.35050582885742,4.98,0.0,0
46974,374.484,22.92,0.0,0.0,459.906,0.0,0.0,0.0,5.732,0,17.0,1.405,309.915,-2.0455,34.59,35.35050582885742,4.98,0.0,0
46974,374.65500000000003,22.92,-0.5,0.0,459.845,0.0,0.0,0.0,5.732,0,15.0,1.445,309.915,1.8475000000000001,34.95,35.35050582885742,4.98,0.0,0
46974,374.484,22.91,0.0,0.0,460.208,0.0,0.0,0.0,5.732,0,16.0,1.47,309.915,1.5836000000000001,35.79,35.35050582885742,4.98,0.0,0
46974,374.65500000000003,22.91,-0.5,0.0,460.572,0.0,0.0,-0.2,5.732,0,16.0,1.43,310.005,0.7918000000000001,36.84,35.35050582885742,4.98,0.0,0
46974,374.314,22.91,0.0,0.0,460.451,0.0,0.0,0.0,5.732,0,13.0,1.455,309.825,-1.5176,37.800000000000004,35.35050582885742,4.98,0.0,0
46974,374.484,22.91,-0.5,0.0,460.451,0.0,0.0,0.0,5.732,0,17.0,1.435,309.915,-1.5836000000000001,38.37,35.35050582885742,4.98,0.0,0
46974,374.314,22.900000000000002,0.0,0.0,460.512,0.0,0.0,0.0,5.732,0,16.0,1.43,309.915,-0.46190000000000003,38.28,35.35050582885742,4.98,0.0,0
46974,374.484,22.900000000000002,-0.5,0.0,460.269,0.0,0.0,0.0,5.732,0,12.0,1.42,309.915,3.1672000000000002,37.29,35.35050582885742,4.98,0.0,0
46974,374.314,22.900000000000002,-0.5,0.0,460.148,0.0,0.0,0.0,5.732,0,17.0,1.485,309.915,1.0557,36.99,35.35050582885742,4.98,0.0,0
46974,374.14300000000003,22.891000000000002,0.0,0.0,460.269,0.0,0.0,0.2,5.732,0,18.0,1.425,309.915,-0.2639,36.96,35.35050582885742,4.98,0.0,0
46974,374.314,22.891000000000002,-0.5,0.0,460.632,0.0,0.0,0.0,5.732,0,15.0,1.45,309.915,-2.6393,37.32,35.35050582885742,4.98,0.0,0
46974,374.484,22.891000000000002,0.0,0.0,460.632,0.0,0.0,0.0,5.732,0,16.0,1.44,309.915,0.2639,36.9,35.35050582885742,4.98,0.0,0
46974,374.314,22.891000000000002,-0.5,0.0,460.391,0.0,0.0,0.0,5.732,0,17.0,1.47,309.915,2.1114,35.82,35.35050582885742,4.98,0.0,0
46974,374.314,22.881,-0.5,0.0,460.391,0.0,0.0,0.0,5.732,0,16.0,1.44,310.005,-0.2639,35.160000000000004,35.35050582885742,4.98,0.0,0
46974,374.314,22.881,0.0,0.0,460.269,0.0,0.0,0.0,5.732,0,14.0,1.47,309.825,-2.5733,35.160000000000004,35.35050582885742,4.98,0.0,0
46974,374.314,22.881,0.0,0.0,460.632,0.0,0.0,-0.2,5.732,0,15.0,1.415,310.005,2.9032,36.06,35.35050582885742,4.98,0.0,0
46974,374.314,22.881,-0.5,0.0,460.632,0.0,0.0,0.0,5.732,0,13.0,1.48,309.915,2.7053000000000003,36.660000000000004,35.35050582885742,4.98,0.0,0
46974,374.484,22.871000000000002,-0.5,0.0,460.874,0.0,0.0,0.0,5.732,0,13.0,1.445,309.915,-1.5836000000000001,38.52,35.35050582885742,4.98,0.0,0
46974,374.14300000000003,22.871000000000002,0.0,0.0,460.632,0.0,0.0,0.0,5.732,0,11.0,1.485,309.915,0.5938,38.910000000000004,35.35050582885742,4.98,0.0,0
46974,374.314,22.871000000000002,0.0,0.0,460.33,0.0,0.0,0.0,5.732,0,15.0,1.455,309.825,1.0557,38.22,35.35050582885742,4.98,0.0,0
46974,374.484,22.861,0.0,0.0,460.269,0.0,0.0,0.0,5.732,0,17.0,1.445,309.825,-2.5733,37.92,35.35050582885742,4.98,0.0,0
46974,374.314,22.861,0.0,0.0,460.269,0.0,0.0,0.0,5.732,0,18.0,1.405,309.825,-3.1672000000000002,38.19,35.35050582885742,4.98,0.0,0
46974,374.484,22.861,0.0,0.0,460.269,0.0,0.0,0.0,5.732,0,17.0,1.415,309.915,-2.9032,38.25,35.35050582885742,4.98,0.0,0
46974,374.314,22.861,0.0,0.0,460.632,0.0,0.0,0.0,5.732,0,13.0,1.405,309.915,0.7753,38.31,35.35050582885742,4.98,0.0,0
46974,374.14300000000003,22.861,0.0,0.0,460.512,0.0,0.0,0.0,5.732,0,14.0,1.46,309.825,1.8475000000000001,37.2,35.35050582885742,4.98,0.0,0
46974,374.314,22.852,0.0,0.0,460.33,0.0,0.0,0.0,5.732,0,18.0,1.41,309.825,-1.8475000000000001,35.550000000000004,35.35050582885742,4.98,0.0,0
46974,374.14300000000003,22.852,-0.5,0.0,460.33,0.0,0.0,0.0,5.732,0,22.0,1.445,309.915,-0.2639,35.07,35.35050582885742,4.98,0.0,0
46974,374.484,22.852,0.0,0.0,460.33,0.0,0.0,0.0,5.732,0,20.0,1.3900000000000001,309.915,3.8270000000000004,34.89,35.35050582885742,4.98,0.0,0
46974,374.314,22.842000000000002,-0.5,0.0,460.148,0.0,0.0,0.0,5.732,0,16.0,1.44,310.005,3.794,35.34,35.35050582885742,4.98,0.0,0
46974,374.314,22.842000000000002,0.0,0.0,460.148,0.0,0.0,0.0,5.732,0,16.0,1.455,309.915,0.132,37.14,35.35050582885742,4.98,0.0,0
46974,374.314,22.842000000000002,0.0,0.0,460.451,0.0,0.0,0.0,5.732,0,14.0,1.415,309.915,-1.3196,38.52,35.35050582885742,4.98,0.0,0
46974,374.484,22.842000000000002,-0.5,0.0,460.753,0.0,0.0,0.0,5.732,0,16.0,1.425,309.915,-2.2269,39.12,35.35050582885742,4.98,0.0,0
46974,374.14300000000003,22.832,-0.5,0.0,460.753,0.0,0.0,0.0,5.732,0,17.0,1.425,309.915,-1.7155,38.730000000000004,35.35050582885742,4.98,0.0,0
46974,374.65500000000003,22.832,0.0,0.0,460.753,0.0,0.0,0.0,5.732,0,16.0,1.43,309.915,-0.39590000000000003,37.86,35.35050582885742,4.98,0.0,0
46974,374.314,22.832,0.5,0.0,460.451,0.0,0.0,0.0,5.732,0,14.0,1.43,309.915,3.8930000000000002,37.11,35.35050582885742,4.98,0.0,0
46974,374.14300000000003,22.832,0.0,0.0,460.451,0.0,0.0,0.0,5.732,0,15.0,1.46,309.915,1.6331,37.11,35.35050582885742,4.98,0.0,0
46974,374.14300000000003,22.822000000000003,0.0,0.0,460.512,0.0,0.0,0.2,5.732,0,14.0,1.405,310.005,-1.798,37.230000000000004,35.35050582885742,4.98,0.0,0
46974,374.314,22.822000000000003,0.0,0.0,460.814,0.0,0.0,0.0,5.732,0,15.0,1.425,309.915,-0.39590000000000003,36.78,35.35050582885742,4.98,0.0,0
46974,374.14300000000003,22.822000000000003,-0.5,0.0,460.391,0.0,0.0,0.0,5.732,0,18.0,1.415,309.915,-0.132,36.03,35.35050582885742,4.98,0.0,0
46974,374.314,22.813000000000002,0.0,0.0,460.269,0.0,0.0,0.0,5.732,0,17.0,1.44,309.825,-4.2064,35.25,35.35050582885742,4.98,0.0,0
46974,374.314,22.813000000000002,-0.5,0.0,460.33,0.0,0.0,0.0,5.732,0,16.0,1.435,310.005,-1.2042000000000002,35.43,35.35050582885742,4.98,0.0,0
46974,374.484,22.813000000000002,-0.5,0.0,460.33,0.0,0.0,0.0,5.732,0,14.0,1.435,310.005,-0.5938,35.46,35.35050582885742,4.98,0.0,0
46974,374.314,22.813000000000002,0.0,0.0,460.33,0.0,0.0,0.0,5.732,0,16.0,1.42,309.69,-1.7155,35.7,35.35050582885742,4.98,0.0,0
46974,374.65500000000003,22.813000000000002,0.0,0.0,460.269,0.0,0.0,0.0,5.732,0,13.0,1.43,309.915,0.19790000000000002,37.08,35.35050582885742,4.98,0.0,0
46974,374.14300000000003,22.803,-0.5,0.0,460.451,0.0,0.0,0.0,5.732,0,15.0,1.435,309.915,-1.4516,37.89,35.35050582885742,4.98,0.0,0
46974,374.484,22.803,0.0,0.0,460.572,0.0,0.0,0.0,5.732,0,15.0,1.42,310.005,1.8805,38.31,35.35050582885742,4.98,0.0,0
46974,374.314,22.803,-0.5,0.0,460.269,0.0,0.0,0.0,5.732,0,17.0,1.43,310.005,3.9589000000000003,38.19,35.35050582885742,4.98,0.0,0
46974,374.314,22.793000000000003,0.0,0.0,460.208,0.0,0.0,0.0,5.732,0,16.0,1.445,310.005,2.5733,37.89,35.35050582885742,4.98,0.0,0
46974,374.484,22.793000000000003,0.0,0.0,460.451,0.0,0.0,0.0,5.732,0,14.0,1.445,309.915,-1.5836000000000001,36.63,35.35050582885742,4.98,0.0,0
46974,373.972,22.793000000000003,0.0,0.0,460.632,0.0,0.0,0.0,5.732,0,15.0,1.45,309.915,-0.9897,36.06,35.35050582885742,4.98,0.0,0
46974,374.314,22.793000000000003,-0.5,0.0,460.269,0.0,0.0,0.0,5.732,0,16.0,1.42,310.005,-1.0557,36.21,35.35050582885742,4.98,0.0,0
46974,374.484,22.783,0.0,0.0,460.269,0.0,0.0,0.0,5.732,0,17.0,1.435,309.915,-1.5836000000000001,36.81,35.35050582885742,4.98,0.0,0
46974,374.314,22.783,-0.5,0.0,460.269,0.0,0.0,0.0,5.732,0,17.0,1.48,309.915,0.7918000000000001,36.72,35.35050582885742,4.98,0.0,0
46974,374.314,22.783,0.0,0.0,460.33,0.0,0.0,0.0,5.732,0,15.0,1.425,309.915,-0.46190000000000003,35.85,35.35050582885742,4.98,0.0,0
46974,374.314,22.783,0.0,0.0,459.906,0.0,0.0,0.0,5.732,0,11.0,1.44,309.915,1.5836000000000001,35.34,35.35050582885742,4.98,0.0,0
46974,374.314,22.773,-0.5,0.0,460.269,0.0,0.0,0.0,5.732,0,14.0,1.44,309.915,2.1114,35.82,35.35050582885742,4.98,0.0,0
46974,374.314,22.773,-0.5,0.0,460.148,0.0,0.0,0.0,5.732,0,16.0,1.43,309.915,-2.1114,36.96,35.35050582885742,4.98,0.0,0
46974,374.484,22.773,0.0,0.0,460.451,0.0,0.0,0.0,5.732,0,16.0,1.435,310.005,2.5733,38.28,35.35050582885742,4.98,0.0,0
46974,374.484,22.764,-0.5,0.0,460.148,0.0,0.0,0.0,5.732,0,16.0,1.42,309.915,0.5279,38.49,35.35050582885742,4.98,0.0,0
46974,374.14300000000003,22.764,-0.5,0.0,460.087,0.0,0.0,0.0,5.732,0,17.0,1.455,309.915,-1.0557,37.5,35.35050582885742,4.98,0.0,0
46974,374.314,22.764,-0.5,0.0,460.269,0.0,0.0,0.0,5.732,0,17.0,1.41,309.825,-2.6393,37.14,35.35050582885742,4.98,0.0,0
46974,374.14300000000003,22.764,-0.5,0.0,460.451,0.0,0.0,0.0,5.732,0,17.0,1.435,309.915,-0.5279,36.99,35.35050582885742,4.98,0.0,0
46974,374.314,22.754,-0.5,0.0,460.33,0.0,0.0,0.0,5.732,0,17.0,1.405,309.915,1.0557,36.63,35.35050582885742,4.98,0.0,0
46974,374.484,22.754,0.0,0.0,460.148,0.0,0.0,0.0,5.732,0,17.0,1.425,309.915,-1.1217000000000001,36.18,35.35050582885742,4.98,0.0,0
46974,374.314,22.754,0.0,0.0,460.148,0.0,0.0,0.0,5.732,0,18.0,1.415,309.915,0.2639,36.39,35.35050582885742,4.98,0.0,0
46974,374.314,22.754,-0.5,0.0,460.391,0.0,0.0,0.0,5.732,0,15.0,1.455,309.825,-0.9897,35.94,35.35050582885742,4.98,0.0,0
46974,374.314,22.754,0.0,0.0,460.391,0.0,0.0,0.0,5.732,0,16.0,1.44,309.825,-1.1712,35.88,35.35050582885742,4.98,0.0,0
46974,374.314,22.744,-0.5,0.0,460.512,0.0,0.0,0.0,5.732,0,14.0,1.42,310.005,-1.996,35.31,35.35050582885742,4.98,0.0,0
46974,374.14300000000003,22.744,-0.5,0.0,460.451,0.0,0.0,0.2,5.732,0,16.0,1.43,310.005,2.3589,35.88,35.35050582885742,4.98,0.0,0
46974,374.484,22.744,0.0,0.0,460.269,0.0,0.0,0.2,5.732,0,19.0,1.45,309.915,2.4908,37.050000000000004,35.35050582885742,4.98,0.0,0
46974,374.484,22.734,0.0,0.0,460.451,0.0,0.0,0.0,5.732,0,13.0,1.46,309.915,0.7753,38.28,35.35050582885742,4.98,0.0,0
46974,374.314,22.734,-0.5,0.0,460.512,0.0,0.0,0.0,5.732,0,17.0,1.45,309.915,-3.0187,38.1,35.35050582885742,4.98,0.0,0
46974,374.314,22.734,0.0,0.0,460.632,0.0,0.0,0.0,5.732,0,17.0,1.465,309.915,-1.5836000000000001,37.86,35.35050582885742,4.98,0.0,0
46974,374.484,22.734,-0.5,0.0,460.148,0.0,0.0,0.0,5.732,0,16.0,1.465,309.915,0.9238000000000001,37.32,35.35050582885742,4.98,0.0,0
46974,374.484,22.725,0.0,0.0,460.027,0.0,0.0,0.2,5.732,0,16.0,1.41,309.825,-2.3754,37.08,35.35050582885742,4.98,0.0,0
46974,374.65500000000003,22.725,-0.5,0.0,460.572,0.0,0.0,0.0,5.732,0,15.0,1.52,309.915,0.9238000000000001,36.09,35.35050582885742,4.98,0.0,0
46974,374.314,22.725,-0.5,0.0,460.693,0.0,0.0,0.0,5.732,0,14.0,1.455,309.915,2.2434000000000003,34.800000000000004,35.35050582885742,4.98,0.0,0
46974,374.314,22.725,0.0,0.0,460.451,0.0,0.0,0.2,5.732,0,16.0,1.42,309.915,1.0392000000000001,35.34,35.35050582885742,4.98,0.0,0
46974,374.14300000000003,22.715,0.0,0.0,460.451,0.0,0.0,0.0,5.732,0,14.0,1.47,309.915,0.0165,35.160000000000004,35.35050582885742,4.98,0.0,0
46974,374.14300000000003,22.715,0.0,0.0,460.269,0.0,0.0,0.0,5.732,0,16.0,1.44,310.005,1.0392000000000001,35.67,35.35050582885742,4.98,0.0,0
46974,374.314,22.715,0.0,0.0,460.148,0.0,0.0,0.0,5.732,0,16.0,1.475,309.825,-1.0227,35.58,35.35050582885742,4.98,0.0,0
46974,374.484,22.705000000000002,0.0,0.0,460.208,0.0,0.0,0.0,5.732,0,14.0,1.45,309.915,1.8475000000000001,36.27,35.35050582885742,4.98,0.0,0
46974,374.314,22.705000000000002,0.5,0.0,460.451,0.0,0.0,0.0,5.732,0,17.0,1.445,309.915,-2.2434000000000003,37.35,35.35050582885742,4.98,0.0,0
46974,374.314,22.705000000000002,-0.5,0.0,460.269,0.0,0.0,-0.2,5.732,0,16.0,1.4000000000000001,309.915,-1.0722,36.87,35.35050582885742,4.98,0.0,0
46974,374.314,22.705000000000002,-0.5,0.0,460.148,0.0,0.0,0.0,5.732,0,17.0,1.445,310.005,2.1114,36.75,35.35050582885742,4.98,0.0,0
46974,374.314,22.695,-0.5,0.0,460.632,0.0,0.0,0.0,5.732,0,17.0,1.425,309.915,1.8475000000000001,36.27,35.35050582885742,4.98,0.0,0
46974,374.314,22.695,-0.5,0.0,460.693,0.0,0.0,0.0,5.732,0,15.0,1.425,309.825,-2.2269,36.54,35.35050582885742,4.98,0.0,0
46974,374.65500000000003,22.695,-0.5,0.0,460.148,0.0,0.0,0.0,5.732,0,15.0,1.445,310.005,-1.8475000000000001,36.6,35.35050582885742,4.98,0.0,0
46974,374.314,22.695,-0.5,0.0,459.906,0.0,0.0,0.0,5.732,0,17.0,1.4000000000000001,309.915,0.0,36.39,35.35050582885742,4.98,0.0,0
46974,374.314,22.686,-0.5,0.0,460.33,0.0,0.0,0.0,5.732,0,16.0,1.42,309.915,-0.5444,35.37,35.35050582885742,4.98,0.0,0
46974,374.14300000000003,22.686,-0.5,0.0,460.391,0.0,0.0,0.0,5.732,0,17.0,1.43,309.915,-0.5279,34.980000000000004,35.35050582885742,4.98,0.0,0
46974,374.484,22.686,0.0,0.0,460.33,0.0,0.0,0.0,5.732,0,17.0,1.485,309.915,0.5279,34.410000000000004,35.35050582885742,4.98,0.0,0
46974,374.314,22.676000000000002,-0.5,0.0,460.512,0.0,0.0,0.0,5.732,0,16.0,1.35,309.915,0.5279,34.29,35.35050582885742,4.98,0.0,0
46974,374.484,22.676000000000002,-0.5,0.0,460.632,0.0,0.0,0.0,5.732,0,15.0,1.435,309.915,1.7155,35.07,35.35050582885742,4.98,0.0,0
46974,374.65500000000003,22.676000000000002,-0.5,0.0,460.632,0.0,0.0,0.0,5.732,0,15.0,1.47,309.915,1.5836000000000001,35.22,35.35050582885742,4.98,0.0,0
46974,374.314,22.676000000000002,0.0,0.0,460.512,0.0,0.0,0.0,5.732,0,17.0,1.44,310.005,1.5836000000000001,36.18,35.35050582885742,4.98,0.0,0
46974,374.484,22.676000000000002,0.0,0.0,460.693,0.0,0.0,0.0,5.732,0,17.0,1.425,309.915,-1.0557,37.32,35.35050582885742,4.98,0.0,0
46974,374.484,22.666,0.0,0.0,460.632,0.0,0.0,0.0,5.732,0,15.0,1.435,309.915,-0.7918000000000001,37.5,35.35050582885742,4.98,0.0,0
46974,374.484,22.666,-1.0,0.0,460.33,0.0,0.0,0.0,5.732,0,15.0,1.45,309.915,0.5938,36.69,35.35050582885742,4.98,0.0,0
46974,374.314,22.666,0.0,0.0,460.269,0.0,0.0,0.0,5.732,0,16.0,1.42,309.915,0.2639,36.18,35.35050582885742,4.98,0.0,0
46974,374.314,22.666,-0.5,0.0,460.572,0.0,0.0,0.0,5.732,0,17.0,1.4000000000000001,309.915,-1.0557,36.12,35.35050582885742,4.98,0.0,0
46974,374.14300000000003,22.656000000000002,0.0,0.0,460.269,0.0,0.0,0.0,5.732,0,18.0,1.46,309.915,-1.3196,36.480000000000004,35.35050582885742,4.98,0.0,0
46974,374.14300000000003,22.656000000000002,-0.5,0.0,460.269,0.0,0.0,0.0,5.732,0,17.0,1.41,309.915,0.0,36.45,35.35050582885742,4.98,0.0,0
46974,374.314,22.656000000000002,0.0,0.0,460.391,0.0,0.0,0.0,5.732,0,16.0,1.445,309.915,2.6393,35.160000000000004,35.35050582885742,4.98,0.0,0
46974,374.314,22.656000000000002,-0.5,0.0,460.572,0.0,0.0,0.0,5.732,0,16.0,1.43,309.825,0.066,34.08,35.35050582885742,4.98,0.0,0
46974,374.314,22.646,0.0,0.0,460.451,0.0,0.0,0.0,5.732,0,17.0,1.425,309.915,-1.0557,33.6,35.35050582885742,4.98,0.0,0
46974,374.314,22.646,0.0,0.0,460.391,0.0,0.0,0.0,5.732,0,17.0,1.47,309.915,0.5279,34.17,35.35050582885742,4.98,0.0,0
46974,374.484,22.646,0.0,0.0,460.572,0.0,0.0,0.0,5.732,0,18.0,1.425,309.915,-0.5279,35.61,35.35050582885742,4.98,0.0,0
46974,374.314,22.637,0.0,0.0,460.814,0.0,0.0,0.0,5.732,0,14.0,1.475,310.005,-0.066,37.29,35.35050582885742,4.98,0.0,0
46974,374.314,22.637,-0.5,0.0,460.451,0.0,0.0,0.0,5.732,0,16.0,1.47,309.915,2.1114,37.65,35.35050582885742,4.98,0.0,0
46974,374.484,22.637,-0.5,0.0,459.966,0.0,0.0,0.0,5.732,0,17.0,1.425,309.915,-1.5836000000000001,37.83,35.35050582885742,4.98,0.0,0
46974,374.314,22.637,-0.5,0.0,460.451,0.0,0.0,0.0,5.732,0,18.0,1.43,309.915,-1.5836000000000001,36.15,35.35050582885742,4.98,0.0,0
46974,374.314,22.627000000000002,0.0,0.0,460.693,0.0,0.0,0.0,5.732,0,16.0,1.4000000000000001,309.825,3.2331000000000003,35.85,35.35050582885742,4.98,0.0,0
46974,374.314,22.627000000000002,-0.5,0.0,460.632,0.0,0.0,0.0,5.732,0,15.0,1.425,309.825,-2.6393,36.12,35.35050582885742,4.98,0.0,0
46974,374.314,22.627000000000002,-0.5,0.0,460.512,0.0,0.0,0.0,5.732,0,15.0,1.45,309.915,-3.6950000000000003,36.57,35.35050582885742,4.98,0.0,0
46974,374.314,22.627000000000002,-0.5,0.0,460.33,0.0,0.0,-0.2,5.732,0,16.0,1.43,310.005,4.0909,36.99,35.35050582885742,4.98,0.0,0
46974,374.484,22.617,0.0,0.0,460.632,0.0,0.0,-0.2,5.732,0,14.0,1.435,310.005,3.8270000000000004,36.81,35.35050582885742,4.98,0.0,0
46974,374.314,22.617,0.0,0.0,460.391,0.0,0.0,0.0,5.732,0,17.0,1.445,310.005,2.9032,35.58,35.35050582885742,4.98,0.0,0
46974,374.314,22.617,0.0,0.0,460.208,0.0,0.0,0.2,5.732,0,18.0,1.425,309.915,1.6496000000000002,34.32,35.35050582885742,4.98,0.0,0
46974,374.314,22.617,0.0,0.0,460.208,0.0,0.0,0.0,5.732,0,12.0,1.435,309.915,1.864,34.26,35.35050582885742,4.98,0.0,0
46974,374.314,22.607,0.0,0.0,460.451,0.0,0.0,0.0,5.732,0,16.0,1.43,310.005,-1.1877,34.800000000000004,35.35050582885742,4.98,0.0,0
46974,374.14300000000003,22.607,-0.5,0.0,460.632,0.0,0.0,0.2,5.732,0,17.0,1.435,309.915,-0.2474,35.64,35.35050582885742,4.98,0.0,0
46974,374.14300000000003,22.607,-1.0,0.0,460.33,0.0,0.0,-0.2,5.732,0,16.0,1.475,309.915,1.8475000000000001,37.14,35.35050582885742,4.98,0.0,0
46974,374.484,22.607,0.0,0.0,460.572,0.0,0.0,0.2,5.732,0,14.0,1.425,309.825,-3.2661000000000002,37.86,35.35050582885742,4.98,0.0,0
46974,374.314,22.598000000000003,-0.5,0.0,460.572,0.0,0.0,0.2,5.732,0,14.0,1.435,309.825,-2.0949,37.17,35.35050582885742,4.98,0.0,0
46974,374.65500000000003,22.598000000000003,-1.0,0.0,460.269,0.0,0.0,0.0,5.732,0,17.0,1.42,309.915,-0.7753,36.57,35.35050582885742,4.98,0.0,0
46974,374.14300000000003,22.598000000000003,-0.5,0.0,460.148,0.0,0.0,0.0,5.732,0,18.0,1.445,309.915,3.5466,35.85,35.35050582885742,4.98,0.0,0
46974,374.314,22.598000000000003,0.0,0.0,460.269,0.0,0.0,0.0,5.732,0,16.0,1.43,309.825,0.6763,35.64,35.35050582885742,4.98,0.0,0
46974,374.314,22.588,0.0,0.0,460.33,0.0,0.0,0.0,5.732,0,16.0,1.435,309.915,-3.2991,35.94,35.35050582885742,4.98,0.0,0
46974,374.14300000000003,22.588,0.0,0.0,460.814,0.0,0.0,0.0,5.732,0,11.0,1.425,309.915,-0.2474,36.0,35.35050582885742,4.98,0.0,0
46974,374.314,22.588,-0.5,0.0,460.451,0.0,0.0,0.2,5.732,0,15.0,1.45,309.915,4.0744,36.63,35.35050582885742,4.98,0.0,0
46974,374.14300000000003,22.578,-0.5,0.0,460.087,0.0,0.0,0.0,5.732,0,16.0,1.44,310.14000000000004,4.4951,36.42,35.35050582885742,4.98,0.0,0
46974,374.484,22.578,0.0,0.0,460.512,0.0,0.0,0.0,5.732,0,17.0,1.47,309.915,-0.46190000000000003,35.7,35.35050582885742,4.98,0.0,0
46974,374.314,22.578,0.0,0.0,460.632,0.0,0.0,0.0,5.732,0,17.0,1.455,309.915,-0.5773,34.95,35.35050582885742,4.98,0.0,0
46974,374.314,22.578,-0.5,0.0,460.632,0.0,0.0,0.0,5.732,0,15.0,1.42,310.005,-2.6805000000000003,35.25,35.35050582885742,4.98,0.0,0
46974,374.314,22.568,0.0,0.0,460.572,0.0,0.0,0.0,5.732,0,16.0,1.445,309.825,-1.5671000000000002,36.39,35.35050582885742,4.98,0.0,0
46974,374.314,22.568,0.0,0.0,460.632,0.0,0.0,0.0,5.732,0,14.0,1.42,309.825,1.0722,37.410000000000004,35.35050582885742,4.98,0.0,0
46974,374.484,22.568,0.0,0.0,460.632,0.0,0.0,0.0,5.732,0,15.0,1.42,309.915,-0.6598,37.11,35.35050582885742,4.98,0.0,0
46974,374.14300000000003,22.568,0.0,0.0,460.632,0.0,0.0,0.0,5.732,0,17.0,1.445,309.915,-0.7918000000000001,37.050000000000004,35.35050582885742,4.98,0.0,0
46974,374.314,22.568,0.0,0.0,460.572,0.0,0.0,0.0,5.732,0,16.0,1.42,310.005,-0.6598,36.84,35.35050582885742,4.98,0.0,0
46974,374.14300000000003,22.559,-1.0,0.0,460.33,0.0,0.0,0.0,5.732,0,17.0,1.43,309.915,-0.2639,36.51,35.35050582885742,4.98,0.0,0
46974,374.314,22.559,0.0,0.0,460.451,0.0,0.0,0.0,5.732,0,14.0,1.43,310.005,0.9897,37.47,35.35050582885742,4.98,0.0,0
46974,374.484,22.559,-0.5,0.0,460.632,0.0,0.0,0.0,5.732,0,16.0,1.425,310.005,1.5836000000000001,37.02,35.35050582885742,4.98,0.0,0
46974,374.14300000000003,22.559,0.0,0.0,460.693,0.0,0.0,0.0,5.732,0,16.0,1.465,309.915,-0.5279,36.36,35.35050582885742,4.98,0.0,0
46974,374.14300000000003,22.549,-0.5,0.0,460.693,0.0,0.0,0.0,5.732,0,16.0,1.435,309.915,-3.9589000000000003,35.64,35.35050582885742,4.98,0.0,0
46974,374.314,22.549,-0.5,0.0,460.269,0.0,0.0,0.0,5.732,0,17.0,1.445,309.915,-0.9897,35.58,35.35050582885742,4.98,0.0,0
46974,374.314,22.549,0.0,0.0,460.269,0.0,0.0,0.0,5.732,0,15.0,1.465,309.915,1.3196,35.22,35.35050582885742,4.98,0.0,0
46974,374.14300000000003,22.549,-0.5,0.0,460.391,0.0,0.0,0.0,5.732,0,15.0,1.43,309.915,-0.5279,36.0,35.35050582885742,4.98,0.0,0
46974,374.484,22.539,-0.5,0.0,460.814,0.0,0.0,0.0,5.732,0,15.0,1.43,309.915,0.7918000000000001,37.35,35.35050582885742,4.98,0.0,0
46974,374.314,22.539,0.0,0.0,460.995,0.0,0.0,0.0,5.732,0,22.0,1.455,309.915,0.5279,38.37,35.35050582885742,4.98,0.0,0
46974,374.314,22.539,-0.5,0.0,460.632,0.0,0.0,0.0,5.732,0,17.0,1.455,309.915,-0.2639,38.22,35.35050582885742,4.98,0.0,0
46974,374.65500000000003,22.529,0.0,0.0,460.269,0.0,0.0,0.0,5.732,0,15.0,1.42,309.915,-2.6393,38.49,35.35050582885742,4.98,0.0,0
46974,374.14300000000003,22.529,0.0,0.0,460.512,0.0,0.0,0.0,5.732,0,21.0,1.44,309.825,-2.9032,38.25,35.35050582885742,4.98,0.0,0
46974,374.484,22.529,-0.5,0.0,460.814,0.0,0.0,0.0,5.732,0,15.0,1.43,309.915,1.0557,37.11,35.35050582885742,4.98,0.0,0
46974,374.314,22.529,0.0,0.0,460.572,0.0,0.0,0.0,5.732,0,14.0,1.44,309.915,0.7918000000000001,36.6,35.35050582885742,4.98,0.0,0
46974,374.484,22.52,-0.5,0.0,460.451,0.0,0.0,0.0,5.732,0,19.0,1.42,309.915,-0.066,35.97,35.35050582885742,4.98,0.0,0
46974,374.484,22.52,0.0,0.0,460.814,0.0,0.0,0.0,5.732,0,19.0,1.41,310.005,2.1114,35.52,35.35050582885742,4.98,0.0,0
46974,374.314,22.52,0.0,0.0,460.814,0.0,0.0,0.0,5.732,0,17.0,1.415,310.005,2.6228000000000002,35.43,35.35050582885742,4.98,0.0,0
46974,374.314,22.52,-0.5,0.0,460.572,0.0,0.0,0.2,5.732,0,13.0,1.42,309.915,3.0352,35.61,35.35050582885742,4.98,0.0,0
46974,374.314,22.52,-0.5,0.0,460.451,0.0,0.0,0.0,5.732,0,15.0,1.44,309.915,-1.8475000000000001,35.52,35.35050582885742,4.98,0.0,0
46974,373.972,22.51,0.0,0.0,460.391,0.0,0.0,0.0,5.732,0,16.0,1.445,310.005,-2.7713,36.69,35.35050582885742,4.98,0.0,0
46974,374.314,22.51,0.0,0.0,460.451,0.0,0.0,0.0,5.732,0,17.0,1.455,310.005,2.2269,37.71,35.35050582885742,4.98,0.0,0
46974,374.484,22.51,0.0,0.0,460.148,0.0,0.0,0.0,5.732,0,17.0,1.455,309.915,2.3589,38.19,35.35050582885742,4.98,0.0,0
46974,374.314,22.5,-0.5,0.0,460.269,0.0,0.0,0.0,5.732,0,14.0,1.415,309.915,-2.7548,38.730000000000004,35.35050582885742,4.98,0.0,0
46974,374.314,22.5,0.0,0.0,460.512,0.0,0.0,0.0,5.732,0,15.0,1.47,309.825,-2.2104,37.95,35.35050582885742,4.98,0.0,0
46974,374.314,22.5,0.0,0.0,460.572,0.0,0.0,0.0,5.732,0,16.0,1.44,310.005,-0.0165,37.68,35.35050582885742,4.98,0.0,0
46974,374.314,22.5,0.0,0.0,460.935,0.0,0.0,0.0,5.732,0,16.0,1.46,309.915,0.39590000000000003,37.44,35.35050582885742,4.98,0.0,0
46974,374.314,22.490000000000002,0.0,0.0,460.995,0.0,0.0,0.0,5.732,0,16.0,1.435,309.915,-0.6763,37.02,35.35050582885742,4.98,0.0,0
46974,374.484,22.490000000000002,0.0,0.0,460.632,0.0,0.0,0.0,5.732,0,18.0,1.435,309.915,-2.1114,36.78,35.35050582885742,4.98,0.0,0
46974,374.314,22.490000000000002,-0.5,0.0,460.693,0.0,0.0,0.0,5.732,0,16.0,1.455,310.005,2.6228000000000002,36.36,35.35050582885742,4.98,0.0,0
46974,374.484,22.490000000000002,0.0,0.0,460.632,0.0,0.0,0.0,5.732,0,17.0,1.455,309.915,1.3032000000000001,35.31,35.35050582885742,4.98,0.0,0
46974,374.314,22.48,0.0,0.0,460.632,0.0,0.0,0.0,5.732,0,15.0,1.44,309.915,-1.8475000000000001,34.86,35.35050582885742,4.98,0.0,0
46974,374.314,22.48,-1.0,0.0,460.632,0.0,0.0,0.0,5.732,0,16.0,1.445,309.915,-1.7155,35.7,35.35050582885742,4.98,0.0,0
46974,374.314,22.48,0.0,0.0,460.632,0.0,0.0,0.0,5.732,0,17.0,1.42,310.005,-0.6763,36.93,35.35050582885742,4.98,0.0,0
46974,374.314,22.48,0.0,0.0,460.753,0.0,0.0,0.0,5.732,0,16.0,1.44,309.825,-1.8310000000000002,38.13,35.35050582885742,4.98,0.0,0
46974,374.314,22.471,0.5,0.0,460.935,0.0,0.0,0.0,5.732,0,16.0,1.445,309.915,1.4516,38.34,35.35050582885742,4.98,0.0,0
46974,374.484,22.471,0.0,0.0,460.935,0.0,0.0,0.0,5.732,0,16.0,1.455,309.915,0.0,38.1,35.35050582885742,4.98,0.0,0
46974,374.314,22.471,-1.0,0.0,460.814,0.0,0.0,0.0,5.732,0,9.0,1.415,309.915,2.9527,37.38,35.35050582885742,4.98,0.0,0
46974,374.314,22.471,0.0,0.0,460.632,0.0,0.0,0.0,5.732,0,10.0,1.465,309.915,1.1217000000000001,37.17,35.35050582885742,4.98,0.0,0
46974,374.484,22.461000000000002,-0.5,0.0,460.632,0.0,0.0,0.0,5.732,0,11.0,1.45,309.915,0.6598,37.2,35.35050582885742,4.98,0.0,0
46974,374.314,22.461000000000002,-0.5,0.0,460.814,0.0,0.0,0.0,5.732,0,17.0,1.45,309.825,-6.5323,36.96,35.35050582885742,4.98,0.0,0
46974,374.65500000000003,22.461000000000002,0.0,0.0,460.693,0.0,0.0,0.0,5.732,0,16.0,1.41,309.915,-1.0557,37.32,35.35050582885742,4.98,0.0,0
46974,374.314,22.461000000000002,0.0,0.0,460.814,0.0,0.0,0.0,5.732,0,15.0,1.445,309.915,0.5279,37.17,35.35050582885742,4.98,0.0,0
46974,374.14300000000003,22.451,0.0,0.0,460.451,0.0,0.0,0.0,5.732,0,23.0,1.455,310.005,2.6393,35.79,35.35050582885742,4.98,0.0,0
46974,374.314,22.451,-0.5,0.0,460.451,0.0,0.0,0.0,5.732,0,18.0,1.46,309.915,0.5279,35.25,35.35050582885742,4.98,0.0,0
46974,374.314,22.451,0.0,0.0,460.572,0.0,0.0,0.0,5.732,0,17.0,1.445,309.915,-1.0557,35.46,35.35050582885742,4.98,0.0,0
46974,374.484,22.451,0.0,0.0,460.814,0.0,0.0,0.0,5.732,0,17.0,1.415,309.915,0.5938,36.09,35.35050582885742,4.98,0.0,0
46974,374.314,22.441000000000003,-0.5,0.0,460.935,0.0,0.0,0.0,5.732,0,15.0,1.42,309.915,0.5279,37.59,35.35050582885742,4.98,0.0,0
46974,374.65500000000003,22.441000000000003,-0.5,0.0,460.753,0.0,0.0,0.0,5.732,0,18.0,1.44,310.005,1.5176,38.46,35.35050582885742,4.98,0.0,0
46974,374.65500000000003,22.441000000000003,0.0,0.0,460.512,0.0,0.0,0.0,5.732,0,16.0,1.41,310.005,2.6393,38.49,35.35050582885742,4.98,0.0,0
46974,374.314,22.441000000000003,-0.5,0.0,460.572,0.0,0.0,0.0,5.732,0,18.0,1.435,309.915,-2.6393,38.22,35.35050582885742,4.98,0.0,0
46974,374.314,22.432000000000002,-0.5,0.0,460.753,0.0,0.0,0.0,5.732,0,17.0,1.43,309.915,-2.6393,37.56,35.35050582885742,4.98,0.0,0
46974,374.484,22.432000000000002,-0.5,0.0,460.935,0.0,0.0,0.0,5.732,0,15.0,1.445,310.005,1.0557,37.83,35.35050582885742,4.98,0.0,0
46974,374.14300000000003,22.432000000000002,-0.5,0.0,460.632,0.0,0.0,0.0,5.732,0,17.0,1.43,309.915,0.5279,37.68,35.35050582885742,4.98,0.0,0
46974,374.314,22.432000000000002,0.0,0.0,460.512,0.0,0.0,0.2,5.732,0,19.0,1.49,309.915,0.5279,37.56,35.35050582885742,4.98,0.0,0
46974,374.314,22.422,0.5,0.0,460.512,0.0,0.0,0.0,5.732,0,23.0,1.415,309.915,-1.8475000000000001,36.33,35.35050582885742,4.98,0.0,0
46974,374.314,22.422,-0.5,0.0,460.451,0.0,0.0,0.0,5.732,0,23.0,1.4000000000000001,309.825,0.066,34.980000000000004,35.35050582885742,4.98,0.0,0
46974,374.314,22.422,0.0,0.0,460.451,0.0,0.0,0.0,5.732,0,15.0,1.45,309.915,-1.0557,34.56,35.35050582885742,4.98,0.0,0
46974,374.14300000000003,22.412000000000003,0.0,0.0,460.632,0.0,0.0,0.0,5.732,0,16.0,1.425,309.915,-1.0557,35.22,35.35050582885742,4.98,0.0,0
46974,374.484,22.412000000000003,0.0,0.0,460.814,0.0,0.0,-0.2,5.732,0,14.0,1.415,309.915,0.5279,36.9,35.35050582885742,4.98,0.0,0
46974,374.314,22.412000000000003,-0.5,0.0,460.814,0.0,0.0,0.0,5.732,0,17.0,1.43,309.915,0.0,39.0,35.35050582885742,4.98,0.0,0
46974,374.314,22.412000000000003,0.0,0.0,460.451,0.0,0.0,0.0,5.732,0,19.0,1.435,309.915,1.3196,40.11,35.35050582885742,4.98,0.0,0
46974,374.314,22.402,0.0,0.0,460.693,0.0,0.0,0.0,5.732,0,17.0,1.47,310.005,-0.5938,39.72,35.35050582885742,4.98,0.0,0
46974,374.314,22.402,-0.5,0.0,460.874,0.0,0.0,0.0,5.732,0,15.0,1.445,309.915,0.5279,37.980000000000004,35.35050582885742,4.98,0.0,0
46974,374.314,22.402,0.0,0.0,460.512,0.0,0.0,0.0,5.732,0,15.0,1.41,309.915,0.5279,36.81,35.35050582885742,4.98,0.0,0
46974,373.972,22.402,-0.5,0.0,460.572,0.0,0.0,0.0,5.732,0,16.0,1.42,309.915,-1.8475000000000001,36.300000000000004,35.35050582885742,4.98,0.0,0
46974,374.314,22.393,0.0,0.0,460.693,0.0,0.0,0.0,5.732,0,17.0,1.45,310.005,-0.5938,36.12,35.35050582885742,4.98,0.0,0
46974,374.65500000000003,22.393,0.0,0.0,460.632,0.0,0.0,0.0,5.732,0,17.0,1.395,309.915,0.5279,36.27,35.35050582885742,4.98,0.0,0
46974,374.65500000000003,22.393,0.0,0.0,460.995,0.0,0.0,0.0,5.732,0,16.0,1.43,309.915,1.5836000000000001,36.0,35.35050582885742,4.98,0.0,0
46974,374.314,22.393,0.0,0.0,460.693,0.0,0.0,0.0,5.732,0,12.0,1.395,309.915,-3.4311000000000003,35.85,35.35050582885742,4.98,0.0,0
46974,374.314,22.393,-0.5,0.0,460.693,0.0,0.0,0.0,5.732,0,17.0,1.425,310.005,-2.5073000000000003,35.730000000000004,35.35050582885742,4.98,0.0,0
46974,374.314,22.383000000000003,-0.5,0.0,460.693,0.0,0.0,0.0,5.732,0,16.0,1.425,309.915,-2.1114,35.19,35.35050582885742,4.98,0.0,0
46974,374.314,22.383000000000003,-0.5,0.0,460.632,0.0,0.0,0.0,5.732,0,19.0,1.44,309.915,0.9238000000000001,35.85,35.35050582885742,4.98,0.0,0
46974,374.484,22.383000000000003,0.0,0.0,460.632,0.0,0.0,0.0,5.732,0,16.0,1.42,309.915,-1.9795,36.93,35.35050582885742,4.98,0.0,0
46974,374.484,22.373,-1.0,0.0,460.753,0.0,0.0,0.0,5.732,0,15.0,1.445,309.915,-0.132,37.980000000000004,35.35050582885742,4.98,0.0,0
46974,374.314,22.373,-0.5,0.0,460.935,0.0,0.0,0.0,5.732,0,17.0,1.455,309.825,-0.2474,38.4,35.35050582885742,4.98,0.0,0
46974,374.484,22.373,-0.5,0.0,460.874,0.0,0.0,0.0,5.732,0,12.0,1.41,309.825,-2.8867000000000003,37.410000000000004,35.35050582885742,4.98,0.0,0
46974,374.314,22.373,-0.5,0.0,460.693,0.0,0.0,0.0,5.732,0,16.0,1.415,309.915,-0.6598,36.87,35.35050582885742,4.98,0.0,0
46974,374.484,22.373,-0.5,0.0,460.391,0.0,0.0,0.0,5.732,0,16.0,1.425,310.005,1.5506,36.12,35.35050582885742,4.98,0.0,0
46974,374.314,22.363,-0.5,0.0,460.451,0.0,0.0,0.0,5.732,0,16.0,1.42,309.915,2.7548,36.15,35.35050582885742,4.98,0.0,0
46974,373.972,22.363,0.0,0.0,460.693,0.0,0.0,0.0,5.732,0,14.0,1.465,309.825,-2.8867000000000003,35.730000000000004,35.35050582885742,4.98,0.0,0
46974,374.314,22.363,0.0,0.0,460.632,0.0,0.0,0.0,5.732,0,18.0,1.425,310.005,-0.9567,35.550000000000004,35.35050582885742,4.98,0.0,0
46974,374.484,22.354000000000003,-0.5,0.0,460.572,0.0,0.0,0.0,5.732,0,15.0,1.435,309.915,2.2434000000000003,35.19,35.35050582885742,4.98,0.0,0
46974,374.314,22.354000000000003,0.0,0.0,460.693,0.0,0.0,0.0,5.732,0,16.0,1.435,309.915,3.1507,35.19,35.35050582885742,4.98,0.0,0
46974,374.14300000000003,22.354000000000003,0.5,0.0,460.814,0.0,0.0,0.0,5.732,0,17.0,1.43,310.005,0.6598,35.550000000000004,35.35050582885742,4.98,0.0,0
46974,374.314,22.354000000000003,0.0,0.0,461.116,0.0,0.0,0.0,5.732,0,17.0,1.43,309.915,1.1877,36.21,35.35050582885742,4.98,0.0,0
46974,374.314,22.344,0.0,0.0,460.814,0.0,0.0,0.0,5.732,0,16.0,1.435,310.005,-2.6558,37.14,35.35050582885742,4.98,0.0,0
46974,374.314,22.344,0.0,0.0,460.814,0.0,0.0,0.0,5.732,0,16.0,1.415,309.825,-5.1301000000000005,37.92,35.35050582885742,4.98,0.0,0
46974,374.484,22.344,0.0,0.0,460.632,0.0,0.0,-0.2,5.732,0,16.0,1.43,309.915,2.3754,37.95,35.35050582885742,4.98,0.0,0
46974,374.314,22.344,0.0,0.0,460.512,0.0,0.0,0.0,5.732,0,13.0,1.435,309.915,0.5114000000000001,38.04,35.35050582885742,4.98,0.0,0
46974,374.314,22.334,0.0,0.0,460.814,0.0,0.0,0.0,5.732,0,13.0,1.46,309.915,1.699,37.14,35.35050582885742,4.98,0.0,0
46974,374.314,22.334,-0.5,0.0,460.995,0.0,0.0,0.0,5.732,0,13.0,1.425,309.915,0.39590000000000003,37.410000000000004,35.35050582885742,4.98,0.0,0
46974,374.484,22.334,0.0,0.0,460.814,0.0,0.0,0.0,5.732,0,17.0,1.44,309.915,-2.1114,36.72,35.35050582885742,4.98,0.0,0
46974,374.314,22.334,0.0,0.0,460.572,0.0,0.0,0.0,5.732,0,12.0,1.41,309.915,1.0722,35.88,35.35050582885742,4.98,0.0,0
46974,374.314,22.324,0.0,0.0,460.874,0.0,0.0,0.0,5.732,0,13.0,1.43,309.825,-1.8310000000000002,34.5,35.35050582885742,4.98,0.0,0
46974,374.314,22.324,-0.5,0.0,460.995,0.0,0.0,0.0,5.732,0,16.0,1.42,309.915,-2.3754,34.410000000000004,35.35050582885742,4.98,0.0,0
46974,374.484,22.324,0.5,0.0,460.814,0.0,0.0,0.0,5.732,0,18.0,1.455,309.915,1.0557,35.28,35.35050582885742,4.98,0.0,0
46974,374.314,22.314,-0.5,0.0,460.814,0.0,0.0,0.0,5.732,0,22.0,1.42,309.825,0.39590000000000003,36.300000000000004,35.35050582885742,4.98,0.0,0
46974,374.484,22.314,-0.5,0.0,460.935,0.0,0.0,-0.2,5.732,0,21.0,1.42,309.825,-0.2639,36.33,35.35050582885742,4.98,0.0,0
46974,374.314,22.314,-0.5,0.0,460.814,0.0,0.0,0.0,5.732,0,15.0,1.43,309.915,0.5279,37.11,35.35050582885742,4.98,0.0,0
46974,374.14300000000003,22.314,0.0,0.0,460.632,0.0,0.0,0.0,5.732,0,17.0,1.455,309.915,0.7918000000000001,37.32,35.35050582885742,4.98,0.0,0
46974,374.484,22.314,0.0,0.0,460.814,0.0,0.0,0.0,5.732,0,16.0,1.42,310.005,1.9795,37.65,35.35050582885742,4.98,0.0,0
46974,374.314,22.305,0.0,0.0,460.693,0.0,0.0,0.0,5.732,0,15.0,1.44,309.915,0.7918000000000001,37.71,35.35050582885742,4.98,0.0,0
46974,374.314,22.305,0.0,0.0,460.693,0.0,0.0,0.0,5.732,0,16.0,1.43,309.915,-0.5279,37.08,35.35050582885742,4.98,0.0,0
46974,374.484,22.305,-0.5,0.0,460.451,0.0,0.0,0.0,5.732,0,16.0,1.445,310.005,-1.3196,36.87,35.35050582885742,4.98,0.0,0
46974,374.314,22.305,0.0,0.0,460.269,0.0,0.0,0.0,5.732,0,15.0,1.475,310.005,0.46190000000000003,35.37,35.35050582885742,4.98,0.0,0
46974,374.314,22.295,-0.5,0.0,460.632,0.0,0.0,0.0,5.732,0,15.0,1.415,310.005,3.4311000000000003,34.62,35.35050582885742,4.98,0.0,0
46974,374.484,22.295,-1.0,0.0,460.632,0.0,0.0,0.0,5.732,0,17.0,1.455,310.005,1.5836000000000001,34.53,35.35050582885742,4.98,0.0,0
46974,374.314,22.295,-0.5,0.0,460.269,0.0,0.0,0.0,5.732,0,15.0,1.435,309.825,-5.0147,35.04,35.35050582885742,4.98,0.0,0
46974,374.484,22.295,0.0,0.0,460.451,0.0,0.0,0.0,5.732,0,16.0,1.425,310.005,-3.6950000000000003,35.76,35.35050582885742,4.98,0.0,0
46974,374.314,22.285,0.0,0.0,460.632,0.0,0.0,0.0,5.732,0,16.0,1.435,309.915,2.3754,36.57,35.35050582885742,4.98,0.0,0
46974,374.314,22.285,-0.5,0.0,460.451,0.0,0.0,0.0,5.732,0,18.0,1.455,309.915,4.1569,36.93,35.35050582885742,4.98,0.0,0
46974,374.484,22.285,-0.5,0.0,460.572,0.0,0.0,0.0,5.732,0,15.0,1.42,309.825,-3.9589000000000003,37.95,35.35050582885742,4.98,0.0,0
46974,374.314,22.285,-0.5,0.0,460.814,0.0,0.0,0.0,5.732,0,16.0,1.495,309.915,-2.1114,37.800000000000004,35.35050582885742,4.98,0.0,0
46974,374.314,22.275000000000002,0.0,0.0,460.572,0.0,0.0,0.0,5.732,0,19.0,1.46,309.825,-2.3754,37.56,35.35050582885742,4.98,0.0,0
46974,374.314,22.275000000000002,0.0,0.0,460.451,0.0,0.0,0.0,5.732,0,20.0,1.41,309.915,0.46190000000000003,37.02,35.35050582885742,4.98,0.0,0
46974,374.484,22.275000000000002,0.0,0.0,460.572,0.0,0.0,0.0,5.732,0,16.0,1.44,309.915,0.7918000000000001,35.85,35.35050582885742,4.98,0.0,0
46974,374.314,22.266000000000002,0.0,0.0,460.632,0.0,0.0,0.0,5.732,0,17.0,1.45,309.915,0.9897,36.12,35.35050582885742,4.98,0.0,0
46974,374.314,22.266000000000002,0.0,0.0,460.814,0.0,0.0,0.0,5.732,0,18.0,1.425,310.005,3.1672000000000002,36.54,35.35050582885742,4.98,0.0,0
46974,374.314,22.266000000000002,-0.5,0.0,460.874,0.0,0.0,0.0,5.732,0,15.0,1.445,309.915,0.0,37.050000000000004,35.35050582885742,4.98,0.0,0
46974,374.314,22.266000000000002,0.0,0.0,460.451,0.0,0.0,0.0,5.732,0,15.0,1.445,310.005,-0.7918000000000001,36.0,35.35050582885742,4.98,0.0,0
46974,374.314,22.256,-0.5,0.0,460.632,0.0,0.0,0.0,5.732,0,17.0,1.43,309.915,0.066,35.25,35.35050582885742,4.98,0.0,0
46974,374.314,22.256,-0.5,0.0,460.935,0.0,0.0,0.0,5.732,0,17.0,1.405,310.005,0.7918000000000001,35.25,35.35050582885742,4.98,0.0,0
46974,374.14300000000003,22.256,-0.5,0.0,460.935,0.0,0.0,0.0,5.732,0,17.0,1.465,310.005,0.9073,35.25,35.35050582885742,4.98,0.0,0
46974,374.314,22.256,0.0,0.0,461.116,0.0,0.0,0.0,5.732,0,19.0,1.435,309.915,-0.9073,36.18,35.35050582885742,4.98,0.0,0
46974,374.314,22.256,-0.5,0.0,460.451,0.0,0.0,0.0,5.732,0,14.0,1.46,310.005,-0.28040000000000004,37.410000000000004,35.35050582885742,4.98,0.0,0
46974,374.314,22.246000000000002,-0.5,0.0,460.451,0.0,0.0,0.0,5.732,0,14.0,1.455,309.915,0.6763,38.19,35.35050582885742,4.98,0.0,0
46974,374.314,22.246000000000002,0.0,0.0,460.693,0.0,0.0,0.0,5.732,0,16.0,1.435,309.915,1.9795,38.07,35.35050582885742,4.98,0.0,0
46974,374.314,22.246000000000002,-0.5,0.0,460.814,0.0,0.0,0.0,5.732,0,17.0,1.445,309.915,-3.0187,37.38,35.35050582885742,4.98,0.0,0
46974,374.314,22.246000000000002,-0.5,0.0,460.632,0.0,0.0,0.0,5.732,0,16.0,1.425,310.005,-0.41240000000000004,36.96,35.35050582885742,4.98,0.0,0
46974,374.484,22.236,-0.5,0.0,460.693,0.0,0.0,0.0,5.732,0,14.0,1.44,310.005,3.2991,36.57,35.35050582885742,4.98,0.0,0
46974,374.314,22.236,0.0,0.0,460.814,0.0,0.0,0.0,5.732,0,16.0,1.475,309.915,0.39590000000000003,36.96,35.35050582885742,4.98,0.0,0
46974,374.314,22.236,-0.5,0.0,460.693,0.0,0.0,0.0,5.732,0,16.0,1.455,309.915,-5.0147,37.56,35.35050582885742,4.98,0.0,0
46974,374.484,22.236,0.0,0.0,460.935,0.0,0.0,0.0,5.732,0,17.0,1.415,309.915,0.14850000000000002,37.32,35.35050582885742,4.98,0.0,0
46974,374.314,22.227,0.0,0.0,460.995,0.0,0.0,0.0,5.732,0,17.0,1.42,309.915,1.5836000000000001,36.57,35.35050582885742,4.98,0.0,0
46974,374.314,22.227,-0.5,0.0,460.632,0.0,0.0,0.0,5.732,0,14.0,1.435,309.915,-2.1114,35.61,35.35050582885742,4.98,0.0,0
46974,374.484,22.227,0.0,0.0,460.814,0.0,0.0,0.0,5.732,0,16.0,1.475,309.825,-1.8145,35.94,35.35050582885742,4.98,0.0,0
46974,374.484,22.227,0.0,0.0,460.995,0.0,0.0,0.0,5.732,0,16.0,1.395,309.915,1.9795,36.69,35.35050582885742,4.98,0.0,0
46974,374.314,22.217000000000002,0.0,0.0,460.995,0.0,0.0,0.0,5.732,0,17.0,1.455,309.915,1.9795,37.980000000000004,35.35050582885742,4.98,0.0,0
46974,374.484,22.217000000000002,0.0,0.0,460.512,0.0,0.0,0.0,5.732,0,16.0,1.44,310.005,0.6268,38.58,35.35050582885742,4.98,0.0,0
46974,374.314,22.217000000000002,0.0,0.0,460.451,0.0,0.0,0.0,5.732,0,21.0,1.435,309.825,-3.1507,37.980000000000004,35.35050582885742,4.98,0.0,0
46974,374.314,22.217000000000002,0.0,0.0,460.632,0.0,0.0,0.0,5.732,0,11.0,1.435,309.915,-1.1877,37.050000000000004,35.35050582885742,4.98,0.0,0
46974,374.314,22.207,0.5,0.0,460.935,0.0,0.0,0.0,5.732,0,12.0,1.405,309.915,0.132,37.050000000000004,35.35050582885742,4.98,0.0,0
46974,374.314,22.207,-0.5,0.0,460.814,0.0,0.0,0.0,5.732,0,17.0,1.46,309.915,3.1507,37.62,35.35050582885742,4.98,0.0,0
46974,374.314,22.207,-0.5,0.0,460.391,0.0,0.0,0.0,5.732,0,17.0,1.45,309.915,0.39590000000000003,37.83,35.35050582885742,4.98,0.0,0
46974,374.314,22.197000000000003,0.0,0.0,460.208,0.0,0.0,0.0,5.732,0,17.0,1.42,310.005,0.7753,37.5,35.35050582885742,4.98,0.0,0
46974,374.314,22.197000000000003,0.0,0.0,460.451,0.0,0.0,0.0,5.732,0,17.0,1.475,309.915,0.28040000000000004,36.9,35.35050582885742,4.98,0.0,0
46974,374.14300000000003,22.197000000000003,0.0,0.0,460.33,0.0,0.0,0.0,5.732,0,18.0,1.41,309.825,-1.1712,35.94,35.35050582885742,4.98,0.0,0
46974,374.314,22.197000000000003,-1.0,0.0,460.33,0.0,0.0,0.0,5.732,0,16.0,1.46,309.915,-1.3196,34.83,35.35050582885742,4.98,0.0,0
46974,374.314,22.197000000000003,0.0,0.0,460.451,0.0,0.0,0.0,5.732,0,17.0,1.435,310.005,-1.6001,34.980000000000004,35.35050582885742,4.98,0.0,0
46974,374.314,22.188000000000002,0.0,0.0,460.391,0.0,0.0,0.0,5.732,0,17.0,1.43,309.915,3.0352,36.39,35.35050582885742,4.98,0.0,0
46974,374.14300000000003,22.188000000000002,0.0,0.0,460.814,0.0,0.0,0.0,5.732,0,16.0,1.465,309.915,1.1877,38.22,35.35050582885742,4.98,0.0,0
46974,374.314,22.188000000000002,-0.5,0.0,460.753,0.0,0.0,0.0,5.732,0,15.0,1.495,309.825,-5.79,39.42,35.35050582885742,4.98,0.0,0
46974,374.314,22.178,-0.5,0.0,460.269,0.0,0.0,0.0,5.732,0,12.0,1.425,309.915,-0.7918000000000001,39.300000000000004,35.35050582885742,4.98,0.0,0
46974,374.314,22.178,-0.5,0.0,460.269,0.0,0.0,0.0,5.732,0,14.0,1.42,309.915,-0.5279,39.27,35.35050582885742,4.98,0.0,0
46974,374.484,22.178,-0.5,0.0,460.33,0.0,0.0,0.0,5.732,0,15.0,1.42,309.915,2.1114,38.52,35.35050582885742,4.98,0.0,0
46974,374.65500000000003,22.178,0.0,0.0,460.208,0.0,0.0,0.0,5.732,0,17.0,1.4000000000000001,309.915,0.9897,37.71,35.35050582885742,4.98,0.0,0
46974,374.314,22.178,-0.5,0.0,460.269,0.0,0.0,0.0,5.732,0,17.0,1.405,309.825,-1.8475000000000001,37.02,35.35050582885742,4.98,0.0,0
46974,374.14300000000003,22.168000000000003,0.0,0.0,460.391,0.0,0.0,-0.2,5.732,0,22.0,1.46,309.915,1.0557,35.88,35.35050582885742,4.98,0.0,0
46974,374.314,22.168000000000003,0.0,0.0,460.814,0.0,0.0,0.0,5.732,0,13.0,1.44,309.915,2.3754,36.0,35.35050582885742,4.98,0.0,0
46974,374.314,22.168000000000003,-0.5,0.0,460.814,0.0,0.0,0.0,5.732,0,16.0,1.45,309.915,-0.066,35.13,35.35050582885742,4.98,0.0,0
46974,374.314,22.168000000000003,-1.0,0.0,460.512,0.0,0.0,0.0,5.732,0,17.0,1.435,309.915,0.0,35.01,35.35050582885742,4.98,0.0,0
46974,374.65500000000003,22.158,0.0,0.0,460.451,0.0,0.0,0.0,5.732,0,17.0,1.405,309.915,1.5836000000000001,35.76,35.35050582885742,4.98,0.0,0
46974,374.314,22.158,-0.5,0.0,460.632,0.0,0.0,0.0,5.732,0,16.0,1.365,309.915,-1.0557,36.9,35.35050582885742,4.98,0.0,0
46974,374.314,22.158,0.0,0.0,460.512,0.0,0.0,0.0,5.732,0,15.0,1.455,309.915,0.5279,37.53,35.35050582885742,4.98,0.0,0
46974,374.825,22.158,-0.5,0.0,460.33,0.0,0.0,0.0,5.732,0,16.0,1.41,309.915,0.2639,38.49,35.35050582885742,4.98,0.0,0
46974,374.314,22.148,0.0,0.0,460.33,0.0,0.0,0.0,5.732,0,17.0,1.365,309.915,0.0,38.4,35.35050582885742,4.98,0.0,0
46974,374.484,22.148,0.0,0.0,460.632,0.0,0.0,0.0,5.732,0,17.0,1.435,309.915,-0.2639,38.34,35.35050582885742,4.98,0.0,0
46974,374.484,22.148,-0.5,0.0,460.814,0.0,0.0,0.0,5.732,0,19.0,1.395,309.825,-0.9897,37.5,35.35050582885742,4.98,0.0,0
46974,374.14300000000003,22.148,0.0,0.0,460.753,0.0,0.0,0.0,5.732,0,14.0,1.385,309.915,-0.5279,36.24,35.35050582885742,4.98,0.0,0
46974,374.314,22.139,0.0,0.0,460.512,0.0,0.0,0.2,5.732,0,16.0,1.415,309.825,0.066,36.12,35.35050582885742,4.98,0.0,0
46974,374.314,22.139,0.0,0.0,460.391,0.0,0.0,0.0,5.732,0,21.0,1.46,309.915,1.3196,36.6,35.35050582885742,4.98,0.0,0
46974,374.484,22.139,-0.5,0.0,460.451,0.0,0.0,0.0,5.732,0,14.0,1.42,310.005,2.0455,36.480000000000004,35.35050582885742,4.98,0.0,0
46974,374.14300000000003,22.139,0.0,0.0,460.693,0.0,0.0,0.0,5.732,0,16.0,1.425,309.915,1.5836000000000001,36.63,35.35050582885742,4.98,0.0,0
46974,374.314,22.129,0.0,0.0,460.814,0.0,0.0,0.0,5.732,0,16.0,1.435,309.825,-2.5733,36.03,35.35050582885742,4.98,0.0,0
46974,374.314,22.129,0.0,0.0,460.693,0.0,0.0,0.0,5.732,0,17.0,1.455,309.915,-1.3196,36.45,35.35050582885742,4.98,0.0,0
46974,374.14300000000003,22.129,-0.5,0.0,460.753,0.0,0.0,0.0,5.732,0,16.0,1.415,309.825,-0.46190000000000003,37.050000000000004,35.35050582885742,4.98,0.0,0
46974,374.314,22.129,-0.5,0.0,460.874,0.0,0.0,0.0,5.732,0,12.0,1.4000000000000001,309.915,1.0557,38.13,35.35050582885742,4.98,0.0,0
46974,374.314,22.119,0.5,0.0,460.693,0.0,0.0,0.0,5.732,0,15.0,1.455,309.915,0.5279,37.800000000000004,35.35050582885742,4.98,0.0,0
46974,374.484,22.119,-0.5,0.0,460.935,0.0,0.0,0.0,5.732,0,17.0,1.51,309.915,3.1672000000000002,37.5,35.35050582885742,4.98,0.0,0
46974,374.314,22.119,-0.5,0.0,460.693,0.0,0.0,0.0,5.732,0,15.0,1.435,310.005,3.629,37.11,35.35050582885742,4.98,0.0,0
46974,374.14300000000003,22.119,0.0,0.0,460.512,0.0,0.0,0.0,5.732,0,13.0,1.47,309.825,-3.6950000000000003,37.62,35.35050582885742,4.98,0.0,0
46974,374.314,22.109,-0.5,0.0,460.451,0.0,0.0,0.0,5.732,0,18.0,1.44,309.915,-3.6950000000000003,37.230000000000004,35.35050582885742,4.98,0.0,0
46974,374.484,22.109,-0.5,0.0,460.632,0.0,0.0,0.0,5.732,0,12.0,1.415,309.825,-0.2639,36.300000000000004,35.35050582885742,4.98,0.0,0
46974,374.484,22.109,0.0,0.0,460.693,0.0,0.0,0.0,5.732,0,17.0,1.435,310.005,1.4516,35.94,35.35050582885742,4.98,0.0,0
46974,374.484,22.109,-0.5,0.0,460.693,0.0,0.0,0.0,5.732,0,17.0,1.43,310.005,1.4186,35.76,35.35050582885742,4.98,0.0,0
46974,373.972,22.109,0.0,0.0,460.693,0.0,0.0,0.0,5.732,0,15.0,1.435,310.005,1.8310000000000002,35.67,35.35050582885742,4.98,0.0,0
46974,374.314,22.1,-0.5,0.0,460.632,0.0,0.0,0.0,5.732,0,16.0,1.445,310.005,2.0784000000000002,35.25,35.35050582885742,4.98,0.0,0
46974,374.484,22.1,0.0,0.0,460.572,0.0,0.0,0.0,5.732,0,16.0,1.435,309.915,-2.6228000000000002,36.12,35.35050582885742,4.98,0.0,0
46974,374.65500000000003,22.1,0.0,0.0,460.269,0.0,0.0,0.0,5.732,0,16.0,1.435,309.915,-2.3754,36.45,35.35050582885742,4.98,0.0,0
46974,374.14300000000003,22.1,0.0,0.0,460.693,0.0,0.0,-0.2,5.732,0,16.0,1.435,309.915,-1.4351,37.410000000000004,35.35050582885742,4.98,0.0,0
46974,374.14300000000003,22.09,-0.5,0.0,460.512,0.0,0.0,0.0,5.732,0,15.0,1.44,310.005,1.4351,37.53,35.35050582885742,4.98,0.0,0
46974,374.484,22.09,-0.5,0.0,460.935,0.0,0.0,0.0,5.732,0,14.0,1.42,310.005,1.699,38.01,35.35050582885742,4.98,0.0,0
46974,374.314,22.09,-0.5,0.0,461.116,0.0,0.0,0.0,5.732,0,16.0,1.445,310.005,3.6785,38.1,35.35050582885742,4.98,0.0,0
46974,374.314,22.09,-0.5,0.0,460.814,0.0,0.0,-0.2,5.732,0,16.0,1.455,309.915,-0.5114000000000001,37.53,35.35050582885742,4.98,0.0,0
46974,374.314,22.080000000000002,0.0,0.0,460.753,0.0,0.0,0.0,5.732,0,19.0,1.42,309.915,-4.0744,36.54,35.35050582885742,4.98,0.0,0
46974,374.314,22.080000000000002,0.0,0.0,460.632,0.0,0.0,0.0,5.732,0,15.0,1.445,309.825,-0.23090000000000002,35.61,35.35050582885742,4.98,0.0,0
46974,374.314,22.080000000000002,0.0,0.0,460.632,0.0,0.0,0.0,5.732,0,16.0,1.44,309.915,-1.9795,35.07,35.35050582885742,4.98,0.0,0
46974,374.484,22.080000000000002,0.0,0.0,460.632,0.0,0.0,0.0,5.732,0,16.0,1.45,309.915,-0.6598,34.47,35.35050582885742,4.98,0.0,0
46974,374.314,22.07,0.0,0.0,460.995,0.0,0.0,0.0,5.732,0,16.0,1.42,310.005,3.8270000000000004,34.26,35.35050582885742,4.98,0.0,0
46974,374.484,22.07,0.0,0.0,460.814,0.0,0.0,0.0,5.732,0,17.0,1.43,309.915,0.6598,35.19,35.35050582885742,4.98,0.0,0
46974,374.314,22.07,0.0,0.0,460.753,0.0,0.0,0.0,5.732,0,17.0,1.43,309.915,-0.6598,36.15,35.35050582885742,4.98,0.0,0
46974,374.484,22.061,0.0,0.0,460.512,0.0,0.0,0.0,5.732,0,14.0,1.44,310.005,-1.4516,37.44,35.35050582885742,4.98,0.0,0
46974,374.314,22.061,-0.5,0.0,460.391,0.0,0.0,0.0,5.732,0,14.0,1.43,309.915,-1.0557,37.38,35.35050582885742,4.98,0.0,0
46974,374.484,22.061,-0.5,0.0,460.391,0.0,0.0,0.0,5.732,0,14.0,1.5,309.915,-1.0557,37.26,35.35050582885742,4.98,0.0,0
46974,374.314,22.061,0.0,0.0,460.693,0.0,0.0,0.0,5.732,0,16.0,1.43,309.915,0.5279,36.75,35.35050582885742,4.98,0.0,0
46974,374.314,22.061,-0.5,0.0,460.632,0.0,0.0,0.0,5.732,0,18.0,1.435,310.005,0.2639,36.39,35.35050582885742,4.98,0.0,0
46974,374.484,22.061,-0.5,0.0,460.693,0.0,0.0,0.0,5.732,0,15.0,1.43,309.915,-0.5279,35.97,35.35050582885742,4.98,0.0,0
46974,374.484,22.051000000000002,0.0,0.0,460.814,0.0,0.0,0.0,5.732,0,15.0,1.465,310.005,2.3754,35.61,35.35050582885742,4.98,0.0,0
46974,374.314,22.051000000000002,-0.5,0.0,460.632,0.0,0.0,0.0,5.732,0,15.0,1.425,309.915,-0.46190000000000003,36.69,35.35050582885742,4.98,0.0,0
46974,374.314,22.051000000000002,0.0,0.0,460.632,0.0,0.0,0.0,5.732,0,15.0,1.425,310.005,1.0557,36.660000000000004,35.35050582885742,4.98,0.0,0
46974,374.825,22.041,0.0,0.0,460.451,0.0,0.0,0.0,5.732,0,16.0,1.465,309.825,-1.4516,36.15,35.35050582885742,4.98,0.0,0
46974,374.314,22.041,-0.5,0.0,460.572,0.0,0.0,0.0,5.732,0,16.0,1.42,309.915,-0.2639,35.01,35.35050582885742,4.98,0.0,0
46974,374.314,22.041,0.0,0.0,460.451,0.0,0.0,0.0,5.732,0,17.0,1.43,309.915,-0.46190000000000003,34.5,35.35050582885742,4.98,0.0,0
46974,374.314,22.041,0.0,0.0,460.451,0.0,0.0,0.0,5.732,0,15.0,1.43,310.005,2.3754,33.84,35.35050582885742,4.98,0.0,0
46974,374.484,22.031000000000002,-0.5,0.0,460.693,0.0,0.0,0.0,5.732,0,12.0,1.44,309.915,2.1114,35.46,35.35050582885742,4.98,0.0,0
46974,374.314,22.031000000000002,0.0,0.0,460.814,0.0,0.0,0.0,5.732,0,14.0,1.41,309.825,-2.3754,37.44,35.35050582885742,4.98,0.0,0
46974,374.484,22.031000000000002,0.0,0.0,460.632,0.0,0.0,0.0,5.732,0,16.0,1.455,309.915,-1.5176,37.92,35.35050582885742,4.98,0.0,0
46974,374.314,22.031000000000002,0.0,0.0,460.814,0.0,0.0,0.0,5.732,0,16.0,1.44,309.915,0.5279,37.47,35.35050582885742,4.98,0.0,0
46974,374.484,22.021,-0.5,0.0,460.632,0.0,0.0,0.2,5.732,0,16.0,1.425,310.005,-0.6598,36.300000000000004,35.35050582885742,4.98,0.0,0
46974,374.14300000000003,22.021,0.0,0.0,460.451,0.0,0.0,0.0,5.732,0,20.0,1.43,309.915,1.0557,36.03,35.35050582885742,4.98,0.0,0
46974,374.484,22.021,-0.5,0.0,460.572,0.0,0.0,0.0,5.732,0,15.0,1.43,310.005,2.0455,36.75,35.35050582885742,4.98,0.0,0
46974,374.484,22.021,-0.5,0.0,460.269,0.0,0.0,0.0,5.732,0,16.0,1.43,310.005,2.1114,36.6,35.35050582885742,4.98,0.0,0
46974,374.314,22.012,0.0,0.0,460.451,0.0,0.0,0.0,5.732,0,19.0,1.425,309.915,1.5836000000000001,36.12,35.35050582885742,4.98,0.0,0
46974,374.314,22.012,0.0,0.0,460.753,0.0,0.0,0.0,5.732,0,15.0,1.425,309.915,-3.6950000000000003,35.13,35.35050582885742,4.98,0.0,0
46974,374.314,22.012,-1.0,0.0,460.814,0.0,0.0,0.0,5.732,0,13.0,1.425,309.915,-0.46190000000000003,34.02,35.35050582885742,4.98,0.0,0
46974,374.314,22.012,-0.5,0.0,460.814,0.0,0.0,0.0,5.732,0,13.0,1.43,309.915,-0.2474,33.9,35.35050582885742,4.98,0.0,0
46974,374.314,22.012,-0.5,0.0,460.632,0.0,0.0,0.0,5.732,0,15.0,1.43,309.915,0.132,33.480000000000004,35.35050582885742,4.98,0.0,0
46974,374.314,22.002000000000002,-0.5,0.0,460.451,0.0,0.0,0.0,5.732,0,16.0,1.415,309.915,0.2639,35.28,35.35050582885742,4.98,0.0,0
46974,374.314,22.002000000000002,-0.5,0.0,460.451,0.0,0.0,0.0,5.732,0,16.0,1.475,309.915,3.0352,36.480000000000004,35.35050582885742,4.98,0.0,0
46974,374.484,22.002000000000002,0.0,0.0,460.269,0.0,0.0,0.0,5.732,0,16.0,1.43,309.915,-0.9238000000000001,37.56,35.35050582885742,4.98,0.0,0
46974,374.314,22.002000000000002,0.5,0.0,460.027,0.0,0.0,0.0,5.732,0,10.0,1.435,309.915,-2.3754,37.59,35.35050582885742,4.98,0.0,0
46974,374.314,22.002000000000002,0.0,0.0,460.148,0.0,0.0,0.0,5.732,0,14.0,1.435,309.915,-0.5114000000000001,36.660000000000004,35.35050582885742,4.98,0.0,0
46974,374.314,21.992,-0.5,0.0,460.572,0.0,0.0,0.0,5.732,0,16.0,1.465,309.915,0.5279,35.82,35.35050582885742,4.98,0.0,0
46974,374.65500000000003,21.992,0.0,0.0,460.632,0.0,0.0,0.0,5.732,0,17.0,1.41,309.825,-0.9073,35.7,35.35050582885742,4.98,0.0,0
46974,374.825,21.992,0.0,0.0,460.451,0.0,0.0,0.0,5.732,0,17.0,1.3800000000000001,309.915,-0.132,35.88,35.35050582885742,4.98,0.0,0
46974,374.14300000000003,21.982,-0.5,0.0,460.874,0.0,0.0,0.0,5.732,0,20.0,1.43,310.005,3.0352,36.300000000000004,35.35050582885742,4.98,0.0,0
46974,374.314,21.982,0.0,0.0,460.753,0.0,0.0,0.0,5.732,0,10.0,1.465,310.005,1.0227,37.32,35.35050582885742,4.98,0.0,0
46974,374.314,21.982,-0.5,0.0,460.451,0.0,0.0,0.0,5.732,0,12.0,1.445,310.005,-1.3361,36.42,35.35050582885742,4.98,0.0,0
46974,374.314,21.982,0.0,0.0,460.451,0.0,0.0,0.0,5.732,0,17.0,1.44,309.915,-2.0949,35.19,35.35050582885742,4.98,0.0,0
46974,374.484,21.982,-0.5,0.0,460.391,0.0,0.0,0.0,5.732,0,18.0,1.495,309.915,-2.5238,33.78,35.35050582885742,4.98,0.0,0
46974,374.314,21.973000000000003,0.0,0.0,460.269,0.0,0.0,0.0,5.732,0,16.0,1.43,310.005,-0.132,33.84,35.35050582885742,4.98,0.0,0
46974,374.314,21.973000000000003,-1.0,0.0,460.269,0.0,0.0,0.2,5.732,0,16.0,1.425,309.825,1.1877,35.160000000000004,35.35050582885742,4.98,0.0,0
46974,374.314,21.973000000000003,-0.5,0.0,460.269,0.0,0.0,0.0,5.732,0,14.0,1.465,309.825,-2.7548,36.300000000000004,35.35050582885742,4.98,0.0,0
46974,374.314,21.973000000000003,0.0,0.0,460.33,0.0,0.0,0.0,5.732,0,17.0,1.45,309.915,-1.8475000000000001,37.35,35.35050582885742,4.98,0.0,0
46974,374.484,21.963,0.0,0.0,460.391,0.0,0.0,0.0,5.732,0,17.0,1.43,309.915,-1.5836000000000001,37.410000000000004,35.35050582885742,4.98,0.0,0
46974,374.314,21.963,0.5,0.0,460.632,0.0,0.0,0.0,5.732,0,17.0,1.425,310.005,5.1466,38.01,35.35050582885742,4.98,0.0,0
46974,374.314,21.963,0.0,0.0,460.512,0.0,0.0,0.0,5.732,0,17.0,1.43,310.005,4.2229,37.02,35.35050582885742,4.98,0.0,0
46974,374.14300000000003,21.963,0.5,0.0,460.632,0.0,0.0,0.0,5.732,0,16.0,1.44,310.005,-0.5938,36.39,35.35050582885742,4.98,0.0,0
46974,373.802,21.963,-1.0,0.0,460.451,0.0,0.0,0.0,5.732,0,12.0,1.495,309.915,-0.5279,36.03,35.35050582885742,4.98,0.0,0
46974,374.484,21.953,0.0,0.0,460.391,0.0,0.0,0.0,5.732,0,16.0,1.455,309.915,-0.46190000000000003,35.79,35.35050582885742,4.98,0.0,0
46974,374.314,21.953,0.0,0.0,460.632,0.0,0.0,0.0,5.732,0,16.0,1.455,309.915,-4.7507,35.160000000000004,35.35050582885742,4.98,0.0,0
46974,374.314,21.953,-0.5,0.0,460.451,0.0,0.0,0.0,5.732,0,16.0,1.47,309.825,-3.629,35.43,35.35050582885742,4.98,0.0,0
46974,374.314,21.953,0.0,0.0,460.391,0.0,0.0,0.0,5.732,0,16.0,1.425,309.915,-0.5279,35.01,35.35050582885742,4.98,0.0,0
46974,374.484,21.943,0.0,0.0,460.572,0.0,0.0,0.0,5.732,0,18.0,1.405,309.825,1.1217000000000001,35.79,35.35050582885742,4.98,0.0,0
46974,374.14300000000003,21.943,-0.5,0.0,460.391,0.0,0.0,0.0,5.732,0,14.0,1.435,309.825,1.8475000000000001,35.94,35.35050582885742,4.98,0.0,0
46974,374.314,21.943,-0.5,0.0,460.269,0.0,0.0,0.0,5.732,0,17.0,1.445,309.915,0.0,36.27,35.35050582885742,4.98,0.0,0
46974,374.314,21.943,-0.5,0.0,460.451,0.0,0.0,0.0,5.732,0,16.0,1.44,309.915,0.0,36.6,35.35050582885742,4.98,0.0,0
46974,374.14300000000003,21.934,0.0,0.0,460.572,0.0,0.0,0.0,5.732,0,15.0,1.4000000000000001,309.915,0.9897,37.11,35.35050582885742,4.98,0.0,0
46974,374.484,21.934,-0.5,0.0,460.512,0.0,0.0,0.0,5.732,0,17.0,1.43,310.005,1.8475000000000001,37.2,35.35050582885742,4.98,0.0,0
46974,374.484,21.934,0.0,0.0,460.814,0.0,0.0,0.0,5.732,0,14.0,1.445,310.005,1.5176,37.2,35.35050582885742,4.98,0.0,0
46974,374.484,21.934,-0.5,0.0,460.874,0.0,0.0,0.0,5.732,0,16.0,1.425,309.915,0.0,37.26,35.35050582885742,4.98,0.0,0
46974,374.314,21.924,0.5,0.0,460.632,0.0,0.0,0.0,5.732,0,17.0,1.435,310.005,-0.5279,36.9,35.35050582885742,4.98,0.0,0
46974,374.314,21.924,0.0,0.0,460.269,0.0,0.0,0.0,5.732,0,16.0,1.415,309.825,-2.9032,36.33,35.35050582885742,4.98,0.0,0
46974,374.314,21.924,-0.5,0.0,460.33,0.0,0.0,0.0,5.732,0,17.0,1.425,310.005,-1.6496000000000002,36.18,35.35050582885742,4.98,0.0,0
46974,374.484,21.924,0.0,0.0,460.391,0.0,0.0,0.0,5.732,0,15.0,1.445,309.915,-0.5279,36.36,35.35050582885742,4.98,0.0,0
46974,374.314,21.914,-1.0,0.0,460.148,0.0,0.0,0.0,5.732,0,15.0,1.415,309.915,2.5733,35.94,35.35050582885742,4.98,0.0,0
46974,374.825,21.914,0.0,0.0,460.269,0.0,0.0,0.0,5.732,0,16.0,1.425,309.825,-3.9589000000000003,36.39,35.35050582885742,4.98,0.0,0
46974,374.314,21.914,-0.5,0.0,460.269,0.0,0.0,0.0,5.732,0,16.0,1.43,309.915,-0.5279,36.81,35.35050582885742,4.98,0.0,0
46974,374.484,21.914,0.0,0.0,460.451,0.0,0.0,0.0,5.732,0,14.0,1.45,310.005,2.9032,37.29,35.35050582885742,4.98,0.0,0
46974,374.314,21.914,0.0,0.0,460.451,0.0,0.0,0.0,5.732,0,19.0,1.435,310.005,3.5466,37.38,35.35050582885742,4.98,0.0,0
46974,374.314,21.904,-0.5,0.0,460.572,0.0,0.0,0.0,5.732,0,16.0,1.41,309.915,-0.6763,37.62,35.35050582885742,4.98,0.0,0
46974,374.314,21.904,0.0,0.0,460.33,0.0,0.0,0.0,5.732,0,14.0,1.42,309.825,-1.699,37.74,35.35050582885742,4.98,0.0,0
46974,374.314,21.904,-0.5,0.0,460.451,0.0,0.0,0.0,5.732,0,15.0,1.42,309.915,-3.2826,38.04,35.35050582885742,4.98,0.0,0
46974,374.65500000000003,21.904,0.0,0.0,460.632,0.0,0.0,0.0,5.732,0,17.0,1.445,309.915,1.7155,37.62,35.35050582885742,4.98,0.0,0
46974,374.314,21.895,-0.5,0.0,460.632,0.0,0.0,0.0,5.732,0,17.0,1.43,309.915,1.4516,37.26,35.35050582885742,4.98,0.0,0
46974,374.314,21.895,0.0,0.0,460.753,0.0,0.0,0.0,5.732,0,14.0,1.395,309.915,-0.132,36.36,35.35050582885742,4.98,0.0,0
46974,374.314,21.895,0.0,0.0,460.632,0.0,0.0,0.0,5.732,0,13.0,1.405,310.005,2.6228000000000002,35.49,35.35050582885742,4.98,0.0,0
46974,374.14300000000003,21.895,-0.5,0.0,460.632,0.0,0.0,0.0,5.732,0,16.0,1.44,309.825,3.0517000000000003,35.4,35.35050582885742,4.98,0.0,0
46974,374.314,21.885,-0.5,0.0,460.632,0.0,0.0,0.0,5.732,0,17.0,1.41,309.69,-4.9074,35.910000000000004,35.35050582885742,4.98,0.0,0
46974,374.314,21.885,-0.5,0.0,460.451,0.0,0.0,0.0,5.732,0,17.0,1.42,309.915,-6.2518,36.15,35.35050582885742,4.98,0.0,0
46974,374.314,21.885,0.0,0.0,460.632,0.0,0.0,0.0,5.732,0,17.0,1.43,309.825,1.5506,37.230000000000004,35.35050582885742,4.98,0.0,0
46974,374.484,21.885,0.0,0.0,460.451,0.0,0.0,0.0,5.732,0,16.0,1.43,309.915,4.3796,37.29,35.35050582885742,4.98,0.0,0
46974,374.314,21.885,-0.5,0.0,460.208,0.0,0.0,0.0,5.732,0,15.0,1.44,309.825,2.8537000000000003,37.26,35.35050582885742,4.98,0.0,0
46974,374.65500000000003,21.875,0.0,0.0,460.087,0.0,0.0,0.0,5.732,0,15.0,1.415,309.915,2.8207,37.17,35.35050582885742,4.98,0.0,0
46974,373.972,21.875,-0.5,0.0,460.148,0.0,0.0,0.0,5.732,0,17.0,1.435,309.915,-1.9135000000000002,37.26,35.35050582885742,4.98,0.0,0
46974,374.314,21.875,-0.5,0.0,460.451,0.0,0.0,0.0,5.732,0,14.0,1.41,310.005,-0.165,37.47,35.35050582885742,4.98,0.0,0
46974,374.314,21.875,-0.5,0.0,460.451,0.0,0.0,0.0,5.732,0,18.0,1.43,309.825,-2.3424,38.01,35.35050582885742,4.98,0.0,0
46974,374.14300000000003,21.865000000000002,-0.5,0.0,460.148,0.0,0.0,0.0,5.732,0,16.0,1.495,310.005,0.2474,37.980000000000004,35.35050582885742,4.98,0.0,0
46974,374.314,21.865000000000002,-0.5,0.0,460.148,0.0,0.0,0.0,5.732,0,15.0,1.385,309.915,1.9795,36.93,35.35050582885742,4.98,0.0,0
46974,374.314,21.865000000000002,0.0,0.0,460.148,0.0,0.0,0.0,5.732,0,16.0,1.43,309.915,0.6433,35.85,35.35050582885742,4.98,0.0,0
46974,374.484,21.865000000000002,0.0,0.0,460.269,0.0,0.0,0.0,5.732,0,17.0,1.445,309.915,-0.9402,35.01,35.35050582885742,4.98,0.0,0
46974,374.314,21.865000000000002,0.0,0.0,460.087,0.0,0.0,0.0,5.732,0,17.0,1.435,309.915,-1.8475000000000001,34.92,35.35050582885742,4.98,0.0,0
46974,374.484,21.855,0.0,0.0,460.33,0.0,0.0,0.0,5.732,0,17.0,1.425,309.915,-1.5836000000000001,35.22,35.35050582885742,4.98,0.0,0
46974,374.484,21.855,0.5,0.0,460.512,0.0,0.0,0.0,5.732,0,16.0,1.425,309.915,-1.5836000000000001,36.33,35.35050582885742,4.98,0.0,0
46974,374.314,21.855,0.0,0.0,460.572,0.0,0.0,0.0,5.732,0,15.0,1.425,309.915,1.0557,38.4,35.35050582885742,4.98,0.0,0
46974,374.314,21.855,0.0,0.0,460.451,0.0,0.0,0.0,5.732,0,16.0,1.46,309.915,0.0,38.64,35.35050582885742,4.98,0.0,0
46974,373.972,21.846,-0.5,0.0,460.451,0.0,0.0,0.0,5.732,0,16.0,1.415,309.915,2.6393,38.37,35.35050582885742,4.98,0.0,0
46974,374.314,21.846,0.0,0.0,460.512,0.0,0.0,0.0,5.732,0,17.0,1.45,309.915,0.0,37.65,35.35050582885742,4.98,0.0,0
46974,374.314,21.846,0.0,0.0,460.391,0.0,0.0,0.0,5.732,0,17.0,1.45,309.915,-2.6393,36.9,35.35050582885742,4.98,0.0,0
46974,374.484,21.846,0.0,0.0,460.512,0.0,0.0,0.0,5.732,0,15.0,1.435,309.915,1.3196,36.81,35.35050582885742,4.98,0.0,0
46974,374.314,21.836000000000002,-0.5,0.0,460.632,0.0,0.0,0.0,5.732,0,15.0,1.46,310.005,2.5733,36.84,35.35050582885742,4.98,0.0,0
46974,374.484,21.836000000000002,-0.5,0.0,460.391,0.0,0.0,0.0,5.732,0,15.0,1.455,310.005,1.5836000000000001,36.72,35.35050582885742,4.98,0.0,0
46974,374.14300000000003,21.836000000000002,0.0,0.0,460.693,0.0,0.0,0.0,5.732,0,17.0,1.42,309.915,-1.0557,36.69,35.35050582885742,4.98,0.0,0
46974,374.314,21.836000000000002,-0.5,0.0,460.693,0.0,0.0,-0.2,5.732,0,17.0,1.465,309.825,-3.1672000000000002,36.12,35.35050582885742,4.98,0.0,0
46974,374.484,21.836000000000002,0.0,0.0,460.512,0.0,0.0,0.0,5.732,0,17.0,1.445,309.915,-2.0455,35.7,35.35050582885742,4.98,0.0,0
46974,374.314,21.826,0.0,0.0,460.33,0.0,0.0,0.0,5.732,0,15.0,1.48,309.825,-4.2229,36.09,35.35050582885742,4.98,0.0,0
46974,374.484,21.826,-0.5,0.0,460.269,0.0,0.0,0.0,5.732,0,16.0,1.47,310.005,0.9238000000000001,37.230000000000004,35.35050582885742,4.98,0.0,0
46974,374.314,21.826,0.0,0.0,460.269,0.0,0.0,0.0,5.732,0,15.0,1.435,310.005,1.1547,37.32,35.35050582885742,4.98,0.0,0
46974,374.314,21.826,0.0,0.0,460.269,0.0,0.0,0.0,5.732,0,17.0,1.435,310.005,0.6433,38.31,35.35050582885742,4.98,0.0,0
46974,374.314,21.826,-0.5,0.0,460.269,0.0,0.0,0.0,5.732,0,17.0,1.46,309.915,1.963,39.0,35.35050582885742,4.98,0.0,0
46974,374.314,21.816000000000003,0.0,0.0,460.148,0.0,0.0,0.0,5.732,0,16.0,1.41,309.825,0.165,39.09,35.35050582885742,4.98,0.0,0
46974,374.314,21.816000000000003,0.0,0.0,460.269,0.0,0.0,0.0,5.732,0,15.0,1.465,309.825,-4.7507,38.160000000000004,35.35050582885742,4.98,0.0,0
46974,374.314,21.816000000000003,-0.5,0.0,460.208,0.0,0.0,0.0,5.732,0,16.0,1.435,309.915,0.9238000000000001,37.230000000000004,35.35050582885742,4.98,0.0,0
46974,374.484,21.816000000000003,0.0,0.0,460.391,0.0,0.0,0.0,5.732,0,17.0,1.45,309.915,2.2434000000000003,37.02,35.35050582885742,4.98,0.0,0
46974,374.484,21.807000000000002,-0.5,0.0,460.391,0.0,0.0,0.0,5.732,0,17.0,1.445,309.915,-0.0165,36.63,35.35050582885742,4.98,0.0,0
46974,374.314,21.807000000000002,0.0,0.0,460.512,0.0,0.0,0.0,5.732,0,17.0,1.45,310.005,1.4351,36.6,35.35050582885742,4.98,0.0,0
46974,374.314,21.807000000000002,0.0,0.0,460.391,0.0,0.0,0.0,5.732,0,16.0,1.44,309.915,3.563,36.36,35.35050582885742,4.98,0.0,0
46974,374.65500000000003,21.807000000000002,-0.5,0.0,460.391,0.0,0.0,0.0,5.732,0,15.0,1.47,309.915,3.1672000000000002,36.15,35.35050582885742,4.98,0.0,0
46974,374.14300000000003,21.807000000000002,0.0,0.0,460.572,0.0,0.0,0.0,5.732,0,15.0,1.4000000000000001,310.005,1.0557,35.34,35.35050582885742,4.98,0.0,0
46974,374.314,21.807000000000002,0.0,0.0,460.693,0.0,0.0,0.0,5.732,0,16.0,1.44,309.825,-5.1466,35.43,35.35050582885742,4.98,0.0,0
46974,374.314,21.797,-0.5,0.0,460.512,0.0,0.0,0.0,5.732,0,17.0,1.415,309.915,-1.3196,36.9,35.35050582885742,4.98,0.0,0
46974,374.314,21.797,-0.5,0.0,460.512,0.0,0.0,0.0,5.732,0,16.0,1.465,309.825,-0.9238000000000001,38.07,35.35050582885742,4.98,0.0,0
46974,374.484,21.797,0.0,0.0,460.33,0.0,0.0,0.0,5.732,0,15.0,1.41,309.915,2.6393,38.7,35.35050582885742,4.98,0.0,0
46974,374.314,21.797,0.0,0.0,460.33,0.0,0.0,0.0,5.732,0,14.0,1.4000000000000001,309.915,2.1114,38.97,35.35050582885742,4.98,0.0,0
46974,374.484,21.787000000000003,0.0,0.0,460.632,0.0,0.0,0.0,5.732,0,17.0,1.42,309.915,0.5279,37.89,35.35050582885742,4.98,0.0,0
46974,374.484,21.787000000000003,-0.5,0.0,460.451,0.0,0.0,0.0,5.732,0,17.0,1.46,309.915,0.0,36.78,35.35050582885742,4.98,0.0,0
46974,374.314,21.787000000000003,-0.5,0.0,460.632,0.0,0.0,0.0,5.732,0,17.0,1.435,309.915,0.0,36.21,35.35050582885742,4.98,0.0,0
46974,374.14300000000003,21.787000000000003,0.0,0.0,460.512,0.0,0.0,0.0,5.732,0,16.0,1.43,309.825,0.5938,36.18,35.35050582885742,4.98,0.0,0
46974,374.65500000000003,21.787000000000003,0.0,0.0,460.572,0.0,0.0,0.0,5.732,0,15.0,1.455,309.825,-2.3754,36.99,35.35050582885742,4.98,0.0,0
46974,374.314,21.777,-0.5,0.0,460.391,0.0,0.0,0.0,5.732,0,16.0,1.45,309.915,-2.1114,36.36,35.35050582885742,4.98,0.0,0
46974,374.484,21.777,0.0,0.0,460.512,0.0,0.0,0.0,5.732,0,18.0,1.46,309.825,1.0557,36.42,35.35050582885742,4.98,0.0,0
46974,374.314,21.777,-0.5,0.0,460.572,0.0,0.0,0.0,5.732,0,17.0,1.445,310.005,4.6188,35.25,35.35050582885742,4.98,0.0,0
46974,374.314,21.777,0.0,0.0,460.632,0.0,0.0,0.0,5.732,0,15.0,1.475,309.915,1.8475000000000001,35.85,35.35050582885742,4.98,0.0,0
46974,374.314,21.768,-0.5,0.0,460.512,0.0,0.0,0.0,5.732,0,16.0,1.435,309.915,-2.1774,36.39,35.35050582885742,4.98,0.0,0
46974,374.484,21.768,0.0,0.0,460.33,0.0,0.0,0.0,5.732,0,17.0,1.3900000000000001,310.005,-0.2639,36.96,35.35050582885742,4.98,0.0,0
46974,374.65500000000003,21.768,-0.5,0.0,460.33,0.0,0.0,0.0,5.732,0,17.0,1.425,310.005,0.9897,37.77,35.35050582885742,4.98,0.0,0
46974,374.314,21.768,0.0,0.0,460.451,0.0,0.0,0.0,5.732,0,16.0,1.4000000000000001,309.915,-0.2639,37.83,35.35050582885742,4.98,0.0,0
46974,374.314,21.758000000000003,-0.5,0.0,460.269,0.0,0.0,0.0,5.732,0,15.0,1.405,309.915,-3.1012,37.47,35.35050582885742,4.98,0.0,0
46974,374.484,21.758000000000003,-0.5,0.0,460.087,0.0,0.0,0.0,5.732,0,16.0,1.475,309.915,-3.1672000000000002,37.35,35.35050582885742,4.98,0.0,0
46974,374.484,21.758000000000003,0.0,0.0,460.391,0.0,0.0,0.0,5.732,0,17.0,1.4000000000000001,309.915,0.0,37.56,35.35050582885742,4.98,0.0,0
46974,374.65500000000003,21.758000000000003,0.0,0.0,460.632,0.0,0.0,0.0,5.732,0,17.0,1.445,310.14000000000004,4.6188,36.9,35.35050582885742,4.98,0.0,0
46974,374.484,21.758000000000003,0.0,0.0,460.391,0.0,0.0,0.2,5.732,0,17.0,1.44,309.915,2.9032,35.82,35.35050582885742,4.98,0.0,0
46974,374.65500000000003,21.748,0.0,0.0,460.451,0.0,0.0,0.2,5.732,0,17.0,1.3900000000000001,309.915,2.9032,35.4,35.35050582885742,4.98,0.0,0
46974,374.314,21.748,0.0,0.0,460.33,0.0,0.0,0.0,5.732,0,16.0,1.49,309.915,-0.8908,34.89,35.35050582885742,4.98,0.0,0
46974,374.484,21.748,-0.5,0.0,460.269,0.0,0.0,0.0,5.732,0,17.0,1.435,310.005,-1.4516,35.13,35.35050582885742,4.98,0.0,0
46974,374.314,21.748,0.0,0.0,460.632,0.0,0.0,0.0,5.732,0,17.0,1.415,309.915,2.1114,35.85,35.35050582885742,4.98,0.0,0
46974,374.314,21.748,-0.5,0.0,460.693,0.0,0.0,0.0,5.732,0,17.0,1.4000000000000001,309.825,-2.3754,36.300000000000004,35.35050582885742,4.98,0.0,0
46974,374.484,21.738,-0.5,0.0,460.451,0.0,0.0,0.0,5.732,0,16.0,1.43,310.005,-1.5836000000000001,37.47,35.35050582885742,4.98,0.0,0
46974,374.314,21.738,-0.5,0.0,460.451,0.0,0.0,0.0,5.732,0,16.0,1.46,310.005,-0.6598,37.56,35.35050582885742,4.98,0.0,0
46974,374.484,21.738,0.0,0.0,460.572,0.0,0.0,0.0,5.732,0,15.0,1.42,310.005,2.0949,37.800000000000004,35.35050582885742,4.98,0.0,0
46974,374.314,21.738,-0.5,0.0,460.572,0.0,0.0,0.0,5.732,0,16.0,1.5050000000000001,309.915,2.2269,37.68,35.35050582885742,4.98,0.0,0
46974,374.484,21.738,0.0,0.0,460.572,0.0,0.0,0.0,5.732,0,17.0,1.465,310.005,-2.3754,37.74,35.35050582885742,4.98,0.0,0
46974,374.65500000000003,21.729000000000003,-0.5,0.0,460.693,0.0,0.0,0.0,5.732,0,17.0,1.47,309.915,-1.8475000000000001,37.800000000000004,35.35050582885742,4.98,0.0,0
46974,374.484,21.729000000000003,0.0,0.0,460.874,0.0,0.0,0.0,5.732,0,15.0,1.44,309.825,1.732,37.050000000000004,35.35050582885742,4.98,0.0,0
46974,374.484,21.729000000000003,-0.5,0.0,460.693,0.0,0.0,0.0,5.732,0,15.0,1.46,309.915,-2.7713,35.61,35.35050582885742,4.98,0.0,0
46974,374.65500000000003,21.729000000000003,-0.5,0.0,460.632,0.0,0.0,0.0,5.732,0,16.0,1.46,309.825,-0.3794,35.160000000000004,35.35050582885742,4.98,0.0,0
46974,374.484,21.729000000000003,-0.5,0.0,460.814,0.0,0.0,0.0,5.732,0,17.0,1.43,309.915,0.6598,35.46,35.35050582885742,4.98,0.0,0
46974,374.314,21.719,0.0,0.0,460.632,0.0,0.0,0.0,5.732,0,17.0,1.44,309.915,1.8475000000000001,35.85,35.35050582885742,4.98,0.0,0
46974,374.65500000000003,21.719,0.0,0.0,460.874,0.0,0.0,0.0,5.732,0,16.0,1.45,309.825,0.5444,36.69,35.35050582885742,4.98,0.0,0
46974,374.484,21.719,-0.5,0.0,460.632,0.0,0.0,0.0,5.732,0,16.0,1.44,309.915,-3.0352,36.6,35.35050582885742,4.98,0.0,0
46974,374.825,21.719,0.0,0.0,460.451,0.0,0.0,0.0,5.732,0,15.0,1.45,309.915,0.14850000000000002,37.17,35.35050582885742,4.98,0.0,0
46974,374.484,21.719,0.0,0.0,460.512,0.0,0.0,0.0,5.732,0,17.0,1.445,310.005,4.8497,36.33,35.35050582885742,4.98,0.0,0
46974,374.65500000000003,21.709,0.0,0.0,460.632,0.0,0.0,0.0,5.732,0,18.0,1.435,310.005,4.0744,36.75,35.35050582885742,4.98,0.0,0
46974,374.484,21.709,0.0,0.0,460.451,0.0,0.0,0.0,5.732,0,18.0,1.42,309.915,-2.5073000000000003,37.14,35.35050582885742,4.98,0.0,0
46974,374.314,21.709,0.0,0.0,460.814,0.0,0.0,0.0,5.732,0,16.0,1.425,309.915,-4.6023000000000005,37.35,35.35050582885742,4.98,0.0,0
46974,374.314,21.709,0.0,0.0,461.177,0.0,0.0,0.0,5.732,0,16.0,1.42,310.005,-1.4516,37.35,35.35050582885742,4.98,0.0,0
46974,374.314,21.709,0.0,0.0,461.056,0.0,0.0,0.0,5.732,0,16.0,1.395,309.915,-2.1939,35.7,35.35050582885742,4.98,0.0,0
46974,374.314,21.699,-1.0,0.0,460.935,0.0,0.0,0.0,5.732,0,17.0,1.455,309.915,2.1774,34.74,35.35050582885742,4.98,0.0,0
46974,374.484,21.699,0.0,0.0,460.814,0.0,0.0,0.0,5.732,0,17.0,1.42,309.915,1.5176,34.5,35.35050582885742,4.98,0.0,0
46974,374.314,21.699,0.0,0.0,460.269,0.0,0.0,0.0,5.732,0,17.0,1.4000000000000001,309.915,-2.3754,34.44,35.35050582885742,4.98,0.0,0
46974,374.484,21.699,0.0,0.0,460.451,0.0,0.0,0.0,5.732,0,15.0,1.435,309.825,-1.9465000000000001,35.34,35.35050582885742,4.98,0.0,0
46974,374.314,21.689,-1.5,0.0,460.632,0.0,0.0,0.0,5.732,0,15.0,1.42,309.825,1.732,37.11,35.35050582885742,4.98,0.0,0
46974,374.484,21.689,0.0,0.0,460.753,0.0,0.0,0.0,5.732,0,16.0,1.435,309.915,0.0,37.59,35.35050582885742,4.98,0.0,0
46974,374.65500000000003,21.689,0.0,0.0,460.632,0.0,0.0,0.0,5.732,0,17.0,1.47,309.915,-0.5444,37.65,35.35050582885742,4.98,0.0,0
46974,374.484,21.689,0.0,0.0,460.814,0.0,0.0,0.0,5.732,0,16.0,1.445,309.915,2.6558,37.83,35.35050582885742,4.98,0.0,0
46974,374.484,21.689,-0.5,0.0,460.391,0.0,0.0,0.0,5.732,0,16.0,1.405,309.915,0.132,36.96,35.35050582885742,4.98,0.0,0
46974,374.484,21.689,0.0,0.0,460.391,0.0,0.0,0.0,5.732,0,15.0,1.445,309.915,0.0,36.87,35.35050582885742,4.98,0.0,0
46974,374.484,21.68,0.0,0.0,460.693,0.0,0.0,0.0,5.732,0,16.0,1.46,309.915,0.0,36.84,35.35050582885742,4.98,0.0,0
46974,374.314,21.68,0.0,0.0,460.814,0.0,0.0,0.0,5.732,0,16.0,1.425,310.005,0.9897,37.17,35.35050582885742,4.98,0.0,0
46974,374.314,21.68,0.0,0.0,460.451,0.0,0.0,0.0,5.732,0,17.0,1.5050000000000001,309.69,-5.1466,36.69,35.35050582885742,4.98,0.0,0
46974,374.484,21.68,0.0,0.0,460.391,0.0,0.0,0.0,5.732,0,16.0,1.435,309.915,-0.7918000000000001,36.33,35.35050582885742,4.98,0.0,0
46974,374.484,21.68,0.0,0.0,460.451,0.0,0.0,0.0,5.732,0,15.0,1.43,310.005,3.0352,35.58,35.35050582885742,4.98,0.0,0
46974,374.65500000000003,21.67,0.0,0.0,460.451,0.0,0.0,0.0,5.732,0,16.0,1.43,309.915,1.4186,35.19,35.35050582885742,4.98,0.0,0
46974,374.484,21.67,0.0,0.0,460.451,0.0,0.0,-0.2,5.732,0,17.0,1.435,309.915,-2.1114,35.49,35.35050582885742,4.98,0.0,0
46974,374.825,21.67,-0.5,0.0,460.572,0.0,0.0,0.0,5.732,0,17.0,1.46,309.915,-2.5733,36.18,35.35050582885742,4.98,0.0,0
46974,374.314,21.67,0.0,0.0,460.512,0.0,0.0,0.0,5.732,0,17.0,1.445,309.915,-0.2639,37.08,35.35050582885742,4.98,0.0,0
46974,374.484,21.67,0.0,0.0,460.814,0.0,0.0,0.0,5.732,0,17.0,1.445,309.915,2.1114,37.89,35.35050582885742,4.98,0.0,0
46974,374.65500000000003,21.66,0.0,0.0,460.572,0.0,0.0,0.0,5.732,0,16.0,1.425,309.915,1.0557,38.19,35.35050582885742,4.98,0.0,0
46974,374.825,21.66,-0.5,0.0,460.512,0.0,0.0,0.0,5.732,0,16.0,1.445,309.915,-1.5836000000000001,37.29,35.35050582885742,4.98,0.0,0
46974,374.14300000000003,21.66,0.0,0.0,460.208,0.0,0.0,0.0,5.732,0,17.0,1.46,309.915,0.0,37.2,35.35050582885742,4.98,0.0,0
46974,374.65500000000003,21.66,0.0,0.0,460.572,0.0,0.0,0.0,5.732,0,16.0,1.43,309.915,1.0557,36.87,35.35050582885742,4.98,0.0,0
46974,374.484,21.66,0.0,0.0,460.451,0.0,0.0,0.0,5.732,0,16.0,1.43,309.915,-1.5836000000000001,37.68,35.35050582885742,4.98,0.0,0
46974,374.65500000000003,21.650000000000002,0.5,0.0,460.148,0.0,0.0,0.0,5.732,0,15.0,1.425,309.825,-2.0455,37.800000000000004,35.35050582885742,4.98,0.0,0
46974,374.484,21.650000000000002,0.0,0.0,460.269,0.0,0.0,0.2,5.732,0,15.0,1.41,309.825,-2.1114,37.800000000000004,35.35050582885742,4.98,0.0,0
46974,374.314,21.650000000000002,-0.5,0.0,460.451,0.0,0.0,0.0,5.732,0,17.0,1.445,310.005,0.46190000000000003,36.93,35.35050582885742,4.98,0.0,0
46974,374.484,21.650000000000002,0.0,0.0,460.632,0.0,0.0,0.0,5.732,0,17.0,1.465,310.005,5.5425,35.43,35.35050582885742,4.98,0.0,0
46974,374.484,21.650000000000002,0.0,0.0,460.632,0.0,0.0,0.0,5.732,0,17.0,1.5150000000000001,310.005,3.563,35.25,35.35050582885742,4.98,0.0,0
46974,374.314,21.641000000000002,0.0,0.0,460.632,0.0,0.0,0.0,5.732,0,15.0,1.395,310.005,0.0,36.18,35.35050582885742,4.98,0.0,0
46974,374.314,21.641000000000002,-0.5,0.0,460.632,0.0,0.0,0.0,5.732,0,16.0,1.445,309.825,-0.4949,36.33,35.35050582885742,4.98,0.0,0
46974,374.314,21.641000000000002,0.0,0.0,460.753,0.0,0.0,0.0,5.732,0,16.0,1.45,310.005,1.1877,37.65,35.35050582885742,4.98,0.0,0
46974,374.314,21.641000000000002,0.0,0.0,460.874,0.0,0.0,0.0,5.732,0,16.0,1.4000000000000001,309.915,-1.1712,38.43,35.35050582885742,4.98,0.0,0
46974,374.484,21.641000000000002,-0.5,0.0,460.632,0.0,0.0,0.0,5.732,0,17.0,1.465,309.915,0.8083,38.22,35.35050582885742,4.98,0.0,0
46974,374.484,21.641000000000002,0.0,0.0,460.572,0.0,0.0,0.0,5.732,0,17.0,1.41,309.915,-1.8310000000000002,38.04,35.35050582885742,4.98,0.0,0
46974,374.484,21.631,0.0,0.0,460.693,0.0,0.0,0.2,5.732,0,15.0,1.405,309.825,-3.1507,37.77,35.35050582885742,4.98,0.0,0
46974,374.484,21.631,-0.5,0.0,460.391,0.0,0.0,0.0,5.732,0,16.0,1.425,310.005,-0.6763,37.38,35.35050582885742,4.98,0.0,0
46974,374.825,21.631,-0.5,0.0,460.33,0.0,0.0,0.0,5.732,0,16.0,1.445,309.915,0.6433,37.5,35.35050582885742,4.98,0.0,0
46974,374.484,21.631,0.0,0.0,460.632,0.0,0.0,0.0,5.732,0,17.0,1.455,309.825,0.39590000000000003,36.84,35.35050582885742,4.98,0.0,0
46974,374.484,21.631,0.0,0.0,460.572,0.0,0.0,0.0,5.732,0,17.0,1.435,309.915,0.0,36.0,35.35050582885742,4.98,0.0,0
46974,374.65500000000003,21.631,-0.5,0.0,460.632,0.0,0.0,0.0,5.732,0,16.0,1.455,309.915,0.5279,35.28,35.35050582885742,4.98,0.0,0
46974,374.314,21.621000000000002,-0.5,0.0,460.572,0.0,0.0,0.0,5.732,0,15.0,1.445,309.825,-2.3589,34.95,35.35050582885742,4.98,0.0,0
46974,374.314,21.621000000000002,0.0,0.0,460.753,0.0,0.0,0.0,5.732,0,15.0,1.44,310.005,-1.996,35.19,35.35050582885742,4.98,0.0,0
46974,374.65500000000003,21.621000000000002,0.0,0.0,460.753,0.0,0.0,0.0,5.732,0,16.0,1.445,309.915,3.8270000000000004,36.9,35.35050582885742,4.98,0.0,0
46974,374.484,21.621000000000002,-0.5,0.0,460.451,0.0,0.0,0.0,5.732,0,16.0,1.415,310.005,2.6063,38.43,35.35050582885742,4.98,0.0,0
46974,374.314,21.621000000000002,0.0,0.0,460.269,0.0,0.0,0.0,5.732,0,17.0,1.435,309.915,-0.0165,38.76,35.35050582885742,4.98,0.0,0
46974,374.314,21.611,-0.5,0.0,460.512,0.0,0.0,0.0,5.732,0,15.0,1.425,309.915,-1.4516,38.43,35.35050582885742,4.98,0.0,0
46974,374.314,21.611,-0.5,0.0,460.632,0.0,0.0,0.0,5.732,0,16.0,1.43,309.915,-2.7713,37.59,35.35050582885742,4.98,0.0,0
46974,374.484,21.611,0.0,0.0,460.269,0.0,0.0,0.0,5.732,0,16.0,1.41,309.915,1.4516,36.36,35.35050582885742,4.98,0.0,0
46974,374.484,21.611,0.0,0.0,460.512,0.0,0.0,0.0,5.732,0,16.0,1.435,309.915,0.0,35.79,35.35050582885742,4.98,0.0,0
46974,374.65500000000003,21.611,0.0,0.0,460.632,0.0,0.0,0.0,5.732,0,18.0,1.405,309.915,1.7155,35.97,35.35050582885742,4.98,0.0,0
46974,374.484,21.602,-0.5,0.0,460.753,0.0,0.0,0.0,5.732,0,16.0,1.46,309.915,0.39590000000000003,35.88,35.35050582885742,4.98,0.0,0
46974,374.484,21.602,0.0,0.0,460.572,0.0,0.0,0.0,5.732,0,15.0,1.42,309.915,-0.9238000000000001,36.21,35.35050582885742,4.98,0.0,0
46974,374.484,21.602,0.0,0.0,460.512,0.0,0.0,0.0,5.732,0,14.0,1.43,309.915,0.9402,35.61,35.35050582885742,4.98,0.0,0
46974,374.484,21.602,0.0,0.0,460.269,0.0,0.0,0.0,5.732,0,16.0,1.445,309.915,0.132,35.31,35.35050582885742,4.98,0.0,0
46974,374.314,21.602,-0.5,0.0,460.269,0.0,0.0,0.0,5.732,0,16.0,1.445,309.915,0.0,35.34,35.35050582885742,4.98,0.0,0
46974,374.65500000000003,21.602,0.0,0.0,460.148,0.0,0.0,0.0,5.732,0,18.0,1.405,309.825,-1.8475000000000001,36.72,35.35050582885742,4.98,0.0,0
46974,374.65500000000003,21.602,0.0,0.0,460.572,0.0,0.0,0.0,5.732,0,16.0,1.46,310.005,-1.1217000000000001,37.62,35.35050582885742,4.98,0.0,0
46974,374.484,21.592000000000002,0.0,0.0,460.572,0.0,0.0,0.0,5.732,0,17.0,1.43,309.915,0.0,37.92,35.35050582885742,4.98,0.0,0
46974,374.314,21.592000000000002,0.0,0.0,460.269,0.0,0.0,0.0,5.732,0,15.0,1.445,309.915,1.5176,38.37,35.35050582885742,4.98,0.0,0
46974,374.65500000000003,21.592000000000002,0.0,0.0,460.632,0.0,0.0,0.0,5.732,0,16.0,1.465,309.915,-1.8475000000000001,37.95,35.35050582885742,4.98,0.0,0
46974,374.484,21.592000000000002,0.0,0.0,460.693,0.0,0.0,0.0,5.732,0,17.0,1.435,310.005,0.9897,37.38,35.35050582885742,4.98,0.0,0
46974,374.484,21.592000000000002,0.0,0.0,460.451,0.0,0.0,0.0,5.732,0,17.0,1.45,310.005,2.6393,37.26,35.35050582885742,4.98,0.0,0
46974,374.484,21.592000000000002,0.0,0.0,460.632,0.0,0.0,0.0,5.732,0,17.0,1.44,310.005,0.9897,37.050000000000004,35.35050582885742,4.98,0.0,0
46974,374.65500000000003,21.582,0.0,0.0,460.451,0.0,0.0,0.0,5.732,0,15.0,1.44,309.915,-1.8475000000000001,36.57,35.35050582885742,4.98,0.0,0
46974,374.314,21.582,0.0,0.0,460.391,0.0,0.0,0.0,5.732,0,16.0,1.425,309.825,-1.4516,35.4,35.35050582885742,4.98,0.0,0
46974,374.65500000000003,21.582,-0.5,0.0,460.572,0.0,0.0,0.0,5.732,0,17.0,1.43,309.825,-4.7507,35.25,35.35050582885742,4.98,0.0,0
46974,374.314,21.582,0.0,0.0,460.512,0.0,0.0,0.0,5.732,0,17.0,1.435,309.915,-3.1672000000000002,35.88,35.35050582885742,4.98,0.0,0
46974,374.65500000000003,21.582,0.0,0.0,460.693,0.0,0.0,0.0,5.732,0,17.0,1.455,310.005,4.2229,36.96,35.35050582885742,4.98,0.0,0
46974,374.65500000000003,21.572000000000003,-0.5,0.0,460.874,0.0,0.0,0.0,5.732,0,17.0,1.42,309.915,2.5733,37.68,35.35050582885742,4.98,0.0,0
46974,374.484,21.572000000000003,0.0,0.0,460.33,0.0,0.0,0.0,5.732,0,14.0,1.4000000000000001,309.915,-2.1114,37.29,35.35050582885742,4.98,0.0,0
46974,374.314,21.572000000000003,0.0,0.0,460.148,0.0,0.0,0.0,5.732,0,15.0,1.435,309.825,-1.9795,37.56,35.35050582885742,4.98,0.0,0
46974,374.314,21.572000000000003,0.0,0.0,460.33,0.0,0.0,0.0,5.732,0,17.0,1.44,309.915,0.5279,38.13,35.35050582885742,4.98,0.0,0
46974,374.314,21.572000000000003,-0.5,0.0,460.33,0.0,0.0,0.0,5.732,0,16.0,1.47,309.915,0.5279,37.83,35.35050582885742,4.98,0.0,0
46974,374.65500000000003,21.572000000000003,-0.5,0.0,460.572,0.0,0.0,0.2,5.732,0,17.0,1.45,309.915,1.8475000000000001,37.77,35.35050582885742,4.98,0.0,0
46974,374.65500000000003,21.563000000000002,0.0,0.0,460.632,0.0,0.0,0.0,5.732,0,15.0,1.44,310.005,0.9897,36.81,35.35050582885742,4.98,0.0,0
46974,374.484,21.563000000000002,-0.5,0.0,460.753,0.0,0.0,0.0,5.732,0,15.0,1.455,309.825,-1.0557,35.94,35.35050582885742,4.98,0.0,0
46974,374.65500000000003,21.563000000000002,0.0,0.0,460.632,0.0,0.0,0.0,5.732,0,16.0,1.445,309.915,-1.0557,35.64,35.35050582885742,4.98,0.0,0
46974,374.484,21.563000000000002,-0.5,0.0,460.269,0.0,0.0,0.0,5.732,0,17.0,1.465,309.915,-1.0557,35.97,35.35050582885742,4.98,0.0,0
46974,374.314,21.563000000000002,-0.5,0.0,460.33,0.0,0.0,0.0,5.732,0,16.0,1.48,309.825,-1.5836000000000001,35.64,35.35050582885742,4.98,0.0,0
46974,374.825,21.563000000000002,-0.5,0.0,460.391,0.0,0.0,0.0,5.732,0,16.0,1.4000000000000001,310.005,2.1114,35.34,35.35050582885742,4.98,0.0,0
46974,374.314,21.553,0.0,0.0,460.269,0.0,0.0,0.0,5.732,0,15.0,1.425,309.915,2.1114,35.82,35.35050582885742,4.98,0.0,0
46974,374.65500000000003,21.553,0.0,0.0,460.269,0.0,0.0,0.0,5.732,0,17.0,1.425,309.825,-2.1114,36.6,35.35050582885742,4.98,0.0,0
46974,374.825,21.553,0.0,0.0,460.027,0.0,0.0,0.0,5.732,0,16.0,1.445,309.915,-2.5733,37.62,35.35050582885742,4.98,0.0,0
46974,374.825,21.553,0.0,0.0,460.451,0.0,0.0,0.0,5.732,0,17.0,1.425,309.915,-0.2639,37.410000000000004,35.35050582885742,4.98,0.0,0
46974,374.314,21.553,0.0,0.0,460.572,0.0,0.0,-0.2,5.732,0,17.0,1.425,309.915,6.5323,37.44,35.35050582885742,4.98,0.0,0
46974,374.65500000000003,21.553,-0.5,0.0,460.572,0.0,0.0,-0.2,5.732,0,16.0,1.435,309.915,5.987900000000001,37.5,35.35050582885742,4.98,0.0,0
46974,374.65500000000003,21.553,0.0,0.0,460.208,0.0,0.0,0.0,5.732,0,16.0,1.44,309.915,1.7815,37.2,35.35050582885742,4.98,0.0,0
46974,374.484,21.543,0.0,0.0,460.451,0.0,0.0,0.0,5.732,0,16.0,1.43,309.825,-4.4043,36.63,35.35050582885742,4.98,0.0,0
46974,374.484,21.543,-0.5,0.0,460.269,0.0,0.0,0.0,5.732,0,17.0,1.44,309.915,0.5279,36.27,35.35050582885742,4.98,0.0,0
46974,374.65500000000003,21.543,0.0,0.0,460.148,0.0,0.0,0.0,5.732,0,16.0,1.43,309.915,0.5279,35.61,35.35050582885742,4.98,0.0,0
46974,374.65500000000003,21.543,-0.5,0.0,460.451,0.0,0.0,0.0,5.732,0,17.0,1.465,309.915,1.1712,34.62,35.35050582885742,4.98,0.0,0
46974,374.314,21.543,0.0,0.0,460.632,0.0,0.0,0.0,5.732,0,17.0,1.44,309.915,-0.132,34.230000000000004,35.35050582885742,4.98,0.0,0
46974,374.65500000000003,21.543,0.0,0.0,460.632,0.0,0.0,0.0,5.732,0,14.0,1.44,309.915,-1.4516,34.56,35.35050582885742,4.98,0.0,0
46974,374.484,21.533,-0.5,0.0,460.512,0.0,0.0,0.0,5.732,0,16.0,1.5,309.915,0.0,35.76,35.35050582885742,4.98,0.0,0
46974,374.484,21.533,0.0,0.0,460.148,0.0,0.0,0.0,5.732,0,16.0,1.46,309.825,0.6763,36.96,35.35050582885742,4.98,0.0,0
46974,374.314,21.533,0.0,0.0,460.391,0.0,0.0,0.0,5.732,0,18.0,1.455,309.915,-1.0557,37.38,35.35050582885742,4.98,0.0,0
46974,374.65500000000003,21.533,0.0,0.0,460.451,0.0,0.0,0.0,5.732,0,16.0,1.43,309.915,0.6598,37.17,35.35050582885742,4.98,0.0,0
46974,374.65500000000003,21.533,0.0,0.0,460.451,0.0,0.0,0.0,5.732,0,14.0,1.445,309.915,3.563,36.6,35.35050582885742,4.98,0.0,0
46974,374.314,21.533,0.0,0.0,460.269,0.0,0.0,-0.2,5.732,0,15.0,1.445,309.915,-1.9795,36.72,35.35050582885742,4.98,0.0,0
46974,374.314,21.533,0.0,0.0,460.087,0.0,0.0,0.0,5.732,0,16.0,1.475,309.915,-1.5671000000000002,36.06,35.35050582885742,4.98,0.0,0
46974,374.484,21.523,0.0,0.0,460.208,0.0,0.0,0.0,5.732,0,16.0,1.445,309.915,-1.4516,36.18,35.35050582885742,4.98,0.0,0
46974,374.484,21.523,0.0,0.0,460.33,0.0,0.0,0.2,5.732,0,16.0,1.435,309.915,-1.7155,36.0,35.35050582885742,4.98,0.0,0
46974,374.65500000000003,21.523,0.0,0.0,460.027,0.0,0.0,0.0,5.732,0,15.0,1.455,309.915,0.5279,35.61,35.35050582885742,4.98,0.0,0
46974,374.314,21.523,0.0,0.0,460.087,0.0,0.0,0.0,5.732,0,16.0,1.45,309.915,1.3032000000000001,35.01,35.35050582885742,4.98,0.0,0
46974,374.825,21.523,0.0,0.0,460.087,0.0,0.0,0.0,5.732,0,16.0,1.465,309.915,1.0557,34.86,35.35050582885742,4.98,0.0,0
46974,374.825,21.523,0.0,0.0,460.208,0.0,0.0,0.0,5.732,0,16.0,1.47,309.915,2.6393,35.1,35.35050582885742,4.98,0.0,0
46974,374.314,21.523,0.0,0.0,460.632,0.0,0.0,0.0,5.732,0,17.0,1.43,309.915,-1.0557,34.92,35.35050582885742,4.98,0.0,0
46974,374.314,21.514,-0.5,0.0,460.512,0.0,0.0,0.0,5.732,0,16.0,1.44,309.915,-1.5836000000000001,35.730000000000004,35.35050582885742,4.98,0.0,0
46974,374.65500000000003,21.514,-0.5,0.0,460.632,0.0,0.0,0.0,5.732,0,16.0,1.435,309.825,-1.0557,36.63,35.35050582885742,4.98,0.0,0
46974,374.484,21.514,-0.5,0.0,460.269,0.0,0.0,0.0,5.732,0,16.0,1.4000000000000001,309.915,-1.0557,37.62,35.35050582885742,4.98,0.0,0
46974,374.65500000000003,21.514,0.0,0.0,460.269,0.0,0.0,0.0,5.732,0,17.0,1.49,309.915,0.7918000000000001,37.53,35.35050582885742,4.98,0.0,0
46974,374.65500000000003,21.514,-0.5,0.0,460.269,0.0,0.0,0.0,5.732,0,18.0,1.42,310.005,3.563,37.02,35.35050582885742,4.98,0.0,0
46974,374.484,21.514,-0.5,0.0,460.391,0.0,0.0,0.0,5.732,0,16.0,1.435,309.915,2.3754,36.12,35.35050582885742,4.98,0.0,0
46974,374.825,21.504,0.0,0.0,460.391,0.0,0.0,0.0,5.732,0,15.0,1.48,310.005,-0.5938,35.910000000000004,35.35050582885742,4.98,0.0,0
46974,374.484,21.504,0.0,0.0,460.148,0.0,0.0,0.0,5.732,0,16.0,1.4000000000000001,310.14000000000004,0.9238000000000001,35.7,35.35050582885742,4.98,0.0,0
46974,374.65500000000003,21.504,0.0,0.0,460.087,0.0,0.0,0.0,5.732,0,15.0,1.435,309.915,1.8475000000000001,35.97,35.35050582885742,4.98,0.0,0
46974,374.65500000000003,21.504,0.0,0.0,460.148,0.0,0.0,0.0,5.732,0,17.0,1.42,309.915,-2.7713,35.88,35.35050582885742,4.98,0.0,0
46974,374.825,21.504,-1.0,0.0,460.33,0.0,0.0,0.0,5.732,0,16.0,1.425,309.915,-4.0579,34.800000000000004,35.35050582885742,4.98,0.0,0
46974,374.996,21.504,0.0,0.0,459.966,0.0,0.0,0.0,5.732,0,16.0,1.465,310.005,1.8475000000000001,34.29,35.35050582885742,4.98,0.0,0
46974,374.65500000000003,21.504,0.0,0.0,460.269,0.0,0.0,0.0,5.732,0,14.0,1.425,309.915,1.0557,34.05,35.35050582885742,4.98,0.0,0
46974,374.484,21.494,0.0,0.0,460.632,0.0,0.0,0.0,5.732,0,15.0,1.42,309.915,-0.2639,35.79,35.35050582885742,4.98,0.0,0
46974,374.825,21.494,0.0,0.0,460.512,0.0,0.0,0.0,5.732,0,17.0,1.455,309.915,-2.0455,36.93,35.35050582885742,4.98,0.0,0
46974,374.65500000000003,21.494,0.0,0.0,460.33,0.0,0.0,0.0,5.732,0,18.0,1.43,309.915,1.0557,37.11,35.35050582885742,4.98,0.0,0
46974,374.825,21.494,0.0,0.0,460.208,0.0,0.0,0.0,5.732,0,17.0,1.42,309.915,-0.5279,37.410000000000004,35.35050582885742,4.98,0.0,0
46974,374.484,21.494,-0.5,0.0,460.33,0.0,0.0,0.0,5.732,0,17.0,1.435,309.915,-1.5836000000000001,36.78,35.35050582885742,4.98,0.0,0
46974,374.484,21.494,0.0,0.0,460.269,0.0,0.0,0.0,5.732,0,15.0,1.445,309.825,1.6496000000000002,36.39,35.35050582885742,4.98,0.0,0
46974,374.484,21.494,0.0,0.0,460.269,0.0,0.0,0.0,5.732,0,16.0,1.42,310.005,0.0,36.21,35.35050582885742,4.98,0.0,0
46974,374.65500000000003,21.484,-0.5,0.0,460.512,0.0,0.0,0.0,5.732,0,17.0,1.47,309.915,1.5836000000000001,36.15,35.35050582885742,4.98,0.0,0
46974,374.825,21.484,0.0,0.0,459.966,0.0,0.0,0.0,5.732,0,18.0,1.365,309.825,-0.5279,36.09,35.35050582885742,4.98,0.0,0
46974,374.65500000000003,21.484,-0.5,0.0,460.269,0.0,0.0,0.0,5.732,0,16.0,1.43,309.825,-1.9795,35.58,35.35050582885742,4.98,0.0,0
46974,374.314,21.484,0.0,0.0,460.148,0.0,0.0,0.0,5.732,0,16.0,1.415,309.915,1.5836000000000001,34.89,35.35050582885742,4.98,0.0,0
46974,374.65500000000003,21.484,0.0,0.0,460.391,0.0,0.0,0.0,5.732,0,17.0,1.4000000000000001,309.915,0.46190000000000003,34.68,35.35050582885742,4.98,0.0,0
46974,374.65500000000003,21.484,0.0,0.0,460.269,0.0,0.0,0.0,5.732,0,15.0,1.43,309.825,0.0,34.44,35.35050582885742,4.98,0.0,0
46974,374.484,21.484,0.0,0.0,460.208,0.0,0.0,0.0,5.732,0,14.0,1.485,310.005,3.1012,35.22,35.35050582885742,4.98,0.0,0
46974,374.65500000000003,21.475,-0.5,0.0,460.632,0.0,0.0,0.0,5.732,0,18.0,1.42,310.005,3.4311000000000003,37.08,35.35050582885742,4.98,0.0,0
46974,374.825,21.475,0.0,0.0,460.451,0.0,0.0,0.0,5.732,0,18.0,1.46,309.915,-2.7053000000000003,37.47,35.35050582885742,4.98,0.0,0
46974,374.484,21.475,-0.5,0.0,460.572,0.0,0.0,0.0,5.732,0,16.0,1.49,310.005,-1.8475000000000001,37.92,35.35050582885742,4.98,0.0,0
46974,374.996,21.475,0.0,0.0,460.693,0.0,0.0,0.0,5.732,0,17.0,1.425,309.915,0.066,37.5,35.35050582885742,4.98,0.0,0
46974,374.825,21.475,-0.5,0.0,460.693,0.0,0.0,0.0,5.732,0,16.0,1.425,309.915,0.8083,37.38,35.35050582885742,4.98,0.0,0
46974,374.314,21.475,0.0,0.0,460.572,0.0,0.0,0.0,5.732,0,17.0,1.435,309.915,2.1114,36.51,35.35050582885742,4.98,0.0,0
46974,374.65500000000003,21.475,0.0,0.0,460.451,0.0,0.0,0.0,5.732,0,16.0,1.405,309.915,2.5238,35.46,35.35050582885742,4.98,0.0,0
46974,374.65500000000003,21.475,0.0,0.0,460.512,0.0,0.0,0.0,5.732,0,18.0,1.49,310.005,-0.8083,34.95,35.35050582885742,4.98,0.0,0
46974,374.484,21.465,-0.5,0.0,460.33,0.0,0.0,0.0,5.732,0,19.0,1.425,309.915,-0.2639,34.86,35.35050582885742,4.98,0.0,0
46974,374.484,21.465,0.0,0.0,460.269,0.0,0.0,0.0,5.732,0,18.0,1.415,309.915,-0.39590000000000003,35.7,35.35050582885742,4.98,0.0,0
46974,374.314,21.465,-0.5,0.0,460.027,0.0,0.0,0.0,5.732,0,15.0,1.41,309.825,-3.1507,35.52,35.35050582885742,4.98,0.0,0
46974,374.484,21.465,0.0,0.0,460.33,0.0,0.0,0.0,5.732,0,17.0,1.45,310.005,-0.6763,35.46,35.35050582885742,4.98,0.0,0
46974,374.65500000000003,21.465,0.0,0.0,460.33,0.0,0.0,0.0,5.732,0,17.0,1.43,309.915,1.0557,36.54,35.35050582885742,4.98,0.0,0
46974,374.65500000000003,21.465,0.0,0.0,460.512,0.0,0.0,0.0,5.732,0,17.0,1.455,309.825,1.7155,36.24,35.35050582885742,4.98,0.0,0
46974,374.825,21.465,-0.5,0.0,460.391,0.0,0.0,0.0,5.732,0,16.0,1.455,309.915,-0.28040000000000004,37.02,35.35050582885742,4.98,0.0,0
46974,374.65500000000003,21.455000000000002,0.0,0.0,460.208,0.0,0.0,0.0,5.732,0,14.0,1.41,309.915,0.7918000000000001,37.29,35.35050582885742,4.98,0.0,0
46974,374.65500000000003,21.455000000000002,0.0,0.0,460.753,0.0,0.0,0.0,5.732,0,16.0,1.44,310.005,1.3196,37.83,35.35050582885742,4.98,0.0,0
46974,374.314,21.455000000000002,0.0,0.0,460.451,0.0,0.0,0.0,5.732,0,17.0,1.42,309.915,-0.7918000000000001,37.83,35.35050582885742,4.98,0.0,0
46974,374.314,21.455000000000002,0.0,0.0,460.451,0.0,0.0,0.0,5.732,0,19.0,1.465,310.005,0.7753,36.9,35.35050582885742,4.98,0.0,0
46974,374.825,21.455000000000002,0.0,0.0,460.269,0.0,0.0,0.0,5.732,0,18.0,1.46,310.005,-3.2331000000000003,36.81,35.35050582885742,4.98,0.0,0
46974,374.484,21.455000000000002,-0.5,0.0,460.208,0.0,0.0,0.0,5.732,0,17.0,1.43,309.915,0.5938,36.660000000000004,35.35050582885742,4.98,0.0,0
46974,374.825,21.455000000000002,-0.5,0.0,460.269,0.0,0.0,0.0,5.732,0,17.0,1.44,309.915,0.6103000000000001,36.06,35.35050582885742,4.98,0.0,0
46974,374.484,21.455000000000002,0.0,0.0,459.966,0.0,0.0,0.0,5.732,0,16.0,1.43,310.005,-1.6001,36.12,35.35050582885742,4.98,0.0,0
46974,374.484,21.445,0.0,0.0,460.269,0.0,0.0,0.0,5.732,0,17.0,1.445,309.915,1.9795,36.12,35.35050582885742,4.98,0.0,0
46974,374.65500000000003,21.445,0.0,0.0,460.269,0.0,0.0,0.0,5.732,0,16.0,1.435,309.915,-0.9238000000000001,36.63,35.35050582885742,4.98,0.0,0
46974,374.825,21.445,0.0,0.0,460.087,0.0,0.0,0.0,5.732,0,18.0,1.445,309.915,-2.0949,37.29,35.35050582885742,4.98,0.0,0
46974,374.484,21.445,-0.5,0.0,460.027,0.0,0.0,0.0,5.732,0,17.0,1.46,309.825,0.6763,37.2,35.35050582885742,4.98,0.0,0
46974,374.65500000000003,21.445,0.0,0.0,460.087,0.0,0.0,0.0,5.732,0,16.0,1.445,309.915,0.6598,37.44,35.35050582885742,4.98,0.0,0
46974,374.65500000000003,21.445,0.0,0.0,460.148,0.0,0.0,0.0,5.732,0,14.0,1.44,309.915,-1.0722,37.14,35.35050582885742,4.98,0.0,0
46974,374.484,21.445,-0.5,0.0,459.906,0.0,0.0,0.0,5.732,0,18.0,1.47,309.915,-1.3361,37.35,35.35050582885742,4.98,0.0,0
46974,374.996,21.436,-0.5,0.0,459.845,0.0,0.0,0.0,5.732,0,17.0,1.455,309.915,0.28040000000000004,37.68,35.35050582885742,4.98,0.0,0
46974,374.65500000000003,21.436,0.0,0.0,460.391,0.0,0.0,0.0,5.732,0,16.0,1.455,309.825,-0.1155,37.35,35.35050582885742,4.98,0.0,0
46974,374.314,21.436,0.0,0.0,460.269,0.0,0.0,0.0,5.732,0,15.0,1.44,310.005,0.4949,36.33,35.35050582885742,4.98,0.0,0
46974,374.825,21.436,0.0,0.0,459.785,0.0,0.0,0.0,5.732,0,16.0,1.425,309.915,-0.6598,35.910000000000004,35.35050582885742,4.98,0.0,0
46974,374.825,21.436,0.0,0.0,459.785,0.0,0.0,0.0,5.732,0,16.0,1.415,309.915,1.699,35.64,35.35050582885742,4.98,0.0,0
46974,374.65500000000003,21.436,-0.5,0.0,460.148,0.0,0.0,0.0,5.732,0,16.0,1.44,309.915,1.2042000000000002,34.95,35.35050582885742,4.98,0.0,0
46974,374.65500000000003,21.436,0.0,0.0,460.269,0.0,0.0,0.0,5.732,0,16.0,1.445,309.915,-0.132,35.01,35.35050582885742,4.98,0.0,0
46974,374.825,21.436,0.0,0.0,460.148,0.0,0.0,0.0,5.732,0,16.0,1.47,309.915,0.2639,36.12,35.35050582885742,4.98,0.0,0
46974,374.825,21.436,0.0,0.0,460.148,0.0,0.0,0.0,5.732,0,16.0,1.475,309.915,0.0,36.24,35.35050582885742,4.98,0.0,0
46974,374.65500000000003,21.436,0.0,0.0,460.087,0.0,0.0,0.0,5.732,0,16.0,1.41,309.915,1.5836000000000001,37.35,35.35050582885742,4.98,0.0,0
46974,374.314,21.426000000000002,-0.5,0.0,460.148,0.0,0.0,0.0,5.732,0,18.0,1.44,309.915,-1.0557,38.07,35.35050582885742,4.98,0.0,0
46974,374.484,21.426000000000002,0.0,0.0,460.208,0.0,0.0,0.0,5.732,0,18.0,1.445,309.915,0.0,37.53,35.35050582885742,4.98,0.0,0
46974,374.825,21.426000000000002,0.0,0.0,460.208,0.0,0.0,0.0,5.732,0,17.0,1.455,309.915,-0.2639,37.47,35.35050582885742,4.98,0.0,0
46974,374.996,21.426000000000002,0.0,0.0,460.512,0.0,0.0,0.0,5.732,0,16.0,1.45,310.005,-0.14850000000000002,36.93,35.35050582885742,4.98,0.0,0
46974,374.484,21.426000000000002,0.0,0.0,460.632,0.0,0.0,0.0,5.732,0,15.0,1.44,309.915,-0.9238000000000001,36.84,35.35050582885742,4.98,0.0,0
46974,374.314,21.426000000000002,0.0,0.0,460.148,0.0,0.0,0.0,5.732,0,17.0,1.42,309.915,1.9795,37.11,35.35050582885742,4.98,0.0,0
46974,374.65500000000003,21.426000000000002,0.0,0.0,460.148,0.0,0.0,0.0,5.732,0,18.0,1.445,309.915,0.41240000000000004,38.22,35.35050582885742,4.98,0.0,0
46974,374.825,21.426000000000002,-0.5,0.0,460.027,0.0,0.0,0.0,5.732,0,16.0,1.415,310.005,-0.8083,37.68,35.35050582885742,4.98,0.0,0
46974,374.314,21.426000000000002,0.0,0.0,460.148,0.0,0.0,0.0,5.732,0,16.0,1.415,309.915,0.7918000000000001,36.39,35.35050582885742,4.98,0.0,0
46974,374.825,21.416,-0.5,0.0,460.33,0.0,0.0,0.0,5.732,0,14.0,1.475,309.915,-1.5671000000000002,35.730000000000004,35.35050582885742,4.98,0.0,0
46974,374.314,21.416,0.5,0.0,459.966,0.0,0.0,0.0,5.732,0,16.0,1.3900000000000001,309.915,-4.7342,34.86,35.35050582885742,4.98,0.0,0
46974,374.314,21.416,-0.5,0.0,459.664,0.0,0.0,0.0,5.732,0,17.0,1.41,309.915,-0.6598,35.160000000000004,35.35050582885742,4.98,0.0,0
46974,374.825,21.416,0.0,0.0,460.208,0.0,0.0,0.0,5.732,0,17.0,1.44,309.825,1.4681,36.57,35.35050582885742,4.98,0.0,0
46974,374.484,21.416,0.0,0.0,460.269,0.0,0.0,0.0,5.732,0,17.0,1.455,310.005,2.0784000000000002,37.62,35.35050582885742,4.98,0.0,0
46974,374.314,21.416,0.5,0.0,460.451,0.0,0.0,0.0,5.732,0,18.0,1.45,309.915,-2.1114,39.03,35.35050582885742,4.98,0.0,0
46974,374.825,21.416,0.0,0.0,460.269,0.0,0.0,0.0,5.732,0,16.0,1.465,309.915,0.6598,39.42,35.35050582885742,4.98,0.0,0
46974,374.996,21.416,0.0,0.0,460.208,0.0,0.0,0.0,5.732,0,16.0,1.435,310.005,-1.7155,38.82,35.35050582885742,4.98,0.0,0
46974,374.65500000000003,21.406000000000002,0.0,0.0,460.087,0.0,0.0,0.0,5.732,0,17.0,1.425,310.005,3.926,36.96,35.35050582885742,4.98,0.0,0
46974,374.825,21.406000000000002,0.0,0.0,460.027,0.0,0.0,0.0,5.732,0,18.0,1.42,309.825,1.3361,37.050000000000004,35.35050582885742,4.98,0.0,0
46974,374.65500000000003,21.406000000000002,0.0,0.0,459.966,0.0,0.0,0.0,5.732,0,18.0,1.435,310.005,-3.4641,37.02,35.35050582885742,4.98,0.0,0
46974,374.996,21.406000000000002,0.0,0.0,459.845,0.0,0.0,0.0,5.732,0,16.0,1.47,309.915,1.732,36.42,35.35050582885742,4.98,0.0,0
46974,374.825,21.406000000000002,0.0,0.0,459.845,0.0,0.0,0.0,5.732,0,16.0,1.435,309.915,2.1774,36.39,35.35050582885742,4.98,0.0,0
46974,374.825,21.406000000000002,0.0,0.0,460.148,0.0,0.0,0.2,5.732,0,16.0,1.475,309.915,2.6393,35.61,35.35050582885742,4.98,0.0,0
46974,374.65500000000003,21.406000000000002,0.0,0.0,460.208,0.0,0.0,0.0,5.732,0,16.0,1.435,309.915,-2.0455,35.7,35.35050582885742,4.98,0.0,0
46974,374.996,21.406000000000002,0.0,0.0,460.451,0.0,0.0,0.0,5.732,0,18.0,1.465,309.825,-3.1672000000000002,35.43,35.35050582885742,4.98,0.0,0
46974,374.825,21.406000000000002,0.0,0.0,460.269,0.0,0.0,0.0,5.732,0,17.0,1.415,309.825,0.066,36.63,35.35050582885742,4.98,0.0,0
46974,374.825,21.396,0.0,0.0,460.208,0.0,0.0,0.0,5.732,0,17.0,1.435,309.915,1.5836000000000001,38.1,35.35050582885742,4.98,0.0,0
46974,374.825,21.396,0.0,0.0,460.148,0.0,0.0,0.0,5.732,0,16.0,1.41,309.915,2.0455,39.06,35.35050582885742,4.98,0.0,0
46974,374.484,21.396,0.0,0.0,460.391,0.0,0.0,0.0,5.732,0,15.0,1.46,309.915,2.1114,39.480000000000004,35.35050582885742,4.98,0.0,0
46974,374.825,21.396,0.0,0.0,460.451,0.0,0.0,0.0,5.732,0,17.0,1.425,309.915,-1.0557,38.76,35.35050582885742,4.98,0.0,0
46974,374.484,21.396,0.0,0.0,460.269,0.0,0.0,0.0,5.732,0,17.0,1.43,309.915,0.0,37.32,35.35050582885742,4.98,0.0,0
46974,374.65500000000003,21.396,0.0,0.0,460.148,0.0,0.0,0.0,5.732,0,17.0,1.44,309.915,-1.0557,36.21,35.35050582885742,4.98,0.0,0
46974,374.825,21.396,0.0,0.0,460.391,0.0,0.0,0.0,5.732,0,18.0,1.45,309.915,0.2639,35.94,35.35050582885742,4.98,0.0,0
46974,374.65500000000003,21.396,0.0,0.0,460.269,0.0,0.0,0.0,5.732,0,14.0,1.395,310.005,2.5733,36.21,35.35050582885742,4.98,0.0,0
46974,374.825,21.396,0.0,0.0,460.269,0.0,0.0,0.0,5.732,0,16.0,1.415,310.005,3.1507,36.18,35.35050582885742,4.98,0.0,0
46974,374.484,21.396,0.0,0.0,460.087,0.0,0.0,0.0,5.732,0,15.0,1.44,309.915,-1.0557,35.58,35.35050582885742,4.98,0.0,0
46974,374.825,21.387,0.0,0.0,459.966,0.0,0.0,0.0,5.732,0,17.0,1.43,309.915,-1.0557,35.43,35.35050582885742,4.98,0.0,0
46974,374.65500000000003,21.387,0.0,0.0,460.269,0.0,0.0,0.0,5.732,0,18.0,1.455,309.915,-0.5114000000000001,35.94,35.35050582885742,4.98,0.0,0
46974,374.65500000000003,21.387,0.0,0.0,460.269,0.0,0.0,0.0,5.732,0,17.0,1.415,310.005,1.9465000000000001,36.27,35.35050582885742,4.98,0.0,0
46974,374.314,21.387,0.0,0.0,460.269,0.0,0.0,0.0,5.732,0,17.0,1.44,309.825,1.864,37.230000000000004,35.35050582885742,4.98,0.0,0
46974,374.825,21.387,0.0,0.0,460.208,0.0,0.0,0.0,5.732,0,15.0,1.42,309.915,-1.1877,38.13,35.35050582885742,4.98,0.0,0
46974,374.484,21.387,0.0,0.0,460.269,0.0,0.0,0.0,5.732,0,16.0,1.455,309.915,-3.6785,38.46,35.35050582885742,4.98,0.0,0
46974,374.996,21.387,0.0,0.0,460.027,0.0,0.0,0.0,5.732,0,17.0,1.435,309.825,0.8248000000000001,38.52,35.35050582885742,4.98,0.0,0
46974,374.314,21.387,0.0,0.0,460.451,0.0,0.0,-0.2,5.732,0,18.0,1.45,310.005,2.0949,37.89,35.35050582885742,4.98,0.0,0
46974,374.996,21.387,0.0,0.0,460.269,0.0,0.0,0.0,5.732,0,17.0,1.44,309.915,0.7753,36.9,35.35050582885742,4.98,0.0,0
46974,374.65500000000003,21.377000000000002,0.0,0.0,459.906,0.0,0.0,0.0,5.732,0,17.0,1.43,309.825,-0.9238000000000001,36.0,35.35050582885742,4.98,0.0,0
46974,374.65500000000003,21.377000000000002,-0.5,0.0,460.148,0.0,0.0,0.2,5.732,0,14.0,1.435,309.915,-2.6393,35.88,35.35050582885742,4.98,0.0,0
46974,374.825,21.377000000000002,-0.5,0.0,460.693,0.0,0.0,0.0,5.732,0,17.0,1.43,309.915,1.5836000000000001,35.22,35.35050582885742,4.98,0.0,0
46974,374.484,21.377000000000002,-0.5,0.0,460.451,0.0,0.0,0.0,5.732,0,18.0,1.44,309.915,1.5836000000000001,34.980000000000004,35.35050582885742,4.98,0.0,0
46974,374.65500000000003,21.377000000000002,0.0,0.0,460.391,0.0,0.0,0.0,5.732,0,16.0,1.455,309.825,-3.6785,35.52,35.35050582885742,4.98,0.0,0
46974,374.65500000000003,21.377000000000002,0.0,0.0,460.391,0.0,0.0,0.0,5.732,0,16.0,1.47,309.825,-4.1569,35.64,35.35050582885742,4.98,0.0,0
46974,374.484,21.377000000000002,0.0,0.0,460.148,0.0,0.0,0.0,5.732,0,14.0,1.435,309.915,-2.3754,36.81,35.35050582885742,4.98,0.0,0
46974,374.825,21.377000000000002,0.0,0.0,460.148,0.0,0.0,0.0,5.732,0,16.0,1.43,310.005,0.9897,37.2,35.35050582885742,4.98,0.0,0
46974,374.65500000000003,21.377000000000002,-0.5,0.0,460.269,0.0,0.0,0.0,5.732,0,17.0,1.435,309.915,3.6950000000000003,37.38,35.35050582885742,4.98,0.0,0
46974,374.825,21.377000000000002,0.0,0.0,460.269,0.0,0.0,0.0,5.732,0,19.0,1.44,309.915,1.5836000000000001,37.74,35.35050582885742,4.98,0.0,0
46974,374.825,21.367,0.0,0.0,460.269,0.0,0.0,0.0,5.732,0,17.0,1.425,310.005,1.0557,37.29,35.35050582885742,4.98,0.0,0
46974,374.996,21.367,0.0,0.0,460.451,0.0,0.0,0.0,5.732,0,15.0,1.435,310.005,-0.066,36.69,35.35050582885742,4.98,0.0,0
46974,374.65500000000003,21.367,-0.5,0.0,460.269,0.0,0.0,0.0,5.732,0,16.0,1.485,309.915,-1.3196,36.99,35.35050582885742,4.98,0.0,0
46974,374.65500000000003,21.367,0.0,0.0,460.208,0.0,0.0,0.0,5.732,0,17.0,1.43,309.915,-1.5176,37.44,35.35050582885742,4.98,0.0,0
46974,374.996,21.367,0.0,0.0,460.148,0.0,0.0,-0.2,5.732,0,18.0,1.41,309.915,-3.1672000000000002,36.63,35.35050582885742,4.98,0.0,0
46974,374.484,21.367,0.0,0.0,460.148,0.0,0.0,-0.2,5.732,0,18.0,1.405,309.915,-2.6228000000000002,36.63,35.35050582885742,4.98,0.0,0
46974,374.484,21.367,0.0,0.0,460.087,0.0,0.0,0.0,5.732,0,16.0,1.45,309.915,0.132,37.11,35.35050582885742,4.98,0.0,0
46974,374.484,21.367,0.0,0.0,460.391,0.0,0.0,0.0,5.732,0,14.0,1.465,309.915,1.4516,35.82,35.35050582885742,4.98,0.0,0
46974,374.996,21.367,0.0,0.0,460.391,0.0,0.0,0.0,5.732,0,16.0,1.435,310.005,-0.0165,35.79,35.35050582885742,4.98,0.0,0
46974,374.484,21.367,-0.5,0.0,459.845,0.0,0.0,0.0,5.732,0,16.0,1.45,309.915,2.2434000000000003,34.89,35.35050582885742,4.98,0.0,0
46974,374.825,21.367,-0.5,0.0,460.087,0.0,0.0,0.0,5.732,0,17.0,1.45,309.825,-1.963,35.34,35.35050582885742,4.98,0.0,0
46974,374.65500000000003,21.357,0.0,0.0,460.269,0.0,0.0,0.0,5.732,0,17.0,1.42,309.915,-2.6228000000000002,36.480000000000004,35.35050582885742,4.98,0.0,0
46974,375.166,21.357,0.0,0.0,460.269,0.0,0.0,0.0,5.732,0,15.0,1.425,309.825,-1.0227,37.32,35.35050582885742,4.98,0.0,0
46974,374.484,21.357,0.0,0.0,460.451,0.0,0.0,0.0,5.732,0,15.0,1.495,309.915,2.8867000000000003,38.25,35.35050582885742,4.98,0.0,0
46974,374.65500000000003,21.357,0.0,0.0,460.027,0.0,0.0,0.0,5.732,0,16.0,1.425,309.825,0.2969,37.86,35.35050582885742,4.98,0.0,0
46974,374.825,21.357,0.0,0.0,460.148,0.0,0.0,0.0,5.732,0,16.0,1.465,310.005,0.3629,38.07,35.35050582885742,4.98,0.0,0
46974,374.825,21.357,0.0,0.0,460.269,0.0,0.0,0.0,5.732,0,16.0,1.445,309.915,1.0722,37.86,35.35050582885742,4.98,0.0,0
46974,374.65500000000003,21.357,0.0,0.0,460.087,0.0,0.0,0.0,5.732,0,17.0,1.43,310.005,3.2661000000000002,37.17,35.35050582885742,4.98,0.0,0
46974,374.65500000000003,21.357,0.0,0.0,460.269,0.0,0.0,0.0,5.732,0,16.0,1.42,309.825,-0.3794,36.21,35.35050582885742,4.98,0.0,0
46974,374.484,21.357,0.0,0.0,460.027,0.0,0.0,0.0,5.732,0,16.0,1.365,309.915,1.0557,34.56,35.35050582885742,4.98,0.0,0
46974,374.484,21.357,0.0,0.0,459.966,0.0,0.0,0.0,5.732,0,15.0,1.455,309.915,-2.4908,35.19,35.35050582885742,4.98,0.0,0
46974,374.65500000000003,21.348000000000003,0.0,0.0,459.966,0.0,0.0,0.0,5.732,0,16.0,1.45,309.915,-2.1279,35.43,35.35050582885742,4.98,0.0,0
46974,374.484,21.348000000000003,0.0,0.0,459.966,0.0,0.0,0.0,5.732,0,17.0,1.43,309.915,-0.3794,35.550000000000004,35.35050582885742,4.98,0.0,0
46974,374.825,21.348000000000003,-0.5,0.0,460.33,0.0,0.0,0.0,5.732,0,18.0,1.45,310.005,3.1507,35.82,35.35050582885742,4.98,0.0,0
46974,374.825,21.348000000000003,0.0,0.0,460.148,0.0,0.0,0.0,5.732,0,17.0,1.46,309.915,0.7918000000000001,36.57,35.35050582885742,4.98,0.0,0
46974,374.65500000000003,21.348000000000003,-0.5,0.0,460.087,0.0,0.0,0.0,5.732,0,17.0,1.435,309.915,-3.563,37.08,35.35050582885742,4.98,0.0,0
46974,374.65500000000003,21.348000000000003,-0.5,0.0,460.269,0.0,0.0,0.0,5.732,0,16.0,1.42,310.005,-2.1279,37.38,35.35050582885742,4.98,0.0,0
46974,374.825,21.348000000000003,0.0,0.0,460.632,0.0,0.0,0.0,5.732,0,18.0,1.425,309.915,-0.2639,37.53,35.35050582885742,4.98,0.0,0
46974,374.825,21.348000000000003,0.0,0.0,460.632,0.0,0.0,0.0,5.732,0,16.0,1.395,309.915,0.6433,36.660000000000004,35.35050582885742,4.98,0.0,0
46974,374.484,21.348000000000003,0.0,0.0,460.451,0.0,0.0,0.0,5.732,0,16.0,1.425,309.915,-0.5114000000000001,35.82,35.35050582885742,4.98,0.0,0
46974,374.484,21.348000000000003,0.0,0.0,460.451,0.0,0.0,0.0,5.732,0,16.0,1.425,309.915,0.066,35.79,35.35050582885742,4.98,0.0,0
46974,374.65500000000003,21.348000000000003,0.0,0.0,460.148,0.0,0.0,0.0,5.732,0,17.0,1.44,309.915,1.3196,35.58,35.35050582885742,4.98,0.0,0
46974,374.314,21.338,0.0,0.0,460.269,0.0,0.0,0.0,5.732,0,18.0,1.43,309.915,0.0,35.19,35.35050582885742,4.98,0.0,0
46974,374.996,21.338,0.0,0.0,460.451,0.0,0.0,0.0,5.732,0,17.0,1.425,309.915,-1.3196,34.74,35.35050582885742,4.98,0.0,0
46974,374.65500000000003,21.338,0.0,0.0,459.785,0.0,0.0,0.0,5.732,0,15.0,1.465,309.915,0.0,34.47,35.35050582885742,4.98,0.0,0
46974,374.825,21.338,0.0,0.0,459.725,0.0,0.0,0.0,5.732,0,16.0,1.46,309.915,0.0,34.68,35.35050582885742,4.98,0.0,0
46974,374.65500000000003,21.338,0.0,0.0,460.208,0.0,0.0,0.0,5.732,0,16.0,1.42,309.825,-0.9897,35.79,35.35050582885742,4.98,0.0,0
46974,374.484,21.338,0.0,0.0,460.451,0.0,0.0,0.0,5.732,0,17.0,1.445,309.915,-0.7918000000000001,37.29,35.35050582885742,4.98,0.0,0
46974,374.65500000000003,21.338,0.0,0.0,460.391,0.0,0.0,0.0,5.732,0,17.0,1.45,309.915,-1.0557,37.89,35.35050582885742,4.98,0.0,0
46974,374.65500000000003,21.338,0.0,0.0,460.208,0.0,0.0,0.0,5.732,0,17.0,1.425,309.915,1.5836000000000001,37.59,35.35050582885742,4.98,0.0,0
46974,374.825,21.338,0.0,0.0,460.269,0.0,0.0,0.0,5.732,0,15.0,1.43,309.825,-1.5176,37.29,35.35050582885742,4.98,0.0,0
46974,374.825,21.338,-0.5,0.0,460.208,0.0,0.0,0.0,5.732,0,15.0,1.445,309.915,-2.3754,37.29,35.35050582885742,4.98,0.0,0
46974,374.65500000000003,21.328,0.0,0.0,460.269,0.0,0.0,0.0,5.732,0,17.0,1.46,309.915,2.6393,37.38,35.35050582885742,4.98,0.0,0
46974,374.996,21.328,0.0,0.0,460.208,0.0,0.0,0.0,5.732,0,16.0,1.49,309.915,2.9032,37.44,35.35050582885742,4.98,0.0,0
46974,374.825,21.328,0.0,0.0,460.148,0.0,0.0,0.0,5.732,0,17.0,1.435,310.005,-0.5938,37.35,35.35050582885742,4.98,0.0,0
46974,374.65500000000003,21.328,0.0,0.0,460.391,0.0,0.0,0.0,5.732,0,16.0,1.465,309.915,-0.5279,36.42,35.35050582885742,4.98,0.0,0
46974,374.996,21.328,0.0,0.0,460.208,0.0,0.0,0.0,5.732,0,16.0,1.43,310.005,2.0455,35.550000000000004,35.35050582885742,4.98,0.0,0
46974,374.65500000000003,21.328,0.0,0.0,460.087,0.0,0.0,0.0,5.732,0,17.0,1.42,309.915,0.5279,35.25,35.35050582885742,4.98,0.0,0
46974,374.996,21.328,0.0,0.0,460.148,0.0,0.0,0.0,5.732,0,15.0,1.45,310.005,-0.5938,34.74,35.35050582885742,4.98,0.0,0
46974,374.996,21.328,0.0,0.0,460.451,0.0,0.0,0.0,5.732,0,17.0,1.435,310.005,2.1114,36.480000000000004,35.35050582885742,4.98,0.0,0
46974,374.314,21.328,0.0,0.0,460.391,0.0,0.0,0.0,5.732,0,17.0,1.44,309.915,2.6393,38.160000000000004,35.35050582885742,4.98,0.0,0
46974,374.996,21.328,-0.5,0.0,460.391,0.0,0.0,0.0,5.732,0,18.0,1.48,310.005,-3.4311000000000003,38.550000000000004,35.35050582885742,4.98,0.0,0
46974,374.825,21.328,0.0,0.0,460.391,0.0,0.0,0.0,5.732,0,17.0,1.46,309.915,-3.5466,38.61,35.35050582885742,4.98,0.0,0
46974,374.65500000000003,21.328,0.0,0.0,459.966,0.0,0.0,0.0,5.732,0,15.0,1.425,309.915,-2.8867000000000003,38.46,35.35050582885742,4.98,0.0,0
46974,374.996,21.318,-0.5,0.0,460.148,0.0,0.0,0.0,5.732,0,16.0,1.42,310.14000000000004,0.6186,38.13,35.35050582885742,4.98,0.0,0
46974,374.825,21.318,0.0,0.0,460.451,0.0,0.0,0.0,5.732,0,17.0,1.475,309.825,1.9465000000000001,37.29,35.35050582885742,4.98,0.0,0
46974,374.996,21.318,0.0,0.0,460.148,0.0,0.0,0.0,5.732,0,17.0,1.495,310.005,2.1609000000000003,37.050000000000004,35.35050582885742,4.98,0.0,0
46974,374.825,21.318,0.0,0.0,459.785,0.0,0.0,0.0,5.732,0,19.0,1.445,309.915,-3.4971,36.9,35.35050582885742,4.98,0.0,0
46974,374.65500000000003,21.318,0.0,0.0,460.269,0.0,0.0,0.0,5.732,0,17.0,1.415,309.915,1.3032000000000001,36.45,35.35050582885742,4.98,0.0,0
46974,374.65500000000003,21.318,0.0,0.0,460.087,0.0,0.0,0.0,5.732,0,17.0,1.41,309.915,-2.3589,36.6,35.35050582885742,4.98,0.0,0
46974,374.825,21.318,0.0,0.0,460.148,0.0,0.0,0.0,5.732,0,16.0,1.455,309.825,-1.963,35.64,35.35050582885742,4.98,0.0,0
46974,374.825,21.318,0.0,0.0,460.148,0.0,0.0,0.0,5.732,0,15.0,1.405,309.915,0.5279,35.76,35.35050582885742,4.98,0.0,0
46974,374.65500000000003,21.318,0.0,0.0,459.785,0.0,0.0,0.0,5.732,0,17.0,1.41,309.825,-0.5114000000000001,36.660000000000004,35.35050582885742,4.98,0.0,0
46974,374.484,21.318,0.0,0.0,459.785,0.0,0.0,0.0,5.732,0,15.0,1.47,309.915,-0.9238000000000001,37.38,35.35050582885742,4.98,0.0,0
46974,374.825,21.318,-0.5,0.0,459.906,0.0,0.0,0.0,5.732,0,16.0,1.435,309.915,-0.132,38.01,35.35050582885742,4.98,0.0,0
46974,374.65500000000003,21.309,0.5,0.0,459.966,0.0,0.0,0.0,5.732,0,17.0,1.475,309.915,2.2269,38.76,35.35050582885742,4.98,0.0,0
46974,374.825,21.309,0.0,0.0,460.087,0.0,0.0,0.0,5.732,0,16.0,1.45,309.915,0.0,38.34,35.35050582885742,4.98,0.0,0
46974,374.65500000000003,21.309,0.0,0.0,460.148,0.0,0.0,0.0,5.732,0,17.0,1.43,309.915,0.0,37.230000000000004,35.35050582885742,4.98,0.0,0
46974,374.314,21.309,0.0,0.0,459.906,0.0,0.0,0.0,5.732,0,17.0,1.415,309.915,0.0,36.45,35.35050582885742,4.98,0.0,0
46974,374.65500000000003,21.309,0.0,0.0,459.845,0.0,0.0,0.0,5.732,0,16.0,1.405,309.825,-1.4351,35.730000000000004,35.35050582885742,4.98,0.0,0
46974,374.484,21.309,-0.5,0.0,459.725,0.0,0.0,0.0,5.732,0,17.0,1.435,310.005,1.0392000000000001,36.21,35.35050582885742,4.98,0.0,0
46974,374.484,21.309,-0.5,0.0,460.027,0.0,0.0,0.0,5.732,0,16.0,1.425,309.915,1.4516,36.72,35.35050582885742,4.98,0.0,0
46974,374.65500000000003,21.309,-0.5,0.0,459.966,0.0,0.0,0.0,5.732,0,17.0,1.445,309.915,-0.41240000000000004,36.63,35.35050582885742,4.98,0.0,0
46974,374.825,21.309,0.0,0.0,460.269,0.0,0.0,0.0,5.732,0,17.0,1.47,309.915,-1.7155,36.27,35.35050582885742,4.98,0.0,0
46974,374.65500000000003,21.309,0.0,0.0,460.208,0.0,0.0,0.0,5.732,0,14.0,1.445,310.005,2.2269,35.37,35.35050582885742,4.98,0.0,0
46974,374.996,21.309,0.0,0.0,459.966,0.0,0.0,0.0,5.732,0,16.0,1.41,310.005,2.7548,35.85,35.35050582885742,4.98,0.0,0
46974,374.825,21.299,0.0,0.0,460.087,0.0,0.0,0.0,5.732,0,18.0,1.42,309.915,2.2434000000000003,36.57,35.35050582885742,4.98,0.0,0
46974,374.65500000000003,21.299,0.0,0.0,460.027,0.0,0.0,0.0,5.732,0,15.0,1.385,310.005,-1.1877,37.86,35.35050582885742,4.98,0.0,0
46974,374.825,21.299,0.0,0.0,460.027,0.0,0.0,0.0,5.732,0,18.0,1.435,309.915,-3.1507,38.04,35.35050582885742,4.98,0.0,0
46974,374.825,21.299,-0.5,0.0,460.33,0.0,0.0,0.0,5.732,0,16.0,1.425,309.915,-1.1712,38.43,35.35050582885742,4.98,0.0,0
46974,374.65500000000003,21.299,0.0,0.0,460.027,0.0,0.0,0.0,5.732,0,17.0,1.425,309.915,-3.1507,38.730000000000004,35.35050582885742,4.98,0.0,0
46974,374.65500000000003,21.299,0.0,0.0,460.148,0.0,0.0,0.0,5.732,0,16.0,1.42,310.005,1.0392000000000001,37.800000000000004,35.35050582885742,4.98,0.0,0
46974,374.484,21.299,0.0,0.0,459.785,0.0,0.0,-0.2,5.732,0,18.0,1.455,309.825,0.5444,36.9,35.35050582885742,4.98,0.0,0
46974,374.314,21.299,0.0,0.0,459.785,0.0,0.0,0.0,5.732,0,17.0,1.43,310.005,-1.6166,35.97,35.35050582885742,4.98,0.0,0
46974,374.65500000000003,21.299,0.0,0.0,459.906,0.0,0.0,0.0,5.732,0,16.0,1.455,310.005,0.0,36.09,35.35050582885742,4.98,0.0,0
46974,374.484,21.299,0.0,0.0,459.906,0.0,0.0,0.0,5.732,0,15.0,1.44,309.915,4.2064,35.97,35.35050582885742,4.98,0.0,0
46974,374.65500000000003,21.299,0.0,0.0,459.966,0.0,0.0,0.0,5.732,0,16.0,1.45,309.915,3.6950000000000003,35.94,35.35050582885742,4.98,0.0,0
46974,374.825,21.299,0.0,0.0,460.087,0.0,0.0,0.0,5.732,0,16.0,1.435,309.915,-0.9897,35.88,35.35050582885742,4.98,0.0,0
46974,374.996,21.289,0.0,0.0,459.785,0.0,0.0,0.0,5.732,0,17.0,1.415,309.915,-1.8475000000000001,35.910000000000004,35.35050582885742,4.98,0.0,0
46974,374.484,21.289,0.0,0.0,459.725,0.0,0.0,0.0,5.732,0,18.0,1.445,309.915,1.5836000000000001,36.33,35.35050582885742,4.98,0.0,0
46974,374.825,21.289,0.0,0.0,460.148,0.0,0.0,0.0,5.732,0,17.0,1.435,309.915,1.5836000000000001,37.5,35.35050582885742,4.98,0.0,0
46974,374.825,21.289,-0.5,0.0,460.269,0.0,0.0,0.0,5.732,0,16.0,1.455,309.915,-2.6393,37.95,35.35050582885742,4.98,0.0,0
46974,374.65500000000003,21.289,0.0,0.0,460.148,0.0,0.0,0.0,5.732,0,15.0,1.46,309.915,-0.2639,38.4,35.35050582885742,4.98,0.0,0
46974,374.996,21.289,0.0,0.0,459.966,0.0,0.0,0.0,5.732,0,16.0,1.43,310.005,2.5733,38.1,35.35050582885742,4.98,0.0,0
46974,374.65500000000003,21.289,0.0,0.0,459.845,0.0,0.0,0.0,5.732,0,16.0,1.455,309.915,1.3196,38.13,35.35050582885742,4.98,0.0,0
46974,374.484,21.289,-0.5,0.0,460.027,0.0,0.0,0.0,5.732,0,17.0,1.445,309.915,1.5836000000000001,37.35,35.35050582885742,4.98,0.0,0
46974,374.825,21.289,-0.5,0.0,459.785,0.0,0.0,0.0,5.732,0,18.0,1.405,309.915,-4.2229,36.63,35.35050582885742,4.98,0.0,0
46974,374.996,21.289,0.0,0.0,459.664,0.0,0.0,0.0,5.732,0,18.0,1.44,309.915,-1.0557,35.82,35.35050582885742,4.98,0.0,0
46974,374.484,21.289,0.0,0.0,459.725,0.0,0.0,0.0,5.732,0,17.0,1.43,309.915,0.0,35.61,35.35050582885742,4.98,0.0,0
46974,374.65500000000003,21.289,0.0,0.0,459.725,0.0,0.0,0.0,5.732,0,15.0,1.435,309.915,1.5836000000000001,35.94,35.35050582885742,4.98,0.0,0
46974,375.166,21.279,0.5,0.0,459.604,0.0,0.0,0.0,5.732,0,16.0,1.42,309.915,1.5836000000000001,36.6,35.35050582885742,4.98,0.0,0
46974,374.825,21.279,-0.5,0.0,459.725,0.0,0.0,0.0,5.732,0,16.0,1.415,309.915,-2.6393,37.86,35.35050582885742,4.98,0.0,0
46974,374.996,21.279,0.0,0.0,459.845,0.0,0.0,0.0,5.732,0,16.0,1.435,309.69,-3.563,37.89,35.35050582885742,4.98,0.0,0
46974,374.825,21.279,0.0,0.0,459.845,0.0,0.0,0.0,5.732,0,18.0,1.385,309.915,-0.2639,37.59,35.35050582885742,4.98,0.0,0
46974,374.825,21.279,-0.5,0.0,459.966,0.0,0.0,0.0,5.732,0,16.0,1.415,310.005,2.5073000000000003,37.2,35.35050582885742,4.98,0.0,0
46974,374.996,21.279,0.0,0.0,459.966,0.0,0.0,0.0,5.732,0,16.0,1.44,309.915,3.0022,37.32,35.35050582885742,4.98,0.0,0
46974,374.65500000000003,21.279,0.0,0.0,459.664,0.0,0.0,0.0,5.732,0,18.0,1.425,309.915,-0.7918000000000001,37.65,35.35050582885742,4.98,0.0,0
46974,374.484,21.279,0.0,0.0,459.604,0.0,0.0,0.0,5.732,0,18.0,1.44,309.825,-3.0352,37.56,35.35050582885742,4.98,0.0,0
46974,374.825,21.279,0.0,0.0,459.543,0.0,0.0,0.0,5.732,0,19.0,1.405,309.915,-0.5279,36.480000000000004,35.35050582885742,4.98,0.0,0
46974,374.825,21.279,0.0,0.0,459.664,0.0,0.0,0.0,5.732,0,18.0,1.43,310.005,2.0455,35.67,35.35050582885742,4.98,0.0,0
46974,374.996,21.279,0.0,0.0,459.966,0.0,0.0,0.0,5.732,0,15.0,1.435,309.915,4.2229,34.83,35.35050582885742,4.98,0.0,0
46974,374.65500000000003,21.279,-0.5,0.0,459.725,0.0,0.0,0.0,5.732,0,16.0,1.48,309.915,1.0557,34.59,35.35050582885742,4.98,0.0,0
46974,374.996,21.27,-0.5,0.0,460.148,0.0,0.0,0.0,5.732,0,17.0,1.435,309.915,-1.8475000000000001,35.04,35.35050582885742,4.98,0.0,0
46974,375.166,21.27,0.0,0.0,460.148,0.0,0.0,0.0,5.732,0,16.0,1.415,309.915,1.0557,36.54,35.35050582885742,4.98,0.0,0
46974,374.484,21.27,0.0,0.0,459.664,0.0,0.0,0.0,5.732,0,16.0,1.415,309.915,-2.9032,37.38,35.35050582885742,4.98,0.0,0
46974,374.825,21.27,0.0,0.0,459.604,0.0,0.0,0.0,5.732,0,17.0,1.43,309.825,-3.629,37.65,35.35050582885742,4.98,0.0,0
46974,374.65500000000003,21.27,0.0,0.0,460.148,0.0,0.0,0.0,5.732,0,15.0,1.445,309.825,-1.0557,37.44,35.35050582885742,4.98,0.0,0
46974,374.996,21.27,0.0,0.0,459.543,0.0,0.0,0.0,5.732,0,16.0,1.435,310.005,0.9897,36.69,35.35050582885742,4.98,0.0,0
46974,374.65500000000003,21.27,0.0,0.0,459.725,0.0,0.0,-0.2,5.732,0,18.0,1.42,309.915,3.1672000000000002,35.82,35.35050582885742,4.98,0.0,0
46974,374.65500000000003,21.27,0.0,0.0,459.785,0.0,0.0,0.0,5.732,0,18.0,1.415,309.825,0.5279,36.0,35.35050582885742,4.98,0.0,0
46974,374.996,21.27,0.0,0.0,459.966,0.0,0.0,0.0,5.732,0,16.0,1.44,309.915,-2.6393,36.36,35.35050582885742,4.98,0.0,0
46974,374.996,21.27,0.0,0.0,459.906,0.0,0.0,0.0,5.732,0,16.0,1.445,309.915,-2.1114,36.660000000000004,35.35050582885742,4.98,0.0,0
46974,374.825,21.27,0.0,0.0,459.604,0.0,0.0,0.0,5.732,0,15.0,1.41,309.825,1.3196,36.480000000000004,35.35050582885742,4.98,0.0,0
46974,374.996,21.27,-0.5,0.0,460.148,0.0,0.0,0.0,5.732,0,16.0,1.445,309.915,2.1114,34.980000000000004,35.35050582885742,4.98,0.0,0
46974,375.507,21.26,-0.5,0.0,459.966,0.0,0.0,0.0,5.732,0,17.0,1.48,310.005,4.6188,34.980000000000004,35.35050582885742,4.98,0.0,0
46974,375.337,21.26,0.0,0.0,459.785,0.0,0.0,0.0,5.732,0,18.0,1.445,310.005,4.0909,35.37,35.35050582885742,4.98,0.0,0
46974,374.314,21.26,-0.5,0.0,459.785,0.0,0.0,0.0,5.732,0,17.0,1.435,310.005,3.4641,35.37,35.35050582885742,4.98,0.0,0
46974,374.825,21.26,0.0,0.0,459.604,0.0,0.0,0.0,5.732,0,14.0,1.435,309.915,-3.761,36.09,35.35050582885742,4.98,0.0,0
46974,373.802,21.26,0.0,0.0,459.906,0.0,0.0,0.0,5.732,0,16.0,1.435,310.005,-0.9238000000000001,37.44,35.35050582885742,4.98,0.0,0
46974,374.484,21.26,0.0,0.0,459.966,0.0,0.0,-0.2,5.732,0,15.0,1.415,309.915,0.41240000000000004,37.230000000000004,35.35050582885742,4.98,0.0,0
46974,374.14300000000003,21.26,0.0,0.0,460.087,0.0,0.0,0.0,5.732,0,17.0,1.445,309.915,-0.7918000000000001,36.660000000000004,35.35050582885742,4.98,0.0,0
46974,374.65500000000003,21.26,-0.5,0.0,460.269,0.0,0.0,0.0,5.732,0,17.0,1.455,309.915,-2.8867000000000003,36.6,35.35050582885742,4.98,0.0,0
46974,373.461,21.26,0.0,0.0,459.906,0.0,0.0,0.0,5.732,0,17.0,1.455,309.915,0.0,36.84,35.35050582885742,4.98,0.0,0
46974,374.314,21.26,0.0,0.0,459.725,0.0,0.0,0.0,5.732,0,15.0,1.44,309.825,1.2042000000000002,36.72,35.35050582885742,4.98,0.0,0
46974,373.63100000000003,21.26,0.0,0.0,459.906,0.0,0.0,0.0,5.732,0,17.0,1.46,309.915,0.9238000000000001,36.81,35.35050582885742,4.98,0.0,0
46974,375.166,21.26,0.0,0.0,459.906,0.0,0.0,0.0,5.732,0,17.0,1.435,309.915,0.132,36.42,35.35050582885742,4.98,0.0,0
46974,372.949,21.26,-0.5,0.0,459.664,0.0,0.0,0.0,5.732,0,18.0,1.405,309.915,0.5444,35.61,35.35050582885742,4.98,0.0,0
46974,374.484,21.26,0.0,0.0,459.906,0.0,0.0,0.0,5.732,0,17.0,1.49,309.825,-1.699,34.74,35.35050582885742,4.98,0.0,0
46974,373.63100000000003,21.25,0.0,0.0,459.604,0.0,0.0,0.0,5.732,0,16.0,1.46,309.915,-1.8310000000000002,34.47,35.35050582885742,4.98,0.0,0
46974,374.996,21.25,0.0,0.0,459.604,0.0,0.0,0.0,5.732,0,15.0,1.445,309.915,-1.0557,34.5,35.35050582885742,4.98,0.0,0
46974,375.678,21.25,-0.5,0.0,459.785,0.0,0.0,0.0,5.732,0,16.0,1.47,309.915,0.0,34.86,35.35050582885742,4.98,0.0,0
46974,375.678,21.25,-0.5,0.0,459.664,0.0,0.0,0.0,5.732,0,17.0,1.435,310.005,3.4311000000000003,35.7,35.35050582885742,4.98,0.0,0
46974,376.019,21.25,0.0,0.0,459.785,0.0,0.0,0.0,5.732,0,17.0,1.445,309.825,0.5938,37.050000000000004,35.35050582885742,4.98,0.0,0
46974,375.507,21.25,0.0,0.0,459.845,0.0,0.0,0.0,5.732,0,17.0,1.435,309.915,-1.5836000000000001,37.95,35.35050582885742,4.98,0.0,0
46974,375.678,21.25,-0.5,0.0,459.664,0.0,0.0,0.0,5.732,0,17.0,1.425,310.005,0.5279,37.800000000000004,35.35050582885742,4.98,0.0,0
46974,376.36,21.25,0.0,0.0,459.785,0.0,0.0,0.0,5.732,0,15.0,1.44,309.915,2.6393,36.660000000000004,35.35050582885742,4.98,0.0,0
46974,376.53000000000003,21.25,-0.5,0.0,459.422,0.0,0.0,0.0,5.732,0,15.0,1.435,309.915,-0.5279,36.09,35.35050582885742,4.98,0.0,0
46974,375.678,21.25,0.0,0.0,459.845,0.0,0.0,0.0,5.732,0,17.0,1.445,309.915,-0.5279,36.18,35.35050582885742,4.98,0.0,0
46974,375.678,21.25,0.0,0.0,459.785,0.0,0.0,0.0,5.732,0,16.0,1.485,310.005,0.9897,35.01,35.35050582885742,4.98,0.0,0
46974,376.53000000000003,21.25,0.0,0.0,459.604,0.0,0.0,0.0,5.732,0,17.0,1.44,309.915,-0.5279,34.83,35.35050582885742,4.98,0.0,0
46974,376.872,21.25,0.0,0.0,459.785,0.0,0.0,0.0,5.732,0,16.0,1.415,309.915,-0.5279,34.11,35.35050582885742,4.98,0.0,0
46974,375.678,21.240000000000002,0.0,0.0,459.483,0.0,0.0,0.0,5.732,0,15.0,1.41,309.915,-1.8475000000000001,34.410000000000004,35.35050582885742,4.98,0.0,0
46974,376.189,21.240000000000002,0.0,0.0,459.241,0.0,0.0,0.0,5.732,0,15.0,1.48,310.005,3.629,33.93,35.35050582885742,4.98,0.0,0
46974,376.872,21.240000000000002,0.0,0.0,459.725,0.0,0.0,0.0,5.732,0,17.0,1.475,310.14000000000004,4.7507,35.01,35.35050582885742,4.98,0.0,0
46974,377.213,21.240000000000002,0.0,0.0,459.906,0.0,0.0,0.0,5.732,0,17.0,1.45,309.915,-0.5279,36.69,35.35050582885742,4.98,0.0,0
46974,376.019,21.240000000000002,0.0,0.0,460.148,0.0,0.0,0.0,5.732,0,17.0,1.465,309.825,-4.3548,37.230000000000004,35.35050582885742,4.98,0.0,0
46974,376.36,21.240000000000002,0.0,0.0,460.148,0.0,0.0,0.0,5.732,0,17.0,1.44,309.915,-4.0579,37.44,35.35050582885742,4.98,0.0,0
46974,377.213,21.240000000000002,0.0,0.0,459.664,0.0,0.0,0.2,5.732,0,15.0,1.415,309.915,-1.5836000000000001,36.93,35.35050582885742,4.98,0.0,0
46974,378.065,21.240000000000002,0.0,0.0,459.483,0.0,0.0,0.0,5.732,0,16.0,1.44,310.005,3.563,36.480000000000004,35.35050582885742,4.98,0.0,0
46974,376.189,21.240000000000002,0.0,0.0,459.966,0.0,0.0,0.0,5.732,0,15.0,1.43,309.915,2.1114,35.76,35.35050582885742,4.98,0.0,0
46974,376.36,21.240000000000002,0.0,0.0,459.785,0.0,0.0,0.0,5.732,0,16.0,1.41,309.915,-3.1672000000000002,35.94,35.35050582885742,4.98,0.0,0
46974,377.383,21.240000000000002,-0.5,0.0,459.785,0.0,0.0,0.0,5.732,0,17.0,1.47,309.915,-1.8475000000000001,36.45,35.35050582885742,4.98,0.0,0
46974,377.895,21.240000000000002,0.0,0.0,459.966,0.0,0.0,0.0,5.732,0,16.0,1.41,309.915,0.0,35.88,35.35050582885742,4.98,0.0,0
46974,376.019,21.240000000000002,0.0,0.0,460.269,0.0,0.0,0.0,5.732,0,16.0,1.435,309.915,1.3196,35.43,35.35050582885742,4.98,0.0,0
46974,376.019,21.23,-0.5,0.0,460.148,0.0,0.0,0.0,5.732,0,16.0,1.425,309.915,1.0557,34.95,35.35050582885742,4.98,0.0,0
46974,377.895,21.23,0.0,0.0,459.664,0.0,0.0,0.0,5.732,0,16.0,1.47,309.915,-1.5836000000000001,34.35,35.35050582885742,4.98,0.0,0
46974,377.55400000000003,21.23,-1.0,0.0,459.725,0.0,0.0,0.0,5.732,0,16.0,1.435,309.915,-1.5836000000000001,34.410000000000004,35.35050582885742,4.98,0.0,0
46974,376.36,21.23,0.0,0.0,459.966,0.0,0.0,0.0,5.732,0,16.0,1.455,309.915,1.3196,35.52,35.35050582885742,4.98,0.0,0
46974,375.678,21.23,0.0,0.0,460.148,0.0,0.0,0.0,5.732,0,16.0,1.455,309.825,-0.9897,37.38,35.35050582885742,4.98,0.0,0
46974,377.55400000000003,21.23,0.0,0.0,459.966,0.0,0.0,0.0,5.732,0,16.0,1.455,309.915,-0.7918000000000001,37.74,35.35050582885742,4.98,0.0,0
46974,377.213,21.23,0.0,0.0,459.785,0.0,0.0,0.0,5.732,0,15.0,1.42,309.915,-3.6950000000000003,37.65,35.35050582885742,4.98,0.0,0
46974,375.848,21.23,0.0,0.0,459.543,0.0,0.0,0.0,5.732,0,16.0,1.425,309.915,0.9238000000000001,36.81,35.35050582885742,4.98,0.0,0
46974,374.825,21.23,-0.5,0.0,459.604,0.0,0.0,0.2,5.732,0,16.0,1.42,309.915,5.5425,36.03,35.35050582885742,4.98,0.0,0
46974,373.12,21.23,0.0,0.0,459.604,0.0,0.0,0.0,5.732,0,16.0,1.415,309.915,6.0044,35.82,35.35050582885742,4.98,0.0,0
46974,374.314,21.23,0.0,0.0,459.725,0.0,0.0,0.0,5.732,0,18.0,1.455,309.825,-1.1712,35.58,35.35050582885742,4.98,0.0,0
46974,373.63100000000003,21.23,0.0,0.0,459.725,0.0,0.0,0.0,5.732,0,18.0,1.415,309.915,1.1877,34.89,35.35050582885742,4.98,0.0,0
46974,374.996,21.23,-0.5,0.0,459.906,0.0,0.0,0.0,5.732,0,18.0,1.385,310.005,0.7753,35.25,35.35050582885742,4.98,0.0,0
46974,374.65500000000003,21.23,0.0,0.0,459.785,0.0,0.0,0.0,5.732,0,16.0,1.435,309.825,-1.8310000000000002,35.22,35.35050582885742,4.98,0.0,0
46974,374.65500000000003,21.23,0.0,0.0,459.543,0.0,0.0,0.0,5.732,0,17.0,1.415,309.825,-1.3032000000000001,36.06,35.35050582885742,4.98,0.0,0
46974,374.65500000000003,21.221,0.0,0.0,459.604,0.0,0.0,0.0,5.732,0,17.0,1.49,309.915,0.6433,36.51,35.35050582885742,4.98,0.0,0
46974,374.825,21.221,0.0,0.0,459.362,0.0,0.0,0.0,5.732,0,18.0,1.455,309.915,0.2474,36.96,35.35050582885742,4.98,0.0,0
46974,374.65500000000003,21.221,0.0,0.0,459.604,0.0,0.0,0.0,5.732,0,17.0,1.425,310.005,1.1547,37.02,35.35050582885742,4.98,0.0,0
46974,374.65500000000003,21.221,0.5,0.0,459.604,0.0,0.0,0.0,5.732,0,17.0,1.42,310.005,1.3032000000000001,37.26,35.35050582885742,4.98,0.0,0
46974,374.65500000000003,21.221,0.0,0.0,459.604,0.0,0.0,0.0,5.732,0,16.0,1.45,310.005,3.0187,37.32,35.35050582885742,4.98,0.0,0
46974,372.949,21.23,2.0,0.0,459.543,0.0,0.0,0.0,5.732,0,15.0,1.455,309.915,1.4681,37.83,35.35050582885742,4.98,0.0,0
46974,357.261,21.309,13.700000000000001,1.0,459.785,0.0,0.0,0.0,5.732,0,-3.0,1.43,309.915,-2.5073000000000003,37.56,35.35050582885742,4.98,0.0,0
46974,332.704,21.533,29.5,2.0,459.906,0.0,0.0,0.0,5.732,0,-40.0,1.475,309.915,0.0165,36.57,35.35050582885742,4.98,0.0,0
46974,293.994,21.885,41.1,1.0,459.604,0.0,0.0,0.0,5.732,0,-36.0,1.44,309.915,-1.1877,35.97,35.35050582885742,4.98,0.0,0
46974,246.928,22.344,47.800000000000004,0.0,459.483,0.0,0.0,0.0,5.732,0,-29.0,1.445,309.915,-2.5073000000000003,35.730000000000004,35.35050582885742,4.98,0.0,0
46974,200.714,22.813000000000002,45.300000000000004,-1.0,459.785,0.0,0.0,0.0,5.732,0,-17.0,1.405,309.825,-0.7588,35.76,35.35050582885742,4.98,0.0,0
46974,148.873,23.389,79.8,0.0,459.725,0.0,0.0,0.0,5.732,0,-11.0,1.425,309.915,-0.6598,35.07,35.35050582885742,4.98,0.0,0
46974,69.747,24.443,126.60000000000001,0.0,459.543,0.0,0.0,0.0,5.732,0,-15.0,1.455,309.825,0.6763,35.910000000000004,35.35050582885742,4.98,0.0,0
46974,-13.642,25.801000000000002,120.5,0.0,459.362,0.0,0.0,0.0,5.732,0,-22.0,1.45,309.915,-3.3816,36.06,35.35050582885742,4.98,0.0,0
46974,-16.371,26.709,67.10000000000001,0.0,459.301,0.0,0.0,0.0,5.732,0,-27.0,1.435,309.915,-2.9692000000000003,36.99,35.35050582885742,4.98,0.0,0
46974,-10.402000000000001,27.148,24.400000000000002,0.0,459.604,0.0,0.0,0.0,5.732,0,-22.0,1.445,309.915,0.7093,37.11,35.35050582885742,4.98,0.0,0
46974,-3.922,27.197000000000003,-8.1,0.0,459.785,0.0,0.0,0.0,5.732,0,-17.0,1.44,309.825,-0.6846,37.74,35.35050582885742,4.98,0.0,0
46974,-4.093,27.148,0.0,-1.0,459.845,0.0,0.0,0.0,5.732,0,-5.0,1.425,309.915,0.39590000000000003,37.77,35.35050582885742,4.98,0.0,0
46974,-4.263,27.158,0.5,-1.0,459.059,0.0,0.0,0.0,5.732,0,5.0,1.45,309.915,2.4908,37.89,35.35050582885742,4.98,0.0,0
46974,-3.0700000000000003,27.158,-0.5,0.0,458.697,0.0,0.0,0.0,5.732,0,8.0,1.42,309.915,1.699,37.32,35.35050582885742,4.98,0.0,0
46974,-2.217,27.158,0.5,1.0,458.575,0.0,0.0,0.0,5.732,0,91.0,1.45,309.825,-1.3032000000000001,36.78,35.35050582885742,4.98,0.0,0
46974,-1.0230000000000001,27.158,0.0,6.0,459.301,0.0,0.0,0.0,5.732,0,195.0,1.44,309.825,-4.4043,36.03,35.35050582885742,4.98,0.0,0
46974,-0.512,27.158,0.0,17.0,459.422,0.0,0.0,0.0,5.732,0,295.0,1.425,309.915,-0.3299,34.95,35.35050582885742,4.98,0.0,0
46974,0.682,27.158,0.5,32.0,458.938,0.0,0.0,0.0,5.732,0,369.0,1.455,309.915,5.1961,34.53,35.35050582885742,4.98,0.0,0
46974,2.0460000000000003,27.158,0.5,50.0,458.878,0.0,0.0,0.0,5.732,0,442.0,1.42,309.825,0.9238000000000001,35.160000000000004,35.35050582885742,4.98,0.0,0
46974,2.387,27.158,0.0,52.0,459.12,0.0,0.0,0.0,5.732,0,446.0,1.435,309.825,0.2639,35.25,35.35050582885742,4.98,0.0,0
46974,4.263,27.158,0.0,73.0,459.059,0.0,0.0,0.0,5.732,0,480.0,1.465,309.915,0.0,36.09,35.35050582885742,4.98,0.0,0
46974,5.457,27.158,0.0,95.0,458.636,0.0,0.0,0.0,5.732,0,478.0,1.475,309.915,1.0557,36.93,35.35050582885742,4.98,0.0,0
46974,7.333,27.158,0.0,117.0,459.422,0.0,0.0,0.0,5.732,0,481.0,1.455,309.915,2.5733,37.95,35.35050582885742,4.98,0.0,0
46974,8.697000000000001,27.158,0.0,138.0,459.362,0.0,0.0,0.0,5.732,0,447.0,1.425,309.825,-1.8475000000000001,38.28,35.35050582885742,4.98,0.0,0
46974,9.379,27.158,0.0,158.0,459.362,0.0,0.0,0.2,5.732,0,405.0,1.385,310.005,0.46190000000000003,38.160000000000004,35.35050582885742,4.98,0.0,0
46974,10.743,27.158,-0.5,176.0,459.12,0.0,0.0,0.0,5.732,0,370.0,1.445,309.915,1.5836000000000001,37.11,35.35050582885742,4.98,0.0,0
46974,10.743,27.158,0.0,189.0,459.422,0.0,0.0,0.0,5.732,0,276.0,1.455,309.825,-1.5836000000000001,37.44,35.35050582885742,4.98,0.0,0
46974,11.596,27.158,0.0,199.0,459.422,0.0,0.0,0.0,5.732,0,226.0,1.44,309.915,-3.6950000000000003,36.57,35.35050582885742,4.98,0.0,0
46974,11.596,27.158,-0.5,205.0,459.241,0.0,0.0,-0.2,5.732,0,112.0,1.475,309.825,-0.46190000000000003,37.59,35.35050582885742,4.98,0.0,0
46974,11.767,27.158,0.0,206.0,459.12,0.0,0.0,0.0,5.732,0,61.0,1.44,309.825,-1.0557,36.99,35.35050582885742,4.98,0.0,0
46974,12.108,27.158,0.0,204.0,459.12,0.0,0.0,0.0,5.732,0,48.0,1.44,309.825,0.066,36.81,35.35050582885742,4.98,0.0,0
46974,12.449,27.158,0.5,201.0,459.422,0.0,0.0,0.0,5.732,0,77.0,1.445,309.915,3.1672000000000002,35.52,35.35050582885742,4.98,0.0,0
46974,12.96,27.158,0.0,200.0,459.301,0.0,0.0,0.0,5.732,0,96.0,1.42,309.915,-0.066,35.7,35.35050582885742,4.98,0.0,0
46974,13.301,27.158,0.0,199.0,459.301,0.0,0.0,0.0,5.732,0,101.0,1.44,309.915,1.5836000000000001,36.480000000000004,35.35050582885742,4.98,0.0,0
46974,16.2,27.158,0.0,199.0,459.422,0.0,0.0,0.0,5.732,0,103.0,1.42,309.915,-3.9589000000000003,37.92,35.35050582885742,4.98,0.0,0
46974,21.998,27.168000000000003,0.5,200.0,459.362,0.0,0.0,0.0,5.732,0,102.0,1.44,309.825,-3.563,38.910000000000004,35.35050582885742,4.98,0.0,0
46974,27.796,27.178,3.0,200.0,459.301,0.0,0.0,0.2,5.732,0,110.0,1.445,309.915,5.2786,38.49,35.35050582885742,4.98,0.0,0
46974,31.207,27.217000000000002,6.1000000000000005,200.0,458.999,0.0,0.0,0.0,5.732,0,99.0,1.425,309.915,1.0557,37.5,35.35050582885742,4.98,0.0,0
46974,32.742,27.295,8.1,200.0,459.12,0.0,0.0,0.0,5.732,0,100.0,1.435,309.915,-1.1217000000000001,37.14,35.35050582885742,4.98,0.0,0
46974,33.424,27.383000000000003,10.1,200.0,459.301,0.0,0.0,0.0,5.732,0,113.0,1.425,309.825,-1.5836000000000001,36.93,35.35050582885742,4.98,0.0,0
46974,33.253,27.5,12.200000000000001,200.0,459.362,0.0,0.0,0.0,5.732,0,103.0,1.46,309.915,1.0557,36.96,35.35050582885742,4.98,0.0,0
46974,33.083,27.52,12.700000000000001,200.0,459.362,0.0,0.0,0.0,5.732,0,107.0,1.435,309.915,1.4516,36.93,35.35050582885742,4.98,0.0,0
46974,32.06,27.656000000000002,13.700000000000001,200.0,459.483,0.0,0.0,0.0,5.732,0,102.0,1.43,309.825,1.864,36.84,35.35050582885742,4.98,0.0,0
46974,30.525000000000002,27.803,15.700000000000001,200.0,459.604,0.0,0.0,0.0,5.732,0,105.0,1.44,309.915,-1.864,37.02,35.35050582885742,4.98,0.0,0
46974,28.308,27.959,15.700000000000001,200.0,459.12,0.0,0.0,0.0,5.732,0,110.0,1.45,309.915,-0.2639,36.06,35.35050582885742,4.98,0.0,0
46974,25.75,28.125,16.3,200.0,459.12,0.0,0.0,0.0,5.732,0,93.0,1.405,309.825,0.9402,35.52,35.35050582885742,4.98,0.0,0
46974,23.533,28.281000000000002,15.700000000000001,200.0,459.12,0.0,0.0,0.0,5.732,0,100.0,1.42,309.825,-4.6023000000000005,35.61,35.35050582885742,4.98,0.0,0
46974,21.828,28.438000000000002,14.200000000000001,200.0,458.999,0.0,0.0,0.0,5.732,0,107.0,1.425,309.915,-1.4681,37.410000000000004,35.35050582885742,4.98,0.0,0
46974,20.805,28.594,15.200000000000001,200.0,459.301,0.0,0.0,0.0,5.732,0,93.0,1.425,309.825,2.3754,38.550000000000004,35.35050582885742,4.98,0.0,0
46974,20.123,28.740000000000002,14.200000000000001,200.0,459.422,0.0,0.0,0.0,5.732,0,107.0,1.425,309.915,4.0744,38.730000000000004,35.35050582885742,4.98,0.0,0
46974,19.611,28.887,14.200000000000001,200.0,459.483,0.0,0.0,0.0,5.732,0,109.0,1.445,309.825,1.4681,37.68,35.35050582885742,4.98,0.0,0
46974,19.44,28.896,13.700000000000001,200.0,459.483,0.0,0.0,0.0,5.732,0,98.0,1.435,309.825,1.1217000000000001,37.65,35.35050582885742,4.98,0.0,0
46974,19.44,29.033,13.700000000000001,200.0,459.241,0.0,0.0,0.0,5.732,0,115.0,1.425,309.825,-3.4311000000000003,37.74,35.35050582885742,4.98,0.0,0
46974,19.44,29.17,12.700000000000001,200.0,459.059,0.0,0.0,0.0,5.732,0,95.0,1.44,310.005,0.9897,37.17,35.35050582885742,4.98,0.0,0
46974,19.611,29.297,13.200000000000001,200.0,459.241,0.0,0.0,0.0,5.732,0,107.0,1.425,309.915,3.4311000000000003,36.87,35.35050582885742,4.98,0.0,0
46974,19.781,29.424000000000003,12.700000000000001,200.0,459.301,0.0,0.0,0.0,5.732,0,106.0,1.45,309.915,2.0455,35.910000000000004,35.35050582885742,4.98,0.0,0
46974,19.952,29.551000000000002,12.700000000000001,200.0,458.999,0.0,0.0,0.0,5.732,0,97.0,1.41,310.005,1.5836000000000001,35.79,35.35050582885742,4.98,0.0,0
46974,20.805,29.678,11.700000000000001,200.0,458.999,0.0,0.0,0.0,5.732,0,107.0,1.44,309.825,-3.1012,36.09,35.35050582885742,4.98,0.0,0
46974,20.975,29.805,12.700000000000001,200.0,459.301,0.0,0.0,0.0,5.732,0,111.0,1.44,309.915,-3.1672000000000002,36.03,35.35050582885742,4.98,0.0,0
46974,21.487000000000002,29.932000000000002,12.700000000000001,200.0,459.422,0.0,0.0,0.0,5.732,0,95.0,1.385,309.915,-0.9897,36.42,35.35050582885742,4.98,0.0,0
46974,21.657,30.059,12.700000000000001,200.0,458.878,0.0,0.0,0.0,5.732,0,108.0,1.405,309.915,2.9032,36.63,35.35050582885742,4.98,0.0,0
46974,21.998,30.186,12.700000000000001,200.0,459.18,0.0,0.0,0.0,5.732,0,107.0,1.42,309.915,-0.5279,37.68,35.35050582885742,4.98,0.0,0
46974,22.339000000000002,30.313000000000002,13.700000000000001,200.0,459.301,0.0,0.0,0.0,5.732,0,96.0,1.395,309.825,-3.4311000000000003,38.28,35.35050582885742,4.98,0.0,0
46974,22.339000000000002,30.449,12.700000000000001,200.0,459.301,0.0,0.0,0.0,5.732,0,107.0,1.435,309.915,-0.5279,38.01,35.35050582885742,4.98,0.0,0
46974,22.339000000000002,30.576,12.700000000000001,200.0,459.301,0.0,0.0,0.0,5.732,0,114.0,1.415,309.915,1.0557,37.62,35.35050582885742,4.98,0.0,0
46974,22.339000000000002,30.713,13.700000000000001,200.0,459.12,0.0,0.0,0.0,5.732,0,107.0,1.46,309.825,-1.0557,36.99,35.35050582885742,4.98,0.0,0
46974,21.828,30.85,13.200000000000001,200.0,458.878,0.0,0.0,0.0,5.732,0,108.0,1.44,309.915,-0.7918000000000001,37.11,35.35050582885742,4.98,0.0,0
46974,21.828,30.986,13.200000000000001,200.0,458.938,0.0,0.0,0.0,5.732,0,118.0,1.41,309.915,2.1114,36.480000000000004,35.35050582885742,4.98,0.0,0
46974,21.998,31.123,14.200000000000001,200.0,458.938,0.0,0.0,0.0,5.732,0,103.0,1.455,309.825,1.5836000000000001,35.67,35.35050582885742,4.98,0.0,0
46974,21.657,31.26,13.700000000000001,200.0,458.999,0.0,0.0,0.0,5.732,0,116.0,1.425,309.915,-1.5836000000000001,35.64,35.35050582885742,4.98,0.0,0
46974,21.657,31.396,14.200000000000001,200.0,458.757,0.0,0.0,0.0,5.732,0,117.0,1.455,309.915,1.4516,35.76,35.35050582885742,4.98,0.0,0
46974,21.487000000000002,31.533,13.700000000000001,200.0,458.818,0.0,0.0,0.0,5.732,0,101.0,1.435,309.825,2.3754,35.88,35.35050582885742,4.98,0.0,0
46974,21.657,31.66,14.200000000000001,200.0,459.059,0.0,0.0,0.0,5.732,0,114.0,1.435,309.915,-2.3754,36.15,35.35050582885742,4.98,0.0,0
46974,21.487000000000002,31.680000000000003,14.200000000000001,200.0,459.059,0.0,0.0,0.0,5.732,0,108.0,1.445,309.915,-1.9795,36.18,35.35050582885742,4.98,0.0,0
46974,21.487000000000002,31.816000000000003,13.200000000000001,200.0,459.12,0.0,0.0,0.0,5.732,0,111.0,1.43,309.915,0.5279,36.78,35.35050582885742,4.98,0.0,0
46974,21.487000000000002,31.953000000000003,13.700000000000001,200.0,459.12,0.0,0.0,0.0,5.732,0,110.0,1.42,309.915,2.7548,37.56,35.35050582885742,4.98,0.0,0
46974,21.487000000000002,32.09,13.700000000000001,200.0,458.878,0.0,0.0,0.0,5.732,0,98.0,1.435,309.825,-1.699,37.95,35.35050582885742,4.98,0.0,0
46974,21.316,32.1,12.700000000000001,200.0,458.818,0.0,0.0,0.2,5.732,0,110.0,1.455,309.825,-1.8475000000000001,37.92,35.35050582885742,4.98,0.0,0
46974,21.146,32.236000000000004,14.200000000000001,200.0,459.12,0.0,0.0,0.0,5.732,0,113.0,1.45,309.825,-1.5176,38.37,35.35050582885742,4.98,0.0,0
46974,21.146,32.373000000000005,13.700000000000001,200.0,458.938,0.0,0.0,0.0,5.732,0,115.0,1.5,309.825,-0.5279,38.46,35.35050582885742,4.98,0.0,0
46974,21.316,32.5,13.200000000000001,200.0,458.818,0.0,0.0,0.0,5.732,0,109.0,1.445,309.825,-4.2229,37.53,35.35050582885742,4.98,0.0,0
46974,21.828,32.637,13.200000000000001,200.0,458.878,0.0,0.0,0.0,5.732,0,110.0,1.43,309.915,0.9238000000000001,36.6,35.35050582885742,4.98,0.0,0
46974,21.657,32.773,13.700000000000001,200.0,458.999,0.0,0.0,0.0,5.732,0,118.0,1.4000000000000001,309.825,4.486800000000001,36.0,35.35050582885742,4.98,0.0,0
46974,21.657,32.910000000000004,13.700000000000001,200.0,458.818,0.0,0.0,0.0,5.732,0,119.0,1.44,309.915,1.3196,35.67,35.35050582885742,4.98,0.0,0
46974,21.998,33.047000000000004,13.200000000000001,200.0,458.999,0.0,0.0,-0.2,5.732,0,113.0,1.45,309.915,2.1114,35.52,35.35050582885742,4.98,0.0,0
46974,21.828,33.184000000000005,13.200000000000001,200.0,458.878,0.0,0.0,0.0,5.732,0,120.0,1.435,309.915,3.1672000000000002,35.97,35.35050582885742,4.98,0.0,0
46974,21.657,33.33,13.700000000000001,200.0,458.878,0.0,0.0,0.0,5.732,0,114.0,1.435,309.825,-1.5176,36.18,35.35050582885742,4.98,0.0,0
46974,21.316,33.467,13.200000000000001,200.0,459.12,0.0,0.0,0.0,5.732,0,107.0,1.425,309.915,-4.6188,36.84,35.35050582885742,4.98,0.0,0
46974,21.316,33.604,12.700000000000001,200.0,458.999,0.0,0.0,0.0,5.732,0,121.0,1.395,309.915,0.0,36.51,35.35050582885742,4.98,0.0,0
46974,21.657,33.75,14.200000000000001,200.0,459.12,0.0,0.0,0.0,5.732,0,117.0,1.445,309.825,1.9795,36.51,35.35050582885742,4.98,0.0,0
46974,21.487000000000002,33.887,14.700000000000001,200.0,459.059,0.0,0.0,0.0,5.732,0,113.0,1.445,309.825,-4.1569,36.9,35.35050582885742,4.98,0.0,0
46974,21.316,34.023,13.700000000000001,200.0,458.818,0.0,0.0,0.0,5.732,0,118.0,1.45,309.825,-3.8270000000000004,37.26,35.35050582885742,4.98,0.0,0
46974,21.487000000000002,34.17,13.700000000000001,200.0,458.757,0.0,0.0,0.0,5.732,0,122.0,1.43,309.915,0.9897,36.72,35.35050582885742,4.98,0.0,0
46974,21.657,34.307,13.700000000000001,200.0,458.757,0.0,0.0,0.0,5.732,0,114.0,1.45,309.69,0.0,37.38,35.35050582885742,4.98,0.0,0
46974,21.146,34.453,13.200000000000001,200.0,458.878,0.0,0.0,0.0,5.732,0,119.0,1.44,309.825,-1.3196,38.13,35.35050582885742,4.98,0.0,0
46974,21.657,34.59,14.200000000000001,200.0,459.059,0.0,0.0,0.0,5.732,0,117.0,1.49,309.915,2.5073000000000003,37.08,35.35050582885742,4.98,0.0,0
46974,21.146,34.727000000000004,14.200000000000001,200.0,459.12,0.0,0.0,0.0,5.732,0,118.0,1.43,309.825,3.596,35.160000000000004,35.35050582885742,4.98,0.0,0
46974,21.316,34.863,14.200000000000001,200.0,459.059,0.0,0.0,0.0,5.732,0,127.0,1.435,309.915,1.9795,33.81,35.35050582885742,4.98,0.0,0
46974,21.316,35.010000000000005,13.700000000000001,200.0,459.362,0.0,0.0,0.0,5.732,0,124.0,1.425,309.825,2.4413,34.5,35.35050582885742,4.98,0.0,0
46974,21.657,35.146,14.200000000000001,200.0,459.059,0.0,0.0,0.0,5.732,0,119.0,1.415,309.825,-2.1114,35.4,35.35050582885742,4.98,0.0,0
46974,20.975,35.283,14.200000000000001,200.0,458.999,0.0,0.0,0.0,5.732,0,124.0,1.405,309.915,-1.0557,36.69,35.35050582885742,4.98,0.0,0
46974,21.487000000000002,35.42,13.200000000000001,200.0,458.878,0.0,0.0,0.0,5.732,0,122.0,1.42,309.825,2.3754,36.99,35.35050582885742,4.98,0.0,0
46974,21.316,35.439,13.700000000000001,200.0,458.878,0.0,0.0,0.0,5.732,0,119.0,1.5,309.915,2.4908,37.050000000000004,35.35050582885742,4.98,0.0,0
46974,21.487000000000002,35.576,14.200000000000001,200.0,458.999,0.0,0.0,0.0,5.732,0,125.0,1.435,309.825,-1.0557,37.14,35.35050582885742,4.98,0.0,0
46974,21.487000000000002,35.713,13.700000000000001,200.0,458.938,0.0,0.0,0.0,5.732,0,116.0,1.435,309.915,0.132,37.26,35.35050582885742,4.98,0.0,0
46974,21.487000000000002,35.85,13.700000000000001,200.0,459.12,0.0,0.0,0.0,5.732,0,125.0,1.445,309.825,0.9238000000000001,36.6,35.35050582885742,4.98,0.0,0
46974,21.487000000000002,35.996,13.200000000000001,200.0,458.938,0.0,0.0,0.0,5.732,0,128.0,1.41,309.915,-0.41240000000000004,36.15,35.35050582885742,4.98,0.0,0
46974,21.146,36.133,13.200000000000001,200.0,458.938,0.0,0.0,0.0,5.732,0,120.0,1.425,309.915,-0.6598,35.52,35.35050582885742,4.98,0.0,0
46974,21.487000000000002,36.27,13.700000000000001,200.0,458.938,0.0,0.0,0.0,5.732,0,129.0,1.4000000000000001,309.825,-0.6598,35.49,35.35050582885742,4.98,0.0,0
46974,21.316,36.406,13.700000000000001,200.0,458.757,0.0,0.0,0.0,5.732,0,126.0,1.485,309.825,-2.8867000000000003,35.76,35.35050582885742,4.98,0.0,0
46974,21.487000000000002,36.543,13.700000000000001,200.0,458.697,0.0,0.0,0.0,5.732,0,120.0,1.33,309.915,0.2639,35.31,35.35050582885742,4.98,0.0,0
46974,21.316,36.68,14.700000000000001,200.0,458.938,0.0,0.0,0.0,5.732,0,122.0,1.435,309.825,0.7918000000000001,35.4,35.35050582885742,4.98,0.0,0
46974,21.657,36.816,13.700000000000001,200.0,458.757,0.0,0.0,0.0,5.732,0,123.0,1.44,309.915,-1.3361,35.28,35.35050582885742,4.98,0.0,0
46974,21.828,36.953,14.200000000000001,200.0,458.999,0.0,0.0,0.0,5.732,0,128.0,1.425,310.005,2.0784000000000002,35.910000000000004,35.35050582885742,4.98,0.0,0
46974,21.998,37.1,14.200000000000001,200.0,458.757,0.0,0.0,0.0,5.732,0,128.0,1.43,309.915,2.6228000000000002,36.72,35.35050582885742,4.98,0.0,0
46974,22.169,37.236000000000004,13.700000000000001,200.0,458.878,0.0,0.0,0.0,5.732,0,129.0,1.415,309.825,-0.7918000000000001,38.46,35.35050582885742,4.98,0.0,0
46974,21.998,37.383,14.200000000000001,200.0,459.301,0.0,0.0,0.0,5.732,0,122.0,1.425,309.915,-1.1712,38.76,35.35050582885742,4.98,0.0,0
46974,21.998,37.529,15.200000000000001,200.0,459.241,0.0,0.0,0.0,5.732,0,131.0,1.415,309.69,-2.4166000000000003,37.86,35.35050582885742,4.98,0.0,0
46974,21.828,37.666000000000004,14.200000000000001,200.0,458.878,0.0,0.0,0.0,5.732,0,129.0,1.41,309.825,-1.9135000000000002,36.660000000000004,35.35050582885742,4.98,0.0,0
46974,21.487000000000002,37.813,14.200000000000001,200.0,459.12,0.0,0.0,0.0,5.732,0,125.0,1.405,309.825,-2.029,36.51,35.35050582885742,4.98,0.0,0
46974,21.487000000000002,37.959,14.700000000000001,200.0,459.18,0.0,0.0,0.0,5.732,0,132.0,1.47,309.915,3.4558,36.6,35.35050582885742,4.98,0.0,0
46974,21.487000000000002,38.096000000000004,13.700000000000001,200.0,458.938,0.0,0.0,0.0,5.732,0,128.0,1.465,309.915,3.6950000000000003,36.75,35.35050582885742,4.98,0.0,0
46974,21.657,38.242000000000004,14.700000000000001,200.0,458.878,0.0,0.0,0.0,5.732,0,126.0,1.41,309.915,1.1712,36.24,35.35050582885742,4.98,0.0,0
46974,21.146,38.379000000000005,14.700000000000001,200.0,459.059,0.0,0.0,0.0,5.732,0,135.0,1.44,309.825,-1.8310000000000002,35.730000000000004,35.35050582885742,4.98,0.0,0
46974,21.487000000000002,38.525,14.200000000000001,200.0,459.12,0.0,0.0,0.0,5.732,0,131.0,1.43,309.825,-1.4351,35.52,35.35050582885742,4.98,0.0,0
46974,21.487000000000002,38.672000000000004,14.700000000000001,200.0,459.301,0.0,0.0,0.2,5.732,0,129.0,1.44,309.825,-2.5073000000000003,35.46,35.35050582885742,4.98,0.0,0
46974,21.487000000000002,38.809000000000005,13.700000000000001,200.0,458.999,0.0,0.0,0.0,5.732,0,132.0,1.45,309.915,1.3032000000000001,36.81,35.35050582885742,4.98,0.0,0
46974,21.657,38.955000000000005,14.200000000000001,200.0,459.422,0.0,0.0,0.0,5.732,0,131.0,1.45,309.915,5.1466,38.550000000000004,35.35050582885742,4.98,0.0,0
46974,21.316,39.102000000000004,14.200000000000001,200.0,458.999,0.0,0.0,0.0,5.732,0,134.0,1.425,309.69,-1.1629,39.12,35.35050582885742,4.98,0.0,0
46974,21.146,39.238,14.700000000000001,200.0,459.12,0.0,0.0,0.0,5.732,0,134.0,1.42,309.825,-5.1961,38.19,35.35050582885742,4.98,0.0,0
46974,21.316,39.258,14.200000000000001,200.0,458.999,0.0,0.0,0.0,5.732,0,121.0,1.44,309.825,-5.1466,38.1,35.35050582885742,4.98,0.0,0
46974,21.146,39.395,13.700000000000001,200.0,459.059,0.0,0.0,0.0,5.732,0,143.0,1.43,309.915,3.4311000000000003,36.99,35.35050582885742,4.98,0.0,0
46974,21.316,39.541000000000004,13.700000000000001,200.0,459.301,0.0,0.0,0.0,5.732,0,129.0,1.415,309.915,4.0909,36.75,35.35050582885742,4.98,0.0,0
46974,21.146,39.678000000000004,13.200000000000001,200.0,458.938,0.0,0.0,0.0,5.732,0,128.0,1.405,309.915,0.9897,36.87,35.35050582885742,4.98,0.0,0
46974,21.316,39.824000000000005,13.700000000000001,200.0,458.454,0.0,0.0,0.0,5.732,0,139.0,1.43,309.825,-1.8475000000000001,36.81,35.35050582885742,4.98,0.0,0
46974,21.487000000000002,39.961,14.200000000000001,200.0,458.514,0.0,0.0,0.0,5.732,0,130.0,1.355,309.915,-5.5425,36.69,35.35050582885742,4.98,0.0,0
46974,21.657,40.107,14.200000000000001,201.0,458.878,0.0,0.0,0.0,5.732,0,130.0,1.4000000000000001,309.915,0.39590000000000003,36.09,35.35050582885742,4.98,0.0,0
46974,21.146,40.244,14.200000000000001,200.0,459.059,0.0,0.0,0.0,5.732,0,139.0,1.395,309.915,4.1569,35.160000000000004,35.35050582885742,4.98,0.0,0
46974,21.487000000000002,40.381,13.200000000000001,200.0,458.757,0.0,0.0,0.0,5.732,0,135.0,1.415,309.825,-1.5836000000000001,34.26,35.35050582885742,4.98,0.0,0
46974,21.316,40.527,14.200000000000001,200.0,458.818,0.0,0.0,0.0,5.732,0,133.0,1.445,309.915,-1.5836000000000001,35.85,35.35050582885742,4.98,0.0,0
46974,21.146,40.664,13.700000000000001,200.0,458.757,0.0,0.0,0.0,5.732,0,136.0,1.445,309.825,0.2639,37.14,35.35050582885742,4.98,0.0,0
46974,21.316,40.801,14.200000000000001,200.0,458.757,0.0,0.0,0.0,5.732,0,132.0,1.425,309.825,-0.5279,38.13,35.35050582885742,4.98,0.0,0
46974,21.657,40.938,13.200000000000001,200.0,458.938,0.0,0.0,0.0,5.732,0,134.0,1.425,309.825,-1.8475000000000001,38.67,35.35050582885742,4.98,0.0,0
46974,21.657,41.084,14.200000000000001,200.0,458.878,0.0,0.0,0.0,5.732,0,137.0,1.41,309.915,2.5733,38.52,35.35050582885742,4.98,0.0,0
46974,21.828,41.221000000000004,13.700000000000001,200.0,458.39300000000003,0.0,0.0,0.0,5.732,0,134.0,1.43,309.915,1.5836000000000001,37.47,35.35050582885742,4.98,0.0,0
46974,21.657,41.357,13.700000000000001,200.0,458.575,0.0,0.0,0.0,5.732,0,131.0,1.445,309.825,-1.0557,36.57,35.35050582885742,4.98,0.0,0
46974,21.828,41.504000000000005,14.200000000000001,200.0,458.818,0.0,0.0,0.0,5.732,0,139.0,1.3900000000000001,309.825,-4.6188,36.06,35.35050582885742,4.98,0.0,0
46974,21.998,41.65,14.200000000000001,200.0,458.757,0.0,0.0,0.0,5.732,0,128.0,1.425,310.005,3.629,36.300000000000004,35.35050582885742,4.98,0.0,0
46974,22.169,41.787,14.200000000000001,200.0,458.878,0.0,0.0,0.0,5.732,0,137.0,1.44,309.915,5.4106000000000005,36.300000000000004,35.35050582885742,4.98,0.0,0
46974,22.339000000000002,41.807,15.200000000000001,200.0,458.818,0.0,0.0,0.0,5.732,0,136.0,1.415,309.825,4.9487000000000005,36.21,35.35050582885742,4.98,0.0,0
46974,21.828,41.953,15.200000000000001,200.0,458.636,0.0,0.0,0.0,5.732,0,135.0,1.41,309.915,-0.9402,35.97,35.35050582885742,4.98,0.0,0
46974,21.657,42.1,14.200000000000001,200.0,458.514,0.0,0.0,0.0,5.732,0,143.0,1.45,309.915,-2.4908,36.06,35.35050582885742,4.98,0.0,0
46974,21.487000000000002,42.246,14.200000000000001,200.0,458.636,0.0,0.0,0.0,5.732,0,139.0,1.5050000000000001,309.915,1.4516,35.94,35.35050582885742,4.98,0.0,0
46974,21.316,42.393,14.200000000000001,200.0,458.878,0.0,0.0,0.0,5.732,0,137.0,1.475,309.825,0.6763,36.81,35.35050582885742,4.98,0.0,0
46974,21.657,42.539,14.200000000000001,200.0,458.757,0.0,0.0,0.0,5.732,0,141.0,1.41,309.915,-1.732,37.35,35.35050582885742,4.98,0.0,0
46974,21.657,42.686,14.700000000000001,200.0,458.575,0.0,0.0,0.0,5.732,0,139.0,1.425,309.915,0.0,37.89,35.35050582885742,4.98,0.0,0
46974,21.657,42.832,14.200000000000001,200.0,458.636,0.0,0.0,0.0,5.732,0,140.0,1.5,309.825,1.0722,37.86,35.35050582885742,4.98,0.0,0
46974,21.487000000000002,42.979,14.200000000000001,200.0,459.12,0.0,0.0,0.0,5.732,0,138.0,1.465,309.69,0.7011000000000001,38.1,35.35050582885742,4.98,0.0,0
46974,21.487000000000002,43.125,14.200000000000001,200.0,458.938,0.0,0.0,0.0,5.732,0,143.0,1.44,309.915,-2.1939,37.68,35.35050582885742,4.98,0.0,0
46974,21.657,43.271,15.700000000000001,200.0,458.878,0.0,0.0,0.0,5.732,0,133.0,1.435,309.825,0.8578,37.14,35.35050582885742,4.98,0.0,0
46974,21.657,43.418,14.200000000000001,200.0,458.938,0.0,0.0,0.0,5.732,0,143.0,1.44,309.825,2.6063,37.02,35.35050582885742,4.98,0.0,0
46974,21.146,43.555,14.200000000000001,200.0,458.878,0.0,0.0,0.0,5.732,0,141.0,1.395,309.825,-3.6785,36.75,35.35050582885742,4.98,0.0,0
46974,21.487000000000002,43.701,14.200000000000001,201.0,458.938,0.0,0.0,0.0,5.732,0,140.0,1.51,309.825,-1.699,36.0,35.35050582885742,4.98,0.0,0
46974,21.146,43.848,14.700000000000001,200.0,458.636,0.0,0.0,0.0,5.732,0,145.0,1.435,309.825,-1.3856000000000002,36.12,35.35050582885742,4.98,0.0,0
46974,21.316,43.994,14.200000000000001,200.0,458.697,0.0,0.0,0.0,5.732,0,140.0,1.44,309.825,0.7258,36.27,35.35050582885742,4.98,0.0,0
46974,21.146,44.131,13.700000000000001,200.0,458.757,0.0,0.0,0.0,5.732,0,139.0,1.455,309.825,-1.3196,36.12,35.35050582885742,4.98,0.0,0
46974,21.487000000000002,44.277,14.700000000000001,200.0,458.636,0.0,0.0,0.0,5.732,0,149.0,1.45,309.825,0.3052,36.6,35.35050582885742,4.98,0.0,0
46974,21.316,44.424,13.700000000000001,200.0,458.757,0.0,0.0,0.0,5.732,0,143.0,1.48,309.915,5.1961,37.83,35.35050582885742,4.98,0.0,0
46974,21.316,44.561,13.700000000000001,200.0,458.757,0.0,0.0,0.0,5.732,0,144.0,1.425,309.915,2.5981,38.07,35.35050582885742,4.98,0.0,0
46974,21.316,44.707,13.700000000000001,200.0,458.757,0.0,0.0,0.0,5.732,0,145.0,1.425,309.915,0.3794,38.4,35.35050582885742,4.98,0.0,0
46974,21.146,44.844,14.200000000000001,200.0,458.575,0.0,0.0,0.0,5.732,0,145.0,1.45,309.825,-0.7588,37.980000000000004,35.35050582885742,4.98,0.0,0
46974,21.146,44.980000000000004,13.700000000000001,200.0,458.697,0.0,0.0,0.0,5.732,0,141.0,1.445,309.825,-4.0744,37.56,35.35050582885742,4.98,0.0,0
46974,21.316,45.127,13.700000000000001,200.0,458.757,0.0,0.0,0.0,5.732,0,143.0,1.415,309.915,-0.5279,36.9,35.35050582885742,4.98,0.0,0
46974,21.316,45.264,13.700000000000001,200.0,458.575,0.0,0.0,0.0,5.732,0,145.0,1.365,309.915,2.4908,35.730000000000004,35.35050582885742,4.98,0.0,0
46974,21.657,45.410000000000004,14.200000000000001,200.0,458.454,0.0,0.0,0.0,5.732,0,143.0,1.48,309.915,1.8310000000000002,35.4,35.35050582885742,4.98,0.0,0
46974,21.657,45.547000000000004,14.200000000000001,200.0,458.39300000000003,0.0,0.0,0.0,5.732,0,146.0,1.44,309.915,0.9238000000000001,35.550000000000004,35.35050582885742,4.98,0.0,0
46974,21.828,45.693000000000005,14.200000000000001,200.0,458.575,0.0,0.0,0.0,5.732,0,146.0,1.45,309.825,-2.3754,36.27,35.35050582885742,4.98,0.0,0
46974,21.828,45.84,14.700000000000001,200.0,458.514,0.0,0.0,0.0,5.732,0,138.0,1.43,309.825,-3.0187,36.87,35.35050582885742,4.98,0.0,0
46974,21.998,45.986000000000004,13.700000000000001,200.0,458.454,0.0,0.0,0.0,5.732,0,149.0,1.485,309.915,-3.1012,37.56,35.35050582885742,4.98,0.0,0
46974,22.339000000000002,46.123000000000005,13.700000000000001,200.0,458.575,0.0,0.0,0.0,5.732,0,146.0,1.4000000000000001,309.825,0.19790000000000002,37.32,35.35050582885742,4.98,0.0,0
46974,21.657,46.27,15.200000000000001,200.0,458.938,0.0,0.0,0.0,5.732,0,143.0,1.44,309.915,2.4249,37.47,35.35050582885742,4.98,0.0,0
46974,21.828,46.416000000000004,14.200000000000001,200.0,458.636,0.0,0.0,0.0,5.732,0,152.0,1.37,309.915,0.0,36.9,35.35050582885742,4.98,0.0,0
46974,21.998,46.572,14.700000000000001,200.0,458.878,0.0,0.0,0.0,5.732,0,143.0,1.455,309.825,0.6598,37.08,35.35050582885742,4.98,0.0,0
46974,21.828,46.582,15.700000000000001,200.0,458.938,0.0,0.0,-0.2,5.732,0,147.0,1.385,309.825,0.2639,37.050000000000004,35.35050582885742,4.98,0.0,0
46974,21.998,46.729,15.200000000000001,200.0,458.757,0.0,0.0,0.0,5.732,0,152.0,1.445,309.825,-1.5176,37.11,35.35050582885742,4.98,0.0,0
46974,21.828,46.875,14.200000000000001,200.0,458.575,0.0,0.0,0.0,5.732,0,144.0,1.47,309.825,-2.1114,37.32,35.35050582885742,4.98,0.0,0
46974,21.657,47.031,15.700000000000001,200.0,458.454,0.0,0.0,0.0,5.732,0,153.0,1.345,309.825,1.0557,36.72,35.35050582885742,4.98,0.0,0
46974,21.657,47.178000000000004,14.700000000000001,200.0,458.818,0.0,0.0,0.0,5.732,0,149.0,1.42,309.915,1.8475000000000001,35.61,35.35050582885742,4.98,0.0,0
46974,21.657,47.324000000000005,14.700000000000001,199.0,458.697,0.0,0.0,0.0,5.732,0,150.0,1.5,309.915,1.5176,34.89,35.35050582885742,4.98,0.0,0
46974,21.146,47.471000000000004,15.200000000000001,201.0,458.514,0.0,0.0,0.0,5.732,0,150.0,1.475,309.915,1.8475000000000001,35.01,35.35050582885742,4.98,0.0,0
46974,21.487000000000002,47.617000000000004,14.200000000000001,199.0,458.697,0.0,0.0,0.0,5.732,0,148.0,1.375,309.915,-1.0557,35.46,35.35050582885742,4.98,0.0,0
46974,20.975,47.764,14.700000000000001,200.0,458.938,0.0,0.0,0.0,5.732,0,147.0,1.45,309.825,-1.5836000000000001,36.45,35.35050582885742,4.98,0.0,0
46974,20.975,47.910000000000004,15.200000000000001,200.0,458.697,0.0,0.0,0.0,5.732,0,158.0,1.45,309.825,0.066,37.26,35.35050582885742,4.98,0.0,0
46974,21.146,48.057,14.200000000000001,201.0,458.757,0.0,0.0,0.0,5.732,0,148.0,1.425,309.825,-1.8475000000000001,37.71,35.35050582885742,4.98,0.0,0
46974,21.316,48.203,14.200000000000001,200.0,458.757,0.0,0.0,0.0,5.732,0,153.0,1.325,309.915,-0.066,37.32,35.35050582885742,4.98,0.0,0
46974,21.146,48.35,14.200000000000001,200.0,459.12,0.0,0.0,0.0,5.732,0,155.0,1.3800000000000001,309.915,2.9032,36.39,35.35050582885742,4.98,0.0,0
46974,21.657,48.486000000000004,14.700000000000001,200.0,459.059,0.0,0.0,0.0,5.732,0,152.0,1.4000000000000001,309.825,1.5836000000000001,36.45,35.35050582885742,4.98,0.0,0
46974,21.316,48.633,14.200000000000001,200.0,458.39300000000003,0.0,0.0,0.0,5.732,0,150.0,1.5,309.915,-0.7918000000000001,36.69,35.35050582885742,4.98,0.0,0
46974,21.487000000000002,48.77,14.200000000000001,200.0,458.878,0.0,0.0,0.0,5.732,0,152.0,1.495,309.915,-2.1114,36.9,35.35050582885742,4.98,0.0,0
46974,21.487000000000002,48.916000000000004,13.200000000000001,200.0,459.241,0.0,0.0,0.0,5.732,0,147.0,1.415,309.915,1.8475000000000001,36.96,35.35050582885742,4.98,0.0,0
46974,20.975,49.053000000000004,13.200000000000001,200.0,458.999,0.0,0.0,0.0,5.732,0,149.0,1.45,309.825,0.5938,36.09,35.35050582885742,4.98,0.0,0
46974,21.146,49.199000000000005,14.200000000000001,200.0,458.514,0.0,0.0,0.0,5.732,0,155.0,1.455,309.825,-1.0557,35.1,35.35050582885742,4.98,0.0,0
46974,21.316,49.336000000000006,13.700000000000001,200.0,458.514,0.0,0.0,0.0,5.732,0,148.0,1.43,309.915,0.5279,34.74,35.35050582885742,4.98,0.0,0
46974,20.975,49.482,13.700000000000001,200.0,458.514,0.0,0.0,0.0,5.732,0,149.0,1.415,309.915,1.5836000000000001,35.4,35.35050582885742,4.98,0.0,0
46974,21.657,49.619,14.200000000000001,200.0,458.575,0.0,0.0,0.0,5.732,0,152.0,1.4000000000000001,309.915,0.9897,36.84,35.35050582885742,4.98,0.0,0
46974,21.657,49.639,14.700000000000001,200.0,458.575,0.0,0.0,0.0,5.732,0,149.0,1.465,309.915,0.9073,36.96,35.35050582885742,4.98,0.0,0
46974,21.998,49.775000000000006,14.700000000000001,200.0,458.938,0.0,0.0,0.0,5.732,0,154.0,1.435,309.825,-2.0949,37.44,35.35050582885742,4.98,0.0,0
46974,21.657,49.922000000000004,14.700000000000001,200.0,458.878,0.0,0.0,0.0,5.732,0,152.0,1.425,309.915,-1.4516,37.5,35.35050582885742,4.98,0.0,0
46974,21.998,50.068000000000005,14.700000000000001,200.0,458.818,0.0,0.0,0.0,5.732,0,149.0,1.3900000000000001,309.825,-3.3486000000000002,36.45,35.35050582885742,4.98,0.0,0
46974,21.998,50.205000000000005,14.200000000000001,200.0,458.878,0.0,0.0,0.0,5.732,0,157.0,1.48,309.825,0.19790000000000002,36.480000000000004,35.35050582885742,4.98,0.0,0
46974,21.828,50.352000000000004,14.200000000000001,200.0,458.818,0.0,0.0,0.0,5.732,0,147.0,1.455,309.825,1.2702,35.82,35.35050582885742,4.98,0.0,0
46974,22.339000000000002,50.498000000000005,14.200000000000001,200.0,458.454,0.0,0.0,0.0,5.732,0,152.0,1.415,309.825,0.899,36.81,35.35050582885742,4.98,0.0,0
46974,21.657,50.645,14.700000000000001,200.0,458.39300000000003,0.0,0.0,0.0,5.732,0,160.0,1.45,309.825,-0.132,36.6,35.35050582885742,4.98,0.0,0
46974,21.657,50.801,14.700000000000001,200.0,458.575,0.0,0.0,0.0,5.732,0,143.0,1.475,309.915,1.5671000000000002,35.61,35.35050582885742,4.98,0.0,0
46974,21.828,50.947,14.200000000000001,200.0,458.999,0.0,0.0,0.0,5.732,0,154.0,1.36,309.825,2.7713,35.25,35.35050582885742,4.98,0.0,0
46974,21.657,51.094,15.200000000000001,200.0,458.757,0.0,0.0,0.0,5.732,0,156.0,1.42,309.915,0.3794,35.34,35.35050582885742,4.98,0.0,0
46974,21.828,51.24,13.700000000000001,200.0,458.697,0.0,0.0,-0.2,5.732,0,153.0,1.375,309.825,-1.4351,34.71,35.35050582885742,4.98,0.0,0
46974,21.657,51.396,15.700000000000001,200.0,458.514,0.0,0.0,0.0,5.732,0,150.0,1.445,309.915,1.0722,35.07,35.35050582885742,4.98,0.0,0
46974,21.828,51.543,15.200000000000001,200.0,458.575,0.0,0.0,0.0,5.732,0,155.0,1.475,309.825,-0.9073,36.480000000000004,35.35050582885742,4.98,0.0,0
46974,21.487000000000002,51.699000000000005,14.700000000000001,200.0,458.757,0.0,0.0,0.0,5.732,0,152.0,1.455,309.915,0.9073,37.44,35.35050582885742,4.98,0.0,0
46974,21.487000000000002,51.846000000000004,14.200000000000001,200.0,458.697,0.0,0.0,0.0,5.732,0,150.0,1.425,309.825,0.8083,37.62,35.35050582885742,4.98,0.0,0
46974,21.487000000000002,51.992000000000004,15.200000000000001,200.0,458.575,0.0,0.0,0.0,5.732,0,158.0,1.54,309.915,1.3032000000000001,37.02,35.35050582885742,4.98,0.0,0
46974,21.657,52.148,14.700000000000001,200.0,458.938,0.0,0.0,0.0,5.732,0,154.0,1.425,309.915,-0.7918000000000001,35.97,35.35050582885742,4.98,0.0,0
46974,21.487000000000002,52.295,14.200000000000001,200.0,458.878,0.0,0.0,0.0,5.732,0,153.0,1.47,309.825,0.41240000000000004,35.25,35.35050582885742,4.98,0.0,0
46974,21.146,52.441,15.200000000000001,200.0,458.757,0.0,0.0,0.0,5.732,0,158.0,1.41,309.915,-0.39590000000000003,35.43,35.35050582885742,4.98,0.0,0
46974,21.146,52.588,14.700000000000001,200.0,459.12,0.0,0.0,0.0,5.732,0,154.0,1.385,309.915,-0.6598,35.52,35.35050582885742,4.98,0.0,0
46974,21.316,52.744,15.200000000000001,200.0,458.878,0.0,0.0,0.0,5.732,0,157.0,1.425,309.825,0.5279,35.25,35.35050582885742,4.98,0.0,0
46974,21.487000000000002,52.754000000000005,15.200000000000001,200.0,458.878,0.0,0.0,0.0,5.732,0,159.0,1.445,309.825,0.0,35.22,35.35050582885742,4.98,0.0,0
46974,21.487000000000002,52.900000000000006,14.700000000000001,200.0,458.575,0.0,0.0,0.0,5.732,0,152.0,1.44,309.915,0.2639,34.65,35.35050582885742,4.98,0.0,0
46974,21.487000000000002,53.047000000000004,14.200000000000001,200.0,458.757,0.0,0.0,0.0,5.732,0,159.0,1.445,309.915,-2.3754,34.08,35.35050582885742,4.98,0.0,0
46974,21.316,53.203,14.700000000000001,200.0,458.757,0.0,0.0,0.0,5.732,0,158.0,1.36,309.825,-1.9795,34.68,35.35050582885742,4.98,0.0,0
46974,21.487000000000002,53.35,15.200000000000001,200.0,458.757,0.0,0.0,0.0,5.732,0,160.0,1.415,309.915,0.5279,35.49,35.35050582885742,4.98,0.0,0
46974,21.146,53.496,14.200000000000001,200.0,458.575,0.0,0.0,0.0,5.732,0,158.0,1.365,309.915,1.8475000000000001,36.18,35.35050582885742,4.98,0.0,0
46974,21.316,53.643,14.700000000000001,200.0,458.454,0.0,0.0,0.0,5.732,0,152.0,1.49,309.825,-0.5279,36.78,35.35050582885742,4.98,0.0,0
46974,21.487000000000002,53.789,14.700000000000001,200.0,458.636,0.0,0.0,0.0,5.732,0,156.0,1.44,309.825,-6.2023,36.87,35.35050582885742,4.98,0.0,0
46974,21.487000000000002,53.936,14.200000000000001,200.0,458.514,0.0,0.0,0.0,5.732,0,162.0,1.405,309.825,-0.9897,37.11,35.35050582885742,4.98,0.0,0
46974,21.657,54.082,14.700000000000001,201.0,458.212,0.0,0.0,0.0,5.732,0,152.0,1.42,309.825,2.2434000000000003,36.81,35.35050582885742,4.98,0.0,0
46974,21.657,54.229,14.200000000000001,200.0,458.272,0.0,0.0,0.0,5.732,0,158.0,1.425,309.825,1.5836000000000001,36.21,35.35050582885742,4.98,0.0,0
46974,21.998,54.375,14.200000000000001,200.0,458.575,0.0,0.0,0.2,5.732,0,163.0,1.42,309.915,3.1672000000000002,35.25,35.35050582885742,4.98,0.0,0
46974,21.657,54.521,14.200000000000001,200.0,458.575,0.0,0.0,0.0,5.732,0,159.0,1.45,309.69,-0.9567,34.71,35.35050582885742,4.98,0.0,0
46974,21.657,54.668,14.700000000000001,200.0,458.514,0.0,0.0,0.0,5.732,0,159.0,1.48,309.825,-3.2991,34.32,35.35050582885742,4.98,0.0,0
46974,21.828,54.824000000000005,15.200000000000001,200.0,458.818,0.0,0.0,0.0,5.732,0,157.0,1.435,310.005,0.19790000000000002,35.28,35.35050582885742,4.98,0.0,0
46974,21.998,54.971000000000004,15.200000000000001,200.0,458.697,0.0,0.0,0.0,5.732,0,158.0,1.43,309.825,4.0909,35.64,35.35050582885742,4.98,0.0,0
46974,21.828,55.117000000000004,14.200000000000001,200.0,458.818,0.0,0.0,0.0,5.732,0,153.0,1.48,309.915,-1.6496000000000002,36.18,35.35050582885742,4.98,0.0,0
46974,21.657,55.273,15.200000000000001,200.0,458.818,0.0,0.0,0.0,5.732,0,160.0,1.4000000000000001,309.69,-4.3548,37.17,35.35050582885742,4.98,0.0,0
46974,21.316,55.42,13.700000000000001,200.0,458.454,0.0,0.0,0.0,5.732,0,149.0,1.42,309.915,0.7258,37.32,35.35050582885742,4.98,0.0,0
46974,21.487000000000002,55.576,15.700000000000001,200.0,458.333,0.0,0.0,0.0,5.732,0,152.0,1.44,309.825,-0.132,36.81,35.35050582885742,4.98,0.0,0
46974,21.657,55.723000000000006,15.200000000000001,200.0,458.514,0.0,0.0,0.0,5.732,0,162.0,1.445,309.825,-0.6268,36.78,35.35050582885742,4.98,0.0,0
46974,21.487000000000002,55.869,14.700000000000001,200.0,458.39300000000003,0.0,0.0,0.0,5.732,0,151.0,1.42,309.825,-2.5073000000000003,37.050000000000004,35.35050582885742,4.98,0.0,0
46974,21.487000000000002,56.025000000000006,15.200000000000001,200.0,458.272,0.0,0.0,0.0,5.732,0,153.0,1.495,309.825,1.3196,36.660000000000004,35.35050582885742,4.98,0.0,0
46974,21.316,56.172000000000004,14.200000000000001,200.0,458.272,0.0,0.0,0.0,5.732,0,157.0,1.435,309.825,0.0,36.24,35.35050582885742,4.98,0.0,0
46974,21.657,56.328,15.200000000000001,200.0,458.514,0.0,0.0,0.0,5.732,0,156.0,1.445,309.915,0.9897,36.45,35.35050582885742,4.98,0.0,0
46974,21.657,56.338,14.700000000000001,200.0,458.514,0.0,0.0,0.0,5.732,0,158.0,1.45,309.915,1.4351,36.480000000000004,35.35050582885742,4.98,0.0,0
46974,21.316,56.494,16.3,200.0,458.514,0.0,0.0,0.0,5.732,0,157.0,1.425,309.825,0.6598,35.88,35.35050582885742,4.98,0.0,0
46974,21.487000000000002,56.650000000000006,14.700000000000001,200.0,458.636,0.0,0.0,0.0,5.732,0,159.0,1.41,309.825,-0.6598,35.37,35.35050582885742,4.98,0.0,0
46974,21.828,56.797000000000004,14.700000000000001,200.0,458.636,0.0,0.0,0.0,5.732,0,163.0,1.42,309.915,0.7918000000000001,35.160000000000004,35.35050582885742,4.98,0.0,0
46974,22.339000000000002,56.953,15.700000000000001,200.0,458.333,0.0,0.0,0.0,5.732,0,153.0,1.44,309.825,2.7713,35.1,35.35050582885742,4.98,0.0,0
46974,21.316,57.109,15.200000000000001,200.0,458.454,0.0,0.0,0.0,5.732,0,158.0,1.44,309.825,2.9032,36.09,35.35050582885742,4.98,0.0,0
46974,21.487000000000002,57.256,14.700000000000001,200.0,458.454,0.0,0.0,0.0,5.732,0,164.0,1.3900000000000001,309.915,-1.8475000000000001,37.53,35.35050582885742,4.98,0.0,0
46974,21.316,57.412000000000006,14.700000000000001,200.0,458.454,0.0,0.0,0.0,5.732,0,155.0,1.495,309.915,-1.4681,37.71,35.35050582885742,4.98,0.0,0
46974,21.316,57.568000000000005,15.700000000000001,200.0,458.091,0.0,0.0,0.0,5.732,0,159.0,1.405,309.69,-2.5321000000000002,37.5,35.35050582885742,4.98,0.0,0
46974,21.316,57.715,15.200000000000001,200.0,458.454,0.0,0.0,0.0,5.732,0,158.0,1.3800000000000001,309.825,-4.3383,36.75,35.35050582885742,4.98,0.0,0
46974,21.146,57.861000000000004,15.200000000000001,200.0,458.333,0.0,0.0,0.0,5.732,0,157.0,1.42,309.915,1.3032000000000001,36.69,35.35050582885742,4.98,0.0,0
46974,21.146,58.018,14.700000000000001,200.0,458.333,0.0,0.0,0.0,5.732,0,158.0,1.4000000000000001,309.915,6.2931,36.78,35.35050582885742,4.98,0.0,0
46974,20.805,58.164,14.700000000000001,200.0,458.091,0.0,0.0,0.0,5.732,0,160.0,1.43,309.915,4.486800000000001,36.9,35.35050582885742,4.98,0.0,0
46974,21.487000000000002,58.311,14.700000000000001,200.0,458.454,0.0,0.0,0.0,5.732,0,158.0,1.475,309.915,-3.8930000000000002,36.75,35.35050582885742,4.98,0.0,0
46974,21.146,58.457,14.700000000000001,200.0,458.333,0.0,0.0,0.2,5.732,0,159.0,1.3800000000000001,309.915,-3.4971,35.88,35.35050582885742,4.98,0.0,0
46974,21.316,58.604000000000006,14.200000000000001,200.0,458.39300000000003,0.0,0.0,0.0,5.732,0,163.0,1.46,309.825,1.4021000000000001,34.95,35.35050582885742,4.98,0.0,0
46974,21.828,58.75,14.700000000000001,200.0,458.454,0.0,0.0,0.0,5.732,0,153.0,1.42,309.915,1.1464,35.34,35.35050582885742,4.98,0.0,0
46974,21.998,58.896,13.700000000000001,200.0,458.575,0.0,0.0,0.0,5.732,0,160.0,1.495,309.825,-3.8765,35.94,35.35050582885742,4.98,0.0,0
46974,21.657,59.053000000000004,15.700000000000001,200.0,458.39300000000003,0.0,0.0,0.0,5.732,0,165.0,1.41,309.915,1.2372,36.72,35.35050582885742,4.98,0.0,0
46974,21.657,59.199000000000005,15.200000000000001,200.0,458.39300000000003,0.0,0.0,0.0,5.732,0,159.0,1.375,309.915,3.761,37.800000000000004,35.35050582885742,4.98,0.0,0
46974,21.828,59.355000000000004,15.200000000000001,200.0,458.212,0.0,0.0,0.0,5.732,0,154.0,1.355,309.915,0.9073,38.25,35.35050582885742,4.98,0.0,0
46974,21.657,59.502,14.200000000000001,200.0,458.454,0.0,0.0,0.0,5.732,0,165.0,1.445,309.915,-0.39590000000000003,37.56,35.35050582885742,4.98,0.0,0
46974,21.657,59.658,14.700000000000001,200.0,458.333,0.0,0.0,0.0,5.732,0,157.0,1.415,309.915,0.7918000000000001,36.6,35.35050582885742,4.98,0.0,0
46974,21.657,59.805,15.200000000000001,200.0,458.454,0.0,0.0,0.0,5.732,0,160.0,1.4000000000000001,309.825,-2.4908,36.24,35.35050582885742,4.98,0.0,0
46974,21.487000000000002,59.961000000000006,14.700000000000001,200.0,458.454,0.0,0.0,0.0,5.732,0,162.0,1.41,309.915,-2.1279,36.42,35.35050582885742,4.98,0.0,0
46974,21.657,59.971000000000004,14.700000000000001,200.0,458.454,0.0,0.0,0.0,5.732,0,160.0,1.42,309.915,-2.1114,36.51,35.35050582885742,4.98,0.0,0
46974,21.828,60.127,15.200000000000001,200.0,458.454,0.0,0.0,0.0,5.732,0,161.0,1.395,309.69,-1.9465000000000001,37.230000000000004,35.35050582885742,4.98,0.0,0
46974,21.828,60.273,15.200000000000001,200.0,458.454,0.0,0.0,0.0,5.732,0,152.0,1.455,309.825,-0.6598,36.12,35.35050582885742,4.98,0.0,0
46974,21.657,60.43,15.700000000000001,200.0,458.454,0.0,0.0,0.0,5.732,0,161.0,1.395,309.825,-0.19790000000000002,34.95,35.35050582885742,4.98,0.0,0
46974,21.657,60.586000000000006,15.200000000000001,200.0,458.333,0.0,0.0,0.0,5.732,0,161.0,1.44,309.915,3.2991,34.89,35.35050582885742,4.98,0.0,0
46974,21.657,60.742000000000004,14.700000000000001,200.0,458.151,0.0,0.0,0.0,5.732,0,161.0,1.5,309.915,3.1012,35.07,35.35050582885742,4.98,0.0,0
46974,21.657,60.898,14.700000000000001,200.0,458.333,0.0,0.0,0.0,5.732,0,159.0,1.42,309.915,3.4311000000000003,36.72,35.35050582885742,4.98,0.0,0
46974,21.487000000000002,61.045,15.200000000000001,200.0,458.212,0.0,0.0,0.0,5.732,0,161.0,1.44,309.825,-2.0455,38.37,35.35050582885742,4.98,0.0,0
46974,21.657,61.201,14.200000000000001,200.0,458.454,0.0,0.0,-0.2,5.732,0,159.0,1.44,309.825,-3.9589000000000003,38.94,35.35050582885742,4.98,0.0,0
46974,21.487000000000002,61.357000000000006,15.700000000000001,200.0,458.272,0.0,0.0,0.0,5.732,0,160.0,1.41,309.825,-2.5733,39.24,35.35050582885742,4.98,0.0,0
46974,21.316,61.514,16.3,200.0,458.212,0.0,0.0,0.0,5.732,0,163.0,1.42,309.915,3.563,37.86,35.35050582885742,4.98,0.0,0
46974,21.487000000000002,61.67,15.700000000000001,200.0,458.151,0.0,0.0,0.0,5.732,0,161.0,1.395,309.915,3.8930000000000002,37.5,35.35050582885742,4.98,0.0,0
46974,21.487000000000002,61.816,15.200000000000001,200.0,458.636,0.0,0.0,0.0,5.732,0,159.0,1.455,309.825,-2.6393,37.62,35.35050582885742,4.98,0.0,0
46974,21.828,61.973000000000006,15.200000000000001,200.0,458.938,0.0,0.0,0.0,5.732,0,168.0,1.395,309.825,1.9135000000000002,37.2,35.35050582885742,4.98,0.0,0
46974,21.828,62.129000000000005,15.700000000000001,200.0,458.938,0.0,0.0,0.0,5.732,0,158.0,1.4000000000000001,309.825,0.9238000000000001,36.24,35.35050582885742,4.98,0.0,0
46974,21.657,62.285000000000004,15.700000000000001,200.0,458.514,0.0,0.0,0.0,5.732,0,161.0,1.43,309.915,-1.1217000000000001,35.82,35.35050582885742,4.98,0.0,0
46974,21.657,62.441,15.700000000000001,200.0,458.39300000000003,0.0,0.0,0.0,5.732,0,164.0,1.41,309.825,0.5279,35.04,35.35050582885742,4.98,0.0,0
46974,21.487000000000002,62.598000000000006,15.700000000000001,200.0,458.272,0.0,0.0,-0.2,5.732,0,149.0,1.365,309.915,1.5176,35.01,35.35050582885742,4.98,0.0,0
46974,21.316,62.754000000000005,15.200000000000001,200.0,458.697,0.0,0.0,0.0,5.732,0,168.0,1.4000000000000001,309.915,-0.5279,35.88,35.35050582885742,4.98,0.0,0
46974,21.316,62.910000000000004,14.700000000000001,200.0,458.575,0.0,0.0,0.0,5.732,0,162.0,1.395,309.915,0.9897,37.17,35.35050582885742,4.98,0.0,0
46974,21.316,63.057,15.200000000000001,200.0,458.454,0.0,0.0,0.0,5.732,0,162.0,1.41,309.915,1.3196,38.88,35.35050582885742,4.98,0.0,0
46974,21.487000000000002,63.213,15.200000000000001,200.0,458.454,0.0,0.0,0.0,5.732,0,166.0,1.385,309.69,-6.4333,39.480000000000004,35.35050582885742,4.98,0.0,0
46974,21.657,63.369,15.200000000000001,200.0,458.272,0.0,0.0,0.0,5.732,0,164.0,1.43,309.69,-7.258100000000001,39.42,35.35050582885742,4.98,0.0,0
46974,21.657,63.525000000000006,15.200000000000001,200.0,458.575,0.0,0.0,0.0,5.732,0,166.0,1.43,309.915,2.6393,38.19,35.35050582885742,4.98,0.0,0
46974,21.998,63.682,15.700000000000001,200.0,458.454,0.0,0.0,0.0,5.732,0,164.0,1.385,309.825,4.7507,36.78,35.35050582885742,4.98,0.0,0
46974,21.657,63.838,15.200000000000001,200.0,458.575,0.0,0.0,0.0,5.732,0,159.0,1.41,309.825,-1.6826,36.42,35.35050582885742,4.98,0.0,0
46974,21.657,63.994,16.3,200.0,458.514,0.0,0.0,0.0,5.732,0,161.0,1.48,309.825,-3.1672000000000002,36.36,35.35050582885742,4.98,0.0,0
46974,21.657,64.15,15.200000000000001,200.0,458.514,0.0,0.0,0.0,5.732,0,163.0,1.375,309.825,1.5836000000000001,36.03,35.35050582885742,4.98,0.0,0
46974,21.487000000000002,64.307,15.700000000000001,200.0,458.514,0.0,0.0,0.0,5.732,0,161.0,1.41,309.825,0.2639,35.49,35.35050582885742,4.98,0.0,0
46974,21.487000000000002,64.46300000000001,15.700000000000001,200.0,458.272,0.0,0.0,0.0,5.732,0,160.0,1.425,310.005,0.9238000000000001,35.7,35.35050582885742,4.98,0.0,0
46974,20.975,64.619,15.700000000000001,200.0,458.454,0.0,0.0,0.0,5.732,0,164.0,1.415,309.825,1.5836000000000001,36.15,35.35050582885742,4.98,0.0,0
46974,21.487000000000002,64.63900000000001,15.200000000000001,200.0,458.454,0.0,0.0,0.0,5.732,0,160.0,1.425,309.915,1.8310000000000002,36.15,35.35050582885742,4.98,0.0,0
46974,20.975,64.795,15.700000000000001,200.0,458.575,0.0,0.0,0.0,5.732,0,163.0,1.51,309.915,-1.1382,36.99,35.35050582885742,4.98,0.0,0
46974,21.487000000000002,64.95100000000001,15.700000000000001,200.0,458.697,0.0,0.0,0.0,5.732,0,163.0,1.405,309.915,-1.1052,37.44,35.35050582885742,4.98,0.0,0
46974,21.316,65.098,15.700000000000001,200.0,458.514,0.0,0.0,0.0,5.732,0,161.0,1.405,309.915,1.6331,38.04,35.35050582885742,4.98,0.0,0
46974,21.146,65.254,15.200000000000001,200.0,458.39300000000003,0.0,0.0,0.0,5.732,0,167.0,1.415,309.825,-2.6228000000000002,37.83,35.35050582885742,4.98,0.0,0
46974,21.316,65.41,15.700000000000001,200.0,457.97,0.0,0.0,0.0,5.732,0,165.0,1.42,309.915,-0.9402,38.13,35.35050582885742,4.98,0.0,0
46974,21.487000000000002,65.566,15.200000000000001,200.0,458.031,0.0,0.0,0.0,5.732,0,159.0,1.44,309.915,1.4516,37.71,35.35050582885742,4.98,0.0,0
46974,21.487000000000002,65.71300000000001,15.700000000000001,200.0,458.575,0.0,0.0,0.0,5.732,0,165.0,1.435,309.825,0.6598,37.47,35.35050582885742,4.98,0.0,0
46974,21.657,65.869,15.700000000000001,200.0,458.818,0.0,0.0,0.0,5.732,0,164.0,1.41,309.915,-0.5279,36.660000000000004,35.35050582885742,4.98,0.0,0
46974,21.316,66.025,15.700000000000001,200.0,458.39300000000003,0.0,0.0,0.2,5.732,0,159.0,1.405,309.915,1.9795,36.06,35.35050582885742,4.98,0.0,0
46974,21.657,66.182,15.200000000000001,200.0,458.272,0.0,0.0,0.0,5.732,0,163.0,1.43,309.825,0.6598,35.04,35.35050582885742,4.98,0.0,0
46974,21.316,66.33800000000001,15.200000000000001,200.0,458.091,0.0,0.0,0.0,5.732,0,164.0,1.44,309.915,-2.7713,35.19,35.35050582885742,4.98,0.0,0
46974,21.487000000000002,66.48400000000001,14.200000000000001,200.0,458.091,0.0,0.0,0.0,5.732,0,153.0,1.425,309.825,-2.2269,35.49,35.35050582885742,4.98,0.0,0
46974,21.487000000000002,66.641,15.200000000000001,200.0,457.728,0.0,0.0,0.0,5.732,0,162.0,1.415,309.825,0.7918000000000001,36.36,35.35050582885742,4.98,0.0,0
46974,21.657,66.797,15.700000000000001,200.0,458.333,0.0,0.0,0.0,5.732,0,164.0,1.4000000000000001,309.825,-1.3032000000000001,36.84,35.35050582885742,4.98,0.0,0
46974,21.487000000000002,66.953,15.200000000000001,200.0,458.454,0.0,0.0,0.0,5.732,0,160.0,1.41,309.69,-3.3404000000000003,37.14,35.35050582885742,4.98,0.0,0
46974,21.487000000000002,67.10900000000001,15.700000000000001,200.0,458.333,0.0,0.0,0.0,5.732,0,160.0,1.44,309.69,1.1464,38.46,35.35050582885742,4.98,0.0,0
46974,21.998,67.266,16.3,200.0,458.636,0.0,0.0,0.0,5.732,0,167.0,1.405,309.825,1.3196,38.88,35.35050582885742,4.98,0.0,0
46974,21.998,67.422,16.3,200.0,458.091,0.0,0.0,0.0,5.732,0,160.0,1.415,309.915,3.3898,38.730000000000004,35.35050582885742,4.98,0.0,0
46974,21.828,67.58800000000001,15.200000000000001,200.0,458.333,0.0,0.0,0.0,5.732,0,167.0,1.45,309.825,1.5341,37.92,35.35050582885742,4.98,0.0,0
46974,21.316,67.744,15.200000000000001,200.0,458.938,0.0,0.0,0.0,5.732,0,166.0,1.43,309.825,-3.2991,36.99,35.35050582885742,4.98,0.0,0
46974,20.805,67.9,15.200000000000001,200.0,458.757,0.0,0.0,0.0,5.732,0,159.0,1.43,309.915,1.1712,35.910000000000004,35.35050582885742,4.98,0.0,0
46974,21.316,67.92,16.3,200.0,458.454,0.0,0.0,0.0,5.732,0,161.0,1.405,309.915,1.3196,35.82,35.35050582885742,4.98,0.0,0
46974,20.975,68.07600000000001,15.700000000000001,200.0,458.272,0.0,0.0,0.0,5.732,0,161.0,1.475,309.915,1.5176,35.34,35.35050582885742,4.98,0.0,0
46974,20.975,68.223,15.700000000000001,200.0,458.514,0.0,0.0,0.0,5.732,0,161.0,1.455,309.915,-1.4516,35.4,35.35050582885742,4.98,0.0,0
46974,21.316,68.379,15.200000000000001,200.0,458.757,0.0,0.0,0.0,5.732,0,154.0,1.43,309.915,0.0,35.910000000000004,35.35050582885742,4.98,0.0,0
46974,21.146,68.535,15.700000000000001,200.0,458.575,0.0,0.0,0.0,5.732,0,164.0,1.44,309.825,1.4516,36.33,35.35050582885742,4.98,0.0,0
46974,21.146,68.682,15.200000000000001,200.0,458.272,0.0,0.0,0.0,5.732,0,161.0,1.42,309.825,1.1217000000000001,36.57,35.35050582885742,4.98,0.0,0
46974,21.487000000000002,68.83800000000001,15.200000000000001,200.0,458.333,0.0,0.0,0.0,5.732,0,171.0,1.485,309.825,-3.1672000000000002,36.72,35.35050582885742,4.98,0.0,0
46974,21.316,68.994,14.700000000000001,200.0,458.575,0.0,0.0,0.0,5.732,0,160.0,1.425,309.825,0.0,36.69,35.35050582885742,4.98,0.0,0
46974,21.487000000000002,69.141,15.200000000000001,200.0,458.39300000000003,0.0,0.0,0.0,5.732,0,163.0,1.41,309.915,3.1672000000000002,37.89,35.35050582885742,4.98,0.0,0
46974,21.657,69.297,15.700000000000001,200.0,458.514,0.0,0.0,0.0,5.732,0,158.0,1.445,309.69,-5.179600000000001,38.49,35.35050582885742,4.98,0.0,0
46974,21.657,69.453,15.200000000000001,200.0,458.454,0.0,0.0,0.2,5.732,0,160.0,1.37,309.825,-1.5836000000000001,38.160000000000004,35.35050582885742,4.98,0.0,0
46974,21.657,69.60000000000001,15.200000000000001,200.0,458.575,0.0,0.0,0.0,5.732,0,158.0,1.45,309.915,4.7507,37.62,35.35050582885742,4.98,0.0,0
46974,21.657,69.756,14.200000000000001,200.0,458.636,0.0,0.0,0.0,5.732,0,160.0,1.49,309.915,4.3548,36.42,35.35050582885742,4.98,0.0,0
46974,21.828,69.912,15.200000000000001,200.0,458.454,0.0,0.0,0.0,5.732,0,165.0,1.425,309.825,0.5279,35.22,35.35050582885742,4.98,0.0,0
46974,21.828,70.068,15.200000000000001,200.0,458.151,0.0,0.0,0.0,5.732,0,160.0,1.44,309.915,0.7918000000000001,34.86,35.35050582885742,4.98,0.0,0
46974,21.657,70.22500000000001,16.3,200.0,458.151,0.0,0.0,0.0,5.732,0,161.0,1.465,309.915,-0.5279,34.95,35.35050582885742,4.98,0.0,0
46974,21.657,70.381,15.700000000000001,200.0,458.333,0.0,0.0,0.0,5.732,0,156.0,1.32,309.825,-3.2991,35.46,35.35050582885742,4.98,0.0,0
46974,21.657,70.537,16.3,200.0,458.031,0.0,0.0,0.0,5.732,0,161.0,1.425,309.825,-0.46190000000000003,36.12,35.35050582885742,4.98,0.0,0
46974,21.657,70.693,15.700000000000001,200.0,457.91,0.0,0.0,0.0,5.732,0,157.0,1.42,309.825,1.1877,36.81,35.35050582885742,4.98,0.0,0
46974,21.487000000000002,70.703,16.3,200.0,458.091,0.0,0.0,0.0,5.732,0,160.0,1.395,309.915,2.0455,36.78,35.35050582885742,4.98,0.0,0
46974,21.657,70.85900000000001,14.700000000000001,200.0,458.454,0.0,0.0,0.0,5.732,0,157.0,1.445,309.915,1.963,37.410000000000004,35.35050582885742,4.98,0.0,0
46974,21.487000000000002,71.016,15.700000000000001,200.0,458.151,0.0,0.0,0.0,5.732,0,152.0,1.44,309.825,0.6598,37.53,35.35050582885742,4.98,0.0,0
46974,21.657,71.172,15.200000000000001,200.0,458.757,0.0,0.0,0.0,5.732,0,158.0,1.43,309.825,-1.7155,36.9,35.35050582885742,4.98,0.0,0
46974,21.487000000000002,71.328,15.700000000000001,200.0,458.39300000000003,0.0,0.0,0.0,5.732,0,155.0,1.42,309.915,-0.5279,37.050000000000004,35.35050582885742,4.98,0.0,0
46974,21.316,71.48400000000001,15.200000000000001,200.0,458.454,0.0,0.0,0.0,5.732,0,159.0,1.4000000000000001,309.915,0.5279,36.72,35.35050582885742,4.98,0.0,0
46974,21.657,71.641,15.200000000000001,200.0,458.091,0.0,0.0,0.0,5.732,0,162.0,1.33,309.825,0.0,37.08,35.35050582885742,4.98,0.0,0
46974,21.487000000000002,71.787,15.200000000000001,200.0,458.031,0.0,0.0,0.0,5.732,0,159.0,1.365,309.915,-1.0722,37.17,35.35050582885742,4.98,0.0,0
46974,21.487000000000002,71.943,15.200000000000001,200.0,458.636,0.0,0.0,0.0,5.732,0,154.0,1.415,309.825,-2.2269,36.480000000000004,35.35050582885742,4.98,0.0,0
46974,21.657,72.10900000000001,15.200000000000001,200.0,458.636,0.0,0.0,0.0,5.732,0,159.0,1.42,309.825,-0.6598,34.74,35.35050582885742,4.98,0.0,0
46974,21.487000000000002,72.266,15.200000000000001,200.0,458.272,0.0,0.0,0.0,5.732,0,162.0,1.43,309.825,-1.5011,34.11,35.35050582885742,4.98,0.0,0
46974,21.657,72.422,15.200000000000001,200.0,458.212,0.0,0.0,0.0,5.732,0,159.0,1.425,309.825,0.5938,33.96,35.35050582885742,4.98,0.0,0
46974,21.487000000000002,72.578,14.700000000000001,200.0,458.091,0.0,0.0,0.2,5.732,0,162.0,1.405,309.825,2.9692000000000003,35.37,35.35050582885742,4.98,0.0,0
46974,21.657,72.73400000000001,15.700000000000001,200.0,458.091,0.0,0.0,0.0,5.732,0,160.0,1.445,309.825,1.3361,36.57,35.35050582885742,4.98,0.0,0
46974,21.828,72.891,15.700000000000001,200.0,458.272,0.0,0.0,0.0,5.732,0,148.0,1.42,309.915,2.0949,37.56,35.35050582885742,4.98,0.0,0
46974,21.487000000000002,73.047,15.700000000000001,200.0,458.212,0.0,0.0,0.0,5.732,0,162.0,1.365,309.915,0.39590000000000003,38.1,35.35050582885742,4.98,0.0,0
46974,21.657,73.203,15.200000000000001,200.0,458.514,0.0,0.0,0.0,5.732,0,162.0,1.52,309.825,-4.4208,37.5,35.35050582885742,4.98,0.0,0
46974,21.657,73.35900000000001,15.200000000000001,200.0,458.636,0.0,0.0,0.0,5.732,0,159.0,1.37,309.915,0.7093,36.9,35.35050582885742,4.98,0.0,0
46974,21.146,73.525,15.200000000000001,200.0,458.091,0.0,0.0,0.0,5.732,0,160.0,1.415,309.69,2.4826,36.69,35.35050582885742,4.98,0.0,0
46974,21.487000000000002,73.682,15.700000000000001,200.0,458.151,0.0,0.0,0.0,5.732,0,158.0,1.45,309.825,0.066,36.300000000000004,35.35050582885742,4.98,0.0,0
46974,21.146,73.83800000000001,15.700000000000001,200.0,458.39300000000003,0.0,0.0,0.0,5.732,0,160.0,1.43,309.825,-0.3134,35.85,35.35050582885742,4.98,0.0,0
46974,21.657,73.994,16.3,200.0,458.091,0.0,0.0,0.0,5.732,0,164.0,1.405,309.825,-0.4454,35.49,35.35050582885742,4.98,0.0,0
46974,21.487000000000002,74.15,15.700000000000001,200.0,457.91,0.0,0.0,0.0,5.732,0,161.0,1.47,309.825,-1.4516,34.56,35.35050582885742,4.98,0.0,0
46974,21.487000000000002,74.316,15.700000000000001,200.0,458.091,0.0,0.0,0.0,5.732,0,161.0,1.41,309.825,1.4516,34.800000000000004,35.35050582885742,4.98,0.0,0
46974,21.316,74.473,16.3,200.0,458.272,0.0,0.0,0.0,5.732,0,162.0,1.425,309.825,1.8475000000000001,35.76,35.35050582885742,4.98,0.0,0
46974,21.657,74.492,15.700000000000001,200.0,458.272,0.0,0.0,0.0,5.732,0,164.0,1.485,309.825,1.5836000000000001,35.88,35.35050582885742,4.98,0.0,0
46974,21.657,74.64800000000001,15.200000000000001,200.0,458.272,0.0,0.0,0.0,5.732,0,163.0,1.415,309.825,-1.0557,37.29,35.35050582885742,4.98,0.0,0
46974,21.487000000000002,74.805,15.700000000000001,200.0,458.212,0.0,0.0,0.0,5.732,0,160.0,1.415,309.915,-0.066,38.550000000000004,35.35050582885742,4.98,0.0,0
46974,21.316,74.961,15.700000000000001,200.0,458.454,0.0,0.0,0.0,5.732,0,158.0,1.43,309.915,2.6393,38.52,35.35050582885742,4.98,0.0,0
46974,21.316,75.117,15.700000000000001,200.0,458.272,0.0,0.0,0.0,5.732,0,163.0,1.44,309.915,2.0455,38.28,35.35050582885742,4.98,0.0,0
46974,21.316,75.27300000000001,15.200000000000001,200.0,458.212,0.0,0.0,0.0,5.732,0,160.0,1.395,309.915,-0.2639,37.65,35.35050582885742,4.98,0.0,0
46974,21.146,75.43,15.700000000000001,200.0,458.272,0.0,0.0,0.0,5.732,0,157.0,1.415,309.825,-0.9897,36.54,35.35050582885742,4.98,0.0,0
46974,21.316,75.586,15.200000000000001,200.0,458.151,0.0,0.0,0.0,5.732,0,163.0,1.41,309.825,-2.3754,36.21,35.35050582885742,4.98,0.0,0
46974,21.146,75.742,14.700000000000001,200.0,458.031,0.0,0.0,0.0,5.732,0,158.0,1.43,309.825,-0.46190000000000003,36.27,35.35050582885742,4.98,0.0,0
46974,21.657,75.88900000000001,14.200000000000001,200.0,458.333,0.0,0.0,0.0,5.732,0,161.0,1.385,309.825,1.5836000000000001,36.69,35.35050582885742,4.98,0.0,0
46974,21.146,76.045,15.200000000000001,200.0,458.272,0.0,0.0,0.0,5.732,0,161.0,1.42,309.915,1.5176,36.03,35.35050582885742,4.98,0.0,0
46974,21.487000000000002,76.20100000000001,16.3,200.0,458.091,0.0,0.0,0.0,5.732,0,160.0,1.47,309.825,-2.2434000000000003,35.34,35.35050582885742,4.98,0.0,0
46974,21.828,76.357,16.3,200.0,457.849,0.0,0.0,0.0,5.732,0,159.0,1.415,309.915,-1.9135000000000002,35.28,35.35050582885742,4.98,0.0,0
46974,21.828,76.51400000000001,15.200000000000001,200.0,457.728,0.0,0.0,0.0,5.732,0,163.0,1.395,309.915,2.1114,36.15,35.35050582885742,4.98,0.0,0
46974,21.657,76.66,15.200000000000001,200.0,458.091,0.0,0.0,0.0,5.732,0,153.0,1.42,309.915,2.5733,37.800000000000004,35.35050582885742,4.98,0.0,0
46974,21.657,76.816,15.700000000000001,200.0,458.212,0.0,0.0,-0.2,5.732,0,157.0,1.405,309.825,-0.2639,38.76,35.35050582885742,4.98,0.0,0
46974,21.487000000000002,76.973,15.700000000000001,200.0,458.39300000000003,0.0,0.0,0.0,5.732,0,159.0,1.435,309.825,-0.9897,38.97,35.35050582885742,4.98,0.0,0
46974,21.657,77.129,16.3,200.0,458.091,0.0,0.0,0.0,5.732,0,158.0,1.435,309.825,-1.5836000000000001,38.07,35.35050582885742,4.98,0.0,0
46974,22.169,77.28500000000001,16.3,200.0,457.91,0.0,0.0,0.0,5.732,0,157.0,1.41,309.825,0.0,36.660000000000004,35.35050582885742,4.98,0.0,0
46974,21.998,77.441,16.3,200.0,458.091,0.0,0.0,0.0,5.732,0,153.0,1.4000000000000001,309.915,0.2639,35.76,35.35050582885742,4.98,0.0,0
46974,22.169,77.598,16.3,200.0,457.728,0.0,0.0,0.0,5.732,0,158.0,1.44,309.825,1.5836000000000001,36.480000000000004,35.35050582885742,4.98,0.0,0
46974,22.169,77.76400000000001,16.7,201.0,457.728,0.0,0.0,0.0,5.732,0,152.0,1.405,309.825,-0.7918000000000001,36.480000000000004,35.35050582885742,4.98,0.0,0
46974,21.998,77.92,15.200000000000001,200.0,457.97,0.0,0.0,0.0,5.732,0,166.0,1.405,309.825,-4.9487000000000005,36.6,35.35050582885742,4.98,0.0,0
46974,21.998,78.086,16.3,200.0,457.97,0.0,0.0,0.0,5.732,0,156.0,1.365,309.915,2.5073000000000003,36.63,35.35050582885742,4.98,0.0,0
46974,21.657,78.25200000000001,16.3,200.0,457.728,0.0,0.0,0.0,5.732,0,151.0,1.44,309.915,2.5733,35.64,35.35050582885742,4.98,0.0,0
46974,20.975,78.428,18.8,200.0,458.031,0.0,0.0,0.0,5.732,0,169.0,1.4000000000000001,309.915,1.5836000000000001,35.49,35.35050582885742,4.98,0.0,0
46974,19.781,78.613,19.3,199.0,458.091,0.0,0.0,0.0,5.732,0,-40.0,1.51,309.915,0.0,36.12,35.35050582885742,4.98,0.0,0
46974,17.224,78.818,20.8,183.0,458.091,0.0,0.0,0.0,5.732,0,-661.0,1.5,309.825,-1.5836000000000001,37.2,35.35050582885742,4.98,0.0,0
46974,12.449,79.033,21.3,142.0,457.97,0.0,0.0,0.0,5.732,0,-786.0,1.415,309.915,-1.5836000000000001,38.49,35.35050582885742,4.98,0.0,0
46974,4.604,79.238,19.3,96.0,457.91,0.0,0.0,0.0,5.732,0,-753.0,1.405,309.915,-0.5279,38.34,35.35050582885742,4.98,0.0,0
46974,-3.581,79.424,17.3,53.0,457.97,0.0,0.0,0.0,5.732,0,-637.0,1.385,309.825,2.6393,38.43,35.35050582885742,4.98,0.0,0
46974,-3.922,79.443,17.3,49.0,457.97,0.0,0.0,0.0,5.732,0,-624.0,1.415,309.825,2.1114,38.37,35.35050582885742,4.98,0.0,0
46974,-11.426,79.60000000000001,12.200000000000001,14.0,458.272,0.0,0.0,0.0,5.732,0,-459.0,1.465,309.825,-0.9073,37.050000000000004,35.35050582885742,4.98,0.0,0
46974,-5.969,79.58,-3.0,-13.0,458.272,0.0,0.0,0.0,5.732,0,-187.0,1.5,309.915,-0.132,36.69,35.35050582885742,4.98,0.0,0
46974,-9.209,79.57000000000001,0.5,-20.0,458.212,0.0,0.0,0.0,5.732,0,99.0,1.42,309.915,2.0949,36.54,35.35050582885742,4.98,0.0,0
46974,-9.72,79.58,1.0,-12.0,458.272,0.0,0.0,0.2,5.732,0,164.0,1.42,309.915,0.39590000000000003,36.24,35.35050582885742,4.98,0.0,0
46974,-9.72,79.60000000000001,2.5,-3.0,458.212,0.0,0.0,0.0,5.732,0,80.0,1.43,309.915,0.132,35.7,35.35050582885742,4.98,0.0,0
46974,-10.402000000000001,79.63900000000001,4.5,1.0,458.091,0.0,0.0,0.0,5.732,0,23.0,1.46,309.825,-0.1155,35.88,35.35050582885742,4.98,0.0,0
46974,-10.061,79.678,4.1000000000000005,2.0,457.97,0.0,0.0,0.0,5.732,0,5.0,1.4000000000000001,309.915,0.7918000000000001,35.46,35.35050582885742,4.98,0.0,0
46974,-9.72,79.717,4.1000000000000005,2.0,457.668,0.0,0.0,0.0,5.732,0,-8.0,1.445,309.69,-2.928,36.39,35.35050582885742,4.98,0.0,0
46974,-10.402000000000001,79.766,3.0,1.0,457.426,0.0,0.0,0.0,5.732,0,-12.0,1.455,309.825,-1.9135000000000002,37.26,35.35050582885742,4.98,0.0,0
46974,-10.573,79.805,4.5,0.0,457.426,0.0,0.0,0.0,5.732,0,-7.0,1.44,309.825,-0.5773,38.34,35.35050582885742,4.98,0.0,0
46974,-11.084,79.84400000000001,4.1000000000000005,-1.0,457.607,0.0,0.0,0.0,5.732,0,4.0,1.415,309.69,4.6848,38.7,35.35050582885742,4.98,0.0,0
46974,-11.084,79.88300000000001,3.5,0.0,457.91,0.0,0.0,0.0,5.732,0,7.0,1.405,309.915,-0.066,38.76,35.35050582885742,4.98,0.0,0
46974,-11.255,79.922,4.1000000000000005,0.0,458.272,0.0,0.0,0.0,5.732,0,10.0,1.375,309.825,-1.2537,38.07,35.35050582885742,4.98,0.0,0
46974,-11.426,79.961,4.1000000000000005,0.0,458.454,0.0,0.0,0.0,5.732,0,8.0,1.42,309.915,1.5176,37.17,35.35050582885742,4.98,0.0,0
46974,-11.426,80.0,3.5,0.0,458.454,0.0,0.0,0.0,5.732,0,-2.0,1.42,309.825,-1.0392000000000001,36.63,35.35050582885742,4.98,0.0,0
46974,-11.255,80.039,3.5,0.0,458.454,0.0,0.0,0.0,5.732,0,0.0,1.385,309.825,0.6598,36.75,35.35050582885742,4.98,0.0,0
46974,-11.084,80.078,4.5,0.0,458.031,0.0,0.0,0.0,5.732,0,-1.0,1.44,310.005,-0.5444,36.27,35.35050582885742,4.98,0.0,0
46974,-11.255,80.12700000000001,4.1000000000000005,0.0,458.091,0.0,0.0,0.0,5.732,0,1.0,1.4000000000000001,309.915,3.4146,36.09,35.35050582885742,4.98,0.0,0
46974,-11.596,80.166,4.1000000000000005,0.0,457.91,0.0,0.0,0.0,5.732,0,4.0,1.455,309.825,1.4516,36.12,35.35050582885742,4.98,0.0,0
46974,-11.596,80.205,4.5,0.0,457.789,0.0,0.0,0.0,5.732,0,3.0,1.3800000000000001,309.825,-5.0147,36.84,35.35050582885742,4.98,0.0,0
46974,-11.426,80.244,4.1000000000000005,0.0,458.091,0.0,0.0,0.0,5.732,0,3.0,1.4000000000000001,310.005,-1.0722,37.44,35.35050582885742,4.98,0.0,0
46974,-11.767,80.283,4.1000000000000005,0.0,458.575,0.0,0.0,0.0,5.732,0,3.0,1.435,309.825,-0.4454,37.5,35.35050582885742,4.98,0.0,0
46974,-11.426,80.322,3.5,0.0,458.575,0.0,0.0,0.0,5.732,0,0.0,1.3800000000000001,309.915,-0.2144,37.14,35.35050582885742,4.98,0.0,0
46974,-11.767,80.361,3.5,0.0,458.39300000000003,0.0,0.0,0.0,5.732,0,1.0,1.435,309.915,0.066,37.11,35.35050582885742,4.98,0.0,0
46974,-11.596,80.4,4.1000000000000005,0.0,458.091,0.0,0.0,-0.2,5.732,0,0.0,1.415,309.915,-0.6763,37.29,35.35050582885742,4.98,0.0,0
46974,-11.596,80.43900000000001,4.1000000000000005,0.0,457.607,0.0,0.0,0.0,5.732,0,0.0,1.43,309.915,-0.0165,37.26,35.35050582885742,4.98,0.0,0
46974,-11.596,80.488,3.5,0.0,457.91,0.0,0.0,0.0,5.732,0,0.0,1.45,309.915,2.2434000000000003,37.65,35.35050582885742,4.98,0.0,0
46974,-11.596,80.527,4.1000000000000005,0.0,458.091,0.0,0.0,0.0,5.732,0,1.0,1.455,309.825,-3.3651,37.2,35.35050582885742,4.98,0.0,0
46974,-11.767,80.566,4.1000000000000005,0.0,457.849,0.0,0.0,0.0,5.732,0,0.0,1.4000000000000001,309.915,-0.9897,36.15,35.35050582885742,4.98,0.0,0
46974,-11.937,80.605,4.1000000000000005,0.0,458.031,0.0,0.0,0.0,5.732,0,0.0,1.415,309.825,0.7423000000000001,34.800000000000004,35.35050582885742,4.98,0.0,0
46974,-11.596,80.605,3.5,0.0,458.151,0.0,0.0,0.0,5.732,0,0.0,1.435,309.825,0.9238000000000001,34.77,35.35050582885742,4.98,0.0,0
46974,-11.767,80.64500000000001,4.5,0.0,458.39300000000003,0.0,0.0,0.0,5.732,0,0.0,1.405,309.825,-4.7507,34.86,35.35050582885742,4.98,0.0,0
46974,-11.767,80.684,3.5,0.0,458.272,0.0,0.0,0.0,5.732,0,0.0,1.41,309.915,0.39590000000000003,35.46,35.35050582885742,4.98,0.0,0
46974,-11.767,80.732,4.1000000000000005,0.0,458.212,0.0,0.0,0.0,5.732,0,0.0,1.415,309.825,5.5425,36.87,35.35050582885742,4.98,0.0,0
46974,-11.767,80.771,4.1000000000000005,0.0,458.454,0.0,0.0,0.0,5.732,0,-1.0,1.42,309.825,0.5279,38.28,35.35050582885742,4.98,0.0,0
46974,-11.767,80.811,4.1000000000000005,0.0,458.575,0.0,0.0,0.0,5.732,0,0.0,1.3800000000000001,309.825,-2.5733,38.1,35.35050582885742,4.98,0.0,0
46974,-11.767,80.85000000000001,4.1000000000000005,0.0,457.668,0.0,0.0,0.0,5.732,0,0.0,1.43,309.915,1.5836000000000001,37.44,35.35050582885742,4.98,0.0,0
46974,-11.767,80.88900000000001,3.0,0.0,458.212,0.0,0.0,0.0,5.732,0,0.0,1.445,309.69,0.099,36.6,35.35050582885742,4.98,0.0,0
46974,-11.937,80.928,4.5,0.0,458.091,0.0,0.0,0.0,5.732,0,0.0,1.395,309.915,-1.4516,36.660000000000004,35.35050582885742,4.98,0.0,0
46974,-11.937,80.967,4.1000000000000005,0.0,458.272,0.0,0.0,0.0,5.732,0,0.0,1.405,309.825,-1.2537,37.35,35.35050582885742,4.98,0.0,0
46974,-11.767,81.006,5.1000000000000005,0.0,458.272,0.0,0.0,0.0,5.732,0,0.0,1.36,309.825,3.0352,37.11,35.35050582885742,4.98,0.0,0
46974,-11.937,81.055,3.0,0.0,458.212,0.0,0.0,0.0,5.732,0,0.0,1.3900000000000001,309.825,-2.5733,36.63,35.35050582885742,4.98,0.0,0
46974,-11.596,81.09400000000001,4.5,0.0,458.514,0.0,0.0,0.0,5.732,0,0.0,1.405,309.915,1.8475000000000001,35.82,35.35050582885742,4.98,0.0,0
46974,-11.596,81.13300000000001,4.5,0.0,458.39300000000003,0.0,0.0,0.0,5.732,0,0.0,1.385,309.825,2.1114,34.77,35.35050582885742,4.98,0.0,0
46974,-12.108,81.172,4.1000000000000005,0.0,457.91,0.0,0.0,0.0,5.732,0,0.0,1.3900000000000001,309.825,-1.8475000000000001,34.410000000000004,35.35050582885742,4.98,0.0,0
46974,-11.596,81.211,3.5,0.0,457.91,0.0,0.0,0.0,5.732,0,0.0,1.3800000000000001,309.825,-0.9897,35.61,35.35050582885742,4.98,0.0,0
46974,-11.426,81.25,4.1000000000000005,0.0,457.91,0.0,0.0,0.0,5.732,0,0.0,1.405,309.915,2.9032,37.56,35.35050582885742,4.98,0.0,0
46974,-12.108,81.289,4.1000000000000005,0.0,457.728,0.0,0.0,0.0,5.732,0,0.0,1.45,309.915,2.5733,38.52,35.35050582885742,4.98,0.0,0
46974,-11.937,81.328,4.1000000000000005,0.0,458.272,0.0,0.0,0.0,5.732,0,0.0,1.435,309.915,1.8475000000000001,38.19,35.35050582885742,4.98,0.0,0
46974,-11.767,81.367,4.1000000000000005,0.0,458.272,0.0,0.0,0.0,5.732,0,0.0,1.405,309.825,-5.2126,36.75,35.35050582885742,4.98,0.0,0
46974,-11.596,81.416,3.5,0.0,458.151,0.0,0.0,0.0,5.732,0,0.0,1.45,309.915,-1.7155,36.18,35.35050582885742,4.98,0.0,0
46974,-11.767,81.455,4.1000000000000005,0.0,458.031,0.0,0.0,0.0,5.732,0,0.0,1.42,309.825,3.4971,36.6,35.35050582885742,4.98,0.0,0
46974,-11.767,81.494,3.5,0.0,458.031,0.0,0.0,0.0,5.732,0,-1.0,1.48,309.825,-0.5279,37.35,35.35050582885742,4.98,0.0,0
46974,-11.767,81.533,4.1000000000000005,0.0,458.091,0.0,0.0,0.0,5.732,0,0.0,1.4000000000000001,309.825,-0.46190000000000003,37.11,35.35050582885742,4.98,0.0,0
46974,-12.108,81.572,4.1000000000000005,0.0,458.091,0.0,0.0,0.0,5.732,0,1.0,1.41,309.825,1.5836000000000001,36.27,35.35050582885742,4.98,0.0,0
46974,-11.767,81.572,4.1000000000000005,0.0,458.091,0.0,0.0,0.0,5.732,0,1.0,1.41,309.915,1.8310000000000002,36.15,35.35050582885742,4.98,0.0,0
46974,-11.937,81.611,4.1000000000000005,0.0,458.272,0.0,0.0,0.0,5.732,0,0.0,1.415,309.825,1.0557,34.74,35.35050582885742,4.98,0.0,0
46974,-11.937,81.66000000000001,4.1000000000000005,0.0,458.272,0.0,0.0,0.0,5.732,0,0.0,1.44,309.915,-1.2042000000000002,34.38,35.35050582885742,4.98,0.0,0
46974,-12.108,81.699,4.1000000000000005,0.0,458.031,0.0,0.0,0.0,5.732,0,-1.0,1.425,309.69,-4.1321,34.53,35.35050582885742,4.98,0.0,0
46974,-11.596,81.738,4.1000000000000005,0.0,457.849,0.0,0.0,0.0,5.732,0,-3.0,1.48,309.915,0.8413,36.12,35.35050582885742,4.98,0.0,0
46974,-11.767,81.777,4.1000000000000005,0.0,457.728,0.0,0.0,0.0,5.732,0,-2.0,1.3900000000000001,309.69,-1.5588000000000002,37.410000000000004,35.35050582885742,4.98,0.0,0
46974,-11.767,81.816,4.1000000000000005,0.0,457.728,0.0,0.0,0.0,5.732,0,-2.0,1.395,309.825,-0.1567,37.980000000000004,35.35050582885742,4.98,0.0,0
46974,-11.596,81.855,4.1000000000000005,0.0,458.151,0.0,0.0,0.0,5.732,0,-1.0,1.41,309.825,-1.2372,37.95,35.35050582885742,4.98,0.0,0
46974,-12.278,81.89500000000001,4.1000000000000005,0.0,457.91,0.0,0.0,0.0,5.732,0,-2.0,1.395,309.915,0.0907,37.5,35.35050582885742,4.98,0.0,0
46974,-11.767,81.934,3.5,0.0,457.789,0.0,0.0,0.0,5.732,0,-2.0,1.375,309.825,1.7815,36.12,35.35050582885742,4.98,0.0,0
46974,-12.108,81.982,4.5,0.0,458.151,0.0,0.0,0.0,5.732,0,-1.0,1.3800000000000001,309.825,1.1217000000000001,35.76,35.35050582885742,4.98,0.0,0
46974,-11.937,82.021,3.5,0.0,458.39300000000003,0.0,0.0,0.0,5.732,0,-2.0,1.41,309.915,0.7505000000000001,35.550000000000004,35.35050582885742,4.98,0.0,0
46974,-12.108,82.061,4.1000000000000005,0.0,458.575,0.0,0.0,0.0,5.732,0,-2.0,1.405,309.825,0.7918000000000001,35.64,35.35050582885742,4.98,0.0,0
46974,-11.937,82.10000000000001,4.5,0.0,458.39300000000003,0.0,0.0,0.0,5.732,0,-1.0,1.415,309.915,-0.41240000000000004,35.43,35.35050582885742,4.98,0.0,0
46974,-11.937,82.13900000000001,3.5,0.0,457.91,0.0,0.0,-0.2,5.732,0,-1.0,1.405,309.69,-1.5423,35.1,35.35050582885742,4.98,0.0,0
46974,-11.937,82.178,4.5,0.0,457.607,0.0,0.0,0.0,5.732,0,-1.0,1.45,309.825,-2.0455,34.38,35.35050582885742,4.98,0.0,0
46974,-11.937,82.217,3.5,0.0,457.728,0.0,0.0,0.0,5.732,0,-1.0,1.455,309.915,-0.39590000000000003,34.410000000000004,35.35050582885742,4.98,0.0,0
46974,-11.767,82.256,4.1000000000000005,0.0,457.789,0.0,0.0,0.0,5.732,0,-1.0,1.395,309.915,6.977600000000001,35.07,35.35050582885742,4.98,0.0,0
46974,-11.767,82.295,4.1000000000000005,0.0,458.091,0.0,0.0,0.0,5.732,0,-1.0,1.43,309.915,5.0641,36.03,35.35050582885742,4.98,0.0,0
46974,-11.937,82.34400000000001,4.1000000000000005,0.0,457.97,0.0,0.0,0.0,5.732,0,-1.0,1.405,309.915,-3.629,36.63,35.35050582885742,4.98,0.0,0
46974,-12.108,82.38300000000001,4.1000000000000005,0.0,458.091,0.0,0.0,0.0,5.732,0,-2.0,1.42,309.915,-1.5176,37.47,35.35050582885742,4.98,0.0,0
46974,-11.937,82.422,4.1000000000000005,0.0,458.212,0.0,0.0,0.0,5.732,0,-3.0,1.425,309.915,1.6496000000000002,37.59,35.35050582885742,4.98,0.0,0
46974,-11.767,82.461,4.1000000000000005,0.0,458.091,0.0,0.0,0.0,5.732,0,-1.0,1.43,309.825,-3.8765,36.9,35.35050582885742,4.98,0.0,0
46974,-11.937,82.5,4.5,0.0,458.031,0.0,0.0,0.0,5.732,0,-1.0,1.42,309.825,-2.6888,35.85,35.35050582885742,4.98,0.0,0
46974,-11.767,82.539,4.1000000000000005,0.0,457.607,0.0,0.0,0.2,5.732,0,-2.0,1.445,309.915,4.1569,35.43,35.35050582885742,4.98,0.0,0
46974,-11.767,82.578,4.1000000000000005,0.0,457.365,0.0,0.0,0.0,5.732,0,-2.0,1.415,309.825,1.1877,34.47,35.35050582885742,4.98,0.0,0
46974,-11.937,82.617,4.5,0.0,457.607,0.0,0.0,0.0,5.732,0,-2.0,1.395,309.825,-1.5836000000000001,34.44,35.35050582885742,4.98,0.0,0
46974,-11.767,82.66600000000001,3.5,0.0,458.091,0.0,0.0,0.0,5.732,0,-2.0,1.43,309.915,-0.9238000000000001,34.26,35.35050582885742,4.98,0.0,0
46974,-11.767,82.66600000000001,4.1000000000000005,0.0,457.97,0.0,0.0,0.0,5.732,0,-1.0,1.415,309.915,-0.2639,34.11,35.35050582885742,4.98,0.0,0
46974,-11.767,82.705,4.1000000000000005,0.0,457.728,0.0,0.0,0.0,5.732,0,-2.0,1.425,309.825,-1.0557,33.78,35.35050582885742,4.98,0.0,0
46974,-11.767,82.744,3.5,0.0,458.091,0.0,0.0,0.0,5.732,0,-2.0,1.42,309.915,1.0557,34.77,35.35050582885742,4.98,0.0,0
46974,-11.767,82.783,4.5,0.0,458.091,0.0,0.0,0.0,5.732,0,-1.0,1.395,309.915,-0.7918000000000001,35.94,35.35050582885742,4.98,0.0,0
46974,-11.426,82.822,4.1000000000000005,0.0,457.91,0.0,0.0,0.0,5.732,0,-2.0,1.405,309.825,-0.6598,36.36,35.35050582885742,4.98,0.0,0
46974,-11.767,82.861,4.1000000000000005,0.0,457.607,0.0,0.0,0.0,5.732,0,-2.0,1.4000000000000001,309.69,-1.4186,36.54,35.35050582885742,4.98,0.0,0
46974,-11.767,82.91000000000001,4.1000000000000005,0.0,457.607,0.0,0.0,0.0,5.732,0,-2.0,1.435,309.915,-0.9238000000000001,36.72,35.35050582885742,4.98,0.0,0
46974,-11.767,82.949,4.5,0.0,457.789,0.0,0.0,0.0,5.732,0,-1.0,1.4000000000000001,309.825,1.8475000000000001,37.26,35.35050582885742,4.98,0.0,0
46974,-11.767,82.988,4.5,0.0,457.91,0.0,0.0,0.0,5.732,0,-2.0,1.445,309.825,2.2434000000000003,36.78,35.35050582885742,4.98,0.0,0
46974,-12.108,83.027,4.1000000000000005,0.0,458.212,0.0,0.0,0.0,5.732,0,-2.0,1.4000000000000001,309.825,0.5938,36.78,35.35050582885742,4.98,0.0,0
46974,-11.767,83.066,4.5,0.0,458.091,0.0,0.0,0.0,5.732,0,-2.0,1.41,309.825,0.0,36.300000000000004,35.35050582885742,4.98,0.0,0
46974,-12.108,83.105,4.1000000000000005,0.0,457.97,0.0,0.0,0.0,5.732,0,-2.0,1.43,309.915,-0.5938,35.43,35.35050582885742,4.98,0.0,0
46974,-11.767,83.14500000000001,4.5,0.0,457.728,0.0,0.0,0.0,5.732,0,-3.0,1.415,309.915,2.3754,34.95,35.35050582885742,4.98,0.0,0
46974,-11.596,83.184,4.5,0.0,457.728,0.0,0.0,0.0,5.732,0,-2.0,1.3900000000000001,309.825,1.0557,35.19,35.35050582885742,4.98,0.0,0
46974,-11.426,83.232,4.1000000000000005,0.0,458.212,0.0,0.0,0.0,5.732,0,-2.0,1.44,309.915,0.5279,35.1,35.35050582885742,4.98,0.0,0
46974,-11.767,83.271,4.1000000000000005,0.0,458.151,0.0,0.0,0.0,5.732,0,-3.0,1.44,309.825,-1.5176,35.64,35.35050582885742,4.98,0.0,0
46974,-11.767,83.311,4.1000000000000005,0.0,457.607,0.0,0.0,0.0,5.732,0,-2.0,1.42,309.915,1.3196,36.51,35.35050582885742,4.98,0.0,0
46974,-11.937,83.35000000000001,3.5,0.0,457.728,0.0,0.0,0.0,5.732,0,-2.0,1.385,309.825,1.1217000000000001,36.99,35.35050582885742,4.98,0.0,0
46974,-11.596,83.38900000000001,4.1000000000000005,0.0,457.97,0.0,0.0,0.0,5.732,0,-3.0,1.435,309.69,-4.8827,37.35,35.35050582885742,4.98,0.0,0
46974,-11.596,83.428,3.5,0.0,457.607,0.0,0.0,0.2,5.732,0,-2.0,1.41,309.825,-6.0044,37.38,35.35050582885742,4.98,0.0,0
46974,-11.767,83.467,4.1000000000000005,0.0,457.728,0.0,0.0,0.0,5.732,0,-2.0,1.445,309.915,1.4516,36.9,35.35050582885742,4.98,0.0,0
46974,-11.767,83.506,3.5,0.0,458.091,0.0,0.0,0.0,5.732,0,-2.0,1.41,309.825,7.0271,36.75,35.35050582885742,4.98,0.0,0
46974,-11.084,83.545,2.0,0.0,458.091,0.0,0.0,0.0,5.732,0,-1.0,1.415,309.825,2.5073000000000003,36.54,35.35050582885742,4.98,0.0,0
46974,-8.697000000000001,83.555,-0.5,0.0,457.97,0.0,0.0,0.0,5.732,0,-1.0,1.44,309.825,-4.9487000000000005,35.94,35.35050582885742,4.98,0.0,0
46974,-5.1160000000000005,83.545,-0.5,0.0,457.789,0.0,0.0,0.0,5.732,0,1.0,1.445,309.825,-1.9795,35.46,35.35050582885742,4.98,0.0,0
46974,-5.457,83.545,1.0,0.0,457.789,0.0,0.0,0.0,5.732,0,1.0,1.43,309.825,1.5836000000000001,35.31,35.35050582885742,4.98,0.0,0
46974,-5.627,83.545,0.0,0.0,457.849,0.0,0.0,0.0,5.732,0,3.0,1.455,309.915,0.132,34.980000000000004,35.35050582885742,4.98,0.0,0
46974,-5.1160000000000005,83.545,-0.5,0.0,457.91,0.0,0.0,0.0,5.732,0,3.0,1.425,309.825,-0.5279,34.77,35.35050582885742,4.98,0.0,0
46974,-5.1160000000000005,83.545,0.0,0.0,457.91,0.0,0.0,0.0,5.732,0,2.0,1.455,309.825,-0.5938,34.83,35.35050582885742,4.98,0.0,0
46974,-4.434,83.545,0.0,0.0,458.091,0.0,0.0,0.0,5.732,0,0.0,1.435,309.825,1.1877,36.18,35.35050582885742,4.98,0.0,0
46974,-4.945,83.545,0.0,0.0,458.212,0.0,0.0,0.0,5.732,0,1.0,1.455,309.915,-0.6598,36.81,35.35050582885742,4.98,0.0,0
46974,-4.263,83.545,0.0,0.0,458.333,0.0,0.0,0.0,5.732,0,1.0,1.415,309.915,3.9424,37.29,35.35050582885742,4.98,0.0,0
46974,-4.604,83.545,0.0,0.0,458.091,0.0,0.0,0.2,5.732,0,1.0,1.42,309.825,1.9300000000000002,36.9,35.35050582885742,4.98,0.0,0
46974,-4.434,83.545,0.0,0.0,457.789,0.0,0.0,0.0,5.732,0,2.0,1.445,309.825,-1.0392000000000001,36.78,35.35050582885742,4.98,0.0,0
46974,-4.434,83.545,0.0,0.0,457.728,0.0,0.0,0.0,5.732,0,2.0,1.41,309.825,-0.3794,36.96,35.35050582885742,4.98,0.0,0
46974,-4.263,83.545,0.0,0.0,457.668,0.0,0.0,0.0,5.732,0,2.0,1.445,309.915,1.4351,36.93,35.35050582885742,4.98,0.0,0
46974,-4.263,83.545,0.0,0.0,457.849,0.0,0.0,0.0,5.732,0,2.0,1.41,309.825,-0.3794,36.75,35.35050582885742,4.98,0.0,0
46974,-4.263,83.545,0.0,0.0,457.607,0.0,0.0,0.0,5.732,0,2.0,1.415,309.915,-0.8743000000000001,36.06,35.35050582885742,4.98,0.0,0
46974,-4.263,83.545,0.0,0.0,457.486,0.0,0.0,0.0,5.732,0,1.0,1.3900000000000001,309.825,-0.7093,35.07,35.35050582885742,4.98,0.0,0
46974,-4.263,83.545,0.0,0.0,457.547,0.0,0.0,0.0,5.732,0,1.0,1.445,309.69,0.0907,34.44,35.35050582885742,4.98,0.0,0
46974,-4.263,83.545,0.0,0.0,457.486,0.0,0.0,0.0,5.732,0,2.0,1.43,309.915,-4.3548,34.71,35.35050582885742,4.98,0.0,0
46974,-3.7520000000000002,83.545,0.0,0.0,457.728,0.0,0.0,0.0,5.732,0,2.0,1.41,309.915,1.5671000000000002,36.0,35.35050582885742,4.98,0.0,0
46974,-4.093,83.545,0.0,0.0,458.031,0.0,0.0,0.0,5.732,0,1.0,1.395,309.825,4.6188,37.47,35.35050582885742,4.98,0.0,0
46974,-4.093,83.545,0.0,0.0,457.849,0.0,0.0,-0.2,5.732,0,2.0,1.4000000000000001,309.915,-0.132,38.19,35.35050582885742,4.98,0.0,0
46974,-3.922,83.545,0.0,0.0,457.728,0.0,0.0,0.0,5.732,0,1.0,1.375,309.825,-3.1012,38.61,35.35050582885742,4.98,0.0,0
46974,-3.7520000000000002,83.545,-0.5,0.0,457.728,0.0,0.0,0.0,5.732,0,2.0,1.43,309.915,-0.34640000000000004,37.35,35.35050582885742,4.98,0.0,0
46974,-3.922,83.545,0.0,0.0,457.607,0.0,0.0,0.2,5.732,0,2.0,1.405,309.915,2.2929,36.660000000000004,35.35050582885742,4.98,0.0,0
46974,-3.7520000000000002,83.545,0.0,0.0,457.607,0.0,0.0,0.0,5.732,0,2.0,1.415,309.825,0.5279,36.84,35.35050582885742,4.98,0.0,0
46974,-3.411,83.545,0.5,0.0,457.849,0.0,0.0,-0.2,5.732,0,2.0,1.43,309.825,-0.5279,36.39,35.35050582885742,4.98,0.0,0
46974,-3.581,83.545,-0.5,0.0,457.91,0.0,0.0,0.0,5.732,0,3.0,1.41,309.825,-0.5114000000000001,36.45,35.35050582885742,4.98,0.0,0
46974,-3.7520000000000002,83.545,-0.5,0.0,457.547,0.0,0.0,0.0,5.732,0,1.0,1.455,309.915,0.132,36.24,35.35050582885742,4.98,0.0,0
46974,-3.581,83.545,0.0,0.0,457.668,0.0,0.0,0.0,5.732,0,2.0,1.43,309.825,-0.2639,36.300000000000004,35.35050582885742,4.98,0.0,0
46974,-3.411,83.545,0.5,0.0,457.547,0.0,0.0,0.0,5.732,0,3.0,1.44,309.825,-1.1712,35.79,35.35050582885742,4.98,0.0,0
46974,-3.581,83.545,0.0,0.0,458.091,0.0,0.0,0.0,5.732,0,3.0,1.43,309.915,0.7918000000000001,35.76,35.35050582885742,4.98,0.0,0
46974,-3.581,83.545,0.0,0.0,457.849,0.0,0.0,0.0,5.732,0,2.0,1.425,309.915,2.7548,36.57,35.35050582885742,4.98,0.0,0
46974,-3.581,83.545,0.0,0.0,457.668,0.0,0.0,0.0,5.732,0,2.0,1.4000000000000001,309.825,0.5279,37.92,35.35050582885742,4.98,0.0,0
46974,-3.581,83.545,0.0,0.0,457.728,0.0,0.0,0.2,5.732,0,2.0,1.435,309.825,-1.5671000000000002,38.31,35.35050582885742,4.98,0.0,0
46974,-3.581,83.545,0.0,0.0,457.728,0.0,0.0,0.0,5.732,0,2.0,1.48,309.915,-4.8167,38.28,35.35050582885742,4.98,0.0,0
46974,-3.581,83.545,0.5,0.0,457.728,0.0,0.0,0.0,5.732,0,2.0,1.425,309.825,0.5938,37.230000000000004,35.35050582885742,4.98,0.0,0
46974,-3.581,83.545,0.0,0.0,457.789,0.0,0.0,0.0,5.732,0,3.0,1.43,309.825,0.39590000000000003,37.26,35.35050582885742,4.98,0.0,0
46974,-3.581,83.545,0.0,0.0,457.668,0.0,0.0,0.0,5.732,0,2.0,1.43,309.915,3.629,36.87,35.35050582885742,4.98,0.0,0
46974,-3.581,83.545,0.0,0.0,457.607,0.0,0.0,0.0,5.732,0,2.0,1.385,309.915,-0.2639,37.14,35.35050582885742,4.98,0.0,0
46974,-3.411,83.545,0.0,0.0,457.668,0.0,0.0,0.0,5.732,0,3.0,1.395,309.825,0.0,37.5,35.35050582885742,4.98,0.0,0
46974,-3.411,83.545,0.0,0.0,457.607,0.0,0.0,0.0,5.732,0,3.0,1.3800000000000001,309.825,-2.9032,37.2,35.35050582885742,4.98,0.0,0
46974,-3.411,83.545,0.0,0.0,457.607,0.0,0.0,0.0,5.732,0,3.0,1.47,309.915,-1.5836000000000001,36.81,35.35050582885742,4.98,0.0,0
46974,-3.411,83.545,0.0,0.0,457.728,0.0,0.0,0.0,5.732,0,1.0,1.465,309.915,3.2991,36.42,35.35050582885742,4.98,0.0,0
46974,-3.411,83.545,0.0,0.0,457.426,0.0,0.0,0.0,5.732,0,2.0,1.43,309.825,2.3754,36.12,35.35050582885742,4.98,0.0,0
46974,-3.581,83.545,0.5,0.0,457.547,0.0,0.0,0.0,5.732,0,2.0,1.435,309.825,-2.9032,35.94,35.35050582885742,4.98,0.0,0
46974,-3.411,83.545,0.0,0.0,457.547,0.0,0.0,0.0,5.732,0,2.0,1.37,309.825,-0.9897,37.08,35.35050582885742,4.98,0.0,0
46974,-3.24,83.545,0.0,0.0,457.607,0.0,0.0,0.0,5.732,0,2.0,1.395,309.825,1.5836000000000001,38.01,35.35050582885742,4.98,0.0,0
46974,-3.581,83.545,0.5,0.0,457.607,0.0,0.0,0.0,5.732,0,2.0,1.4000000000000001,309.825,0.0,38.58,35.35050582885742,4.98,0.0,0
46974,-3.24,83.545,0.0,0.0,457.789,0.0,0.0,0.0,5.732,0,2.0,1.355,309.69,-3.0352,38.1,35.35050582885742,4.98,0.0,0
46974,-3.581,83.545,0.0,0.0,457.849,0.0,0.0,-0.2,5.732,0,1.0,1.42,309.915,0.19790000000000002,37.77,35.35050582885742,4.98,0.0,0
46974,-3.24,83.545,0.0,0.0,457.91,0.0,0.0,0.0,5.732,0,2.0,1.37,309.825,2.2434000000000003,37.68,35.35050582885742,4.98,0.0,0
46974,-3.411,83.545,0.0,0.0,457.91,0.0,0.0,0.0,5.732,0,3.0,1.405,309.825,-0.099,37.050000000000004,35.35050582885742,4.98,0.0,0
46974,-3.0700000000000003,83.545,0.0,0.0,458.091,0.0,0.0,0.0,5.732,0,2.0,1.475,309.915,0.0,36.69,35.35050582885742,4.98,0.0,0
46974,-2.899,83.545,0.0,0.0,457.789,0.0,0.0,0.0,5.732,0,2.0,1.395,309.825,2.1114,36.09,35.35050582885742,4.98,0.0,0
46974,-3.0700000000000003,83.545,0.0,0.0,457.305,0.0,0.0,0.0,5.732,0,2.0,1.435,309.825,-1.8475000000000001,36.36,35.35050582885742,4.98,0.0,0
46974,-3.0700000000000003,83.545,0.0,0.0,457.607,0.0,0.0,-0.2,5.732,0,2.0,1.43,309.825,0.5938,35.13,35.35050582885742,4.98,0.0,0
46974,-2.728,83.545,0.0,0.0,457.547,0.0,0.0,0.0,5.732,0,3.0,1.37,309.825,1.3196,35.31,35.35050582885742,4.98,0.0,0
46974,-3.411,83.545,0.0,0.0,457.789,0.0,0.0,0.0,5.732,0,2.0,1.395,309.825,-1.0557,35.94,35.35050582885742,4.98,0.0,0
46974,-2.899,83.545,-0.5,0.0,457.789,0.0,0.0,0.0,5.732,0,2.0,1.425,309.825,-1.5836000000000001,36.0,35.35050582885742,4.98,0.0,0
46974,-3.581,83.545,0.0,0.0,457.849,0.0,0.0,0.0,5.732,0,2.0,1.475,309.69,0.8165,37.230000000000004,35.35050582885742,4.98,0.0,0
46974,-3.24,83.545,0.0,0.0,457.547,0.0,0.0,0.0,5.732,0,1.0,1.45,309.825,-2.3094,37.89,35.35050582885742,4.98,0.0,0
46974,-3.581,83.545,0.0,0.0,457.607,0.0,0.0,0.0,5.732,0,2.0,1.4000000000000001,309.825,-1.7815,38.97,35.35050582885742,4.98,0.0,0
46974,-2.728,83.545,0.0,0.0,457.668,0.0,0.0,0.2,5.732,0,2.0,1.43,309.825,3.5136000000000003,38.37,35.35050582885742,4.98,0.0,0
46974,-2.387,83.545,0.0,0.0,457.728,0.0,0.0,0.0,5.732,0,1.0,1.43,309.915,0.6433,38.1,35.35050582885742,4.98,0.0,0
46974,-3.0700000000000003,83.545,0.0,0.0,457.789,0.0,0.0,0.0,5.732,0,2.0,1.405,309.69,-0.9650000000000001,37.32,35.35050582885742,4.98,0.0,0
46974,-3.24,83.545,0.0,0.0,457.97,0.0,0.0,0.2,5.732,0,2.0,1.415,309.825,-3.0352,36.18,35.35050582885742,4.98,0.0,0
46974,-3.24,83.545,0.0,0.0,458.031,0.0,0.0,0.0,5.732,0,2.0,1.3900000000000001,309.915,-0.28040000000000004,35.94,35.35050582885742,4.98,0.0,0
46974,-3.0700000000000003,83.545,0.0,0.0,457.97,0.0,0.0,0.2,5.732,0,3.0,1.395,309.825,4.9899000000000004,35.76,35.35050582885742,4.98,0.0,0
46974,-3.24,83.545,0.0,0.0,457.91,0.0,0.0,0.2,5.732,0,2.0,1.395,309.915,2.2269,36.0,35.35050582885742,4.98,0.0,0
46974,-3.24,83.545,-0.5,0.0,457.849,0.0,0.0,0.0,5.732,0,1.0,1.405,309.69,-1.4104,35.76,35.35050582885742,4.98,0.0,0
46974,-2.899,83.545,0.0,0.0,457.728,0.0,0.0,0.0,5.732,0,3.0,1.405,309.825,-3.2331000000000003,36.54,35.35050582885742,4.98,0.0,0
46974,-3.24,83.545,0.0,0.0,457.728,0.0,0.0,0.0,5.732,0,3.0,1.375,309.825,0.34640000000000004,38.25,35.35050582885742,4.98,0.0,0
46974,-3.24,83.545,0.0,0.0,457.789,0.0,0.0,0.0,5.732,0,2.0,1.455,309.825,3.8930000000000002,38.94,35.35050582885742,4.98,0.0,0
46974,-2.899,83.545,0.0,0.0,457.789,0.0,0.0,0.0,5.732,0,2.0,1.42,309.915,-2.5898000000000003,38.550000000000004,35.35050582885742,4.98,0.0,0
46974,-3.0700000000000003,83.545,0.5,0.0,457.426,0.0,0.0,0.0,5.732,0,2.0,1.395,309.915,1.3691,37.86,35.35050582885742,4.98,0.0,0
46974,-2.728,83.545,0.0,0.0,457.668,0.0,0.0,0.0,5.732,0,1.0,1.395,309.825,3.629,38.04,35.35050582885742,4.98,0.0,0
46974,-2.387,83.545,0.5,0.0,457.607,0.0,0.0,0.2,5.732,0,1.0,1.435,309.69,-6.837400000000001,37.74,35.35050582885742,4.98,0.0,0
46974,-2.728,83.545,0.0,0.0,457.607,0.0,0.0,0.0,5.732,0,2.0,1.43,309.915,-0.6598,37.08,35.35050582885742,4.98,0.0,0
46974,-2.387,83.545,0.0,0.0,457.547,0.0,0.0,0.0,5.732,0,2.0,1.405,309.825,3.9589000000000003,36.660000000000004,35.35050582885742,4.98,0.0,0
46974,-2.899,83.545,0.0,0.0,457.728,0.0,0.0,0.0,5.732,0,3.0,1.465,309.825,-0.6186,35.31,35.35050582885742,4.98,0.0,0
46974,-2.899,83.545,0.0,0.0,458.091,0.0,0.0,0.0,5.732,0,2.0,1.425,309.825,-0.7753,35.04,35.35050582885742,4.98,0.0,0
46974,-2.899,83.545,0.0,0.0,457.849,0.0,0.0,-0.2,5.732,0,2.0,1.36,309.825,0.132,35.43,35.35050582885742,4.98,0.0,0
46974,-2.899,83.545,0.0,0.0,457.728,0.0,0.0,0.0,5.732,0,1.0,1.4000000000000001,309.825,-1.1877,36.06,35.35050582885742,4.98,0.0,0
46974,-3.0700000000000003,83.545,0.0,0.0,457.91,0.0,0.0,0.0,5.732,0,2.0,1.415,309.825,0.0,36.54,35.35050582885742,4.98,0.0,0
46974,-2.728,83.545,0.0,0.0,457.668,0.0,0.0,0.0,5.732,0,1.0,1.415,309.825,1.4516,38.34,35.35050582885742,4.98,0.0,0
46974,-2.387,83.545,-0.5,0.0,457.547,0.0,0.0,0.0,5.732,0,2.0,1.41,309.825,0.132,38.22,35.35050582885742,4.98,0.0,0
46974,-2.899,83.545,0.0,0.0,457.547,0.0,0.0,0.2,5.732,0,2.0,1.415,309.825,0.0,38.19,35.35050582885742,4.98,0.0,0
46974,-2.728,83.545,0.0,0.0,457.486,0.0,0.0,0.0,5.732,0,1.0,1.36,309.825,-1.3196,37.980000000000004,35.35050582885742,4.98,0.0,0
46974,-2.899,83.545,0.0,0.0,457.728,0.0,0.0,0.0,5.732,0,2.0,1.43,309.825,1.5836000000000001,37.410000000000004,35.35050582885742,4.98,0.0,0
46974,-3.0700000000000003,83.545,0.0,0.0,457.91,0.0,0.0,0.0,5.732,0,2.0,1.415,309.915,3.4311000000000003,37.230000000000004,35.35050582885742,4.98,0.0,0
46974,-2.387,83.545,0.0,0.0,457.789,0.0,0.0,0.0,5.732,0,1.0,1.43,309.825,0.5279,36.480000000000004,35.35050582885742,4.98,0.0,0
46974,-2.728,83.545,0.0,0.0,457.728,0.0,0.0,0.0,5.732,0,2.0,1.395,309.825,-2.3754,35.82,35.35050582885742,4.98,0.0,0
46974,-2.899,83.545,0.0,0.0,457.789,0.0,0.0,0.0,5.732,0,2.0,1.41,309.915,1.0557,35.61,35.35050582885742,4.98,0.0,0
46974,-2.217,83.545,0.0,0.0,457.789,0.0,0.0,0.0,5.732,0,2.0,1.385,309.825,2.1114,34.53,35.35050582885742,4.98,0.0,0
46974,-2.728,83.545,0.0,0.0,457.607,0.0,0.0,0.0,5.732,0,2.0,1.3900000000000001,309.825,-1.5836000000000001,34.05,35.35050582885742,4.98,0.0,0
46974,-2.387,83.545,0.0,0.0,457.607,0.0,0.0,-0.2,5.732,0,1.0,1.3900000000000001,309.825,-4.8827,35.13,35.35050582885742,4.98,0.0,0
46974,-2.217,83.545,0.0,0.0,457.789,0.0,0.0,0.0,5.732,0,2.0,1.555,309.915,0.9897,36.36,35.35050582885742,4.98,0.0,0
46974,-2.728,83.545,0.0,0.0,458.091,0.0,0.0,0.0,5.732,0,2.0,1.405,309.825,2.5073000000000003,37.08,35.35050582885742,4.98,0.0,0
46974,-2.899,83.545,0.0,0.0,457.789,0.0,0.0,0.0,5.732,0,3.0,1.47,309.825,0.5279,37.68,35.35050582885742,4.98,0.0,0
46974,-2.728,83.545,0.0,0.0,457.728,0.0,0.0,-0.2,5.732,0,3.0,1.445,309.915,0.0,37.65,35.35050582885742,4.98,0.0,0
46974,-2.5580000000000003,83.545,0.0,0.0,457.728,0.0,0.0,0.0,5.732,0,2.0,1.405,309.825,-1.0557,37.02,35.35050582885742,4.98,0.0,0
46974,-2.217,83.545,0.0,0.0,457.426,0.0,0.0,0.0,5.732,0,2.0,1.5250000000000001,309.915,2.1114,37.14,35.35050582885742,4.98,0.0,0
46974,-2.217,83.545,0.0,0.0,457.789,0.0,0.0,0.0,5.732,0,3.0,1.425,310.005,-0.066,36.57,35.35050582885742,4.98,0.0,0
46974,-2.728,83.545,0.0,0.0,457.728,0.0,0.0,0.0,5.732,0,2.0,1.4000000000000001,309.825,-2.5073000000000003,36.480000000000004,35.35050582885742,4.98,0.0,0
46974,-2.5580000000000003,83.545,0.0,0.0,457.607,0.0,0.0,0.0,5.732,0,2.0,1.385,309.825,-0.9897,36.24,35.35050582885742,4.98,0.0,0
46974,-2.5580000000000003,83.545,0.0,0.0,457.607,0.0,0.0,0.0,5.732,0,2.0,1.365,309.825,-0.6598,35.82,35.35050582885742,4.98,0.0,0
46974,-2.5580000000000003,83.545,0.0,0.0,457.305,0.0,0.0,0.0,5.732,0,1.0,1.445,309.825,-0.5279,35.160000000000004,35.35050582885742,4.98,0.0,0
46974,-2.728,83.545,0.0,0.0,457.547,0.0,0.0,0.0,5.732,0,2.0,1.485,309.915,0.2639,34.59,35.35050582885742,4.98,0.0,0
46974,-2.387,83.545,0.0,0.0,457.426,0.0,0.0,0.0,5.732,0,2.0,1.55,309.825,2.1114,34.65,35.35050582885742,4.98,0.0,0
46974,-2.5580000000000003,83.545,0.0,0.0,457.305,0.0,0.0,0.0,5.732,0,3.0,1.4000000000000001,309.825,-0.2639,36.300000000000004,35.35050582885742,4.98,0.0,0
46974,-2.217,83.545,0.0,0.0,457.547,0.0,0.0,0.0,5.732,0,2.0,1.44,309.825,-1.5176,37.71,35.35050582885742,4.98,0.0,0
46974,-2.728,83.545,0.0,0.0,457.547,0.0,0.0,0.0,5.732,0,2.0,1.365,309.825,-1.4351,37.800000000000004,35.35050582885742,4.98,0.0,0
46974,-2.5580000000000003,83.545,0.0,0.0,457.426,0.0,0.0,0.0,5.732,0,1.0,1.31,309.915,-1.9300000000000002,38.13,35.35050582885742,4.98,0.0,0
46974,-2.728,83.545,0.0,0.0,457.607,0.0,0.0,0.0,5.732,0,1.0,1.395,309.825,0.5938,37.800000000000004,35.35050582885742,4.98,0.0,0
46974,-2.728,83.545,0.0,0.0,457.728,0.0,0.0,0.0,5.732,0,1.0,1.415,309.825,4.024900000000001,36.660000000000004,35.35050582885742,4.98,0.0,0
46974,-2.387,83.545,0.0,0.0,457.607,0.0,0.0,0.0,5.732,0,2.0,1.33,309.915,1.0145,36.18,35.35050582885742,4.98,0.0,0
46974,-2.217,83.545,0.0,0.0,457.245,0.0,0.0,0.0,5.732,0,3.0,1.435,309.915,0.6433,36.0,35.35050582885742,4.98,0.0,0
46974,-2.899,83.545,0.0,0.0,457.486,0.0,0.0,0.0,5.732,0,1.0,1.34,309.915,0.39590000000000003,36.15,35.35050582885742,4.98,0.0,0
46974,-2.728,83.545,0.0,0.0,457.607,0.0,0.0,0.0,5.732,0,3.0,1.365,309.825,-2.0949,36.39,35.35050582885742,4.98,0.0,0
46974,-2.217,83.545,0.0,0.0,457.486,0.0,0.0,0.0,5.732,0,1.0,1.41,309.825,-2.8867000000000003,35.88,35.35050582885742,4.98,0.0,0
46974,-2.728,83.545,0.0,0.0,457.365,0.0,0.0,0.0,5.732,0,1.0,1.355,309.825,1.4681,35.1,35.35050582885742,4.98,0.0,0
46974,-2.387,83.545,0.0,0.0,457.607,0.0,0.0,0.0,5.732,0,2.0,1.42,309.825,1.7155,34.65,35.35050582885742,4.98,0.0,0
46974,-2.728,83.545,0.0,0.0,457.305,0.0,0.0,0.2,5.732,0,2.0,1.32,309.825,-0.5279,35.58,35.35050582885742,4.98,0.0,0
46974,-2.387,83.545,0.0,0.0,457.426,0.0,0.0,0.2,5.732,0,2.0,1.3800000000000001,309.69,-2.0042,36.81,35.35050582885742,4.98,0.0,0
46974,-2.217,83.545,0.0,0.0,457.365,0.0,0.0,0.0,5.732,0,1.0,1.455,309.825,-0.5938,38.7,35.35050582885742,4.98,0.0,0
46974,-2.0460000000000003,83.545,0.0,0.0,457.365,0.0,0.0,0.0,5.732,0,2.0,1.34,309.825,0.6103000000000001,39.15,35.35050582885742,4.98,0.0,0
46974,-2.387,83.545,0.0,0.0,457.486,0.0,0.0,0.0,5.732,0,1.0,1.36,309.915,3.7198,37.980000000000004,35.35050582885742,4.98,0.0,0
46974,-2.728,83.545,0.0,0.0,457.607,0.0,0.0,0.0,5.732,0,1.0,1.385,309.825,-0.5279,37.35,35.35050582885742,4.98,0.0,0
46974,-2.217,83.545,0.0,0.0,457.789,0.0,0.0,0.0,5.732,0,0.0,1.365,309.915,-4.5693,36.9,35.35050582885742,4.98,0.0,0
46974,-2.387,83.545,0.0,0.0,457.97,0.0,0.0,0.0,5.732,0,1.0,1.375,309.825,-0.5938,36.27,35.35050582885742,4.98,0.0,0
46974,-2.387,83.545,0.0,0.0,457.547,0.0,0.0,0.0,5.732,0,1.0,1.445,309.915,3.4806000000000004,36.42,35.35050582885742,4.98,0.0,0
46974,-2.387,83.545,0.0,0.0,457.607,0.0,0.0,0.0,5.732,0,2.0,1.355,309.825,0.5279,35.67,35.35050582885742,4.98,0.0,0
46974,-1.8760000000000001,83.545,0.0,0.0,457.607,0.0,0.0,0.0,5.732,0,3.0,1.4000000000000001,309.915,-0.0165,35.43,35.35050582885742,4.98,0.0,0
46974,-2.217,83.545,0.0,0.0,457.547,0.0,0.0,0.0,5.732,0,2.0,1.4000000000000001,309.69,-2.8125,34.86,35.35050582885742,4.98,0.0,0
46974,-2.217,83.545,0.0,0.0,457.426,0.0,0.0,0.0,5.732,0,2.0,1.4000000000000001,309.825,-1.5176,35.4,35.35050582885742,4.98,0.0,0
46974,-2.387,83.545,0.0,0.0,457.426,0.0,0.0,0.0,5.732,0,1.0,1.3900000000000001,309.915,-0.6103000000000001,35.88,35.35050582885742,4.98,0.0,0
46974,-2.217,83.545,0.0,0.0,457.426,0.0,0.0,0.0,5.732,0,1.0,1.35,310.005,0.998,37.11,35.35050582885742,4.98,0.0,0
46974,-2.217,83.545,0.0,0.0,457.245,0.0,0.0,0.0,5.732,0,2.0,1.355,309.825,0.46190000000000003,38.22,35.35050582885742,4.98,0.0,0
46974,-2.5580000000000003,83.545,0.0,0.0,457.063,0.0,0.0,0.0,5.732,0,1.0,1.495,309.825,-2.4908,38.49,35.35050582885742,4.98,0.0,0
46974,-2.5580000000000003,83.545,0.5,0.0,457.486,0.0,0.0,0.0,5.732,0,2.0,1.41,309.915,-0.6351,37.980000000000004,35.35050582885742,4.98,0.0,0
46974,-2.217,83.545,0.0,0.0,457.426,0.0,0.0,0.0,5.732,0,2.0,1.45,309.825,-0.7918000000000001,37.17,35.35050582885742,4.98,0.0,0
46974,-2.387,83.545,0.0,0.0,457.184,0.0,0.0,0.0,5.732,0,2.0,1.455,309.825,0.9650000000000001,36.81,35.35050582885742,4.98,0.0,0
46974,-2.387,83.545,0.0,0.0,457.365,0.0,0.0,0.2,5.732,0,2.0,1.385,309.825,-0.132,36.84,35.35050582885742,4.98,0.0,0
46974,-2.387,83.545,0.5,0.0,457.728,0.0,0.0,0.0,5.732,0,2.0,1.405,309.915,-0.2639,36.57,35.35050582885742,4.98,0.0,0
46974,-2.5580000000000003,83.545,0.0,0.0,457.668,0.0,0.0,0.0,5.732,0,1.0,1.495,309.825,1.1877,35.910000000000004,35.35050582885742,4.98,0.0,0
46974,-2.0460000000000003,83.545,0.5,0.0,457.547,0.0,0.0,0.0,5.732,0,2.0,1.3900000000000001,309.825,1.8475000000000001,35.550000000000004,35.35050582885742,4.98,0.0,0
46974,-2.217,83.545,0.0,0.0,457.245,0.0,0.0,0.0,5.732,0,2.0,1.385,309.69,-5.938400000000001,35.46,35.35050582885742,4.98,0.0,0
46974,-2.217,83.545,0.0,0.0,457.245,0.0,0.0,0.0,5.732,0,1.0,1.44,309.825,-2.3754,35.550000000000004,35.35050582885742,4.98,0.0,0
46974,-2.217,83.545,-0.5,0.0,457.426,0.0,0.0,0.0,5.732,0,2.0,1.3900000000000001,309.825,-0.39590000000000003,36.300000000000004,35.35050582885742,4.98,0.0,0
46974,-2.387,83.545,0.0,0.0,457.305,0.0,0.0,0.0,5.732,0,1.0,1.395,309.915,6.4333,37.14,35.35050582885742,4.98,0.0,0
46974,-2.387,83.545,0.0,0.0,457.305,0.0,0.0,0.0,5.732,0,1.0,1.395,309.825,4.3548,37.62,35.35050582885742,4.98,0.0,0
46974,-2.217,83.545,0.0,0.0,457.547,0.0,0.0,0.0,5.732,0,2.0,1.4000000000000001,309.915,2.0455,38.4,35.35050582885742,4.98,0.0,0
46974,-2.5580000000000003,83.545,0.0,0.0,457.365,0.0,0.0,0.0,5.732,0,1.0,1.445,309.825,-2.3754,37.86,35.35050582885742,4.98,0.0,0
46974,-2.217,83.545,0.0,0.0,457.245,0.0,0.0,0.0,5.732,0,2.0,1.42,309.825,-2.1114,37.92,35.35050582885742,4.98,0.0,0
46974,-2.217,83.545,0.0,0.0,457.305,0.0,0.0,0.0,5.732,0,2.0,1.445,309.915,1.0557,37.800000000000004,35.35050582885742,4.98,0.0,0
46974,-2.217,83.545,0.0,0.0,457.365,0.0,0.0,0.0,5.732,0,1.0,1.37,309.825,0.0,37.17,35.35050582885742,4.98,0.0,0
46974,-2.217,83.545,0.0,0.0,457.063,0.0,0.0,0.0,5.732,0,2.0,1.47,309.825,-1.0557,36.63,35.35050582885742,4.98,0.0,0
46974,-2.217,83.545,0.0,0.0,457.245,0.0,0.0,0.0,5.732,0,1.0,1.395,309.825,-0.9897,35.76,35.35050582885742,4.98,0.0,0
46974,-2.217,83.545,0.0,0.0,457.547,0.0,0.0,0.0,5.732,0,2.0,1.49,309.915,0.7918000000000001,35.22,35.35050582885742,4.98,0.0,0
46974,-2.0460000000000003,83.545,0.0,0.0,457.245,0.0,0.0,0.0,5.732,0,2.0,1.395,309.825,-0.5279,35.67,35.35050582885742,4.98,0.0,0
46974,-2.217,83.545,0.0,0.0,456.942,0.0,0.0,0.0,5.732,0,2.0,1.41,309.69,-2.2434000000000003,36.18,35.35050582885742,4.98,0.0,0
46974,-2.217,83.545,0.5,0.0,457.063,0.0,0.0,0.0,5.732,0,2.0,1.41,309.915,-0.7918000000000001,36.81,35.35050582885742,4.98,0.0,0
46974,-2.0460000000000003,83.545,0.5,0.0,456.82,0.0,0.0,0.0,5.732,0,1.0,1.335,309.915,3.8270000000000004,38.07,35.35050582885742,4.98,0.0,0
46974,-2.217,83.545,0.0,0.0,456.882,0.0,0.0,0.0,5.732,0,2.0,1.405,309.825,-0.8908,38.82,35.35050582885742,4.98,0.0,0
46974,-2.217,83.545,0.0,0.0,457.184,0.0,0.0,-0.2,5.732,0,2.0,1.43,309.825,-4.3548,38.31,35.35050582885742,4.98,0.0,0
46974,-2.0460000000000003,83.545,0.0,0.0,456.942,0.0,0.0,-0.2,5.732,0,2.0,1.405,309.825,0.5938,37.83,35.35050582885742,4.98,0.0,0
46974,-2.217,83.545,0.0,0.0,456.882,0.0,0.0,0.0,5.732,0,2.0,1.435,309.915,2.5073000000000003,37.410000000000004,35.35050582885742,4.98,0.0,0
46974,-2.0460000000000003,83.545,0.0,0.0,457.124,0.0,0.0,0.0,5.732,0,2.0,1.445,309.825,5.0147,36.78,35.35050582885742,4.98,0.0,0
46974,-2.217,83.545,-0.5,0.0,457.063,0.0,0.0,0.0,5.732,0,2.0,1.365,309.825,-0.2639,36.87,35.35050582885742,4.98,0.0,0
46974,-2.387,83.545,0.0,0.0,457.245,0.0,0.0,0.0,5.732,0,1.0,1.435,309.915,0.5279,36.15,35.35050582885742,4.98,0.0,0
46974,-2.0460000000000003,83.545,-0.5,0.0,457.245,0.0,0.0,0.0,5.732,0,1.0,1.46,309.915,3.9589000000000003,35.31,35.35050582885742,4.98,0.0,0
46974,-2.217,83.545,0.5,0.0,457.184,0.0,0.0,0.0,5.732,0,2.0,1.405,309.915,-0.066,34.86,35.35050582885742,4.98,0.0,0
46974,-2.217,83.545,0.0,0.0,457.245,0.0,0.0,-0.2,5.732,0,2.0,1.5,309.915,-1.0557,35.76,35.35050582885742,4.98,0.0,0
46974,-1.8760000000000001,83.545,0.5,0.0,457.245,0.0,0.0,0.0,5.732,0,2.0,1.425,309.825,-1.3032000000000001,35.79,35.35050582885742,4.98,0.0,0
46974,-2.0460000000000003,83.545,0.0,0.0,457.124,0.0,0.0,0.0,5.732,0,2.0,1.35,309.915,-0.5279,36.18,35.35050582885742,4.98,0.0,0
46974,-2.217,83.545,0.0,0.0,457.245,0.0,0.0,0.0,5.732,0,2.0,1.395,309.915,1.7155,37.89,35.35050582885742,4.98,0.0,0
46974,-2.0460000000000003,83.545,0.0,0.0,457.245,0.0,0.0,0.0,5.732,0,2.0,1.46,309.825,-2.1609000000000003,38.160000000000004,35.35050582885742,4.98,0.0,0
46974,-2.217,83.545,0.5,0.0,457.063,0.0,0.0,0.0,5.732,0,1.0,1.345,309.915,0.19790000000000002,38.730000000000004,35.35050582885742,4.98,0.0,0
46974,-2.387,83.545,0.0,0.0,457.184,0.0,0.0,0.0,5.732,0,1.0,1.485,309.825,2.0620000000000003,38.1,35.35050582885742,4.98,0.0,0
46974,-1.8760000000000001,83.545,0.5,0.0,456.882,0.0,0.0,0.0,5.732,0,1.0,1.395,309.825,-2.3754,37.47,35.35050582885742,4.98,0.0,0
46974,-2.0460000000000003,83.545,0.0,0.0,457.124,0.0,0.0,0.0,5.732,0,2.0,1.445,310.005,1.3032000000000001,36.81,35.35050582885742,4.98,0.0,0
46974,-2.217,83.545,0.5,0.0,457.426,0.0,0.0,0.0,5.732,0,2.0,1.475,309.915,-1.5341,36.54,35.35050582885742,4.98,0.0,0
46974,-2.0460000000000003,83.545,0.5,0.0,457.426,0.0,0.0,0.0,5.732,0,2.0,1.395,309.825,-1.2372,36.42,35.35050582885742,4.98,0.0,0
46974,-2.387,83.545,0.0,0.0,457.063,0.0,0.0,0.0,5.732,0,2.0,1.395,309.825,2.3424,35.79,35.35050582885742,4.98,0.0,0
46974,-2.387,83.545,0.0,0.0,457.124,0.0,0.0,0.0,5.732,0,2.0,1.405,309.915,0.8825000000000001,35.07,35.35050582885742,4.98,0.0,0
46974,-2.217,83.545,0.0,0.0,457.426,0.0,0.0,0.0,5.732,0,1.0,1.445,309.915,-1.3361,34.92,35.35050582885742,4.98,0.0,0
46974,-2.217,83.545,0.0,0.0,457.124,0.0,0.0,0.0,5.732,0,2.0,1.41,309.915,1.3196,35.61,35.35050582885742,4.98,0.0,0
46974,-1.8760000000000001,83.545,0.5,0.0,456.942,0.0,0.0,0.0,5.732,0,2.0,1.4000000000000001,309.825,-2.4908,36.9,35.35050582885742,4.98,0.0,0
46974,-2.217,83.545,0.0,0.0,457.245,0.0,0.0,0.0,5.732,0,2.0,1.425,309.915,-4.305400000000001,38.13,35.35050582885742,4.98,0.0,0
46974,-2.387,83.545,0.0,0.0,457.305,0.0,0.0,0.0,5.732,0,2.0,1.385,309.915,-0.46190000000000003,37.86,35.35050582885742,4.98,0.0,0
46974,-2.217,83.545,0.0,0.0,457.245,0.0,0.0,0.0,5.732,0,2.0,1.405,310.005,6.3673,37.71,35.35050582885742,4.98,0.0,0
46974,-2.0460000000000003,83.545,0.0,0.0,457.607,0.0,0.0,0.0,5.732,0,1.0,1.41,309.825,-2.9527,37.35,35.35050582885742,4.98,0.0,0
46974,-2.387,83.545,0.0,0.0,457.607,0.0,0.0,0.0,5.732,0,2.0,1.445,309.825,-2.8372,37.29,35.35050582885742,4.98,0.0,0
46974,-2.217,83.545,0.0,0.0,457.426,0.0,0.0,0.0,5.732,0,2.0,1.42,309.915,-3.2991,37.26,35.35050582885742,4.98,0.0,0
46974,-1.8760000000000001,83.545,0.0,0.0,457.245,0.0,0.0,0.0,5.732,0,2.0,1.41,309.825,0.132,37.26,35.35050582885742,4.98,0.0,0
46974,-2.0460000000000003,83.545,0.5,0.0,457.124,0.0,0.0,0.0,5.732,0,2.0,1.3900000000000001,309.69,-1.5836000000000001,37.62,35.35050582885742,4.98,0.0,0
46974,-2.217,83.545,0.0,0.0,457.426,0.0,0.0,0.0,5.732,0,2.0,1.365,309.825,-0.46190000000000003,36.99,35.35050582885742,4.98,0.0,0
46974,-2.0460000000000003,83.545,0.0,0.0,457.607,0.0,0.0,0.0,5.732,0,2.0,1.42,309.825,1.1877,35.13,35.35050582885742,4.98,0.0,0
46974,-2.217,83.545,-0.5,0.0,457.91,0.0,0.0,0.0,5.732,0,1.0,1.385,309.825,3.0682,34.59,35.35050582885742,4.98,0.0,0
46974,-2.217,83.545,-0.5,0.0,457.486,0.0,0.0,0.0,5.732,0,1.0,1.41,309.825,-1.0557,34.800000000000004,35.35050582885742,4.98,0.0,0
46974,-2.0460000000000003,83.545,0.0,0.0,457.184,0.0,0.0,0.0,5.732,0,2.0,1.445,309.915,-0.3299,35.58,35.35050582885742,4.98,0.0,0
46974,-2.5580000000000003,83.545,0.0,0.0,457.607,0.0,0.0,0.0,5.732,0,2.0,1.3800000000000001,309.915,1.7155,37.230000000000004,35.35050582885742,4.98,0.0,0
46974,-2.217,83.545,0.5,0.0,457.849,0.0,0.0,0.2,5.732,0,2.0,1.405,309.825,-0.5279,38.1,35.35050582885742,4.98,0.0,0
46974,-1.705,83.545,0.0,0.0,457.245,0.0,0.0,0.0,5.732,0,2.0,1.4000000000000001,309.825,-2.9032,38.37,35.35050582885742,4.98,0.0,0
46974,-2.217,83.545,0.0,0.0,457.063,0.0,0.0,0.0,5.732,0,2.0,1.4000000000000001,309.825,0.066,37.92,35.35050582885742,4.98,0.0,0
46974,-2.0460000000000003,83.545,0.0,0.0,457.245,0.0,0.0,0.0,5.732,0,1.0,1.33,309.825,1.3196,37.050000000000004,35.35050582885742,4.98,0.0,0
46974,-1.5350000000000001,83.545,0.0,0.0,457.668,0.0,0.0,0.0,5.732,0,1.0,1.385,309.915,0.9897,37.02,35.35050582885742,4.98,0.0,0
46974,-2.217,83.545,0.0,0.0,457.365,0.0,0.0,0.0,5.732,0,1.0,1.37,309.825,-2.5073000000000003,36.81,35.35050582885742,4.98,0.0,0
46974,-2.217,83.545,0.0,0.0,457.426,0.0,0.0,0.0,5.732,0,2.0,1.415,309.825,-1.5836000000000001,36.27,35.35050582885742,4.98,0.0,0
46974,-1.8760000000000001,83.545,0.5,0.0,457.365,0.0,0.0,0.0,5.732,0,2.0,1.44,309.825,0.39590000000000003,36.06,35.35050582885742,4.98,0.0,0
46974,-2.217,83.545,0.0,0.0,457.607,0.0,0.0,0.0,5.732,0,2.0,1.375,309.69,-2.5403000000000002,36.06,35.35050582885742,4.98,0.0,0
46974,-2.0460000000000003,83.545,0.0,0.0,457.607,0.0,0.0,0.0,5.732,0,2.0,1.425,309.69,-3.2744,35.94,35.35050582885742,4.98,0.0,0
46974,-2.0460000000000003,83.545,0.0,0.0,457.245,0.0,0.0,0.0,5.732,0,2.0,1.405,309.915,1.963,35.25,35.35050582885742,4.98,0.0,0
46974,-2.0460000000000003,83.545,0.0,0.0,457.607,0.0,0.0,0.0,5.732,0,2.0,1.365,309.825,5.1466,35.01,35.35050582885742,4.98,0.0,0
46974,-2.0460000000000003,83.545,0.0,0.0,457.607,0.0,0.0,0.0,5.732,0,2.0,1.375,309.825,2.1527000000000003,35.1,35.35050582885742,4.98,0.0,0
46974,-2.217,83.545,0.0,0.0,457.547,0.0,0.0,0.0,5.732,0,1.0,1.395,309.915,-0.6598,36.39,35.35050582885742,4.98,0.0,0
46974,-2.0460000000000003,83.545,0.0,0.0,457.184,0.0,0.0,0.0,5.732,0,1.0,1.35,309.69,-4.0002,37.08,35.35050582885742,4.98,0.0,0
46974,-2.0460000000000003,83.545,0.0,0.0,457.426,0.0,0.0,0.0,5.732,0,2.0,1.45,309.915,-2.3919,37.38,35.35050582885742,4.98,0.0,0
46974,-2.217,83.545,0.0,0.0,457.486,0.0,0.0,0.0,5.732,0,2.0,1.375,310.005,3.4146,36.51,35.35050582885742,4.98,0.0,0
46974,-2.0460000000000003,83.545,0.0,0.0,457.486,0.0,0.0,0.0,5.732,0,0.0,1.385,309.915,5.8312,36.27,35.35050582885742,4.98,0.0,0
46974,-1.705,83.545,-0.5,0.0,457.426,0.0,0.0,0.0,5.732,0,1.0,1.415,309.915,-0.7918000000000001,36.57,35.35050582885742,4.98,0.0,0
46974,-2.217,83.545,0.0,0.0,457.486,0.0,0.0,0.2,5.732,0,2.0,1.455,309.825,-2.7713,36.39,35.35050582885742,4.98,0.0,0
46974,-2.0460000000000003,83.545,0.0,0.0,457.426,0.0,0.0,0.0,5.732,0,2.0,1.43,309.69,-2.3341000000000003,35.82,35.35050582885742,4.98,0.0,0
46974,-2.0460000000000003,83.545,0.5,0.0,457.063,0.0,0.0,0.0,5.732,0,1.0,1.375,309.915,-2.3094,34.44,35.35050582885742,4.98,0.0,0
46974,-2.0460000000000003,83.545,0.0,0.0,457.124,0.0,0.0,0.0,5.732,0,2.0,1.385,309.915,3.2166,33.78,35.35050582885742,4.98,0.0,0
46974,-2.217,83.545,-0.5,0.0,457.486,0.0,0.0,-0.2,5.732,0,1.0,1.435,309.915,5.987900000000001,34.230000000000004,35.35050582885742,4.98,0.0,0
46974,-2.217,83.545,0.0,0.0,457.97,0.0,0.0,0.0,5.732,0,2.0,1.395,309.825,-0.5114000000000001,35.13,35.35050582885742,4.98,0.0,0
46974,-2.0460000000000003,83.545,0.0,0.0,457.849,0.0,0.0,0.0,5.732,0,2.0,1.435,309.915,-2.3754,36.27,35.35050582885742,4.98,0.0,0
46974,-2.217,83.545,0.0,0.0,457.305,0.0,0.0,-0.2,5.732,0,1.0,1.3900000000000001,309.825,-1.4351,37.17,35.35050582885742,4.98,0.0,0
46974,-1.705,83.545,-0.5,0.0,457.365,0.0,0.0,0.0,5.732,0,1.0,1.475,309.825,-0.7753,37.65,35.35050582885742,4.98,0.0,0
46974,-2.217,83.545,0.0,0.0,457.245,0.0,0.0,0.0,5.732,0,1.0,1.405,309.825,0.5444,37.14,35.35050582885742,4.98,0.0,0
46974,-1.8760000000000001,83.545,0.0,0.0,457.245,0.0,0.0,0.0,5.732,0,1.0,1.4000000000000001,309.825,-2.4249,36.6,35.35050582885742,4.98,0.0,0
46974,-2.0460000000000003,83.545,0.5,0.0,457.607,0.0,0.0,0.0,5.732,0,2.0,1.3800000000000001,309.825,-1.3856000000000002,35.52,35.35050582885742,4.98,0.0,0
46974,-2.0460000000000003,83.545,0.0,0.0,457.305,0.0,0.0,0.0,5.732,0,2.0,1.395,309.825,2.5898000000000003,35.58,35.35050582885742,4.98,0.0,0
46974,-1.705,83.545,0.0,0.0,457.245,0.0,0.0,0.0,5.732,0,2.0,1.385,309.825,0.39590000000000003,35.01,35.35050582885742,4.98,0.0,0
46974,-2.217,83.545,0.0,0.0,457.245,0.0,0.0,0.0,5.732,0,2.0,1.395,309.915,0.6433,35.01,35.35050582885742,4.98,0.0,0
46974,-2.0460000000000003,83.545,-0.5,0.0,457.365,0.0,0.0,0.2,5.732,0,1.0,1.455,309.915,0.7918000000000001,34.95,35.35050582885742,4.98,0.0,0
46974,-2.0460000000000003,83.545,0.0,0.0,457.426,0.0,0.0,0.0,5.732,0,2.0,1.375,309.69,-2.0125,34.53,35.35050582885742,4.98,0.0,0
46974,-1.8760000000000001,83.545,0.0,0.0,457.486,0.0,0.0,0.0,5.732,0,1.0,1.3800000000000001,309.825,-1.3196,34.83,35.35050582885742,4.98,0.0,0
46974,-1.705,83.545,0.0,0.0,457.607,0.0,0.0,-0.2,5.732,0,1.0,1.405,309.825,-1.2537,35.28,35.35050582885742,4.98,0.0,0
46974,-1.8760000000000001,83.545,0.5,0.0,457.607,0.0,0.0,0.0,5.732,0,2.0,1.415,309.825,3.6950000000000003,35.550000000000004,35.35050582885742,4.98,0.0,0
46974,-1.705,83.545,0.0,0.0,457.728,0.0,0.0,0.0,5.732,0,2.0,1.425,309.69,0.099,35.910000000000004,35.35050582885742,4.98,0.0,0
46974,-1.8760000000000001,83.545,-0.5,0.0,457.728,0.0,0.0,0.0,5.732,0,2.0,1.43,309.915,1.3196,36.18,35.35050582885742,4.98,0.0,0
46974,-2.0460000000000003,83.545,0.0,0.0,457.728,0.0,0.0,0.0,5.732,0,2.0,1.385,309.825,3.6950000000000003,36.93,35.35050582885742,4.98,0.0,0
46974,-1.705,83.545,0.0,0.0,457.426,0.0,0.0,0.0,5.732,0,1.0,1.3900000000000001,309.915,2.2434000000000003,37.35,35.35050582885742,4.98,0.0,0
46974,-1.8760000000000001,83.545,-0.5,0.0,457.607,0.0,0.0,0.0,5.732,0,2.0,1.395,309.915,0.5279,37.050000000000004,35.35050582885742,4.98,0.0,0
46974,-1.8760000000000001,83.545,0.5,0.0,457.547,0.0,0.0,0.0,5.732,0,2.0,1.405,309.825,1.5836000000000001,37.17,35.35050582885742,4.98,0.0,0
46974,-1.8760000000000001,83.545,-0.5,0.0,457.607,0.0,0.0,0.0,5.732,0,2.0,1.375,309.69,-3.0022,36.18,35.35050582885742,4.98,0.0,0
46974,-1.705,83.545,0.0,0.0,457.789,0.0,0.0,0.0,5.732,0,2.0,1.415,309.915,-2.7713,35.64,35.35050582885742,4.98,0.0,0
46974,-2.0460000000000003,83.545,-0.5,0.0,457.668,0.0,0.0,0.0,5.732,0,2.0,1.3900000000000001,309.825,-2.6393,35.160000000000004,35.35050582885742,4.98,0.0,0
46974,-1.5350000000000001,83.545,0.0,0.0,457.607,0.0,0.0,0.0,5.732,0,2.0,1.475,309.69,-1.1877,35.07,35.35050582885742,4.98,0.0,0
46974,-1.8760000000000001,83.545,0.0,0.0,457.668,0.0,0.0,0.0,5.732,0,1.0,1.3900000000000001,309.915,0.7918000000000001,35.34,35.35050582885742,4.98,0.0,0
46974,-2.0460000000000003,83.545,0.0,0.0,457.486,0.0,0.0,0.0,5.732,0,2.0,1.425,309.915,5.1466,35.730000000000004,35.35050582885742,4.98,0.0,0
46974,-2.0460000000000003,83.545,-0.5,0.0,457.789,0.0,0.0,0.0,5.732,0,1.0,1.3800000000000001,309.915,1.1547,35.730000000000004,35.35050582885742,4.98,0.0,0
46974,-1.5350000000000001,83.545,-0.5,0.0,457.728,0.0,0.0,0.0,5.732,0,2.0,1.41,309.825,-2.5073000000000003,36.57,35.35050582885742,4.98,0.0,0
46974,-1.8760000000000001,83.545,0.0,0.0,457.668,0.0,0.0,0.0,5.732,0,2.0,1.3800000000000001,309.825,1.1217000000000001,36.72,35.35050582885742,4.98,0.0,0
46974,-1.8760000000000001,83.545,-0.5,0.0,457.728,0.0,0.0,0.0,5.732,0,2.0,1.42,309.825,-3.1672000000000002,36.75,35.35050582885742,4.98,0.0,0
46974,-1.8760000000000001,83.545,0.5,0.0,457.607,0.0,0.0,0.0,5.732,0,2.0,1.365,309.69,-1.4846000000000001,37.29,35.35050582885742,4.98,0.0,0
46974,-2.0460000000000003,83.545,-0.5,0.0,457.486,0.0,0.0,0.0,5.732,0,2.0,1.41,309.69,-3.9589000000000003,37.47,35.35050582885742,4.98,0.0,0
46974,-1.8760000000000001,83.545,-0.5,0.0,457.305,0.0,0.0,0.0,5.732,0,1.0,1.3900000000000001,309.825,1.0557,36.75,35.35050582885742,4.98,0.0,0
46974,-2.0460000000000003,83.545,-0.5,0.0,457.486,0.0,0.0,0.0,5.732,0,2.0,1.3800000000000001,309.825,5.0147,36.54,35.35050582885742,4.98,0.0,0
46974,-1.8760000000000001,83.545,0.0,0.0,457.305,0.0,0.0,0.0,5.732,0,1.0,1.41,309.825,-2.7383,36.24,35.35050582885742,4.98,0.0,0
46974,-1.705,83.545,0.0,0.0,457.486,0.0,0.0,0.2,5.732,0,2.0,1.4000000000000001,309.915,0.5279,35.25,35.35050582885742,4.98,0.0,0
46974,-1.705,83.545,0.0,0.0,457.305,0.0,0.0,0.0,5.732,0,2.0,1.41,309.825,0.5279,34.77,35.35050582885742,4.98,0.0,0
46974,-2.0460000000000003,83.545,0.0,0.0,457.91,0.0,0.0,0.0,5.732,0,2.0,1.415,309.825,0.5279,34.68,35.35050582885742,4.98,0.0,0
46974,-1.5350000000000001,83.545,0.0,0.0,457.97,0.0,0.0,0.0,5.732,0,1.0,1.435,310.005,3.1012,34.83,35.35050582885742,4.98,0.0,0
46974,-2.0460000000000003,83.545,0.0,0.0,457.668,0.0,0.0,0.0,5.732,0,2.0,1.435,309.915,2.9032,36.09,35.35050582885742,4.98,0.0,0
46974,-1.705,83.545,0.0,0.0,457.668,0.0,0.0,0.0,5.732,0,1.0,1.4000000000000001,309.825,-1.5836000000000001,37.410000000000004,35.35050582885742,4.98,0.0,0
46974,-1.8760000000000001,83.545,0.5,0.0,457.789,0.0,0.0,0.0,5.732,0,1.0,1.415,309.825,-8.3138,37.62,35.35050582885742,4.98,0.0,0
46974,-2.0460000000000003,83.545,-0.5,0.0,457.607,0.0,0.0,0.0,5.732,0,1.0,1.45,309.825,-1.5176,36.69,35.35050582885742,4.98,0.0,0
46974,-2.217,83.545,-0.5,0.0,457.607,0.0,0.0,0.0,5.732,0,1.0,1.42,309.825,-1.3691,36.63,35.35050582885742,4.98,0.0,0
46974,-1.8760000000000001,83.545,0.0,0.0,457.607,0.0,0.0,0.0,5.732,0,1.0,1.435,309.825,0.132,36.63,35.35050582885742,4.98,0.0,0
46974,-1.8760000000000001,83.545,0.5,0.0,457.607,0.0,0.0,0.0,5.732,0,1.0,1.435,309.825,-2.7053000000000003,36.54,35.35050582885742,4.98,0.0,0
46974,-1.705,83.545,-0.5,0.0,457.426,0.0,0.0,0.0,5.732,0,2.0,1.355,309.825,2.1774,37.11,35.35050582885742,4.98,0.0,0
46974,-1.8760000000000001,83.545,0.5,0.0,457.426,0.0,0.0,0.0,5.732,0,2.0,1.405,309.915,-0.7423000000000001,36.57,35.35050582885742,4.98,0.0,0
46974,-1.8760000000000001,83.545,0.0,0.0,457.426,0.0,0.0,0.0,5.732,0,2.0,1.3800000000000001,309.915,2.6888,36.54,35.35050582885742,4.98,0.0,0
46974,-2.0460000000000003,83.545,0.0,0.0,457.607,0.0,0.0,0.0,5.732,0,2.0,1.44,309.825,3.8930000000000002,35.910000000000004,35.35050582885742,4.98,0.0,0
46974,-1.8760000000000001,83.545,0.5,0.0,457.486,0.0,0.0,0.2,5.732,0,2.0,1.415,309.915,-0.39590000000000003,35.49,35.35050582885742,4.98,0.0,0
46974,-1.705,83.545,0.5,0.0,457.426,0.0,0.0,0.0,5.732,0,1.0,1.3800000000000001,309.825,-0.6433,35.46,35.35050582885742,4.98,0.0,0
46974,-1.705,83.545,-0.5,0.0,457.607,0.0,0.0,0.0,5.732,0,1.0,1.435,309.915,-0.6763,36.09,35.35050582885742,4.98,0.0,0
46974,-1.705,83.545,0.0,0.0,457.426,0.0,0.0,0.0,5.732,0,2.0,1.415,309.825,-2.4908,36.96,35.35050582885742,4.98,0.0,0
46974,-2.0460000000000003,83.545,0.0,0.0,457.607,0.0,0.0,0.0,5.732,0,2.0,1.425,309.915,0.1155,38.160000000000004,35.35050582885742,4.98,0.0,0
46974,-1.8760000000000001,83.545,0.0,0.0,457.607,0.0,0.0,0.0,5.732,0,0.0,1.455,309.825,0.6598,37.86,35.35050582885742,4.98,0.0,0
46974,-1.705,83.545,0.0,0.0,457.91,0.0,0.0,0.0,5.732,0,2.0,1.385,309.915,1.4351,37.26,35.35050582885742,4.98,0.0,0
46974,-1.705,83.545,0.5,0.0,457.849,0.0,0.0,0.0,5.732,0,1.0,1.435,309.825,-0.6598,37.38,35.35050582885742,4.98,0.0,0
46974,-1.705,83.545,0.0,0.0,457.728,0.0,0.0,-0.2,5.732,0,1.0,1.425,309.825,-1.7155,37.5,35.35050582885742,4.98,0.0,0
46974,-1.5350000000000001,83.545,0.0,0.0,457.426,0.0,0.0,0.0,5.732,0,1.0,1.45,309.825,-2.9032,37.65,35.35050582885742,4.98,0.0,0
46974,-1.5350000000000001,83.545,-0.5,0.0,457.789,0.0,0.0,0.0,5.732,0,2.0,1.3900000000000001,309.825,0.0,36.69,35.35050582885742,4.98,0.0,0
46974,-1.705,83.545,0.0,0.0,457.426,0.0,0.0,0.0,5.732,0,2.0,1.44,309.915,-0.7423000000000001,35.550000000000004,35.35050582885742,4.98,0.0,0
46974,-2.0460000000000003,83.545,0.0,0.0,457.547,0.0,0.0,0.0,5.732,0,2.0,1.4000000000000001,309.69,-0.3052,34.74,35.35050582885742,4.98,0.0,0
46974,-1.705,83.545,-0.5,0.0,457.063,0.0,0.0,-0.2,5.732,0,1.0,1.425,309.825,-0.2639,34.86,35.35050582885742,4.98,0.0,0
46974,-2.0460000000000003,83.545,-0.5,0.0,457.003,0.0,0.0,0.0,5.732,0,2.0,1.42,309.915,1.3856000000000002,36.06,35.35050582885742,4.98,0.0,0
46974,-1.705,83.545,0.0,0.0,457.426,0.0,0.0,0.0,5.732,0,2.0,1.41,309.915,5.3281,37.14,35.35050582885742,4.98,0.0,0
46974,-1.5350000000000001,83.545,0.5,0.0,457.305,0.0,0.0,0.0,5.732,0,2.0,1.405,309.825,1.0557,38.28,35.35050582885742,4.98,0.0,0
46974,-1.5350000000000001,83.545,0.5,0.0,457.365,0.0,0.0,0.0,5.732,0,1.0,1.35,309.915,0.39590000000000003,38.52,35.35050582885742,4.98,0.0,0
46974,-1.5350000000000001,83.545,0.0,0.0,457.305,0.0,0.0,0.0,5.732,0,1.0,1.455,309.915,0.7918000000000001,38.52,35.35050582885742,4.98,0.0,0
46974,-1.705,83.545,0.5,0.0,457.365,0.0,0.0,0.0,5.732,0,2.0,1.37,309.825,-3.1012,38.58,35.35050582885742,4.98,0.0,0
46974,-2.0460000000000003,83.545,0.0,0.0,457.184,0.0,0.0,0.0,5.732,0,2.0,1.4000000000000001,309.915,0.132,37.35,35.35050582885742,4.98,0.0,0
46974,-1.5350000000000001,83.545,-0.5,0.0,457.365,0.0,0.0,0.0,5.732,0,2.0,1.345,309.915,3.9589000000000003,36.93,35.35050582885742,4.98,0.0,0
46974,-1.8760000000000001,83.545,-0.5,0.0,457.607,0.0,0.0,0.0,5.732,0,2.0,1.3900000000000001,309.825,-0.2639,36.72,35.35050582885742,4.98,0.0,0
46974,-1.705,83.545,0.0,0.0,457.184,0.0,0.0,0.0,5.732,0,2.0,1.415,309.825,-4.4208,36.99,35.35050582885742,4.98,0.0,0
46974,-1.5350000000000001,83.545,0.0,0.0,457.184,0.0,0.0,0.0,5.732,0,1.0,1.395,309.915,0.6598,37.050000000000004,35.35050582885742,4.98,0.0,0
46974,-1.705,83.545,-0.5,0.0,457.184,0.0,0.0,0.0,5.732,0,1.0,1.405,309.825,0.8743000000000001,36.9,35.35050582885742,4.98,0.0,0
46974,-1.5350000000000001,83.545,0.0,0.0,457.245,0.0,0.0,0.0,5.732,0,2.0,1.4000000000000001,309.915,1.7650000000000001,36.21,35.35050582885742,4.98,0.0,0
46974,-1.8760000000000001,83.545,0.0,0.0,457.426,0.0,0.0,0.0,5.732,0,1.0,1.425,309.825,0.0,35.88,35.35050582885742,4.98,0.0,0
46974,-2.0460000000000003,83.545,0.0,0.0,457.486,0.0,0.0,0.0,5.732,0,1.0,1.47,310.005,3.5466,35.61,35.35050582885742,4.98,0.0,0
46974,-1.5350000000000001,83.545,-0.5,0.0,457.426,0.0,0.0,0.0,5.732,0,2.0,1.375,309.825,-0.9732000000000001,36.18,35.35050582885742,4.98,0.0,0
46974,-2.0460000000000003,83.545,0.0,0.0,457.426,0.0,0.0,0.0,5.732,0,2.0,1.42,309.825,-4.6023000000000005,36.93,35.35050582885742,4.98,0.0,0
46974,-1.705,83.545,0.0,0.0,457.426,0.0,0.0,0.2,5.732,0,1.0,1.3800000000000001,309.915,-1.3032000000000001,37.68,35.35050582885742,4.98,0.0,0
46974,-1.5350000000000001,83.545,0.0,0.0,457.607,0.0,0.0,0.0,5.732,0,1.0,1.375,309.825,2.1939,37.86,35.35050582885742,4.98,0.0,0
46974,-1.705,83.545,0.0,0.0,457.547,0.0,0.0,0.0,5.732,0,1.0,1.445,309.915,1.8310000000000002,38.34,35.35050582885742,4.98,0.0,0
46974,-1.705,83.545,0.0,0.0,457.668,0.0,0.0,0.0,5.732,0,1.0,1.365,309.915,2.4908,38.52,35.35050582885742,4.98,0.0,0
46974,-1.705,83.545,0.0,0.0,457.607,0.0,0.0,-0.2,5.732,0,2.0,1.32,309.915,1.1712,37.89,35.35050582885742,4.98,0.0,0
46974,-1.8760000000000001,83.545,0.0,0.0,457.305,0.0,0.0,0.0,5.732,0,1.0,1.3800000000000001,309.825,-1.8310000000000002,36.660000000000004,35.35050582885742,4.98,0.0,0
46974,-1.705,83.545,0.5,0.0,457.063,0.0,0.0,0.0,5.732,0,1.0,1.375,309.915,-2.6393,35.25,35.35050582885742,4.98,0.0,0
46974,-1.5350000000000001,83.545,-0.5,0.0,457.124,0.0,0.0,0.0,5.732,0,1.0,1.385,309.915,-0.5444,35.37,35.35050582885742,4.98,0.0,0
46974,-1.5350000000000001,83.545,0.0,0.0,457.124,0.0,0.0,0.0,5.732,0,1.0,1.385,309.915,1.963,35.25,35.35050582885742,4.98,0.0,0
46974,-1.5350000000000001,83.545,0.0,0.0,457.184,0.0,0.0,0.0,5.732,0,2.0,1.3900000000000001,309.825,-3.761,35.34,35.35050582885742,4.98,0.0,0
46974,-1.5350000000000001,83.545,0.0,0.0,457.365,0.0,0.0,0.0,5.732,0,2.0,1.3900000000000001,309.69,-4.2476,36.0,35.35050582885742,4.98,0.0,0
46974,-1.5350000000000001,83.545,0.5,0.0,457.426,0.0,0.0,0.0,5.732,0,2.0,1.405,309.69,-3.4723,36.87,35.35050582885742,4.98,0.0,0
46974,-1.8760000000000001,83.545,0.0,0.0,457.668,0.0,0.0,0.0,5.732,0,2.0,1.435,309.915,3.0187,38.52,35.35050582885742,4.98,0.0,0
46974,-2.0460000000000003,83.545,0.0,0.0,457.486,0.0,0.0,0.0,5.732,0,1.0,1.375,309.915,6.1859,39.06,35.35050582885742,4.98,0.0,0
46974,-1.705,83.545,0.0,0.0,457.365,0.0,0.0,0.0,5.732,0,2.0,1.405,309.915,2.2681,39.09,35.35050582885742,4.98,0.0,0
46974,-1.5350000000000001,83.545,0.0,0.0,457.063,0.0,0.0,0.0,5.732,0,1.0,1.395,309.825,-0.1155,38.25,35.35050582885742,4.98,0.0,0
46974,-1.8760000000000001,83.545,0.0,0.0,457.365,0.0,0.0,0.0,5.732,0,1.0,1.355,309.915,0.7918000000000001,37.38,35.35050582885742,4.98,0.0,0
46974,-1.705,83.545,0.0,0.0,457.547,0.0,0.0,0.0,5.732,0,2.0,1.36,309.69,-2.928,36.93,35.35050582885742,4.98,0.0,0
46974,-1.8760000000000001,83.545,0.5,0.0,457.245,0.0,0.0,0.0,5.732,0,2.0,1.4000000000000001,309.825,-3.629,36.03,35.35050582885742,4.98,0.0,0
46974,-1.8760000000000001,83.545,0.0,0.0,457.305,0.0,0.0,0.0,5.732,0,2.0,1.35,309.825,-2.4249,36.12,35.35050582885742,4.98,0.0,0
46974,-1.8760000000000001,83.545,-0.5,0.0,457.547,0.0,0.0,0.0,5.732,0,1.0,1.42,309.915,2.664,36.27,35.35050582885742,4.98,0.0,0
46974,-2.0460000000000003,83.545,0.0,0.0,457.607,0.0,0.0,0.0,5.732,0,3.0,1.46,309.825,0.9238000000000001,36.0,35.35050582885742,4.98,0.0,0
46974,-1.705,83.545,-0.5,0.0,457.547,0.0,0.0,0.0,5.732,0,1.0,1.335,309.825,0.7918000000000001,35.97,35.35050582885742,4.98,0.0,0
46974,-1.705,83.545,0.0,0.0,457.547,0.0,0.0,0.0,5.732,0,1.0,1.435,309.915,0.46190000000000003,36.18,35.35050582885742,4.98,0.0,0
46974,-1.5350000000000001,83.545,0.0,0.0,457.365,0.0,0.0,0.0,5.732,0,1.0,1.405,309.825,-1.0557,37.230000000000004,35.35050582885742,4.98,0.0,0
46974,-1.705,83.545,0.0,0.0,457.547,0.0,0.0,0.0,5.732,0,1.0,1.385,309.825,1.0557,37.53,35.35050582885742,4.98,0.0,0
46974,-1.8760000000000001,83.545,0.0,0.0,457.607,0.0,0.0,0.0,5.732,0,2.0,1.4000000000000001,309.69,-4.3548,37.77,35.35050582885742,4.98,0.0,0
46974,-1.5350000000000001,83.545,0.0,0.0,457.668,0.0,0.0,0.0,5.732,0,1.0,1.375,309.825,-0.2639,38.1,35.35050582885742,4.98,0.0,0
46974,-1.5350000000000001,83.545,0.5,0.0,457.426,0.0,0.0,0.0,5.732,0,1.0,1.375,309.825,2.7713,38.13,35.35050582885742,4.98,0.0,0
46974,-1.8760000000000001,83.545,0.5,0.0,457.486,0.0,0.0,0.0,5.732,0,2.0,1.455,309.915,2.4743,37.44,35.35050582885742,4.98,0.0,0
46974,-1.705,83.545,0.5,0.0,457.124,0.0,0.0,0.0,5.732,0,1.0,1.365,309.825,-0.7918000000000001,37.08,35.35050582885742,4.98,0.0,0
46974,-1.705,83.545,-0.5,0.0,457.426,0.0,0.0,0.0,5.732,0,1.0,1.455,309.69,-3.596,37.050000000000004,35.35050582885742,4.98,0.0,0
46974,-1.5350000000000001,83.545,0.0,0.0,457.547,0.0,0.0,0.0,5.732,0,2.0,1.41,309.915,0.132,36.63,35.35050582885742,4.98,0.0,0
46974,-1.5350000000000001,83.545,0.5,0.0,457.184,0.0,0.0,0.0,5.732,0,2.0,1.41,309.915,3.8930000000000002,35.910000000000004,35.35050582885742,4.98,0.0,0
46974,-1.5350000000000001,83.545,0.0,0.0,457.486,0.0,0.0,0.0,5.732,0,1.0,1.43,309.915,3.563,35.34,35.35050582885742,4.98,0.0,0
46974,-1.705,83.545,-0.5,0.0,457.607,0.0,0.0,0.0,5.732,0,1.0,1.3800000000000001,309.825,-2.0455,35.160000000000004,35.35050582885742,4.98,0.0,0
46974,-1.5350000000000001,83.545,0.5,0.0,457.607,0.0,0.0,0.0,5.732,0,1.0,1.435,309.915,-2.7713,35.97,35.35050582885742,4.98,0.0,0
46974,-1.705,83.545,0.0,0.0,457.607,0.0,0.0,0.0,5.732,0,2.0,1.49,309.915,2.1114,37.26,35.35050582885742,4.98,0.0,0
46974,-1.8760000000000001,83.545,0.0,0.0,457.486,0.0,0.0,0.0,5.732,0,2.0,1.4000000000000001,309.69,-0.5279,38.28,35.35050582885742,4.98,0.0,0
46974,-1.5350000000000001,83.545,0.5,0.0,457.668,0.0,0.0,0.0,5.732,0,2.0,1.435,309.915,-1.3196,37.95,35.35050582885742,4.98,0.0,0
46974,-1.5350000000000001,83.545,-0.5,0.0,457.305,0.0,0.0,0.0,5.732,0,1.0,1.44,309.825,-0.132,37.08,35.35050582885742,4.98,0.0,0
46974,-1.5350000000000001,83.545,-0.5,0.0,457.365,0.0,0.0,0.0,5.732,0,2.0,1.3900000000000001,309.915,1.9465000000000001,36.93,35.35050582885742,4.98,0.0,0
46974,-1.364,83.545,0.5,0.0,457.184,0.0,0.0,0.0,5.732,0,2.0,1.425,309.915,1.0557,36.660000000000004,35.35050582885742,4.98,0.0,0
46974,-1.705,83.545,-0.5,0.0,457.063,0.0,0.0,0.0,5.732,0,1.0,1.415,309.825,-1.0557,36.54,35.35050582885742,4.98,0.0,0
46974,-1.705,83.545,0.0,0.0,457.063,0.0,0.0,0.0,5.732,0,1.0,1.435,309.825,-1.3856000000000002,36.51,35.35050582885742,4.98,0.0,0
46974,-1.705,83.545,0.0,0.0,457.003,0.0,0.0,0.2,5.732,0,0.0,1.395,309.825,-1.6331,36.24,35.35050582885742,4.98,0.0,0
46974,-1.5350000000000001,83.545,-0.5,0.0,457.063,0.0,0.0,0.0,5.732,0,1.0,1.36,309.69,0.17320000000000002,35.1,35.35050582885742,4.98,0.0,0
46974,-1.5350000000000001,83.545,0.5,0.0,457.426,0.0,0.0,0.0,5.732,0,2.0,1.455,309.825,2.0455,34.62,35.35050582885742,4.98,0.0,0
46974,-1.5350000000000001,83.545,0.5,0.0,457.305,0.0,0.0,0.0,5.732,0,2.0,1.375,309.825,-2.1114,34.62,35.35050582885742,4.98,0.0,0
46974,-1.705,83.545,0.5,0.0,457.003,0.0,0.0,0.0,5.732,0,1.0,1.35,309.915,0.0907,35.79,35.35050582885742,4.98,0.0,0
46974,-1.705,83.545,0.5,0.0,456.882,0.0,0.0,0.0,5.732,0,2.0,1.35,309.915,5.0806000000000004,36.54,35.35050582885742,4.98,0.0,0
46974,-1.8760000000000001,83.545,0.0,0.0,457.184,0.0,0.0,0.0,5.732,0,2.0,1.375,309.825,0.3299,37.5,35.35050582885742,4.98,0.0,0
46974,-1.5350000000000001,83.545,0.0,0.0,457.245,0.0,0.0,0.0,5.732,0,1.0,1.4000000000000001,309.825,-2.9692000000000003,37.83,35.35050582885742,4.98,0.0,0
46974,-1.8760000000000001,83.545,-0.5,0.0,457.245,0.0,0.0,0.0,5.732,0,1.0,1.395,309.915,1.5176,37.11,35.35050582885742,4.98,0.0,0
46974,-1.8760000000000001,83.545,0.5,0.0,456.882,0.0,0.0,0.0,5.732,0,3.0,1.4000000000000001,309.825,0.28040000000000004,36.57,35.35050582885742,4.98,0.0,0
46974,-1.705,83.545,0.5,0.0,457.245,0.0,0.0,0.0,5.732,0,2.0,1.355,309.915,-3.9095,36.63,35.35050582885742,4.98,0.0,0
46974,-1.705,83.545,0.5,0.0,457.245,0.0,0.0,0.0,5.732,0,2.0,1.385,309.825,-1.3856000000000002,37.62,35.35050582885742,4.98,0.0,0
46974,-1.8760000000000001,83.545,-0.5,0.0,457.245,0.0,0.0,0.0,5.732,0,1.0,1.45,309.915,1.5011,37.62,35.35050582885742,4.98,0.0,0
46974,-2.0460000000000003,83.545,0.5,0.0,457.245,0.0,0.0,0.0,5.732,0,0.0,1.375,309.915,-0.767,37.44,35.35050582885742,4.98,0.0,0
46974,-1.364,83.545,0.0,0.0,457.184,0.0,0.0,0.0,5.732,0,2.0,1.375,309.915,2.2929,36.45,35.35050582885742,4.98,0.0,0
46974,-2.0460000000000003,83.545,0.0,0.0,457.426,0.0,0.0,0.0,5.732,0,2.0,1.395,309.825,0.7258,34.77,35.35050582885742,4.98,0.0,0
46974,-1.194,83.545,-0.5,0.0,457.305,0.0,0.0,0.0,5.732,0,2.0,1.4000000000000001,309.69,-3.5218000000000003,34.14,35.35050582885742,4.98,0.0,0
46974,-1.8760000000000001,83.545,0.0,0.0,457.365,0.0,0.0,0.0,5.732,0,2.0,1.4000000000000001,309.825,-0.7093,34.53,35.35050582885742,4.98,0.0,0
46974,-1.5350000000000001,83.545,0.0,0.0,457.245,0.0,0.0,0.0,5.732,0,2.0,1.425,309.825,-0.39590000000000003,34.65,35.35050582885742,4.98,0.0,0
46974,-1.5350000000000001,83.545,-0.5,0.0,457.063,0.0,0.0,0.0,5.732,0,1.0,1.37,309.915,4.4208,35.79,35.35050582885742,4.98,0.0,0
46974,-1.5350000000000001,83.545,0.0,0.0,457.063,0.0,0.0,0.0,5.732,0,1.0,1.375,309.825,0.9238000000000001,37.68,35.35050582885742,4.98,0.0,0
46974,-1.705,83.545,0.0,0.0,457.305,0.0,0.0,0.0,5.732,0,2.0,1.41,309.915,0.46190000000000003,38.58,35.35050582885742,4.98,0.0,0
46974,-1.5350000000000001,83.545,-0.5,0.0,457.124,0.0,0.0,0.0,5.732,0,1.0,1.395,309.915,-1.1877,38.22,35.35050582885742,4.98,0.0,0
46974,-1.705,83.545,0.0,0.0,456.882,0.0,0.0,0.0,5.732,0,1.0,1.435,309.825,-1.5836000000000001,37.47,35.35050582885742,4.98,0.0,0
46974,-1.5350000000000001,83.545,0.0,0.0,457.063,0.0,0.0,0.0,5.732,0,0.0,1.345,309.825,0.39590000000000003,36.300000000000004,35.35050582885742,4.98,0.0,0
46974,-1.5350000000000001,83.545,0.0,0.0,457.063,0.0,0.0,0.0,5.732,0,2.0,1.3800000000000001,309.915,-3.9589000000000003,36.09,35.35050582885742,4.98,0.0,0
46974,-1.5350000000000001,83.545,0.0,0.0,457.365,0.0,0.0,0.0,5.732,0,2.0,1.3800000000000001,309.825,-0.9238000000000001,36.0,35.35050582885742,4.98,0.0,0
46974,-1.5350000000000001,83.545,0.5,0.0,457.547,0.0,0.0,0.0,5.732,0,1.0,1.365,309.825,1.0557,36.12,35.35050582885742,4.98,0.0,0
46974,-1.5350000000000001,83.545,0.0,0.0,457.063,0.0,0.0,0.0,5.732,0,1.0,1.465,309.915,1.3196,35.58,35.35050582885742,4.98,0.0,0
46974,-1.705,83.545,0.0,0.0,456.882,0.0,0.0,0.0,5.732,0,1.0,1.3800000000000001,309.825,0.5279,34.68,35.35050582885742,4.98,0.0,0
46974,-1.5350000000000001,83.545,-0.5,0.0,457.245,0.0,0.0,0.0,5.732,0,1.0,1.375,309.825,-0.7918000000000001,35.04,35.35050582885742,4.98,0.0,0
46974,-1.5350000000000001,83.545,0.5,0.0,457.124,0.0,0.0,0.0,5.732,0,2.0,1.42,309.825,0.5938,35.910000000000004,35.35050582885742,4.98,0.0,0
46974,-2.0460000000000003,83.545,-0.5,0.0,457.426,0.0,0.0,0.0,5.732,0,2.0,1.355,309.825,-1.0557,37.2,35.35050582885742,4.98,0.0,0
46974,-1.5350000000000001,83.545,0.0,0.0,457.426,0.0,0.0,0.0,5.732,0,2.0,1.375,309.915,0.9897,38.13,35.35050582885742,4.98,0.0,0
46974,-1.705,83.545,-0.5,0.0,457.245,0.0,0.0,0.0,5.732,0,0.0,1.375,309.69,-0.9238000000000001,38.46,35.35050582885742,4.98,0.0,0
46974,-1.5350000000000001,83.545,0.5,0.0,457.607,0.0,0.0,0.0,5.732,0,1.0,1.395,309.825,-2.9032,38.04,35.35050582885742,4.98,0.0,0
46974,-1.5350000000000001,83.545,-0.5,0.0,457.305,0.0,0.0,0.0,5.732,0,2.0,1.42,309.825,-1.3196,36.72,35.35050582885742,4.98,0.0,0
46974,-1.5350000000000001,83.545,0.0,0.0,457.365,0.0,0.0,0.0,5.732,0,2.0,1.425,309.915,3.794,35.910000000000004,35.35050582885742,4.98,0.0,0
46974,-1.364,83.545,0.5,0.0,457.305,0.0,0.0,-0.2,5.732,0,2.0,1.385,309.825,2.1114,35.97,35.35050582885742,4.98,0.0,0
46974,-1.5350000000000001,83.545,0.5,0.0,457.184,0.0,0.0,0.0,5.732,0,2.0,1.415,309.915,0.46190000000000003,36.57,35.35050582885742,4.98,0.0,0
46974,-1.194,83.545,0.5,0.0,457.245,0.0,0.0,0.0,5.732,0,1.0,1.4000000000000001,309.915,-0.5279,36.18,35.35050582885742,4.98,0.0,0
46974,-1.364,83.545,-0.5,0.0,457.365,0.0,0.0,0.0,5.732,0,1.0,1.37,309.825,1.5836000000000001,35.82,35.35050582885742,4.98,0.0,0
46974,-1.5350000000000001,83.545,0.0,0.0,457.365,0.0,0.0,0.0,5.732,0,2.0,1.355,309.825,-4.3548,35.43,35.35050582885742,4.98,0.0,0
46974,-1.705,83.545,-0.5,0.0,457.426,0.0,0.0,0.0,5.732,0,2.0,1.3900000000000001,309.825,0.066,35.43,35.35050582885742,4.98,0.0,0
46974,-1.5350000000000001,83.545,-0.5,0.0,457.426,0.0,0.0,0.0,5.732,0,1.0,1.41,309.825,1.4516,35.910000000000004,35.35050582885742,4.98,0.0,0
46974,-1.8760000000000001,83.545,0.0,0.0,457.426,0.0,0.0,0.0,5.732,0,2.0,1.395,309.825,-3.1672000000000002,36.69,35.35050582885742,4.98,0.0,0
46974,-1.5350000000000001,83.545,0.0,0.0,457.668,0.0,0.0,0.0,5.732,0,1.0,1.37,309.825,-1.9795,37.95,35.35050582885742,4.98,0.0,0
46974,-1.5350000000000001,83.545,-0.5,0.0,457.668,0.0,0.0,0.0,5.732,0,2.0,1.385,309.825,0.0,38.61,35.35050582885742,4.98,0.0,0
46974,-1.5350000000000001,83.545,0.5,0.0,457.365,0.0,0.0,0.0,5.732,0,0.0,1.435,309.825,3.2991,38.13,35.35050582885742,4.98,0.0,0
46974,-1.364,83.545,-0.5,0.0,457.365,0.0,0.0,0.0,5.732,0,0.0,1.4000000000000001,309.825,0.0,37.74,35.35050582885742,4.98,0.0,0
46974,-1.8760000000000001,83.545,0.0,0.0,457.426,0.0,0.0,0.0,5.732,0,2.0,1.395,309.825,0.0,36.96,35.35050582885742,4.98,0.0,0
46974,-1.5350000000000001,83.545,0.0,0.0,457.547,0.0,0.0,0.0,5.732,0,2.0,1.43,309.915,2.5733,36.75,35.35050582885742,4.98,0.0,0
46974,-1.705,83.545,0.5,0.0,457.547,0.0,0.0,0.0,5.732,0,1.0,1.385,309.915,2.7548,36.78,35.35050582885742,4.98,0.0,0
46974,-1.705,83.545,0.0,0.0,457.728,0.0,0.0,0.0,5.732,0,1.0,1.41,309.825,-0.6598,36.75,35.35050582885742,4.98,0.0,0
46974,-1.364,83.545,-0.5,0.0,457.668,0.0,0.0,-0.2,5.732,0,1.0,1.4000000000000001,309.915,1.0392000000000001,36.06,35.35050582885742,4.98,0.0,0
46974,-1.5350000000000001,83.545,0.0,0.0,457.486,0.0,0.0,0.0,5.732,0,1.0,1.375,309.915,-0.132,36.12,35.35050582885742,4.98,0.0,0
46974,-1.5350000000000001,83.545,0.0,0.0,457.486,0.0,0.0,0.0,5.732,0,2.0,1.3800000000000001,309.825,-3.1012,35.85,35.35050582885742,4.98,0.0,0
46974,-1.5350000000000001,83.545,0.0,0.0,457.668,0.0,0.0,0.0,5.732,0,1.0,1.3900000000000001,309.69,-4.1816,35.82,35.35050582885742,4.98,0.0,0
46974,-1.705,83.545,0.5,0.0,457.426,0.0,0.0,0.0,5.732,0,2.0,1.3900000000000001,309.69,-4.1981,36.6,35.35050582885742,4.98,0.0,0
46974,-1.5350000000000001,83.545,0.0,0.0,457.184,0.0,0.0,0.0,5.732,0,1.0,1.3900000000000001,309.825,2.4413,37.86,35.35050582885742,4.98,0.0,0
46974,-1.705,83.545,-0.5,0.0,457.184,0.0,0.0,0.0,5.732,0,1.0,1.32,309.69,2.4413,38.76,35.35050582885742,4.98,0.0,0
46974,-1.5350000000000001,83.545,0.5,0.0,457.305,0.0,0.0,0.0,5.732,0,1.0,1.425,309.915,0.48660000000000003,39.03,35.35050582885742,4.98,0.0,0
46974,-1.364,83.545,0.0,0.0,457.245,0.0,0.0,0.0,5.732,0,1.0,1.44,309.915,2.7053000000000003,38.52,35.35050582885742,4.98,0.0,0
46974,-1.194,83.545,0.0,0.0,457.607,0.0,0.0,0.0,5.732,0,1.0,1.445,309.915,1.4764000000000002,38.22,35.35050582885742,4.98,0.0,0
46974,-1.5350000000000001,83.545,-0.5,0.0,457.547,0.0,0.0,0.0,5.732,0,2.0,1.405,309.825,-1.4516,37.26,35.35050582885742,4.98,0.0,0
46974,-1.0230000000000001,83.545,0.0,0.0,457.607,0.0,0.0,0.0,5.732,0,2.0,1.3800000000000001,309.915,2.1114,36.03,35.35050582885742,4.98,0.0,0
46974,-1.705,83.545,-0.5,0.0,457.245,0.0,0.0,0.0,5.732,0,2.0,1.41,309.915,-0.7423000000000001,35.550000000000004,35.35050582885742,4.98,0.0,0
46974,-1.5350000000000001,83.545,0.0,0.0,457.547,0.0,0.0,0.0,5.732,0,1.0,1.395,309.825,-1.7815,35.94,35.35050582885742,4.98,0.0,0
46974,-1.5350000000000001,83.545,0.0,0.0,457.607,0.0,0.0,0.0,5.732,0,0.0,1.4000000000000001,309.69,-5.9467,35.910000000000004,35.35050582885742,4.98,0.0,0
46974,-1.194,83.545,0.0,0.0,457.426,0.0,0.0,0.0,5.732,0,1.0,1.5,309.825,-0.9073,36.87,35.35050582885742,4.98,0.0,0
46974,-1.5350000000000001,83.545,0.0,0.0,457.607,0.0,0.0,0.0,5.732,0,1.0,1.405,309.825,4.6188,37.2,35.35050582885742,4.98,0.0,0
46974,-1.5350000000000001,83.545,-0.5,0.0,457.426,0.0,0.0,-0.2,5.732,0,1.0,1.365,309.825,4.2641,38.13,35.35050582885742,4.98,0.0,0
46974,-1.5350000000000001,83.545,0.0,0.0,457.426,0.0,0.0,0.0,5.732,0,2.0,1.37,309.915,0.0,38.07,35.35050582885742,4.98,0.0,0
46974,-1.5350000000000001,83.545,-0.5,0.0,457.365,0.0,0.0,0.0,5.732,0,0.0,1.41,309.825,-0.5279,37.86,35.35050582885742,4.98,0.0,0
46974,-1.194,83.545,0.5,0.0,457.607,0.0,0.0,0.0,5.732,0,2.0,1.43,309.825,0.14850000000000002,38.01,35.35050582885742,4.98,0.0,0
46974,-1.5350000000000001,83.545,0.5,0.0,457.91,0.0,0.0,0.0,5.732,0,1.0,1.385,309.825,-1.5671000000000002,37.35,35.35050582885742,4.98,0.0,0
46974,-1.5350000000000001,83.545,0.0,0.0,457.728,0.0,0.0,0.0,5.732,0,0.0,1.37,309.825,-1.3196,37.11,35.35050582885742,4.98,0.0,0
46974,-1.364,83.545,0.0,0.0,457.789,0.0,0.0,0.0,5.732,0,1.0,1.335,309.825,0.2639,36.9,35.35050582885742,4.98,0.0,0
46974,-1.5350000000000001,83.545,-0.5,0.0,457.728,0.0,0.0,-0.2,5.732,0,1.0,1.385,309.825,1.8475000000000001,35.88,35.35050582885742,4.98,0.0,0
46974,-1.705,83.545,-0.5,0.0,457.668,0.0,0.0,0.0,5.732,0,2.0,1.395,309.825,2.1114,35.1,35.35050582885742,4.98,0.0,0
46974,-1.705,83.545,0.0,0.0,458.091,0.0,0.0,0.0,5.732,0,2.0,1.395,309.825,-1.4351,35.910000000000004,35.35050582885742,4.98,0.0,0
46974,-1.705,83.545,0.0,0.0,457.728,0.0,0.0,0.0,5.732,0,0.0,1.375,309.825,0.5279,36.15,35.35050582885742,4.98,0.0,0
46974,-1.364,83.545,0.5,0.0,457.426,0.0,0.0,0.0,5.732,0,2.0,1.3900000000000001,309.915,1.1877,36.81,35.35050582885742,4.98,0.0,0
46974,-1.364,83.545,-0.5,0.0,457.245,0.0,0.0,0.0,5.732,0,2.0,1.41,309.915,1.8475000000000001,36.9,35.35050582885742,4.98,0.0,0
46974,-1.364,83.545,0.0,0.0,457.245,0.0,0.0,0.0,5.732,0,1.0,1.3900000000000001,309.915,-3.4971,37.44,35.35050582885742,4.98,0.0,0
46974,-1.5350000000000001,83.545,0.5,0.0,457.426,0.0,0.0,0.0,5.732,0,2.0,1.3900000000000001,309.825,-0.39590000000000003,38.1,35.35050582885742,4.98,0.0,0
46974,-1.705,83.545,0.0,0.0,457.426,0.0,0.0,0.0,5.732,0,1.0,1.3800000000000001,309.825,-1.5176,37.65,35.35050582885742,4.98,0.0,0
46974,-1.5350000000000001,83.545,0.0,0.0,457.426,0.0,0.0,0.0,5.732,0,2.0,1.4000000000000001,309.915,1.7155,36.57,35.35050582885742,4.98,0.0,0
46974,-1.5350000000000001,83.545,0.0,0.0,457.245,0.0,0.0,0.2,5.732,0,1.0,1.3800000000000001,309.825,2.9032,36.15,35.35050582885742,4.98,0.0,0
46974,-1.5350000000000001,83.545,0.0,0.0,457.245,0.0,0.0,0.0,5.732,0,1.0,1.3900000000000001,309.825,-2.1114,36.81,35.35050582885742,4.98,0.0,0
46974,-1.5350000000000001,83.545,0.0,0.0,457.426,0.0,0.0,0.0,5.732,0,1.0,1.395,309.825,-0.9897,37.62,35.35050582885742,4.98,0.0,0
46974,-1.705,83.545,0.0,0.0,457.426,0.0,0.0,0.0,5.732,0,2.0,1.395,309.825,1.3196,37.02,35.35050582885742,4.98,0.0,0
46974,-1.5350000000000001,83.545,0.0,0.0,457.607,0.0,0.0,0.0,5.732,0,2.0,1.395,309.915,0.9897,36.15,35.35050582885742,4.98,0.0,0
46974,-1.5350000000000001,83.545,0.0,0.0,457.426,0.0,0.0,0.0,5.732,0,2.0,1.375,309.825,0.7918000000000001,35.25,35.35050582885742,4.98,0.0,0
46974,-1.364,83.545,0.0,0.0,457.426,0.0,0.0,0.0,5.732,0,2.0,1.43,309.825,2.1114,35.34,35.35050582885742,4.98,0.0,0
46974,-1.5350000000000001,83.545,0.0,0.0,457.547,0.0,0.0,0.0,5.732,0,1.0,1.36,309.825,-3.1672000000000002,36.300000000000004,35.35050582885742,4.98,0.0,0
46974,-1.5350000000000001,83.545,0.0,0.0,457.789,0.0,0.0,0.0,5.732,0,1.0,1.3900000000000001,309.915,0.9897,37.800000000000004,35.35050582885742,4.98,0.0,0
46974,-1.5350000000000001,83.545,0.0,0.0,457.607,0.0,0.0,-0.2,5.732,0,1.0,1.405,309.825,0.7918000000000001,38.97,35.35050582885742,4.98,0.0,0
46974,-1.5350000000000001,83.545,-0.5,0.0,457.728,0.0,0.0,0.0,5.732,0,2.0,1.43,309.825,-1.5836000000000001,38.160000000000004,35.35050582885742,4.98,0.0,0
46974,-1.194,83.545,-0.5,0.0,457.789,0.0,0.0,0.0,5.732,0,2.0,1.3800000000000001,309.825,-1.5836000000000001,36.96,35.35050582885742,4.98,0.0,0
46974,-1.364,83.545,0.0,0.0,457.728,0.0,0.0,0.0,5.732,0,2.0,1.43,309.825,0.5279,36.54,35.35050582885742,4.98,0.0,0
46974,-1.5350000000000001,83.545,0.0,0.0,458.091,0.0,0.0,0.0,5.732,0,2.0,1.425,309.825,0.2639,36.72,35.35050582885742,4.98,0.0,0
46974,-1.5350000000000001,83.545,0.0,0.0,457.728,0.0,0.0,0.0,5.732,0,1.0,1.385,309.915,-0.066,37.62,35.35050582885742,4.98,0.0,0
46974,-1.364,83.545,-0.5,0.0,457.668,0.0,0.0,0.0,5.732,0,0.0,1.405,309.69,-1.9795,37.74,35.35050582885742,4.98,0.0,0
46974,-1.5350000000000001,83.545,0.5,0.0,457.547,0.0,0.0,0.0,5.732,0,1.0,1.3900000000000001,309.825,-0.2639,36.33,35.35050582885742,4.98,0.0,0
46974,-1.5350000000000001,83.545,0.0,0.0,457.728,0.0,0.0,0.0,5.732,0,2.0,1.355,309.915,0.9238000000000001,35.550000000000004,35.35050582885742,4.98,0.0,0
46974,-1.705,83.545,-0.5,0.0,457.607,0.0,0.0,0.0,5.732,0,1.0,1.4000000000000001,309.825,0.4289,34.05,35.35050582885742,4.98,0.0,0
46974,-1.194,83.545,0.0,0.0,457.728,0.0,0.0,0.0,5.732,0,1.0,1.3800000000000001,309.825,-0.7918000000000001,34.5,35.35050582885742,4.98,0.0,0
46974,-1.5350000000000001,83.545,0.0,0.0,457.728,0.0,0.0,0.0,5.732,0,1.0,1.365,309.825,-0.9238000000000001,34.74,35.35050582885742,4.98,0.0,0
46974,-1.705,83.545,0.0,0.0,457.789,0.0,0.0,0.0,5.732,0,2.0,1.375,309.915,-1.2537,35.76,35.35050582885742,4.98,0.0,0
46974,-1.364,83.545,0.0,0.0,457.668,0.0,0.0,0.2,5.732,0,2.0,1.4000000000000001,309.915,0.9732000000000001,37.410000000000004,35.35050582885742,4.98,0.0,0
46974,-1.5350000000000001,83.545,0.0,0.0,457.486,0.0,0.0,0.0,5.732,0,2.0,1.43,309.69,-2.2846,39.06,35.35050582885742,4.98,0.0,0
46974,-1.0230000000000001,83.545,0.0,0.0,457.547,0.0,0.0,0.0,5.732,0,1.0,1.375,309.69,-2.0702000000000003,39.0,35.35050582885742,4.98,0.0,0
46974,-1.5350000000000001,83.545,-0.5,0.0,457.728,0.0,0.0,0.0,5.732,0,1.0,1.405,309.825,-2.1114,38.13,35.35050582885742,4.98,0.0,0
46974,-1.5350000000000001,83.545,0.0,0.0,457.728,0.0,0.0,0.0,5.732,0,2.0,1.405,309.915,2.1362,36.84,35.35050582885742,4.98,0.0,0
46974,-1.5350000000000001,83.545,0.0,0.0,457.668,0.0,0.0,0.0,5.732,0,2.0,1.405,309.915,6.2023,36.06,35.35050582885742,4.98,0.0,0
46974,-1.705,83.545,0.0,0.0,457.486,0.0,0.0,0.0,5.732,0,1.0,1.375,309.915,2.4908,35.52,35.35050582885742,4.98,0.0,0
46974,-1.364,83.545,0.0,0.0,457.426,0.0,0.0,0.0,5.732,0,1.0,1.3900000000000001,309.825,-1.0557,35.7,35.35050582885742,4.98,0.0,0
46974,-1.5350000000000001,83.545,0.0,0.0,457.305,0.0,0.0,0.0,5.732,0,0.0,1.3900000000000001,309.915,0.6598,35.04,35.35050582885742,4.98,0.0,0
46974,-1.5350000000000001,83.545,-0.5,0.0,457.547,0.0,0.0,0.0,5.732,0,1.0,1.42,309.915,0.39590000000000003,34.53,35.35050582885742,4.98,0.0,0
46974,-1.705,83.545,-0.5,0.0,457.426,0.0,0.0,0.0,5.732,0,1.0,1.44,309.825,-2.1114,34.74,35.35050582885742,4.98,0.0,0
46974,-1.705,83.545,0.0,0.0,457.245,0.0,0.0,0.0,5.732,0,1.0,1.3900000000000001,309.825,-1.4351,35.19,35.35050582885742,4.98,0.0,0
46974,-1.364,83.545,0.0,0.0,457.668,0.0,0.0,0.0,5.732,0,1.0,1.425,309.825,-1.3032000000000001,36.06,35.35050582885742,4.98,0.0,0
46974,-1.5350000000000001,83.545,0.0,0.0,457.91,0.0,0.0,0.0,5.732,0,1.0,1.3900000000000001,309.825,0.2639,36.87,35.35050582885742,4.98,0.0,0
46974,-1.364,83.545,0.5,0.0,457.849,0.0,0.0,0.0,5.732,0,2.0,1.36,309.915,0.6433,37.59,35.35050582885742,4.98,0.0,0
46974,-1.5350000000000001,83.545,-0.5,0.0,457.728,0.0,0.0,0.0,5.732,0,2.0,1.3800000000000001,310.005,0.4289,37.77,35.35050582885742,4.98,0.0,0
46974,-1.5350000000000001,83.545,0.0,0.0,457.245,0.0,0.0,0.0,5.732,0,2.0,1.365,309.915,1.2372,37.050000000000004,35.35050582885742,4.98,0.0,0
46974,-1.364,83.545,0.0,0.0,457.365,0.0,0.0,0.0,5.732,0,1.0,1.395,309.915,1.1052,36.09,35.35050582885742,4.98,0.0,0
46974,-1.0230000000000001,83.545,0.0,0.0,457.607,0.0,0.0,0.0,5.732,0,2.0,1.365,309.825,-0.8908,35.730000000000004,35.35050582885742,4.98,0.0,0
46974,-1.194,83.545,0.0,0.0,457.668,0.0,0.0,0.0,5.732,0,1.0,1.395,309.825,-0.5279,35.7,35.35050582885742,4.98,0.0,0
46974,-1.364,83.545,0.5,0.0,457.728,0.0,0.0,0.0,5.732,0,1.0,1.415,309.915,1.1877,34.71,35.35050582885742,4.98,0.0,0
46974,-1.5350000000000001,83.545,0.0,0.0,457.426,0.0,0.0,0.0,5.732,0,2.0,1.3900000000000001,309.825,2.3919,34.95,35.35050582885742,4.98,0.0,0
46974,-1.364,83.545,-0.5,0.0,457.547,0.0,0.0,0.0,5.732,0,2.0,1.345,309.69,-3.2744,35.31,35.35050582885742,4.98,0.0,0
46974,-1.5350000000000001,83.545,0.0,0.0,457.607,0.0,0.0,0.0,5.732,0,1.0,1.41,309.825,-5.987900000000001,34.59,35.35050582885742,4.98,0.0,0
46974,-1.5350000000000001,83.545,0.0,0.0,457.607,0.0,0.0,0.0,5.732,0,1.0,1.355,309.825,0.5938,34.14,35.35050582885742,4.98,0.0,0
46974,-1.705,83.545,0.0,0.0,457.486,0.0,0.0,0.0,5.732,0,2.0,1.365,309.69,0.42060000000000003,35.4,35.35050582885742,4.98,0.0,0
46974,-1.364,83.545,0.0,0.0,457.365,0.0,0.0,0.0,5.732,0,1.0,1.405,309.69,0.0,35.550000000000004,35.35050582885742,4.98,0.0,0
46974,-1.364,83.545,0.0,0.0,457.789,0.0,0.0,0.0,5.732,0,2.0,1.385,309.825,1.8475000000000001,36.87,35.35050582885742,4.98,0.0,0
46974,-1.364,83.545,0.0,0.0,457.547,0.0,0.0,0.0,5.732,0,0.0,1.385,309.915,3.0352,37.59,35.35050582885742,4.98,0.0,0
46974,-1.5350000000000001,83.545,0.0,0.0,457.607,0.0,0.0,0.0,5.732,0,1.0,1.37,309.825,-1.9465000000000001,37.56,35.35050582885742,4.98,0.0,0
46974,-1.364,83.545,0.5,0.0,458.091,0.0,0.0,0.0,5.732,0,1.0,1.36,309.825,-1.4516,36.9,35.35050582885742,4.98,0.0,0
46974,-1.364,83.545,0.0,0.0,458.091,0.0,0.0,0.0,5.732,0,2.0,1.3900000000000001,309.915,1.0557,35.85,35.35050582885742,4.98,0.0,0
46974,-1.194,83.545,-0.5,0.0,457.607,0.0,0.0,0.0,5.732,0,2.0,1.375,309.915,2.3754,35.07,35.35050582885742,4.98,0.0,0
46974,-1.5350000000000001,83.545,-0.5,0.0,457.728,0.0,0.0,0.0,5.732,0,1.0,1.375,309.69,-3.0682,35.01,35.35050582885742,4.98,0.0,0
46974,-1.194,83.545,0.0,0.0,457.607,0.0,0.0,0.0,5.732,0,1.0,1.37,309.825,-3.8270000000000004,34.65,35.35050582885742,4.98,0.0,0
46974,-1.194,83.545,-0.5,0.0,457.607,0.0,0.0,0.0,5.732,0,2.0,1.3800000000000001,309.825,2.4413,35.01,35.35050582885742,4.98,0.0,0
46974,-1.5350000000000001,83.545,0.5,0.0,457.486,0.0,0.0,-0.2,5.732,0,2.0,1.3800000000000001,309.915,4.6188,35.4,35.35050582885742,4.98,0.0,0
46974,-1.194,83.545,0.0,0.0,457.607,0.0,0.0,0.0,5.732,0,2.0,1.42,309.915,-0.066,35.76,35.35050582885742,4.98,0.0,0
46974,-1.5350000000000001,83.545,0.0,0.0,457.607,0.0,0.0,0.0,5.732,0,1.0,1.375,309.825,-0.2639,35.85,35.35050582885742,4.98,0.0,0
46974,-1.364,83.545,0.0,0.0,457.607,0.0,0.0,0.0,5.732,0,2.0,1.3800000000000001,309.915,-3.6950000000000003,35.88,35.35050582885742,4.98,0.0,0
46974,-1.5350000000000001,83.545,0.0,0.0,457.668,0.0,0.0,0.0,5.732,0,2.0,1.35,309.915,1.1877,36.9,35.35050582885742,4.98,0.0,0
46974,-1.364,83.545,0.0,0.0,457.547,0.0,0.0,0.0,5.732,0,1.0,1.375,309.825,5.0147,36.39,35.35050582885742,4.98,0.0,0
46974,-1.364,83.545,0.5,0.0,457.547,0.0,0.0,0.0,5.732,0,1.0,1.395,309.825,4.6848,36.39,35.35050582885742,4.98,0.0,0
46974,-1.364,83.545,0.0,0.0,457.547,0.0,0.0,0.0,5.732,0,0.0,1.37,309.825,-5.1961,36.51,35.35050582885742,4.98,0.0,0
46974,-1.5350000000000001,83.545,0.0,0.0,457.728,0.0,0.0,0.0,5.732,0,2.0,1.375,309.915,-1.1217000000000001,36.660000000000004,35.35050582885742,4.98,0.0,0
46974,-1.364,83.545,0.0,0.0,457.486,0.0,0.0,0.2,5.732,0,1.0,1.395,309.825,3.3651,36.87,35.35050582885742,4.98,0.0,0
46974,-1.5350000000000001,83.545,0.0,0.0,457.849,0.0,0.0,0.0,5.732,0,1.0,1.385,309.825,0.23920000000000002,35.97,35.35050582885742,4.98,0.0,0
46974,-1.5350000000000001,83.545,0.0,0.0,457.547,0.0,0.0,0.0,5.732,0,1.0,1.41,309.915,-0.5279,35.49,35.35050582885742,4.98,0.0,0
46974,-1.364,83.545,0.0,0.0,457.426,0.0,0.0,0.0,5.732,0,1.0,1.425,309.915,1.5671000000000002,34.71,35.35050582885742,4.98,0.0,0
46974,-1.5350000000000001,83.545,0.0,0.0,457.184,0.0,0.0,0.2,5.732,0,2.0,1.42,309.69,0.2887,34.77,35.35050582885742,4.98,0.0,0
46974,-1.194,83.545,0.0,0.0,457.365,0.0,0.0,0.0,5.732,0,1.0,1.41,309.825,-2.4249,34.71,35.35050582885742,4.98,0.0,0
46974,-1.194,83.545,0.0,0.0,457.426,0.0,0.0,0.0,5.732,0,1.0,1.395,309.915,-2.5073000000000003,35.160000000000004,35.35050582885742,4.98,0.0,0
46974,-1.5350000000000001,83.545,0.0,0.0,457.426,0.0,0.0,0.0,5.732,0,0.0,1.405,309.825,1.0722,36.69,35.35050582885742,4.98,0.0,0
46974,-1.5350000000000001,83.545,0.0,0.0,457.486,0.0,0.0,0.0,5.732,0,2.0,1.385,309.825,-0.46190000000000003,37.59,35.35050582885742,4.98,0.0,0
46974,-1.194,83.545,-0.5,0.0,457.547,0.0,0.0,0.0,5.732,0,1.0,1.395,309.825,-0.9485,37.02,35.35050582885742,4.98,0.0,0
46974,-1.194,83.545,0.0,0.0,457.547,0.0,0.0,0.0,5.732,0,1.0,1.385,309.825,1.7155,36.51,35.35050582885742,4.98,0.0,0
46974,-1.364,83.545,0.0,0.0,457.365,0.0,0.0,0.0,5.732,0,1.0,1.415,309.915,-0.34640000000000004,35.79,35.35050582885742,4.98,0.0,0
46974,-1.364,83.545,0.0,0.0,457.184,0.0,0.0,0.0,5.732,0,1.0,1.36,309.825,-0.5279,36.03,35.35050582885742,4.98,0.0,0
46974,-1.194,83.545,0.0,0.0,457.426,0.0,0.0,0.0,5.732,0,3.0,1.375,309.915,2.6393,36.87,35.35050582885742,4.98,0.0,0
46974,-1.5350000000000001,83.545,0.0,0.0,457.668,0.0,0.0,0.0,5.732,0,1.0,1.385,309.825,1.6661000000000001,36.39,35.35050582885742,4.98,0.0,0
46974,-1.5350000000000001,83.545,-0.5,0.0,457.547,0.0,0.0,0.0,5.732,0,1.0,1.375,309.825,-1.3032000000000001,36.03,35.35050582885742,4.98,0.0,0
46974,-1.194,83.545,0.0,0.0,457.607,0.0,0.0,0.0,5.732,0,1.0,1.365,309.825,-1.0557,36.03,35.35050582885742,4.98,0.0,0
46974,-0.853,83.545,0.0,0.0,457.305,0.0,0.0,0.0,5.732,0,2.0,1.375,309.825,-1.5176,35.46,35.35050582885742,4.98,0.0,0
46974,-1.5350000000000001,83.545,0.5,0.0,457.184,0.0,0.0,0.0,5.732,0,0.0,1.385,309.915,1.5836000000000001,34.14,35.35050582885742,4.98,0.0,0
46974,-1.364,83.545,0.0,0.0,457.245,0.0,0.0,0.0,5.732,0,1.0,1.415,309.825,0.5279,34.05,35.35050582885742,4.98,0.0,0
46974,-1.194,83.545,0.0,0.0,457.365,0.0,0.0,0.0,5.732,0,1.0,1.44,309.915,2.6393,35.49,35.35050582885742,4.98,0.0,0
46974,-1.364,83.545,-0.5,0.0,457.003,0.0,0.0,0.0,5.732,0,1.0,1.365,309.69,-3.0022,37.26,35.35050582885742,4.98,0.0,0
46974,-1.5350000000000001,83.545,0.0,0.0,457.063,0.0,0.0,0.0,5.732,0,1.0,1.405,309.69,-6.0704,38.01,35.35050582885742,4.98,0.0,0
46974,-1.5350000000000001,83.545,0.0,0.0,457.426,0.0,0.0,0.2,5.732,0,2.0,1.43,309.825,-0.9897,37.980000000000004,35.35050582885742,4.98,0.0,0
46974,-1.5350000000000001,83.545,0.0,0.0,457.305,0.0,0.0,0.0,5.732,0,2.0,1.415,309.69,1.1877,37.83,35.35050582885742,4.98,0.0,0
46974,-1.364,83.545,0.0,0.0,457.124,0.0,0.0,0.0,5.732,0,0.0,1.415,309.825,-3.2661000000000002,37.11,35.35050582885742,4.98,0.0,0
46974,-1.364,83.545,0.0,0.0,457.365,0.0,0.0,0.0,5.732,0,1.0,1.435,309.915,1.0557,36.81,35.35050582885742,4.98,0.0,0
46974,-1.364,83.545,0.0,0.0,457.184,0.0,0.0,0.0,5.732,0,2.0,1.405,309.825,8.6107,36.57,35.35050582885742,4.98,0.0,0
46974,-1.705,83.545,0.0,0.0,457.003,0.0,0.0,0.0,5.732,0,2.0,1.42,309.69,-0.2639,36.87,35.35050582885742,4.98,0.0,0
46974,-1.364,83.545,0.0,0.0,457.305,0.0,0.0,0.0,5.732,0,2.0,1.3900000000000001,309.825,-5.7405,36.06,35.35050582885742,4.98,0.0,0
46974,-1.194,83.545,0.5,0.0,457.728,0.0,0.0,0.0,5.732,0,1.0,1.3800000000000001,309.825,0.5279,35.22,35.35050582885742,4.98,0.0,0
46974,-1.5350000000000001,83.545,0.0,0.0,457.607,0.0,0.0,0.0,5.732,0,0.0,1.355,309.825,3.0682,35.4,35.35050582885742,4.98,0.0,0
46974,-1.194,83.545,0.0,0.0,457.365,0.0,0.0,0.0,5.732,0,1.0,1.42,309.825,0.2639,35.64,35.35050582885742,4.98,0.0,0
46974,-1.5350000000000001,83.545,0.0,0.0,457.607,0.0,0.0,0.0,5.732,0,2.0,1.385,309.825,-1.0557,36.75,35.35050582885742,4.98,0.0,0
46974,-1.0230000000000001,83.545,0.0,0.0,457.486,0.0,0.0,0.0,5.732,0,1.0,1.42,309.825,0.0,37.26,35.35050582885742,4.98,0.0,0
46974,-1.364,83.545,0.0,0.0,457.607,0.0,0.0,0.0,5.732,0,0.0,1.43,309.825,1.5836000000000001,38.34,35.35050582885742,4.98,0.0,0
46974,-1.0230000000000001,83.545,0.0,0.0,457.426,0.0,0.0,0.0,5.732,0,1.0,1.3800000000000001,309.825,0.2639,37.83,35.35050582885742,4.98,0.0,0
46974,-1.5350000000000001,83.545,0.0,0.0,457.245,0.0,0.0,0.0,5.732,0,1.0,1.4000000000000001,309.69,-0.9567,37.62,35.35050582885742,4.98,0.0,0
46974,-1.5350000000000001,83.545,0.0,0.0,457.245,0.0,0.0,0.0,5.732,0,2.0,1.33,309.69,-2.0207,37.62,35.35050582885742,4.98,0.0,0
46974,-1.364,83.545,0.5,0.0,457.365,0.0,0.0,0.0,5.732,0,1.0,1.3900000000000001,309.825,-2.3094,37.5,35.35050582885742,4.98,0.0,0
46974,-1.0230000000000001,83.545,0.5,0.0,457.486,0.0,0.0,-0.2,5.732,0,2.0,1.37,309.825,-2.3754,37.56,35.35050582885742,4.98,0.0,0
46974,-1.364,83.545,-0.5,0.0,457.184,0.0,0.0,-0.2,5.732,0,1.0,1.425,309.915,2.4661,37.92,35.35050582885742,4.98,0.0,0
46974,-1.364,83.545,0.0,0.0,457.245,0.0,0.0,0.0,5.732,0,1.0,1.3900000000000001,309.825,4.1569,37.050000000000004,35.35050582885742,4.98,0.0,0
46974,-1.364,83.545,0.0,0.0,457.365,0.0,0.0,0.0,5.732,0,1.0,1.41,309.69,0.6846,36.660000000000004,35.35050582885742,4.98,0.0,0
46974,-1.364,83.545,0.5,0.0,457.063,0.0,0.0,0.0,5.732,0,1.0,1.385,309.915,-2.4578,35.31,35.35050582885742,4.98,0.0,0
46974,-1.5350000000000001,83.545,0.0,0.0,456.942,0.0,0.0,0.0,5.732,0,1.0,1.375,309.915,-0.9402,34.62,35.35050582885742,4.98,0.0,0
46974,-1.364,83.545,-0.5,0.0,457.063,0.0,0.0,0.0,5.732,0,1.0,1.375,309.825,2.5238,35.46,35.35050582885742,4.98,0.0,0
46974,-1.364,83.545,-0.5,0.0,456.82,0.0,0.0,0.0,5.732,0,1.0,1.355,309.825,0.34640000000000004,37.230000000000004,35.35050582885742,4.98,0.0,0
46974,-1.364,83.545,0.5,0.0,457.426,0.0,0.0,0.0,5.732,0,2.0,1.3800000000000001,309.825,-1.7155,38.61,35.35050582885742,4.98,0.0,0
46974,-1.194,83.545,-0.5,0.0,457.245,0.0,0.0,0.0,5.732,0,1.0,1.435,309.915,0.5114000000000001,38.76,35.35050582885742,4.98,0.0,0
46974,-1.5350000000000001,83.545,-0.5,0.0,457.063,0.0,0.0,0.0,5.732,0,1.0,1.3800000000000001,309.825,0.9238000000000001,38.550000000000004,35.35050582885742,4.98,0.0,0
46974,-1.8760000000000001,83.545,-0.5,0.0,457.124,0.0,0.0,0.0,5.732,0,1.0,1.3800000000000001,309.825,-3.3651,37.83,35.35050582885742,4.98,0.0,0
46974,-1.364,83.545,0.0,0.0,457.184,0.0,0.0,0.0,5.732,0,1.0,1.36,309.825,-1.3856000000000002,36.78,35.35050582885742,4.98,0.0,0
46974,-0.853,83.545,0.0,0.0,457.245,0.0,0.0,0.0,5.732,0,2.0,1.36,309.825,6.5323,36.03,35.35050582885742,4.98,0.0,0
46974,-1.5350000000000001,83.545,0.0,0.0,457.426,0.0,0.0,0.0,5.732,0,1.0,1.395,309.915,3.1507,36.03,35.35050582885742,4.98,0.0,0
46974,-1.194,83.545,-0.5,0.0,457.063,0.0,0.0,0.0,5.732,0,1.0,1.3800000000000001,309.825,0.132,36.24,35.35050582885742,4.98,0.0,0
46974,-1.364,83.545,0.5,0.0,457.003,0.0,0.0,0.0,5.732,0,1.0,1.365,309.915,0.9238000000000001,35.88,35.35050582885742,4.98,0.0,0
46974,-1.194,83.545,0.0,0.0,457.124,0.0,0.0,0.0,5.732,0,1.0,1.3,309.825,0.14850000000000002,36.03,35.35050582885742,4.98,0.0,0
46974,-1.194,83.545,0.0,0.0,457.063,0.0,0.0,0.0,5.732,0,2.0,1.365,309.825,-1.963,36.39,35.35050582885742,4.98,0.0,0
46974,-1.5350000000000001,83.545,0.0,0.0,457.063,0.0,0.0,0.0,5.732,0,1.0,1.355,309.825,-4.1404000000000005,36.84,35.35050582885742,4.98,0.0,0
46974,-1.364,83.545,0.0,0.0,457.124,0.0,0.0,0.2,5.732,0,1.0,1.405,309.825,-2.4908,37.68,35.35050582885742,4.98,0.0,0
46974,-1.364,83.545,0.0,0.0,457.124,0.0,0.0,0.2,5.732,0,1.0,1.35,309.915,5.3941,37.5,35.35050582885742,4.98,0.0,0
46974,-1.0230000000000001,83.545,-0.5,0.0,457.124,0.0,0.0,0.0,5.732,0,1.0,1.3800000000000001,309.915,5.8559,37.02,35.35050582885742,4.98,0.0,0
46974,-1.194,83.545,-0.5,0.0,457.063,0.0,0.0,0.0,5.732,0,2.0,1.375,309.825,-3.3651,37.26,35.35050582885742,4.98,0.0,0
46974,-1.194,83.545,0.0,0.0,456.882,0.0,0.0,0.0,5.732,0,0.0,1.355,309.69,-6.9529000000000005,37.56,35.35050582885742,4.98,0.0,0
46974,-1.194,83.545,0.0,0.0,457.365,0.0,0.0,0.0,5.732,0,0.0,1.365,309.825,-0.7753,37.980000000000004,35.35050582885742,4.98,0.0,0
46974,-1.5350000000000001,83.545,0.0,0.0,457.486,0.0,0.0,0.0,5.732,0,1.0,1.375,309.915,5.0394000000000005,36.63,35.35050582885742,4.98,0.0,0
46974,-1.5350000000000001,83.545,0.0,0.0,457.184,0.0,0.0,0.0,5.732,0,1.0,1.37,309.915,3.7198,36.15,35.35050582885742,4.98,0.0,0
46974,-1.364,83.545,-0.5,0.0,457.426,0.0,0.0,0.0,5.732,0,1.0,1.345,309.915,1.3196,36.0,35.35050582885742,4.98,0.0,0
46974,-0.853,83.545,0.5,0.0,457.426,0.0,0.0,0.0,5.732,0,1.0,1.365,309.915,1.5836000000000001,35.97,35.35050582885742,4.98,0.0,0
46974,-1.705,83.545,0.0,0.0,457.365,0.0,0.0,0.0,5.732,0,1.0,1.335,309.915,-1.5836000000000001,35.85,35.35050582885742,4.98,0.0,0
46974,-1.364,83.545,0.0,0.0,457.305,0.0,0.0,0.0,5.732,0,1.0,1.355,309.825,-1.8475000000000001,36.18,35.35050582885742,4.98,0.0,0
46974,-1.5350000000000001,83.545,0.0,0.0,457.426,0.0,0.0,0.0,5.732,0,2.0,1.47,309.825,0.066,36.300000000000004,35.35050582885742,4.98,0.0,0
46974,-1.194,83.545,0.0,0.0,457.305,0.0,0.0,0.0,5.732,0,1.0,1.44,309.825,-1.5836000000000001,36.96,35.35050582885742,4.98,0.0,0
46974,-0.853,83.545,0.0,0.0,457.426,0.0,0.0,0.2,5.732,0,2.0,1.395,309.915,-0.066,37.800000000000004,35.35050582885742,4.98,0.0,0
46974,-1.194,83.545,0.0,0.0,457.426,0.0,0.0,0.2,5.732,0,1.0,1.46,309.825,-0.5279,38.730000000000004,35.35050582885742,4.98,0.0,0
46974,-1.194,83.545,0.0,0.0,457.426,0.0,0.0,0.0,5.732,0,1.0,1.415,309.825,-0.5279,39.27,35.35050582885742,4.98,0.0,0
46974,-1.5350000000000001,83.545,0.5,0.0,457.245,0.0,0.0,0.0,5.732,0,2.0,1.41,309.825,-1.8475000000000001,39.480000000000004,35.35050582885742,4.98,0.0,0
46974,-1.194,83.545,0.5,0.0,457.003,0.0,0.0,0.0,5.732,0,1.0,1.465,309.915,0.9897,38.550000000000004,35.35050582885742,4.98,0.0,0
46974,-1.364,83.545,0.0,0.0,457.184,0.0,0.0,0.0,5.732,0,1.0,1.4000000000000001,309.825,0.7918000000000001,36.54,35.35050582885742,4.98,0.0,0
46974,-1.364,83.545,0.0,0.0,457.305,0.0,0.0,0.0,5.732,0,1.0,1.37,309.825,2.1114,35.58,35.35050582885742,4.98,0.0,0
46974,-1.0230000000000001,83.545,-0.5,0.0,457.124,0.0,0.0,0.0,5.732,0,1.0,1.385,309.825,-1.8475000000000001,35.28,35.35050582885742,4.98,0.0,0
46974,-1.364,83.545,0.0,0.0,456.942,0.0,0.0,0.0,5.732,0,2.0,1.3900000000000001,309.825,-2.6393,35.52,35.35050582885742,4.98,0.0,0
46974,-1.194,83.545,0.5,0.0,456.882,0.0,0.0,0.0,5.732,0,1.0,1.43,309.825,1.3196,35.07,35.35050582885742,4.98,0.0,0
46974,-1.5350000000000001,83.545,0.0,0.0,457.063,0.0,0.0,0.0,5.732,0,1.0,1.43,309.825,3.1672000000000002,36.660000000000004,35.35050582885742,4.98,0.0,0
46974,-1.0230000000000001,83.545,0.5,0.0,457.063,0.0,0.0,0.0,5.732,0,1.0,1.4000000000000001,309.825,0.5279,37.92,35.35050582885742,4.98,0.0,0
46974,-1.194,83.545,0.0,0.0,457.124,0.0,0.0,0.0,5.732,0,1.0,1.405,309.825,-3.6950000000000003,38.49,35.35050582885742,4.98,0.0,0
46974,-1.194,83.545,-0.5,0.0,457.063,0.0,0.0,-0.2,5.732,0,1.0,1.385,309.915,0.9238000000000001,38.13,35.35050582885742,4.98,0.0,0
46974,-0.853,83.545,0.0,0.0,457.063,0.0,0.0,-0.2,5.732,0,2.0,1.435,309.915,2.5733,37.56,35.35050582885742,4.98,0.0,0
46974,-1.364,83.545,-0.5,0.0,457.305,0.0,0.0,0.0,5.732,0,1.0,1.43,309.825,-2.6393,38.46,35.35050582885742,4.98,0.0,0
46974,-1.364,83.545,0.0,0.0,457.245,0.0,0.0,0.0,5.732,0,2.0,1.405,309.915,0.5279,38.160000000000004,35.35050582885742,4.98,0.0,0
46974,-1.364,83.545,0.0,0.0,457.063,0.0,0.0,0.0,5.732,0,1.0,1.435,309.915,3.8270000000000004,37.35,35.35050582885742,4.98,0.0,0
46974,-1.364,83.545,0.5,0.0,456.942,0.0,0.0,0.2,5.732,0,1.0,1.41,309.825,-3.1672000000000002,36.33,35.35050582885742,4.98,0.0,0
46974,-1.364,83.545,0.0,0.0,457.426,0.0,0.0,0.0,5.732,0,1.0,1.385,309.69,-6.334300000000001,35.1,35.35050582885742,4.98,0.0,0
46974,-1.194,83.545,0.0,0.0,457.184,0.0,0.0,0.0,5.732,0,2.0,1.4000000000000001,309.825,3.2331000000000003,34.56,35.35050582885742,4.98,0.0,0
46974,-1.194,83.545,0.0,0.0,457.063,0.0,0.0,0.0,5.732,0,0.0,1.35,309.69,-0.2639,34.86,35.35050582885742,4.98,0.0,0
46974,-0.853,83.545,0.0,0.0,456.882,0.0,0.0,0.0,5.732,0,1.0,1.445,309.915,-0.9567,35.730000000000004,35.35050582885742,4.98,0.0,0
46974,-1.0230000000000001,83.545,0.5,0.0,457.063,0.0,0.0,0.0,5.732,0,2.0,1.35,309.825,0.6598,36.69,35.35050582885742,4.98,0.0,0
46974,-1.194,83.545,0.0,0.0,457.063,0.0,0.0,0.0,5.732,0,1.0,1.42,309.825,2.5403000000000002,37.89,35.35050582885742,4.98,0.0,0
46974,-1.364,83.545,0.5,0.0,457.365,0.0,0.0,0.0,5.732,0,1.0,1.335,309.825,-1.5836000000000001,38.01,35.35050582885742,4.98,0.0,0
46974,-1.5350000000000001,83.545,0.0,0.0,457.426,0.0,0.0,0.0,5.732,0,1.0,1.355,309.825,0.5279,37.59,35.35050582885742,4.98,0.0,0
46974,-1.194,83.545,0.0,0.0,457.426,0.0,0.0,0.0,5.732,0,1.0,1.405,309.825,0.2639,37.2,35.35050582885742,4.98,0.0,0
46974,-1.364,83.545,0.0,0.0,457.063,0.0,0.0,0.0,5.732,0,1.0,1.385,309.69,-2.5403000000000002,36.51,35.35050582885742,4.98,0.0,0
46974,-1.0230000000000001,83.545,0.0,0.0,457.063,0.0,0.0,0.0,5.732,0,1.0,1.44,309.69,-3.3404000000000003,36.45,35.35050582885742,4.98,0.0,0
46974,-1.5350000000000001,83.545,0.5,0.0,456.699,0.0,0.0,0.0,5.732,0,1.0,1.405,309.915,0.7093,36.15,35.35050582885742,4.98,0.0,0
46974,-1.0230000000000001,83.545,0.5,0.0,456.51800000000003,0.0,0.0,-0.2,5.732,0,1.0,1.365,309.825,1.7815,36.57,35.35050582885742,4.98,0.0,0
46974,-1.5350000000000001,83.545,0.0,0.0,456.942,0.0,0.0,0.0,5.732,0,1.0,1.385,309.915,2.5321000000000002,35.79,35.35050582885742,4.98,0.0,0
46974,-1.364,83.545,0.0,0.0,457.124,0.0,0.0,0.0,5.732,0,1.0,1.375,309.915,2.4908,35.25,35.35050582885742,4.98,0.0,0
46974,-1.194,83.545,0.0,0.0,457.305,0.0,0.0,0.0,5.732,0,1.0,1.3900000000000001,309.825,-0.5279,34.71,35.35050582885742,4.98,0.0,0
46974,-0.853,83.545,0.0,0.0,457.184,0.0,0.0,0.0,5.732,0,2.0,1.32,309.915,-1.1877,34.74,35.35050582885742,4.98,0.0,0
46974,-1.364,83.545,-0.5,0.0,457.063,0.0,0.0,0.0,5.732,0,1.0,1.43,309.825,0.5444,34.92,35.35050582885742,4.98,0.0,0
46974,-1.0230000000000001,83.545,0.0,0.0,457.003,0.0,0.0,0.0,5.732,0,1.0,1.475,309.825,-1.9795,37.17,35.35050582885742,4.98,0.0,0
46974,-1.364,83.545,-0.5,0.0,457.245,0.0,0.0,0.0,5.732,0,1.0,1.435,309.825,-1.1712,37.980000000000004,35.35050582885742,4.98,0.0,0
46974,-1.194,83.545,0.0,0.0,457.245,0.0,0.0,0.0,5.732,0,1.0,1.365,309.915,3.2826,38.19,35.35050582885742,4.98,0.0,0
46974,-1.364,83.545,0.0,0.0,457.124,0.0,0.0,0.2,5.732,0,2.0,1.3900000000000001,309.825,-0.132,37.410000000000004,35.35050582885742,4.98,0.0,0
46974,-1.364,83.545,0.5,0.0,457.305,0.0,0.0,0.0,5.732,0,1.0,1.395,309.825,-0.9073,37.5,35.35050582885742,4.98,0.0,0
46974,-1.0230000000000001,83.545,0.5,0.0,457.245,0.0,0.0,0.0,5.732,0,1.0,1.385,309.915,-0.7918000000000001,36.87,35.35050582885742,4.98,0.0,0
46974,-0.853,83.545,0.0,0.0,456.882,0.0,0.0,0.0,5.732,0,1.0,1.395,309.825,1.1877,37.53,35.35050582885742,4.98,0.0,0
46974,-1.364,83.545,0.0,0.0,456.882,0.0,0.0,0.0,5.732,0,0.0,1.37,309.825,-1.6496000000000002,37.44,35.35050582885742,4.98,0.0,0
46974,-1.194,83.545,0.0,0.0,457.124,0.0,0.0,0.0,5.732,0,1.0,1.385,309.915,-4.371300000000001,36.36,35.35050582885742,4.98,0.0,0
46974,-1.194,83.545,0.0,0.0,457.124,0.0,0.0,0.0,5.732,0,1.0,1.37,309.825,1.5836000000000001,35.37,35.35050582885742,4.98,0.0,0
46974,-1.364,83.545,0.0,0.0,457.003,0.0,0.0,0.0,5.732,0,1.0,1.365,309.825,1.7568000000000001,34.53,35.35050582885742,4.98,0.0,0
46974,-1.0230000000000001,83.545,0.0,0.0,457.184,0.0,0.0,0.0,5.732,0,1.0,1.355,309.825,0.9238000000000001,34.47,35.35050582885742,4.98,0.0,0
46974,-1.5350000000000001,83.545,0.0,0.0,457.426,0.0,0.0,0.0,5.732,0,0.0,1.37,309.825,-4.1569,35.1,35.35050582885742,4.98,0.0,0
46974,-0.853,83.545,0.0,0.0,457.426,0.0,0.0,0.0,5.732,0,2.0,1.3900000000000001,309.825,1.7155,36.63,35.35050582885742,4.98,0.0,0
46974,-1.194,83.545,0.0,0.0,457.426,0.0,0.0,0.0,5.732,0,1.0,1.36,309.825,1.0557,37.5,35.35050582885742,4.98,0.0,0
46974,-1.705,83.545,0.5,0.0,457.003,0.0,0.0,0.0,5.732,0,2.0,1.395,309.915,1.1877,37.980000000000004,35.35050582885742,4.98,0.0,0
46974,-1.364,83.545,0.5,0.0,456.882,0.0,0.0,0.0,5.732,0,1.0,1.3800000000000001,309.69,-0.9567,37.71,35.35050582885742,4.98,0.0,0
46974,-1.364,83.545,0.0,0.0,457.063,0.0,0.0,0.0,5.732,0,1.0,1.405,309.915,0.5279,37.14,35.35050582885742,4.98,0.0,0
46974,-1.0230000000000001,83.545,0.0,0.0,457.365,0.0,0.0,0.0,5.732,0,1.0,1.365,309.915,3.6950000000000003,36.27,35.35050582885742,4.98,0.0,0
46974,-1.194,83.545,0.0,0.0,457.245,0.0,0.0,0.0,5.732,0,0.0,1.395,309.825,1.1877,35.61,35.35050582885742,4.98,0.0,0
46974,-1.194,83.545,0.0,0.0,457.245,0.0,0.0,0.0,5.732,0,1.0,1.345,309.915,-2.1114,36.18,35.35050582885742,4.98,0.0,0
46974,-1.194,83.545,0.5,0.0,457.426,0.0,0.0,0.0,5.732,0,2.0,1.385,309.825,0.2639,35.88,35.35050582885742,4.98,0.0,0
46974,-1.364,83.545,0.0,0.0,457.426,0.0,0.0,0.0,5.732,0,2.0,1.34,309.825,-1.8475000000000001,35.4,35.35050582885742,4.98,0.0,0
46974,-0.853,83.545,0.0,0.0,457.607,0.0,0.0,0.0,5.732,0,1.0,1.3900000000000001,309.825,-2.5073000000000003,34.95,35.35050582885742,4.98,0.0,0
46974,-1.0230000000000001,83.545,0.0,0.0,457.607,0.0,0.0,0.0,5.732,0,1.0,1.365,309.915,2.0455,34.26,35.35050582885742,4.98,0.0,0
46974,-1.194,83.545,0.0,0.0,457.305,0.0,0.0,-0.2,5.732,0,1.0,1.365,309.915,1.0557,35.4,35.35050582885742,4.98,0.0,0
46974,-0.853,83.545,0.0,0.0,457.426,0.0,0.0,0.2,5.732,0,1.0,1.37,309.825,-1.5836000000000001,36.63,35.35050582885742,4.98,0.0,0
46974,-1.0230000000000001,83.545,0.0,0.0,457.365,0.0,0.0,-0.2,5.732,0,1.0,1.3900000000000001,309.825,-1.9795,38.19,35.35050582885742,4.98,0.0,0
46974,-1.194,83.545,0.5,0.0,457.245,0.0,0.0,0.0,5.732,0,1.0,1.405,309.915,1.3196,38.58,35.35050582885742,4.98,0.0,0
46974,-1.5350000000000001,83.545,0.0,0.0,457.365,0.0,0.0,0.0,5.732,0,2.0,1.37,309.825,0.7918000000000001,37.83,35.35050582885742,4.98,0.0,0
46974,-1.194,83.545,0.0,0.0,457.245,0.0,0.0,0.0,5.732,0,1.0,1.365,310.005,2.5073000000000003,36.69,35.35050582885742,4.98,0.0,0
46974,-1.194,83.545,0.5,0.0,457.245,0.0,0.0,0.0,5.732,0,2.0,1.415,309.825,-0.5279,36.09,35.35050582885742,4.98,0.0,0
46974,-1.364,83.545,-0.5,0.0,457.365,0.0,0.0,0.0,5.732,0,1.0,1.42,309.915,-3.2331000000000003,35.76,35.35050582885742,4.98,0.0,0
46974,-1.0230000000000001,83.545,0.0,0.0,457.426,0.0,0.0,0.0,5.732,0,1.0,1.355,309.825,-1.1877,35.58,35.35050582885742,4.98,0.0,0
46974,-0.853,83.545,0.0,0.0,457.426,0.0,0.0,0.0,5.732,0,1.0,1.4000000000000001,309.915,2.8372,35.910000000000004,35.35050582885742,4.98,0.0,0
46974,-0.853,83.545,0.0,0.0,457.245,0.0,0.0,0.0,5.732,0,2.0,1.345,309.825,-2.3754,36.51,35.35050582885742,4.98,0.0,0
46974,-1.0230000000000001,83.545,-0.5,0.0,457.245,0.0,0.0,0.0,5.732,0,1.0,1.355,309.825,-2.2269,36.45,35.35050582885742,4.98,0.0,0
46974,-1.194,83.545,0.0,0.0,457.426,0.0,0.0,0.0,5.732,0,1.0,1.365,309.915,-1.4021000000000001,35.82,35.35050582885742,4.98,0.0,0
46974,-1.194,83.545,0.0,0.0,457.063,0.0,0.0,0.0,5.732,0,1.0,1.37,309.69,-0.0247,35.43,35.35050582885742,4.98,0.0,0
46974,-1.5350000000000001,83.545,0.5,0.0,457.003,0.0,0.0,0.0,5.732,0,1.0,1.3900000000000001,309.915,-0.6103000000000001,36.12,35.35050582885742,4.98,0.0,0
46974,-1.194,83.545,0.0,0.0,457.245,0.0,0.0,-0.2,5.732,0,1.0,1.41,309.825,-1.3032000000000001,36.21,35.35050582885742,4.98,0.0,0
46974,-0.853,83.545,0.0,0.0,457.305,0.0,0.0,0.0,5.732,0,1.0,1.3900000000000001,309.915,4.6188,37.17,35.35050582885742,4.98,0.0,0
46974,-1.0230000000000001,83.545,0.0,0.0,457.426,0.0,0.0,0.0,5.732,0,1.0,1.34,309.915,0.9238000000000001,38.28,35.35050582885742,4.98,0.0,0
46974,-1.0230000000000001,83.545,0.0,0.0,457.607,0.0,0.0,0.0,5.732,0,1.0,1.4000000000000001,309.825,1.5836000000000001,38.31,35.35050582885742,4.98,0.0,0
46974,-1.364,83.545,0.0,0.0,457.184,0.0,0.0,0.2,5.732,0,1.0,1.3800000000000001,309.825,-1.4351,38.19,35.35050582885742,4.98,0.0,0
46974,-1.0230000000000001,83.545,0.0,0.0,457.305,0.0,0.0,0.0,5.732,0,0.0,1.355,309.915,-1.0722,38.04,35.35050582885742,4.98,0.0,0
46974,-1.194,83.545,-0.5,0.0,456.882,0.0,0.0,0.0,5.732,0,2.0,1.365,309.825,-2.8372,37.11,35.35050582885742,4.98,0.0,0
46974,-1.364,83.545,0.0,0.0,457.124,0.0,0.0,0.0,5.732,0,1.0,1.365,309.915,1.1217000000000001,35.64,35.35050582885742,4.98,0.0,0
46974,-0.682,83.545,0.0,0.0,457.547,0.0,0.0,0.0,5.732,0,1.0,1.385,309.69,-0.0247,35.37,35.35050582885742,4.98,0.0,0
46974,-1.194,83.545,0.5,0.0,457.426,0.0,0.0,0.0,5.732,0,1.0,1.3800000000000001,309.915,-1.0310000000000001,35.94,35.35050582885742,4.98,0.0,0
46974,-1.194,83.545,0.0,0.0,457.365,0.0,0.0,0.0,5.732,0,1.0,1.36,309.915,0.3299,36.0,35.35050582885742,4.98,0.0,0
46974,-1.0230000000000001,83.545,0.0,0.0,457.486,0.0,0.0,0.0,5.732,0,2.0,1.3800000000000001,309.825,4.2889,36.45,35.35050582885742,4.98,0.0,0
46974,-1.0230000000000001,83.545,0.0,0.0,457.245,0.0,0.0,-0.2,5.732,0,1.0,1.3800000000000001,309.825,-0.5114000000000001,36.93,35.35050582885742,4.98,0.0,0
46974,-1.194,83.545,0.5,0.0,457.245,0.0,0.0,0.0,5.732,0,2.0,1.36,309.915,-0.14850000000000002,38.37,35.35050582885742,4.98,0.0,0
46974,-1.364,83.545,0.0,0.0,457.245,0.0,0.0,0.0,5.732,0,1.0,1.365,309.915,1.0392000000000001,38.64,35.35050582885742,4.98,0.0,0
46974,-1.194,83.545,0.0,0.0,457.426,0.0,0.0,0.0,5.732,0,0.0,1.355,309.825,0.39590000000000003,38.07,35.35050582885742,4.98,0.0,0
46974,-1.0230000000000001,83.545,0.0,0.0,457.124,0.0,0.0,0.0,5.732,0,2.0,1.3800000000000001,309.825,-1.4351,37.95,35.35050582885742,4.98,0.0,0
46974,-1.0230000000000001,83.545,0.0,0.0,457.124,0.0,0.0,0.0,5.732,0,2.0,1.32,309.825,-4.6848,37.47,35.35050582885742,4.98,0.0,0
46974,-1.0230000000000001,83.545,0.0,0.0,457.547,0.0,0.0,0.0,5.732,0,1.0,1.385,309.915,-0.6103000000000001,37.26,35.35050582885742,4.98,0.0,0
46974,-1.364,83.545,0.0,0.0,457.607,0.0,0.0,0.0,5.732,0,1.0,1.35,309.915,3.629,37.02,35.35050582885742,4.98,0.0,0
46974,-1.194,83.545,0.0,0.0,457.607,0.0,0.0,0.0,5.732,0,2.0,1.355,309.825,1.4516,36.54,35.35050582885742,4.98,0.0,0
46974,-1.194,83.545,0.5,0.0,457.426,0.0,0.0,0.0,5.732,0,1.0,1.415,309.915,-3.2496,35.58,35.35050582885742,4.98,0.0,0
46974,-1.194,83.545,0.0,0.0,457.547,0.0,0.0,0.0,5.732,0,1.0,1.35,309.69,-4.9734,35.160000000000004,35.35050582885742,4.98,0.0,0
46974,-1.0230000000000001,83.545,0.0,0.0,457.426,0.0,0.0,0.0,5.732,0,1.0,1.355,309.915,1.3691,35.1,35.35050582885742,4.98,0.0,0
46974,-1.0230000000000001,83.545,0.0,0.0,457.668,0.0,0.0,0.0,5.732,0,2.0,1.385,309.69,3.6043000000000003,36.75,35.35050582885742,4.98,0.0,0
46974,-1.364,83.545,0.5,0.0,457.426,0.0,0.0,0.0,5.732,0,1.0,1.36,309.915,1.699,38.1,35.35050582885742,4.98,0.0,0
46974,-1.0230000000000001,83.545,0.0,0.0,457.728,0.0,0.0,0.0,5.732,0,2.0,1.36,309.915,0.3299,38.28,35.35050582885742,4.98,0.0,0
46974,-0.853,83.545,0.0,0.0,457.728,0.0,0.0,0.0,5.732,0,1.0,1.355,309.915,0.7918000000000001,38.160000000000004,35.35050582885742,4.98,0.0,0
46974,-1.194,83.545,0.0,0.0,457.789,0.0,0.0,0.0,5.732,0,2.0,1.405,309.825,2.7713,37.95,35.35050582885742,4.98,0.0,0
46974,-0.853,83.545,0.0,0.0,457.789,0.0,0.0,0.0,5.732,0,2.0,1.415,309.825,-1.5176,37.2,35.35050582885742,4.98,0.0,0
46974,-1.194,83.545,0.0,0.0,457.426,0.0,0.0,0.0,5.732,0,1.0,1.345,309.915,0.0,37.2,35.35050582885742,4.98,0.0,0
46974,-1.194,83.545,0.0,0.0,457.426,0.0,0.0,0.0,5.732,0,0.0,1.365,309.69,-3.596,37.230000000000004,35.35050582885742,4.98,0.0,0
46974,-1.0230000000000001,83.545,0.0,0.0,457.426,0.0,0.0,0.2,5.732,0,1.0,1.37,309.825,-1.3196,37.44,35.35050582885742,4.98,0.0,0
46974,-1.364,83.545,0.0,0.0,457.426,0.0,0.0,0.0,5.732,0,1.0,1.37,309.915,3.6950000000000003,36.9,35.35050582885742,4.98,0.0,0
46974,-0.853,83.545,0.0,0.0,457.91,0.0,0.0,0.2,5.732,0,2.0,1.385,309.915,6.9941,35.94,35.35050582885742,4.98,0.0,0
46974,-0.853,83.545,0.0,0.0,457.91,0.0,0.0,0.0,5.732,0,2.0,1.3800000000000001,309.915,1.5176,35.22,35.35050582885742,4.98,0.0,0
46974,-1.364,83.545,0.0,0.0,457.607,0.0,0.0,0.0,5.732,0,2.0,1.415,309.825,-2.9032,35.22,35.35050582885742,4.98,0.0,0
46974,-1.194,83.545,0.0,0.0,457.245,0.0,0.0,0.0,5.732,0,1.0,1.3800000000000001,309.915,1.0557,35.82,35.35050582885742,4.98,0.0,0
46974,-1.0230000000000001,83.545,0.0,0.0,457.245,0.0,0.0,-0.2,5.732,0,1.0,1.3900000000000001,309.915,3.4311000000000003,37.35,35.35050582885742,4.98,0.0,0
46974,-1.364,83.545,0.0,0.0,457.305,0.0,0.0,0.0,5.732,0,1.0,1.35,309.915,-0.5938,38.13,35.35050582885742,4.98,0.0,0
46974,-1.364,83.545,0.0,0.0,457.426,0.0,0.0,0.2,5.732,0,1.0,1.335,309.825,-3.4311000000000003,38.22,35.35050582885742,4.98,0.0,0
46974,-1.194,83.545,0.0,0.0,457.426,0.0,0.0,0.0,5.732,0,2.0,1.37,309.825,-4.6848,37.77,35.35050582885742,4.98,0.0,0
46974,-0.853,83.545,0.5,0.0,457.426,0.0,0.0,0.0,5.732,0,1.0,1.3800000000000001,309.915,-0.9238000000000001,37.08,35.35050582885742,4.98,0.0,0
46974,-1.0230000000000001,83.545,0.0,0.0,457.728,0.0,0.0,0.0,5.732,0,1.0,1.385,309.915,3.8930000000000002,37.2,35.35050582885742,4.98,0.0,0
46974,-1.364,83.545,0.0,0.0,457.365,0.0,0.0,-0.2,5.732,0,1.0,1.4000000000000001,309.69,-2.7713,37.08,35.35050582885742,4.98,0.0,0
46974,-0.853,83.545,0.0,0.0,457.245,0.0,0.0,0.0,5.732,0,1.0,1.3800000000000001,309.915,0.2639,36.6,35.35050582885742,4.98,0.0,0
46974,-1.0230000000000001,83.545,0.0,0.0,457.365,0.0,0.0,0.0,5.732,0,0.0,1.36,309.825,0.39590000000000003,36.51,35.35050582885742,4.98,0.0,0
46974,-1.0230000000000001,83.545,0.0,0.0,456.882,0.0,0.0,0.0,5.732,0,1.0,1.4000000000000001,309.825,-2.4743,35.82,35.35050582885742,4.98,0.0,0
46974,-1.0230000000000001,83.545,0.0,0.0,457.063,0.0,0.0,0.0,5.732,0,0.0,1.395,309.825,-0.9238000000000001,35.64,35.35050582885742,4.98,0.0,0
46974,-0.853,83.545,0.0,0.0,457.184,0.0,0.0,0.0,5.732,0,1.0,1.355,309.915,2.5733,35.46,35.35050582885742,4.98,0.0,0
46974,-1.0230000000000001,83.545,0.0,0.0,457.003,0.0,0.0,0.0,5.732,0,2.0,1.405,309.825,-0.5279,36.78,35.35050582885742,4.98,0.0,0
46974,-1.194,83.545,0.0,0.0,457.365,0.0,0.0,0.2,5.732,0,1.0,1.35,309.825,-0.5279,38.94,35.35050582885742,4.98,0.0,0
46974,-1.0230000000000001,83.545,0.0,0.0,457.365,0.0,0.0,0.0,5.732,0,1.0,1.375,309.825,-1.8475000000000001,38.730000000000004,35.35050582885742,4.98,0.0,0
46974,-1.194,83.545,0.0,0.0,457.365,0.0,0.0,0.0,5.732,0,1.0,1.395,309.825,1.0557,38.37,35.35050582885742,4.98,0.0,0
46974,-1.194,83.545,-0.5,0.0,457.305,0.0,0.0,0.0,5.732,0,2.0,1.37,309.69,-1.7155,37.14,35.35050582885742,4.98,0.0,0
46974,-1.0230000000000001,83.545,0.0,0.0,457.305,0.0,0.0,0.0,5.732,0,1.0,1.37,309.69,-2.2764,36.93,35.35050582885742,4.98,0.0,0
46974,-1.0230000000000001,83.545,0.0,0.0,457.245,0.0,0.0,-0.2,5.732,0,1.0,1.37,309.825,-1.0557,37.050000000000004,35.35050582885742,4.98,0.0,0
46974,-1.194,83.545,0.0,0.0,457.245,0.0,0.0,0.0,5.732,0,1.0,1.37,309.915,2.2104,36.81,35.35050582885742,4.98,0.0,0
46974,-1.0230000000000001,83.545,0.0,0.0,457.245,0.0,0.0,0.0,5.732,0,1.0,1.385,309.915,2.0042,36.81,35.35050582885742,4.98,0.0,0
46974,-0.853,83.545,0.0,0.0,457.426,0.0,0.0,0.0,5.732,0,1.0,1.375,309.915,4.5115,36.87,35.35050582885742,4.98,0.0,0
46974,-0.853,83.545,0.0,0.0,457.486,0.0,0.0,0.0,5.732,0,1.0,1.375,309.825,0.132,36.0,35.35050582885742,4.98,0.0,0
46974,-1.194,83.545,0.0,0.0,457.184,0.0,0.0,0.0,5.732,0,2.0,1.37,309.915,-2.7713,34.65,35.35050582885742,4.98,0.0,0
46974,-0.853,83.545,0.0,0.0,456.882,0.0,0.0,0.0,5.732,0,1.0,1.37,309.825,-0.7918000000000001,34.53,35.35050582885742,4.98,0.0,0
46974,-1.0230000000000001,83.545,0.0,0.0,457.063,0.0,0.0,0.0,5.732,0,2.0,1.355,309.825,1.3196,35.34,35.35050582885742,4.98,0.0,0
46974,-1.194,83.545,0.5,0.0,457.426,0.0,0.0,0.2,5.732,0,1.0,1.395,309.825,-3.4971,36.96,35.35050582885742,4.98,0.0,0
46974,-1.0230000000000001,83.545,0.0,0.0,457.607,0.0,0.0,0.0,5.732,0,1.0,1.37,309.825,1.7815,37.86,35.35050582885742,4.98,0.0,0
46974,-1.194,83.545,0.0,0.0,457.728,0.0,0.0,0.0,5.732,0,1.0,1.375,309.69,-2.7960000000000003,38.64,35.35050582885742,4.98,0.0,0
46974,-0.853,83.545,0.0,0.0,457.607,0.0,0.0,0.0,5.732,0,1.0,1.395,309.825,-1.8475000000000001,37.980000000000004,35.35050582885742,4.98,0.0,0
46974,-1.194,83.545,0.0,0.0,457.728,0.0,0.0,0.0,5.732,0,2.0,1.365,309.825,2.6558,37.08,35.35050582885742,4.98,0.0,0
46974,-0.853,83.545,0.0,0.0,457.426,0.0,0.0,0.0,5.732,0,2.0,1.425,309.825,1.2289,35.97,35.35050582885742,4.98,0.0,0
46974,-1.0230000000000001,83.545,0.0,0.0,457.245,0.0,0.0,0.0,5.732,0,1.0,1.365,309.825,-2.6888,36.18,35.35050582885742,4.98,0.0,0
46974,-1.194,83.545,0.0,0.0,457.245,0.0,0.0,0.0,5.732,0,2.0,1.375,309.915,0.3134,35.67,35.35050582885742,4.98,0.0,0
46974,-1.0230000000000001,83.545,0.5,0.0,457.365,0.0,0.0,0.0,5.732,0,1.0,1.395,309.915,5.5920000000000005,35.07,35.35050582885742,4.98,0.0,0
46974,-0.853,83.545,0.0,0.0,457.607,0.0,0.0,0.0,5.732,0,0.0,1.3900000000000001,309.915,2.6228000000000002,35.01,35.35050582885742,4.98,0.0,0
46974,-1.0230000000000001,83.545,0.0,0.0,457.607,0.0,0.0,0.0,5.732,0,2.0,1.4000000000000001,309.915,-0.8083,34.86,35.35050582885742,4.98,0.0,0
46974,-1.364,83.545,0.0,0.0,457.305,0.0,0.0,0.0,5.732,0,1.0,1.41,309.915,-1.5836000000000001,35.07,35.35050582885742,4.98,0.0,0
46974,-1.0230000000000001,83.545,0.0,0.0,457.365,0.0,0.0,0.0,5.732,0,2.0,1.35,309.69,-2.664,35.37,35.35050582885742,4.98,0.0,0
46974,-1.0230000000000001,83.545,0.0,0.0,457.305,0.0,0.0,0.0,5.732,0,1.0,1.365,310.005,0.0495,36.39,35.35050582885742,4.98,0.0,0
46974,-0.853,83.545,0.0,0.0,457.124,0.0,0.0,0.0,5.732,0,2.0,1.37,309.915,1.7650000000000001,37.38,35.35050582885742,4.98,0.0,0
46974,-1.0230000000000001,83.545,0.5,0.0,457.245,0.0,0.0,0.0,5.732,0,1.0,1.41,309.915,4.5115,37.95,35.35050582885742,4.98,0.0,0
46974,-1.364,83.545,0.0,0.0,457.547,0.0,0.0,0.0,5.732,0,1.0,1.405,309.825,-1.963,37.74,35.35050582885742,4.98,0.0,0
46974,-0.853,83.545,0.0,0.0,457.426,0.0,0.0,0.0,5.732,0,1.0,1.37,309.825,-4.1404000000000005,36.93,35.35050582885742,4.98,0.0,0
46974,-0.853,83.545,0.0,0.0,457.184,0.0,0.0,0.0,5.732,0,2.0,1.4000000000000001,309.915,-1.3856000000000002,36.03,35.35050582885742,4.98,0.0,0
46974,-1.0230000000000001,83.545,0.0,0.0,456.639,0.0,0.0,0.2,5.732,0,1.0,1.4000000000000001,309.915,4.1404000000000005,35.94,35.35050582885742,4.98,0.0,0
46974,-1.364,83.545,0.0,0.0,457.003,0.0,0.0,0.0,5.732,0,1.0,1.41,309.915,1.5836000000000001,35.31,35.35050582885742,4.98,0.0,0
46974,-0.853,83.545,0.0,0.0,457.063,0.0,0.0,0.0,5.732,0,1.0,1.335,309.825,-0.3794,34.53,35.35050582885742,4.98,0.0,0
46974,-1.364,83.545,0.0,0.0,457.063,0.0,0.0,0.0,5.732,0,1.0,1.37,309.825,-0.46190000000000003,34.5,35.35050582885742,4.98,0.0,0
46974,-0.682,83.545,0.0,0.0,457.184,0.0,0.0,0.0,5.732,0,1.0,1.36,309.915,-0.5279,34.92,35.35050582885742,4.98,0.0,0
46974,-1.194,83.545,0.5,0.0,457.003,0.0,0.0,0.0,5.732,0,1.0,1.355,309.69,-3.0022,35.01,35.35050582885742,4.98,0.0,0
46974,-0.853,83.545,0.0,0.0,456.942,0.0,0.0,0.0,5.732,0,1.0,1.36,309.825,0.0,35.1,35.35050582885742,4.98,0.0,0
46974,-1.194,83.545,0.5,0.0,457.063,0.0,0.0,0.0,5.732,0,2.0,1.375,309.915,3.6950000000000003,35.910000000000004,35.35050582885742,4.98,0.0,0
46974,-1.0230000000000001,83.545,0.0,0.0,457.003,0.0,0.0,0.0,5.732,0,1.0,1.355,309.825,2.5073000000000003,36.27,35.35050582885742,4.98,0.0,0
46974,-0.682,83.545,0.0,0.0,456.76,0.0,0.0,0.0,5.732,0,1.0,1.405,309.915,0.9897,37.32,35.35050582885742,4.98,0.0,0
46974,-0.853,83.545,0.0,0.0,457.245,0.0,0.0,0.0,5.732,0,1.0,1.375,309.915,2.3754,37.92,35.35050582885742,4.98,0.0,0
46974,-0.682,83.545,0.0,0.0,457.365,0.0,0.0,0.0,5.732,0,1.0,1.41,309.69,-2.5403000000000002,37.71,35.35050582885742,4.98,0.0,0
46974,-0.853,83.545,0.0,0.0,456.882,0.0,0.0,0.0,5.732,0,0.0,1.365,309.825,-4.486800000000001,37.59,35.35050582885742,4.98,0.0,0
46974,-1.0230000000000001,83.545,0.0,0.0,457.184,0.0,0.0,0.0,5.732,0,1.0,1.395,309.825,2.7053000000000003,36.42,35.35050582885742,4.98,0.0,0
46974,-0.682,83.545,0.0,0.0,457.124,0.0,0.0,0.0,5.732,0,1.0,1.36,309.825,3.0352,34.71,35.35050582885742,4.98,0.0,0
46974,-0.682,83.545,0.0,0.0,457.063,0.0,0.0,0.0,5.732,0,2.0,1.385,309.69,-2.5403000000000002,34.35,35.35050582885742,4.98,0.0,0
46974,-1.194,83.545,0.0,0.0,456.882,0.0,0.0,0.0,5.732,0,1.0,1.3900000000000001,309.825,-1.1877,33.51,35.35050582885742,4.98,0.0,0
46974,-0.682,83.545,0.0,0.0,457.063,0.0,0.0,0.0,5.732,0,1.0,1.36,309.825,-0.5279,34.230000000000004,35.35050582885742,4.98,0.0,0
46974,-0.682,83.545,0.0,0.0,457.124,0.0,0.0,0.0,5.732,0,1.0,1.365,309.825,2.1114,34.83,35.35050582885742,4.98,0.0,0
46974,-0.853,83.545,0.0,0.0,457.245,0.0,0.0,0.0,5.732,0,1.0,1.365,309.915,0.9897,35.94,35.35050582885742,4.98,0.0,0
46974,-0.853,83.545,0.5,0.0,457.063,0.0,0.0,0.0,5.732,0,1.0,1.37,309.825,2.1114,36.69,35.35050582885742,4.98,0.0,0
46974,-0.853,83.545,-0.5,0.0,457.184,0.0,0.0,0.2,5.732,0,1.0,1.3900000000000001,309.915,3.1012,37.11,35.35050582885742,4.98,0.0,0
46974,-0.853,83.545,0.0,0.0,457.003,0.0,0.0,0.0,5.732,0,1.0,1.425,309.915,-0.5279,36.9,35.35050582885742,4.98,0.0,0
46974,-0.853,83.545,0.0,0.0,457.063,0.0,0.0,-0.2,5.732,0,1.0,1.365,309.825,-1.0557,37.02,35.35050582885742,4.98,0.0,0
46974,-1.0230000000000001,83.545,0.5,0.0,457.003,0.0,0.0,0.0,5.732,0,2.0,1.3900000000000001,309.915,0.7918000000000001,36.45,35.35050582885742,4.98,0.0,0
46974,-1.0230000000000001,83.545,0.0,0.0,457.063,0.0,0.0,0.0,5.732,0,1.0,1.355,309.825,0.066,36.54,35.35050582885742,4.98,0.0,0
46974,-0.682,83.545,0.0,0.0,456.882,0.0,0.0,0.2,5.732,0,1.0,1.3800000000000001,309.69,-4.6188,36.84,35.35050582885742,4.98,0.0,0
46974,-1.0230000000000001,83.545,0.0,0.0,457.003,0.0,0.0,0.0,5.732,0,2.0,1.35,309.915,-3.4311000000000003,36.24,35.35050582885742,4.98,0.0,0
46974,-0.853,83.545,0.0,0.0,456.82,0.0,0.0,-0.2,5.732,0,2.0,1.365,309.825,2.3754,35.94,35.35050582885742,4.98,0.0,0
46974,-0.682,83.545,0.0,0.0,457.063,0.0,0.0,0.0,5.732,0,0.0,1.455,309.825,3.3321,34.68,35.35050582885742,4.98,0.0,0
46974,-1.0230000000000001,83.545,0.0,0.0,457.426,0.0,0.0,0.0,5.732,0,1.0,1.37,309.915,-1.9795,34.05,35.35050582885742,4.98,0.0,0
46974,-0.853,83.545,0.0,0.0,457.365,0.0,0.0,0.0,5.732,0,1.0,1.345,309.69,0.6268,34.11,35.35050582885742,4.98,0.0,0
46974,-1.0230000000000001,83.545,0.0,0.0,457.003,0.0,0.0,0.0,5.732,0,0.0,1.355,309.825,0.2639,35.1,35.35050582885742,4.98,0.0,0
46974,-1.0230000000000001,83.545,0.0,0.0,456.82,0.0,0.0,0.0,5.732,0,1.0,1.36,309.915,-2.6393,36.63,35.35050582885742,4.98,0.0,0
46974,-0.853,83.545,0.0,0.0,456.942,0.0,0.0,0.0,5.732,0,0.0,1.2650000000000001,309.825,4.486800000000001,37.53,35.35050582885742,4.98,0.0,0
46974,-0.853,83.545,0.0,0.0,456.82,0.0,0.0,0.0,5.732,0,2.0,1.3800000000000001,309.915,0.46190000000000003,37.5,35.35050582885742,4.98,0.0,0
46974,-1.5350000000000001,83.545,0.0,0.0,457.184,0.0,0.0,0.0,5.732,0,1.0,1.435,309.825,-0.6598,37.14,35.35050582885742,4.98,0.0,0
46974,-0.853,83.545,0.0,0.0,457.184,0.0,0.0,0.2,5.732,0,2.0,1.415,309.915,0.066,37.14,35.35050582885742,4.98,0.0,0
46974,-1.194,83.545,0.0,0.0,457.124,0.0,0.0,0.2,5.732,0,1.0,1.375,309.825,4.1569,36.33,35.35050582885742,4.98,0.0,0
46974,-1.194,83.545,0.0,0.0,457.426,0.0,0.0,0.0,5.732,0,1.0,1.375,309.915,0.2639,36.27,35.35050582885742,4.98,0.0,0
46974,-1.194,83.545,0.0,0.0,457.245,0.0,0.0,0.0,5.732,0,1.0,1.355,309.915,1.1712,36.54,35.35050582885742,4.98,0.0,0
46974,-0.853,83.545,0.0,0.0,457.245,0.0,0.0,0.2,5.732,0,1.0,1.36,309.825,-0.2639,36.45,35.35050582885742,4.98,0.0,0
46974,-1.0230000000000001,83.545,0.0,0.0,457.245,0.0,0.0,0.0,5.732,0,2.0,1.345,309.825,-3.6785,35.64,35.35050582885742,4.98,0.0,0
46974,-0.853,83.545,0.0,0.0,457.184,0.0,0.0,0.2,5.732,0,1.0,1.355,309.825,-2.3589,34.92,35.35050582885742,4.98,0.0,0
46974,-0.853,83.545,0.0,0.0,457.063,0.0,0.0,0.0,5.732,0,1.0,1.385,309.825,-0.5114000000000001,33.99,35.35050582885742,4.98,0.0,0
46974,-1.0230000000000001,83.545,-0.5,0.0,457.184,0.0,0.0,0.0,5.732,0,1.0,1.305,309.825,1.1877,34.26,35.35050582885742,4.98,0.0,0
46974,-0.853,83.545,0.0,0.0,457.305,0.0,0.0,0.0,5.732,0,2.0,1.41,309.915,1.3032000000000001,35.37,35.35050582885742,4.98,0.0,0
46974,-1.194,83.545,0.0,0.0,457.305,0.0,0.0,0.0,5.732,0,1.0,1.405,309.825,-0.7918000000000001,36.84,35.35050582885742,4.98,0.0,0
46974,-1.0230000000000001,83.545,0.0,0.0,456.82,0.0,0.0,0.0,5.732,0,1.0,1.465,309.825,0.7918000000000001,38.43,35.35050582885742,4.98,0.0,0
46974,-0.853,83.545,0.0,0.0,456.882,0.0,0.0,0.0,5.732,0,1.0,1.545,309.915,-2.1774,38.25,35.35050582885742,4.98,0.0,0
46974,-1.194,83.545,0.0,0.0,456.699,0.0,0.0,0.0,5.732,0,2.0,1.425,309.825,-0.9897,37.980000000000004,35.35050582885742,4.98,0.0,0
46974,-0.853,83.545,0.0,0.0,457.063,0.0,0.0,0.0,5.732,0,2.0,1.235,309.69,-0.0412,37.44,35.35050582885742,4.98,0.0,0
46974,-1.0230000000000001,83.545,0.0,0.0,457.124,0.0,0.0,0.0,5.732,0,1.0,1.225,309.825,-2.4661,36.72,35.35050582885742,4.98,0.0,0
46974,-1.0230000000000001,83.545,0.0,0.0,456.942,0.0,0.0,0.0,5.732,0,2.0,1.36,309.915,1.3691,36.78,35.35050582885742,4.98,0.0,0
46974,-0.853,83.545,0.0,0.0,456.76,0.0,0.0,-0.2,5.732,0,0.0,1.305,309.825,5.344600000000001,36.99,35.35050582885742,4.98,0.0,0
46974,-0.853,83.545,0.0,0.0,457.184,0.0,0.0,0.0,5.732,0,1.0,1.335,309.69,-1.9547,35.7,35.35050582885742,4.98,0.0,0
46974,-0.853,83.545,0.0,0.0,456.882,0.0,0.0,0.0,5.732,0,1.0,1.365,309.915,-1.9135000000000002,35.13,35.35050582885742,4.98,0.0,0
46974,-1.0230000000000001,83.545,0.0,0.0,456.82,0.0,0.0,0.0,5.732,0,1.0,1.47,309.825,4.2889,34.89,35.35050582885742,4.98,0.0,0
46974,-0.853,83.545,0.0,0.0,456.76,0.0,0.0,0.0,5.732,0,1.0,1.325,309.69,-1.1629,35.43,35.35050582885742,4.98,0.0,0
46974,-1.194,83.545,0.0,0.0,457.124,0.0,0.0,0.0,5.732,0,1.0,1.295,309.915,-3.1012,36.78,35.35050582885742,4.98,0.0,0
46974,-0.853,83.545,0.0,0.0,456.82,0.0,0.0,0.2,5.732,0,1.0,1.345,309.825,1.2702,37.74,35.35050582885742,4.98,0.0,0
46974,-1.0230000000000001,83.545,0.0,0.0,457.003,0.0,0.0,-0.2,5.732,0,1.0,1.335,309.915,2.0042,38.730000000000004,35.35050582885742,4.98,0.0,0
46974,-1.0230000000000001,83.545,0.0,0.0,457.003,0.0,0.0,0.0,5.732,0,1.0,1.35,309.915,1.4186,38.730000000000004,35.35050582885742,4.98,0.0,0
46974,-0.682,83.545,0.0,0.0,457.063,0.0,0.0,0.0,5.732,0,1.0,1.37,309.915,0.5279,38.25,35.35050582885742,4.98,0.0,0
46974,-0.853,83.545,0.0,0.0,457.245,0.0,0.0,0.0,5.732,0,2.0,1.315,309.915,0.46190000000000003,37.56,35.35050582885742,4.98,0.0,0
46974,-1.0230000000000001,83.545,0.0,0.0,457.245,0.0,0.0,0.0,5.732,0,2.0,1.5150000000000001,309.915,-0.2639,36.69,35.35050582885742,4.98,0.0,0
46974,-1.0230000000000001,83.545,0.0,0.0,457.245,0.0,0.0,0.0,5.732,0,1.0,1.34,309.825,-2.5733,36.81,35.35050582885742,4.98,0.0,0
46974,-1.0230000000000001,83.545,0.0,0.0,457.245,0.0,0.0,0.0,5.732,0,2.0,1.37,309.825,-1.3196,36.54,35.35050582885742,4.98,0.0,0
46974,-1.0230000000000001,83.545,0.0,0.0,456.882,0.0,0.0,0.0,5.732,0,1.0,1.35,309.915,-1.3196,36.15,35.35050582885742,4.98,0.0,0
46974,-1.0230000000000001,83.545,0.0,0.0,457.063,0.0,0.0,-0.2,5.732,0,0.0,1.33,309.825,-1.1877,35.28,35.35050582885742,4.98,0.0,0
46974,-0.853,83.545,0.0,0.0,456.882,0.0,0.0,0.0,5.732,0,1.0,1.355,309.825,0.5279,35.34,35.35050582885742,4.98,0.0,0
46974,-0.853,83.545,0.0,0.0,457.124,0.0,0.0,0.0,5.732,0,1.0,1.335,309.825,-0.7918000000000001,35.43,35.35050582885742,4.98,0.0,0
46974,-0.682,83.545,0.0,0.0,457.124,0.0,0.0,0.0,5.732,0,1.0,1.36,309.915,-0.132,35.43,35.35050582885742,4.98,0.0,0
46974,-1.0230000000000001,83.545,0.0,0.0,457.426,0.0,0.0,0.0,5.732,0,2.0,1.3800000000000001,309.915,0.5114000000000001,35.79,35.35050582885742,4.98,0.0,0
46974,-1.0230000000000001,83.545,0.0,0.0,457.063,0.0,0.0,0.0,5.732,0,1.0,1.36,309.915,-0.6763,37.050000000000004,35.35050582885742,4.98,0.0,0
46974,-0.853,83.545,0.0,0.0,457.063,0.0,0.0,0.0,5.732,0,1.0,1.36,309.825,-3.629,38.49,35.35050582885742,4.98,0.0,0
46974,-1.0230000000000001,83.545,0.0,0.0,457.305,0.0,0.0,0.2,5.732,0,1.0,1.35,309.915,-1.5176,39.36,35.35050582885742,4.98,0.0,0
46974,-1.194,83.545,0.0,0.0,457.063,0.0,0.0,0.0,5.732,0,1.0,1.395,309.825,2.4413,38.61,35.35050582885742,4.98,0.0,0
46974,-0.853,83.545,0.0,0.0,456.82,0.0,0.0,0.0,5.732,0,2.0,1.355,309.825,-0.2639,37.14,35.35050582885742,4.98,0.0,0
46974,-0.853,83.545,0.0,0.0,456.882,0.0,0.0,0.0,5.732,0,0.0,1.34,309.825,-5.0806000000000004,36.24,35.35050582885742,4.98,0.0,0
46974,-1.0230000000000001,83.545,0.0,0.0,456.882,0.0,0.0,0.0,5.732,0,1.0,1.385,309.915,3.2166,35.910000000000004,35.35050582885742,4.98,0.0,0
46974,-1.0230000000000001,83.545,0.0,0.0,456.942,0.0,0.0,0.0,5.732,0,0.0,1.375,309.825,2.9692000000000003,35.49,35.35050582885742,4.98,0.0,0
46974,-0.853,83.545,0.0,0.0,456.882,0.0,0.0,0.0,5.732,0,2.0,1.325,309.825,-4.5528,36.15,35.35050582885742,4.98,0.0,0
46974,-0.853,83.545,0.0,0.0,456.699,0.0,0.0,0.0,5.732,0,2.0,1.325,309.915,-2.7713,36.42,35.35050582885742,4.98,0.0,0
46974,-1.0230000000000001,83.545,0.5,0.0,456.76,0.0,0.0,0.0,5.732,0,1.0,1.35,309.69,1.8723,36.21,35.35050582885742,4.98,0.0,0
46974,-1.0230000000000001,83.545,0.0,0.0,456.639,0.0,0.0,0.0,5.732,0,2.0,1.365,309.69,-2.4166000000000003,36.39,35.35050582885742,4.98,0.0,0
46974,-1.0230000000000001,83.545,0.5,0.0,456.76,0.0,0.0,0.0,5.732,0,1.0,1.37,309.915,0.39590000000000003,36.54,35.35050582885742,4.98,0.0,0
46974,-1.194,83.545,0.0,0.0,456.942,0.0,0.0,0.0,5.732,0,1.0,1.43,309.825,6.334300000000001,37.08,35.35050582885742,4.98,0.0,0
46974,-1.0230000000000001,83.545,0.0,0.0,457.063,0.0,0.0,0.0,5.732,0,1.0,1.33,309.825,0.899,37.71,35.35050582885742,4.98,0.0,0
46974,-0.853,83.545,0.0,0.0,457.003,0.0,0.0,0.0,5.732,0,1.0,1.33,309.825,-1.3691,38.22,35.35050582885742,4.98,0.0,0
46974,-0.853,83.545,0.0,0.0,457.003,0.0,0.0,0.0,5.732,0,1.0,1.345,309.825,4.2889,38.34,35.35050582885742,4.98,0.0,0
46974,-0.853,83.545,0.0,0.0,456.882,0.0,0.0,0.0,5.732,0,1.0,1.345,309.825,0.0165,38.31,35.35050582885742,4.98,0.0,0
46974,-1.0230000000000001,83.545,0.0,0.0,457.063,0.0,0.0,0.0,5.732,0,2.0,1.345,309.825,-1.0557,37.32,35.35050582885742,4.98,0.0,0
46974,-0.853,83.545,0.0,0.0,457.305,0.0,0.0,0.0,5.732,0,1.0,1.32,309.915,1.0557,36.300000000000004,35.35050582885742,4.98,0.0,0
46974,-0.853,83.545,0.0,0.0,457.063,0.0,0.0,0.0,5.732,0,2.0,1.34,309.825,0.5279,36.33,35.35050582885742,4.98,0.0,0
46974,-0.853,83.545,0.0,0.0,457.184,0.0,0.0,0.0,5.732,0,1.0,1.35,309.915,-0.5444,36.45,35.35050582885742,4.98,0.0,0
46974,-0.853,83.545,0.0,0.0,456.882,0.0,0.0,0.0,5.732,0,0.0,1.335,309.825,-4.0084,35.52,35.35050582885742,4.98,0.0,0
46974,-1.0230000000000001,83.545,0.0,0.0,457.063,0.0,0.0,0.0,5.732,0,1.0,1.3900000000000001,309.825,0.9897,36.42,35.35050582885742,4.98,0.0,0
46974,-0.682,83.545,0.0,0.0,457.063,0.0,0.0,0.0,5.732,0,2.0,1.35,309.825,0.8743000000000001,36.99,35.35050582885742,4.98,0.0,0
46974,-1.364,83.545,0.0,0.0,457.063,0.0,0.0,0.0,5.732,0,2.0,1.355,309.825,-1.1877,38.28,35.35050582885742,4.98,0.0,0
46974,-0.853,83.545,0.0,0.0,457.124,0.0,0.0,0.0,5.732,0,1.0,1.335,309.915,2.2269,37.89,35.35050582885742,4.98,0.0,0
46974,-1.0230000000000001,83.545,0.0,0.0,456.942,0.0,0.0,0.0,5.732,0,1.0,1.33,309.915,2.7548,38.07,35.35050582885742,4.98,0.0,0
46974,-0.853,83.545,0.0,0.0,457.003,0.0,0.0,0.0,5.732,0,0.0,1.36,309.915,1.5671000000000002,38.07,35.35050582885742,4.98,0.0,0
46974,-1.0230000000000001,83.545,0.0,0.0,457.003,0.0,0.0,0.0,5.732,0,1.0,1.3900000000000001,309.915,1.5176,38.07,35.35050582885742,4.98,0.0,0
46974,-0.853,83.545,0.0,0.0,456.942,0.0,0.0,0.0,5.732,0,1.0,1.34,309.915,0.2639,37.83,35.35050582885742,4.98,0.0,0
46974,-1.364,83.545,0.0,0.0,456.882,0.0,0.0,0.0,5.732,0,2.0,1.35,309.825,-2.0455,37.59,35.35050582885742,4.98,0.0,0
46974,-1.0230000000000001,83.545,0.0,0.0,457.003,0.0,0.0,0.0,5.732,0,1.0,1.33,309.69,-4.7507,37.2,35.35050582885742,4.98,0.0,0
46974,-1.0230000000000001,83.545,0.0,0.0,457.124,0.0,0.0,0.0,5.732,0,2.0,1.365,309.915,0.5279,36.36,35.35050582885742,4.98,0.0,0
46974,-1.194,83.545,-0.5,0.0,457.063,0.0,0.0,0.0,5.732,0,1.0,1.355,309.825,3.2991,35.730000000000004,35.35050582885742,4.98,0.0,0
46974,-0.682,83.545,0.0,0.0,457.124,0.0,0.0,0.0,5.732,0,1.0,1.375,309.69,-2.9032,35.61,35.35050582885742,4.98,0.0,0
46974,-0.853,83.545,0.0,0.0,457.124,0.0,0.0,0.0,5.732,0,1.0,1.36,309.915,-4.8827,35.76,35.35050582885742,4.98,0.0,0
46974,-0.853,83.545,-0.5,0.0,457.184,0.0,0.0,0.0,5.732,0,2.0,1.315,309.825,2.9032,36.300000000000004,35.35050582885742,4.98,0.0,0
46974,-1.0230000000000001,83.545,0.0,0.0,457.426,0.0,0.0,0.0,5.732,0,1.0,1.335,309.69,2.5073000000000003,37.53,35.35050582885742,4.98,0.0,0
46974,-1.0230000000000001,83.545,0.0,0.0,457.365,0.0,0.0,0.0,5.732,0,2.0,1.33,309.915,0.7918000000000001,38.04,35.35050582885742,4.98,0.0,0
46974,-0.853,83.545,0.0,0.0,457.124,0.0,0.0,0.0,5.732,0,1.0,1.34,309.69,-1.8475000000000001,38.13,35.35050582885742,4.98,0.0,0
46974,-0.853,83.545,0.0,0.0,457.245,0.0,0.0,0.0,5.732,0,1.0,1.36,309.915,0.099,37.65,35.35050582885742,4.98,0.0,0
46974,-1.194,83.545,0.0,0.0,457.184,0.0,0.0,-0.2,5.732,0,1.0,1.35,309.69,-2.6393,37.59,35.35050582885742,4.98,0.0,0
46974,-1.0230000000000001,83.545,0.5,0.0,456.882,0.0,0.0,0.0,5.732,0,1.0,1.315,309.915,1.1547,36.81,35.35050582885742,4.98,0.0,0
46974,-0.853,83.545,0.0,0.0,456.882,0.0,0.0,0.0,5.732,0,2.0,1.33,309.825,1.4516,36.75,35.35050582885742,4.98,0.0,0
46974,-0.853,83.545,0.0,0.0,456.882,0.0,0.0,0.0,5.732,0,2.0,1.35,309.915,2.3094,36.75,35.35050582885742,4.98,0.0,0
46974,-0.853,83.545,0.0,0.0,456.82,0.0,0.0,-0.2,5.732,0,1.0,1.355,309.825,-1.2784,36.300000000000004,35.35050582885742,4.98,0.0,0
46974,-1.364,83.545,0.0,0.0,456.882,0.0,0.0,0.0,5.732,0,1.0,1.325,309.915,-0.5938,35.25,35.35050582885742,4.98,0.0,0
46974,-1.0230000000000001,83.545,0.0,0.0,457.245,0.0,0.0,0.0,5.732,0,1.0,1.37,309.825,0.7258,34.86,35.35050582885742,4.98,0.0,0
46974,-0.853,83.545,0.0,0.0,457.063,0.0,0.0,0.0,5.732,0,0.0,1.375,309.825,-5.8724,35.160000000000004,35.35050582885742,4.98,0.0,0
46974,-0.682,83.545,0.0,0.0,456.882,0.0,0.0,0.0,5.732,0,0.0,1.335,309.915,-3.0517000000000003,35.7,35.35050582885742,4.98,0.0,0
46974,-1.364,83.545,0.0,0.0,457.003,0.0,0.0,0.0,5.732,0,1.0,1.35,309.915,0.9732000000000001,36.78,35.35050582885742,4.98,0.0,0
46974,-0.853,83.545,0.0,0.0,457.063,0.0,0.0,0.0,5.732,0,1.0,1.34,309.825,2.0867,37.71,35.35050582885742,4.98,0.0,0
46974,-1.194,83.545,0.0,0.0,456.942,0.0,0.0,0.0,5.732,0,2.0,1.34,309.915,-2.7713,38.67,35.35050582885742,4.98,0.0,0
46974,-1.0230000000000001,83.545,0.0,0.0,457.305,0.0,0.0,0.2,5.732,0,1.0,1.365,309.915,2.1362,37.65,35.35050582885742,4.98,0.0,0
46974,-0.853,83.545,0.0,0.0,457.003,0.0,0.0,0.0,5.732,0,2.0,1.375,309.825,0.3299,37.47,35.35050582885742,4.98,0.0,0
46974,-1.0230000000000001,83.545,0.0,0.0,456.882,0.0,0.0,-0.2,5.732,0,1.0,1.405,309.915,0.0907,36.72,35.35050582885742,4.98,0.0,0
46974,-0.853,83.545,0.0,0.0,457.124,0.0,0.0,0.0,5.732,0,1.0,1.365,309.825,0.5444,36.69,35.35050582885742,4.98,0.0,0
46974,-0.853,83.545,0.0,0.0,457.003,0.0,0.0,0.2,5.732,0,1.0,1.33,309.825,-4.1569,36.660000000000004,35.35050582885742,4.98,0.0,0
46974,-0.682,83.545,0.0,0.0,457.184,0.0,0.0,0.0,5.732,0,1.0,1.335,310.005,-2.2599,36.51,35.35050582885742,4.98,0.0,0
46974,-0.853,83.545,0.0,0.0,457.184,0.0,0.0,0.0,5.732,0,2.0,1.365,309.825,2.7713,35.34,35.35050582885742,4.98,0.0,0
46974,-0.853,83.545,0.0,0.0,457.305,0.0,0.0,0.0,5.732,0,1.0,1.34,309.825,-0.5938,35.13,35.35050582885742,4.98,0.0,0
46974,-1.194,83.545,0.0,0.0,457.305,0.0,0.0,0.0,5.732,0,2.0,1.34,309.825,-2.2681,34.65,35.35050582885742,4.98,0.0,0
46974,-0.853,83.545,0.0,0.0,457.063,0.0,0.0,-0.2,5.732,0,1.0,1.35,309.915,1.3032000000000001,35.79,35.35050582885742,4.98,0.0,0
46974,-0.853,83.545,0.0,0.0,456.882,0.0,0.0,0.0,5.732,0,1.0,1.355,309.825,0.8083,37.410000000000004,35.35050582885742,4.98,0.0,0
46974,-0.853,83.545,0.0,0.0,457.124,0.0,0.0,0.0,5.732,0,1.0,1.36,309.915,2.0949,38.34,35.35050582885742,4.98,0.0,0
46974,-0.853,83.545,0.0,0.0,457.124,0.0,0.0,0.0,5.732,0,0.0,1.35,309.825,1.864,38.4,35.35050582885742,4.98,0.0,0
46974,-0.853,83.545,0.0,0.0,457.124,0.0,0.0,0.0,5.732,0,1.0,1.37,309.825,1.5836000000000001,38.4,35.35050582885742,4.98,0.0,0
46974,-1.194,83.545,0.0,0.0,457.365,0.0,0.0,-0.2,5.732,0,0.0,1.36,309.69,-3.596,37.59,35.35050582885742,4.98,0.0,0
46974,-0.512,83.545,0.0,0.0,457.245,0.0,0.0,0.0,5.732,0,0.0,1.35,309.825,-4.6188,36.51,35.35050582885742,4.98,0.0,0
46974,-1.0230000000000001,83.545,0.0,0.0,457.003,0.0,0.0,-0.2,5.732,0,1.0,1.3800000000000001,309.825,-0.7918000000000001,36.24,35.35050582885742,4.98,0.0,0
46974,-0.682,83.545,0.0,0.0,456.882,0.0,0.0,0.0,5.732,0,1.0,1.335,309.915,3.2991,36.75,35.35050582885742,4.98,0.0,0
46974,-0.853,83.545,0.0,0.0,456.882,0.0,0.0,0.0,5.732,0,1.0,1.4000000000000001,309.825,0.5279,36.78,35.35050582885742,4.98,0.0,0
46974,-0.853,83.545,0.0,0.0,457.003,0.0,0.0,0.0,5.732,0,2.0,1.325,309.825,-0.7918000000000001,36.15,35.35050582885742,4.98,0.0,0
46974,-0.853,83.545,0.0,0.0,457.063,0.0,0.0,0.0,5.732,0,1.0,1.375,309.825,1.6496000000000002,35.76,35.35050582885742,4.98,0.0,0
46974,-0.853,83.545,0.0,0.0,457.184,0.0,0.0,0.0,5.732,0,1.0,1.34,309.825,0.0,35.52,35.35050582885742,4.98,0.0,0
46974,-1.0230000000000001,83.545,0.0,0.0,457.124,0.0,0.0,0.0,5.732,0,1.0,1.335,309.825,-1.5836000000000001,34.71,35.35050582885742,4.98,0.0,0
46974,-1.0230000000000001,83.545,0.0,0.0,456.882,0.0,0.0,0.0,5.732,0,1.0,1.33,309.825,1.0557,35.46,35.35050582885742,4.98,0.0,0
46974,-0.853,83.545,0.0,0.0,457.124,0.0,0.0,0.2,5.732,0,1.0,1.385,309.825,0.0,37.38,35.35050582885742,4.98,0.0,0
46974,-0.853,83.545,0.0,0.0,457.124,0.0,0.0,0.2,5.732,0,0.0,1.3800000000000001,309.915,2.1114,38.160000000000004,35.35050582885742,4.98,0.0,0
46974,-0.853,83.545,0.0,0.0,456.882,0.0,0.0,0.0,5.732,0,2.0,1.355,309.825,-0.5279,37.86,35.35050582885742,4.98,0.0,0
46974,-1.194,83.545,0.0,0.0,457.486,0.0,0.0,0.0,5.732,0,1.0,1.335,309.825,-2.1114,37.410000000000004,35.35050582885742,4.98,0.0,0
46974,-0.682,83.545,0.0,0.0,457.063,0.0,0.0,0.0,5.732,0,0.0,1.355,309.825,0.066,36.84,35.35050582885742,4.98,0.0,0
46974,-0.853,83.545,0.0,0.0,457.063,0.0,0.0,0.0,5.732,0,1.0,1.36,309.825,1.0557,35.46,35.35050582885742,4.98,0.0,0
46974,-1.0230000000000001,83.545,0.0,0.0,457.486,0.0,0.0,0.0,5.732,0,1.0,1.3,309.915,0.9897,35.28,35.35050582885742,4.98,0.0,0
46974,-0.853,83.545,0.0,0.0,457.607,0.0,0.0,0.0,5.732,0,2.0,1.35,309.825,-0.2639,35.52,35.35050582885742,4.98,0.0,0
46974,-0.853,83.545,0.0,0.0,457.426,0.0,0.0,0.0,5.732,0,1.0,1.32,309.915,0.9897,35.730000000000004,35.35050582885742,4.98,0.0,0
46974,-0.853,83.545,0.0,0.0,457.607,0.0,0.0,0.2,5.732,0,1.0,1.36,309.915,-0.9238000000000001,35.1,35.35050582885742,4.98,0.0,0
46974,-0.853,83.545,0.0,0.0,457.426,0.0,0.0,0.0,5.732,0,1.0,1.36,309.825,0.0,34.86,35.35050582885742,4.98,0.0,0
46974,-0.682,83.545,0.0,0.0,457.124,0.0,0.0,0.0,5.732,0,1.0,1.355,309.825,-0.9238000000000001,35.28,35.35050582885742,4.98,0.0,0
46974,-0.853,83.545,0.0,0.0,457.365,0.0,0.0,0.0,5.732,0,1.0,1.385,309.825,-0.9897,36.84,35.35050582885742,4.98,0.0,0
46974,-0.853,83.545,0.0,0.0,457.426,0.0,0.0,0.0,5.732,0,2.0,1.365,309.825,0.2639,37.980000000000004,35.35050582885742,4.98,0.0,0
46974,-0.853,83.545,0.0,0.0,457.365,0.0,0.0,0.0,5.732,0,1.0,1.37,309.825,0.0,38.730000000000004,35.35050582885742,4.98,0.0,0
46974,-1.0230000000000001,83.545,0.0,0.0,457.184,0.0,0.0,0.0,5.732,0,1.0,1.37,309.915,1.5836000000000001,38.76,35.35050582885742,4.98,0.0,0
46974,-1.0230000000000001,83.545,0.0,0.0,457.245,0.0,0.0,0.0,5.732,0,1.0,1.34,309.825,1.5836000000000001,38.37,35.35050582885742,4.98,0.0,0
46974,-0.853,83.545,0.0,0.0,457.305,0.0,0.0,0.0,5.732,0,1.0,1.35,309.825,-2.7713,36.99,35.35050582885742,4.98,0.0,0
46974,-0.682,83.545,0.0,0.0,457.245,0.0,0.0,0.0,5.732,0,1.0,1.345,309.915,-2.6393,35.04,35.35050582885742,4.98,0.0,0
46974,-0.682,83.545,0.0,0.0,457.607,0.0,0.0,0.2,5.732,0,1.0,1.36,309.825,4.0909,35.01,35.35050582885742,4.98,0.0,0
46974,-0.853,83.545,0.0,0.0,457.607,0.0,0.0,0.0,5.732,0,1.0,1.35,309.825,4.024900000000001,35.13,35.35050582885742,4.98,0.0,0
46974,-0.682,83.545,0.0,0.0,457.426,0.0,0.0,-0.2,5.732,0,2.0,1.33,309.825,-0.7918000000000001,35.58,35.35050582885742,4.98,0.0,0
46974,-0.853,83.545,0.0,0.0,457.124,0.0,0.0,0.0,5.732,0,1.0,1.34,309.915,0.5279,35.910000000000004,35.35050582885742,4.98,0.0,0
46974,-1.0230000000000001,83.545,0.0,0.0,457.426,0.0,0.0,0.0,5.732,0,1.0,1.33,309.825,1.1877,35.76,35.35050582885742,4.98,0.0,0
46974,-1.194,83.545,0.0,0.0,457.305,0.0,0.0,0.0,5.732,0,1.0,1.315,309.915,-2.2599,36.33,35.35050582885742,4.98,0.0,0
46974,-0.853,83.545,0.0,0.0,457.184,0.0,0.0,0.0,5.732,0,1.0,1.32,309.825,-1.3032000000000001,36.81,35.35050582885742,4.98,0.0,0
46974,-0.853,83.545,0.0,0.0,457.486,0.0,0.0,0.2,5.732,0,0.0,1.2550000000000001,309.825,-0.39590000000000003,36.75,35.35050582885742,4.98,0.0,0
46974,-0.682,83.545,0.0,0.0,457.245,0.0,0.0,0.0,5.732,0,1.0,1.335,309.825,-1.7155,37.53,35.35050582885742,4.98,0.0,0
46974,-0.853,83.545,0.0,0.0,456.942,0.0,0.0,0.0,5.732,0,1.0,1.3800000000000001,309.825,1.1877,38.4,35.35050582885742,4.98,0.0,0
46974,-0.853,83.545,0.0,0.0,457.063,0.0,0.0,0.0,5.732,0,1.0,1.365,309.825,-0.132,39.21,35.35050582885742,4.98,0.0,0
46974,-0.853,83.545,0.0,0.0,457.607,0.0,0.0,0.0,5.732,0,1.0,1.37,309.825,-1.4516,38.88,35.35050582885742,4.98,0.0,0
46974,-0.682,83.545,0.0,0.0,457.426,0.0,0.0,0.0,5.732,0,1.0,1.375,309.825,0.0,37.95,35.35050582885742,4.98,0.0,0
46974,-0.682,83.545,0.0,0.0,457.426,0.0,0.0,0.0,5.732,0,2.0,1.345,309.825,0.0,36.09,35.35050582885742,4.98,0.0,0
46974,-1.194,83.545,0.0,0.0,457.426,0.0,0.0,0.0,5.732,0,1.0,1.385,309.825,1.4516,35.58,35.35050582885742,4.98,0.0,0
46974,-0.682,83.545,0.0,0.0,457.668,0.0,0.0,0.0,5.732,0,0.0,1.315,309.69,-0.6351,34.89,35.35050582885742,4.98,0.0,0
46974,-0.853,83.545,0.0,0.0,457.426,0.0,0.0,0.0,5.732,0,1.0,1.335,309.825,-1.1217000000000001,35.37,35.35050582885742,4.98,0.0,0
46974,-0.853,83.545,0.0,0.0,457.245,0.0,0.0,0.0,5.732,0,1.0,1.31,309.825,0.7258,36.12,35.35050582885742,4.98,0.0,0
46974,-0.853,83.545,0.0,0.0,457.486,0.0,0.0,0.0,5.732,0,1.0,1.27,309.69,0.6846,37.38,35.35050582885742,4.98,0.0,0
46974,-0.853,83.545,0.0,0.0,457.245,0.0,0.0,-0.2,5.732,0,2.0,1.31,309.915,0.8413,38.07,35.35050582885742,4.98,0.0,0
46974,-0.853,83.545,0.0,0.0,457.063,0.0,0.0,0.0,5.732,0,1.0,1.27,309.825,0.5938,38.4,35.35050582885742,4.98,0.0,0
46974,-0.853,83.545,0.0,0.0,457.547,0.0,0.0,-0.2,5.732,0,1.0,1.24,309.825,1.4929000000000001,38.34,35.35050582885742,4.98,0.0,0
46974,-1.0230000000000001,83.545,0.0,0.0,457.668,0.0,0.0,0.0,5.732,0,1.0,1.285,309.915,-2.5898000000000003,38.04,35.35050582885742,4.98,0.0,0
46974,-1.0230000000000001,83.545,0.0,0.0,457.728,0.0,0.0,0.0,5.732,0,1.0,1.33,309.915,-3.0517000000000003,37.800000000000004,35.35050582885742,4.98,0.0,0
46974,-0.853,83.545,0.0,0.0,457.184,0.0,0.0,0.0,5.732,0,1.0,1.345,309.825,1.4516,37.62,35.35050582885742,4.98,0.0,0
46974,-1.194,83.545,0.0,0.0,457.486,0.0,0.0,0.0,5.732,0,1.0,1.28,309.915,-1.3196,36.87,35.35050582885742,4.98,0.0,0
46974,-1.0230000000000001,83.545,0.0,0.0,457.486,0.0,0.0,0.0,5.732,0,1.0,1.305,309.825,-0.7505000000000001,35.910000000000004,35.35050582885742,4.98,0.0,0
46974,-0.682,83.545,0.0,0.0,457.305,0.0,0.0,0.0,5.732,0,1.0,1.335,309.825,1.2537,35.76,35.35050582885742,4.98,0.0,0
46974,-0.853,83.545,0.0,0.0,457.063,0.0,0.0,0.0,5.732,0,2.0,1.355,309.915,2.3341000000000003,35.550000000000004,35.35050582885742,4.98,0.0,0
46974,-0.853,83.545,0.0,0.0,457.245,0.0,0.0,0.0,5.732,0,1.0,1.32,309.915,-2.1939,35.64,35.35050582885742,4.98,0.0,0
46974,-1.0230000000000001,83.545,0.0,0.0,457.245,0.0,0.0,0.0,5.732,0,0.0,1.34,309.825,-2.029,36.45,35.35050582885742,4.98,0.0,0
46974,-0.853,83.545,0.0,0.0,457.426,0.0,0.0,0.0,5.732,0,1.0,1.35,309.825,-0.4454,36.9,35.35050582885742,4.98,0.0,0
46974,-1.0230000000000001,83.545,0.0,0.0,457.426,0.0,0.0,0.0,5.732,0,1.0,1.33,309.825,0.066,36.93,35.35050582885742,4.98,0.0,0
46974,-1.0230000000000001,83.545,0.0,0.0,457.184,0.0,0.0,0.2,5.732,0,1.0,1.335,309.915,0.0,37.89,35.35050582885742,4.98,0.0,0
46974,-0.853,83.545,0.0,0.0,457.305,0.0,0.0,0.0,5.732,0,2.0,1.325,309.825,1.5836000000000001,38.19,35.35050582885742,4.98,0.0,0
46974,-1.194,83.545,0.0,0.0,457.426,0.0,0.0,0.0,5.732,0,0.0,1.345,309.69,-3.8270000000000004,37.89,35.35050582885742,4.98,0.0,0
46974,-0.853,83.545,0.0,0.0,457.426,0.0,0.0,0.0,5.732,0,1.0,1.355,309.915,-6.334300000000001,37.35,35.35050582885742,4.98,0.0,0
46974,-1.0230000000000001,83.545,0.0,0.0,457.124,0.0,0.0,0.0,5.732,0,2.0,1.315,309.915,5.1466,36.6,35.35050582885742,4.98,0.0,0
46974,-0.682,83.545,0.0,0.0,457.063,0.0,0.0,0.0,5.732,0,1.0,1.3,309.825,5.4435,36.45,35.35050582885742,4.98,0.0,0
46974,-0.853,83.545,0.0,0.0,457.124,0.0,0.0,0.0,5.732,0,1.0,1.345,309.915,-2.1114,37.2,35.35050582885742,4.98,0.0,0
46974,-1.0230000000000001,83.545,0.0,0.0,457.063,0.0,0.0,-0.2,5.732,0,0.0,1.32,309.825,-0.46190000000000003,37.17,35.35050582885742,4.98,0.0,0
46974,-0.682,83.545,0.0,0.0,457.245,0.0,0.0,-0.2,5.732,0,1.0,1.35,309.915,1.0557,36.39,35.35050582885742,4.98,0.0,0
46974,-0.853,83.545,0.0,0.0,457.486,0.0,0.0,0.0,5.732,0,2.0,1.335,309.915,2.1114,35.52,35.35050582885742,4.98,0.0,0
46974,-0.853,83.545,0.0,0.0,457.305,0.0,0.0,0.0,5.732,0,1.0,1.325,310.005,5.2786,35.43,35.35050582885742,4.98,0.0,0
46974,-0.853,83.545,0.0,0.0,457.245,0.0,0.0,0.0,5.732,0,2.0,1.325,309.825,1.1217000000000001,36.27,35.35050582885742,4.98,0.0,0
46974,-0.512,83.545,0.0,0.0,457.305,0.0,0.0,0.0,5.732,0,1.0,1.365,309.915,-2.9032,37.26,35.35050582885742,4.98,0.0,0
46974,-0.853,83.545,0.0,0.0,457.426,0.0,0.0,0.0,5.732,0,0.0,1.32,309.825,-3.0352,38.19,35.35050582885742,4.98,0.0,0
46974,-0.853,83.545,0.0,0.0,456.942,0.0,0.0,0.0,5.732,0,1.0,1.345,309.825,-1.0557,37.65,35.35050582885742,4.98,0.0,0
46974,-1.0230000000000001,83.545,0.0,0.0,457.124,0.0,0.0,0.0,5.732,0,1.0,1.34,309.69,-3.0022,37.68,35.35050582885742,4.98,0.0,0
46974,-0.682,83.545,0.0,0.0,457.063,0.0,0.0,0.0,5.732,0,1.0,1.315,309.825,-1.4516,37.65,35.35050582885742,4.98,0.0,0
46974,-0.853,83.545,0.0,0.0,457.063,0.0,0.0,0.0,5.732,0,2.0,1.36,309.69,-2.2764,37.44,35.35050582885742,4.98,0.0,0
46974,-1.0230000000000001,83.545,0.0,0.0,456.882,0.0,0.0,0.0,5.732,0,1.0,1.355,309.825,1.5836000000000001,37.5,35.35050582885742,4.98,0.0,0
46974,-0.853,83.545,0.0,0.0,456.882,0.0,0.0,0.0,5.732,0,0.0,1.325,309.915,3.3651,36.96,35.35050582885742,4.98,0.0,0
46974,-1.0230000000000001,83.545,0.0,0.0,457.547,0.0,0.0,-0.2,5.732,0,1.0,1.34,309.825,3.8270000000000004,36.36,35.35050582885742,4.98,0.0,0
46974,-0.512,83.545,0.0,0.0,457.607,0.0,0.0,0.0,5.732,0,1.0,1.34,309.825,-0.5279,35.58,35.35050582885742,4.98,0.0,0
46974,-1.0230000000000001,83.545,0.0,0.0,457.245,0.0,0.0,0.2,5.732,0,3.0,1.345,309.69,-3.563,34.65,35.35050582885742,4.98,0.0,0
46974,-0.853,83.545,0.0,0.0,456.82,0.0,0.0,0.0,5.732,0,2.0,1.33,309.915,-1.6496000000000002,35.13,35.35050582885742,4.98,0.0,0
46974,-0.853,83.545,0.0,0.0,456.82,0.0,0.0,0.0,5.732,0,0.0,1.31,309.915,-1.3361,35.13,35.35050582885742,4.98,0.0,0
46974,-0.853,83.545,0.0,0.0,457.245,0.0,0.0,0.0,5.732,0,0.0,1.34,309.825,-0.39590000000000003,36.6,35.35050582885742,4.98,0.0,0
46974,-0.853,83.545,0.0,0.0,457.245,0.0,0.0,0.0,5.732,0,0.0,1.335,309.915,-0.1072,38.730000000000004,35.35050582885742,4.98,0.0,0
46974,-0.853,83.545,0.0,0.0,457.365,0.0,0.0,0.0,5.732,0,1.0,1.31,309.825,0.41240000000000004,39.12,35.35050582885742,4.98,0.0,0
46974,-0.853,83.545,0.0,0.0,457.426,0.0,0.0,0.0,5.732,0,2.0,1.29,309.915,2.0949,38.82,35.35050582885742,4.98,0.0,0
46974,-0.853,83.545,0.0,0.0,457.245,0.0,0.0,0.0,5.732,0,1.0,1.345,310.005,-3.6455,37.17,35.35050582885742,4.98,0.0,0
46974,-0.682,83.545,0.0,0.0,457.426,0.0,0.0,0.0,5.732,0,2.0,1.31,309.825,-0.5938,35.67,35.35050582885742,4.98,0.0,0
46974,-1.0230000000000001,83.545,0.0,0.0,457.365,0.0,0.0,0.0,5.732,0,0.0,1.31,309.825,0.34640000000000004,35.97,35.35050582885742,4.98,0.0,0
46974,-0.853,83.545,0.0,0.0,457.124,0.0,0.0,0.0,5.732,0,1.0,1.32,309.825,-1.3444,36.78,35.35050582885742,4.98,0.0,0
46974,-0.853,83.545,0.0,0.0,457.003,0.0,0.0,0.0,5.732,0,0.0,1.305,309.915,0.9073,37.230000000000004,35.35050582885742,4.98,0.0,0
46974,-0.853,83.545,0.0,0.0,456.942,0.0,0.0,0.0,5.732,0,2.0,1.29,309.825,1.5836000000000001,36.84,35.35050582885742,4.98,0.0,0
46974,-1.0230000000000001,83.545,0.0,0.0,457.426,0.0,0.0,0.0,5.732,0,1.0,1.355,309.825,-2.9692000000000003,35.61,35.35050582885742,4.98,0.0,0
46974,-0.853,83.545,0.0,0.0,457.124,0.0,0.0,0.0,5.732,0,3.0,1.355,309.69,-5.3693,34.800000000000004,35.35050582885742,4.98,0.0,0
46974,-1.0230000000000001,83.545,0.0,0.0,457.426,0.0,0.0,0.0,5.732,0,1.0,1.3,309.825,2.9032,34.74,35.35050582885742,4.98,0.0,0
46974,-0.853,83.545,0.0,0.0,457.486,0.0,0.0,0.0,5.732,0,2.0,1.305,309.825,1.3856000000000002,35.97,35.35050582885742,4.98,0.0,0
46974,-0.853,83.545,0.0,0.0,457.607,0.0,0.0,0.0,5.732,0,1.0,1.3,309.825,2.4166000000000003,37.14,35.35050582885742,4.98,0.0,0
46974,-0.853,83.545,0.0,0.0,457.607,0.0,0.0,0.0,5.732,0,0.0,1.335,309.825,1.4846000000000001,37.35,35.35050582885742,4.98,0.0,0
46974,-0.682,83.545,0.0,0.0,457.426,0.0,0.0,0.0,5.732,0,0.0,1.295,309.825,-0.2639,38.61,35.35050582885742,4.98,0.0,0
46974,-0.682,83.545,0.0,0.0,457.426,0.0,0.0,0.0,5.732,0,1.0,1.305,309.915,-0.5938,37.92,35.35050582885742,4.98,0.0,0
46974,-0.682,83.545,0.0,0.0,457.063,0.0,0.0,0.0,5.732,0,2.0,1.33,309.825,0.7918000000000001,36.660000000000004,35.35050582885742,4.98,0.0,0
46974,-0.682,83.545,0.0,0.0,457.124,0.0,0.0,0.0,5.732,0,2.0,1.31,309.825,0.5279,36.03,35.35050582885742,4.98,0.0,0
46974,-1.0230000000000001,83.545,0.0,0.0,457.305,0.0,0.0,0.0,5.732,0,1.0,1.315,309.915,-0.2639,35.31,35.35050582885742,4.98,0.0,0
46974,-0.853,83.545,0.0,0.0,457.245,0.0,0.0,0.0,5.732,0,0.0,1.34,309.825,0.5279,35.37,35.35050582885742,4.98,0.0,0
46974,-0.853,83.545,0.0,0.0,457.426,0.0,0.0,0.0,5.732,0,0.0,1.305,309.825,0.7918000000000001,35.22,35.35050582885742,4.98,0.0,0
46974,-0.853,83.545,0.0,0.0,457.607,0.0,0.0,0.0,5.732,0,1.0,1.295,309.825,-2.0455,35.28,35.35050582885742,4.98,0.0,0
46974,-0.853,83.545,0.0,0.0,457.668,0.0,0.0,0.0,5.732,0,2.0,1.315,309.915,0.5279,35.01,35.35050582885742,4.98,0.0,0
46974,-0.682,83.545,0.0,0.0,457.486,0.0,0.0,0.0,5.732,0,2.0,1.315,309.825,-1.0557,35.22,35.35050582885742,4.98,0.0,0
46974,-1.0230000000000001,83.545,0.0,0.0,457.245,0.0,0.0,0.0,5.732,0,2.0,1.35,309.825,0.9238000000000001,35.49,35.35050582885742,4.98,0.0,0
46974,-0.853,83.545,0.0,0.0,457.245,0.0,0.0,0.0,5.732,0,1.0,1.32,309.915,5.0147,36.660000000000004,35.35050582885742,4.98,0.0,0
46974,-0.682,83.545,0.0,0.0,457.426,0.0,0.0,0.0,5.732,0,0.0,1.35,309.825,-0.5279,38.19,35.35050582885742,4.98,0.0,0
46974,-0.853,83.545,0.0,0.0,457.547,0.0,0.0,0.0,5.732,0,1.0,1.315,309.825,-4.7507,38.1,35.35050582885742,4.98,0.0,0
46974,-0.853,83.545,0.0,0.0,457.607,0.0,0.0,0.0,5.732,0,2.0,1.305,309.915,0.39590000000000003,37.59,35.35050582885742,4.98,0.0,0
46974,-1.0230000000000001,83.545,0.0,0.0,457.668,0.0,0.0,0.0,5.732,0,2.0,1.33,309.825,2.9032,36.72,35.35050582885742,4.98,0.0,0
46974,-0.853,83.545,0.0,0.0,457.245,0.0,0.0,0.0,5.732,0,2.0,1.35,309.825,-0.7918000000000001,35.85,35.35050582885742,4.98,0.0,0
46974,-0.853,83.545,0.0,0.0,457.426,0.0,0.0,0.0,5.732,0,1.0,1.3,309.825,0.066,35.04,35.35050582885742,4.98,0.0,0
46974,-0.853,83.545,0.0,0.0,457.426,0.0,0.0,0.0,5.732,0,0.0,1.31,309.825,0.41240000000000004,35.1,35.35050582885742,4.98,0.0,0
46974,-0.853,83.545,0.0,0.0,457.668,0.0,0.0,0.0,5.732,0,1.0,1.28,309.69,1.7403000000000002,35.07,35.35050582885742,4.98,0.0,0
46974,-0.512,83.545,0.0,0.0,457.607,0.0,0.0,0.0,5.732,0,0.0,1.32,309.69,-3.5383,34.980000000000004,35.35050582885742,4.98,0.0,0
46974,-0.853,83.545,0.0,0.0,457.789,0.0,0.0,0.0,5.732,0,1.0,1.32,309.825,0.7918000000000001,35.28,35.35050582885742,4.98,0.0,0
46974,-0.341,83.545,0.0,0.0,457.607,0.0,0.0,0.0,5.732,0,2.0,1.345,309.825,2.6558,35.52,35.35050582885742,4.98,0.0,0
46974,-1.0230000000000001,83.545,0.0,0.0,457.547,0.0,0.0,-0.2,5.732,0,1.0,1.295,309.825,0.23920000000000002,35.97,35.35050582885742,4.98,0.0,0
46974,-1.0230000000000001,83.545,0.0,0.0,457.547,0.0,0.0,0.0,5.732,0,0.0,1.325,309.825,-0.4289,36.15,35.35050582885742,4.98,0.0,0
46974,-1.194,83.545,0.0,0.0,457.426,0.0,0.0,0.0,5.732,0,0.0,1.295,309.825,2.9692000000000003,35.730000000000004,35.35050582885742,4.98,0.0,0
46974,-0.853,83.545,0.0,0.0,457.245,0.0,0.0,0.0,5.732,0,1.0,1.365,309.915,1.3196,36.84,35.35050582885742,4.98,0.0,0
46974,-1.0230000000000001,83.545,0.0,0.0,457.547,0.0,0.0,0.0,5.732,0,1.0,1.335,309.915,0.2474,36.99,35.35050582885742,4.98,0.0,0
46974,-1.194,83.545,0.0,0.0,457.607,0.0,0.0,0.0,5.732,0,2.0,1.315,309.825,1.2042000000000002,36.78,35.35050582885742,4.98,0.0,0
46974,-0.853,83.545,0.0,0.0,457.547,0.0,0.0,0.0,5.732,0,2.0,1.305,309.825,0.0165,36.06,35.35050582885742,4.98,0.0,0
46974,-0.853,83.545,0.0,0.0,457.245,0.0,0.0,0.0,5.732,0,1.0,1.33,309.825,-1.0557,36.03,35.35050582885742,4.98,0.0,0
46974,-1.0230000000000001,83.545,0.0,0.0,457.063,0.0,0.0,0.0,5.732,0,0.0,1.3,309.915,-1.6661000000000001,35.49,35.35050582885742,4.98,0.0,0
46974,-0.853,83.545,0.0,0.0,457.245,0.0,0.0,0.0,5.732,0,0.0,1.32,309.915,1.3856000000000002,34.77,35.35050582885742,4.98,0.0,0
46974,-0.682,83.545,0.0,0.0,457.245,0.0,0.0,0.0,5.732,0,0.0,1.315,309.69,2.4661,34.230000000000004,35.35050582885742,4.98,0.0,0
46974,-1.194,83.545,0.0,0.0,456.942,0.0,0.0,0.0,5.732,0,1.0,1.28,309.915,-2.4826,34.65,35.35050582885742,4.98,0.0,0
46974,-0.682,83.545,0.0,0.0,457.426,0.0,0.0,0.0,5.732,0,3.0,1.32,309.915,-0.3299,35.43,35.35050582885742,4.98,0.0,0
46974,-0.853,83.545,0.0,0.0,457.426,0.0,0.0,0.0,5.732,0,1.0,1.355,309.825,2.7218,35.730000000000004,35.35050582885742,4.98,0.0,0
46974,-0.853,83.545,0.0,0.0,457.305,0.0,0.0,0.0,5.732,0,1.0,1.315,309.69,-3.5218000000000003,36.33,35.35050582885742,4.98,0.0,0
46974,-0.682,83.545,0.0,0.0,457.426,0.0,0.0,0.0,5.732,0,0.0,1.345,309.69,-4.3136,36.36,35.35050582885742,4.98,0.0,0
46974,-0.853,83.545,0.0,0.0,457.607,0.0,0.0,0.0,5.732,0,0.0,1.345,309.915,0.2474,36.18,35.35050582885742,4.98,0.0,0
46974,-0.682,83.545,0.0,0.0,457.607,0.0,0.0,0.0,5.732,0,0.0,1.345,309.915,0.9897,36.09,35.35050582885742,4.98,0.0,0
46974,-0.682,83.545,0.0,0.0,457.365,0.0,0.0,0.0,5.732,0,1.0,1.34,309.69,1.9795,36.27,35.35050582885742,4.98,0.0,0
46974,-0.853,83.545,0.0,0.0,457.184,0.0,0.0,0.0,5.732,0,2.0,1.335,309.825,0.165,36.36,35.35050582885742,4.98,0.0,0
46974,-0.682,83.545,0.0,0.0,457.547,0.0,0.0,0.0,5.732,0,2.0,1.35,309.825,-3.9589000000000003,36.69,35.35050582885742,4.98,0.0,0
46974,-0.682,83.545,0.0,0.0,457.305,0.0,0.0,-0.2,5.732,0,1.0,1.32,309.915,2.4743,36.75,35.35050582885742,4.98,0.0,0
46974,-1.0230000000000001,83.545,0.0,0.0,457.063,0.0,0.0,0.2,5.732,0,0.0,1.3,309.825,3.4311000000000003,36.42,35.35050582885742,4.98,0.0,0
46974,-0.682,83.545,0.0,0.0,457.305,0.0,0.0,0.0,5.732,0,0.0,1.295,309.825,1.8475000000000001,35.43,35.35050582885742,4.98,0.0,0
46974,-0.853,83.545,0.0,0.0,457.365,0.0,0.0,0.0,5.732,0,0.0,1.335,309.825,-2.1114,34.77,35.35050582885742,4.98,0.0,0
46974,-0.853,83.545,0.0,0.0,456.882,0.0,0.0,0.0,5.732,0,0.0,1.32,309.825,-0.5279,34.410000000000004,35.35050582885742,4.98,0.0,0
46974,-0.853,83.545,0.0,0.0,457.063,0.0,0.0,0.2,5.732,0,1.0,1.31,309.825,-0.2639,34.5,35.35050582885742,4.98,0.0,0
46974,-0.853,83.545,0.0,0.0,457.305,0.0,0.0,0.0,5.732,0,3.0,1.345,309.825,0.0,36.15,35.35050582885742,4.98,0.0,0
46974,-1.0230000000000001,83.545,0.0,0.0,457.305,0.0,0.0,0.0,5.732,0,1.0,1.285,309.825,1.5836000000000001,37.410000000000004,35.35050582885742,4.98,0.0,0
46974,-0.682,83.545,0.0,0.0,457.063,0.0,0.0,0.0,5.732,0,1.0,1.325,309.825,-1.0557,37.2,35.35050582885742,4.98,0.0,0
46974,-0.853,83.545,0.0,0.0,457.063,0.0,0.0,0.0,5.732,0,1.0,1.32,309.825,-1.3196,37.11,35.35050582885742,4.98,0.0,0
46974,-1.0230000000000001,83.545,0.0,0.0,457.245,0.0,0.0,0.0,5.732,0,0.0,1.365,309.69,-1.0310000000000001,36.63,35.35050582885742,4.98,0.0,0
46974,-0.853,83.545,0.0,0.0,457.245,0.0,0.0,0.0,5.732,0,1.0,1.335,309.825,-1.5176,36.18,35.35050582885742,4.98,0.0,0
46974,-0.853,83.545,0.0,0.0,457.124,0.0,0.0,0.0,5.732,0,2.0,1.33,309.825,-3.4311000000000003,36.15,35.35050582885742,4.98,0.0,0
46974,-0.682,83.545,0.0,0.0,457.124,0.0,0.0,0.0,5.732,0,3.0,1.345,309.825,1.9795,37.050000000000004,35.35050582885742,4.98,0.0,0
46974,-0.682,83.545,0.0,0.0,457.305,0.0,0.0,0.2,5.732,0,2.0,1.32,309.825,1.3196,37.2,35.35050582885742,4.98,0.0,0
46974,-0.853,83.545,0.0,0.0,457.486,0.0,0.0,-0.2,5.732,0,1.0,1.345,309.825,1.3609,36.63,35.35050582885742,4.98,0.0,0
46974,-0.853,83.545,0.0,0.0,457.728,0.0,0.0,0.0,5.732,0,0.0,1.3,309.69,2.2022,36.09,35.35050582885742,4.98,0.0,0
46974,-0.682,83.545,0.0,0.0,457.728,0.0,0.0,0.0,5.732,0,1.0,1.29,309.825,-1.5011,34.53,35.35050582885742,4.98,0.0,0
46974,-0.682,83.545,0.0,0.0,457.607,0.0,0.0,0.0,5.732,0,1.0,1.325,309.825,1.3856000000000002,34.05,35.35050582885742,4.98,0.0,0
46974,-0.853,83.545,0.0,0.0,457.607,0.0,0.0,0.0,5.732,0,1.0,1.29,309.825,3.9095,34.53,35.35050582885742,4.98,0.0,0
46974,-1.194,83.545,0.0,0.0,457.365,0.0,0.0,0.2,5.732,0,2.0,1.32,309.915,-2.8537000000000003,36.24,35.35050582885742,4.98,0.0,0
46974,-0.853,83.545,0.0,0.0,457.365,0.0,0.0,0.0,5.732,0,2.0,1.305,309.825,-1.3691,37.53,35.35050582885742,4.98,0.0,0
46974,-0.853,83.545,0.0,0.0,457.728,0.0,0.0,0.0,5.732,0,1.0,1.295,309.825,3.8930000000000002,38.13,35.35050582885742,4.98,0.0,0
46974,-0.682,83.545,0.0,0.0,457.486,0.0,0.0,0.0,5.732,0,0.0,1.35,309.825,-0.6846,38.25,35.35050582885742,4.98,0.0,0
46974,-0.853,83.545,0.0,0.0,457.124,0.0,0.0,0.0,5.732,0,0.0,1.315,309.825,0.5279,37.68,35.35050582885742,4.98,0.0,0
46974,-0.682,83.545,0.0,0.0,457.426,0.0,0.0,0.2,5.732,0,2.0,1.33,309.825,-0.2474,37.32,35.35050582885742,4.98,0.0,0
46974,-0.853,83.545,0.0,0.0,457.245,0.0,0.0,0.0,5.732,0,2.0,1.33,309.915,1.0392000000000001,36.84,35.35050582885742,4.98,0.0,0
46974,-0.853,83.545,0.0,0.0,456.76,0.0,0.0,0.0,5.732,0,2.0,1.37,309.825,2.1279,36.18,35.35050582885742,4.98,0.0,0
46974,-0.682,83.545,0.0,0.0,456.942,0.0,0.0,0.0,5.732,0,2.0,1.325,309.825,-0.9238000000000001,36.12,35.35050582885742,4.98,0.0,0
46974,-1.0230000000000001,83.545,0.0,0.0,457.365,0.0,0.0,0.0,5.732,0,1.0,1.3,309.69,-5.1714,35.730000000000004,35.35050582885742,4.98,0.0,0
46974,-0.682,83.545,0.0,0.0,457.547,0.0,0.0,0.0,5.732,0,0.0,1.315,309.825,-1.9135000000000002,35.37,35.35050582885742,4.98,0.0,0
46974,-0.853,83.545,0.0,0.0,457.426,0.0,0.0,0.0,5.732,0,0.0,1.29,309.825,0.47840000000000005,35.4,35.35050582885742,4.98,0.0,0
46974,-0.682,83.545,0.0,0.0,457.245,0.0,0.0,0.0,5.732,0,1.0,1.29,309.825,3.3404000000000003,36.21,35.35050582885742,4.98,0.0,0
46974,-0.853,83.545,0.0,0.0,457.245,0.0,0.0,0.0,5.732,0,2.0,1.285,309.915,2.7548,37.17,35.35050582885742,4.98,0.0,0
46974,-0.853,83.545,0.0,0.0,457.245,0.0,0.0,0.0,5.732,0,2.0,1.32,309.915,2.9032,37.2,35.35050582885742,4.98,0.0,0
46974,-0.853,83.545,0.0,0.0,457.486,0.0,0.0,0.0,5.732,0,2.0,1.31,309.69,0.099,37.89,35.35050582885742,4.98,0.0,0
46974,-0.682,83.545,0.0,0.0,457.305,0.0,0.0,0.0,5.732,0,1.0,1.31,309.825,-1.9795,38.31,35.35050582885742,4.98,0.0,0
46974,-0.853,83.545,0.0,0.0,457.486,0.0,0.0,0.0,5.732,0,0.0,1.285,309.825,-6.796200000000001,37.980000000000004,35.35050582885742,4.98,0.0,0
46974,-0.682,83.545,0.0,0.0,457.365,0.0,0.0,0.0,5.732,0,0.0,1.31,309.825,1.4516,37.08,35.35050582885742,4.98,0.0,0
46974,-0.853,83.545,0.0,0.0,457.305,0.0,0.0,0.0,5.732,0,0.0,1.285,309.825,2.6393,36.51,35.35050582885742,4.98,0.0,0
46974,-0.853,83.545,0.0,0.0,457.184,0.0,0.0,0.0,5.732,0,2.0,1.315,309.825,-0.6598,36.03,35.35050582885742,4.98,0.0,0
46974,-0.853,83.545,0.0,0.0,457.245,0.0,0.0,0.0,5.732,0,2.0,1.29,309.825,0.0,36.0,35.35050582885742,4.98,0.0,0
46974,-0.853,83.545,0.0,0.0,457.305,0.0,0.0,0.0,5.732,0,2.0,1.33,309.915,1.8475000000000001,35.61,35.35050582885742,4.98,0.0,0
46974,-0.853,83.545,0.0,0.0,457.184,0.0,0.0,0.0,5.732,0,1.0,1.305,309.825,1.5836000000000001,35.37,35.35050582885742,4.98,0.0,0
46974,-1.0230000000000001,83.545,0.0,0.0,457.486,0.0,0.0,0.0,5.732,0,1.0,1.285,309.825,-1.0557,35.37,35.35050582885742,4.98,0.0,0
46974,-0.853,83.545,0.0,0.0,457.245,0.0,0.0,0.0,5.732,0,0.0,1.3,309.825,-3.8930000000000002,35.64,35.35050582885742,4.98,0.0,0
46974,-0.853,83.545,0.0,0.0,456.882,0.0,0.0,0.0,5.732,0,1.0,1.3,309.825,0.6598,36.45,35.35050582885742,4.98,0.0,0
46974,-0.853,83.545,0.0,0.0,457.003,0.0,0.0,0.0,5.732,0,2.0,1.31,309.825,0.0,38.07,35.35050582885742,4.98,0.0,0
46974,-0.682,83.545,0.0,0.0,456.942,0.0,0.0,0.0,5.732,0,2.0,1.315,309.915,0.5279,38.94,35.35050582885742,4.98,0.0,0
46974,-1.0230000000000001,83.545,0.0,0.0,457.003,0.0,0.0,0.0,5.732,0,2.0,1.33,309.825,3.1672000000000002,38.82,35.35050582885742,4.98,0.0,0
46974,-1.0230000000000001,83.545,0.0,0.0,456.882,0.0,0.0,0.0,5.732,0,1.0,1.3,309.915,2.3754,37.800000000000004,35.35050582885742,4.98,0.0,0
46974,-0.853,83.545,0.0,0.0,456.882,0.0,0.0,0.0,5.732,0,0.0,1.285,309.825,-3.1012,36.69,35.35050582885742,4.98,0.0,0
46974,-0.853,83.545,0.0,0.0,457.365,0.0,0.0,0.0,5.732,0,0.0,1.295,309.915,1.0557,36.660000000000004,35.35050582885742,4.98,0.0,0
46974,-0.682,83.545,0.0,0.0,457.365,0.0,0.0,0.0,5.732,0,0.0,1.335,309.915,0.5279,36.480000000000004,35.35050582885742,4.98,0.0,0
46974,-0.853,83.545,0.0,0.0,457.003,0.0,0.0,0.0,5.732,0,2.0,1.305,309.915,1.8475000000000001,35.85,35.35050582885742,4.98,0.0,0
46974,-1.0230000000000001,83.545,0.0,0.0,456.76,0.0,0.0,0.0,5.732,0,2.0,1.2750000000000001,309.825,-2.3094,36.06,35.35050582885742,4.98,0.0,0
46974,-0.853,83.545,0.0,0.0,457.245,0.0,0.0,0.0,5.732,0,1.0,1.285,309.825,-3.2991,36.24,35.35050582885742,4.98,0.0,0
46974,-0.853,83.545,0.0,0.0,457.063,0.0,0.0,0.0,5.732,0,1.0,1.325,309.825,-0.9897,35.76,35.35050582885742,4.98,0.0,0
46974,-0.682,83.545,0.0,0.0,457.063,0.0,0.0,0.0,5.732,0,0.0,1.345,309.825,-1.3196,36.63,35.35050582885742,4.98,0.0,0
46974,-0.853,83.545,0.0,0.0,457.245,0.0,0.0,0.0,5.732,0,0.0,1.34,309.825,-1.4516,36.81,35.35050582885742,4.98,0.0,0
46974,-0.682,83.545,0.0,0.0,457.365,0.0,0.0,0.0,5.732,0,2.0,1.295,309.825,0.0,38.22,35.35050582885742,4.98,0.0,0
46974,-0.853,83.545,0.0,0.0,457.063,0.0,0.0,0.0,5.732,0,1.0,1.28,309.825,1.1877,38.49,35.35050582885742,4.98,0.0,0
46974,-0.853,83.545,0.0,0.0,457.063,0.0,0.0,0.0,5.732,0,1.0,1.3800000000000001,309.915,1.3032000000000001,38.910000000000004,35.35050582885742,4.98,0.0,0
46974,-0.853,83.545,0.0,0.0,457.063,0.0,0.0,0.0,5.732,0,1.0,1.32,309.915,-0.28040000000000004,38.79,35.35050582885742,4.98,0.0,0
46974,-0.853,83.545,0.0,0.0,456.82,0.0,0.0,0.2,5.732,0,0.0,1.285,309.915,1.699,38.7,35.35050582885742,4.98,0.0,0
46974,-0.853,83.545,0.0,0.0,457.305,0.0,0.0,-0.2,5.732,0,0.0,1.325,309.69,-0.2227,36.9,35.35050582885742,4.98,0.0,0
46974,-0.853,83.545,0.0,0.0,457.305,0.0,0.0,0.0,5.732,0,0.0,1.295,309.825,-1.9135000000000002,35.76,35.35050582885742,4.98,0.0,0
46974,-0.682,83.545,0.0,0.0,457.486,0.0,0.0,-0.2,5.732,0,2.0,1.32,309.915,0.066,35.31,35.35050582885742,4.98,0.0,0
46974,-0.853,83.545,0.0,0.0,457.245,0.0,0.0,0.2,5.732,0,2.0,1.29,309.825,1.6661000000000001,35.31,35.35050582885742,4.98,0.0,0
46974,-0.853,83.545,0.0,0.0,456.942,0.0,0.0,0.0,5.732,0,1.0,1.225,309.915,0.3794,35.82,35.35050582885742,4.98,0.0,0
46974,-0.682,83.545,0.0,0.0,457.003,0.0,0.0,0.0,5.732,0,1.0,1.285,309.825,-0.39590000000000003,36.81,35.35050582885742,4.98,0.0,0
46974,-0.853,83.545,0.0,0.0,456.82,0.0,0.0,0.0,5.732,0,0.0,1.29,309.825,-1.3196,37.44,35.35050582885742,4.98,0.0,0
46974,-0.853,83.545,0.0,0.0,456.82,0.0,0.0,0.0,5.732,0,1.0,1.2750000000000001,309.825,-1.5836000000000001,37.38,35.35050582885742,4.98,0.0,0
46974,-0.853,83.545,0.0,0.0,457.305,0.0,0.0,0.0,5.732,0,1.0,1.22,309.825,-1.8475000000000001,37.29,35.35050582885742,4.98,0.0,0
46974,-0.853,83.545,0.0,0.0,457.547,0.0,0.0,0.0,5.732,0,2.0,1.33,309.825,2.6393,37.410000000000004,35.35050582885742,4.98,0.0,0
46974,-0.682,83.545,0.0,0.0,457.184,0.0,0.0,-0.2,5.732,0,1.0,1.245,309.825,1.3196,37.26,35.35050582885742,4.98,0.0,0
46974,-0.512,83.545,0.0,0.0,457.245,0.0,0.0,0.0,5.732,0,1.0,1.405,309.915,-4.024900000000001,37.980000000000004,35.35050582885742,4.98,0.0,0
46974,-0.512,83.545,0.0,0.0,457.486,0.0,0.0,0.0,5.732,0,1.0,1.295,309.825,-0.9238000000000001,37.800000000000004,35.35050582885742,4.98,0.0,0
46974,-0.853,83.545,0.0,0.0,457.607,0.0,0.0,0.0,5.732,0,0.0,1.335,309.825,1.0557,38.31,35.35050582885742,4.98,0.0,0
46974,-0.853,83.545,0.0,0.0,457.063,0.0,0.0,0.0,5.732,0,1.0,1.335,309.825,-1.8475000000000001,38.160000000000004,35.35050582885742,4.98,0.0,0
46974,-0.682,83.545,0.0,0.0,457.245,0.0,0.0,0.0,5.732,0,1.0,1.25,309.915,3.629,36.63,35.35050582885742,4.98,0.0,0
46974,-0.853,83.545,0.0,0.0,457.184,0.0,0.0,0.0,5.732,0,1.0,1.3,309.825,0.7918000000000001,34.89,35.35050582885742,4.98,0.0,0
46974,-0.682,83.545,0.0,0.0,457.184,0.0,0.0,0.0,5.732,0,2.0,1.285,309.825,-1.5836000000000001,34.59,35.35050582885742,4.98,0.0,0
46974,-0.853,83.545,0.0,0.0,457.547,0.0,0.0,0.0,5.732,0,0.0,1.245,309.69,-4.3548,35.1,35.35050582885742,4.98,0.0,0
46974,-0.853,83.545,0.0,0.0,457.607,0.0,0.0,0.0,5.732,0,0.0,1.2650000000000001,309.825,-0.7918000000000001,36.06,35.35050582885742,4.98,0.0,0
46974,-0.853,83.545,0.0,0.0,457.426,0.0,0.0,0.0,5.732,0,0.0,1.295,309.915,2.7713,37.53,35.35050582885742,4.98,0.0,0
46974,-0.682,83.545,0.0,0.0,457.063,0.0,0.0,0.0,5.732,0,0.0,1.3,309.825,2.5403000000000002,38.07,35.35050582885742,4.98,0.0,0
46974,-0.853,83.545,0.0,0.0,457.245,0.0,0.0,0.0,5.732,0,2.0,1.26,310.005,2.3754,38.19,35.35050582885742,4.98,0.0,0
46974,-0.682,83.545,0.0,0.0,457.245,0.0,0.0,0.0,5.732,0,3.0,1.2750000000000001,309.825,1.7155,38.28,35.35050582885742,4.98,0.0,0
46974,-0.853,83.545,0.0,0.0,457.668,0.0,0.0,0.0,5.732,0,1.0,1.31,309.915,-1.7155,37.800000000000004,35.35050582885742,4.98,0.0,0
46974,-0.512,83.545,0.0,0.0,457.245,0.0,0.0,0.0,5.732,0,1.0,1.215,309.825,-1.1877,37.26,35.35050582885742,4.98,0.0,0
46974,-0.682,83.545,0.0,0.0,457.245,0.0,0.0,0.0,5.732,0,0.0,1.295,309.825,-0.23090000000000002,36.78,35.35050582885742,4.98,0.0,0
46974,-0.853,83.545,0.0,0.0,457.426,0.0,0.0,0.0,5.732,0,0.0,1.33,309.915,0.39590000000000003,36.81,35.35050582885742,4.98,0.0,0
46974,-0.853,83.545,0.0,0.0,457.245,0.0,0.0,0.0,5.732,0,0.0,1.2550000000000001,309.915,2.4908,36.84,35.35050582885742,4.98,0.0,0
46974,-0.853,83.545,0.0,0.0,457.426,0.0,0.0,0.0,5.732,0,2.0,1.28,309.825,-1.0557,36.21,35.35050582885742,4.98,0.0,0
46974,-0.853,83.545,0.0,0.0,457.063,0.0,0.0,0.0,5.732,0,2.0,1.2650000000000001,309.69,-5.7157,36.21,35.35050582885742,4.98,0.0,0
46974,-0.171,83.545,0.0,0.0,457.305,0.0,0.0,0.0,5.732,0,1.0,1.285,309.825,-2.4249,35.97,35.35050582885742,4.98,0.0,0
46974,-1.0230000000000001,83.545,0.0,0.0,457.607,0.0,0.0,0.0,5.732,0,0.0,1.23,309.915,3.8765,35.25,35.35050582885742,4.98,0.0,0
46974,-0.682,83.545,0.0,0.0,457.063,0.0,0.0,0.0,5.732,0,0.0,1.29,309.825,4.66,35.61,35.35050582885742,4.98,0.0,0
46974,-0.512,83.545,0.0,0.0,456.82,0.0,0.0,0.0,5.732,0,1.0,1.2650000000000001,309.825,0.0,36.9,35.35050582885742,4.98,0.0,0
46974,-0.682,83.545,0.0,0.0,456.882,0.0,0.0,0.0,5.732,0,1.0,1.305,309.825,-1.0392000000000001,38.25,35.35050582885742,4.98,0.0,0
46974,-0.853,83.545,0.0,0.0,457.245,0.0,0.0,0.0,5.732,0,2.0,1.245,309.915,1.0557,38.550000000000004,35.35050582885742,4.98,0.0,0
46974,-0.682,83.545,0.0,0.0,457.245,0.0,0.0,0.0,5.732,0,2.0,1.24,309.825,2.2434000000000003,38.37,35.35050582885742,4.98,0.0,0
46974,-0.853,83.545,0.0,0.0,457.124,0.0,0.0,0.2,5.732,0,0.0,1.26,309.825,-1.5836000000000001,36.87,35.35050582885742,4.98,0.0,0
46974,-0.853,83.545,0.0,0.0,457.426,0.0,0.0,0.0,5.732,0,0.0,1.24,309.915,-5.0806000000000004,35.910000000000004,35.35050582885742,4.98,0.0,0
46974,-0.682,83.545,0.0,0.0,457.184,0.0,0.0,0.0,5.732,0,0.0,1.27,309.915,2.0455,36.18,35.35050582885742,4.98,0.0,0
46974,-0.853,83.545,0.0,0.0,456.942,0.0,0.0,0.0,5.732,0,2.0,1.28,309.825,3.629,36.36,35.35050582885742,4.98,0.0,0
46974,-0.853,83.545,0.0,0.0,456.882,0.0,0.0,0.0,5.732,0,2.0,1.31,309.825,-2.5073000000000003,36.0,35.35050582885742,4.98,0.0,0
46974,-0.853,83.545,0.0,0.0,457.003,0.0,0.0,0.0,5.732,0,1.0,1.25,309.915,-2.3754,34.89,35.35050582885742,4.98,0.0,0
46974,-0.853,83.545,0.0,0.0,457.184,0.0,0.0,0.0,5.732,0,1.0,1.2650000000000001,309.825,2.3754,34.95,35.35050582885742,4.98,0.0,0
46974,-0.853,83.545,0.0,0.0,456.882,0.0,0.0,0.0,5.732,0,1.0,1.285,309.825,0.9238000000000001,35.37,35.35050582885742,4.98,0.0,0
46974,-0.682,83.545,0.0,0.0,456.882,0.0,0.0,0.0,5.732,0,0.0,1.2550000000000001,309.825,-3.0352,36.660000000000004,35.35050582885742,4.98,0.0,0
46974,-0.853,83.545,0.0,0.0,456.882,0.0,0.0,0.0,5.732,0,1.0,1.295,309.825,1.4516,37.92,35.35050582885742,4.98,0.0,0
46974,-0.853,83.545,0.0,0.0,456.882,0.0,0.0,0.0,5.732,0,1.0,1.335,309.825,1.0557,38.04,35.35050582885742,4.98,0.0,0
46974,-0.853,83.545,0.0,0.0,457.245,0.0,0.0,0.0,5.732,0,2.0,1.28,309.69,-2.7713,38.85,35.35050582885742,4.98,0.0,0
46974,-0.682,83.545,0.0,0.0,457.426,0.0,0.0,0.0,5.732,0,2.0,1.315,309.825,-3.4311000000000003,38.31,35.35050582885742,4.98,0.0,0
46974,-0.853,83.545,0.0,0.0,457.184,0.0,0.0,-0.2,5.732,0,1.0,1.305,309.915,1.0557,37.38,35.35050582885742,4.98,0.0,0
46974,-0.682,83.545,0.0,0.0,457.124,0.0,0.0,0.0,5.732,0,0.0,1.3,309.69,-0.7918000000000001,36.24,35.35050582885742,4.98,0.0,0
46974,-0.682,83.545,0.0,0.0,457.003,0.0,0.0,0.0,5.732,0,2.0,1.2650000000000001,309.825,-0.6598,36.0,35.35050582885742,4.98,0.0,0
46974,-0.853,83.545,0.0,0.0,456.76,0.0,0.0,0.0,5.732,0,1.0,1.28,309.69,-0.099,35.88,35.35050582885742,4.98,0.0,0
46974,-0.682,83.545,0.0,0.0,456.699,0.0,0.0,0.0,5.732,0,2.0,1.2750000000000001,309.915,5.0147,35.88,35.35050582885742,4.98,0.0,0
46974,-0.682,83.545,0.0,0.0,457.124,0.0,0.0,-0.2,5.732,0,2.0,1.3,309.915,2.8372,35.58,35.35050582885742,4.98,0.0,0
46974,-0.682,83.545,0.0,0.0,457.426,0.0,0.0,0.0,5.732,0,2.0,1.235,309.825,1.7155,34.86,35.35050582885742,4.98,0.0,0
46974,-0.682,83.545,0.0,0.0,457.124,0.0,0.0,0.0,5.732,0,0.0,1.27,309.915,-0.5279,34.2,35.35050582885742,4.98,0.0,0
46974,-0.682,83.545,0.0,0.0,457.063,0.0,0.0,0.0,5.732,0,0.0,1.26,309.825,-3.2991,34.83,35.35050582885742,4.98,0.0,0
46974,-0.853,83.545,0.0,0.0,457.547,0.0,0.0,0.0,5.732,0,0.0,1.28,309.825,-2.1114,36.93,35.35050582885742,4.98,0.0,0
46974,-0.853,83.545,0.0,0.0,457.365,0.0,0.0,-0.2,5.732,0,1.0,1.25,309.825,0.132,38.160000000000004,35.35050582885742,4.98,0.0,0
46974,-0.853,83.545,0.0,0.0,457.063,0.0,0.0,0.0,5.732,0,2.0,1.32,309.825,0.0,38.1,35.35050582885742,4.98,0.0,0
46974,-0.853,83.545,0.0,0.0,457.003,0.0,0.0,0.0,5.732,0,2.0,1.26,309.825,-1.9795,37.38,35.35050582885742,4.98,0.0,0
46974,-0.853,83.545,0.0,0.0,457.063,0.0,0.0,0.0,5.732,0,2.0,1.2550000000000001,309.915,2.0455,36.84,35.35050582885742,4.98,0.0,0
46974,-0.853,83.545,0.0,0.0,456.942,0.0,0.0,-0.2,5.732,0,1.0,1.31,309.915,4.3548,35.28,35.35050582885742,4.98,0.0,0
46974,-0.682,83.545,0.0,0.0,457.184,0.0,0.0,0.0,5.732,0,1.0,1.2550000000000001,309.825,-1.5836000000000001,34.71,35.35050582885742,4.98,0.0,0
46974,-0.682,83.545,0.0,0.0,457.184,0.0,0.0,0.0,5.732,0,0.0,1.245,309.825,-1.9795,34.800000000000004,35.35050582885742,4.98,0.0,0
46974,-0.512,83.545,0.0,0.0,457.245,0.0,0.0,0.0,5.732,0,1.0,1.2650000000000001,309.825,-2.3589,35.34,35.35050582885742,4.98,0.0,0
46974,-0.682,83.545,0.0,0.0,457.245,0.0,0.0,0.0,5.732,0,1.0,1.285,309.915,0.9238000000000001,35.58,35.35050582885742,4.98,0.0,0
46974,-0.682,83.545,0.0,0.0,457.063,0.0,0.0,0.0,5.732,0,2.0,1.24,309.825,2.3754,35.52,35.35050582885742,4.98,0.0,0
46974,-0.853,83.545,0.0,0.0,456.882,0.0,0.0,0.0,5.732,0,2.0,1.27,309.915,-1.0062,35.04,35.35050582885742,4.98,0.0,0
46974,-0.853,83.545,0.0,0.0,457.365,0.0,0.0,0.0,5.732,0,2.0,1.26,309.825,-0.18150000000000002,35.07,35.35050582885742,4.98,0.0,0
46974,-0.682,83.545,0.0,0.0,457.184,0.0,0.0,0.0,5.732,0,0.0,1.3,309.825,2.4578,36.03,35.35050582885742,4.98,0.0,0
46974,-0.682,83.545,0.0,0.0,457.124,0.0,0.0,0.0,5.732,0,0.0,1.25,309.69,-2.994,37.230000000000004,35.35050582885742,4.98,0.0,0
46974,-0.682,83.545,0.0,0.0,456.882,0.0,0.0,0.0,5.732,0,0.0,1.28,309.915,-1.6496000000000002,38.34,35.35050582885742,4.98,0.0,0
46974,-0.853,83.545,0.0,0.0,456.82,0.0,0.0,0.0,5.732,0,0.0,1.29,309.825,1.1877,38.79,35.35050582885742,4.98,0.0,0
46974,-0.853,83.545,0.0,0.0,456.882,0.0,0.0,0.0,5.732,0,1.0,1.2650000000000001,309.825,3.9589000000000003,37.92,35.35050582885742,4.98,0.0,0
46974,-0.853,83.545,0.0,0.0,457.063,0.0,0.0,0.0,5.732,0,2.0,1.28,309.825,-1.8310000000000002,37.56,35.35050582885742,4.98,0.0,0
46974,-0.512,83.545,0.0,0.0,457.305,0.0,0.0,0.0,5.732,0,2.0,1.225,309.825,-1.5011,37.02,35.35050582885742,4.98,0.0,0
46974,-0.853,83.545,0.0,0.0,456.942,0.0,0.0,0.2,5.732,0,1.0,1.2650000000000001,309.825,-0.39590000000000003,35.97,35.35050582885742,4.98,0.0,0
46974,-0.853,83.545,0.0,0.0,456.57800000000003,0.0,0.0,0.0,5.732,0,0.0,1.25,309.915,0.8413,35.43,35.35050582885742,4.98,0.0,0
46974,-0.853,83.545,0.0,0.0,456.82,0.0,0.0,0.0,5.732,0,0.0,1.28,309.69,2.994,35.04,35.35050582885742,4.98,0.0,0
46974,-0.512,83.545,0.0,0.0,457.063,0.0,0.0,0.0,5.732,0,0.0,1.26,309.825,0.5691,35.52,35.35050582885742,4.98,0.0,0
46974,-0.682,83.545,0.0,0.0,456.882,0.0,0.0,0.0,5.732,0,1.0,1.2550000000000001,309.825,0.0825,36.480000000000004,35.35050582885742,4.98,0.0,0
46974,-0.853,83.545,0.0,0.0,456.76,0.0,0.0,0.0,5.732,0,2.0,1.26,309.825,-0.9073,37.17,35.35050582885742,4.98,0.0,0
46974,-0.853,83.545,0.0,0.0,456.639,0.0,0.0,0.0,5.732,0,2.0,1.24,309.915,-4.8992,37.62,35.35050582885742,4.98,0.0,0
46974,-1.0230000000000001,83.545,0.0,0.0,457.124,0.0,0.0,0.0,5.732,0,2.0,1.305,309.915,4.0909,37.65,35.35050582885742,4.98,0.0,0
46974,-0.341,83.545,0.0,0.0,457.245,0.0,0.0,0.0,5.732,0,1.0,1.245,309.915,4.9322,37.44,35.35050582885742,4.98,0.0,0
46974,-0.853,83.545,0.0,0.0,457.003,0.0,0.0,0.0,5.732,0,0.0,1.3,309.825,-0.9650000000000001,37.47,35.35050582885742,4.98,0.0,0
46974,-0.512,83.545,0.0,0.0,457.365,0.0,0.0,0.0,5.732,0,0.0,1.28,309.825,-2.7548,37.95,35.35050582885742,4.98,0.0,0
46974,-0.682,83.545,0.0,0.0,457.184,0.0,0.0,-0.2,5.732,0,0.0,1.27,309.825,-2.2269,38.34,35.35050582885742,4.98,0.0,0
46974,-0.512,83.545,0.0,0.0,457.245,0.0,0.0,0.0,5.732,0,0.0,1.235,309.825,-1.8475000000000001,38.28,35.35050582885742,4.98,0.0,0
46974,-0.853,83.545,0.0,0.0,456.76,0.0,0.0,0.0,5.732,0,1.0,1.195,309.69,-0.4289,37.83,35.35050582885742,4.98,0.0,0
46974,-0.512,83.545,0.0,0.0,456.76,0.0,0.0,-0.2,5.732,0,2.0,1.2750000000000001,309.825,-1.4516,36.42,35.35050582885742,4.98,0.0,0
46974,-0.853,83.545,0.0,0.0,456.337,0.0,0.0,0.0,5.732,0,2.0,1.26,309.69,-0.6928000000000001,35.550000000000004,35.35050582885742,4.98,0.0,0
46974,-0.512,83.545,0.0,0.0,456.57800000000003,0.0,0.0,0.0,5.732,0,2.0,1.26,309.825,3.1672000000000002,34.89,35.35050582885742,4.98,0.0,0
46974,-0.853,83.545,0.0,0.0,457.124,0.0,0.0,0.0,5.732,0,0.0,1.24,310.005,3.2991,34.74,35.35050582885742,4.98,0.0,0
46974,-0.512,83.545,0.0,0.0,456.76,0.0,0.0,0.0,5.732,0,0.0,1.245,309.825,3.2991,36.300000000000004,35.35050582885742,4.98,0.0,0
46974,-0.682,83.545,0.0,0.0,456.276,0.0,0.0,0.0,5.732,0,1.0,1.26,309.825,-1.0557,37.59,35.35050582885742,4.98,0.0,0
46974,-0.512,83.545,0.0,0.0,456.699,0.0,0.0,0.0,5.732,0,1.0,1.2,309.915,-2.1114,38.31,35.35050582885742,4.98,0.0,0
46974,-0.512,83.545,0.0,0.0,456.57800000000003,0.0,0.0,0.0,5.732,0,1.0,1.24,309.915,-2.4413,37.53,35.35050582885742,4.98,0.0,0
46974,-0.853,83.545,0.0,0.0,457.245,0.0,0.0,0.0,5.732,0,2.0,1.2750000000000001,309.825,0.9238000000000001,37.11,35.35050582885742,4.98,0.0,0
46974,-0.853,83.545,0.0,0.0,456.82,0.0,0.0,0.0,5.732,0,2.0,1.195,309.69,1.2207000000000001,36.99,35.35050582885742,4.98,0.0,0
46974,-0.341,83.545,0.0,0.0,456.882,0.0,0.0,0.0,5.732,0,1.0,1.235,309.915,-1.1877,37.410000000000004,35.35050582885742,4.98,0.0,0
46974,-0.682,83.545,0.0,0.0,457.063,0.0,0.0,0.0,5.732,0,1.0,1.215,309.825,-1.3196,37.59,35.35050582885742,4.98,0.0,0
46974,-0.682,83.545,0.0,0.0,456.699,0.0,0.0,0.0,5.732,0,0.0,1.2650000000000001,309.825,1.9795,37.32,35.35050582885742,4.98,0.0,0
46974,-0.682,83.545,0.0,0.0,456.639,0.0,0.0,0.0,5.732,0,1.0,1.24,309.825,0.5938,36.27,35.35050582885742,4.98,0.0,0
46974,-0.341,83.545,0.0,0.0,456.76,0.0,0.0,0.0,5.732,0,2.0,1.24,309.825,0.2639,35.13,35.35050582885742,4.98,0.0,0
46974,-0.682,83.545,0.0,0.0,456.57800000000003,0.0,0.0,-0.2,5.732,0,1.0,1.225,309.69,-0.9567,35.49,35.35050582885742,4.98,0.0,0
46974,-0.512,83.545,0.0,0.0,457.063,0.0,0.0,0.0,5.732,0,2.0,1.245,309.825,-2.2434000000000003,35.46,35.35050582885742,4.98,0.0,0
46974,-0.682,83.545,0.0,0.0,457.063,0.0,0.0,0.0,5.732,0,2.0,1.225,309.825,1.3196,36.27,35.35050582885742,4.98,0.0,0
46974,-0.512,83.545,0.0,0.0,457.003,0.0,0.0,-0.2,5.732,0,1.0,1.205,309.825,3.0352,37.26,35.35050582885742,4.98,0.0,0
46974,-0.853,83.545,0.0,0.0,456.882,0.0,0.0,-0.2,5.732,0,0.0,1.2550000000000001,309.69,-2.5403000000000002,37.92,35.35050582885742,4.98,0.0,0
46974,-0.341,83.545,0.0,0.0,456.639,0.0,0.0,0.0,5.732,0,0.0,1.2650000000000001,309.915,0.6598,38.04,35.35050582885742,4.98,0.0,0
46974,-0.682,83.545,0.0,0.0,456.76,0.0,0.0,0.0,5.732,0,1.0,1.21,309.825,1.3196,37.410000000000004,35.35050582885742,4.98,0.0,0
46974,-0.853,83.545,0.0,0.0,456.57800000000003,0.0,0.0,0.0,5.732,0,1.0,1.235,309.915,4.486800000000001,36.99,35.35050582885742,4.98,0.0,0
46974,-0.853,83.545,0.0,0.0,456.699,0.0,0.0,0.0,5.732,0,3.0,1.2550000000000001,309.825,2.4413,36.78,35.35050582885742,4.98,0.0,0
46974,-0.853,83.545,0.0,0.0,456.882,0.0,0.0,0.0,5.732,0,2.0,1.225,309.915,1.9795,37.230000000000004,35.35050582885742,4.98,0.0,0
46974,-0.682,83.545,0.0,0.0,456.882,0.0,0.0,0.0,5.732,0,2.0,1.25,309.915,1.8475000000000001,36.81,35.35050582885742,4.98,0.0,0
46974,-0.853,83.545,0.0,0.0,456.882,0.0,0.0,0.0,5.732,0,0.0,1.195,309.915,2.4413,36.81,35.35050582885742,4.98,0.0,0
46974,-0.512,83.545,0.0,0.0,456.882,0.0,0.0,0.0,5.732,0,0.0,1.235,309.825,-0.6598,36.75,35.35050582885742,4.98,0.0,0
46974,-0.512,83.545,0.0,0.0,456.82,0.0,0.0,0.0,5.732,0,1.0,1.21,309.825,-1.4351,35.76,35.35050582885742,4.98,0.0,0
46974,-0.853,83.545,0.0,0.0,457.124,0.0,0.0,0.0,5.732,0,3.0,1.205,309.69,0.8330000000000001,36.12,35.35050582885742,4.98,0.0,0
46974,-0.682,83.545,0.0,0.0,457.245,0.0,0.0,0.0,5.732,0,2.0,1.225,309.825,-0.8578,36.6,35.35050582885742,4.98,0.0,0
46974,-0.682,83.545,0.0,0.0,456.942,0.0,0.0,0.0,5.732,0,2.0,1.21,309.915,-1.1382,37.44,35.35050582885742,4.98,0.0,0
46974,-0.853,83.545,0.0,0.0,456.57800000000003,0.0,0.0,0.0,5.732,0,1.0,1.245,309.825,1.798,38.58,35.35050582885742,4.98,0.0,0
46974,-0.853,83.545,0.0,0.0,456.942,0.0,0.0,0.0,5.732,0,0.0,1.2,309.915,0.1155,38.46,35.35050582885742,4.98,0.0,0
46974,-0.853,83.545,0.0,0.0,456.82,0.0,0.0,0.0,5.732,0,0.0,1.22,309.915,0.6433,37.2,35.35050582885742,4.98,0.0,0
46974,-0.853,83.545,0.0,0.0,456.699,0.0,0.0,0.0,5.732,0,0.0,1.225,309.915,0.7753,37.29,35.35050582885742,4.98,0.0,0
46974,-0.682,83.545,0.0,0.0,456.639,0.0,0.0,0.0,5.732,0,2.0,1.245,309.825,-1.4516,37.050000000000004,35.35050582885742,4.98,0.0,0
46974,-0.682,83.545,0.0,0.0,456.942,0.0,0.0,0.0,5.732,0,2.0,1.18,309.825,-1.8310000000000002,37.53,35.35050582885742,4.98,0.0,0
46974,-0.853,83.545,0.0,0.0,456.882,0.0,0.0,0.0,5.732,0,2.0,1.225,309.915,1.1712,37.83,35.35050582885742,4.98,0.0,0
46974,-0.682,83.545,0.0,0.0,457.063,0.0,0.0,0.0,5.732,0,1.0,1.2,309.915,3.0187,37.08,35.35050582885742,4.98,0.0,0
46974,-0.682,83.545,0.0,0.0,457.063,0.0,0.0,0.0,5.732,0,0.0,1.195,309.69,-2.6805000000000003,35.22,35.35050582885742,4.98,0.0,0
46974,-0.512,83.545,0.0,0.0,457.063,0.0,0.0,0.0,5.732,0,0.0,1.2550000000000001,309.915,-0.3299,34.410000000000004,35.35050582885742,4.98,0.0,0
46974,-0.853,83.545,0.0,0.0,456.76,0.0,0.0,0.0,5.732,0,0.0,1.25,309.825,-0.0495,34.83,35.35050582885742,4.98,0.0,0
46974,-0.512,83.545,0.0,0.0,456.882,0.0,0.0,0.0,5.732,0,1.0,1.26,309.915,1.6083,36.63,35.35050582885742,4.98,0.0,0
46974,-0.682,83.545,0.0,0.0,457.063,0.0,0.0,0.0,5.732,0,2.0,1.205,309.825,-0.9073,38.46,35.35050582885742,4.98,0.0,0
46974,-0.682,83.545,0.0,0.0,457.245,0.0,0.0,0.2,5.732,0,2.0,1.215,309.825,-0.7918000000000001,38.64,35.35050582885742,4.98,0.0,0
46974,-0.682,83.545,0.0,0.0,457.124,0.0,0.0,0.0,5.732,0,2.0,1.23,309.915,-2.9692000000000003,38.82,35.35050582885742,4.98,0.0,0
46974,-0.512,83.545,0.0,0.0,456.882,0.0,0.0,0.0,5.732,0,1.0,1.3,309.825,-1.4516,37.89,35.35050582885742,4.98,0.0,0
46974,-0.853,83.545,0.0,0.0,456.76,0.0,0.0,-0.2,5.732,0,1.0,1.215,309.915,2.0455,37.35,35.35050582885742,4.98,0.0,0
46974,-0.682,83.545,0.0,0.0,456.76,0.0,0.0,0.0,5.732,0,0.0,1.25,309.825,-1.0557,37.02,35.35050582885742,4.98,0.0,0
46974,-0.171,83.545,0.0,0.0,456.699,0.0,0.0,0.0,5.732,0,0.0,1.25,309.915,2.0455,36.87,35.35050582885742,4.98,0.0,0
46974,-0.682,83.545,0.0,0.0,456.76,0.0,0.0,0.0,5.732,0,0.0,1.195,309.825,-2.7713,36.54,35.35050582885742,4.98,0.0,0
46974,-0.853,83.545,0.0,0.0,457.063,0.0,0.0,0.0,5.732,0,1.0,1.2550000000000001,309.69,-3.0682,36.03,35.35050582885742,4.98,0.0,0
46974,-0.682,83.545,0.0,0.0,456.882,0.0,0.0,0.0,5.732,0,2.0,1.24,309.915,0.7918000000000001,35.64,35.35050582885742,4.98,0.0,0
46974,-0.853,83.545,0.0,0.0,457.063,0.0,0.0,0.0,5.732,0,2.0,1.23,309.915,3.8930000000000002,35.76,35.35050582885742,4.98,0.0,0
46974,-0.682,83.545,0.0,0.0,457.245,0.0,0.0,0.0,5.732,0,2.0,1.235,309.915,5.5425,35.22,35.35050582885742,4.98,0.0,0
46974,-0.682,83.545,0.0,0.0,457.063,0.0,0.0,0.0,5.732,0,1.0,1.2,309.825,1.9135000000000002,35.46,35.35050582885742,4.98,0.0,0
46974,-0.853,83.545,0.0,0.0,456.699,0.0,0.0,0.0,5.732,0,0.0,1.25,309.825,-2.6393,35.97,35.35050582885742,4.98,0.0,0
46974,-0.682,83.545,0.0,0.0,456.699,0.0,0.0,0.2,5.732,0,0.0,1.22,309.69,-3.3898,35.97,35.35050582885742,4.98,0.0,0
46974,-0.853,83.545,0.0,0.0,456.51800000000003,0.0,0.0,0.0,5.732,0,0.0,1.22,309.825,-4.8002,36.84,35.35050582885742,4.98,0.0,0
46974,-0.853,83.545,0.0,0.0,456.639,0.0,0.0,0.0,5.732,0,1.0,1.245,309.69,-0.17320000000000002,37.5,35.35050582885742,4.98,0.0,0
46974,-0.682,83.545,0.0,0.0,456.216,0.0,0.0,0.0,5.732,0,2.0,1.19,309.915,4.0744,37.53,35.35050582885742,4.98,0.0,0
46974,-0.341,83.545,0.0,0.0,456.76,0.0,0.0,0.0,5.732,0,2.0,1.185,309.915,1.897,37.62,35.35050582885742,4.98,0.0,0
46974,-0.682,83.545,0.0,0.0,456.76,0.0,0.0,0.0,5.732,0,1.0,1.245,309.69,0.9485,37.230000000000004,35.35050582885742,4.98,0.0,0
46974,-0.512,83.545,0.0,0.0,456.639,0.0,0.0,0.0,5.732,0,1.0,1.18,309.825,-2.6888,36.81,35.35050582885742,4.98,0.0,0
46974,-0.512,83.545,0.0,0.0,456.76,0.0,0.0,0.0,5.732,0,0.0,1.205,309.825,-0.46190000000000003,36.09,35.35050582885742,4.98,0.0,0
46974,-0.682,83.545,0.0,0.0,457.124,0.0,0.0,0.0,5.732,0,1.0,1.23,309.915,3.9837000000000002,35.82,35.35050582885742,4.98,0.0,0
46974,-0.682,83.545,0.0,0.0,457.063,0.0,0.0,0.0,5.732,0,1.0,1.225,309.825,1.0557,35.34,35.35050582885742,4.98,0.0,0
46974,-0.682,83.545,0.0,0.0,456.882,0.0,0.0,0.0,5.732,0,2.0,1.22,309.825,-1.7155,34.68,35.35050582885742,4.98,0.0,0
46974,-0.341,83.545,0.0,0.0,457.063,0.0,0.0,0.0,5.732,0,2.0,1.235,309.825,-2.9032,34.29,35.35050582885742,4.98,0.0,0
46974,-0.512,83.545,0.0,0.0,456.699,0.0,0.0,0.0,5.732,0,1.0,1.21,309.915,-1.2702,35.4,35.35050582885742,4.98,0.0,0
46974,-0.853,83.545,0.0,0.0,456.51800000000003,0.0,0.0,0.0,5.732,0,1.0,1.22,309.915,0.3794,36.480000000000004,35.35050582885742,4.98,0.0,0
46974,-0.682,83.545,0.0,0.0,456.76,0.0,0.0,0.2,5.732,0,0.0,1.23,309.69,3.1919,37.56,35.35050582885742,4.98,0.0,0
46974,-0.853,83.545,0.0,0.0,456.882,0.0,0.0,0.0,5.732,0,0.0,1.24,309.825,-1.5836000000000001,38.52,35.35050582885742,4.98,0.0,0
46974,-0.682,83.545,0.0,0.0,456.942,0.0,0.0,0.0,5.732,0,1.0,1.24,309.915,-1.2537,38.160000000000004,35.35050582885742,4.98,0.0,0
46974,-0.682,83.545,0.0,0.0,457.003,0.0,0.0,0.0,5.732,0,2.0,1.28,309.825,2.9857,37.26,35.35050582885742,4.98,0.0,0
46974,-0.682,83.545,0.0,0.0,456.57800000000003,0.0,0.0,0.0,5.732,0,3.0,1.145,309.825,1.3196,36.0,35.35050582885742,4.98,0.0,0
46974,-0.682,83.545,0.0,0.0,456.15500000000003,0.0,0.0,0.0,5.732,0,2.0,1.21,309.915,0.1155,35.550000000000004,35.35050582885742,4.98,0.0,0
46974,-0.682,83.545,0.0,0.0,456.337,0.0,0.0,0.0,5.732,0,1.0,1.25,309.69,0.1567,34.92,35.35050582885742,4.98,0.0,0
46974,-0.853,83.545,0.0,0.0,456.57800000000003,0.0,0.0,0.0,5.732,0,0.0,1.18,309.825,-2.6888,35.1,35.35050582885742,4.98,0.0,0
46974,-0.853,83.545,0.0,0.0,456.76,0.0,0.0,0.0,5.732,0,0.0,1.17,309.915,-0.066,35.64,35.35050582885742,4.98,0.0,0
46974,-0.682,83.545,0.0,0.0,456.882,0.0,0.0,0.0,5.732,0,0.0,1.205,309.915,5.3281,35.61,35.35050582885742,4.98,0.0,0
46974,-0.853,83.545,0.0,0.0,456.458,0.0,0.0,0.0,5.732,0,1.0,1.16,309.825,0.5279,35.25,35.35050582885742,4.98,0.0,0
46974,-0.682,83.545,0.0,0.0,456.699,0.0,0.0,0.0,5.732,0,2.0,1.2,309.915,-1.5836000000000001,36.36,35.35050582885742,4.98,0.0,0
46974,-0.682,83.545,0.0,0.0,456.699,0.0,0.0,0.0,5.732,0,2.0,1.165,309.915,0.0,36.69,35.35050582885742,4.98,0.0,0
46974,-0.853,83.545,0.0,0.0,456.458,0.0,0.0,-0.2,5.732,0,1.0,1.185,309.825,2.1114,36.81,35.35050582885742,4.98,0.0,0
46974,-0.341,83.545,0.0,0.0,456.76,0.0,0.0,0.0,5.732,0,0.0,1.17,309.915,-0.39590000000000003,37.14,35.35050582885742,4.98,0.0,0
46974,-0.682,83.545,0.0,0.0,456.82,0.0,0.0,0.2,5.732,0,0.0,1.21,309.915,-0.6598,37.02,35.35050582885742,4.98,0.0,0
46974,-0.853,83.545,0.0,0.0,456.57800000000003,0.0,0.0,0.0,5.732,0,1.0,1.19,309.825,-0.6598,36.42,35.35050582885742,4.98,0.0,0
46974,-0.341,83.545,0.0,0.0,456.57800000000003,0.0,0.0,0.0,5.732,0,1.0,1.205,309.825,-1.0557,36.42,35.35050582885742,4.98,0.0,0
46974,-0.682,83.545,0.0,0.0,456.76,0.0,0.0,0.0,5.732,0,2.0,1.18,309.915,0.5279,36.300000000000004,35.35050582885742,4.98,0.0,0
46974,-0.512,83.545,0.0,0.0,456.699,0.0,0.0,0.0,5.732,0,2.0,1.165,309.825,-0.46190000000000003,35.730000000000004,35.35050582885742,4.98,0.0,0
46974,-0.853,83.545,0.0,0.0,456.76,0.0,0.0,0.2,5.732,0,2.0,1.11,309.825,-1.4516,34.2,35.35050582885742,4.98,0.0,0
46974,-0.853,83.545,0.0,0.0,456.51800000000003,0.0,0.0,0.0,5.732,0,1.0,1.155,309.69,-0.099,33.75,35.35050582885742,4.98,0.0,0
46974,-0.682,83.545,0.0,0.0,456.76,0.0,0.0,0.0,5.732,0,1.0,1.2,309.915,1.7155,34.11,35.35050582885742,4.98,0.0,0
46974,-0.512,83.545,0.0,0.0,456.57800000000003,0.0,0.0,0.0,5.732,0,1.0,1.21,309.825,0.7918000000000001,34.65,35.35050582885742,4.98,0.0,0
46974,-0.171,83.545,0.0,0.0,456.639,0.0,0.0,0.0,5.732,0,0.0,1.195,309.825,1.7155,35.28,35.35050582885742,4.98,0.0,0
46974,-0.853,83.545,0.0,0.0,456.699,0.0,0.0,0.0,5.732,0,0.0,1.225,309.915,-3.1672000000000002,36.63,35.35050582885742,4.98,0.0,0
46974,-0.512,83.545,0.0,0.0,456.76,0.0,0.0,0.0,5.732,0,0.0,1.17,309.825,1.1877,36.93,35.35050582885742,4.98,0.0,0
46974,-0.512,83.545,0.0,0.0,456.82,0.0,0.0,0.0,5.732,0,1.0,1.2,309.825,3.4311000000000003,36.57,35.35050582885742,4.98,0.0,0
46974,-0.512,83.545,0.0,0.0,456.458,0.0,0.0,0.0,5.732,0,2.0,1.175,309.915,0.2639,35.910000000000004,35.35050582885742,4.98,0.0,0
46974,-0.682,83.545,0.0,0.0,456.699,0.0,0.0,0.0,5.732,0,1.0,1.155,309.69,-2.0125,35.94,35.35050582885742,4.98,0.0,0
46974,-0.682,83.545,0.0,0.0,457.003,0.0,0.0,0.0,5.732,0,1.0,1.21,309.825,-5.2786,36.03,35.35050582885742,4.98,0.0,0
46974,-0.512,83.545,0.0,0.0,456.882,0.0,0.0,0.0,5.732,0,0.0,1.185,309.915,2.3754,36.21,35.35050582885742,4.98,0.0,0
46974,-0.171,83.545,0.0,0.0,457.003,0.0,0.0,0.0,5.732,0,0.0,1.18,309.915,7.654000000000001,36.660000000000004,35.35050582885742,4.98,0.0,0
46974,-0.512,83.545,0.0,0.0,456.882,0.0,0.0,0.0,5.732,0,1.0,1.18,309.825,-1.0557,35.97,35.35050582885742,4.98,0.0,0
46974,-0.682,83.545,0.0,0.0,456.76,0.0,0.0,0.0,5.732,0,2.0,1.175,309.915,1.1877,35.52,35.35050582885742,4.98,0.0,0
46974,-0.682,83.545,0.0,0.0,456.699,0.0,0.0,0.0,5.732,0,2.0,1.175,309.825,2.4413,34.26,35.35050582885742,4.98,0.0,0
46974,-0.853,83.545,0.0,0.0,456.57800000000003,0.0,0.0,0.0,5.732,0,2.0,1.22,309.825,-1.8475000000000001,34.38,35.35050582885742,4.98,0.0,0
46974,-0.341,83.545,0.0,0.0,456.639,0.0,0.0,0.0,5.732,0,0.0,1.16,309.825,-0.9897,35.22,35.35050582885742,4.98,0.0,0
46974,-0.512,83.545,0.0,0.0,456.76,0.0,0.0,0.0,5.732,0,0.0,1.175,309.825,1.0557,36.480000000000004,35.35050582885742,4.98,0.0,0
46974,-0.853,83.545,0.0,0.0,456.76,0.0,0.0,0.0,5.732,0,0.0,1.165,309.69,0.0247,36.660000000000004,35.35050582885742,4.98,0.0,0
46974,-0.682,83.545,0.0,0.0,456.639,0.0,0.0,0.0,5.732,0,1.0,1.19,309.825,-3.2331000000000003,37.56,35.35050582885742,4.98,0.0,0
46974,-0.682,83.545,0.0,0.0,456.882,0.0,0.0,0.0,5.732,0,1.0,1.16,309.825,2.0455,37.62,35.35050582885742,4.98,0.0,0
46974,-0.682,83.545,0.0,0.0,456.57800000000003,0.0,0.0,0.0,5.732,0,2.0,1.195,309.825,2.8372,36.81,35.35050582885742,4.98,0.0,0
46974,-0.853,83.545,0.0,0.0,456.76,0.0,0.0,0.0,5.732,0,2.0,1.185,309.825,-3.761,36.21,35.35050582885742,4.98,0.0,0
46974,-0.512,83.545,0.0,0.0,456.882,0.0,0.0,0.0,5.732,0,1.0,1.155,309.825,-1.2372,36.33,35.35050582885742,4.98,0.0,0
46974,-0.853,83.545,0.0,0.0,456.942,0.0,0.0,0.0,5.732,0,0.0,1.2,309.825,2.8372,37.14,35.35050582885742,4.98,0.0,0
46974,-0.341,83.545,0.0,0.0,456.82,0.0,0.0,0.0,5.732,0,0.0,1.19,309.825,-1.1464,37.29,35.35050582885742,4.98,0.0,0
46974,-0.853,83.545,0.0,0.0,456.76,0.0,0.0,0.0,5.732,0,0.0,1.18,309.825,-2.5733,36.36,35.35050582885742,4.98,0.0,0
46974,-0.682,83.545,0.0,0.0,456.76,0.0,0.0,0.2,5.732,0,1.0,1.185,309.825,2.7218,35.730000000000004,35.35050582885742,4.98,0.0,0
46974,-0.512,83.545,0.0,0.0,456.57800000000003,0.0,0.0,0.2,5.732,0,1.0,1.19,309.825,1.3196,34.89,35.35050582885742,4.98,0.0,0
46974,-0.853,83.545,0.0,0.0,456.639,0.0,0.0,0.0,5.732,0,2.0,1.21,309.915,-2.0620000000000003,34.980000000000004,35.35050582885742,4.98,0.0,0
46974,-0.512,83.545,0.0,0.0,456.76,0.0,0.0,-0.2,5.732,0,1.0,1.1500000000000001,309.825,-0.9897,35.94,35.35050582885742,4.98,0.0,0
46974,-0.512,83.545,0.0,0.0,456.942,0.0,0.0,0.0,5.732,0,0.0,1.2,309.915,4.0084,37.08,35.35050582885742,4.98,0.0,0
46974,-0.853,83.545,0.0,0.0,457.003,0.0,0.0,0.0,5.732,0,0.0,1.16,309.915,-1.9135000000000002,37.56,35.35050582885742,4.98,0.0,0
46974,-0.341,83.545,0.0,0.0,457.063,0.0,0.0,0.0,5.732,0,0.0,1.165,309.825,0.7258,37.800000000000004,35.35050582885742,4.98,0.0,0
46974,-0.512,83.545,0.0,0.0,456.882,0.0,0.0,0.0,5.732,0,2.0,1.18,309.825,0.47840000000000005,36.9,35.35050582885742,4.98,0.0,0
46974,-0.341,83.545,0.0,0.0,456.76,0.0,0.0,0.0,5.732,0,1.0,1.1400000000000001,309.915,-0.0165,36.39,35.35050582885742,4.98,0.0,0
46974,-0.512,83.545,0.0,0.0,456.639,0.0,0.0,0.0,5.732,0,2.0,1.18,309.915,-0.0825,36.36,35.35050582885742,4.98,0.0,0
46974,-1.0230000000000001,83.545,0.0,0.0,456.76,0.0,0.0,0.0,5.732,0,1.0,1.23,309.915,-2.3919,36.93,35.35050582885742,4.98,0.0,0
46974,-0.853,83.545,0.0,0.0,456.639,0.0,0.0,-0.2,5.732,0,0.0,1.195,309.69,-2.2022,36.6,35.35050582885742,4.98,0.0,0
46974,-0.682,83.545,0.0,0.0,456.57800000000003,0.0,0.0,0.0,5.732,0,0.0,1.125,309.915,0.2227,35.97,35.35050582885742,4.98,0.0,0
46974,-0.341,83.545,0.0,0.0,456.882,0.0,0.0,0.0,5.732,0,0.0,1.175,309.825,1.5341,35.49,35.35050582885742,4.98,0.0,0
46974,-0.171,83.545,0.0,0.0,456.82,0.0,0.0,0.0,5.732,0,1.0,1.175,309.69,-2.0207,34.980000000000004,35.35050582885742,4.98,0.0,0
46974,-0.341,83.545,0.0,0.0,456.639,0.0,0.0,0.0,5.732,0,2.0,1.17,309.825,-0.6433,35.61,35.35050582885742,4.98,0.0,0
46974,-0.853,83.545,0.0,0.0,456.639,0.0,0.0,0.0,5.732,0,2.0,1.1300000000000001,309.825,-0.19790000000000002,35.7,35.35050582885742,4.98,0.0,0
46974,-0.682,83.545,0.0,0.0,457.063,0.0,0.0,0.0,5.732,0,2.0,1.195,309.825,3.1672000000000002,36.660000000000004,35.35050582885742,4.98,0.0,0
46974,-0.512,83.545,0.0,0.0,457.003,0.0,0.0,0.2,5.732,0,2.0,1.1400000000000001,309.69,-1.0557,37.68,35.35050582885742,4.98,0.0,0
46974,-0.682,83.545,0.0,0.0,456.76,0.0,0.0,0.2,5.732,0,1.0,1.175,309.915,2.2434000000000003,37.89,35.35050582885742,4.98,0.0,0
46974,-0.512,83.545,0.0,0.0,456.76,0.0,0.0,0.0,5.732,0,1.0,1.16,309.915,2.3094,37.56,35.35050582885742,4.98,0.0,0
46974,-0.682,83.545,0.0,0.0,456.639,0.0,0.0,0.0,5.732,0,0.0,1.155,309.825,1.1877,37.65,35.35050582885742,4.98,0.0,0
46974,-0.341,83.545,0.0,0.0,456.639,0.0,0.0,0.0,5.732,0,1.0,1.2,309.825,-3.1012,36.96,35.35050582885742,4.98,0.0,0
46974,-0.682,83.545,0.0,0.0,456.82,0.0,0.0,0.0,5.732,0,1.0,1.185,309.6,-6.4663,36.36,35.35050582885742,4.98,0.0,0
46974,-0.512,83.545,0.0,0.0,456.76,0.0,0.0,0.0,5.732,0,2.0,1.205,309.915,2.3094,36.27,35.35050582885742,4.98,0.0,0
46974,-0.853,83.545,0.0,0.0,456.57800000000003,0.0,0.0,0.0,5.732,0,2.0,1.155,309.915,4.6188,35.76,35.35050582885742,4.98,0.0,0
46974,-0.682,83.545,0.0,0.0,456.57800000000003,0.0,0.0,-0.2,5.732,0,2.0,1.155,309.825,-2.5403000000000002,35.04,35.35050582885742,4.98,0.0,0
46974,-0.512,83.545,0.0,0.0,456.76,0.0,0.0,0.0,5.732,0,1.0,1.19,309.825,-3.0352,35.31,35.35050582885742,4.98,0.0,0
46974,-0.512,83.545,0.0,0.0,456.882,0.0,0.0,0.0,5.732,0,0.0,1.205,309.825,3.761,35.79,35.35050582885742,4.98,0.0,0
46974,-0.512,83.545,0.0,0.0,456.639,0.0,0.0,0.0,5.732,0,0.0,1.1500000000000001,309.69,-2.2434000000000003,36.36,35.35050582885742,4.98,0.0,0
46974,-0.512,83.545,0.0,0.0,456.639,0.0,0.0,0.0,5.732,0,0.0,1.145,309.825,-2.9032,36.72,35.35050582885742,4.98,0.0,0
46974,-0.853,83.545,0.0,0.0,456.57800000000003,0.0,0.0,0.0,5.732,0,2.0,1.1500000000000001,309.825,2.5073000000000003,37.980000000000004,35.35050582885742,4.98,0.0,0
46974,-0.682,83.545,0.0,0.0,456.458,0.0,0.0,0.0,5.732,0,2.0,1.1400000000000001,309.825,4.1239,38.64,35.35050582885742,4.98,0.0,0
46974,-0.682,83.545,0.0,0.0,456.57800000000003,0.0,0.0,0.0,5.732,0,2.0,1.195,309.69,-4.0909,38.4,35.35050582885742,4.98,0.0,0
46974,-0.512,83.545,0.0,0.0,456.51800000000003,0.0,0.0,0.0,5.732,0,1.0,1.18,309.825,-0.7918000000000001,37.86,35.35050582885742,4.98,0.0,0
46974,-0.341,83.545,0.0,0.0,456.57800000000003,0.0,0.0,-0.2,5.732,0,1.0,1.085,309.825,1.1877,37.050000000000004,35.35050582885742,4.98,0.0,0
46974,-0.682,83.545,0.0,0.0,456.51800000000003,0.0,0.0,0.0,5.732,0,1.0,1.17,309.915,0.8908,37.11,35.35050582885742,4.98,0.0,0
46974,-0.682,83.545,0.0,0.0,456.57800000000003,0.0,0.0,0.0,5.732,0,0.0,1.12,309.825,0.5279,36.45,35.35050582885742,4.98,0.0,0
46974,-0.853,83.545,0.0,0.0,456.57800000000003,0.0,0.0,0.0,5.732,0,1.0,1.1400000000000001,309.915,0.46190000000000003,36.03,35.35050582885742,4.98,0.0,0
46974,-0.682,83.545,0.0,0.0,456.57800000000003,0.0,0.0,0.0,5.732,0,1.0,1.1500000000000001,309.915,1.0557,35.67,35.35050582885742,4.98,0.0,0
46974,-0.682,83.545,0.0,0.0,456.639,0.0,0.0,0.0,5.732,0,2.0,1.145,309.825,0.5279,35.94,35.35050582885742,4.98,0.0,0
46974,-0.853,83.545,0.0,0.0,456.639,0.0,0.0,0.0,5.732,0,2.0,1.125,309.825,0.0,36.03,35.35050582885742,4.98,0.0,0
46974,-0.682,83.545,0.0,0.0,456.51800000000003,0.0,0.0,0.0,5.732,0,1.0,1.17,309.825,-1.0392000000000001,36.81,35.35050582885742,4.98,0.0,0
46974,-0.512,83.545,0.0,0.0,456.57800000000003,0.0,0.0,0.0,5.732,0,0.0,1.135,309.825,-1.8310000000000002,37.800000000000004,35.35050582885742,4.98,0.0,0
46974,-0.682,83.545,0.0,0.0,456.76,0.0,0.0,0.0,5.732,0,0.0,1.145,309.915,0.2474,38.34,35.35050582885742,4.98,0.0,0
46974,-0.682,83.545,0.0,0.0,456.639,0.0,0.0,0.2,5.732,0,1.0,1.145,309.825,2.2434000000000003,38.97,35.35050582885742,4.98,0.0,0
46974,-0.341,83.545,0.0,0.0,457.003,0.0,0.0,0.0,5.732,0,1.0,1.165,309.825,-0.5279,38.79,35.35050582885742,4.98,0.0,0
46974,-1.0230000000000001,83.545,0.0,0.0,456.882,0.0,0.0,0.0,5.732,0,2.0,1.165,309.915,-1.6001,38.01,35.35050582885742,4.98,0.0,0
46974,-0.341,83.545,0.0,0.0,456.57800000000003,0.0,0.0,0.0,5.732,0,2.0,1.135,309.825,-2.5733,37.47,35.35050582885742,4.98,0.0,0
46974,-0.682,83.545,0.0,0.0,456.882,0.0,0.0,0.0,5.732,0,1.0,1.135,309.825,-0.46190000000000003,36.84,35.35050582885742,4.98,0.0,0
46974,-0.512,83.545,0.0,0.0,456.639,0.0,0.0,0.0,5.732,0,1.0,1.12,309.825,1.9300000000000002,35.85,35.35050582885742,4.98,0.0,0
46974,-0.853,83.545,0.0,0.0,456.458,0.0,0.0,0.0,5.732,0,0.0,1.135,309.825,1.3196,35.79,35.35050582885742,4.98,0.0,0
46974,-0.682,83.545,0.0,0.0,456.397,0.0,0.0,0.0,5.732,0,0.0,1.145,309.825,-0.132,35.31,35.35050582885742,4.98,0.0,0
46974,-0.853,83.545,0.0,0.0,456.699,0.0,0.0,0.0,5.732,0,1.0,1.165,309.825,-1.3196,36.54,35.35050582885742,4.98,0.0,0
46974,-0.682,83.545,0.0,0.0,457.063,0.0,0.0,0.0,5.732,0,2.0,1.165,309.825,-3.2331000000000003,36.84,35.35050582885742,4.98,0.0,0
46974,-0.341,83.545,0.0,0.0,456.882,0.0,0.0,0.0,5.732,0,2.0,1.1400000000000001,309.825,0.19790000000000002,37.53,35.35050582885742,4.98,0.0,0
46974,-0.341,83.545,0.0,0.0,456.639,0.0,0.0,0.0,5.732,0,2.0,1.17,309.915,3.8765,37.410000000000004,35.35050582885742,4.98,0.0,0
46974,-1.0230000000000001,83.545,0.0,0.0,456.942,0.0,0.0,0.0,5.732,0,1.0,1.1400000000000001,309.825,0.7918000000000001,37.62,35.35050582885742,4.98,0.0,0
46974,-0.512,83.545,0.0,0.0,456.76,0.0,0.0,0.0,5.732,0,0.0,1.18,309.825,-1.8475000000000001,37.800000000000004,35.35050582885742,4.98,0.0,0
46974,-0.682,83.545,0.0,0.0,456.57800000000003,0.0,0.0,0.0,5.732,0,0.0,1.095,309.915,-2.4578,37.95,35.35050582885742,4.98,0.0,0
46974,-0.682,83.545,0.0,0.0,456.76,0.0,0.0,0.0,5.732,0,0.0,1.1300000000000001,309.825,3.3651,37.5,35.35050582885742,4.98,0.0,0
46974,-0.512,83.545,0.0,0.0,456.699,0.0,0.0,0.0,5.732,0,1.0,1.135,309.825,1.3856000000000002,37.47,35.35050582885742,4.98,0.0,0
46974,-0.512,83.545,0.0,0.0,456.699,0.0,0.0,0.0,5.732,0,2.0,1.105,309.69,-4.577500000000001,36.69,35.35050582885742,4.98,0.0,0
46974,-0.512,83.545,0.0,0.0,456.699,0.0,0.0,0.0,5.732,0,2.0,1.165,309.69,-5.1136,36.6,35.35050582885742,4.98,0.0,0
46974,-0.512,83.545,0.0,0.0,456.76,0.0,0.0,0.0,5.732,0,1.0,1.1500000000000001,309.825,-1.1877,36.06,35.35050582885742,4.98,0.0,0
46974,-0.682,83.545,0.0,0.0,456.57800000000003,0.0,0.0,0.0,5.732,0,1.0,1.105,309.915,4.9487000000000005,35.13,35.35050582885742,4.98,0.0,0
46974,-0.853,83.545,0.0,0.0,456.882,0.0,0.0,0.0,5.732,0,0.0,1.105,309.825,2.1114,35.07,35.35050582885742,4.98,0.0,0
46974,-0.512,83.545,0.0,0.0,456.57800000000003,0.0,0.0,0.0,5.732,0,1.0,1.1400000000000001,309.69,-3.0682,35.04,35.35050582885742,4.98,0.0,0
46974,-0.853,83.545,0.0,0.0,456.51800000000003,0.0,0.0,0.0,5.732,0,2.0,1.135,309.825,-1.3196,36.42,35.35050582885742,4.98,0.0,0
46974,-0.682,83.545,0.0,0.0,456.82,0.0,0.0,0.0,5.732,0,1.0,1.145,309.915,0.19790000000000002,38.43,35.35050582885742,4.98,0.0,0
46974,-0.682,83.545,0.0,0.0,456.882,0.0,0.0,0.0,5.732,0,2.0,1.17,309.69,0.7918000000000001,39.18,35.35050582885742,4.98,0.0,0
46974,-0.682,83.545,0.0,0.0,456.76,0.0,0.0,0.0,5.732,0,1.0,1.1300000000000001,309.915,-0.3299,38.34,35.35050582885742,4.98,0.0,0
46974,-0.171,83.545,0.0,0.0,456.639,0.0,0.0,0.0,5.732,0,0.0,1.125,309.825,1.4516,37.2,35.35050582885742,4.98,0.0,0
46974,-0.512,83.545,0.0,0.0,456.51800000000003,0.0,0.0,0.0,5.732,0,1.0,1.105,309.915,3.5301,37.11,35.35050582885742,4.98,0.0,0
46974,-0.682,83.545,0.0,0.0,456.639,0.0,0.0,0.2,5.732,0,1.0,1.145,309.915,-0.2639,36.81,35.35050582885742,4.98,0.0,0
46974,-0.853,83.545,0.0,0.0,456.639,0.0,0.0,0.0,5.732,0,3.0,1.12,309.825,1.5836000000000001,37.14,35.35050582885742,4.98,0.0,0
46974,-0.682,83.545,0.0,0.0,456.51800000000003,0.0,0.0,0.0,5.732,0,1.0,1.1300000000000001,309.825,-2.6393,37.050000000000004,35.35050582885742,4.98,0.0,0
46974,-0.853,83.545,0.0,0.0,456.51800000000003,0.0,0.0,0.0,5.732,0,2.0,1.1300000000000001,309.825,-2.5733,36.36,35.35050582885742,4.98,0.0,0
46974,-0.853,83.545,0.0,0.0,456.397,0.0,0.0,0.0,5.732,0,1.0,1.1400000000000001,309.825,1.0557,35.37,35.35050582885742,4.98,0.0,0
46974,-0.341,83.545,0.0,0.0,456.76,0.0,0.0,0.0,5.732,0,0.0,1.115,309.825,-3.9589000000000003,34.86,35.35050582885742,4.98,0.0,0
46974,-0.171,83.545,0.0,0.0,456.882,0.0,0.0,0.0,5.732,0,0.0,1.1,309.825,-3.6950000000000003,35.46,35.35050582885742,4.98,0.0,0
46974,-0.512,83.545,0.0,0.0,456.882,0.0,0.0,0.0,5.732,0,1.0,1.1400000000000001,309.825,1.5836000000000001,37.32,35.35050582885742,4.98,0.0,0
46974,-0.341,83.545,0.0,0.0,456.699,0.0,0.0,0.0,5.732,0,1.0,1.075,309.825,1.9795,38.25,35.35050582885742,4.98,0.0,0
46974,-0.682,83.545,0.0,0.0,456.76,0.0,0.0,0.0,5.732,0,2.0,1.09,309.825,2.6393,38.61,35.35050582885742,4.98,0.0,0
46974,-0.341,83.545,0.0,0.0,456.458,0.0,0.0,0.0,5.732,0,3.0,1.065,309.825,0.0,38.67,35.35050582885742,4.98,0.0,0
46974,-0.853,83.545,0.0,0.0,456.76,0.0,0.0,0.0,5.732,0,0.0,1.105,309.825,0.0,37.71,35.35050582885742,4.98,0.0,0
46974,-0.341,83.545,0.0,0.0,456.76,0.0,0.0,0.0,5.732,0,0.0,1.1,309.825,1.3196,36.96,35.35050582885742,4.98,0.0,0
46974,-0.341,83.545,0.0,0.0,456.57800000000003,0.0,0.0,0.0,5.732,0,0.0,1.105,309.825,-1.5836000000000001,36.54,35.35050582885742,4.98,0.0,0
46974,-0.682,83.545,0.0,0.0,456.57800000000003,0.0,0.0,0.0,5.732,0,0.0,1.155,309.825,-2.1114,36.54,35.35050582885742,4.98,0.0,0
46974,-0.341,83.545,0.0,0.0,456.57800000000003,0.0,0.0,0.0,5.732,0,1.0,1.09,309.825,-6.2023,36.9,35.35050582885742,4.98,0.0,0
46974,-0.682,83.545,0.0,0.0,456.57800000000003,0.0,0.0,0.0,5.732,0,2.0,1.08,309.825,-2.1114,36.75,35.35050582885742,4.98,0.0,0
46974,-0.341,83.545,0.0,0.0,456.57800000000003,0.0,0.0,0.0,5.732,0,2.0,1.09,309.825,5.2786,35.64,35.35050582885742,4.98,0.0,0
46974,-0.341,83.545,0.0,0.0,456.57800000000003,0.0,0.0,0.0,5.732,0,2.0,1.175,309.825,2.6146000000000003,34.92,35.35050582885742,4.98,0.0,0
46974,-0.853,83.545,0.0,0.0,456.699,0.0,0.0,0.0,5.732,0,1.0,1.105,309.915,2.6228000000000002,34.980000000000004,35.35050582885742,4.98,0.0,0
46974,-0.682,83.545,0.0,0.0,456.57800000000003,0.0,0.0,0.0,5.732,0,0.0,1.1,309.825,-0.5114000000000001,35.37,35.35050582885742,4.98,0.0,0
46974,-0.171,83.545,0.0,0.0,456.51800000000003,0.0,0.0,-0.2,5.732,0,1.0,1.11,309.825,-4.5528,36.78,35.35050582885742,4.98,0.0,0
46974,-0.853,83.545,0.0,0.0,456.76,0.0,0.0,0.2,5.732,0,1.0,1.06,309.915,0.8578,38.22,35.35050582885742,4.98,0.0,0
46974,-0.341,83.545,0.0,0.0,456.942,0.0,0.0,0.0,5.732,0,2.0,1.1400000000000001,309.825,2.9692000000000003,38.82,35.35050582885742,4.98,0.0,0
46974,-0.512,83.545,0.0,0.0,456.942,0.0,0.0,0.0,5.732,0,2.0,1.11,309.825,2.9032,38.79,35.35050582885742,4.98,0.0,0
46974,-0.853,83.545,0.0,0.0,456.882,0.0,0.0,0.0,5.732,0,1.0,1.1300000000000001,309.825,-2.1114,37.74,35.35050582885742,4.98,0.0,0
46974,-0.341,83.545,0.0,0.0,456.639,0.0,0.0,0.0,5.732,0,0.0,1.12,309.825,0.066,36.84,35.35050582885742,4.98,0.0,0
46974,-0.682,83.545,0.0,0.0,456.397,0.0,0.0,0.0,5.732,0,0.0,1.095,309.825,-0.2639,36.45,35.35050582885742,4.98,0.0,0
46974,-0.341,83.545,0.0,0.0,456.458,0.0,0.0,0.0,5.732,0,0.0,1.085,309.915,0.46190000000000003,36.03,35.35050582885742,4.98,0.0,0
46974,-0.341,83.545,0.0,0.0,456.51800000000003,0.0,0.0,0.0,5.732,0,0.0,1.135,309.915,2.3754,35.82,35.35050582885742,4.98,0.0,0
46974,-0.682,83.545,0.0,0.0,456.51800000000003,0.0,0.0,0.0,5.732,0,2.0,1.145,309.915,0.9897,35.64,35.35050582885742,4.98,0.0,0
46974,-0.682,83.545,0.0,0.0,456.639,0.0,0.0,0.0,5.732,0,2.0,1.145,309.915,1.5836000000000001,35.37,35.35050582885742,4.98,0.0,0
46974,-0.853,83.545,0.0,0.0,456.51800000000003,0.0,0.0,0.0,5.732,0,0.0,1.095,309.825,-2.0455,35.52,35.35050582885742,4.98,0.0,0
46974,-0.682,83.545,0.0,0.0,456.57800000000003,0.0,0.0,0.0,5.732,0,0.0,1.105,309.825,-2.6393,35.13,35.35050582885742,4.98,0.0,0
46974,-0.682,83.545,0.0,0.0,456.882,0.0,0.0,0.0,5.732,0,0.0,1.095,309.69,0.165,35.04,35.35050582885742,4.98,0.0,0
46974,-0.512,83.545,0.0,0.0,456.51800000000003,0.0,0.0,-0.2,5.732,0,0.0,1.12,309.915,-0.6598,36.42,35.35050582885742,4.98,0.0,0
46974,-0.171,83.545,0.0,0.0,456.337,0.0,0.0,0.0,5.732,0,1.0,1.145,309.825,-1.3196,37.71,35.35050582885742,4.98,0.0,0
46974,-0.512,83.545,0.0,0.0,456.337,0.0,0.0,0.0,5.732,0,2.0,1.115,309.69,-0.7918000000000001,37.83,35.35050582885742,4.98,0.0,0
46974,-0.512,83.545,0.0,0.0,456.216,0.0,0.0,0.0,5.732,0,2.0,1.125,309.69,-1.6826,37.5,35.35050582885742,4.98,0.0,0
46974,-0.341,83.545,0.0,0.0,456.397,0.0,0.0,0.0,5.732,0,1.0,1.135,309.69,0.132,36.33,35.35050582885742,4.98,0.0,0
46974,-0.512,83.545,0.0,0.0,456.397,0.0,0.0,0.0,5.732,0,0.0,1.1300000000000001,309.825,0.3299,36.300000000000004,35.35050582885742,4.98,0.0,0
46974,-0.682,83.545,0.0,0.0,456.397,0.0,0.0,0.0,5.732,0,0.0,1.1400000000000001,309.825,1.1629,35.88,35.35050582885742,4.98,0.0,0
46974,-0.853,83.545,0.0,0.0,456.882,0.0,0.0,-0.2,5.732,0,1.0,1.08,309.915,-1.2949000000000002,35.13,35.35050582885742,4.98,0.0,0
46974,-0.682,83.545,0.0,0.0,456.76,0.0,0.0,0.0,5.732,0,1.0,1.125,309.825,-2.2681,35.31,35.35050582885742,4.98,0.0,0
46974,-0.512,83.545,0.0,0.0,456.458,0.0,0.0,0.0,5.732,0,2.0,1.09,309.915,-0.0825,35.58,35.35050582885742,4.98,0.0,0
46974,-0.341,83.545,0.0,0.0,456.51800000000003,0.0,0.0,0.2,5.732,0,1.0,1.11,309.825,2.4826,35.85,35.35050582885742,4.98,0.0,0
46974,-0.853,83.545,0.0,0.0,456.095,0.0,0.0,0.0,5.732,0,2.0,1.125,309.825,0.8578,35.94,35.35050582885742,4.98,0.0,0
46974,-0.512,83.545,0.0,0.0,456.216,0.0,0.0,0.0,5.732,0,1.0,1.11,309.825,-0.8165,36.09,35.35050582885742,4.98,0.0,0
46974,-0.512,83.545,0.0,0.0,456.458,0.0,0.0,0.0,5.732,0,1.0,1.12,309.825,-1.3856000000000002,36.78,35.35050582885742,4.98,0.0,0
46974,-0.512,83.545,0.0,0.0,456.57800000000003,0.0,0.0,0.0,5.732,0,0.0,1.075,309.915,0.8413,37.47,35.35050582885742,4.98,0.0,0
46974,-0.341,83.545,0.0,0.0,456.882,0.0,0.0,0.0,5.732,0,0.0,1.145,309.825,4.8167,38.01,35.35050582885742,4.98,0.0,0
46974,-0.682,83.545,0.0,0.0,456.882,0.0,0.0,0.0,5.732,0,0.0,1.085,309.915,-1.6496000000000002,37.77,35.35050582885742,4.98,0.0,0
46974,-0.171,83.545,0.0,0.0,457.245,0.0,0.0,0.0,5.732,0,1.0,1.135,309.825,-2.1609000000000003,37.74,35.35050582885742,4.98,0.0,0
46974,-0.853,83.545,0.0,0.0,456.882,0.0,0.0,0.0,5.732,0,1.0,1.08,309.915,1.9135000000000002,36.96,35.35050582885742,4.98,0.0,0
46974,-0.512,83.545,0.0,0.0,456.337,0.0,0.0,-0.2,5.732,0,2.0,1.145,309.915,-1.7155,36.78,35.35050582885742,4.98,0.0,0
46974,-0.682,83.545,0.0,0.0,456.15500000000003,0.0,0.0,0.0,5.732,0,3.0,1.115,309.825,0.2639,36.57,35.35050582885742,4.98,0.0,0
46974,-0.341,83.545,0.0,0.0,456.458,0.0,0.0,0.0,5.732,0,0.0,1.12,309.825,-3.2166,36.06,35.35050582885742,4.98,0.0,0
46974,-0.682,83.545,0.0,0.0,456.639,0.0,0.0,0.0,5.732,0,1.0,1.145,309.915,-3.1837,35.85,35.35050582885742,4.98,0.0,0
46974,-0.171,83.545,0.0,0.0,456.882,0.0,0.0,0.0,5.732,0,0.0,1.1300000000000001,309.825,2.1114,35.58,35.35050582885742,4.98,0.0,0
46974,-0.853,83.545,0.0,0.0,456.942,0.0,0.0,0.0,5.732,0,1.0,1.145,309.825,0.1072,35.61,35.35050582885742,4.98,0.0,0
46974,-0.682,83.545,0.0,0.0,456.882,0.0,0.0,0.0,5.732,0,2.0,1.12,309.69,-3.3239,36.93,35.35050582885742,4.98,0.0,0
46974,-0.341,83.545,0.0,0.0,456.76,0.0,0.0,0.0,5.732,0,2.0,1.08,309.825,-0.1155,38.160000000000004,35.35050582885742,4.98,0.0,0
46974,-0.341,83.545,0.0,0.0,456.51800000000003,0.0,0.0,0.0,5.732,0,1.0,1.075,309.915,4.0084,38.31,35.35050582885742,4.98,0.0,0
46974,-0.512,83.545,0.0,0.0,456.57800000000003,0.0,0.0,0.0,5.732,0,0.0,1.08,309.915,3.0187,38.34,35.35050582885742,4.98,0.0,0
46974,-0.853,83.545,0.0,0.0,456.639,0.0,0.0,0.0,5.732,0,0.0,1.125,309.69,-1.8887,37.95,35.35050582885742,4.98,0.0,0
46974,-0.682,83.545,0.0,0.0,456.458,0.0,0.0,0.0,5.732,0,0.0,1.07,309.825,-2.6228000000000002,37.050000000000004,35.35050582885742,4.98,0.0,0
46974,-0.171,83.545,0.0,0.0,456.57800000000003,0.0,0.0,0.0,5.732,0,0.0,1.06,309.915,-1.7815,36.84,35.35050582885742,4.98,0.0,0
46974,-0.512,83.545,0.0,0.0,456.397,0.0,0.0,0.0,5.732,0,0.0,1.095,309.825,4.9487000000000005,36.660000000000004,35.35050582885742,4.98,0.0,0
46974,-0.512,83.545,0.0,0.0,456.57800000000003,0.0,0.0,0.0,5.732,0,1.0,1.095,309.825,4.8827,36.69,35.35050582885742,4.98,0.0,0
46974,-0.853,83.545,0.0,0.0,456.699,0.0,0.0,0.0,5.732,0,2.0,1.115,309.69,-2.0125,36.36,35.35050582885742,4.98,0.0,0
46974,-0.341,83.545,0.0,0.0,456.57800000000003,0.0,0.0,0.0,5.732,0,1.0,1.095,309.915,-2.5073000000000003,35.43,35.35050582885742,4.98,0.0,0
46974,-0.341,83.545,0.0,0.0,456.699,0.0,0.0,0.0,5.732,0,2.0,1.12,309.825,0.0,35.43,35.35050582885742,4.98,0.0,0
46974,-0.171,83.545,0.0,0.0,456.57800000000003,0.0,0.0,0.0,5.732,0,1.0,1.08,309.825,2.6393,35.43,35.35050582885742,4.98,0.0,0
46974,-0.682,83.545,0.0,0.0,456.57800000000003,0.0,0.0,0.0,5.732,0,0.0,1.095,309.825,-0.9897,36.51,35.35050582885742,4.98,0.0,0
46974,-0.341,83.545,0.5,0.0,456.639,0.0,0.0,0.0,5.732,0,0.0,1.065,309.825,0.0,37.68,35.35050582885742,4.98,0.0,0
46974,-0.853,83.545,0.0,0.0,456.397,0.0,0.0,0.0,5.732,0,0.0,1.125,309.69,-1.4846000000000001,38.13,35.35050582885742,4.98,0.0,0
46974,-0.682,83.545,0.0,0.0,456.337,0.0,0.0,0.0,5.732,0,1.0,1.075,309.825,-2.5073000000000003,37.62,35.35050582885742,4.98,0.0,0
46974,-0.512,83.545,0.0,0.0,456.276,0.0,0.0,0.0,5.732,0,1.0,1.07,309.825,-0.5279,37.800000000000004,35.35050582885742,4.98,0.0,0
46974,-0.512,83.545,0.0,0.0,456.216,0.0,0.0,0.0,5.732,0,1.0,1.085,309.915,3.9589000000000003,37.47,35.35050582885742,4.98,0.0,0
46974,-0.682,83.545,0.0,0.0,456.337,0.0,0.0,0.0,5.732,0,1.0,1.155,309.825,2.1114,37.56,35.35050582885742,4.98,0.0,0
46974,-0.341,83.545,0.0,0.0,456.458,0.0,0.0,0.0,5.732,0,0.0,1.05,309.825,0.7918000000000001,37.14,35.35050582885742,4.98,0.0,0
46974,-0.682,83.545,0.0,0.0,456.458,0.0,0.0,0.0,5.732,0,0.0,1.085,309.915,-1.0557,36.39,35.35050582885742,4.98,0.0,0
46974,-0.853,83.545,0.0,0.0,456.397,0.0,0.0,0.0,5.732,0,0.0,1.1,309.915,1.3196,35.82,35.35050582885742,4.98,0.0,0
46974,-0.512,83.545,0.0,0.0,456.216,0.0,0.0,0.0,5.732,0,0.0,1.08,309.825,0.0,35.46,35.35050582885742,4.98,0.0,0
46974,-0.512,83.545,0.0,0.0,456.276,0.0,0.0,0.0,5.732,0,2.0,1.055,309.825,-1.3196,35.28,35.35050582885742,4.98,0.0,0
46974,-0.512,83.545,0.0,0.0,456.458,0.0,0.0,0.0,5.732,0,1.0,1.055,309.915,1.0557,35.730000000000004,35.35050582885742,4.98,0.0,0
46974,-0.512,83.545,0.0,0.0,456.882,0.0,0.0,0.0,5.732,0,1.0,1.105,309.825,-0.7918000000000001,37.68,35.35050582885742,4.98,0.0,0
46974,-0.682,83.545,0.0,0.0,456.699,0.0,0.0,0.0,5.732,0,1.0,1.075,309.915,-1.1217000000000001,38.46,35.35050582885742,4.98,0.0,0
46974,-0.341,83.545,0.0,0.0,456.57800000000003,0.0,0.0,0.0,5.732,0,0.0,1.055,309.825,0.2639,38.67,35.35050582885742,4.98,0.0,0
46974,-0.682,83.545,0.0,0.0,456.57800000000003,0.0,0.0,0.0,5.732,0,1.0,1.115,309.69,-2.0125,38.94,35.35050582885742,4.98,0.0,0
46974,-0.512,83.545,0.0,0.0,456.57800000000003,0.0,0.0,0.2,5.732,0,1.0,1.135,309.69,-2.9445,38.82,35.35050582885742,4.98,0.0,0
46974,-0.512,83.545,0.0,0.0,456.397,0.0,0.0,0.0,5.732,0,3.0,1.06,310.005,-2.8537000000000003,38.01,35.35050582885742,4.98,0.0,0
46974,-0.341,83.545,0.0,0.0,456.458,0.0,0.0,0.0,5.732,0,2.0,1.09,309.69,0.6846,36.78,35.35050582885742,4.98,0.0,0
46974,-0.682,83.545,0.0,0.0,456.458,0.0,0.0,0.0,5.732,0,0.0,1.095,309.915,3.7857000000000003,36.93,35.35050582885742,4.98,0.0,0
46974,-0.512,83.545,0.0,0.0,456.397,0.0,0.0,0.0,5.732,0,0.0,1.07,309.915,0.18150000000000002,37.11,35.35050582885742,4.98,0.0,0
46974,-0.682,83.545,0.0,0.0,456.51800000000003,0.0,0.0,0.0,5.732,0,0.0,1.085,309.915,0.5526,36.660000000000004,35.35050582885742,4.98,0.0,0
46974,-0.682,83.545,0.0,0.0,456.51800000000003,0.0,0.0,0.0,5.732,0,1.0,1.055,309.825,-1.963,36.18,35.35050582885742,4.98,0.0,0
46974,-0.512,83.545,0.0,0.0,456.397,0.0,0.0,0.0,5.732,0,2.0,1.12,309.825,-1.8310000000000002,35.25,35.35050582885742,4.98,0.0,0
46974,-0.512,83.545,-0.5,0.0,456.15500000000003,0.0,0.0,0.0,5.732,0,2.0,1.04,309.825,-1.7155,35.49,35.35050582885742,4.98,0.0,0
46974,-0.682,83.545,0.0,0.0,456.57800000000003,0.0,0.0,0.0,5.732,0,1.0,1.12,309.69,-0.767,36.93,35.35050582885742,4.98,0.0,0
46974,-0.682,83.545,0.0,0.0,456.57800000000003,0.0,0.0,0.0,5.732,0,0.0,1.055,309.915,0.0495,38.04,35.35050582885742,4.98,0.0,0
46974,-0.853,83.545,0.0,0.0,456.397,0.0,0.0,0.0,5.732,0,0.0,1.065,309.825,2.4413,38.52,35.35050582885742,4.98,0.0,0
46974,-0.682,83.545,0.0,0.0,456.397,0.0,0.0,0.0,5.732,0,0.0,1.165,309.825,1.7815,37.800000000000004,35.35050582885742,4.98,0.0,0
46974,-0.853,83.545,0.0,0.0,456.699,0.0,0.0,0.0,5.732,0,2.0,1.04,309.825,-2.8867000000000003,37.62,35.35050582885742,4.98,0.0,0
46974,-0.682,83.545,0.0,0.0,456.57800000000003,0.0,0.0,0.0,5.732,0,2.0,1.075,309.825,1.4516,36.9,35.35050582885742,4.98,0.0,0
46974,-0.341,83.545,0.0,0.0,456.57800000000003,0.0,0.0,0.0,5.732,0,2.0,1.01,309.915,0.5773,37.47,35.35050582885742,4.98,0.0,0
46974,-0.682,83.545,0.0,0.0,456.57800000000003,0.0,0.0,0.0,5.732,0,2.0,1.07,309.69,-1.8228000000000002,36.81,35.35050582885742,4.98,0.0,0
46974,-0.171,83.545,0.0,0.0,456.57800000000003,0.0,0.0,0.0,5.732,0,1.0,1.115,309.825,-0.132,36.54,35.35050582885742,4.98,0.0,0
46974,-0.853,83.545,0.0,0.0,456.397,0.0,0.0,0.0,5.732,0,1.0,1.12,309.825,-1.2372,36.09,35.35050582885742,4.98,0.0,0
46974,-0.341,83.545,0.0,0.0,456.397,0.0,0.0,0.0,5.732,0,0.0,1.065,309.825,0.37120000000000003,35.61,35.35050582885742,4.98,0.0,0
46974,-0.512,83.545,0.0,0.0,456.216,0.0,0.0,0.0,5.732,0,1.0,1.055,309.915,1.6331,34.800000000000004,35.35050582885742,4.98,0.0,0
46974,-0.512,83.545,0.0,0.0,456.397,0.0,0.0,0.0,5.732,0,2.0,1.07,309.825,2.8372,35.34,35.35050582885742,4.98,0.0,0
46974,-0.512,83.545,0.0,0.0,456.397,0.0,0.0,-0.2,5.732,0,1.0,1.08,309.825,2.9032,35.46,35.35050582885742,4.98,0.0,0
46974,-0.682,83.545,0.0,0.0,456.034,0.0,0.0,0.0,5.732,0,2.0,1.055,309.915,1.0557,36.33,35.35050582885742,4.98,0.0,0
46974,-0.171,83.545,0.0,0.0,456.397,0.0,0.0,0.0,5.732,0,1.0,1.05,309.825,0.5938,38.13,35.35050582885742,4.98,0.0,0
46974,-0.682,83.545,0.0,0.0,456.82,0.0,0.0,0.0,5.732,0,0.0,1.04,309.825,0.2639,38.25,35.35050582885742,4.98,0.0,0
46974,-0.853,83.545,0.0,0.0,457.063,0.0,0.0,0.0,5.732,0,0.0,1.065,309.825,0.066,37.980000000000004,35.35050582885742,4.98,0.0,0
46974,-0.512,83.545,0.0,0.0,456.76,0.0,0.0,0.2,5.732,0,1.0,1.095,309.69,-1.4516,36.99,35.35050582885742,4.98,0.0,0
46974,-0.341,83.545,0.0,0.0,456.216,0.0,0.0,0.0,5.732,0,1.0,1.09,309.825,-3.4311000000000003,36.27,35.35050582885742,4.98,0.0,0
46974,-0.512,83.545,0.0,0.0,456.216,0.0,0.0,-0.2,5.732,0,2.0,1.05,309.825,-3.4311000000000003,36.12,35.35050582885742,4.98,0.0,0
46974,-0.682,83.545,0.0,0.0,456.15500000000003,0.0,0.0,0.0,5.732,0,2.0,1.08,309.825,3.0682,35.82,35.35050582885742,4.98,0.0,0
46974,-0.853,83.545,0.0,0.0,456.57800000000003,0.0,0.0,0.0,5.732,0,0.0,1.045,309.825,3.563,36.480000000000004,35.35050582885742,4.98,0.0,0
46974,-0.512,83.545,0.0,0.0,456.82,0.0,0.0,0.0,5.732,0,1.0,1.12,309.825,0.5279,36.39,35.35050582885742,4.98,0.0,0
46974,-0.682,83.545,0.0,0.0,456.82,0.0,0.0,0.0,5.732,0,0.0,1.065,309.915,0.7918000000000001,35.7,35.35050582885742,4.98,0.0,0
46974,-0.341,83.545,0.0,0.0,456.458,0.0,0.0,0.0,5.732,0,0.0,1.06,309.825,-0.5279,35.46,35.35050582885742,4.98,0.0,0
46974,-0.682,83.545,0.0,0.0,456.397,0.0,0.0,0.0,5.732,0,3.0,1.025,309.825,-0.7918000000000001,35.37,35.35050582885742,4.98,0.0,0
46974,-0.682,83.545,0.0,0.0,456.699,0.0,0.0,0.0,5.732,0,1.0,1.05,309.825,-2.3094,36.57,35.35050582885742,4.98,0.0,0
46974,-0.682,83.545,0.0,0.0,456.397,0.0,0.0,0.0,5.732,0,2.0,1.08,309.69,-5.4106000000000005,37.08,35.35050582885742,4.98,0.0,0
46974,-0.341,83.545,0.0,0.0,456.458,0.0,0.0,0.0,5.732,0,0.0,1.045,309.825,-3.1672000000000002,37.29,35.35050582885742,4.98,0.0,0
46974,-0.341,83.545,0.0,0.0,456.397,0.0,0.0,0.0,5.732,0,0.0,1.055,309.825,4.0909,37.89,35.35050582885742,4.98,0.0,0
46974,-0.682,83.545,0.0,0.0,456.337,0.0,0.0,0.0,5.732,0,0.0,1.045,309.825,3.0682,37.410000000000004,35.35050582885742,4.98,0.0,0
46974,-0.682,83.545,0.0,0.0,456.397,0.0,0.0,0.0,5.732,0,1.0,1.055,309.825,-0.6598,37.050000000000004,35.35050582885742,4.98,0.0,0
46974,-0.853,83.545,0.0,0.0,456.397,0.0,0.0,0.0,5.732,0,2.0,1.08,309.825,-2.6393,36.12,35.35050582885742,4.98,0.0,0
46974,-0.341,83.545,0.0,0.0,456.51800000000003,0.0,0.0,0.0,5.732,0,2.0,1.045,309.825,0.0,35.4,35.35050582885742,4.98,0.0,0
46974,-0.512,83.545,0.0,0.0,456.337,0.0,0.0,0.0,5.732,0,2.0,1.055,309.69,0.099,35.07,35.35050582885742,4.98,0.0,0
46974,-0.171,83.545,0.0,0.0,456.397,0.0,0.0,0.0,5.732,0,0.0,1.075,309.825,-1.5836000000000001,35.28,35.35050582885742,4.98,0.0,0
46974,-0.341,83.545,0.0,0.0,456.458,0.0,0.0,0.0,5.732,0,0.0,1.1,310.005,2.7713,35.01,35.35050582885742,4.98,0.0,0
46974,-0.512,83.545,0.0,0.0,456.82,0.0,0.0,0.0,5.732,0,1.0,1.085,309.825,4.7507,35.01,35.35050582885742,4.98,0.0,0
46974,-0.682,83.545,0.0,0.0,456.15500000000003,0.0,0.0,0.0,5.732,0,0.0,1.095,309.825,1.3196,36.33,35.35050582885742,4.98,0.0,0
46974,-0.512,83.545,0.0,0.0,456.276,0.0,0.0,0.0,5.732,0,1.0,1.025,309.825,-5.6745,37.77,35.35050582885742,4.98,0.0,0
46974,-0.682,83.545,0.0,0.0,456.276,0.0,0.0,0.0,5.732,0,2.0,1.075,309.915,-4.1404000000000005,37.92,35.35050582885742,4.98,0.0,0
46974,-0.512,83.545,0.0,0.0,456.57800000000003,0.0,0.0,0.0,5.732,0,3.0,1.045,309.825,1.1217000000000001,38.25,35.35050582885742,4.98,0.0,0
46974,-0.682,83.545,0.0,0.0,456.458,0.0,0.0,0.0,5.732,0,1.0,1.05,309.825,1.7815,37.68,35.35050582885742,4.98,0.0,0
46974,-0.341,83.545,0.0,0.0,456.216,0.0,0.0,0.0,5.732,0,0.0,1.055,309.915,1.1712,37.26,35.35050582885742,4.98,0.0,0
46974,-0.171,83.545,0.0,0.0,456.639,0.0,0.0,0.0,5.732,0,0.0,1.05,309.825,1.9795,37.2,35.35050582885742,4.98,0.0,0
46974,-0.512,83.545,0.0,0.0,456.51800000000003,0.0,0.0,0.0,5.732,0,0.0,1.065,309.825,-1.9795,36.39,35.35050582885742,4.98,0.0,0
46974,-0.341,83.545,0.0,0.0,455.974,0.0,0.0,0.0,5.732,0,0.0,1.055,309.825,-1.699,35.25,35.35050582885742,4.98,0.0,0
46974,-0.682,83.545,0.0,0.0,456.51800000000003,0.0,0.0,-0.2,5.732,0,3.0,1.07,309.915,1.3032000000000001,35.160000000000004,35.35050582885742,4.98,0.0,0
46974,-0.853,83.545,0.0,0.0,456.57800000000003,0.0,0.0,0.0,5.732,0,2.0,1.045,309.915,1.4351,34.92,35.35050582885742,4.98,0.0,0
46974,-0.341,83.545,0.0,0.0,456.216,0.0,0.0,0.2,5.732,0,3.0,1.075,309.915,3.5466,34.29,35.35050582885742,4.98,0.0,0
46974,-0.682,83.545,0.0,0.0,456.276,0.0,0.0,0.0,5.732,0,0.0,1.055,309.825,0.9402,34.47,35.35050582885742,4.98,0.0,0
46974,-0.341,83.545,0.0,0.0,456.397,0.0,0.0,0.0,5.732,0,0.0,1.06,309.915,-2.3754,35.4,35.35050582885742,4.98,0.0,0
46974,-0.853,83.545,0.0,0.0,456.57800000000003,0.0,0.0,0.0,5.732,0,0.0,1.065,309.825,-1.4351,35.67,35.35050582885742,4.98,0.0,0
46974,-0.682,83.545,0.0,0.0,456.458,0.0,0.0,0.0,5.732,0,0.0,1.025,309.915,0.6598,36.63,35.35050582885742,4.98,0.0,0
46974,-0.512,83.545,0.0,0.0,456.397,0.0,0.0,0.0,5.732,0,1.0,1.0150000000000001,309.825,-1.699,35.94,35.35050582885742,4.98,0.0,0
46974,-0.512,83.545,0.0,0.0,456.15500000000003,0.0,0.0,0.0,5.732,0,1.0,1.01,309.915,0.2639,36.18,35.35050582885742,4.98,0.0,0
46974,-0.341,83.545,0.0,0.0,456.397,0.0,0.0,0.0,5.732,0,2.0,1.065,309.915,1.4516,36.12,35.35050582885742,4.98,0.0,0
46974,-0.682,83.545,0.0,0.0,456.51800000000003,0.0,0.0,0.0,5.732,0,2.0,1.035,309.825,0.6598,36.6,35.35050582885742,4.98,0.0,0
46974,-0.341,83.545,0.0,0.0,456.57800000000003,0.0,0.0,0.0,5.732,0,0.0,1.05,309.825,-5.3281,36.63,35.35050582885742,4.98,0.0,0
46974,-0.512,83.545,0.0,0.0,456.57800000000003,0.0,0.0,0.0,5.732,0,0.0,1.06,309.825,-4.9487000000000005,36.54,35.35050582885742,4.98,0.0,0
46974,-0.171,83.545,0.0,0.0,456.76,0.0,0.0,0.0,5.732,0,0.0,1.045,309.825,-0.9238000000000001,36.0,35.35050582885742,4.98,0.0,0
46974,-0.171,83.545,0.0,0.0,456.76,0.0,0.0,0.0,5.732,0,0.0,1.025,309.825,3.1672000000000002,34.32,35.35050582885742,4.98,0.0,0
46974,-0.341,83.545,0.0,0.0,456.458,0.0,0.0,0.0,5.732,0,1.0,1.025,309.825,-1.0557,33.78,35.35050582885742,4.98,0.0,0
46974,-0.341,83.545,0.0,0.0,456.397,0.0,0.0,0.0,5.732,0,1.0,1.01,309.69,-0.9567,33.57,35.35050582885742,4.98,0.0,0
46974,-0.341,83.545,0.0,0.0,456.51800000000003,0.0,0.0,0.0,5.732,0,1.0,1.045,309.915,0.9238000000000001,34.56,35.35050582885742,4.98,0.0,0
46974,-0.341,83.545,0.0,0.0,456.458,0.0,0.0,0.0,5.732,0,1.0,1.03,309.915,1.2537,35.46,35.35050582885742,4.98,0.0,0
46974,-0.171,83.545,0.0,0.0,456.337,0.0,0.0,0.0,5.732,0,0.0,1.025,309.69,0.0,36.69,35.35050582885742,4.98,0.0,0
46974,-0.682,83.545,0.0,0.0,456.337,0.0,0.0,0.0,5.732,0,0.0,1.085,309.825,-2.3094,37.17,35.35050582885742,4.98,0.0,0
46974,-0.853,83.545,0.0,0.0,456.57800000000003,0.0,0.0,0.0,5.732,0,0.0,1.06,309.825,0.6598,36.6,35.35050582885742,4.98,0.0,0
46974,-0.853,83.545,0.0,0.0,456.57800000000003,0.0,0.0,0.0,5.732,0,0.0,1.035,309.825,1.4846000000000001,35.85,35.35050582885742,4.98,0.0,0
46974,-0.682,83.545,0.0,0.0,456.034,0.0,0.0,0.0,5.732,0,3.0,1.045,309.69,-2.7713,36.0,35.35050582885742,4.98,0.0,0
46974,-0.341,83.545,0.0,0.0,456.034,0.0,0.0,-0.2,5.732,0,3.0,1.045,309.915,2.8372,36.06,35.35050582885742,4.98,0.0,0
46974,-0.512,83.545,0.0,0.0,456.458,0.0,0.0,0.0,5.732,0,1.0,1.05,309.915,0.5279,36.480000000000004,35.35050582885742,4.98,0.0,0
46974,-0.341,83.545,0.0,0.0,456.76,0.0,0.0,0.0,5.732,0,1.0,1.02,309.69,-1.5836000000000001,37.08,35.35050582885742,4.98,0.0,0
46974,-0.341,83.545,0.0,0.0,456.639,0.0,0.0,0.0,5.732,0,0.0,1.025,309.825,-2.1114,36.660000000000004,35.35050582885742,4.98,0.0,0
46974,-0.512,83.545,0.0,0.0,456.337,0.0,0.0,0.2,5.732,0,0.0,1.05,309.69,-3.2661000000000002,35.49,35.35050582885742,4.98,0.0,0
46974,-0.171,83.545,0.0,0.0,455.853,0.0,0.0,0.0,5.732,0,1.0,1.055,309.69,-1.1877,34.38,35.35050582885742,4.98,0.0,0
46974,-0.341,83.545,0.0,0.0,456.57800000000003,0.0,0.0,0.0,5.732,0,2.0,1.0050000000000001,309.69,1.1547,34.59,35.35050582885742,4.98,0.0,0
46974,-0.171,83.545,0.0,0.0,456.639,0.0,0.0,0.0,5.732,0,1.0,1.07,309.69,0.0,36.24,35.35050582885742,4.98,0.0,0
46974,-0.512,83.545,0.0,0.0,456.337,0.0,0.0,0.0,5.732,0,0.0,1.08,309.825,0.4289,37.62,35.35050582885742,4.98,0.0,0
46974,-0.853,83.545,0.0,0.0,456.639,0.0,0.0,0.0,5.732,0,1.0,0.995,309.825,4.2229,37.11,35.35050582885742,4.98,0.0,0
46974,-0.853,83.545,0.0,0.0,456.82,0.0,0.0,0.0,5.732,0,0.0,1.07,309.825,2.0125,37.17,35.35050582885742,4.98,0.0,0
46974,-0.341,83.545,0.0,0.0,456.882,0.0,0.0,0.0,5.732,0,1.0,1.05,309.825,1.5836000000000001,36.36,35.35050582885742,4.98,0.0,0
46974,-0.171,83.545,0.0,0.0,456.51800000000003,0.0,0.0,0.0,5.732,0,0.0,1.065,309.915,-0.066,36.51,35.35050582885742,4.98,0.0,0
46974,-0.512,83.545,0.0,0.0,456.458,0.0,0.0,0.0,5.732,0,2.0,1.07,309.915,3.2991,36.33,35.35050582885742,4.98,0.0,0
46974,-0.171,83.545,0.0,0.0,456.76,0.0,0.0,0.0,5.732,0,2.0,1.0,309.915,3.8930000000000002,36.78,35.35050582885742,4.98,0.0,0
46974,-0.512,83.545,0.0,0.0,456.57800000000003,0.0,0.0,0.0,5.732,0,0.0,1.02,309.915,-1.0557,36.9,35.35050582885742,4.98,0.0,0
46974,-0.341,83.545,0.0,0.0,456.15500000000003,0.0,0.0,0.2,5.732,0,0.0,1.065,309.915,0.0,36.480000000000004,35.35050582885742,4.98,0.0,0
46974,-0.341,83.545,-0.5,0.0,456.216,0.0,0.0,0.0,5.732,0,1.0,1.04,309.915,-0.2639,35.37,35.35050582885742,4.98,0.0,0
46974,-0.341,83.545,0.0,0.0,456.397,0.0,0.0,0.0,5.732,0,1.0,0.99,309.825,-6.5323,34.11,35.35050582885742,4.98,0.0,0
46974,-0.341,83.545,0.0,0.0,456.397,0.0,0.0,0.0,5.732,0,2.0,1.02,309.825,-6.0539000000000005,34.17,35.35050582885742,4.98,0.0,0
46974,-0.512,83.545,0.0,0.0,456.458,0.0,0.0,0.0,5.732,0,2.0,1.0150000000000001,309.825,-3.3486000000000002,34.95,35.35050582885742,4.98,0.0,0
46974,-0.853,83.545,0.0,0.0,456.216,0.0,0.0,0.0,5.732,0,1.0,0.99,309.69,2.4166000000000003,36.12,35.35050582885742,4.98,0.0,0
46974,-0.341,83.545,0.0,0.0,456.458,0.0,0.0,0.0,5.732,0,2.0,1.055,309.825,-0.9238000000000001,37.83,35.35050582885742,4.98,0.0,0
46974,-0.512,83.545,0.0,0.0,456.57800000000003,0.0,0.0,0.0,5.732,0,0.0,1.045,309.69,-3.761,38.34,35.35050582885742,4.98,0.0,0
46974,-0.682,83.545,0.0,0.0,456.397,0.0,0.0,0.0,5.732,0,0.0,1.03,309.825,-1.6083,38.730000000000004,35.35050582885742,4.98,0.0,0
46974,-0.682,83.545,0.0,0.0,456.76,0.0,0.0,0.2,5.732,0,1.0,1.025,309.915,5.0641,37.71,35.35050582885742,4.98,0.0,0
46974,-0.341,83.545,0.0,0.0,456.458,0.0,0.0,0.0,5.732,0,2.0,1.02,309.825,4.3301,36.33,35.35050582885742,4.98,0.0,0
46974,-0.171,83.545,0.0,0.0,456.276,0.0,0.0,0.0,5.732,0,2.0,1.03,309.69,-3.2331000000000003,35.82,35.35050582885742,4.98,0.0,0
46974,-0.341,83.545,0.0,0.0,456.397,0.0,0.0,0.0,5.732,0,1.0,1.03,309.915,-1.9135000000000002,36.15,35.35050582885742,4.98,0.0,0
46974,-0.682,83.545,0.0,0.0,456.51800000000003,0.0,0.0,0.0,5.732,0,0.0,1.045,309.825,1.9135000000000002,35.64,35.35050582885742,4.98,0.0,0
46974,-0.341,83.545,0.0,0.0,456.82,0.0,0.0,0.0,5.732,0,0.0,1.01,309.825,3.4723,35.19,35.35050582885742,4.98,0.0,0
46974,-0.682,83.545,0.0,0.0,456.57800000000003,0.0,0.0,0.0,5.732,0,0.0,0.99,309.825,0.132,35.67,35.35050582885742,4.98,0.0,0
46974,-0.341,83.545,0.0,0.0,456.337,0.0,0.0,0.0,5.732,0,2.0,1.04,309.825,-0.7918000000000001,35.43,35.35050582885742,4.98,0.0,0
46974,-0.512,83.545,0.0,0.0,456.397,0.0,0.0,0.0,5.732,0,2.0,1.0,309.825,-1.699,35.52,35.35050582885742,4.98,0.0,0
46974,-0.341,83.545,0.0,0.0,456.397,0.0,0.0,0.0,5.732,0,2.0,0.985,309.825,1.1877,36.51,35.35050582885742,4.98,0.0,0
46974,-0.512,83.545,0.0,0.0,456.397,0.0,0.0,0.0,5.732,0,1.0,1.04,309.825,1.3196,37.71,35.35050582885742,4.98,0.0,0
46974,-0.341,83.545,0.0,0.0,456.76,0.0,0.0,0.0,5.732,0,0.0,1.04,309.915,0.3794,38.22,35.35050582885742,4.98,0.0,0
46974,-0.512,83.545,0.0,0.0,456.882,0.0,0.0,0.0,5.732,0,0.0,1.07,309.915,2.4908,38.52,35.35050582885742,4.98,0.0,0
46974,-0.682,83.545,0.0,0.0,456.57800000000003,0.0,0.0,0.0,5.732,0,0.0,0.99,309.825,-2.4413,37.77,35.35050582885742,4.98,0.0,0
46974,-0.512,83.545,0.0,0.0,456.51800000000003,0.0,0.0,-0.2,5.732,0,1.0,1.05,309.915,-1.4021000000000001,37.17,35.35050582885742,4.98,0.0,0
46974,-0.341,83.545,0.0,0.0,456.76,0.0,0.0,0.0,5.732,0,2.0,1.025,309.825,-0.7093,36.21,35.35050582885742,4.98,0.0,0
46974,-0.682,83.545,0.0,0.0,456.57800000000003,0.0,0.0,0.0,5.732,0,1.0,1.02,309.915,0.3547,35.550000000000004,35.35050582885742,4.98,0.0,0
46974,-0.853,83.545,0.0,0.0,456.76,0.0,0.0,0.0,5.732,0,2.0,1.035,309.825,-0.7753,34.980000000000004,35.35050582885742,4.98,0.0,0
46974,-0.512,83.545,0.0,0.0,456.639,0.0,0.0,0.0,5.732,0,0.0,1.02,309.825,0.7918000000000001,35.34,35.35050582885742,4.98,0.0,0
46974,-0.171,83.545,0.0,0.0,456.76,0.0,0.0,0.0,5.732,0,0.0,0.985,309.825,0.5279,35.43,35.35050582885742,4.98,0.0,0
46974,-0.512,83.545,0.0,0.0,457.245,0.0,0.0,0.0,5.732,0,0.0,1.0150000000000001,309.825,0.066,35.64,35.35050582885742,4.98,0.0,0
46974,-0.171,83.545,0.0,0.0,457.184,0.0,0.0,0.0,5.732,0,1.0,0.995,309.825,-0.2639,36.21,35.35050582885742,4.98,0.0,0
46974,-0.682,83.545,0.0,0.0,457.305,0.0,0.0,0.0,5.732,0,1.0,0.995,309.825,-1.5836000000000001,36.81,35.35050582885742,4.98,0.0,0
46974,-0.341,83.545,0.0,0.0,457.063,0.0,0.0,0.0,5.732,0,1.0,1.03,310.005,2.3754,37.68,35.35050582885742,4.98,0.0,0
46974,-0.512,83.545,0.0,0.0,456.76,0.0,0.0,0.0,5.732,0,0.0,1.0,309.825,2.1114,37.980000000000004,35.35050582885742,4.98,0.0,0
46974,-0.512,83.545,0.0,0.0,456.76,0.0,0.0,0.0,5.732,0,0.0,1.06,309.825,-1.8475000000000001,38.28,35.35050582885742,4.98,0.0,0
46974,-0.341,83.545,0.0,0.0,456.699,0.0,0.0,0.0,5.732,0,0.0,1.02,309.915,-0.46190000000000003,38.52,35.35050582885742,4.98,0.0,0
46974,-0.341,83.545,0.0,0.0,456.82,0.0,0.0,0.0,5.732,0,2.0,1.0050000000000001,309.69,-2.5073000000000003,37.71,35.35050582885742,4.98,0.0,0
46974,-0.512,83.545,0.0,0.0,456.882,0.0,0.0,0.0,5.732,0,4.0,1.025,310.005,-4.0909,37.11,35.35050582885742,4.98,0.0,0
46974,-0.171,83.545,0.0,0.0,456.639,0.0,0.0,0.0,5.732,0,2.0,1.045,309.915,4.486800000000001,36.84,35.35050582885742,4.98,0.0,0
46974,-0.853,83.545,0.0,0.0,456.57800000000003,0.0,0.0,0.0,5.732,0,3.0,1.065,309.825,3.3321,36.24,35.35050582885742,4.98,0.0,0
46974,-0.682,83.545,0.0,0.0,456.639,0.0,0.0,0.0,5.732,0,2.0,1.03,309.915,-3.9589000000000003,36.42,35.35050582885742,4.98,0.0,0
46974,-0.682,83.545,0.0,0.0,456.699,0.0,0.0,0.0,5.732,0,0.0,1.0150000000000001,309.915,1.5836000000000001,35.61,35.35050582885742,4.98,0.0,0
46974,-0.171,83.545,0.0,0.0,456.397,0.0,0.0,0.0,5.732,0,0.0,1.095,309.915,2.9032,35.94,35.35050582885742,4.98,0.0,0
46974,-0.341,83.545,0.0,0.0,456.76,0.0,0.0,0.0,5.732,0,1.0,0.98,309.915,0.0,36.87,35.35050582885742,4.98,0.0,0
46974,-0.512,83.545,0.0,0.0,456.458,0.0,0.0,0.0,5.732,0,2.0,1.0150000000000001,309.915,-1.0557,37.800000000000004,35.35050582885742,4.98,0.0,0
46974,-0.512,83.545,0.0,0.0,456.458,0.0,0.0,0.0,5.732,0,2.0,1.0050000000000001,309.825,-0.9897,38.19,35.35050582885742,4.98,0.0,0
46974,-0.512,83.545,0.0,0.0,456.639,0.0,0.0,0.2,5.732,0,1.0,1.055,309.825,-1.5836000000000001,38.550000000000004,35.35050582885742,4.98,0.0,0
46974,-0.171,83.545,0.0,0.0,456.82,0.0,0.0,0.0,5.732,0,2.0,1.03,309.825,-2.5733,38.49,35.35050582885742,4.98,0.0,0
46974,-0.682,83.545,0.0,0.0,456.699,0.0,0.0,0.0,5.732,0,0.0,0.98,309.69,-4.0909,37.47,35.35050582885742,4.98,0.0,0
46974,-0.682,83.545,0.0,0.0,456.882,0.0,0.0,0.2,5.732,0,0.0,0.995,310.005,3.8270000000000004,37.050000000000004,35.35050582885742,4.98,0.0,0
46974,-0.341,83.545,0.0,0.0,456.882,0.0,0.0,0.2,5.732,0,0.0,1.01,310.005,4.651800000000001,36.93,35.35050582885742,4.98,0.0,0
46974,-0.682,83.545,0.0,0.0,456.639,0.0,0.0,0.0,5.732,0,1.0,1.03,309.825,2.4413,36.6,35.35050582885742,4.98,0.0,0
46974,-0.512,83.545,0.0,0.0,456.51800000000003,0.0,0.0,0.0,5.732,0,0.0,1.0050000000000001,309.825,-3.4558,35.82,35.35050582885742,4.98,0.0,0
46974,-0.341,83.545,0.0,0.0,456.639,0.0,0.0,-0.2,5.732,0,1.0,1.06,309.825,-2.8702,35.22,35.35050582885742,4.98,0.0,0
46974,-0.171,83.545,0.0,0.0,456.57800000000003,0.0,0.0,0.0,5.732,0,2.0,1.0050000000000001,309.825,1.4516,35.04,35.35050582885742,4.98,0.0,0
46974,-0.341,83.545,0.0,0.0,456.216,0.0,0.0,0.0,5.732,0,2.0,0.985,309.69,-0.6351,35.160000000000004,35.35050582885742,4.98,0.0,0
46974,-0.512,83.545,0.0,0.0,456.216,0.0,0.0,0.0,5.732,0,0.0,1.0150000000000001,309.69,-3.2744,36.12,35.35050582885742,4.98,0.0,0
46974,-0.171,83.545,0.0,0.0,456.397,0.0,0.0,0.0,5.732,0,1.0,1.04,309.915,0.2474,37.92,35.35050582885742,4.98,0.0,0
46974,-0.512,83.545,0.0,0.0,456.276,0.0,0.0,0.0,5.732,0,1.0,1.0150000000000001,309.825,1.1217000000000001,39.0,35.35050582885742,4.98,0.0,0
46974,-0.171,83.545,0.0,0.0,456.57800000000003,0.0,0.0,0.0,5.732,0,5.0,1.025,309.69,1.9795,38.58,35.35050582885742,4.98,0.0,0
46974,-0.512,83.545,0.0,0.0,456.397,0.0,0.0,0.0,5.732,0,1.0,1.035,309.825,0.0,38.07,35.35050582885742,4.98,0.0,0
46974,-0.341,83.545,0.0,0.0,456.76,0.0,0.0,0.0,5.732,0,1.0,1.04,309.825,2.1774,37.17,35.35050582885742,4.98,0.0,0
46974,-0.341,83.545,0.0,0.0,456.76,0.0,0.0,0.0,5.732,0,0.0,1.025,309.915,3.0847,36.75,35.35050582885742,4.98,0.0,0
46974,-0.171,83.545,0.0,0.0,456.034,0.0,0.0,0.0,5.732,0,0.0,1.02,309.915,-1.2042000000000002,36.75,35.35050582885742,4.98,0.0,0
46974,-0.341,83.545,0.0,0.0,456.276,0.0,0.0,0.0,5.732,0,0.0,1.02,309.825,-0.2474,36.36,35.35050582885742,4.98,0.0,0
46974,-0.341,83.545,0.0,0.0,456.15500000000003,0.0,0.0,0.0,5.732,0,0.0,1.025,309.915,0.39590000000000003,35.7,35.35050582885742,4.98,0.0,0
46974,-0.682,83.545,0.0,0.0,456.337,0.0,0.0,0.0,5.732,0,1.0,1.04,309.825,-0.39590000000000003,35.67,35.35050582885742,4.98,0.0,0
46974,-0.341,83.545,0.0,0.0,455.853,0.0,0.0,0.0,5.732,0,1.0,0.985,309.915,-2.5898000000000003,35.4,35.35050582885742,4.98,0.0,0
46974,-0.341,83.545,0.0,0.0,456.397,0.0,0.0,0.0,5.732,0,2.0,1.025,309.825,-1.1052,35.7,35.35050582885742,4.98,0.0,0
46974,-0.512,83.545,0.0,0.0,456.699,0.0,0.0,0.0,5.732,0,1.0,1.0150000000000001,309.915,3.4806000000000004,37.35,35.35050582885742,4.98,0.0,0
46974,-0.171,83.545,0.0,0.0,456.639,0.0,0.0,0.0,5.732,0,0.0,0.98,309.825,0.5279,38.730000000000004,35.35050582885742,4.98,0.0,0
46974,-0.171,83.545,0.0,0.0,456.57800000000003,0.0,0.0,0.0,5.732,0,1.0,0.975,309.825,-0.5279,39.03,35.35050582885742,4.98,0.0,0
46974,-0.341,83.545,0.0,0.0,456.76,0.0,0.0,0.0,5.732,0,0.0,1.02,309.915,-0.14850000000000002,38.49,35.35050582885742,4.98,0.0,0
46974,-0.341,83.545,0.0,0.0,456.57800000000003,0.0,0.0,0.0,5.732,0,1.0,1.0,309.825,2.2434000000000003,37.71,35.35050582885742,4.98,0.0,0
46974,-0.853,83.545,0.0,0.0,456.699,0.0,0.0,0.0,5.732,0,2.0,1.01,309.915,-0.14850000000000002,37.68,35.35050582885742,4.98,0.0,0
46974,-0.512,83.545,0.0,0.0,456.76,0.0,0.0,0.0,5.732,0,2.0,1.035,309.915,-2.6393,36.9,35.35050582885742,4.98,0.0,0
46974,-0.341,83.545,0.0,0.0,456.51800000000003,0.0,0.0,-0.2,5.732,0,1.0,1.0150000000000001,309.825,-0.2474,36.51,35.35050582885742,4.98,0.0,0
46974,-0.682,83.545,0.0,0.0,456.034,0.0,0.0,0.0,5.732,0,0.0,1.01,309.915,1.5836000000000001,36.21,35.35050582885742,4.98,0.0,0
46974,-0.853,83.545,0.0,0.0,456.034,0.0,0.0,0.0,5.732,0,0.0,1.03,309.915,2.1114,36.15,35.35050582885742,4.98,0.0,0
46974,-0.171,83.545,0.0,0.0,456.397,0.0,0.0,0.0,5.732,0,0.0,1.0,309.915,2.1114,35.1,35.35050582885742,4.98,0.0,0
46974,-0.682,83.545,0.0,0.0,456.216,0.0,0.0,0.0,5.732,0,2.0,0.98,309.69,-8.0828,34.59,35.35050582885742,4.98,0.0,0
46974,-0.341,83.545,0.0,0.0,456.51800000000003,0.0,0.0,0.0,5.732,0,2.0,1.04,309.915,-1.9795,35.730000000000004,35.35050582885742,4.98,0.0,0
46974,-0.512,83.545,0.0,0.0,456.82,0.0,0.0,0.0,5.732,0,1.0,1.0150000000000001,309.825,4.2889,37.08,35.35050582885742,4.98,0.0,0
46974,-0.341,83.545,0.0,0.0,456.82,0.0,0.0,-0.2,5.732,0,0.0,1.03,309.825,1.9795,38.31,35.35050582885742,4.98,0.0,0
46974,-0.512,83.545,0.0,0.0,456.458,0.0,0.0,0.0,5.732,0,0.0,0.975,309.69,-1.4186,38.94,35.35050582885742,4.98,0.0,0
46974,-0.341,83.545,0.0,0.0,456.57800000000003,0.0,0.0,0.0,5.732,0,0.0,0.97,309.825,-1.4516,38.52,35.35050582885742,4.98,0.0,0
46974,-0.682,83.545,0.0,0.0,456.57800000000003,0.0,0.0,0.0,5.732,0,0.0,1.04,309.915,2.8372,37.5,35.35050582885742,4.98,0.0,0
46974,-0.341,83.545,0.0,0.0,456.458,0.0,0.0,0.0,5.732,0,2.0,0.9500000000000001,309.915,5.4106000000000005,36.99,35.35050582885742,4.98,0.0,0
46974,-0.341,83.545,0.0,0.0,456.397,0.0,0.0,0.0,5.732,0,1.0,1.085,309.915,-0.066,36.6,35.35050582885742,4.98,0.0,0
46974,-0.171,83.545,0.0,0.0,456.458,0.0,0.0,0.0,5.732,0,3.0,1.055,309.825,-2.9032,35.79,35.35050582885742,4.98,0.0,0
46974,-0.341,83.545,0.0,0.0,456.397,0.0,0.0,0.0,5.732,0,1.0,0.9550000000000001,309.915,-1.5836000000000001,36.39,35.35050582885742,4.98,0.0,0
46974,-0.171,83.545,0.0,0.0,456.397,0.0,0.0,0.0,5.732,0,0.0,1.01,309.69,-1.8475000000000001,35.37,35.35050582885742,4.98,0.0,0
46974,-0.171,83.545,0.0,0.0,456.337,0.0,0.0,-0.2,5.732,0,0.0,1.01,309.69,0.099,35.13,35.35050582885742,4.98,0.0,0
46974,-0.341,83.545,0.0,0.0,456.882,0.0,0.0,-0.2,5.732,0,1.0,1.01,309.915,-1.0557,34.17,35.35050582885742,4.98,0.0,0
46974,-0.512,83.545,0.0,0.0,456.882,0.0,0.0,0.0,5.732,0,3.0,0.985,309.825,2.8043,33.99,35.35050582885742,4.98,0.0,0
46974,-0.512,83.545,0.0,0.0,456.216,0.0,0.0,0.0,5.732,0,1.0,0.98,309.825,1.7155,35.37,35.35050582885742,4.98,0.0,0
46974,-0.512,83.545,0.0,0.0,456.397,0.0,0.0,0.0,5.732,0,2.0,0.975,309.825,-0.9897,36.81,35.35050582885742,4.98,0.0,0
46974,-0.512,83.545,0.0,0.0,456.397,0.0,0.0,0.0,5.732,0,1.0,1.025,309.825,-0.7753,36.96,35.35050582885742,4.98,0.0,0
46974,-0.682,83.545,0.0,0.0,456.397,0.0,0.0,0.0,5.732,0,0.0,1.0050000000000001,309.915,0.6433,38.34,35.35050582885742,4.98,0.0,0
46974,-0.341,83.545,0.0,0.0,456.458,0.0,0.0,0.0,5.732,0,0.0,1.0150000000000001,309.825,1.1877,38.550000000000004,35.35050582885742,4.98,0.0,0
46974,-0.341,83.545,0.0,0.0,456.276,0.0,0.0,-0.2,5.732,0,0.0,0.965,309.915,1.4351,37.56,35.35050582885742,4.98,0.0,0
46974,-0.512,83.545,0.0,0.0,456.397,0.0,0.0,0.0,5.732,0,0.0,0.99,309.915,0.7753,36.39,35.35050582885742,4.98,0.0,0
46974,-0.171,83.545,0.0,0.0,456.76,0.0,0.0,0.0,5.732,0,2.0,1.03,309.825,0.132,36.12,35.35050582885742,4.98,0.0,0
46974,-0.341,83.545,0.0,0.0,456.639,0.0,0.0,0.0,5.732,0,1.0,0.965,309.825,-2.2434000000000003,35.76,35.35050582885742,4.98,0.0,0
46974,-0.512,83.545,0.0,0.0,456.882,0.0,0.0,0.0,5.732,0,1.0,1.0,309.825,-1.5671000000000002,35.61,35.35050582885742,4.98,0.0,0
46974,-0.512,83.545,0.0,0.0,456.82,0.0,0.0,0.0,5.732,0,1.0,1.0150000000000001,309.825,0.132,35.52,35.35050582885742,4.98,0.0,0
46974,-0.171,83.545,0.0,0.0,456.57800000000003,0.0,0.0,0.0,5.732,0,0.0,1.025,309.69,-2.0867,36.0,35.35050582885742,4.98,0.0,0
46974,-0.682,83.545,0.0,0.0,456.458,0.0,0.0,0.0,5.732,0,3.0,0.975,309.915,-1.1382,35.550000000000004,35.35050582885742,4.98,0.0,0
46974,-0.512,83.545,0.0,0.0,456.639,0.0,0.0,0.2,5.732,0,1.0,0.975,309.69,0.48660000000000003,35.25,35.35050582885742,4.98,0.0,0
46974,-0.341,83.545,0.0,0.0,456.76,0.0,0.0,0.0,5.732,0,0.0,1.02,309.825,1.9795,35.61,35.35050582885742,4.98,0.0,0
46974,-0.341,83.545,0.0,0.0,456.397,0.0,0.0,0.0,5.732,0,0.0,0.995,309.825,1.0062,36.57,35.35050582885742,4.98,0.0,0
46974,-0.512,83.545,0.0,0.0,456.57800000000003,0.0,0.0,0.0,5.732,0,1.0,1.055,309.915,4.6683,36.96,35.35050582885742,4.98,0.0,0
46974,-0.512,83.545,0.0,0.0,456.882,0.0,0.0,0.0,5.732,0,0.0,0.995,309.69,-2.6805000000000003,37.47,35.35050582885742,4.98,0.0,0
46974,-0.682,83.545,0.0,0.0,456.882,0.0,0.0,0.0,5.732,0,1.0,1.025,309.69,-3.596,37.410000000000004,35.35050582885742,4.98,0.0,0
46974,-0.682,83.545,0.0,0.0,456.882,0.0,0.0,0.0,5.732,0,1.0,1.01,309.915,0.2639,37.38,35.35050582885742,4.98,0.0,0
46974,-0.341,83.545,0.0,0.0,456.57800000000003,0.0,0.0,0.0,5.732,0,2.0,0.99,309.915,2.1114,37.02,35.35050582885742,4.98,0.0,0
46974,-0.512,83.545,-0.5,0.0,456.82,0.0,0.0,0.0,5.732,0,3.0,0.975,309.915,3.6950000000000003,36.18,35.35050582885742,4.98,0.0,0
46974,-0.171,83.545,0.0,0.0,456.76,0.0,0.0,0.0,5.732,0,0.0,0.995,309.825,-0.19790000000000002,35.49,35.35050582885742,4.98,0.0,0
46974,-0.341,83.545,0.0,0.0,456.639,0.0,0.0,0.0,5.732,0,1.0,1.0050000000000001,309.825,-0.9238000000000001,35.49,35.35050582885742,4.98,0.0,0
46974,-0.341,83.545,0.0,0.0,456.76,0.0,0.0,-0.2,5.732,0,0.0,0.98,309.825,0.066,35.79,35.35050582885742,4.98,0.0,0
46974,-0.512,83.545,0.0,0.0,456.639,0.0,0.0,0.0,5.732,0,0.0,1.02,309.69,-4.7507,36.24,35.35050582885742,4.98,0.0,0
46974,-0.341,83.545,0.0,0.0,456.397,0.0,0.0,0.0,5.732,0,2.0,1.02,309.915,1.7815,36.42,35.35050582885742,4.98,0.0,0
46974,-0.512,83.545,0.0,0.0,456.458,0.0,0.0,0.0,5.732,0,3.0,1.01,309.825,2.2434000000000003,36.81,35.35050582885742,4.98,0.0,0
46974,0.0,83.545,0.0,0.0,456.397,0.0,0.0,0.0,5.732,0,1.0,1.025,310.005,1.8805,36.81,35.35050582885742,4.98,0.0,0
46974,-0.171,83.545,0.0,0.0,456.82,0.0,0.0,0.0,5.732,0,0.0,0.98,309.825,-0.2639,37.44,35.35050582885742,4.98,0.0,0
46974,-0.171,83.545,0.0,0.0,456.882,0.0,0.0,0.0,5.732,0,2.0,1.01,309.825,0.5279,37.59,35.35050582885742,4.98,0.0,0
46974,-0.341,83.545,0.0,0.0,456.51800000000003,0.0,0.0,0.0,5.732,0,0.0,0.97,309.825,-5.4106000000000005,37.68,35.35050582885742,4.98,0.0,0
46974,-0.341,83.545,0.0,0.0,456.76,0.0,0.0,0.0,5.732,0,0.0,0.985,309.915,2.5733,37.59,35.35050582885742,4.98,0.0,0
46974,-0.512,83.545,0.0,0.0,456.942,0.0,0.0,0.0,5.732,0,4.0,1.025,309.825,2.7713,36.99,35.35050582885742,4.98,0.0,0
46974,-0.171,83.545,0.0,0.0,456.942,0.0,0.0,0.0,5.732,0,2.0,1.02,309.825,-7.1261,36.96,35.35050582885742,4.98,0.0,0
46974,-0.512,83.545,0.0,0.0,456.458,0.0,0.0,0.0,5.732,0,0.0,1.01,309.825,-0.5279,36.33,35.35050582885742,4.98,0.0,0
46974,-0.512,83.545,0.0,0.0,456.57800000000003,0.0,0.0,0.0,5.732,0,0.0,1.01,309.915,7.588,35.58,35.35050582885742,4.98,0.0,0
46974,-0.341,83.545,0.0,0.0,456.276,0.0,0.0,0.0,5.732,0,0.0,1.01,309.915,2.6393,35.46,35.35050582885742,4.98,0.0,0
46974,-0.512,83.545,0.0,0.0,456.095,0.0,0.0,0.2,5.732,0,3.0,1.0,309.915,-0.5938,35.88,35.35050582885742,4.98,0.0,0
46974,-0.341,83.545,0.0,0.0,456.337,0.0,0.0,0.0,5.732,0,0.0,1.0,309.825,-2.1114,36.45,35.35050582885742,4.98,0.0,0
46974,-0.341,83.545,0.0,0.0,456.458,0.0,0.0,0.0,5.732,0,1.0,1.04,309.825,-3.1012,36.75,35.35050582885742,4.98,0.0,0
46974,-0.512,83.545,0.0,0.0,456.458,0.0,0.0,0.0,5.732,0,0.0,0.975,309.825,-3.1672000000000002,37.32,35.35050582885742,4.98,0.0,0
46974,-0.171,83.545,0.0,0.0,456.76,0.0,0.0,0.0,5.732,0,0.0,0.99,309.825,0.0,37.410000000000004,35.35050582885742,4.98,0.0,0
46974,-0.682,83.545,0.0,0.0,456.76,0.0,0.0,0.2,5.732,0,1.0,0.995,309.825,0.0,37.44,35.35050582885742,4.98,0.0,0
46974,-0.512,83.545,0.0,0.0,457.003,0.0,0.0,0.0,5.732,0,0.0,0.9550000000000001,309.915,0.5114000000000001,37.59,35.35050582885742,4.98,0.0,0
46974,-0.341,83.545,0.0,0.0,456.82,0.0,0.0,0.0,5.732,0,3.0,1.0,309.825,0.9238000000000001,37.95,35.35050582885742,4.98,0.0,0
46974,-0.171,83.545,0.0,0.0,456.699,0.0,0.0,0.0,5.732,0,1.0,0.985,309.825,-0.39590000000000003,37.32,35.35050582885742,4.98,0.0,0
46974,-0.512,83.545,0.0,0.0,456.458,0.0,0.0,0.0,5.732,0,0.0,1.01,309.825,-1.7155,37.47,35.35050582885742,4.98,0.0,0
46974,-0.171,83.545,0.0,0.0,456.76,0.0,0.0,-0.2,5.732,0,0.0,1.0050000000000001,309.69,2.1362,37.050000000000004,35.35050582885742,4.98,0.0,0
46974,-0.682,83.545,0.0,0.0,456.57800000000003,0.0,0.0,0.2,5.732,0,0.0,0.98,309.915,0.3134,35.76,35.35050582885742,4.98,0.0,0
46974,-0.341,83.545,0.0,0.0,456.76,0.0,0.0,-0.2,5.732,0,1.0,1.035,309.915,0.5773,35.25,35.35050582885742,4.98,0.0,0
46974,-0.171,83.545,0.0,0.0,456.76,0.0,0.0,0.0,5.732,0,2.0,1.025,309.825,3.6455,35.19,35.35050582885742,4.98,0.0,0
46974,-0.171,83.545,0.0,0.0,456.699,0.0,0.0,0.0,5.732,0,0.0,0.995,309.915,-1.4516,35.25,35.35050582885742,4.98,0.0,0
46974,-0.171,83.545,0.0,0.0,456.882,0.0,0.0,0.0,5.732,0,0.0,1.01,309.69,-4.2641,36.15,35.35050582885742,4.98,0.0,0
46974,-0.341,83.545,0.0,0.0,456.57800000000003,0.0,0.0,0.0,5.732,0,0.0,1.0050000000000001,309.825,-2.8372,37.050000000000004,35.35050582885742,4.98,0.0,0
46974,-0.853,83.545,0.0,0.0,456.57800000000003,0.0,0.0,0.0,5.732,0,0.0,0.975,309.825,-0.7258,38.46,35.35050582885742,4.98,0.0,0
46974,-0.171,83.545,0.0,0.0,456.216,0.0,0.0,0.0,5.732,0,3.0,0.99,309.69,-0.39590000000000003,38.46,35.35050582885742,4.98,0.0,0
46974,-0.682,83.545,0.0,0.0,456.51800000000003,0.0,0.0,0.0,5.732,0,0.0,1.0050000000000001,310.005,-0.4949,38.1,35.35050582885742,4.98,0.0,0
46974,-0.682,83.545,0.0,0.0,456.034,0.0,0.0,0.0,5.732,0,1.0,1.0050000000000001,309.915,4.4043,37.83,35.35050582885742,4.98,0.0,0
46974,-0.171,83.545,0.0,0.0,456.034,0.0,0.0,0.0,5.732,0,0.0,1.0,309.915,5.2126,37.86,35.35050582885742,4.98,0.0,0
46974,-0.341,83.545,0.0,0.0,456.397,0.0,0.0,0.0,5.732,0,1.0,0.985,309.825,5.2786,38.1,35.35050582885742,4.98,0.0,0
46974,-0.341,83.545,0.0,0.0,456.639,0.0,0.0,0.0,5.732,0,0.0,1.0,309.825,-1.4516,37.59,35.35050582885742,4.98,0.0,0
46974,-0.171,83.545,0.0,0.0,456.76,0.0,0.0,0.0,5.732,0,0.0,0.99,309.825,-2.1114,36.96,35.35050582885742,4.98,0.0,0
46974,-0.512,83.545,0.0,0.0,456.57800000000003,0.0,0.0,0.0,5.732,0,0.0,0.985,309.825,0.0,35.4,35.35050582885742,4.98,0.0,0
46974,-0.171,83.545,0.0,0.0,456.51800000000003,0.0,0.0,0.0,5.732,0,1.0,1.035,309.915,0.7918000000000001,35.22,35.35050582885742,4.98,0.0,0
46974,-0.512,83.545,0.0,0.0,456.458,0.0,0.0,0.0,5.732,0,0.0,0.975,309.825,1.0557,34.77,35.35050582885742,4.98,0.0,0
46974,-0.512,83.545,0.0,0.0,456.397,0.0,0.0,0.0,5.732,0,2.0,1.0150000000000001,309.825,-0.5279,35.910000000000004,35.35050582885742,4.98,0.0,0
46974,-0.512,83.545,0.0,0.0,456.397,0.0,0.0,0.0,5.732,0,0.0,0.98,309.69,-3.5301,37.35,35.35050582885742,4.98,0.0,0
46974,-0.171,83.545,0.0,0.0,456.337,0.0,0.0,0.0,5.732,0,0.0,1.03,309.825,-1.1877,38.46,35.35050582885742,4.98,0.0,0
46974,-0.512,83.545,0.0,0.0,456.216,0.0,0.0,0.0,5.732,0,0.0,1.025,309.825,-0.7918000000000001,38.79,35.35050582885742,4.98,0.0,0
46974,-0.512,83.545,0.0,0.0,456.216,0.0,0.0,0.2,5.732,0,2.0,0.975,309.915,5.0147,38.34,35.35050582885742,4.98,0.0,0
46974,-0.171,83.545,0.0,0.0,456.458,0.0,0.0,0.0,5.732,0,1.0,0.985,309.915,3.8930000000000002,38.01,35.35050582885742,4.98,0.0,0
46974,-0.171,83.545,0.0,0.0,456.095,0.0,0.0,0.0,5.732,0,2.0,0.935,309.915,3.1672000000000002,37.65,35.35050582885742,4.98,0.0,0
46974,-0.512,83.545,0.0,0.0,456.095,0.0,0.0,0.0,5.732,0,1.0,0.9550000000000001,309.825,-0.9897,37.08,35.35050582885742,4.98,0.0,0
46974,-0.341,83.545,0.0,0.0,456.216,0.0,0.0,0.0,5.732,0,0.0,0.925,309.69,-8.7097,37.11,35.35050582885742,4.98,0.0,0
46974,-0.512,83.545,0.0,0.0,456.276,0.0,0.0,0.0,5.732,0,0.0,0.91,309.825,-1.7815,36.69,35.35050582885742,4.98,0.0,0
46974,-0.341,83.545,0.0,0.0,456.216,0.0,0.0,0.0,5.732,0,0.0,0.995,309.915,5.0147,35.43,35.35050582885742,4.98,0.0,0
46974,-0.341,83.545,0.0,0.0,456.216,0.0,0.0,0.2,5.732,0,1.0,0.975,309.825,3.0682,35.34,35.35050582885742,4.98,0.0,0
46974,-0.341,83.545,0.0,0.0,456.095,0.0,0.0,0.0,5.732,0,1.0,0.975,309.825,-1.0557,35.28,35.35050582885742,4.98,0.0,0
46974,-0.512,83.545,0.0,0.0,456.397,0.0,0.0,0.0,5.732,0,2.0,1.0,309.825,-0.9897,36.57,35.35050582885742,4.98,0.0,0
46974,-0.682,83.545,0.0,0.0,456.276,0.0,0.0,0.0,5.732,0,1.0,0.9550000000000001,309.915,2.1114,37.980000000000004,35.35050582885742,4.98,0.0,0
46974,-0.341,83.545,0.0,0.0,456.216,0.0,0.0,0.0,5.732,0,0.0,0.96,309.915,3.1012,38.64,35.35050582885742,4.98,0.0,0
46974,-0.341,83.545,0.0,0.0,456.458,0.0,0.0,0.0,5.732,0,2.0,0.9500000000000001,309.915,3.1672000000000002,38.4,35.35050582885742,4.98,0.0,0
46974,-0.682,83.545,0.0,0.0,456.216,0.0,0.0,0.0,5.732,0,1.0,1.0050000000000001,309.69,-3.5301,37.83,35.35050582885742,4.98,0.0,0
46974,-0.341,83.545,0.0,0.0,456.639,0.0,0.0,0.0,5.732,0,1.0,1.0050000000000001,309.915,-3.0352,37.08,35.35050582885742,4.98,0.0,0
46974,-0.682,83.545,0.0,0.0,456.76,0.0,0.0,0.0,5.732,0,0.0,0.99,309.825,-0.7258,36.87,35.35050582885742,4.98,0.0,0
46974,-0.512,83.545,0.0,0.0,456.397,0.0,0.0,-0.2,5.732,0,1.0,0.96,309.825,1.9795,36.78,35.35050582885742,4.98,0.0,0
46974,-0.341,83.545,0.0,0.0,456.216,0.0,0.0,0.0,5.732,0,1.0,0.965,309.825,-3.3651,36.72,35.35050582885742,4.98,0.0,0
46974,-0.512,83.545,0.0,0.0,456.034,0.0,0.0,-0.2,5.732,0,0.0,0.97,309.825,0.9238000000000001,36.81,35.35050582885742,4.98,0.0,0
46974,-0.512,83.545,0.0,0.0,456.15500000000003,0.0,0.0,0.0,5.732,0,0.0,0.975,309.825,2.6393,35.49,35.35050582885742,4.98,0.0,0
46974,-0.512,83.545,0.0,0.0,456.458,0.0,0.0,-0.2,5.732,0,1.0,1.0,309.915,0.2639,35.07,35.35050582885742,4.98,0.0,0
46974,-0.171,83.545,0.0,0.0,456.57800000000003,0.0,0.0,0.0,5.732,0,0.0,0.995,309.69,-3.8600000000000003,35.160000000000004,35.35050582885742,4.98,0.0,0
46974,-0.341,83.545,0.0,0.0,456.57800000000003,0.0,0.0,0.0,5.732,0,1.0,0.97,309.69,-5.4106000000000005,36.39,35.35050582885742,4.98,0.0,0
46974,-0.171,83.545,0.0,0.0,456.57800000000003,0.0,0.0,0.0,5.732,0,1.0,0.995,309.915,-4.5693,36.51,35.35050582885742,4.98,0.0,0
46974,-0.512,83.545,0.0,0.0,456.397,0.0,0.0,0.0,5.732,0,2.0,0.97,309.825,2.3259000000000003,37.050000000000004,35.35050582885742,4.98,0.0,0
46974,-0.341,83.545,0.0,0.0,456.034,0.0,0.0,0.0,5.732,0,3.0,1.03,309.69,2.5073000000000003,38.49,35.35050582885742,4.98,0.0,0
46974,-0.171,83.545,0.0,0.0,456.15500000000003,0.0,0.0,-0.2,5.732,0,0.0,0.96,309.825,-3.5218000000000003,38.25,35.35050582885742,4.98,0.0,0
46974,-0.171,83.545,0.0,0.0,456.51800000000003,0.0,0.0,0.0,5.732,0,1.0,0.995,309.825,1.7815,38.31,35.35050582885742,4.98,0.0,0
46974,-0.341,83.545,0.0,0.0,456.51800000000003,0.0,0.0,0.0,5.732,0,1.0,1.01,309.915,3.8765,37.26,35.35050582885742,4.98,0.0,0
46974,-0.682,83.545,0.0,0.0,456.397,0.0,0.0,0.0,5.732,0,2.0,0.96,309.915,-0.28040000000000004,36.36,35.35050582885742,4.98,0.0,0
46974,-0.853,83.545,0.0,0.0,456.397,0.0,0.0,0.0,5.732,0,0.0,0.99,309.825,0.2639,35.94,35.35050582885742,4.98,0.0,0
46974,-0.341,83.545,0.0,0.0,456.034,0.0,0.0,0.0,5.732,0,4.0,0.97,309.69,-0.8825000000000001,35.13,35.35050582885742,4.98,0.0,0
46974,-0.171,83.545,0.0,0.0,456.216,0.0,0.0,0.0,5.732,0,1.0,1.0050000000000001,309.825,-2.7053000000000003,35.19,35.35050582885742,4.98,0.0,0
46974,-0.341,83.545,0.0,0.0,456.458,0.0,0.0,0.0,5.732,0,0.0,1.0150000000000001,309.915,1.897,35.13,35.35050582885742,4.98,0.0,0
46974,-0.171,83.545,0.0,0.0,456.458,0.0,0.0,0.0,5.732,0,0.0,0.99,309.825,3.3816,36.300000000000004,35.35050582885742,4.98,0.0,0
46974,-0.171,83.545,0.0,0.0,456.276,0.0,0.0,0.0,5.732,0,0.0,0.995,309.825,-3.8930000000000002,37.71,35.35050582885742,4.98,0.0,0
46974,-0.341,83.545,0.0,0.0,456.51800000000003,0.0,0.0,0.0,5.732,0,1.0,0.9550000000000001,309.825,-2.8207,38.160000000000004,35.35050582885742,4.98,0.0,0
46974,-0.341,83.545,0.0,0.0,456.76,0.0,0.0,0.0,5.732,0,1.0,0.9450000000000001,309.825,2.5733,37.92,35.35050582885742,4.98,0.0,0
46974,-0.341,83.545,0.0,0.0,456.882,0.0,0.0,0.0,5.732,0,2.0,1.01,309.915,2.0702000000000003,37.68,35.35050582885742,4.98,0.0,0
46974,-0.171,83.545,0.0,0.0,456.51800000000003,0.0,0.0,0.0,5.732,0,1.0,1.01,309.915,2.6228000000000002,36.96,35.35050582885742,4.98,0.0,0
46974,-0.341,83.545,0.0,0.0,456.095,0.0,0.0,0.0,5.732,0,0.0,0.995,309.69,-1.6248,36.6,35.35050582885742,4.98,0.0,0
46974,-0.341,83.545,0.0,0.0,456.15500000000003,0.0,0.0,0.0,5.732,0,1.0,0.995,309.825,-5.1961,36.75,35.35050582885742,4.98,0.0,0
46974,-0.171,83.545,0.0,0.0,456.458,0.0,0.0,0.0,5.732,0,0.0,0.965,309.825,0.2144,36.300000000000004,35.35050582885742,4.98,0.0,0
46974,-0.341,83.545,0.0,0.0,456.276,0.0,0.0,0.0,5.732,0,0.0,1.01,309.825,2.2846,35.64,35.35050582885742,4.98,0.0,0
46974,-0.512,83.545,0.0,0.0,456.276,0.0,0.0,0.0,5.732,0,0.0,0.975,309.69,-1.8887,35.46,35.35050582885742,4.98,0.0,0
46974,-0.171,83.545,0.0,0.0,456.51800000000003,0.0,0.0,-0.2,5.732,0,2.0,1.01,309.825,-2.6393,35.49,35.35050582885742,4.98,0.0,0
46974,-0.512,83.545,0.0,0.0,456.397,0.0,0.0,0.0,5.732,0,1.0,0.97,309.915,1.4351,35.49,35.35050582885742,4.98,0.0,0
46974,-0.341,83.545,0.0,0.0,456.276,0.0,0.0,0.0,5.732,0,2.0,0.985,309.69,5.938400000000001,35.7,35.35050582885742,4.98,0.0,0
46974,-0.341,83.545,0.0,0.0,456.276,0.0,0.0,0.0,5.732,0,0.0,0.985,309.69,4.486800000000001,35.730000000000004,35.35050582885742,4.98,0.0,0
46974,-0.512,83.545,0.0,0.0,456.276,0.0,0.0,0.0,5.732,0,2.0,1.01,309.69,-4.486800000000001,36.45,35.35050582885742,4.98,0.0,0
46974,-0.341,83.545,0.0,0.0,456.276,0.0,0.0,0.0,5.732,0,0.0,0.99,309.915,-2.3754,36.93,35.35050582885742,4.98,0.0,0
46974,-0.171,83.545,0.0,0.0,456.337,0.0,0.0,0.0,5.732,0,1.0,0.9400000000000001,309.915,3.9589000000000003,37.47,35.35050582885742,4.98,0.0,0
46974,-0.512,83.545,0.0,0.0,456.15500000000003,0.0,0.0,0.0,5.732,0,2.0,1.01,309.825,-0.8908,37.14,35.35050582885742,4.98,0.0,0
46974,-0.512,83.545,0.0,0.0,456.276,0.0,0.0,0.0,5.732,0,2.0,0.9450000000000001,309.825,0.2639,37.02,35.35050582885742,4.98,0.0,0
46974,-0.341,83.545,0.0,0.0,456.458,0.0,0.0,0.0,5.732,0,0.0,0.965,309.915,2.6393,36.84,35.35050582885742,4.98,0.0,0
46974,-0.171,83.545,0.0,0.0,456.337,0.0,0.0,0.0,5.732,0,0.0,0.985,309.825,-0.7918000000000001,36.51,35.35050582885742,4.98,0.0,0
46974,-0.853,83.545,0.0,0.0,456.15500000000003,0.0,0.0,0.0,5.732,0,1.0,1.045,309.825,-2.1114,35.76,35.35050582885742,4.98,0.0,0
46974,-0.171,83.545,0.0,0.0,456.15500000000003,0.0,0.0,0.0,5.732,0,1.0,0.9550000000000001,309.825,-0.5279,34.68,35.35050582885742,4.98,0.0,0
46974,-0.512,83.545,0.0,0.0,456.15500000000003,0.0,0.0,0.0,5.732,0,1.0,0.965,309.825,-2.3754,34.2,35.35050582885742,4.98,0.0,0
46974,-0.171,83.545,0.0,0.0,456.216,0.0,0.0,0.0,5.732,0,1.0,1.0050000000000001,309.69,-3.1672000000000002,34.05,35.35050582885742,4.98,0.0,0
46974,-0.171,83.545,0.0,0.0,456.276,0.0,0.0,-0.2,5.732,0,2.0,0.965,309.915,1.7815,34.980000000000004,35.35050582885742,4.98,0.0,0
46974,-0.171,83.545,0.0,0.0,456.216,0.0,0.0,0.0,5.732,0,3.0,1.025,309.69,-0.7918000000000001,36.12,35.35050582885742,4.98,0.0,0
46974,-0.171,83.545,0.0,0.0,456.095,0.0,0.0,-0.2,5.732,0,0.0,1.0050000000000001,309.825,1.7485000000000002,37.02,35.35050582885742,4.98,0.0,0
46974,-0.341,83.545,0.0,0.0,456.337,0.0,0.0,0.0,5.732,0,0.0,0.97,309.825,-3.6950000000000003,37.44,35.35050582885742,4.98,0.0,0
46974,-0.512,83.545,0.0,0.0,456.276,0.0,0.0,0.0,5.732,0,0.0,0.985,309.69,-3.4311000000000003,36.39,35.35050582885742,4.98,0.0,0
46974,-0.341,83.545,0.0,0.0,456.337,0.0,0.0,0.0,5.732,0,0.0,0.97,309.825,1.7155,35.79,35.35050582885742,4.98,0.0,0
46974,-0.512,83.545,0.0,0.0,456.397,0.0,0.0,0.0,5.732,0,1.0,1.0150000000000001,309.825,5.0147,35.49,35.35050582885742,4.98,0.0,0
46974,-0.682,83.545,0.0,0.0,455.853,0.0,0.0,0.0,5.732,0,2.0,0.9550000000000001,309.825,-0.5279,36.27,35.35050582885742,4.98,0.0,0
46974,-0.512,83.545,0.0,0.0,455.853,0.0,0.0,0.0,5.732,0,0.0,0.96,309.915,-1.6496000000000002,36.03,35.35050582885742,4.98,0.0,0
46974,-0.512,83.545,0.0,0.0,456.15500000000003,0.0,0.0,0.0,5.732,0,0.0,0.98,309.825,2.7713,35.46,35.35050582885742,4.98,0.0,0
46974,-0.341,83.545,0.0,0.0,456.216,0.0,0.0,0.0,5.732,0,0.0,0.98,309.69,-2.0125,35.1,35.35050582885742,4.98,0.0,0
46974,-0.682,83.545,0.0,0.0,456.095,0.0,0.0,-0.2,5.732,0,0.0,0.985,309.825,-1.7155,34.77,35.35050582885742,4.98,0.0,0
46974,-0.341,83.545,0.0,0.0,456.15500000000003,0.0,0.0,0.0,5.737,0,0.0,0.9500000000000001,309.69,-2.2764,34.05,35.35050582885742,4.98,0.0,0
46974,-0.171,83.545,0.0,0.0,456.15500000000003,0.0,0.0,0.0,5.732,0,0.0,0.905,309.69,-2.6805000000000003,34.08,35.35050582885742,4.98,0.0,0
46974,-0.171,83.545,0.0,0.0,456.216,0.0,0.0,0.0,5.732,0,0.0,0.975,309.825,2.0207,34.800000000000004,35.35050582885742,4.98,0.0,0
46974,-0.171,83.545,0.0,0.0,456.095,0.0,0.0,0.0,5.737,0,1.0,0.92,309.915,5.3941,36.27,35.35050582885742,4.98,0.0,0
46974,-0.682,83.545,0.0,0.0,456.216,0.0,0.0,0.0,5.732,0,0.0,0.96,309.915,5.3033,37.77,35.35050582885742,4.98,0.0,0
46974,-0.341,83.545,0.0,0.0,456.397,0.0,0.0,0.0,5.737,0,0.0,1.05,309.825,1.4681,37.53,35.35050582885742,4.98,0.0,0
46974,-0.512,83.545,0.0,0.0,456.699,0.0,0.0,0.0,5.737,0,0.0,0.92,309.915,-6.1364,36.81,35.35050582885742,4.98,0.0,0
46974,-0.171,83.545,0.0,0.0,456.216,0.0,0.0,0.0,5.737,0,3.0,0.9500000000000001,309.69,-5.2374,36.06,35.35050582885742,4.98,0.0,0
46974,-0.171,83.545,0.0,0.0,456.034,0.0,0.0,0.0,5.737,0,1.0,0.965,309.69,0.42060000000000003,36.03,35.35050582885742,4.98,0.0,0
46974,-0.171,83.545,0.0,0.0,456.216,0.0,0.0,0.0,5.737,0,2.0,0.985,309.825,-0.0247,36.18,35.35050582885742,4.98,0.0,0
46974,-0.512,83.545,0.0,0.0,456.15500000000003,0.0,0.0,0.0,5.737,0,3.0,0.995,309.915,-0.6351,36.69,35.35050582885742,4.98,0.0,0
46974,-0.341,83.545,0.0,0.0,456.276,0.0,0.0,0.0,5.737,0,1.0,0.9500000000000001,309.825,1.7155,36.69,35.35050582885742,4.98,0.0,0
46974,-0.171,83.545,0.0,0.0,456.337,0.0,0.0,0.0,5.737,0,0.0,0.965,309.915,1.5011,35.52,35.35050582885742,4.98,0.0,0
46974,-0.341,83.545,0.0,0.0,456.216,0.0,0.0,0.0,5.737,0,0.0,0.9550000000000001,309.915,2.862,34.56,35.35050582885742,4.98,0.0,0
46974,-0.341,83.545,0.0,0.0,456.15500000000003,0.0,0.0,0.0,5.737,0,0.0,0.9550000000000001,309.915,-0.8743000000000001,33.81,35.35050582885742,4.98,0.0,0
46974,-0.512,83.545,0.0,0.0,456.216,0.0,0.0,0.0,5.737,0,2.0,0.975,309.915,0.4454,34.92,35.35050582885742,4.98,0.0,0
46974,-0.341,83.545,0.0,0.0,456.51800000000003,0.0,0.0,0.0,5.737,0,2.0,0.965,309.825,1.1382,37.14,35.35050582885742,4.98,0.0,0
46974,-0.512,83.545,0.0,0.0,456.51800000000003,0.0,0.0,0.0,5.732,0,0.0,0.96,309.825,-3.563,38.01,35.35050582885742,4.98,0.0,0
46974,-0.682,83.545,0.0,0.0,456.51800000000003,0.0,0.0,0.2,5.737,0,0.0,0.9400000000000001,309.825,0.28040000000000004,38.37,35.35050582885742,4.98,0.0,0
46974,-0.171,83.545,0.0,0.0,456.57800000000003,0.0,0.0,0.0,5.737,0,0.0,0.9500000000000001,309.915,3.2826,37.44,35.35050582885742,4.98,0.0,0
46974,0.0,83.545,0.0,0.0,456.15500000000003,0.0,0.0,0.0,5.737,0,2.0,0.985,309.915,3.2826,36.51,35.35050582885742,4.98,0.0,0
46974,-0.341,83.545,0.0,0.0,456.276,0.0,0.0,0.0,5.737,0,2.0,0.97,309.915,1.7155,36.09,35.35050582885742,4.98,0.0,0
46974,-0.341,83.545,0.0,0.0,456.882,0.0,0.0,0.0,5.737,0,1.0,0.965,309.69,-1.2784,35.7,35.35050582885742,4.98,0.0,0
46974,-0.171,83.545,0.0,0.0,456.76,0.0,0.0,0.0,5.737,0,2.0,0.965,309.915,-2.3094,35.910000000000004,35.35050582885742,4.98,0.0,0
46974,-0.171,83.545,0.0,0.0,456.216,0.0,0.0,0.0,5.737,0,1.0,0.975,309.69,-2.0042,35.76,35.35050582885742,4.98,0.0,0
46974,-0.171,83.545,0.0,0.0,456.095,0.0,0.0,0.0,5.737,0,0.0,0.9500000000000001,309.825,-1.3032000000000001,35.4,35.35050582885742,4.98,0.0,0
46974,-0.341,83.545,0.0,0.0,456.216,0.0,0.0,0.0,5.737,0,0.0,0.98,309.825,-0.7918000000000001,35.34,35.35050582885742,4.98,0.0,0
46974,-0.341,83.545,0.0,0.0,456.216,0.0,0.0,0.0,5.737,0,0.0,0.935,309.825,-0.7258,35.01,35.35050582885742,4.98,0.0,0
46974,-0.341,83.545,0.0,0.0,456.337,0.0,0.0,0.0,5.737,0,0.0,0.975,309.915,5.6745,35.01,35.35050582885742,4.98,0.0,0
46974,-0.171,83.545,0.0,0.0,456.699,0.0,0.0,0.0,5.737,0,2.0,0.93,309.825,1.5836000000000001,36.12,35.35050582885742,4.98,0.0,0
46974,-0.341,83.545,0.0,0.0,456.458,0.0,0.0,0.0,5.737,0,0.0,0.985,309.915,-0.2639,36.24,35.35050582885742,4.98,0.0,0
46974,-0.341,83.545,0.0,0.0,456.639,0.0,0.0,0.0,5.737,0,3.0,0.96,309.825,-3.1012,36.99,35.35050582885742,4.98,0.0,0
46974,-0.341,83.545,0.0,0.0,456.51800000000003,0.0,0.0,0.0,5.737,0,2.0,0.9500000000000001,309.825,-0.7918000000000001,37.35,35.35050582885742,4.98,0.0,0
46974,-0.341,83.545,0.0,0.0,456.337,0.0,0.0,0.0,5.737,0,1.0,0.98,309.915,0.0,37.44,35.35050582885742,4.98,0.0,0
46974,-0.512,83.545,0.0,0.0,456.76,0.0,0.0,0.0,5.737,0,0.0,0.985,309.915,3.9589000000000003,37.11,35.35050582885742,4.98,0.0,0
46974,-0.341,83.545,0.0,0.0,456.882,0.0,0.0,0.0,5.737,0,0.0,0.975,309.825,0.0,36.84,35.35050582885742,4.98,0.0,0
46974,-0.171,83.545,0.0,0.0,456.216,0.0,0.0,0.0,5.737,0,1.0,0.985,309.69,-6.7302,36.06,35.35050582885742,4.98,0.0,0
46974,-0.341,83.545,0.0,0.0,456.276,0.0,0.0,0.0,5.737,0,0.0,0.99,309.915,-0.7918000000000001,35.52,35.35050582885742,4.98,0.0,0
46974,-0.341,83.545,0.0,0.0,456.397,0.0,0.0,0.0,5.737,0,2.0,0.9450000000000001,309.825,1.9795,35.67,35.35050582885742,4.98,0.0,0
46974,-0.171,83.545,0.0,0.0,456.337,0.0,0.0,0.0,5.737,0,1.0,0.975,309.915,3.0022,35.61,35.35050582885742,4.98,0.0,0
46974,-0.512,83.545,0.0,0.0,456.397,0.0,0.0,0.0,5.737,0,0.0,0.93,309.825,0.0,35.64,35.35050582885742,4.98,0.0,0
46974,-0.682,83.545,0.0,0.0,456.276,0.0,0.0,0.0,5.737,0,-1.0,0.9550000000000001,309.825,-1.0557,35.19,35.35050582885742,4.98,0.0,0
46974,-0.171,83.545,0.0,0.0,456.216,0.0,0.0,0.0,5.737,0,1.0,0.995,309.825,-3.4311000000000003,36.24,35.35050582885742,4.98,0.0,0
46974,-0.171,83.545,0.0,0.0,456.397,0.0,0.0,0.0,5.737,0,0.0,1.0,309.915,-0.5938,36.87,35.35050582885742,4.98,0.0,0
46974,-0.341,83.545,0.0,0.0,456.276,0.0,0.0,0.0,5.737,0,2.0,0.9550000000000001,309.825,2.1114,37.68,35.35050582885742,4.98,0.0,0
46974,-0.171,83.545,0.0,0.0,456.276,0.0,0.0,0.0,5.737,0,2.0,0.965,309.915,2.3589,37.89,35.35050582885742,4.98,0.0,0
46974,-0.171,83.545,0.0,0.0,456.216,0.0,0.0,0.0,5.737,0,4.0,0.98,309.825,0.132,38.43,35.35050582885742,4.98,0.0,0
46974,-0.171,83.545,0.0,0.0,456.397,0.0,0.0,0.0,5.737,0,2.0,0.93,309.825,-3.2826,38.31,35.35050582885742,4.98,0.0,0
46974,-0.171,83.545,0.0,0.0,456.276,0.0,0.0,0.0,5.737,0,0.0,0.975,309.825,-1.7155,37.800000000000004,35.35050582885742,4.98,0.0,0
46974,-0.512,83.545,0.0,0.0,456.216,0.0,0.0,0.0,5.737,0,0.0,0.99,309.825,1.1877,36.72,35.35050582885742,4.98,0.0,0
46974,-0.171,83.545,0.0,0.0,456.216,0.0,0.0,0.0,5.737,0,0.0,0.9400000000000001,309.825,-0.132,35.76,35.35050582885742,4.98,0.0,0
46974,-0.171,83.545,0.0,0.0,456.397,0.0,0.0,0.2,5.737,0,1.0,0.97,309.825,0.2639,35.37,35.35050582885742,4.98,0.0,0
46974,-0.341,83.545,0.0,0.0,456.216,0.0,0.0,-0.2,5.737,0,1.0,0.91,309.915,1.8310000000000002,35.07,35.35050582885742,4.98,0.0,0
46974,-0.171,83.545,0.0,0.0,456.216,0.0,0.0,0.0,5.737,0,1.0,1.0050000000000001,309.825,-0.2639,35.97,35.35050582885742,4.98,0.0,0
46974,-0.512,83.545,0.0,0.0,456.15500000000003,0.0,0.0,0.0,5.737,0,2.0,1.01,309.69,-3.3239,36.300000000000004,35.35050582885742,4.98,0.0,0
46974,-0.341,83.545,0.0,0.0,456.397,0.0,0.0,0.0,5.737,0,0.0,0.96,309.915,-0.7258,36.9,35.35050582885742,4.98,0.0,0
46974,-0.512,83.545,0.0,0.0,456.397,0.0,0.0,0.0,5.737,0,0.0,0.925,309.69,1.0805,37.26,35.35050582885742,4.98,0.0,0
46974,-0.682,83.545,0.0,0.0,456.337,0.0,0.0,0.0,5.737,0,0.0,0.98,309.915,-0.0412,38.25,35.35050582885742,4.98,0.0,0
46974,-0.341,83.545,0.0,0.0,456.216,0.0,0.0,0.0,5.737,0,0.0,0.915,309.915,1.897,38.01,35.35050582885742,4.98,0.0,0
46974,-0.341,83.545,0.0,0.0,456.095,0.0,0.0,0.0,5.737,0,1.0,0.91,309.825,3.7363000000000004,37.59,35.35050582885742,4.98,0.0,0
46974,-0.512,83.545,0.0,0.0,456.337,0.0,0.0,0.0,5.737,0,1.0,0.935,309.825,-2.2434000000000003,37.86,35.35050582885742,4.98,0.0,0
46974,-0.512,83.545,0.0,0.0,456.397,0.0,0.0,0.0,5.737,0,0.0,0.98,309.825,-2.7548,38.22,35.35050582885742,4.98,0.0,0
46974,-0.512,83.545,0.0,0.0,456.216,0.0,0.0,0.0,5.737,0,0.0,0.96,309.915,0.2474,37.68,35.35050582885742,4.98,0.0,0
46974,-0.171,83.545,0.0,0.0,456.51800000000003,0.0,0.0,0.0,5.737,0,0.0,0.98,309.915,4.0744,36.39,35.35050582885742,4.98,0.0,0
46974,-0.171,83.545,0.0,0.0,456.337,0.0,0.0,0.0,5.737,0,1.0,0.925,309.915,3.4146,36.09,35.35050582885742,4.98,0.0,0
46974,-0.512,83.545,0.0,0.0,456.095,0.0,0.0,0.0,5.737,0,1.0,0.97,309.825,-0.5114000000000001,35.61,35.35050582885742,4.98,0.0,0
46974,-0.341,83.545,0.0,0.0,456.276,0.0,0.0,0.0,5.737,0,1.0,0.99,309.69,-5.9632000000000005,35.28,35.35050582885742,4.98,0.0,0
46974,-0.171,83.545,0.0,0.0,456.216,0.0,0.0,0.0,5.737,0,2.0,1.0050000000000001,309.825,-3.0847,35.94,35.35050582885742,4.98,0.0,0
46974,-0.512,83.545,0.0,0.0,456.216,0.0,0.0,0.0,5.737,0,1.0,0.895,309.825,0.8743000000000001,37.14,35.35050582885742,4.98,0.0,0
46974,-0.171,83.545,0.0,0.0,456.57800000000003,0.0,0.0,0.0,5.737,0,1.0,0.93,309.915,-0.8330000000000001,37.980000000000004,35.35050582885742,4.98,0.0,0
46974,-0.512,83.545,0.0,0.0,456.57800000000003,0.0,0.0,0.0,5.737,0,1.0,0.9,309.915,-0.9567,38.07,35.35050582885742,4.98,0.0,0
46974,-0.341,83.545,0.0,0.0,456.216,0.0,0.0,0.0,5.737,0,2.0,0.935,309.825,1.7155,37.71,35.35050582885742,4.98,0.0,0
46974,-0.171,83.545,0.0,0.0,455.974,0.0,0.0,0.0,5.737,0,5.0,0.925,309.825,1.0557,37.29,35.35050582885742,4.98,0.0,0
46974,-0.341,83.545,0.0,0.0,456.15500000000003,0.0,0.0,0.0,5.737,0,2.0,0.915,309.915,-1.3196,37.2,35.35050582885742,4.98,0.0,0
46974,-0.171,83.545,0.0,0.0,455.853,0.0,0.0,0.0,5.737,0,0.0,0.97,309.915,1.5176,37.410000000000004,35.35050582885742,4.98,0.0,0
46974,-0.512,83.545,0.0,0.0,455.853,0.0,0.0,0.0,5.737,0,0.0,0.965,309.825,0.0,38.13,35.35050582885742,4.98,0.0,0
46974,-0.341,83.545,0.0,0.0,456.15500000000003,0.0,0.0,0.0,5.737,0,0.0,0.9500000000000001,309.825,0.066,37.56,35.35050582885742,4.98,0.0,0
46974,-0.171,83.545,0.0,0.0,456.034,0.0,0.0,0.0,5.737,0,1.0,0.96,309.915,0.2639,35.730000000000004,35.35050582885742,4.98,0.0,0
46974,-0.171,83.545,0.0,0.0,455.913,0.0,0.0,0.0,5.737,0,0.0,0.9400000000000001,309.915,2.0455,34.35,35.35050582885742,4.98,0.0,0
46974,-0.341,83.545,0.0,0.0,456.216,0.0,0.0,0.0,5.737,0,3.0,0.97,309.825,0.2639,34.29,35.35050582885742,4.98,0.0,0
46974,-0.171,83.545,0.0,0.0,456.276,0.0,0.0,-0.2,5.737,0,0.0,0.92,309.825,-2.5733,35.160000000000004,35.35050582885742,4.98,0.0,0
46974,-0.171,83.545,0.0,0.0,456.276,0.0,0.0,-0.2,5.737,0,1.0,0.9450000000000001,309.825,-1.8475000000000001,36.72,35.35050582885742,4.98,0.0,0
46974,-0.341,83.545,0.0,0.0,456.216,0.0,0.0,0.0,5.737,0,0.0,0.965,309.825,1.0557,38.79,35.35050582885742,4.98,0.0,0
46974,-0.341,83.545,0.0,0.0,456.397,0.0,0.0,0.0,5.737,0,0.0,0.9500000000000001,309.825,-0.2639,39.9,35.35050582885742,4.98,0.0,0
46974,-0.171,83.545,0.0,0.0,456.458,0.0,0.0,0.0,5.737,0,0.0,0.915,309.825,-1.5836000000000001,39.06,35.35050582885742,4.98,0.0,0
46974,-0.341,83.545,0.0,0.0,456.276,0.0,0.0,0.0,5.737,0,0.0,0.9450000000000001,309.825,1.3196,38.58,35.35050582885742,4.98,0.0,0
46974,-0.341,83.545,0.0,0.0,456.034,0.0,0.0,0.0,5.737,0,1.0,0.925,309.825,1.1877,38.49,35.35050582885742,4.98,0.0,0
46974,-0.341,83.545,0.0,0.0,455.853,0.0,0.0,0.0,5.737,0,2.0,0.97,309.915,2.7548,37.230000000000004,35.35050582885742,4.98,0.0,0
46974,-0.512,83.545,0.0,0.0,455.853,0.0,0.0,0.0,5.737,0,2.0,0.9500000000000001,309.915,-0.14850000000000002,36.75,35.35050582885742,4.98,0.0,0
46974,-0.341,83.545,0.0,0.0,456.15500000000003,0.0,0.0,0.0,5.737,0,0.0,0.96,309.915,0.5114000000000001,36.18,35.35050582885742,4.98,0.0,0
46974,-0.512,83.545,0.0,0.0,456.034,0.0,0.0,0.0,5.737,0,1.0,0.93,309.915,0.5279,36.660000000000004,35.35050582885742,4.98,0.0,0
46974,-0.171,83.545,0.0,0.0,455.913,0.0,0.0,0.0,5.737,0,0.0,0.9550000000000001,309.915,-2.3259000000000003,35.88,35.35050582885742,4.98,0.0,0
46974,-0.341,83.545,0.0,0.0,456.15500000000003,0.0,0.0,0.0,5.737,0,1.0,0.9550000000000001,309.825,-1.1052,35.82,35.35050582885742,4.98,0.0,0
46974,-0.512,83.545,0.0,0.0,456.095,0.0,0.0,0.0,5.737,0,0.0,0.9500000000000001,309.69,-2.3506,35.79,35.35050582885742,4.98,0.0,0
46974,-0.682,83.545,0.0,0.0,455.853,0.0,0.0,0.0,5.737,0,2.0,0.975,309.69,-4.1157,36.63,35.35050582885742,4.98,0.0,0
46974,-0.341,83.545,0.0,0.0,456.034,0.0,0.0,0.0,5.737,0,1.0,0.98,309.915,0.5279,37.53,35.35050582885742,4.98,0.0,0
46974,-0.682,83.545,0.0,0.0,456.276,0.0,0.0,0.0,5.737,0,1.0,0.9500000000000001,309.825,3.4063000000000003,38.22,35.35050582885742,4.98,0.0,0
46974,-0.512,83.545,0.0,0.0,456.397,0.0,0.0,0.0,5.737,0,1.0,0.925,309.915,3.3486000000000002,38.550000000000004,35.35050582885742,4.98,0.0,0
46974,-0.171,83.545,0.0,0.0,456.034,0.0,0.0,0.0,5.737,0,2.0,0.9450000000000001,309.825,0.9402,38.46,35.35050582885742,4.98,0.0,0
46974,-0.171,83.545,0.0,0.0,456.034,0.0,0.0,0.0,5.737,0,2.0,0.965,309.825,-0.2639,38.13,35.35050582885742,4.98,0.0,0
46974,-0.341,83.545,0.0,0.0,456.216,0.0,0.0,0.0,5.737,0,1.0,0.92,309.825,-1.1712,38.01,35.35050582885742,4.98,0.0,0
46974,-0.682,83.545,0.0,0.0,455.732,0.0,0.0,0.0,5.737,0,2.0,0.92,309.69,-2.7960000000000003,36.99,35.35050582885742,4.98,0.0,0
46974,-0.171,83.545,0.0,0.0,455.49,0.0,0.0,0.0,5.737,0,2.0,0.9550000000000001,309.69,-0.3052,36.54,35.35050582885742,4.98,0.0,0
46974,-0.341,83.545,0.0,0.0,455.974,0.0,0.0,0.0,5.737,0,0.0,0.9500000000000001,309.825,-0.132,35.94,35.35050582885742,4.98,0.0,0
46974,-0.682,83.545,0.0,0.0,455.853,0.0,0.0,0.0,5.737,0,1.0,0.97,309.915,0.8825000000000001,35.19,35.35050582885742,4.98,0.0,0
46974,-0.341,83.545,0.0,0.0,455.853,0.0,0.0,0.0,5.737,0,1.0,0.97,309.915,0.6268,35.13,35.35050582885742,4.98,0.0,0
46974,-0.171,83.545,0.0,0.0,455.853,0.0,0.0,0.0,5.737,0,0.0,0.9550000000000001,309.915,6.7302,34.68,35.35050582885742,4.98,0.0,0
46974,-0.171,83.545,0.0,0.0,456.216,0.0,0.0,0.0,5.737,0,0.0,0.975,309.915,-0.5938,35.43,35.35050582885742,4.98,0.0,0
46974,-0.341,83.545,0.0,0.0,455.974,0.0,0.0,0.0,5.737,0,3.0,0.975,309.825,-1.4516,37.29,35.35050582885742,4.98,0.0,0
46974,-0.171,83.545,0.0,0.0,455.853,0.0,0.0,0.0,5.737,0,2.0,0.9400000000000001,309.915,4.486800000000001,38.25,35.35050582885742,4.98,0.0,0
46974,-0.341,83.545,0.0,0.0,455.853,0.0,0.0,0.0,5.737,0,0.0,0.96,309.69,-5.1466,38.7,35.35050582885742,4.98,0.0,0
46974,-0.341,83.545,0.0,0.0,455.913,0.0,0.0,0.0,5.737,0,2.0,0.935,309.825,-3.9589000000000003,38.04,35.35050582885742,4.98,0.0,0
46974,-0.171,83.545,0.0,0.0,456.216,0.0,0.0,0.2,5.737,0,1.0,0.96,309.825,-2.6393,37.92,35.35050582885742,4.98,0.0,0
46974,-0.171,83.545,0.0,0.0,456.276,0.0,0.0,0.0,5.737,0,1.0,0.9550000000000001,309.915,2.4743,37.26,35.35050582885742,4.98,0.0,0
46974,-0.171,83.545,0.0,0.0,456.095,0.0,0.0,0.0,5.737,0,0.0,0.925,309.69,0.0,36.87,35.35050582885742,4.98,0.0,0
46974,-0.171,83.545,0.0,0.0,455.853,0.0,0.0,0.0,5.737,0,1.0,0.99,309.825,-1.3196,36.300000000000004,35.35050582885742,4.98,0.0,0
46974,-0.171,83.545,0.0,0.0,455.671,0.0,0.0,0.0,5.737,0,0.0,0.925,309.69,-3.4311000000000003,35.46,35.35050582885742,4.98,0.0,0
46974,-0.171,83.545,0.0,0.0,455.611,0.0,0.0,0.0,5.737,0,2.0,0.96,309.915,2.7383,34.83,35.35050582885742,4.98,0.0,0
46974,-0.171,83.545,0.0,0.0,455.732,0.0,0.0,0.0,5.737,0,2.0,0.9500000000000001,309.825,1.7155,34.89,35.35050582885742,4.98,0.0,0
46974,-0.341,83.545,0.0,0.0,456.095,0.0,0.0,0.0,5.737,0,1.0,0.9500000000000001,309.915,-1.2207000000000001,34.65,35.35050582885742,4.98,0.0,0
46974,-0.171,83.545,0.0,0.0,456.034,0.0,0.0,0.0,5.737,0,0.0,0.97,309.69,-3.4311000000000003,35.4,35.35050582885742,4.98,0.0,0
46974,-0.171,83.545,0.0,0.0,456.095,0.0,0.0,0.0,5.737,0,0.0,0.9450000000000001,309.825,2.1114,36.54,35.35050582885742,4.98,0.0,0
46974,-0.341,83.545,0.0,0.0,456.337,0.0,0.0,0.0,5.737,0,-1.0,0.965,309.69,-3.6950000000000003,37.26,35.35050582885742,4.98,0.0,0
46974,-0.171,83.545,0.0,0.0,456.216,0.0,0.0,0.0,5.737,0,0.0,0.9500000000000001,310.005,1.0887,37.62,35.35050582885742,4.98,0.0,0
46974,-0.171,83.545,0.0,0.0,456.034,0.0,0.0,0.0,5.737,0,0.0,0.9450000000000001,309.825,3.4311000000000003,37.5,35.35050582885742,4.98,0.0,0
46974,-0.341,83.545,0.0,0.0,456.095,0.0,0.0,0.0,5.737,0,1.0,0.935,309.825,2.8043,36.6,35.35050582885742,4.98,0.0,0
46974,-0.171,83.545,0.0,0.0,455.974,0.0,0.0,0.0,5.737,0,2.0,0.985,309.915,-2.1114,35.82,35.35050582885742,4.98,0.0,0
46974,-0.171,83.545,0.0,0.0,455.974,0.0,0.0,0.0,5.737,0,0.0,0.93,309.825,-1.5506,35.79,35.35050582885742,4.98,0.0,0
46974,-0.341,83.545,0.0,0.0,455.671,0.0,0.0,0.0,5.737,0,3.0,0.9550000000000001,309.825,0.132,36.39,35.35050582885742,4.98,0.0,0
46974,-0.171,83.545,0.0,0.0,455.853,0.0,0.0,-0.2,5.737,0,0.0,0.9450000000000001,309.825,2.1114,36.87,35.35050582885742,4.98,0.0,0
46974,-0.171,83.545,0.0,0.0,456.034,0.0,0.0,0.2,5.737,0,1.0,0.9400000000000001,309.915,1.4516,36.72,35.35050582885742,4.98,0.0,0
46974,-0.171,83.545,0.0,0.0,455.913,0.0,0.0,0.0,5.737,0,0.0,0.97,309.825,-1.5836000000000001,35.79,35.35050582885742,4.98,0.0,0
46974,-0.341,83.545,0.0,0.0,456.095,0.0,0.0,0.0,5.737,0,0.0,0.935,309.69,-3.0599000000000003,35.7,35.35050582885742,4.98,0.0,0
46974,-0.341,83.545,0.0,0.0,455.853,0.0,0.0,0.2,5.737,0,2.0,0.9500000000000001,309.915,-3.1672000000000002,34.5,35.35050582885742,4.98,0.0,0
46974,-0.341,83.545,0.0,0.0,455.79200000000003,0.0,0.0,0.0,5.737,0,2.0,0.9,309.825,0.0,34.95,35.35050582885742,4.98,0.0,0
46974,-0.171,83.545,0.0,0.0,455.853,0.0,0.0,0.0,5.737,0,2.0,0.96,309.825,1.6908,36.21,35.35050582885742,4.98,0.0,0
46974,-0.171,83.545,0.0,0.0,455.732,0.0,0.0,-0.2,5.737,0,0.0,0.975,309.915,0.48660000000000003,37.62,35.35050582885742,4.98,0.0,0
46974,-0.171,83.545,0.0,0.0,455.732,0.0,0.0,0.0,5.737,0,0.0,0.935,309.825,2.3754,38.4,35.35050582885742,4.98,0.0,0
46974,-0.341,83.545,0.0,0.0,455.551,0.0,0.0,0.0,5.737,0,1.0,0.9450000000000001,309.69,-2.4166000000000003,38.58,35.35050582885742,4.98,0.0,0
46974,-0.171,83.545,0.0,0.0,455.79200000000003,0.0,0.0,0.0,5.737,0,1.0,0.9450000000000001,309.915,-2.8372,37.92,35.35050582885742,4.98,0.0,0
46974,-0.341,83.545,0.0,0.0,455.853,0.0,0.0,0.0,5.737,0,2.0,1.0,309.825,1.4021000000000001,36.87,35.35050582885742,4.98,0.0,0
46974,-0.341,83.545,0.0,0.0,456.216,0.0,0.0,0.0,5.737,0,1.0,0.9550000000000001,309.915,2.2681,35.82,35.35050582885742,4.98,0.0,0
46974,-0.171,83.545,0.0,0.0,456.034,0.0,0.0,0.0,5.737,0,0.0,0.9550000000000001,309.825,0.6598,35.25,35.35050582885742,4.98,0.0,0
46974,-0.171,83.545,0.0,0.0,455.853,0.0,0.0,0.0,5.737,0,0.0,0.9550000000000001,309.825,-0.3299,35.28,35.35050582885742,4.98,0.0,0
46974,-0.341,83.545,0.0,0.0,456.034,0.0,0.0,0.0,5.737,0,0.0,0.975,309.915,0.5773,35.1,35.35050582885742,4.98,0.0,0
46974,-0.171,83.545,0.0,0.0,455.853,0.0,0.0,0.2,5.737,0,0.0,0.965,309.825,3.2331000000000003,34.62,35.35050582885742,4.98,0.0,0
46974,-0.171,83.545,0.0,0.0,456.095,0.0,0.0,0.0,5.737,0,2.0,0.965,309.825,-2.4908,36.18,35.35050582885742,4.98,0.0,0
46974,-0.171,83.545,0.0,0.0,456.458,0.0,0.0,0.0,5.737,0,1.0,0.92,309.825,-2.8867000000000003,37.62,35.35050582885742,4.98,0.0,0
46974,-0.171,83.545,0.0,0.0,455.974,0.0,0.0,0.0,5.737,0,0.0,0.9400000000000001,309.915,-0.7423000000000001,37.980000000000004,35.35050582885742,4.98,0.0,0
46974,-0.171,83.545,0.0,0.0,455.913,0.0,0.0,0.0,5.737,0,0.0,0.9500000000000001,309.825,0.46190000000000003,38.31,35.35050582885742,4.98,0.0,0
46974,-0.341,83.545,0.0,0.0,455.79200000000003,0.0,0.0,0.0,5.737,0,0.0,0.9500000000000001,309.915,2.5568,37.77,35.35050582885742,4.98,0.0,0
46974,-0.341,83.545,0.0,0.0,455.49,0.0,0.0,0.0,5.737,0,1.0,0.93,309.69,-4.6435,37.38,35.35050582885742,4.98,0.0,0
46974,-0.171,83.545,0.0,0.0,455.974,0.0,0.0,0.0,5.737,0,0.0,0.965,309.825,-3.1672000000000002,36.6,35.35050582885742,4.98,0.0,0
46974,-0.341,83.545,0.0,0.0,456.397,0.0,0.0,0.0,5.737,0,2.0,0.9400000000000001,309.825,2.3919,36.18,35.35050582885742,4.98,0.0,0
46974,-0.341,83.545,0.0,0.0,456.216,0.0,0.0,0.0,5.737,0,1.0,0.9550000000000001,309.915,5.0229,35.76,35.35050582885742,4.98,0.0,0
46974,-0.341,83.545,0.0,0.0,456.276,0.0,0.0,0.0,5.737,0,0.0,0.92,309.915,4.0909,35.76,35.35050582885742,4.98,0.0,0
46974,-0.341,83.545,0.0,0.0,456.15500000000003,0.0,0.0,0.0,5.737,0,0.0,0.925,309.825,0.0,35.67,35.35050582885742,4.98,0.0,0
46974,-0.341,83.545,0.0,0.0,456.51800000000003,0.0,0.0,0.0,5.737,0,0.0,0.965,309.825,-0.7918000000000001,35.22,35.35050582885742,4.98,0.0,0
46974,-0.171,83.545,0.0,0.0,456.15500000000003,0.0,0.0,0.0,5.737,0,2.0,0.96,309.915,-1.5836000000000001,35.31,35.35050582885742,4.98,0.0,0
46974,-0.341,83.545,0.0,0.0,456.034,0.0,0.0,0.0,5.737,0,0.0,0.9550000000000001,309.825,0.5279,35.49,35.35050582885742,4.98,0.0,0
46974,-0.341,83.545,0.0,0.0,456.095,0.0,0.0,0.0,5.737,0,1.0,0.985,309.825,-3.4311000000000003,36.84,35.35050582885742,4.98,0.0,0
46974,-0.341,83.545,0.0,0.0,456.034,0.0,0.0,0.0,5.737,0,2.0,0.97,309.69,-5.2786,37.92,35.35050582885742,4.98,0.0,0
46974,-0.171,83.545,0.0,0.0,455.913,0.0,0.0,0.0,5.737,0,3.0,0.9400000000000001,309.825,0.2639,37.95,35.35050582885742,4.98,0.0,0
46974,-0.341,83.545,0.0,0.0,455.732,0.0,0.0,0.0,5.737,0,0.0,0.995,309.915,2.7713,37.86,35.35050582885742,4.98,0.0,0
46974,-0.341,83.545,0.0,0.0,455.671,0.0,0.0,0.0,5.737,0,0.0,0.93,309.825,0.4289,37.5,35.35050582885742,4.98,0.0,0
46974,-0.341,83.545,0.0,0.0,455.43,0.0,0.0,0.0,5.737,0,1.0,0.92,309.825,-0.7918000000000001,37.14,35.35050582885742,4.98,0.0,0
46974,-0.341,83.545,0.0,0.0,455.732,0.0,0.0,0.0,5.737,0,1.0,0.975,309.825,-0.9897,37.08,35.35050582885742,4.98,0.0,0
46974,-0.341,83.545,0.0,0.0,456.095,0.0,0.0,0.0,5.737,0,0.0,0.9500000000000001,309.825,1.3196,37.14,35.35050582885742,4.98,0.0,0
46974,-0.341,83.545,0.0,0.0,455.853,0.0,0.0,0.0,5.737,0,0.0,0.92,309.825,1.0557,37.29,35.35050582885742,4.98,0.0,0
46974,0.0,83.545,0.0,0.0,455.732,0.0,0.0,0.0,5.737,0,3.0,0.96,309.915,0.2639,36.21,35.35050582885742,4.98,0.0,0
46974,-0.341,83.545,0.0,0.0,456.034,0.0,0.0,0.0,5.737,0,1.0,0.9400000000000001,309.915,0.9897,34.92,35.35050582885742,4.98,0.0,0
46974,-0.341,83.545,0.0,0.0,456.034,0.0,0.0,0.0,5.737,0,2.0,0.96,309.915,1.0392000000000001,34.92,35.35050582885742,4.98,0.0,0
46974,0.0,83.545,0.0,0.0,456.034,0.0,0.0,0.0,5.737,0,0.0,0.9550000000000001,309.69,-0.23920000000000002,34.56,35.35050582885742,4.98,0.0,0
46974,-0.341,83.545,0.0,0.0,455.853,0.0,0.0,0.0,5.737,0,1.0,0.9550000000000001,309.825,-2.9527,35.58,35.35050582885742,4.98,0.0,0
46974,-0.341,83.545,0.0,0.0,456.034,0.0,0.0,0.0,5.737,0,1.0,0.9500000000000001,309.825,0.2144,36.99,35.35050582885742,4.98,0.0,0
46974,-0.171,83.545,0.0,0.0,455.79200000000003,0.0,0.0,0.0,5.737,0,1.0,0.96,309.825,2.5733,38.13,35.35050582885742,4.98,0.0,0
46974,-0.171,83.545,0.0,0.0,455.49,0.0,0.0,0.0,5.737,0,1.0,0.965,309.915,0.6433,38.910000000000004,35.35050582885742,4.98,0.0,0
46974,-0.341,83.545,0.0,0.0,455.551,0.0,0.0,0.0,5.737,0,1.0,0.9400000000000001,309.825,-2.1774,38.160000000000004,35.35050582885742,4.98,0.0,0
46974,-0.171,83.545,0.0,0.0,455.732,0.0,0.0,0.0,5.737,0,-1.0,0.98,309.825,-2.9692000000000003,37.86,35.35050582885742,4.98,0.0,0
46974,-0.512,83.545,0.0,0.0,455.853,0.0,0.0,0.0,5.737,0,-1.0,0.9500000000000001,309.69,-4.7755,37.86,35.35050582885742,4.98,0.0,0
46974,-0.171,83.545,0.0,0.0,455.853,0.0,0.0,0.0,5.737,0,-1.0,0.995,309.915,0.5114000000000001,37.35,35.35050582885742,4.98,0.0,0
46974,-0.512,83.545,0.0,0.0,455.913,0.0,0.0,0.0,5.737,0,-1.0,0.9450000000000001,309.825,5.0147,36.99,35.35050582885742,4.98,0.0,0
46974,-0.171,83.545,0.0,0.0,455.551,0.0,0.0,0.0,5.737,0,0.0,0.9550000000000001,309.915,3.8517,35.88,35.35050582885742,4.98,0.0,0
46974,-0.512,83.545,0.0,0.0,455.974,0.0,0.0,0.0,5.737,0,0.0,0.9450000000000001,309.825,-1.7155,36.03,35.35050582885742,4.98,0.0,0
46974,-0.171,83.545,0.0,0.0,455.671,0.0,0.0,0.0,5.737,0,1.0,0.91,309.825,-5.344600000000001,35.82,35.35050582885742,4.98,0.0,0
46974,-0.512,83.545,0.0,0.0,455.853,0.0,0.0,0.0,5.737,0,1.0,0.97,309.69,-4.9734,36.18,35.35050582885742,4.98,0.0,0
46974,0.0,83.545,0.0,0.0,455.79200000000003,0.0,0.0,0.0,5.737,0,1.0,1.0,309.915,0.8413,36.78,35.35050582885742,4.98,0.0,0
46974,-0.341,83.545,0.0,0.0,455.853,0.0,0.0,0.0,5.737,0,2.0,0.925,309.825,3.2744,37.74,35.35050582885742,4.98,0.0,0
46974,-0.171,83.545,0.0,0.0,455.853,0.0,0.0,0.0,5.737,0,0.0,0.93,309.915,3.5218000000000003,38.25,35.35050582885742,4.98,0.0,0
46974,-0.341,83.545,0.0,0.0,455.732,0.0,0.0,0.0,5.737,0,0.0,1.01,309.915,0.132,38.1,35.35050582885742,4.98,0.0,0
46974,-0.171,83.545,0.0,0.0,455.611,0.0,0.0,0.0,5.737,0,2.0,0.925,309.69,2.4001,37.47,35.35050582885742,4.98,0.0,0
46974,-0.512,83.545,0.0,0.0,455.732,0.0,0.0,0.0,5.737,0,1.0,0.965,309.915,-0.6103000000000001,37.2,35.35050582885742,4.98,0.0,0
46974,-0.341,83.545,0.0,0.0,455.974,0.0,0.0,-0.2,5.737,0,3.0,0.97,309.825,-2.4249,37.29,35.35050582885742,4.98,0.0,0
46974,-0.682,83.545,0.0,0.0,455.853,0.0,0.0,0.0,5.737,0,0.0,0.96,309.915,3.1012,36.93,35.35050582885742,4.98,0.0,0
46974,-0.512,83.545,0.0,0.0,455.732,0.0,0.0,0.0,5.737,0,1.0,0.9550000000000001,309.825,-0.6433,36.75,35.35050582885742,4.98,0.0,0
46974,-0.682,83.545,0.0,0.0,455.853,0.0,0.0,0.0,5.737,0,0.0,0.9450000000000001,309.825,-1.8475000000000001,36.6,35.35050582885742,4.98,0.0,0
46974,-0.171,83.545,0.0,0.0,455.913,0.0,0.0,0.0,5.737,0,0.0,0.9400000000000001,309.69,0.7011000000000001,36.24,35.35050582885742,4.98,0.0,0
46974,-0.512,83.545,0.0,0.0,455.853,0.0,0.0,0.0,5.737,0,0.0,0.9550000000000001,309.69,-3.2744,35.160000000000004,35.35050582885742,4.98,0.0,0
46974,-0.512,83.545,0.0,0.0,455.79200000000003,0.0,0.0,0.0,5.737,0,0.0,0.92,309.825,-4.5528,35.550000000000004,35.35050582885742,4.98,0.0,0
46974,-0.171,83.545,0.0,0.0,455.79200000000003,0.0,0.0,0.0,5.737,0,-1.0,0.97,309.825,-4.2229,35.64,35.35050582885742,4.98,0.0,0
46974,-0.171,83.545,0.0,0.0,455.551,0.0,0.0,0.2,5.737,0,1.0,0.995,309.915,4.2229,36.42,35.35050582885742,4.98,0.0,0
46974,-0.512,83.545,0.0,0.0,455.671,0.0,0.0,0.0,5.737,0,2.0,0.9450000000000001,309.915,3.794,37.56,35.35050582885742,4.98,0.0,0
46974,0.0,83.545,0.0,0.0,455.974,0.0,0.0,0.0,5.737,0,3.0,0.93,309.825,2.3754,38.13,35.35050582885742,4.98,0.0,0
46974,-0.341,83.545,0.0,0.0,455.611,0.0,0.0,0.0,5.737,0,2.0,0.9500000000000001,309.825,0.8578,38.22,35.35050582885742,4.98,0.0,0
46974,-0.171,83.545,0.0,0.0,455.79200000000003,0.0,0.0,0.0,5.737,0,0.0,0.89,309.825,-0.5279,37.74,35.35050582885742,4.98,0.0,0
46974,-0.171,83.545,0.0,0.0,455.79200000000003,0.0,0.0,0.0,5.737,0,1.0,0.97,309.915,-0.5938,36.69,35.35050582885742,4.98,0.0,0
46974,0.171,83.545,0.0,0.0,455.43,0.0,0.0,0.0,5.737,0,2.0,0.97,309.69,-2.9032,36.480000000000004,35.35050582885742,4.98,0.0,0
46974,-0.171,83.545,0.0,0.0,455.732,0.0,0.0,0.0,5.737,0,4.0,0.9500000000000001,309.825,1.0557,36.09,35.35050582885742,4.98,0.0,0
46974,0.0,83.545,0.0,0.0,455.913,0.0,0.0,0.0,5.737,0,0.0,0.9500000000000001,309.825,0.6598,36.0,35.35050582885742,4.98,0.0,0
46974,-0.171,83.545,0.0,0.0,455.974,0.0,0.0,0.0,5.737,0,0.0,0.9450000000000001,310.005,4.5198,35.13,35.35050582885742,4.98,0.0,0
46974,-0.341,83.545,0.0,0.0,455.913,0.0,0.0,-0.2,5.737,0,0.0,1.0050000000000001,309.915,3.1672000000000002,35.19,35.35050582885742,4.98,0.0,0
46974,0.0,83.545,0.0,0.0,455.913,0.0,0.0,0.0,5.737,0,0.0,0.9550000000000001,309.915,-0.066,35.37,35.35050582885742,4.98,0.0,0
46974,-0.341,83.545,0.0,0.0,455.913,0.0,0.0,0.0,5.737,0,0.0,0.985,309.825,-3.9589000000000003,36.63,35.35050582885742,4.98,0.0,0
46974,0.0,83.545,0.0,0.0,455.974,0.0,0.0,0.0,5.737,0,0.0,0.97,309.825,-3.1012,38.19,35.35050582885742,4.98,0.0,0
46974,0.0,83.545,0.0,0.0,455.913,0.0,0.0,0.0,5.737,0,0.0,0.925,309.825,-1.8475000000000001,38.52,35.35050582885742,4.98,0.0,0
46974,-0.341,83.545,0.0,0.0,456.095,0.0,0.0,0.0,5.737,0,0.0,0.9500000000000001,309.825,-2.3754,38.07,35.35050582885742,4.98,0.0,0
46974,0.0,83.545,0.0,0.0,455.732,0.0,0.0,0.0,5.737,0,0.0,0.87,309.825,-1.7155,37.95,35.35050582885742,4.98,0.0,0
46974,-0.171,83.545,0.0,0.0,455.79200000000003,0.0,0.0,0.0,5.737,0,2.0,1.045,309.825,3.1672000000000002,36.96,35.35050582885742,4.98,0.0,0
46974,0.171,83.545,0.0,0.0,456.15500000000003,0.0,0.0,-0.2,5.737,0,0.0,0.935,309.825,1.5836000000000001,36.300000000000004,35.35050582885742,4.98,0.0,0
46974,0.341,83.545,0.0,0.0,456.216,0.0,0.0,0.0,5.737,0,0.0,0.92,309.825,0.5279,36.12,35.35050582885742,4.98,0.0,0
46974,0.0,83.545,0.0,0.0,456.276,0.0,0.0,-0.2,5.737,0,0.0,0.9550000000000001,309.915,0.7918000000000001,36.33,35.35050582885742,4.98,0.0,0
46974,-0.341,83.545,0.0,0.0,455.913,0.0,0.0,0.0,5.737,0,0.0,0.915,309.915,-1.1217000000000001,36.45,35.35050582885742,4.98,0.0,0
46974,0.0,83.545,0.0,0.0,455.974,0.0,0.0,0.0,5.737,0,1.0,0.905,309.825,1.7155,35.64,35.35050582885742,4.98,0.0,0
46974,0.512,83.545,0.0,0.0,456.034,0.0,0.0,0.0,5.737,0,1.0,0.93,309.825,2.4413,35.49,35.35050582885742,4.98,0.0,0
46974,0.0,83.545,0.0,0.0,455.671,0.0,0.0,-0.2,5.737,0,3.0,0.885,309.915,-1.0557,36.15,35.35050582885742,4.98,0.0,0
46974,0.0,83.545,0.0,0.0,456.034,0.0,0.0,0.0,5.737,0,2.0,0.91,309.825,-2.9032,37.17,35.35050582885742,4.98,0.0,0
46974,0.171,83.545,0.0,0.0,456.216,0.0,0.0,0.0,5.737,0,3.0,0.9400000000000001,309.915,0.6598,37.32,35.35050582885742,4.98,0.0,0
46974,-0.512,83.545,0.0,0.0,456.216,0.0,0.0,0.0,5.737,0,0.0,0.9,309.915,1.1052,37.230000000000004,35.35050582885742,4.98,0.0,0
46974,-1.364,83.545,0.0,0.0,456.034,0.0,0.0,0.0,5.737,0,0.0,0.915,309.825,2.5898000000000003,37.2,35.35050582885742,4.98,0.0,0
46974,-0.171,83.545,0.0,0.0,456.034,0.0,0.0,0.0,5.737,0,0.0,0.97,309.825,-0.132,37.77,35.35050582885742,4.98,0.0,0
46974,-2.0460000000000003,83.545,0.0,0.0,456.15500000000003,0.0,0.0,-0.2,5.737,0,0.0,0.9450000000000001,309.825,-2.3589,37.92,35.35050582885742,4.98,0.0,0
46974,-0.682,83.545,0.0,0.0,456.034,0.0,0.0,0.0,5.737,0,0.0,0.93,309.825,-0.2639,37.38,35.35050582885742,4.98,0.0,0
46974,-1.705,83.545,0.0,0.0,456.15500000000003,0.0,0.0,0.0,5.737,0,0.0,0.935,309.915,2.7548,36.57,35.35050582885742,4.98,0.0,0
46974,-0.171,83.545,0.0,0.0,455.853,0.0,0.0,0.0,5.737,0,2.0,0.935,309.915,-0.14850000000000002,35.64,35.35050582885742,4.98,0.0,0
46974,-2.5580000000000003,83.545,0.0,0.0,455.732,0.0,0.0,0.2,5.737,0,2.0,0.9400000000000001,309.915,1.963,34.59,35.35050582885742,4.98,0.0,0
46974,-0.682,83.545,0.0,0.0,455.974,0.0,0.0,0.0,5.737,0,2.0,0.91,309.825,-1.0392000000000001,34.35,35.35050582885742,4.98,0.0,0
46974,-1.8760000000000001,83.545,0.0,0.0,455.913,0.0,0.0,0.0,5.737,0,0.0,0.935,309.915,-0.6763,34.5,35.35050582885742,4.98,0.0,0
46974,0.0,83.545,0.0,0.0,456.216,0.0,0.0,0.0,5.737,0,1.0,0.9450000000000001,309.825,2.2599,35.22,35.35050582885742,4.98,0.0,0
46974,-2.899,83.545,0.0,0.0,456.095,0.0,0.0,-0.2,5.737,0,0.0,0.905,309.915,1.3032000000000001,36.27,35.35050582885742,4.98,0.0,0
46974,-0.512,83.545,0.0,0.0,456.095,0.0,0.0,0.0,5.737,0,2.0,0.98,309.825,-1.8310000000000002,37.26,35.35050582885742,4.98,0.0,0
46974,-2.217,83.545,0.0,0.0,455.853,0.0,0.0,0.0,5.737,0,1.0,0.965,309.825,-2.4908,38.1,35.35050582885742,4.98,0.0,0
46974,0.0,83.545,0.0,0.0,455.671,0.0,0.0,0.0,5.737,0,0.0,0.9400000000000001,309.825,-2.8867000000000003,36.99,35.35050582885742,4.98,0.0,0
46974,-3.24,83.545,0.0,0.0,455.551,0.0,0.0,0.0,5.737,0,2.0,0.93,309.915,1.4351,36.42,35.35050582885742,4.98,0.0,0
46974,-0.682,83.545,0.0,0.0,456.034,0.0,0.0,0.0,5.737,0,3.0,0.9450000000000001,309.825,0.6598,36.09,35.35050582885742,4.98,0.0,0
46974,-2.728,83.545,0.0,0.0,455.853,0.0,0.0,0.0,5.737,0,0.0,0.935,309.825,-0.6598,36.21,35.35050582885742,4.98,0.0,0
46974,0.341,83.545,0.0,0.0,455.853,0.0,0.0,-0.2,5.737,0,0.0,0.96,309.825,0.28040000000000004,36.33,35.35050582885742,4.98,0.0,0
46974,-3.922,83.545,0.0,0.0,456.034,0.0,0.0,0.0,5.737,0,1.0,0.9400000000000001,309.825,1.8475000000000001,35.85,35.35050582885742,4.98,0.0,0
46974,-1.194,83.545,0.0,0.0,456.15500000000003,0.0,0.0,0.0,5.737,0,1.0,0.9,309.825,-3.3651,34.77,35.35050582885742,4.98,0.0,0
46974,-3.411,83.545,0.0,0.0,455.79200000000003,0.0,0.0,0.0,5.737,0,0.0,0.925,309.825,-0.8413,33.87,35.35050582885742,4.98,0.0,0
46974,0.0,83.545,0.0,0.0,456.034,0.0,0.0,0.0,5.737,0,1.0,0.925,309.69,1.9382000000000001,33.75,35.35050582885742,4.98,0.0,0
46974,-4.434,83.545,0.0,0.0,456.034,0.0,0.0,0.0,5.737,0,0.0,0.92,309.825,-1.9382000000000001,34.44,35.35050582885742,4.98,0.0,0
46974,-1.0230000000000001,83.545,0.0,0.0,456.216,0.0,0.0,0.0,5.737,0,0.0,0.96,309.825,0.8578,36.12,35.35050582885742,4.98,0.0,0
46974,-3.411,83.545,0.0,0.0,456.216,0.0,0.0,0.0,5.737,0,2.0,0.935,309.69,0.8165,37.53,35.35050582885742,4.98,0.0,0
46974,0.171,83.545,0.0,0.0,456.034,0.0,0.0,0.0,5.737,0,1.0,0.93,309.825,-1.9135000000000002,37.47,35.35050582885742,4.98,0.0,0
46974,-5.1160000000000005,83.545,0.0,0.0,456.034,0.0,0.0,0.0,5.737,0,4.0,0.96,309.915,-0.2639,36.45,35.35050582885742,4.98,0.0,0
46974,-1.364,83.545,0.0,0.0,456.216,0.0,0.0,0.0,5.737,0,1.0,0.925,309.825,2.6146000000000003,36.09,35.35050582885742,4.98,0.0,0
46974,-3.581,83.545,0.0,0.0,456.458,0.0,0.0,0.0,5.737,0,-1.0,0.9,309.69,-1.0310000000000001,36.39,35.35050582885742,4.98,0.0,0
46974,0.171,83.545,0.0,0.0,456.397,0.0,0.0,0.2,5.737,0,1.0,0.9,309.915,-1.9135000000000002,36.15,35.35050582885742,4.98,0.0,0
46974,1.194,83.545,0.0,0.0,456.397,0.0,0.0,0.0,5.737,0,0.0,0.92,309.915,-0.7918000000000001,36.21,35.35050582885742,4.98,0.0,0
46974,2.387,83.545,0.0,0.0,456.034,0.0,0.0,-0.2,5.737,0,0.0,0.925,309.825,3.2991,35.85,35.35050582885742,4.98,0.0,0
46974,2.5580000000000003,83.545,0.0,0.0,456.15500000000003,0.0,0.0,0.0,5.737,0,1.0,0.92,309.825,0.9567,35.4,35.35050582885742,4.98,0.0,0
46974,0.853,83.545,0.0,0.0,456.15500000000003,0.0,0.0,0.0,5.737,0,0.0,0.915,309.915,-3.2991,34.59,35.35050582885742,4.98,0.0,0
46974,1.194,83.545,0.0,0.0,455.611,0.0,0.0,-0.2,5.737,0,-1.0,0.915,309.825,0.5279,34.32,35.35050582885742,4.98,0.0,0
46974,2.0460000000000003,83.545,0.0,0.0,455.551,0.0,0.0,0.0,5.737,0,2.0,0.93,309.825,1.1877,34.59,35.35050582885742,4.98,0.0,0
46974,1.0230000000000001,83.545,0.0,0.0,456.034,0.0,0.0,0.0,5.737,0,3.0,0.9500000000000001,309.915,-2.3754,36.06,35.35050582885742,4.98,0.0,0
46974,0.853,83.545,0.0,0.0,455.79200000000003,0.0,0.0,0.2,5.737,0,0.0,0.91,309.915,2.2434000000000003,37.08,35.35050582885742,4.98,0.0,0
46974,0.512,83.545,0.0,0.0,455.853,0.0,0.0,0.0,5.737,0,0.0,0.93,309.915,5.2126,37.83,35.35050582885742,4.98,0.0,0
46974,1.5350000000000001,83.545,0.0,0.0,455.913,0.0,0.0,0.0,5.737,0,0.0,0.9550000000000001,310.005,3.1672000000000002,37.32,35.35050582885742,4.98,0.0,0
46974,0.171,83.545,0.0,0.0,455.853,0.0,0.0,0.0,5.737,0,-1.0,0.97,309.825,-1.5176,36.42,35.35050582885742,4.98,0.0,0
46974,0.341,83.545,0.0,0.0,455.853,0.0,0.0,0.0,5.737,0,2.0,0.9450000000000001,309.825,-3.1672000000000002,36.06,35.35050582885742,4.98,0.0,0
46974,-0.171,83.545,0.0,0.0,456.216,0.0,0.0,-0.2,5.737,0,1.0,0.9450000000000001,309.825,-3.0352,36.18,35.35050582885742,4.98,0.0,0
46974,0.0,83.545,0.0,0.0,456.216,0.0,0.0,0.0,5.737,0,-1.0,0.9550000000000001,309.69,-2.7713,36.03,35.35050582885742,4.98,0.0,0
46974,-0.171,83.545,0.0,0.0,455.79200000000003,0.0,0.0,0.2,5.737,0,1.0,0.935,309.825,0.7918000000000001,36.57,35.35050582885742,4.98,0.0,0
46974,-0.171,83.545,0.0,0.0,455.853,0.0,0.0,0.0,5.737,0,0.0,0.89,309.825,1.4516,36.480000000000004,35.35050582885742,4.98,0.0,0
46974,-0.171,83.545,0.0,0.0,455.853,0.0,0.0,-0.2,5.737,0,0.0,0.925,309.915,1.4186,36.06,35.35050582885742,4.98,0.0,0
46974,-0.171,83.545,0.0,0.0,456.095,0.0,0.0,0.0,5.737,0,0.0,0.9450000000000001,309.915,1.3196,34.800000000000004,35.35050582885742,4.98,0.0,0
46974,-0.682,83.545,0.0,0.0,456.216,0.0,0.0,0.0,5.737,0,1.0,0.9450000000000001,309.915,0.9897,34.47,35.35050582885742,4.98,0.0,0
46974,-0.512,83.545,0.0,0.0,455.974,0.0,0.0,0.0,5.737,0,4.0,0.97,309.915,1.9795,35.1,35.35050582885742,4.98,0.0,0
46974,-0.341,83.545,0.0,0.0,456.034,0.0,0.0,0.0,5.737,0,1.0,0.9500000000000001,309.825,1.3856000000000002,36.300000000000004,35.35050582885742,4.98,0.0,0
46974,-0.341,83.545,0.0,0.0,456.458,0.0,0.0,0.0,5.737,0,0.0,0.9550000000000001,309.825,-2.9032,36.72,35.35050582885742,4.98,0.0,0
46974,-0.171,83.545,0.0,0.0,456.458,0.0,0.0,0.0,5.737,0,0.0,0.9550000000000001,309.825,-2.5733,37.08,35.35050582885742,4.98,0.0,0
46974,-0.341,83.545,0.0,0.0,455.913,0.0,0.0,0.0,5.737,0,0.0,0.915,309.825,-3.2991,37.68,35.35050582885742,4.98,0.0,0
46974,-0.171,83.545,0.0,0.0,455.913,0.0,0.0,0.0,5.737,0,1.0,0.97,309.915,-1.3856000000000002,37.230000000000004,35.35050582885742,4.98,0.0,0
46974,-0.341,83.545,0.0,0.0,455.853,0.0,0.0,0.0,5.737,0,2.0,0.93,309.915,4.2229,36.15,35.35050582885742,4.98,0.0,0
46974,-0.171,83.545,0.0,0.0,455.974,0.0,0.0,0.0,5.737,0,0.0,0.9400000000000001,309.825,1.5836000000000001,36.12,35.35050582885742,4.98,0.0,0
46974,-0.171,83.545,0.0,0.0,455.853,0.0,0.0,0.0,5.737,0,1.0,0.9450000000000001,309.825,-2.6393,35.52,35.35050582885742,4.98,0.0,0
46974,-0.171,83.545,0.0,0.0,455.853,0.0,0.0,0.0,5.737,0,-1.0,0.905,309.915,1.0557,35.46,35.35050582885742,4.98,0.0,0
46974,-0.171,83.545,0.0,0.0,456.095,0.0,0.0,0.0,5.737,0,-1.0,0.9400000000000001,309.825,0.5279,35.1,35.35050582885742,4.98,0.0,0
46974,-0.171,83.545,0.0,0.0,455.974,0.0,0.0,0.2,5.737,0,0.0,0.93,309.915,-1.1217000000000001,35.94,35.35050582885742,4.98,0.0,0
46974,0.0,83.545,0.0,0.0,456.034,0.0,0.0,0.0,5.737,0,1.0,0.91,309.825,0.2639,35.07,35.35050582885742,4.98,0.0,0
46974,-0.171,83.545,0.0,0.0,456.15500000000003,0.0,0.0,0.0,5.737,0,1.0,0.9450000000000001,309.915,0.46190000000000003,35.43,35.35050582885742,4.98,0.0,0
46974,-0.171,83.545,0.0,0.0,456.397,0.0,0.0,0.0,5.737,0,0.0,0.93,309.825,-2.3754,36.24,35.35050582885742,4.98,0.0,0
46974,-0.341,83.545,0.0,0.0,456.397,0.0,0.0,0.0,5.737,0,3.0,0.93,309.825,-2.2269,36.300000000000004,35.35050582885742,4.98,0.0,0
46974,-0.171,83.545,0.0,0.0,456.216,0.0,0.0,0.0,5.737,0,2.0,0.92,309.69,-2.8125,37.410000000000004,35.35050582885742,4.98,0.0,0
46974,-0.171,83.545,0.5,0.0,456.15500000000003,0.0,0.0,0.0,5.737,0,2.0,0.965,309.915,-4.486800000000001,37.56,35.35050582885742,4.98,0.0,0
46974,-0.171,83.545,0.0,0.0,456.337,0.0,0.0,0.0,5.737,0,2.0,0.9400000000000001,309.825,2.7713,37.02,35.35050582885742,4.98,0.0,0
46974,-0.341,83.545,0.0,0.0,456.397,0.0,0.0,-0.2,5.737,0,0.0,0.965,309.69,2.5073000000000003,37.050000000000004,35.35050582885742,4.98,0.0,0
46974,-0.171,83.545,0.0,0.0,456.034,0.0,0.0,0.0,5.737,0,1.0,0.965,309.825,-2.0702000000000003,36.81,35.35050582885742,4.98,0.0,0
46974,-0.512,83.545,0.0,0.0,456.216,0.0,0.0,0.0,5.737,0,0.0,0.9550000000000001,309.915,1.2372,36.42,35.35050582885742,4.98,0.0,0
46974,-0.171,83.545,0.0,0.0,456.276,0.0,0.0,0.0,5.737,0,-1.0,0.98,309.69,1.6083,36.15,35.35050582885742,4.98,0.0,0
46974,-0.682,83.545,0.0,0.0,456.276,0.0,0.0,0.0,5.737,0,2.0,0.965,309.915,1.6331,35.94,35.35050582885742,4.98,0.0,0
46974,-0.171,83.545,0.0,0.0,456.57800000000003,0.0,0.0,0.0,5.737,0,0.0,0.92,309.825,-1.2537,35.07,35.35050582885742,4.98,0.0,0
46974,-0.171,83.545,0.0,0.0,456.216,0.0,0.0,0.0,5.737,0,0.0,0.97,309.825,0.0412,35.1,35.35050582885742,4.98,0.0,0
46974,0.0,83.545,0.0,0.0,456.034,0.0,0.0,0.0,5.737,0,2.0,0.9450000000000001,309.69,-4.0002,36.27,35.35050582885742,4.98,0.0,0
46974,-0.341,83.545,0.0,0.0,456.216,0.0,0.0,0.0,5.737,0,0.0,0.9550000000000001,309.915,0.9732000000000001,37.17,35.35050582885742,4.98,0.0,0
46974,-0.341,83.545,0.0,0.0,456.397,0.0,0.0,0.0,5.737,0,2.0,0.9450000000000001,309.825,3.629,37.800000000000004,35.35050582885742,4.98,0.0,0
46974,-0.171,83.545,0.0,0.0,456.337,0.0,0.0,0.0,5.737,0,3.0,0.9450000000000001,309.69,-3.0352,38.13,35.35050582885742,4.98,0.0,0
46974,-0.171,83.545,0.0,0.0,456.397,0.0,0.0,0.0,5.737,0,4.0,0.965,309.825,-4.6023000000000005,38.22,35.35050582885742,4.98,0.0,0
46974,-0.171,83.545,0.0,0.0,456.458,0.0,0.0,0.0,5.737,0,1.0,0.9500000000000001,309.825,2.7713,37.95,35.35050582885742,4.98,0.0,0
46974,-0.171,83.545,0.0,0.0,456.15500000000003,0.0,0.0,0.0,5.737,0,2.0,0.9450000000000001,309.915,5.46,37.83,35.35050582885742,4.98,0.0,0
46974,-0.512,83.545,0.0,0.0,456.216,0.0,0.0,0.0,5.737,0,0.0,0.93,309.915,4.2064,37.050000000000004,35.35050582885742,4.98,0.0,0
46974,-0.171,83.545,0.0,0.0,456.276,0.0,0.0,-0.2,5.737,0,0.0,0.96,309.915,0.7753,35.52,35.35050582885742,4.98,0.0,0
46974,0.0,83.545,0.0,0.0,455.974,0.0,0.0,0.0,5.737,0,-1.0,0.9450000000000001,309.915,-1.8475000000000001,35.550000000000004,35.35050582885742,4.98,0.0,0
46974,-0.171,83.545,0.0,0.0,455.853,0.0,0.0,0.0,5.737,0,1.0,0.9450000000000001,309.825,-2.0949,35.67,35.35050582885742,4.98,0.0,0
46974,-0.171,83.545,0.0,0.0,456.458,0.0,0.0,0.0,5.737,0,1.0,0.935,309.825,-1.5671000000000002,35.82,35.35050582885742,4.98,0.0,0
46974,-0.512,83.545,0.0,0.0,456.639,0.0,0.0,0.0,5.737,0,2.0,0.9450000000000001,309.915,0.1155,36.12,35.35050582885742,4.98,0.0,0
46974,-0.341,83.545,0.0,0.0,456.57800000000003,0.0,0.0,0.0,5.737,0,1.0,0.915,309.825,-0.2639,37.59,35.35050582885742,4.98,0.0,0
46974,0.0,83.545,0.0,0.0,456.397,0.0,0.0,0.0,5.737,0,0.0,0.965,309.915,3.1672000000000002,38.07,35.35050582885742,4.98,0.0,0
46974,-0.682,83.545,0.0,0.0,456.337,0.0,0.0,0.0,5.737,0,0.0,0.9550000000000001,309.825,-0.5114000000000001,38.58,35.35050582885742,4.98,0.0,0
46974,-0.341,83.545,0.0,0.0,456.76,0.0,0.0,0.0,5.737,0,0.0,0.9400000000000001,309.915,-0.14850000000000002,38.25,35.35050582885742,4.98,0.0,0
46974,-0.171,83.545,0.0,0.0,456.397,0.0,0.0,0.0,5.737,0,2.0,0.88,309.825,0.5444,37.29,35.35050582885742,4.98,0.0,0
46974,-0.512,83.545,0.0,0.0,456.095,0.0,0.0,0.0,5.737,0,1.0,0.87,309.825,-1.9795,36.81,35.35050582885742,4.98,0.0,0
46974,-0.171,83.545,0.0,0.0,456.216,0.0,0.0,-0.2,5.737,0,3.0,0.865,309.825,-1.1712,36.75,35.35050582885742,4.98,0.0,0
46974,-0.171,83.545,0.0,0.0,456.216,0.0,0.0,0.0,5.737,0,-2.0,0.975,309.825,-1.7815,36.300000000000004,35.35050582885742,4.98,0.0,0
46974,-0.341,83.545,0.0,0.0,456.397,0.0,0.0,0.0,5.737,0,0.0,0.995,309.825,-2.9032,36.21,35.35050582885742,4.98,0.0,0
46974,-0.171,83.545,0.0,0.0,456.458,0.0,0.0,0.0,5.737,0,0.0,0.925,309.825,2.9197,35.550000000000004,35.35050582885742,4.98,0.0,0
46974,-0.171,83.545,0.0,0.0,456.397,0.0,0.0,0.0,5.737,0,1.0,0.9450000000000001,309.825,3.6950000000000003,35.58,35.35050582885742,4.98,0.0,0
46974,0.0,83.545,0.0,0.0,456.034,0.0,0.0,0.0,5.737,0,0.0,0.9,309.825,2.3754,36.15,35.35050582885742,4.98,0.0,0
46974,-0.171,83.545,0.0,0.0,455.79200000000003,0.0,0.0,0.0,5.737,0,1.0,0.93,309.915,0.5279,36.15,35.35050582885742,4.98,0.0,0
46974,-0.341,83.545,0.0,0.0,456.095,0.0,0.0,-0.2,5.737,0,1.0,0.96,309.69,-2.2764,36.660000000000004,35.35050582885742,4.98,0.0,0
46974,-0.341,83.545,0.0,0.0,456.15500000000003,0.0,0.0,0.0,5.737,0,2.0,0.9500000000000001,309.825,-2.6393,37.17,35.35050582885742,4.98,0.0,0
46974,-0.171,83.545,0.0,0.0,456.034,0.0,0.0,-0.2,5.737,0,3.0,0.915,309.915,0.7918000000000001,37.86,35.35050582885742,4.98,0.0,0
46974,-0.341,83.545,0.0,0.0,456.216,0.0,0.0,0.0,5.737,0,0.0,0.9500000000000001,309.915,6.7302,38.13,35.35050582885742,4.98,0.0,0
46974,-0.512,83.545,0.0,0.0,456.276,0.0,0.0,0.0,5.737,0,2.0,0.935,309.915,0.9897,37.08,35.35050582885742,4.98,0.0,0
46974,-0.171,83.545,0.0,0.0,456.397,0.0,0.0,0.0,5.737,0,0.0,0.975,309.825,-3.1672000000000002,36.72,35.35050582885742,4.98,0.0,0
46974,-0.341,83.545,0.0,0.0,456.397,0.0,0.0,0.0,5.737,0,0.0,0.885,309.825,-1.5176,37.08,35.35050582885742,4.98,0.0,0
46974,-0.341,83.545,0.0,0.0,456.216,0.0,0.0,0.0,5.737,0,-1.0,0.905,309.825,-1.8475000000000001,37.65,35.35050582885742,4.98,0.0,0
46974,-0.171,83.545,0.0,0.0,456.034,0.0,0.0,0.0,5.737,0,2.0,0.925,309.825,0.0,36.45,35.35050582885742,4.98,0.0,0
46974,-0.171,83.545,0.0,0.0,456.57800000000003,0.0,0.0,0.0,5.737,0,2.0,0.91,309.915,3.1672000000000002,36.06,35.35050582885742,4.98,0.0,0
46974,-0.682,83.545,0.0,0.0,456.639,0.0,0.0,0.0,5.737,0,2.0,0.915,309.69,1.6826,35.49,35.35050582885742,4.98,0.0,0
46974,-0.341,83.545,0.0,0.0,456.57800000000003,0.0,0.0,0.0,5.737,0,2.0,0.9400000000000001,309.915,-1.4516,34.71,35.35050582885742,4.98,0.0,0
46974,-0.512,83.545,0.0,0.0,456.699,0.0,0.0,0.0,5.737,0,0.0,0.875,309.915,-1.3196,35.85,35.35050582885742,4.98,0.0,0
46974,-0.171,83.545,0.0,0.0,456.82,0.0,0.0,0.0,5.737,0,1.0,0.895,309.825,2.7713,37.32,35.35050582885742,4.98,0.0,0
46974,-0.171,83.545,0.0,0.0,456.76,0.0,0.0,0.0,5.737,0,0.0,0.93,309.825,-5.476500000000001,38.4,35.35050582885742,4.98,0.0,0
46974,-0.341,83.545,0.0,0.0,456.216,0.0,0.0,0.0,5.737,0,0.0,0.895,309.825,-1.8475000000000001,39.27,35.35050582885742,4.98,0.0,0
46974,-0.171,83.545,0.0,0.0,456.337,0.0,0.0,0.0,5.737,0,1.0,0.9500000000000001,309.825,3.9589000000000003,39.06,35.35050582885742,4.98,0.0,0
46974,-0.171,83.545,0.0,0.0,456.458,0.0,0.0,0.0,5.737,0,2.0,0.9,309.915,1.8475000000000001,37.68,35.35050582885742,4.98,0.0,0
46974,-0.341,83.545,0.0,0.0,456.458,0.0,0.0,-0.2,5.737,0,1.0,0.9550000000000001,309.915,3.1012,36.9,35.35050582885742,4.98,0.0,0
46974,-0.171,83.545,0.0,0.0,456.639,0.0,0.0,0.0,5.737,0,1.0,0.93,309.825,-1.7155,36.69,35.35050582885742,4.98,0.0,0
46974,-0.171,83.545,0.0,0.0,456.57800000000003,0.0,0.0,0.0,5.737,0,0.0,0.89,309.69,-4.0579,36.63,35.35050582885742,4.98,0.0,0
46974,-0.341,83.545,0.0,0.0,456.458,0.0,0.0,0.0,5.737,0,0.0,0.9550000000000001,309.825,-1.0557,36.69,35.35050582885742,4.98,0.0,0
46974,-0.341,83.545,0.0,0.0,456.276,0.0,0.0,-0.2,5.737,0,0.0,0.915,309.69,-0.6928000000000001,35.730000000000004,35.35050582885742,4.98,0.0,0
46974,-0.171,83.545,0.0,0.0,456.57800000000003,0.0,0.0,0.0,5.737,0,0.0,0.9450000000000001,309.825,1.5836000000000001,35.160000000000004,35.35050582885742,4.98,0.0,0
46974,-0.512,83.545,0.0,0.0,456.458,0.0,0.0,0.0,5.737,0,1.0,0.9450000000000001,309.825,3.4311000000000003,35.7,35.35050582885742,4.98,0.0,0
46974,-0.341,83.545,0.0,0.0,456.276,0.0,0.0,0.0,5.737,0,2.0,0.91,309.915,4.6188,36.6,35.35050582885742,4.98,0.0,0
46974,-0.512,83.545,0.0,0.0,456.337,0.0,0.0,0.0,5.737,0,1.0,0.92,309.915,-1.1217000000000001,37.59,35.35050582885742,4.98,0.0,0
46974,-0.171,83.545,0.0,0.0,456.76,0.0,0.0,0.0,5.737,0,1.0,0.925,309.825,-1.9795,39.03,35.35050582885742,4.98,0.0,0
46974,-0.341,83.545,0.0,0.0,456.51800000000003,0.0,0.0,0.0,5.737,0,2.0,0.92,309.825,0.066,38.43,35.35050582885742,4.98,0.0,0
46974,-0.512,83.545,0.0,0.0,456.337,0.0,0.0,0.0,5.737,0,2.0,0.91,309.825,0.39590000000000003,37.83,35.35050582885742,4.98,0.0,0
46974,-0.171,83.545,0.0,0.0,456.15500000000003,0.0,0.0,0.0,5.737,0,1.0,0.9,309.915,-1.3856000000000002,37.62,35.35050582885742,4.98,0.0,0
46974,-0.341,83.545,0.0,0.0,456.15500000000003,0.0,0.0,0.0,5.737,0,2.0,0.96,309.915,-1.0062,37.59,35.35050582885742,4.98,0.0,0
46974,-0.171,83.545,0.0,0.0,456.57800000000003,0.0,0.0,0.0,5.737,0,2.0,0.89,309.825,1.7815,37.71,35.35050582885742,4.98,0.0,0
46974,-0.171,83.545,0.0,0.0,456.458,0.0,0.0,0.0,5.737,0,1.0,0.905,309.915,1.2372,36.75,35.35050582885742,4.98,0.0,0
46974,-0.171,83.545,0.0,0.0,456.397,0.0,0.0,0.0,5.737,0,-1.0,0.905,309.915,0.0,36.84,35.35050582885742,4.98,0.0,0
46974,-0.171,83.545,0.0,0.0,456.276,0.0,0.0,0.0,5.737,0,0.0,0.925,309.69,-1.0805,35.7,35.35050582885742,4.98,0.0,0
46974,-0.171,83.545,0.0,0.0,456.397,0.0,0.0,0.0,5.737,0,0.0,0.925,309.825,-2.4249,34.53,35.35050582885742,4.98,0.0,0
46974,-0.171,83.545,0.0,0.0,456.458,0.0,0.0,0.0,5.737,0,0.0,0.895,309.825,-1.5176,34.47,35.35050582885742,4.98,0.0,0
46974,-0.171,83.545,0.0,0.0,456.458,0.0,0.0,0.0,5.737,0,1.0,0.885,309.825,-1.3444,35.04,35.35050582885742,4.98,0.0,0
46974,-0.341,83.545,0.0,0.0,456.51800000000003,0.0,0.0,0.0,5.737,0,0.0,0.91,309.825,-1.1052,36.87,35.35050582885742,4.98,0.0,0
46974,0.0,83.545,0.0,0.0,456.76,0.0,0.0,0.0,5.737,0,0.0,0.96,309.825,-1.1877,38.13,35.35050582885742,4.98,0.0,0
46974,-0.171,83.545,0.0,0.0,456.57800000000003,0.0,0.0,0.2,5.737,0,0.0,0.925,309.825,0.17320000000000002,38.07,35.35050582885742,4.98,0.0,0
46974,-0.171,83.545,0.0,0.0,456.276,0.0,0.0,0.2,5.737,0,1.0,0.93,309.825,4.2889,38.25,35.35050582885742,4.98,0.0,0
46974,-0.512,83.545,0.0,0.0,456.15500000000003,0.0,0.0,0.0,5.737,0,1.0,0.9550000000000001,309.825,1.0310000000000001,37.89,35.35050582885742,4.98,0.0,0
46974,-0.171,83.545,0.0,0.0,456.15500000000003,0.0,0.0,0.0,5.737,0,1.0,0.9450000000000001,309.825,0.0,37.74,35.35050582885742,4.98,0.0,0
46974,-0.171,83.545,0.0,0.0,456.57800000000003,0.0,0.0,0.0,5.737,0,0.0,0.925,309.915,-1.6496000000000002,36.84,35.35050582885742,4.98,0.0,0
46974,-0.171,83.545,0.0,0.0,456.51800000000003,0.0,0.0,0.0,5.737,0,1.0,0.935,309.825,2.1114,35.76,35.35050582885742,4.98,0.0,0
46974,0.0,83.545,0.0,0.0,456.337,0.0,0.0,0.0,5.737,0,5.0,0.9400000000000001,309.915,0.46190000000000003,35.550000000000004,35.35050582885742,4.98,0.0,0
46974,-0.512,83.545,0.0,0.0,456.51800000000003,0.0,0.0,0.0,5.737,0,2.0,0.925,309.915,-0.5279,35.7,35.35050582885742,4.98,0.0,0
46974,-0.171,83.545,0.0,0.0,456.57800000000003,0.0,0.0,0.0,5.737,0,0.0,0.935,309.825,1.0557,34.92,35.35050582885742,4.98,0.0,0
46974,-0.171,83.545,0.0,0.0,456.51800000000003,0.0,0.0,0.0,5.737,0,1.0,0.91,309.825,-1.5836000000000001,35.07,35.35050582885742,4.98,0.0,0
46974,0.0,83.545,0.0,0.0,456.76,0.0,0.0,0.0,5.737,0,0.0,0.9400000000000001,309.825,-2.5733,35.4,35.35050582885742,4.98,0.0,0
46974,-0.171,83.545,0.0,0.0,456.51800000000003,0.0,0.0,0.0,5.737,0,0.0,0.89,309.825,-1.3196,35.64,35.35050582885742,4.98,0.0,0
46974,-0.171,83.545,0.0,0.0,456.458,0.0,0.0,0.0,5.737,0,1.0,0.905,309.825,-1.3196,36.69,35.35050582885742,4.98,0.0,0
46974,-0.341,83.545,0.0,0.0,456.397,0.0,0.0,0.0,5.737,0,2.0,0.925,309.825,0.6598,37.38,35.35050582885742,4.98,0.0,0
46974,-0.341,83.545,0.0,0.0,456.397,0.0,0.0,0.0,5.737,0,3.0,0.96,309.915,0.9897,37.5,35.35050582885742,4.98,0.0,0
46974,-0.171,83.545,0.0,0.0,456.337,0.0,0.0,0.0,5.737,0,3.0,0.9550000000000001,309.915,1.3196,37.56,35.35050582885742,4.98,0.0,0
46974,-0.171,83.545,0.0,0.0,456.216,0.0,0.0,0.0,5.737,0,2.0,0.93,309.915,2.0455,37.44,35.35050582885742,4.98,0.0,0
46974,-0.171,83.545,0.0,0.0,456.15500000000003,0.0,0.0,-0.2,5.737,0,1.0,0.96,309.825,-2.1114,37.14,35.35050582885742,4.98,0.0,0
46974,-0.512,83.545,0.0,0.0,456.397,0.0,0.0,0.0,5.737,0,0.0,0.925,309.825,-3.1012,36.96,35.35050582885742,4.98,0.0,0
46974,-0.171,83.545,0.0,0.0,456.337,0.0,0.0,0.0,5.737,0,0.0,0.9500000000000001,309.915,0.0,36.27,35.35050582885742,4.98,0.0,0
46974,-0.171,83.545,0.0,0.0,456.57800000000003,0.0,0.0,0.0,5.737,0,1.0,0.91,309.915,1.5176,35.160000000000004,35.35050582885742,4.98,0.0,0
46974,-0.171,83.545,0.0,0.0,456.57800000000003,0.0,0.0,0.0,5.737,0,1.0,0.935,309.825,1.3196,35.88,35.35050582885742,4.98,0.0,0
46974,-0.171,83.545,0.0,0.0,456.458,0.0,0.0,0.0,5.737,0,3.0,0.925,309.915,1.0557,35.25,35.35050582885742,4.98,0.0,0
46974,-0.171,83.545,0.0,0.0,456.216,0.0,0.0,0.0,5.737,0,0.0,0.925,309.825,-4.0909,34.92,35.35050582885742,4.98,0.0,0
46974,-0.171,83.545,0.0,0.0,456.034,0.0,0.0,0.0,5.737,0,1.0,0.9400000000000001,309.825,0.0,36.21,35.35050582885742,4.98,0.0,0
46974,0.0,83.545,0.0,0.0,456.397,0.0,0.0,0.0,5.737,0,1.0,0.915,309.915,2.2434000000000003,37.2,35.35050582885742,4.98,0.0,0
46974,-0.171,83.545,0.0,0.0,456.57800000000003,0.0,0.0,0.0,5.737,0,1.0,0.935,310.005,1.4516,37.92,35.35050582885742,4.98,0.0,0
46974,-0.341,83.545,0.0,0.0,456.699,0.0,0.0,0.2,5.737,0,0.0,0.915,309.825,1.4516,38.34,35.35050582885742,4.98,0.0,0
46974,-0.171,83.545,0.0,0.0,456.276,0.0,0.0,0.0,5.737,0,0.0,0.905,309.915,-2.1114,37.65,35.35050582885742,4.98,0.0,0
46974,-0.512,83.545,0.0,0.0,456.034,0.0,0.0,0.2,5.737,0,0.0,0.905,310.005,0.39590000000000003,37.230000000000004,35.35050582885742,4.98,0.0,0
46974,-0.512,83.545,0.0,0.0,456.458,0.0,0.0,0.0,5.737,0,3.0,0.905,309.915,5.7405,36.57,35.35050582885742,4.98,0.0,0
46974,-0.341,83.545,0.0,0.0,456.216,0.0,0.0,0.0,5.737,0,0.0,0.925,309.825,-2.6393,35.1,35.35050582885742,4.98,0.0,0
46974,-0.171,83.545,0.0,0.0,456.57800000000003,0.0,0.0,0.2,5.737,0,1.0,0.915,309.69,-6.631200000000001,34.92,35.35050582885742,4.98,0.0,0
46974,0.0,83.545,0.0,0.0,456.639,0.0,0.0,0.0,5.737,0,1.0,0.885,309.69,-4.486800000000001,35.76,35.35050582885742,4.98,0.0,0
46974,-0.341,83.545,0.0,0.0,456.639,0.0,0.0,0.0,5.737,0,1.0,0.905,309.825,-3.8105,35.82,35.35050582885742,4.98,0.0,0
46974,-0.171,83.545,0.0,0.0,456.76,0.0,0.0,0.0,5.737,0,0.0,0.92,309.915,4.6023000000000005,35.37,35.35050582885742,4.98,0.0,0
46974,-0.171,83.545,0.0,0.0,456.276,0.0,0.0,0.0,5.737,0,0.0,0.925,309.825,0.43710000000000004,35.4,35.35050582885742,4.98,0.0,0
46974,-0.171,83.545,0.0,0.0,456.276,0.0,0.0,0.0,5.737,0,0.0,0.9450000000000001,309.915,-1.4269,35.64,35.35050582885742,4.98,0.0,0
46974,-0.171,83.545,0.0,0.0,456.458,0.0,0.0,0.0,5.737,0,2.0,0.875,309.825,5.2291,36.78,35.35050582885742,4.98,0.0,0
46974,-0.341,83.545,0.0,0.0,456.57800000000003,0.0,0.0,0.0,5.737,0,2.0,0.92,309.915,2.2022,37.44,35.35050582885742,4.98,0.0,0
46974,-0.341,83.545,0.0,0.0,456.276,0.0,0.0,0.0,5.737,0,1.0,0.93,309.915,-3.563,37.35,35.35050582885742,4.98,0.0,0
46974,-0.512,83.545,0.0,0.0,456.216,0.0,0.0,0.0,5.737,0,0.0,0.925,309.825,0.6928000000000001,36.63,35.35050582885742,4.98,0.0,0
46974,-0.171,83.545,0.0,0.0,456.276,0.0,0.0,0.0,5.737,0,-1.0,0.915,309.915,0.5279,36.72,35.35050582885742,4.98,0.0,0
46974,-0.341,83.545,0.0,0.0,456.216,0.0,0.0,0.0,5.737,0,0.0,0.845,309.825,-1.5836000000000001,37.11,35.35050582885742,4.98,0.0,0
46974,-0.171,83.545,0.0,0.0,456.458,0.0,0.0,0.0,5.737,0,2.0,0.97,309.915,2.0949,37.230000000000004,35.35050582885742,4.98,0.0,0
46974,-0.341,83.545,0.0,0.0,456.51800000000003,0.0,0.0,0.0,5.737,0,3.0,0.925,309.825,1.864,36.69,35.35050582885742,4.98,0.0,0
46974,-0.171,83.545,0.0,0.0,456.397,0.0,0.0,0.0,5.737,0,4.0,0.92,309.915,-0.28040000000000004,35.04,35.35050582885742,4.98,0.0,0
46974,-0.171,83.545,0.0,0.0,456.699,0.0,0.0,0.0,5.737,0,3.0,0.89,309.915,-0.39590000000000003,34.47,35.35050582885742,4.98,0.0,0
46974,-0.341,83.545,0.0,0.0,456.095,0.0,0.0,0.0,5.737,0,1.0,0.9500000000000001,309.915,1.699,35.13,35.35050582885742,4.98,0.0,0
46974,-0.171,83.545,0.0,0.0,455.974,0.0,0.0,0.0,5.737,0,0.0,0.93,309.825,-2.7548,36.03,35.35050582885742,4.98,0.0,0
46974,-0.171,83.545,0.0,0.0,456.397,0.0,0.0,0.0,5.737,0,2.0,0.925,309.825,-1.5671000000000002,37.08,35.35050582885742,4.98,0.0,0
46974,-0.171,83.545,0.0,0.0,456.57800000000003,0.0,0.0,0.0,5.737,0,1.0,0.88,309.915,0.5279,37.86,35.35050582885742,4.98,0.0,0
46974,-0.171,83.545,0.0,0.0,456.337,0.0,0.0,0.0,5.737,0,2.0,0.885,309.825,2.2434000000000003,37.77,35.35050582885742,4.98,0.0,0
46974,-0.171,83.545,0.0,0.0,456.337,0.0,0.0,0.0,5.737,0,2.0,0.895,309.825,1.5836000000000001,37.74,35.35050582885742,4.98,0.0,0
46974,-0.171,83.545,0.0,0.0,456.397,0.0,0.0,0.0,5.737,0,1.0,0.91,309.915,-0.2639,37.89,35.35050582885742,4.98,0.0,0
46974,-0.341,83.545,0.0,0.0,456.699,0.0,0.0,0.0,5.737,0,0.0,0.915,309.825,-4.4208,37.11,35.35050582885742,4.98,0.0,0
46974,-0.512,83.545,0.0,0.0,456.216,0.0,0.0,0.0,5.737,0,2.0,0.905,309.915,0.39590000000000003,36.84,35.35050582885742,4.98,0.0,0
46974,-0.171,83.545,0.0,0.0,456.337,0.0,0.0,0.0,5.737,0,0.0,0.885,309.915,-0.7918000000000001,37.08,35.35050582885742,4.98,0.0,0
46974,-0.171,83.545,0.0,0.0,456.57800000000003,0.0,0.0,0.0,5.737,0,2.0,0.935,309.915,1.1877,37.050000000000004,35.35050582885742,4.98,0.0,0
46974,-0.171,83.545,0.0,0.0,456.216,0.0,0.0,0.0,5.737,0,0.0,0.88,309.825,0.5938,36.9,35.35050582885742,4.98,0.0,0
46974,-0.171,83.545,0.0,0.0,456.397,0.0,0.0,0.0,5.737,0,0.0,0.91,309.915,-0.5279,36.54,35.35050582885742,4.98,0.0,0
46974,0.0,83.545,0.0,0.0,456.57800000000003,0.0,0.0,0.0,5.737,0,2.0,0.89,309.825,1.1217000000000001,36.0,35.35050582885742,4.98,0.0,0
46974,-0.341,83.545,0.0,0.0,456.397,0.0,0.0,0.0,5.737,0,2.0,0.895,309.825,-0.7918000000000001,35.94,35.35050582885742,4.98,0.0,0
46974,-0.341,83.545,0.0,0.0,456.57800000000003,0.0,0.0,0.0,5.737,0,1.0,0.925,309.825,-2.5733,36.660000000000004,35.35050582885742,4.98,0.0,0
46974,-0.171,83.545,0.0,0.0,456.76,0.0,0.0,0.0,5.737,0,2.0,0.905,309.915,2.9032,37.95,35.35050582885742,4.98,0.0,0
46974,-0.171,83.545,0.0,0.0,456.51800000000003,0.0,0.0,0.0,5.737,0,2.0,0.865,309.825,-2.6393,38.43,35.35050582885742,4.98,0.0,0
46974,-0.341,83.545,0.0,0.0,456.397,0.0,0.0,0.0,5.737,0,0.0,0.915,309.825,-1.7155,38.52,35.35050582885742,4.98,0.0,0
46974,-0.171,83.545,0.0,0.0,456.337,0.0,0.0,0.0,5.737,0,1.0,0.88,309.825,2.4413,37.68,35.35050582885742,4.98,0.0,0
46974,-0.171,83.545,0.0,0.0,456.51800000000003,0.0,0.0,0.0,5.737,0,0.0,0.895,309.915,2.9032,37.17,35.35050582885742,4.98,0.0,0
46974,-0.171,83.545,0.0,0.0,456.337,0.0,0.0,0.0,5.737,0,0.0,0.885,309.825,0.5279,37.14,35.35050582885742,4.98,0.0,0
46974,-0.341,83.545,0.0,0.0,455.974,0.0,0.0,0.0,5.737,0,2.0,0.935,310.005,3.1672000000000002,37.410000000000004,35.35050582885742,4.98,0.0,0
46974,-0.512,83.545,0.0,0.0,456.216,0.0,0.0,0.0,5.737,0,2.0,0.9,309.825,0.066,36.87,35.35050582885742,4.98,0.0,0
46974,-0.171,83.545,0.0,0.0,456.699,0.0,0.0,0.0,5.737,0,2.0,0.9,309.825,-1.8475000000000001,36.300000000000004,35.35050582885742,4.98,0.0,0
46974,-0.171,83.545,0.0,0.0,456.51800000000003,0.0,0.0,0.0,5.737,0,0.0,0.9400000000000001,309.915,-4.1569,35.43,35.35050582885742,4.98,0.0,0
46974,-0.171,83.545,0.0,0.0,455.79200000000003,0.0,0.0,0.0,5.737,0,2.0,0.925,309.825,2.5073000000000003,35.76,35.35050582885742,4.98,0.0,0
46974,-0.171,83.545,0.0,0.0,455.853,0.0,0.0,0.0,5.737,0,1.0,0.91,309.825,3.4311000000000003,36.63,35.35050582885742,4.98,0.0,0
46974,-0.171,83.545,0.0,0.0,456.034,0.0,0.0,0.0,5.737,0,0.0,0.89,309.915,-2.3754,37.32,35.35050582885742,4.98,0.0,0
46974,-0.171,83.545,0.0,0.0,455.974,0.0,0.0,-0.2,5.737,0,0.0,0.915,309.69,-2.0125,37.86,35.35050582885742,4.98,0.0,0
46974,-0.171,83.545,0.0,0.0,456.15500000000003,0.0,0.0,0.0,5.737,0,0.0,0.905,309.915,0.5279,38.160000000000004,35.35050582885742,4.98,0.0,0
46974,-0.171,83.545,0.0,0.0,456.51800000000003,0.0,0.0,0.0,5.737,0,0.0,0.92,309.825,1.6496000000000002,37.86,35.35050582885742,4.98,0.0,0
46974,-0.341,83.545,0.0,0.0,456.216,0.0,0.0,0.0,5.737,0,0.0,0.89,309.825,1.9795,37.02,35.35050582885742,4.98,0.0,0
46974,-0.171,83.545,0.0,0.0,456.095,0.0,0.0,0.0,5.737,0,0.0,0.87,309.915,0.0,36.660000000000004,35.35050582885742,4.98,0.0,0
46974,-0.171,83.545,0.0,0.0,456.337,0.0,0.0,0.0,5.737,0,-1.0,0.9,309.915,4.6188,37.14,35.35050582885742,4.98,0.0,0
46974,-0.171,83.545,0.0,0.0,456.458,0.0,0.0,0.0,5.737,0,0.0,0.925,309.825,3.9589000000000003,36.96,35.35050582885742,4.98,0.0,0
46974,-0.171,83.545,0.0,0.0,456.458,0.0,0.0,0.0,5.737,0,1.0,0.905,309.825,3.3651,36.99,35.35050582885742,4.98,0.0,0
46974,-0.171,83.545,0.0,0.0,456.216,0.0,0.0,0.2,5.737,0,0.0,0.935,309.915,-3.563,37.14,35.35050582885742,4.98,0.0,0
46974,-0.341,83.545,0.0,0.0,455.853,0.0,0.0,0.0,5.737,0,1.0,0.915,309.825,-2.4908,36.39,35.35050582885742,4.98,0.0,0
46974,-0.341,83.545,0.0,0.0,455.913,0.0,0.0,0.0,5.737,0,0.0,0.915,309.915,-1.6661000000000001,35.4,35.35050582885742,4.98,0.0,0
46974,-0.171,83.545,0.0,0.0,455.853,0.0,0.0,0.0,5.737,0,0.0,0.93,309.69,-2.7465,34.5,35.35050582885742,4.98,0.0,0
46974,-0.171,83.545,0.0,0.0,456.15500000000003,0.0,0.0,0.0,5.737,0,0.0,0.92,309.825,-0.9897,35.160000000000004,35.35050582885742,4.98,0.0,0
46974,0.0,83.545,0.0,0.0,456.034,0.0,0.0,0.0,5.737,0,0.0,0.925,309.825,-0.5279,37.26,35.35050582885742,4.98,0.0,0
46974,-0.171,83.545,0.0,0.0,456.15500000000003,0.0,0.0,0.0,5.737,0,1.0,0.91,309.915,8.2725,37.95,35.35050582885742,4.98,0.0,0
46974,-0.171,83.545,0.0,0.0,456.397,0.0,0.0,0.0,5.737,0,1.0,0.93,309.915,3.1507,38.4,35.35050582885742,4.98,0.0,0
46974,-0.171,83.545,0.0,0.0,456.458,0.0,0.0,0.0,5.737,0,2.0,0.905,309.915,1.8310000000000002,38.01,35.35050582885742,4.98,0.0,0
46974,-0.341,83.545,0.0,0.0,456.216,0.0,0.0,0.0,5.737,0,0.0,0.905,309.915,0.6763,37.32,35.35050582885742,4.98,0.0,0
46974,-0.171,83.545,0.0,0.0,456.216,0.0,0.0,0.0,5.737,0,1.0,0.9500000000000001,309.825,-2.2269,37.29,35.35050582885742,4.98,0.0,0
46974,-0.171,83.545,0.0,0.0,456.216,0.0,0.0,0.0,5.737,0,0.0,0.91,309.825,-4.2064,37.2,35.35050582885742,4.98,0.0,0
46974,-0.171,83.545,0.0,0.0,456.458,0.0,0.0,-0.2,5.737,0,2.0,0.895,309.825,-2.8867000000000003,36.300000000000004,35.35050582885742,4.98,0.0,0
46974,-0.341,83.545,0.0,0.0,456.397,0.0,0.0,0.0,5.737,0,0.0,0.88,309.825,0.0,36.03,35.35050582885742,4.98,0.0,0
46974,-0.171,83.545,0.0,0.0,455.853,0.0,0.0,0.0,5.737,0,0.0,0.885,309.825,0.0,35.85,35.35050582885742,4.98,0.0,0
46974,-0.171,83.545,0.0,0.0,456.15500000000003,0.0,0.0,0.0,5.737,0,-1.0,0.905,309.69,-4.3301,35.52,35.35050582885742,4.98,0.0,0
46974,-0.171,83.545,0.0,0.0,456.034,0.0,0.0,0.0,5.737,0,0.0,0.92,309.915,0.5114000000000001,36.54,35.35050582885742,4.98,0.0,0
46974,-0.341,83.545,0.0,0.0,456.216,0.0,0.0,0.0,5.737,0,0.0,0.9,309.69,1.4104,36.96,35.35050582885742,4.98,0.0,0
46974,-0.171,83.545,0.0,0.0,456.15500000000003,0.0,0.0,0.0,5.737,0,0.0,0.88,309.69,0.9238000000000001,36.99,35.35050582885742,4.98,0.0,0
46974,-0.341,83.545,0.0,0.0,456.337,0.0,0.0,0.0,5.737,0,0.0,0.885,309.915,1.1547,37.47,35.35050582885742,4.98,0.0,0
46974,-0.171,83.545,0.0,0.0,456.095,0.0,0.0,0.0,5.737,0,0.0,0.935,309.69,-4.3548,37.980000000000004,35.35050582885742,4.98,0.0,0
46974,-0.341,83.545,0.0,0.0,455.974,0.0,0.0,0.0,5.737,0,0.0,0.915,309.915,1.6826,37.65,35.35050582885742,4.98,0.0,0
46974,-0.171,83.545,0.0,0.0,456.034,0.0,0.0,0.0,5.737,0,0.0,0.93,309.825,0.39590000000000003,37.95,35.35050582885742,4.98,0.0,0
46974,-0.512,83.545,0.0,0.0,456.095,0.0,0.0,-0.2,5.737,0,0.0,0.9,309.825,2.5403000000000002,37.71,35.35050582885742,4.98,0.0,0
46974,-0.171,83.545,0.0,0.0,456.15500000000003,0.0,0.0,0.0,5.737,0,0.0,0.89,309.825,0.132,37.38,35.35050582885742,4.98,0.0,0
46974,-0.171,83.545,0.0,0.0,456.216,0.0,0.0,-0.2,5.737,0,1.0,0.9,309.825,-2.6393,36.660000000000004,35.35050582885742,4.98,0.0,0
46974,-0.341,83.545,0.0,0.0,456.337,0.0,0.0,0.0,5.737,0,3.0,0.895,309.825,0.0,35.79,35.35050582885742,4.98,0.0,0
46974,-0.341,83.545,0.0,0.0,456.15500000000003,0.0,0.0,0.0,5.737,0,1.0,0.915,309.825,0.0,35.7,35.35050582885742,4.98,0.0,0
46974,-0.171,83.545,0.0,0.0,456.034,0.0,0.0,0.0,5.737,0,4.0,0.92,309.69,-2.7713,35.52,35.35050582885742,4.98,0.0,0
46974,-0.171,83.545,0.0,0.0,456.216,0.0,0.0,0.0,5.737,0,2.0,0.935,309.915,1.7815,35.85,35.35050582885742,4.98,0.0,0
46974,-0.341,83.545,0.0,0.0,456.216,0.0,0.0,0.0,5.737,0,1.0,0.91,309.825,2.2434000000000003,36.78,35.35050582885742,4.98,0.0,0
46974,-0.171,83.545,0.0,0.0,455.853,0.0,0.0,0.0,5.737,0,-1.0,0.915,309.825,2.0125,37.02,35.35050582885742,4.98,0.0,0
46974,-0.171,83.545,0.0,0.0,455.79200000000003,0.0,0.0,0.0,5.737,0,0.0,0.91,309.825,-1.0557,37.14,35.35050582885742,4.98,0.0,0
46974,-0.341,83.545,0.0,0.0,456.034,0.0,0.0,0.0,5.737,0,0.0,0.915,309.825,-2.1114,37.62,35.35050582885742,4.98,0.0,0
46974,-0.171,83.545,0.0,0.0,456.15500000000003,0.0,0.0,0.0,5.737,0,0.0,0.91,309.915,-1.7155,37.2,35.35050582885742,4.98,0.0,0
46974,-0.171,83.545,0.0,0.0,456.034,0.0,0.0,0.0,5.737,0,0.0,0.915,309.915,0.9897,36.78,35.35050582885742,4.98,0.0,0
46974,-0.171,83.545,0.0,0.0,456.034,0.0,0.0,0.0,5.737,0,1.0,0.89,309.825,1.7155,36.6,35.35050582885742,4.98,0.0,0
46974,-0.171,83.545,0.0,0.0,456.15500000000003,0.0,0.0,0.0,5.737,0,0.0,0.865,309.915,-0.5279,36.51,35.35050582885742,4.98,0.0,0
46974,0.0,83.545,0.0,0.0,456.034,0.0,0.0,0.2,5.737,0,0.0,0.92,309.915,2.3754,36.24,35.35050582885742,4.98,0.0,0
46974,-0.171,83.545,0.0,0.0,456.034,0.0,0.0,0.0,5.737,0,0.0,0.93,309.915,1.5176,35.46,35.35050582885742,4.98,0.0,0
46974,0.0,83.545,0.0,0.0,456.337,0.0,0.0,0.0,5.737,0,0.0,0.9,309.825,-2.9032,34.59,35.35050582885742,4.98,0.0,0
46974,-0.341,83.545,0.0,0.0,456.216,0.0,0.0,0.0,5.737,0,0.0,0.9,309.825,-1.5176,34.74,35.35050582885742,4.98,0.0,0
46974,-0.171,83.545,0.0,0.0,455.853,0.0,0.0,0.0,5.737,0,1.0,0.85,309.915,-0.2639,35.550000000000004,35.35050582885742,4.98,0.0,0
46974,-0.171,83.545,0.0,0.0,456.15500000000003,0.0,0.0,0.0,5.737,0,0.0,0.93,309.69,-1.4846000000000001,36.15,35.35050582885742,4.98,0.0,0
46974,-0.341,83.545,0.0,0.0,456.337,0.0,0.0,0.0,5.737,0,1.0,0.81,309.825,-2.2434000000000003,37.11,35.35050582885742,4.98,0.0,0
46974,-0.171,83.545,0.0,0.0,456.337,0.0,0.0,0.0,5.737,0,0.0,0.91,309.825,0.3299,37.17,35.35050582885742,4.98,0.0,0
46974,-0.171,83.545,0.0,0.0,456.337,0.0,0.0,0.0,5.737,0,0.0,0.835,309.825,0.6103000000000001,37.14,35.35050582885742,4.98,0.0,0
46974,-0.341,83.545,0.0,0.0,456.095,0.0,0.0,0.0,5.737,0,0.0,0.9500000000000001,309.915,1.8723,36.84,35.35050582885742,4.98,0.0,0
46974,-0.171,83.545,0.0,0.0,456.216,0.0,0.0,0.0,5.737,0,2.0,0.935,309.825,-2.5073000000000003,36.42,35.35050582885742,4.98,0.0,0
46974,-0.341,83.545,0.0,0.0,456.397,0.0,0.0,0.0,5.737,0,2.0,0.925,309.915,1.3032000000000001,36.0,35.35050582885742,4.98,0.0,0
46974,-0.171,83.545,0.0,0.0,456.216,0.0,0.0,-0.2,5.737,0,1.0,0.885,309.915,1.963,36.480000000000004,35.35050582885742,4.98,0.0,0
46974,-0.171,83.545,0.0,0.0,456.034,0.0,0.0,0.0,5.737,0,4.0,0.91,309.69,-3.2084,36.300000000000004,35.35050582885742,4.98,0.0,0
46974,-0.512,83.545,0.0,0.0,455.79200000000003,0.0,0.0,0.0,5.737,0,0.0,0.9,309.825,-7.8519000000000005,35.49,35.35050582885742,4.98,0.0,0
46974,-0.171,83.545,0.0,0.0,456.034,0.0,0.0,0.0,5.737,0,0.0,0.865,309.825,-1.1712,34.53,35.35050582885742,4.98,0.0,0
46974,-0.171,83.545,0.0,0.0,455.913,0.0,0.0,0.2,5.737,0,0.0,0.905,309.915,7.1508,34.59,35.35050582885742,4.98,0.0,0
46974,-0.171,83.545,0.0,0.0,456.034,0.0,0.0,0.0,5.737,0,1.0,0.845,309.825,3.629,34.47,35.35050582885742,4.98,0.0,0
46974,-0.171,83.545,0.0,0.0,456.15500000000003,0.0,0.0,0.0,5.737,0,2.0,0.85,309.825,-0.7753,35.01,35.35050582885742,4.98,0.0,0
46974,-0.171,83.545,0.0,0.0,456.337,0.0,0.0,0.0,5.737,0,2.0,0.89,309.825,-0.6433,36.69,35.35050582885742,4.98,0.0,0
46974,-0.512,83.545,0.0,0.0,456.216,0.0,0.0,0.0,5.737,0,2.0,0.895,309.825,-0.1155,37.56,35.35050582885742,4.98,0.0,0
46974,-0.171,83.545,0.0,0.0,456.276,0.0,0.0,0.0,5.737,0,2.0,0.9,309.69,1.2124000000000001,37.5,35.35050582885742,4.98,0.0,0
46974,-0.341,83.545,0.0,0.0,456.216,0.0,0.0,0.0,5.737,0,2.0,0.88,309.825,-0.18150000000000002,36.75,35.35050582885742,4.98,0.0,0
46974,-0.171,83.545,0.0,0.0,456.276,0.0,0.0,0.0,5.737,0,2.0,0.895,309.825,0.066,36.75,35.35050582885742,4.98,0.0,0
46974,-0.171,83.545,0.0,0.0,456.397,0.0,0.0,0.0,5.737,0,0.0,0.9,309.825,1.2702,36.480000000000004,35.35050582885742,4.98,0.0,0
46974,-0.171,83.545,0.0,0.0,456.397,0.0,0.0,0.0,5.737,0,0.0,0.905,309.825,0.2639,36.03,35.35050582885742,4.98,0.0,0
46974,-0.171,83.545,0.0,0.0,456.216,0.0,0.0,0.0,5.737,0,-1.0,0.895,309.825,-0.6433,35.34,35.35050582885742,4.98,0.0,0
46974,-0.171,83.545,0.0,0.0,456.15500000000003,0.0,0.0,-0.2,5.737,0,-2.0,0.91,309.825,-0.2639,35.34,35.35050582885742,4.98,0.0,0
46974,-0.171,83.545,0.0,0.0,456.337,0.0,0.0,0.0,5.737,0,0.0,0.885,309.825,-0.5279,35.43,35.35050582885742,4.98,0.0,0
46974,-0.341,83.545,0.0,0.0,456.276,0.0,0.0,0.0,5.737,0,0.0,0.88,309.825,-2.2434000000000003,34.62,35.35050582885742,4.98,0.0,0
46974,-0.171,83.545,0.0,0.0,456.57800000000003,0.0,0.0,0.0,5.737,0,0.0,0.885,309.825,-0.5279,33.84,35.35050582885742,4.98,0.0,0
46974,0.0,83.545,0.0,0.0,456.397,0.0,0.0,0.0,5.737,0,0.0,0.91,309.915,4.8827,34.38,35.35050582885742,4.98,0.0,0
46974,-0.171,83.545,0.0,0.0,456.095,0.0,0.0,0.0,5.737,0,0.0,0.925,309.825,0.5279,35.550000000000004,35.35050582885742,4.98,0.0,0
46974,-0.341,83.545,0.0,0.0,456.095,0.0,0.0,0.0,5.737,0,0.0,0.885,309.825,-0.5279,37.35,35.35050582885742,4.98,0.0,0
46974,-0.171,83.545,0.0,0.0,456.15500000000003,0.0,0.0,0.0,5.737,0,0.0,0.89,309.69,-0.8908,38.04,35.35050582885742,4.98,0.0,0
46974,-0.171,83.545,0.0,0.0,455.853,0.0,0.0,0.0,5.737,0,0.0,0.895,309.825,-2.5073000000000003,37.74,35.35050582885742,4.98,0.0,0
46974,0.0,83.545,0.0,0.0,455.732,0.0,0.0,0.0,5.737,0,0.0,0.87,309.69,-5.7075000000000005,36.75,35.35050582885742,4.98,0.0,0
46974,-0.512,83.545,0.0,0.0,456.095,0.0,0.0,0.0,5.737,0,2.0,0.865,309.69,-1.5836000000000001,35.88,35.35050582885742,4.98,0.0,0
46974,0.0,83.545,0.0,0.0,455.913,0.0,0.0,0.0,5.737,0,2.0,0.91,309.825,0.2639,35.85,35.35050582885742,4.98,0.0,0
46974,-0.171,83.545,0.0,0.0,455.853,0.0,0.0,0.0,5.737,0,0.0,0.9,309.825,3.2991,35.82,35.35050582885742,4.98,0.0,0
46974,-0.341,83.545,0.0,0.0,455.853,0.0,0.0,-0.2,5.737,0,-1.0,0.9,309.825,4.1239,36.03,35.35050582885742,4.98,0.0,0
46974,0.0,83.545,0.0,0.0,456.034,0.0,0.0,0.0,5.737,0,0.0,0.845,309.69,-2.7713,35.01,35.35050582885742,4.98,0.0,0
46974,-0.171,83.545,0.0,0.0,456.034,0.0,0.0,0.0,5.737,0,1.0,0.915,309.825,-7.390000000000001,34.86,35.35050582885742,4.98,0.0,0
46974,-0.171,83.545,0.0,0.0,455.853,0.0,0.0,0.0,5.737,0,0.0,0.885,309.825,1.1877,34.71,35.35050582885742,4.98,0.0,0
46974,-0.341,83.545,0.0,0.0,455.853,0.0,0.0,0.0,5.737,0,0.0,0.905,309.825,5.4435,35.31,35.35050582885742,4.98,0.0,0
46974,-0.171,83.545,0.0,0.0,456.034,0.0,0.0,0.0,5.737,0,1.0,0.9,309.915,3.8270000000000004,35.58,35.35050582885742,4.98,0.0,0
46974,-0.171,83.545,0.0,0.0,456.034,0.0,0.0,0.0,5.737,0,0.0,0.895,309.825,3.629,35.7,35.35050582885742,4.98,0.0,0
46974,-0.171,83.545,0.0,0.0,456.095,0.0,0.0,0.0,5.737,0,0.0,0.895,309.825,1.6496000000000002,36.42,35.35050582885742,4.98,0.0,0
46974,-0.512,83.545,0.0,0.0,456.034,0.0,0.0,0.0,5.737,0,0.0,0.91,309.69,-1.9547,36.6,35.35050582885742,4.98,0.0,0
46974,-0.512,83.545,0.0,0.0,456.034,0.0,0.0,0.0,5.737,0,0.0,0.925,309.825,-2.029,37.02,35.35050582885742,4.98,0.0,0
46974,-0.341,83.545,0.0,0.0,455.913,0.0,0.0,0.0,5.737,0,1.0,0.895,309.915,-2.9197,36.99,35.35050582885742,4.98,0.0,0
46974,-0.341,83.545,0.0,0.0,455.853,0.0,0.0,0.0,5.737,0,1.0,0.9,309.825,2.9032,36.24,35.35050582885742,4.98,0.0,0
46974,-0.341,83.545,0.0,0.0,455.732,0.0,0.0,0.0,5.737,0,2.0,0.905,309.915,2.6888,36.18,35.35050582885742,4.98,0.0,0
46974,0.0,83.545,0.0,0.0,455.853,0.0,0.0,0.0,5.737,0,0.0,0.905,309.825,-0.1567,36.03,35.35050582885742,4.98,0.0,0
46974,-0.341,83.545,0.0,0.0,456.216,0.0,0.0,0.0,5.737,0,1.0,0.87,309.915,-3.9095,35.52,35.35050582885742,4.98,0.0,0
46974,-0.171,83.545,0.0,0.0,455.974,0.0,0.0,0.0,5.737,0,0.0,0.875,309.69,-3.5383,34.92,35.35050582885742,4.98,0.0,0
46974,-0.171,83.545,0.0,0.0,455.853,0.0,0.0,0.0,5.737,0,0.0,0.86,309.69,0.42060000000000003,34.92,35.35050582885742,4.98,0.0,0
46974,-0.171,83.545,0.0,0.0,456.095,0.0,0.0,0.0,5.737,0,0.0,0.915,309.915,-0.0412,35.1,35.35050582885742,4.98,0.0,0
46974,-0.171,83.545,0.0,0.0,456.276,0.0,0.0,0.0,5.737,0,1.0,0.87,309.69,2.9032,35.37,35.35050582885742,4.98,0.0,0
46974,-0.171,83.545,0.0,0.0,456.216,0.0,0.0,0.0,5.737,0,1.0,0.905,309.825,0.9238000000000001,36.09,35.35050582885742,4.98,0.0,0
46974,-0.341,83.545,0.0,0.0,456.15500000000003,0.0,0.0,0.0,5.737,0,3.0,0.895,309.825,-1.7650000000000001,36.99,35.35050582885742,4.98,0.0,0
46974,-0.171,83.545,0.0,0.0,455.853,0.0,0.0,0.0,5.737,0,4.0,0.875,309.825,3.5136000000000003,37.32,35.35050582885742,4.98,0.0,0
46974,-0.171,83.545,0.0,0.0,455.853,0.0,0.0,0.0,5.737,0,3.0,0.885,309.915,-1.9300000000000002,38.58,35.35050582885742,4.98,0.0,0
46974,-0.341,83.545,0.0,0.0,456.034,0.0,0.0,0.0,5.737,0,1.0,0.885,309.915,0.5773,37.62,35.35050582885742,4.98,0.0,0
46974,-0.341,83.545,0.0,0.0,456.034,0.0,0.0,0.0,5.737,0,0.0,0.91,309.915,3.8765,36.87,35.35050582885742,4.98,0.0,0
46974,-0.341,83.545,0.0,0.0,455.853,0.0,0.0,0.0,5.737,0,2.0,0.9,309.825,-0.2887,36.54,35.35050582885742,4.98,0.0,0
46974,-0.171,83.545,0.0,0.0,455.913,0.0,0.0,-0.2,5.737,0,0.0,0.885,309.915,-2.2434000000000003,36.39,35.35050582885742,4.98,0.0,0
46974,-0.171,83.545,0.0,0.0,456.034,0.0,0.0,0.0,5.737,0,0.0,0.88,309.915,0.132,36.15,35.35050582885742,4.98,0.0,0
46974,-0.171,83.545,0.0,0.0,456.15500000000003,0.0,0.0,0.0,5.737,0,1.0,0.89,309.915,1.963,35.85,35.35050582885742,4.98,0.0,0
46974,0.0,83.545,0.0,0.0,456.397,0.0,0.0,0.0,5.737,0,0.0,0.885,309.825,-1.5836000000000001,35.910000000000004,35.35050582885742,4.98,0.0,0
46974,-0.341,83.545,0.0,0.0,456.034,0.0,0.0,0.0,5.737,0,1.0,0.895,309.915,-1.5836000000000001,35.52,35.35050582885742,4.98,0.0,0
46974,-0.171,83.545,0.0,0.0,455.853,0.0,0.0,0.0,5.737,0,1.0,0.91,309.915,1.963,36.12,35.35050582885742,4.98,0.0,0
46974,-0.171,83.545,0.0,0.0,456.034,0.0,0.0,-0.2,5.737,0,0.0,0.895,309.915,1.1712,37.14,35.35050582885742,4.98,0.0,0
46974,-0.171,83.545,0.0,0.0,455.853,0.0,0.0,0.0,5.737,0,0.0,0.875,309.825,-0.7918000000000001,37.74,35.35050582885742,4.98,0.0,0
46974,-0.171,83.545,0.0,0.0,456.034,0.0,0.0,0.0,5.737,0,1.0,0.875,309.825,-0.9073,37.410000000000004,35.35050582885742,4.98,0.0,0
46974,-0.341,83.545,0.0,0.0,456.458,0.0,0.0,0.0,5.737,0,1.0,0.9,309.825,-3.0187,37.59,35.35050582885742,4.98,0.0,0
46974,-0.171,83.545,0.0,0.0,456.276,0.0,0.0,0.0,5.737,0,2.0,0.89,309.69,0.0247,37.980000000000004,35.35050582885742,4.98,0.0,0
46974,-0.171,83.545,0.0,0.0,456.216,0.0,0.0,0.2,5.737,0,1.0,0.905,309.825,1.4021000000000001,38.25,35.35050582885742,4.98,0.0,0
46974,-0.171,83.545,0.0,0.0,455.974,0.0,0.0,0.0,5.737,0,1.0,0.91,309.825,-0.132,37.77,35.35050582885742,4.98,0.0,0
46974,-0.171,83.545,0.0,0.0,456.095,0.0,0.0,0.0,5.737,0,1.0,0.895,309.825,0.28040000000000004,36.12,35.35050582885742,4.98,0.0,0
46974,-0.171,83.545,0.0,0.0,456.095,0.0,0.0,0.0,5.737,0,1.0,0.89,309.915,-0.8083,35.31,35.35050582885742,4.98,0.0,0
46974,-0.341,83.545,0.0,0.0,456.216,0.0,0.0,0.0,5.737,0,0.0,0.91,309.915,1.2537,34.92,35.35050582885742,4.98,0.0,0
46974,-0.341,83.545,0.0,0.0,456.216,0.0,0.0,0.0,5.737,0,2.0,0.875,309.915,2.1609000000000003,35.160000000000004,35.35050582885742,4.98,0.0,0
46974,-0.171,83.545,0.0,0.0,456.15500000000003,0.0,0.0,0.2,5.737,0,3.0,0.895,309.825,-0.6846,35.730000000000004,35.35050582885742,4.98,0.0,0
46974,-0.171,83.545,0.0,0.0,456.397,0.0,0.0,0.0,5.737,0,2.0,0.875,309.825,-1.8310000000000002,37.17,35.35050582885742,4.98,0.0,0
46974,-0.682,83.545,0.0,0.0,456.216,0.0,0.0,0.0,5.737,0,3.0,0.885,309.825,-1.7155,38.04,35.35050582885742,4.98,0.0,0
46974,-0.512,83.545,0.0,0.0,455.853,0.0,0.0,0.0,5.737,0,0.0,0.89,309.825,-1.8475000000000001,38.13,35.35050582885742,4.98,0.0,0
46974,-0.171,83.545,0.0,0.0,456.034,0.0,0.0,0.0,5.737,0,-1.0,0.895,309.825,1.0557,38.04,35.35050582885742,4.98,0.0,0
46974,-0.171,83.545,0.0,0.0,455.913,0.0,0.0,0.0,5.737,0,0.0,0.91,309.825,-0.2639,37.26,35.35050582885742,4.98,0.0,0
46974,-0.171,83.545,0.0,0.0,455.853,0.0,0.0,0.0,5.737,0,0.0,0.9,309.915,-0.5938,37.89,35.35050582885742,4.98,0.0,0
46974,-0.171,83.545,0.0,0.0,456.216,0.0,0.0,0.0,5.737,0,0.0,0.865,309.825,0.7918000000000001,38.07,35.35050582885742,4.98,0.0,0
46974,-0.171,83.545,0.0,0.0,456.216,0.0,0.0,0.0,5.737,0,1.0,0.865,309.915,1.5176,36.81,35.35050582885742,4.98,0.0,0
46974,-0.171,83.545,0.0,0.0,455.974,0.0,0.0,0.0,5.737,0,0.0,0.93,309.915,0.5279,36.21,35.35050582885742,4.98,0.0,0
46974,-0.171,83.545,0.0,0.0,455.79200000000003,0.0,0.0,0.0,5.737,0,1.0,0.91,309.825,-1.5836000000000001,35.67,35.35050582885742,4.98,0.0,0
46974,-0.171,83.545,0.0,0.0,455.79200000000003,0.0,0.0,0.0,5.737,0,1.0,0.88,309.915,-0.7918000000000001,35.730000000000004,35.35050582885742,4.98,0.0,0
46974,-0.171,83.545,0.0,0.0,455.853,0.0,0.0,0.0,5.737,0,1.0,0.88,309.69,-0.8908,34.77,35.35050582885742,4.98,0.0,0
46974,-0.171,83.545,0.0,0.0,455.853,0.0,0.0,0.0,5.737,0,0.0,0.89,309.69,-1.3444,34.74,35.35050582885742,4.98,0.0,0
46974,-0.171,83.545,0.0,0.0,455.671,0.0,0.0,0.0,5.737,0,0.0,0.92,309.915,-1.798,35.52,35.35050582885742,4.98,0.0,0
46974,0.0,83.545,0.0,0.0,456.034,0.0,0.0,0.0,5.737,0,0.0,0.88,309.825,-0.3134,37.11,35.35050582885742,4.98,0.0,0
46974,-0.171,83.545,0.0,0.0,456.397,0.0,0.0,0.0,5.737,0,0.0,0.88,309.915,5.1714,38.07,35.35050582885742,4.98,0.0,0
46974,-0.171,83.545,0.0,0.0,456.276,0.0,0.0,0.2,5.737,0,0.0,0.92,309.825,0.9238000000000001,38.94,35.35050582885742,4.98,0.0,0
46974,-0.171,83.545,0.0,0.0,456.034,0.0,0.0,0.0,5.737,0,0.0,0.895,309.915,-0.9402,38.58,35.35050582885742,4.98,0.0,0
46974,-0.341,83.545,0.0,0.0,455.974,0.0,0.0,0.0,5.737,0,-1.0,0.92,309.915,-1.1877,37.47,35.35050582885742,4.98,0.0,0
46974,-0.171,83.545,0.0,0.0,455.853,0.0,0.0,0.0,5.737,0,-1.0,0.92,309.825,0.5279,37.2,35.35050582885742,4.98,0.0,0
46974,-0.171,83.545,0.0,0.0,455.853,0.0,0.0,0.0,5.737,0,0.0,0.88,309.915,0.9073,37.53,35.35050582885742,4.98,0.0,0
46974,-0.341,83.545,0.0,0.0,455.732,0.0,0.0,0.0,5.737,0,0.0,0.89,309.915,0.132,37.65,35.35050582885742,4.98,0.0,0
46974,0.0,83.545,0.0,0.0,456.216,0.0,0.0,0.0,5.737,0,0.0,0.865,309.915,-0.132,36.96,35.35050582885742,4.98,0.0,0
46974,-0.171,83.545,0.0,0.0,456.15500000000003,0.0,0.0,0.0,5.737,0,0.0,0.935,309.825,-2.6228000000000002,36.12,35.35050582885742,4.98,0.0,0
46974,-0.171,83.545,0.0,0.0,456.095,0.0,0.0,0.0,5.737,0,2.0,0.91,309.915,0.5114000000000001,35.550000000000004,35.35050582885742,4.98,0.0,0
46974,-0.171,83.545,0.0,0.0,455.913,0.0,0.0,0.0,5.737,0,0.0,0.915,309.825,-0.7093,34.800000000000004,35.35050582885742,4.98,0.0,0
46974,-0.341,83.545,0.0,0.0,456.095,0.0,0.0,0.0,5.737,0,0.0,0.875,309.825,-1.2537,36.15,35.35050582885742,4.98,0.0,0
46974,-0.171,83.545,0.0,0.0,456.276,0.0,0.0,0.0,5.737,0,0.0,0.91,309.825,-0.18150000000000002,37.980000000000004,35.35050582885742,4.98,0.0,0
46974,-0.171,83.545,0.0,0.0,456.397,0.0,0.0,0.0,5.737,0,0.0,0.9,309.915,-1.2537,39.03,35.35050582885742,4.98,0.0,0
46974,-0.341,83.545,0.0,0.0,456.034,0.0,0.0,0.0,5.737,0,1.0,0.9,309.915,0.9732000000000001,39.78,35.35050582885742,4.98,0.0,0
46974,-0.512,83.545,0.0,0.0,456.095,0.0,0.0,0.0,5.737,0,-1.0,0.885,309.825,3.4971,38.64,35.35050582885742,4.98,0.0,0
46974,-0.171,83.545,0.0,0.0,456.57800000000003,0.0,0.0,0.0,5.737,0,-1.0,0.9,309.825,-3.4806000000000004,37.71,35.35050582885742,4.98,0.0,0
46974,-0.171,83.545,0.0,0.0,456.15500000000003,0.0,0.0,0.0,5.737,0,0.0,0.88,309.825,-1.2537,36.54,35.35050582885742,4.98,0.0,0
46974,-0.512,83.545,0.0,0.0,456.57800000000003,0.0,0.0,0.0,5.737,0,0.0,0.885,309.825,4.024900000000001,36.300000000000004,35.35050582885742,4.98,0.0,0
46974,-0.512,83.545,0.0,0.0,456.51800000000003,0.0,0.0,0.0,5.737,0,-2.0,0.885,309.915,2.0949,37.02,35.35050582885742,4.98,0.0,0
46974,-0.171,83.545,0.0,0.0,456.57800000000003,0.0,0.0,0.0,5.737,0,2.0,0.9,309.825,1.5836000000000001,36.57,35.35050582885742,4.98,0.0,0
46974,-0.341,83.545,0.0,0.0,456.15500000000003,0.0,0.0,0.0,5.737,0,0.0,0.89,309.825,-1.963,35.79,35.35050582885742,4.98,0.0,0
46974,0.0,83.545,0.0,0.0,456.095,0.0,0.0,0.0,5.737,0,2.0,0.9,309.825,-1.8475000000000001,35.67,35.35050582885742,4.98,0.0,0
46974,-0.171,83.545,0.0,0.0,456.216,0.0,0.0,0.0,5.737,0,0.0,0.895,309.915,-1.0557,35.64,35.35050582885742,4.98,0.0,0
46974,-0.171,83.545,0.0,0.0,455.853,0.0,0.0,0.0,5.737,0,2.0,0.91,309.825,2.1114,36.36,35.35050582885742,4.98,0.0,0
46974,-0.171,83.545,0.0,0.0,455.853,0.0,0.0,0.2,5.737,0,0.0,0.895,309.825,-2.9032,36.6,35.35050582885742,4.98,0.0,0
46974,0.0,83.545,0.0,0.0,456.034,0.0,0.0,0.0,5.737,0,0.0,0.89,309.915,-1.7155,38.01,35.35050582885742,4.98,0.0,0
46974,-0.171,83.545,0.0,0.0,455.853,0.0,0.0,0.0,5.737,0,1.0,0.905,309.825,3.6950000000000003,38.58,35.35050582885742,4.98,0.0,0
46974,0.0,83.545,0.0,0.0,455.732,0.0,0.0,0.0,5.737,0,1.0,0.9400000000000001,309.915,1.3196,38.37,35.35050582885742,4.98,0.0,0
46974,-0.171,83.545,0.0,0.0,455.853,0.0,0.0,0.0,5.737,0,0.0,0.895,309.915,1.0557,38.19,35.35050582885742,4.98,0.0,0
46974,-0.341,83.545,0.0,0.0,455.671,0.0,0.0,0.0,5.737,0,0.0,0.895,309.825,-1.7155,37.2,35.35050582885742,4.98,0.0,0
46974,-0.512,83.545,0.0,0.0,455.853,0.0,0.0,0.0,5.737,0,0.0,0.925,309.825,-2.5733,36.57,35.35050582885742,4.98,0.0,0
46974,0.0,83.545,0.0,0.0,455.974,0.0,0.0,0.0,5.737,0,0.0,0.875,309.915,3.2991,36.15,35.35050582885742,4.98,0.0,0
46974,-0.171,83.545,0.0,0.0,455.913,0.0,0.0,0.0,5.737,0,0.0,0.9,309.915,1.5176,35.550000000000004,35.35050582885742,4.98,0.0,0
46974,-0.171,83.545,0.0,0.0,455.732,0.0,0.0,0.0,5.737,0,0.0,0.905,309.825,-3.2991,35.25,35.35050582885742,4.98,0.0,0
46974,-0.171,83.545,0.0,0.0,455.79200000000003,0.0,0.0,0.0,5.737,0,0.0,0.905,309.825,-3.8930000000000002,35.34,35.35050582885742,4.98,0.0,0
46974,-0.171,83.545,0.0,0.0,456.276,0.0,0.0,0.0,5.737,0,0.0,0.89,309.69,-5.0147,35.46,35.35050582885742,4.98,0.0,0
46974,0.0,83.545,0.0,0.0,456.095,0.0,0.0,0.2,5.737,0,1.0,0.89,309.825,2.3754,36.45,35.35050582885742,4.98,0.0,0
46974,-0.341,83.545,0.0,0.0,455.671,0.0,0.0,0.0,5.737,0,1.0,0.89,309.825,4.7507,37.47,35.35050582885742,4.98,0.0,0
46974,-0.171,83.545,0.0,0.0,455.732,0.0,0.0,0.0,5.737,0,0.0,0.87,309.69,0.0,37.92,35.35050582885742,4.98,0.0,0
46974,-0.171,83.545,0.0,0.0,455.853,0.0,0.0,0.2,5.737,0,1.0,0.9,309.825,-2.7713,37.95,35.35050582885742,4.98,0.0,0
46974,0.0,83.545,0.0,0.0,456.15500000000003,0.0,0.0,0.0,5.737,0,2.0,0.925,309.825,0.2639,38.37,35.35050582885742,4.98,0.0,0
46974,-0.171,83.545,0.0,0.0,456.034,0.0,0.0,0.0,5.737,0,0.0,0.885,309.69,-0.2639,37.71,35.35050582885742,4.98,0.0,0
46974,-0.341,83.545,0.0,0.0,455.853,0.0,0.0,0.0,5.737,0,0.0,0.9,309.915,-1.3856000000000002,36.57,35.35050582885742,4.98,0.0,0
46974,-0.171,83.545,0.0,0.0,455.853,0.0,0.0,0.0,5.737,0,1.0,0.905,309.915,-0.8083,36.480000000000004,35.35050582885742,4.98,0.0,0
46974,-0.341,83.545,0.0,0.0,456.095,0.0,0.0,0.0,5.737,0,0.0,0.925,309.69,4.9074,35.34,35.35050582885742,4.98,0.0,0
46974,-0.171,83.545,0.0,0.0,456.15500000000003,0.0,0.0,0.0,5.737,0,0.0,0.915,309.69,-0.3299,35.25,35.35050582885742,4.98,0.0,0
46974,-0.341,83.545,0.0,0.0,455.671,0.0,0.0,0.2,5.737,0,0.0,0.9,309.825,-4.1404000000000005,35.31,35.35050582885742,4.98,0.0,0
46974,-0.171,83.545,0.0,0.0,455.913,0.0,0.0,0.0,5.737,0,2.0,0.905,309.915,5.344600000000001,36.21,35.35050582885742,4.98,0.0,0
46974,-0.171,83.545,0.0,0.0,455.913,0.0,0.0,0.0,5.737,0,0.0,0.905,309.825,4.1981,36.03,35.35050582885742,4.98,0.0,0
46974,-0.512,83.545,0.0,0.0,455.611,0.0,0.0,0.0,5.737,0,0.0,0.91,309.915,-0.9238000000000001,35.85,35.35050582885742,4.98,0.0,0
46974,0.0,83.545,0.0,0.0,455.732,0.0,0.0,0.0,5.737,0,2.0,0.87,309.825,-0.8413,36.18,35.35050582885742,4.98,0.0,0
46974,-0.171,83.545,0.0,0.0,456.216,0.0,0.0,0.0,5.737,0,0.0,0.895,309.825,-0.066,36.72,35.35050582885742,4.98,0.0,0
46974,-0.171,83.545,0.0,0.0,455.913,0.0,0.0,0.0,5.737,0,0.0,0.91,309.825,1.5341,36.96,35.35050582885742,4.98,0.0,0
46974,-0.341,83.545,0.0,0.0,455.79200000000003,0.0,0.0,0.0,5.737,0,2.0,0.89,309.915,2.7713,37.68,35.35050582885742,4.98,0.0,0
46974,0.0,83.545,0.0,0.0,456.095,0.0,0.0,0.0,5.737,0,1.0,0.88,309.915,1.5671000000000002,37.65,35.35050582885742,4.98,0.0,0
46974,-0.171,83.545,0.0,0.0,455.853,0.0,0.0,-0.2,5.737,0,0.0,0.935,309.825,-1.5671000000000002,37.53,35.35050582885742,4.98,0.0,0
46974,-0.171,83.545,0.0,0.0,455.853,0.0,0.0,0.0,5.737,0,4.0,0.915,309.825,-3.3486000000000002,36.81,35.35050582885742,4.98,0.0,0
46974,-0.171,83.545,0.0,0.0,455.913,0.0,0.0,0.0,5.737,0,0.0,0.92,309.825,0.3299,36.78,35.35050582885742,4.98,0.0,0
46974,-0.171,83.545,0.0,0.0,455.732,0.0,0.0,0.0,5.737,0,0.0,0.9,309.825,-2.9692000000000003,36.96,35.35050582885742,4.98,0.0,0
46974,-0.171,83.545,0.0,0.0,455.732,0.0,0.0,0.0,5.737,0,0.0,0.9,309.825,-2.6393,36.99,35.35050582885742,4.98,0.0,0
46974,-0.171,83.545,0.0,0.0,455.853,0.0,0.0,0.0,5.737,0,0.0,0.895,309.915,0.5279,35.910000000000004,35.35050582885742,4.98,0.0,0
46974,-0.341,83.545,0.0,0.0,455.913,0.0,0.0,0.0,5.737,0,-1.0,0.915,309.825,5.5425,35.37,35.35050582885742,4.98,0.0,0
46974,-0.341,83.545,0.0,0.0,456.15500000000003,0.0,0.0,0.0,5.737,0,4.0,0.905,309.915,-1.1877,35.19,35.35050582885742,4.98,0.0,0
46974,-0.171,83.545,0.0,0.0,456.034,0.0,0.0,-0.2,5.737,0,1.0,0.905,309.825,-4.4208,35.13,35.35050582885742,4.98,0.0,0
46974,-0.171,83.545,0.0,0.0,456.034,0.0,0.0,0.0,5.737,0,1.0,0.93,309.69,-3.9589000000000003,36.06,35.35050582885742,4.98,0.0,0
46974,-0.171,83.545,0.0,0.0,455.853,0.0,0.0,0.0,5.737,0,0.0,0.905,309.825,-0.19790000000000002,37.38,35.35050582885742,4.98,0.0,0
46974,-0.171,83.545,0.0,0.0,456.276,0.0,0.0,0.0,5.737,0,2.0,0.87,309.915,6.334300000000001,37.44,35.35050582885742,4.98,0.0,0
46974,-0.171,83.545,0.0,0.0,456.216,0.0,0.0,0.0,5.737,0,0.0,0.93,309.915,1.6826,37.65,35.35050582885742,4.98,0.0,0
46974,-0.512,83.545,0.0,0.0,456.034,0.0,0.0,0.0,5.737,0,2.0,0.865,309.825,-0.6598,37.29,35.35050582885742,4.98,0.0,0
46974,-0.341,83.545,0.0,0.0,455.671,0.0,0.0,0.0,5.737,0,3.0,0.915,309.69,-4.3218000000000005,36.57,35.35050582885742,4.98,0.0,0
46974,0.171,83.545,0.0,0.0,455.913,0.0,0.0,0.2,5.737,0,4.0,0.9,309.825,-6.9941,36.03,35.35050582885742,4.98,0.0,0
46974,-0.171,83.545,0.0,0.0,456.15500000000003,0.0,0.0,0.0,5.737,0,2.0,0.88,309.825,2.3754,35.07,35.35050582885742,4.98,0.0,0
46974,-0.171,83.545,0.0,0.0,456.095,0.0,0.0,0.0,5.737,0,2.0,0.89,309.69,2.2434000000000003,34.65,35.35050582885742,4.98,0.0,0
46974,-0.171,83.545,0.0,0.0,456.15500000000003,0.0,0.0,0.0,5.737,0,0.0,0.835,309.69,-1.7485000000000002,35.04,35.35050582885742,4.98,0.0,0
46974,-0.341,83.545,0.0,0.0,455.853,0.0,0.0,0.0,5.737,0,0.0,0.895,309.825,0.2639,35.64,35.35050582885742,4.98,0.0,0
46974,-0.512,83.545,0.0,0.0,455.732,0.0,0.0,0.0,5.737,0,1.0,0.905,309.825,2.2764,35.79,35.35050582885742,4.98,0.0,0
46974,-0.171,83.545,0.0,0.0,456.034,0.0,0.0,0.0,5.737,0,2.0,0.87,309.915,5.6745,36.57,35.35050582885742,4.98,0.0,0
46974,-0.171,83.545,0.0,0.0,456.337,0.0,0.0,0.0,5.737,0,1.0,0.88,309.915,-4.024900000000001,37.47,35.35050582885742,4.98,0.0,0
46974,0.0,83.545,0.0,0.0,456.276,0.0,0.0,-0.2,5.737,0,0.0,0.88,309.825,0.0,37.38,35.35050582885742,4.98,0.0,0
46974,-0.171,83.545,0.0,0.0,456.458,0.0,0.0,0.0,5.737,0,0.0,0.905,309.825,2.4413,37.08,35.35050582885742,4.98,0.0,0
46974,-0.171,83.545,0.0,0.0,456.15500000000003,0.0,0.0,-0.2,5.737,0,2.0,0.875,309.825,-3.1672000000000002,36.99,35.35050582885742,4.98,0.0,0
46974,-0.171,83.545,0.0,0.0,455.43,0.0,0.0,0.0,5.737,0,0.0,0.895,309.915,0.9897,37.17,35.35050582885742,4.98,0.0,0
46974,0.0,83.545,0.0,0.0,455.853,0.0,0.0,0.0,5.737,0,1.0,0.89,309.915,3.9589000000000003,37.32,35.35050582885742,4.98,0.0,0
46974,-0.171,83.545,0.0,0.0,456.095,0.0,0.0,0.0,5.737,0,0.0,0.925,309.825,-1.5836000000000001,36.69,35.35050582885742,4.98,0.0,0
46974,-0.171,83.545,0.0,0.0,455.913,0.0,0.0,0.0,5.737,0,0.0,0.875,309.825,-3.563,36.0,35.35050582885742,4.98,0.0,0
46974,-0.171,83.545,0.0,0.0,455.732,0.0,0.0,0.0,5.737,0,0.0,0.85,309.825,2.4413,35.19,35.35050582885742,4.98,0.0,0
46974,0.171,83.545,0.0,0.0,455.551,0.0,0.0,0.0,5.737,0,0.0,0.93,309.825,-0.2639,34.95,35.35050582885742,4.98,0.0,0
46974,-0.171,83.545,0.0,0.0,455.732,0.0,0.0,-0.2,5.737,0,1.0,0.89,309.915,0.9897,35.52,35.35050582885742,4.98,0.0,0
46974,-0.171,83.545,0.0,0.0,456.216,0.0,0.0,0.0,5.737,0,0.0,0.935,309.825,1.0557,36.72,35.35050582885742,4.98,0.0,0
46974,-0.171,83.545,0.0,0.0,456.095,0.0,0.0,0.0,5.737,0,0.0,0.935,309.825,0.0,37.59,35.35050582885742,4.98,0.0,0
46974,-0.171,83.545,0.0,0.0,455.853,0.0,0.0,0.0,5.737,0,0.0,0.885,309.69,-4.3548,38.76,35.35050582885742,4.98,0.0,0
46974,-0.171,83.545,0.0,0.0,455.853,0.0,0.0,0.0,5.737,0,-1.0,0.92,309.825,-0.7918000000000001,38.82,35.35050582885742,4.98,0.0,0
46974,-0.171,83.545,0.0,0.0,455.853,0.0,0.0,0.0,5.737,0,1.0,0.885,309.825,0.9238000000000001,37.08,35.35050582885742,4.98,0.0,0
46974,-0.171,83.545,0.0,0.0,455.853,0.0,0.0,0.0,5.737,0,-1.0,0.885,309.825,0.9897,36.9,35.35050582885742,4.98,0.0,0
46974,-0.512,83.545,0.0,0.0,455.853,0.0,0.0,0.0,5.737,0,0.0,0.91,310.005,1.9217000000000002,36.57,35.35050582885742,4.98,0.0,0
46974,0.0,83.545,0.0,0.0,456.034,0.0,0.0,0.0,5.737,0,0.0,0.93,309.915,4.7342,36.93,35.35050582885742,4.98,0.0,0
46974,-0.171,83.545,0.0,0.0,456.095,0.0,0.0,0.0,5.737,0,0.0,0.925,309.825,-0.132,36.99,35.35050582885742,4.98,0.0,0
46974,-0.171,83.545,0.0,0.0,455.853,0.0,0.0,0.2,5.737,0,0.0,0.92,309.915,-5.1301000000000005,37.68,35.35050582885742,4.98,0.0,0
46974,-0.171,83.545,0.0,0.0,456.034,0.0,0.0,0.0,5.737,0,0.0,0.9,309.915,0.132,36.99,35.35050582885742,4.98,0.0,0
46974,-0.171,83.545,0.0,0.0,455.853,0.0,0.0,-0.2,5.737,0,1.0,0.875,309.825,-2.3094,35.64,35.35050582885742,4.98,0.0,0
46974,-0.171,83.545,0.0,0.0,455.732,0.0,0.0,0.0,5.737,0,1.0,0.905,309.825,-1.5176,34.92,35.35050582885742,4.98,0.0,0
46974,-0.171,83.545,0.0,0.0,455.369,0.0,0.0,0.0,5.737,0,0.0,0.87,309.825,0.0825,35.13,35.35050582885742,4.98,0.0,0
46974,-0.171,83.545,0.0,0.0,455.551,0.0,0.0,0.0,5.737,0,0.0,0.91,309.915,2.4661,36.45,35.35050582885742,4.98,0.0,0
46974,-0.171,83.545,0.0,0.0,455.732,0.0,0.0,0.0,5.737,0,0.0,0.91,309.825,0.7918000000000001,37.83,35.35050582885742,4.98,0.0,0
46974,-0.171,83.545,0.0,0.0,455.611,0.0,0.0,0.0,5.737,0,0.0,0.885,309.825,-1.8475000000000001,39.15,35.35050582885742,4.98,0.0,0
46974,-0.171,83.545,0.0,0.0,455.611,0.0,0.0,0.0,5.737,0,0.0,0.855,309.915,0.2639,39.15,35.35050582885742,4.98,0.0,0
46974,0.0,83.545,0.0,0.0,455.732,0.0,0.0,0.0,5.737,0,3.0,0.85,309.915,2.2269,38.25,35.35050582885742,4.98,0.0,0
46974,-0.341,83.545,0.0,0.0,455.853,0.0,0.0,0.0,5.737,0,1.0,0.87,309.825,-3.761,37.11,35.35050582885742,4.98,0.0,0
46974,0.0,83.545,0.0,0.0,456.034,0.0,0.0,0.0,5.737,0,0.0,0.87,309.825,-1.5176,36.18,35.35050582885742,4.98,0.0,0
46974,0.0,83.545,0.0,0.0,455.79200000000003,0.0,0.0,0.0,5.737,0,0.0,0.855,309.825,0.0825,36.24,35.35050582885742,4.98,0.0,0
46974,-0.341,83.545,0.0,0.0,455.611,0.0,0.0,0.0,5.737,0,0.0,0.965,309.825,-0.42060000000000003,36.660000000000004,35.35050582885742,4.98,0.0,0
46974,0.0,83.545,0.0,0.0,455.551,0.0,0.0,0.0,5.737,0,1.0,0.91,309.825,-0.066,36.78,35.35050582885742,4.98,0.0,0
46974,-0.171,83.545,0.0,0.0,455.43,0.0,0.0,0.0,5.737,0,0.0,0.9,309.825,0.5938,35.67,35.35050582885742,4.98,0.0,0
46974,-0.171,83.545,0.0,0.0,455.551,0.0,0.0,0.0,5.737,0,1.0,0.88,309.825,2.9692000000000003,34.800000000000004,35.35050582885742,4.98,0.0,0
46974,-0.171,83.545,0.0,0.0,456.034,0.0,0.0,0.2,5.737,0,0.0,0.895,309.915,1.3196,35.550000000000004,35.35050582885742,4.98,0.0,0
46974,-0.171,83.545,0.0,0.0,456.034,0.0,0.0,-0.2,5.737,0,2.0,0.85,309.69,-1.0310000000000001,36.75,35.35050582885742,4.98,0.0,0
46974,0.0,83.545,0.0,0.0,455.551,0.0,0.0,0.0,5.737,0,2.0,0.86,309.825,-4.7342,37.77,35.35050582885742,4.98,0.0,0
46974,-0.171,83.545,0.0,0.0,455.732,0.0,0.0,0.0,5.737,0,2.0,0.865,309.69,-0.6186,38.1,35.35050582885742,4.98,0.0,0
46974,0.0,83.545,0.0,0.0,455.853,0.0,0.0,0.0,5.737,0,3.0,0.88,309.69,2.1362,38.07,35.35050582885742,4.98,0.0,0
46974,-0.341,83.545,0.0,0.0,455.671,0.0,0.0,0.0,5.737,0,2.0,0.885,309.915,-0.0165,38.01,35.35050582885742,4.98,0.0,0
46974,-0.171,83.545,0.0,0.0,455.853,0.0,0.0,0.0,5.737,0,1.0,0.865,309.825,3.1672000000000002,37.230000000000004,35.35050582885742,4.98,0.0,0
46974,-0.171,83.545,0.0,0.0,455.853,0.0,0.0,0.0,5.737,0,3.0,0.93,309.825,3.1672000000000002,37.2,35.35050582885742,4.98,0.0,0
46974,0.0,83.545,0.0,0.0,455.79200000000003,0.0,0.0,0.0,5.737,0,1.0,0.87,309.915,1.9465000000000001,36.84,35.35050582885742,4.98,0.0,0
46974,-0.171,83.545,0.0,0.0,455.79200000000003,0.0,0.0,-0.2,5.737,0,1.0,0.895,309.915,1.0557,36.36,35.35050582885742,4.98,0.0,0
46974,0.0,83.545,0.0,0.0,455.853,0.0,0.0,0.0,5.737,0,2.0,0.9400000000000001,309.825,0.0,35.85,35.35050582885742,4.98,0.0,0
46974,0.0,83.545,0.0,0.0,456.034,0.0,0.0,0.0,5.737,0,1.0,0.865,309.915,-1.0557,35.67,35.35050582885742,4.98,0.0,0
46974,-0.171,83.545,0.0,0.0,455.974,0.0,0.0,0.0,5.737,0,2.0,0.885,309.915,-1.0557,34.89,35.35050582885742,4.98,0.0,0
46974,-0.171,83.545,0.0,0.0,455.913,0.0,0.0,0.0,5.737,0,0.0,0.88,310.005,1.7155,36.15,35.35050582885742,4.98,0.0,0
46974,0.0,83.545,0.0,0.0,455.853,0.0,0.0,0.0,5.737,0,0.0,0.86,309.915,-1.0557,36.45,35.35050582885742,4.98,0.0,0
46974,-0.171,83.545,0.0,0.0,455.79200000000003,0.0,0.0,0.0,5.737,0,0.0,0.855,309.825,-0.2639,37.050000000000004,35.35050582885742,4.98,0.0,0
46974,-0.171,83.545,0.0,0.0,455.913,0.0,0.0,-0.2,5.737,0,1.0,0.89,309.825,1.4516,37.68,35.35050582885742,4.98,0.0,0
46974,-0.171,83.545,0.0,0.0,456.034,0.0,0.0,0.0,5.737,0,0.0,0.87,309.915,1.5836000000000001,38.13,35.35050582885742,4.98,0.0,0
46974,0.0,83.545,0.0,0.0,455.79200000000003,0.0,0.0,0.0,5.737,0,2.0,0.9,309.825,-0.5279,37.95,35.35050582885742,4.98,0.0,0
46974,-0.171,83.545,0.0,0.0,455.79200000000003,0.0,0.0,0.0,5.737,0,-1.0,0.87,309.825,-0.7918000000000001,37.83,35.35050582885742,4.98,0.0,0
46974,0.0,83.545,0.0,0.0,455.551,0.0,0.0,0.0,5.737,0,0.0,0.9,309.825,-2.3094,38.1,35.35050582885742,4.98,0.0,0
46974,-0.171,83.545,0.0,0.0,455.611,0.0,0.0,0.0,5.737,0,0.0,0.91,309.825,-1.9795,37.5,35.35050582885742,4.98,0.0,0
46974,-0.171,83.545,0.0,0.0,455.43,0.0,0.0,0.0,5.737,0,2.0,0.87,309.825,0.0,36.03,35.35050582885742,4.98,0.0,0
46974,0.0,83.545,0.0,0.0,455.732,0.0,0.0,0.0,5.737,0,2.0,0.875,309.915,1.8475000000000001,35.61,35.35050582885742,4.98,0.0,0
46974,0.0,83.545,0.0,0.0,455.974,0.0,0.0,0.0,5.737,0,1.0,0.875,309.69,0.6268,34.89,35.35050582885742,4.98,0.0,0
46974,-0.171,83.545,0.0,0.0,455.79200000000003,0.0,0.0,0.0,5.737,0,2.0,0.855,309.915,0.132,35.43,35.35050582885742,4.98,0.0,0
46974,-0.171,83.545,0.0,0.0,455.611,0.0,0.0,0.0,5.737,0,1.0,0.895,309.825,0.3299,35.88,35.35050582885742,4.98,0.0,0
46974,-0.341,83.545,0.0,0.0,455.974,0.0,0.0,0.0,5.737,0,0.0,0.88,310.005,5.4106000000000005,36.72,35.35050582885742,4.98,0.0,0
46974,-0.171,83.545,0.0,0.0,455.974,0.0,0.0,0.0,5.737,0,0.0,0.86,309.825,-1.5176,37.32,35.35050582885742,4.98,0.0,0
46974,-0.171,83.545,0.0,0.0,455.853,0.0,0.0,-0.2,5.737,0,1.0,0.9,309.825,-0.2639,37.71,35.35050582885742,4.98,0.0,0
46974,-0.171,83.545,0.0,0.0,455.853,0.0,0.0,0.0,5.737,0,0.0,0.865,309.825,-1.9795,38.79,35.35050582885742,4.98,0.0,0
46974,0.0,83.545,0.0,0.0,455.611,0.0,0.0,0.0,5.737,0,3.0,0.865,309.915,0.5279,38.49,35.35050582885742,4.98,0.0,0
46974,-0.171,83.545,0.0,0.0,455.671,0.0,0.0,0.0,5.737,0,3.0,0.895,309.825,0.5279,37.92,35.35050582885742,4.98,0.0,0
46974,-0.171,83.545,0.0,0.0,455.369,0.0,0.0,0.0,5.737,0,0.0,0.895,309.915,1.0557,36.69,35.35050582885742,4.98,0.0,0
46974,-0.171,83.545,0.0,0.0,455.49,0.0,0.0,0.0,5.737,0,1.0,0.88,309.915,-1.0557,35.910000000000004,35.35050582885742,4.98,0.0,0
46974,-0.682,83.545,0.0,0.0,455.611,0.0,0.0,0.0,5.737,0,1.0,0.855,309.69,-2.3754,35.52,35.35050582885742,4.98,0.0,0
46974,-0.171,83.545,0.0,0.0,455.611,0.0,0.0,0.0,5.737,0,1.0,0.89,309.915,-0.2639,35.46,35.35050582885742,4.98,0.0,0
46974,-0.171,83.545,0.0,0.0,455.188,0.0,0.0,0.0,5.737,0,2.0,0.86,309.825,0.7918000000000001,35.22,35.35050582885742,4.98,0.0,0
46974,-0.171,83.545,0.0,0.0,455.188,0.0,0.0,0.0,5.737,0,1.0,0.87,309.915,1.7155,35.25,35.35050582885742,4.98,0.0,0
46974,-0.171,83.545,0.0,0.0,455.43,0.0,0.0,0.0,5.737,0,0.0,0.87,309.825,0.9650000000000001,35.46,35.35050582885742,4.98,0.0,0
46974,0.0,83.545,0.0,0.0,455.853,0.0,0.0,0.0,5.737,0,0.0,0.885,309.825,-0.3794,36.300000000000004,35.35050582885742,4.98,0.0,0
46974,-0.171,83.545,0.0,0.0,455.732,0.0,0.0,0.0,5.737,0,1.0,0.89,309.915,-0.0165,36.69,35.35050582885742,4.98,0.0,0
46974,-0.171,83.545,0.0,0.0,455.551,0.0,0.0,0.0,5.737,0,1.0,0.895,309.825,-0.5279,37.26,35.35050582885742,4.98,0.0,0
46974,-0.171,83.545,0.0,0.0,455.732,0.0,0.0,0.0,5.737,0,1.0,0.88,309.915,1.5836000000000001,37.26,35.35050582885742,4.98,0.0,0
46974,-0.171,83.545,0.0,0.0,455.551,0.0,0.0,0.0,5.737,0,0.0,0.84,309.915,-1.5836000000000001,37.77,35.35050582885742,4.98,0.0,0
46974,0.0,83.545,0.0,0.0,455.732,0.0,0.0,0.0,5.737,0,0.0,0.875,309.915,0.5114000000000001,37.14,35.35050582885742,4.98,0.0,0
46974,0.0,83.545,0.0,0.0,456.216,0.0,0.0,0.0,5.737,0,0.0,0.86,309.915,-3.2331000000000003,36.57,35.35050582885742,4.98,0.0,0
46974,-0.171,83.545,0.0,0.0,456.276,0.0,0.0,0.0,5.737,0,0.0,0.865,309.825,-0.5938,36.15,35.35050582885742,4.98,0.0,0
46974,-0.171,83.545,0.0,0.0,455.671,0.0,0.0,0.0,5.737,0,0.0,0.885,309.825,1.4021000000000001,35.37,35.35050582885742,4.98,0.0,0
46974,-0.171,83.545,0.0,0.0,455.671,0.0,0.0,0.0,5.737,0,0.0,0.86,309.915,-2.4826,35.13,35.35050582885742,4.98,0.0,0
46974,-0.171,83.545,0.0,0.0,455.732,0.0,0.0,0.0,5.737,0,2.0,0.87,309.915,-1.732,34.35,35.35050582885742,4.98,0.0,0
46974,0.0,83.545,0.0,0.0,455.671,0.0,0.0,-0.2,5.737,0,1.0,0.87,309.825,1.732,33.9,35.35050582885742,4.98,0.0,0
46974,-0.341,83.545,0.0,0.0,456.034,0.0,0.0,0.0,5.737,0,0.0,0.84,309.825,1.5341,35.22,35.35050582885742,4.98,0.0,0
46974,-0.341,83.545,0.0,0.0,456.034,0.0,0.0,0.0,5.737,0,1.0,0.91,309.825,-1.8475000000000001,36.45,35.35050582885742,4.98,0.0,0
46974,-0.171,83.545,0.0,0.0,455.853,0.0,0.0,0.0,5.737,0,2.0,0.855,309.825,-0.2639,38.04,35.35050582885742,4.98,0.0,0
46974,-0.171,83.545,0.0,0.0,455.43,0.0,0.0,0.0,5.737,0,0.0,0.89,309.825,1.3196,37.92,35.35050582885742,4.98,0.0,0
46974,0.0,83.545,0.0,0.0,455.732,0.0,0.0,0.0,5.737,0,0.0,0.86,309.915,-0.8083,37.02,35.35050582885742,4.98,0.0,0
46974,-0.171,83.545,0.0,0.0,455.732,0.0,0.0,0.0,5.737,0,0.0,0.855,309.915,-0.5938,36.93,35.35050582885742,4.98,0.0,0
46974,0.0,83.545,0.0,0.0,455.913,0.0,0.0,-0.2,5.737,0,0.0,0.88,309.915,1.3196,36.69,35.35050582885742,4.98,0.0,0
46974,0.0,83.545,0.0,0.0,455.853,0.0,0.0,0.0,5.737,0,2.0,0.895,309.825,-2.3754,36.63,35.35050582885742,4.98,0.0,0
46974,-0.171,83.545,0.0,0.0,455.913,0.0,0.0,0.0,5.737,0,1.0,0.875,309.825,-3.0352,36.45,35.35050582885742,4.98,0.0,0
46974,-0.171,83.545,0.0,0.0,456.337,0.0,0.0,0.0,5.737,0,3.0,0.915,309.825,0.5938,35.79,35.35050582885742,4.98,0.0,0
46974,-0.171,83.545,0.0,0.0,456.276,0.0,0.0,0.0,5.737,0,0.0,0.87,309.825,0.6598,35.31,35.35050582885742,4.98,0.0,0
46974,-0.171,83.545,0.0,0.0,456.15500000000003,0.0,0.0,0.0,5.737,0,0.0,0.885,309.69,1.4186,34.800000000000004,35.35050582885742,4.98,0.0,0
46974,-0.341,83.545,0.0,0.0,455.79200000000003,0.0,0.0,0.0,5.737,0,2.0,0.88,309.69,-2.3754,34.71,35.35050582885742,4.98,0.0,0
46974,-0.171,83.545,0.0,0.0,455.913,0.0,0.0,-0.2,5.737,0,1.0,0.875,309.915,1.5176,34.26,35.35050582885742,4.98,0.0,0
46974,-0.171,83.545,0.0,0.0,455.853,0.0,0.0,0.0,5.737,0,0.0,0.865,309.825,3.6950000000000003,35.550000000000004,35.35050582885742,4.98,0.0,0
46974,-0.171,83.545,0.0,0.0,455.853,0.0,0.0,0.0,5.737,0,1.0,0.875,309.69,-1.5836000000000001,36.75,35.35050582885742,4.98,0.0,0
46974,-0.171,83.545,0.0,0.0,455.853,0.0,0.0,0.0,5.737,0,1.0,0.9,309.825,-1.7155,38.01,35.35050582885742,4.98,0.0,0
46974,-0.171,83.545,0.0,0.0,455.853,0.0,0.0,0.0,5.737,0,0.0,0.89,309.825,2.3754,37.77,35.35050582885742,4.98,0.0,0
46974,-0.171,83.545,0.0,0.0,455.853,0.0,0.0,0.2,5.737,0,2.0,0.92,309.825,2.3754,36.96,35.35050582885742,4.98,0.0,0
46974,0.0,83.545,0.0,0.0,455.853,0.0,0.0,0.0,5.737,0,2.0,0.91,309.915,2.8372,36.45,35.35050582885742,4.98,0.0,0
46974,-0.171,83.545,0.0,0.0,455.79200000000003,0.0,0.0,0.0,5.737,0,1.0,0.895,310.005,4.7507,36.480000000000004,35.35050582885742,4.98,0.0,0
46974,-0.171,83.545,0.0,0.0,455.551,0.0,0.0,0.0,5.737,0,0.0,0.91,309.825,-0.5279,35.61,35.35050582885742,4.98,0.0,0
46974,0.0,83.545,0.0,0.0,455.611,0.0,0.0,0.0,5.737,0,1.0,0.87,309.915,-0.9238000000000001,35.28,35.35050582885742,4.98,0.0,0
46974,-0.171,83.545,0.0,0.0,455.551,0.0,0.0,21.900000000000002,5.737,0,0.0,0.895,309.915,2.4413,34.59,35.35050582885742,5.039000000000001,0.0,0
46974,0.0,83.545,0.0,0.0,455.248,0.0004,0.1,105.0,5.737,0,0.0,0.97,309.915,2.1114,34.47,0.0,5.664000000000001,0.0,0
46974,0.0,83.545,0.0,0.0,455.43,0.0016,0.2,221.5,5.737,0,0.0,0.905,309.825,-2.0455,33.36,0.0,7.344,0.0,0
46974,-0.853,83.545,0.0,0.0,456.76,0.0074,0.8,337.7,5.732,0,0.0,1.145,309.825,-1.3196,32.61,0.0,10.215,0.0,0
46974,-0.512,83.545,0.0,0.0,456.76,0.0085,1.1,348.90000000000003,5.732,0,0.0,0.895,309.825,-1.1712,32.4,0.0,10.566,0.0,0
46974,-0.682,83.545,0.0,0.0,454.219,0.0275,2.6,431.0,5.732,0,0.0,1.145,309.915,2.2434000000000003,30.63,0.0,14.531,0.0,0
46974,-1.0230000000000001,83.545,0.0,0.0,439.7,0.0678,5.9,461.8,5.737,0,3.0,0.77,309.915,2.7548,29.88,0.0,19.063000000000002,0.0,0
46974,-1.0230000000000001,83.545,0.0,0.0,392.269,0.1374,8.200000000000001,451.90000000000003,5.737,0,-1.0,0.715,309.825,0.7918000000000001,30.21,0.0,23.633000000000003,0.0,0
46974,-1.5350000000000001,83.545,0.0,0.0,341.814,0.2462,11.700000000000001,418.5,5.737,0,8.0,0.8150000000000001,310.005,1.0392000000000001,32.160000000000004,0.0,27.988000000000003,0.0,0
46974,-1.5350000000000001,83.545,0.0,0.0,243.202,0.386,16.0,357.3,5.737,0,1.0,0.505,309.915,1.4516,34.86,0.0,31.855,0.0,0
46974,-1.705,83.545,-0.5,0.0,176.776,0.5405,16.5,277.40000000000003,5.737,0,0.0,0.33,310.005,-0.4289,37.56,0.0,35.0,0.0,0
46974,-1.5350000000000001,83.545,0.0,0.0,95.587,0.6775,13.4,189.4,5.737,0,1.0,0.105,309.915,2.3094,38.67,0.0,37.285000000000004,0.0,0
46974,-2.387,83.545,0.0,0.0,55.476,0.7765000000000001,8.0,109.30000000000001,5.737,0,0.0,-0.045,309.825,1.798,38.37,0.0,38.730000000000004,0.0,0
46974,-2.0460000000000003,83.545,0.0,0.0,24.26,0.8293,4.8,46.300000000000004,5.742,0,0.0,0.02,310.005,-1.9465000000000001,36.72,0.0,39.453,0.0,0
46974,-1.8760000000000001,83.545,0.0,0.0,17.0,0.8487,1.7000000000000002,9.6,5.742,0,0.0,-0.01,309.915,0.5279,35.07,0.0,39.688,0.0,0
46975,-1.705,83.545,0.0,0.0,14.096,0.8519,0.0,4.1000000000000005,5.742,0,0.0,0.0,309.915,-0.2474,34.17,0.0,39.727000000000004,0.0,0
46975,-1.705,83.545,0.0,0.0,13.673,0.8631000000000001,3.2,21.3,5.742,0,0.0,-0.05,310.005,-0.6598,32.82,0.0,39.863,0.0,0
46975,-1.8760000000000001,83.545,0.0,0.0,11.737,0.8922,3.3000000000000003,50.6,5.742,0,0.0,-0.015,310.005,1.7155,32.67,0.0,40.215,0.0,0
46975,-1.5350000000000001,83.545,0.0,0.0,7.32,0.9485,6.4,80.60000000000001,5.742,0,0.0,-0.06,309.915,-0.6598,33.81,0.0,40.898,0.0,0
46975,-1.8760000000000001,83.545,0.0,0.0,-1.875,1.0242,8.0,100.9,5.742,0,0.0,-0.06,310.005,1.0392000000000001,35.7,0.0,41.816,0.0,0
46975,-1.5350000000000001,83.545,0.0,0.0,-4.84,1.1255,9.6,102.5,5.742,0,0.0,-0.135,310.005,0.39590000000000003,37.38,0.0,42.852000000000004,0.0,0
46975,-2.0460000000000003,83.545,0.0,0.0,-4.477,1.2252,9.6,100.4,5.742,0,1.0,-0.06,310.005,0.0,37.5,0.0,43.867000000000004,0.0,0
46975,-1.5350000000000001,83.545,0.0,0.0,-4.174,1.33,11.200000000000001,100.4,5.742,0,0.0,-0.06,310.005,0.5279,37.38,0.0,44.863,0.0,0
46975,-1.705,83.545,0.0,0.0,-3.751,1.4452,11.200000000000001,99.7,5.742,0,0.0,-0.05,310.005,1.3032000000000001,36.72,0.0,45.859,0.0,0
46975,-1.5350000000000001,83.545,0.0,0.0,-3.811,1.5628,11.3,100.10000000000001,5.742,0,0.0,-0.08,310.005,-0.2639,35.76,0.0,46.875,0.0,0
46975,-1.5350000000000001,83.545,0.0,0.0,-3.448,1.6936,13.3,99.9,5.742,0,0.0,-0.135,310.005,2.8207,34.92,0.0,47.871,0.0,0
46975,-1.5350000000000001,83.545,0.0,0.0,-3.448,1.7068,13.200000000000001,100.4,5.742,0,0.0,-0.1,310.005,2.2434000000000003,34.83,0.0,47.969,0.0,0
46975,-1.705,83.545,0.0,0.0,-3.509,1.8416000000000001,13.3,99.7,5.742,0,0.0,-0.07,310.005,1.5836000000000001,35.34,0.0,48.965,0.0,0
46975,-1.194,83.545,0.0,0.0,-3.025,1.9819,15.3,100.10000000000001,5.742,0,0.0,-0.045,310.14000000000004,-0.5279,35.7,0.0,49.961000000000006,0.0,0
46975,-1.5350000000000001,83.545,0.0,0.0,-2.904,2.1413,15.4,100.10000000000001,5.742,0,0.0,-0.085,310.14000000000004,1.2207000000000001,35.76,0.0,50.977000000000004,0.0,0
46975,-1.364,83.545,0.0,0.0,-3.025,2.2975000000000003,15.4,100.10000000000001,5.742,0,0.0,-0.07,310.14000000000004,4.3548,35.43,0.0,51.973,0.0,0
46975,-1.364,83.545,0.0,0.0,-3.327,2.4690000000000003,17.7,100.10000000000001,5.742,0,0.0,-0.06,310.14000000000004,1.5836000000000001,35.58,0.0,52.969,0.0,0
46975,-1.364,83.545,0.0,0.0,-3.267,2.6487000000000003,17.7,99.9,5.742,0,0.0,-0.045,310.14000000000004,0.0,35.46,0.0,53.965,0.0,0
46975,-1.0230000000000001,83.545,0.0,0.0,-3.267,2.8329,22.1,99.9,5.742,0,-1.0,-0.045,310.005,-1.4846000000000001,35.76,0.0,54.980000000000004,0.0,0
46975,-1.5350000000000001,83.545,-0.5,0.0,-3.025,3.0385,20.2,100.10000000000001,5.742,0,0.0,-0.1,310.005,-1.9795,36.33,0.0,55.977000000000004,0.0,0
46975,-1.364,83.545,0.0,0.0,-3.025,3.2439,20.2,99.9,5.742,0,0.0,-0.085,310.005,-1.4846000000000001,36.75,0.0,56.973000000000006,0.0,0
46975,-1.5350000000000001,83.545,0.0,0.0,-3.267,3.4607,23.0,100.10000000000001,5.742,0,0.0,-0.085,310.005,-1.9795,37.32,0.0,57.969,0.0,0
46975,-1.364,83.545,0.0,0.0,-3.267,3.6939,23.0,100.10000000000001,5.742,0,0.0,-0.065,310.005,1.5836000000000001,37.71,0.0,58.965,0.0,0
46975,-1.194,83.545,0.0,0.0,-3.448,3.9316,22.8,100.10000000000001,5.742,0,0.0,-0.095,309.915,-2.2434000000000003,37.26,0.0,59.980000000000004,0.0,0
46975,-1.5350000000000001,83.545,0.0,0.0,-3.448,4.189,25.900000000000002,99.7,5.742,0,0.0,-0.09,310.005,-1.3196,36.72,0.0,60.977000000000004,0.0,0
46975,-1.0230000000000001,83.545,0.0,0.0,-2.965,4.4523,25.900000000000002,100.10000000000001,5.742,0,0.0,-0.035,310.005,2.3754,35.79,0.0,61.973000000000006,0.0,0
46975,-1.5350000000000001,83.545,0.0,0.0,-2.965,4.7211,29.1,99.7,5.742,0,0.0,-0.08,310.005,-0.066,35.07,0.0,62.969,0.0,0
46975,-1.194,83.545,0.0,0.0,-3.267,5.022200000000001,34.7,100.4,5.742,0,0.0,-0.06,310.005,-1.3196,35.31,0.0,63.984,0.0,0
46975,-1.5350000000000001,83.545,0.0,0.0,-3.086,5.3178,28.8,99.9,5.742,0,0.0,-0.11,310.005,2.3754,35.49,0.0,64.98,0.0,0
46975,-1.364,83.545,0.0,0.0,-2.662,5.6328000000000005,32.4,100.4,5.742,0,0.0,-0.07,310.005,2.3754,35.76,0.0,65.977,0.0,0
46975,-1.364,83.545,0.0,0.0,-3.086,5.9629,32.5,100.4,5.742,0,0.0,-0.125,309.915,-2.5733,36.87,0.0,66.973,0.0,0
46975,-1.194,83.545,0.0,0.0,-3.267,6.2929,32.4,100.10000000000001,5.742,0,0.0,-0.065,310.005,-2.7713,37.71,0.0,67.96900000000001,0.0,0
46975,-1.5350000000000001,83.545,0.0,0.0,-3.207,6.6641,35.7,100.10000000000001,5.742,0,0.0,-0.125,310.005,1.8475000000000001,37.32,0.0,68.98400000000001,0.0,0
46975,-1.194,83.545,-0.5,0.0,-2.844,7.0309,35.7,99.9,5.742,0,0.0,-0.035,309.915,2.6393,37.14,0.0,69.98,0.0,0
46975,-1.5350000000000001,83.545,0.0,0.0,-2.42,7.4104,39.9,99.9,5.742,0,0.0,-0.02,310.005,-0.5279,36.81,0.0,70.977,0.0,0
46975,-0.853,83.545,0.0,0.0,-2.844,7.8161000000000005,39.9,99.9,5.742,0,0.0,-0.095,309.915,-3.6950000000000003,37.230000000000004,0.0,71.973,0.0,0
46975,-1.364,83.545,0.0,0.0,-3.025,8.2296,47.6,99.9,5.742,0,0.0,-0.04,310.005,-1.9135000000000002,37.65,0.0,72.988,0.0,0
46975,-1.194,83.545,0.0,0.0,-3.146,8.6644,43.5,100.4,5.742,0,0.0,-0.07,310.14000000000004,3.8270000000000004,36.51,0.0,73.98400000000001,0.0,0
46975,-1.0230000000000001,83.545,0.0,0.0,-3.146,9.1114,43.6,99.9,5.742,0,0.0,-0.095,310.14000000000004,6.4333,35.22,0.0,74.98,0.0,0
46975,-1.364,83.545,0.0,0.0,-3.146,9.1554,44.0,100.10000000000001,5.742,0,0.0,-0.065,310.14000000000004,6.359100000000001,35.07,0.0,75.078,0.0,0
46975,-1.0230000000000001,83.545,0.0,0.0,-2.904,9.6098,47.7,100.10000000000001,5.742,0,0.0,-0.06,309.915,0.28040000000000004,34.2,0.0,76.074,0.0,0
46975,-1.194,83.545,-0.5,0.0,-3.086,10.1,47.7,99.9,5.742,0,0.0,-0.11,310.005,-3.2744,34.08,0.0,77.07000000000001,0.0,0
46975,-1.0230000000000001,83.545,0.0,0.0,-2.783,10.600100000000001,48.300000000000004,100.4,5.742,0,0.0,-0.08,310.005,-3.7363000000000004,35.1,0.0,78.086,0.0,0
46975,-1.364,83.545,0.5,0.0,-2.783,11.1158,52.7,100.4,5.742,0,0.0,-0.035,310.14000000000004,4.2641,36.75,0.0,79.08200000000001,0.0,0
46975,-1.194,83.545,0.0,0.0,-2.42,11.6515,52.7,99.9,5.742,0,0.0,-0.075,310.14000000000004,0.767,37.71,0.0,80.078,0.0,0
46975,-1.364,83.545,0.0,0.0,-2.602,12.187100000000001,52.2,100.10000000000001,5.742,0,0.0,-0.105,310.14000000000004,0.899,37.65,0.0,81.074,0.0,0
46975,-1.194,83.545,0.0,0.0,-2.42,12.7787,68.5,100.10000000000001,5.742,0,0.0,-0.09,310.14000000000004,0.46190000000000003,37.2,0.0,82.09,0.0,0
46975,-1.194,83.545,0.0,0.0,-2.42,13.3617,57.400000000000006,99.9,5.742,0,0.0,-0.08,310.14000000000004,-0.0247,36.99,0.0,83.086,0.0,0
46975,-1.194,83.545,0.0,0.0,-2.602,13.960600000000001,62.2,100.10000000000001,5.742,0,0.0,-0.09,310.005,-3.4723,37.56,0.0,84.08200000000001,0.0,0
46975,-1.194,83.545,0.5,0.0,-3.025,14.593100000000002,62.300000000000004,100.10000000000001,5.742,0,0.0,-0.105,310.005,-1.7815,36.99,0.0,85.078,0.0,0
46975,-1.194,83.545,0.0,0.0,-2.965,15.2255,61.6,100.4,5.742,0,0.0,-0.09,310.14000000000004,-0.2639,37.050000000000004,0.0,86.074,0.0,0
46975,-1.0230000000000001,83.545,0.0,0.0,-2.602,15.907,67.3,99.7,5.742,0,-1.0,-0.135,310.14000000000004,2.2681,36.39,0.0,87.09,0.0,0
46975,-1.0230000000000001,83.545,0.0,0.0,-2.904,16.590600000000002,67.3,100.4,5.742,0,0.0,-0.08,310.005,4.7507,36.12,0.0,88.086,0.0,0
46975,-1.0230000000000001,83.545,-0.5,0.0,-2.904,17.2785,71.60000000000001,99.9,5.742,0,0.0,-0.105,310.005,-3.1672000000000002,35.25,0.0,89.08200000000001,0.0,0
46975,-1.0230000000000001,83.545,0.0,0.0,-2.783,18.015,72.5,99.7,5.742,0,0.0,-0.055,310.14000000000004,-4.9487000000000005,34.92,0.0,90.078,0.0,0
46975,-1.5350000000000001,83.545,0.0,0.0,-2.783,18.7515,71.7,100.10000000000001,5.742,0,0.0,-0.085,310.14000000000004,2.7713,35.34,0.0,91.074,0.0,0
46975,-1.194,83.545,-0.5,0.0,-3.207,19.5284,77.8,100.4,5.742,0,0.0,-0.04,310.005,2.9692000000000003,36.63,0.0,92.09,0.0,0
46975,-1.0230000000000001,83.545,0.0,0.0,-3.327,20.3195,77.9,99.9,5.742,0,0.0,-0.075,310.005,-2.9692000000000003,37.86,0.0,93.086,0.0,0
46975,-0.853,83.545,-0.5,0.0,-3.146,21.110500000000002,77.8,100.10000000000001,5.742,0,0.0,-0.005,310.005,-4.726,38.28,0.0,94.08200000000001,0.0,0
46975,-1.0230000000000001,83.545,0.0,0.0,-3.086,21.948500000000003,83.3,99.4,5.742,0,0.0,-0.1,309.915,-2.0702000000000003,37.89,0.0,95.078,0.0,0
46975,-1.0230000000000001,83.545,-0.5,0.0,-2.844,22.8125,99.5,100.4,5.742,0,0.0,-0.09,310.005,3.3651,38.1,0.0,96.09400000000001,0.0,0
46975,-1.364,83.545,0.0,0.0,-2.783,23.672600000000003,88.9,100.10000000000001,5.742,0,0.0,-0.035,310.005,1.2537,37.29,0.0,97.09,0.0,0
46975,-0.853,83.545,0.0,0.0,-2.54,24.576900000000002,89.0,100.10000000000001,5.742,0,0.0,-0.035,310.14000000000004,3.3898,36.96,0.0,98.086,0.0,0
46975,-0.682,83.545,-0.5,0.0,-2.662,25.4811,89.0,100.10000000000001,5.742,0,0.0,-0.03,310.005,1.2124000000000001,36.33,0.0,99.08200000000001,0.0,0
46975,-1.0230000000000001,83.545,0.5,0.0,-2.602,26.4203,94.7,99.9,5.742,0,0.0,-0.155,310.005,2.3094,35.85,0.0,100.078,0.0,0
46975,-1.0230000000000001,83.545,0.5,0.0,-2.783,27.4023,94.7,100.4,5.742,0,0.0,-0.12,309.915,-5.2374,35.43,0.0,101.09400000000001,0.0,0
46975,-1.194,83.545,0.0,0.0,-2.662,28.365000000000002,94.7,100.10000000000001,5.742,0,0.0,-0.12,310.005,-3.1012,35.49,0.0,102.09,0.0,0
46975,-0.853,83.545,-0.5,0.0,-2.48,29.386300000000002,100.5,99.7,5.742,0,0.0,-0.105,310.005,2.7465,35.76,0.0,103.086,0.0,0
46975,-1.0230000000000001,83.545,-0.5,0.0,-2.602,30.4084,100.60000000000001,99.9,5.742,0,0.0,-0.14,310.005,3.4146,36.39,0.0,104.08200000000001,0.0,0
46975,-1.194,83.545,-0.5,0.0,-2.844,31.4737,128.20000000000002,99.7,5.742,0,0.0,-0.12,310.14000000000004,2.3506,37.32,0.0,105.098,0.0,0
46975,-1.194,83.545,0.0,0.0,-2.844,31.5791,105.4,100.10000000000001,5.742,0,0.0,-0.125,310.14000000000004,2.3754,37.5,0.0,105.19500000000001,0.0,0
46975,-1.0230000000000001,83.545,0.0,0.0,-2.965,32.661300000000004,105.4,99.9,5.742,0,0.0,-0.165,310.005,-1.5836000000000001,38.25,0.0,106.191,0.0,0
46975,-0.853,83.545,0.0,0.0,-3.025,33.7445,106.4,99.9,5.742,0,0.0,-0.095,310.14000000000004,-0.39590000000000003,38.34,0.0,107.188,0.0,0
46975,-1.5350000000000001,83.545,0.5,0.0,-3.086,34.8781,112.4,99.9,5.742,0,0.0,-0.085,310.005,0.6268,38.67,0.0,108.18400000000001,0.0,0
46975,-1.0230000000000001,83.545,0.0,0.0,-2.662,36.0428,134.20000000000002,99.4,5.742,0,0.0,-0.095,310.14000000000004,2.2434000000000003,37.56,0.0,109.19900000000001,0.0,0
46975,-1.194,83.545,-0.5,0.0,-2.783,37.2001,117.2,100.4,5.742,0,0.0,-0.06,310.005,-0.6928000000000001,36.300000000000004,0.0,110.19500000000001,0.0,0
46975,-0.853,83.545,0.0,0.0,-2.844,38.4043,117.30000000000001,100.4,5.742,0,0.0,-0.105,310.005,-1.1877,36.18,0.0,111.191,0.0,0
46975,-1.0230000000000001,83.545,0.0,0.0,-2.42,39.6096,118.5,99.4,5.742,0,0.0,-0.09,310.005,-1.4846000000000001,35.730000000000004,0.0,112.188,0.0,0
46975,-1.194,83.545,0.0,0.0,-2.48,40.8509,124.5,100.10000000000001,5.742,0,0.0,-0.11,310.005,1.9795,35.58,0.0,113.18400000000001,0.0,0
46975,-0.853,83.545,0.0,0.0,-2.48,42.1405,148.70000000000002,99.9,5.742,0,0.0,-0.09,310.005,2.3754,35.49,0.0,114.19900000000001,0.0,0
46975,-0.853,83.545,0.5,0.0,-2.48,43.406,123.30000000000001,100.4,5.742,0,0.0,-0.115,310.005,-2.9032,35.07,0.0,115.19500000000001,0.0,0
46975,-1.0230000000000001,83.545,0.0,0.0,-2.602,44.7325,129.20000000000002,99.9,5.742,0,0.0,-0.09,310.14000000000004,-1.6826,34.83,0.0,116.191,0.0,0
46975,-1.0230000000000001,83.545,0.5,0.0,-2.602,46.0608,130.6,100.10000000000001,5.742,0,0.0,-0.095,310.005,2.2434000000000003,36.09,0.0,117.188,0.0,0
46975,-1.0230000000000001,83.545,0.0,0.0,-2.602,46.190000000000005,129.20000000000002,99.9,5.742,0,0.0,-0.11,310.005,2.3094,36.18,0.0,117.28500000000001,0.0,0
46975,-1.0230000000000001,83.545,0.0,0.0,-2.602,47.573,163.0,99.9,5.742,0,0.0,-0.065,310.14000000000004,2.3506,37.65,0.0,118.301,0.0,0
46975,-1.194,83.545,-0.5,0.0,-2.783,48.9611,136.5,100.4,5.742,0,0.0,-0.14,310.14000000000004,-1.5836000000000001,38.7,0.0,119.29700000000001,0.0,0
46975,-0.853,83.545,0.0,0.0,-2.723,50.3492,136.6,99.9,5.742,0,0.0,-0.08,310.14000000000004,1.2289,38.64,0.0,120.293,0.0,0
46975,-1.0230000000000001,83.545,0.0,0.0,-2.904,51.789100000000005,142.6,99.7,5.742,0,0.0,-0.115,310.005,-2.1527000000000003,37.230000000000004,0.0,121.289,0.0,0
46975,-0.853,83.545,0.0,0.0,-2.602,53.238,141.1,99.9,5.742,0,0.0,-0.09,310.005,-4.2229,36.81,0.0,122.28500000000001,0.0,0
46975,-1.0230000000000001,83.545,0.0,0.0,-2.723,54.7305,148.5,100.10000000000001,5.742,0,0.0,-0.09,310.005,0.42060000000000003,36.54,0.0,123.301,0.0,0
46975,-1.194,83.545,0.0,0.0,-2.602,56.239700000000006,148.5,100.10000000000001,5.742,0,0.0,-0.105,310.005,1.5011,35.85,0.0,124.29700000000001,0.0,0
46975,-0.853,83.545,0.0,0.0,-2.602,57.7488,148.5,100.4,5.742,0,0.0,-0.105,310.005,-3.3651,35.85,0.0,125.293,0.0,0
46975,-1.194,83.545,0.0,0.0,-2.783,59.2943,154.4,100.10000000000001,5.742,0,0.0,-0.125,310.005,2.3094,36.03,0.0,126.289,0.0,0
46975,-1.0230000000000001,83.545,0.0,0.0,-2.723,60.894400000000005,184.3,100.10000000000001,5.742,0,0.0,-0.08,310.14000000000004,1.2289,35.46,0.0,127.305,0.0,0
46975,-1.0230000000000001,83.545,0.0,0.0,-3.146,62.463,154.3,100.10000000000001,5.742,0,0.0,-0.15,310.14000000000004,0.43710000000000004,34.74,0.0,128.30100000000002,0.0,0
46975,-0.853,83.545,0.0,0.0,-3.146,64.0901,160.1,100.4,5.742,0,0.0,-0.135,310.14000000000004,0.767,35.07,0.0,129.297,0.0,0
46975,-1.194,83.545,0.0,0.0,-2.662,65.71730000000001,160.1,99.9,5.742,0,0.0,-0.115,310.14000000000004,0.767,35.82,0.0,130.293,0.0,0
46975,-0.853,83.545,0.0,0.0,-2.602,67.3656,165.8,100.10000000000001,5.742,0,0.0,-0.12,310.005,-2.0207,37.02,0.0,131.28900000000002,0.0,0
46975,-1.194,83.545,0.0,0.0,-2.662,69.0839,197.8,100.4,5.742,0,0.0,-0.09,310.005,-2.9197,37.56,0.0,132.305,0.0,0
46975,-0.853,83.545,0.0,0.0,-2.723,70.7685,165.8,99.9,5.742,0,0.0,-0.08,310.005,-1.8887,38.1,0.0,133.30100000000002,0.0,0
46975,-0.853,83.545,0.0,0.0,-2.844,72.4955,171.20000000000002,100.10000000000001,5.742,0,0.0,-0.125,309.915,0.8743000000000001,37.800000000000004,0.0,134.297,0.0,0
46975,-0.853,83.545,0.0,0.0,-2.844,74.23610000000001,171.3,100.10000000000001,5.742,0,0.0,-0.11,310.005,2.7713,36.9,0.0,135.293,0.0,0
46975,-1.0230000000000001,83.545,-0.5,0.0,-2.602,75.9837,176.70000000000002,100.4,5.742,0,0.0,-0.115,310.005,-1.3196,36.15,0.0,136.28900000000002,0.0,0
46975,-1.0230000000000001,83.545,0.0,0.0,-2.662,77.81490000000001,176.6,100.7,5.742,0,0.0,-0.13,310.14000000000004,-1.6908,35.79,0.0,137.305,0.0,0
46975,-0.853,83.545,0.0,0.0,-2.602,79.6101,176.6,99.9,5.742,0,0.0,-0.06,310.005,0.9897,35.58,0.0,138.30100000000002,0.0,0
46975,-1.0230000000000001,83.545,0.0,0.0,-2.602,79.78490000000001,174.8,100.10000000000001,5.742,0,0.0,-0.065,310.005,0.9238000000000001,35.550000000000004,0.0,138.398,0.0,0
46975,-0.853,83.545,-0.5,0.0,-2.359,81.61460000000001,181.9,99.9,5.742,0,0.0,-0.125,310.14000000000004,1.7485000000000002,35.61,0.0,139.395,0.0,0
46975,-0.853,83.545,0.0,0.0,-2.238,83.4627,181.8,99.9,5.742,0,0.0,-0.095,310.14000000000004,-0.132,35.76,0.0,140.39100000000002,0.0,0
46975,-0.853,83.545,0.0,0.0,-2.299,85.3464,180.3,100.4,5.742,0,0.0,-0.105,310.005,1.3196,35.43,0.0,141.406,0.0,0
46975,-0.682,83.545,0.0,0.0,-2.662,87.2458,185.0,100.10000000000001,5.742,0,0.0,-0.14,310.005,-1.9795,35.64,0.0,142.40200000000002,0.0,0
46975,-1.0230000000000001,83.545,-0.5,0.0,-2.783,89.1452,185.0,100.10000000000001,5.742,0,0.0,-0.095,310.14000000000004,-1.0557,36.15,0.0,143.398,0.0,0
46975,-1.0230000000000001,83.545,0.0,0.0,-2.783,91.065,191.8,99.9,5.742,0,0.0,-0.095,310.005,1.4516,36.39,0.0,144.395,0.0,0
46975,-0.853,83.545,0.0,0.0,-2.42,93.05080000000001,228.9,99.4,5.742,0,0.0,-0.08,310.005,3.1672000000000002,37.14,0.0,145.41,0.0,0
46975,-0.853,83.545,0.0,0.0,-2.48,94.9995,189.8,99.9,5.742,0,0.0,-0.085,309.915,-2.2434000000000003,37.02,0.0,146.406,0.0,0
46975,-0.853,83.545,0.5,0.0,-2.783,96.98440000000001,194.4,99.9,5.742,0,0.0,-0.095,310.005,0.2639,37.26,0.0,147.40200000000002,0.0,0
46975,-0.853,83.545,-0.5,0.0,-2.904,98.9805,194.4,100.4,5.742,0,0.0,-0.08,310.005,-2.1114,36.93,0.0,148.398,0.0,0
46975,-0.341,83.545,-0.5,0.0,-3.086,100.9846,200.8,100.4,5.742,0,0.0,-0.09,310.005,-0.5938,37.29,0.0,149.395,0.0,0
46975,-1.0230000000000001,83.545,0.0,0.0,-2.783,103.0648,198.8,99.9,5.742,0,0.0,-0.115,310.005,0.6598,36.75,0.0,150.41,0.0,0
46975,-0.853,83.545,-0.5,0.0,-2.602,105.10610000000001,198.8,100.10000000000001,5.742,0,0.0,-0.09,310.005,0.2639,35.82,0.0,151.406,0.0,0
46975,-1.194,83.545,0.0,0.0,-2.602,107.1699,203.0,100.10000000000001,5.742,0,0.0,-0.125,309.915,-2.2434000000000003,34.5,0.0,152.40200000000002,0.0,0
46975,-1.0230000000000001,83.545,0.0,0.0,-2.238,109.25420000000001,203.0,100.10000000000001,5.742,0,0.0,-0.1,310.005,-1.3196,34.29,0.0,153.398,0.0,0
46975,-0.853,83.545,0.5,0.0,-2.662,111.3803,205.10000000000002,100.10000000000001,5.742,0,0.0,-0.09,309.915,-1.4516,34.38,0.0,154.41400000000002,0.0,0
46975,-0.682,83.545,0.0,0.0,-2.844,113.5018,207.0,100.10000000000001,5.742,0,0.0,-0.1,310.005,-1.9135000000000002,35.550000000000004,0.0,155.41,0.0,0
46975,-0.853,83.545,0.0,0.0,-2.602,115.6268,206.9,100.10000000000001,5.742,0,0.0,-0.13,309.915,-1.0557,36.42,0.0,156.406,0.0,0
46975,-0.853,83.545,0.0,0.0,-2.602,115.83590000000001,209.10000000000002,100.10000000000001,5.742,0,0.0,-0.09,310.005,-0.7918000000000001,36.51,0.0,156.50400000000002,0.0,0
46975,-0.853,83.545,0.0,0.0,-2.783,117.9756,212.9,100.10000000000001,5.742,0,0.0,-0.125,310.005,0.1155,37.08,0.0,157.5,0.0,0
46975,-0.853,83.545,0.0,0.0,-2.602,120.1825,212.9,100.10000000000001,5.742,0,0.0,-0.095,310.14000000000004,1.6908,36.72,0.0,158.51600000000002,0.0,0
46975,-1.0230000000000001,83.545,0.0,0.0,-2.602,122.3459,212.8,100.10000000000001,5.742,0,0.0,-0.12,310.005,0.4454,36.99,0.0,159.512,0.0,0
46975,-0.682,83.545,0.0,0.0,-2.602,124.53710000000001,216.4,99.9,5.742,0,0.0,-0.115,309.915,-1.2372,37.02,0.0,160.508,0.0,0
46975,-1.194,83.545,0.0,0.0,-2.42,126.7365,216.4,99.9,5.742,0,0.0,-0.115,310.005,-2.3094,36.15,0.0,161.50400000000002,0.0,0
46975,-0.853,83.545,0.0,0.0,-2.662,128.9854,264.6,99.9,5.742,0,0.0,-0.105,310.005,0.39590000000000003,35.01,0.0,162.52,0.0,0
46975,-0.853,83.545,0.0,0.0,-2.723,131.2183,219.70000000000002,100.10000000000001,5.742,0,0.0,-0.115,310.005,0.2639,34.77,0.0,163.51600000000002,0.0,0
46975,-1.0230000000000001,83.545,0.0,0.0,-2.299,133.4513,219.70000000000002,100.10000000000001,5.742,0,0.0,-0.135,309.915,1.9300000000000002,34.26,0.0,164.512,0.0,0
46975,-1.0230000000000001,83.545,0.5,0.0,-2.602,135.7006,222.70000000000002,100.10000000000001,5.742,0,0.0,-0.085,310.005,0.8578,34.47,0.0,165.508,0.0,0
46975,-1.0230000000000001,83.545,0.0,0.0,-2.662,137.96460000000002,222.8,100.4,5.742,0,0.0,-0.125,310.005,-0.9897,35.01,0.0,166.50400000000002,0.0,0
46975,-1.194,83.545,0.0,0.0,-2.42,140.274,222.8,100.10000000000001,5.742,0,0.0,-0.13,310.005,0.9485,36.18,0.0,167.52,0.0,0
46975,-0.853,83.545,0.0,0.0,-2.602,142.5641,225.5,100.4,5.742,0,0.0,-0.095,310.005,0.0,37.56,0.0,168.51600000000002,0.0,0
46975,-0.853,83.545,0.0,0.0,-2.783,144.85660000000001,225.5,99.9,5.742,0,0.0,-0.125,310.005,2.1774,37.95,0.0,169.512,0.0,0
46975,-0.853,83.545,0.0,0.0,-2.783,147.1566,228.10000000000002,100.4,5.742,0,0.0,-0.075,310.005,4.5528,37.14,0.0,170.508,0.0,0
46975,-0.853,83.545,0.0,0.0,-2.42,149.51930000000002,272.40000000000003,100.10000000000001,5.742,0,0.0,-0.09,310.005,-2.8372,36.45,0.0,171.523,0.0,0
46975,-1.0230000000000001,83.545,0.5,0.0,-2.54,151.8401,228.10000000000002,100.4,5.742,0,0.0,-0.12,310.14000000000004,-2.928,36.21,0.0,172.52,0.0,0
46975,-0.853,83.545,0.0,0.0,-2.602,154.17440000000002,230.4,100.4,5.742,0,0.0,-0.1,310.005,1.8063,35.97,0.0,173.51600000000002,0.0,0
46975,-0.853,83.545,0.5,0.0,-2.54,156.5162,230.4,100.10000000000001,5.742,0,0.0,-0.07,310.005,-0.5938,36.06,0.0,174.512,0.0,0
46975,-1.0230000000000001,83.545,-0.5,0.0,-2.602,158.8591,231.4,100.10000000000001,5.742,0,0.0,-0.13,310.005,-2.5733,36.21,0.0,175.508,0.0,0
46975,-1.0230000000000001,83.545,-0.5,0.0,-2.723,161.26690000000002,230.10000000000002,100.10000000000001,5.742,0,0.0,-0.13,310.005,0.19790000000000002,36.45,0.0,176.523,0.0,0
46975,-0.853,83.545,0.5,0.0,-2.602,163.6321,232.5,100.10000000000001,5.742,0,0.0,-0.125,310.005,3.0352,35.97,0.0,177.52,0.0,0
46975,-0.682,83.545,0.0,0.0,-2.602,166.0028,234.3,100.10000000000001,5.742,0,0.0,-0.135,309.915,0.0165,35.34,0.0,178.51600000000002,0.0,0
46975,-0.853,83.545,0.0,0.0,-2.299,168.3838,234.20000000000002,100.10000000000001,5.742,0,0.0,-0.13,310.005,-1.1629,35.13,0.0,179.512,0.0,0
46975,-0.853,83.545,-0.5,0.0,-2.54,170.7649,234.3,99.9,5.742,0,0.0,-0.115,310.005,4.6188,36.12,0.0,180.508,0.0,0
46975,-0.682,83.545,0.0,0.0,-2.602,173.20440000000002,233.4,100.10000000000001,5.742,0,0.0,-0.085,309.915,-0.9073,37.38,0.0,181.523,0.0,0
46975,-0.853,83.545,-0.5,0.0,-2.602,175.6038,235.9,100.10000000000001,5.742,0,0.0,-0.085,310.005,-2.0455,38.58,0.0,182.52,0.0,0
46975,-0.853,83.545,0.5,0.0,-2.42,178.00320000000002,237.10000000000002,99.9,5.742,0,0.0,-0.125,309.915,-2.994,38.37,0.0,183.51600000000002,0.0,0
46975,-0.853,83.545,0.5,0.0,-2.48,180.4134,237.20000000000002,100.10000000000001,5.742,0,0.0,-0.08,310.005,0.6433,36.57,0.0,184.512,0.0,0
46975,-0.853,83.545,0.5,0.0,-3.086,182.86950000000002,283.1,99.7,5.742,0,0.0,-0.105,310.005,4.024900000000001,36.51,0.0,185.52700000000002,0.0,0
46975,-0.853,83.545,0.5,0.0,-2.904,185.2859,235.70000000000002,99.9,5.742,0,0.0,-0.095,310.005,1.6331,36.9,0.0,186.523,0.0,0
46975,-0.853,83.545,0.5,0.0,-2.904,185.5241,238.20000000000002,100.7,5.742,0,0.0,-0.08,310.005,0.9897,36.96,0.0,186.621,0.0,0
46975,-0.853,83.545,0.5,0.0,-2.602,187.9451,235.8,99.9,5.742,0,0.0,-0.12,310.005,-1.9795,37.56,0.0,187.61700000000002,0.0,0
46975,-0.853,83.545,0.0,0.0,-2.42,190.3665,236.20000000000002,99.9,5.742,0,0.0,-0.075,310.005,0.0,37.02,0.0,188.613,0.0,0
46975,-0.682,83.545,0.0,0.0,-2.662,192.8445,285.3,99.7,5.742,0,-1.0,-0.09,309.915,-1.8475000000000001,36.480000000000004,0.0,189.62900000000002,0.0,0
46975,-0.853,83.545,0.0,0.0,-2.602,195.27380000000002,239.0,100.10000000000001,5.742,0,0.0,-0.16,310.14000000000004,0.9567,35.160000000000004,0.0,190.625,0.0,0
46975,-0.853,83.545,0.5,0.0,-2.359,197.7056,239.60000000000002,99.9,5.742,0,0.0,-0.1,310.005,1.9795,34.92,0.0,191.621,0.0,0
46975,-0.853,83.545,0.0,0.0,-2.48,200.1408,237.20000000000002,100.10000000000001,5.742,0,0.0,-0.125,310.005,-0.8578,35.49,0.0,192.61700000000002,0.0,0
46975,-1.0230000000000001,83.545,-0.5,0.0,-2.54,202.62480000000002,286.0,100.4,5.742,0,0.0,-0.08,309.825,-4.2229,36.660000000000004,0.0,193.633,0.0,0
46975,-0.853,83.545,0.0,0.0,-2.54,205.0629,240.0,100.4,5.742,0,0.0,-0.085,309.915,1.9135000000000002,37.86,0.0,194.62900000000002,0.0,0
46975,-0.512,83.545,0.0,0.0,-2.42,207.50150000000002,239.9,99.9,5.742,0,0.0,-0.11,310.005,-0.7918000000000001,38.37,0.0,195.625,0.0,0
46975,-0.853,83.545,0.5,0.0,-2.602,209.9404,240.10000000000002,100.10000000000001,5.742,0,0.0,-0.22,310.005,3.2991,37.74,0.0,196.621,0.0,0
46975,-0.853,83.545,0.5,0.0,-2.662,212.3802,237.60000000000002,99.9,5.742,0,0.0,-0.13,310.005,2.2434000000000003,36.96,0.0,197.61700000000002,0.0,0
46975,-0.853,83.545,0.0,0.0,-2.42,214.8689,286.6,100.10000000000001,5.742,0,0.0,-0.085,310.005,0.0,36.78,0.0,198.633,0.0,0
46975,-0.682,83.545,0.0,0.0,-2.238,217.30800000000002,239.9,99.9,5.742,0,0.0,-0.11,310.005,1.5836000000000001,36.75,0.0,199.62900000000002,0.0,0
46975,-0.853,83.545,0.5,0.0,-2.299,219.7466,239.9,100.10000000000001,5.742,0,0.0,-0.095,310.005,-3.9589000000000003,37.02,0.0,200.625,0.0,0
46975,-0.682,83.545,0.0,0.0,-2.178,222.1852,239.9,99.9,5.742,0,0.0,-0.065,309.915,-4.0909,37.02,0.0,201.621,0.0,0
46975,-0.853,83.545,0.0,0.0,-2.057,224.66940000000002,286.0,99.9,5.742,0,0.0,-0.095,310.005,-0.5279,35.97,0.0,202.637,0.0,0
46975,-0.853,83.545,0.5,0.0,-2.42,227.1046,239.60000000000002,99.9,5.742,0,0.0,-0.1,309.915,1.1877,34.74,0.0,203.633,0.0,0
46975,-0.853,83.545,0.5,0.0,-2.783,229.5378,239.0,100.4,5.742,0,0.0,-0.06,309.915,0.0,34.62,0.0,204.62900000000002,0.0,0
46975,-1.0230000000000001,83.545,0.0,0.0,-2.54,231.9674,239.0,99.7,5.742,0,0.0,-0.09,309.915,-3.563,35.88,0.0,205.625,0.0,0
46975,-0.853,83.545,0.0,0.0,-2.178,234.39700000000002,239.10000000000002,100.7,5.742,0,0.0,-0.115,310.14000000000004,8.0169,36.87,0.0,206.621,0.0,0
46975,-0.853,83.545,-0.5,0.0,-2.178,236.86960000000002,238.3,99.9,5.742,0,0.0,-0.125,309.915,1.9795,37.95,0.0,207.637,0.0,0
46975,-0.853,83.545,-0.5,0.0,-2.299,239.2914,238.3,100.4,5.742,0,0.0,-0.08,310.005,-4.2889,38.58,0.0,208.633,0.0,0
46975,-0.682,83.545,0.0,0.0,-2.42,241.71210000000002,237.3,99.9,5.742,0,0.0,-0.135,310.005,-1.9795,37.83,0.0,209.62900000000002,0.0,0
46975,-0.853,83.545,0.0,0.0,-2.178,244.12400000000002,237.3,100.10000000000001,5.742,0,0.0,-0.105,310.14000000000004,4.8497,37.35,0.0,210.625,0.0,0
46975,-1.194,83.545,0.0,0.0,-2.057,246.5359,237.3,100.4,5.742,0,0.0,-0.105,310.14000000000004,6.334300000000001,36.660000000000004,0.0,211.621,0.0,0
46975,-0.682,83.545,0.0,0.0,-2.117,248.99040000000002,236.20000000000002,100.4,5.742,0,0.0,-0.085,310.005,-1.5836000000000001,36.51,0.0,212.637,0.0,0
46975,-0.853,83.545,0.0,0.0,-2.238,251.3904,236.10000000000002,99.7,5.742,0,0.0,-0.08,310.23,-1.3196,36.09,0.0,213.633,0.0,0
46975,-0.682,83.545,0.0,0.0,-2.299,253.7905,236.20000000000002,100.10000000000001,5.742,0,0.0,-0.075,310.14000000000004,-1.3196,35.82,0.0,214.62900000000002,0.0,0
46975,-0.682,83.545,0.0,0.0,-2.662,256.1786,234.8,99.4,5.742,0,0.0,-0.1,309.915,-3.9589000000000003,35.58,0.0,215.625,0.0,0
46975,-0.682,83.545,0.0,0.0,-2.42,258.6128,282.7,100.10000000000001,5.742,0,0.0,-0.085,310.005,1.2207000000000001,35.31,0.0,216.64100000000002,0.0,0
46975,-0.853,83.545,-0.5,0.0,-2.359,258.84520000000003,232.4,100.7,5.742,0,0.0,-0.08,310.005,2.5486,35.4,0.0,216.738,0.0,0
46975,-0.853,83.545,0.0,0.0,-2.42,261.226,230.9,100.10000000000001,5.742,0,0.0,-0.055,310.005,2.994,36.03,0.0,217.734,0.0,0
46975,-1.0230000000000001,83.545,-0.5,0.0,-2.48,263.5966,230.9,100.10000000000001,5.742,0,0.0,-0.19,310.005,-0.6763,37.26,0.0,218.73000000000002,0.0,0
46975,-0.853,83.545,-0.5,0.0,-2.602,265.9696,233.20000000000002,100.10000000000001,5.742,0,0.0,-0.18,310.005,-2.5733,37.980000000000004,0.0,219.727,0.0,0
46975,-1.0230000000000001,83.545,0.5,0.0,-2.54,268.37260000000003,276.5,100.7,5.742,0,0.0,-0.03,310.005,-0.6351,38.01,0.0,220.74200000000002,0.0,0
46975,-0.853,83.545,0.0,0.0,-2.238,270.7258,229.20000000000002,100.10000000000001,5.742,0,0.0,-0.15,310.005,3.2331000000000003,38.25,0.0,221.738,0.0,0
46975,-0.853,83.545,0.0,0.0,-2.299,273.0769,227.3,99.9,5.742,0,0.0,-0.165,310.14000000000004,4.1321,37.92,0.0,222.734,0.0,0
46975,-0.853,83.545,0.0,0.0,-2.42,275.4112,227.3,100.10000000000001,5.742,0,0.0,-0.12,309.915,-2.6888,37.32,0.0,223.73000000000002,0.0,0
46975,-1.194,83.545,0.5,0.0,-2.299,277.7924,274.2,99.9,5.742,0,0.0,-0.12,310.005,-3.563,36.75,0.0,224.746,0.0,0
46975,-0.682,83.545,0.0,0.0,-2.359,280.1163,225.3,100.10000000000001,5.742,0,0.0,-0.1,309.915,-2.0042,36.03,0.0,225.74200000000002,0.0,0
46975,-0.853,83.545,0.0,0.0,-2.602,282.43010000000004,225.4,100.10000000000001,5.742,0,0.0,-0.095,309.915,-0.5114000000000001,35.28,0.0,226.738,0.0,0
46975,-0.853,83.545,0.0,0.0,-2.602,284.7438,225.4,100.10000000000001,5.742,0,0.0,-0.115,310.005,1.1877,35.37,0.0,227.734,0.0,0
46975,-0.853,83.545,-0.5,0.0,-2.42,287.0384,223.20000000000002,99.7,5.742,0,0.0,-0.105,310.005,4.5528,35.64,0.0,228.73000000000002,0.0,0
46975,-0.853,83.545,-0.5,0.0,-2.299,289.37620000000004,269.2,99.9,5.742,0,0.0,-0.11,310.005,3.4146,36.24,0.0,229.746,0.0,0
46975,-1.0230000000000001,83.545,0.0,0.0,-2.783,291.6619,220.9,100.10000000000001,5.742,0,0.0,-0.09,310.005,-1.9795,36.96,0.0,230.74200000000002,0.0,0
46975,-0.853,83.545,-0.5,0.0,-2.602,293.9306,221.0,100.10000000000001,5.742,0,0.0,-0.09,310.005,-2.1774,37.230000000000004,0.0,231.738,0.0,0
46975,-0.853,83.545,0.0,0.0,-2.723,296.1993,221.0,99.9,5.742,0,0.0,-0.135,309.915,-1.4351,37.2,0.0,232.734,0.0,0
46975,-0.682,83.545,-0.5,0.0,-2.662,298.4527,218.60000000000002,100.4,5.742,0,0.0,-0.115,310.005,-0.6598,37.14,0.0,233.73000000000002,0.0,0
46975,-1.0230000000000001,83.545,-0.5,0.0,-2.602,300.7422,220.9,100.4,5.742,0,0.0,-0.125,310.14000000000004,2.8125,37.17,0.0,234.746,0.0,0
46975,-0.853,83.545,0.5,0.0,-2.602,302.9861,218.0,100.10000000000001,5.742,0,0.0,-0.13,310.005,2.4249,37.02,0.0,235.74200000000002,0.0,0
46975,-0.853,83.545,0.5,0.0,-2.42,305.20550000000003,216.20000000000002,100.4,5.742,0,0.0,-0.105,310.005,-0.9897,36.51,0.0,236.738,0.0,0
46975,-0.682,83.545,-0.5,0.0,-2.42,307.4248,216.20000000000002,99.9,5.742,0,0.0,-0.07,310.14000000000004,-1.3196,36.51,0.0,237.734,0.0,0
46975,-0.682,83.545,0.0,0.0,-2.359,309.67810000000003,257.7,100.4,5.742,0,0.0,-0.11,310.005,0.7918000000000001,35.64,0.0,238.75,0.0,0
46975,-0.853,83.545,0.0,0.0,-2.299,311.87170000000003,215.9,100.4,5.742,0,0.0,-0.075,310.14000000000004,0.7011000000000001,35.730000000000004,0.0,239.746,0.0,0
46975,-0.682,83.545,0.0,0.0,-2.54,314.0652,213.60000000000002,100.10000000000001,5.742,0,0.0,-0.03,310.005,-0.8743000000000001,35.34,0.0,240.74200000000002,0.0,0
46975,-1.194,83.545,0.0,0.0,-2.54,314.28110000000004,215.9,100.10000000000001,5.742,0,0.0,-0.105,310.005,-1.9795,35.31,0.0,240.84,0.0,0
46975,-0.512,83.545,-0.5,0.0,-2.783,316.45160000000004,213.20000000000002,99.9,5.742,0,0.0,-0.155,310.005,-1.5836000000000001,35.28,0.0,241.836,0.0,0
46975,-0.853,83.545,0.0,0.0,-2.602,318.6625,256.8,100.10000000000001,5.742,0,0.0,-0.17500000000000002,310.14000000000004,-3.0352,35.43,0.0,242.852,0.0,0
46975,-0.853,83.545,0.0,0.0,-2.359,320.82280000000003,210.70000000000002,100.10000000000001,5.742,0,0.0,-0.085,310.005,0.7918000000000001,36.39,0.0,243.848,0.0,0
46975,-0.682,83.545,-0.5,0.0,-2.54,322.9639,210.70000000000002,100.10000000000001,5.742,0,0.0,-0.14,310.005,1.8475000000000001,37.17,0.0,244.84400000000002,0.0,0
46975,-0.853,83.545,0.0,0.0,-2.602,325.10490000000004,210.60000000000002,100.10000000000001,5.742,0,0.0,-0.08,309.915,-5.1136,37.35,0.0,245.84,0.0,0
46975,-0.853,83.545,0.0,0.0,-2.359,327.2293,208.10000000000002,99.9,5.742,0,0.0,-0.1,310.14000000000004,4.2229,36.78,0.0,246.836,0.0,0
46975,-0.341,83.545,-0.5,0.0,-2.602,329.3867,208.10000000000002,100.4,5.742,0,0.0,-0.135,310.005,4.486800000000001,35.79,0.0,247.852,0.0,0
46975,-0.512,83.545,0.5,0.0,-2.602,331.5009,207.4,99.7,5.742,0,0.0,-0.1,310.005,-1.7155,36.03,0.0,248.848,0.0,0
46975,-0.682,83.545,0.5,0.0,-2.299,333.59020000000004,205.5,99.9,5.742,0,0.0,-0.09,310.14000000000004,-2.3754,36.87,0.0,249.84400000000002,0.0,0
46975,-0.512,83.545,-0.5,0.0,-2.299,335.6376,203.5,97.4,5.742,0,0.0,-0.07,310.005,1.1877,36.660000000000004,0.0,250.82000000000002,0.0,0
46975,-0.853,83.545,0.0,0.0,-2.117,337.6368,161.70000000000002,93.80000000000001,5.742,0,0.0,-0.135,310.005,-1.8475000000000001,35.7,0.0,251.77700000000002,0.0,0
46975,-0.853,83.545,0.0,0.0,-2.299,339.5399,161.70000000000002,89.2,5.742,0,0.0,-0.125,310.005,-2.5073000000000003,34.92,0.0,252.69500000000002,0.0,0
46975,-0.853,83.545,0.0,0.0,-1.996,341.36220000000003,201.10000000000002,82.10000000000001,5.742,0,0.0,-0.1,310.005,1.5836000000000001,34.410000000000004,0.0,253.574,0.0,0
46975,-0.682,83.545,0.0,0.0,-1.5130000000000001,342.97450000000003,159.9,75.3,5.742,0,0.0,-0.13,310.005,-1.3196,34.47,0.0,254.35500000000002,0.0,0
46975,-0.853,83.545,0.5,0.0,-1.573,344.4177,161.9,66.60000000000001,5.742,0,0.0,-0.035,310.005,0.0,35.25,0.0,255.05900000000003,0.0,0
46975,-0.853,83.545,0.0,0.0,-1.633,345.699,121.0,58.5,5.742,0,0.0,-0.075,310.005,1.3196,36.9,0.0,255.68400000000003,0.0,0
46975,-0.853,83.545,-0.5,0.0,-1.815,346.7794,80.0,49.800000000000004,5.742,0,0.0,-0.09,310.005,0.0,37.14,0.0,256.211,0.0,0
46975,-0.853,83.545,0.5,0.0,-1.936,347.74080000000004,79.9,41.1,5.742,0,0.0,-0.065,310.005,0.0,36.54,0.0,256.68,0.0,0
46975,-0.853,83.545,0.0,0.0,-1.875,348.45320000000004,38.6,33.0,5.742,0,0.0,-0.12,310.005,0.0,36.12,0.0,257.031,0.0,0
46975,-1.0230000000000001,83.545,0.0,0.0,-1.754,349.0477,38.5,25.1,5.742,0,0.0,-0.11,310.14000000000004,2.7713,36.75,0.0,257.324,0.0,0
46975,-0.682,83.545,0.0,0.0,-1.936,349.48400000000004,38.5,17.5,5.742,0,0.0,-0.165,310.005,0.7918000000000001,36.81,0.0,257.539,0.0,0
46975,-0.853,83.545,-0.5,0.0,-1.815,349.76210000000003,0.0,11.700000000000001,5.742,0,0.0,-0.075,309.915,-1.0557,36.480000000000004,0.0,257.676,0.0,0
46975,-0.853,83.545,-0.5,0.0,-1.754,349.9589,38.6,7.1000000000000005,5.742,0,0.0,-0.125,310.14000000000004,-0.5279,36.27,0.0,257.773,0.0,0
46975,-0.341,83.545,0.0,0.0,-1.875,350.0401,0.0,3.8000000000000003,5.742,0,-1.0,-0.135,310.005,0.0,35.82,0.0,257.813,0.0,0
46975,-0.853,83.545,-0.5,0.0,-1.996,350.11920000000003,40.6,1.7000000000000002,5.742,0,0.0,-0.09,309.915,1.5836000000000001,34.26,0.0,257.85200000000003,0.0,0
46975,-0.853,83.545,0.5,0.0,-2.238,350.11920000000003,0.0,-0.7000000000000001,5.742,0,0.0,-0.08,310.005,-3.1672000000000002,33.93,0.0,257.85200000000003,0.0,0
46975,-0.853,83.545,0.0,0.0,-2.238,350.0786,0.0,-0.2,5.742,0,0.0,-0.095,310.005,1.3196,34.08,0.0,257.832,0.0,0
46975,-1.194,83.545,0.0,0.0,-2.238,350.0786,0.0,-0.2,5.742,0,0.0,-0.115,310.005,1.0557,34.17,0.0,257.832,0.0,0
46975,-0.853,83.545,0.0,0.0,-2.238,350.0786,0.0,0.0,5.742,0,0.0,-0.045,310.005,4.2064,35.34,0.0,257.832,0.0,0
46975,-0.853,83.545,0.5,0.0,-2.238,350.0786,0.0,-0.2,5.742,0,1.0,-0.105,310.14000000000004,3.1424000000000003,36.54,0.0,257.832,0.0,0
46975,-0.853,83.545,0.0,0.0,-2.238,350.0786,0.0,0.0,5.742,0,0.0,-0.105,310.14000000000004,0.5691,37.59,0.0,257.832,0.0,0
46975,-0.512,83.545,0.0,0.0,-2.238,350.0786,0.0,0.0,5.742,0,0.0,0.2,310.005,-2.1527000000000003,37.89,0.0,257.832,0.0,0
46975,-0.853,83.545,0.0,0.0,-2.238,350.0786,0.0,0.0,5.747,0,0.0,0.905,310.005,-2.7465,36.84,0.0,257.832,0.0,0
46975,-0.853,83.545,0.5,0.0,-2.238,350.0786,0.0,0.2,5.767,0,0.0,0.8250000000000001,310.005,-0.39590000000000003,35.7,0.0,257.832,0.0,0
46975,-0.853,83.545,0.0,0.0,-2.238,350.0786,0.0,0.0,5.7860000000000005,0,0.0,0.87,310.005,-1.5176,36.18,0.0,257.832,0.0,0
46975,-0.682,83.545,0.0,0.0,-2.238,350.0786,0.0,0.0,5.806,0,0.0,1.0050000000000001,310.005,-2.1774,36.45,0.0,257.832,0.0,0
46975,-0.682,83.545,0.0,0.0,-2.238,350.0786,0.0,0.0,5.825,0,0.0,1.24,310.14000000000004,-0.0247,35.64,0.0,257.832,0.0,0
46975,-0.682,83.545,0.0,0.0,-2.238,350.0786,0.0,0.0,5.845000000000001,0,0.0,1.53,310.005,1.5011,34.89,0.0,257.832,0.0,0
46975,-0.853,83.545,0.0,0.0,-2.238,350.0786,0.0,0.0,5.859,0,0.0,1.61,309.915,1.6001,34.17,0.0,257.832,0.0,0
46975,-0.682,83.545,0.5,0.0,-2.238,350.0786,0.0,0.0,5.8790000000000004,0,1.0,1.815,310.005,-1.0062,34.08,0.0,257.832,0.0,0
46975,-0.853,83.545,0.0,0.0,-2.238,350.0786,0.0,0.0,5.898000000000001,0,0.0,1.8,310.005,0.19790000000000002,34.11,0.0,257.832,0.0,0
46975,-0.682,83.545,0.0,0.0,-2.238,350.0786,0.0,0.0,5.923,0,0.0,1.925,310.005,-0.2639,35.46,0.0,257.832,0.0,0
46975,-0.853,83.545,0.0,0.0,-2.238,350.0786,0.0,0.0,5.942,0,0.0,1.97,310.005,-0.39590000000000003,36.24,0.0,257.832,0.0,0
46975,-0.853,83.545,0.0,0.0,-2.238,350.0786,0.0,0.0,5.962000000000001,0,0.0,1.79,310.14000000000004,0.5031,37.95,0.0,257.832,0.0,0
46975,-0.512,83.545,0.0,0.0,-2.238,350.0786,0.0,0.0,5.981,0,0.0,1.7750000000000001,310.005,0.066,37.800000000000004,0.0,257.832,0.0,0
46975,-0.682,83.545,0.0,0.0,-2.238,350.0786,0.0,0.0,6.001,0,0.0,1.545,310.14000000000004,3.0764,36.84,0.0,257.832,0.0,0
46975,-0.853,83.545,0.0,0.0,-2.238,350.0786,0.0,0.0,6.006,0,0.0,1.5350000000000001,310.14000000000004,3.563,36.78,0.0,257.832,0.0,0
46975,-0.512,83.545,0.0,0.0,-2.238,350.0786,0.0,0.0,6.025,0,0.0,1.415,310.005,-0.6928000000000001,35.79,0.0,257.832,0.0,0
46975,-0.682,83.545,-0.5,0.0,-2.238,350.0786,0.0,0.0,6.045,0,0.0,1.32,310.005,-1.1877,35.49,0.0,257.832,0.0,0
46975,-0.682,83.545,0.0,0.0,-2.238,350.0786,0.0,0.0,6.064,0,0.0,1.2750000000000001,310.14000000000004,0.0,35.22,0.0,257.832,0.0,0
46975,-0.682,83.545,0.0,0.0,-2.238,350.0786,0.0,0.0,6.0840000000000005,0,0.0,1.2550000000000001,310.14000000000004,1.9795,35.46,0.0,257.832,0.0,0
46975,-0.853,83.545,0.0,0.0,-2.238,350.0786,0.0,-0.2,6.1080000000000005,0,0.0,1.23,310.005,2.6393,35.52,0.0,257.832,0.0,0
46975,-0.682,83.545,0.5,0.0,-2.238,350.0786,0.0,0.0,6.128,0,0.0,1.25,310.14000000000004,-1.1877,34.980000000000004,0.0,257.832,0.0,0
46975,-0.682,83.545,0.0,0.0,-2.238,350.0786,0.0,0.0,6.147,0,1.0,1.385,310.005,-4.651800000000001,34.47,0.0,257.832,0.0,0
46975,-0.853,83.545,0.0,0.0,-2.238,350.0786,0.0,0.0,6.167000000000001,0,0.0,1.365,309.915,0.2639,34.65,0.0,257.832,0.0,0
46975,-0.853,83.545,0.0,0.0,-2.238,350.0786,0.0,0.0,6.187,0,0.0,1.5150000000000001,310.005,-2.0125,35.58,0.0,257.832,0.0,0
46975,-0.682,83.545,0.0,0.0,-2.238,350.0786,0.0,0.0,6.206,0,0.0,1.6500000000000001,309.915,-3.0352,36.39,0.0,257.832,0.0,0
46975,-0.682,83.545,0.0,0.0,-2.238,350.0786,0.0,0.0,6.226,0,0.0,1.7,310.005,2.0455,36.75,0.0,257.832,0.0,0
46975,-0.512,83.545,0.0,0.0,-2.238,350.0786,0.0,0.0,6.245,0,0.0,1.925,310.005,2.3754,37.35,0.0,257.832,0.0,0
46975,-0.682,83.545,0.0,0.0,-2.238,350.0786,0.0,0.0,6.265000000000001,0,0.0,1.99,310.005,-1.3856000000000002,37.26,0.0,257.832,0.0,0
46975,-0.853,83.545,0.0,0.0,-2.238,350.0786,0.0,0.0,6.284000000000001,0,0.0,2.1350000000000002,310.005,-1.9795,36.96,0.0,257.832,0.0,0
46975,-0.682,83.545,0.0,0.0,-2.238,350.0786,0.0,0.0,6.304,0,0.0,2.12,310.14000000000004,3.8600000000000003,36.45,0.0,257.832,0.0,0
46975,-0.682,83.545,0.0,0.0,-2.238,350.0786,0.0,0.0,6.323,0,0.0,2.17,310.005,1.5836000000000001,35.49,0.0,257.832,0.0,0
46975,-0.171,83.545,0.0,0.0,-2.238,350.0786,0.0,0.0,6.343,0,0.0,2.095,310.14000000000004,-0.8908,35.160000000000004,0.0,257.832,0.0,0
46975,-0.853,83.545,0.0,0.0,-2.238,350.0786,0.0,0.0,6.362,0,0.0,2.1350000000000002,309.915,-1.4516,34.77,0.0,257.832,0.0,0
46975,-0.853,83.545,0.5,0.0,-2.238,350.0786,0.0,0.0,6.367,0,0.0,2.1,310.14000000000004,-0.3299,34.86,0.0,257.832,0.0,0
46975,-0.853,83.545,0.0,0.0,-2.238,350.0786,0.0,0.0,6.3870000000000005,0,0.0,2.19,310.14000000000004,4.1321,35.28,0.0,257.832,0.0,0
46975,-0.682,83.545,0.0,0.0,-2.238,350.0786,0.0,0.0,6.406000000000001,0,0.0,2.09,310.005,-2.8125,35.910000000000004,0.0,257.832,0.0,0
46975,-0.682,83.545,0.0,0.0,-2.238,350.0786,0.0,0.0,6.426,0,0.0,1.82,310.14000000000004,-4.1321,36.0,0.0,257.832,0.0,0
46975,-0.341,83.545,0.0,0.0,-2.238,350.0786,0.0,0.2,6.45,0,0.0,1.85,310.14000000000004,3.8270000000000004,36.36,0.0,257.832,0.0,0
46975,-0.853,83.545,0.0,0.0,-2.238,350.0786,0.0,0.0,6.470000000000001,0,0.0,1.6600000000000001,310.005,4.1569,37.53,0.0,257.832,0.0,0
46975,-0.682,83.545,0.0,0.0,-2.238,350.0786,0.0,0.0,6.489,0,0.0,1.6300000000000001,310.005,-4.3301,37.26,0.0,257.832,0.0,0
46975,-0.853,83.545,0.0,0.0,-2.238,350.0786,0.0,0.0,6.509,0,0.0,1.365,310.14000000000004,-4.6188,37.59,0.0,257.832,0.0,0
46975,-0.853,83.545,0.0,0.0,-2.238,350.0786,0.0,0.0,6.5280000000000005,0,0.0,1.425,310.14000000000004,2.0207,37.44,0.0,257.832,0.0,0
46975,-0.682,83.545,0.0,0.0,-2.238,350.0786,0.0,0.0,6.553,0,0.0,1.345,310.005,4.3548,37.74,0.0,257.832,0.0,0
46975,-0.682,83.545,0.0,0.0,-2.238,350.0786,0.0,0.0,6.572,0,0.0,1.395,310.005,-2.1527000000000003,36.27,0.0,257.832,0.0,0
46975,-0.512,83.545,0.0,0.0,-2.238,350.0786,0.0,0.0,6.5920000000000005,0,0.0,1.4000000000000001,310.005,-5.3198,35.79,0.0,257.832,0.0,0
46975,-0.682,83.545,0.0,0.0,-2.238,350.0786,0.0,0.0,6.611000000000001,0,0.0,1.395,309.915,-2.6888,34.74,0.0,257.832,0.0,0
46975,-0.682,83.545,0.0,0.0,-2.238,350.0786,0.0,0.0,6.631,0,0.0,1.605,310.14000000000004,1.2289,35.01,0.0,257.832,0.0,0
46975,-0.853,83.545,0.0,0.0,-2.238,350.0786,0.0,0.0,6.65,0,0.0,1.68,310.005,1.3856000000000002,35.43,0.0,257.832,0.0,0
46975,-0.682,83.545,0.0,0.0,-2.238,350.0786,0.0,0.0,6.67,0,0.0,1.745,310.14000000000004,1.4269,36.63,0.0,257.832,0.0,0
46975,-0.853,83.545,0.0,0.0,-2.238,350.0786,0.0,0.0,6.689,0,0.0,1.95,310.005,-1.2949000000000002,37.230000000000004,0.0,257.832,0.0,0
46975,-0.853,83.545,0.0,0.0,-2.238,350.0786,0.0,0.0,6.7090000000000005,0,0.0,1.93,310.005,0.19790000000000002,37.74,0.0,257.832,0.0,0
46975,-0.853,83.545,0.0,0.0,-2.238,350.0786,0.0,0.0,6.729,0,0.0,2.17,310.14000000000004,-1.3856000000000002,37.56,0.0,257.832,0.0,0
46975,-0.171,83.545,0.0,0.0,-2.238,350.0786,0.0,0.0,6.748,0,0.0,2.105,310.005,-0.066,36.84,0.0,257.832,0.0,0
46975,-0.853,83.545,0.0,0.0,-2.238,350.0786,0.0,0.0,6.768000000000001,0,0.0,2.1350000000000002,310.005,-0.7258,36.9,0.0,257.832,0.0,0
46975,-0.853,83.545,0.0,0.0,-2.238,350.0786,0.0,0.0,6.787,0,0.0,2.245,310.005,-1.3856000000000002,37.2,0.0,257.832,0.0,0
46975,-0.853,83.545,0.0,0.0,-2.238,350.0786,0.0,0.0,6.807,0,0.0,2.1350000000000002,310.14000000000004,5.1219,37.08,0.0,257.832,0.0,0
46975,-0.512,83.545,0.0,0.0,-2.238,350.0786,0.0,0.0,6.831,0,0.0,2.18,310.005,3.9589000000000003,35.94,0.0,257.832,0.0,0
46975,-0.682,83.545,0.0,0.0,-2.238,350.0786,0.0,0.0,6.851,0,0.0,2.075,310.14000000000004,-0.6186,35.43,0.0,257.832,0.0,0
46975,-0.512,83.545,0.0,0.0,-2.238,350.0786,0.0,0.0,6.87,0,0.0,1.965,310.005,-3.1424000000000003,35.31,0.0,257.832,0.0,0
46975,-0.682,83.545,0.0,0.0,-2.238,350.0786,0.0,0.0,6.890000000000001,0,0.0,1.905,310.005,-0.19790000000000002,35.22,0.0,257.832,0.0,0
46975,-0.682,83.545,0.0,0.0,-2.238,350.0786,0.0,0.0,6.909000000000001,0,0.0,1.705,310.005,-3.5383,35.82,0.0,257.832,0.0,0
46975,-0.341,83.545,0.0,0.0,-2.238,350.0786,0.0,0.0,6.934,0,0.0,1.725,310.14000000000004,2.9445,36.87,0.0,257.832,0.0,0
46975,-0.682,83.545,0.0,0.0,-2.238,350.0786,0.0,0.0,6.953,0,0.0,1.56,310.005,1.7815,37.86,0.0,257.832,0.0,0
46975,-0.682,83.545,0.0,0.0,-2.238,350.0786,0.0,0.0,6.973000000000001,0,0.0,1.7650000000000001,310.005,-5.344600000000001,38.37,0.0,257.832,0.0,0
46975,-0.512,83.545,0.0,0.0,-2.238,350.0786,0.0,0.0,6.992,0,0.0,1.84,310.14000000000004,-1.0557,37.800000000000004,0.0,257.832,0.0,0
46975,-0.512,83.545,0.0,0.0,-2.238,350.0786,0.0,0.0,7.0120000000000005,0,0.0,1.965,310.14000000000004,2.0207,36.87,0.0,257.832,0.0,0
46975,-0.682,83.545,0.0,0.0,-2.238,350.0786,0.0,0.0,7.031000000000001,0,0.0,2.065,310.14000000000004,2.6805000000000003,37.08,0.0,257.832,0.0,0
46975,-0.512,83.545,0.0,0.0,-2.238,350.0786,0.0,0.0,7.031000000000001,0,0.0,2.17,310.14000000000004,3.0352,37.02,0.0,257.832,0.0,0
46975,-0.682,83.545,0.5,0.0,-2.238,350.0786,0.0,0.0,7.051,0,0.0,2.195,310.005,0.099,36.63,0.0,257.832,0.0,0
46975,-0.682,83.545,0.0,0.0,-2.238,350.0786,0.0,0.0,7.07,0,1.0,2.355,309.915,-4.486800000000001,37.32,0.0,257.832,0.0,0
46975,-0.853,83.545,0.0,0.0,-2.238,350.0786,0.0,0.0,7.090000000000001,0,0.0,2.5100000000000002,310.005,-4.9157,36.93,0.0,257.832,0.0,0
46975,-0.682,83.545,0.0,0.0,-2.238,350.0786,0.0,0.0,7.109,0,0.0,2.595,309.915,-1.3196,36.09,0.0,257.832,0.0,0
46975,-0.341,83.545,0.0,0.0,-2.238,350.0786,0.0,0.0,7.1290000000000004,0,0.0,2.72,310.14000000000004,3.0022,36.15,0.0,257.832,0.0,0
46975,-0.682,83.545,0.5,0.0,-2.238,350.0786,0.0,0.0,7.1530000000000005,0,0.0,2.8000000000000003,310.005,1.9795,35.730000000000004,0.0,257.832,0.0,0
46975,-0.171,83.545,0.0,0.0,-2.238,350.0786,0.0,0.0,7.173,0,0.0,2.75,310.005,2.5733,36.39,0.0,257.832,0.0,0
46975,-0.512,83.545,0.0,0.0,-2.238,350.0786,0.0,0.0,7.192,0,0.0,2.73,309.915,-6.2023,36.96,0.0,257.832,0.0,0
46975,-0.682,83.545,0.5,0.0,-2.238,350.0786,0.0,0.0,7.212000000000001,0,0.0,2.61,310.14000000000004,3.3321,37.68,0.0,257.832,0.0,0
46975,-0.341,83.545,0.0,0.0,-2.238,350.0786,0.0,0.0,7.231000000000001,0,0.0,2.4250000000000003,310.005,1.9795,38.550000000000004,0.0,257.832,0.0,0
46975,-0.512,83.545,0.0,0.0,-2.238,350.0786,0.0,0.0,7.251,0,0.0,2.37,310.005,-2.1774,38.46,0.0,257.832,0.0,0
46975,-0.682,83.545,-0.5,0.0,-2.238,350.0786,0.0,0.0,7.275,0,0.0,2.245,310.14000000000004,-0.39590000000000003,38.34,0.0,257.832,0.0,0
46975,-0.682,83.545,0.0,0.0,-2.238,350.0786,0.0,0.0,7.295,0,0.0,2.105,310.005,-1.5836000000000001,37.47,0.0,257.832,0.0,0
46975,-0.682,83.545,0.0,0.0,-2.238,350.0786,0.0,0.0,7.314,0,0.0,2.125,310.005,0.7918000000000001,36.96,0.0,257.832,0.0,0
46975,-0.512,83.545,0.0,0.0,-2.238,350.0786,0.0,0.0,7.3340000000000005,0,0.0,2.02,310.005,2.4743,37.08,0.0,257.832,0.0,0
46975,-0.341,83.545,0.0,0.0,-2.238,350.0786,0.0,0.0,7.354,0,0.0,1.945,310.14000000000004,0.7918000000000001,36.96,0.0,257.832,0.0,0
46975,-0.853,83.545,0.0,0.0,-2.238,350.0786,0.0,0.0,7.373,0,0.0,2.11,310.14000000000004,0.6928000000000001,36.33,0.0,257.832,0.0,0
46975,-0.853,83.545,0.0,0.0,-2.238,350.0786,0.0,0.0,7.397,0,0.0,2.14,310.005,-0.9238000000000001,35.46,0.0,257.832,0.0,0
46975,-0.853,83.545,0.5,0.0,-2.238,350.0786,0.0,0.0,7.417000000000001,0,0.0,2.105,310.005,-3.8600000000000003,35.28,0.0,257.832,0.0,0
46975,-0.512,83.545,0.0,0.0,-2.238,350.0786,0.0,0.0,7.437,0,0.0,2.225,310.005,-1.4516,35.550000000000004,0.0,257.832,0.0,0
46975,-0.682,83.545,0.0,0.0,-2.238,350.0786,0.0,0.0,7.456,0,0.0,2.315,310.005,-1.0557,37.56,0.0,257.832,0.0,0
46975,-0.341,83.545,0.0,0.0,-2.238,350.0786,0.0,0.0,7.476,0,0.0,2.455,310.005,2.2434000000000003,38.910000000000004,0.0,257.832,0.0,0
46975,-0.341,83.545,0.5,0.0,-2.238,350.0786,0.0,0.0,7.495,0,0.0,2.5100000000000002,310.14000000000004,5.4435,38.94,0.0,257.832,0.0,0
46975,-0.682,83.545,0.0,0.0,-2.238,350.0786,0.0,0.0,7.515000000000001,0,0.0,2.69,309.915,-2.2434000000000003,38.25,0.0,257.832,0.0,0
46975,-0.682,83.545,0.5,0.0,-2.238,350.0786,0.0,0.0,7.534000000000001,0,0.0,2.77,310.005,-0.5279,37.56,0.0,257.832,0.0,0
46975,-0.853,83.545,0.0,0.0,-2.238,350.0786,0.0,0.0,7.554,0,0.0,2.785,310.14000000000004,-0.132,37.050000000000004,0.0,257.832,0.0,0
46975,-0.341,83.545,0.0,0.0,-2.238,350.0786,0.0,0.0,7.573,0,0.0,2.835,310.14000000000004,1.6826,36.57,0.0,257.832,0.0,0
46975,-0.853,83.545,0.0,0.0,-2.238,350.0786,0.0,0.0,7.573,0,0.0,2.935,310.14000000000004,1.6083,36.51,0.0,257.832,0.0,0
46975,-0.682,83.545,0.0,0.0,-2.238,350.0786,0.0,0.0,7.593,0,0.0,2.915,310.14000000000004,1.8228000000000002,35.910000000000004,0.0,257.832,0.0,0
46975,-0.853,83.545,0.0,0.0,-2.238,350.0786,0.0,0.0,7.612,0,0.0,2.995,309.915,-1.8063,35.04,0.0,257.832,0.0,0
46975,-0.682,83.545,0.0,0.0,-2.238,350.0786,0.0,0.0,7.6370000000000005,0,0.0,2.88,310.14000000000004,-5.5425,35.49,0.0,257.832,0.0,0
46975,-0.682,83.545,0.0,0.0,-2.238,350.0786,0.0,0.0,7.656000000000001,0,0.0,2.935,310.14000000000004,3.5383,35.49,0.0,257.832,0.0,0
46975,-0.341,83.545,0.0,0.0,-2.238,350.0786,0.0,0.0,7.676,0,0.0,2.81,309.915,0.9897,35.79,0.0,257.832,0.0,0
46975,-1.0230000000000001,83.545,0.0,0.0,-2.238,350.0786,0.0,0.0,7.695,0,0.0,2.725,310.14000000000004,-3.8682000000000003,37.35,0.0,257.832,0.0,0
46975,-0.682,83.545,0.0,0.0,-2.238,350.0786,0.0,0.0,7.715000000000001,0,0.0,2.56,309.915,1.097,37.65,0.0,257.832,0.0,0
46975,-0.512,83.545,0.0,0.0,-2.238,350.0786,0.0,0.0,7.739000000000001,0,0.0,2.345,310.14000000000004,4.6435,38.25,0.0,257.832,0.0,0
46975,-0.682,83.545,0.0,0.0,-2.238,350.0786,0.0,0.0,7.759,0,1.0,2.335,310.14000000000004,0.19790000000000002,38.550000000000004,0.0,257.832,0.0,0
46975,-0.341,83.545,0.5,0.0,-2.238,350.0786,0.0,0.0,7.7780000000000005,0,0.0,2.22,310.005,2.5073000000000003,38.01,0.0,257.832,0.0,0
46975,-0.682,83.545,0.0,0.0,-2.238,350.0786,0.0,0.0,7.798,0,0.0,2.25,310.005,-3.7363000000000004,36.96,0.0,257.832,0.0,0
46975,-0.682,83.545,-0.5,0.0,-2.238,350.0786,0.0,0.0,7.817,0,0.0,2.18,310.005,-2.0455,36.15,0.0,257.832,0.0,0
46975,-0.512,83.545,0.0,0.0,-2.238,350.0786,0.0,0.0,7.837000000000001,0,0.0,2.365,309.915,5.493,35.910000000000004,0.0,257.832,0.0,0
46975,-0.512,83.545,0.0,0.0,-2.238,350.0786,0.0,0.0,7.856000000000001,0,0.0,2.47,310.005,-2.3094,35.730000000000004,0.0,257.832,0.0,0
46975,-0.682,83.545,0.0,0.0,-2.238,350.0786,0.0,0.0,7.876,0,0.0,2.515,309.915,-3.6785,36.18,0.0,257.832,0.0,0
46975,-0.512,83.545,0.0,0.0,-2.238,350.0786,0.0,0.0,7.896000000000001,0,0.0,2.6550000000000002,310.005,0.0247,36.42,0.0,257.832,0.0,0
46975,-0.512,83.545,0.0,0.0,-2.238,350.0786,0.0,0.0,7.915,0,0.0,2.8000000000000003,310.005,2.9692000000000003,36.27,0.0,257.832,0.0,0
46975,-0.682,83.545,0.0,0.0,-2.238,350.0786,0.0,0.0,7.9350000000000005,0,0.0,2.975,310.005,4.486800000000001,36.09,0.0,257.832,0.0,0
46975,-0.171,83.545,0.0,0.0,-2.238,350.0786,0.0,0.0,7.939,0,0.0,3.0500000000000003,310.005,4.2229,36.12,0.0,257.832,0.0,0
46975,-0.512,83.545,0.0,0.0,-2.238,350.0786,0.0,0.0,7.9590000000000005,0,0.0,3.085,310.005,-3.1672000000000002,36.42,0.0,257.832,0.0,0
46975,-0.512,83.545,0.0,0.0,-2.238,350.0786,0.0,0.0,7.979,0,0.0,3.17,310.005,-0.2639,36.96,0.0,257.832,0.0,0
46975,-0.682,83.545,0.0,0.0,-2.238,350.0786,0.0,0.0,7.998,0,0.0,3.16,310.14000000000004,2.5403000000000002,37.02,0.0,257.832,0.0,0
46975,-0.682,83.545,0.0,0.0,-2.238,350.0786,0.0,0.0,8.018,0,0.0,3.12,310.005,-0.7918000000000001,37.86,0.0,257.832,0.0,0
46975,-0.512,83.545,0.0,0.0,-2.238,350.0786,0.0,0.0,8.037,0,0.0,3.215,310.005,0.7918000000000001,38.07,0.0,257.832,0.0,0
46975,-0.853,83.545,0.0,0.0,-2.238,350.0786,0.0,0.0,8.057,0,0.0,2.97,310.005,-3.1672000000000002,38.31,0.0,257.832,0.0,0
46975,-0.341,83.545,0.0,0.0,-2.238,350.0786,0.0,0.0,8.081,0,0.0,2.795,309.915,-3.3651,37.26,0.0,257.832,0.0,0
46975,-0.341,83.545,0.0,0.0,-2.238,350.0786,0.0,0.0,8.101,0,0.0,2.86,310.005,-1.4516,36.18,0.0,257.832,0.0,0
46975,-0.171,83.545,0.0,0.0,-2.238,350.0786,0.0,0.0,8.120000000000001,0,0.0,2.6550000000000002,310.005,3.1672000000000002,35.34,0.0,257.832,0.0,0
46975,-0.682,83.545,0.0,0.0,-2.238,350.0786,0.0,0.0,8.14,0,0.0,2.5500000000000003,310.005,3.8270000000000004,34.980000000000004,0.0,257.832,0.0,0
46975,-0.682,83.545,0.0,0.0,-2.238,350.0786,0.0,0.0,8.164,0,0.0,2.585,310.14000000000004,-2.4743,35.46,0.0,257.832,0.0,0
46975,-0.171,83.545,0.0,0.0,-2.238,350.0786,0.0,0.0,8.184000000000001,0,0.0,2.445,310.005,-0.7918000000000001,35.46,0.0,257.832,0.0,0
46975,-0.512,83.545,0.0,0.0,-2.238,350.0786,0.0,0.0,8.203000000000001,0,0.0,2.515,310.005,-0.7918000000000001,36.27,0.0,257.832,0.0,0
46975,-0.341,83.545,0.0,0.0,-2.238,350.0786,0.0,0.0,8.223,0,0.0,2.485,310.14000000000004,0.0,36.93,0.0,257.832,0.0,0
46975,-0.341,83.545,0.0,0.0,-2.238,350.0786,0.0,0.0,8.242,0,0.0,2.41,310.14000000000004,3.8600000000000003,36.9,0.0,257.832,0.0,0
46975,-0.512,83.545,0.0,0.0,-2.238,350.0786,0.0,0.0,8.262,0,0.0,2.515,310.005,-0.39590000000000003,37.17,0.0,257.832,0.0,0
46975,-0.853,83.545,0.0,0.0,-2.238,350.0786,0.0,0.0,8.281,0,0.0,2.68,309.915,-3.2661000000000002,37.32,0.0,257.832,0.0,0
46975,-0.512,83.545,0.0,0.0,-2.238,350.0786,0.0,0.0,8.301,0,0.0,2.755,310.005,-3.1672000000000002,37.56,0.0,257.832,0.0,0
46975,-0.341,83.545,0.0,0.0,-2.238,350.0786,0.0,0.0,8.306000000000001,0,0.0,2.825,310.14000000000004,-1.8475000000000001,37.62,0.0,257.832,0.0,0
46975,-0.512,83.545,0.0,0.0,-2.238,350.0786,0.0,0.0,8.325000000000001,0,0.0,2.805,310.005,-1.1877,37.230000000000004,0.0,257.832,0.0,0
46975,-0.853,83.545,0.0,0.0,-2.238,350.0786,0.0,0.0,8.345,0,0.0,2.985,310.005,0.7093,36.84,0.0,257.832,0.0,0
46975,-0.341,83.545,0.0,0.0,-2.238,350.0786,0.0,0.0,8.364,0,0.0,3.075,310.005,-1.3856000000000002,35.61,0.0,257.832,0.0,0
46975,-0.341,83.545,0.0,0.0,-2.238,350.0786,0.0,0.0,8.384,0,0.0,3.11,310.14000000000004,-0.42060000000000003,34.92,0.0,257.832,0.0,0
46975,-0.512,83.545,0.0,0.0,-2.238,350.0786,0.0,0.0,8.403,0,0.0,3.235,310.005,3.6950000000000003,33.78,0.0,257.832,0.0,0
46975,-0.341,83.545,0.0,0.0,-2.238,350.0786,0.0,0.0,8.423,0,0.0,3.185,310.14000000000004,0.6351,34.14,0.0,257.832,0.0,0
46975,-0.512,83.545,0.0,0.0,-2.238,350.0786,0.0,0.0,8.442,0,0.0,3.215,310.005,-0.6598,35.76,0.0,257.832,0.0,0
46975,-0.682,83.545,0.0,0.0,-2.238,350.0786,0.0,0.0,8.462,0,0.0,3.09,309.915,-0.6433,37.14,0.0,257.832,0.0,0
46975,-0.341,83.545,0.0,0.0,-2.238,350.0786,0.0,0.0,8.481,0,0.0,3.11,310.005,-2.9692000000000003,37.74,0.0,257.832,0.0,0
46975,-0.341,83.545,0.0,0.0,-2.238,350.0786,0.0,0.0,8.506,0,0.0,3.115,310.005,2.0455,37.11,0.0,257.832,0.0,0
46975,-0.682,83.545,0.0,0.0,-2.238,350.0786,0.0,0.0,8.525,0,0.0,3.075,310.14000000000004,4.2641,36.51,0.0,257.832,0.0,0
46975,-0.512,83.545,0.0,0.0,-2.238,350.0786,0.0,0.0,8.545,0,0.0,3.0100000000000002,310.005,1.2537,36.42,0.0,257.832,0.0,0
46975,-0.853,83.545,0.0,0.0,-2.238,350.0786,0.0,0.0,8.564,0,0.0,2.6750000000000003,310.14000000000004,0.9650000000000001,36.15,0.0,257.832,0.0,0
46975,-0.682,83.545,0.0,0.0,-2.238,350.0786,0.0,0.0,8.584,0,0.0,2.665,310.005,-2.2187,35.94,0.0,257.832,0.0,0
46975,-0.341,83.545,0.0,0.0,-2.238,350.0786,0.0,0.0,8.608,0,0.0,2.63,309.915,-1.5176,35.52,0.0,257.832,0.0,0
46975,-0.512,83.545,0.5,0.0,-2.238,350.0786,0.0,0.0,8.628,0,0.0,2.6,310.14000000000004,-1.8475000000000001,34.800000000000004,0.0,257.832,0.0,0
46975,-0.341,83.545,0.0,0.0,-2.238,350.0786,0.0,0.0,8.647,0,0.0,2.565,309.915,1.0062,35.01,0.0,257.832,0.0,0
46975,-0.341,83.545,0.0,0.0,-2.238,350.0786,0.0,0.0,8.667,0,0.0,2.705,310.005,2.9527,35.25,0.0,257.832,0.0,0
46975,-0.171,83.545,0.0,0.0,-2.238,350.0786,0.0,0.0,8.667,0,0.0,2.665,310.005,2.0455,35.19,0.0,257.832,0.0,0
46975,-0.171,83.545,0.0,0.0,-2.238,350.0786,0.0,0.0,8.691,0,0.0,2.69,310.23,1.0557,35.34,0.0,257.832,0.0,0
46975,-0.853,83.545,0.0,0.0,-2.238,350.0786,0.0,0.0,8.711,0,0.0,2.845,310.005,2.0455,36.87,0.0,257.832,0.0,0
46975,-0.171,83.545,0.0,0.0,-2.238,350.0786,0.0,0.0,8.73,0,0.0,2.99,310.005,1.9795,37.77,0.0,257.832,0.0,0
46975,-0.341,83.545,0.0,0.0,-2.238,350.0786,0.0,0.0,8.75,0,0.0,3.115,310.14000000000004,-0.9897,38.550000000000004,0.0,257.832,0.0,0
46975,-0.512,83.545,0.0,0.0,-2.238,350.0786,0.0,0.0,8.77,0,0.0,3.31,310.005,-2.1114,38.04,0.0,257.832,0.0,0
46975,-0.512,83.545,0.0,0.0,-2.238,350.0786,0.0,0.0,8.789,0,0.0,3.3200000000000003,310.14000000000004,3.0682,36.6,0.0,257.832,0.0,0
46975,-0.682,83.545,0.0,0.0,-2.238,350.0786,0.0,0.0,8.809000000000001,0,0.0,3.31,310.005,-1.1877,36.57,0.0,257.832,0.0,0
46975,-0.853,83.545,0.0,0.0,-2.238,350.0786,0.0,0.0,8.828000000000001,0,0.0,3.415,310.005,0.0,37.050000000000004,0.0,257.832,0.0,0
46975,-0.853,83.545,0.0,0.0,-2.238,350.0786,0.0,0.0,8.848,0,0.0,3.4,309.915,-4.2229,37.74,0.0,257.832,0.0,0
46975,-0.512,83.545,0.0,0.0,-2.238,350.0786,0.0,0.0,8.867,0,0.0,3.46,310.005,-2.1114,36.93,0.0,257.832,0.0,0
46975,-0.512,83.545,0.0,0.0,-2.238,350.0786,0.0,0.0,8.887,0,0.0,3.305,310.005,-1.1877,35.76,0.0,257.832,0.0,0
46975,-0.341,83.545,0.0,0.0,-2.238,350.0786,0.0,0.0,8.911,0,0.0,2.88,310.14000000000004,-0.4289,34.89,0.0,257.832,0.0,0
46975,-0.171,83.545,0.0,0.0,-2.238,350.0786,0.0,0.0,8.936,0,0.0,1.05,310.14000000000004,6.9941,34.14,0.0,257.832,0.0,0
46975,-0.341,83.545,0.0,0.0,-2.238,350.0786,0.0,0.0,8.96,0,0.0,0.965,310.005,0.0,35.01,0.0,257.832,0.0,0
46975,-0.682,83.545,0.0,0.0,-2.238,350.0786,0.0,0.0,8.979000000000001,0,0.0,0.99,310.23,-1.0557,36.78,0.0,257.832,0.0,0
46975,-0.512,83.545,0.0,0.0,-2.238,350.0786,0.0,0.0,8.999,0,0.0,0.85,310.005,3.0022,38.61,0.0,257.832,0.0,0
46975,-0.341,83.545,0.0,0.0,-2.238,350.0786,0.0,0.0,9.019,0,0.0,0.765,310.005,-0.39590000000000003,39.09,0.0,257.832,0.0,0
46975,-0.682,83.545,0.0,0.0,-2.238,350.0786,0.0,0.0,9.043000000000001,0,0.0,0.785,310.005,-4.8497,38.46,0.0,257.832,0.0,0
46975,-0.341,83.545,0.0,0.0,-2.238,350.0786,0.0,0.0,9.063,0,0.0,0.885,310.14000000000004,2.7713,37.800000000000004,0.0,257.832,0.0,0
46975,-0.341,83.545,0.0,0.0,-2.238,350.0786,0.0,0.0,9.082,0,0.0,0.795,310.005,2.3754,36.9,0.0,257.832,0.0,0
46975,-0.171,83.545,0.0,0.0,-2.238,350.0786,0.0,0.0,9.102,0,0.0,0.93,310.005,-3.563,36.72,0.0,257.832,0.0,0
46975,-0.682,83.545,0.0,0.0,-2.238,350.0786,0.0,0.0,9.121,0,0.0,1.0050000000000001,310.005,-1.4846000000000001,36.12,0.0,257.832,0.0,0
46975,-0.682,83.545,0.0,0.0,-2.238,350.0786,0.0,0.0,9.141,0,0.0,1.185,310.005,-0.9238000000000001,35.88,0.0,257.832,0.0,0
46975,-0.512,83.545,0.0,0.0,-2.238,350.0786,0.0,0.2,9.16,0,0.0,1.225,310.14000000000004,-1.6826,35.43,0.0,257.832,0.0,0
46975,-0.512,83.545,0.0,0.0,-2.238,350.0786,0.0,0.0,9.18,0,0.0,1.415,310.005,2.2434000000000003,34.89,0.0,257.832,0.0,0
46975,-0.512,83.545,0.0,0.0,-2.238,350.0786,0.0,0.0,9.199,0,0.0,1.45,310.005,0.2639,35.64,0.0,257.832,0.0,0
46975,-0.853,83.545,0.0,0.0,-2.238,350.0786,0.0,0.0,9.219000000000001,0,0.0,1.675,310.005,-2.7713,36.24,0.0,257.832,0.0,0
46975,-0.853,83.545,0.0,0.0,-2.238,350.0786,0.0,0.0,9.238000000000001,0,0.0,1.74,310.005,1.5836000000000001,37.44,0.0,257.832,0.0,0
46975,-0.171,83.545,-0.5,0.0,-2.238,350.0786,0.0,0.0,9.258000000000001,0,0.0,1.61,310.14000000000004,1.0557,37.83,0.0,257.832,0.0,0
46975,-0.512,83.545,0.0,0.0,-2.238,350.0786,0.0,0.0,9.277000000000001,0,0.0,1.57,309.915,-2.5733,37.71,0.0,257.832,0.0,0
46975,-0.341,83.545,0.0,0.0,-2.238,350.0786,0.0,0.0,9.282,0,0.0,1.455,309.915,-3.3486000000000002,37.71,0.0,257.832,0.0,0
46975,-0.341,83.545,0.0,0.0,-2.238,350.0786,0.0,0.0,9.302,0,0.0,1.6,309.915,-1.8310000000000002,37.92,0.0,257.832,0.0,0
46975,-0.512,83.545,0.0,0.0,-2.238,350.0786,0.0,0.0,9.321,0,0.0,1.43,310.005,-0.23920000000000002,37.56,0.0,257.832,0.0,0
46975,-0.341,83.545,0.0,0.0,-2.238,350.0786,0.0,0.0,9.341000000000001,0,0.0,1.41,310.005,2.029,36.9,0.0,257.832,0.0,0
46975,-0.682,83.545,0.0,0.0,-2.238,350.0786,0.0,0.0,9.365,0,0.0,1.29,310.005,-0.066,36.33,0.0,257.832,0.0,0
46975,-0.341,83.545,0.0,0.0,-2.238,350.0786,0.0,0.0,9.385,0,0.0,1.21,310.005,0.0,35.76,0.0,257.832,0.0,0
46975,-0.341,83.545,0.0,0.0,-2.238,350.0786,0.0,0.0,9.404,0,0.0,0.985,309.915,-2.8867000000000003,35.94,0.0,257.832,0.0,0
46975,-0.682,83.545,0.0,0.0,-2.238,350.0786,0.0,0.0,9.424000000000001,0,0.0,0.96,310.005,1.7815,35.58,0.0,257.832,0.0,0
46975,-0.682,83.545,0.0,0.0,-2.238,350.0786,0.0,0.0,9.443,0,0.0,0.9,310.14000000000004,4.594,35.64,0.0,257.832,0.0,0
46975,-0.341,83.545,0.0,0.0,-2.238,350.0786,0.0,0.0,9.463000000000001,0,0.0,0.9400000000000001,310.14000000000004,1.8063,36.09,0.0,257.832,0.0,0
46975,-0.682,83.545,0.0,0.0,-2.238,350.0786,0.0,0.0,9.487,0,0.0,0.9500000000000001,310.14000000000004,3.9589000000000003,37.53,0.0,257.832,0.0,0
46975,-0.341,83.545,0.0,0.0,-2.238,350.0786,0.0,0.0,9.507,0,0.0,1.03,310.005,-3.2744,38.19,0.0,257.832,0.0,0
46975,-0.512,83.545,0.0,0.0,-2.238,350.0786,0.0,0.0,9.526,0,0.0,1.05,310.14000000000004,-3.5878,37.86,0.0,257.832,0.0,0
46975,-0.512,83.545,0.0,0.0,-2.238,350.0786,0.0,0.0,9.546000000000001,0,1.0,1.225,310.005,-1.9547,38.01,0.0,257.832,0.0,0
46975,-0.512,83.545,0.5,0.0,-2.238,350.0786,0.0,0.0,9.565000000000001,0,0.0,1.27,310.14000000000004,1.2784,37.83,0.0,257.832,0.0,0
46975,-0.171,83.545,0.0,0.0,-2.238,350.0786,0.0,0.0,9.585,0,0.0,1.46,309.915,1.0310000000000001,37.14,0.0,257.832,0.0,0
46975,-0.682,83.545,0.0,0.0,-2.238,350.0786,0.0,0.0,9.604000000000001,0,0.0,1.5050000000000001,309.915,-3.0352,35.79,0.0,257.832,0.0,0
46975,-0.341,83.545,0.0,0.0,-2.238,350.0786,0.0,0.0,9.624,0,0.0,1.6,309.915,-6.2931,34.71,0.0,257.832,0.0,0
46975,-0.512,83.545,0.0,0.0,-2.238,350.0786,0.0,0.0,9.644,0,0.0,1.86,309.915,0.14850000000000002,34.65,0.0,257.832,0.0,0
46975,-0.341,83.545,0.0,0.0,-2.238,350.0786,0.0,0.0,9.663,0,0.0,1.71,310.005,2.6228000000000002,35.1,0.0,257.832,0.0,0
46975,-0.512,83.545,0.0,0.0,-2.238,350.0786,0.0,0.0,9.683,0,0.0,1.84,310.005,2.3754,36.0,0.0,257.832,0.0,0
46975,-0.512,83.545,0.0,0.0,-2.238,350.0786,0.0,0.0,9.702,0,0.0,1.81,310.005,1.4351,36.6,0.0,257.832,0.0,0
46975,-0.341,83.545,0.0,0.0,-2.238,350.0786,0.0,0.0,9.722000000000001,0,0.0,1.6500000000000001,310.005,0.0,36.87,0.0,257.832,0.0,0
46975,-0.341,83.545,0.0,0.0,-2.238,350.0786,0.0,0.0,9.741,0,0.0,1.585,309.915,2.0620000000000003,37.14,0.0,257.832,0.0,0
46975,-0.171,83.545,0.0,0.0,-2.238,350.0786,0.0,0.0,9.766,0,0.0,1.46,310.005,1.8475000000000001,37.44,0.0,257.832,0.0,0
46975,-0.512,83.545,0.0,0.0,-2.238,350.0786,0.0,0.0,9.785,0,0.0,1.43,310.005,-2.5073000000000003,37.800000000000004,0.0,257.832,0.0,0
46975,-0.171,83.545,0.0,0.0,-2.238,350.0786,0.0,0.0,9.805,0,2.0,1.165,310.005,-2.6805000000000003,37.56,0.0,257.832,0.0,0
46975,-0.341,83.545,0.0,0.0,-2.238,350.0786,0.0,0.0,9.829,0,0.0,1.115,310.005,2.5733,37.89,0.0,257.832,0.0,0
46975,-0.341,83.545,0.0,0.0,-2.238,350.0786,0.0,0.0,9.849,0,0.0,0.935,310.005,1.5011,37.89,0.0,257.832,0.0,0
46975,-0.341,83.545,0.0,0.0,-2.238,350.0786,0.0,0.0,9.868,0,0.0,0.965,310.005,-3.3651,36.09,0.0,257.832,0.0,0
46975,-0.171,83.545,0.0,0.0,-2.238,350.0786,0.0,0.0,9.888,0,0.0,0.98,310.005,2.3094,35.61,0.0,257.832,0.0,0
46975,-0.341,83.545,-0.5,0.0,-2.238,350.0786,0.0,0.0,9.907,0,0.0,0.91,310.14000000000004,2.4166000000000003,35.25,0.0,257.832,0.0,0
46975,-0.171,83.545,0.0,0.0,-2.238,350.0786,0.0,0.0,9.927,0,0.0,1.0,310.005,1.7815,35.01,0.0,257.832,0.0,0
46975,-0.171,83.545,0.0,0.0,-2.238,350.0786,0.0,0.0,9.946,0,0.0,1.08,310.005,-0.39590000000000003,35.25,0.0,257.832,0.0,0
46975,-0.341,83.545,0.0,0.0,-2.238,350.0786,0.0,0.0,9.951,0,0.0,1.115,310.005,-0.7918000000000001,35.37,0.0,257.832,0.0,0
46975,-0.512,83.545,0.0,0.0,-2.238,350.0786,0.0,0.0,9.971,0,1.0,1.2550000000000001,310.005,-4.7507,35.88,0.0,257.832,0.0,0
46975,-0.341,83.545,0.0,0.0,-2.238,350.0786,0.0,0.0,9.99,0,0.0,1.345,310.005,1.5836000000000001,36.87,0.0,257.832,0.0,0
46975,-0.512,83.545,0.0,0.0,-2.238,350.0786,0.0,0.0,10.01,0,0.0,1.605,310.14000000000004,2.3754,37.32,0.0,257.832,0.0,0
46975,-0.341,83.545,0.0,0.0,-2.238,350.0786,0.0,0.0,10.029,0,0.0,1.725,310.005,0.0,37.800000000000004,0.0,257.832,0.0,0
46975,-0.341,83.545,0.0,0.0,-2.238,350.0786,0.0,0.0,10.049000000000001,0,0.0,1.79,310.005,-1.5836000000000001,36.9,0.0,257.832,0.0,0
46975,-0.682,83.545,0.0,0.0,-2.238,350.0786,0.0,0.0,10.068,0,0.0,1.85,310.005,-3.8600000000000003,36.84,0.0,257.832,0.0,0
46975,-0.341,83.545,0.0,0.0,-2.238,350.0786,0.0,0.0,10.088000000000001,0,0.0,1.835,310.14000000000004,2.7713,36.27,0.0,257.832,0.0,0
46975,-0.341,83.545,0.0,0.0,-2.238,350.0786,0.0,0.0,10.107000000000001,0,0.0,1.76,310.14000000000004,6.2353000000000005,36.480000000000004,0.0,257.832,0.0,0
46975,-0.512,83.545,0.0,0.0,-2.238,350.0786,0.0,0.0,10.127,0,0.0,1.67,310.005,0.0,36.93,0.0,257.832,0.0,0
46975,-0.171,83.545,0.0,0.0,-2.238,350.0786,0.0,0.0,10.146,0,0.0,1.5150000000000001,310.14000000000004,-4.7507,36.0,0.0,257.832,0.0,0
46975,-0.341,83.545,0.0,0.0,-2.238,350.0786,0.0,0.0,10.171000000000001,0,0.0,1.435,310.14000000000004,1.1877,35.160000000000004,0.0,257.832,0.0,0
46975,-0.341,83.545,0.0,0.0,-2.238,350.0786,0.0,0.0,10.190000000000001,0,0.0,1.31,310.14000000000004,-0.099,34.68,0.0,257.832,0.0,0
46975,-0.512,83.545,0.0,0.0,-2.238,350.0786,0.0,0.0,10.21,0,0.0,1.33,310.005,-3.0352,34.62,0.0,257.832,0.0,0
46975,-0.171,83.545,0.0,0.0,-2.238,350.0786,0.0,0.0,10.229000000000001,0,0.0,1.185,310.005,0.3629,35.13,0.0,257.832,0.0,0
46975,-0.341,83.545,0.0,0.0,-2.238,350.0786,0.0,0.0,10.254000000000001,0,1.0,1.2,310.14000000000004,-1.7155,35.79,0.0,257.832,0.0,0
46975,-0.171,83.545,0.0,0.0,-2.238,350.0786,0.0,0.0,10.273,0,0.0,1.095,309.915,-2.5733,37.26,0.0,257.832,0.0,0
46975,-0.512,83.545,0.0,0.0,-2.238,350.0786,0.0,0.0,10.293000000000001,0,0.0,1.175,310.005,1.3196,37.92,0.0,257.832,0.0,0
46975,-0.682,83.545,0.0,0.0,-2.238,350.0786,0.0,0.0,10.313,0,0.0,1.18,310.005,1.4186,37.29,0.0,257.832,0.0,0
46975,-0.341,83.545,0.0,0.0,-2.238,350.0786,0.0,0.0,10.332,0,0.0,1.24,310.005,0.2639,36.84,0.0,257.832,0.0,0
46975,-0.171,83.545,0.0,0.0,-2.238,350.0786,0.0,0.0,10.352,0,0.0,1.32,310.005,-3.1672000000000002,36.33,0.0,257.832,0.0,0
46975,-0.341,83.545,0.0,0.0,-2.238,350.0786,0.0,0.0,10.371,0,0.0,1.365,310.005,-0.2639,36.75,0.0,257.832,0.0,0
46975,-0.341,83.545,0.0,0.0,-2.238,350.0786,0.0,0.0,10.376000000000001,0,0.0,1.37,310.005,-0.132,36.72,0.0,257.832,0.0,0
46975,-0.682,83.545,0.0,0.0,-2.238,350.0786,0.0,0.0,10.396,0,0.0,1.405,310.005,-0.2639,35.97,0.0,257.832,0.0,0
46975,-0.512,83.545,0.0,0.0,-2.238,350.0786,0.0,0.0,10.415000000000001,0,0.0,1.49,310.005,-0.132,34.89,0.0,257.832,0.0,0
46975,-0.512,83.545,0.0,0.0,-2.238,350.0786,0.0,0.0,10.435,0,0.0,1.62,310.14000000000004,5.5178,34.17,0.0,257.832,0.0,0
46975,-0.341,83.545,0.0,0.0,-2.238,350.0786,0.0,0.0,10.454,0,0.0,1.7650000000000001,310.005,1.1877,34.11,0.0,257.832,0.0,0
46975,-0.341,83.545,0.0,0.0,-2.238,350.0786,0.0,0.0,10.474,0,0.0,1.83,310.14000000000004,-2.0702000000000003,34.59,0.0,257.832,0.0,0
46975,-0.341,83.545,0.0,0.0,-2.238,350.0786,0.0,0.0,10.493,0,0.0,1.965,310.005,-1.2289,36.09,0.0,257.832,0.0,0
46975,-0.341,83.545,0.0,0.0,-2.238,350.0786,0.0,0.0,10.513,0,0.0,1.885,310.005,-0.39590000000000003,37.050000000000004,0.0,257.832,0.0,0
46975,-0.512,83.545,0.0,0.0,-2.238,350.0786,0.0,0.0,10.532,0,0.0,1.8900000000000001,309.915,-3.9177000000000004,37.53,0.0,257.832,0.0,0
46975,-0.682,83.545,0.0,0.0,-2.238,350.0786,0.0,0.0,10.552000000000001,0,0.0,1.7850000000000001,310.14000000000004,5.3693,37.14,0.0,257.832,0.0,0
46975,-0.512,83.545,0.0,0.0,-2.238,350.0786,0.0,0.0,10.571,0,0.0,1.52,309.915,1.2042000000000002,36.93,0.0,257.832,0.0,0
46975,-0.682,83.545,0.0,0.0,-2.238,350.0786,0.0,0.0,10.596,0,0.0,1.56,310.23,0.42060000000000003,36.75,0.0,257.832,0.0,0
46975,-0.512,83.545,0.0,0.0,-2.238,350.0786,0.0,0.0,10.615,0,0.0,1.5,310.005,-1.2949000000000002,36.0,0.0,257.832,0.0,0
46975,-0.512,83.545,0.5,0.0,-2.238,350.0786,0.0,0.0,10.635,0,0.0,1.27,310.005,0.19790000000000002,35.97,0.0,257.832,0.0,0
46975,-0.341,83.545,0.0,0.0,-2.238,350.0786,0.0,0.0,10.654,0,0.0,1.065,310.005,-0.3547,36.03,0.0,257.832,0.0,0
46975,-0.512,83.545,0.0,0.0,-2.238,350.0786,0.0,0.0,10.679,0,0.0,1.0050000000000001,310.14000000000004,1.9547,35.550000000000004,0.0,257.832,0.0,0
46975,-0.512,83.545,0.0,0.0,-2.238,350.0786,0.0,0.0,10.698,0,0.0,0.905,310.005,1.3856000000000002,34.62,0.0,257.832,0.0,0
46975,-0.512,83.545,0.0,0.0,-2.238,350.0786,0.0,0.0,10.718,0,1.0,0.98,310.005,1.7815,33.87,0.0,257.832,0.0,0
46975,-0.341,83.545,0.0,0.0,-2.238,350.0786,0.0,0.0,10.737,0,0.0,1.0050000000000001,310.005,-6.243600000000001,34.11,0.0,257.832,0.0,0
46975,-0.341,83.545,0.0,0.0,-2.238,350.0786,0.0,0.0,10.757,0,1.0,0.995,310.14000000000004,-0.6598,35.25,0.0,257.832,0.0,0
46975,-0.341,83.545,0.0,0.0,-2.238,350.0786,0.0,0.0,10.776,0,0.0,1.09,310.005,5.1466,36.54,0.0,257.832,0.0,0
46975,-0.512,83.545,0.0,0.0,-2.238,350.0786,0.0,0.0,10.796000000000001,0,0.0,1.215,309.915,-2.1114,37.56,0.0,257.832,0.0,0
46975,-0.512,83.545,0.0,0.0,-2.238,350.0786,0.0,0.0,10.815000000000001,0,0.0,1.345,309.915,-5.5013000000000005,37.02,0.0,257.832,0.0,0
46975,-0.341,83.545,0.0,0.0,-2.238,350.0786,0.0,0.0,10.835,0,0.0,1.3800000000000001,309.915,0.47840000000000005,35.76,0.0,257.832,0.0,0
46975,-0.341,83.545,0.0,0.0,-2.238,350.0786,0.0,0.0,10.854000000000001,0,0.0,1.595,310.005,3.1507,35.58,0.0,257.832,0.0,0
46975,-0.171,83.545,0.0,0.0,-2.238,350.0786,0.0,0.0,10.874,0,0.0,1.645,310.005,0.39590000000000003,36.03,0.0,257.832,0.0,0
46975,-0.171,83.545,0.0,0.0,-2.238,350.0786,0.0,0.0,10.894,0,0.0,1.84,310.14000000000004,1.8063,35.31,0.0,257.832,0.0,0
46975,-0.171,83.545,0.0,0.0,-2.238,350.0786,0.0,0.0,10.913,0,0.0,1.835,310.005,1.1877,34.83,0.0,257.832,0.0,0
46975,-0.171,83.545,0.0,0.0,-2.238,350.0786,0.0,0.0,10.918000000000001,0,0.0,1.7850000000000001,310.005,0.7918000000000001,34.800000000000004,0.0,257.832,0.0,0
46975,-0.341,83.545,0.0,0.0,-2.238,350.0786,0.0,0.0,10.938,0,0.0,1.795,310.005,-4.7507,35.13,0.0,257.832,0.0,0
46975,-0.171,83.545,-0.5,0.0,-2.238,350.0786,0.0,0.0,10.957,0,0.0,1.825,310.005,-4.3548,34.68,0.0,257.832,0.0,0
46975,-0.171,83.545,0.0,0.0,-2.238,350.0786,0.0,0.0,10.977,0,0.0,1.615,310.005,1.0557,34.05,0.0,257.832,0.0,0
46975,-0.341,83.545,0.0,0.0,-2.238,350.0786,0.0,0.0,11.001000000000001,0,0.0,1.48,309.915,-0.5279,34.230000000000004,0.0,257.832,0.0,0
46975,-0.341,83.545,0.0,0.0,-2.238,350.0786,0.0,0.0,11.021,0,0.0,1.335,310.14000000000004,-1.6826,34.95,0.0,257.832,0.0,0
46975,-0.341,83.545,0.0,0.0,-2.238,350.0786,0.0,0.0,11.040000000000001,0,0.0,1.28,310.005,1.9795,35.64,0.0,257.832,0.0,0
46975,-0.171,83.545,0.0,0.0,-2.238,350.0786,0.0,0.0,11.06,0,0.0,1.16,310.005,4.1569,36.63,0.0,257.832,0.0,0
46975,-0.341,83.545,0.0,0.0,-2.238,350.0786,0.0,0.0,11.084000000000001,0,0.0,1.075,310.14000000000004,0.6598,36.69,0.0,257.832,0.0,0
46975,-0.171,83.545,0.0,0.0,-2.238,350.0786,0.0,0.0,11.104000000000001,0,0.0,0.97,310.005,2.3754,35.910000000000004,0.0,257.832,0.0,0
46975,-0.341,83.545,0.0,0.0,-2.238,350.0786,0.0,0.0,11.123000000000001,0,0.0,1.01,309.915,-3.4311000000000003,35.25,0.0,257.832,0.0,0
46975,-0.341,83.545,0.0,0.0,-2.238,350.0786,0.0,0.0,11.143,0,0.0,1.0050000000000001,310.005,-4.3878,36.12,0.0,257.832,0.0,0
46975,-0.682,83.545,0.0,0.0,-2.238,350.0786,0.0,0.0,11.162,0,0.0,1.035,310.005,-0.5279,35.76,0.0,257.832,0.0,0
46975,-0.682,83.545,0.0,0.0,-2.238,350.0786,0.0,0.0,11.182,0,0.0,1.1300000000000001,310.005,-0.066,35.160000000000004,0.0,257.832,0.0,0
46975,-0.171,83.545,0.0,0.0,-2.238,350.0786,0.0,0.0,11.201,0,0.0,1.21,310.14000000000004,6.334300000000001,35.37,0.0,257.832,0.0,0
46975,-0.682,83.545,0.0,0.0,-2.238,350.0786,0.0,0.0,11.221,0,0.0,1.325,310.14000000000004,5.179600000000001,35.31,0.0,257.832,0.0,0
46975,-0.512,83.545,0.0,0.0,-2.238,350.0786,0.0,0.0,11.24,0,0.0,1.31,310.005,-1.3196,34.980000000000004,0.0,257.832,0.0,0
46975,-0.341,83.545,0.0,0.0,-2.238,350.0786,0.0,0.0,11.26,0,0.0,1.395,309.915,-4.8497,35.1,0.0,257.832,0.0,0
46975,-0.341,83.545,0.0,0.0,-2.238,350.0786,0.0,0.0,11.279,0,0.0,1.475,309.915,-5.6745,35.76,0.0,257.832,0.0,0
46975,-0.171,83.545,0.0,0.0,-2.238,350.0786,0.0,0.0,11.299000000000001,0,0.0,1.55,310.14000000000004,2.5403000000000002,36.45,0.0,257.832,0.0,0
46975,-0.341,83.545,0.0,0.0,-2.238,350.0786,0.0,0.0,11.318000000000001,0,0.0,1.635,310.005,5.806500000000001,36.75,0.0,257.832,0.0,0
46975,-0.512,83.545,0.0,0.0,-2.238,350.0786,0.0,0.0,11.343,0,0.0,1.615,310.005,4.1569,37.2,0.0,257.832,0.0,0
46975,-0.512,83.545,0.0,0.0,-2.238,350.0786,0.0,0.0,11.362,0,0.0,1.61,310.14000000000004,0.0,37.62,0.0,257.832,0.0,0
46975,-0.171,83.545,0.0,0.0,-2.238,350.0786,0.0,0.0,11.382,0,0.0,1.57,310.14000000000004,0.6928000000000001,36.84,0.0,257.832,0.0,0
46975,-0.853,83.545,0.0,0.0,-2.238,350.0786,0.0,0.0,11.401,0,0.0,1.485,310.14000000000004,1.1877,36.480000000000004,0.0,257.832,0.0,0
46975,-0.512,83.545,0.0,0.0,-2.238,350.0786,0.0,0.0,11.406,0,0.0,1.485,310.14000000000004,0.9650000000000001,36.39,0.0,257.832,0.0,0
46975,-0.171,83.545,0.0,0.0,-2.238,350.0786,0.0,0.0,11.426,0,0.0,1.4000000000000001,310.14000000000004,0.5938,34.980000000000004,0.0,257.832,0.0,0
46975,-0.682,83.545,0.0,0.0,-2.238,350.0786,0.0,0.0,11.445,0,0.0,1.285,309.915,-1.8723,34.65,0.0,257.832,0.0,0
46975,-0.512,83.545,0.0,0.0,-2.238,350.0786,0.0,0.0,11.465,0,0.0,1.195,310.005,-6.9034,35.160000000000004,0.0,257.832,0.0,0
46975,-0.341,83.545,0.0,0.0,-2.238,350.0786,0.0,0.0,11.484,0,0.0,1.01,310.005,-4.0662,35.550000000000004,0.0,257.832,0.0,0
46975,-0.171,83.545,0.0,0.0,-2.238,350.0786,0.0,0.0,11.509,0,0.0,0.9550000000000001,310.005,1.4516,36.36,0.0,257.832,0.0,0
46975,-0.171,83.545,0.0,0.0,-2.238,350.0786,0.0,0.0,11.528,0,0.0,0.99,310.14000000000004,2.4166000000000003,36.39,0.0,257.832,0.0,0
46975,-0.341,83.545,0.0,0.0,-2.238,350.0786,0.0,0.0,11.548,0,0.0,1.025,310.14000000000004,6.705500000000001,36.03,0.0,257.832,0.0,0
46975,-0.512,83.545,0.0,0.0,-2.238,350.0786,0.0,0.0,11.567,0,0.0,0.89,310.005,-3.2991,35.94,0.0,257.832,0.0,0
46975,-0.682,83.545,0.0,0.0,-2.238,350.0786,0.0,0.0,11.587,0,0.0,0.93,310.14000000000004,-3.5878,36.27,0.0,257.832,0.0,0
46975,-0.512,83.545,0.0,0.0,-2.238,350.0786,0.0,0.0,11.606,0,0.0,1.01,309.915,-0.7505000000000001,36.15,0.0,257.832,0.0,0
46975,-0.512,83.545,0.0,0.0,-2.238,350.0786,0.0,0.0,11.626000000000001,0,0.0,1.145,309.915,-0.6598,36.54,0.0,257.832,0.0,0
46975,-0.682,83.545,0.0,0.0,-2.238,350.0786,0.0,0.0,11.646,0,0.0,1.075,310.14000000000004,-2.6393,37.29,0.0,257.832,0.0,0
46975,-0.341,83.545,0.0,0.0,-2.238,350.0786,0.0,0.0,11.665000000000001,0,0.0,1.18,310.005,4.2889,37.56,0.0,257.832,0.0,0
46975,-0.171,83.545,0.0,0.0,-2.238,350.0786,0.0,0.0,11.685,0,0.0,1.385,310.005,3.8765,36.99,0.0,257.832,0.0,0
46975,-0.341,83.545,0.0,0.0,-2.238,350.0786,0.0,0.0,11.704,0,0.0,1.5050000000000001,310.14000000000004,-1.4764000000000002,36.21,0.0,257.832,0.0,0
46975,-0.512,83.545,0.0,0.0,-2.238,350.0786,0.0,0.0,11.724,0,0.0,1.585,310.005,-1.8475000000000001,34.89,0.0,257.832,0.0,0
46975,-0.171,83.545,0.0,0.0,-2.238,350.0786,0.0,0.0,11.743,0,0.0,1.7550000000000001,310.005,-2.0207,34.38,0.0,257.832,0.0,0
46975,-0.171,83.545,0.0,0.0,-2.238,350.0786,0.0,0.0,11.768,0,0.0,1.685,310.14000000000004,0.9897,34.26,0.0,257.832,0.0,0
46975,-0.171,83.545,0.0,0.0,-2.238,350.0786,0.0,0.0,11.768,0,0.0,1.635,310.14000000000004,2.6393,34.17,0.0,257.832,0.0,0
46975,-0.682,83.545,0.0,0.0,-2.238,350.0786,0.0,0.0,11.787,0,0.0,1.815,310.005,1.1877,35.25,0.0,257.832,0.0,0
46975,-0.171,83.545,0.0,0.0,-2.238,350.0786,0.0,0.0,11.807,0,0.0,1.585,310.005,-0.7918000000000001,36.78,0.0,257.832,0.0,0
46975,-0.341,83.545,0.0,0.0,-2.238,350.0786,0.0,0.0,11.826,0,0.0,1.43,310.005,-4.0909,38.28,0.0,257.832,0.0,0
46975,-0.512,83.545,0.0,0.0,-2.238,350.0786,0.0,0.0,11.851,0,0.0,1.3800000000000001,309.915,-2.5733,38.1,0.0,257.832,0.0,0
46975,-0.341,83.545,0.0,0.0,-2.238,350.0786,0.0,0.0,11.870000000000001,0,0.0,1.335,310.005,-1.0557,37.56,0.0,257.832,0.0,0
46975,-0.341,83.545,0.0,0.0,-2.238,350.0786,0.0,0.0,11.89,0,0.0,1.165,310.005,3.9589000000000003,36.96,0.0,257.832,0.0,0
46975,-0.171,83.545,0.0,0.0,-2.238,350.0786,0.0,0.0,11.909,0,0.0,1.1300000000000001,310.005,5.5425,36.42,0.0,257.832,0.0,0
46975,-0.512,83.545,0.0,0.0,-2.238,350.0786,0.0,0.0,11.934000000000001,0,0.0,1.09,310.005,-1.5836000000000001,35.61,0.0,257.832,0.0,0
46975,-0.171,83.545,0.0,0.0,-2.238,350.0786,0.0,0.0,11.953000000000001,0,0.0,1.07,310.14000000000004,0.7918000000000001,34.59,0.0,257.832,0.0,0
46975,-0.171,83.545,0.0,0.0,-2.238,350.0786,0.0,0.0,11.973,0,0.0,1.07,310.005,2.1114,34.92,0.0,257.832,0.0,0
46975,-0.512,83.545,0.0,0.0,-2.238,350.0786,0.0,0.0,11.992,0,0.0,1.1500000000000001,310.14000000000004,0.9238000000000001,35.22,0.0,257.832,0.0,0
46975,-0.171,83.545,0.0,0.0,-2.238,350.0786,0.0,0.0,12.012,0,0.0,1.2,310.14000000000004,3.1672000000000002,35.79,0.0,257.832,0.0,0
46975,-0.171,83.545,0.0,0.0,-2.238,350.0786,0.0,0.0,12.031,0,0.0,1.375,310.005,0.39590000000000003,35.94,0.0,257.832,0.0,0
46975,-0.171,83.545,0.0,0.0,-2.238,350.0786,0.0,0.0,12.051,0,0.0,1.495,310.005,-6.499300000000001,37.32,0.0,257.832,0.0,0
46975,-0.171,83.545,0.0,0.0,-2.238,350.0786,0.0,0.0,12.07,0,0.0,1.6300000000000001,310.14000000000004,3.2991,38.13,0.0,257.832,0.0,0
46975,-0.341,83.545,0.0,0.0,-2.238,350.0786,0.0,0.0,12.09,0,0.0,1.81,310.14000000000004,4.9157,38.34,0.0,257.832,0.0,0
46975,-0.341,83.545,0.0,0.0,-2.238,350.0786,0.0,0.0,12.109,0,0.0,1.94,309.915,-4.486800000000001,37.56,0.0,257.832,0.0,0
46975,-0.171,83.545,0.0,0.0,-2.238,350.0786,0.0,0.0,12.129000000000001,0,0.0,1.985,310.14000000000004,-2.6393,36.51,0.0,257.832,0.0,0
46975,-0.512,83.545,0.0,0.0,-2.238,350.0786,0.0,0.0,12.148000000000001,0,0.0,1.95,310.005,-0.7918000000000001,36.54,0.0,257.832,0.0,0
46975,-0.341,83.545,0.0,0.0,-2.238,350.0786,0.0,0.0,12.168000000000001,0,0.0,2.0100000000000002,309.915,0.7918000000000001,37.050000000000004,0.0,257.832,0.0,0
46975,-0.512,83.545,0.0,0.0,-2.238,350.0786,0.0,0.0,12.188,0,0.0,1.86,310.14000000000004,-1.1877,37.26,0.0,257.832,0.0,0
46975,-0.853,83.545,0.0,0.0,-2.238,350.0786,0.0,0.0,12.212,0,0.0,1.84,310.005,-2.6393,37.38,0.0,257.832,0.0,0
46975,-0.171,83.545,0.0,0.0,-2.238,350.0786,0.0,0.0,12.231,0,0.0,1.73,310.005,0.39590000000000003,36.24,0.0,257.832,0.0,0
46975,-0.341,83.545,0.0,0.0,-2.238,350.0786,0.0,0.0,12.251000000000001,0,0.0,1.715,310.14000000000004,-0.5279,35.04,0.0,257.832,0.0,0
46975,-0.682,83.545,0.0,0.0,-2.238,350.0786,0.0,0.0,12.251000000000001,0,1.0,1.565,310.14000000000004,1.1217000000000001,34.89,0.0,257.832,0.0,0
46975,-0.171,83.545,0.0,0.0,-2.238,350.0786,0.0,0.0,12.275,0,0.0,1.3800000000000001,310.005,-0.3299,35.1,0.0,257.832,0.0,0
46975,-0.171,83.545,0.0,0.0,-2.238,350.0786,0.0,0.0,12.295,0,0.0,1.305,310.14000000000004,2.4826,36.27,0.0,257.832,0.0,0
46975,-0.341,83.545,0.0,0.0,-2.238,350.0786,0.0,0.0,12.314,0,0.0,1.26,309.915,-0.2227,37.62,0.0,257.832,0.0,0
46975,-0.512,83.545,0.0,0.0,-2.238,350.0786,0.0,0.0,12.334000000000001,0,0.0,1.115,310.005,-1.9135000000000002,38.49,0.0,257.832,0.0,0
46975,-0.341,83.545,0.0,0.0,-2.238,350.0786,0.0,0.0,12.358,0,1.0,1.1500000000000001,310.23,-0.47840000000000005,38.58,0.0,257.832,0.0,0
46975,-0.512,83.545,0.0,0.0,-2.238,350.0786,0.0,0.0,12.378,0,0.0,1.1400000000000001,310.005,4.024900000000001,37.53,0.0,257.832,0.0,0
46975,-0.512,83.545,0.0,0.0,-2.238,350.0786,0.0,0.0,12.397,0,0.0,1.19,310.005,-0.9897,37.32,0.0,257.832,0.0,0
46975,-0.171,83.545,0.0,0.0,-2.238,350.0786,0.0,0.0,12.417,0,0.0,1.25,310.005,-4.2889,37.29,0.0,257.832,0.0,0
46975,-0.341,83.545,0.0,0.0,-2.238,350.0786,0.0,0.0,12.437000000000001,0,0.0,1.285,310.005,-1.7155,36.75,0.0,257.832,0.0,0
46975,-0.171,83.545,0.0,0.0,-2.238,350.0786,0.0,0.0,12.456000000000001,0,0.0,1.315,310.14000000000004,1.7568000000000001,36.33,0.0,257.832,0.0,0
46975,-0.341,83.545,0.0,0.0,-2.238,350.0786,0.0,0.0,12.476,0,0.0,1.385,310.005,4.486800000000001,35.61,0.0,257.832,0.0,0
46975,-0.341,83.545,0.0,0.0,-2.238,350.0786,0.0,0.0,12.495000000000001,0,0.0,1.495,310.005,0.1155,34.89,0.0,257.832,0.0,0
46975,-0.853,83.545,0.0,0.0,-2.238,350.0786,0.0,0.0,12.515,0,0.0,1.715,310.005,-3.5383,34.410000000000004,0.0,257.832,0.0,0
46975,-0.512,83.545,0.5,0.0,-2.238,350.0786,0.0,0.0,12.534,0,0.0,1.74,309.915,-0.0247,34.47,0.0,257.832,0.0,0
46975,-0.682,83.545,0.0,0.0,-2.238,350.0786,0.0,0.0,12.554,0,0.0,1.875,310.005,0.9238000000000001,36.42,0.0,257.832,0.0,0
46975,-0.171,83.545,0.0,0.0,-2.238,350.0786,0.0,0.0,12.559000000000001,0,0.0,1.895,310.005,0.7918000000000001,36.72,0.0,257.832,0.0,0
46975,-0.171,83.545,0.0,0.0,-2.238,350.0786,0.0,0.0,12.578000000000001,0,1.0,2.015,310.005,1.4516,38.4,0.0,257.832,0.0,0
46975,-0.171,83.545,0.0,0.0,-2.238,350.0786,0.0,0.0,12.598,0,0.0,1.96,310.14000000000004,1.4186,38.550000000000004,0.0,257.832,0.0,0
46975,-0.341,83.545,0.0,0.0,-2.238,350.0786,0.0,0.0,12.617,0,0.0,2.105,310.005,-0.5279,39.18,0.0,257.832,0.0,0
46975,-0.341,83.545,-0.5,0.0,-2.238,350.0786,0.0,0.0,12.637,0,0.0,2.005,310.23,2.2104,38.22,0.0,257.832,0.0,0
46975,-0.171,83.545,0.0,0.0,-2.238,350.0786,0.0,0.0,12.656,0,0.0,1.975,310.005,-0.5279,36.51,0.0,257.832,0.0,0
46975,-0.512,83.545,0.0,0.0,-2.238,350.0786,0.0,0.0,12.676,0,0.0,1.86,309.915,3.2331000000000003,35.01,0.0,257.832,0.0,0
46975,-0.171,83.545,0.0,0.0,-2.238,350.0786,0.0,0.0,12.695,0,0.0,1.76,310.14000000000004,-2.6393,35.160000000000004,0.0,257.832,0.0,0
46975,-0.682,83.545,0.0,0.0,-2.238,350.0786,0.0,0.0,12.72,0,0.0,1.685,309.915,-3.629,35.58,0.0,257.832,0.0,0
46975,-0.512,83.545,0.0,0.0,-2.238,350.0786,0.0,0.0,12.739,0,0.0,1.615,309.915,0.0,34.95,0.0,257.832,0.0,0
46975,-0.171,83.545,0.0,0.0,-2.238,350.0786,0.0,0.0,12.783000000000001,0,0.0,6.5600000000000005,310.14000000000004,1.5836000000000001,35.04,0.0,257.832,0.0,0
46975,-0.512,83.545,0.0,0.0,-2.238,350.0786,0.0,0.0,12.983,0,0.0,9.03,310.005,0.132,35.19,0.0,257.832,0.0,0
46975,-0.341,83.545,0.5,0.0,-2.238,350.0786,0.0,-0.2,13.374,0,1.0,7.815,310.005,-0.5938,35.97,0.0,257.832,0.0,0
46975,-0.171,83.545,0.0,0.0,-2.238,350.0786,0.0,0.0,13.882000000000001,0,0.0,2.5100000000000002,310.005,-1.8475000000000001,37.26,0.0,257.832,0.0,0
46975,-0.341,83.545,0.0,0.0,-2.238,350.0786,0.0,0.0,14.39,0,0.0,2.88,310.14000000000004,0.6928000000000001,38.58,0.0,257.832,0.0,0
46975,-0.341,83.545,0.5,0.0,-2.238,350.0786,0.0,0.0,14.888,0,0.0,2.955,310.005,2.7713,38.97,0.0,257.832,0.0,0
46975,-0.512,83.545,0.0,0.0,-2.238,350.0786,0.0,0.0,15.391,0,0.0,2.7600000000000002,310.005,-0.7918000000000001,38.28,0.0,257.832,0.0,0
46975,-0.171,83.545,0.0,0.0,-2.238,350.0786,0.0,0.0,15.889000000000001,0,0.0,2.185,310.005,-4.3548,37.44,0.0,257.832,0.0,0
46975,-0.341,83.545,0.0,0.0,-2.238,350.0786,0.0,0.0,16.392,0,0.0,2.83,309.915,-3.629,36.42,0.0,257.832,0.0,0
46975,-0.512,83.545,0.0,0.0,-2.238,350.0786,0.0,0.0,16.44,0,0.0,2.95,309.915,-4.1404000000000005,36.33,0.0,257.832,0.0,0
46975,-0.171,83.545,0.0,0.0,-2.238,350.0786,0.0,0.0,16.943,0,0.0,2.765,310.005,1.5176,35.82,0.0,257.832,0.0,0
46975,-0.341,83.545,0.0,0.0,-2.238,350.0786,0.0,0.0,17.441000000000003,0,0.0,2.49,310.005,4.3548,35.88,0.0,257.832,0.0,0
46975,-0.171,83.545,0.5,0.0,-2.238,350.0786,0.0,0.0,17.944000000000003,0,0.0,2.305,310.14000000000004,2.7960000000000003,36.81,0.0,257.832,0.0,0
46975,-0.171,83.545,0.0,0.0,-2.238,350.0786,0.0,0.0,18.442,0,0.0,2.47,310.14000000000004,2.3506,35.910000000000004,0.0,257.832,0.0,0
46975,-0.341,83.545,0.0,0.0,-2.238,350.0786,0.0,0.0,18.94,0,0.0,2.935,310.005,-0.9897,35.730000000000004,0.0,257.832,0.0,0
46975,-0.341,83.545,0.0,0.0,-2.238,350.0786,0.0,0.0,19.443,0,0.0,2.9,310.14000000000004,-2.1774,35.76,0.0,257.832,0.0,0
46975,-0.512,83.545,-0.5,0.0,-2.238,350.0786,0.0,0.0,19.941000000000003,0,0.0,2.77,310.005,-2.8785000000000003,35.97,0.0,257.832,0.0,0
46975,-0.171,83.545,0.0,0.0,-2.238,350.0786,0.0,0.0,20.444000000000003,0,0.0,2.525,309.915,-0.6433,36.84,0.0,257.832,0.0,0
46975,-0.171,83.545,0.0,0.0,-2.238,350.0786,0.0,0.0,20.942,0,0.0,2.54,310.005,-0.3052,36.99,0.0,257.832,0.0,0
46975,-0.341,83.545,0.0,0.0,-2.238,350.0786,0.0,0.0,21.44,0,0.0,2.73,310.14000000000004,2.2681,37.11,0.0,257.832,0.0,0
46975,-0.171,83.545,0.0,0.0,-2.238,350.0786,0.0,0.0,21.943,0,0.0,2.89,310.005,2.4908,36.93,0.0,257.832,0.0,0
46975,-0.171,83.545,0.0,0.0,-2.238,350.0786,0.0,0.0,22.441000000000003,0,0.0,2.75,310.14000000000004,0.39590000000000003,37.53,0.0,257.832,0.0,0
46975,-0.682,83.545,0.0,0.0,-2.238,350.0786,0.0,0.0,22.944000000000003,0,0.0,2.72,310.005,1.4104,37.62,0.0,257.832,0.0,0
46975,-0.341,83.545,0.0,0.0,-2.238,350.0786,0.0,0.0,23.442,0,0.0,2.56,310.005,1.7815,36.54,0.0,257.832,0.0,0
46975,-0.171,83.545,0.0,0.0,-2.238,350.0786,0.0,0.0,23.94,0,0.0,3.115,310.005,-1.5588000000000002,35.37,0.0,257.832,0.0,0
46975,-0.341,83.545,0.0,0.0,-2.238,350.0786,0.0,0.0,24.443,0,0.0,2.725,310.005,-4.1981,34.95,0.0,257.832,0.0,0
46975,-0.853,83.545,0.0,0.0,-2.238,350.0786,0.0,0.0,24.946,0,0.0,2.645,309.915,-2.8207,34.44,0.0,257.832,0.0,0
46975,-0.171,83.545,0.0,0.0,-2.238,350.0786,0.0,0.0,25.444000000000003,0,0.0,2.33,310.14000000000004,2.4166000000000003,35.04,0.0,257.832,0.0,0
46975,-0.512,83.545,0.0,0.0,-2.238,350.0786,0.0,0.0,25.942,0,0.0,2.345,309.915,0.8743000000000001,35.76,0.0,257.832,0.0,0
46975,-0.341,83.545,0.0,0.0,-2.238,350.0786,0.0,0.0,26.445,0,0.0,2.6350000000000002,310.14000000000004,4.1321,36.75,0.0,257.832,0.0,0
46975,-0.171,83.545,0.0,0.0,-2.238,350.0786,0.0,0.0,26.948,0,0.0,2.495,310.005,2.0042,36.84,0.0,257.832,0.0,0
46975,-0.341,83.545,0.0,0.0,-2.238,350.0786,0.0,0.0,27.446,0,0.0,2.46,310.005,-0.46190000000000003,37.230000000000004,0.0,257.832,0.0,0
46975,-0.341,83.545,0.0,0.0,-2.238,350.0786,0.0,0.0,27.944000000000003,0,0.0,2.325,310.005,-4.726,37.11,0.0,257.832,0.0,0
46975,-0.682,83.545,-0.5,0.0,-2.238,350.0786,0.0,0.0,28.447000000000003,0,0.0,2.225,310.005,-0.6351,37.2,0.0,257.832,0.0,0
46975,-0.341,83.545,-0.5,0.0,-2.238,350.0786,0.0,0.0,28.945,0,0.0,2.63,310.005,1.4516,36.87,0.0,257.832,0.0,0
46975,-0.512,83.545,0.0,0.0,-2.238,350.0786,0.0,0.0,29.448,0,0.0,2.755,310.14000000000004,4.3301,36.69,0.0,257.832,0.0,0
46975,-0.341,83.545,0.0,0.0,-2.238,350.0786,0.0,0.0,29.946,0,0.0,2.465,310.005,5.5425,35.550000000000004,0.0,257.832,0.0,0
46975,-0.512,83.545,0.0,0.0,-2.238,350.0786,0.0,0.0,30.444000000000003,0,0.0,2.315,309.915,-1.6331,34.800000000000004,0.0,257.832,0.0,0
46975,-0.341,83.545,0.0,0.0,-2.238,350.0786,0.0,0.0,30.947000000000003,0,0.0,2.4050000000000002,310.005,-6.1776,34.32,0.0,257.832,0.0,0
46975,-0.171,83.545,0.0,0.0,-2.238,350.0786,0.0,0.0,31.445,0,0.0,2.715,310.005,-1.8887,33.87,0.0,257.832,0.0,0
46975,-0.682,83.545,0.0,0.0,-2.238,350.0786,0.0,0.0,31.948,0,0.0,2.825,309.915,2.3094,34.02,0.0,257.832,0.0,0
46975,-0.171,83.545,0.0,0.0,-2.238,350.0786,0.0,0.0,32.446000000000005,0,0.0,2.615,310.14000000000004,4.1321,35.97,0.0,257.832,0.0,0
46975,-0.171,83.545,0.0,0.0,-2.238,350.0786,0.0,0.0,32.944,0,0.0,2.32,310.005,1.6496000000000002,37.410000000000004,0.0,257.832,0.0,0
46975,-0.512,83.545,0.0,0.0,-2.238,350.0786,0.0,0.0,32.998000000000005,0,0.0,2.58,310.005,1.3196,37.47,0.0,257.832,0.0,0
46975,-0.171,83.545,0.0,0.0,-2.238,350.0786,0.0,0.0,33.496,0,0.0,2.7800000000000002,309.915,-1.1877,37.86,0.0,257.832,0.0,0
46975,-0.341,83.545,0.0,0.0,-2.238,350.0786,0.0,0.0,33.994,0,0.0,2.975,309.915,-0.6268,37.59,0.0,257.832,0.0,0
46975,-0.512,83.545,0.0,0.0,-2.238,350.0786,0.0,0.0,34.497,0,0.0,2.58,309.915,-4.7507,37.26,0.0,257.832,0.0,0
46975,-0.341,83.545,0.0,0.0,-2.238,350.0786,0.0,0.0,34.995000000000005,0,0.0,2.23,310.005,-2.1774,36.36,0.0,257.832,0.0,0
46975,-0.341,83.545,0.0,0.0,-2.238,350.0786,0.0,0.0,35.498000000000005,0,0.0,2.5,310.005,3.6950000000000003,36.03,0.0,257.832,0.0,0
46975,-0.341,83.545,0.0,0.0,-2.238,350.0786,0.0,0.0,35.996,0,0.0,2.74,309.915,2.6393,35.79,0.0,257.832,0.0,0
46975,-0.341,83.545,0.0,0.0,-2.238,350.0786,0.0,0.0,36.499,0,0.0,2.66,310.005,0.7918000000000001,34.92,0.0,257.832,0.0,0
46975,-0.171,83.545,0.0,0.0,-2.238,350.0786,0.0,0.0,36.997,0,1.0,2.3000000000000003,310.005,-1.8475000000000001,34.38,0.0,257.832,0.0,0
46975,-0.171,83.545,0.0,0.0,-2.238,350.0786,0.0,0.0,37.5,0,0.0,2.325,310.005,-0.132,33.99,0.0,257.832,0.0,0
46975,-0.171,83.545,0.0,0.0,-2.238,350.0786,0.0,0.0,37.998000000000005,0,0.0,2.245,310.005,0.0,34.89,0.0,257.832,0.0,0
46975,-0.341,83.545,0.0,0.0,-2.238,350.0786,0.0,0.0,38.496,0,0.0,2.465,310.14000000000004,2.7713,36.660000000000004,0.0,257.832,0.0,0
46975,-0.341,83.545,0.0,0.0,-2.238,350.0786,0.0,0.0,38.999,0,0.0,3.08,310.14000000000004,3.8600000000000003,37.83,0.0,257.832,0.0,0
46975,-0.341,83.545,0.0,0.0,-2.238,350.0786,0.0,0.0,39.497,0,0.0,2.555,310.005,-0.39590000000000003,37.71,0.0,257.832,0.0,0
46975,-0.341,83.545,0.0,0.0,-2.238,350.0786,0.0,0.0,40.0,0,0.0,2.3000000000000003,310.005,-2.2764,37.2,0.0,257.832,0.0,0
46975,-0.171,83.545,0.0,0.0,-2.238,350.0786,0.0,0.0,40.498000000000005,0,0.0,2.42,310.005,-0.39590000000000003,36.87,0.0,257.832,0.0,0
46975,-0.341,83.545,0.0,0.0,-2.238,350.0786,0.0,0.0,40.996,0,0.0,2.955,310.14000000000004,2.2764,36.78,0.0,257.832,0.0,0
46975,-0.171,83.545,0.0,0.0,-2.238,350.0786,0.0,0.0,41.499,0,0.0,3.04,309.915,-2.2434000000000003,36.6,0.0,257.832,0.0,0
46975,-0.171,83.545,0.5,0.0,-2.238,350.0786,0.0,0.0,41.997,0,0.0,2.585,310.005,1.0557,37.2,0.0,257.832,0.0,0
46975,-0.341,83.545,0.0,0.0,-2.238,350.0786,0.0,0.0,42.5,0,0.0,2.79,310.005,-3.2991,36.75,0.0,257.832,0.0,0
46975,-0.171,83.545,0.0,0.0,-2.238,350.0786,0.0,0.0,42.998000000000005,0,0.0,2.7,309.915,-3.9589000000000003,36.81,0.0,257.832,0.0,0
46975,-0.171,83.545,0.0,0.0,-2.238,350.0786,0.0,0.0,43.496,0,0.0,2.93,310.14000000000004,1.9795,36.24,0.0,257.832,0.0,0
46975,-0.682,83.545,-0.5,0.0,-2.238,350.0786,0.0,0.0,43.999,0,0.0,3.305,310.005,0.2639,35.34,0.0,257.832,0.0,0
46975,-0.341,83.545,0.0,0.0,-2.238,350.0786,0.0,0.0,44.502,0,0.0,2.42,310.005,4.2229,35.28,0.0,257.832,0.0,0
46975,-0.171,83.545,0.0,0.0,-2.238,350.0786,0.0,0.0,45.0,0,0.0,2.34,310.005,0.099,35.28,0.0,257.832,0.0,0
46975,-0.341,83.545,0.0,0.0,-2.238,350.0786,0.0,0.0,45.498000000000005,0,0.0,2.46,310.005,-1.9795,36.45,0.0,257.832,0.0,0
46975,-0.512,83.545,0.0,0.0,-2.238,350.0786,0.0,0.0,45.996,0,0.0,2.995,310.005,2.3754,37.38,0.0,257.832,0.0,0
46975,-0.171,83.545,0.0,0.0,-2.238,350.0786,0.0,0.0,46.499,0,0.0,2.99,310.005,0.39590000000000003,38.37,0.0,257.832,0.0,0
46975,-0.341,83.545,0.0,0.0,-2.238,350.0786,0.0,0.0,47.002,0,0.0,2.21,309.915,-4.1569,38.22,0.0,257.832,0.0,0
46975,0.0,83.545,0.0,0.0,-2.238,350.0786,0.0,0.0,47.5,0,0.0,2.455,310.14000000000004,1.7155,37.050000000000004,0.0,257.832,0.0,0
46975,-0.171,83.545,0.0,0.0,-2.238,350.0786,0.0,0.0,47.998000000000005,0,0.0,2.205,310.005,0.7918000000000001,36.63,0.0,257.832,0.0,0
46975,-0.341,83.545,0.0,0.0,-2.238,350.0786,0.0,0.0,48.052,0,1.0,2.625,310.005,0.9897,36.660000000000004,0.0,257.832,0.0,0
46975,-0.341,83.545,0.0,0.0,-2.238,350.0786,0.0,0.0,48.550000000000004,0,0.0,2.975,310.005,-0.0165,36.27,0.0,257.832,0.0,0
46975,-0.512,83.545,0.0,0.0,-2.238,350.0786,0.0,0.0,49.053000000000004,0,0.0,2.695,309.915,0.5691,36.81,0.0,257.832,0.0,0
46975,-0.171,83.545,-0.5,0.0,-2.238,350.0786,0.0,0.0,49.551,0,0.0,2.295,310.005,-0.3299,36.36,0.0,257.832,0.0,0
46975,-0.341,83.545,0.0,0.0,-2.238,350.0786,0.0,0.0,50.054,0,1.0,2.08,310.005,-1.3361,35.550000000000004,0.0,257.832,0.0,0
46975,-0.341,83.545,0.0,0.0,-2.238,350.0786,0.0,0.0,50.552,0,0.0,2.69,310.005,0.18150000000000002,35.07,0.0,257.832,0.0,0
46975,-0.341,83.545,0.0,0.0,-2.238,350.0786,0.0,0.0,51.050000000000004,0,0.0,3.06,310.14000000000004,4.8827,34.77,0.0,257.832,0.0,0
46975,-0.171,83.545,0.0,0.0,-2.238,350.0786,0.0,0.0,51.553000000000004,0,0.0,2.92,310.005,2.6393,35.730000000000004,0.0,257.832,0.0,0
46975,-0.341,83.545,0.0,0.0,-2.238,350.0786,0.0,0.0,52.051,0,0.0,2.48,310.005,-2.7713,37.2,0.0,257.832,0.0,0
46975,-0.341,83.545,0.0,0.0,-2.238,350.0786,0.0,0.0,52.549,0,0.0,2.445,310.005,-3.3404000000000003,38.1,0.0,257.832,0.0,0
46975,-0.512,83.545,0.0,0.0,-2.238,350.0786,0.0,0.0,53.052,0,0.0,3.09,310.14000000000004,2.2846,37.59,0.0,257.832,0.0,0
46975,-0.682,83.545,0.0,0.0,-2.238,350.0786,0.0,0.0,53.550000000000004,0,1.0,3.11,310.005,4.2229,37.050000000000004,0.0,257.832,0.0,0
46975,-0.512,83.545,0.0,0.0,-2.238,350.0786,0.0,0.0,54.053000000000004,0,0.0,2.705,309.915,-2.6228000000000002,37.29,0.0,257.832,0.0,0
46975,-0.512,83.545,0.0,0.0,-2.238,350.0786,0.0,0.0,54.551,0,0.0,2.54,310.005,-6.705500000000001,36.81,0.0,257.832,0.0,0
46975,-0.341,83.545,0.0,0.0,-2.238,350.0786,0.0,0.0,55.054,0,0.0,2.33,309.915,1.0062,37.02,0.0,257.832,0.0,0
46975,-0.512,83.545,0.5,0.0,-2.238,350.0786,0.0,0.0,55.552,0,0.0,3.0500000000000003,309.915,1.4516,36.9,0.0,257.832,0.0,0
46975,-0.341,83.545,0.0,0.0,-2.238,350.0786,0.0,0.0,56.050000000000004,0,0.0,2.975,309.915,-3.563,36.51,0.0,257.832,0.0,0
46975,-0.171,83.545,0.0,0.0,-2.238,350.0786,0.0,0.0,56.553000000000004,0,0.0,2.855,309.915,1.9795,35.94,0.0,257.832,0.0,0
46975,-0.512,83.545,0.0,0.0,-2.238,350.0786,0.0,0.0,57.056000000000004,0,0.0,2.1350000000000002,310.005,2.5568,35.31,0.0,257.832,0.0,0
46975,-0.171,83.545,0.5,0.0,-2.238,350.0786,0.0,0.0,57.554,0,0.0,2.17,310.14000000000004,2.994,35.7,0.0,257.832,0.0,0
46975,-0.682,83.545,-0.5,0.0,-2.238,350.0786,0.0,0.0,58.052,0,0.0,2.755,310.14000000000004,2.8372,36.63,0.0,257.832,0.0,0
46975,0.0,83.545,0.0,0.0,-2.238,350.0786,0.0,0.0,58.555,0,0.0,2.74,310.005,-3.1012,37.980000000000004,0.0,257.832,0.0,0
46975,-0.682,83.545,0.0,0.0,-2.238,350.0786,0.0,0.0,59.053000000000004,0,0.0,2.7800000000000002,310.005,-2.2434000000000003,38.13,0.0,257.832,0.0,0
46975,-0.682,83.545,-0.5,0.0,-2.238,350.0786,0.0,0.0,59.551,0,0.0,2.825,309.915,-1.2124000000000001,37.74,0.0,257.832,0.0,0
46975,-0.682,83.545,-0.5,0.0,-2.238,350.0786,0.0,0.0,60.054,0,0.0,2.47,309.915,-0.18150000000000002,37.38,0.0,257.832,0.0,0
46975,-0.171,83.545,0.0,0.0,-2.238,350.0786,0.0,0.0,60.552,0,0.0,2.855,310.14000000000004,0.7011000000000001,36.9,0.0,257.832,0.0,0
46975,-0.853,83.545,0.0,0.0,-2.238,350.0786,0.0,0.0,61.050000000000004,0,0.0,3.4,310.005,0.5279,36.87,0.0,257.832,0.0,0
46975,-0.171,83.545,0.0,0.0,-2.238,350.0786,0.0,0.0,61.553000000000004,0,0.0,2.975,310.14000000000004,-0.23920000000000002,36.45,0.0,257.832,0.0,0
46975,0.0,83.545,0.0,0.0,-2.238,350.0786,0.0,0.0,61.602000000000004,0,0.0,2.73,310.14000000000004,0.099,36.36,0.0,257.832,0.0,0
46975,-0.171,83.545,0.0,0.0,-2.238,350.0786,0.0,0.0,62.104000000000006,0,0.0,2.505,309.915,-2.3754,35.82,0.0,257.832,0.0,0
46975,-0.341,83.545,0.0,0.0,-2.238,350.0786,0.0,0.0,62.603,0,0.0,2.705,310.14000000000004,-0.3629,35.46,0.0,257.832,0.0,0
46975,0.0,83.545,0.0,0.0,-2.238,350.0786,0.0,0.0,63.101000000000006,0,0.0,3.58,310.005,0.9238000000000001,36.0,0.0,257.832,0.0,0
46975,0.0,83.545,-0.5,0.0,-2.238,350.0786,0.0,0.0,63.604000000000006,0,0.0,3.395,310.005,3.629,36.300000000000004,0.0,257.832,0.0,0
46975,0.0,83.545,0.0,0.0,-2.238,350.0786,0.0,0.0,64.102,0,0.0,2.735,310.005,-4.3548,36.99,0.0,257.832,0.0,0
46975,-0.171,83.545,-0.5,0.0,-2.238,350.0786,0.0,0.0,64.604,0,0.0,2.455,310.005,-1.5836000000000001,37.35,0.0,257.832,0.0,0
46975,0.171,83.545,0.0,0.0,-2.238,350.0786,0.0,0.0,65.10300000000001,0,0.0,2.9250000000000003,310.005,-0.6598,37.29,0.0,257.832,0.0,0
46975,0.171,83.545,0.0,0.0,-2.238,350.0786,0.0,0.0,65.601,0,0.0,3.345,310.14000000000004,0.165,37.230000000000004,0.0,257.832,0.0,0
46975,-0.171,83.545,0.0,0.0,-2.238,350.0786,0.0,0.0,66.104,0,1.0,3.17,310.005,0.5279,37.29,0.0,257.832,0.0,0
46975,0.0,83.545,0.0,0.0,-2.238,350.0786,0.0,0.0,66.152,0,0.0,3.1550000000000002,310.14000000000004,1.0310000000000001,37.29,0.0,257.832,0.0,0
46975,-1.364,83.545,0.0,0.0,-2.238,350.0786,0.0,0.0,66.655,0,0.0,2.365,310.23,2.5981,37.050000000000004,0.0,257.832,0.0,0
46975,-0.341,83.545,0.5,0.0,-2.238,350.0786,0.0,0.0,67.153,0,0.0,2.43,310.14000000000004,-0.3299,37.62,0.0,257.832,0.0,0
46975,-0.853,83.545,0.5,0.0,-2.238,350.0786,0.0,0.0,67.656,0,1.0,2.7600000000000002,309.915,-5.724,37.44,0.0,257.832,0.0,0
46975,0.0,83.545,0.5,0.0,-2.238,350.0786,0.0,0.0,68.135,0,0.0,-0.06,310.005,-3.1919,36.36,0.0,257.832,0.0,0
46975,-1.5350000000000001,83.545,0.0,0.0,-2.238,350.0786,0.0,0.0,68.49600000000001,0,0.0,-3.0700000000000003,310.005,-0.9238000000000001,35.37,0.0,257.832,0.0,0
46975,-0.171,83.545,0.0,0.0,-2.238,350.0786,0.0,0.0,68.682,0,0.0,-3.605,310.005,1.8310000000000002,34.92,0.0,257.832,0.0,0
46975,-1.194,83.545,0.0,0.0,-2.238,350.0786,0.0,0.0,68.726,0,0.0,-0.2,310.14000000000004,2.7465,34.47,0.0,257.832,0.0,0
46975,-0.171,83.545,-0.5,0.0,-2.238,350.0786,0.0,0.0,68.735,0,0.0,0.005,310.005,-1.5836000000000001,35.07,0.0,257.832,0.0,0
46975,-1.8760000000000001,83.545,-0.5,0.0,-2.238,350.0786,0.0,0.0,68.735,0,0.0,0.64,310.005,-1.6248,35.97,0.0,257.832,0.0,0
46975,-0.341,83.545,0.0,0.0,-2.238,350.0786,0.0,0.0,68.735,0,0.0,0.5700000000000001,310.005,-1.8887,37.77,0.0,257.832,0.0,0
46975,-1.5350000000000001,83.545,0.0,0.0,-2.238,350.0786,0.0,0.0,68.71600000000001,0,0.0,-3.835,310.005,2.3094,38.01,0.0,257.832,0.0,0
46975,0.171,83.545,0.0,0.0,-2.238,350.0786,0.0,0.0,68.59400000000001,0,0.0,-7.6850000000000005,310.005,-0.066,37.77,0.0,257.832,0.0,0
46975,-2.217,83.545,0.0,0.0,-2.238,350.0786,0.0,0.0,68.296,0,0.0,-8.15,310.005,-2.1774,36.99,0.0,257.832,0.0,0
46975,-0.171,83.545,0.0,0.0,-2.238,350.0786,0.0,0.0,67.803,0,0.0,-8.67,309.915,0.41240000000000004,36.57,0.0,257.832,0.0,0
46975,-1.8760000000000001,83.545,-0.5,0.0,-2.238,350.0786,0.0,0.0,67.129,0,0.0,-8.765,310.005,-1.864,36.300000000000004,0.0,257.832,0.0,0
46975,-0.341,83.545,0.0,0.0,-2.238,350.0786,0.0,0.2,66.289,0,1.0,-9.07,309.915,-0.2474,36.27,0.0,257.832,0.0,0
46975,-2.728,83.545,0.0,0.0,-2.238,350.0786,0.0,0.0,65.313,0,0.0,-5.09,310.005,4.1569,35.28,0.0,257.832,0.0,0
46975,-0.171,83.545,0.0,0.0,-2.238,350.0786,0.0,0.0,64.307,0,0.0,-3.2800000000000002,310.005,3.1672000000000002,34.5,0.0,257.832,0.0,0
46975,0.682,83.545,0.0,0.0,-2.238,350.0786,0.0,0.0,64.20400000000001,0,1.0,-3.845,310.005,2.9032,34.56,0.0,257.832,0.0,0
46975,0.0,83.545,-0.5,0.0,-2.238,350.0786,0.0,0.0,63.203,0,0.0,-3.12,309.915,-1.5836000000000001,34.77,0.0,257.832,0.0,0
46975,0.0,83.545,-0.5,0.0,-2.238,350.0786,0.0,0.0,62.202000000000005,0,0.0,-3.39,309.915,0.8578,35.04,0.0,257.832,0.0,0
46975,1.194,83.545,0.5,0.0,-2.238,350.0786,0.0,0.0,61.201,0,0.0,-4.095,310.005,2.6393,36.6,0.0,257.832,0.0,0
46975,0.682,83.545,0.0,0.0,-2.238,350.0786,0.0,0.0,60.2,0,0.0,-2.825,310.005,-1.1217000000000001,38.07,0.0,257.832,0.0,0
46975,0.512,83.545,0.0,0.0,-2.238,350.0786,0.0,0.0,59.204,0,0.0,-4.0200000000000005,309.915,-3.2991,37.92,0.0,257.832,0.0,0
46975,0.171,83.545,0.0,0.0,-2.238,350.0786,0.0,0.0,58.203,0,0.0,-3.855,310.005,1.8475000000000001,37.32,0.0,257.832,0.0,0
46975,1.364,83.545,0.0,0.0,-2.238,350.0786,0.0,0.0,57.202000000000005,0,0.0,-3.75,310.005,1.1877,36.57,0.0,257.832,0.0,0
46975,1.194,83.545,0.0,0.0,-2.238,350.0786,0.0,0.0,56.206,0,0.0,-4.335,310.005,1.7815,36.06,0.0,257.832,0.0,0
46975,0.171,83.545,0.0,0.0,-2.238,350.0786,0.0,0.0,55.205000000000005,0,0.0,-3.25,310.005,0.39590000000000003,36.9,0.0,257.832,0.0,0
46975,0.512,83.545,0.0,0.0,-2.238,350.0786,0.0,0.0,55.103,0,1.0,-3.48,310.005,0.46190000000000003,36.93,0.0,257.832,0.0,0
46975,-4.263,83.545,-0.5,0.0,-2.238,350.0786,0.0,0.0,54.102000000000004,0,0.0,-4.1,310.005,0.5279,37.14,0.0,257.832,0.0,0
46975,-0.171,83.545,0.0,0.0,-2.238,350.0786,0.0,0.0,53.101,0,0.0,-3.255,310.005,1.7155,36.300000000000004,0.0,257.832,0.0,0
46975,-3.24,83.545,0.5,0.0,-2.238,350.0786,0.0,0.0,52.1,0,0.0,-3.875,310.005,-3.8270000000000004,34.980000000000004,0.0,257.832,0.0,0
46975,0.682,83.545,0.0,0.0,-2.238,350.0786,0.0,0.0,51.104,0,0.0,-3.52,310.005,1.1877,33.96,0.0,257.832,0.0,0
46975,-4.945,83.545,0.0,0.0,-2.238,350.0786,0.0,0.0,50.103,0,0.0,-3.085,310.005,0.8413,33.84,0.0,257.832,0.0,0
46975,-0.341,83.545,0.0,0.0,-2.238,350.0786,0.0,0.0,49.102000000000004,0,0.0,-4.24,310.005,-1.5176,34.83,0.0,257.832,0.0,0
46975,-3.581,83.545,0.0,0.0,-2.238,350.0786,0.0,0.0,48.101,0,0.0,-3.29,310.005,0.42060000000000003,36.63,0.0,257.832,0.0,0
46975,1.0230000000000001,83.545,0.5,0.0,-2.238,350.0786,0.0,0.0,47.1,0,0.0,-4.355,310.005,1.3856000000000002,37.230000000000004,0.0,257.832,0.0,0
46975,-5.1160000000000005,83.545,0.0,0.0,-2.238,350.0786,0.0,0.0,46.104,0,0.0,-3.71,310.005,0.7258,37.77,0.0,257.832,0.0,0
46975,-0.341,83.545,0.0,0.0,-2.238,350.0786,0.0,0.0,45.103,0,0.0,-3.29,310.005,-1.1217000000000001,37.68,0.0,257.832,0.0,0
46975,-3.7520000000000002,83.545,0.0,0.0,-2.238,350.0786,0.0,0.0,44.102000000000004,0,0.0,-3.895,310.005,1.5423,36.9,0.0,257.832,0.0,0
46975,1.194,83.545,0.0,0.0,-2.238,350.0786,0.0,0.0,43.101,0,0.0,-2.86,310.005,4.2229,35.88,0.0,257.832,0.0,0
46975,-5.1160000000000005,83.545,0.0,0.0,-2.238,350.0786,0.0,0.0,42.1,0,0.0,-3.6750000000000003,310.14000000000004,0.9650000000000001,35.64,0.0,257.832,0.0,0
46975,-0.341,83.545,0.0,0.0,-2.238,350.0786,0.0,0.0,41.099000000000004,0,0.0,-3.265,310.005,0.9897,35.82,0.0,257.832,0.0,0
46975,-3.581,83.545,0.0,0.0,-2.238,350.0786,0.0,0.0,40.098,0,0.0,-2.89,309.915,-2.4661,35.52,0.0,257.832,0.0,0
46975,1.0230000000000001,83.545,0.0,0.0,-2.238,350.0786,0.0,0.0,39.097,0,0.0,-4.14,310.005,-2.7465,34.56,0.0,257.832,0.0,0
46975,-3.7520000000000002,83.545,0.0,0.0,-2.238,350.0786,0.0,0.0,38.101,0,0.0,-2.865,310.005,-1.5588000000000002,34.230000000000004,0.0,257.832,0.0,0
46975,-0.341,83.545,0.0,0.0,-2.238,350.0786,0.0,0.0,37.1,0,0.0,-3.94,309.915,2.5733,33.93,0.0,257.832,0.0,0
46975,-1.364,83.545,0.0,0.0,-2.238,350.0786,0.0,0.0,36.099000000000004,0,0.0,-3.375,310.005,0.066,34.47,0.0,257.832,0.0,0
46975,0.682,83.545,0.5,0.0,-2.238,350.0786,0.0,0.0,35.098,0,1.0,-2.975,310.005,-0.39590000000000003,36.15,0.0,257.832,0.0,0
46975,-1.5350000000000001,83.545,0.0,0.0,-2.238,350.0786,0.0,0.0,34.097,0,0.0,-3.95,310.005,4.6188,36.54,0.0,257.832,0.0,0
46975,1.194,83.545,0.0,0.0,-2.238,350.0786,0.0,0.0,33.999,0,0.0,-3.345,310.005,4.486800000000001,36.57,0.0,257.832,0.0,0
46975,-0.171,83.545,-0.5,0.0,-2.238,350.0786,0.0,0.0,32.998000000000005,0,0.0,-3.375,310.005,-1.0557,36.87,0.0,257.832,0.0,0
46975,-0.341,83.545,0.0,0.0,-2.238,350.0786,0.0,0.0,31.997,0,0.0,-3.44,310.14000000000004,-0.2639,36.33,0.0,257.832,0.0,0
46975,-0.341,83.545,0.5,0.0,-2.238,350.0786,0.0,0.0,30.996000000000002,0,0.0,-2.91,310.14000000000004,2.8043,35.31,0.0,257.832,0.0,0
46975,-0.341,83.545,0.0,0.0,-2.238,350.0786,0.0,0.0,29.995,0,0.0,-3.725,310.005,1.5836000000000001,35.07,0.0,257.832,0.0,0
46975,-0.171,83.545,0.0,0.0,-2.238,350.0786,0.0,0.0,28.999000000000002,0,0.0,-3.325,310.14000000000004,3.1672000000000002,34.95,0.0,257.832,0.0,0
46975,-0.512,83.545,-0.5,0.0,-2.238,350.0786,0.0,0.0,27.998,0,0.0,-3.81,310.14000000000004,3.563,34.74,0.0,257.832,0.0,0
46975,-0.171,83.545,-0.5,0.0,-2.238,350.0786,0.0,0.0,26.997,0,0.0,-3.37,309.915,-0.19790000000000002,35.07,0.0,257.832,0.0,0
46975,-0.171,83.545,0.5,0.0,-2.238,350.0786,0.0,0.0,25.996000000000002,0,0.0,-3.555,309.915,-6.2023,34.77,0.0,257.832,0.0,0
46975,-0.512,83.545,0.5,0.0,-2.238,350.0786,0.0,0.0,24.995,0,0.0,-3.395,310.005,-3.0682,34.65,0.0,257.832,0.0,0
46975,-0.171,83.545,0.0,0.0,-2.238,350.0786,0.0,0.0,23.999000000000002,0,0.0,-3.27,310.005,0.6598,34.29,0.0,257.832,0.0,0
46975,0.0,83.545,0.0,0.0,-2.238,350.0786,0.0,0.0,22.998,0,0.0,-3.9250000000000003,310.14000000000004,4.0579,34.59,0.0,257.832,0.0,0
46975,-0.512,83.545,0.0,0.0,-2.238,350.0786,0.0,0.0,21.997,0,0.0,-2.935,309.915,-1.0557,35.13,0.0,257.832,0.0,0
46975,-0.171,83.545,0.0,0.0,-2.238,350.0786,0.0,0.0,20.996000000000002,0,0.0,-3.1550000000000002,310.005,-2.1114,36.51,0.0,257.832,0.0,0
46975,-0.171,83.545,0.0,0.0,-2.238,350.0786,0.0,0.0,19.995,0,0.0,-3.92,310.005,-2.3754,36.660000000000004,0.0,257.832,0.0,0
46975,-0.171,83.545,-0.5,0.0,-2.238,350.0786,0.0,0.0,18.994,0,0.0,-3.315,310.005,-0.066,37.050000000000004,0.0,257.832,0.0,0
46975,-0.171,83.545,0.0,0.0,-2.238,350.0786,0.0,0.0,18.027,0,1.0,2.515,310.005,0.6598,37.17,0.0,257.832,0.0,0
46975,-0.512,83.545,0.5,0.0,-2.238,350.0786,0.0,0.0,17.28,0,0.0,7.5600000000000005,309.915,1.3856000000000002,36.33,0.0,257.832,0.0,0
46975,0.0,83.545,0.0,0.0,-2.238,350.0786,0.0,0.0,16.875,0,0.0,7.73,310.005,-0.39590000000000003,36.09,0.0,257.832,0.0,0
46975,-0.341,83.545,0.0,0.0,-2.238,350.0786,0.0,0.0,16.753,0,0.0,2.82,310.005,0.2639,35.160000000000004,0.0,257.832,0.0,0
46975,-0.171,83.545,0.0,0.0,-2.238,350.0786,0.0,0.0,16.743000000000002,0,0.0,-0.9500000000000001,310.005,4.486800000000001,34.68,0.0,257.832,0.0,0
46975,-0.512,83.545,0.0,0.0,-2.238,350.0786,0.0,0.0,16.743000000000002,0,0.0,-0.065,310.005,0.0,35.1,0.0,257.832,0.0,0
46975,-0.171,83.545,0.0,0.0,-2.238,350.0786,0.0,0.2,16.743000000000002,0,0.0,-0.105,310.005,-1.9795,35.160000000000004,0.0,257.832,0.0,0
46975,0.0,83.545,0.0,0.0,-2.238,350.0786,0.0,0.2,16.743000000000002,0,0.0,-0.115,309.915,0.3299,35.13,0.0,257.832,0.0,0
46975,-0.512,83.545,0.0,0.0,-2.238,350.0786,0.0,0.2,16.743000000000002,0,0.0,-0.2,310.005,-0.132,35.52,0.0,257.832,0.0,0
46975,-0.171,83.545,0.0,0.0,-2.238,350.0786,0.0,0.0,16.743000000000002,0,0.0,-0.135,310.005,-0.066,35.550000000000004,0.0,257.832,0.0,0
46975,-0.512,83.545,0.0,0.0,-2.238,350.0786,0.0,0.0,16.743000000000002,0,0.0,-0.22,310.14000000000004,2.7465,36.06,0.0,257.832,0.0,0
46975,-0.171,83.545,0.0,0.0,-2.238,350.0786,0.0,0.0,16.748,0,0.0,2.86,310.14000000000004,4.9734,36.84,0.0,257.832,0.0,0
46975,-0.341,83.545,0.0,0.0,-2.238,350.0786,0.0,0.0,16.865000000000002,0,0.0,8.540000000000001,310.14000000000004,2.3506,36.12,0.0,257.832,0.0,0
46975,-0.341,83.545,0.0,0.0,-2.238,350.0786,0.0,0.0,17.192,0,0.0,8.1,310.14000000000004,-3.1012,36.42,0.0,257.832,0.0,0
46975,-0.682,83.545,0.0,0.0,-2.238,350.0786,0.0,0.0,17.681,0,0.0,3.38,310.005,-2.7713,36.63,0.0,257.832,0.0,0
46975,-0.341,83.545,0.0,0.0,-2.238,350.0786,0.0,0.0,18.193,0,0.0,2.255,310.14000000000004,-3.2331000000000003,36.69,0.0,257.832,0.0,0
46975,-0.171,83.545,0.0,0.0,-2.238,350.0786,0.0,0.0,18.696,0,0.0,2.475,309.915,0.066,36.54,0.0,257.832,0.0,0
46975,-0.171,83.545,0.0,0.0,-2.238,350.0786,0.0,0.0,19.199,0,0.0,1.72,310.14000000000004,1.4929000000000001,36.42,0.0,257.832,0.0,0
46975,-0.171,83.545,0.0,0.0,-2.238,350.0786,0.0,0.0,19.697,0,0.0,2.515,310.005,-2.5073000000000003,35.43,0.0,257.832,0.0,0
46975,-0.341,83.545,0.0,0.0,-2.238,350.0786,0.0,0.0,20.195,0,0.0,2.6750000000000003,310.005,-2.5238,34.980000000000004,0.0,257.832,0.0,0
46975,-0.171,83.545,0.0,0.0,-2.238,350.0786,0.0,0.0,20.698,0,0.0,3.145,310.005,-2.4413,34.44,0.0,257.832,0.0,0
46975,-0.341,83.545,0.0,0.0,-2.238,350.0786,0.0,0.0,21.196,0,0.0,2.3000000000000003,310.005,1.4516,35.1,0.0,257.832,0.0,0
46975,-0.171,83.545,0.0,0.0,-2.238,350.0786,0.0,0.0,21.699,0,0.0,1.86,309.915,0.7423000000000001,36.39,0.0,257.832,0.0,0
46975,-0.341,83.545,0.0,0.0,-2.238,350.0786,0.0,0.0,22.197000000000003,0,0.0,2.56,309.915,0.8083,36.300000000000004,0.0,257.832,0.0,0
46975,-0.171,83.545,0.0,0.0,-2.238,350.0786,0.0,0.0,22.695,0,0.0,2.88,310.005,-0.066,36.480000000000004,0.0,257.832,0.0,0
46975,-0.171,83.545,0.0,0.0,-2.238,350.0786,0.0,0.0,23.198,0,0.0,3.18,310.005,-0.14850000000000002,35.910000000000004,0.0,257.832,0.0,0
46975,-0.341,83.545,0.0,0.0,-2.238,350.0786,0.0,0.0,23.696,0,0.0,2.415,310.14000000000004,2.0867,36.87,0.0,257.832,0.0,0
46975,-0.171,83.545,0.0,0.0,-2.238,350.0786,0.0,0.0,24.199,0,0.0,2.115,310.14000000000004,3.1424000000000003,36.81,0.0,257.832,0.0,0
46975,-0.512,83.545,0.0,0.0,-2.238,350.0786,0.0,0.0,24.697000000000003,0,0.0,2.44,310.14000000000004,3.2744,36.72,0.0,257.832,0.0,0
46975,-0.341,83.545,0.0,0.0,-2.238,350.0786,0.0,0.0,25.195,0,0.0,2.825,310.005,-1.6908,36.39,0.0,257.832,0.0,0
46975,-0.512,83.545,0.0,0.0,-2.238,350.0786,0.0,0.0,25.698,0,0.0,2.88,310.005,-4.3301,35.85,0.0,257.832,0.0,0
46975,-0.171,83.545,0.0,0.0,-2.238,350.0786,0.0,0.0,26.196,0,0.0,2.315,310.005,-2.1527000000000003,34.92,0.0,257.832,0.0,0
46975,-0.682,83.545,0.0,0.0,-2.238,350.0786,0.0,0.0,26.699,0,0.0,2.025,310.005,0.0,34.86,0.0,257.832,0.0,0
46975,-0.341,83.545,0.0,0.0,-2.238,350.0786,0.0,0.0,27.197000000000003,0,0.0,2.16,309.915,-2.2269,34.980000000000004,0.0,257.832,0.0,0
46975,-0.171,83.545,0.0,0.0,-2.238,350.0786,0.0,0.0,27.700000000000003,0,1.0,2.755,310.005,0.8578,35.94,0.0,257.832,0.0,0
46975,0.0,83.545,0.0,0.0,-2.238,350.0786,0.0,0.0,28.198,0,0.0,2.79,310.005,1.5836000000000001,37.050000000000004,0.0,257.832,0.0,0
46975,-0.512,83.545,0.0,0.0,-2.238,350.0786,0.0,0.0,28.701,0,0.0,2.445,310.005,-0.14850000000000002,37.2,0.0,257.832,0.0,0
46975,-0.171,83.545,0.0,0.0,-2.238,350.0786,0.0,0.0,29.199,0,0.0,1.8900000000000001,309.915,-3.4806000000000004,37.230000000000004,0.0,257.832,0.0,0
46975,-0.171,83.545,0.0,0.0,-2.238,350.0786,0.0,0.0,29.697000000000003,0,0.0,2.285,310.005,1.3691,36.78,0.0,257.832,0.0,0
46975,-0.341,83.545,0.0,0.0,-2.238,350.0786,0.0,0.0,30.200000000000003,0,0.0,2.805,310.005,4.0909,36.480000000000004,0.0,257.832,0.0,0
46975,-0.341,83.545,0.0,0.0,-2.238,350.0786,0.0,0.0,30.249000000000002,0,0.0,2.795,310.005,3.9589000000000003,36.45,0.0,257.832,0.0,0
46975,-0.171,83.545,0.0,0.0,-2.238,350.0786,0.0,0.0,30.747,0,0.0,2.775,310.14000000000004,3.0352,36.39,0.0,257.832,0.0,0
46975,-0.341,83.545,0.0,0.0,-2.238,350.0786,0.0,0.0,31.25,0,0.0,2.105,310.005,-0.7918000000000001,36.99,0.0,257.832,0.0,0
46975,-0.171,83.545,0.0,0.0,-2.238,350.0786,0.0,0.0,31.748,0,0.0,2.045,310.005,-1.8475000000000001,37.29,0.0,257.832,0.0,0
46975,-0.341,83.545,0.0,0.0,-2.238,350.0786,0.0,0.0,32.251000000000005,0,0.0,3.0,310.005,-3.8600000000000003,36.300000000000004,0.0,257.832,0.0,0
46975,-0.171,83.545,0.0,0.0,-2.238,350.0786,0.0,0.0,32.749,0,0.0,3.1750000000000003,309.915,-1.5836000000000001,35.46,0.0,257.832,0.0,0
46975,-0.171,83.545,0.0,0.0,-2.238,350.0786,0.0,0.0,33.247,0,0.0,2.67,310.005,2.6393,35.13,0.0,257.832,0.0,0
46975,0.0,83.545,0.0,0.0,-2.238,350.0786,0.0,0.0,33.75,0,0.0,2.39,310.14000000000004,1.8475000000000001,34.89,0.0,257.832,0.0,0
46975,-0.341,83.545,0.0,0.0,-2.238,350.0786,0.0,0.0,34.253,0,0.0,2.15,310.005,-0.5938,36.18,0.0,257.832,0.0,0
46975,0.0,83.545,0.0,0.0,-2.238,350.0786,0.0,0.0,34.751000000000005,0,0.0,2.875,310.005,0.132,38.22,0.0,257.832,0.0,0
46975,-0.341,83.545,0.0,0.0,-2.238,350.0786,0.0,0.0,35.249,0,0.0,2.79,310.005,-1.4846000000000001,38.82,0.0,257.832,0.0,0
46975,-0.682,83.545,0.0,0.0,-2.238,350.0786,0.0,0.0,35.752,0,0.0,2.77,310.005,-0.6598,38.19,0.0,257.832,0.0,0
46975,-0.171,83.545,0.0,0.0,-2.238,350.0786,0.0,0.0,36.25,0,0.0,2.06,309.915,-0.7258,37.53,0.0,257.832,0.0,0
46975,-0.171,83.545,0.0,0.0,-2.238,350.0786,0.0,0.0,36.753,0,0.0,2.055,310.005,-2.5073000000000003,36.660000000000004,0.0,257.832,0.0,0
46975,-0.171,83.545,0.0,0.0,-2.238,350.0786,0.0,0.0,37.251000000000005,0,0.0,2.81,309.915,-2.8372,36.75,0.0,257.832,0.0,0
46975,-0.341,83.545,0.0,0.0,-2.238,350.0786,0.0,0.0,37.749,0,0.0,2.955,310.14000000000004,5.1466,36.78,0.0,257.832,0.0,0
46975,-0.171,83.545,0.0,0.0,-2.238,350.0786,0.0,0.0,38.252,0,1.0,2.505,310.14000000000004,4.3878,36.9,0.0,257.832,0.0,0
46975,-0.171,83.545,0.0,0.0,-2.238,350.0786,0.0,0.0,38.75,0,0.0,2.13,310.14000000000004,6.2023,36.42,0.0,257.832,0.0,0
46975,-0.171,83.545,0.0,0.0,-2.238,350.0786,0.0,0.0,39.253,0,0.0,2.2800000000000002,310.005,-3.8600000000000003,35.79,0.0,257.832,0.0,0
46975,-0.341,83.545,0.0,0.0,-2.238,350.0786,0.0,0.0,39.751000000000005,0,0.0,2.7800000000000002,309.915,-8.4457,35.52,0.0,257.832,0.0,0
46975,-0.512,83.545,0.0,0.0,-2.238,350.0786,0.0,0.0,40.254000000000005,0,0.0,2.88,310.005,-1.7485000000000002,35.19,0.0,257.832,0.0,0
46975,-0.171,83.545,0.0,0.0,-2.238,350.0786,0.0,0.0,40.752,0,0.0,2.815,310.005,0.39590000000000003,36.33,0.0,257.832,0.0,0
46975,-0.341,83.545,0.0,0.0,-2.238,350.0786,0.0,0.0,40.801,0,0.0,2.5100000000000002,310.005,0.3299,36.51,0.0,257.832,0.0,0
46975,-0.171,83.545,0.0,0.0,-2.238,350.0786,0.0,0.0,41.304,0,0.0,2.17,309.915,-1.3196,38.37,0.0,257.832,0.0,0
46975,-0.341,83.545,0.0,0.0,-2.238,350.0786,0.0,0.0,41.802,0,0.0,2.465,310.005,-0.46190000000000003,39.300000000000004,0.0,257.832,0.0,0
46975,-0.341,83.545,0.0,0.0,-2.238,350.0786,0.0,0.0,42.300000000000004,0,0.0,3.0700000000000003,310.14000000000004,1.0310000000000001,38.7,0.0,257.832,0.0,0
46975,-0.171,83.545,0.0,0.0,-2.238,350.0786,0.0,0.0,42.803000000000004,0,0.0,3.335,310.005,2.4249,37.29,0.0,257.832,0.0,0
46975,-0.171,83.545,0.0,0.0,-2.238,350.0786,0.0,0.0,43.301,0,0.0,2.755,310.005,1.1877,36.45,0.0,257.832,0.0,0
46975,-0.171,83.545,0.0,0.0,-2.238,350.0786,0.0,0.0,43.804,0,0.0,2.34,309.915,0.1072,35.97,0.0,257.832,0.0,0
46975,-0.341,83.545,0.0,0.0,-2.238,350.0786,0.0,0.0,44.302,0,0.0,2.49,310.005,-2.1114,35.85,0.0,257.832,0.0,0
46975,-0.171,83.545,0.0,0.0,-2.238,350.0786,0.0,0.0,44.805,0,0.0,3.0700000000000003,310.005,0.39590000000000003,35.49,0.0,257.832,0.0,0
46975,-0.171,83.545,0.0,0.0,-2.238,350.0786,0.0,0.0,45.303000000000004,0,0.0,3.29,310.005,1.6743000000000001,35.37,0.0,257.832,0.0,0
46975,-0.171,83.545,0.0,0.0,-2.238,350.0786,0.0,0.0,45.801,0,0.0,2.56,310.005,1.8475000000000001,35.58,0.0,257.832,0.0,0
46975,-0.171,83.545,0.0,0.0,-2.238,350.0786,0.0,0.0,46.304,0,0.0,2.36,310.005,1.2124000000000001,35.67,0.0,257.832,0.0,0
46975,-0.171,83.545,0.0,0.0,-2.238,350.0786,0.0,0.0,46.807,0,0.0,2.07,309.915,-3.6785,36.39,0.0,257.832,0.0,0
46975,-0.171,83.545,0.0,0.0,-2.238,350.0786,0.0,0.0,47.305,0,0.0,2.93,310.005,-2.5733,37.35,0.0,257.832,0.0,0
46975,-0.512,83.545,0.0,0.0,-2.238,350.0786,0.0,0.0,47.803000000000004,0,0.0,3.06,309.915,2.7218,38.07,0.0,257.832,0.0,0
46975,0.0,83.545,0.0,0.0,-2.238,350.0786,0.0,0.0,48.306000000000004,0,0.0,2.33,309.915,0.0825,38.46,0.0,257.832,0.0,0
46975,-0.512,83.545,0.0,0.0,-2.238,350.0786,0.0,0.0,48.804,0,0.0,2.125,309.915,1.864,38.1,0.0,257.832,0.0,0
46975,0.0,83.545,0.0,0.0,-2.238,350.0786,0.0,0.0,49.307,0,0.0,2.375,310.005,3.4558,37.29,0.0,257.832,0.0,0
46975,-0.341,83.545,0.0,0.0,-2.238,350.0786,0.0,0.0,49.805,0,0.0,2.985,310.005,1.897,36.63,0.0,257.832,0.0,0
46975,-0.171,83.545,0.0,0.0,-2.238,350.0786,0.0,0.0,50.303000000000004,0,0.0,2.83,309.915,-2.994,35.85,0.0,257.832,0.0,0
46975,-0.171,83.545,0.0,0.0,-2.238,350.0786,0.0,0.0,50.806000000000004,0,0.0,2.505,310.005,-3.3651,35.76,0.0,257.832,0.0,0
46975,0.0,83.545,0.0,0.0,-2.238,350.0786,0.0,0.0,51.304,0,0.0,2.31,310.005,-0.28040000000000004,35.58,0.0,257.832,0.0,0
46975,-0.171,83.545,0.0,0.0,-2.238,350.0786,0.0,0.0,51.807,0,0.0,2.5300000000000002,310.14000000000004,6.425000000000001,35.61,0.0,257.832,0.0,0
46975,-0.171,83.545,0.0,0.0,-2.238,350.0786,0.0,0.0,52.305,0,0.0,3.17,310.005,5.1466,35.88,0.0,257.832,0.0,0
46975,-0.171,83.545,0.0,0.0,-2.238,350.0786,0.0,0.0,52.803000000000004,0,0.0,3.2800000000000002,309.915,-4.4703,36.24,0.0,257.832,0.0,0
46975,-0.171,83.545,0.0,0.0,-2.238,350.0786,0.0,0.0,53.306000000000004,0,0.0,2.63,310.005,-6.0456,37.2,0.0,257.832,0.0,0
46975,-0.171,83.545,0.0,0.0,-2.238,350.0786,0.0,0.0,53.804,0,0.0,2.23,310.14000000000004,-0.5526,37.56,0.0,257.832,0.0,0
46975,-0.171,83.545,0.0,0.0,-2.238,350.0786,0.0,0.0,54.307,0,0.0,2.65,310.005,1.2537,37.65,0.0,257.832,0.0,0
46975,-0.171,83.545,0.0,0.0,-2.238,350.0786,0.0,0.0,54.355000000000004,0,0.0,2.665,310.005,1.4516,37.71,0.0,257.832,0.0,0
46975,-0.341,83.545,0.0,0.0,-2.238,350.0786,0.0,0.0,54.854,0,0.0,3.35,309.915,-0.7258,38.1,0.0,257.832,0.0,0
46975,-0.171,83.545,0.0,0.0,-2.238,350.0786,0.0,0.0,55.356,0,0.0,2.8850000000000002,310.005,-0.2639,37.44,0.0,257.832,0.0,0
46975,-0.171,83.545,0.0,0.0,-2.238,350.0786,0.0,0.0,55.854,0,0.0,2.33,310.005,2.1114,37.56,0.0,257.832,0.0,0
46975,-0.341,83.545,0.0,0.0,-2.238,350.0786,0.0,0.0,56.357,0,0.0,2.745,309.915,-2.3754,36.69,0.0,257.832,0.0,0
46975,-0.341,83.545,0.0,0.0,-2.238,350.0786,0.0,0.0,56.855000000000004,0,0.0,2.68,310.005,-2.9032,35.910000000000004,0.0,257.832,0.0,0
46975,-0.512,83.545,0.0,0.0,-2.238,350.0786,0.0,0.0,57.358000000000004,0,0.0,2.955,310.005,2.1114,34.89,0.0,257.832,0.0,0
46975,-0.341,83.545,0.0,0.0,-2.238,350.0786,0.0,0.0,57.856,0,0.0,2.5,310.005,-1.9135000000000002,35.58,0.0,257.832,0.0,0
46975,0.0,83.545,0.0,0.0,-2.238,350.0786,0.0,0.0,58.359,0,0.0,2.205,310.005,-0.2639,36.12,0.0,257.832,0.0,0
46975,-0.341,83.545,0.0,0.0,-2.238,350.0786,0.0,0.0,58.857,0,0.0,2.34,310.005,3.4311000000000003,36.69,0.0,257.832,0.0,0
46975,-0.171,83.545,0.0,0.0,-2.238,350.0786,0.0,0.0,59.355000000000004,0,0.0,3.12,309.915,-3.4311000000000003,36.81,0.0,257.832,0.0,0
46975,-0.171,83.545,0.0,0.0,-2.238,350.0786,0.0,0.0,59.854000000000006,0,0.0,3.48,310.14000000000004,0.9567,37.35,0.0,257.832,0.0,0
46975,-0.341,83.545,0.0,0.0,-2.238,350.0786,0.0,0.0,60.356,0,0.0,2.68,310.14000000000004,6.334300000000001,36.87,0.0,257.832,0.0,0
46975,-0.171,83.545,0.0,0.0,-2.238,350.0786,0.0,0.0,60.854000000000006,0,0.0,2.355,310.14000000000004,0.099,37.08,0.0,257.832,0.0,0
46975,-0.171,83.545,0.0,0.0,-2.238,350.0786,0.0,0.0,61.357000000000006,0,0.0,2.685,310.005,-6.0704,36.69,0.0,257.832,0.0,0
46975,-0.171,83.545,0.0,0.0,-2.238,350.0786,0.0,0.0,61.855000000000004,0,0.0,3.1550000000000002,309.915,-0.8908,36.09,0.0,257.832,0.0,0
46975,-0.341,83.545,0.0,0.0,-2.238,350.0786,0.0,0.0,62.358000000000004,0,1.0,3.295,310.005,-1.8475000000000001,36.72,0.0,257.832,0.0,0
46975,-0.171,83.545,0.0,0.0,-2.238,350.0786,0.0,0.0,62.856,0,0.0,2.975,310.14000000000004,4.3878,36.87,0.0,257.832,0.0,0
46975,-0.171,83.545,0.0,0.0,-2.238,350.0786,0.0,0.0,63.354000000000006,0,0.0,2.71,310.14000000000004,5.806500000000001,36.45,0.0,257.832,0.0,0
46975,-0.171,83.545,0.0,0.0,-2.238,350.0786,0.0,0.0,63.857000000000006,0,0.0,2.86,310.14000000000004,-3.5301,35.61,0.0,257.832,0.0,0
46975,-0.171,83.545,0.0,0.0,-2.238,350.0786,0.0,0.0,64.355,0,0.0,3.125,310.005,-2.5073000000000003,34.65,0.0,257.832,0.0,0
46975,0.0,83.545,0.0,0.0,-2.238,350.0786,0.0,0.0,64.858,0,0.0,3.5100000000000002,310.14000000000004,0.7918000000000001,34.44,0.0,257.832,0.0,0
46975,-0.171,83.545,0.0,0.0,-2.238,350.0786,0.0,0.0,65.35600000000001,0,0.0,2.935,309.915,-3.4311000000000003,35.01,0.0,257.832,0.0,0
46975,-0.171,83.545,0.0,0.0,-2.238,350.0786,0.0,0.0,65.85900000000001,0,0.0,2.595,309.915,-0.7258,35.64,0.0,257.832,0.0,0
46975,-0.171,83.545,0.0,0.0,-2.238,350.0786,0.0,0.0,66.357,0,0.0,3.0500000000000003,310.005,-3.1672000000000002,36.72,0.0,257.832,0.0,0
46975,-0.341,83.545,0.0,0.0,-2.238,350.0786,0.0,0.0,66.406,0,0.0,3.2,310.005,-2.4826,36.75,0.0,257.832,0.0,0
46975,-0.171,83.545,0.0,0.0,-2.238,350.0786,0.0,0.0,66.909,0,0.0,3.37,310.005,-1.4021000000000001,37.65,0.0,257.832,0.0,0
46975,-0.171,83.545,0.0,0.0,-2.238,350.0786,0.0,0.0,67.407,0,0.0,3.0,310.14000000000004,2.2681,37.410000000000004,0.0,257.832,0.0,0
46975,-0.171,83.545,0.0,0.0,-2.238,350.0786,0.0,0.0,67.905,0,0.0,1.1300000000000001,310.14000000000004,2.9445,36.57,0.0,257.832,0.0,0
46975,-0.341,83.545,0.0,0.0,-2.238,350.0786,0.0,0.2,68.34,0,0.0,-3.34,310.14000000000004,1.6908,36.300000000000004,0.0,257.832,0.0,0
46975,-0.341,83.545,0.0,0.0,-2.238,350.0786,0.0,0.0,68.608,0,0.0,-3.365,309.915,-4.7507,36.87,0.0,257.832,0.0,0
46975,0.0,83.545,0.0,0.0,-2.238,350.0786,0.0,0.0,68.71600000000001,0,0.0,-1.725,310.005,-5.7157,36.51,0.0,257.832,0.0,0
46975,-0.171,83.545,0.0,0.0,-2.238,350.0786,0.0,0.0,68.73,0,0.0,1.2650000000000001,310.005,-0.7258,35.79,0.0,257.832,0.0,0
46975,-0.171,83.545,0.0,0.0,-2.238,350.0786,0.0,0.0,68.735,0,0.0,0.68,310.005,1.4351,34.65,0.0,257.832,0.0,0
46975,-0.341,83.545,0.0,0.0,-2.238,350.0786,0.0,0.0,68.735,0,0.0,0.665,310.14000000000004,2.1527000000000003,34.59,0.0,257.832,0.0,0
46975,-0.341,83.545,0.0,0.0,-2.238,350.0786,0.0,0.0,68.73,0,1.0,-0.4,310.005,2.7713,34.68,0.0,257.832,0.0,0
46975,-0.171,83.545,0.0,0.0,-2.238,350.0786,0.0,0.0,68.687,0,1.0,-5.505,310.14000000000004,0.9650000000000001,36.06,0.0,257.832,0.0,0
46975,-0.171,83.545,0.0,0.0,-2.238,350.0786,0.0,-0.2,68.49600000000001,0,0.0,-8.28,310.005,-5.0559,36.75,0.0,257.832,0.0,0
46975,-0.341,83.545,0.0,0.0,-2.238,350.0786,0.0,0.0,68.12,0,0.0,-8.705,310.005,0.7918000000000001,37.230000000000004,0.0,257.832,0.0,0
46975,-0.682,83.545,0.0,0.0,-2.238,350.0786,0.0,0.0,67.549,0,0.0,-9.08,309.915,2.8125,37.38,0.0,257.832,0.0,0
46975,-0.171,83.545,0.0,0.0,-2.238,350.0786,0.0,0.0,66.802,0,0.0,-8.83,309.915,-3.2331000000000003,37.32,0.0,257.832,0.0,0
46975,-0.341,83.545,0.0,0.0,-2.238,350.0786,0.0,0.0,65.898,0,0.0,-8.09,310.23,-3.7363000000000004,36.51,0.0,257.832,0.0,0
46975,-0.341,83.545,0.0,0.0,-2.238,350.0786,0.0,0.0,64.897,0,0.0,-3.125,310.005,4.0497000000000005,36.06,0.0,257.832,0.0,0
46975,-0.171,83.545,0.0,0.0,-2.238,350.0786,0.0,0.0,63.896,0,0.0,-3.995,310.005,3.6785,35.79,0.0,257.832,0.0,0
46975,-0.171,83.545,0.0,0.0,-2.238,350.0786,0.0,0.0,62.891000000000005,0,0.0,-2.975,310.005,-2.3094,36.15,0.0,257.832,0.0,0
46975,-0.171,83.545,0.0,0.0,-2.238,350.0786,0.0,0.0,61.89,0,0.0,-3.61,310.14000000000004,-2.928,35.19,0.0,257.832,0.0,0
46975,-0.341,83.545,0.0,0.0,-2.238,350.0786,0.0,0.0,60.894000000000005,0,0.0,-3.785,310.005,-0.7918000000000001,34.65,0.0,257.832,0.0,0
46975,-0.171,83.545,0.0,0.0,-2.238,350.0786,0.0,0.0,59.893,0,0.0,-2.855,310.005,0.3299,34.56,0.0,257.832,0.0,0
46975,-0.341,83.545,0.0,0.0,-2.238,350.0786,0.0,0.0,58.892,0,2.0,-3.97,310.14000000000004,0.0907,34.65,0.0,257.832,0.0,0
46975,-0.171,83.545,0.0,0.0,-2.238,350.0786,0.0,0.0,57.891000000000005,0,0.0,-3.8200000000000003,310.14000000000004,0.0412,36.18,0.0,257.832,0.0,0
46975,-0.341,83.545,0.0,0.0,-2.238,350.0786,0.0,0.0,56.895,0,1.0,-3.595,310.14000000000004,0.7011000000000001,37.59,0.0,257.832,0.0,0
46975,-0.171,83.545,0.0,0.0,-2.238,350.0786,0.0,0.0,55.894000000000005,0,0.0,-4.255,310.005,-0.9650000000000001,38.34,0.0,257.832,0.0,0
46975,-0.512,83.545,0.0,0.0,-2.238,350.0786,0.0,0.0,54.893,0,0.0,-2.7800000000000002,310.14000000000004,-1.1629,37.62,0.0,257.832,0.0,0
46975,-0.171,83.545,0.0,0.0,-2.238,350.0786,0.0,0.0,54.79,0,0.0,-3.52,310.14000000000004,-1.1877,37.56,0.0,257.832,0.0,0
46975,-0.171,83.545,0.0,0.0,-2.238,350.0786,0.0,0.0,53.789,0,0.0,-3.83,310.005,-0.6928000000000001,37.44,0.0,257.832,0.0,0
