Zykluszahl,Spritzdruck,SC-Position,SC-Geschwindigkeit,SC-Drehzahl,IST-Schliesskraft,WZ-Position,WZ-Geschwindigkeit,Kreuzkopf-Geschwindigkeit,AW-Position,AW-Geschwindigkeit,SC-Drehmoment,AW-Kraft,EE-Position,EE-Geschwindigkeit,EE-Stellsignal,Anlagekraft,Kreuzkopf-Position,Werkzeuginnendruck 1,Werkzeuginnendruck 2
46592,-0.341,67.62700000000001,-0.5,0.0,-2.844,350.0786,0.0,0.0,5.742,0,0.0,-0.495,309.915,-2.4743,37.86,0.0,257.832,0.0,0
46592,-0.171,67.62700000000001,0.0,0.0,-2.844,350.0786,0.0,0.0,5.742,0,0.0,-0.47000000000000003,310.005,-4.3548,37.980000000000004,0.0,257.832,0.0,0
46592,-0.512,67.62700000000001,0.0,0.0,-2.844,350.0786,0.0,0.0,5.742,0,0.0,-0.455,310.14000000000004,-1.0557,36.54,0.0,257.832,0.0,0
46592,-0.171,67.62700000000001,0.0,0.0,-2.844,350.0786,0.0,0.0,5.742,0,1.0,-0.445,310.005,5.0147,36.24,0.0,257.832,0.0,0
46592,-0.682,67.62700000000001,0.0,0.0,-2.844,350.0786,0.0,0.0,5.742,0,0.0,-0.47000000000000003,309.915,-1.7815,35.97,0.0,257.832,0.0,0
46592,-0.341,67.62700000000001,0.0,0.0,-2.844,350.0786,0.0,0.0,5.742,0,0.0,-0.47500000000000003,310.14000000000004,-2.7713,36.480000000000004,0.0,257.832,0.0,0
46592,-0.512,67.62700000000001,0.0,0.0,-2.844,350.0786,0.0,0.0,5.742,0,0.0,-0.44,310.005,5.2786,36.6,0.0,257.832,0.0,0
46592,-0.853,67.62700000000001,0.0,0.0,-2.844,350.0786,0.0,0.0,5.742,0,0.0,-0.435,310.005,-0.6598,36.12,0.0,257.832,0.0,0
46592,-0.341,67.62700000000001,0.0,0.0,-2.844,350.0786,0.0,0.0,5.742,0,0.0,-0.435,309.825,-7.423,35.160000000000004,0.0,257.832,0.0,0
46592,-0.171,67.62700000000001,0.0,0.0,-2.844,350.0786,0.0,0.0,5.742,0,0.0,-0.5,310.005,-0.2639,34.89,0.0,257.832,0.0,0
46592,-0.512,67.62700000000001,0.0,0.0,-2.844,350.0786,0.0,0.0,5.742,0,0.0,-0.495,310.005,1.0557,34.35,0.0,257.832,0.0,0
46592,-0.512,67.62700000000001,0.0,0.0,-2.844,350.0786,0.0,0.0,5.742,0,0.0,-0.48,309.915,1.1877,33.6,0.0,257.832,0.0,0
46592,-0.341,67.62700000000001,0.0,0.0,-2.844,350.0786,0.0,0.0,5.742,0,0.0,-0.47500000000000003,310.005,-4.486800000000001,35.58,0.0,257.832,0.0,0
46592,-0.341,67.62700000000001,0.0,0.0,-2.844,350.0786,0.0,0.0,5.742,0,0.0,-0.47000000000000003,310.005,2.7713,36.660000000000004,0.0,257.832,0.0,0
46592,-0.853,67.62700000000001,0.0,0.0,-2.844,350.0786,0.0,0.0,5.742,0,0.0,-0.485,310.005,3.629,37.44,0.0,257.832,0.0,0
46592,-0.512,67.62700000000001,0.0,0.0,-2.844,350.0786,0.0,-0.2,5.742,0,0.0,-0.48,310.14000000000004,2.7713,36.99,0.0,257.832,0.0,0
46592,-0.512,67.62700000000001,0.0,0.0,-2.844,350.0786,0.0,-1.0,5.742,0,0.0,-0.495,310.005,4.7507,36.33,0.0,257.832,0.0,0
46592,-0.341,67.62700000000001,0.0,0.0,-2.844,349.9995,-40.6,-4.5,5.742,0,2.0,-0.44,310.005,-4.486800000000001,35.61,0.0,257.793,0.0,0
46592,-0.171,67.62700000000001,0.0,0.0,-2.844,349.8798,-40.5,-7.9,5.742,0,0.0,-0.49,310.005,-3.8600000000000003,36.12,0.0,257.73400000000004,0.0,0
46592,-0.341,67.62700000000001,0.0,0.0,-2.844,349.64230000000003,-40.6,-13.9,5.742,0,0.0,-0.525,310.005,0.9238000000000001,36.57,0.0,257.617,0.0,0
46592,-0.682,67.62700000000001,0.0,0.0,-2.844,349.28520000000003,-40.6,-20.3,5.742,0,0.0,-0.455,310.005,-2.3754,36.300000000000004,0.0,257.44100000000003,0.0,0
46592,-0.512,67.62700000000001,0.0,0.0,-2.844,348.81030000000004,-79.2,-26.900000000000002,5.742,0,0.0,-0.47500000000000003,309.915,-1.8475000000000001,35.19,0.0,257.207,0.0,0
46592,-0.341,67.62700000000001,0.0,0.0,-2.844,348.1772,-79.10000000000001,-34.300000000000004,5.742,0,0.0,-0.515,309.915,0.8578,34.08,0.0,256.89500000000004,0.0,0
46592,-0.341,67.62700000000001,0.0,0.0,-2.844,347.41900000000004,-82.0,-41.4,5.742,0,0.0,-0.445,310.005,0.39590000000000003,33.69,0.0,256.523,0.0,0
46592,-0.171,67.62700000000001,0.0,0.0,-2.844,346.4596,-118.9,-48.800000000000004,5.742,0,0.0,-0.47500000000000003,310.005,2.3094,34.230000000000004,0.0,256.055,0.0,0
46592,-0.341,67.62700000000001,0.0,0.0,-2.844,346.37960000000004,-80.0,-49.800000000000004,5.742,0,0.0,-0.45,310.005,1.5671000000000002,34.38,0.0,256.016,0.0,0
46592,-0.682,67.62700000000001,-0.5,0.0,-2.844,345.29720000000003,-79.9,-56.900000000000006,5.742,0,1.0,-0.505,310.14000000000004,2.4001,36.12,0.0,255.488,0.0,0
46592,-0.341,67.62700000000001,0.0,0.0,-2.844,344.05690000000004,-118.9,-63.300000000000004,5.742,0,0.0,-0.47000000000000003,310.005,-0.39590000000000003,37.02,0.0,254.883,0.0,0
46592,-0.512,67.62700000000001,0.5,0.0,-2.844,342.69570000000004,-118.9,-69.10000000000001,5.742,0,0.0,-0.535,309.825,-3.3321,37.5,0.0,254.21900000000002,0.0,0
46592,-0.341,67.62700000000001,0.0,0.0,-2.844,341.20050000000003,-161.70000000000002,-73.7,5.742,0,-1.0,-0.545,310.14000000000004,-2.664,36.84,0.0,253.496,0.0,0
46592,-0.171,67.62700000000001,0.0,0.0,-2.844,339.62080000000003,-163.8,-77.0,5.742,0,0.0,-0.47500000000000003,309.915,2.1939,35.67,0.0,252.734,0.0,0
46592,-0.341,67.62700000000001,0.0,0.0,-2.844,338.0017,-161.70000000000002,-79.8,5.742,0,1.0,-0.49,310.005,2.029,34.800000000000004,0.0,251.953,0.0,0
46592,-0.682,67.62700000000001,0.0,0.0,-2.844,336.334,-163.70000000000002,-80.9,5.742,0,0.0,-0.445,310.005,0.0247,34.2,0.0,251.15200000000002,0.0,0
46592,-0.341,67.62700000000001,0.0,0.0,-2.844,334.65590000000003,-163.6,-80.3,5.742,0,0.0,-0.425,310.005,1.5176,34.410000000000004,0.0,250.352,0.0,0
46592,-0.512,67.62700000000001,0.0,0.0,-2.844,332.97560000000004,-163.6,-80.10000000000001,5.742,0,0.0,-0.47000000000000003,310.14000000000004,0.37120000000000003,34.68,0.0,249.55100000000002,0.0,0
46592,-0.512,67.62700000000001,0.0,0.0,-2.844,332.77000000000004,-205.60000000000002,-80.10000000000001,5.742,0,0.0,-0.47500000000000003,310.14000000000004,0.6928000000000001,34.74,0.0,249.453,0.0,0
46592,-0.512,67.62700000000001,0.0,0.0,-2.844,331.0854,-208.10000000000002,-80.3,5.742,0,-1.0,-0.47500000000000003,310.14000000000004,3.563,34.65,0.0,248.65200000000002,0.0,0
46592,-0.512,67.62700000000001,-0.5,0.0,-2.844,329.3867,-206.0,-80.10000000000001,5.742,0,0.0,-0.505,310.005,1.5836000000000001,35.01,0.0,247.852,0.0,0
46592,-0.341,67.62700000000001,0.0,0.0,-2.844,327.7262,-165.6,-79.8,5.742,0,-1.0,-0.46,310.005,-3.9589000000000003,34.230000000000004,0.0,247.07000000000002,0.0,0
46592,-0.853,67.62700000000001,0.0,0.0,-2.844,326.02750000000003,-165.6,-80.3,5.742,0,1.0,-0.44,310.005,-5.4435,34.230000000000004,0.0,246.27,0.0,0
46592,-0.512,67.62700000000001,0.0,0.0,-2.844,324.30740000000003,-167.70000000000002,-79.8,5.742,0,0.0,-0.485,310.005,1.9795,34.65,0.0,245.46900000000002,0.0,0
46592,-0.512,67.62700000000001,0.0,0.0,-2.844,322.5855,-167.70000000000002,-80.3,5.742,0,0.0,-0.46,310.005,2.6393,34.95,0.0,244.668,0.0,0
46592,-0.512,67.62700000000001,0.0,0.0,-2.844,320.8637,-167.6,-80.60000000000001,5.742,0,0.0,-0.445,310.005,-2.6393,36.27,0.0,243.86700000000002,0.0,0
46592,-0.341,67.62700000000001,0.0,0.0,-2.844,319.1282,-171.9,-80.60000000000001,5.742,0,0.0,-0.485,310.005,0.0,36.72,0.0,243.066,0.0,0
46592,-0.512,67.62700000000001,0.0,0.0,-2.844,317.38730000000004,-169.8,-80.10000000000001,5.742,0,0.0,-0.505,310.005,-1.3196,36.480000000000004,0.0,242.26600000000002,0.0,0
46592,-0.341,67.62700000000001,0.0,0.0,-2.844,315.6443,-169.70000000000002,-80.10000000000001,5.742,0,0.0,-0.42,310.14000000000004,-1.1547,35.76,0.0,241.465,0.0,0
46592,-0.341,67.62700000000001,0.0,0.0,-2.844,313.89340000000004,-171.8,-80.10000000000001,5.742,0,0.0,-0.455,310.005,1.8475000000000001,34.980000000000004,0.0,240.66400000000002,0.0,0
46592,-0.512,67.62700000000001,0.0,0.0,-2.844,312.1293,-171.8,-80.10000000000001,5.742,0,0.0,-0.485,310.005,-0.7918000000000001,33.9,0.0,239.863,0.0,0
46592,-0.341,67.62700000000001,0.0,0.0,-2.844,310.36740000000003,-171.8,-79.8,5.742,0,0.0,-0.495,309.915,-3.2991,33.72,0.0,239.06300000000002,0.0,0
46592,-0.512,67.62700000000001,0.0,0.0,-2.844,308.60130000000004,-173.8,-80.10000000000001,5.742,0,1.0,-0.495,310.14000000000004,0.9567,33.96,0.0,238.262,0.0,0
46592,-0.341,67.62700000000001,0.0,0.0,-2.844,306.8165,-173.8,-80.3,5.742,0,0.0,-0.5,310.005,1.9795,33.9,0.0,237.461,0.0,0
46592,-0.512,67.62700000000001,0.5,0.0,-2.844,306.6427,-173.8,-80.3,5.742,0,0.0,-0.525,310.14000000000004,2.6805000000000003,33.9,0.0,237.383,0.0,0
46592,-0.512,67.62700000000001,0.0,0.0,-2.844,304.8578,-173.9,-80.60000000000001,5.742,0,1.0,-0.44,310.005,0.9073,34.56,0.0,236.58200000000002,0.0,0
46592,-0.341,67.62700000000001,0.0,0.0,-2.844,303.07300000000004,-173.8,-80.10000000000001,5.742,0,-1.0,-0.515,310.005,-0.17320000000000002,34.77,0.0,235.781,0.0,0
46592,-0.853,67.62700000000001,0.0,0.0,-2.844,301.2695,-178.0,-80.10000000000001,5.742,0,0.0,-0.435,310.14000000000004,0.17320000000000002,36.03,0.0,234.98000000000002,0.0,0
46592,-0.341,67.62700000000001,0.0,0.0,-2.844,299.4667,-175.8,-80.60000000000001,5.742,0,-1.0,-0.46,310.005,-3.2991,36.21,0.0,234.18,0.0,0
46592,-0.341,67.62700000000001,0.0,0.0,-2.844,297.6617,-175.8,-80.60000000000001,5.742,0,0.0,-0.43,309.915,-3.4558,36.15,0.0,233.37900000000002,0.0,0
46592,-0.171,67.62700000000001,0.0,0.0,-2.844,295.8439,-177.70000000000002,-80.60000000000001,5.742,0,1.0,-0.5,310.14000000000004,2.1114,36.21,0.0,232.578,0.0,0
46592,0.0,67.62700000000001,0.0,0.0,-2.844,294.0194,-177.70000000000002,-79.60000000000001,5.742,0,1.0,-0.485,309.915,3.1012,35.79,0.0,231.77700000000002,0.0,0
46592,-0.171,67.62700000000001,0.0,0.0,-2.844,292.1972,-177.70000000000002,-79.8,5.742,0,-1.0,-0.465,310.005,-2.9857,34.71,0.0,230.977,0.0,0
46592,-0.512,67.62700000000001,0.0,0.0,-2.844,290.36560000000003,-179.5,-80.3,5.742,0,0.0,-0.43,310.005,-1.3856000000000002,34.5,0.0,230.17600000000002,0.0,0
46592,-0.512,67.62700000000001,0.0,0.0,-2.844,288.52250000000004,-179.5,-80.3,5.742,0,-1.0,-0.46,310.14000000000004,3.8517,34.05,0.0,229.375,0.0,0
46592,-0.341,67.62700000000001,0.0,0.0,-2.844,286.6794,-179.5,-80.60000000000001,5.742,0,-1.0,-0.47000000000000003,310.005,1.7815,33.93,0.0,228.574,0.0,0
46592,-0.512,67.62700000000001,0.0,0.0,-2.844,284.8344,-183.5,-80.10000000000001,5.742,0,0.0,-0.47000000000000003,310.005,-0.39590000000000003,34.17,0.0,227.77300000000002,0.0,0
46592,-0.341,67.62700000000001,0.5,0.0,-2.844,282.976,-181.20000000000002,-80.10000000000001,5.742,0,-1.0,-0.485,310.005,-5.806500000000001,34.44,0.0,226.973,0.0,0
46592,-0.512,67.62700000000001,0.0,0.0,-2.844,281.1152,-181.20000000000002,-79.8,5.742,0,0.0,-0.47500000000000003,310.14000000000004,0.6351,34.74,0.0,226.172,0.0,0
46592,-0.171,67.62700000000001,0.0,0.0,-2.844,279.2545,-181.20000000000002,-80.3,5.742,0,-1.0,-0.47500000000000003,310.005,2.5733,35.04,0.0,225.371,0.0,0
46592,-0.682,67.62700000000001,0.0,0.0,-2.844,277.3799,-182.8,-80.3,5.742,0,0.0,-0.52,310.14000000000004,1.9547,35.160000000000004,0.0,224.57000000000002,0.0,0
46592,-0.171,67.62700000000001,0.0,0.0,-2.844,275.505,-182.8,-79.8,5.742,0,0.0,-0.47500000000000003,310.005,0.7918000000000001,35.43,0.0,223.77,0.0,0
46592,-0.341,67.62700000000001,0.0,0.0,-2.844,273.6277,-182.8,-80.10000000000001,5.742,0,0.0,-0.495,310.14000000000004,-1.8063,34.980000000000004,0.0,222.96900000000002,0.0,0
46592,-0.171,67.62700000000001,0.0,0.0,-2.844,271.7418,-184.3,-79.8,5.742,0,0.0,-0.43,309.915,-2.2269,35.34,0.0,222.168,0.0,0
46592,-0.341,67.62700000000001,0.0,0.0,-2.844,269.8493,-184.20000000000002,-80.3,5.742,0,0.0,-0.465,310.005,0.7258,35.67,0.0,221.36700000000002,0.0,0
46592,-0.512,67.62700000000001,0.0,0.0,-2.844,267.9567,-186.70000000000002,-80.60000000000001,5.742,0,1.0,-0.425,309.915,-5.3281,35.4,0.0,220.566,0.0,0
46592,-0.512,67.62700000000001,0.0,0.0,-2.844,266.0625,-185.60000000000002,-80.3,5.742,0,0.0,-0.47000000000000003,310.005,2.9527,35.550000000000004,0.0,219.76600000000002,0.0,0
46592,-0.682,67.62700000000001,0.0,0.0,-2.844,264.15590000000003,-185.70000000000002,-80.60000000000001,5.742,0,1.0,-0.52,310.005,1.0557,35.22,0.0,218.965,0.0,0
46592,-0.341,67.62700000000001,0.0,0.0,-2.844,262.24940000000004,-185.70000000000002,-79.60000000000001,5.742,0,0.0,-0.49,310.14000000000004,0.0247,34.77,0.0,218.16400000000002,0.0,0
46592,-0.171,67.62700000000001,0.0,0.0,-2.844,262.0638,-185.60000000000002,-79.8,5.742,0,1.0,-0.48,310.14000000000004,-0.165,34.65,0.0,218.086,0.0,0
46592,-0.171,67.62700000000001,-0.5,0.0,-2.844,260.1558,-186.9,-80.3,5.742,0,-1.0,-0.485,309.915,0.0,33.75,0.0,217.285,0.0,0
46592,-0.341,67.62700000000001,0.0,0.0,-2.844,258.2367,-189.3,-80.10000000000001,5.742,0,0.0,-0.48,310.14000000000004,4.1239,33.6,0.0,216.484,0.0,0
46592,-0.341,67.62700000000001,0.0,0.0,-2.844,256.32,-186.9,-79.8,5.742,0,0.0,-0.465,310.005,-0.7918000000000001,33.480000000000004,0.0,215.684,0.0,0
46592,-0.512,67.62700000000001,0.0,0.0,-2.844,254.4009,-186.9,-79.8,5.742,0,0.0,-0.48,310.14000000000004,1.6826,34.35,0.0,214.883,0.0,0
46592,-0.341,67.62700000000001,0.0,0.0,-2.844,252.47240000000002,-188.0,-80.10000000000001,5.742,0,-1.0,-0.47500000000000003,310.14000000000004,1.1877,35.25,0.0,214.08200000000002,0.0,0
46592,-0.512,67.62700000000001,0.0,0.0,-2.844,250.5422,-188.0,-79.60000000000001,5.742,0,-1.0,-0.47500000000000003,310.14000000000004,-4.0579,36.18,0.0,213.281,0.0,0
46592,-0.512,67.62700000000001,0.0,0.0,-2.844,248.6121,-190.3,-80.10000000000001,5.742,0,-1.0,-0.455,310.23,3.563,36.78,0.0,212.48000000000002,0.0,0
46592,-0.341,67.62700000000001,0.0,0.0,-2.844,246.67880000000002,-188.9,-79.8,5.742,0,0.0,-0.495,310.005,4.0579,36.75,0.0,211.68,0.0,0
46592,-0.341,67.62700000000001,0.0,0.0,-2.844,244.7391,-188.9,-79.8,5.742,0,0.0,-0.47500000000000003,310.005,-6.7302,36.06,0.0,210.87900000000002,0.0,0
46592,-0.341,67.62700000000001,0.0,0.0,-2.844,242.79940000000002,-188.9,-79.8,5.742,0,0.0,-0.465,310.005,-6.4333,35.61,0.0,210.078,0.0,0
46592,-0.171,67.62700000000001,0.0,0.0,-2.844,240.8573,-189.60000000000002,-80.3,5.742,0,0.0,-0.47000000000000003,310.005,0.0,35.43,0.0,209.27700000000002,0.0,0
46592,-0.682,67.62700000000001,0.0,0.0,-2.844,238.9121,-189.60000000000002,-79.60000000000001,5.742,0,0.0,-0.445,309.915,1.3856000000000002,34.65,0.0,208.477,0.0,0
46592,-0.341,67.62700000000001,0.0,0.0,-2.844,236.9644,-189.70000000000002,-80.10000000000001,5.742,0,0.0,-0.47000000000000003,310.14000000000004,4.3548,34.05,0.0,207.67600000000002,0.0,0
46592,-0.341,67.62700000000001,0.0,0.0,-2.844,235.0165,-238.5,-79.8,5.742,0,0.0,-0.48,309.915,-1.2537,34.08,0.0,206.875,0.0,0
46592,-0.341,67.62700000000001,0.0,0.0,-2.844,233.0627,-239.0,-80.10000000000001,5.742,0,0.0,-0.49,310.005,-2.1114,33.660000000000004,0.0,206.074,0.0,0
46592,-0.682,67.62700000000001,0.0,0.0,-2.844,231.1088,-239.0,-80.3,5.742,0,1.0,-0.47500000000000003,310.005,-2.0125,33.96,0.0,205.273,0.0,0
46592,-0.682,67.62700000000001,0.0,0.0,-2.844,229.15730000000002,-236.60000000000002,-80.10000000000001,5.742,0,0.0,-0.485,310.14000000000004,4.8827,34.83,0.0,204.473,0.0,0
46592,-0.171,67.62700000000001,0.0,0.0,-2.844,227.20000000000002,-239.60000000000002,-80.10000000000001,5.742,0,-1.0,-0.455,310.005,1.3196,35.4,0.0,203.672,0.0,0
46592,-0.341,67.62700000000001,0.0,0.0,-2.844,225.2905,-190.70000000000002,-80.10000000000001,5.742,0,0.0,-0.455,310.005,-0.9238000000000001,36.33,0.0,202.89100000000002,0.0,0
46592,-0.341,67.62700000000001,0.0,0.0,-2.844,223.3321,-190.70000000000002,-80.3,5.742,0,0.0,-0.48,310.14000000000004,1.5836000000000001,36.51,0.0,202.09,0.0,0
46592,-0.171,67.62700000000001,0.0,0.0,-2.844,221.3724,-190.9,-79.8,5.742,0,-1.0,-0.51,310.005,3.1672000000000002,36.660000000000004,0.0,201.28900000000002,0.0,0
46592,-0.682,67.62700000000001,0.0,0.0,-2.844,221.13240000000002,-240.0,-80.10000000000001,5.742,0,-2.0,-0.49,309.915,2.2599,36.63,0.0,201.191,0.0,0
46592,-0.682,67.62700000000001,0.0,0.0,-2.844,219.1737,-237.5,-80.10000000000001,5.742,0,0.0,-0.47500000000000003,310.005,-2.1114,36.21,0.0,200.39100000000002,0.0,0
46592,-0.512,67.62700000000001,0.0,0.0,-2.844,217.25910000000002,-193.4,-79.8,5.742,0,-1.0,-0.505,310.005,-1.3609,35.550000000000004,0.0,199.609,0.0,0
46592,-0.341,67.62700000000001,0.0,0.0,-2.844,215.30010000000001,-191.0,-80.3,5.742,0,1.0,-0.445,310.14000000000004,6.6395,35.19,0.0,198.809,0.0,0
46592,-0.512,67.62700000000001,0.0,0.0,-2.844,213.33790000000002,-191.10000000000002,-80.3,5.742,0,0.0,-0.48,310.14000000000004,3.1424000000000003,35.43,0.0,198.008,0.0,0
46592,-0.512,67.62700000000001,0.0,0.0,-2.844,211.3758,-191.10000000000002,-80.60000000000001,5.742,0,0.0,-0.44,310.005,0.6186,36.15,0.0,197.20700000000002,0.0,0
46592,-0.341,67.62700000000001,0.0,0.0,-2.844,209.4137,-191.10000000000002,-80.10000000000001,5.742,0,1.0,-0.495,310.005,-3.9342,35.85,0.0,196.406,0.0,0
46592,-0.171,67.62700000000001,0.0,0.0,-2.844,207.45250000000001,-193.5,-80.10000000000001,5.742,0,0.0,-0.46,309.915,-6.557,34.980000000000004,0.0,195.60500000000002,0.0,0
46592,-0.512,67.62700000000001,0.0,0.0,-2.844,205.49380000000002,-191.0,-80.60000000000001,5.742,0,0.0,-0.445,310.005,1.1217000000000001,33.93,0.0,194.805,0.0,0
46592,-0.341,67.62700000000001,0.0,0.0,-2.844,203.5326,-191.0,-80.60000000000001,5.742,0,1.0,-0.465,310.14000000000004,4.792,34.83,0.0,194.00400000000002,0.0,0
46592,-0.171,67.62700000000001,0.0,0.0,-2.844,201.5735,-190.70000000000002,-80.10000000000001,5.742,0,0.0,-0.505,310.005,3.0187,35.61,0.0,193.203,0.0,0
46592,-0.512,67.62700000000001,0.0,0.0,-2.844,199.6151,-190.70000000000002,-80.3,5.742,0,0.0,-0.45,310.005,-2.1774,36.72,0.0,192.40200000000002,0.0,0
46592,-0.682,67.62700000000001,0.0,0.0,-2.844,197.6592,-190.70000000000002,-80.3,5.742,0,-2.0,-0.49,310.14000000000004,-4.486800000000001,37.410000000000004,0.0,191.602,0.0,0
46592,-0.682,67.62700000000001,0.0,0.0,-2.844,195.703,-190.3,-80.3,5.742,0,0.0,-0.49,310.005,-1.2289,37.17,0.0,190.80100000000002,0.0,0
46592,-0.341,67.62700000000001,0.5,0.0,-2.844,193.7494,-190.20000000000002,-80.60000000000001,5.742,0,-1.0,-0.455,310.14000000000004,-0.2227,36.09,0.0,190.0,0.0,0
46592,-0.341,67.62700000000001,0.0,0.0,-2.844,191.7958,-190.20000000000002,-79.8,5.742,0,0.0,-0.495,310.005,0.6433,35.160000000000004,0.0,189.199,0.0,0
46592,-0.341,67.62700000000001,0.0,0.0,-2.844,189.8435,-192.0,-80.60000000000001,5.742,0,0.0,-0.47500000000000003,310.005,5.2126,35.160000000000004,0.0,188.398,0.0,0
46592,-0.512,67.62700000000001,0.0,0.0,-2.844,187.8989,-189.60000000000002,-80.10000000000001,5.742,0,0.0,-0.455,310.005,-2.1774,35.46,0.0,187.598,0.0,0
46592,-0.171,67.62700000000001,0.0,0.0,-2.844,185.9519,-189.60000000000002,-80.10000000000001,5.742,0,0.0,-0.46,310.005,0.7918000000000001,35.22,0.0,186.797,0.0,0
46592,-0.171,67.62700000000001,0.0,0.0,-2.844,184.005,-189.60000000000002,-80.3,5.742,0,1.0,-0.42,310.005,-0.37120000000000003,35.07,0.0,185.996,0.0,0
46592,-0.682,67.62700000000001,0.0,0.0,-2.844,182.0661,-188.70000000000002,-80.10000000000001,5.742,0,-1.0,-0.435,310.005,-6.4663,34.59,0.0,185.19500000000002,0.0,0
46592,-0.341,67.62700000000001,0.0,0.0,-2.844,180.1302,-188.8,-79.60000000000001,5.742,0,0.0,-0.45,310.005,-1.0310000000000001,34.44,0.0,184.395,0.0,0
46592,-0.171,67.62700000000001,0.0,0.0,-2.844,178.192,-188.70000000000002,-79.8,5.742,0,0.0,-0.445,310.14000000000004,3.1424000000000003,35.22,0.0,183.59400000000002,0.0,0
46592,-0.341,67.62700000000001,0.0,0.0,-2.844,176.2607,-187.70000000000002,-80.10000000000001,5.742,0,0.0,-0.49,310.005,1.897,35.67,0.0,182.793,0.0,0
46592,-0.512,67.62700000000001,0.0,0.0,-2.844,174.3331,-187.70000000000002,-80.3,5.742,0,0.0,-0.47000000000000003,310.005,1.1877,36.660000000000004,0.0,181.99200000000002,0.0,0
46592,-0.341,67.62700000000001,0.0,0.0,-2.844,174.1454,-187.70000000000002,-80.3,5.742,0,1.0,-0.47500000000000003,310.005,0.7918000000000001,36.81,0.0,181.91400000000002,0.0,0
46592,-0.341,67.62700000000001,0.0,0.0,-2.844,172.2178,-187.70000000000002,-80.10000000000001,5.742,0,0.0,-0.465,310.005,-3.1672000000000002,36.84,0.0,181.113,0.0,0
46592,-0.341,67.62700000000001,0.0,0.0,-2.844,170.2987,-186.5,-79.60000000000001,5.742,0,0.0,-0.47000000000000003,310.005,0.0,36.24,0.0,180.31300000000002,0.0,0
46592,-0.682,67.62700000000001,0.0,0.0,-2.844,168.3838,-186.5,-79.60000000000001,5.742,0,0.0,-0.41000000000000003,310.005,0.39590000000000003,35.910000000000004,0.0,179.512,0.0,0
46592,-0.341,67.62700000000001,0.0,0.0,-2.844,166.469,-186.4,-80.3,5.742,0,0.0,-0.47000000000000003,310.005,-3.1672000000000002,36.06,0.0,178.711,0.0,0
46592,-0.341,67.62700000000001,0.0,0.0,-2.844,164.5572,-185.10000000000002,-80.3,5.742,0,0.0,-0.47500000000000003,310.14000000000004,4.486800000000001,36.15,0.0,177.91,0.0,0
46592,-0.171,67.62700000000001,0.0,0.0,-2.844,162.6571,-187.4,-80.10000000000001,5.742,0,0.0,-0.525,310.005,1.8475000000000001,35.97,0.0,177.109,0.0,0
46592,-0.341,67.62700000000001,0.0,0.0,-2.844,160.7593,-185.0,-79.8,5.742,0,0.0,-0.45,310.005,-3.1672000000000002,35.52,0.0,176.309,0.0,0
46592,-0.341,67.62700000000001,0.0,0.0,-2.844,158.8591,-185.0,-80.10000000000001,5.742,0,0.0,-0.47000000000000003,310.005,-1.4846000000000001,34.77,0.0,175.508,0.0,0
46592,-0.171,67.62700000000001,0.0,0.0,-2.844,156.9747,-183.4,-80.10000000000001,5.742,0,-1.0,-0.47500000000000003,310.005,0.0,34.230000000000004,0.0,174.70700000000002,0.0,0
46592,-0.682,67.62700000000001,0.0,0.0,-2.844,155.09140000000002,-183.4,-80.3,5.742,0,1.0,-0.455,310.005,2.3754,34.05,0.0,173.906,0.0,0
46592,-0.171,67.62700000000001,0.0,0.0,-2.844,153.208,-185.8,-80.3,5.742,0,0.0,-0.485,310.005,0.39590000000000003,34.53,0.0,173.10500000000002,0.0,0
46592,-0.512,67.62700000000001,0.0,0.0,-2.844,151.33960000000002,-181.60000000000002,-79.60000000000001,5.742,0,0.0,-0.41500000000000004,310.14000000000004,2.5403000000000002,36.03,0.0,172.305,0.0,0
46592,-0.682,67.62700000000001,0.0,0.0,-2.844,149.4751,-181.5,-79.8,5.742,0,0.0,-0.47000000000000003,310.14000000000004,5.2786,37.38,0.0,171.50400000000002,0.0,0
46592,-0.171,67.62700000000001,0.0,0.0,-2.844,147.6105,-181.60000000000002,-80.3,5.742,0,-1.0,-0.365,310.14000000000004,-0.8908,38.1,0.0,170.703,0.0,0
46592,-0.341,67.62700000000001,0.0,0.0,-2.844,145.7543,-179.5,-80.10000000000001,5.742,0,0.0,-0.44,310.14000000000004,-2.3754,37.44,0.0,169.90200000000002,0.0,0
46592,-0.512,67.62700000000001,0.0,0.0,-2.844,143.9129,-179.60000000000002,-80.60000000000001,5.742,0,-1.0,-0.46,310.005,-5.4435,36.93,0.0,169.102,0.0,0
46592,-0.341,67.62700000000001,0.0,0.0,-2.844,142.0693,-179.5,-79.8,5.742,0,-1.0,-0.455,309.915,-7.390000000000001,36.69,0.0,168.30100000000002,0.0,0
46592,-0.341,67.62700000000001,0.0,0.0,-2.844,140.2285,-177.3,-79.3,5.742,0,2.0,-0.495,310.005,-3.596,35.49,0.0,167.5,0.0,0
46592,-0.341,67.62700000000001,0.0,0.0,-2.844,138.4078,-177.3,-79.8,5.742,0,0.0,-0.44,310.005,0.7918000000000001,35.19,0.0,166.699,0.0,0
46592,-0.171,67.62700000000001,0.0,0.0,-2.844,136.5871,-179.60000000000002,-80.10000000000001,5.742,0,-1.0,-0.46,310.14000000000004,4.0579,34.89,0.0,165.898,0.0,0
46592,-0.171,67.62700000000001,0.0,0.0,-2.844,134.7687,-177.3,-79.8,5.742,0,1.0,-0.445,310.005,2.7713,34.95,0.0,165.098,0.0,0
46592,-0.171,67.62700000000001,0.0,0.0,-2.844,132.9693,-174.8,-79.8,5.742,0,0.0,-0.455,310.005,2.3754,35.1,0.0,164.297,0.0,0
46592,-0.512,67.62700000000001,0.0,0.0,-2.844,131.17350000000002,-174.9,-79.8,5.742,0,0.0,-0.485,310.14000000000004,-0.39590000000000003,35.34,0.0,163.496,0.0,0
46592,-0.171,67.62700000000001,0.0,0.0,-2.844,129.3777,-174.9,-80.3,5.742,0,-1.0,-0.43,310.005,-0.2639,36.54,0.0,162.69500000000002,0.0,0
46592,-0.171,67.62700000000001,0.5,0.0,-2.844,127.5999,-172.20000000000002,-80.10000000000001,5.742,0,0.0,-0.44,310.005,-0.5279,37.02,0.0,161.895,0.0,0
46592,-0.512,67.62700000000001,0.0,0.0,-2.844,125.8311,-172.20000000000002,-80.3,5.742,0,0.0,-0.495,310.005,0.099,36.6,0.0,161.094,0.0,0
46592,-0.682,67.62700000000001,0.0,0.0,-2.844,124.06230000000001,-172.20000000000002,-80.10000000000001,5.742,0,0.0,-0.485,310.14000000000004,2.3754,36.69,0.0,160.293,0.0,0
46592,-0.512,67.62700000000001,0.0,0.0,-2.844,122.30250000000001,-212.9,-80.10000000000001,5.742,0,0.0,-0.48,310.005,0.0,37.29,0.0,159.49200000000002,0.0,0
46592,-0.341,67.62700000000001,0.0,0.0,-2.844,120.5626,-212.9,-80.60000000000001,5.742,0,0.0,-0.47000000000000003,310.005,-1.5836000000000001,37.050000000000004,0.0,158.691,0.0,0
46592,-0.512,67.62700000000001,0.0,0.0,-2.844,118.8249,-210.70000000000002,-80.3,5.742,0,3.0,-0.48,310.005,-3.8600000000000003,36.87,0.0,157.89100000000002,0.0,0
46592,-0.512,67.62700000000001,0.0,0.0,-2.844,118.6555,-169.4,-79.60000000000001,5.742,0,3.0,-0.48,310.005,-3.4063000000000003,36.87,0.0,157.81300000000002,0.0,0
46592,-0.512,67.62700000000001,0.0,0.0,-2.844,116.91980000000001,-166.4,-79.8,5.742,0,0.0,-0.41500000000000004,310.005,-0.7258,36.15,0.0,157.012,0.0,0
46592,-0.853,67.62700000000001,0.0,0.0,-2.844,115.2108,-209.10000000000002,-79.60000000000001,5.742,0,0.0,-0.455,310.23,0.7505000000000001,35.25,0.0,156.211,0.0,0
46592,-0.682,67.62700000000001,0.0,0.0,-2.844,113.5018,-209.10000000000002,-80.10000000000001,5.742,0,0.0,-0.48,310.005,4.0909,34.5,0.0,155.41,0.0,0
46592,-0.171,67.62700000000001,0.0,0.0,-2.844,111.7928,-209.10000000000002,-80.10000000000001,5.742,0,1.0,-0.47000000000000003,310.005,-1.3196,34.410000000000004,0.0,154.609,0.0,0
46592,-0.512,67.62700000000001,0.0,0.0,-2.844,110.11420000000001,-203.0,-80.10000000000001,5.742,0,0.0,-0.465,310.005,-5.0394000000000005,34.83,0.0,153.809,0.0,0
46592,-0.171,67.62700000000001,0.0,0.0,-2.844,108.438,-203.0,-79.8,5.742,0,0.0,-0.47500000000000003,309.915,-1.6083,35.22,0.0,153.008,0.0,0
46592,-0.853,67.62700000000001,0.0,0.0,-2.844,106.8036,-163.3,-80.3,5.742,0,0.0,-0.425,310.005,-3.629,36.0,0.0,152.227,0.0,0
46592,-0.341,67.62700000000001,0.0,0.0,-2.844,105.14710000000001,-159.8,-80.60000000000001,5.742,0,1.0,-0.465,310.005,-0.6763,36.660000000000004,0.0,151.42600000000002,0.0,0
46592,-0.512,67.62700000000001,0.0,0.0,-2.844,103.50550000000001,-159.8,-80.10000000000001,5.742,0,0.0,-0.465,310.005,4.0084,36.75,0.0,150.625,0.0,0
46592,-0.171,67.62700000000001,0.0,0.0,-2.844,101.86380000000001,-159.9,-80.3,5.742,0,0.0,-0.495,310.14000000000004,2.2022,36.36,0.0,149.824,0.0,0
46592,-0.512,67.62700000000001,0.0,0.0,-2.844,100.233,-158.3,-80.10000000000001,5.742,0,2.0,-0.485,310.14000000000004,3.8022,36.57,0.0,149.023,0.0,0
46592,-0.512,67.62700000000001,0.0,0.0,-2.844,98.6298,-156.3,-80.10000000000001,5.742,0,0.0,-0.48,310.005,1.9795,37.32,0.0,148.223,0.0,0
46592,-0.341,67.62700000000001,0.0,0.0,-2.844,97.0245,-156.3,-80.10000000000001,5.742,0,-1.0,-0.41500000000000004,310.005,-3.7363000000000004,36.75,0.0,147.422,0.0,0
46592,-0.682,67.62700000000001,0.0,0.0,-2.844,95.42020000000001,-155.3,-80.10000000000001,5.742,0,-1.0,-0.5,310.005,-2.7465,36.09,0.0,146.621,0.0,0
46592,-0.171,67.62700000000001,0.0,0.0,-2.844,93.85300000000001,-152.6,-80.3,5.742,0,0.0,-0.47000000000000003,310.005,-2.5733,34.53,0.0,145.82,0.0,0
46592,-0.512,67.62700000000001,0.0,0.0,-2.844,92.2878,-152.6,-80.3,5.742,0,0.0,-0.455,310.005,1.5423,33.45,0.0,145.02,0.0,0
46592,-0.341,67.62700000000001,0.0,0.0,-2.844,90.7206,-152.6,-80.3,5.742,0,-1.0,-0.495,309.915,1.1382,33.45,0.0,144.219,0.0,0
46592,-0.341,67.62700000000001,0.0,0.0,-2.844,89.1833,-148.70000000000002,-80.60000000000001,5.742,0,0.0,-0.47000000000000003,310.14000000000004,-0.5526,34.08,0.0,143.418,0.0,0
46592,-0.853,67.62700000000001,0.0,0.0,-2.844,87.6558,-148.70000000000002,-80.10000000000001,5.742,0,0.0,-0.47500000000000003,310.005,5.7405,34.71,0.0,142.61700000000002,0.0,0
46592,-0.171,67.62700000000001,0.0,0.0,-2.844,86.1282,-150.70000000000002,-80.10000000000001,5.742,0,1.0,-0.48,310.005,1.1217000000000001,35.910000000000004,0.0,141.816,0.0,0
46592,-0.341,67.62700000000001,0.0,0.0,-2.844,84.6224,-144.8,-79.8,5.742,0,0.0,-0.495,310.14000000000004,-4.9487000000000005,37.2,0.0,141.01600000000002,0.0,0
46592,-0.682,67.62700000000001,0.0,0.0,-2.844,83.1361,-144.8,-79.8,5.742,0,-1.0,-0.46,310.005,2.7960000000000003,37.11,0.0,140.215,0.0,0
46592,-0.341,67.62700000000001,0.0,0.0,-2.844,81.6498,-144.8,-80.3,5.742,0,0.0,-0.44,310.005,2.1774,36.39,0.0,139.41400000000002,0.0,0
46592,-0.512,67.62700000000001,0.0,0.0,-2.844,80.1725,-140.5,-80.3,5.742,0,0.0,-0.495,309.915,-5.1961,35.64,0.0,138.613,0.0,0
46592,-0.341,67.62700000000001,0.0,0.0,-2.844,80.03190000000001,-140.6,-80.10000000000001,5.742,0,0.0,-0.485,309.915,-6.2023,35.64,0.0,138.535,0.0,0
46592,-0.512,67.62700000000001,-0.5,0.0,-2.844,78.5881,-142.4,-80.3,5.742,0,2.0,-0.47000000000000003,310.005,-0.5279,36.03,0.0,137.734,0.0,0
46592,-0.341,67.62700000000001,0.0,0.0,-2.844,77.14620000000001,-140.6,-79.8,5.742,0,0.0,-0.5,310.14000000000004,3.1672000000000002,36.09,0.0,136.934,0.0,0
46592,-0.341,67.62700000000001,0.0,0.0,-2.844,75.70400000000001,-139.1,-80.3,5.742,0,0.0,-0.49,310.005,-2.1774,35.49,0.0,136.133,0.0,0
46592,-0.341,67.62700000000001,0.0,0.0,-2.844,74.3043,-136.3,-80.3,5.742,0,0.0,-0.435,310.005,0.5279,34.86,0.0,135.332,0.0,0
46592,-0.171,67.62700000000001,0.0,0.0,-2.844,72.9045,-136.3,-80.3,5.742,0,0.0,-0.41500000000000004,310.005,-0.4289,34.5,0.0,134.531,0.0,0
46592,-0.171,67.62700000000001,0.0,0.0,-2.844,71.5047,-138.0,-80.10000000000001,5.742,0,0.0,-0.445,310.14000000000004,0.7918000000000001,34.05,0.0,133.73000000000002,0.0,0
46592,-0.341,67.62700000000001,0.0,0.0,-2.844,70.141,-131.9,-80.10000000000001,5.742,0,0.0,-0.47500000000000003,310.005,0.7918000000000001,34.05,0.0,132.93,0.0,0
46592,-0.341,67.62700000000001,0.0,0.0,-2.844,68.7863,-131.9,-80.10000000000001,5.742,0,-1.0,-0.45,310.005,0.7918000000000001,34.68,0.0,132.12900000000002,0.0,0
46592,-0.341,67.62700000000001,0.0,0.0,-2.844,67.4316,-131.9,-80.3,5.742,0,-1.0,-0.425,310.14000000000004,2.3754,36.24,0.0,131.328,0.0,0
46592,-0.512,67.62700000000001,0.0,0.0,-2.844,66.0995,-127.5,-80.3,5.742,0,-1.0,-0.47000000000000003,310.005,-0.39590000000000003,36.99,0.0,130.52700000000002,0.0,0
46592,-0.512,67.62700000000001,0.0,0.0,-2.844,64.79260000000001,-127.4,-79.60000000000001,5.742,0,1.0,-0.48,310.14000000000004,-0.8908,37.02,0.0,129.727,0.0,0
46592,-0.171,67.62700000000001,0.0,0.0,-2.844,63.484,-127.5,-79.8,5.742,0,0.0,-0.485,310.005,-2.2434000000000003,36.660000000000004,0.0,128.92600000000002,0.0,0
46592,-0.171,67.62700000000001,0.0,0.0,-2.844,63.3566,-127.4,-80.3,5.742,0,0.0,-0.495,309.915,-2.4001,36.57,0.0,128.848,0.0,0
46592,-0.341,67.62700000000001,0.0,0.0,-2.844,62.063,-122.80000000000001,-80.60000000000001,5.742,0,1.0,-0.46,310.14000000000004,1.0310000000000001,35.88,0.0,128.047,0.0,0
46592,-0.682,67.62700000000001,0.0,0.0,-2.844,60.801500000000004,-122.80000000000001,-80.3,5.742,0,0.0,-0.46,310.005,1.2124000000000001,35.67,0.0,127.24600000000001,0.0,0
46592,-0.341,67.62700000000001,0.0,0.0,-2.844,59.540000000000006,-122.80000000000001,-80.10000000000001,5.742,0,0.0,-0.465,310.14000000000004,3.0764,36.18,0.0,126.44500000000001,0.0,0
46592,-0.512,67.62700000000001,0.0,0.0,-2.844,58.2822,-120.7,-80.10000000000001,5.742,0,0.0,-0.465,310.14000000000004,-5.2786,36.33,0.0,125.64500000000001,0.0,0
46592,-0.171,67.62700000000001,0.0,0.0,-2.844,57.0685,-118.2,-79.8,5.742,0,0.0,-0.495,310.14000000000004,-0.9485,35.64,0.0,124.84400000000001,0.0,0
46592,-0.341,67.62700000000001,0.0,0.0,-2.844,55.854800000000004,-118.2,-80.10000000000001,5.742,0,0.0,-0.46,310.14000000000004,1.2537,34.5,0.0,124.043,0.0,0
46592,-0.341,67.62700000000001,0.0,0.0,-2.844,54.6411,-118.2,-79.8,5.742,0,1.0,-0.47000000000000003,310.005,1.699,33.75,0.0,123.242,0.0,0
46592,-0.341,67.62700000000001,0.0,0.0,-2.844,53.4649,-115.0,-79.8,5.742,0,2.0,-0.45,310.005,-2.5486,33.3,0.0,122.441,0.0,0
46592,-0.512,67.62700000000001,0.0,0.0,-2.844,52.301100000000005,-113.5,-79.60000000000001,5.742,0,2.0,-0.455,310.005,-4.3548,33.84,0.0,121.641,0.0,0
46592,-0.341,67.62700000000001,0.0,0.0,-2.844,51.1359,-113.5,-80.10000000000001,5.742,0,0.0,-0.49,309.915,2.0620000000000003,35.43,0.0,120.84,0.0,0
46592,-0.341,67.62700000000001,0.0,0.0,-2.844,49.995200000000004,-108.7,-80.3,5.742,0,0.0,-0.47500000000000003,309.915,-1.7650000000000001,37.050000000000004,0.0,120.039,0.0,0
46592,-0.512,67.62700000000001,0.0,0.0,-2.844,48.8789,-108.7,-80.60000000000001,5.742,0,-1.0,-0.46,310.005,-1.6496000000000002,38.01,0.0,119.238,0.0,0
46592,-0.512,67.62700000000001,0.5,0.0,-2.844,47.764,-108.7,-79.8,5.742,0,0.0,-0.515,310.14000000000004,3.761,37.71,0.0,118.438,0.0,0
46592,-0.512,67.62700000000001,0.0,0.0,-2.844,46.659,-103.9,-79.8,5.742,0,-1.0,-0.505,310.14000000000004,5.7652,36.06,0.0,117.637,0.0,0
46592,-0.512,67.62700000000001,0.0,0.0,-2.844,45.5918,-103.9,-79.8,5.742,0,0.0,-0.455,310.005,0.9897,34.68,0.0,116.836,0.0,0
46592,-0.512,67.62700000000001,0.0,0.0,-2.844,44.5247,-103.9,-80.10000000000001,5.742,0,0.0,-0.445,310.005,-5.3198,33.69,0.0,116.03500000000001,0.0,0
46592,-0.171,67.62700000000001,0.0,0.0,-2.844,43.4576,-105.2,-80.10000000000001,5.742,0,0.0,-0.455,310.14000000000004,-1.0557,33.72,0.0,115.23400000000001,0.0,0
46592,-0.171,67.62700000000001,0.0,0.0,-2.844,42.4391,-99.10000000000001,-80.10000000000001,5.742,0,0.0,-0.48,310.14000000000004,4.9899000000000004,34.02,0.0,114.43400000000001,0.0,0
46592,-0.512,67.62700000000001,0.0,0.0,-2.844,42.3387,-100.4,-79.8,5.742,0,-1.0,-0.465,310.14000000000004,5.4435,34.05,0.0,114.355,0.0,0
46592,-0.171,67.62700000000001,-0.5,0.0,-2.844,41.3223,-99.10000000000001,-80.10000000000001,5.742,0,-1.0,-0.47000000000000003,310.14000000000004,2.3754,34.29,0.0,113.555,0.0,0
46592,-0.341,67.62700000000001,0.0,0.0,-2.844,40.304500000000004,-99.10000000000001,-80.3,5.742,0,0.0,-0.47000000000000003,310.005,-3.8600000000000003,34.56,0.0,112.754,0.0,0
46592,-0.341,67.62700000000001,0.0,0.0,-2.844,39.325500000000005,-94.30000000000001,-80.10000000000001,5.742,0,0.0,-0.47000000000000003,310.005,-3.9589000000000003,35.1,0.0,111.953,0.0,0
46592,-0.341,67.62700000000001,0.0,0.0,-2.844,38.3571,-94.30000000000001,-79.60000000000001,5.742,0,-1.0,-0.47000000000000003,310.14000000000004,-1.0557,35.58,0.0,111.152,0.0,0
46592,-0.341,67.62700000000001,0.0,0.0,-2.844,37.389900000000004,-94.30000000000001,-80.10000000000001,5.742,0,-1.0,-0.5,310.005,1.4516,36.09,0.0,110.352,0.0,0
46592,-0.171,67.62700000000001,0.0,0.0,-2.844,36.4468,-89.5,-79.60000000000001,5.742,0,0.0,-0.465,310.005,0.7918000000000001,36.42,0.0,109.551,0.0,0
46592,-0.512,67.62700000000001,0.0,0.0,-2.844,35.5276,-112.5,-80.10000000000001,5.742,0,0.0,-0.485,310.005,-0.7918000000000001,36.24,0.0,108.75,0.0,0
46592,-0.341,67.62700000000001,0.0,0.0,-2.844,34.6084,-112.5,-80.3,5.742,0,0.0,-0.525,310.23,0.8908,36.24,0.0,107.94900000000001,0.0,0
46592,-0.171,67.62700000000001,0.0,0.0,-2.844,33.701100000000004,-106.5,-80.10000000000001,5.742,0,0.0,-0.47500000000000003,309.915,-0.132,36.24,0.0,107.14800000000001,0.0,0
46592,-0.341,67.62700000000001,0.0,0.0,-2.844,32.831900000000005,-105.30000000000001,-79.8,5.742,0,0.0,-0.47500000000000003,310.005,-0.7918000000000001,35.85,0.0,106.348,0.0,0
46592,-0.171,67.62700000000001,0.0,0.0,-2.844,31.982200000000002,-85.8,-80.10000000000001,5.742,0,0.0,-0.47000000000000003,310.005,-3.8270000000000004,35.43,0.0,105.566,0.0,0
46592,-0.171,67.62700000000001,0.0,0.0,-2.844,31.113000000000003,-84.7,-80.3,5.742,0,0.0,-0.47500000000000003,310.14000000000004,4.8497,35.49,0.0,104.766,0.0,0
46592,-0.171,67.62700000000001,0.0,0.0,-2.844,30.288300000000003,-80.10000000000001,-80.60000000000001,5.742,0,0.0,-0.47000000000000003,310.005,-0.39590000000000003,34.5,0.0,103.965,0.0,0
46592,-0.682,67.62700000000001,0.0,0.0,-2.844,29.4664,-80.0,-79.8,5.742,0,0.0,-0.445,309.915,-3.3651,34.47,0.0,103.164,0.0,0
46592,-0.853,67.62700000000001,0.0,0.0,-2.844,28.6444,-80.10000000000001,-80.3,5.742,0,0.0,-0.46,310.005,-1.5836000000000001,34.47,0.0,102.363,0.0,0
46592,-0.341,67.62700000000001,0.0,0.0,-2.844,27.855600000000003,-75.4,-79.8,5.742,0,0.0,-0.47500000000000003,309.915,-0.46190000000000003,35.34,0.0,101.563,0.0,0
46592,-0.512,67.62700000000001,0.0,0.0,-2.844,27.081400000000002,-75.4,-80.10000000000001,5.742,0,0.0,-0.47000000000000003,310.005,-0.9238000000000001,36.12,0.0,100.762,0.0,0
46592,-0.171,67.62700000000001,0.0,0.0,-2.844,26.3072,-75.4,-80.3,5.742,0,0.0,-0.445,310.005,1.8475000000000001,36.300000000000004,0.0,99.961,0.0,0
46592,-0.512,67.62700000000001,0.0,0.0,-2.844,25.5519,-70.8,-80.3,5.742,0,0.0,-0.43,310.005,1.1877,36.84,0.0,99.16000000000001,0.0,0
46592,0.0,67.62700000000001,0.0,0.0,-2.844,24.8247,-71.7,-80.10000000000001,5.742,0,0.0,-0.465,310.005,-1.0557,36.99,0.0,98.35900000000001,0.0,0
46592,-0.512,67.62700000000001,0.0,0.0,-2.844,24.0984,-70.8,-80.3,5.742,0,0.0,-0.47500000000000003,310.005,1.5836000000000001,36.72,0.0,97.55900000000001,0.0,0
46592,-0.512,67.62700000000001,0.0,0.0,-2.844,23.377200000000002,-66.3,-80.3,5.742,0,1.0,-0.48,309.915,2.9692000000000003,36.51,0.0,96.75800000000001,0.0,0
46592,-0.512,67.62700000000001,0.0,0.0,-2.844,22.696,-66.3,-80.3,5.742,0,2.0,-0.485,310.005,-0.39590000000000003,36.300000000000004,0.0,95.95700000000001,0.0,0
46592,-0.171,67.62700000000001,0.0,0.0,-2.844,22.0148,-66.4,-80.3,5.742,0,1.0,-0.47000000000000003,310.005,4.486800000000001,36.33,0.0,95.156,0.0,0
46592,-0.341,67.62700000000001,0.0,0.0,-2.844,21.3337,-67.2,-80.3,5.742,0,-1.0,-0.47000000000000003,310.005,4.0909,35.97,0.0,94.355,0.0,0
46592,-0.853,67.62700000000001,0.0,0.0,-2.844,20.6919,-62.0,-79.8,5.742,0,0.0,-0.48,310.005,-3.4311000000000003,35.07,0.0,93.555,0.0,0
46592,-0.682,67.62700000000001,0.0,0.0,-2.844,20.0558,-61.900000000000006,-80.10000000000001,5.742,0,-1.0,-0.485,310.005,-0.39590000000000003,34.77,0.0,92.754,0.0,0
46592,-0.171,67.62700000000001,0.0,0.0,-2.844,19.419600000000003,-62.0,-80.3,5.742,0,0.0,-0.47000000000000003,310.005,-0.7918000000000001,35.07,0.0,91.953,0.0,0
46592,-0.512,67.62700000000001,0.0,0.0,-2.844,18.8092,-57.6,-80.10000000000001,5.742,0,1.0,-0.48,310.14000000000004,0.39590000000000003,35.730000000000004,0.0,91.152,0.0,0
46592,-0.682,67.62700000000001,0.0,0.0,-2.844,18.2176,-57.7,-80.3,5.742,0,0.0,-0.46,310.14000000000004,1.4846000000000001,36.27,0.0,90.352,0.0,0
46592,-0.682,67.62700000000001,0.0,0.0,-2.844,17.6253,-57.7,-79.60000000000001,5.742,0,0.0,-0.44,309.825,-2.1114,36.45,0.0,89.551,0.0,0
46592,-0.512,67.62700000000001,-0.5,0.0,-2.844,17.046300000000002,-53.6,-80.3,5.742,0,0.0,-0.455,310.14000000000004,-5.806500000000001,36.69,0.0,88.75,0.0,0
46592,-0.341,67.62700000000001,0.0,0.0,-2.844,16.4966,-53.5,-80.10000000000001,5.742,0,0.0,-0.46,310.005,-2.2434000000000003,36.660000000000004,0.0,87.949,0.0,0
46592,-0.512,67.62700000000001,0.0,0.0,-2.844,16.443,-53.6,-80.10000000000001,5.742,0,0.0,-0.42,310.23,-0.34640000000000004,36.69,0.0,87.87100000000001,0.0,0
46592,-0.171,67.62700000000001,0.0,0.0,-2.844,15.8933,-53.5,-80.60000000000001,5.742,0,-1.0,-0.47000000000000003,310.005,2.0784000000000002,35.910000000000004,0.0,87.07000000000001,0.0,0
46592,-0.512,67.62700000000001,0.5,0.0,-2.844,15.3499,-49.6,-79.8,5.742,0,0.0,-0.47500000000000003,310.005,-1.4929000000000001,35.82,0.0,86.27000000000001,0.0,0
46592,-0.512,67.62700000000001,0.0,0.0,-2.844,14.8413,-49.6,-80.10000000000001,5.742,0,1.0,-0.485,310.005,-3.2991,36.81,0.0,85.46900000000001,0.0,0
46592,-0.341,67.62700000000001,0.0,0.0,-2.844,14.3327,-49.5,-80.10000000000001,5.742,0,1.0,-0.49,310.005,-3.8930000000000002,36.81,0.0,84.668,0.0,0
46592,-0.341,67.62700000000001,0.0,0.0,-2.844,13.824100000000001,-49.5,-80.3,5.742,0,0.0,-0.44,310.005,-0.39590000000000003,35.85,0.0,83.867,0.0,0
46592,-0.341,67.62700000000001,0.0,0.0,-2.844,13.350000000000001,-46.2,-80.3,5.742,0,-1.0,-0.47500000000000003,310.14000000000004,4.2641,34.92,0.0,83.066,0.0,0
46592,-0.682,67.62700000000001,0.0,0.0,-2.844,12.8817,-45.6,-79.8,5.742,0,-1.0,-0.44,310.14000000000004,4.6435,34.02,0.0,82.266,0.0,0
46592,-0.171,67.62700000000001,-0.5,0.0,-2.844,12.4128,-45.6,-80.60000000000001,5.742,0,-1.0,-0.49,310.005,1.5836000000000001,33.72,0.0,81.465,0.0,0
46592,-0.512,67.62700000000001,0.0,0.0,-2.844,11.966600000000001,-42.0,-80.10000000000001,5.742,0,-1.0,-0.47500000000000003,310.14000000000004,0.5938,34.65,0.0,80.664,0.0,0
46592,-0.853,67.62700000000001,0.0,0.0,-2.844,11.5358,-42.0,-80.10000000000001,5.742,0,0.0,-0.455,310.14000000000004,-1.5836000000000001,35.97,0.0,79.863,0.0,0
46592,-0.512,67.62700000000001,0.0,0.0,-2.844,11.1056,-42.0,-79.8,5.742,0,0.0,-0.455,310.005,0.0247,36.99,0.0,79.063,0.0,0
46592,-0.341,67.62700000000001,0.0,0.0,-2.844,10.6867,-38.4,-79.8,5.742,0,0.0,-0.455,310.14000000000004,-2.9692000000000003,37.050000000000004,0.0,78.262,0.0,0
46592,-0.512,67.62700000000001,0.0,0.0,-2.844,10.2924,-38.4,-80.10000000000001,5.742,0,2.0,-0.47000000000000003,310.005,-2.8372,36.63,0.0,77.461,0.0,0
46592,-0.341,67.62700000000001,0.0,0.0,-2.844,9.898200000000001,-38.4,-79.8,5.742,0,2.0,-0.46,309.915,2.1279,36.63,0.0,76.66,0.0,0
46592,-0.341,67.62700000000001,0.0,0.0,-2.844,9.5058,-37.1,-79.8,5.742,0,0.0,-0.485,310.005,-1.5176,36.39,0.0,75.85900000000001,0.0,0
46592,-0.341,67.62700000000001,0.0,0.0,-2.844,9.1468,-35.0,-79.8,5.742,0,0.0,-0.485,310.005,-2.7713,36.09,0.0,75.059,0.0,0
46592,-0.341,67.62700000000001,0.0,0.0,-2.844,8.7874,-35.0,-79.8,5.742,0,0.0,-0.47500000000000003,310.14000000000004,5.847700000000001,36.36,0.0,74.25800000000001,0.0,0
46592,-0.171,67.62700000000001,-0.5,0.0,-2.844,8.427900000000001,-35.0,-80.10000000000001,5.742,0,0.0,-0.47500000000000003,310.005,4.5528,35.67,0.0,73.45700000000001,0.0,0
46592,-0.341,67.62700000000001,0.0,0.0,-2.844,8.0944,-31.700000000000003,-79.8,5.742,0,-1.0,-0.54,310.005,-5.6085,34.95,0.0,72.656,0.0,0
46592,-0.171,67.62700000000001,0.0,0.0,-2.844,7.7681000000000004,-32.2,-80.3,5.742,0,0.0,-0.49,310.14000000000004,-1.1217000000000001,33.84,0.0,71.855,0.0,0
46592,-0.171,67.62700000000001,0.0,0.0,-2.844,7.442200000000001,-31.8,-79.8,5.742,0,0.0,-0.47000000000000003,310.14000000000004,3.8682000000000003,33.33,0.0,71.055,0.0,0
46592,-0.171,67.62700000000001,0.0,0.0,-2.844,7.4104,-31.8,-79.3,5.742,0,0.0,-0.45,310.14000000000004,4.3548,33.45,0.0,70.977,0.0,0
46592,-0.341,67.62700000000001,0.0,0.0,-2.844,7.1031,-28.700000000000003,-80.3,5.742,0,1.0,-0.47500000000000003,310.005,2.3754,34.59,0.0,70.176,0.0,0
46592,-0.512,67.62700000000001,0.0,0.0,-2.844,6.8081000000000005,-28.700000000000003,-80.10000000000001,5.742,0,0.0,-0.455,310.005,-2.6393,36.33,0.0,69.375,0.0,0
46592,-0.171,67.62700000000001,0.0,0.0,-2.844,6.5131000000000006,-28.700000000000003,-80.3,5.742,0,-1.0,-0.455,310.005,-3.0682,37.65,0.0,68.574,0.0,0
46592,-0.171,67.62700000000001,0.0,0.0,-2.844,6.228000000000001,-26.200000000000003,-79.8,5.742,0,0.0,-0.465,310.005,0.39590000000000003,37.65,0.0,67.77300000000001,0.0,0
46592,-0.341,67.62700000000001,-0.5,0.0,-2.844,5.9629,-25.8,-79.8,5.742,0,0.0,-0.49,310.14000000000004,-0.099,37.230000000000004,0.0,66.973,0.0,0
46592,-0.341,67.62700000000001,0.0,0.0,-2.844,5.697500000000001,-25.8,-79.8,5.742,0,-2.0,-0.5,310.14000000000004,3.9589000000000003,36.33,0.0,66.172,0.0,0
46592,-0.171,67.62700000000001,0.5,0.0,-2.844,5.433800000000001,-24.1,-80.10000000000001,5.742,0,0.0,-0.51,310.14000000000004,3.0682,35.58,0.0,65.37100000000001,0.0,0
46592,-0.341,67.62700000000001,0.0,0.0,-2.844,5.1961,-29.1,-80.3,5.742,0,0.0,-0.425,310.005,-3.1672000000000002,36.15,0.0,64.57000000000001,0.0,0
46592,-0.341,67.62700000000001,0.0,0.0,-2.844,4.9587,-28.8,-79.8,5.742,0,0.0,-0.445,310.005,-4.651800000000001,36.300000000000004,0.0,63.77,0.0,0
46592,-0.171,67.62700000000001,0.0,0.0,-2.844,4.7211,-28.700000000000003,-79.60000000000001,5.742,0,1.0,-0.46,310.14000000000004,1.9795,35.910000000000004,0.0,62.969,0.0,0
46592,-0.171,67.62700000000001,0.0,0.0,-2.844,4.5039,-25.900000000000002,-79.8,5.742,0,0.0,-0.47000000000000003,310.14000000000004,0.6928000000000001,34.800000000000004,0.0,62.168000000000006,0.0,0
46592,-0.341,67.62700000000001,0.0,0.0,-2.844,4.2974000000000006,-20.6,-80.10000000000001,5.742,0,0.0,-0.45,310.005,-0.2639,34.17,0.0,61.387,0.0,0
46592,-0.682,67.62700000000001,0.0,0.0,-2.844,4.0857,-20.6,-80.3,5.742,0,0.0,-0.47000000000000003,310.14000000000004,-0.7918000000000001,34.14,0.0,60.586000000000006,0.0,0
46592,-0.682,67.62700000000001,-0.5,0.0,-2.844,3.8859000000000004,-18.3,-80.60000000000001,5.742,0,0.0,-0.48,310.14000000000004,1.4516,35.4,0.0,59.785000000000004,0.0,0
46592,-0.512,67.62700000000001,0.5,0.0,-2.844,3.6983,-18.5,-79.8,5.742,0,-1.0,-0.495,310.005,1.5836000000000001,36.33,0.0,58.984,0.0,0
46592,-0.512,67.62700000000001,0.0,0.0,-2.844,3.511,-18.3,-80.3,5.742,0,0.0,-0.5,310.14000000000004,-3.1672000000000002,37.59,0.0,58.184000000000005,0.0,0
46592,-0.682,67.62700000000001,0.0,0.0,-2.844,3.3284000000000002,-16.1,-80.3,5.742,0,0.0,-0.485,309.915,-1.6826,38.1,0.0,57.383,0.0,0
46592,-0.171,67.62700000000001,0.0,0.0,-2.844,3.1632000000000002,-16.1,-80.10000000000001,5.742,0,0.0,-0.47500000000000003,309.915,-2.5073000000000003,37.230000000000004,0.0,56.582,0.0,0
46592,-0.512,67.62700000000001,0.0,0.0,-2.844,2.9981,-16.0,-80.3,5.742,0,0.0,-0.46,310.005,-2.8043,35.94,0.0,55.781000000000006,0.0,0
46592,-0.512,67.62700000000001,0.0,0.0,-2.844,2.8329,-16.3,-80.3,5.742,0,0.0,-0.46,310.005,-0.6598,35.46,0.0,54.980000000000004,0.0,0
46592,-0.341,67.62700000000001,-0.5,0.0,-2.844,2.6875,-14.100000000000001,-80.10000000000001,5.742,0,0.0,-0.47000000000000003,310.005,-0.066,35.46,0.0,54.18,0.0,0
46592,-0.171,67.62700000000001,0.0,0.0,-2.844,2.543,-14.0,-80.60000000000001,5.742,0,0.0,-0.47000000000000003,310.005,3.563,35.49,0.0,53.379000000000005,0.0,0
46592,-0.171,67.62700000000001,0.0,0.0,-2.844,2.3984,-14.100000000000001,-80.60000000000001,5.742,0,0.0,-0.47500000000000003,310.005,1.5836000000000001,35.34,0.0,52.578,0.0,0
46592,-0.171,67.62700000000001,0.0,0.0,-2.844,2.2667,-12.3,-80.3,5.742,0,0.0,-0.455,310.23,4.6188,34.77,0.0,51.777,0.0,0
46592,-0.341,67.62700000000001,0.0,0.0,-2.844,2.1413,-12.200000000000001,-80.10000000000001,5.742,0,0.0,-0.47000000000000003,310.14000000000004,5.179600000000001,34.86,0.0,50.977000000000004,0.0,0
46592,-0.512,67.62700000000001,0.0,0.0,-2.844,2.0156,-12.3,-80.60000000000001,5.742,0,1.0,-0.455,310.005,-3.6950000000000003,33.63,0.0,50.176,0.0,0
46592,-0.512,67.62700000000001,0.0,0.0,-2.844,1.897,-10.6,-80.3,5.742,0,0.0,-0.45,310.14000000000004,-1.7815,33.75,0.0,49.375,0.0,0
46592,-0.341,67.62700000000001,0.0,0.0,-2.844,1.8865,-10.5,-80.10000000000001,5.742,0,0.0,-0.47000000000000003,310.14000000000004,-0.3794,33.96,0.0,49.297000000000004,0.0,0
46592,-0.341,67.62700000000001,0.0,0.0,-2.844,1.7781,-10.6,-80.9,5.742,0,0.0,-0.47000000000000003,310.005,4.0497000000000005,35.37,0.0,48.496,0.0,0
46592,-0.171,67.62700000000001,0.5,0.0,-2.844,1.6697000000000002,-10.6,-80.60000000000001,5.742,0,0.0,-0.505,309.915,-4.6023000000000005,36.72,0.0,47.695,0.0,0
46592,-0.341,67.62700000000001,0.0,0.0,-2.844,1.5651000000000002,-9.1,-80.60000000000001,5.742,0,0.0,-0.47000000000000003,310.005,-2.0867,36.9,0.0,46.895,0.0,0
46592,-0.341,67.62700000000001,0.0,0.0,-2.844,1.4724000000000002,-9.1,-80.10000000000001,5.742,0,0.0,-0.515,310.005,-0.5691,36.72,0.0,46.094,0.0,0
46592,-0.512,67.62700000000001,0.0,0.0,-2.844,1.3797000000000001,-9.1,-80.10000000000001,5.742,0,0.0,-0.49,310.005,0.7753,36.27,0.0,45.293,0.0,0
46592,-0.341,67.62700000000001,0.0,0.0,-2.844,1.2871000000000001,-9.0,-80.10000000000001,5.742,0,0.0,-0.495,310.005,-1.7403000000000002,35.31,0.0,44.492000000000004,0.0,0
46592,-0.682,67.62700000000001,0.0,0.0,-2.844,1.2079,-7.7,-79.60000000000001,5.742,0,0.0,-0.47500000000000003,310.14000000000004,-3.2579000000000002,34.68,0.0,43.691,0.0,0
46592,-0.512,67.62700000000001,0.0,0.0,-2.844,1.1293,-7.7,-80.10000000000001,5.742,0,0.0,-0.48,310.005,2.1774,34.14,0.0,42.891000000000005,0.0,0
46592,-0.341,67.62700000000001,0.0,0.0,-2.844,1.0507,-7.7,-80.3,5.742,0,0.0,-0.47500000000000003,310.14000000000004,1.097,34.32,0.0,42.09,0.0,0
46592,-0.682,67.62700000000001,0.0,0.0,-2.844,0.9807,-6.5,-79.10000000000001,5.742,0,-1.0,-0.49,310.14000000000004,3.6538000000000004,34.26,0.0,41.289,0.0,0
46592,-0.512,67.62700000000001,0.0,0.0,-1.3920000000000001,0.9211,-4.9,-64.10000000000001,5.742,0,0.0,-0.4,310.14000000000004,3.9342,34.17,0.0,40.566,0.0,0
46592,-0.171,67.62700000000001,0.0,0.0,-1.089,0.8809,-3.2,-38.6,5.742,0,2.0,-0.43,310.005,-3.3651,34.14,0.0,40.078,0.0,0
46592,-0.341,67.62700000000001,-0.5,0.0,-1.21,0.8583000000000001,-1.6,-16.7,5.742,0,1.0,-0.435,310.14000000000004,-1.5836000000000001,34.47,0.0,39.805,0.0,0
46592,-0.341,67.62700000000001,0.0,0.0,-1.3920000000000001,0.8503000000000001,-1.6,-6.6000000000000005,5.742,0,0.0,-0.47500000000000003,310.14000000000004,0.0,35.1,0.0,39.707,0.0,0
46592,-0.171,67.62700000000001,0.0,0.0,-1.029,0.8212,-6.5,-71.9,5.742,0,0.0,-0.405,310.14000000000004,3.3404000000000003,35.61,0.0,39.355000000000004,0.0,0
46592,-0.512,67.62700000000001,0.0,0.0,0.302,0.7190000000000001,-14.700000000000001,-216.9,5.742,0,0.0,-0.4,310.005,0.39590000000000003,36.03,0.0,37.891000000000005,0.0,0
46592,-0.682,67.62700000000001,0.0,0.0,12.765,0.5295,-21.900000000000002,-384.3,5.742,0,0.0,0.03,310.005,-3.5383,36.18,0.0,34.805,0.0,0
46592,-0.512,67.62700000000001,0.0,0.0,47.188,0.3209,-18.6,-517.0,5.742,0,0.0,-0.31,310.005,-0.899,36.03,0.0,30.195,0.0,0
46592,-0.512,67.62700000000001,0.5,0.0,47.188,0.3017,-19.2,-525.4,5.742,0,0.0,-0.555,310.005,-1.0557,35.97,0.0,29.668000000000003,0.0,0
46592,0.0,67.62700000000001,0.0,0.0,175.868,0.14780000000000001,-12.600000000000001,-569.4,5.742,0,-2.0,-0.765,310.005,-4.2229,36.06,0.0,24.102,0.0,0
46592,0.341,67.62700000000001,0.0,0.0,272.664,0.060700000000000004,-6.800000000000001,-553.3000000000001,5.742,0,1.0,-0.31,310.14000000000004,1.4516,35.01,0.0,18.496000000000002,0.0,0
46592,-0.341,67.62700000000001,0.0,0.0,367.76800000000003,0.0198,-3.0,-480.90000000000003,5.742,0,-1.0,-0.29,310.14000000000004,8.874600000000001,35.13,0.0,13.281,0.0,0
46592,-0.682,67.62700000000001,0.0,0.0,400.135,0.005,-0.8,-347.90000000000003,5.742,0,-1.0,-0.53,310.005,-1.9795,34.74,0.0,9.18,0.0,0
46592,-0.341,67.62700000000001,0.0,0.0,420.098,0.001,-0.1,-194.8,5.742,0,1.0,-0.275,310.23,0.19790000000000002,34.62,0.0,6.543,0.0,0
46592,-0.171,67.62700000000001,0.0,0.0,423.728,0.0001,-0.1,-69.7,5.742,0,-2.0,-0.355,309.915,-2.6393,33.78,0.0,5.332,0.0,0
46592,0.0,67.62700000000001,0.0,0.0,424.213,0.0,0.0,-11.9,5.742,0,0.0,-0.22,310.14000000000004,-0.3629,33.15,0.0,5.0200000000000005,0.0,0
46592,-0.341,67.62700000000001,0.0,0.0,423.909,0.0,0.0,-2.7,5.742,0,0.0,-0.255,310.005,-0.6598,33.24,0.0,4.961,0.0,0
46592,-0.682,67.62700000000001,0.0,0.0,423.668,0.0,0.0,3.0,5.742,0,0.0,-0.215,310.14000000000004,0.099,34.53,0.0,4.961,0.0,0
46592,-0.512,67.62700000000001,0.0,0.0,423.244,0.0,0.0,0.5,5.742,0,0.0,-0.315,310.14000000000004,1.5836000000000001,36.09,0.0,4.98,0.0,0
46592,-0.341,67.62700000000001,-0.5,0.0,423.305,0.0,0.0,0.0,5.742,0,0.0,-0.23500000000000001,310.14000000000004,3.8600000000000003,37.53,0.0,4.98,0.0,0
46592,-0.341,67.62700000000001,-0.5,0.0,423.063,0.0,0.0,0.0,5.742,0,0.0,-0.295,310.14000000000004,0.0,37.95,0.0,4.98,0.0,0
46592,-0.341,67.62700000000001,0.0,0.0,422.821,0.0,0.0,0.0,5.742,0,0.0,-0.27,310.14000000000004,-2.3754,54.99,0.0,4.98,0.0,0
46592,-0.682,67.62700000000001,-0.5,0.0,422.336,0.0,0.0,0.0,5.742,0,0.0,-0.24,310.14000000000004,-0.39590000000000003,109.23,0.0,4.98,0.0,0
46592,-0.341,67.62700000000001,0.0,0.0,422.336,0.0,0.0,0.0,5.742,0,2.0,-0.305,310.14000000000004,-0.7918000000000001,101.31,0.0,4.98,0.0,0
46592,-0.341,67.62700000000001,0.0,0.0,422.336,0.0,0.0,0.0,5.742,0,0.0,-0.315,310.14000000000004,-0.39590000000000003,97.83,0.0,4.98,0.0,0
46592,-0.341,67.62700000000001,0.0,0.0,422.397,0.0,0.0,0.0,5.742,0,0.0,-0.3,310.14000000000004,-2.7713,76.32000000000001,0.0,4.98,0.0,0
46592,-0.171,67.62700000000001,0.0,0.0,422.276,0.0,0.0,0.0,5.742,0,0.0,-0.29,310.23,0.4454,141.27,3.6287217140197754,4.98,0.0,0
46592,-0.341,67.62700000000001,0.5,0.0,422.276,0.0,0.0,0.0,5.742,0,0.0,-0.375,310.14000000000004,-2.5073000000000003,14.4,3.6287217140197754,4.98,0.0,0
46592,-0.512,67.62700000000001,0.0,0.0,422.216,0.0,0.0,0.0,5.742,0,0.0,-0.305,310.005,-2.8372,0.63,3.6287217140197754,4.98,0.0,0
46592,-0.171,67.62700000000001,0.0,0.0,421.79200000000003,0.0,0.0,0.0,5.742,0,0.0,-0.325,310.005,-2.4001,0.0,3.6287217140197754,4.98,0.0,0
46592,-0.341,67.62700000000001,0.0,0.0,421.853,0.0,0.0,0.0,5.742,0,0.0,-0.315,310.14000000000004,-0.6186,0.0,3.6287217140197754,4.98,0.0,0
46592,-0.341,67.62700000000001,0.0,0.0,421.671,0.0,0.0,0.0,5.742,0,0.0,-0.295,310.14000000000004,1.3609,10.74,6.398317813873291,4.98,0.0,0
46592,-0.171,67.62700000000001,0.0,0.0,421.79200000000003,0.0,0.0,0.0,5.742,0,0.0,-0.295,310.14000000000004,2.3506,216.72,6.43758487701416,4.98,0.0,0
46592,-0.512,67.62700000000001,0.5,0.0,421.732,0.0,0.0,0.0,5.742,0,0.0,-0.33,310.14000000000004,-0.5938,510.27000000000004,7.420845031738281,4.98,0.0,0
46592,-0.341,67.62700000000001,0.0,0.0,421.671,0.0,0.0,0.0,5.742,0,0.0,-0.27,310.14000000000004,0.5691,810.0,10.664496421813965,4.98,0.0,0
46592,-0.171,67.62700000000001,0.0,0.0,421.913,0.0,0.0,0.0,5.742,0,0.0,-0.325,310.14000000000004,1.9795,1110.0,16.592876434326172,4.98,0.0,0
46592,0.171,67.62700000000001,-0.5,0.0,421.79200000000003,0.0,0.0,0.0,5.742,0,0.0,-0.335,310.005,-0.37120000000000003,1399.92,20.79667091369629,4.98,0.0,0
46592,0.341,67.62700000000001,0.5,0.0,421.49,0.0,0.0,0.0,5.742,0,0.0,-0.34500000000000003,310.005,-0.7918000000000001,1420.68,21.062673568725586,4.98,0.0,0
46592,0.512,67.62700000000001,0.0,0.0,421.49,0.0,0.0,0.0,5.742,0,0.0,-0.32,310.005,-6.2353000000000005,1498.05,24.474475860595703,4.98,0.0,0
46592,1.0230000000000001,67.62700000000001,0.0,0.0,421.248,0.0,0.0,0.0,5.742,0,0.0,-0.295,310.14000000000004,-1.9795,1455.51,29.234975814819336,4.98,0.0,0
46592,1.194,67.62700000000001,-0.5,0.0,420.764,0.0,0.0,0.0,5.742,0,0.0,-0.32,310.005,-0.2639,1282.98,33.763675689697266,4.98,0.0,0
46592,1.194,67.62700000000001,-0.5,0.0,420.764,0.0,0.0,0.0,5.742,0,0.0,-0.305,310.005,-0.3299,1263.1200000000001,34.137027740478516,4.98,0.0,0
46592,1.364,67.62700000000001,0.0,0.0,420.28000000000003,0.0,0.0,0.0,5.742,0,1.0,-0.28500000000000003,309.915,-4.4043,1076.6100000000001,35.57597732543945,4.98,0.0,0
46592,1.8760000000000001,67.62700000000001,0.0,0.0,420.159,0.0,0.0,0.0,5.742,0,0.0,-0.275,309.825,-3.1094,900.63,35.57597732543945,4.98,0.0,0
46592,1.8760000000000001,67.62700000000001,0.0,0.0,420.219,0.0,0.0,0.0,5.742,0,0.0,-0.32,309.915,-3.6785,664.41,35.57597732543945,4.98,0.0,0
46592,2.217,67.62700000000001,-0.5,0.0,419.97700000000003,0.0,0.0,0.0,5.742,0,0.0,-0.31,309.69,-4.5115,304.05,35.57597732543945,4.98,0.0,0
46592,2.0460000000000003,67.62700000000001,0.0,0.0,419.433,0.0,0.0,0.0,5.742,0,0.0,-0.295,309.915,-2.1939,99.81,35.57597732543945,4.98,0.0,0
46592,1.5350000000000001,67.62700000000001,0.0,0.0,419.675,0.0,0.0,0.0,5.742,0,-1.0,-0.315,309.825,-0.9897,-480.0,35.57597732543945,4.98,0.0,0
46592,1.8760000000000001,67.62700000000001,0.0,0.0,419.615,0.0,0.0,0.0,5.742,0,0.0,-0.305,309.825,1.7568000000000001,-480.0,35.57597732543945,4.98,0.0,0
46592,1.8760000000000001,67.62700000000001,0.0,0.0,419.373,0.0,0.0,0.0,5.742,0,1.0,-0.34,309.915,-2.4578,-480.0,35.57597732543945,4.98,0.0,0
46592,1.8760000000000001,67.62700000000001,0.5,0.0,419.433,0.0,0.0,0.0,5.742,0,0.0,-0.34,309.825,2.1774,-480.0,35.57597732543945,4.98,0.0,0
46592,18.417,67.471,-45.7,0.0,419.494,0.0,0.0,0.0,5.742,0,2.0,-0.34500000000000003,309.825,1.5176,-480.0,35.57597732543945,4.98,0.0,0
46592,43.485,66.553,-130.70000000000002,0.0,419.856,0.0,0.0,0.0,5.742,0,8.0,-0.335,309.825,-2.3589,-283.38,35.57597732543945,4.98,0.0,0
46592,69.235,65.059,-151.5,-1.0,419.856,0.0,0.0,0.0,5.742,0,28.0,-0.23500000000000001,309.825,-0.5114000000000001,212.76,35.57597732543945,4.98,0.0,0
46592,128.75,63.613,-140.9,-1.0,419.796,0.0,0.0,0.0,5.742,0,50.0,-0.27,309.915,0.5114000000000001,252.21,35.57597732543945,4.98,0.0,0
46592,191.846,62.188,-142.4,-1.0,419.312,0.0,0.0,0.0,5.742,0,51.0,-0.34500000000000003,309.825,0.9238000000000001,82.17,35.57597732543945,4.98,0.0,0
46592,262.105,60.762,-142.4,0.0,419.13100000000003,0.0,0.0,0.0,5.742,0,47.0,-0.27,309.915,1.3032000000000001,-165.24,35.57597732543945,4.98,0.0,0
46592,340.719,59.326,-142.4,0.0,419.494,0.0,0.0,0.0,5.742,0,55.0,-0.305,309.915,0.5114000000000001,-245.61,35.57597732543945,4.98,0.0,0
46592,443.719,57.900000000000006,-141.9,0.0,419.312,0.0,0.0,0.0,5.742,0,54.0,-0.295,309.915,1.0392000000000001,-89.73,35.57597732543945,4.98,0.0,0
46592,546.378,56.484,-142.4,0.0,419.433,0.0,0.0,0.0,5.742,0,51.0,-0.325,309.825,-1.0557,60.21,35.57597732543945,4.98,0.0,0
46592,556.44,56.338,-142.9,0.0,419.55400000000003,0.0,0.0,0.0,5.742,0,51.0,-0.335,309.825,-1.5836000000000001,71.67,35.57597732543945,4.98,0.0,0
46592,657.564,54.912000000000006,-140.9,0.0,419.19100000000003,0.0,0.0,0.0,5.742,0,58.0,-0.34,309.825,0.066,148.26,35.57597732543945,4.98,0.0,0
46592,746.24,53.486000000000004,-144.4,0.0,419.19100000000003,0.0,0.0,0.0,5.742,0,54.0,-0.27,309.915,1.3196,153.51,35.57597732543945,4.98,0.0,0
46592,825.195,52.061,-140.9,0.0,419.13100000000003,0.0,0.0,0.0,5.742,0,59.0,-0.26,309.915,1.5176,113.16,35.57597732543945,4.98,0.0,0
46592,890.849,50.625,-143.9,0.0,419.615,0.0,0.0,0.0,5.742,0,50.0,-0.245,309.915,3.1672000000000002,56.43,35.57597732543945,4.98,0.0,0
46592,941.326,49.209,-142.4,0.0,419.494,0.0,0.0,0.0,5.742,0,55.0,-0.23500000000000001,310.005,2.0455,12.72,35.57597732543945,4.98,0.0,0
46592,987.71,47.764,-141.9,0.0,419.252,0.0,0.0,0.0,5.742,0,54.0,-0.17500000000000002,309.915,0.5279,-8.43,35.57597732543945,4.98,0.0,0
46592,1031.025,46.348,-143.4,0.0,419.373,0.0,0.0,0.0,5.742,0,56.0,-0.085,309.915,0.5279,-7.08,35.57597732543945,4.98,0.0,0
46592,1074.169,44.912,-141.9,0.0,419.07,0.0,0.0,0.0,5.742,0,55.0,-0.03,309.915,-3.8270000000000004,8.22,35.57597732543945,4.98,0.0,0
46592,1113.05,43.477000000000004,-144.4,0.0,419.252,0.0,0.0,0.0,5.742,0,58.0,0.03,309.915,-3.9589000000000003,26.88,35.57597732543945,4.98,0.0,0
46592,1141.528,42.061,-141.9,0.0,419.373,0.0,0.0,0.0,5.737,0,52.0,0.11,309.915,0.0,41.01,35.57597732543945,4.98,0.0,0
46592,1161.651,40.615,-142.9,0.0,419.433,0.0,0.0,0.0,5.737,0,57.0,0.32,310.005,3.629,47.85,35.57597732543945,4.98,0.0,0
46592,1180.239,39.189,-142.9,0.0,419.13100000000003,0.0,0.0,0.0,5.737,0,55.0,0.47000000000000003,310.005,2.6393,47.22,35.57597732543945,4.98,0.0,0
46592,1195.416,37.754000000000005,-143.4,0.0,419.312,0.0,0.0,0.0,5.737,0,52.0,0.55,310.005,-0.066,43.26,35.57597732543945,4.98,0.0,0
46592,1208.376,36.328,-144.9,0.0,419.373,0.0,0.0,0.0,5.737,0,54.0,0.535,310.005,1.5836000000000001,37.980000000000004,35.57597732543945,4.98,0.0,0
46592,1218.096,34.893,-141.3,0.0,419.796,0.0,0.0,0.0,5.737,0,55.0,0.635,310.005,1.5836000000000001,32.94,35.57597732543945,4.98,0.0,0
46592,1227.646,33.457,-144.4,0.0,419.796,0.0,0.0,0.0,5.737,0,57.0,0.64,309.915,-3.1672000000000002,29.310000000000002,35.57597732543945,4.98,0.0,0
46592,1235.832,32.031,-140.9,0.0,419.615,0.0,0.0,0.0,5.737,0,57.0,0.635,310.005,-1.5836000000000001,29.25,35.57597732543945,4.98,0.0,0
46592,1243.335,30.596,-144.9,0.0,419.13100000000003,0.0,0.0,0.0,5.737,0,53.0,0.65,310.005,1.0557,31.05,35.57597732543945,4.98,0.0,0
46592,1247.939,29.17,-143.4,0.0,419.19100000000003,0.0,0.0,0.0,5.737,0,55.0,0.665,309.915,2.9032,34.38,35.57597732543945,4.98,0.0,0
46592,1251.52,27.725,-142.4,0.0,419.13100000000003,0.0,0.0,0.0,5.737,0,56.0,0.6,309.915,-1.9795,37.68,35.57597732543945,4.98,0.0,0
46592,1254.078,26.299,-144.4,0.0,419.13100000000003,0.0,0.0,0.0,5.737,0,57.0,0.65,310.005,-1.0557,39.6,35.57597732543945,4.98,0.0,0
46592,1254.59,26.162000000000003,-144.4,0.0,419.13100000000003,0.0,0.0,0.0,5.737,0,58.0,0.66,310.005,-0.5938,39.69,35.57597732543945,4.98,0.0,0
46592,1257.659,24.717000000000002,-141.3,0.0,418.82800000000003,0.0,0.0,0.0,5.737,0,56.0,0.6900000000000001,310.005,5.987900000000001,39.15,35.57597732543945,4.98,0.0,0
46592,1262.946,23.291,-142.9,0.0,419.07,0.0,0.0,0.0,5.737,0,56.0,0.6950000000000001,310.005,2.029,37.71,35.57597732543945,4.98,0.0,0
46592,1269.255,21.865000000000002,-142.4,0.0,419.433,0.0,0.0,0.0,5.737,0,58.0,0.765,310.005,-5.0806000000000004,35.52,35.57597732543945,4.98,0.0,0
46592,1272.666,20.42,-142.9,0.0,419.433,0.0,0.0,0.0,5.737,0,55.0,0.725,310.14000000000004,0.43710000000000004,35.25,35.57597732543945,4.98,0.0,0
46592,1277.441,18.994,-143.4,0.0,419.433,0.0,0.0,0.0,5.737,0,55.0,0.775,310.005,2.0455,35.25,35.57597732543945,4.98,0.0,0
46592,1283.58,17.559,-142.4,0.0,419.312,0.0,0.0,0.0,5.737,0,55.0,0.74,310.005,0.8413,35.37,35.57597732543945,4.98,0.0,0
46592,1287.843,16.133,-144.9,0.0,419.009,0.0,0.0,0.0,5.737,0,55.0,0.6950000000000001,309.915,-2.4001,35.43,35.57597732543945,4.98,0.0,0
46592,1292.448,14.697000000000001,-135.3,0.0,419.07,0.0,0.0,0.0,5.737,0,55.0,0.755,309.915,-0.0495,35.52,35.57597732543945,4.98,0.0,0
46592,1230.375,13.789000000000001,-47.300000000000004,0.0,419.009,0.0,0.0,0.0,5.737,0,56.0,0.68,310.005,3.1672000000000002,35.7,35.57597732543945,4.98,0.0,0
46592,1050.636,13.682,7.1000000000000005,1.0,419.433,0.0,0.0,0.0,5.737,0,37.0,0.725,310.005,0.39590000000000003,35.97,35.57597732543945,4.98,0.0,0
46592,888.291,13.652000000000001,-9.6,2.0,419.373,0.0,0.0,0.0,5.737,0,6.0,0.72,310.005,-1.9300000000000002,35.67,35.57597732543945,4.98,0.0,0
46592,783.756,13.555000000000001,-9.1,1.0,419.13100000000003,0.0,0.0,0.0,5.737,0,-3.0,0.74,309.915,-2.7548,36.36,35.57597732543945,4.98,0.0,0
46592,709.746,13.467,-8.6,0.0,419.97700000000003,0.0,0.0,0.0,5.737,0,-1.0,0.775,309.915,-1.5671000000000002,37.38,35.57597732543945,4.98,0.0,0
46592,654.665,13.389000000000001,-8.6,-1.0,420.159,0.0,0.0,-0.2,5.737,0,15.0,0.77,309.915,-2.3589,37.65,35.57597732543945,4.98,0.0,0
46592,619.365,13.301,-8.1,-1.0,419.433,0.0,0.0,0.0,5.737,0,31.0,0.845,310.005,-0.9402,36.18,35.57597732543945,4.98,0.0,0
46592,597.708,13.223,-7.6000000000000005,0.0,419.373,0.0,0.0,0.0,5.737,0,23.0,0.78,309.915,2.3754,36.12,35.57597732543945,4.98,0.0,0
46592,549.618,13.398000000000001,46.300000000000004,1.0,419.97700000000003,0.0,0.0,0.0,5.737,0,7.0,0.79,309.915,-0.2639,35.910000000000004,35.57597732543945,4.98,0.0,0
46592,462.137,13.945,48.800000000000004,2.0,420.098,0.0,0.0,-0.2,5.737,0,-11.0,0.77,310.005,-1.4681,35.34,35.57597732543945,4.98,0.0,0
46592,400.234,14.287,22.3,2.0,420.522,0.0,0.0,0.0,5.737,0,-51.0,0.91,309.915,-2.2434000000000003,35.34,35.57597732543945,4.98,0.0,0
46592,372.267,14.443000000000001,13.200000000000001,0.0,420.642,0.0,0.0,-0.2,5.737,0,-32.0,0.845,309.915,-0.9238000000000001,34.410000000000004,35.57597732543945,4.98,0.0,0
46592,357.431,14.531,6.1000000000000005,-1.0,420.522,0.0,0.0,-0.2,5.737,0,-10.0,0.84,309.825,1.6166,34.74,35.57597732543945,4.98,0.0,0
46592,351.29200000000003,14.57,2.0,-1.0,420.461,0.0,0.0,0.0,5.737,0,-7.0,0.86,309.915,-0.5444,34.56,35.57597732543945,4.98,0.0,0
46592,349.246,14.58,0.0,-1.0,419.97700000000003,0.0,0.0,0.0,5.737,0,3.0,0.84,309.915,-2.2434000000000003,35.64,35.57597732543945,4.98,0.0,0
46592,349.928,14.57,0.0,-1.0,420.28000000000003,0.0,0.0,0.2,5.737,0,5.0,0.8300000000000001,309.825,-1.0392000000000001,36.660000000000004,35.57597732543945,4.98,0.0,0
46592,349.757,14.57,0.0,0.0,419.97700000000003,0.0,0.0,0.0,5.737,0,4.0,0.9,309.915,0.6598,37.35,35.57597732543945,4.98,0.0,0
46592,348.734,14.57,0.0,0.0,420.098,0.0,0.0,0.0,5.737,0,2.0,0.86,309.825,0.41240000000000004,37.65,35.57597732543945,4.98,0.0,0
46592,348.90500000000003,14.57,0.0,0.0,420.098,0.0,0.0,0.2,5.737,0,-2.0,0.855,309.915,-0.41240000000000004,37.2,35.57597732543945,4.98,0.0,0
46592,348.564,14.57,-0.5,0.0,420.098,0.0,0.0,0.0,5.737,0,-1.0,0.84,309.915,0.7918000000000001,36.45,35.57597732543945,4.98,0.0,0
46592,348.39300000000003,14.561,0.0,0.0,419.736,0.0,0.0,-0.2,5.737,0,0.0,0.87,309.915,2.8867000000000003,37.38,35.57597732543945,4.98,0.0,0
46592,347.37,14.561,-1.0,0.0,419.736,0.0,0.0,0.2,5.737,0,1.0,0.865,310.005,-0.0165,36.51,35.57597732543945,4.98,0.0,0
46592,347.54,14.561,0.0,0.0,419.55400000000003,0.0,0.0,0.0,5.737,0,2.0,0.86,310.005,0.5279,36.42,35.57597732543945,4.98,0.0,0
46592,347.029,14.551,-0.5,0.0,419.675,0.0,0.0,0.0,5.737,0,4.0,0.86,310.005,1.5176,35.7,35.57597732543945,4.98,0.0,0
46592,346.858,14.551,-0.5,0.0,419.433,0.0,0.0,0.0,5.737,0,4.0,0.85,309.915,0.0,34.980000000000004,35.57597732543945,4.98,0.0,0
46592,347.029,14.541,-1.0,0.0,419.736,0.0,0.0,0.0,5.737,0,3.0,0.895,309.825,-4.0909,35.19,35.57597732543945,4.98,0.0,0
46592,346.347,14.531,-1.0,0.0,419.91700000000003,0.0,0.0,0.0,5.737,0,4.0,0.875,309.915,-2.9032,35.79,35.57597732543945,4.98,0.0,0
46592,346.517,14.521,-0.5,0.0,420.038,0.0,0.0,0.0,5.737,0,4.0,0.89,309.915,1.0557,35.730000000000004,35.57597732543945,4.98,0.0,0
46592,346.176,14.512,-1.0,0.0,420.038,0.0,0.0,0.0,5.737,0,5.0,0.86,309.825,0.7918000000000001,36.06,35.57597732543945,4.98,0.0,0
46592,346.347,14.502,-1.5,0.0,420.28000000000003,0.0,0.0,-0.2,5.737,0,6.0,0.81,309.825,-3.629,36.660000000000004,35.57597732543945,4.98,0.0,0
46592,346.347,14.492,-1.0,0.0,420.159,0.0,0.0,0.0,5.737,0,6.0,0.915,310.005,1.5836000000000001,36.63,35.57597732543945,4.98,0.0,0
46592,346.858,14.482000000000001,-0.5,0.0,419.856,0.0,0.0,0.0,5.737,0,5.0,0.865,309.825,1.0557,37.17,35.57597732543945,4.98,0.0,0
46592,346.858,14.473,-1.0,0.0,419.796,0.0,0.0,0.0,5.737,0,7.0,0.89,310.005,2.3754,37.32,35.57597732543945,4.98,0.0,0
46592,346.517,14.463000000000001,-1.5,0.0,419.736,0.0,0.0,0.0,5.737,0,7.0,0.89,309.915,0.066,37.5,35.57597732543945,4.98,0.0,0
46592,346.858,14.453000000000001,-1.5,0.0,419.433,0.0,0.0,-0.2,5.737,0,9.0,0.865,309.825,-2.3754,36.75,35.57597732543945,4.98,0.0,0
46592,347.029,14.443000000000001,-1.5,0.0,419.615,0.0,0.0,0.0,5.737,0,8.0,0.88,309.915,-2.0455,36.57,35.57597732543945,4.98,0.0,0
46592,347.029,14.424000000000001,-1.5,0.0,419.55400000000003,0.0,0.0,0.2,5.737,0,8.0,0.9,309.915,0.5279,36.12,35.57597732543945,4.98,0.0,0
46592,346.688,14.414000000000001,-0.5,0.0,419.736,0.0,0.0,0.0,5.737,0,7.0,0.885,309.915,0.9897,35.160000000000004,35.57597732543945,4.98,0.0,0
46592,347.029,14.404,-1.0,0.0,420.098,0.0,0.0,-0.2,5.737,0,8.0,0.855,309.825,1.0557,34.65,35.57597732543945,4.98,0.0,0
46592,347.029,14.395000000000001,-0.5,0.0,419.856,0.0,0.0,0.0,5.737,0,9.0,0.895,309.825,0.066,35.4,35.57597732543945,4.98,0.0,0
46592,347.199,14.385000000000002,-1.5,0.0,419.91700000000003,0.0,0.0,0.2,5.737,0,8.0,0.835,309.915,-2.6393,35.97,35.57597732543945,4.98,0.0,0
46592,347.029,14.375,-1.0,0.0,419.796,0.0,0.0,0.2,5.737,0,9.0,0.925,309.825,0.5279,36.18,35.57597732543945,4.98,0.0,0
46592,347.029,14.365,-1.0,0.0,419.615,0.0,0.0,0.0,5.737,0,10.0,0.845,309.825,0.5279,36.84,35.57597732543945,4.98,0.0,0
46592,347.029,14.355,-1.0,0.0,419.97700000000003,0.0,0.0,0.0,5.737,0,9.0,0.86,310.005,-0.5938,37.02,35.57597732543945,4.98,0.0,0
46592,347.37,14.346,-1.0,0.0,419.796,0.0,0.0,0.0,5.737,0,11.0,0.855,309.915,3.1672000000000002,36.72,35.57597732543945,4.98,0.0,0
46592,347.37,14.336,-1.5,0.0,419.796,0.0,0.0,-0.2,5.737,0,11.0,0.845,309.915,-0.066,37.14,35.57597732543945,4.98,0.0,0
46592,347.199,14.326,-1.0,0.0,419.97700000000003,0.0,0.0,0.0,5.737,0,11.0,0.875,309.915,-0.7918000000000001,36.96,35.57597732543945,4.98,0.0,0
46592,347.199,14.316,-1.0,0.0,419.97700000000003,0.0,0.0,0.0,5.737,0,9.0,0.86,310.005,0.132,36.93,35.57597732543945,4.98,0.0,0
46592,347.37,14.307,-1.0,0.0,419.796,0.0,0.0,0.0,5.737,0,10.0,0.87,309.915,1.9795,36.96,35.57597732543945,4.98,0.0,0
46592,347.199,14.297,-1.5,0.0,419.736,0.0,0.0,0.0,5.737,0,11.0,0.895,309.915,-4.7507,36.03,35.57597732543945,4.98,0.0,0
46592,347.199,14.287,-1.0,0.0,419.796,0.0,0.0,0.0,5.737,0,10.0,0.835,310.005,-0.5444,35.61,35.57597732543945,4.98,0.0,0
46592,347.37,14.277000000000001,-1.0,0.0,419.796,0.0,0.0,-0.2,5.737,0,11.0,0.79,310.005,4.7342,34.65,35.57597732543945,4.98,0.0,0
46592,347.37,14.268,-1.0,0.0,419.55400000000003,0.0,0.0,0.0,5.737,0,11.0,0.87,310.005,0.6268,34.08,35.57597732543945,4.98,0.0,0
46592,347.199,14.258000000000001,-1.0,0.0,419.312,0.0,0.0,0.0,5.737,0,11.0,0.91,310.005,-2.2434000000000003,34.02,35.57597732543945,4.98,0.0,0
46592,347.199,14.248000000000001,-1.0,0.0,419.736,0.0,0.0,0.0,5.737,0,12.0,0.9,309.915,-0.2639,35.22,35.57597732543945,4.98,0.0,0
46592,347.029,14.238000000000001,-1.0,0.0,419.55400000000003,0.0,0.0,0.2,5.737,0,12.0,0.9500000000000001,309.69,-1.3939000000000001,36.69,35.57597732543945,4.98,0.0,0
46592,347.199,14.229000000000001,-1.0,0.0,419.796,0.0,0.0,0.0,5.737,0,10.0,0.905,310.005,-3.6455,38.1,35.57597732543945,4.98,0.0,0
46592,347.54,14.219000000000001,-1.0,0.0,420.038,0.0,0.0,0.0,5.737,0,14.0,0.91,309.825,-1.1052,38.22,35.57597732543945,4.98,0.0,0
46592,347.54,14.209000000000001,-1.0,0.0,419.736,0.0,0.0,0.2,5.737,0,8.0,0.91,309.825,2.0784000000000002,37.35,35.57597732543945,4.98,0.0,0
46592,347.199,14.199,-1.0,0.0,419.97700000000003,0.0,0.0,0.0,5.737,0,13.0,0.86,309.915,-0.2474,36.42,35.57597732543945,4.98,0.0,0
46592,347.199,14.189,-1.0,0.0,419.494,0.0,0.0,0.0,5.737,0,12.0,0.8300000000000001,309.915,0.9238000000000001,35.76,35.57597732543945,4.98,0.0,0
46592,347.37,14.180000000000001,-1.0,0.0,419.615,0.0,0.0,0.0,5.737,0,12.0,0.84,309.915,-0.41240000000000004,36.06,35.57597732543945,4.98,0.0,0
46592,347.37,14.17,-1.0,0.0,419.252,0.0,0.0,0.0,5.737,0,13.0,0.88,309.825,-0.6433,36.12,35.57597732543945,4.98,0.0,0
46592,347.199,14.16,-1.5,0.0,419.615,0.0,0.0,0.0,5.737,0,12.0,0.865,309.915,0.2639,35.550000000000004,35.57597732543945,4.98,0.0,0
46592,347.199,14.15,-1.0,0.0,419.494,0.0,0.0,0.0,5.737,0,13.0,0.87,309.915,-0.28040000000000004,34.65,35.57597732543945,4.98,0.0,0
46592,347.37,14.141,-1.0,0.0,419.796,0.0,0.0,0.0,5.737,0,12.0,0.92,309.915,4.2064,34.11,35.57597732543945,4.98,0.0,0
46592,347.711,14.131,-1.5,0.0,420.098,0.0,0.0,0.0,5.737,0,11.0,0.9,309.915,1.4516,34.5,35.57597732543945,4.98,0.0,0
46592,347.711,14.121,-1.0,0.0,419.615,0.0,0.0,0.0,5.737,0,12.0,0.89,309.825,-5.79,35.67,35.57597732543945,4.98,0.0,0
46592,347.711,14.111,-0.5,0.0,419.856,0.0,0.0,-0.2,5.737,0,13.0,0.875,309.915,-1.699,37.53,35.57597732543945,4.98,0.0,0
46592,347.711,14.092,-1.0,0.0,419.856,0.0,0.0,0.0,5.737,0,12.0,0.86,309.915,2.7713,38.160000000000004,35.57597732543945,4.98,0.0,0
46592,347.54,14.082,-1.0,0.0,419.97700000000003,0.0,0.0,0.0,5.737,0,12.0,0.865,309.915,2.2269,38.61,35.57597732543945,4.98,0.0,0
46592,347.54,14.072000000000001,-0.5,0.0,419.91700000000003,0.0,0.0,-0.2,5.737,0,12.0,0.9,309.825,-0.5114000000000001,37.2,35.57597732543945,4.98,0.0,0
46592,347.711,14.072000000000001,-1.0,0.0,419.91700000000003,0.0,0.0,0.2,5.737,0,12.0,0.91,309.825,-0.9897,37.11,35.57597732543945,4.98,0.0,0
46592,347.711,14.063,-0.5,0.0,419.796,0.0,0.0,0.0,5.737,0,12.0,0.9,309.825,-2.6393,36.480000000000004,35.57597732543945,4.98,0.0,0
46592,347.37,14.053,-0.5,0.0,419.615,0.0,0.0,0.0,5.737,0,12.0,0.865,309.825,-0.9897,36.27,35.57597732543945,4.98,0.0,0
46592,347.711,14.043000000000001,-1.5,0.0,419.796,0.0,0.0,-0.2,5.737,0,12.0,0.86,309.915,1.8475000000000001,36.15,35.57597732543945,4.98,0.0,0
46592,347.711,14.033000000000001,-0.5,0.0,419.675,0.0,0.0,-0.2,5.737,0,12.0,0.85,309.825,-0.5279,35.7,35.57597732543945,4.98,0.0,0
46592,347.37,14.023000000000001,-1.5,0.0,419.675,0.0,0.0,0.0,5.737,0,11.0,0.85,309.825,-1.8475000000000001,35.43,35.57597732543945,4.98,0.0,0
46592,347.711,14.014000000000001,0.0,0.0,419.675,0.0,0.0,0.0,5.737,0,12.0,0.885,309.915,1.5836000000000001,34.53,35.57597732543945,4.98,0.0,0
46592,347.54,14.004000000000001,-1.0,0.0,419.615,0.0,0.0,0.0,5.737,0,11.0,0.9,309.915,3.9589000000000003,34.17,35.57597732543945,4.98,0.0,0
46592,347.54,13.994000000000002,-1.0,0.0,419.675,0.0,0.0,0.2,5.737,0,11.0,0.87,309.915,-1.6496000000000002,33.78,35.57597732543945,4.98,0.0,0
46592,347.37,13.984,-1.0,0.0,419.615,0.0,0.0,0.0,5.737,0,12.0,0.855,309.915,1.3196,34.62,35.57597732543945,4.98,0.0,0
46592,347.37,13.984,-1.0,0.0,419.796,0.0,0.0,0.0,5.737,0,12.0,0.905,309.915,1.0557,36.480000000000004,35.57597732543945,4.98,0.0,0
46592,347.37,13.975000000000001,-1.5,0.0,419.55400000000003,0.0,0.0,0.0,5.737,0,12.0,0.915,309.915,-1.5836000000000001,37.38,35.57597732543945,4.98,0.0,0
46592,347.54,13.965,-0.5,0.0,419.373,0.0,0.0,0.0,5.737,0,12.0,0.9,309.915,-1.5836000000000001,37.59,35.57597732543945,4.98,0.0,0
46592,347.37,13.955,-1.0,0.0,419.433,0.0,0.0,0.0,5.737,0,12.0,0.905,309.915,0.0,36.9,35.57597732543945,4.98,0.0,0
46592,347.54,13.945,-1.0,0.0,419.55400000000003,0.0,0.0,0.0,5.737,0,12.0,0.93,309.915,2.6393,36.33,35.57597732543945,4.98,0.0,0
46592,348.052,13.936,-0.5,0.0,419.252,0.0,0.0,0.0,5.737,0,12.0,0.89,309.825,-3.1672000000000002,35.19,35.57597732543945,4.98,0.0,0
46592,347.37,13.926,-1.0,0.0,419.433,0.0,0.0,0.2,5.737,0,12.0,0.875,309.915,-2.1114,34.89,35.57597732543945,4.98,0.0,0
46592,347.37,13.916,-1.0,0.0,419.373,0.0,0.0,0.0,5.737,0,14.0,0.875,310.005,2.3754,35.37,35.57597732543945,4.98,0.0,0
46592,347.54,13.906,-0.5,0.0,419.433,0.0,0.0,0.0,5.737,0,12.0,0.855,309.915,2.5733,35.43,35.57597732543945,4.98,0.0,0
46592,347.54,13.896,-0.5,0.0,419.373,0.0,0.0,0.0,5.737,0,11.0,0.84,309.825,-1.3196,35.19,35.57597732543945,4.98,0.0,0
46592,347.88100000000003,13.887,-0.5,0.0,419.19100000000003,0.0,0.0,0.0,5.737,0,12.0,0.905,310.005,-1.5836000000000001,35.04,35.57597732543945,4.98,0.0,0
46592,347.54,13.877,-1.0,0.0,419.252,0.0,0.0,0.0,5.737,0,13.0,0.885,309.825,-3.2991,34.62,35.57597732543945,4.98,0.0,0
46592,347.711,13.867,-1.0,0.0,419.252,0.0,0.0,0.0,5.737,0,13.0,0.905,309.915,-0.066,34.35,35.57597732543945,4.98,0.0,0
46592,347.54,13.857000000000001,-1.0,0.0,419.373,0.0,0.0,0.0,5.737,0,13.0,0.875,309.915,0.6598,34.95,35.57597732543945,4.98,0.0,0
46592,347.711,13.848,-0.5,0.0,419.433,0.0,0.0,0.0,5.737,0,12.0,0.88,309.915,2.5733,36.09,35.57597732543945,4.98,0.0,0
46592,347.54,13.838000000000001,-0.5,0.0,419.312,0.0,0.0,0.0,5.737,0,12.0,0.86,309.825,1.3196,36.84,35.57597732543945,4.98,0.0,0
46592,347.711,13.828000000000001,-1.0,0.0,419.19100000000003,0.0,0.0,0.0,5.737,0,13.0,0.86,309.69,-5.1136,36.84,35.57597732543945,4.98,0.0,0
46592,347.88100000000003,13.828000000000001,-1.0,0.0,419.373,0.0,0.0,0.0,5.737,0,12.0,0.885,309.825,-5.6745,36.63,35.57597732543945,4.98,0.0,0
46592,347.711,13.818000000000001,-1.0,0.0,419.373,0.0,0.0,0.0,5.737,0,13.0,0.91,309.915,-4.8167,36.63,35.57597732543945,4.98,0.0,0
46592,347.711,13.818000000000001,-1.0,0.0,419.252,0.0,0.0,0.0,5.737,0,13.0,0.91,309.915,4.8002,35.97,35.57597732543945,4.98,0.0,0
46592,347.88100000000003,13.809000000000001,-1.0,0.0,419.13100000000003,0.0,0.0,0.0,5.737,0,12.0,0.865,309.825,5.4518,35.67,35.57597732543945,4.98,0.0,0
46592,347.711,13.799000000000001,-0.5,0.0,419.07,0.0,0.0,0.0,5.737,0,13.0,0.905,310.005,1.0227,34.47,35.57597732543945,4.98,0.0,0
46592,347.711,13.789000000000001,-1.0,0.0,418.82800000000003,0.0,0.0,0.0,5.737,0,13.0,0.855,309.915,-0.132,33.57,35.57597732543945,4.98,0.0,0
46592,347.88100000000003,13.779,-1.0,0.0,418.949,0.0,0.0,-0.2,5.737,0,11.0,0.835,309.915,-0.2639,34.11,35.57597732543945,4.98,0.0,0
46592,347.711,13.770000000000001,-1.0,0.0,419.373,0.0,0.0,0.0,5.737,0,12.0,0.93,310.005,-0.7918000000000001,35.04,35.57597732543945,4.98,0.0,0
46592,347.711,13.76,-0.5,0.0,419.433,0.0,0.0,0.0,5.737,0,11.0,0.885,309.825,0.8083,35.1,35.57597732543945,4.98,0.0,0
46592,347.711,13.75,-1.0,0.0,419.252,0.0,0.0,0.0,5.737,0,13.0,0.895,310.005,-0.28040000000000004,35.67,35.57597732543945,4.98,0.0,0
46592,347.711,13.74,0.0,0.0,419.433,0.0,0.0,0.0,5.737,0,12.0,0.895,309.915,0.0,36.72,35.57597732543945,4.98,0.0,0
46592,347.88100000000003,13.74,-0.5,0.0,419.252,0.0,0.0,0.0,5.737,0,12.0,0.915,309.915,0.7753,37.410000000000004,35.57597732543945,4.98,0.0,0
46592,348.052,13.73,-1.0,0.0,419.373,0.0,0.0,0.0,5.737,0,11.0,0.9,309.915,-2.1114,37.83,35.57597732543945,4.98,0.0,0
46592,347.711,13.721,-1.0,0.0,419.07,0.0,0.0,0.0,5.737,0,13.0,0.905,309.825,0.9402,37.92,35.57597732543945,4.98,0.0,0
46592,347.88100000000003,13.711,-1.0,0.0,418.949,0.0,0.0,0.0,5.737,0,12.0,0.935,309.915,-1.3361,37.44,35.57597732543945,4.98,0.0,0
46592,347.88100000000003,13.701,-0.5,0.0,418.949,0.0,0.0,0.0,5.737,0,12.0,0.905,309.825,1.996,36.87,35.57597732543945,4.98,0.0,0
46592,347.711,13.691,-0.5,0.0,419.252,0.0,0.0,0.0,5.737,0,12.0,0.93,309.825,0.4289,35.94,35.57597732543945,4.98,0.0,0
46592,348.052,13.682,-1.5,0.0,418.88800000000003,0.0,0.0,0.0,5.737,0,12.0,0.93,309.825,-1.699,34.980000000000004,35.57597732543945,4.98,0.0,0
46592,347.711,13.672,-0.5,0.0,418.949,0.0,0.0,0.0,5.737,0,12.0,0.87,309.825,0.9567,34.2,35.57597732543945,4.98,0.0,0
46592,347.711,13.672,-1.0,0.0,419.13100000000003,0.0,0.0,0.0,5.737,0,12.0,0.86,309.825,-0.9238000000000001,34.65,35.57597732543945,4.98,0.0,0
46592,347.711,13.662,-1.0,0.0,419.13100000000003,0.0,0.0,0.0,5.737,0,12.0,0.855,309.825,-1.5671000000000002,35.13,35.57597732543945,4.98,0.0,0
46592,347.88100000000003,13.652000000000001,-1.0,0.0,418.82800000000003,0.0,0.0,0.0,5.737,0,13.0,0.9,309.915,0.9073,35.82,35.57597732543945,4.98,0.0,0
46592,348.222,13.643,-0.5,0.0,418.767,0.0,0.0,0.0,5.737,0,13.0,0.885,309.825,1.5836000000000001,35.97,35.57597732543945,4.98,0.0,0
46592,347.88100000000003,13.633000000000001,-1.0,0.0,418.949,0.0,0.0,0.0,5.737,0,12.0,0.835,309.69,0.9485,36.6,35.57597732543945,4.98,0.0,0
46592,348.052,13.623000000000001,-0.5,0.0,418.949,0.0,0.0,0.0,5.737,0,13.0,0.915,309.915,-3.1012,37.26,35.57597732543945,4.98,0.0,0
46592,348.222,13.623000000000001,-1.0,0.0,418.707,0.0,0.0,0.0,5.737,0,13.0,0.875,309.915,0.5773,37.26,35.57597732543945,4.98,0.0,0
46592,347.88100000000003,13.613000000000001,-1.5,0.0,418.707,0.0,0.0,0.0,5.737,0,13.0,0.965,309.915,3.629,37.11,35.57597732543945,4.98,0.0,0
46592,347.711,13.604000000000001,-0.5,0.0,418.949,0.0,0.0,0.0,5.737,0,12.0,0.925,309.825,0.28040000000000004,37.26,35.57597732543945,4.98,0.0,0
46592,348.052,13.594000000000001,-1.0,0.0,418.88800000000003,0.0,0.0,0.0,5.737,0,13.0,0.895,309.915,-0.6763,37.050000000000004,35.57597732543945,4.98,0.0,0
46592,348.052,13.584000000000001,-0.5,0.0,418.767,0.0,0.0,0.0,5.737,0,13.0,0.865,309.825,-0.2474,36.0,35.57597732543945,4.98,0.0,0
46592,348.052,13.574,-0.5,0.0,419.13100000000003,0.0,0.0,0.0,5.737,0,12.0,0.885,309.915,0.5279,34.800000000000004,35.57597732543945,4.98,0.0,0
46592,347.88100000000003,13.574,-1.0,0.0,419.19100000000003,0.0,0.0,0.0,5.737,0,12.0,0.905,309.915,0.2639,34.2,35.57597732543945,4.98,0.0,0
46592,348.052,13.564,-0.5,0.0,419.19100000000003,0.0,0.0,0.0,5.737,0,12.0,0.985,309.915,0.5279,34.230000000000004,35.57597732543945,4.98,0.0,0
46592,348.222,13.564,-1.0,0.0,418.88800000000003,0.0,0.0,0.0,5.737,0,12.0,0.865,309.915,3.1672000000000002,34.65,35.57597732543945,4.98,0.0,0
46592,347.88100000000003,13.555000000000001,-1.0,0.0,418.707,0.0,0.0,0.0,5.737,0,13.0,0.89,309.915,1.0557,34.59,35.57597732543945,4.98,0.0,0
46592,347.88100000000003,13.545,-0.5,0.0,418.646,0.0,0.0,0.0,5.737,0,13.0,0.865,309.825,-3.4311000000000003,35.67,35.57597732543945,4.98,0.0,0
46592,348.222,13.535,-1.0,0.0,418.404,0.0,0.0,0.0,5.737,0,13.0,0.85,309.915,-3.1672000000000002,36.39,35.57597732543945,4.98,0.0,0
46592,347.88100000000003,13.525,-0.5,0.0,418.767,0.0,0.0,0.0,5.737,0,13.0,0.935,309.915,2.3754,37.26,35.57597732543945,4.98,0.0,0
46592,348.222,13.525,-1.0,0.0,418.949,0.0,0.0,0.0,5.737,0,12.0,0.89,309.825,1.5836000000000001,37.26,35.57597732543945,4.98,0.0,0
46592,347.88100000000003,13.516,-0.5,0.0,418.767,0.0,0.0,0.0,5.737,0,12.0,0.975,309.825,-2.6393,36.27,35.57597732543945,4.98,0.0,0
46592,348.39300000000003,13.506,-0.5,0.0,418.767,0.0,0.0,0.0,5.737,0,12.0,0.92,309.915,-0.5279,36.51,35.57597732543945,4.98,0.0,0
46592,348.052,13.496,-1.0,0.0,418.52500000000003,0.0,0.0,0.0,5.737,0,12.0,0.91,309.915,-1.1877,36.480000000000004,35.57597732543945,4.98,0.0,0
46592,347.711,13.486,-1.0,0.0,418.646,0.0,0.0,0.0,5.737,0,12.0,0.86,309.915,0.46190000000000003,36.660000000000004,35.57597732543945,4.98,0.0,0
46592,347.88100000000003,13.486,-1.0,0.0,418.646,0.0,0.0,0.0,5.737,0,13.0,0.89,310.005,5.1466,36.27,35.57597732543945,4.98,0.0,0
46592,348.052,13.477,-0.5,0.0,418.646,0.0,0.0,0.0,5.737,0,13.0,0.8,309.825,-0.46190000000000003,35.1,35.57597732543945,4.98,0.0,0
46592,348.39300000000003,13.467,-0.5,0.0,418.767,0.0,0.0,0.0,5.737,0,13.0,0.87,310.005,0.2639,34.410000000000004,35.57597732543945,4.98,0.0,0
46592,347.88100000000003,13.457,-0.5,0.0,418.82800000000003,0.0,0.0,0.0,5.737,0,13.0,0.85,309.825,-0.9238000000000001,33.84,35.57597732543945,4.98,0.0,0
46592,348.222,13.457,-1.0,0.0,418.707,0.0,0.0,0.0,5.737,0,12.0,0.865,309.825,-1.5836000000000001,33.72,35.57597732543945,4.98,0.0,0
46592,348.052,13.447000000000001,-1.0,0.0,418.88800000000003,0.0,0.0,0.0,5.737,0,14.0,0.795,309.915,-0.9897,35.43,35.57597732543945,4.98,0.0,0
46592,347.711,13.438,-1.0,0.0,418.767,0.0,0.0,0.0,5.737,0,13.0,0.915,309.915,1.3196,36.9,35.57597732543945,4.98,0.0,0
46592,348.39300000000003,13.428,-1.5,0.0,418.52500000000003,0.0,0.0,0.0,5.737,0,13.0,0.81,309.915,-0.066,38.31,35.57597732543945,4.98,0.0,0
46592,348.052,13.418000000000001,-1.0,0.0,418.949,0.0,0.0,0.0,5.737,0,12.0,0.965,309.915,0.2639,38.1,35.57597732543945,4.98,0.0,0
46592,347.88100000000003,13.418000000000001,-1.0,0.0,419.13100000000003,0.0,0.0,0.0,5.737,0,12.0,0.835,309.915,-1.0557,37.74,35.57597732543945,4.98,0.0,0
46592,348.222,13.408000000000001,-1.5,0.0,418.82800000000003,0.0,0.0,0.0,5.737,0,13.0,0.915,310.005,3.1672000000000002,37.08,35.57597732543945,4.98,0.0,0
46592,348.052,13.398000000000001,-0.5,0.0,419.07,0.0,0.0,0.0,5.737,0,12.0,0.88,309.825,2.1774,37.02,35.57597732543945,4.98,0.0,0
46592,348.052,13.389000000000001,-1.5,0.0,419.07,0.0,0.0,0.0,5.737,0,12.0,0.8250000000000001,309.825,-3.4311000000000003,36.78,35.57597732543945,4.98,0.0,0
46592,348.222,13.389000000000001,-0.5,0.0,418.586,0.0,0.0,0.0,5.737,0,12.0,0.865,309.825,-4.6188,36.18,35.57597732543945,4.98,0.0,0
46592,347.88100000000003,13.389000000000001,-1.0,0.0,418.586,0.0,0.0,0.0,5.737,0,12.0,0.91,309.825,-4.0579,36.18,35.57597732543945,4.98,0.0,0
46592,348.052,13.379000000000001,-1.0,0.0,418.949,0.0,0.0,0.0,5.737,0,12.0,0.9550000000000001,309.825,-0.2639,35.52,35.57597732543945,4.98,0.0,0
46592,347.711,13.369,-0.5,0.0,419.009,0.0,0.0,0.0,5.737,0,12.0,0.9,309.915,2.7548,34.800000000000004,35.57597732543945,4.98,0.0,0
46592,348.222,13.359,-1.0,0.0,419.252,0.0,0.0,0.0,5.737,0,13.0,0.91,309.915,-0.2144,34.44,35.57597732543945,4.98,0.0,0
46592,348.052,13.359,-0.5,0.0,419.19100000000003,0.0,0.0,0.0,5.737,0,13.0,0.895,309.825,1.1217000000000001,34.59,35.57597732543945,4.98,0.0,0
46592,348.222,13.350000000000001,-1.0,0.0,419.009,0.0,0.0,0.0,5.737,0,13.0,0.905,309.915,2.9692000000000003,35.61,35.57597732543945,4.98,0.0,0
46592,348.222,13.34,-1.0,0.0,418.88800000000003,0.0,0.0,0.0,5.737,0,13.0,0.905,309.825,-2.2269,37.53,35.57597732543945,4.98,0.0,0
46592,348.222,13.33,-0.5,0.0,419.009,0.0,0.0,0.0,5.737,0,13.0,0.93,309.825,0.132,38.19,35.57597732543945,4.98,0.0,0
46592,348.052,13.33,-0.5,0.0,419.13100000000003,0.0,0.0,0.0,5.737,0,13.0,0.905,309.915,0.9238000000000001,37.980000000000004,35.57597732543945,4.98,0.0,0
46592,348.222,13.32,-0.5,0.0,418.949,0.0,0.0,0.0,5.737,0,12.0,0.87,309.915,1.8310000000000002,37.050000000000004,35.57597732543945,4.98,0.0,0
46592,348.222,13.311,-1.0,0.0,418.949,0.0,0.0,0.0,5.737,0,12.0,0.9,309.915,1.7155,36.21,35.57597732543945,4.98,0.0,0
46592,348.052,13.301,-1.0,0.0,418.82800000000003,0.0,0.0,0.0,5.737,0,12.0,0.9,310.005,-1.2042000000000002,35.58,35.57597732543945,4.98,0.0,0
46592,347.711,13.301,-0.5,0.0,418.949,0.0,0.0,0.0,5.737,0,12.0,0.86,309.915,-0.9238000000000001,36.0,35.57597732543945,4.98,0.0,0
46592,348.222,13.291,-0.5,0.0,418.82800000000003,0.0,0.0,0.0,5.737,0,12.0,0.885,309.915,0.39590000000000003,36.18,35.57597732543945,4.98,0.0,0
46592,348.052,13.281,-0.5,0.0,418.767,0.0,0.0,0.0,5.737,0,13.0,0.92,309.915,-0.0165,35.1,35.57597732543945,4.98,0.0,0
46592,347.88100000000003,13.271,-1.0,0.0,418.88800000000003,0.0,0.0,0.0,5.737,0,13.0,0.915,309.915,-1.7155,34.47,35.57597732543945,4.98,0.0,0
46592,348.222,13.271,-1.0,0.0,419.009,0.0,0.0,0.0,5.737,0,12.0,0.885,309.915,-0.39590000000000003,33.660000000000004,35.57597732543945,4.98,0.0,0
46592,348.222,13.262,-0.5,0.0,419.009,0.0,0.0,0.0,5.737,0,13.0,0.905,309.915,0.9238000000000001,34.08,35.57597732543945,4.98,0.0,0
46592,348.052,13.252,-0.5,0.0,419.07,0.0,0.0,0.0,5.737,0,12.0,0.91,309.825,-0.9238000000000001,35.43,35.57597732543945,4.98,0.0,0
46592,348.052,13.252,-0.5,0.0,419.009,0.0,0.0,0.0,5.737,0,12.0,0.9400000000000001,309.915,-6.1364,36.93,35.57597732543945,4.98,0.0,0
46592,348.222,13.242,-0.5,0.0,419.19100000000003,0.0,0.0,0.0,5.737,0,12.0,0.855,309.825,-1.6331,38.28,35.57597732543945,4.98,0.0,0
46592,348.222,13.232000000000001,0.0,0.0,419.19100000000003,0.0,0.0,0.0,5.737,0,12.0,0.875,309.825,4.024900000000001,38.04,35.57597732543945,4.98,0.0,0
46592,348.052,13.232000000000001,-1.0,0.0,419.19100000000003,0.0,0.0,0.0,5.737,0,12.0,0.88,309.825,3.6950000000000003,38.04,35.57597732543945,4.98,0.0,0
46592,348.222,13.223,-1.0,0.0,419.13100000000003,0.0,0.0,0.0,5.737,0,12.0,0.91,310.005,0.5279,36.75,35.57597732543945,4.98,0.0,0
46592,348.39300000000003,13.223,-1.0,0.0,419.252,0.0,0.0,0.0,5.737,0,11.0,0.92,309.915,2.5733,35.22,35.57597732543945,4.98,0.0,0
46592,348.222,13.213000000000001,-0.5,0.0,419.009,0.0,0.0,0.0,5.737,0,13.0,0.915,309.915,2.9032,35.01,35.57597732543945,4.98,0.0,0
46592,348.222,13.203000000000001,-0.5,0.0,419.373,0.0,0.0,0.0,5.737,0,13.0,0.92,309.915,-3.1012,34.74,35.57597732543945,4.98,0.0,0
46592,348.39300000000003,13.203000000000001,-0.5,0.0,419.433,0.0,0.0,0.0,5.737,0,12.0,0.875,310.005,0.5279,34.35,35.57597732543945,4.98,0.0,0
46592,348.222,13.193000000000001,-0.5,0.0,418.949,0.0,0.0,0.0,5.737,0,13.0,0.91,309.915,2.1114,34.71,35.57597732543945,4.98,0.0,0
46592,348.39300000000003,13.184000000000001,-0.5,0.0,418.949,0.0,0.0,0.0,5.737,0,13.0,0.905,309.915,0.7918000000000001,35.13,35.57597732543945,4.98,0.0,0
46592,348.39300000000003,13.184000000000001,0.0,0.0,419.13100000000003,0.0,0.0,0.0,5.737,0,13.0,0.855,309.915,-0.46190000000000003,34.980000000000004,35.57597732543945,4.98,0.0,0
46592,348.222,13.174000000000001,-0.5,0.0,419.252,0.0,0.0,0.0,5.737,0,13.0,0.915,310.005,2.1114,35.160000000000004,35.57597732543945,4.98,0.0,0
46592,348.39300000000003,13.164000000000001,-0.5,0.0,419.19100000000003,0.0,0.0,0.0,5.737,0,12.0,0.875,309.915,-0.5279,35.64,35.57597732543945,4.98,0.0,0
46592,348.222,13.154,0.0,0.0,419.373,0.0,0.0,0.0,5.737,0,12.0,0.895,309.915,-0.7918000000000001,36.18,35.57597732543945,4.98,0.0,0
46592,348.052,13.154,-1.0,0.0,419.19100000000003,0.0,0.0,0.0,5.737,0,13.0,0.895,309.915,1.6496000000000002,36.63,35.57597732543945,4.98,0.0,0
46592,348.052,13.145000000000001,-1.0,0.0,419.252,0.0,0.0,0.0,5.737,0,12.0,0.9,309.915,-1.3196,36.72,35.57597732543945,4.98,0.0,0
46592,348.222,13.135,-0.5,0.0,419.312,0.0,0.0,0.0,5.737,0,14.0,0.91,309.825,-0.9897,36.78,35.57597732543945,4.98,0.0,0
46592,348.39300000000003,13.135,-0.5,0.0,419.373,0.0,0.0,0.0,5.737,0,13.0,0.89,309.825,-1.3196,36.57,35.57597732543945,4.98,0.0,0
46592,348.39300000000003,13.135,-0.5,0.0,419.373,0.0,0.0,0.0,5.737,0,13.0,0.915,309.69,-2.2022,36.57,35.57597732543945,4.98,0.0,0
46592,348.222,13.125,-1.0,0.0,418.949,0.0,0.0,0.0,5.737,0,14.0,0.92,309.915,-2.0455,36.42,35.57597732543945,4.98,0.0,0
46592,348.222,13.115,-0.5,0.0,419.19100000000003,0.0,0.0,0.0,5.737,0,13.0,0.895,309.915,2.1609000000000003,34.95,35.57597732543945,4.98,0.0,0
46592,348.39300000000003,13.115,-0.5,0.0,419.13100000000003,0.0,0.0,0.0,5.737,0,13.0,0.865,309.825,3.4971,34.05,35.57597732543945,4.98,0.0,0
46592,348.222,13.105,-0.5,0.0,419.009,0.0,0.0,0.0,5.737,0,11.0,0.875,309.915,0.7918000000000001,34.410000000000004,35.57597732543945,4.98,0.0,0
46592,348.39300000000003,13.096,-1.0,0.0,418.949,0.0,0.0,0.0,5.737,0,12.0,0.89,309.915,-0.7918000000000001,34.83,35.57597732543945,4.98,0.0,0
46592,348.39300000000003,13.096,-0.5,0.0,419.07,0.0,0.0,0.0,5.737,0,12.0,0.905,309.915,1.3032000000000001,35.46,35.57597732543945,4.98,0.0,0
46592,348.564,13.086,-0.5,0.0,419.19100000000003,0.0,0.0,0.0,5.737,0,13.0,0.885,309.915,1.1877,35.76,35.57597732543945,4.98,0.0,0
46592,348.39300000000003,13.076,-0.5,0.0,419.13100000000003,0.0,0.0,0.0,5.737,0,13.0,0.91,309.915,0.0,36.15,35.57597732543945,4.98,0.0,0
46592,348.39300000000003,13.076,-0.5,0.0,418.949,0.0,0.0,0.0,5.737,0,13.0,0.895,309.915,0.0,36.09,35.57597732543945,4.98,0.0,0
46592,348.222,13.066,-0.5,0.0,418.82800000000003,0.0,0.0,0.0,5.737,0,12.0,0.92,309.915,0.0,35.79,35.57597732543945,4.98,0.0,0
46592,348.222,13.057,-1.0,0.0,419.009,0.0,0.0,0.0,5.737,0,13.0,0.91,309.915,0.0,35.13,35.57597732543945,4.98,0.0,0
46592,348.052,13.057,-0.5,0.0,419.373,0.0,0.0,0.0,5.737,0,13.0,0.865,309.825,-1.699,35.49,35.57597732543945,4.98,0.0,0
46592,348.39300000000003,13.047,-0.5,0.0,419.373,0.0,0.0,0.0,5.737,0,14.0,0.89,309.825,-2.2269,36.63,35.57597732543945,4.98,0.0,0
46592,348.39300000000003,13.037,0.0,0.0,419.009,0.0,0.0,0.0,5.737,0,13.0,0.885,309.915,-0.5279,36.42,35.57597732543945,4.98,0.0,0
46592,348.39300000000003,13.037,-0.5,0.0,418.82800000000003,0.0,0.0,0.0,5.737,0,14.0,0.865,309.825,0.5444,35.46,35.57597732543945,4.98,0.0,0
46592,348.39300000000003,13.027000000000001,-0.5,0.0,418.88800000000003,0.0,0.0,0.0,5.737,0,13.0,0.875,309.915,-0.0165,34.38,35.57597732543945,4.98,0.0,0
46592,348.39300000000003,13.018,-1.0,0.0,418.949,0.0,0.0,0.0,5.737,0,13.0,0.91,309.915,2.2269,33.78,35.57597732543945,4.98,0.0,0
46592,348.39300000000003,13.018,-1.0,0.0,418.82800000000003,0.0,0.0,0.0,5.737,0,12.0,0.895,309.915,2.4908,34.08,35.57597732543945,4.98,0.0,0
46592,348.39300000000003,13.018,-0.5,0.0,418.82800000000003,0.0,0.0,0.0,5.737,0,13.0,0.92,309.915,2.0455,34.05,35.57597732543945,4.98,0.0,0
46592,348.39300000000003,13.008000000000001,0.0,0.0,418.88800000000003,0.0,0.0,0.0,5.737,0,12.0,0.905,309.825,-3.1672000000000002,34.14,35.57597732543945,4.98,0.0,0
46592,348.222,12.998000000000001,-0.5,0.0,418.767,0.0,0.0,0.0,5.737,0,13.0,0.905,309.915,-1.5836000000000001,34.86,35.57597732543945,4.98,0.0,0
46592,348.39300000000003,12.998000000000001,-0.5,0.0,418.88800000000003,0.0,0.0,0.0,5.737,0,12.0,0.885,309.915,-0.2639,35.76,35.57597732543945,4.98,0.0,0
46592,348.222,12.988000000000001,-0.5,0.0,418.646,0.0,0.0,0.0,5.737,0,13.0,0.915,309.915,0.9897,35.910000000000004,35.57597732543945,4.98,0.0,0
46592,348.39300000000003,12.979000000000001,-0.5,0.0,418.646,0.0,0.0,0.0,5.737,0,12.0,0.91,309.825,-0.7918000000000001,36.0,35.57597732543945,4.98,0.0,0
46592,348.564,12.979000000000001,-1.0,0.0,418.646,0.0,0.0,0.0,5.737,0,13.0,0.935,309.915,0.5279,35.61,35.57597732543945,4.98,0.0,0
46592,348.39300000000003,12.969000000000001,-0.5,0.0,418.52500000000003,0.0,0.0,0.0,5.737,0,13.0,0.895,309.915,-0.5279,35.730000000000004,35.57597732543945,4.98,0.0,0
46592,348.39300000000003,12.959000000000001,-1.0,0.0,418.404,0.0,0.0,0.0,5.737,0,13.0,0.865,309.915,2.0455,35.730000000000004,35.57597732543945,4.98,0.0,0
46592,348.222,12.959000000000001,-0.5,0.0,418.767,0.0,0.0,0.0,5.737,0,14.0,0.9,309.915,-2.2434000000000003,35.04,35.57597732543945,4.98,0.0,0
46592,348.222,12.949,-1.0,0.0,419.13100000000003,0.0,0.0,0.0,5.737,0,13.0,0.875,309.825,-2.5733,34.02,35.57597732543945,4.98,0.0,0
46592,348.222,12.949,-0.5,0.0,418.949,0.0,0.0,0.0,5.737,0,13.0,0.855,309.915,2.5073000000000003,33.78,35.57597732543945,4.98,0.0,0
46592,348.39300000000003,12.939,-0.5,0.0,419.009,0.0,0.0,0.0,5.737,0,13.0,0.88,309.825,-1.5176,33.54,35.57597732543945,4.98,0.0,0
46592,348.39300000000003,12.930000000000001,-1.0,0.0,418.767,0.0,0.0,0.0,5.737,0,13.0,0.89,309.915,1.3196,32.97,35.57597732543945,4.98,0.0,0
46592,348.39300000000003,12.930000000000001,-1.0,0.0,418.949,0.0,0.0,0.0,5.737,0,14.0,0.9,309.825,2.7053000000000003,33.51,35.57597732543945,4.98,0.0,0
46592,348.39300000000003,12.92,-0.5,0.0,418.949,0.0,0.0,0.0,5.737,0,12.0,0.93,309.915,1.3196,34.800000000000004,35.57597732543945,4.98,0.0,0
46592,348.222,12.91,-1.0,0.0,418.46500000000003,0.0,0.0,0.0,5.737,0,13.0,0.92,309.915,-1.5836000000000001,35.76,35.57597732543945,4.98,0.0,0
46592,348.39300000000003,12.91,-0.5,0.0,418.949,0.0,0.0,0.0,5.737,0,12.0,0.91,309.915,2.1114,36.6,35.57597732543945,4.98,0.0,0
46592,348.39300000000003,12.9,-0.5,0.0,419.009,0.0,0.0,0.0,5.737,0,13.0,0.925,309.915,0.5279,36.15,35.57597732543945,4.98,0.0,0
46592,348.39300000000003,12.9,-1.0,0.0,418.82800000000003,0.0,0.0,0.0,5.737,0,13.0,0.9450000000000001,309.915,-1.0557,35.07,35.57597732543945,4.98,0.0,0
46592,348.564,12.891,-1.0,0.0,418.949,0.0,0.0,0.0,5.737,0,13.0,0.91,309.915,2.1114,34.800000000000004,35.57597732543945,4.98,0.0,0
46592,348.39300000000003,12.881,-0.5,0.0,418.88800000000003,0.0,0.0,0.0,5.737,0,13.0,0.885,309.825,-1.3196,35.04,35.57597732543945,4.98,0.0,0
46592,348.564,12.881,-0.5,0.0,419.07,0.0,0.0,0.0,5.737,0,12.0,0.93,309.825,-2.0455,36.33,35.57597732543945,4.98,0.0,0
46592,348.564,12.871,-0.5,0.0,418.949,0.0,0.0,0.0,5.737,0,13.0,0.91,309.825,-0.2639,36.660000000000004,35.57597732543945,4.98,0.0,0
46592,348.564,12.861,0.0,0.0,418.88800000000003,0.0,0.0,0.0,5.737,0,12.0,0.88,309.915,2.5733,36.12,35.57597732543945,4.98,0.0,0
46592,348.39300000000003,12.861,-0.5,0.0,418.82800000000003,0.0,0.0,0.0,5.737,0,13.0,0.89,309.915,2.6393,35.28,35.57597732543945,4.98,0.0,0
46592,348.39300000000003,12.852,-0.5,0.0,418.586,0.0,0.0,0.0,5.737,0,14.0,0.88,309.825,-1.0557,33.84,35.57597732543945,4.98,0.0,0
46592,348.39300000000003,12.852,-1.0,0.0,418.586,0.0,0.0,0.0,5.737,0,13.0,0.89,309.825,-3.6950000000000003,33.51,35.57597732543945,4.98,0.0,0
46592,348.39300000000003,12.842,-1.0,0.0,419.07,0.0,0.0,0.0,5.737,0,14.0,0.855,309.915,0.0,34.71,35.57597732543945,4.98,0.0,0
46592,348.39300000000003,12.832,-0.5,0.0,419.13100000000003,0.0,0.0,0.0,5.737,0,13.0,0.89,309.825,1.8475000000000001,35.58,35.57597732543945,4.98,0.0,0
46592,348.39300000000003,12.832,-0.5,0.0,418.82800000000003,0.0,0.0,0.0,5.737,0,12.0,0.88,309.915,0.9897,36.42,35.57597732543945,4.98,0.0,0
46592,348.564,12.822000000000001,-0.5,0.0,418.707,0.0,0.0,0.0,5.737,0,13.0,0.875,309.915,1.5836000000000001,37.02,35.57597732543945,4.98,0.0,0
46592,348.39300000000003,12.822000000000001,-0.5,0.0,418.88800000000003,0.0,0.0,0.0,5.737,0,12.0,0.88,309.915,-1.1217000000000001,36.72,35.57597732543945,4.98,0.0,0
46592,348.564,12.813,-0.5,0.0,418.767,0.0,0.0,0.0,5.737,0,12.0,0.9,309.915,-0.2639,35.31,35.57597732543945,4.98,0.0,0
46592,348.564,12.813,-1.0,0.0,418.767,0.0,0.0,0.0,5.737,0,13.0,0.87,309.915,-0.39590000000000003,35.25,35.57597732543945,4.98,0.0,0
46592,348.39300000000003,12.803,-0.5,0.0,418.767,0.0,0.0,0.0,5.737,0,13.0,0.865,309.915,-0.39590000000000003,35.25,35.57597732543945,4.98,0.0,0
46592,348.734,12.803,-0.5,0.0,418.52500000000003,0.0,0.0,0.0,5.737,0,12.0,0.92,309.825,-2.0949,35.01,35.57597732543945,4.98,0.0,0
46592,348.39300000000003,12.793000000000001,-0.5,0.0,418.404,0.0,0.0,0.0,5.737,0,13.0,0.91,309.825,-1.1712,36.42,35.57597732543945,4.98,0.0,0
46592,348.39300000000003,12.783000000000001,-1.0,0.0,418.586,0.0,0.0,0.0,5.737,0,12.0,0.93,309.915,-1.9795,36.33,35.57597732543945,4.98,0.0,0
46592,348.39300000000003,12.783000000000001,0.0,0.0,418.46500000000003,0.0,0.0,0.0,5.737,0,11.0,0.88,309.825,0.5444,35.34,35.57597732543945,4.98,0.0,0
46592,348.39300000000003,12.773000000000001,-0.5,0.0,418.88800000000003,0.0,0.0,0.0,5.737,0,13.0,0.935,309.915,0.5114000000000001,34.86,35.57597732543945,4.98,0.0,0
46592,348.39300000000003,12.773000000000001,-0.5,0.0,418.767,0.0,0.0,0.0,5.737,0,13.0,0.9,309.915,-0.14850000000000002,34.56,35.57597732543945,4.98,0.0,0
46592,348.564,12.764000000000001,-0.5,0.0,418.707,0.0,0.0,0.0,5.737,0,13.0,0.93,309.825,1.0557,35.01,35.57597732543945,4.98,0.0,0
46592,348.734,12.764000000000001,-0.5,0.0,418.646,0.0,0.0,0.0,5.737,0,13.0,0.91,309.825,-2.4908,35.82,35.57597732543945,4.98,0.0,0
46592,348.564,12.754000000000001,-0.5,0.0,418.88800000000003,0.0,0.0,0.0,5.737,0,13.0,0.885,309.915,-1.8475000000000001,36.57,35.57597732543945,4.98,0.0,0
46592,348.39300000000003,12.744,-0.5,0.0,418.586,0.0,0.0,0.0,5.737,0,14.0,0.875,309.915,1.8475000000000001,36.6,35.57597732543945,4.98,0.0,0
46592,348.564,12.744,-0.5,0.0,418.404,0.0,0.0,0.0,5.737,0,14.0,0.89,309.915,3.6785,35.88,35.57597732543945,4.98,0.0,0
46592,348.564,12.734,-1.0,0.0,418.46500000000003,0.0,0.0,0.0,5.737,0,13.0,0.89,309.825,0.2639,35.1,35.57597732543945,4.98,0.0,0
46592,348.39300000000003,12.734,-1.0,0.0,418.52500000000003,0.0,0.0,0.0,5.737,0,12.0,0.88,309.825,-1.1712,35.31,35.57597732543945,4.98,0.0,0
46592,348.564,12.725000000000001,-0.5,0.0,418.52500000000003,0.0,0.0,0.0,5.737,0,13.0,0.91,309.825,-1.699,35.25,35.57597732543945,4.98,0.0,0
46592,348.39300000000003,12.715,-1.0,0.0,418.707,0.0,0.0,0.0,5.737,0,13.0,0.93,309.915,-1.798,35.910000000000004,35.57597732543945,4.98,0.0,0
46592,348.39300000000003,12.715,-0.5,0.0,418.707,0.0,0.0,0.0,5.737,0,14.0,0.885,309.825,1.2702,36.480000000000004,35.57597732543945,4.98,0.0,0
46592,348.564,12.705,0.0,0.0,418.646,0.0,0.0,0.0,5.737,0,13.0,0.895,309.915,3.2166,35.88,35.57597732543945,4.98,0.0,0
46592,348.564,12.705,-0.5,0.0,418.646,0.0,0.0,0.0,5.737,0,14.0,0.885,309.915,3.3651,35.85,35.57597732543945,4.98,0.0,0
46592,348.39300000000003,12.705,-0.5,0.0,418.707,0.0,0.0,0.0,5.737,0,13.0,0.895,309.915,-0.2639,35.25,35.57597732543945,4.98,0.0,0
46592,348.39300000000003,12.695,0.0,0.0,418.949,0.0,0.0,0.0,5.737,0,13.0,0.895,309.915,1.5176,34.59,35.57597732543945,4.98,0.0,0
46592,348.564,12.686,-0.5,0.0,419.009,0.0,0.0,0.0,5.737,0,13.0,0.895,309.915,1.5836000000000001,34.5,35.57597732543945,4.98,0.0,0
46592,348.39300000000003,12.686,-0.5,0.0,419.13100000000003,0.0,0.0,0.0,5.737,0,13.0,0.91,309.915,-1.0557,35.7,35.57597732543945,4.98,0.0,0
46592,348.734,12.676,-1.0,0.0,418.767,0.0,0.0,0.0,5.737,0,13.0,0.895,309.915,0.0,37.14,35.57597732543945,4.98,0.0,0
46592,348.39300000000003,12.676,-0.5,0.0,418.283,0.0,0.0,0.0,5.737,0,13.0,0.865,309.825,1.6496000000000002,37.29,35.57597732543945,4.98,0.0,0
46592,348.564,12.666,-0.5,0.0,418.707,0.0,0.0,0.0,5.737,0,13.0,0.875,309.915,-0.7918000000000001,37.08,35.57597732543945,4.98,0.0,0
46592,348.39300000000003,12.666,-0.5,0.0,418.949,0.0,0.0,0.0,5.737,0,13.0,0.88,309.915,-2.1114,36.72,35.57597732543945,4.98,0.0,0
46592,348.734,12.656,-0.5,0.0,418.949,0.0,0.0,0.0,5.737,0,14.0,0.905,309.915,1.8475000000000001,36.21,35.57597732543945,4.98,0.0,0
46592,348.734,12.646,-0.5,0.0,419.13100000000003,0.0,0.0,0.0,5.737,0,13.0,0.925,310.005,4.1569,36.06,35.57597732543945,4.98,0.0,0
46592,348.734,12.646,-1.0,0.0,418.949,0.0,0.0,0.0,5.737,0,13.0,0.93,309.915,1.3196,35.52,35.57597732543945,4.98,0.0,0
46592,348.39300000000003,12.637,-0.5,0.0,418.949,0.0,0.0,0.0,5.737,0,13.0,0.925,309.915,0.5279,35.19,35.57597732543945,4.98,0.0,0
46592,348.39300000000003,12.637,-0.5,0.0,418.82800000000003,0.0,0.0,0.0,5.737,0,13.0,0.9400000000000001,309.825,-3.1672000000000002,35.19,35.57597732543945,4.98,0.0,0
46592,348.39300000000003,12.627,-0.5,0.0,418.767,0.0,0.0,0.0,5.737,0,13.0,0.9,309.825,-2.5733,34.68,35.57597732543945,4.98,0.0,0
46592,348.39300000000003,12.627,-1.0,0.0,418.767,0.0,0.0,0.0,5.737,0,12.0,0.89,309.825,-2.1114,34.68,35.57597732543945,4.98,0.0,0
46592,348.39300000000003,12.617,-0.5,0.0,419.009,0.0,0.0,0.0,5.737,0,13.0,0.86,309.825,-0.5279,35.76,35.57597732543945,4.98,0.0,0
46592,348.39300000000003,12.607000000000001,-1.0,0.0,418.88800000000003,0.0,0.0,0.0,5.737,0,14.0,0.91,310.005,3.4311000000000003,36.27,35.57597732543945,4.98,0.0,0
46592,348.734,12.607000000000001,-0.5,0.0,418.949,0.0,0.0,0.0,5.737,0,12.0,0.92,309.825,0.5279,37.44,35.57597732543945,4.98,0.0,0
46592,348.734,12.598,-1.0,0.0,419.07,0.0,0.0,0.0,5.737,0,13.0,0.905,309.915,0.0,37.74,35.57597732543945,4.98,0.0,0
46592,348.564,12.598,-0.5,0.0,419.009,0.0,0.0,0.0,5.737,0,13.0,0.925,309.825,-0.39590000000000003,38.34,35.57597732543945,4.98,0.0,0
46592,348.564,12.588000000000001,0.0,0.0,419.312,0.0,0.0,0.0,5.737,0,13.0,0.89,309.825,-0.7918000000000001,37.62,35.57597732543945,4.98,0.0,0
46592,348.39300000000003,12.588000000000001,-1.0,0.0,419.433,0.0,0.0,0.0,5.737,0,13.0,0.875,309.915,1.0557,37.26,35.57597732543945,4.98,0.0,0
46592,348.39300000000003,12.578000000000001,-0.5,0.0,419.07,0.0,0.0,0.0,5.737,0,14.0,0.895,309.915,2.3754,35.31,35.57597732543945,4.98,0.0,0
46592,348.90500000000003,12.578000000000001,0.0,0.0,419.252,0.0,0.0,0.0,5.737,0,14.0,0.88,309.825,-3.1672000000000002,34.44,35.57597732543945,4.98,0.0,0
46592,348.734,12.568000000000001,-0.5,0.0,418.82800000000003,0.0,0.0,0.0,5.737,0,13.0,0.87,309.825,-4.2229,34.56,35.57597732543945,4.98,0.0,0
46592,348.734,12.559000000000001,-0.5,0.0,418.82800000000003,0.0,0.0,0.0,5.737,0,13.0,0.89,309.915,1.0557,35.67,35.57597732543945,4.98,0.0,0
46592,348.564,12.559000000000001,-0.5,0.0,419.13100000000003,0.0,0.0,0.0,5.737,0,12.0,0.9,309.915,3.9589000000000003,36.33,35.57597732543945,4.98,0.0,0
46592,348.564,12.559000000000001,0.0,0.0,419.13100000000003,0.0,0.0,0.0,5.737,0,13.0,0.87,309.915,3.8105,36.33,35.57597732543945,4.98,0.0,0
46592,348.564,12.549000000000001,0.0,0.0,419.252,0.0,0.0,0.0,5.737,0,13.0,0.88,309.825,-0.9238000000000001,36.96,35.57597732543945,4.98,0.0,0
46592,348.564,12.549000000000001,0.0,0.0,419.13100000000003,0.0,0.0,0.0,5.737,0,14.0,0.885,309.915,1.0557,36.84,35.57597732543945,4.98,0.0,0
46592,348.734,12.539000000000001,-0.5,0.0,419.13100000000003,0.0,0.0,0.0,5.737,0,13.0,0.905,309.915,-0.39590000000000003,36.78,35.57597732543945,4.98,0.0,0
46592,348.564,12.539000000000001,0.0,0.0,419.07,0.0,0.0,0.0,5.737,0,13.0,0.865,309.915,-2.5238,36.18,35.57597732543945,4.98,0.0,0
46592,348.564,12.529,-0.5,0.0,418.949,0.0,0.0,0.0,5.737,0,14.0,0.845,309.915,0.41240000000000004,36.39,35.57597732543945,4.98,0.0,0
46592,348.39300000000003,12.529,-0.5,0.0,419.252,0.0,0.0,0.0,5.737,0,13.0,0.89,309.915,-0.5279,36.96,35.57597732543945,4.98,0.0,0
46592,348.39300000000003,12.520000000000001,-0.5,0.0,418.949,0.0,0.0,0.0,5.737,0,13.0,0.9,309.915,-1.2042000000000002,37.62,35.57597732543945,4.98,0.0,0
46592,348.564,12.51,-0.5,0.0,418.767,0.0,0.0,0.0,5.737,0,13.0,0.875,310.005,2.7548,37.08,35.57597732543945,4.98,0.0,0
46592,348.564,12.51,-0.5,0.0,419.07,0.0,0.0,0.0,5.737,0,14.0,0.905,309.915,1.1712,36.15,35.57597732543945,4.98,0.0,0
46592,348.564,12.5,-0.5,0.0,419.07,0.0,0.0,0.0,5.737,0,13.0,0.895,310.005,-1.2042000000000002,35.52,35.57597732543945,4.98,0.0,0
46592,348.734,12.5,-0.5,0.0,418.82800000000003,0.0,0.0,0.0,5.737,0,14.0,0.87,309.825,-2.3589,34.38,35.57597732543945,4.98,0.0,0
46592,348.564,12.49,-0.5,0.0,418.949,0.0,0.0,0.0,5.737,0,13.0,0.875,309.915,0.2639,33.69,35.57597732543945,4.98,0.0,0
46592,348.39300000000003,12.49,-1.0,0.0,418.707,0.0,0.0,0.0,5.737,0,14.0,0.88,309.915,0.132,35.13,35.57597732543945,4.98,0.0,0
46592,348.734,12.48,0.0,0.0,419.07,0.0,0.0,0.0,5.737,0,13.0,0.915,309.915,3.1507,36.15,35.57597732543945,4.98,0.0,0
46592,348.734,12.48,-1.0,0.0,418.646,0.0,0.0,0.0,5.737,0,14.0,0.885,310.005,3.2826,37.68,35.57597732543945,4.98,0.0,0
46592,348.90500000000003,12.471,-1.0,0.0,419.009,0.0,0.0,0.0,5.737,0,13.0,0.865,309.915,1.5836000000000001,37.74,35.57597732543945,4.98,0.0,0
46592,348.734,12.471,-0.5,0.0,418.949,0.0,0.0,0.0,5.737,0,13.0,0.85,309.825,-1.9465000000000001,37.2,35.57597732543945,4.98,0.0,0
46592,348.39300000000003,12.461,-1.0,0.0,418.767,0.0,0.0,0.0,5.737,0,13.0,0.925,309.915,-2.8867000000000003,36.51,35.57597732543945,4.98,0.0,0
46592,348.564,12.461,-0.5,0.0,419.19100000000003,0.0,0.0,0.0,5.737,0,13.0,0.9,309.825,-3.926,36.39,35.57597732543945,4.98,0.0,0
46592,348.564,12.451,-0.5,0.0,419.13100000000003,0.0,0.0,0.0,5.737,0,14.0,0.895,309.915,-2.2599,35.7,35.57597732543945,4.98,0.0,0
46592,348.39300000000003,12.441,-0.5,0.0,418.586,0.0,0.0,0.0,5.737,0,14.0,0.91,309.915,1.5836000000000001,36.42,35.57597732543945,4.98,0.0,0
46592,348.734,12.441,-0.5,0.0,418.586,0.0,0.0,0.0,5.737,0,13.0,0.885,309.915,2.0949,35.94,35.57597732543945,4.98,0.0,0
46592,348.564,12.432,-0.5,0.0,418.767,0.0,0.0,0.0,5.737,0,13.0,0.895,309.915,0.1155,35.85,35.57597732543945,4.98,0.0,0
46592,348.90500000000003,12.432,-0.5,0.0,418.88800000000003,0.0,0.0,0.0,5.737,0,12.0,0.885,309.825,-1.3032000000000001,35.1,35.57597732543945,4.98,0.0,0
46592,348.564,12.432,-0.5,0.0,418.88800000000003,0.0,0.0,0.0,5.737,0,13.0,0.895,309.825,-1.5176,35.04,35.57597732543945,4.98,0.0,0
46592,349.075,12.422,-0.5,0.0,418.46500000000003,0.0,0.0,0.0,5.737,0,13.0,0.89,309.915,-2.3754,34.32,35.57597732543945,4.98,0.0,0
46592,348.564,12.422,0.0,0.0,418.586,0.0,0.0,0.0,5.737,0,13.0,0.905,309.915,0.0,35.76,35.57597732543945,4.98,0.0,0
46592,348.734,12.412,-1.5,0.0,418.586,0.0,0.0,0.0,5.737,0,13.0,0.905,309.915,1.5836000000000001,36.96,35.57597732543945,4.98,0.0,0
46592,348.39300000000003,12.412,-0.5,0.0,418.646,0.0,0.0,0.0,5.737,0,14.0,0.92,309.825,-2.5733,37.62,35.57597732543945,4.98,0.0,0
46592,348.734,12.402000000000001,-0.5,0.0,418.404,0.0,0.0,0.0,5.737,0,14.0,0.89,310.005,3.6950000000000003,38.31,35.57597732543945,4.98,0.0,0
46592,348.564,12.402000000000001,0.0,0.0,418.283,0.0,0.0,0.0,5.737,0,13.0,0.895,309.915,2.6393,38.01,35.57597732543945,4.98,0.0,0
46592,348.39300000000003,12.393,-0.5,0.0,418.767,0.0,0.0,0.0,5.737,0,14.0,0.875,309.915,-3.2991,36.75,35.57597732543945,4.98,0.0,0
46592,348.734,12.393,-0.5,0.0,418.767,0.0,0.0,0.0,5.737,0,13.0,0.885,309.915,-0.9897,35.76,35.57597732543945,4.98,0.0,0
46592,348.734,12.383000000000001,-0.5,0.0,418.646,0.0,0.0,0.0,5.737,0,14.0,0.9,309.915,3.0352,35.49,35.57597732543945,4.98,0.0,0
46592,348.734,12.383000000000001,0.0,0.0,418.707,0.0,0.0,0.0,5.737,0,14.0,0.9,309.915,1.0557,35.160000000000004,35.57597732543945,4.98,0.0,0
46592,348.564,12.373000000000001,-0.5,0.0,418.88800000000003,0.0,0.0,0.0,5.737,0,14.0,0.86,309.915,-1.3196,35.94,35.57597732543945,4.98,0.0,0
46592,348.564,12.373000000000001,0.0,0.0,418.88800000000003,0.0,0.0,0.0,5.737,0,14.0,0.91,309.915,0.0,35.97,35.57597732543945,4.98,0.0,0
46592,348.734,12.363000000000001,-1.0,0.0,418.88800000000003,0.0,0.0,0.0,5.737,0,13.0,0.905,309.825,-0.5279,34.800000000000004,35.57597732543945,4.98,0.0,0
46592,348.564,12.363000000000001,0.0,0.0,418.707,0.0,0.0,0.0,5.737,0,15.0,0.87,310.005,0.46190000000000003,34.38,35.57597732543945,4.98,0.0,0
46592,348.734,12.354000000000001,0.0,0.0,418.344,0.0,0.0,0.0,5.737,0,14.0,0.875,309.915,2.9032,34.77,35.57597732543945,4.98,0.0,0
46592,348.734,12.344000000000001,-0.5,0.0,418.10200000000003,0.0,0.0,0.0,5.737,0,14.0,0.885,309.915,0.46190000000000003,36.63,35.57597732543945,4.98,0.0,0
46592,348.734,12.344000000000001,-0.5,0.0,418.404,0.0,0.0,0.0,5.737,0,13.0,0.91,309.915,-3.1672000000000002,37.65,35.57597732543945,4.98,0.0,0
46592,348.564,12.334000000000001,-1.0,0.0,418.163,0.0,0.0,0.0,5.737,0,13.0,0.88,309.915,0.0,37.800000000000004,35.57597732543945,4.98,0.0,0
46592,348.39300000000003,12.334000000000001,0.0,0.0,418.283,0.0,0.0,0.0,5.737,0,13.0,0.9450000000000001,309.915,0.0,37.230000000000004,35.57597732543945,4.98,0.0,0
46592,348.734,12.324,0.0,0.0,418.82800000000003,0.0,0.0,0.0,5.737,0,13.0,0.895,309.915,0.0,36.84,35.57597732543945,4.98,0.0,0
46592,348.39300000000003,12.324,-0.5,0.0,418.404,0.0,0.0,0.0,5.737,0,13.0,0.895,310.005,1.8475000000000001,36.06,35.57597732543945,4.98,0.0,0
46592,348.564,12.314,-0.5,0.0,418.404,0.0,0.0,0.0,5.737,0,13.0,0.88,309.915,-1.0557,35.64,35.57597732543945,4.98,0.0,0
46592,348.734,12.314,0.0,0.0,418.283,0.0,0.0,0.0,5.737,0,13.0,0.93,309.825,-1.5836000000000001,36.18,35.57597732543945,4.98,0.0,0
46592,348.39300000000003,12.305,0.0,0.0,418.404,0.0,0.0,0.0,5.737,0,12.0,0.93,309.915,1.1217000000000001,36.45,35.57597732543945,4.98,0.0,0
46592,348.734,12.305,-1.0,0.0,418.586,0.0,0.0,0.0,5.737,0,13.0,0.92,309.915,-1.5836000000000001,34.86,35.57597732543945,4.98,0.0,0
46592,348.734,12.295,-0.5,0.0,418.46500000000003,0.0,0.0,0.0,5.737,0,13.0,0.87,309.915,-1.6496000000000002,33.63,35.57597732543945,4.98,0.0,0
46592,348.734,12.295,-0.5,0.0,418.52500000000003,0.0,0.0,0.0,5.737,0,13.0,0.875,310.005,2.9032,33.96,35.57597732543945,4.98,0.0,0
46592,348.564,12.285,0.0,0.0,418.404,0.0,0.0,0.0,5.737,0,13.0,0.92,309.825,1.6496000000000002,34.59,35.57597732543945,4.98,0.0,0
46592,348.564,12.285,-0.5,0.0,418.283,0.0,0.0,0.0,5.737,0,14.0,0.87,309.915,-1.8475000000000001,35.49,35.57597732543945,4.98,0.0,0
46592,348.734,12.275,0.0,0.0,418.283,0.0,0.0,0.0,5.737,0,13.0,0.88,309.825,-3.0352,36.33,35.57597732543945,4.98,0.0,0
46592,348.734,12.275,-1.0,0.0,418.283,0.0,0.0,0.0,5.737,0,13.0,0.9500000000000001,309.825,-3.0022,36.42,35.57597732543945,4.98,0.0,0
46592,348.564,12.275,-0.5,0.0,417.921,0.0,0.0,0.0,5.737,0,13.0,0.895,309.915,0.7753,37.17,35.57597732543945,4.98,0.0,0
46592,348.39300000000003,12.266,-0.5,0.0,418.04200000000003,0.0,0.0,0.0,5.737,0,13.0,0.875,310.005,2.0949,37.26,35.57597732543945,4.98,0.0,0
46592,348.90500000000003,12.266,0.0,0.0,418.10200000000003,0.0,0.0,0.0,5.737,0,14.0,0.88,309.915,2.0949,36.69,35.57597732543945,4.98,0.0,0
46592,348.564,12.256,-0.5,0.0,418.404,0.0,0.0,0.0,5.737,0,13.0,0.905,309.915,-0.6598,36.39,35.57597732543945,4.98,0.0,0
46592,348.734,12.256,-0.5,0.0,418.283,0.0,0.0,0.0,5.737,0,13.0,0.915,309.825,-1.4186,35.97,35.57597732543945,4.98,0.0,0
46592,349.246,12.246,-0.5,0.0,418.404,0.0,0.0,0.0,5.737,0,14.0,0.915,309.915,-1.8475000000000001,34.68,35.57597732543945,4.98,0.0,0
46592,348.734,12.246,-0.5,0.0,418.344,0.0,0.0,0.0,5.737,0,13.0,0.895,309.915,0.7918000000000001,35.01,35.57597732543945,4.98,0.0,0
46592,348.734,12.236,0.0,0.0,418.223,0.0,0.0,0.0,5.737,0,13.0,0.915,309.915,3.8435,34.56,35.57597732543945,4.98,0.0,0
46592,348.734,12.236,0.0,0.0,418.283,0.0,0.0,0.0,5.737,0,12.0,0.875,309.825,-3.4806000000000004,34.38,35.57597732543945,4.98,0.0,0
46592,348.734,12.227,-0.5,0.0,418.163,0.0,0.0,0.0,5.737,0,13.0,0.9400000000000001,309.915,-3.2331000000000003,34.83,35.57597732543945,4.98,0.0,0
46592,348.734,12.227,-1.0,0.0,418.283,0.0,0.0,0.0,5.737,0,14.0,0.9,309.915,1.2537,35.22,35.57597732543945,4.98,0.0,0
46592,348.734,12.217,0.0,0.0,418.344,0.0,0.0,0.0,5.737,0,14.0,0.9,309.825,0.1072,35.79,35.57597732543945,4.98,0.0,0
46592,348.39300000000003,12.217,-0.5,0.0,418.04200000000003,0.0,0.0,0.0,5.737,0,14.0,0.905,309.915,-1.9795,36.72,35.57597732543945,4.98,0.0,0
46592,348.90500000000003,12.207,-0.5,0.0,418.10200000000003,0.0,0.0,0.0,5.737,0,13.0,0.9,309.915,0.5279,36.81,35.57597732543945,4.98,0.0,0
46592,348.734,12.207,-0.5,0.0,418.46500000000003,0.0,0.0,0.0,5.737,0,13.0,0.915,309.915,2.7548,36.57,35.57597732543945,4.98,0.0,0
46592,348.734,12.197000000000001,-0.5,0.0,418.46500000000003,0.0,0.0,0.0,5.737,0,13.0,0.92,309.915,2.6393,35.97,35.57597732543945,4.98,0.0,0
46592,348.564,12.197000000000001,-0.5,0.0,418.283,0.0,0.0,0.0,5.737,0,14.0,0.89,309.915,0.132,35.34,35.57597732543945,4.98,0.0,0
46592,348.734,12.188,-0.5,0.0,418.404,0.0,0.0,0.0,5.737,0,15.0,0.895,309.915,-1.1877,34.62,35.57597732543945,4.98,0.0,0
46592,348.734,12.188,-0.5,0.0,418.404,0.0,0.0,0.0,5.737,0,14.0,0.92,309.915,0.0,34.83,35.57597732543945,4.98,0.0,0
46592,348.734,12.178,-0.5,0.0,418.404,0.0,0.0,0.0,5.737,0,14.0,0.9,310.005,1.4351,34.02,35.57597732543945,4.98,0.0,0
46592,349.075,12.178,-0.5,0.0,418.767,0.0,0.0,0.0,5.737,0,13.0,0.9400000000000001,309.825,-1.0392000000000001,34.68,35.57597732543945,4.98,0.0,0
46592,348.90500000000003,12.178,0.0,0.0,418.767,0.0,0.0,0.0,5.737,0,13.0,0.885,309.825,-1.5176,34.74,35.57597732543945,4.98,0.0,0
46592,349.075,12.168000000000001,-0.5,0.0,418.88800000000003,0.0,0.0,0.0,5.737,0,13.0,0.89,309.825,-3.1672000000000002,35.4,35.57597732543945,4.98,0.0,0
46592,349.075,12.168000000000001,-0.5,0.0,418.52500000000003,0.0,0.0,0.0,5.737,0,13.0,0.86,309.915,0.5938,35.7,35.57597732543945,4.98,0.0,0
46592,348.39300000000003,12.158000000000001,-0.5,0.0,418.283,0.0,0.0,0.0,5.737,0,15.0,0.905,309.825,-0.5279,36.12,35.57597732543945,4.98,0.0,0
46592,348.39300000000003,12.158000000000001,-0.5,0.0,418.163,0.0,0.0,0.0,5.737,0,13.0,0.91,309.915,2.0455,36.39,35.57597732543945,4.98,0.0,0
46592,348.90500000000003,12.148000000000001,0.0,0.0,417.921,0.0,0.0,0.0,5.737,0,13.0,0.93,309.825,0.5279,36.12,35.57597732543945,4.98,0.0,0
46592,348.734,12.148000000000001,-0.5,0.0,418.586,0.0,0.0,0.0,5.737,0,12.0,0.89,310.005,-1.1877,37.26,35.57597732543945,4.98,0.0,0
46592,348.734,12.139000000000001,0.0,0.0,418.88800000000003,0.0,0.0,0.0,5.737,0,12.0,0.9,309.825,-0.5279,37.62,35.57597732543945,4.98,0.0,0
46592,348.564,12.139000000000001,-0.5,0.0,418.344,0.0,0.0,0.0,5.737,0,12.0,0.915,309.825,0.0,37.68,35.57597732543945,4.98,0.0,0
46592,348.734,12.129000000000001,-0.5,0.0,418.586,0.0,0.0,0.0,5.737,0,13.0,0.88,310.005,-1.3196,36.81,35.57597732543945,4.98,0.0,0
46592,348.734,12.129000000000001,0.0,0.0,418.52500000000003,0.0,0.0,0.0,5.737,0,14.0,0.87,309.915,0.46190000000000003,36.15,35.57597732543945,4.98,0.0,0
46592,348.734,12.119,-0.5,0.0,418.04200000000003,0.0,0.0,0.0,5.737,0,14.0,0.905,309.825,-1.0557,35.46,35.57597732543945,4.98,0.0,0
46592,348.564,12.119,-0.5,0.0,418.163,0.0,0.0,0.0,5.737,0,15.0,0.915,309.915,-0.46190000000000003,34.800000000000004,35.57597732543945,4.98,0.0,0
46592,348.39300000000003,12.109,-0.5,0.0,418.344,0.0,0.0,0.0,5.737,0,13.0,0.87,309.915,0.7918000000000001,34.44,35.57597732543945,4.98,0.0,0
46592,348.734,12.109,0.0,0.0,418.344,0.0,0.0,0.0,5.737,0,13.0,0.9400000000000001,309.915,0.9897,34.5,35.57597732543945,4.98,0.0,0
46592,349.075,12.100000000000001,-0.5,0.0,418.283,0.0,0.0,0.0,5.737,0,13.0,0.935,309.915,1.3196,35.04,35.57597732543945,4.98,0.0,0
46592,348.734,12.100000000000001,-0.5,0.0,417.981,0.0,0.0,0.0,5.737,0,14.0,0.93,309.915,0.0,36.69,35.57597732543945,4.98,0.0,0
46592,348.90500000000003,12.100000000000001,-0.5,0.0,418.10200000000003,0.0,0.0,0.0,5.737,0,14.0,0.845,309.915,0.0,36.96,35.57597732543945,4.98,0.0,0
46592,348.90500000000003,12.09,-1.0,0.0,418.163,0.0,0.0,0.0,5.737,0,15.0,0.865,309.915,1.5836000000000001,37.08,35.57597732543945,4.98,0.0,0
46592,348.734,12.09,-1.0,0.0,418.163,0.0,0.0,0.0,5.737,0,14.0,0.9500000000000001,309.915,1.4516,37.02,35.57597732543945,4.98,0.0,0
46592,349.075,12.09,-0.5,0.0,418.283,0.0,0.0,0.0,5.737,0,15.0,0.925,309.915,-1.0557,35.94,35.57597732543945,4.98,0.0,0
46592,348.734,12.08,-0.5,0.0,418.344,0.0,0.0,0.0,5.737,0,15.0,0.885,309.825,-3.9424,35.64,35.57597732543945,4.98,0.0,0
46592,348.734,12.08,-0.5,0.0,418.10200000000003,0.0,0.0,0.0,5.737,0,13.0,0.905,309.915,0.6598,36.300000000000004,35.57597732543945,4.98,0.0,0
46592,348.39300000000003,12.07,-0.5,0.0,418.10200000000003,0.0,0.0,0.0,5.737,0,14.0,0.8150000000000001,309.825,0.41240000000000004,36.51,35.57597732543945,4.98,0.0,0
46592,348.564,12.07,0.0,0.0,418.223,0.0,0.0,0.0,5.737,0,14.0,0.835,309.915,0.7753,37.38,35.57597732543945,4.98,0.0,0
46592,348.734,12.061,-0.5,0.0,418.344,0.0,0.0,0.0,5.737,0,13.0,0.885,309.915,0.6598,35.910000000000004,35.57597732543945,4.98,0.0,0
46592,349.075,12.061,-0.5,0.0,418.586,0.0,0.0,0.0,5.737,0,13.0,0.895,309.915,3.1507,34.83,35.57597732543945,4.98,0.0,0
46592,348.90500000000003,12.051,-1.0,0.0,418.404,0.0,0.0,0.0,5.737,0,12.0,0.975,309.915,-1.0557,34.17,35.57597732543945,4.98,0.0,0
46592,348.564,12.051,-0.5,0.0,418.283,0.0,0.0,0.0,5.737,0,13.0,0.845,309.915,-1.5836000000000001,34.92,35.57597732543945,4.98,0.0,0
46592,348.90500000000003,12.041,0.0,0.0,418.10200000000003,0.0,0.0,0.0,5.737,0,13.0,0.93,309.825,-1.2867,35.46,35.57597732543945,4.98,0.0,0
46592,349.075,12.041,0.0,0.0,418.223,0.0,0.0,0.0,5.737,0,12.0,0.9400000000000001,309.825,-1.699,36.75,35.57597732543945,4.98,0.0,0
46592,349.246,12.031,-0.5,0.0,418.404,0.0,0.0,0.0,5.737,0,13.0,0.9400000000000001,309.915,0.2474,37.230000000000004,35.57597732543945,4.98,0.0,0
46592,348.90500000000003,12.031,0.0,0.0,418.586,0.0,0.0,0.0,5.737,0,13.0,0.885,309.915,1.8310000000000002,37.38,35.57597732543945,4.98,0.0,0
46592,348.90500000000003,12.021,-0.5,0.0,418.10200000000003,0.0,0.0,0.0,5.737,0,13.0,0.87,309.915,0.2639,37.050000000000004,35.57597732543945,4.98,0.0,0
46592,348.90500000000003,12.021,-0.5,0.0,418.163,0.0,0.0,0.0,5.737,0,13.0,0.89,309.915,1.5836000000000001,36.33,35.57597732543945,4.98,0.0,0
46592,348.734,12.012,0.0,0.0,418.46500000000003,0.0,0.0,0.0,5.737,0,13.0,0.97,309.825,-1.3032000000000001,36.6,35.57597732543945,4.98,0.0,0
46592,348.90500000000003,12.012,0.0,0.0,418.404,0.0,0.0,0.0,5.737,0,13.0,0.9500000000000001,309.915,1.1877,37.230000000000004,35.57597732543945,4.98,0.0,0
46592,348.734,12.002,0.0,0.0,418.404,0.0,0.0,0.0,5.737,0,14.0,0.915,310.005,4.486800000000001,36.84,35.57597732543945,4.98,0.0,0
46592,348.734,12.002,-0.5,0.0,418.223,0.0,0.0,0.0,5.737,0,14.0,0.89,309.825,1.0557,35.37,35.57597732543945,4.98,0.0,0
46592,348.564,12.002,0.0,0.0,418.223,0.0,0.0,0.0,5.737,0,14.0,0.915,309.915,-4.3383,34.71,35.57597732543945,4.98,0.0,0
46592,348.734,11.992,-0.5,0.0,418.404,0.0,0.0,0.0,5.737,0,14.0,0.875,309.825,-2.6063,34.08,35.57597732543945,4.98,0.0,0
46592,349.075,11.992,0.0,0.0,418.404,0.0,0.0,0.0,5.737,0,14.0,0.96,309.825,-2.5073000000000003,34.11,35.57597732543945,4.98,0.0,0
46592,349.075,11.992,-0.5,0.0,418.404,0.0,0.0,0.0,5.737,0,14.0,0.91,309.825,-0.7918000000000001,34.800000000000004,35.57597732543945,4.98,0.0,0
46592,349.075,11.982000000000001,-0.5,0.0,418.223,0.0,0.0,0.0,5.737,0,14.0,0.965,309.825,0.5938,36.18,35.57597732543945,4.98,0.0,0
46592,348.734,11.982000000000001,-0.5,0.0,418.344,0.0,0.0,0.0,5.737,0,14.0,0.875,309.69,-2.5073000000000003,37.35,35.57597732543945,4.98,0.0,0
46592,348.90500000000003,11.973,-0.5,0.0,418.283,0.0,0.0,0.0,5.737,0,12.0,0.89,309.825,-1.8475000000000001,38.07,35.57597732543945,4.98,0.0,0
46592,349.075,11.973,0.0,0.0,418.404,0.0,0.0,0.0,5.737,0,13.0,0.9,309.915,4.3548,37.62,35.57597732543945,4.98,0.0,0
46592,348.90500000000003,11.963000000000001,0.0,0.0,418.344,0.0,0.0,0.0,5.737,0,13.0,0.895,310.005,3.9919000000000002,36.93,35.57597732543945,4.98,0.0,0
46592,348.734,11.963000000000001,-0.5,0.0,418.223,0.0,0.0,0.0,5.737,0,12.0,0.96,309.915,2.6393,36.81,35.57597732543945,4.98,0.0,0
46592,349.075,11.953000000000001,-0.5,0.0,418.223,0.0,0.0,0.0,5.737,0,13.0,0.905,309.915,-0.5279,36.21,35.57597732543945,4.98,0.0,0
46592,348.90500000000003,11.953000000000001,-0.5,0.0,418.04200000000003,0.0,0.0,0.0,5.737,0,13.0,0.89,309.915,-3.1672000000000002,36.69,35.57597732543945,4.98,0.0,0
46592,348.734,11.943000000000001,-0.5,0.0,418.283,0.0,0.0,0.0,5.737,0,12.0,0.8250000000000001,309.915,-1.0557,36.9,35.57597732543945,4.98,0.0,0
46592,348.90500000000003,11.943000000000001,-0.5,0.0,418.223,0.0,0.0,0.0,5.737,0,12.0,0.915,309.915,1.5836000000000001,36.54,35.57597732543945,4.98,0.0,0
46592,348.734,11.943000000000001,0.0,0.0,418.586,0.0,0.0,0.0,5.737,0,13.0,0.84,309.915,0.5279,35.79,35.57597732543945,4.98,0.0,0
46592,348.734,11.934000000000001,-0.5,0.0,418.283,0.0,0.0,0.0,5.737,0,14.0,0.87,309.915,0.2639,35.04,35.57597732543945,4.98,0.0,0
46592,348.90500000000003,11.934000000000001,-1.0,0.0,418.10200000000003,0.0,0.0,0.0,5.737,0,12.0,0.905,309.825,0.5938,35.31,35.57597732543945,4.98,0.0,0
46592,348.90500000000003,11.924000000000001,-0.5,0.0,418.46500000000003,0.0,0.0,0.0,5.737,0,13.0,0.9400000000000001,309.915,-0.7918000000000001,35.88,35.57597732543945,4.98,0.0,0
46592,349.075,11.924000000000001,0.0,0.0,418.586,0.0,0.0,0.0,5.737,0,13.0,0.925,309.915,-1.0557,36.75,35.57597732543945,4.98,0.0,0
46592,348.564,11.914,-0.5,0.0,418.223,0.0,0.0,0.0,5.737,0,14.0,0.9500000000000001,309.915,1.5836000000000001,36.93,35.57597732543945,4.98,0.0,0
46592,348.734,11.914,-0.5,0.0,418.283,0.0,0.0,0.0,5.737,0,13.0,0.89,309.915,-0.5279,37.62,35.57597732543945,4.98,0.0,0
46592,348.734,11.914,-0.5,0.0,418.283,0.0,0.0,0.0,5.737,0,13.0,0.88,309.915,-0.2639,37.65,35.57597732543945,4.98,0.0,0
46592,348.734,11.904,0.0,0.0,417.921,0.0,0.0,0.0,5.737,0,14.0,0.8250000000000001,309.915,-0.132,36.99,35.57597732543945,4.98,0.0,0
46592,348.734,11.904,-0.5,0.0,417.921,0.0,0.0,0.0,5.737,0,14.0,0.96,309.825,-1.699,36.18,35.57597732543945,4.98,0.0,0
46592,348.734,11.895000000000001,0.0,0.0,417.981,0.0,0.0,0.0,5.737,0,14.0,0.935,309.825,-0.1155,35.910000000000004,35.57597732543945,4.98,0.0,0
46592,348.734,11.895000000000001,-0.5,0.0,418.163,0.0,0.0,0.0,5.737,0,15.0,0.885,309.825,-0.6433,36.39,35.57597732543945,4.98,0.0,0
46592,348.734,11.895000000000001,0.0,0.0,418.344,0.0,0.0,0.0,5.737,0,15.0,0.895,309.825,-5.476500000000001,36.06,35.57597732543945,4.98,0.0,0
46592,348.90500000000003,11.885,-1.0,0.0,418.04200000000003,0.0,0.0,0.0,5.737,0,14.0,0.9550000000000001,309.825,1.4021000000000001,35.67,35.57597732543945,4.98,0.0,0
46592,348.734,11.885,-0.5,0.0,418.344,0.0,0.0,0.0,5.737,0,14.0,0.9,309.825,7.0601,34.71,35.57597732543945,4.98,0.0,0
46592,348.90500000000003,11.875,0.0,0.0,418.344,0.0,0.0,0.0,5.737,0,14.0,0.9,310.005,2.6063,34.29,35.57597732543945,4.98,0.0,0
46592,348.734,11.875,0.0,0.0,418.344,0.0,0.0,0.0,5.737,0,12.0,0.9450000000000001,309.915,-0.14850000000000002,34.5,35.57597732543945,4.98,0.0,0
46592,348.90500000000003,11.865,-0.5,0.0,418.52500000000003,0.0,0.0,0.0,5.737,0,12.0,0.905,309.69,-4.8909,35.61,35.57597732543945,4.98,0.0,0
46592,348.90500000000003,11.865,-0.5,0.0,418.163,0.0,0.0,0.0,5.737,0,14.0,0.855,309.69,-5.2868,37.410000000000004,35.57597732543945,4.98,0.0,0
46592,348.90500000000003,11.855,0.0,0.0,418.163,0.0,0.0,0.0,5.737,0,14.0,0.905,309.825,-0.7918000000000001,38.76,35.57597732543945,4.98,0.0,0
46592,348.734,11.855,-0.5,0.0,418.04200000000003,0.0,0.0,0.0,5.737,0,13.0,0.895,309.915,5.3693,37.95,35.57597732543945,4.98,0.0,0
46592,348.734,11.855,-0.5,0.0,418.10200000000003,0.0,0.0,0.0,5.737,0,13.0,0.91,309.915,5.987900000000001,37.14,35.57597732543945,4.98,0.0,0
46592,348.734,11.846,0.0,0.0,418.404,0.0,0.0,0.0,5.737,0,13.0,0.87,309.825,-0.2639,35.67,35.57597732543945,4.98,0.0,0
46592,348.39300000000003,11.846,-0.5,0.0,418.163,0.0,0.0,0.0,5.737,0,14.0,0.91,309.825,-3.2661000000000002,35.76,35.57597732543945,4.98,0.0,0
46592,349.075,11.836,0.0,0.0,418.404,0.0,0.0,0.0,5.737,0,14.0,0.92,309.915,-0.5279,35.49,35.57597732543945,4.98,0.0,0
46592,348.734,11.836,-0.5,0.0,418.283,0.0,0.0,0.0,5.737,0,14.0,0.855,309.915,1.5671000000000002,35.28,35.57597732543945,4.98,0.0,0
46592,349.075,11.826,-0.5,0.0,418.163,0.0,0.0,0.0,5.737,0,13.0,0.92,309.915,2.7548,34.95,35.57597732543945,4.98,0.0,0
46592,348.734,11.826,-0.5,0.0,418.283,0.0,0.0,0.0,5.737,0,14.0,0.855,309.825,-0.2474,34.44,35.57597732543945,4.98,0.0,0
46592,348.564,11.816,-1.0,0.0,418.404,0.0,0.0,0.0,5.737,0,14.0,0.865,309.825,-6.6477,34.53,35.57597732543945,4.98,0.0,0
46592,349.075,11.816,-1.0,0.0,418.404,0.0,0.0,0.0,5.737,0,14.0,0.89,309.825,-6.5323,34.56,35.57597732543945,4.98,0.0,0
46592,348.734,11.816,0.0,0.0,418.46500000000003,0.0,0.0,0.0,5.737,0,13.0,0.895,309.915,0.9238000000000001,35.43,35.57597732543945,4.98,0.0,0
46592,348.90500000000003,11.807,-1.5,0.0,418.344,0.0,0.0,0.0,5.737,0,14.0,0.9450000000000001,309.915,6.796200000000001,36.33,35.57597732543945,4.98,0.0,0
46592,348.734,11.807,0.0,0.0,418.10200000000003,0.0,0.0,0.0,5.737,0,14.0,0.92,309.915,-1.0557,37.35,35.57597732543945,4.98,0.0,0
46592,349.075,11.807,-0.5,0.0,417.981,0.0,0.0,0.0,5.737,0,14.0,0.875,309.915,-2.6393,38.1,35.57597732543945,4.98,0.0,0
46592,349.075,11.797,-0.5,0.0,418.283,0.0,0.0,0.0,5.737,0,15.0,0.9500000000000001,309.825,-0.2639,38.19,35.57597732543945,4.98,0.0,0
46592,349.075,11.797,-0.5,0.0,418.586,0.0,0.0,0.0,5.737,0,15.0,0.9500000000000001,309.915,1.0557,37.26,35.57597732543945,4.98,0.0,0
46592,348.734,11.787,-1.0,0.0,418.52500000000003,0.0,0.0,0.0,5.737,0,14.0,0.905,309.825,-1.0557,36.03,35.57597732543945,4.98,0.0,0
46592,348.90500000000003,11.787,-0.5,0.0,418.163,0.0,0.0,0.0,5.737,0,13.0,0.905,309.69,-3.596,35.01,35.57597732543945,4.98,0.0,0
46592,349.075,11.777000000000001,-0.5,0.0,417.981,0.0,0.0,0.0,5.737,0,13.0,0.915,309.915,-2.7713,34.68,35.57597732543945,4.98,0.0,0
46592,348.734,11.777000000000001,-0.5,0.0,418.344,0.0,0.0,0.0,5.737,0,14.0,0.89,309.915,2.3094,34.29,35.57597732543945,4.98,0.0,0
46592,348.564,11.768,-0.5,0.0,418.404,0.0,0.0,0.0,5.737,0,15.0,0.935,309.915,4.8827,35.04,35.57597732543945,4.98,0.0,0
46592,348.734,11.768,0.0,0.0,418.283,0.0,0.0,0.0,5.737,0,13.0,0.905,309.915,1.0557,35.22,35.57597732543945,4.98,0.0,0
46592,348.734,11.768,-0.5,0.0,417.921,0.0,0.0,0.0,5.737,0,14.0,0.905,309.825,-1.0557,35.7,35.57597732543945,4.98,0.0,0
46592,348.39300000000003,11.758000000000001,0.0,0.0,418.10200000000003,0.0,0.0,0.0,5.737,0,14.0,0.91,309.915,-3.6950000000000003,35.94,35.57597732543945,4.98,0.0,0
46592,349.075,11.758000000000001,-0.5,0.0,417.981,0.0,0.0,0.0,5.737,0,14.0,0.91,309.825,-1.0557,36.03,35.57597732543945,4.98,0.0,0
46592,348.39300000000003,11.758000000000001,0.0,0.0,417.921,0.0,0.0,0.0,5.737,0,14.0,0.88,309.915,-0.5279,36.06,35.57597732543945,4.98,0.0,0
46592,348.564,11.748000000000001,0.0,0.0,418.283,0.0,0.0,0.0,5.737,0,13.0,0.925,309.825,0.132,36.480000000000004,35.57597732543945,4.98,0.0,0
46592,348.90500000000003,11.748000000000001,-0.5,0.0,418.46500000000003,0.0,0.0,0.0,5.737,0,13.0,0.9,310.005,-3.6455,36.15,35.57597732543945,4.98,0.0,0
46592,349.075,11.738000000000001,-0.5,0.0,418.586,0.0,0.0,0.0,5.737,0,13.0,0.88,310.005,2.2764,36.0,35.57597732543945,4.98,0.0,0
46592,348.734,11.738000000000001,-0.5,0.0,418.344,0.0,0.0,0.0,5.737,0,13.0,0.92,309.825,3.3651,35.7,35.57597732543945,4.98,0.0,0
46592,348.734,11.738000000000001,-0.5,0.0,418.10200000000003,0.0,0.0,0.0,5.737,0,14.0,0.87,309.915,-0.8330000000000001,35.19,35.57597732543945,4.98,0.0,0
46592,348.734,11.729000000000001,0.0,0.0,418.04200000000003,0.0,0.0,0.0,5.737,0,14.0,0.9,309.915,-1.0392000000000001,35.07,35.57597732543945,4.98,0.0,0
46592,348.90500000000003,11.729000000000001,0.0,0.0,418.344,0.0,0.0,0.0,5.737,0,14.0,0.91,309.825,0.28040000000000004,34.980000000000004,35.57597732543945,4.98,0.0,0
46592,348.564,11.719000000000001,-0.5,0.0,418.04200000000003,0.0,0.0,0.0,5.737,0,15.0,0.925,309.825,-4.0744,34.65,35.57597732543945,4.98,0.0,0
46592,348.564,11.719000000000001,-0.5,0.0,418.344,0.0,0.0,0.0,5.737,0,14.0,0.9,310.005,0.9073,33.45,35.57597732543945,4.98,0.0,0
46592,348.734,11.709000000000001,-0.5,0.0,417.981,0.0,0.0,0.0,5.737,0,14.0,0.895,309.915,5.3941,33.42,35.57597732543945,4.98,0.0,0
46592,348.734,11.709000000000001,-0.5,0.0,418.10200000000003,0.0,0.0,0.0,5.737,0,14.0,0.9,310.005,3.5301,34.32,35.57597732543945,4.98,0.0,0
46592,348.90500000000003,11.699,-0.5,0.0,418.04200000000003,0.0,0.0,0.0,5.737,0,14.0,0.89,309.915,-0.2474,35.7,35.57597732543945,4.98,0.0,0
46592,348.734,11.699,-0.5,0.0,418.04200000000003,0.0,0.0,0.0,5.737,0,14.0,0.925,309.915,0.066,35.76,35.57597732543945,4.98,0.0,0
46592,348.734,11.699,-0.5,0.0,418.344,0.0,0.0,0.0,5.737,0,13.0,0.92,309.915,-0.7918000000000001,35.88,35.57597732543945,4.98,0.0,0
46592,349.075,11.699,-0.5,0.0,418.223,0.0,0.0,0.0,5.737,0,14.0,0.9550000000000001,309.915,-2.5733,36.24,35.57597732543945,4.98,0.0,0
46592,349.075,11.689,0.0,0.0,418.223,0.0,0.0,0.0,5.737,0,14.0,0.86,309.915,-0.2639,36.09,35.57597732543945,4.98,0.0,0
46592,348.564,11.689,-0.5,0.0,418.82800000000003,0.0,0.0,0.0,5.737,0,13.0,0.9,309.915,-1.5836000000000001,36.03,35.57597732543945,4.98,0.0,0
46592,348.734,11.68,-0.5,0.0,418.223,0.0,0.0,0.0,5.737,0,14.0,0.905,309.915,0.0,35.550000000000004,35.57597732543945,4.98,0.0,0
46592,349.075,11.68,-0.5,0.0,418.283,0.0,0.0,0.0,5.737,0,13.0,0.89,309.915,1.0557,35.52,35.57597732543945,4.98,0.0,0
46592,349.075,11.68,-0.5,0.0,418.04200000000003,0.0,0.0,0.0,5.737,0,13.0,0.89,309.825,-3.4311000000000003,35.1,35.57597732543945,4.98,0.0,0
46592,348.564,11.67,-0.5,0.0,418.223,0.0,0.0,0.0,5.737,0,14.0,0.935,309.915,-0.5279,34.26,35.57597732543945,4.98,0.0,0
46592,348.564,11.67,-0.5,0.0,418.707,0.0,0.0,0.0,5.737,0,13.0,0.975,309.915,2.3754,33.93,35.57597732543945,4.98,0.0,0
46592,349.075,11.66,-0.5,0.0,418.949,0.0,0.0,0.0,5.737,0,14.0,0.9,309.915,-0.066,33.81,35.57597732543945,4.98,0.0,0
46592,349.075,11.66,0.0,0.0,418.767,0.0,0.0,0.0,5.737,0,13.0,1.01,310.005,1.8475000000000001,34.32,35.57597732543945,4.98,0.0,0
46592,348.564,11.65,-0.5,0.0,418.46500000000003,0.0,0.0,0.0,5.737,0,13.0,0.9550000000000001,309.825,-0.46190000000000003,34.68,35.57597732543945,4.98,0.0,0
46592,348.90500000000003,11.65,-0.5,0.0,418.344,0.0,0.0,0.0,5.737,0,15.0,0.915,309.915,-1.5836000000000001,35.04,35.57597732543945,4.98,0.0,0
46592,348.734,11.65,-0.5,0.0,418.223,0.0,0.0,0.0,5.737,0,13.0,0.9550000000000001,310.005,3.1672000000000002,35.97,35.57597732543945,4.98,0.0,0
46592,348.734,11.641,-0.5,0.0,418.10200000000003,0.0,0.0,0.0,5.737,0,13.0,0.915,310.005,4.486800000000001,36.54,35.57597732543945,4.98,0.0,0
46592,348.734,11.641,-0.5,0.0,418.10200000000003,0.0,0.0,0.0,5.737,0,13.0,0.92,309.915,3.8105,36.39,35.57597732543945,4.98,0.0,0
46592,348.734,11.641,-0.5,0.0,418.283,0.0,0.0,0.0,5.737,0,13.0,0.88,309.915,-1.7155,35.34,35.57597732543945,4.98,0.0,0
46592,349.075,11.631,0.0,0.0,418.283,0.0,0.0,0.0,5.737,0,13.0,0.87,309.915,-2.4908,35.58,35.57597732543945,4.98,0.0,0
46592,348.564,11.631,0.0,0.0,418.707,0.0,0.0,0.0,5.737,0,14.0,0.885,309.915,0.6763,35.43,35.57597732543945,4.98,0.0,0
46592,348.734,11.621,-0.5,0.0,418.586,0.0,0.0,0.0,5.737,0,13.0,0.9,309.915,-2.9032,35.79,35.57597732543945,4.98,0.0,0
46592,348.734,11.621,-0.5,0.0,418.707,0.0,0.0,0.0,5.737,0,13.0,0.9400000000000001,309.69,-2.4001,35.94,35.57597732543945,4.98,0.0,0
46592,348.90500000000003,11.611,-0.5,0.0,418.52500000000003,0.0,0.0,0.0,5.737,0,13.0,0.93,309.915,-0.3299,36.27,35.57597732543945,4.98,0.0,0
46592,349.075,11.611,0.0,0.0,418.163,0.0,0.0,0.0,5.737,0,14.0,0.93,310.005,1.0887,35.4,35.57597732543945,4.98,0.0,0
46592,348.90500000000003,11.611,-0.5,0.0,418.223,0.0,0.0,0.0,5.737,0,13.0,0.92,309.825,1.9547,34.05,35.57597732543945,4.98,0.0,0
46592,348.734,11.602,-0.5,0.0,418.283,0.0,0.0,0.0,5.737,0,13.0,0.9500000000000001,309.915,-2.9692000000000003,33.84,35.57597732543945,4.98,0.0,0
46592,348.734,11.602,0.0,0.0,418.404,0.0,0.0,0.0,5.737,0,13.0,0.91,309.915,-0.3134,34.5,35.57597732543945,4.98,0.0,0
46592,348.734,11.592,0.0,0.0,418.586,0.0,0.0,0.0,5.737,0,14.0,0.895,309.825,1.2949000000000002,35.4,35.57597732543945,4.98,0.0,0
46592,349.075,11.592,-0.5,0.0,418.52500000000003,0.0,0.0,0.0,5.737,0,14.0,0.885,309.915,-2.5073000000000003,36.45,35.57597732543945,4.98,0.0,0
46592,349.075,11.592,-0.5,0.0,418.52500000000003,0.0,0.0,0.0,5.737,0,13.0,0.885,309.915,-2.1114,36.480000000000004,35.57597732543945,4.98,0.0,0
46592,349.075,11.592,-0.5,0.0,418.283,0.0,0.0,0.0,5.737,0,14.0,0.915,309.915,0.5279,37.62,35.57597732543945,4.98,0.0,0
46592,348.564,11.582,-0.5,0.0,418.163,0.0,0.0,0.0,5.737,0,14.0,0.9400000000000001,309.915,0.9897,37.44,35.57597732543945,4.98,0.0,0
46592,348.734,11.582,-0.5,0.0,418.404,0.0,0.0,0.0,5.737,0,13.0,0.915,310.005,3.4311000000000003,36.33,35.57597732543945,4.98,0.0,0
46592,349.075,11.572000000000001,0.0,0.0,418.283,0.0,0.0,0.0,5.737,0,13.0,0.895,309.825,-0.46190000000000003,35.19,35.57597732543945,4.98,0.0,0
46592,348.734,11.572000000000001,0.0,0.0,418.404,0.0,0.0,0.0,5.737,0,14.0,0.92,309.915,-1.8475000000000001,35.01,35.57597732543945,4.98,0.0,0
46592,349.075,11.563,-1.0,0.0,418.344,0.0,0.0,0.0,5.737,0,13.0,0.925,310.005,1.5836000000000001,35.01,35.57597732543945,4.98,0.0,0
46592,348.734,11.563,-0.5,0.0,418.344,0.0,0.0,0.0,5.737,0,13.0,0.925,310.005,2.7713,34.980000000000004,35.57597732543945,4.98,0.0,0
46592,348.734,11.563,0.0,0.0,418.163,0.0,0.0,0.0,5.737,0,14.0,0.925,309.825,-3.8930000000000002,34.77,35.57597732543945,4.98,0.0,0
46592,348.734,11.563,-0.5,0.0,418.404,0.0,0.0,0.0,5.737,0,13.0,0.915,309.825,-5.3281,34.2,35.57597732543945,4.98,0.0,0
46592,348.734,11.553,-0.5,0.0,418.52500000000003,0.0,0.0,0.0,5.737,0,13.0,0.905,309.825,3.1342000000000003,34.35,35.57597732543945,4.98,0.0,0
46592,349.246,11.553,-0.5,0.0,418.404,0.0,0.0,0.0,5.737,0,14.0,0.905,309.825,2.8785000000000003,34.2,35.57597732543945,4.98,0.0,0
46592,348.90500000000003,11.543000000000001,-0.5,0.0,418.04200000000003,0.0,0.0,0.0,5.737,0,14.0,0.91,309.915,-1.4681,34.77,35.57597732543945,4.98,0.0,0
46592,348.90500000000003,11.543000000000001,-0.5,0.0,417.8,0.0,0.0,0.0,5.737,0,14.0,0.9,309.915,1.4681,35.61,35.57597732543945,4.98,0.0,0
46592,349.075,11.533000000000001,0.0,0.0,418.10200000000003,0.0,0.0,0.0,5.737,0,14.0,0.915,309.915,3.5466,36.57,35.57597732543945,4.98,0.0,0
46592,348.734,11.533000000000001,-0.5,0.0,418.04200000000003,0.0,0.0,0.0,5.737,0,14.0,0.91,309.825,0.39590000000000003,36.78,35.57597732543945,4.98,0.0,0
46592,349.075,11.533000000000001,-0.5,0.0,418.404,0.0,0.0,0.0,5.737,0,14.0,0.87,309.915,-4.8827,36.6,35.57597732543945,4.98,0.0,0
46592,349.246,11.523,0.0,0.0,418.04200000000003,0.0,0.0,0.0,5.737,0,13.0,0.895,309.915,-0.7918000000000001,36.42,35.57597732543945,4.98,0.0,0
46592,349.075,11.523,-1.0,0.0,417.921,0.0,0.0,0.0,5.737,0,13.0,0.93,309.915,3.2826,35.37,35.57597732543945,4.98,0.0,0
46592,349.075,11.514000000000001,-0.5,0.0,418.10200000000003,0.0,0.0,0.0,5.737,0,13.0,0.89,309.915,-0.0165,35.61,35.57597732543945,4.98,0.0,0
46592,348.734,11.514000000000001,-0.5,0.0,418.223,0.0,0.0,0.0,5.737,0,14.0,0.895,309.915,-2.2434000000000003,35.52,35.57597732543945,4.98,0.0,0
46592,349.075,11.514000000000001,-0.5,0.0,418.404,0.0,0.0,0.0,5.737,0,14.0,0.935,309.915,-3.5136000000000003,35.7,35.57597732543945,4.98,0.0,0
46592,349.075,11.504000000000001,-0.5,0.0,418.52500000000003,0.0,0.0,0.0,5.737,0,14.0,0.93,309.915,1.7815,35.25,35.57597732543945,4.98,0.0,0
46592,348.90500000000003,11.504000000000001,-1.0,0.0,418.52500000000003,0.0,0.0,0.0,5.737,0,14.0,0.9500000000000001,309.915,2.1114,35.13,35.57597732543945,4.98,0.0,0
46592,348.734,11.504000000000001,-0.5,0.0,418.404,0.0,0.0,0.0,5.737,0,14.0,0.895,309.915,3.0352,35.04,35.57597732543945,4.98,0.0,0
46592,348.90500000000003,11.494,-0.5,0.0,418.283,0.0,0.0,0.0,5.737,0,14.0,0.9,309.915,-1.5836000000000001,35.04,35.57597732543945,4.98,0.0,0
46592,349.075,11.494,-0.5,0.0,418.163,0.0,0.0,0.0,5.737,0,14.0,0.915,309.915,-1.3196,35.34,35.57597732543945,4.98,0.0,0
46592,348.90500000000003,11.494,0.0,0.0,418.283,0.0,0.0,0.0,5.737,0,14.0,0.915,309.915,0.0,36.18,35.57597732543945,4.98,0.0,0
46592,348.734,11.484,0.0,0.0,418.283,0.0,0.0,0.0,5.737,0,14.0,0.91,309.825,0.7918000000000001,36.33,35.57597732543945,4.98,0.0,0
46592,348.734,11.484,-0.5,0.0,418.52500000000003,0.0,0.0,0.0,5.737,0,14.0,0.915,309.825,-2.0455,36.75,35.57597732543945,4.98,0.0,0
46592,349.246,11.475000000000001,0.0,0.0,418.646,0.0,0.0,0.0,5.737,0,13.0,0.895,309.915,-1.8475000000000001,36.54,35.57597732543945,4.98,0.0,0
46592,349.075,11.475000000000001,0.0,0.0,418.586,0.0,0.0,0.0,5.737,0,14.0,0.91,309.915,-1.6496000000000002,36.6,35.57597732543945,4.98,0.0,0
46592,348.90500000000003,11.465,-0.5,0.0,418.283,0.0,0.0,0.0,5.737,0,13.0,0.9450000000000001,309.69,-3.4311000000000003,36.63,35.57597732543945,4.98,0.0,0
46592,348.734,11.465,-1.0,0.0,418.283,0.0,0.0,0.0,5.737,0,14.0,0.9500000000000001,310.005,2.5733,36.24,35.57597732543945,4.98,0.0,0
46592,348.734,11.465,0.0,0.0,418.46500000000003,0.0,0.0,0.0,5.737,0,14.0,0.925,309.825,1.1877,35.61,35.57597732543945,4.98,0.0,0
46592,349.075,11.455,0.0,0.0,418.344,0.0,0.0,0.0,5.737,0,14.0,0.9,309.915,0.3629,34.95,35.57597732543945,4.98,0.0,0
46592,349.075,11.455,-0.5,0.0,418.344,0.0,0.0,0.0,5.737,0,14.0,0.9400000000000001,309.915,0.2639,35.19,35.57597732543945,4.98,0.0,0
46592,348.90500000000003,11.445,-1.0,0.0,418.46500000000003,0.0,0.0,0.0,5.737,0,14.0,0.9450000000000001,309.825,2.6393,35.730000000000004,35.57597732543945,4.98,0.0,0
46592,349.075,11.445,-0.5,0.0,418.10200000000003,0.0,0.0,0.0,5.737,0,14.0,0.93,309.915,-2.1114,35.22,35.57597732543945,4.98,0.0,0
46592,348.90500000000003,11.445,-0.5,0.0,418.10200000000003,0.0,0.0,0.0,5.737,0,14.0,0.88,309.825,-2.0455,36.33,35.57597732543945,4.98,0.0,0
46592,349.075,11.436,0.0,0.0,418.283,0.0,0.0,0.0,5.737,0,14.0,0.93,309.825,-1.0557,36.75,35.57597732543945,4.98,0.0,0
46592,349.246,11.436,-0.5,0.0,418.344,0.0,0.0,0.0,5.737,0,13.0,0.92,309.825,-0.9897,36.84,35.57597732543945,4.98,0.0,0
46592,348.90500000000003,11.426,-0.5,0.0,418.163,0.0,0.0,0.0,5.737,0,13.0,0.9,309.915,2.1114,37.38,35.57597732543945,4.98,0.0,0
46592,348.90500000000003,11.426,-1.0,0.0,417.981,0.0,0.0,0.0,5.737,0,13.0,0.92,309.915,2.0455,37.77,35.57597732543945,4.98,0.0,0
46592,349.075,11.426,-0.5,0.0,418.10200000000003,0.0,0.0,0.0,5.737,0,13.0,0.905,309.825,2.9032,37.14,35.57597732543945,4.98,0.0,0
46592,348.734,11.416,-0.5,0.0,418.344,0.0,0.0,0.0,5.737,0,13.0,0.895,309.825,-2.5733,36.93,35.57597732543945,4.98,0.0,0
46592,348.734,11.416,-1.0,0.0,418.163,0.0,0.0,0.0,5.737,0,13.0,0.85,309.915,-1.3196,36.12,35.57597732543945,4.98,0.0,0
46592,348.90500000000003,11.406,-0.5,0.0,418.163,0.0,0.0,0.0,5.737,0,13.0,0.92,309.825,4.2229,36.480000000000004,35.57597732543945,4.98,0.0,0
46592,348.734,11.406,-0.5,0.0,418.163,0.0,0.0,0.0,5.737,0,13.0,0.89,309.825,3.563,36.51,35.57597732543945,4.98,0.0,0
46592,349.075,11.406,-0.5,0.0,418.404,0.0,0.0,0.0,5.737,0,13.0,0.9,309.915,0.3794,35.61,35.57597732543945,4.98,0.0,0
46592,348.90500000000003,11.406,0.0,0.0,418.46500000000003,0.0,0.0,0.0,5.737,0,13.0,0.89,309.915,-1.0557,34.62,35.57597732543945,4.98,0.0,0
46592,348.734,11.396,-0.5,0.0,418.707,0.0,0.0,0.0,5.737,0,13.0,0.875,309.915,-0.28040000000000004,34.59,35.57597732543945,4.98,0.0,0
46592,348.90500000000003,11.396,-0.5,0.0,418.586,0.0,0.0,0.0,5.737,0,13.0,0.92,309.825,-3.2826,34.95,35.57597732543945,4.98,0.0,0
46592,348.90500000000003,11.387,-1.5,0.0,418.586,0.0,0.0,0.0,5.737,0,13.0,0.86,309.915,-1.5836000000000001,35.85,35.57597732543945,4.98,0.0,0
46592,348.734,11.387,-0.5,0.0,418.52500000000003,0.0,0.0,0.0,5.737,0,14.0,0.87,309.915,1.963,37.26,35.57597732543945,4.98,0.0,0
46592,348.90500000000003,11.387,-0.5,0.0,418.46500000000003,0.0,0.0,0.0,5.737,0,14.0,0.895,310.005,1.6826,36.87,35.57597732543945,4.98,0.0,0
46592,348.90500000000003,11.377,-1.0,0.0,418.586,0.0,0.0,0.0,5.737,0,13.0,0.92,309.825,0.132,36.660000000000004,35.57597732543945,4.98,0.0,0
46592,348.90500000000003,11.377,-1.0,0.0,418.46500000000003,0.0,0.0,0.0,5.737,0,13.0,0.93,309.915,0.39590000000000003,36.96,35.57597732543945,4.98,0.0,0
46592,349.075,11.367,-0.5,0.0,418.404,0.0,0.0,0.0,5.737,0,14.0,0.88,310.005,-1.0722,37.14,35.57597732543945,4.98,0.0,0
46592,349.075,11.367,-1.0,0.0,418.10200000000003,0.0,0.0,0.0,5.737,0,14.0,0.9,309.915,1.963,37.26,35.57597732543945,4.98,0.0,0
46592,349.416,11.367,-0.5,0.0,418.04200000000003,0.0,0.0,0.0,5.737,0,14.0,0.905,309.915,1.9795,36.54,35.57597732543945,4.98,0.0,0
46592,348.734,11.357000000000001,-1.0,0.0,418.10200000000003,0.0,0.0,0.0,5.737,0,14.0,0.9,309.825,-1.8145,35.46,35.57597732543945,4.98,0.0,0
46592,348.90500000000003,11.357000000000001,0.0,0.0,418.344,0.0,0.0,0.0,5.737,0,14.0,0.915,309.825,-4.998200000000001,35.43,35.57597732543945,4.98,0.0,0
46592,349.075,11.348,0.0,0.0,418.10200000000003,0.0,0.0,0.0,5.737,0,14.0,0.9400000000000001,309.915,-0.9238000000000001,34.29,35.57597732543945,4.98,0.0,0
46592,349.075,11.348,0.0,0.0,418.10200000000003,0.0,0.0,0.0,5.737,0,13.0,0.9,309.825,1.6001,34.59,35.57597732543945,4.98,0.0,0
46592,348.90500000000003,11.348,0.0,0.0,418.404,0.0,0.0,0.0,5.737,0,13.0,0.9500000000000001,309.915,-0.9402,35.49,35.57597732543945,4.98,0.0,0
46592,349.075,11.338000000000001,-0.5,0.0,418.52500000000003,0.0,0.0,0.0,5.737,0,13.0,0.91,309.825,-0.132,36.54,35.57597732543945,4.98,0.0,0
46592,349.075,11.338000000000001,-0.5,0.0,418.283,0.0,0.0,0.0,5.737,0,13.0,0.92,309.915,1.699,38.46,35.57597732543945,4.98,0.0,0
46592,348.734,11.328000000000001,0.0,0.0,418.283,0.0,0.0,0.0,5.737,0,13.0,0.9,309.915,-1.3196,38.28,35.57597732543945,4.98,0.0,0
46592,349.075,11.328000000000001,-0.5,0.0,418.52500000000003,0.0,0.0,0.0,5.737,0,13.0,0.915,309.825,-2.7053000000000003,37.65,35.57597732543945,4.98,0.0,0
46592,348.90500000000003,11.328000000000001,0.0,0.0,418.52500000000003,0.0,0.0,0.0,5.737,0,13.0,0.905,309.825,-3.1672000000000002,37.56,35.57597732543945,4.98,0.0,0
46592,348.734,11.328000000000001,-0.5,0.0,418.344,0.0,0.0,0.0,5.737,0,13.0,0.895,309.825,-3.9589000000000003,36.57,35.57597732543945,4.98,0.0,0
46592,349.075,11.318000000000001,0.0,0.0,418.404,0.0,0.0,0.0,5.737,0,13.0,0.905,309.825,1.9135000000000002,35.94,35.57597732543945,4.98,0.0,0
46592,349.075,11.318000000000001,-0.5,0.0,418.04200000000003,0.0,0.0,0.0,5.737,0,13.0,0.935,309.825,3.563,36.6,35.57597732543945,4.98,0.0,0
46592,348.734,11.309000000000001,-0.5,0.0,417.73900000000003,0.0,0.0,0.0,5.737,0,13.0,0.905,309.915,2.5733,35.85,35.57597732543945,4.98,0.0,0
46592,348.90500000000003,11.309000000000001,-0.5,0.0,417.921,0.0,0.0,0.0,5.737,0,14.0,0.9400000000000001,309.825,0.7918000000000001,35.07,35.57597732543945,4.98,0.0,0
46592,349.075,11.309000000000001,0.0,0.0,417.921,0.0,0.0,0.0,5.737,0,14.0,0.88,309.825,-3.1672000000000002,35.46,35.57597732543945,4.98,0.0,0
46592,349.075,11.299000000000001,0.5,0.0,418.283,0.0,0.0,0.0,5.737,0,13.0,0.9500000000000001,309.825,-1.8475000000000001,34.95,35.57597732543945,4.98,0.0,0
46592,348.734,11.299000000000001,-0.5,0.0,418.46500000000003,0.0,0.0,0.0,5.737,0,14.0,0.925,310.005,3.0352,35.07,35.57597732543945,4.98,0.0,0
46592,349.075,11.299000000000001,0.0,0.0,418.344,0.0,0.0,0.0,5.737,0,14.0,0.915,309.825,1.3196,36.09,35.57597732543945,4.98,0.0,0
46592,348.734,11.289,-0.5,0.0,418.52500000000003,0.0,0.0,0.0,5.737,0,14.0,0.885,309.825,1.0557,38.160000000000004,35.57597732543945,4.98,0.0,0
46592,348.734,11.289,0.0,0.0,418.586,0.0,0.0,0.0,5.737,0,14.0,0.91,309.915,-2.1114,38.64,35.57597732543945,4.98,0.0,0
46592,348.734,11.279,-0.5,0.0,418.52500000000003,0.0,0.0,0.0,5.737,0,14.0,0.9,309.915,-2.7053000000000003,38.13,35.57597732543945,4.98,0.0,0
46592,348.734,11.279,-0.5,0.0,418.404,0.0,0.0,0.0,5.737,0,14.0,0.925,309.915,1.8475000000000001,37.44,35.57597732543945,4.98,0.0,0
46592,348.734,11.279,-1.0,0.0,418.283,0.0,0.0,0.0,5.737,0,13.0,0.9400000000000001,309.915,4.2229,37.2,35.57597732543945,4.98,0.0,0
46592,349.246,11.270000000000001,-0.5,0.0,417.8,0.0,0.0,0.0,5.737,0,13.0,0.92,309.825,-1.5836000000000001,36.84,35.57597732543945,4.98,0.0,0
46592,348.90500000000003,11.270000000000001,-0.5,0.0,418.223,0.0,0.0,0.0,5.737,0,13.0,0.92,309.915,-1.5836000000000001,36.9,35.57597732543945,4.98,0.0,0
46592,348.90500000000003,11.26,-1.0,0.0,418.283,0.0,0.0,0.0,5.737,0,13.0,0.935,309.825,-2.3754,35.7,35.57597732543945,4.98,0.0,0
46592,348.90500000000003,11.26,0.0,0.0,418.404,0.0,0.0,0.0,5.737,0,13.0,0.905,309.915,2.0455,34.89,35.57597732543945,4.98,0.0,0
46592,348.734,11.26,-0.5,0.0,418.344,0.0,0.0,0.0,5.737,0,14.0,0.89,309.915,2.3754,34.26,35.57597732543945,4.98,0.0,0
46592,349.075,11.25,-0.5,0.0,418.404,0.0,0.0,0.0,5.737,0,14.0,0.895,309.915,-1.6496000000000002,34.59,35.57597732543945,4.98,0.0,0
46592,349.246,11.25,-0.5,0.0,418.404,0.0,0.0,0.0,5.737,0,14.0,0.925,309.825,-2.1114,35.22,35.57597732543945,4.98,0.0,0
46592,348.734,11.25,-0.5,0.0,418.404,0.0,0.0,0.0,5.737,0,13.0,0.9550000000000001,309.915,-1.8475000000000001,35.34,35.57597732543945,4.98,0.0,0
46592,349.075,11.24,-0.5,0.0,418.283,0.0,0.0,0.0,5.737,0,13.0,0.91,309.915,0.7918000000000001,36.84,35.57597732543945,4.98,0.0,0
46592,349.075,11.24,0.0,0.0,418.404,0.0,0.0,0.0,5.737,0,14.0,0.895,309.825,0.41240000000000004,37.11,35.57597732543945,4.98,0.0,0
46592,348.90500000000003,11.24,0.0,0.0,418.404,0.0,0.0,0.0,5.737,0,14.0,0.925,309.915,-1.864,37.47,35.57597732543945,4.98,0.0,0
46592,348.90500000000003,11.23,0.0,0.0,418.52500000000003,0.0,0.0,0.0,5.737,0,15.0,0.91,309.915,-0.9238000000000001,37.11,35.57597732543945,4.98,0.0,0
46592,349.075,11.23,-0.5,0.0,418.283,0.0,0.0,0.0,5.737,0,13.0,0.935,309.915,3.0352,37.050000000000004,35.57597732543945,4.98,0.0,0
46592,348.734,11.23,0.0,0.0,418.404,0.0,0.0,0.0,5.737,0,14.0,0.925,309.915,2.6393,36.24,35.57597732543945,4.98,0.0,0
46592,349.075,11.221,0.0,0.0,418.223,0.0,0.0,0.0,5.737,0,14.0,0.9,309.915,-0.132,35.85,35.57597732543945,4.98,0.0,0
46592,348.90500000000003,11.221,-1.0,0.0,418.283,0.0,0.0,0.0,5.737,0,14.0,0.91,309.915,0.2639,35.160000000000004,35.57597732543945,4.98,0.0,0
46592,348.90500000000003,11.211,-0.5,0.0,418.283,0.0,0.0,0.0,5.737,0,14.0,0.92,309.825,-1.0392000000000001,35.1,35.57597732543945,4.98,0.0,0
46592,348.734,11.211,-0.5,0.0,418.46500000000003,0.0,0.0,0.0,5.737,0,15.0,0.925,309.915,-1.5836000000000001,34.35,35.57597732543945,4.98,0.0,0
46592,349.246,11.211,-0.5,0.0,418.04200000000003,0.0,0.0,0.0,5.737,0,14.0,0.9450000000000001,309.825,-1.2867,34.56,35.57597732543945,4.98,0.0,0
46592,349.246,11.201,0.0,0.0,418.283,0.0,0.0,0.0,5.737,0,13.0,0.89,309.825,-2.8372,34.2,35.57597732543945,4.98,0.0,0
46592,348.90500000000003,11.201,-0.5,0.0,418.404,0.0,0.0,0.0,5.737,0,15.0,0.905,309.915,-1.3856000000000002,35.37,35.57597732543945,4.98,0.0,0
46592,349.246,11.191,0.0,0.0,418.344,0.0,0.0,0.0,5.737,0,12.0,0.89,309.915,-1.996,35.76,35.57597732543945,4.98,0.0,0
46592,348.734,11.191,-1.0,0.0,418.223,0.0,0.0,0.0,5.737,0,14.0,0.895,309.915,1.4764000000000002,37.050000000000004,35.57597732543945,4.98,0.0,0
46592,349.075,11.191,-1.0,0.0,418.404,0.0,0.0,0.0,5.737,0,13.0,0.925,309.825,2.1939,37.32,35.57597732543945,4.98,0.0,0
46592,349.075,11.182,-0.5,0.0,418.46500000000003,0.0,0.0,0.0,5.737,0,11.0,0.895,309.825,-2.5073000000000003,37.230000000000004,35.57597732543945,4.98,0.0,0
46592,349.075,11.182,-1.0,0.0,418.404,0.0,0.0,0.0,5.737,0,14.0,0.885,309.915,-2.3754,36.54,35.57597732543945,4.98,0.0,0
46592,348.90500000000003,11.182,-0.5,0.0,418.404,0.0,0.0,0.0,5.737,0,13.0,0.915,309.915,-1.5836000000000001,36.39,35.57597732543945,4.98,0.0,0
46592,348.564,11.182,0.0,0.0,418.283,0.0,0.0,0.0,5.737,0,12.0,0.93,309.915,3.9589000000000003,35.61,35.57597732543945,4.98,0.0,0
46592,349.075,11.172,0.0,0.0,418.586,0.0,0.0,0.0,5.737,0,13.0,0.88,309.915,2.0455,35.37,35.57597732543945,4.98,0.0,0
46592,349.075,11.172,-0.5,0.0,418.46500000000003,0.0,0.0,0.0,5.737,0,13.0,0.93,309.915,-1.5836000000000001,35.97,35.57597732543945,4.98,0.0,0
46592,348.734,11.162,-0.5,0.0,418.283,0.0,0.0,0.0,5.737,0,17.0,0.855,309.915,1.0557,36.09,35.57597732543945,4.98,0.0,0
46592,348.734,11.162,-0.5,0.0,418.04200000000003,0.0,0.0,0.0,5.737,0,14.0,0.925,309.825,-0.5279,35.43,35.57597732543945,4.98,0.0,0
46592,349.416,11.162,-0.5,0.0,418.283,0.0,0.0,0.0,5.737,0,15.0,0.9400000000000001,309.825,-2.0455,34.53,35.57597732543945,4.98,0.0,0
46592,348.90500000000003,11.162,-0.5,0.0,418.283,0.0,0.0,0.0,5.737,0,11.0,0.9550000000000001,309.825,-2.3589,34.35,35.57597732543945,4.98,0.0,0
46592,348.734,11.152000000000001,-0.5,0.0,418.404,0.0,0.0,0.0,5.737,0,14.0,0.915,309.915,-1.9795,34.47,35.57597732543945,4.98,0.0,0
46592,348.734,11.152000000000001,-0.5,0.0,418.10200000000003,0.0,0.0,0.0,5.737,0,13.0,0.88,309.915,-1.2042000000000002,35.28,35.57597732543945,4.98,0.0,0
46592,348.564,11.143,-0.5,0.0,418.223,0.0,0.0,0.0,5.737,0,14.0,0.925,309.915,2.2269,35.25,35.57597732543945,4.98,0.0,0
46592,349.075,11.143,-0.5,0.0,418.283,0.0,0.0,0.0,5.737,0,12.0,0.925,309.915,1.699,36.45,35.57597732543945,4.98,0.0,0
46592,349.075,11.143,0.0,0.0,418.404,0.0,0.0,0.0,5.737,0,14.0,0.895,309.915,0.0,36.96,35.57597732543945,4.98,0.0,0
46592,349.075,11.133000000000001,-0.5,0.0,418.586,0.0,0.0,0.0,5.737,0,13.0,0.91,309.825,0.0165,37.62,35.57597732543945,4.98,0.0,0
46592,348.90500000000003,11.133000000000001,0.0,0.0,418.283,0.0,0.0,0.0,5.737,0,14.0,0.92,309.915,0.6598,36.9,35.57597732543945,4.98,0.0,0
46592,349.075,11.133000000000001,-0.5,0.0,418.344,0.0,0.0,0.0,5.737,0,15.0,0.885,309.825,-0.6433,36.45,35.57597732543945,4.98,0.0,0
46592,349.075,11.123000000000001,0.0,0.0,418.404,0.0,0.0,0.0,5.737,0,13.0,0.91,309.915,-0.5444,34.980000000000004,35.57597732543945,4.98,0.0,0
46592,348.734,11.123000000000001,0.0,0.0,418.404,0.0,0.0,0.0,5.737,0,13.0,0.915,309.915,-1.1217000000000001,34.92,35.57597732543945,4.98,0.0,0
46592,349.075,11.123000000000001,-0.5,0.0,418.646,0.0,0.0,0.0,5.737,0,14.0,0.965,309.915,-1.8475000000000001,34.62,35.57597732543945,4.98,0.0,0
46592,348.734,11.113000000000001,-1.0,0.0,418.46500000000003,0.0,0.0,0.0,5.737,0,12.0,0.965,309.825,-1.0557,34.62,35.57597732543945,4.98,0.0,0
46592,349.075,11.113000000000001,0.0,0.0,418.344,0.0,0.0,0.0,5.737,0,13.0,0.9450000000000001,310.005,2.6393,35.49,35.57597732543945,4.98,0.0,0
46592,348.90500000000003,11.113000000000001,-0.5,0.0,418.52500000000003,0.0,0.0,0.0,5.737,0,14.0,0.915,309.915,2.6393,34.77,35.57597732543945,4.98,0.0,0
46592,349.246,11.104000000000001,0.0,0.0,418.344,0.0,0.0,0.0,5.737,0,17.0,0.89,309.915,1.0557,35.25,35.57597732543945,4.98,0.0,0
46592,348.90500000000003,11.104000000000001,-0.5,0.0,417.981,0.0,0.0,0.0,5.737,0,13.0,0.9,309.825,-1.9795,36.21,35.57597732543945,4.98,0.0,0
46592,349.075,11.104000000000001,0.0,0.0,418.344,0.0,0.0,0.0,5.737,0,18.0,0.9,309.915,-2.1114,36.87,35.57597732543945,4.98,0.0,0
46592,348.734,11.094000000000001,-0.5,0.0,418.344,0.0,0.0,0.0,5.737,0,14.0,0.91,309.915,-2.1114,37.08,35.57597732543945,4.98,0.0,0
46592,349.075,11.094000000000001,-0.5,0.0,417.981,0.0,0.0,0.0,5.737,0,14.0,0.9,309.825,0.0,36.69,35.57597732543945,4.98,0.0,0
46592,349.075,11.084000000000001,-0.5,0.0,418.283,0.0,0.0,0.0,5.737,0,14.0,0.925,309.915,0.5279,36.36,35.57597732543945,4.98,0.0,0
46592,348.734,11.084000000000001,-0.5,0.0,418.52500000000003,0.0,0.0,0.0,5.737,0,13.0,0.905,309.915,0.5279,36.0,35.57597732543945,4.98,0.0,0
46592,348.734,11.084000000000001,0.0,0.0,418.04200000000003,0.0,0.0,0.0,5.737,0,16.0,0.915,309.915,3.1012,36.18,35.57597732543945,4.98,0.0,0
46592,349.075,11.084000000000001,-0.5,0.0,418.04200000000003,0.0,0.0,0.0,5.737,0,13.0,0.9,309.915,2.7548,36.21,35.57597732543945,4.98,0.0,0
46592,348.90500000000003,11.074,-0.5,0.0,417.981,0.0,0.0,0.0,5.737,0,14.0,0.905,309.915,-0.6598,36.12,35.57597732543945,4.98,0.0,0
46592,349.075,11.074,-0.5,0.0,417.981,0.0,0.0,0.0,5.737,0,14.0,0.9,309.825,-2.0949,35.79,35.57597732543945,4.98,0.0,0
46592,348.734,11.074,-1.0,0.0,418.163,0.0,0.0,0.0,5.737,0,14.0,0.905,309.825,-3.0187,34.95,35.57597732543945,4.98,0.0,0
46592,349.075,11.064,0.0,0.0,417.921,0.0,0.0,0.0,5.737,0,13.0,0.925,309.915,-1.2042000000000002,34.26,35.57597732543945,4.98,0.0,0
46592,349.075,11.064,-1.5,0.0,418.404,0.0,0.0,0.0,5.737,0,13.0,0.895,309.825,5.4106000000000005,33.84,35.57597732543945,4.98,0.0,0
46592,349.075,11.055,-0.5,0.0,418.163,0.0,0.0,0.0,5.737,0,13.0,0.92,309.825,0.2639,34.980000000000004,35.57597732543945,4.98,0.0,0
46592,349.075,11.055,0.0,0.0,417.981,0.0,0.0,0.0,5.737,0,13.0,0.905,309.915,-1.1877,37.02,35.57597732543945,4.98,0.0,0
46592,349.075,11.055,0.0,0.0,417.8,0.0,0.0,0.0,5.737,0,13.0,0.89,309.915,1.864,37.89,35.57597732543945,4.98,0.0,0
46592,349.075,11.045,-1.0,0.0,418.10200000000003,0.0,0.0,0.0,5.737,0,14.0,0.89,309.915,1.4351,37.62,35.57597732543945,4.98,0.0,0
46592,349.075,11.045,-0.5,0.0,418.223,0.0,0.0,0.0,5.737,0,14.0,0.9450000000000001,309.825,-2.8867000000000003,37.62,35.57597732543945,4.98,0.0,0
46592,349.075,11.045,-0.5,0.0,418.223,0.0,0.0,0.0,5.737,0,14.0,0.9,309.915,-0.2639,36.6,35.57597732543945,4.98,0.0,0
46592,348.90500000000003,11.035,-0.5,0.0,417.981,0.0,0.0,0.0,5.737,0,17.0,0.91,309.915,2.3754,36.42,35.57597732543945,4.98,0.0,0
46592,349.075,11.035,-0.5,0.0,417.921,0.0,0.0,0.0,5.737,0,14.0,0.9500000000000001,309.825,0.19790000000000002,36.27,35.57597732543945,4.98,0.0,0
46592,349.075,11.025,-1.0,0.0,418.223,0.0,0.0,0.0,5.737,0,10.0,0.915,309.825,-2.1444,36.0,35.57597732543945,4.98,0.0,0
46592,349.075,11.025,-0.5,0.0,418.10200000000003,0.0,0.0,0.0,5.737,0,13.0,0.9,309.825,0.7423000000000001,35.4,35.57597732543945,4.98,0.0,0
46592,348.90500000000003,11.025,-0.5,0.0,418.10200000000003,0.0,0.0,0.0,5.737,0,15.0,0.9550000000000001,309.915,2.5238,34.29,35.57597732543945,4.98,0.0,0
46592,348.90500000000003,11.016,0.0,0.0,418.223,0.0,0.0,0.0,5.737,0,12.0,0.935,309.915,2.2269,34.02,35.57597732543945,4.98,0.0,0
46592,349.075,11.016,-1.0,0.0,418.10200000000003,0.0,0.0,0.0,5.737,0,11.0,0.92,309.915,0.6598,34.68,35.57597732543945,4.98,0.0,0
46592,349.075,11.016,0.0,0.0,418.04200000000003,0.0,0.0,0.0,5.737,0,14.0,0.88,309.915,0.7918000000000001,34.74,35.57597732543945,4.98,0.0,0
46592,349.075,11.016,-0.5,0.0,418.404,0.0,0.0,0.0,5.737,0,13.0,0.875,309.915,2.6393,36.27,35.57597732543945,4.98,0.0,0
46592,349.075,11.006,-0.5,0.0,418.344,0.0,0.0,0.0,5.737,0,12.0,0.9,309.915,-0.2639,37.68,35.57597732543945,4.98,0.0,0
46592,349.075,11.006,-0.5,0.0,418.10200000000003,0.0,0.0,0.0,5.737,0,13.0,0.895,309.915,-1.5836000000000001,37.74,35.57597732543945,4.98,0.0,0
46592,349.075,10.996,-1.0,0.0,418.10200000000003,0.0,0.0,0.0,5.737,0,13.0,0.89,309.915,0.0,37.77,35.57597732543945,4.98,0.0,0
46592,348.90500000000003,10.996,-0.5,0.0,417.86,0.0,0.0,0.0,5.737,0,13.0,0.87,309.915,0.0,37.5,35.57597732543945,4.98,0.0,0
46592,348.90500000000003,10.996,0.0,0.0,417.921,0.0,0.0,0.0,5.737,0,15.0,0.9400000000000001,309.825,-1.8475000000000001,37.02,35.57597732543945,4.98,0.0,0
46592,348.90500000000003,10.986,0.5,0.0,418.04200000000003,0.0,0.0,0.0,5.737,0,13.0,0.925,309.825,0.066,37.44,35.57597732543945,4.98,0.0,0
46592,349.075,10.986,-0.5,0.0,417.73900000000003,0.0,0.0,0.0,5.737,0,11.0,0.89,309.915,0.2639,37.14,35.57597732543945,4.98,0.0,0
46592,349.075,10.986,0.0,0.0,417.921,0.0,0.0,0.0,5.737,0,14.0,0.9,309.915,-1.1217000000000001,36.57,35.57597732543945,4.98,0.0,0
46592,348.734,10.977,0.0,0.0,418.283,0.0,0.0,0.0,5.737,0,15.0,0.875,310.005,2.1114,35.46,35.57597732543945,4.98,0.0,0
46592,349.075,10.977,-0.5,0.0,417.921,0.0,0.0,0.0,5.737,0,13.0,0.9,309.825,0.5938,34.56,35.57597732543945,4.98,0.0,0
46592,349.075,10.977,0.0,0.0,418.10200000000003,0.0,0.0,0.0,5.737,0,16.0,0.9500000000000001,309.915,-0.2639,34.11,35.57597732543945,4.98,0.0,0
46592,348.734,10.967,0.0,0.0,418.10200000000003,0.0,0.0,0.0,5.737,0,12.0,0.915,309.825,-1.4516,34.92,35.57597732543945,4.98,0.0,0
46592,349.075,10.967,-0.5,0.0,418.10200000000003,0.0,0.0,0.0,5.737,0,12.0,0.935,309.915,2.3754,36.12,35.57597732543945,4.98,0.0,0
46592,349.246,10.957,0.0,0.0,417.921,0.0,0.0,0.0,5.737,0,14.0,0.895,309.825,-0.46190000000000003,37.74,35.57597732543945,4.98,0.0,0
46592,349.075,10.957,0.0,0.0,417.921,0.0,0.0,0.0,5.737,0,12.0,0.9,309.825,-2.1114,38.79,35.57597732543945,4.98,0.0,0
46592,349.075,10.957,0.0,0.0,418.10200000000003,0.0,0.0,0.0,5.737,0,15.0,0.925,309.915,-1.5836000000000001,37.95,35.57597732543945,4.98,0.0,0
46592,349.246,10.947000000000001,0.0,0.0,418.223,0.0,0.0,0.0,5.737,0,13.0,0.915,309.825,0.5279,36.69,35.57597732543945,4.98,0.0,0
46592,348.734,10.947000000000001,-1.0,0.0,418.223,0.0,0.0,0.0,5.737,0,14.0,0.925,309.915,0.5114000000000001,36.660000000000004,35.57597732543945,4.98,0.0,0
46592,348.90500000000003,10.947000000000001,-0.5,0.0,418.163,0.0,0.0,0.0,5.737,0,17.0,0.905,309.825,-0.132,35.76,35.57597732543945,4.98,0.0,0
46592,348.90500000000003,10.947000000000001,0.0,0.0,417.73900000000003,0.0,0.0,0.0,5.737,0,14.0,0.9,309.915,-0.2639,35.52,35.57597732543945,4.98,0.0,0
46592,349.075,10.938,-0.5,0.0,417.558,0.0,0.0,0.0,5.737,0,10.0,0.9450000000000001,309.915,-0.8083,35.82,35.57597732543945,4.98,0.0,0
46592,349.075,10.938,0.0,0.0,417.73900000000003,0.0,0.0,0.0,5.737,0,14.0,0.91,309.915,0.2474,36.36,35.57597732543945,4.98,0.0,0
46592,348.90500000000003,10.938,0.0,0.0,418.10200000000003,0.0,0.0,0.0,5.737,0,12.0,0.875,309.825,-0.2639,36.15,35.57597732543945,4.98,0.0,0
46592,349.075,10.928,-0.5,0.0,417.8,0.0,0.0,0.0,5.737,0,17.0,0.88,309.915,-4.0909,35.85,35.57597732543945,4.98,0.0,0
46592,349.075,10.928,-0.5,0.0,417.8,0.0,0.0,0.0,5.737,0,14.0,0.92,309.915,-0.5444,34.68,35.57597732543945,4.98,0.0,0
46592,349.075,10.918000000000001,0.0,0.0,418.04200000000003,0.0,0.0,0.0,5.737,0,12.0,0.92,309.825,3.1672000000000002,34.83,35.57597732543945,4.98,0.0,0
46592,348.90500000000003,10.918000000000001,-0.5,0.0,418.10200000000003,0.0,0.0,0.0,5.737,0,15.0,0.96,309.915,0.7753,35.85,35.57597732543945,4.98,0.0,0
46592,349.075,10.918000000000001,0.0,0.0,418.163,0.0,0.0,0.0,5.737,0,13.0,0.895,309.915,0.39590000000000003,36.72,35.57597732543945,4.98,0.0,0
46592,349.075,10.908000000000001,-0.5,0.0,418.404,0.0,0.0,0.0,5.737,0,13.0,0.88,309.915,1.7155,37.14,35.57597732543945,4.98,0.0,0
46592,349.075,10.908000000000001,-0.5,0.0,418.223,0.0,0.0,0.0,5.737,0,11.0,0.895,309.915,-1.1877,37.17,35.57597732543945,4.98,0.0,0
46592,348.90500000000003,10.908000000000001,-0.5,0.0,418.04200000000003,0.0,0.0,0.0,5.737,0,18.0,0.925,309.915,-1.3196,37.02,35.57597732543945,4.98,0.0,0
46592,349.246,10.898,0.0,0.0,418.344,0.0,0.0,0.0,5.737,0,13.0,0.88,309.915,1.8475000000000001,36.51,35.57597732543945,4.98,0.0,0
46592,348.90500000000003,10.898,-0.5,0.0,418.586,0.0,0.0,0.0,5.737,0,15.0,0.905,309.915,1.7155,35.94,35.57597732543945,4.98,0.0,0
46592,349.075,10.898,0.0,0.0,418.10200000000003,0.0,0.0,0.0,5.737,0,14.0,0.91,309.825,0.0165,35.160000000000004,35.57597732543945,4.98,0.0,0
46592,349.246,10.889000000000001,-0.5,0.0,418.04200000000003,0.0,0.0,0.0,5.737,0,15.0,0.91,310.005,-1.4516,35.25,35.57597732543945,4.98,0.0,0
46592,349.075,10.889000000000001,0.0,0.0,418.10200000000003,0.0,0.0,0.0,5.737,0,12.0,0.885,309.915,-0.2639,34.74,35.57597732543945,4.98,0.0,0
46592,349.075,10.889000000000001,0.0,0.0,418.10200000000003,0.0,0.0,0.0,5.737,0,17.0,0.935,309.915,2.3754,35.04,35.57597732543945,4.98,0.0,0
46592,349.075,10.879000000000001,-0.5,0.0,417.86,0.0,0.0,0.0,5.737,0,14.0,0.915,309.915,-2.8867000000000003,34.71,35.57597732543945,4.98,0.0,0
46592,348.90500000000003,10.879000000000001,0.0,0.0,417.981,0.0,0.0,0.0,5.737,0,13.0,0.9,309.825,-3.1507,35.28,35.57597732543945,4.98,0.0,0
46592,349.075,10.869,0.0,0.0,418.04200000000003,0.0,0.0,0.0,5.737,0,18.0,0.875,309.915,1.5836000000000001,36.54,35.57597732543945,4.98,0.0,0
46592,348.734,10.869,-0.5,0.0,418.223,0.0,0.0,0.0,5.737,0,14.0,0.91,309.915,2.3589,37.26,35.57597732543945,4.98,0.0,0
46592,349.075,10.869,-1.0,0.0,417.921,0.0,0.0,0.0,5.737,0,12.0,0.905,309.915,1.4351,37.44,35.57597732543945,4.98,0.0,0
46592,349.246,10.859,-0.5,0.0,417.618,0.0,0.0,0.0,5.737,0,12.0,0.905,309.915,0.0,37.53,35.57597732543945,4.98,0.0,0
46592,349.075,10.859,0.0,0.0,417.558,0.0,0.0,0.0,5.737,0,12.0,0.93,309.915,-1.1877,36.15,35.57597732543945,4.98,0.0,0
46592,349.075,10.859,-0.5,0.0,417.67900000000003,0.0,0.0,0.0,5.737,0,18.0,0.88,309.915,-1.3196,36.09,35.57597732543945,4.98,0.0,0
46592,349.246,10.859,-0.5,0.0,417.67900000000003,0.0,0.0,0.0,5.737,0,14.0,0.91,309.915,-1.0557,36.18,35.57597732543945,4.98,0.0,0
46592,349.075,10.85,-0.5,0.0,417.86,0.0,0.0,0.0,5.737,0,12.0,0.93,309.825,0.5938,36.42,35.57597732543945,4.98,0.0,0
46592,349.075,10.85,0.0,0.0,417.497,0.0,0.0,0.0,5.737,0,14.0,0.935,309.915,0.5279,35.7,35.57597732543945,4.98,0.0,0
46592,348.90500000000003,10.85,-0.5,0.0,417.67900000000003,0.0,0.0,0.0,5.737,0,15.0,0.93,309.915,1.5836000000000001,35.22,35.57597732543945,4.98,0.0,0
46592,349.075,10.84,0.0,0.0,417.73900000000003,0.0,0.0,0.0,5.737,0,14.0,0.92,309.825,-0.2639,34.35,35.57597732543945,4.98,0.0,0
46592,349.075,10.84,0.0,0.0,417.8,0.0,0.0,0.0,5.737,0,16.0,0.925,309.915,-4.7507,34.29,35.57597732543945,4.98,0.0,0
46592,348.90500000000003,10.84,-0.5,0.0,417.921,0.0,0.0,0.0,5.737,0,13.0,0.905,309.915,0.7918000000000001,35.13,35.57597732543945,4.98,0.0,0
46592,349.075,10.83,0.0,0.0,418.163,0.0,0.0,0.0,5.737,0,18.0,0.9400000000000001,309.915,3.629,35.79,35.57597732543945,4.98,0.0,0
46592,349.416,10.83,-0.5,0.0,418.404,0.0,0.0,0.0,5.737,0,14.0,0.92,310.005,0.5279,36.24,35.57597732543945,4.98,0.0,0
46592,349.075,10.82,0.0,0.0,418.223,0.0,0.0,0.0,5.737,0,16.0,0.89,309.915,-2.1114,36.69,35.57597732543945,4.98,0.0,0
46592,349.075,10.82,0.0,0.0,417.67900000000003,0.0,0.0,0.0,5.737,0,14.0,0.905,309.825,-1.3196,37.14,35.57597732543945,4.98,0.0,0
46592,349.075,10.82,-0.5,0.0,417.73900000000003,0.0,0.0,0.0,5.737,0,12.0,0.93,310.005,0.5279,37.29,35.57597732543945,4.98,0.0,0
46592,348.90500000000003,10.811,0.0,0.0,417.73900000000003,0.0,0.0,0.0,5.737,0,13.0,0.9500000000000001,309.915,1.3196,37.08,35.57597732543945,4.98,0.0,0
46592,348.734,10.811,-0.5,0.0,417.73900000000003,0.0,0.0,0.0,5.737,0,14.0,0.89,309.915,0.46190000000000003,37.14,35.57597732543945,4.98,0.0,0
46592,348.734,10.811,0.0,0.0,417.86,0.0,0.0,0.0,5.737,0,15.0,0.915,309.825,-4.7507,36.54,35.57597732543945,4.98,0.0,0
46592,348.90500000000003,10.801,-0.5,0.0,417.8,0.0,0.0,0.0,5.737,0,13.0,0.9,309.915,1.0557,34.92,35.57597732543945,4.98,0.0,0
46592,349.416,10.801,0.0,0.0,417.558,0.0,0.0,0.0,5.737,0,14.0,0.9550000000000001,309.825,-1.0557,33.63,35.57597732543945,4.98,0.0,0
46592,349.075,10.801,-0.5,0.0,417.618,0.0,0.0,0.0,5.737,0,11.0,0.905,310.005,-0.132,33.15,35.57597732543945,4.98,0.0,0
46592,348.90500000000003,10.791,0.0,0.0,417.618,0.0,0.0,0.0,5.737,0,14.0,0.905,309.915,2.6393,33.45,35.57597732543945,4.98,0.0,0
46592,349.075,10.791,-0.5,0.0,417.618,0.0,0.0,0.0,5.737,0,16.0,0.88,309.915,2.9032,33.45,35.57597732543945,4.98,0.0,0
46592,349.416,10.791,0.0,0.0,417.8,0.0,0.0,0.0,5.737,0,14.0,0.925,309.915,-2.5898000000000003,34.800000000000004,35.57597732543945,4.98,0.0,0
46592,348.90500000000003,10.791,-1.0,0.0,417.73900000000003,0.0,0.0,0.0,5.737,0,17.0,0.925,309.915,-1.7650000000000001,36.15,35.57597732543945,4.98,0.0,0
46592,348.734,10.781,-0.5,0.0,418.10200000000003,0.0,0.0,0.0,5.737,0,14.0,0.905,309.915,1.5176,36.51,35.57597732543945,4.98,0.0,0
46592,349.075,10.781,-0.5,0.0,417.921,0.0,0.0,0.0,5.737,0,12.0,0.88,310.005,-1.3361,36.54,35.57597732543945,4.98,0.0,0
46592,349.246,10.771,-0.5,0.0,418.10200000000003,0.0,0.0,0.0,5.737,0,12.0,0.925,309.825,-1.1712,36.09,35.57597732543945,4.98,0.0,0
46592,349.075,10.771,-0.5,0.0,417.558,0.0,0.0,0.0,5.737,0,17.0,0.915,309.915,1.4516,35.49,35.57597732543945,4.98,0.0,0
46592,349.075,10.771,0.0,0.0,417.437,0.0,0.0,0.0,5.737,0,13.0,0.9400000000000001,309.825,-0.39590000000000003,35.34,35.57597732543945,4.98,0.0,0
46592,349.075,10.762,-0.5,0.0,417.437,0.0,0.0,0.0,5.737,0,11.0,0.9,309.825,-0.6598,35.61,35.57597732543945,4.98,0.0,0
46592,349.075,10.762,-0.5,0.0,417.255,0.0,0.0,0.0,5.737,0,13.0,0.885,309.825,-3.6620000000000004,35.46,35.57597732543945,4.98,0.0,0
46592,349.075,10.762,0.0,0.0,417.618,0.0,0.0,0.0,5.737,0,14.0,0.92,309.825,-0.6598,34.56,35.57597732543945,4.98,0.0,0
46592,349.246,10.752,-0.5,0.0,417.8,0.0,0.0,0.0,5.737,0,14.0,0.96,309.825,1.3361,33.75,35.57597732543945,4.98,0.0,0
46592,349.075,10.752,-1.0,0.0,417.497,0.0,0.0,0.0,5.737,0,12.0,0.885,309.915,4.3383,33.36,35.57597732543945,4.98,0.0,0
46592,349.075,10.752,0.0,0.0,417.921,0.0,0.0,0.0,5.737,0,15.0,0.87,309.915,2.7713,34.02,35.57597732543945,4.98,0.0,0
46592,349.075,10.742,-1.0,0.0,418.04200000000003,0.0,0.0,0.0,5.737,0,13.0,0.9,309.915,-1.2042000000000002,35.25,35.57597732543945,4.98,0.0,0
46592,349.075,10.742,-0.5,0.0,417.981,0.0,0.0,0.0,5.737,0,13.0,0.895,309.825,-3.794,36.15,35.57597732543945,4.98,0.0,0
46592,349.075,10.742,0.0,0.0,417.558,0.0,0.0,0.0,5.737,0,14.0,0.9400000000000001,309.825,-1.5671000000000002,36.57,35.57597732543945,4.98,0.0,0
46592,349.075,10.732000000000001,-0.5,0.0,417.8,0.0,0.0,0.0,5.737,0,13.0,0.89,309.825,-1.3196,36.21,35.57597732543945,4.98,0.0,0
46592,349.246,10.732000000000001,0.0,0.0,417.558,0.0,0.0,0.0,5.737,0,14.0,0.905,310.005,1.2867,35.22,35.57597732543945,4.98,0.0,0
46592,349.416,10.732000000000001,0.0,0.0,417.618,0.0,0.0,0.0,5.737,0,13.0,0.875,310.005,5.526000000000001,34.62,35.57597732543945,4.98,0.0,0
46592,349.075,10.723,-0.5,0.0,417.37600000000003,0.0,0.0,0.0,5.737,0,14.0,0.92,310.005,0.23090000000000002,34.95,35.57597732543945,4.98,0.0,0
46592,349.075,10.723,-1.0,0.0,417.67900000000003,0.0,0.0,0.0,5.737,0,13.0,0.905,309.915,0.2474,35.22,35.57597732543945,4.98,0.0,0
46592,349.246,10.723,0.0,0.0,417.86,0.0,0.0,0.0,5.737,0,12.0,0.9550000000000001,309.825,0.165,35.4,35.57597732543945,4.98,0.0,0
46592,349.075,10.713000000000001,0.0,0.0,417.618,0.0,0.0,0.0,5.737,0,18.0,0.91,309.825,-3.2991,34.89,35.57597732543945,4.98,0.0,0
46592,349.416,10.713000000000001,0.0,0.0,417.67900000000003,0.0,0.0,0.0,5.737,0,14.0,0.92,309.915,-1.3196,34.5,35.57597732543945,4.98,0.0,0
46592,349.075,10.713000000000001,0.0,0.0,417.921,0.0,0.0,0.0,5.737,0,13.0,0.905,309.825,-0.1155,34.38,35.57597732543945,4.98,0.0,0
46592,349.075,10.703000000000001,-0.5,0.0,417.73900000000003,0.0,0.0,0.0,5.737,0,13.0,0.93,309.825,1.7155,33.93,35.57597732543945,4.98,0.0,0
46592,349.246,10.703000000000001,-0.5,0.0,417.497,0.0,0.0,0.0,5.737,0,13.0,0.9450000000000001,309.825,-0.2474,34.410000000000004,35.57597732543945,4.98,0.0,0
46592,349.075,10.703000000000001,-0.5,0.0,417.618,0.0,0.0,0.0,5.737,0,12.0,0.915,309.825,0.7918000000000001,35.49,35.57597732543945,4.98,0.0,0
46592,349.075,10.693000000000001,-0.5,0.0,417.8,0.0,0.0,0.0,5.737,0,14.0,0.96,309.915,-1.1877,36.24,35.57597732543945,4.98,0.0,0
46592,349.075,10.693000000000001,-0.5,0.0,417.921,0.0,0.0,0.0,5.737,0,13.0,0.905,309.915,1.699,37.26,35.57597732543945,4.98,0.0,0
46592,349.075,10.693000000000001,-0.5,0.0,417.921,0.0,0.0,0.0,5.737,0,13.0,0.89,309.915,1.5176,37.35,35.57597732543945,4.98,0.0,0
46592,348.90500000000003,10.684000000000001,-1.5,0.0,417.67900000000003,0.0,0.0,0.0,5.737,0,17.0,0.87,309.825,2.6393,36.69,35.57597732543945,4.98,0.0,0
46592,349.075,10.684000000000001,-1.0,0.0,417.558,0.0,0.0,0.0,5.737,0,14.0,0.9400000000000001,310.005,0.46190000000000003,35.37,35.57597732543945,4.98,0.0,0
46592,349.246,10.684000000000001,0.0,0.0,417.497,0.0,0.0,0.0,5.737,0,15.0,0.91,309.825,-1.5836000000000001,35.01,35.57597732543945,4.98,0.0,0
46592,348.90500000000003,10.674000000000001,-0.5,0.0,417.558,0.0,0.0,0.0,5.737,0,12.0,0.905,309.825,-2.6393,35.28,35.57597732543945,4.98,0.0,0
46592,349.246,10.674000000000001,-0.5,0.0,417.618,0.0,0.0,0.0,5.737,0,13.0,0.935,309.825,-2.6393,36.0,35.57597732543945,4.98,0.0,0
46592,349.075,10.674000000000001,-0.5,0.0,417.497,0.0,0.0,0.0,5.737,0,14.0,0.89,309.915,2.0455,36.69,35.57597732543945,4.98,0.0,0
46592,349.246,10.664,0.0,0.0,417.558,0.0,0.0,0.0,5.737,0,13.0,0.9400000000000001,309.825,-1.8475000000000001,36.27,35.57597732543945,4.98,0.0,0
46592,349.246,10.664,0.0,0.0,417.618,0.0,0.0,0.0,5.737,0,14.0,0.92,309.915,-3.4971,35.01,35.57597732543945,4.98,0.0,0
46592,349.075,10.664,-0.5,0.0,417.558,0.0,0.0,0.0,5.737,0,14.0,0.885,309.915,0.132,33.75,35.57597732543945,4.98,0.0,0
46592,349.246,10.654,-0.5,0.0,417.437,0.0,0.0,0.0,5.737,0,15.0,0.915,309.825,2.6393,33.36,35.57597732543945,4.98,0.0,0
46592,349.246,10.654,0.0,0.0,417.437,0.0,0.0,0.0,5.737,0,14.0,0.925,309.915,-0.7918000000000001,34.800000000000004,35.57597732543945,4.98,0.0,0
46592,349.075,10.654,-0.5,0.0,417.73900000000003,0.0,0.0,0.0,5.737,0,14.0,0.91,309.915,-3.4311000000000003,36.33,35.57597732543945,4.98,0.0,0
46592,349.246,10.645000000000001,-0.5,0.0,417.73900000000003,0.0,0.0,0.0,5.737,0,13.0,0.88,309.915,2.5073000000000003,36.72,35.57597732543945,4.98,0.0,0
46592,349.075,10.645000000000001,0.0,0.0,417.558,0.0,0.0,0.0,5.737,0,12.0,0.895,309.825,0.066,36.480000000000004,35.57597732543945,4.98,0.0,0
46592,349.075,10.645000000000001,-0.5,0.0,417.558,0.0,0.0,0.0,5.737,0,14.0,0.9400000000000001,309.825,-1.5836000000000001,36.21,35.57597732543945,4.98,0.0,0
46592,349.075,10.645000000000001,-0.5,0.0,417.558,0.0,0.0,0.0,5.737,0,14.0,0.92,309.825,-1.8310000000000002,36.18,35.57597732543945,4.98,0.0,0
46592,348.90500000000003,10.635,-1.0,0.0,417.558,0.0,0.0,0.0,5.737,0,13.0,0.96,309.825,-2.4908,35.76,35.57597732543945,4.98,0.0,0
46592,349.246,10.635,-1.0,0.0,417.497,0.0,0.0,0.0,5.737,0,15.0,0.89,309.825,0.0,36.21,35.57597732543945,4.98,0.0,0
46592,349.246,10.635,0.0,0.0,417.73900000000003,0.0,0.0,0.0,5.737,0,13.0,0.92,309.825,0.2639,35.88,35.57597732543945,4.98,0.0,0
46592,349.075,10.625,-0.5,0.0,417.558,0.0,0.0,0.0,5.737,0,15.0,0.88,309.915,-0.6763,35.28,35.57597732543945,4.98,0.0,0
46592,349.075,10.625,0.0,0.0,417.31600000000003,0.0,0.0,0.0,5.737,0,13.0,0.91,309.825,1.732,34.68,35.57597732543945,4.98,0.0,0
46592,349.075,10.625,-0.5,0.0,417.558,0.0,0.0,0.0,5.737,0,13.0,0.925,309.915,1.699,33.84,35.57597732543945,4.98,0.0,0
46592,349.246,10.615,0.0,0.0,417.497,0.0,0.0,0.0,5.737,0,17.0,0.9500000000000001,309.915,2.6228000000000002,33.72,35.57597732543945,4.98,0.0,0
46592,349.246,10.615,0.0,0.0,417.73900000000003,0.0,0.0,0.0,5.737,0,13.0,0.905,309.915,-0.14850000000000002,33.87,35.57597732543945,4.98,0.0,0
46592,349.075,10.615,-0.5,0.0,417.618,0.0,0.0,0.0,5.737,0,13.0,0.925,309.825,-3.0187,35.13,35.57597732543945,4.98,0.0,0
46592,348.734,10.605,0.0,0.0,417.37600000000003,0.0,0.0,0.0,5.737,0,13.0,0.895,309.825,-0.2474,36.69,35.57597732543945,4.98,0.0,0
46592,349.075,10.605,0.0,0.0,417.558,0.0,0.0,0.0,5.737,0,12.0,0.93,309.825,-1.1877,37.59,35.57597732543945,4.98,0.0,0
46592,349.075,10.605,0.0,0.0,417.255,0.0,0.0,0.0,5.737,0,15.0,0.93,309.825,-0.5279,37.5,35.57597732543945,4.98,0.0,0
46592,349.246,10.596,0.5,0.0,417.558,0.0,0.0,0.0,5.737,0,13.0,0.91,309.825,0.14850000000000002,36.81,35.57597732543945,4.98,0.0,0
46592,349.075,10.596,-1.0,0.0,417.558,0.0,0.0,0.0,5.737,0,15.0,0.91,309.915,4.3383,36.69,35.57597732543945,4.98,0.0,0
46592,348.90500000000003,10.596,-0.5,0.0,417.558,0.0,0.0,0.0,5.737,0,13.0,0.915,309.915,4.2229,35.7,35.57597732543945,4.98,0.0,0
46592,348.734,10.586,-0.5,0.0,417.437,0.0,0.0,0.0,5.737,0,12.0,0.9,309.825,0.6598,35.25,35.57597732543945,4.98,0.0,0
46592,349.075,10.586,-0.5,0.0,417.497,0.0,0.0,0.0,5.737,0,14.0,0.93,310.005,-0.6598,34.71,35.57597732543945,4.98,0.0,0
46592,349.075,10.586,0.0,0.0,417.437,0.0,0.0,0.0,5.737,0,14.0,0.93,309.915,-0.132,34.980000000000004,35.57597732543945,4.98,0.0,0
46592,349.075,10.576,0.0,0.0,417.73900000000003,0.0,0.0,0.0,5.737,0,11.0,0.885,309.915,-1.3032000000000001,35.160000000000004,35.57597732543945,4.98,0.0,0
46592,349.246,10.576,-0.5,0.0,417.618,0.0,0.0,0.0,5.737,0,15.0,0.875,309.825,-2.3424,35.82,35.57597732543945,4.98,0.0,0
46592,349.075,10.576,-0.5,0.0,417.618,0.0,0.0,0.0,5.737,0,13.0,0.915,309.915,0.9073,35.76,35.57597732543945,4.98,0.0,0
46592,349.246,10.576,0.0,0.0,417.73900000000003,0.0,0.0,0.0,5.737,0,13.0,0.93,309.915,0.7918000000000001,35.76,35.57597732543945,4.98,0.0,0
46592,348.90500000000003,10.566,0.0,0.0,417.618,0.0,0.0,0.0,5.737,0,13.0,0.89,309.915,0.5279,36.39,35.57597732543945,4.98,0.0,0
46592,349.075,10.566,-0.5,0.0,417.8,0.0,0.0,0.0,5.737,0,18.0,0.875,309.825,-1.5836000000000001,37.02,35.57597732543945,4.98,0.0,0
46592,349.075,10.566,-0.5,0.0,417.86,0.0,0.0,0.0,5.737,0,19.0,0.895,309.825,-4.6848,36.99,35.57597732543945,4.98,0.0,0
46592,349.246,10.557,-0.5,0.0,417.921,0.0,0.0,0.0,5.737,0,13.0,0.87,309.915,0.39590000000000003,37.02,35.57597732543945,4.98,0.0,0
46592,349.075,10.557,0.0,0.0,417.558,0.0,0.0,0.0,5.737,0,14.0,0.87,309.915,4.9487000000000005,37.38,35.57597732543945,4.98,0.0,0
46592,349.246,10.557,0.0,0.0,417.558,0.0,0.0,0.0,5.737,0,17.0,0.93,309.915,1.5836000000000001,36.96,35.57597732543945,4.98,0.0,0
46592,349.246,10.547,-0.5,0.0,417.86,0.0,0.0,0.0,5.737,0,14.0,0.91,309.915,1.0557,36.45,35.57597732543945,4.98,0.0,0
46592,349.075,10.547,0.0,0.0,417.921,0.0,0.0,0.0,5.737,0,10.0,0.88,309.825,-0.5279,35.76,35.57597732543945,4.98,0.0,0
46592,349.075,10.547,-0.5,0.0,417.8,0.0,0.0,0.0,5.737,0,14.0,0.89,309.915,-0.5279,35.22,35.57597732543945,4.98,0.0,0
46592,349.246,10.537,0.0,0.0,417.921,0.0,0.0,0.0,5.737,0,11.0,0.895,309.915,-0.5279,35.07,35.57597732543945,4.98,0.0,0
46592,349.075,10.537,-0.5,0.0,418.10200000000003,0.0,0.0,0.0,5.737,0,16.0,0.905,309.915,-2.9692000000000003,35.01,35.57597732543945,4.98,0.0,0
46592,349.075,10.537,0.0,0.0,417.73900000000003,0.0,0.0,0.0,5.737,0,13.0,0.93,309.915,0.6598,35.64,35.57597732543945,4.98,0.0,0
46592,349.246,10.527000000000001,-0.5,0.0,417.67900000000003,0.0,0.0,0.0,5.737,0,14.0,0.9,309.915,1.5836000000000001,36.27,35.57597732543945,4.98,0.0,0
46592,349.075,10.527000000000001,0.0,0.0,417.73900000000003,0.0,0.0,0.0,5.737,0,13.0,0.935,310.005,2.1114,36.93,35.57597732543945,4.98,0.0,0
46592,349.246,10.527000000000001,-0.5,0.0,418.04200000000003,0.0,0.0,0.0,5.737,0,16.0,0.92,309.915,-0.5279,37.050000000000004,35.57597732543945,4.98,0.0,0
46592,348.734,10.527000000000001,-0.5,0.0,418.04200000000003,0.0,0.0,0.0,5.737,0,18.0,0.915,309.915,-0.19790000000000002,37.14,35.57597732543945,4.98,0.0,0
46592,348.734,10.518,-0.5,0.0,418.10200000000003,0.0,0.0,0.0,5.737,0,13.0,0.935,309.825,0.0825,37.62,35.57597732543945,4.98,0.0,0
46592,348.90500000000003,10.518,0.0,0.0,418.10200000000003,0.0,0.0,0.0,5.737,0,11.0,0.925,309.915,1.9300000000000002,37.2,35.57597732543945,4.98,0.0,0
46592,349.075,10.518,0.0,0.0,417.921,0.0,0.0,0.0,5.737,0,16.0,0.91,309.915,0.7918000000000001,37.11,35.57597732543945,4.98,0.0,0
46592,349.075,10.508000000000001,-0.5,0.0,417.921,0.0,0.0,0.0,5.737,0,14.0,0.915,309.915,0.9402,36.87,35.57597732543945,4.98,0.0,0
46592,349.246,10.508000000000001,0.0,0.0,417.86,0.0,0.0,0.0,5.737,0,14.0,0.925,309.915,-1.3196,35.910000000000004,35.57597732543945,4.98,0.0,0
46592,349.246,10.508000000000001,0.0,0.0,417.981,0.0,0.0,0.0,5.737,0,15.0,0.895,309.825,-1.5671000000000002,34.83,35.57597732543945,4.98,0.0,0
46592,349.075,10.498000000000001,-0.5,0.0,417.921,0.0,0.0,0.0,5.737,0,18.0,0.935,309.915,-1.0557,33.75,35.57597732543945,4.98,0.0,0
46592,349.246,10.498000000000001,0.0,0.0,418.04200000000003,0.0,0.0,0.0,5.737,0,14.0,0.875,309.915,0.0,34.44,35.57597732543945,4.98,0.0,0
46592,349.075,10.498000000000001,-0.5,0.0,417.981,0.0,0.0,0.0,5.737,0,10.0,0.925,309.915,1.0392000000000001,34.980000000000004,35.57597732543945,4.98,0.0,0
46592,349.075,10.488000000000001,-0.5,0.0,418.04200000000003,0.0,0.0,0.0,5.737,0,15.0,0.87,309.825,0.39590000000000003,35.88,35.57597732543945,4.98,0.0,0
46592,349.075,10.488000000000001,-1.0,0.0,417.981,0.0,0.0,0.0,5.737,0,12.0,0.925,309.825,-0.9073,37.35,35.57597732543945,4.98,0.0,0
46592,348.734,10.488000000000001,0.0,0.0,417.67900000000003,0.0,0.0,0.0,5.737,0,11.0,0.93,309.825,-1.5671000000000002,37.59,35.57597732543945,4.98,0.0,0
46592,349.075,10.479000000000001,0.0,0.0,417.37600000000003,0.0,0.0,0.0,5.737,0,17.0,0.9400000000000001,309.915,-0.34640000000000004,37.08,35.57597732543945,4.98,0.0,0
46592,348.734,10.479000000000001,-0.5,0.0,417.8,0.0,0.0,0.0,5.737,0,13.0,0.92,310.005,2.6888,36.84,35.57597732543945,4.98,0.0,0
46592,349.246,10.479000000000001,0.0,0.0,417.86,0.0,0.0,0.0,5.737,0,12.0,0.925,309.915,2.6888,36.480000000000004,35.57597732543945,4.98,0.0,0
46592,349.075,10.469000000000001,0.0,0.0,417.8,0.0,0.0,0.0,5.737,0,16.0,0.875,309.915,0.2639,36.06,35.57597732543945,4.98,0.0,0
46592,349.246,10.469000000000001,-0.5,0.0,417.8,0.0,0.0,0.0,5.737,0,12.0,0.87,309.915,1.4681,35.730000000000004,35.57597732543945,4.98,0.0,0
46592,349.246,10.469000000000001,-0.5,0.0,417.86,0.0,0.0,0.0,5.737,0,13.0,0.87,310.005,2.4743,35.7,35.57597732543945,4.98,0.0,0
46592,349.075,10.459,-0.5,0.0,417.497,0.0,0.0,0.0,5.737,0,15.0,0.91,309.825,1.864,35.61,35.57597732543945,4.98,0.0,0
46592,349.075,10.459,-0.5,0.0,417.37600000000003,0.0,0.0,0.0,5.737,0,12.0,0.905,309.825,-3.6620000000000004,35.730000000000004,35.57597732543945,4.98,0.0,0
46592,349.075,10.459,0.0,0.0,417.618,0.0,0.0,0.0,5.737,0,12.0,0.935,310.005,-2.6393,35.730000000000004,35.57597732543945,4.98,0.0,0
46592,349.416,10.459,0.0,0.0,417.618,0.0,0.0,0.0,5.737,0,13.0,0.91,310.005,-1.5836000000000001,35.730000000000004,35.57597732543945,4.98,0.0,0
46592,349.075,10.449,-0.5,0.0,417.73900000000003,0.0,0.0,0.0,5.737,0,14.0,0.9450000000000001,309.915,3.4311000000000003,36.0,35.57597732543945,4.98,0.0,0
46592,348.90500000000003,10.449,-1.0,0.0,417.86,0.0,0.0,0.0,5.737,0,17.0,0.935,309.915,-1.1217000000000001,36.6,35.57597732543945,4.98,0.0,0
46592,349.075,10.449,-0.5,0.0,417.73900000000003,0.0,0.0,0.0,5.737,0,17.0,0.9450000000000001,309.915,-2.1114,37.11,35.57597732543945,4.98,0.0,0
46592,349.075,10.439,-0.5,0.0,417.558,0.0,0.0,0.0,5.737,0,14.0,0.925,309.915,-1.5836000000000001,37.32,35.57597732543945,4.98,0.0,0
46592,349.075,10.439,-0.5,0.0,417.73900000000003,0.0,0.0,0.0,5.737,0,14.0,0.895,309.825,-0.5279,36.480000000000004,35.57597732543945,4.98,0.0,0
46592,349.246,10.439,0.0,0.0,417.558,0.0,0.0,0.0,5.737,0,12.0,0.93,309.915,0.5279,36.84,35.57597732543945,4.98,0.0,0
46592,349.246,10.43,0.0,0.0,417.73900000000003,0.0,0.0,0.0,5.737,0,14.0,0.91,309.825,-1.3196,36.39,35.57597732543945,4.98,0.0,0
46592,349.246,10.43,-0.5,0.0,417.67900000000003,0.0,0.0,0.0,5.737,0,15.0,0.925,309.915,-0.066,36.21,35.57597732543945,4.98,0.0,0
46592,349.075,10.43,-0.5,0.0,417.73900000000003,0.0,0.0,0.0,5.737,0,14.0,0.9400000000000001,309.69,-6.7302,36.51,35.57597732543945,4.98,0.0,0
46592,349.075,10.42,0.0,0.0,417.86,0.0,0.0,0.0,5.737,0,12.0,0.885,309.915,0.7258,36.93,35.57597732543945,4.98,0.0,0
46592,348.90500000000003,10.42,-1.0,0.0,417.921,0.0,0.0,0.0,5.737,0,11.0,0.925,310.005,5.1466,36.69,35.57597732543945,4.98,0.0,0
46592,349.246,10.42,-0.5,0.0,417.558,0.0,0.0,0.0,5.737,0,18.0,0.92,309.915,1.9465000000000001,35.22,35.57597732543945,4.98,0.0,0
46592,348.90500000000003,10.41,-0.5,0.0,417.73900000000003,0.0,0.0,0.0,5.737,0,14.0,0.9400000000000001,309.825,-3.6950000000000003,34.2,35.57597732543945,4.98,0.0,0
46592,349.075,10.41,0.0,0.0,417.73900000000003,0.0,0.0,0.0,5.737,0,14.0,0.9400000000000001,309.915,-0.9897,34.65,35.57597732543945,4.98,0.0,0
46592,349.075,10.41,-0.5,0.0,417.618,0.0,0.0,0.0,5.737,0,15.0,0.9,309.915,1.0557,35.94,35.57597732543945,4.98,0.0,0
46592,349.075,10.4,-0.5,0.0,417.73900000000003,0.0,0.0,0.0,5.737,0,16.0,0.91,309.915,2.5733,37.89,35.57597732543945,4.98,0.0,0
46592,349.075,10.4,-0.5,0.0,417.255,0.0,0.0,0.0,5.737,0,14.0,0.925,309.825,-0.5279,39.33,35.57597732543945,4.98,0.0,0
46592,349.075,10.4,-0.5,0.0,417.31600000000003,0.0,0.0,0.0,5.737,0,12.0,0.91,309.915,-0.5279,38.49,35.57597732543945,4.98,0.0,0
46592,349.246,10.391,-0.5,0.0,417.558,0.0,0.0,0.0,5.737,0,14.0,0.9500000000000001,309.915,0.7918000000000001,37.410000000000004,35.57597732543945,4.98,0.0,0
46592,349.075,10.391,-0.5,0.0,417.558,0.0,0.0,0.0,5.737,0,14.0,0.935,310.005,-0.6598,35.82,35.57597732543945,4.98,0.0,0
46592,349.075,10.391,0.0,0.0,417.981,0.0,0.0,0.0,5.737,0,12.0,0.925,310.005,3.9589000000000003,35.07,35.57597732543945,4.98,0.0,0
46592,349.075,10.381,0.0,0.0,418.163,0.0,0.0,0.0,5.737,0,13.0,0.895,309.915,2.6393,34.71,35.57597732543945,4.98,0.0,0
46592,349.075,10.381,-0.5,0.0,417.8,0.0,0.0,0.0,5.737,0,17.0,0.895,309.915,-3.9589000000000003,34.89,35.57597732543945,4.98,0.0,0
46592,349.075,10.381,0.0,0.0,417.921,0.0,0.0,0.0,5.737,0,14.0,0.895,309.915,-3.629,35.61,35.57597732543945,4.98,0.0,0
46592,349.075,10.381,0.0,0.0,417.8,0.0,0.0,0.0,5.737,0,15.0,0.895,309.915,0.0,35.37,35.57597732543945,4.98,0.0,0
46592,349.075,10.371,0.0,0.0,417.921,0.0,0.0,0.0,5.737,0,12.0,0.895,309.915,1.5836000000000001,35.19,35.57597732543945,4.98,0.0,0
46592,349.246,10.371,-1.0,0.0,417.921,0.0,0.0,0.0,5.737,0,16.0,0.895,310.005,2.1114,34.44,35.57597732543945,4.98,0.0,0
46592,349.075,10.371,-0.5,0.0,418.163,0.0,0.0,0.0,5.737,0,19.0,0.91,309.915,0.5279,35.19,35.57597732543945,4.98,0.0,0
46592,349.075,10.361,-0.5,0.0,417.981,0.0,0.0,0.0,5.737,0,17.0,0.9550000000000001,309.915,-1.0557,36.63,35.57597732543945,4.98,0.0,0
46592,348.90500000000003,10.361,-0.5,0.0,417.618,0.0,0.0,0.0,5.737,0,12.0,0.905,309.915,1.6496000000000002,37.08,35.57597732543945,4.98,0.0,0
46592,349.075,10.361,0.0,0.0,417.618,0.0,0.0,0.0,5.737,0,14.0,0.92,309.915,2.1279,37.17,35.57597732543945,4.98,0.0,0
46592,349.075,10.361,0.0,0.0,417.73900000000003,0.0,0.0,0.0,5.737,0,14.0,0.9,309.825,-1.5671000000000002,37.38,35.57597732543945,4.98,0.0,0
46592,349.075,10.352,-0.5,0.0,417.921,0.0,0.0,0.0,5.737,0,14.0,0.935,309.915,-1.9795,36.63,35.57597732543945,4.98,0.0,0
46592,349.075,10.352,-0.5,0.0,417.73900000000003,0.0,0.0,0.0,5.737,0,12.0,0.88,309.915,1.8475000000000001,36.24,35.57597732543945,4.98,0.0,0
46592,349.075,10.352,-0.5,0.0,417.558,0.0,0.0,0.0,5.737,0,13.0,0.925,309.825,1.732,35.97,35.57597732543945,4.98,0.0,0
46592,349.075,10.342,-0.5,0.0,417.73900000000003,0.0,0.0,0.0,5.737,0,11.0,0.89,309.915,1.1877,34.980000000000004,35.57597732543945,4.98,0.0,0
46592,349.075,10.342,0.0,0.0,417.73900000000003,0.0,0.0,0.0,5.737,0,16.0,0.92,309.915,-0.132,34.800000000000004,35.57597732543945,4.98,0.0,0
46592,349.075,10.342,-0.5,0.0,417.86,0.0,0.0,0.0,5.737,0,18.0,0.925,309.915,-0.6763,34.230000000000004,35.57597732543945,4.98,0.0,0
46592,349.075,10.332,0.0,0.0,417.921,0.0,0.0,0.0,5.737,0,13.0,0.9400000000000001,309.915,1.0722,34.62,35.57597732543945,4.98,0.0,0
46592,349.075,10.332,-0.5,0.0,417.67900000000003,0.0,0.0,0.0,5.737,0,14.0,0.925,309.825,2.7878000000000003,34.65,35.57597732543945,4.98,0.0,0
46592,348.734,10.332,-0.5,0.0,417.73900000000003,0.0,0.0,0.0,5.737,0,13.0,0.93,309.915,-3.1672000000000002,35.4,35.57597732543945,4.98,0.0,0
46592,349.075,10.322000000000001,-0.5,0.0,417.31600000000003,0.0,0.0,0.0,5.737,0,12.0,0.925,309.825,-2.3589,35.97,35.57597732543945,4.98,0.0,0
46592,348.734,10.322000000000001,-0.5,0.0,417.255,0.0,0.0,0.0,5.737,0,14.0,0.9450000000000001,309.915,0.14850000000000002,36.81,35.57597732543945,4.98,0.0,0
46592,349.075,10.322000000000001,0.0,0.0,417.437,0.0,0.0,0.0,5.737,0,16.0,0.935,309.825,1.2042000000000002,37.02,35.57597732543945,4.98,0.0,0
46592,349.075,10.313,0.0,0.0,417.134,0.0,0.0,0.0,5.737,0,17.0,0.895,309.915,1.9795,36.63,35.57597732543945,4.98,0.0,0
46592,349.246,10.313,-0.5,0.0,417.255,0.0,0.0,0.0,5.737,0,16.0,0.885,309.825,2.7878000000000003,37.02,35.57597732543945,4.98,0.0,0
46592,349.246,10.313,-0.5,0.0,417.437,0.0,0.0,0.0,5.737,0,14.0,0.915,309.915,1.0557,36.27,35.57597732543945,4.98,0.0,0
46592,349.246,10.303,-0.5,0.0,417.07300000000004,0.0,0.0,0.0,5.737,0,15.0,0.91,309.915,-4.8827,35.82,35.57597732543945,4.98,0.0,0
46592,349.246,10.303,-0.5,0.0,417.37600000000003,0.0,0.0,0.0,5.737,0,10.0,0.915,309.825,-0.4949,35.52,35.57597732543945,4.98,0.0,0
46592,349.075,10.303,0.0,0.0,417.497,0.0,0.0,0.0,5.737,0,17.0,0.865,309.825,0.0,35.49,35.57597732543945,4.98,0.0,0
46592,349.075,10.303,-0.5,0.0,417.558,0.0,0.0,0.0,5.737,0,16.0,0.93,309.825,1.1217000000000001,35.52,35.57597732543945,4.98,0.0,0
46592,349.246,10.293000000000001,0.5,0.0,417.73900000000003,0.0,0.0,0.0,5.737,0,17.0,0.89,309.915,0.0,35.52,35.57597732543945,4.98,0.0,0
46592,349.075,10.293000000000001,0.0,0.0,417.437,0.0,0.0,0.0,5.737,0,17.0,0.895,309.915,0.46190000000000003,35.43,35.57597732543945,4.98,0.0,0
46592,349.246,10.293000000000001,0.0,0.0,417.618,0.0,0.0,0.0,5.737,0,15.0,0.875,309.915,3.4311000000000003,34.65,35.57597732543945,4.98,0.0,0
46592,349.246,10.283000000000001,-0.5,0.0,417.618,0.0,0.0,0.0,5.737,0,14.0,0.87,309.915,-1.0557,35.25,35.57597732543945,4.98,0.0,0
46592,349.246,10.283000000000001,0.0,0.0,417.8,0.0,0.0,0.0,5.737,0,11.0,0.925,309.915,-1.3196,35.61,35.57597732543945,4.98,0.0,0
46592,349.075,10.283000000000001,-0.5,0.0,417.8,0.0,0.0,0.0,5.737,0,12.0,0.91,309.825,1.6496000000000002,36.39,35.57597732543945,4.98,0.0,0
46592,349.075,10.283000000000001,0.0,0.0,418.10200000000003,0.0,0.0,0.0,5.737,0,13.0,0.895,309.825,-1.3196,36.78,35.57597732543945,4.98,0.0,0
46592,349.075,10.273,0.0,0.0,417.86,0.0,0.0,0.0,5.737,0,17.0,0.895,309.915,-1.5836000000000001,36.93,35.57597732543945,4.98,0.0,0
46592,349.075,10.273,-0.5,0.0,417.73900000000003,0.0,0.0,0.0,5.737,0,12.0,0.885,309.915,-0.2639,36.69,35.57597732543945,4.98,0.0,0
46592,349.075,10.273,-0.5,0.0,417.497,0.0,0.0,0.0,5.737,0,12.0,0.915,309.915,0.9897,36.24,35.57597732543945,4.98,0.0,0
46592,349.075,10.264000000000001,0.0,0.0,417.558,0.0,0.0,0.0,5.737,0,13.0,0.915,309.915,0.2639,35.160000000000004,35.57597732543945,4.98,0.0,0
46592,349.075,10.264000000000001,-0.5,0.0,417.67900000000003,0.0,0.0,0.0,5.737,0,11.0,0.9450000000000001,309.915,0.5279,34.59,35.57597732543945,4.98,0.0,0
46592,349.075,10.264000000000001,-0.5,0.0,417.558,0.0,0.0,0.0,5.737,0,10.0,0.885,309.825,-1.5836000000000001,34.44,35.57597732543945,4.98,0.0,0
46592,349.246,10.254000000000001,-0.5,0.0,417.73900000000003,0.0,0.0,0.0,5.737,0,12.0,0.925,309.915,0.0,34.35,35.57597732543945,4.98,0.0,0
46592,349.075,10.254000000000001,-0.5,0.0,417.618,0.0,0.0,0.0,5.737,0,14.0,0.895,309.915,2.3754,34.65,35.57597732543945,4.98,0.0,0
46592,349.075,10.254000000000001,0.0,0.0,417.73900000000003,0.0,0.0,0.0,5.737,0,17.0,0.905,309.915,0.9897,35.550000000000004,35.57597732543945,4.98,0.0,0
46592,349.075,10.244,0.0,0.0,417.73900000000003,0.0,0.0,0.0,5.737,0,14.0,0.895,309.825,-0.7918000000000001,36.39,35.57597732543945,4.98,0.0,0
46592,349.246,10.244,-0.5,0.0,418.10200000000003,0.0,0.0,0.0,5.737,0,13.0,0.885,309.915,-0.5279,37.02,35.57597732543945,4.98,0.0,0
46592,349.075,10.244,-0.5,0.0,417.921,0.0,0.0,0.0,5.737,0,13.0,0.925,310.005,1.5836000000000001,36.18,35.57597732543945,4.98,0.0,0
46592,349.075,10.234,0.0,0.0,417.921,0.0,0.0,0.0,5.737,0,11.0,0.88,309.825,1.0557,35.82,35.57597732543945,4.98,0.0,0
46592,349.246,10.234,0.0,0.0,417.921,0.0,0.0,0.0,5.737,0,13.0,0.915,309.915,-1.3196,35.52,35.57597732543945,4.98,0.0,0
46592,349.587,10.234,0.0,0.0,418.04200000000003,0.0,0.0,0.0,5.737,0,15.0,0.865,309.915,0.066,36.45,35.57597732543945,4.98,0.0,0
46592,349.246,10.225,-0.5,0.0,417.73900000000003,0.0,0.0,0.0,5.737,0,18.0,0.915,309.915,0.7918000000000001,37.08,35.57597732543945,4.98,0.0,0
46592,349.075,10.225,-0.5,0.0,417.73900000000003,0.0,0.0,0.0,5.737,0,15.0,0.885,309.915,0.6433,37.17,35.57597732543945,4.98,0.0,0
46592,349.075,10.225,-0.5,0.0,417.73900000000003,0.0,0.0,0.0,5.737,0,18.0,0.9550000000000001,309.825,0.41240000000000004,36.99,35.57597732543945,4.98,0.0,0
46592,349.246,10.225,-0.5,0.0,417.73900000000003,0.0,0.0,0.0,5.737,0,15.0,0.9500000000000001,309.825,-0.9073,35.88,35.57597732543945,4.98,0.0,0
46592,349.246,10.225,-0.5,0.0,417.558,0.0,0.0,0.0,5.737,0,13.0,0.925,310.005,-0.14850000000000002,34.56,35.57597732543945,4.98,0.0,0
46592,349.246,10.215,0.0,0.0,417.921,0.0,0.0,0.0,5.737,0,14.0,0.935,309.825,2.1114,33.99,35.57597732543945,4.98,0.0,0
46592,349.075,10.215,0.0,0.0,418.04200000000003,0.0,0.0,0.0,5.737,0,14.0,0.905,309.915,0.0,34.5,35.57597732543945,4.98,0.0,0
46592,349.075,10.215,0.0,0.0,417.921,0.0,0.0,0.0,5.737,0,13.0,0.92,309.825,-1.9465000000000001,34.65,35.57597732543945,4.98,0.0,0
46592,349.075,10.205,0.0,0.0,417.73900000000003,0.0,0.0,0.0,5.737,0,11.0,0.935,309.825,0.14850000000000002,35.94,35.57597732543945,4.98,0.0,0
46592,349.075,10.205,0.0,0.0,417.558,0.0,0.0,0.0,5.737,0,14.0,0.88,309.915,-1.0557,37.44,35.57597732543945,4.98,0.0,0
46592,349.075,10.205,-0.5,0.0,417.558,0.0,0.0,0.0,5.737,0,14.0,0.89,309.825,-0.39590000000000003,37.59,35.57597732543945,4.98,0.0,0
46592,349.246,10.195,-0.5,0.0,417.86,0.0,0.0,0.0,5.737,0,15.0,0.915,309.825,1.0557,36.81,35.57597732543945,4.98,0.0,0
46592,349.246,10.195,-0.5,0.0,418.10200000000003,0.0,0.0,0.0,5.737,0,11.0,0.92,309.915,1.4351,36.24,35.57597732543945,4.98,0.0,0
46592,349.246,10.195,0.0,0.0,417.921,0.0,0.0,0.0,5.737,0,11.0,0.9500000000000001,309.915,0.1155,36.12,35.57597732543945,4.98,0.0,0
46592,349.075,10.186,0.0,0.0,417.67900000000003,0.0,0.0,0.0,5.737,0,15.0,0.9,309.825,-0.1155,37.410000000000004,35.57597732543945,4.98,0.0,0
46592,349.075,10.186,0.0,0.0,417.134,0.0,0.0,0.0,5.737,0,11.0,0.895,309.915,0.2639,37.14,35.57597732543945,4.98,0.0,0
46592,349.075,10.186,0.0,0.0,417.437,0.0,0.0,0.0,5.737,0,12.0,0.93,309.825,-3.8930000000000002,36.63,35.57597732543945,4.98,0.0,0
46592,349.246,10.186,0.0,0.0,417.73900000000003,0.0,0.0,0.0,5.737,0,14.0,0.915,309.915,0.4454,35.550000000000004,35.57597732543945,4.98,0.0,0
46592,349.075,10.176,-0.5,0.0,417.73900000000003,0.0,0.0,0.0,5.737,0,11.0,0.9400000000000001,309.825,2.1939,34.89,35.57597732543945,4.98,0.0,0
46592,349.075,10.176,0.0,0.0,417.73900000000003,0.0,0.0,0.0,5.737,0,12.0,0.875,309.915,-0.41240000000000004,34.32,35.57597732543945,4.98,0.0,0
46592,349.246,10.176,-0.5,0.0,417.8,0.0,0.0,0.0,5.737,0,12.0,0.88,309.915,2.2434000000000003,35.19,35.57597732543945,4.98,0.0,0
46592,349.075,10.166,-0.5,0.0,417.558,0.0,0.0,0.0,5.737,0,12.0,0.91,309.915,3.0187,36.93,35.57597732543945,4.98,0.0,0
46592,349.075,10.166,-0.5,0.0,417.437,0.0,0.0,0.0,5.737,0,19.0,0.93,309.915,-2.6393,38.160000000000004,35.57597732543945,4.98,0.0,0
46592,349.075,10.166,-0.5,0.0,417.558,0.0,0.0,0.0,5.737,0,15.0,0.915,309.915,-2.6393,38.13,35.57597732543945,4.98,0.0,0
46592,349.416,10.166,-0.5,0.0,417.437,0.0,0.0,0.0,5.737,0,15.0,0.935,309.825,0.066,38.52,35.57597732543945,4.98,0.0,0
46592,349.075,10.156,-0.5,0.0,417.255,0.0,0.0,0.0,5.737,0,14.0,0.895,309.69,-5.6745,37.800000000000004,35.57597732543945,4.98,0.0,0
46592,349.075,10.156,-0.5,0.0,417.921,0.0,0.0,0.0,5.737,0,14.0,0.93,309.915,-2.9032,36.480000000000004,35.57597732543945,4.98,0.0,0
46592,349.246,10.156,-0.5,0.0,417.921,0.0,0.0,0.0,5.737,0,12.0,0.905,309.915,3.2991,36.660000000000004,35.57597732543945,4.98,0.0,0
46592,349.246,10.146,0.0,0.0,417.618,0.0,0.0,0.0,5.737,0,13.0,0.935,309.915,3.5301,36.84,35.57597732543945,4.98,0.0,0
46592,349.075,10.146,-0.5,0.0,417.558,0.0,0.0,0.0,5.737,0,19.0,0.9400000000000001,309.915,0.2639,36.27,35.57597732543945,4.98,0.0,0
46592,348.90500000000003,10.146,0.0,0.0,418.283,0.0,0.0,0.0,5.737,0,13.0,0.9400000000000001,309.825,-2.0455,35.910000000000004,35.57597732543945,4.98,0.0,0
46592,349.246,10.137,0.0,0.0,417.921,0.0,0.0,0.0,5.737,0,12.0,0.91,309.825,-1.3196,34.980000000000004,35.57597732543945,4.98,0.0,0
46592,349.075,10.137,-0.5,0.0,417.73900000000003,0.0,0.0,0.0,5.737,0,13.0,0.915,309.825,-3.629,34.08,35.57597732543945,4.98,0.0,0
46592,349.075,10.137,-0.5,0.0,417.73900000000003,0.0,0.0,0.0,5.737,0,11.0,0.93,309.825,-3.5466,33.93,35.57597732543945,4.98,0.0,0
46592,349.246,10.137,0.0,0.0,417.618,0.0,0.0,0.0,5.737,0,13.0,0.9450000000000001,309.825,-0.2639,34.11,35.57597732543945,4.98,0.0,0
46592,349.075,10.127,0.0,0.0,417.921,0.0,0.0,0.0,5.737,0,10.0,0.93,309.915,2.7548,35.160000000000004,35.57597732543945,4.98,0.0,0
46592,349.075,10.127,0.0,0.0,417.8,0.0,0.0,0.0,5.737,0,12.0,0.9,309.915,1.0392000000000001,36.96,35.57597732543945,4.98,0.0,0
46592,348.90500000000003,10.127,0.0,0.0,417.437,0.0,0.0,0.0,5.737,0,12.0,0.91,309.915,1.8310000000000002,38.550000000000004,35.57597732543945,4.98,0.0,0
46592,349.246,10.127,0.0,0.0,417.437,0.0,0.0,0.0,5.737,0,13.0,0.9450000000000001,309.915,-0.7918000000000001,39.0,35.57597732543945,4.98,0.0,0
46592,348.90500000000003,10.117,0.0,0.0,417.73900000000003,0.0,0.0,0.0,5.737,0,11.0,0.915,309.915,0.1155,38.31,35.57597732543945,4.98,0.0,0
46592,349.075,10.117,-0.5,0.0,417.921,0.0,0.0,0.0,5.737,0,13.0,0.915,309.915,0.9238000000000001,36.96,35.57597732543945,4.98,0.0,0
46592,349.075,10.117,-0.5,0.0,418.10200000000003,0.0,0.0,0.0,5.737,0,12.0,0.915,310.005,1.9465000000000001,35.550000000000004,35.57597732543945,4.98,0.0,0
46592,349.075,10.107000000000001,-1.0,0.0,417.73900000000003,0.0,0.0,0.0,5.737,0,15.0,0.9450000000000001,309.825,0.14850000000000002,34.89,35.57597732543945,4.98,0.0,0
46592,349.246,10.107000000000001,-0.5,0.0,417.8,0.0,0.0,0.0,5.737,0,14.0,0.92,309.825,-1.5671000000000002,35.01,35.57597732543945,4.98,0.0,0
46592,349.075,10.107000000000001,-0.5,0.0,417.73900000000003,0.0,0.0,0.0,5.737,0,14.0,0.875,309.915,-5.8559,35.64,35.57597732543945,4.98,0.0,0
46592,349.075,10.098,0.0,0.0,417.67900000000003,0.0,0.0,0.0,5.737,0,11.0,0.935,309.915,0.19790000000000002,35.4,35.57597732543945,4.98,0.0,0
46592,349.246,10.098,-0.5,0.0,417.558,0.0,0.0,0.0,5.737,0,12.0,0.9450000000000001,309.915,3.7445000000000004,35.25,35.57597732543945,4.98,0.0,0
46592,348.734,10.098,0.0,0.0,417.921,0.0,0.0,0.0,5.737,0,18.0,0.9500000000000001,309.915,2.73,35.19,35.57597732543945,4.98,0.0,0
46592,348.90500000000003,10.088000000000001,0.0,0.0,418.223,0.0,0.0,0.0,5.737,0,16.0,0.885,309.69,-2.3341000000000003,35.28,35.57597732543945,4.98,0.0,0
46592,349.075,10.088000000000001,-0.5,0.0,417.981,0.0,0.0,0.0,5.737,0,13.0,0.925,309.825,-4.8002,35.79,35.57597732543945,4.98,0.0,0
46592,348.90500000000003,10.088000000000001,-0.5,0.0,417.618,0.0,0.0,0.0,5.737,0,16.0,0.9500000000000001,309.915,0.5938,37.26,35.57597732543945,4.98,0.0,0
46592,349.075,10.088000000000001,0.0,0.0,417.558,0.0,0.0,0.0,5.737,0,15.0,0.89,309.825,2.1939,37.2,35.57597732543945,4.98,0.0,0
46592,349.246,10.078000000000001,0.0,0.0,417.497,0.0,0.0,0.0,5.737,0,15.0,0.93,309.825,1.5836000000000001,37.11,35.57597732543945,4.98,0.0,0
46592,349.075,10.078000000000001,-0.5,0.0,417.8,0.0,0.0,0.0,5.737,0,17.0,0.89,309.915,0.9238000000000001,36.81,35.57597732543945,4.98,0.0,0
46592,349.075,10.078000000000001,0.0,0.0,417.437,0.0,0.0,0.0,5.737,0,16.0,0.925,309.915,1.8310000000000002,36.9,35.57597732543945,4.98,0.0,0
46592,349.246,10.068,-0.5,0.0,417.67900000000003,0.0,0.0,0.0,5.737,0,18.0,0.885,309.915,1.7155,36.480000000000004,35.57597732543945,4.98,0.0,0
46592,349.075,10.068,-0.5,0.0,417.921,0.0,0.0,0.0,5.737,0,18.0,0.97,309.825,-2.2269,35.730000000000004,35.57597732543945,4.98,0.0,0
46592,349.587,10.068,-1.0,0.0,418.10200000000003,0.0,0.0,0.0,5.737,0,14.0,0.915,309.915,0.132,35.25,35.57597732543945,4.98,0.0,0
46592,349.246,10.059000000000001,0.0,0.0,417.921,0.0,0.0,0.0,5.737,0,12.0,0.885,309.915,2.6393,34.980000000000004,35.57597732543945,4.98,0.0,0
46592,348.90500000000003,10.059000000000001,-0.5,0.0,418.10200000000003,0.0,0.0,0.0,5.737,0,12.0,0.895,309.915,0.9073,35.1,35.57597732543945,4.98,0.0,0
46592,348.90500000000003,10.059000000000001,0.0,0.0,417.921,0.0,0.0,0.0,5.737,0,14.0,0.92,309.825,-3.1507,35.52,35.57597732543945,4.98,0.0,0
46592,349.246,10.059000000000001,0.0,0.0,417.921,0.0,0.0,0.0,5.737,0,11.0,0.88,309.915,-0.7918000000000001,36.21,35.57597732543945,4.98,0.0,0
46592,349.075,10.049000000000001,-0.5,0.0,417.73900000000003,0.0,0.0,0.0,5.737,0,12.0,0.895,310.005,3.5466,36.33,35.57597732543945,4.98,0.0,0
46592,349.075,10.049000000000001,0.0,0.0,417.921,0.0,0.0,0.0,5.737,0,12.0,0.895,309.825,-0.3794,36.75,35.57597732543945,4.98,0.0,0
46592,349.075,10.049000000000001,-0.5,0.0,417.921,0.0,0.0,0.0,5.737,0,15.0,0.92,309.825,-0.7918000000000001,36.87,35.57597732543945,4.98,0.0,0
46592,349.416,10.049000000000001,0.0,0.0,417.86,0.0,0.0,0.0,5.737,0,14.0,0.925,309.915,-6.5982,37.800000000000004,35.57597732543945,4.98,0.0,0
46592,349.246,10.039,0.0,0.0,417.31600000000003,0.0,0.0,0.0,5.737,0,15.0,0.915,309.915,-1.7155,38.01,35.57597732543945,4.98,0.0,0
46592,349.075,10.039,-0.5,0.0,417.255,0.0,0.0,0.0,5.737,0,11.0,0.905,309.915,2.5733,37.230000000000004,35.57597732543945,4.98,0.0,0
46592,349.075,10.039,0.0,0.0,417.8,0.0,0.0,0.0,5.737,0,12.0,0.905,309.915,0.2639,36.87,35.57597732543945,4.98,0.0,0
46592,349.075,10.029,0.0,0.0,417.618,0.0,0.0,0.0,5.737,0,14.0,0.92,309.915,1.5836000000000001,35.910000000000004,35.57597732543945,4.98,0.0,0
46592,348.90500000000003,10.029,0.0,0.0,417.558,0.0,0.0,0.0,5.737,0,11.0,0.935,309.915,1.3196,34.59,35.57597732543945,4.98,0.0,0
46592,349.246,10.029,0.0,0.0,417.981,0.0,0.0,0.0,5.737,0,15.0,0.89,309.915,-1.0557,34.71,35.57597732543945,4.98,0.0,0
46592,349.075,10.020000000000001,-0.5,0.0,417.921,0.0,0.0,0.0,5.737,0,13.0,0.885,309.825,-2.9032,34.62,35.57597732543945,4.98,0.0,0
46592,349.246,10.020000000000001,0.0,0.0,418.10200000000003,0.0,0.0,0.0,5.737,0,11.0,0.895,309.915,1.0557,34.68,35.57597732543945,4.98,0.0,0
46592,349.075,10.020000000000001,-0.5,0.0,418.04200000000003,0.0,0.0,0.0,5.737,0,12.0,0.93,309.825,0.2639,35.910000000000004,35.57597732543945,4.98,0.0,0
46592,349.416,10.020000000000001,0.0,0.0,418.283,0.0,0.0,0.0,5.737,0,14.0,0.9400000000000001,309.915,0.46190000000000003,36.42,35.57597732543945,4.98,0.0,0
46592,349.075,10.01,-0.5,0.0,417.73900000000003,0.0,0.0,0.0,5.737,0,12.0,0.895,309.915,-0.5279,36.96,35.57597732543945,4.98,0.0,0
46592,349.246,10.01,-0.5,0.0,417.618,0.0,0.0,0.0,5.737,0,14.0,0.96,309.825,0.0,36.72,35.57597732543945,4.98,0.0,0
46592,349.246,10.01,0.0,0.0,417.73900000000003,0.0,0.0,0.0,5.737,0,13.0,0.905,309.915,0.5279,36.45,35.57597732543945,4.98,0.0,0
46592,349.075,10.0,-0.5,0.0,417.73900000000003,0.0,0.0,0.0,5.737,0,11.0,0.905,309.915,-2.1114,36.21,35.57597732543945,4.98,0.0,0
46592,349.416,10.0,-1.0,0.0,417.558,0.0,0.0,0.0,5.737,0,12.0,0.885,309.915,1.8475000000000001,36.39,35.57597732543945,4.98,0.0,0
46592,349.246,10.0,0.0,0.0,417.86,0.0,0.0,0.0,5.737,0,10.0,0.93,309.915,1.5836000000000001,36.03,35.57597732543945,4.98,0.0,0
46592,349.075,9.99,0.0,0.0,417.37600000000003,0.0,0.0,0.0,5.737,0,12.0,0.865,309.825,-1.5836000000000001,36.03,35.57597732543945,4.98,0.0,0
46592,349.416,9.99,-1.0,0.0,417.497,0.0,0.0,0.0,5.737,0,13.0,0.915,309.915,1.0557,35.31,35.57597732543945,4.98,0.0,0
46592,349.075,9.99,0.0,0.0,417.558,0.0,0.0,0.0,5.737,0,14.0,0.91,309.915,0.7918000000000001,34.26,35.57597732543945,4.98,0.0,0
46592,348.90500000000003,9.99,0.0,0.0,417.67900000000003,0.0,0.0,0.0,5.737,0,14.0,0.9400000000000001,309.825,0.0,33.480000000000004,35.57597732543945,4.98,0.0,0
46592,349.587,9.98,-1.0,0.0,417.67900000000003,0.0,0.0,0.0,5.737,0,17.0,0.915,309.825,-0.9238000000000001,33.45,35.57597732543945,4.98,0.0,0
46592,348.90500000000003,9.98,0.0,0.0,417.73900000000003,0.0,0.0,0.0,5.737,0,16.0,0.915,310.005,-1.864,34.14,35.57597732543945,4.98,0.0,0
46592,349.075,9.98,-0.5,0.0,418.223,0.0,0.0,0.0,5.737,0,16.0,0.9400000000000001,309.825,-1.699,35.58,35.57597732543945,4.98,0.0,0
46592,349.246,9.98,0.0,0.0,417.981,0.0,0.0,0.0,5.737,0,14.0,0.935,309.915,4.0744,36.51,35.57597732543945,4.98,0.0,0
46592,349.075,9.971,-0.5,0.0,417.558,0.0,0.0,0.0,5.737,0,15.0,0.9,309.825,-1.9795,36.51,35.57597732543945,4.98,0.0,0
46592,349.246,9.971,0.0,0.0,417.73900000000003,0.0,0.0,0.0,5.737,0,13.0,0.925,310.005,-1.2207000000000001,36.0,35.57597732543945,4.98,0.0,0
46592,349.246,9.971,0.0,0.0,417.558,0.0,0.0,0.0,5.737,0,16.0,0.915,309.825,0.8248000000000001,36.54,35.57597732543945,4.98,0.0,0
46592,349.246,9.961,0.0,0.0,417.437,0.0,0.0,0.0,5.737,0,12.0,0.905,309.825,-3.1012,36.21,35.57597732543945,4.98,0.0,0
46592,349.246,9.961,-0.5,0.0,417.921,0.0,0.0,0.0,5.737,0,10.0,0.9450000000000001,309.915,-1.6496000000000002,36.03,35.57597732543945,4.98,0.0,0
46592,349.075,9.961,0.0,0.0,417.921,0.0,0.0,0.0,5.737,0,12.0,0.905,309.825,4.9487000000000005,35.46,35.57597732543945,4.98,0.0,0
46592,349.075,9.951,0.0,0.0,417.67900000000003,0.0,0.0,0.0,5.737,0,13.0,0.91,309.915,0.7918000000000001,34.77,35.57597732543945,4.98,0.0,0
46592,348.90500000000003,9.951,-0.5,0.0,417.558,0.0,0.0,0.0,5.737,0,16.0,0.91,309.825,-1.8310000000000002,33.9,35.57597732543945,4.98,0.0,0
46592,349.075,9.951,-0.5,0.0,417.437,0.0,0.0,0.0,5.737,0,15.0,0.885,309.915,-1.0557,33.63,35.57597732543945,4.98,0.0,0
46592,349.246,9.951,-0.5,0.0,417.67900000000003,0.0,0.0,0.0,5.737,0,14.0,0.9550000000000001,309.915,0.0,34.14,35.57597732543945,4.98,0.0,0
46592,349.075,9.941,-0.5,0.0,417.73900000000003,0.0,0.0,0.0,5.737,0,12.0,0.905,309.915,2.0949,34.44,35.57597732543945,4.98,0.0,0
46592,349.246,9.941,0.0,0.0,417.73900000000003,0.0,0.0,0.0,5.737,0,14.0,0.925,309.915,1.3196,35.37,35.57597732543945,4.98,0.0,0
46592,349.075,9.941,-0.5,0.0,417.921,0.0,0.0,0.0,5.737,0,12.0,0.935,309.915,-0.2639,36.78,35.57597732543945,4.98,0.0,0
46592,349.246,9.932,0.5,0.0,418.10200000000003,0.0,0.0,0.0,5.737,0,14.0,0.92,309.915,-1.3196,36.84,35.57597732543945,4.98,0.0,0
46592,349.075,9.932,-0.5,0.0,418.04200000000003,0.0,0.0,0.0,5.737,0,13.0,0.895,309.825,-0.1155,36.15,35.57597732543945,4.98,0.0,0
46592,349.075,9.932,-1.0,0.0,417.921,0.0,0.0,0.0,5.737,0,13.0,0.885,309.915,-0.9238000000000001,35.64,35.57597732543945,4.98,0.0,0
46592,349.075,9.922,0.0,0.0,417.73900000000003,0.0,0.0,0.0,5.737,0,16.0,0.875,309.915,1.7155,35.07,35.57597732543945,4.98,0.0,0
46592,349.075,9.922,0.0,0.0,418.10200000000003,0.0,0.0,0.0,5.737,0,14.0,0.91,309.915,-0.41240000000000004,35.43,35.57597732543945,4.98,0.0,0
46592,349.246,9.922,-0.5,0.0,418.10200000000003,0.0,0.0,0.0,5.737,0,15.0,0.96,309.915,-0.5938,35.46,35.57597732543945,4.98,0.0,0
46592,349.075,9.922,0.0,0.0,417.8,0.0,0.0,0.0,5.737,0,16.0,0.885,309.825,-4.486800000000001,36.09,35.57597732543945,4.98,0.0,0
46592,349.075,9.922,0.0,0.0,417.437,0.0,0.0,0.0,5.737,0,15.0,0.915,309.915,0.5279,35.58,35.57597732543945,4.98,0.0,0
46592,348.90500000000003,9.912,0.0,0.0,417.86,0.0,0.0,0.0,5.737,0,15.0,0.91,309.825,0.0,34.44,35.57597732543945,4.98,0.0,0
46592,349.075,9.912,-1.0,0.0,417.86,0.0,0.0,0.0,5.737,0,13.0,0.92,309.915,1.5176,33.57,35.57597732543945,4.98,0.0,0
46592,349.246,9.912,0.0,0.0,417.67900000000003,0.0,0.0,0.0,5.737,0,12.0,0.89,309.915,0.7918000000000001,33.15,35.57597732543945,4.98,0.0,0
46592,349.075,9.902000000000001,-0.5,0.0,417.86,0.0,0.0,0.0,5.737,0,15.0,0.9,309.915,-0.066,34.29,35.57597732543945,4.98,0.0,0
46592,349.075,9.902000000000001,-0.5,0.0,418.04200000000003,0.0,0.0,0.0,5.737,0,13.0,0.9550000000000001,309.825,-1.5836000000000001,35.730000000000004,35.57597732543945,4.98,0.0,0
46592,348.90500000000003,9.902000000000001,-0.5,0.0,418.223,0.0,0.0,0.0,5.737,0,13.0,0.925,309.915,1.0557,36.78,35.57597732543945,4.98,0.0,0
46592,349.075,9.893,0.0,0.0,418.10200000000003,0.0,0.0,0.0,5.737,0,13.0,0.9400000000000001,309.825,-1.0557,37.92,35.57597732543945,4.98,0.0,0
46592,349.246,9.893,0.0,0.0,417.981,0.0,0.0,0.0,5.737,0,12.0,0.91,309.825,-1.5836000000000001,37.56,35.57597732543945,4.98,0.0,0
46592,349.075,9.893,-0.5,0.0,417.921,0.0,0.0,0.0,5.737,0,10.0,0.875,309.915,0.2639,36.0,35.57597732543945,4.98,0.0,0
46592,349.246,9.893,0.0,0.0,417.497,0.0,0.0,0.0,5.737,0,12.0,0.91,309.825,2.1114,34.800000000000004,35.57597732543945,4.98,0.0,0
46592,349.246,9.883000000000001,0.0,0.0,417.73900000000003,0.0,0.0,0.0,5.737,0,11.0,0.9400000000000001,309.915,1.0557,34.410000000000004,35.57597732543945,4.98,0.0,0
46592,349.246,9.883000000000001,0.0,0.0,417.67900000000003,0.0,0.0,0.0,5.737,0,13.0,0.875,309.825,1.1217000000000001,34.68,35.57597732543945,4.98,0.0,0
46592,349.246,9.883000000000001,0.0,0.0,417.921,0.0,0.0,0.0,5.737,0,12.0,0.91,309.915,1.3196,35.52,35.57597732543945,4.98,0.0,0
46592,349.246,9.883000000000001,0.0,0.0,417.921,0.0,0.0,0.0,5.737,0,11.0,0.9400000000000001,309.915,0.9073,35.58,35.57597732543945,4.98,0.0,0
46592,349.246,9.873000000000001,-0.5,0.0,417.558,0.0,0.0,0.0,5.737,0,14.0,0.965,309.915,-0.5279,36.03,35.57597732543945,4.98,0.0,0
46592,349.246,9.873000000000001,-0.5,0.0,417.437,0.0,0.0,0.0,5.737,0,15.0,0.9450000000000001,310.005,1.9465000000000001,35.4,35.57597732543945,4.98,0.0,0
46592,349.075,9.873000000000001,0.0,0.0,417.31600000000003,0.0,0.0,0.0,5.737,0,17.0,0.93,309.825,-1.963,34.11,35.57597732543945,4.98,0.0,0
46592,349.075,9.863000000000001,0.0,0.0,417.437,0.0,0.0,0.0,5.737,0,19.0,0.92,309.915,0.5279,33.57,35.57597732543945,4.98,0.0,0
46592,348.90500000000003,9.863000000000001,-0.5,0.0,417.558,0.0,0.0,0.0,5.737,0,16.0,0.975,309.825,-0.9073,33.78,35.57597732543945,4.98,0.0,0
46592,348.90500000000003,9.863000000000001,0.0,0.0,417.921,0.0,0.0,0.0,5.737,0,13.0,0.965,309.825,-2.3754,34.83,35.57597732543945,4.98,0.0,0
46592,349.075,9.863000000000001,0.0,0.0,417.67900000000003,0.0,0.0,0.0,5.737,0,16.0,0.9500000000000001,309.915,-2.6228000000000002,35.910000000000004,35.57597732543945,4.98,0.0,0
46592,349.075,9.854000000000001,-0.5,0.0,417.437,0.0,0.0,0.0,5.737,0,15.0,0.89,309.825,0.9238000000000001,36.54,35.57597732543945,4.98,0.0,0
46592,349.416,9.854000000000001,0.0,0.0,417.37600000000003,0.0,0.0,0.0,5.737,0,16.0,0.885,309.825,-0.2639,37.230000000000004,35.57597732543945,4.98,0.0,0
46592,349.416,9.854000000000001,-0.5,0.0,417.31600000000003,0.0,0.0,0.0,5.737,0,16.0,0.895,309.915,2.2434000000000003,36.24,35.57597732543945,4.98,0.0,0
46592,349.075,9.844000000000001,0.0,0.0,417.437,0.0,0.0,0.0,5.737,0,15.0,0.9550000000000001,309.825,0.5444,35.46,35.57597732543945,4.98,0.0,0
46592,349.075,9.844000000000001,-0.5,0.0,417.255,0.0,0.0,0.0,5.737,0,14.0,0.92,309.915,-0.8083,34.65,35.57597732543945,4.98,0.0,0
46592,349.075,9.844000000000001,0.0,0.0,417.558,0.0,0.0,0.0,5.737,0,12.0,0.92,309.915,1.8475000000000001,34.44,35.57597732543945,4.98,0.0,0
46592,349.075,9.834,-0.5,0.0,417.497,0.0,0.0,0.0,5.737,0,12.0,0.885,309.915,0.2474,34.47,35.57597732543945,4.98,0.0,0
46592,349.587,9.834,-0.5,0.0,417.558,0.0,0.0,0.0,5.737,0,15.0,0.905,309.825,-1.3032000000000001,34.89,35.57597732543945,4.98,0.0,0
46592,349.075,9.834,0.0,0.0,417.86,0.0,0.0,0.0,5.737,0,15.0,0.925,309.915,0.7918000000000001,34.32,35.57597732543945,4.98,0.0,0
46592,349.587,9.834,0.0,0.0,417.8,0.0,0.0,0.0,5.737,0,13.0,0.855,309.825,-0.7753,34.38,35.57597732543945,4.98,0.0,0
46592,349.587,9.824,-0.5,0.0,417.618,0.0,0.0,0.0,5.737,0,15.0,0.905,309.915,1.963,35.07,35.57597732543945,4.98,0.0,0
46592,349.075,9.824,-0.5,0.0,417.73900000000003,0.0,0.0,0.0,5.737,0,17.0,0.905,309.915,1.9795,36.36,35.57597732543945,4.98,0.0,0
46592,349.416,9.824,-0.5,0.0,417.558,0.0,0.0,0.0,5.737,0,18.0,0.885,309.915,0.1155,37.11,35.57597732543945,4.98,0.0,0
46592,349.075,9.814,0.0,0.0,417.67900000000003,0.0,0.0,0.0,5.737,0,17.0,0.925,309.915,-2.6393,37.62,35.57597732543945,4.98,0.0,0
46592,349.075,9.814,0.0,0.0,417.558,0.0,0.0,0.0,5.737,0,18.0,0.895,309.915,-3.0352,36.81,35.57597732543945,4.98,0.0,0
46592,349.075,9.814,0.0,0.0,417.86,0.0,0.0,0.0,5.737,0,18.0,0.92,309.915,-0.5279,36.18,35.57597732543945,4.98,0.0,0
46592,349.075,9.814,-0.5,0.0,417.558,0.0,0.0,0.0,5.737,0,16.0,0.93,309.915,-2.0455,35.160000000000004,35.57597732543945,4.98,0.0,0
46592,349.075,9.805,-0.5,0.0,417.37600000000003,0.0,0.0,0.0,5.737,0,16.0,0.9400000000000001,309.915,2.1609000000000003,35.28,35.57597732543945,4.98,0.0,0
46592,349.416,9.805,0.0,0.0,417.618,0.0,0.0,0.0,5.737,0,17.0,0.895,309.825,0.7423000000000001,35.49,35.57597732543945,4.98,0.0,0
46592,349.075,9.805,-0.5,0.0,417.437,0.0,0.0,0.0,5.737,0,17.0,0.92,309.915,0.7505000000000001,35.82,35.57597732543945,4.98,0.0,0
46592,349.246,9.805,-0.5,0.0,417.437,0.0,0.0,0.0,5.737,0,14.0,0.895,309.915,-0.5279,35.88,35.57597732543945,4.98,0.0,0
46592,349.246,9.795,0.0,0.0,417.558,0.0,0.0,0.0,5.737,0,17.0,0.9500000000000001,309.825,1.1217000000000001,36.09,35.57597732543945,4.98,0.0,0
46592,349.075,9.795,-0.5,0.0,417.194,0.0,0.0,0.0,5.737,0,15.0,0.88,310.005,1.5836000000000001,35.85,35.57597732543945,4.98,0.0,0
46592,349.075,9.795,-0.5,0.0,417.134,0.0,0.0,0.0,5.737,0,14.0,0.885,310.005,3.1012,36.15,35.57597732543945,4.98,0.0,0
46592,349.075,9.785,-0.5,0.0,417.255,0.0,0.0,0.0,5.737,0,15.0,0.89,309.915,1.5836000000000001,35.94,35.57597732543945,4.98,0.0,0
46592,349.075,9.785,-0.5,0.0,417.134,0.0,0.0,0.0,5.737,0,14.0,0.91,309.915,-3.1012,35.7,35.57597732543945,4.98,0.0,0
46592,349.075,9.785,-0.5,0.0,417.07300000000004,0.0,0.0,0.0,5.737,0,13.0,0.925,309.915,-1.8475000000000001,36.480000000000004,35.57597732543945,4.98,0.0,0
46592,349.416,9.785,0.0,0.0,417.497,0.0,0.0,0.0,5.737,0,13.0,0.9450000000000001,309.915,-0.5279,37.14,35.57597732543945,4.98,0.0,0
46592,349.075,9.775,-0.5,0.0,417.37600000000003,0.0,0.0,0.0,5.737,0,14.0,0.865,309.915,-1.8475000000000001,37.5,35.57597732543945,4.98,0.0,0
46592,349.075,9.775,0.0,0.0,417.37600000000003,0.0,0.0,0.0,5.737,0,14.0,0.91,310.005,-1.1217000000000001,37.17,35.57597732543945,4.98,0.0,0
46592,349.246,9.775,0.0,0.0,417.618,0.0,0.0,0.0,5.737,0,13.0,0.93,309.825,-1.3196,36.09,35.57597732543945,4.98,0.0,0
46592,349.075,9.766,0.0,0.0,417.437,0.0,0.0,0.0,5.737,0,12.0,0.885,309.915,0.0,35.49,35.57597732543945,4.98,0.0,0
46592,349.075,9.766,-0.5,0.0,417.67900000000003,0.0,0.0,0.0,5.737,0,12.0,0.92,309.915,0.2639,34.86,35.57597732543945,4.98,0.0,0
46592,349.416,9.766,0.0,0.0,417.437,0.0,0.0,0.0,5.737,0,12.0,0.875,309.825,-1.5836000000000001,34.800000000000004,35.57597732543945,4.98,0.0,0
46592,349.075,9.766,-0.5,0.0,417.134,0.0,0.0,0.0,5.737,0,12.0,0.88,310.005,-0.5279,34.92,35.57597732543945,4.98,0.0,0
46592,349.075,9.756,-0.5,0.0,417.618,0.0,0.0,0.0,5.737,0,14.0,0.93,309.825,-1.5176,35.64,35.57597732543945,4.98,0.0,0
46592,349.587,9.756,-1.0,0.0,417.8,0.0,0.0,0.0,5.737,0,11.0,0.9450000000000001,309.915,0.2639,36.15,35.57597732543945,4.98,0.0,0
46592,349.075,9.756,0.0,0.0,417.67900000000003,0.0,0.0,0.0,5.737,0,15.0,0.9,309.825,-2.7713,36.27,35.57597732543945,4.98,0.0,0
46592,349.246,9.746,-0.5,0.0,417.73900000000003,0.0,0.0,0.0,5.737,0,16.0,0.9450000000000001,309.915,0.39590000000000003,36.39,35.57597732543945,4.98,0.0,0
46592,349.075,9.746,-0.5,0.0,417.618,0.0,0.0,0.0,5.737,0,15.0,0.935,309.915,2.1114,36.99,35.57597732543945,4.98,0.0,0
46592,349.246,9.746,0.0,0.0,417.558,0.0,0.0,0.0,5.737,0,14.0,0.93,309.915,2.1114,36.78,35.57597732543945,4.98,0.0,0
46592,349.246,9.746,0.0,0.0,417.67900000000003,0.0,0.0,0.0,5.737,0,14.0,0.9450000000000001,309.915,1.5836000000000001,36.87,35.57597732543945,4.98,0.0,0
46592,349.246,9.736,0.0,0.0,417.437,0.0,0.0,0.0,5.737,0,15.0,0.855,309.825,-0.5279,37.62,35.57597732543945,4.98,0.0,0
46592,348.90500000000003,9.736,-0.5,0.0,417.437,0.0,0.0,0.0,5.737,0,15.0,0.92,310.005,0.46190000000000003,37.74,35.57597732543945,4.98,0.0,0
46592,349.246,9.736,-0.5,0.0,417.437,0.0,0.0,0.0,5.737,0,15.0,0.915,310.005,3.4311000000000003,36.75,35.57597732543945,4.98,0.0,0
46592,349.075,9.727,-0.5,0.0,417.497,0.0,0.0,0.0,5.737,0,14.0,0.925,309.915,0.9897,35.19,35.57597732543945,4.98,0.0,0
46592,349.416,9.727,-0.5,0.0,417.618,0.0,0.0,0.0,5.737,0,14.0,0.85,309.915,-3.9589000000000003,33.93,35.57597732543945,4.98,0.0,0
46592,349.075,9.727,0.0,0.0,417.86,0.0,0.0,0.0,5.737,0,14.0,0.975,309.915,-0.9897,33.9,35.57597732543945,4.98,0.0,0
46592,349.075,9.727,-0.5,0.0,417.86,0.0,0.0,0.0,5.737,0,14.0,0.91,309.915,-0.3794,33.93,35.57597732543945,4.98,0.0,0
46592,349.246,9.717,-0.5,0.0,417.497,0.0,0.0,0.0,5.737,0,14.0,0.9450000000000001,309.915,2.6393,34.32,35.57597732543945,4.98,0.0,0
46592,348.90500000000003,9.717,-0.5,0.0,417.497,0.0,0.0,0.0,5.737,0,15.0,0.9550000000000001,309.69,-3.7198,35.79,35.57597732543945,4.98,0.0,0
46592,348.90500000000003,9.717,-1.0,0.0,417.255,0.0,0.0,0.0,5.737,0,15.0,0.91,309.915,-4.8167,36.81,35.57597732543945,4.98,0.0,0
46592,349.075,9.717,-0.5,0.0,417.618,0.0,0.0,0.0,5.737,0,14.0,0.9400000000000001,309.915,-0.19790000000000002,37.77,35.57597732543945,4.98,0.0,0
46592,349.075,9.707,-1.0,0.0,417.37600000000003,0.0,0.0,0.0,5.737,0,14.0,0.875,309.915,4.3796,38.28,35.57597732543945,4.98,0.0,0
46592,349.075,9.707,0.0,0.0,417.255,0.0,0.0,0.0,5.737,0,11.0,0.92,309.915,1.699,37.53,35.57597732543945,4.98,0.0,0
46592,349.075,9.707,-0.5,0.0,417.31600000000003,0.0,0.0,0.0,5.737,0,11.0,0.905,309.825,-3.4146,36.6,35.57597732543945,4.98,0.0,0
46592,348.90500000000003,9.697000000000001,-0.5,0.0,417.37600000000003,0.0,0.0,0.0,5.737,0,10.0,0.905,309.915,-2.6393,36.51,35.57597732543945,4.98,0.0,0
46592,348.90500000000003,9.697000000000001,0.0,0.0,417.134,0.0,0.0,0.0,5.737,0,10.0,1.0150000000000001,309.915,1.4516,35.94,35.57597732543945,4.98,0.0,0
46592,348.90500000000003,9.697000000000001,-0.5,0.0,416.952,0.0,0.0,0.0,5.737,0,10.0,0.895,309.915,3.5466,36.09,35.57597732543945,4.98,0.0,0
46592,349.246,9.697000000000001,0.0,0.0,417.07300000000004,0.0,0.0,0.0,5.737,0,10.0,0.92,309.825,-0.7753,35.31,35.57597732543945,4.98,0.0,0
46592,349.075,9.688,-0.5,0.0,417.07300000000004,0.0,0.0,0.0,5.737,0,12.0,0.925,309.915,-1.3196,35.34,35.57597732543945,4.98,0.0,0
46592,349.246,9.688,-0.5,0.0,417.194,0.0,0.0,0.0,5.737,0,13.0,0.9550000000000001,309.915,4.2229,35.43,35.57597732543945,4.98,0.0,0
46592,349.075,9.688,0.0,0.0,417.255,0.0,0.0,0.0,5.737,0,15.0,0.965,309.915,1.0392000000000001,36.03,35.57597732543945,4.98,0.0,0
46592,349.416,9.678,-0.5,0.0,416.892,0.0,0.0,0.0,5.737,0,16.0,0.9400000000000001,309.915,-3.6950000000000003,36.93,35.57597732543945,4.98,0.0,0
46592,349.246,9.678,-0.5,0.0,416.952,0.0,0.0,0.0,5.737,0,15.0,0.9500000000000001,309.915,-0.6433,38.34,35.57597732543945,4.98,0.0,0
46592,349.416,9.678,-0.5,0.0,417.497,0.0,0.0,0.0,5.737,0,18.0,0.9450000000000001,309.825,0.8083,38.1,35.57597732543945,4.98,0.0,0
46592,349.246,9.678,0.0,0.0,417.67900000000003,0.0,0.0,0.0,5.737,0,15.0,0.9,309.825,-2.6228000000000002,37.53,35.57597732543945,4.98,0.0,0
46592,349.246,9.668000000000001,-0.5,0.0,417.437,0.0,0.0,0.0,5.737,0,16.0,0.905,309.825,-0.9073,36.54,35.57597732543945,4.98,0.0,0
46592,349.075,9.668000000000001,0.0,0.0,417.437,0.0,0.0,0.0,5.737,0,13.0,0.89,309.825,-0.2474,36.54,35.57597732543945,4.98,0.0,0
46592,348.90500000000003,9.668000000000001,0.0,0.0,417.558,0.0,0.0,0.0,5.737,0,15.0,0.9,309.915,-3.2496,36.36,35.57597732543945,4.98,0.0,0
46592,349.416,9.668000000000001,0.0,0.0,417.558,0.0,0.0,0.0,5.737,0,14.0,0.93,309.915,-2.9692000000000003,36.36,35.57597732543945,4.98,0.0,0
46592,349.075,9.658000000000001,-0.5,0.0,417.31600000000003,0.0,0.0,0.0,5.737,0,12.0,0.905,309.915,1.9795,36.84,35.57597732543945,4.98,0.0,0
46592,349.075,9.658000000000001,-0.5,0.0,417.497,0.0,0.0,0.0,5.737,0,13.0,0.895,309.915,3.1012,36.42,35.57597732543945,4.98,0.0,0
46592,349.246,9.658000000000001,0.0,0.0,417.558,0.0,0.0,0.0,5.737,0,15.0,0.9,309.915,0.7918000000000001,35.64,35.57597732543945,4.98,0.0,0
46592,349.075,9.648,-0.5,0.0,417.497,0.0,0.0,0.0,5.737,0,12.0,0.9,309.825,-4.1569,35.52,35.57597732543945,4.98,0.0,0
46592,349.416,9.648,0.0,0.0,417.558,0.0,0.0,0.0,5.737,0,12.0,0.9450000000000001,309.915,-2.1114,35.61,35.57597732543945,4.98,0.0,0
46592,349.246,9.648,-0.5,0.0,417.255,0.0,0.0,0.0,5.737,0,12.0,0.925,309.915,3.1672000000000002,35.730000000000004,35.57597732543945,4.98,0.0,0
46592,349.075,9.648,-0.5,0.0,417.255,0.0,0.0,0.0,5.737,0,15.0,0.905,310.005,5.0147,36.96,35.57597732543945,4.98,0.0,0
46592,349.075,9.639000000000001,0.0,0.0,417.37600000000003,0.0,0.0,0.0,5.737,0,16.0,0.92,309.915,-0.5279,37.83,35.57597732543945,4.98,0.0,0
46592,349.246,9.639000000000001,-0.5,0.0,417.37600000000003,0.0,0.0,0.0,5.737,0,12.0,0.855,309.825,-2.3754,37.95,35.57597732543945,4.98,0.0,0
46592,349.075,9.639000000000001,-0.5,0.0,417.07300000000004,0.0,0.0,0.0,5.737,0,10.0,0.895,309.915,-0.9897,36.87,35.57597732543945,4.98,0.0,0
46592,349.246,9.629000000000001,0.0,0.0,417.255,0.0,0.0,0.0,5.737,0,10.0,0.91,309.915,-0.2639,36.480000000000004,35.57597732543945,4.98,0.0,0
46592,349.587,9.629000000000001,0.0,0.0,417.437,0.0,0.0,0.0,5.737,0,10.0,0.925,309.915,2.5733,35.79,35.57597732543945,4.98,0.0,0
46592,349.075,9.629000000000001,0.0,0.0,417.558,0.0,0.0,0.0,5.737,0,12.0,0.9450000000000001,309.915,1.3196,35.7,35.57597732543945,4.98,0.0,0
46592,349.075,9.629000000000001,0.0,0.0,417.437,0.0,0.0,0.0,5.737,0,12.0,0.96,309.915,-2.6393,35.52,35.57597732543945,4.98,0.0,0
46592,349.075,9.619,-0.5,0.0,417.558,0.0,0.0,0.0,5.737,0,11.0,0.9,309.825,-1.1877,35.07,35.57597732543945,4.98,0.0,0
46592,349.075,9.619,-0.5,0.0,417.01300000000003,0.0,0.0,0.0,5.737,0,13.0,0.925,309.915,2.3754,35.43,35.57597732543945,4.98,0.0,0
46592,349.416,9.619,-0.5,0.0,417.437,0.0,0.0,0.0,5.737,0,13.0,0.925,310.005,-0.39590000000000003,35.01,35.57597732543945,4.98,0.0,0
46592,349.075,9.609,-1.0,0.0,417.437,0.0,0.0,0.0,5.737,0,14.0,0.935,309.825,1.5836000000000001,34.74,35.57597732543945,4.98,0.0,0
46592,349.075,9.609,0.0,0.0,417.497,0.0,0.0,0.0,5.737,0,14.0,0.925,309.825,-0.6598,34.89,35.57597732543945,4.98,0.0,0
46592,349.416,9.609,-0.5,0.0,417.437,0.0,0.0,0.0,5.737,0,16.0,0.89,309.915,-1.5176,36.24,35.57597732543945,4.98,0.0,0
46592,349.246,9.609,-0.5,0.0,417.437,0.0,0.0,0.0,5.737,0,17.0,0.93,309.915,2.6393,37.68,35.57597732543945,4.98,0.0,0
46592,349.075,9.6,-0.5,0.0,417.67900000000003,0.0,0.0,0.0,5.737,0,15.0,0.9500000000000001,309.915,-0.066,37.47,35.57597732543945,4.98,0.0,0
46592,349.416,9.6,-0.5,0.0,417.67900000000003,0.0,0.0,0.0,5.737,0,17.0,0.9,309.825,-1.5836000000000001,37.2,35.57597732543945,4.98,0.0,0
46592,349.246,9.6,0.0,0.0,417.67900000000003,0.0,0.0,0.0,5.737,0,14.0,0.865,309.915,1.0557,37.050000000000004,35.57597732543945,4.98,0.0,0
46592,349.416,9.6,-0.5,0.0,417.31600000000003,0.0,0.0,0.0,5.737,0,15.0,0.935,309.825,-2.3754,35.82,35.57597732543945,4.98,0.0,0
46592,349.075,9.59,-0.5,0.0,417.437,0.0,0.0,0.0,5.737,0,15.0,0.905,309.915,0.46190000000000003,35.25,35.57597732543945,4.98,0.0,0
46592,349.075,9.59,-0.5,0.0,417.37600000000003,0.0,0.0,0.0,5.737,0,14.0,0.895,309.915,2.1114,35.1,35.57597732543945,4.98,0.0,0
46592,349.246,9.59,0.0,0.0,417.255,0.0,0.0,0.0,5.737,0,15.0,0.9,309.915,-0.066,35.25,35.57597732543945,4.98,0.0,0
46592,349.416,9.58,-0.5,0.0,417.194,0.0,0.0,0.0,5.737,0,18.0,0.925,309.915,0.2639,35.13,35.57597732543945,4.98,0.0,0
46592,349.075,9.58,0.0,0.0,416.892,0.0,0.0,0.0,5.737,0,17.0,0.895,310.005,2.5733,34.44,35.57597732543945,4.98,0.0,0
46592,349.075,9.58,0.0,0.0,417.07300000000004,0.0,0.0,0.0,5.737,0,17.0,0.91,309.915,0.7918000000000001,34.71,35.57597732543945,4.98,0.0,0
46592,349.075,9.58,-0.5,0.0,417.37600000000003,0.0,0.0,0.0,5.737,0,15.0,0.89,309.915,-3.1672000000000002,35.19,35.57597732543945,4.98,0.0,0
46592,349.246,9.57,-0.5,0.0,417.558,0.0,0.0,0.0,5.737,0,13.0,0.89,309.915,-4.486800000000001,36.300000000000004,35.57597732543945,4.98,0.0,0
46592,349.246,9.57,-0.5,0.0,417.558,0.0,0.0,0.0,5.737,0,16.0,0.86,309.825,-3.926,36.45,35.57597732543945,4.98,0.0,0
46592,349.246,9.57,0.0,0.0,417.497,0.0,0.0,0.0,5.737,0,12.0,0.91,309.825,2.2599,36.480000000000004,35.57597732543945,4.98,0.0,0
46592,349.246,9.57,-0.5,0.0,417.255,0.0,0.0,0.0,5.737,0,10.0,0.9400000000000001,310.005,2.6888,37.17,35.57597732543945,4.98,0.0,0
46592,349.246,9.561,0.0,0.0,417.37600000000003,0.0,0.0,0.0,5.737,0,11.0,0.915,309.915,3.4311000000000003,37.44,35.57597732543945,4.98,0.0,0
46592,349.416,9.561,-1.0,0.0,417.437,0.0,0.0,0.0,5.737,0,10.0,0.935,309.825,0.2639,37.14,35.57597732543945,4.98,0.0,0
46592,349.075,9.561,0.0,0.0,417.255,0.0,0.0,0.0,5.737,0,10.0,0.9,309.825,-4.4703,36.33,35.57597732543945,4.98,0.0,0
46592,349.246,9.551,0.0,0.0,417.194,0.0,0.0,0.0,5.737,0,11.0,0.925,309.915,2.3754,35.67,35.57597732543945,4.98,0.0,0
46592,349.416,9.551,0.5,0.0,417.437,0.0,0.0,0.0,5.737,0,10.0,0.93,309.825,0.39590000000000003,35.910000000000004,35.57597732543945,4.98,0.0,0
46592,349.246,9.551,-0.5,0.0,417.437,0.0,0.0,0.0,5.737,0,13.0,0.9,309.915,-1.996,34.800000000000004,35.57597732543945,4.98,0.0,0
46592,349.075,9.551,0.0,0.0,417.497,0.0,0.0,0.0,5.737,0,15.0,0.9,309.825,-1.9465000000000001,34.83,35.57597732543945,4.98,0.0,0
46592,349.075,9.541,0.0,0.0,417.437,0.0,0.0,0.0,5.737,0,12.0,0.9,310.005,-2.2104,34.92,35.57597732543945,4.98,0.0,0
46592,349.246,9.541,-0.5,0.0,417.437,0.0,0.0,0.0,5.737,0,11.0,0.89,309.915,0.8413,34.83,35.57597732543945,4.98,0.0,0
46592,349.246,9.541,0.0,0.0,417.437,0.0,0.0,0.0,5.737,0,13.0,0.915,309.915,3.2166,35.49,35.57597732543945,4.98,0.0,0
46592,349.075,9.541,-0.5,0.0,417.37600000000003,0.0,0.0,0.0,5.737,0,14.0,0.915,309.915,2.2022,36.57,35.57597732543945,4.98,0.0,0
46592,349.587,9.531,-0.5,0.0,417.497,0.0,0.0,0.0,5.737,0,16.0,0.915,309.825,-3.2826,36.84,35.57597732543945,4.98,0.0,0
46592,349.416,9.531,0.0,0.0,417.558,0.0,0.0,0.0,5.737,0,15.0,0.9,309.915,-6.0044,36.75,35.57597732543945,4.98,0.0,0
46592,349.246,9.531,0.0,0.0,417.437,0.0,0.0,0.0,5.737,0,14.0,0.865,309.825,1.9300000000000002,36.33,35.57597732543945,4.98,0.0,0
46592,349.075,9.521,0.0,0.0,417.86,0.0,0.0,0.0,5.737,0,16.0,0.9500000000000001,309.915,4.2724,35.7,35.57597732543945,4.98,0.0,0
46592,349.075,9.521,-0.5,0.0,417.437,0.0,0.0,0.0,5.737,0,18.0,0.935,309.825,-3.0187,36.15,35.57597732543945,4.98,0.0,0
46592,349.587,9.521,0.0,0.0,417.67900000000003,0.0,0.0,0.0,5.737,0,15.0,0.845,310.005,0.5114000000000001,35.49,35.57597732543945,4.98,0.0,0
46592,349.075,9.521,0.0,0.0,417.558,0.0,0.0,0.0,5.737,0,17.0,0.905,309.915,3.2991,34.38,35.57597732543945,4.98,0.0,0
46592,349.075,9.512,0.0,0.0,417.67900000000003,0.0,0.0,0.0,5.737,0,17.0,0.96,309.825,1.3196,33.18,35.57597732543945,4.98,0.0,0
46592,349.587,9.512,-0.5,0.0,417.86,0.0,0.0,0.0,5.737,0,17.0,0.935,309.825,0.5279,33.18,35.57597732543945,4.98,0.0,0
46592,349.075,9.512,-0.5,0.0,418.223,0.0,0.0,0.0,5.737,0,18.0,0.87,310.005,-0.5279,33.87,35.57597732543945,4.98,0.0,0
46592,349.416,9.512,-0.5,0.0,417.67900000000003,0.0,0.0,0.0,5.737,0,17.0,0.97,309.915,1.5836000000000001,34.410000000000004,35.57597732543945,4.98,0.0,0
46592,349.246,9.502,-0.5,0.0,417.67900000000003,0.0,0.0,0.0,5.737,0,17.0,0.915,309.915,-2.1774,36.09,35.57597732543945,4.98,0.0,0
46592,349.075,9.502,-0.5,0.0,417.618,0.0,0.0,0.0,5.737,0,17.0,0.9550000000000001,309.915,-1.8475000000000001,36.84,35.57597732543945,4.98,0.0,0
46592,349.246,9.502,-1.0,0.0,417.497,0.0,0.0,0.0,5.737,0,17.0,0.93,309.825,0.5938,37.08,35.57597732543945,4.98,0.0,0
46592,349.246,9.502,-0.5,0.0,417.73900000000003,0.0,0.0,0.0,5.737,0,15.0,0.93,309.915,-0.5279,36.84,35.57597732543945,4.98,0.0,0
46592,349.075,9.492,-0.5,0.0,417.921,0.0,0.0,0.0,5.737,0,15.0,0.875,309.915,-0.5279,36.21,35.57597732543945,4.98,0.0,0
46592,349.246,9.492,0.0,0.0,417.73900000000003,0.0,0.0,0.0,5.737,0,18.0,0.875,309.915,0.5279,36.0,35.57597732543945,4.98,0.0,0
46592,349.246,9.492,0.0,0.0,417.618,0.0,0.0,0.0,5.737,0,15.0,0.92,309.915,2.6393,35.7,35.57597732543945,4.98,0.0,0
46592,349.075,9.482000000000001,-0.5,0.0,417.86,0.0,0.0,0.0,5.737,0,16.0,0.9400000000000001,309.825,-0.5279,36.39,35.57597732543945,4.98,0.0,0
46592,349.075,9.482000000000001,-0.5,0.0,417.8,0.0,0.0,0.0,5.737,0,18.0,0.865,309.915,-1.5836000000000001,35.550000000000004,35.57597732543945,4.98,0.0,0
46592,349.587,9.482000000000001,-1.0,0.0,417.558,0.0,0.0,0.0,5.737,0,15.0,0.9,309.915,1.0557,35.52,35.57597732543945,4.98,0.0,0
46592,349.416,9.482000000000001,-0.5,0.0,417.558,0.0,0.0,0.0,5.737,0,17.0,0.9,310.005,0.9238000000000001,34.89,35.57597732543945,4.98,0.0,0
46592,349.246,9.473,0.0,0.0,417.73900000000003,0.0,0.0,0.0,5.737,0,15.0,0.925,309.915,-0.5279,34.68,35.57597732543945,4.98,0.0,0
46592,349.416,9.473,-0.5,0.0,417.73900000000003,0.0,0.0,0.0,5.737,0,17.0,0.875,309.825,0.5938,35.22,35.57597732543945,4.98,0.0,0
46592,349.075,9.473,-0.5,0.0,417.73900000000003,0.0,0.0,0.0,5.737,0,16.0,0.9550000000000001,309.825,-5.0147,35.7,35.57597732543945,4.98,0.0,0
46592,349.246,9.463000000000001,0.0,0.0,417.73900000000003,0.0,0.0,0.0,5.737,0,13.0,0.9,309.915,-1.5836000000000001,36.93,35.57597732543945,4.98,0.0,0
46592,349.246,9.463000000000001,-0.5,0.0,417.67900000000003,0.0,0.0,0.0,5.737,0,16.0,0.89,309.915,5.5425,37.32,35.57597732543945,4.98,0.0,0
46592,349.416,9.463000000000001,0.0,0.0,417.37600000000003,0.0,0.0,0.0,5.737,0,14.0,1.0,309.825,3.1672000000000002,36.87,35.57597732543945,4.98,0.0,0
46592,349.075,9.463000000000001,-0.5,0.0,417.437,0.0,0.0,0.0,5.737,0,15.0,0.895,310.005,0.0,37.02,35.57597732543945,4.98,0.0,0
46592,349.416,9.453000000000001,0.0,0.0,417.31600000000003,0.0,0.0,0.0,5.737,0,13.0,0.895,309.915,-2.6393,36.660000000000004,35.57597732543945,4.98,0.0,0
46592,349.075,9.453000000000001,0.0,0.0,417.31600000000003,0.0,0.0,0.0,5.737,0,13.0,0.88,309.915,-2.5073000000000003,36.6,35.57597732543945,4.98,0.0,0
46592,349.246,9.453000000000001,0.0,0.0,417.558,0.0,0.0,0.0,5.737,0,13.0,0.885,309.825,-2.6393,37.08,35.57597732543945,4.98,0.0,0
46592,349.075,9.453000000000001,-0.5,0.0,417.86,0.0,0.0,0.0,5.737,0,17.0,0.905,309.915,2.6558,37.050000000000004,35.57597732543945,4.98,0.0,0
46592,349.246,9.443,0.0,0.0,417.558,0.0,0.0,0.0,5.737,0,16.0,0.99,309.915,1.1877,36.69,35.57597732543945,4.98,0.0,0
46592,349.246,9.443,-0.5,0.0,417.437,0.0,0.0,0.0,5.737,0,15.0,0.845,309.825,0.6598,35.34,35.57597732543945,4.98,0.0,0
46592,349.246,9.443,0.0,0.0,417.618,0.0,0.0,0.0,5.737,0,13.0,0.93,309.825,-0.1155,34.44,35.57597732543945,4.98,0.0,0
46592,349.075,9.443,0.0,0.0,417.437,0.0,0.0,0.0,5.737,0,12.0,0.91,309.915,-0.9402,34.29,35.57597732543945,4.98,0.0,0
46592,349.075,9.443,0.0,0.0,417.437,0.0,0.0,0.0,5.737,0,12.0,0.895,309.915,-1.3196,34.38,35.57597732543945,4.98,0.0,0
46592,349.587,9.434000000000001,-0.5,0.0,417.86,0.0,0.0,0.0,5.737,0,15.0,0.935,309.915,-1.1217000000000001,35.550000000000004,35.57597732543945,4.98,0.0,0
46592,349.075,9.434000000000001,0.0,0.0,417.981,0.0,0.0,0.0,5.737,0,13.0,0.9,309.825,-0.6598,36.72,35.57597732543945,4.98,0.0,0
46592,349.246,9.434000000000001,-0.5,0.0,417.921,0.0,0.0,0.0,5.737,0,11.0,1.0,309.825,2.4413,38.37,35.57597732543945,4.98,0.0,0
46592,349.246,9.424000000000001,0.0,0.0,417.618,0.0,0.0,0.0,5.737,0,13.0,0.89,309.915,1.3196,38.58,35.57597732543945,4.98,0.0,0
46592,349.246,9.424000000000001,0.0,0.0,417.618,0.0,0.0,0.0,5.737,0,10.0,0.8300000000000001,309.915,1.5176,37.89,35.57597732543945,4.98,0.0,0
46592,349.075,9.424000000000001,0.0,0.0,417.73900000000003,0.0,0.0,0.0,5.737,0,13.0,0.98,309.825,0.0,37.230000000000004,35.57597732543945,4.98,0.0,0
46592,349.246,9.424000000000001,-1.0,0.0,417.73900000000003,0.0,0.0,0.0,5.737,0,15.0,0.925,309.915,-0.5279,36.45,35.57597732543945,4.98,0.0,0
46592,349.246,9.414,0.0,0.0,417.73900000000003,0.0,0.0,0.0,5.737,0,12.0,0.89,309.915,0.7918000000000001,35.7,35.57597732543945,4.98,0.0,0
46592,349.416,9.414,-0.5,0.0,417.497,0.0,0.0,0.0,5.737,0,11.0,0.89,309.915,0.9897,35.79,35.57597732543945,4.98,0.0,0
46592,349.075,9.414,0.0,0.0,417.73900000000003,0.0,0.0,0.0,5.737,0,11.0,0.915,309.915,0.0,36.03,35.57597732543945,4.98,0.0,0
46592,349.246,9.414,0.0,0.0,417.67900000000003,0.0,0.0,0.0,5.737,0,15.0,0.855,309.915,0.0,35.4,35.57597732543945,4.98,0.0,0
46592,349.075,9.404,-0.5,0.0,417.618,0.0,0.0,0.0,5.737,0,19.0,0.915,309.825,-1.8475000000000001,35.04,35.57597732543945,4.98,0.0,0
46592,349.416,9.404,0.0,0.0,417.8,0.0,0.0,0.0,5.737,0,17.0,0.935,309.915,-1.5836000000000001,34.410000000000004,35.57597732543945,4.98,0.0,0
46592,349.246,9.404,-0.5,0.0,417.37600000000003,0.0,0.0,0.0,5.737,0,17.0,0.98,309.915,1.0557,34.800000000000004,35.57597732543945,4.98,0.0,0
46592,349.075,9.395,-0.5,0.0,417.437,0.0,0.0,0.0,5.737,0,17.0,0.995,309.915,1.5176,35.4,35.57597732543945,4.98,0.0,0
46592,349.075,9.395,0.0,0.0,418.10200000000003,0.0,0.0,0.0,5.737,0,19.0,0.86,309.915,0.2639,36.93,35.57597732543945,4.98,0.0,0
46592,349.246,9.395,-0.5,0.0,417.73900000000003,0.0,0.0,0.0,5.737,0,14.0,0.925,309.825,-2.0455,37.35,35.57597732543945,4.98,0.0,0
46592,349.246,9.395,-0.5,0.0,417.497,0.0,0.0,0.0,5.737,0,12.0,0.92,309.915,-0.7918000000000001,37.47,35.57597732543945,4.98,0.0,0
46592,349.416,9.385,-1.0,0.0,417.497,0.0,0.0,0.0,5.737,0,13.0,0.9450000000000001,309.915,3.1672000000000002,36.87,35.57597732543945,4.98,0.0,0
46592,349.416,9.385,-0.5,0.0,417.618,0.0,0.0,0.0,5.737,0,14.0,0.9450000000000001,309.69,-4.0909,35.910000000000004,35.57597732543945,4.98,0.0,0
46592,349.246,9.385,0.5,0.0,417.67900000000003,0.0,0.0,0.0,5.737,0,13.0,0.9500000000000001,309.915,-3.9589000000000003,36.0,35.57597732543945,4.98,0.0,0
46592,349.075,9.375,-1.0,0.0,417.981,0.0,0.0,0.0,5.737,0,15.0,0.885,309.825,1.4516,35.79,35.57597732543945,4.98,0.0,0
46592,349.416,9.375,0.0,0.0,417.8,0.0,0.0,0.0,5.737,0,14.0,0.895,310.005,4.5198,35.13,35.57597732543945,4.98,0.0,0
46592,349.075,9.375,0.0,0.0,417.497,0.0,0.0,0.0,5.737,0,13.0,0.97,309.915,1.8475000000000001,34.89,35.57597732543945,4.98,0.0,0
46592,349.246,9.375,-0.5,0.0,417.497,0.0,0.0,0.0,5.737,0,15.0,0.98,309.915,1.9795,34.92,35.57597732543945,4.98,0.0,0
46592,349.075,9.375,0.0,0.0,417.497,0.0,0.0,0.0,5.737,0,14.0,0.9400000000000001,309.825,0.132,35.28,35.57597732543945,4.98,0.0,0
46592,349.587,9.365,0.0,0.0,417.558,0.0,0.0,0.0,5.737,0,14.0,0.925,309.915,-3.3486000000000002,35.730000000000004,35.57597732543945,4.98,0.0,0
46592,349.246,9.365,0.0,0.0,417.67900000000003,0.0,0.0,0.0,5.737,0,14.0,0.925,310.005,1.3691,36.87,35.57597732543945,4.98,0.0,0
46592,349.587,9.365,-0.5,0.0,417.921,0.0,0.0,0.0,5.737,0,14.0,0.9500000000000001,309.825,4.1569,36.51,35.57597732543945,4.98,0.0,0
46592,349.416,9.365,0.0,0.0,417.921,0.0,0.0,0.0,5.737,0,15.0,0.9,309.825,-5.9714,36.24,35.57597732543945,4.98,0.0,0
46592,349.416,9.355,-0.5,0.0,417.497,0.0,0.0,0.0,5.737,0,15.0,0.93,309.915,-0.3134,37.38,35.57597732543945,4.98,0.0,0
46592,349.416,9.355,0.0,0.0,417.67900000000003,0.0,0.0,0.0,5.737,0,16.0,0.9400000000000001,309.915,5.7405,37.26,35.57597732543945,4.98,0.0,0
46592,349.587,9.355,-1.0,0.0,417.921,0.0,0.0,0.0,5.737,0,14.0,0.915,309.825,0.0,36.39,35.57597732543945,4.98,0.0,0
46592,349.075,9.346,-0.5,0.0,417.86,0.0,0.0,0.0,5.737,0,16.0,0.91,309.825,-2.8702,36.18,35.57597732543945,4.98,0.0,0
46592,349.246,9.346,0.0,0.0,417.73900000000003,0.0,0.0,0.0,5.737,0,13.0,0.9500000000000001,309.915,-1.9795,35.61,35.57597732543945,4.98,0.0,0
46592,349.075,9.346,-1.0,0.0,417.921,0.0,0.0,0.0,5.737,0,11.0,0.915,309.915,0.5279,35.67,35.57597732543945,4.98,0.0,0
46592,349.246,9.346,0.0,0.0,417.981,0.0,0.0,0.0,5.737,0,11.0,0.97,309.915,2.2269,36.03,35.57597732543945,4.98,0.0,0
46592,349.075,9.336,0.0,0.0,417.86,0.0,0.0,0.0,5.737,0,11.0,0.875,309.915,1.699,36.03,35.57597732543945,4.98,0.0,0
46592,349.075,9.336,-0.5,0.0,417.618,0.0,0.0,0.0,5.737,0,10.0,0.86,309.825,-2.2269,35.34,35.57597732543945,4.98,0.0,0
46592,349.246,9.336,0.0,0.0,417.921,0.0,0.0,0.0,5.737,0,10.0,0.84,309.915,-1.3196,35.79,35.57597732543945,4.98,0.0,0
46592,349.075,9.336,0.0,0.0,417.8,0.0,0.0,0.0,5.737,0,11.0,0.92,309.69,0.0412,36.12,35.57597732543945,4.98,0.0,0
46592,349.075,9.326,0.0,0.0,417.73900000000003,0.0,0.0,0.0,5.737,0,12.0,0.895,309.915,-0.0825,36.84,35.57597732543945,4.98,0.0,0
46592,349.246,9.326,0.0,0.0,417.921,0.0,0.0,0.0,5.737,0,14.0,0.885,309.915,2.1774,37.26,35.57597732543945,4.98,0.0,0
46592,349.246,9.326,-0.5,0.0,417.73900000000003,0.0,0.0,0.0,5.737,0,16.0,0.895,309.825,2.7218,36.96,35.57597732543945,4.98,0.0,0
46592,348.734,9.316,0.0,0.0,417.86,0.0,0.0,0.0,5.737,0,16.0,0.96,309.825,-2.0949,37.35,35.57597732543945,4.98,0.0,0
46592,349.246,9.316,0.0,0.0,417.921,0.0,0.0,0.0,5.737,0,17.0,0.935,309.825,-2.6228000000000002,36.93,35.57597732543945,4.98,0.0,0
46592,349.075,9.316,0.0,0.0,417.86,0.0,0.0,0.0,5.737,0,19.0,0.885,309.915,4.4703,36.96,35.57597732543945,4.98,0.0,0
46592,349.246,9.316,0.0,0.0,417.73900000000003,0.0,0.0,0.0,5.737,0,14.0,0.9,309.825,1.8805,35.46,35.57597732543945,4.98,0.0,0
46592,349.416,9.307,0.0,0.0,417.618,0.0,0.0,0.0,5.737,0,15.0,0.88,309.915,-4.5033,34.44,35.57597732543945,4.98,0.0,0
46592,349.246,9.307,-0.5,0.0,417.618,0.0,0.0,0.0,5.737,0,15.0,0.975,309.915,-4.8167,34.38,35.57597732543945,4.98,0.0,0
46592,349.075,9.307,-0.5,0.0,417.558,0.0,0.0,0.0,5.737,0,18.0,0.91,309.825,-1.0557,34.14,35.57597732543945,4.98,0.0,0
46592,349.246,9.307,0.0,0.0,417.73900000000003,0.0,0.0,0.0,5.737,0,18.0,0.9500000000000001,309.915,3.1012,34.47,35.57597732543945,4.98,0.0,0
46592,349.416,9.297,-0.5,0.0,417.921,0.0,0.0,0.0,5.737,0,14.0,0.9400000000000001,309.915,-0.5279,35.52,35.57597732543945,4.98,0.0,0
46592,349.075,9.297,-0.5,0.0,417.73900000000003,0.0,0.0,0.0,5.737,0,15.0,0.845,309.825,-2.6393,35.88,35.57597732543945,4.98,0.0,0
46592,349.246,9.297,-0.5,0.0,417.8,0.0,0.0,0.0,5.737,0,11.0,0.9,309.825,-2.6393,36.12,35.57597732543945,4.98,0.0,0
46592,349.075,9.297,0.0,0.0,417.921,0.0,0.0,0.0,5.737,0,10.0,0.905,309.915,1.5836000000000001,36.0,35.57597732543945,4.98,0.0,0
46592,349.416,9.287,-0.5,0.0,417.73900000000003,0.0,0.0,0.0,5.737,0,13.0,0.98,309.825,1.0557,36.480000000000004,35.57597732543945,4.98,0.0,0
46592,349.246,9.287,-0.5,0.0,417.67900000000003,0.0,0.0,0.0,5.737,0,13.0,0.8150000000000001,309.915,0.9897,36.6,35.57597732543945,4.98,0.0,0
46592,349.246,9.287,-0.5,0.0,417.8,0.0,0.0,0.0,5.737,0,14.0,0.935,309.915,2.3754,36.6,35.57597732543945,4.98,0.0,0
46592,349.075,9.287,0.0,0.0,418.10200000000003,0.0,0.0,0.0,5.737,0,13.0,0.865,309.915,3.629,36.78,35.57597732543945,4.98,0.0,0
46592,349.075,9.277000000000001,0.0,0.0,417.86,0.0,0.0,0.0,5.737,0,12.0,0.905,309.825,-3.4311000000000003,36.03,35.57597732543945,4.98,0.0,0
46592,349.075,9.277000000000001,0.0,0.0,417.921,0.0,0.0,0.0,5.737,0,12.0,0.865,309.915,-4.7507,35.4,35.57597732543945,4.98,0.0,0
46592,349.075,9.277000000000001,0.0,0.0,417.8,0.0,0.0,0.0,5.737,0,19.0,0.9450000000000001,309.825,1.5836000000000001,34.71,35.57597732543945,4.98,0.0,0
46592,349.075,9.268,0.0,0.0,417.8,0.0,0.0,0.0,5.737,0,19.0,0.86,309.915,4.6848,33.9,35.57597732543945,4.98,0.0,0
46592,349.246,9.268,-0.5,0.0,417.921,0.0,0.0,0.0,5.737,0,16.0,0.92,309.915,-1.5836000000000001,33.72,35.57597732543945,4.98,0.0,0
46592,349.416,9.268,-0.5,0.0,418.10200000000003,0.0,0.0,0.0,5.737,0,15.0,0.885,309.915,-0.066,33.87,35.57597732543945,4.98,0.0,0
46592,349.246,9.268,-0.5,0.0,417.921,0.0,0.0,0.0,5.737,0,20.0,0.9550000000000001,309.915,0.0,34.59,35.57597732543945,4.98,0.0,0
46592,349.075,9.258000000000001,0.0,0.0,418.283,0.0,0.0,0.0,5.737,0,17.0,0.935,309.915,-1.0557,35.88,35.57597732543945,4.98,0.0,0
46592,349.246,9.258000000000001,0.0,0.0,418.283,0.0,0.0,0.0,5.737,0,19.0,0.92,309.915,1.5836000000000001,36.6,35.57597732543945,4.98,0.0,0
46592,349.416,9.258000000000001,0.0,0.0,418.10200000000003,0.0,0.0,0.0,5.737,0,16.0,0.9,309.915,1.5836000000000001,36.69,35.57597732543945,4.98,0.0,0
46592,349.246,9.258000000000001,-0.5,0.0,418.04200000000003,0.0,0.0,0.0,5.737,0,15.0,0.905,309.825,-1.8475000000000001,36.300000000000004,35.57597732543945,4.98,0.0,0
46592,349.587,9.248000000000001,-0.5,0.0,417.981,0.0,0.0,0.0,5.737,0,16.0,0.93,309.825,-2.2269,36.21,35.57597732543945,4.98,0.0,0
46592,349.246,9.248000000000001,-0.5,0.0,417.67900000000003,0.0,0.0,0.0,5.737,0,18.0,0.89,309.915,-1.3196,35.76,35.57597732543945,4.98,0.0,0
46592,349.757,9.248000000000001,0.0,0.0,417.618,0.0,0.0,0.0,5.737,0,17.0,0.93,309.915,-0.39590000000000003,35.550000000000004,35.57597732543945,4.98,0.0,0
46592,349.587,9.248000000000001,0.0,0.0,417.558,0.0,0.0,0.0,5.737,0,12.0,0.93,309.825,0.39590000000000003,35.7,35.57597732543945,4.98,0.0,0
46592,349.416,9.238000000000001,0.0,0.0,417.86,0.0,0.0,0.0,5.737,0,12.0,0.89,309.915,-0.2639,35.52,35.57597732543945,4.98,0.0,0
46592,349.075,9.238000000000001,0.0,0.0,418.04200000000003,0.0,0.0,0.0,5.737,0,10.0,0.935,309.915,-0.8083,35.43,35.57597732543945,4.98,0.0,0
46592,349.416,9.238000000000001,-0.5,0.0,418.283,0.0,0.0,0.0,5.737,0,12.0,0.93,309.825,0.2639,34.44,35.57597732543945,4.98,0.0,0
46592,349.075,9.238000000000001,-0.5,0.0,418.283,0.0,0.0,0.0,5.737,0,15.0,0.9450000000000001,309.915,0.7753,33.9,35.57597732543945,4.98,0.0,0
46592,349.246,9.229000000000001,-0.5,0.0,418.283,0.0,0.0,0.0,5.737,0,14.0,0.995,309.825,-0.1155,33.81,35.57597732543945,4.98,0.0,0
46592,349.246,9.229000000000001,-0.5,0.0,417.921,0.0,0.0,0.0,5.737,0,20.0,0.915,309.825,-0.6433,34.83,35.57597732543945,4.98,0.0,0
46592,349.587,9.229000000000001,-0.5,0.0,417.981,0.0,0.0,0.0,5.737,0,15.0,0.91,309.915,-3.1672000000000002,36.12,35.57597732543945,4.98,0.0,0
46592,349.246,9.219000000000001,-0.5,0.0,418.10200000000003,0.0,0.0,0.0,5.737,0,13.0,0.9,309.825,0.6763,36.75,35.57597732543945,4.98,0.0,0
46592,349.075,9.219000000000001,0.0,0.0,417.73900000000003,0.0,0.0,0.0,5.737,0,11.0,0.9400000000000001,309.915,0.2474,36.87,35.57597732543945,4.98,0.0,0
46592,349.075,9.219000000000001,0.0,0.0,417.86,0.0,0.0,0.0,5.737,0,14.0,0.935,309.915,2.3589,36.36,35.57597732543945,4.98,0.0,0
46592,349.246,9.219000000000001,-0.5,0.0,417.73900000000003,0.0,0.0,0.0,5.737,0,12.0,0.915,309.825,0.5279,35.34,35.57597732543945,4.98,0.0,0
46592,349.075,9.209,-0.5,0.0,417.73900000000003,0.0,0.0,0.0,5.737,0,13.0,0.9450000000000001,309.825,-4.7507,35.19,35.57597732543945,4.98,0.0,0
46592,349.246,9.209,-0.5,0.0,418.04200000000003,0.0,0.0,0.0,5.737,0,14.0,0.89,309.825,-0.2474,35.19,35.57597732543945,4.98,0.0,0
46592,349.416,9.209,0.0,0.0,418.223,0.0,0.0,0.0,5.737,0,15.0,0.9,309.825,1.3196,35.43,35.57597732543945,4.98,0.0,0
46592,349.075,9.209,0.0,0.0,418.10200000000003,0.0,0.0,0.0,5.737,0,17.0,0.9400000000000001,309.915,2.0949,35.22,35.57597732543945,4.98,0.0,0
46592,349.075,9.199,0.0,0.0,418.163,0.0,0.0,0.0,5.737,0,16.0,0.9500000000000001,309.825,1.4516,34.62,35.57597732543945,4.98,0.0,0
46592,349.246,9.199,0.0,0.0,418.10200000000003,0.0,0.0,0.0,5.737,0,14.0,0.965,309.915,0.7753,33.81,35.57597732543945,4.98,0.0,0
46592,349.075,9.199,-0.5,0.0,418.10200000000003,0.0,0.0,0.0,5.737,0,14.0,0.87,309.915,0.6598,33.24,35.57597732543945,4.98,0.0,0
46592,349.246,9.199,-0.5,0.0,418.04200000000003,0.0,0.0,0.0,5.737,0,12.0,0.885,309.915,0.7918000000000001,33.24,35.57597732543945,4.98,0.0,0
46592,349.075,9.189,-0.5,0.0,417.31600000000003,0.0,0.0,0.0,5.737,0,13.0,0.93,309.825,2.6393,34.44,35.57597732543945,4.98,0.0,0
46592,349.587,9.189,-0.5,0.0,417.497,0.0,0.0,0.0,5.737,0,16.0,0.9,309.915,0.5279,36.27,35.57597732543945,4.98,0.0,0
46592,349.075,9.189,0.5,0.0,417.73900000000003,0.0,0.0,0.0,5.737,0,16.0,0.965,309.915,-3.1672000000000002,37.29,35.57597732543945,4.98,0.0,0
46592,349.075,9.189,-0.5,0.0,417.497,0.0,0.0,0.0,5.737,0,19.0,0.925,309.825,-1.0557,37.53,35.57597732543945,4.98,0.0,0
46592,349.416,9.18,0.0,0.0,417.73900000000003,0.0,0.0,0.0,5.737,0,16.0,0.915,309.915,1.0557,36.660000000000004,35.57597732543945,4.98,0.0,0
46592,349.246,9.18,0.0,0.0,417.921,0.0,0.0,0.0,5.737,0,16.0,0.87,309.825,-1.0557,36.0,35.57597732543945,4.98,0.0,0
46592,349.246,9.18,-0.5,0.0,417.921,0.0,0.0,0.0,5.737,0,16.0,0.935,309.915,-0.5938,34.74,35.57597732543945,4.98,0.0,0
46592,349.246,9.18,-0.5,0.0,417.497,0.0,0.0,0.0,5.737,0,16.0,0.915,309.915,1.0557,34.29,35.57597732543945,4.98,0.0,0
46592,349.075,9.17,-0.5,0.0,417.558,0.0,0.0,0.0,5.737,0,17.0,0.925,309.825,-1.0557,34.02,35.57597732543945,4.98,0.0,0
46592,349.416,9.17,0.0,0.0,417.558,0.0,0.0,0.0,5.737,0,14.0,0.965,309.915,-0.7918000000000001,34.53,35.57597732543945,4.98,0.0,0
46592,349.246,9.17,0.0,0.0,417.981,0.0,0.0,0.0,5.737,0,18.0,0.89,309.825,1.1217000000000001,34.95,35.57597732543945,4.98,0.0,0
46592,349.587,9.17,-0.5,0.0,417.921,0.0,0.0,0.0,5.737,0,17.0,0.93,309.915,1.3196,34.26,35.57597732543945,4.98,0.0,0
46592,349.416,9.16,0.0,0.0,417.86,0.0,0.0,0.0,5.737,0,18.0,0.9500000000000001,310.005,0.46190000000000003,34.05,35.57597732543945,4.98,0.0,0
46592,349.075,9.16,0.0,0.0,418.04200000000003,0.0,0.0,0.0,5.737,0,18.0,0.89,309.825,-0.5279,34.68,35.57597732543945,4.98,0.0,0
46592,349.246,9.16,-0.5,0.0,417.921,0.0,0.0,0.0,5.737,0,16.0,0.895,310.005,2.5733,35.61,35.57597732543945,4.98,0.0,0
46592,349.416,9.15,-0.5,0.0,418.04200000000003,0.0,0.0,0.0,5.737,0,16.0,0.885,309.915,1.0557,36.12,35.57597732543945,4.98,0.0,0
46592,349.246,9.15,-1.0,0.0,417.981,0.0,0.0,0.0,5.737,0,16.0,0.96,309.915,-1.1217000000000001,36.45,35.57597732543945,4.98,0.0,0
46592,349.075,9.15,0.0,0.0,417.73900000000003,0.0,0.0,0.0,5.737,0,17.0,0.9,309.915,-2.1114,36.42,35.57597732543945,4.98,0.0,0
46592,349.075,9.15,-0.5,0.0,417.73900000000003,0.0,0.0,0.0,5.737,0,16.0,0.915,309.915,1.0557,36.39,35.57597732543945,4.98,0.0,0
46592,349.246,9.141,-0.5,0.0,417.67900000000003,0.0,0.0,0.0,5.737,0,15.0,0.88,309.825,-1.8475000000000001,35.61,35.57597732543945,4.98,0.0,0
46592,348.90500000000003,9.141,-0.5,0.0,417.255,0.0,0.0,0.0,5.737,0,13.0,0.915,309.915,0.0,34.980000000000004,35.57597732543945,4.98,0.0,0
46592,349.416,9.141,-0.5,0.0,417.255,0.0,0.0,0.0,5.737,0,16.0,0.905,309.915,1.3196,35.160000000000004,35.57597732543945,4.98,0.0,0
46592,349.075,9.141,0.0,0.0,417.497,0.0,0.0,0.0,5.737,0,14.0,0.895,309.825,-1.0557,34.980000000000004,35.57597732543945,4.98,0.0,0
46592,349.075,9.131,-0.5,0.0,417.73900000000003,0.0,0.0,0.0,5.737,0,14.0,0.935,309.825,-2.9032,34.71,35.57597732543945,4.98,0.0,0
46592,349.246,9.131,0.0,0.0,417.8,0.0,0.0,0.0,5.737,0,15.0,0.985,309.915,-0.5279,34.95,35.57597732543945,4.98,0.0,0
46592,349.416,9.131,0.0,0.0,417.67900000000003,0.0,0.0,0.0,5.737,0,16.0,0.9,309.915,2.3754,35.13,35.57597732543945,4.98,0.0,0
46592,349.416,9.121,-0.5,0.0,417.497,0.0,0.0,0.0,5.737,0,15.0,0.875,309.825,0.5279,35.13,35.57597732543945,4.98,0.0,0
46592,349.246,9.121,0.0,0.0,417.497,0.0,0.0,0.0,5.737,0,14.0,0.92,309.915,-1.3196,36.03,35.57597732543945,4.98,0.0,0
46592,349.246,9.121,0.0,0.0,417.618,0.0,0.0,0.0,5.737,0,13.0,0.895,309.915,1.0557,36.81,35.57597732543945,4.98,0.0,0
46592,349.246,9.121,0.0,0.0,417.558,0.0,0.0,0.0,5.737,0,15.0,0.915,309.915,1.5836000000000001,36.99,35.57597732543945,4.98,0.0,0
46592,349.416,9.121,-0.5,0.0,417.558,0.0,0.0,0.0,5.737,0,17.0,0.865,309.915,1.0392000000000001,37.08,35.57597732543945,4.98,0.0,0
46592,349.075,9.111,0.0,0.0,417.558,0.0,0.0,0.0,5.737,0,15.0,1.025,309.915,-1.7155,36.99,35.57597732543945,4.98,0.0,0
46592,349.075,9.111,0.0,0.0,417.437,0.0,0.0,0.0,5.737,0,12.0,0.875,309.825,-0.5114000000000001,36.57,35.57597732543945,4.98,0.0,0
46592,349.246,9.111,-0.5,0.0,417.437,0.0,0.0,0.0,5.737,0,12.0,0.92,309.915,-2.3754,36.69,35.57597732543945,4.98,0.0,0
46592,349.246,9.111,0.0,0.0,417.67900000000003,0.0,0.0,0.0,5.737,0,15.0,0.91,309.915,0.2639,36.12,35.57597732543945,4.98,0.0,0
46592,349.246,9.102,0.0,0.0,417.67900000000003,0.0,0.0,0.0,5.737,0,13.0,0.89,309.825,2.9197,35.07,35.57597732543945,4.98,0.0,0
46592,349.075,9.102,-0.5,0.0,418.344,0.0,0.0,0.0,5.737,0,19.0,0.915,310.005,-2.9197,33.57,35.57597732543945,4.98,0.0,0
46592,349.246,9.102,0.0,0.0,417.86,0.0,0.0,0.0,5.737,0,16.0,0.93,309.915,0.132,33.96,35.57597732543945,4.98,0.0,0
46592,349.246,9.092,0.0,0.0,417.255,0.0,0.0,0.0,5.737,0,12.0,0.9550000000000001,309.825,2.3754,35.34,35.57597732543945,4.98,0.0,0
46592,349.075,9.092,0.0,0.0,417.618,0.0,0.0,0.0,5.737,0,11.0,0.91,309.915,-2.6558,36.12,35.57597732543945,4.98,0.0,0
46592,349.416,9.092,-0.5,0.0,417.86,0.0,0.0,0.0,5.737,0,13.0,0.895,309.915,0.39590000000000003,36.51,35.57597732543945,4.98,0.0,0
46592,349.246,9.092,-1.0,0.0,417.921,0.0,0.0,0.0,5.737,0,15.0,0.9550000000000001,309.915,4.2064,37.230000000000004,35.57597732543945,4.98,0.0,0
46592,349.246,9.082,-0.5,0.0,417.558,0.0,0.0,0.0,5.737,0,17.0,0.93,309.915,-2.2434000000000003,37.17,35.57597732543945,4.98,0.0,0
46592,349.075,9.082,0.0,0.0,417.618,0.0,0.0,0.0,5.737,0,16.0,0.96,309.915,-1.963,37.38,35.57597732543945,4.98,0.0,0
46592,349.075,9.082,0.0,0.0,417.86,0.0,0.0,0.0,5.737,0,19.0,0.915,309.69,1.097,37.32,35.57597732543945,4.98,0.0,0
46592,349.075,9.082,0.0,0.0,417.73900000000003,0.0,0.0,0.0,5.737,0,13.0,0.915,309.915,-1.798,37.32,35.57597732543945,4.98,0.0,0
46592,349.246,9.072000000000001,-0.5,0.0,417.618,0.0,0.0,0.0,5.737,0,12.0,0.9500000000000001,309.915,3.8930000000000002,36.480000000000004,35.57597732543945,4.98,0.0,0
46592,349.075,9.072000000000001,-0.5,0.0,417.73900000000003,0.0,0.0,0.0,5.737,0,14.0,0.985,309.915,4.5528,35.04,35.57597732543945,4.98,0.0,0
46592,349.075,9.072000000000001,0.0,0.0,417.31600000000003,0.0,0.0,0.0,5.737,0,16.0,0.915,309.915,-4.0909,34.230000000000004,35.57597732543945,4.98,0.0,0
46592,349.075,9.072000000000001,-0.5,0.0,417.07300000000004,0.0,0.0,0.0,5.737,0,17.0,0.915,309.915,-0.9073,34.17,35.57597732543945,4.98,0.0,0
46592,349.416,9.063,-0.5,0.0,417.73900000000003,0.0,0.0,0.0,5.737,0,12.0,0.9400000000000001,309.69,-3.2579000000000002,34.77,35.57597732543945,4.98,0.0,0
46592,349.416,9.063,0.0,0.0,417.67900000000003,0.0,0.0,0.0,5.737,0,14.0,0.9400000000000001,309.915,-3.5136000000000003,35.01,35.57597732543945,4.98,0.0,0
46592,349.416,9.063,-0.5,0.0,417.497,0.0,0.0,0.0,5.737,0,17.0,0.93,309.915,-3.2991,35.1,35.57597732543945,4.98,0.0,0
46592,349.075,9.063,0.0,0.0,417.67900000000003,0.0,0.0,0.0,5.737,0,12.0,0.875,309.915,5.0147,35.94,35.57597732543945,4.98,0.0,0
46592,349.075,9.053,0.0,0.0,417.921,0.0,0.0,0.0,5.737,0,13.0,0.9500000000000001,309.825,2.5073000000000003,36.33,35.57597732543945,4.98,0.0,0
46592,349.416,9.053,-0.5,0.0,418.163,0.0,0.0,0.0,5.737,0,14.0,0.915,309.915,-4.7507,36.81,35.57597732543945,4.98,0.0,0
46592,349.416,9.053,0.0,0.0,418.10200000000003,0.0,0.0,0.0,5.737,0,13.0,0.995,309.825,0.2639,36.54,35.57597732543945,4.98,0.0,0
46592,349.246,9.053,-0.5,0.0,417.921,0.0,0.0,0.0,5.737,0,18.0,0.9,309.825,2.1114,36.06,35.57597732543945,4.98,0.0,0
46592,349.246,9.043000000000001,0.0,0.0,417.558,0.0,0.0,0.0,5.737,0,20.0,0.885,309.825,-0.5279,35.88,35.57597732543945,4.98,0.0,0
46592,349.075,9.043000000000001,-0.5,0.0,417.558,0.0,0.0,0.0,5.737,0,18.0,0.925,309.915,0.9897,36.57,35.57597732543945,4.98,0.0,0
46592,349.246,9.043000000000001,-0.5,0.0,417.618,0.0,0.0,0.0,5.737,0,15.0,0.9450000000000001,309.915,0.0,36.42,35.57597732543945,4.98,0.0,0
46592,349.246,9.043000000000001,-0.5,0.0,417.67900000000003,0.0,0.0,0.0,5.737,0,19.0,0.9400000000000001,309.915,0.9897,37.26,35.57597732543945,4.98,0.0,0
46592,349.246,9.033000000000001,-0.5,0.0,417.86,0.0,0.0,0.0,5.737,0,14.0,0.9450000000000001,309.915,1.3196,35.730000000000004,35.57597732543945,4.98,0.0,0
46592,349.246,9.033000000000001,0.0,0.0,417.497,0.0,0.0,0.0,5.737,0,18.0,0.87,309.915,-1.5836000000000001,34.83,35.57597732543945,4.98,0.0,0
46592,349.416,9.033000000000001,0.0,0.0,417.67900000000003,0.0,0.0,0.0,5.737,0,16.0,0.905,309.915,-0.2639,34.53,35.57597732543945,4.98,0.0,0
46592,349.416,9.033000000000001,-0.5,0.0,417.67900000000003,0.0,0.0,0.0,5.737,0,16.0,0.9550000000000001,309.915,2.6393,35.61,35.57597732543945,4.98,0.0,0
46592,349.075,9.023,0.0,0.0,417.73900000000003,0.0,0.0,0.0,5.737,0,12.0,0.9400000000000001,309.825,-2.9032,36.42,35.57597732543945,4.98,0.0,0
46592,349.246,9.023,-0.5,0.0,417.8,0.0,0.0,0.0,5.737,0,14.0,0.965,309.915,-4.2229,37.230000000000004,35.57597732543945,4.98,0.0,0
46592,349.246,9.023,-0.5,0.0,417.921,0.0,0.0,0.0,5.737,0,18.0,0.96,309.915,2.7713,37.11,35.57597732543945,4.98,0.0,0
46592,349.587,9.014000000000001,-0.5,0.0,417.73900000000003,0.0,0.0,0.0,5.737,0,16.0,0.9550000000000001,309.915,3.3651,37.050000000000004,35.57597732543945,4.98,0.0,0
46592,349.075,9.014000000000001,0.0,0.0,417.497,0.0,0.0,0.0,5.737,0,13.0,0.96,309.825,-3.4311000000000003,36.45,35.57597732543945,4.98,0.0,0
46592,349.246,9.014000000000001,0.0,0.0,417.618,0.0,0.0,0.0,5.737,0,19.0,0.87,309.915,-1.0557,36.72,35.57597732543945,4.98,0.0,0
46592,349.246,9.014000000000001,-0.5,0.0,417.31600000000003,0.0,0.0,0.0,5.737,0,16.0,0.935,309.915,1.8475000000000001,37.08,35.57597732543945,4.98,0.0,0
46592,349.075,9.004,-0.5,0.0,417.437,0.0,0.0,0.0,5.737,0,19.0,0.87,309.915,2.0455,37.62,35.57597732543945,4.98,0.0,0
46592,349.416,9.004,-0.5,0.0,417.437,0.0,0.0,0.0,5.737,0,18.0,1.02,309.915,1.699,37.59,35.57597732543945,4.98,0.0,0
46592,349.075,9.004,0.0,0.0,417.437,0.0,0.0,0.0,5.737,0,18.0,0.905,309.915,0.0,36.87,35.57597732543945,4.98,0.0,0
46592,349.587,9.004,-0.5,0.0,417.437,0.0,0.0,0.0,5.737,0,15.0,0.935,309.825,-1.4351,35.49,35.57597732543945,4.98,0.0,0
46592,349.587,9.004,-0.5,0.0,417.73900000000003,0.0,0.0,0.0,5.737,0,17.0,0.925,309.915,-0.6598,35.34,35.57597732543945,4.98,0.0,0
46592,349.246,8.994,-0.5,0.0,417.437,0.0,0.0,0.0,5.737,0,17.0,0.965,309.915,-0.7918000000000001,34.44,35.57597732543945,4.98,0.0,0
46592,349.246,8.994,0.0,0.0,417.73900000000003,0.0,0.0,0.0,5.737,0,12.0,0.965,309.825,-0.39590000000000003,34.92,35.57597732543945,4.98,0.0,0
46592,349.246,8.994,0.0,0.0,417.921,0.0,0.0,0.0,5.737,0,12.0,0.935,309.825,-1.0392000000000001,35.94,35.57597732543945,4.98,0.0,0
46592,349.416,8.994,0.0,0.0,418.04200000000003,0.0,0.0,0.0,5.737,0,14.0,0.985,309.915,-0.5279,36.63,35.57597732543945,4.98,0.0,0
46592,349.075,8.984,0.0,0.0,417.618,0.0,0.0,0.0,5.737,0,13.0,0.93,309.825,0.5444,38.1,35.57597732543945,4.98,0.0,0
46592,349.246,8.984,-0.5,0.0,417.558,0.0,0.0,0.0,5.737,0,13.0,0.9500000000000001,309.825,-0.5279,38.46,35.57597732543945,4.98,0.0,0
46592,349.587,8.984,-0.5,0.0,417.558,0.0,0.0,0.0,5.737,0,12.0,0.92,309.69,-3.7363000000000004,37.53,35.57597732543945,4.98,0.0,0
46592,349.246,8.984,0.0,0.0,417.67900000000003,0.0,0.0,0.0,5.737,0,14.0,0.93,309.915,0.5773,36.54,35.57597732543945,4.98,0.0,0
46592,349.246,8.975,0.0,0.0,417.67900000000003,0.0,0.0,0.0,5.737,0,15.0,0.895,309.825,1.9135000000000002,35.76,35.57597732543945,4.98,0.0,0
46592,349.075,8.975,0.0,0.0,417.8,0.0,0.0,0.0,5.737,0,10.0,0.96,309.915,0.6846,35.46,35.57597732543945,4.98,0.0,0
46592,349.246,8.975,-0.5,0.0,417.921,0.0,0.0,0.0,5.737,0,13.0,0.915,309.825,-0.6598,35.82,35.57597732543945,4.98,0.0,0
46592,349.246,8.965,0.0,0.0,418.04200000000003,0.0,0.0,0.0,5.737,0,12.0,0.925,309.825,1.1877,35.52,35.57597732543945,4.98,0.0,0
46592,349.246,8.965,0.0,0.0,417.86,0.0,0.0,0.0,5.737,0,18.0,0.9,309.825,-1.1877,34.95,35.57597732543945,4.98,0.0,0
46592,349.075,8.965,-0.5,0.0,417.73900000000003,0.0,0.0,0.0,5.737,0,16.0,0.915,309.825,2.3754,34.95,35.57597732543945,4.98,0.0,0
46592,348.90500000000003,8.965,0.0,0.0,417.437,0.0,0.0,0.0,5.737,0,11.0,0.9,309.915,1.8475000000000001,35.13,35.57597732543945,4.98,0.0,0
46592,349.587,8.955,0.0,0.0,417.67900000000003,0.0,0.0,0.0,5.737,0,13.0,0.93,309.915,0.9073,36.06,35.57597732543945,4.98,0.0,0
46592,349.246,8.955,0.0,0.0,417.8,0.0,0.0,0.0,5.737,0,16.0,0.895,309.69,-3.8352000000000004,36.6,35.57597732543945,4.98,0.0,0
46592,349.075,8.955,0.0,0.0,417.437,0.0,0.0,0.0,5.737,0,14.0,0.85,309.825,-2.2929,37.35,35.57597732543945,4.98,0.0,0
46592,349.587,8.955,0.0,0.0,417.437,0.0,0.0,0.0,5.737,0,16.0,0.925,309.825,-2.3094,37.410000000000004,35.57597732543945,4.98,0.0,0
46592,349.075,8.955,-0.5,0.0,418.163,0.0,0.0,0.0,5.737,0,14.0,0.89,309.915,2.5073000000000003,37.89,35.57597732543945,4.98,0.0,0
46592,349.416,8.945,0.0,0.0,418.04200000000003,0.0,0.0,0.0,5.737,0,14.0,0.9550000000000001,309.825,2.0125,37.5,35.57597732543945,4.98,0.0,0
46592,349.075,8.945,-0.5,0.0,417.921,0.0,0.0,0.0,5.737,0,15.0,0.89,309.825,-0.7918000000000001,37.32,35.57597732543945,4.98,0.0,0
46592,349.246,8.945,0.0,0.0,417.921,0.0,0.0,0.0,5.737,0,16.0,0.89,309.915,-2.6393,35.58,35.57597732543945,4.98,0.0,0
46592,349.246,8.945,0.0,0.0,417.921,0.0,0.0,0.0,5.737,0,12.0,0.9550000000000001,309.915,2.6393,34.53,35.57597732543945,4.98,0.0,0
46592,349.416,8.936,-0.5,0.0,417.921,0.0,0.0,0.0,5.737,0,16.0,0.885,309.915,3.629,34.35,35.57597732543945,4.98,0.0,0
46592,349.246,8.936,0.0,0.0,417.8,0.0,0.0,0.0,5.737,0,18.0,0.845,309.825,-3.1672000000000002,34.89,35.57597732543945,4.98,0.0,0
46592,349.246,8.936,-0.5,0.0,417.73900000000003,0.0,0.0,0.0,5.737,0,18.0,0.935,309.915,-0.5279,34.74,35.57597732543945,4.98,0.0,0
46592,349.587,8.926,-1.0,0.0,417.558,0.0,0.0,0.0,5.737,0,13.0,0.88,309.825,-3.0352,35.1,35.57597732543945,4.98,0.0,0
46592,349.075,8.926,-0.5,0.0,417.86,0.0,0.0,0.0,5.737,0,13.0,0.845,310.005,2.5073000000000003,35.25,35.57597732543945,4.98,0.0,0
46592,349.246,8.926,0.0,0.0,417.86,0.0,0.0,0.0,5.737,0,15.0,0.9500000000000001,309.915,5.938400000000001,35.67,35.57597732543945,4.98,0.0,0
46592,349.757,8.926,-0.5,0.0,417.8,0.0,0.0,0.0,5.737,0,15.0,0.875,310.005,-1.7155,36.660000000000004,35.57597732543945,4.98,0.0,0
46592,349.075,8.926,-0.5,0.0,417.8,0.0,0.0,0.0,5.737,0,13.0,0.915,310.005,-2.0125,36.72,35.57597732543945,4.98,0.0,0
46592,349.587,8.916,0.0,0.0,417.921,0.0,0.0,0.0,5.737,0,12.0,0.9500000000000001,309.825,-2.3424,37.47,35.57597732543945,4.98,0.0,0
46592,349.416,8.916,-0.5,0.0,417.73900000000003,0.0,0.0,0.0,5.737,0,12.0,0.92,309.915,0.132,37.35,35.57597732543945,4.98,0.0,0
46592,349.416,8.916,0.0,0.0,417.73900000000003,0.0,0.0,0.0,5.737,0,13.0,0.88,309.915,-1.699,36.84,35.57597732543945,4.98,0.0,0
46592,349.075,8.916,0.0,0.0,417.73900000000003,0.0,0.0,0.0,5.737,0,12.0,0.865,309.825,1.3526,36.57,35.57597732543945,4.98,0.0,0
46592,349.416,8.906,0.0,0.0,417.8,0.0,0.0,0.0,5.737,0,9.0,0.93,309.915,-0.7918000000000001,36.39,35.57597732543945,4.98,0.0,0
46592,349.416,8.906,0.0,0.0,417.86,0.0,0.0,0.0,5.737,0,12.0,0.93,309.825,-3.8105,35.88,35.57597732543945,4.98,0.0,0
46592,349.757,8.906,-0.5,0.0,417.8,0.0,0.0,0.0,5.737,0,12.0,0.96,309.825,1.0557,34.89,35.57597732543945,4.98,0.0,0
46592,349.246,8.906,0.0,0.0,418.04200000000003,0.0,0.0,0.0,5.737,0,13.0,0.89,309.915,-2.1939,34.53,35.57597732543945,4.98,0.0,0
46592,349.246,8.896,0.0,0.0,417.558,0.0,0.0,0.0,5.737,0,12.0,0.925,309.825,0.9897,33.81,35.57597732543945,4.98,0.0,0
46592,349.587,8.896,0.0,0.0,417.67900000000003,0.0,0.0,0.0,5.737,0,14.0,0.9400000000000001,309.915,2.3094,34.86,35.57597732543945,4.98,0.0,0
46592,349.416,8.896,0.0,0.0,417.8,0.0,0.0,0.0,5.737,0,13.0,0.89,310.005,1.963,35.13,35.57597732543945,4.98,0.0,0
46592,349.075,8.896,-0.5,0.0,417.558,0.0,0.0,0.0,5.737,0,12.0,0.92,309.915,2.2434000000000003,35.730000000000004,35.57597732543945,4.98,0.0,0
46592,349.416,8.887,0.0,0.0,417.618,0.0,0.0,0.0,5.737,0,12.0,0.935,309.69,-4.4456,36.36,35.57597732543945,4.98,0.0,0
46592,349.246,8.887,0.0,0.0,417.437,0.0,0.0,0.0,5.737,0,12.0,0.935,309.915,-2.7053000000000003,36.75,35.57597732543945,4.98,0.0,0
46592,349.075,8.887,-0.5,0.0,417.921,0.0,0.0,0.0,5.737,0,13.0,0.99,310.005,2.4249,37.050000000000004,35.57597732543945,4.98,0.0,0
46592,349.246,8.877,-0.5,0.0,417.618,0.0,0.0,0.0,5.737,0,15.0,0.915,309.915,6.1364,36.99,35.57597732543945,4.98,0.0,0
46592,349.246,8.877,-1.0,0.0,417.37600000000003,0.0,0.0,0.0,5.737,0,15.0,0.92,309.915,-0.7918000000000001,36.81,35.57597732543945,4.98,0.0,0
46592,349.246,8.877,0.0,0.0,417.497,0.0,0.0,0.0,5.737,0,16.0,0.935,309.915,-3.8435,36.6,35.57597732543945,4.98,0.0,0
46592,349.246,8.877,-0.5,0.0,417.558,0.0,0.0,0.0,5.737,0,16.0,0.91,309.825,-2.3589,35.85,35.57597732543945,4.98,0.0,0
46592,349.416,8.867,-1.0,0.0,417.194,0.0,0.0,0.0,5.737,0,15.0,0.9400000000000001,309.915,-0.132,35.22,35.57597732543945,4.98,0.0,0
46592,349.416,8.867,0.0,0.0,417.255,0.0,0.0,0.0,5.737,0,16.0,0.9550000000000001,309.825,0.8083,33.39,35.57597732543945,4.98,0.0,0
46592,349.587,8.867,-0.5,0.0,417.255,0.0,0.0,0.0,5.737,0,15.0,0.9500000000000001,309.825,-0.132,33.660000000000004,35.57597732543945,4.98,0.0,0
46592,349.246,8.867,0.0,0.0,417.558,0.0,0.0,0.0,5.737,0,14.0,0.845,309.915,-1.9795,34.05,35.57597732543945,4.98,0.0,0
46592,349.246,8.857000000000001,-0.5,0.0,417.67900000000003,0.0,0.0,0.0,5.737,0,15.0,0.89,309.915,1.9795,35.82,35.57597732543945,4.98,0.0,0
46592,349.075,8.857000000000001,0.0,0.0,417.558,0.0,0.0,0.0,5.737,0,18.0,0.92,309.825,1.8475000000000001,36.09,35.57597732543945,4.98,0.0,0
46592,349.075,8.857000000000001,-0.5,0.0,417.558,0.0,0.0,0.0,5.737,0,17.0,0.9550000000000001,309.915,-0.41240000000000004,36.99,35.57597732543945,4.98,0.0,0
46592,349.246,8.857000000000001,0.0,0.0,417.618,0.0,0.0,0.0,5.737,0,17.0,1.0,309.915,0.39590000000000003,36.6,35.57597732543945,4.98,0.0,0
46592,349.075,8.857000000000001,-0.5,0.0,417.618,0.0,0.0,0.0,5.737,0,19.0,0.875,309.915,0.5279,36.51,35.57597732543945,4.98,0.0,0
46592,349.075,8.848,0.0,0.0,417.437,0.0,0.0,0.0,5.737,0,15.0,0.875,310.005,2.3754,36.15,35.57597732543945,4.98,0.0,0
46592,349.246,8.848,0.0,0.0,417.31600000000003,0.0,0.0,0.0,5.737,0,17.0,0.845,309.825,-2.0455,35.94,35.57597732543945,4.98,0.0,0
46592,349.075,8.848,0.0,0.0,417.437,0.0,0.0,0.0,5.737,0,20.0,0.8300000000000001,309.915,-0.5279,35.46,35.57597732543945,4.98,0.0,0
46592,349.246,8.838000000000001,-0.5,0.0,417.437,0.0,0.0,0.0,5.737,0,18.0,0.92,309.825,-0.39590000000000003,34.95,35.57597732543945,4.98,0.0,0
46592,349.416,8.838000000000001,-0.5,0.0,417.558,0.0,0.0,0.0,5.737,0,15.0,0.905,309.915,1.0557,34.08,35.57597732543945,4.98,0.0,0
46592,349.075,8.838000000000001,0.0,0.0,417.437,0.0,0.0,0.0,5.737,0,11.0,0.92,310.005,0.46190000000000003,33.72,35.57597732543945,4.98,0.0,0
46592,349.246,8.838000000000001,-0.5,0.0,417.73900000000003,0.0,0.0,0.0,5.737,0,14.0,0.9550000000000001,309.915,1.5836000000000001,33.54,35.57597732543945,4.98,0.0,0
46592,349.416,8.828000000000001,-0.5,0.0,417.8,0.0,0.0,0.0,5.737,0,17.0,0.875,310.005,2.0455,34.44,35.57597732543945,4.98,0.0,0
46592,349.246,8.828000000000001,-0.5,0.0,417.8,0.0,0.0,0.0,5.737,0,13.0,0.9,310.005,0.7918000000000001,35.04,35.57597732543945,4.98,0.0,0
46592,349.246,8.828000000000001,0.0,0.0,417.8,0.0,0.0,0.0,5.737,0,14.0,0.9500000000000001,309.825,0.066,35.82,35.57597732543945,4.98,0.0,0
46592,349.246,8.828000000000001,0.0,0.0,417.437,0.0,0.0,0.0,5.737,0,15.0,0.915,309.825,-5.5425,37.29,35.57597732543945,4.98,0.0,0
46592,349.246,8.818,-0.5,0.0,417.73900000000003,0.0,0.0,0.0,5.737,0,14.0,0.885,309.915,-2.5733,37.68,35.57597732543945,4.98,0.0,0
46592,349.246,8.818,0.0,0.0,417.86,0.0,0.0,0.0,5.737,0,18.0,0.905,309.915,3.9589000000000003,36.99,35.57597732543945,4.98,0.0,0
46592,349.416,8.818,-0.5,0.0,417.437,0.0,0.0,0.0,5.737,0,18.0,0.875,309.825,0.0,36.24,35.57597732543945,4.98,0.0,0
46592,349.587,8.818,0.0,0.0,417.73900000000003,0.0,0.0,0.0,5.737,0,17.0,0.92,309.915,-2.1114,35.97,35.57597732543945,4.98,0.0,0
46592,349.246,8.809000000000001,0.0,0.0,417.73900000000003,0.0,0.0,0.0,5.737,0,15.0,0.9450000000000001,309.825,-0.46190000000000003,36.300000000000004,35.57597732543945,4.98,0.0,0
46592,349.075,8.809000000000001,0.0,0.0,417.437,0.0,0.0,0.0,5.737,0,17.0,0.89,309.915,2.3754,36.39,35.57597732543945,4.98,0.0,0
46592,349.416,8.809000000000001,-0.5,0.0,417.37600000000003,0.0,0.0,0.0,5.737,0,11.0,0.85,309.915,-1.0557,36.57,35.57597732543945,4.98,0.0,0
46592,349.416,8.809000000000001,-0.5,0.0,417.558,0.0,0.0,0.0,5.737,0,14.0,0.87,309.825,-0.2639,35.52,35.57597732543945,4.98,0.0,0
46592,349.416,8.799000000000001,0.5,0.0,417.497,0.0,0.0,0.0,5.737,0,14.0,0.91,309.915,0.5279,34.56,35.57597732543945,4.98,0.0,0
46592,349.416,8.799000000000001,-0.5,0.0,417.558,0.0,0.0,0.0,5.737,0,16.0,0.8250000000000001,309.915,0.7918000000000001,34.29,35.57597732543945,4.98,0.0,0
46592,349.246,8.799000000000001,0.0,0.0,417.618,0.0,0.0,0.0,5.737,0,14.0,0.85,309.915,1.5176,35.07,35.57597732543945,4.98,0.0,0
46592,349.416,8.799000000000001,-0.5,0.0,417.67900000000003,0.0,0.0,0.0,5.737,0,12.0,0.895,309.915,0.5279,36.21,35.57597732543945,4.98,0.0,0
46592,349.416,8.789,0.0,0.0,417.67900000000003,0.0,0.0,0.0,5.737,0,11.0,0.975,309.915,0.5279,37.92,35.57597732543945,4.98,0.0,0
46592,349.075,8.789,0.0,0.0,417.67900000000003,0.0,0.0,0.0,5.737,0,15.0,0.9,309.915,0.5279,37.95,35.57597732543945,4.98,0.0,0
46592,349.075,8.789,0.0,0.0,417.8,0.0,0.0,0.0,5.737,0,14.0,0.91,309.915,0.0,38.25,35.57597732543945,4.98,0.0,0
46592,349.246,8.789,0.0,0.0,417.86,0.0,0.0,0.0,5.737,0,16.0,0.98,309.825,-1.4351,37.83,35.57597732543945,4.98,0.0,0
46592,349.416,8.779,-0.5,0.0,417.73900000000003,0.0,0.0,0.0,5.737,0,18.0,0.9400000000000001,309.915,-1.8475000000000001,37.11,35.57597732543945,4.98,0.0,0
46592,349.416,8.779,0.0,0.0,417.255,0.0,0.0,0.0,5.737,0,16.0,0.98,309.915,-0.6598,36.6,35.57597732543945,4.98,0.0,0
46592,349.246,8.779,0.0,0.0,417.497,0.0,0.0,0.0,5.737,0,16.0,0.93,309.915,2.7548,36.63,35.57597732543945,4.98,0.0,0
46592,349.075,8.779,-0.5,0.0,417.437,0.0,0.0,0.0,5.737,0,15.0,0.855,309.825,-1.699,36.0,35.57597732543945,4.98,0.0,0
46592,349.246,8.77,-0.5,0.0,417.437,0.0,0.0,0.0,5.737,0,10.0,0.96,309.915,0.9238000000000001,35.43,35.57597732543945,4.98,0.0,0
46592,349.416,8.77,-1.0,0.0,417.31600000000003,0.0,0.0,0.0,5.737,0,14.0,0.91,309.915,2.2434000000000003,35.46,35.57597732543945,4.98,0.0,0
46592,349.246,8.77,-0.5,0.0,417.558,0.0,0.0,0.0,5.737,0,13.0,0.935,309.825,-1.7155,34.71,35.57597732543945,4.98,0.0,0
46592,349.416,8.77,0.0,0.0,417.558,0.0,0.0,0.0,5.737,0,13.0,0.93,309.825,-2.6393,34.74,35.57597732543945,4.98,0.0,0
46592,349.246,8.77,0.0,0.0,417.134,0.0,0.0,0.0,5.737,0,14.0,0.89,309.915,-2.3754,35.19,35.57597732543945,4.98,0.0,0
46592,349.587,8.76,-0.5,0.0,417.134,0.0,0.0,0.0,5.737,0,17.0,0.97,309.915,0.0,34.980000000000004,35.57597732543945,4.98,0.0,0
46592,349.075,8.76,-0.5,0.0,417.194,0.0,0.0,0.0,5.737,0,13.0,0.9,309.915,1.5836000000000001,36.57,35.57597732543945,4.98,0.0,0
46592,349.587,8.76,-1.0,0.0,417.437,0.0,0.0,0.0,5.737,0,11.0,0.925,309.915,-1.5836000000000001,37.71,35.57597732543945,4.98,0.0,0
46592,349.246,8.76,0.0,0.0,417.437,0.0,0.0,0.0,5.737,0,13.0,0.9550000000000001,309.825,-1.8475000000000001,38.31,35.57597732543945,4.98,0.0,0
46592,349.246,8.75,0.0,0.0,417.255,0.0,0.0,0.0,5.737,0,12.0,0.96,309.825,1.1217000000000001,37.410000000000004,35.57597732543945,4.98,0.0,0
46592,349.246,8.75,0.0,0.0,417.255,0.0,0.0,0.0,5.737,0,13.0,0.875,309.915,0.0,36.78,35.57597732543945,4.98,0.0,0
46592,349.075,8.75,0.0,0.0,417.558,0.0,0.0,0.0,5.737,0,11.0,0.93,309.825,-2.1114,36.300000000000004,35.57597732543945,4.98,0.0,0
46592,349.075,8.75,0.0,0.0,417.255,0.0,0.0,0.0,5.737,0,11.0,0.905,309.915,2.3754,36.03,35.57597732543945,4.98,0.0,0
46592,349.416,8.74,0.0,0.0,417.07300000000004,0.0,0.0,0.0,5.737,0,11.0,0.86,309.915,3.6950000000000003,35.85,35.57597732543945,4.98,0.0,0
46592,349.416,8.74,0.0,0.0,417.37600000000003,0.0,0.0,0.0,5.737,0,10.0,1.0150000000000001,309.915,2.3754,34.92,35.57597732543945,4.98,0.0,0
46592,349.587,8.74,0.0,0.0,417.07300000000004,0.0,0.0,0.0,5.737,0,16.0,0.905,309.825,1.1217000000000001,34.65,35.57597732543945,4.98,0.0,0
46592,349.075,8.74,0.0,0.0,417.194,0.0,0.0,0.0,5.737,0,14.0,0.885,309.915,-0.5279,34.86,35.57597732543945,4.98,0.0,0
46592,349.246,8.73,0.5,0.0,417.497,0.0,0.0,0.0,5.737,0,18.0,0.93,309.915,-2.1114,35.46,35.57597732543945,4.98,0.0,0
46592,349.075,8.73,0.0,0.0,417.31600000000003,0.0,0.0,0.0,5.737,0,18.0,0.925,309.915,1.5836000000000001,36.0,35.57597732543945,4.98,0.0,0
46592,349.587,8.73,-0.5,0.0,416.892,0.0,0.0,0.0,5.737,0,15.0,0.985,309.825,0.066,36.96,35.57597732543945,4.98,0.0,0
46592,349.416,8.721,-0.5,0.0,416.892,0.0,0.0,0.0,5.737,0,14.0,0.9400000000000001,309.915,-0.7918000000000001,36.84,35.57597732543945,4.98,0.0,0
46592,349.246,8.721,-0.5,0.0,417.134,0.0,0.0,0.0,5.737,0,17.0,0.93,309.915,-2.1114,36.78,35.57597732543945,4.98,0.0,0
46592,349.416,8.721,-0.5,0.0,417.194,0.0,0.0,0.0,5.737,0,15.0,0.91,309.825,0.0,36.63,35.57597732543945,4.98,0.0,0
46592,349.246,8.721,-0.5,0.0,417.255,0.0,0.0,0.0,5.737,0,14.0,0.97,309.825,1.1217000000000001,36.480000000000004,35.57597732543945,4.98,0.0,0
46592,349.075,8.711,-0.5,0.0,417.618,0.0,0.0,0.0,5.737,0,19.0,0.935,310.005,3.1672000000000002,36.21,35.57597732543945,4.98,0.0,0
46592,349.416,8.711,0.0,0.0,417.255,0.0,0.0,0.0,5.737,0,13.0,0.985,309.915,-2.9692000000000003,36.0,35.57597732543945,4.98,0.0,0
46592,349.075,8.711,-0.5,0.0,417.07300000000004,0.0,0.0,0.0,5.737,0,13.0,0.89,309.825,-2.5073000000000003,36.300000000000004,35.57597732543945,4.98,0.0,0
46592,349.587,8.711,0.0,0.0,417.437,0.0,0.0,0.0,5.737,0,14.0,0.9400000000000001,309.915,1.1217000000000001,36.0,35.57597732543945,4.98,0.0,0
46592,349.587,8.701,-0.5,0.0,417.497,0.0,0.0,0.0,5.737,0,16.0,0.9500000000000001,309.825,-1.3196,35.550000000000004,35.57597732543945,4.98,0.0,0
46592,349.246,8.701,0.0,0.0,417.31600000000003,0.0,0.0,0.0,5.737,0,15.0,0.92,309.915,0.46190000000000003,35.25,35.57597732543945,4.98,0.0,0
46592,349.416,8.701,-0.5,0.0,417.437,0.0,0.0,0.0,5.737,0,13.0,0.975,310.005,1.5836000000000001,34.53,35.57597732543945,4.98,0.0,0
46592,349.587,8.701,0.0,0.0,417.255,0.0,0.0,0.0,5.737,0,19.0,0.915,309.915,1.5176,35.58,35.57597732543945,4.98,0.0,0
46592,349.246,8.691,0.0,0.0,417.558,0.0,0.0,0.0,5.737,0,17.0,0.98,309.915,-3.0352,36.69,35.57597732543945,4.98,0.0,0
46592,349.246,8.691,0.0,0.0,417.618,0.0,0.0,0.0,5.737,0,18.0,0.935,309.69,-3.4641,37.5,35.57597732543945,4.98,0.0,0
46592,349.416,8.691,-0.5,0.0,417.618,0.0,0.0,0.0,5.737,0,18.0,0.915,309.69,-3.5053,37.59,35.57597732543945,4.98,0.0,0
46592,349.416,8.691,-0.5,0.0,417.37600000000003,0.0,0.0,0.0,5.737,0,13.0,0.9400000000000001,309.825,0.14850000000000002,37.62,35.57597732543945,4.98,0.0,0
46592,349.416,8.691,-0.5,0.0,417.07300000000004,0.0,0.0,0.0,5.737,0,13.0,0.93,310.005,2.029,37.53,35.57597732543945,4.98,0.0,0
46592,349.246,8.682,-0.5,0.0,416.892,0.0,0.0,0.0,5.737,0,16.0,0.93,309.825,4.923900000000001,36.72,35.57597732543945,4.98,0.0,0
46592,349.246,8.682,0.0,0.0,417.07300000000004,0.0,0.0,0.0,5.737,0,19.0,0.905,309.825,0.39590000000000003,36.9,35.57597732543945,4.98,0.0,0
46592,349.075,8.682,0.0,0.0,417.194,0.0,0.0,0.0,5.737,0,14.0,0.935,309.825,-3.926,36.480000000000004,35.57597732543945,4.98,0.0,0
46592,349.416,8.682,0.0,0.0,417.194,0.0,0.0,0.0,5.737,0,15.0,0.9,309.915,1.0557,35.25,35.57597732543945,4.98,0.0,0
46592,349.075,8.672,0.0,0.0,416.952,0.0,0.0,0.0,5.737,0,12.0,0.935,309.825,2.2434000000000003,35.28,35.57597732543945,4.98,0.0,0
46592,349.416,8.672,0.0,0.0,417.37600000000003,0.0,0.0,0.0,5.737,0,13.0,1.0,309.915,1.3032000000000001,34.56,35.57597732543945,4.98,0.0,0
46592,349.757,8.672,0.0,0.0,417.497,0.0,0.0,0.0,5.737,0,14.0,0.89,309.915,0.39590000000000003,34.980000000000004,35.57597732543945,4.98,0.0,0
46592,349.075,8.672,0.0,0.0,417.194,0.0,0.0,0.0,5.737,0,15.0,0.915,309.915,0.2639,35.82,35.57597732543945,4.98,0.0,0
46592,349.587,8.662,-0.5,0.0,417.134,0.0,0.0,0.0,5.737,0,14.0,0.89,310.005,-0.8083,36.54,35.57597732543945,4.98,0.0,0
46592,349.075,8.662,0.0,0.0,417.558,0.0,0.0,0.0,5.737,0,13.0,0.9400000000000001,309.915,0.7918000000000001,37.65,35.57597732543945,4.98,0.0,0
46592,349.246,8.662,-0.5,0.0,417.497,0.0,0.0,0.0,5.737,0,14.0,0.88,309.915,-0.7918000000000001,37.68,35.57597732543945,4.98,0.0,0
46592,349.587,8.662,0.0,0.0,417.618,0.0,0.0,0.0,5.737,0,18.0,0.86,309.915,-2.3754,37.2,35.57597732543945,4.98,0.0,0
46592,349.246,8.652000000000001,0.0,0.0,417.558,0.0,0.0,0.0,5.737,0,19.0,0.9,309.825,-1.4351,36.87,35.57597732543945,4.98,0.0,0
46592,349.075,8.652000000000001,-0.5,0.0,417.558,0.0,0.0,0.0,5.737,0,14.0,0.905,309.915,-1.0722,36.63,35.57597732543945,4.98,0.0,0
46592,349.416,8.652000000000001,0.0,0.0,417.37600000000003,0.0,0.0,0.0,5.737,0,17.0,0.9550000000000001,309.915,1.1877,36.45,35.57597732543945,4.98,0.0,0
46592,349.416,8.643,0.0,0.0,417.31600000000003,0.0,0.0,0.0,5.737,0,16.0,0.89,309.825,1.9795,35.61,35.57597732543945,4.98,0.0,0
46592,349.416,8.643,0.0,0.0,417.194,0.0,0.0,0.0,5.737,0,15.0,0.91,309.915,-0.6598,34.5,35.57597732543945,4.98,0.0,0
46592,349.075,8.643,-0.5,0.0,417.134,0.0,0.0,0.0,5.737,0,13.0,0.965,309.915,0.6598,33.3,35.57597732543945,4.98,0.0,0
46592,349.246,8.643,-0.5,0.0,417.07300000000004,0.0,0.0,0.0,5.737,0,13.0,0.9400000000000001,309.915,0.2474,33.93,35.57597732543945,4.98,0.0,0
46592,349.075,8.643,0.0,0.0,417.194,0.0,0.0,0.0,5.737,0,16.0,0.97,309.915,-1.3196,34.86,35.57597732543945,4.98,0.0,0
46592,349.075,8.633000000000001,-0.5,0.0,417.73900000000003,0.0,0.0,0.0,5.737,0,17.0,0.9400000000000001,309.915,0.7918000000000001,35.64,35.57597732543945,4.98,0.0,0
46592,349.075,8.633000000000001,-0.5,0.0,417.558,0.0,0.0,0.0,5.737,0,19.0,0.9400000000000001,309.915,0.6598,36.39,35.57597732543945,4.98,0.0,0
46592,349.075,8.633000000000001,0.0,0.0,417.01300000000003,0.0,0.0,0.0,5.737,0,16.0,0.98,309.915,-1.7155,36.81,35.57597732543945,4.98,0.0,0
46592,349.075,8.623000000000001,0.0,0.0,417.07300000000004,0.0,0.0,0.0,5.737,0,14.0,0.9,309.915,-2.9857,36.12,35.57597732543945,4.98,0.0,0
46592,349.246,8.623000000000001,0.0,0.0,417.497,0.0,0.0,0.0,5.737,0,13.0,0.865,309.915,-0.066,35.28,35.57597732543945,4.98,0.0,0
46592,349.416,8.623000000000001,0.0,0.0,417.497,0.0,0.0,0.0,5.737,0,13.0,0.9400000000000001,309.915,0.5279,35.31,35.57597732543945,4.98,0.0,0
46592,349.416,8.623000000000001,0.0,0.0,417.07300000000004,0.0,0.0,0.0,5.737,0,15.0,1.0150000000000001,309.825,1.7155,35.49,35.57597732543945,4.98,0.0,0
46592,349.416,8.623000000000001,0.0,0.0,417.194,0.0,0.0,0.0,5.737,0,12.0,0.925,309.825,-1.5176,36.45,35.57597732543945,4.98,0.0,0
46592,349.075,8.613,-0.5,0.0,417.437,0.0,0.0,0.0,5.737,0,13.0,0.84,309.825,-3.4311000000000003,36.63,35.57597732543945,4.98,0.0,0
46592,349.075,8.613,0.0,0.0,417.07300000000004,0.0,0.0,0.0,5.737,0,14.0,0.93,309.915,0.9897,35.61,35.57597732543945,4.98,0.0,0
46592,349.246,8.613,-0.5,0.0,417.31600000000003,0.0,0.0,0.0,5.737,0,16.0,0.935,309.915,4.2229,34.65,35.57597732543945,4.98,0.0,0
46592,349.246,8.613,0.0,0.0,417.437,0.0,0.0,0.0,5.737,0,15.0,0.84,309.915,1.5176,33.96,35.57597732543945,4.98,0.0,0
46592,349.075,8.604000000000001,-0.5,0.0,417.01300000000003,0.0,0.0,0.0,5.737,0,15.0,0.9400000000000001,309.825,-1.5836000000000001,33.81,35.57597732543945,4.98,0.0,0
46592,349.075,8.604000000000001,-0.5,0.0,417.194,0.0,0.0,0.0,5.737,0,14.0,0.885,309.825,1.6496000000000002,34.95,35.57597732543945,4.98,0.0,0
46592,349.246,8.604000000000001,0.0,0.0,416.952,0.0,0.0,0.0,5.737,0,14.0,0.925,309.825,-1.5836000000000001,36.42,35.57597732543945,4.98,0.0,0
46592,349.075,8.604000000000001,0.0,0.0,417.07300000000004,0.0,0.0,0.0,5.737,0,12.0,0.9,309.915,-1.6496000000000002,36.45,35.57597732543945,4.98,0.0,0
46592,349.416,8.594000000000001,-0.5,0.0,417.07300000000004,0.0,0.0,0.0,5.737,0,13.0,0.9550000000000001,309.825,0.5279,36.51,35.57597732543945,4.98,0.0,0
46592,349.587,8.594000000000001,-0.5,0.0,417.134,0.0,0.0,0.0,5.737,0,15.0,0.93,310.005,0.9238000000000001,36.15,35.57597732543945,4.98,0.0,0
46592,349.416,8.594000000000001,-0.5,0.0,417.07300000000004,0.0,0.0,0.0,5.737,0,16.0,0.895,309.915,1.3196,35.85,35.57597732543945,4.98,0.0,0
46592,349.246,8.594000000000001,0.0,0.0,417.31600000000003,0.0,0.0,0.0,5.737,0,13.0,0.91,309.825,0.5279,35.52,35.57597732543945,4.98,0.0,0
46592,349.757,8.584,0.0,0.0,417.255,0.0,0.0,0.0,5.737,0,15.0,0.855,309.825,-4.486800000000001,36.21,35.57597732543945,4.98,0.0,0
46592,349.246,8.584,-0.5,0.0,417.01300000000003,0.0,0.0,0.0,5.737,0,14.0,0.935,309.915,-1.5836000000000001,35.730000000000004,35.57597732543945,4.98,0.0,0
46592,349.587,8.584,0.0,0.0,417.255,0.0,0.0,0.0,5.737,0,18.0,0.97,309.915,2.3754,35.550000000000004,35.57597732543945,4.98,0.0,0
46592,349.416,8.584,-0.5,0.0,417.437,0.0,0.0,0.0,5.737,0,16.0,0.9450000000000001,309.915,2.0455,34.68,35.57597732543945,4.98,0.0,0
46592,349.416,8.574,0.0,0.0,416.71000000000004,0.0,0.0,0.0,5.737,0,17.0,0.93,309.825,-1.8475000000000001,33.69,35.57597732543945,4.98,0.0,0
46592,349.246,8.574,0.0,0.0,416.831,0.0,0.0,0.0,5.737,0,10.0,0.9400000000000001,309.825,-4.1569,33.27,35.57597732543945,4.98,0.0,0
46592,349.075,8.574,0.0,0.0,417.01300000000003,0.0,0.0,0.0,5.737,0,15.0,0.865,309.915,-1.3196,34.230000000000004,35.57597732543945,4.98,0.0,0
46592,349.246,8.574,-0.5,0.0,417.31600000000003,0.0,0.0,0.0,5.737,0,18.0,0.865,309.915,1.5176,35.79,35.57597732543945,4.98,0.0,0
46592,349.416,8.564,-0.5,0.0,417.497,0.0,0.0,0.0,5.737,0,14.0,0.87,310.005,5.0147,36.87,35.57597732543945,4.98,0.0,0
46592,349.075,8.564,-0.5,0.0,417.558,0.0,0.0,0.0,5.737,0,14.0,0.885,309.825,1.1217000000000001,37.89,35.57597732543945,4.98,0.0,0
46592,349.587,8.564,-0.5,0.0,417.67900000000003,0.0,0.0,0.0,5.737,0,10.0,0.915,309.915,-1.3196,37.14,35.57597732543945,4.98,0.0,0
46592,349.075,8.564,0.0,0.0,417.558,0.0,0.0,0.0,5.737,0,13.0,0.91,309.825,0.132,35.43,35.57597732543945,4.98,0.0,0
46592,349.075,8.555,0.0,0.0,417.558,0.0,0.0,0.0,5.737,0,14.0,0.905,309.915,1.0557,34.65,35.57597732543945,4.98,0.0,0
46592,349.075,8.555,-0.5,0.0,417.255,0.0,0.0,0.0,5.737,0,15.0,0.92,309.915,0.7753,34.62,35.57597732543945,4.98,0.0,0
46592,349.246,8.555,-0.5,0.0,417.134,0.0,0.0,0.0,5.737,0,16.0,0.885,309.915,0.6598,34.35,35.57597732543945,4.98,0.0,0
46592,349.416,8.555,0.0,0.0,417.437,0.0,0.0,0.0,5.737,0,14.0,0.93,309.825,-0.7918000000000001,34.35,35.57597732543945,4.98,0.0,0
46592,349.075,8.555,0.0,0.0,417.437,0.0,0.0,0.0,5.737,0,13.0,0.915,309.915,-2.7713,34.800000000000004,35.57597732543945,4.98,0.0,0
46592,349.246,8.545,0.5,0.0,417.8,0.0,0.0,0.0,5.737,0,11.0,0.92,310.005,1.699,35.28,35.57597732543945,4.98,0.0,0
46592,341.06,8.564,6.6000000000000005,0.0,417.618,0.0,0.0,0.0,5.737,0,7.0,0.9,309.915,4.3383,34.38,35.57597732543945,4.98,0.0,0
46592,322.13100000000003,8.701,20.8,2.0,417.255,0.0,0.0,0.0,5.737,0,-13.0,0.93,309.915,-0.39590000000000003,34.26,35.57597732543945,4.98,0.0,0
46592,287.173,8.975,32.5,2.0,417.01300000000003,0.0,0.0,0.0,5.737,0,-52.0,0.92,309.915,-3.1672000000000002,33.93,35.57597732543945,4.98,0.0,0
46592,240.447,9.365,42.7,0.0,417.134,0.0,0.0,0.0,5.737,0,-37.0,0.91,309.915,2.7713,34.11,35.57597732543945,4.98,0.0,0
46592,190.653,9.795,41.1,-1.0,416.892,0.0,0.0,0.0,5.737,0,-16.0,0.975,309.915,1.4516,35.7,35.57597732543945,4.98,0.0,0
46592,141.369,10.254000000000001,63.1,-1.0,416.892,0.0,0.0,0.0,5.737,0,-12.0,0.905,309.825,-4.0744,36.03,35.57597732543945,4.98,0.0,0
46592,62.926,11.152000000000001,110.9,-1.0,417.07300000000004,0.0,0.0,0.0,5.737,0,-10.0,0.86,309.915,-2.7548,36.480000000000004,35.57597732543945,4.98,0.0,0
46592,-18.588,12.354000000000001,105.7,0.0,417.255,0.0,0.0,0.0,5.737,0,-13.0,0.98,309.915,0.5279,37.11,35.57597732543945,4.98,0.0,0
46592,-18.929000000000002,12.451,99.7,0.0,417.255,0.0,0.0,0.0,5.737,0,-13.0,0.935,309.915,1.0557,37.17,35.57597732543945,4.98,0.0,0
46592,-16.882,13.154,47.800000000000004,0.0,416.71000000000004,0.0,0.0,0.0,5.737,0,-23.0,0.87,309.825,1.5836000000000001,35.82,35.57597732543945,4.98,0.0,0
46592,-9.038,13.408000000000001,5.1000000000000005,0.0,416.65000000000003,0.0,0.0,0.0,5.737,0,-25.0,0.925,310.005,-1.9135000000000002,34.59,35.57597732543945,4.98,0.0,0
46592,-4.263,13.350000000000001,-5.5,0.0,416.71000000000004,0.0,0.0,0.0,5.737,0,-20.0,0.93,310.005,2.7713,34.11,35.57597732543945,4.98,0.0,0
46592,-4.263,13.350000000000001,1.0,-1.0,416.71000000000004,0.0,0.0,0.0,5.737,0,-4.0,0.915,309.825,-1.5836000000000001,33.75,35.57597732543945,4.98,0.0,0
46592,-3.581,13.350000000000001,0.0,-1.0,416.408,0.0,0.0,0.0,5.737,0,5.0,0.85,309.915,-6.334300000000001,34.230000000000004,35.57597732543945,4.98,0.0,0
46592,-3.24,13.350000000000001,0.0,0.0,416.348,0.0,0.0,0.0,5.737,0,8.0,0.92,309.915,1.9135000000000002,33.84,35.57597732543945,4.98,0.0,0
46592,-2.217,13.350000000000001,0.0,1.0,416.28700000000003,0.0,0.0,0.0,5.737,0,75.0,0.91,309.825,1.9795,33.99,35.57597732543945,4.98,0.0,0
46592,-1.5350000000000001,13.350000000000001,0.0,6.0,416.469,0.0,0.0,0.0,5.737,0,182.0,0.9,310.005,2.0455,34.95,35.57597732543945,4.98,0.0,0
46592,-0.341,13.350000000000001,0.0,16.0,416.408,0.0,0.0,0.0,5.737,0,281.0,0.93,309.915,1.8475000000000001,35.22,35.57597732543945,4.98,0.0,0
46592,0.512,13.350000000000001,0.0,30.0,416.408,0.0,0.0,0.0,5.737,0,362.0,0.935,309.915,2.0455,35.58,35.57597732543945,4.98,0.0,0
46592,1.705,13.350000000000001,0.0,48.0,416.045,0.0,0.0,0.0,5.737,0,425.0,0.925,309.825,-2.3754,36.45,35.57597732543945,4.98,0.0,0
46592,3.581,13.350000000000001,0.0,69.0,416.045,0.0,0.0,0.0,5.737,0,470.0,0.92,309.825,-1.5176,36.75,35.57597732543945,4.98,0.0,0
46592,5.627,13.350000000000001,0.0,91.0,416.28700000000003,0.0,0.0,0.0,5.737,0,485.0,0.85,309.825,-1.8475000000000001,36.87,35.57597732543945,4.98,0.0,0
46592,7.503,13.350000000000001,0.0,113.0,416.348,0.0,0.0,0.0,5.737,0,497.0,0.89,309.915,-0.5938,36.84,35.57597732543945,4.98,0.0,0
46592,9.209,13.350000000000001,0.0,135.0,416.408,0.0,0.0,0.0,5.737,0,475.0,0.885,309.825,-0.7918000000000001,36.69,35.57597732543945,4.98,0.0,0
46592,11.255,13.350000000000001,0.0,155.0,416.22700000000003,0.0,0.0,0.0,5.737,0,434.0,0.99,309.915,0.46190000000000003,35.64,35.57597732543945,4.98,0.0,0
46592,12.108,13.350000000000001,0.0,172.0,416.045,0.0,0.0,0.0,5.737,0,382.0,0.89,309.825,-0.7918000000000001,34.35,35.57597732543945,4.98,0.0,0
46592,12.619,13.350000000000001,0.5,187.0,416.166,0.0,0.0,0.0,5.737,0,304.0,0.925,309.69,-3.0682,34.71,35.57597732543945,4.98,0.0,0
46592,12.449,13.350000000000001,0.0,197.0,415.985,0.0,0.0,0.0,5.737,0,229.0,0.875,309.825,-3.0352,35.4,35.57597732543945,4.98,0.0,0
46592,12.619,13.350000000000001,0.0,204.0,415.803,0.0,0.0,0.0,5.737,0,144.0,0.9500000000000001,309.825,1.8475000000000001,35.43,35.57597732543945,4.98,0.0,0
46592,13.131,13.350000000000001,0.0,205.0,415.683,0.0,0.0,0.0,5.737,0,60.0,0.885,309.915,4.3548,35.49,35.57597732543945,4.98,0.0,0
46592,14.325000000000001,13.350000000000001,0.0,204.0,416.045,0.0,0.0,0.0,5.737,0,55.0,0.915,309.915,-0.066,35.61,35.57597732543945,4.98,0.0,0
46592,17.906,13.359,0.0,202.0,415.985,0.0,0.0,0.0,5.737,0,49.0,0.9,309.915,1.8475000000000001,35.64,35.57597732543945,4.98,0.0,0
46592,23.704,13.359,0.0,200.0,415.86400000000003,0.0,0.0,0.0,5.737,0,91.0,0.915,309.825,0.066,36.24,35.57597732543945,4.98,0.0,0
46592,29.502,13.379000000000001,4.1000000000000005,199.0,415.743,0.0,0.0,0.0,5.737,0,104.0,0.935,309.825,-2.9032,36.93,35.57597732543945,4.98,0.0,0
46592,32.742,13.438,7.6000000000000005,200.0,415.92400000000004,0.0,0.0,0.0,5.737,0,101.0,0.885,309.825,0.066,37.74,35.57597732543945,4.98,0.0,0
46592,34.788000000000004,13.516,9.6,200.0,415.86400000000003,0.0,0.0,0.0,5.737,0,111.0,0.975,309.915,1.8475000000000001,37.050000000000004,35.57597732543945,4.98,0.0,0
46592,34.618,13.525,10.1,200.0,415.803,0.0,0.0,0.0,5.737,0,106.0,0.905,309.825,1.4516,37.050000000000004,35.57597732543945,4.98,0.0,0
46592,34.618,13.643,13.700000000000001,200.0,415.803,0.0,0.0,0.0,5.737,0,101.0,0.89,309.825,-1.0557,36.63,35.57597732543945,4.98,0.0,0
46592,32.571,13.779,14.200000000000001,200.0,415.92400000000004,0.0,0.0,0.0,5.737,0,108.0,0.915,309.915,0.9073,36.15,35.57597732543945,4.98,0.0,0
46592,30.525000000000002,13.926,15.200000000000001,200.0,416.045,0.0,0.0,0.0,5.737,0,99.0,0.93,309.825,0.5444,34.89,35.57597732543945,4.98,0.0,0
46592,27.967000000000002,14.072000000000001,15.700000000000001,200.0,416.348,0.0,0.0,0.0,5.737,0,99.0,0.935,309.915,-0.0165,33.96,35.57597732543945,4.98,0.0,0
46592,26.262,14.229000000000001,15.700000000000001,200.0,416.408,0.0,0.0,0.0,5.737,0,107.0,0.905,309.915,0.7753,34.05,35.57597732543945,4.98,0.0,0
46592,24.386,14.385000000000002,16.7,200.0,416.045,0.0,0.0,0.0,5.737,0,106.0,0.9450000000000001,309.915,-0.5444,34.62,35.57597732543945,4.98,0.0,0
46592,22.339000000000002,14.541,15.200000000000001,200.0,415.86400000000003,0.0,0.0,0.0,5.737,0,97.0,0.9400000000000001,309.69,-3.3404000000000003,35.76,35.57597732543945,4.98,0.0,0
46592,20.975,14.697000000000001,14.700000000000001,200.0,416.045,0.0,0.0,0.0,5.737,0,112.0,0.905,309.915,-0.9897,36.75,35.57597732543945,4.98,0.0,0
46592,20.293,14.844000000000001,14.200000000000001,200.0,416.166,0.0,0.0,0.0,5.737,0,100.0,0.885,309.825,-1.1217000000000001,37.14,35.57597732543945,4.98,0.0,0
46592,19.781,14.98,14.700000000000001,200.0,416.22700000000003,0.0,0.0,0.0,5.737,0,102.0,0.9500000000000001,309.69,2.4413,37.050000000000004,35.57597732543945,4.98,0.0,0
46592,19.611,15.117,14.200000000000001,200.0,415.683,0.0,0.0,0.0,5.737,0,112.0,0.895,309.825,-2.8372,36.6,35.57597732543945,4.98,0.0,0
46592,18.929000000000002,15.254000000000001,12.700000000000001,200.0,415.743,0.0,0.0,0.0,5.737,0,99.0,0.895,309.825,1.1217000000000001,36.57,35.57597732543945,4.98,0.0,0
46592,19.611,15.381,13.200000000000001,200.0,415.803,0.0,0.0,0.0,5.737,0,107.0,0.9,309.915,3.761,36.84,35.57597732543945,4.98,0.0,0
46592,19.952,15.508000000000001,12.700000000000001,200.0,415.86400000000003,0.0,0.0,0.0,5.737,0,109.0,0.905,309.915,-2.9857,36.75,35.57597732543945,4.98,0.0,0
46592,20.634,15.635000000000002,12.700000000000001,200.0,415.86400000000003,0.0,0.0,0.0,5.737,0,107.0,0.9,309.825,1.4021000000000001,36.42,35.57597732543945,4.98,0.0,0
46592,20.975,15.752,12.700000000000001,200.0,416.408,0.0,0.0,0.0,5.737,0,95.0,0.975,309.825,3.3816,35.550000000000004,35.57597732543945,4.98,0.0,0
46592,20.975,15.879000000000001,13.200000000000001,200.0,416.166,0.0,0.0,0.0,5.737,0,114.0,0.88,309.915,-1.2042000000000002,34.53,35.57597732543945,4.98,0.0,0
46592,21.487000000000002,16.006,11.700000000000001,200.0,415.743,0.0,0.0,0.0,5.737,0,105.0,0.915,310.005,1.0227,34.08,35.57597732543945,4.98,0.0,0
46592,21.998,16.133,12.700000000000001,200.0,415.803,0.0,0.0,0.0,5.737,0,112.0,0.81,309.825,2.5238,34.410000000000004,35.57597732543945,4.98,0.0,0
46592,21.998,16.27,13.700000000000001,200.0,415.803,0.0,0.0,0.0,5.737,0,114.0,0.87,309.915,-1.3196,35.37,35.57597732543945,4.98,0.0,0
46592,22.339000000000002,16.396,12.200000000000001,200.0,415.743,0.0,0.0,0.0,5.737,0,110.0,0.875,309.915,-2.9032,36.87,35.57597732543945,4.98,0.0,0
46592,22.169,16.533,13.200000000000001,200.0,416.22700000000003,0.0,0.0,0.0,5.737,0,102.0,0.99,309.69,-1.9547,37.38,35.57597732543945,4.98,0.0,0
46592,22.169,16.67,14.200000000000001,200.0,416.408,0.0,0.0,0.0,5.737,0,115.0,0.9,309.825,-2.3094,36.93,35.57597732543945,4.98,0.0,0
46592,22.51,16.797,12.700000000000001,200.0,416.22700000000003,0.0,0.0,0.0,5.737,0,109.0,0.865,309.825,2.1939,36.42,35.57597732543945,4.98,0.0,0
46592,21.657,16.816000000000003,13.700000000000001,200.0,416.22700000000003,0.0,0.0,0.0,5.737,0,117.0,0.965,309.825,2.4413,36.300000000000004,35.57597732543945,4.98,0.0,0
46592,21.828,16.953,13.700000000000001,200.0,416.106,0.0,0.0,0.0,5.737,0,102.0,0.885,309.915,3.2991,36.15,35.57597732543945,4.98,0.0,0
46592,21.657,17.09,13.700000000000001,200.0,416.348,0.0,0.0,0.0,5.737,0,112.0,0.9450000000000001,309.825,-0.5279,36.6,35.57597732543945,4.98,0.0,0
46592,21.657,17.217000000000002,13.200000000000001,200.0,415.92400000000004,0.0,0.0,0.0,5.737,0,105.0,0.895,309.825,0.7918000000000001,37.02,35.57597732543945,4.98,0.0,0
46592,21.657,17.354,12.700000000000001,200.0,415.803,0.0,0.0,0.0,5.737,0,102.0,0.9450000000000001,309.69,-3.5301,36.57,35.57597732543945,4.98,0.0,0
46592,21.657,17.490000000000002,12.700000000000001,200.0,416.045,0.0,0.0,0.0,5.737,0,108.0,0.92,309.825,-4.486800000000001,36.09,35.57597732543945,4.98,0.0,0
46592,21.487000000000002,17.627000000000002,13.200000000000001,200.0,416.045,0.0,0.0,0.0,5.737,0,113.0,0.9,309.825,1.8475000000000001,35.550000000000004,35.57597732543945,4.98,0.0,0
46592,21.487000000000002,17.764,13.200000000000001,200.0,416.045,0.0,0.0,0.0,5.737,0,107.0,0.9500000000000001,309.825,5.806500000000001,34.74,35.57597732543945,4.98,0.0,0
46592,21.487000000000002,17.900000000000002,13.200000000000001,200.0,415.86400000000003,0.0,0.0,0.0,5.737,0,108.0,0.915,309.825,-3.1672000000000002,34.74,35.57597732543945,4.98,0.0,0
46592,21.316,18.037000000000003,13.700000000000001,200.0,416.22700000000003,0.0,0.0,0.0,5.737,0,121.0,0.88,309.915,0.9238000000000001,35.730000000000004,35.57597732543945,4.98,0.0,0
46592,21.828,18.164,13.200000000000001,200.0,416.22700000000003,0.0,0.0,0.0,5.737,0,105.0,0.865,309.825,5.5425,37.47,35.57597732543945,4.98,0.0,0
46592,21.657,18.301000000000002,13.700000000000001,200.0,416.28700000000003,0.0,0.0,0.0,5.737,0,111.0,0.925,309.825,-0.7918000000000001,38.79,35.57597732543945,4.98,0.0,0
46592,21.657,18.438000000000002,12.700000000000001,200.0,416.28700000000003,0.0,0.0,0.0,5.737,0,121.0,0.895,309.825,-3.629,39.21,35.57597732543945,4.98,0.0,0
46592,21.828,18.584,14.200000000000001,200.0,416.166,0.0,0.0,0.0,5.737,0,106.0,0.925,309.825,0.0,37.89,35.57597732543945,4.98,0.0,0
46592,21.657,18.721,13.200000000000001,200.0,416.408,0.0,0.0,0.0,5.737,0,114.0,0.9,309.825,1.0557,37.050000000000004,35.57597732543945,4.98,0.0,0
46592,21.828,18.857,13.700000000000001,200.0,416.589,0.0,0.0,0.0,5.737,0,121.0,0.905,309.825,-0.2639,36.75,35.57597732543945,4.98,0.0,0
46592,21.657,18.994,13.700000000000001,200.0,416.589,0.0,0.0,0.0,5.737,0,106.0,0.915,309.825,0.0,36.06,35.57597732543945,4.98,0.0,0
46592,21.316,19.131,13.700000000000001,200.0,416.529,0.0,0.0,0.0,5.737,0,114.0,0.915,309.825,0.2639,35.94,35.57597732543945,4.98,0.0,0
46592,21.487000000000002,19.268,13.700000000000001,200.0,416.408,0.0,0.0,0.0,5.737,0,113.0,0.92,309.915,1.5176,35.64,35.57597732543945,4.98,0.0,0
46592,21.657,19.404,13.700000000000001,200.0,416.408,0.0,0.0,0.0,5.737,0,113.0,0.905,309.915,2.9032,34.83,35.57597732543945,4.98,0.0,0
46592,21.657,19.541,13.700000000000001,200.0,416.106,0.0,0.0,0.0,5.737,0,123.0,0.9400000000000001,309.825,-1.0557,34.83,35.57597732543945,4.98,0.0,0
46592,21.828,19.688000000000002,13.200000000000001,200.0,416.106,0.0,0.0,0.0,5.737,0,115.0,0.925,309.915,1.1877,36.0,35.57597732543945,4.98,0.0,0
46592,21.657,19.697,13.700000000000001,200.0,416.166,0.0,0.0,0.0,5.737,0,120.0,0.895,309.825,1.2702,36.03,35.57597732543945,4.98,0.0,0
46592,21.657,19.834,12.700000000000001,200.0,415.86400000000003,0.0,0.0,0.0,5.737,0,122.0,0.89,309.69,-1.0145,37.02,35.57597732543945,4.98,0.0,0
46592,21.316,19.971,14.200000000000001,200.0,416.106,0.0,0.0,0.0,5.737,0,118.0,0.9400000000000001,309.825,-2.1774,38.22,35.57597732543945,4.98,0.0,0
46592,21.487000000000002,20.117,13.700000000000001,200.0,416.045,0.0,0.0,0.0,5.737,0,116.0,0.9550000000000001,309.915,1.7815,38.160000000000004,35.57597732543945,4.98,0.0,0
46592,21.657,20.254,14.200000000000001,200.0,416.106,0.0,0.0,0.0,5.737,0,121.0,0.91,309.915,0.48660000000000003,37.62,35.57597732543945,4.98,0.0,0
46592,21.657,20.391000000000002,14.200000000000001,200.0,416.28700000000003,0.0,0.0,0.0,5.737,0,116.0,0.93,309.915,2.4249,36.96,35.57597732543945,4.98,0.0,0
46592,21.316,20.527,13.700000000000001,200.0,416.408,0.0,0.0,0.0,5.737,0,120.0,0.88,309.825,0.6103000000000001,36.84,35.57597732543945,4.98,0.0,0
46592,21.146,20.674,13.700000000000001,200.0,416.106,0.0,0.0,0.0,5.737,0,123.0,0.975,309.915,-0.9650000000000001,36.300000000000004,35.57597732543945,4.98,0.0,0
46592,21.487000000000002,20.811,13.700000000000001,201.0,416.22700000000003,0.0,0.0,0.0,5.737,0,113.0,0.9400000000000001,309.915,0.0,35.82,35.57597732543945,4.98,0.0,0
46592,22.851,20.947000000000003,15.200000000000001,200.0,416.22700000000003,0.0,0.0,0.0,5.737,0,122.0,0.9,309.825,-0.3794,35.04,35.57597732543945,4.98,0.0,0
46592,22.681,21.094,14.700000000000001,200.0,416.28700000000003,0.0,0.0,0.0,5.737,0,117.0,0.905,309.825,-3.2826,35.1,35.57597732543945,4.98,0.0,0
46592,20.975,21.240000000000002,14.200000000000001,200.0,416.28700000000003,0.0,0.0,0.0,5.737,0,122.0,0.885,309.915,-0.28040000000000004,34.38,35.57597732543945,4.98,0.0,0
46592,21.146,21.377000000000002,13.700000000000001,200.0,415.86400000000003,0.0,0.0,0.0,5.737,0,119.0,0.905,309.915,4.0744,34.32,35.57597732543945,4.98,0.0,0
46592,20.975,21.523,13.700000000000001,200.0,416.045,0.0,0.0,0.0,5.737,0,126.0,0.9400000000000001,309.825,0.5279,34.89,35.57597732543945,4.98,0.0,0
46592,20.805,21.66,14.200000000000001,200.0,416.166,0.0,0.0,0.0,5.737,0,116.0,0.9,309.915,-1.9795,36.6,35.57597732543945,4.98,0.0,0
46592,20.975,21.797,13.700000000000001,200.0,415.86400000000003,0.0,0.0,0.0,5.737,0,125.0,0.9400000000000001,309.915,1.9795,37.65,35.57597732543945,4.98,0.0,0
46592,21.146,21.807000000000002,14.700000000000001,200.0,415.92400000000004,0.0,0.0,0.0,5.737,0,123.0,0.96,309.915,2.3754,37.68,35.57597732543945,4.98,0.0,0
46592,21.146,21.943,13.200000000000001,200.0,415.92400000000004,0.0,0.0,0.0,5.737,0,121.0,0.9400000000000001,309.915,1.5176,38.22,35.57597732543945,4.98,0.0,0
46592,21.316,22.080000000000002,13.200000000000001,200.0,415.803,0.0,0.0,0.0,5.737,0,123.0,0.9,309.825,-2.9032,38.4,35.57597732543945,4.98,0.0,0
46592,21.657,22.217000000000002,13.200000000000001,200.0,416.348,0.0,0.0,0.0,5.737,0,124.0,0.9400000000000001,309.825,-2.5733,37.11,35.57597732543945,4.98,0.0,0
46592,21.657,22.354000000000003,13.700000000000001,200.0,416.28700000000003,0.0,0.0,0.0,5.737,0,130.0,0.9450000000000001,309.69,-4.6188,36.72,35.57597732543945,4.98,0.0,0
46592,21.657,22.5,13.700000000000001,200.0,416.28700000000003,0.0,0.0,0.0,5.737,0,130.0,0.92,309.825,-0.7918000000000001,36.09,35.57597732543945,4.98,0.0,0
46592,21.998,22.637,14.200000000000001,200.0,415.92400000000004,0.0,0.0,0.0,5.737,0,118.0,0.915,309.915,3.0352,35.1,35.57597732543945,4.98,0.0,0
46592,21.998,22.773,13.200000000000001,200.0,415.92400000000004,0.0,0.0,0.0,5.737,0,130.0,0.905,309.825,2.0125,34.800000000000004,35.57597732543945,4.98,0.0,0
46592,21.998,22.92,14.200000000000001,200.0,415.86400000000003,0.0,0.0,0.0,5.737,0,121.0,0.9550000000000001,309.825,-2.1114,35.22,35.57597732543945,4.98,0.0,0
46592,21.657,23.066000000000003,14.200000000000001,200.0,415.803,0.0,0.0,0.0,5.737,0,127.0,0.93,309.825,2.9692000000000003,35.46,35.57597732543945,4.98,0.0,0
46592,21.657,23.203,14.200000000000001,200.0,415.92400000000004,0.0,0.0,0.0,5.737,0,130.0,0.98,309.69,-2.7713,35.58,35.57597732543945,4.98,0.0,0
46592,21.487000000000002,23.35,15.200000000000001,200.0,415.803,0.0,0.0,0.0,5.737,0,122.0,0.925,309.69,-4.9157,35.67,35.57597732543945,4.98,0.0,0
46592,21.487000000000002,23.486,14.200000000000001,200.0,415.86400000000003,0.0,0.0,0.0,5.737,0,122.0,0.91,309.825,1.9795,36.480000000000004,35.57597732543945,4.98,0.0,0
46592,21.828,23.633000000000003,14.200000000000001,200.0,415.622,0.0,0.0,0.0,5.737,0,133.0,0.9550000000000001,309.825,3.3321,37.02,35.57597732543945,4.98,0.0,0
46592,21.657,23.77,14.200000000000001,200.0,415.743,0.0,0.0,0.0,5.737,0,131.0,0.9,309.915,4.3548,37.89,35.57597732543945,4.98,0.0,0
46592,21.487000000000002,23.916,14.200000000000001,200.0,415.5,0.0,0.0,0.0,5.737,0,131.0,0.905,309.69,0.6268,37.74,35.57597732543945,4.98,0.0,0
46592,21.487000000000002,23.936,14.700000000000001,200.0,415.5,0.0,0.0,0.0,5.737,0,130.0,0.9,309.69,-0.5691,37.53,35.57597732543945,4.98,0.0,0
46592,21.657,24.072000000000003,13.200000000000001,200.0,415.5,0.0,0.0,0.0,5.737,0,125.0,0.935,309.825,-1.6496000000000002,36.9,35.57597732543945,4.98,0.0,0
46592,21.316,24.219,14.700000000000001,200.0,415.44,0.0,0.0,0.0,5.737,0,136.0,0.905,309.915,-0.46190000000000003,36.78,35.57597732543945,4.98,0.0,0
46592,21.657,24.355,14.200000000000001,200.0,415.44,0.0,0.0,0.0,5.737,0,132.0,0.9,309.825,-1.5423,36.12,35.57597732543945,4.98,0.0,0
46592,21.487000000000002,24.502000000000002,14.700000000000001,200.0,415.56100000000004,0.0,0.0,0.0,5.737,0,123.0,0.885,309.825,-1.0557,34.44,35.57597732543945,4.98,0.0,0
46592,21.146,24.648,14.200000000000001,200.0,415.56100000000004,0.0,0.0,0.0,5.737,0,133.0,0.9,309.915,2.6393,34.11,35.57597732543945,4.98,0.0,0
46592,21.316,24.785,14.700000000000001,200.0,415.683,0.0,0.0,0.0,5.737,0,127.0,0.87,309.915,3.1259,34.59,35.57597732543945,4.98,0.0,0
46592,21.657,24.932000000000002,14.200000000000001,200.0,415.622,0.0,0.0,0.0,5.737,0,130.0,0.9,309.825,0.2639,35.52,35.57597732543945,4.98,0.0,0
46592,21.146,25.068,13.700000000000001,200.0,415.5,0.0,0.0,0.0,5.737,0,126.0,0.88,309.915,-0.9402,36.27,35.57597732543945,4.98,0.0,0
46592,21.487000000000002,25.215,13.700000000000001,200.0,415.683,0.0,0.0,0.0,5.737,0,133.0,0.91,309.915,1.4516,35.88,35.57597732543945,4.98,0.0,0
46592,21.487000000000002,25.352,14.200000000000001,200.0,415.743,0.0,0.0,0.0,5.737,0,126.0,0.9,309.825,-1.5176,36.45,35.57597732543945,4.98,0.0,0
46592,22.169,25.498,15.200000000000001,200.0,415.743,0.0,0.0,0.0,5.737,0,133.0,0.925,309.915,-0.7258,36.39,35.57597732543945,4.98,0.0,0
46592,21.487000000000002,25.645,15.200000000000001,200.0,415.622,0.0,0.0,0.0,5.737,0,134.0,0.99,309.915,2.3094,36.6,35.57597732543945,4.98,0.0,0
46592,21.316,25.781000000000002,14.200000000000001,200.0,415.44,0.0,0.0,0.0,5.737,0,130.0,0.965,309.825,1.0557,36.6,35.57597732543945,4.98,0.0,0
46592,21.146,25.928,14.700000000000001,200.0,415.683,0.0,0.0,0.0,5.737,0,140.0,0.91,309.825,-4.6683,36.15,35.57597732543945,4.98,0.0,0
46592,21.316,26.064,13.700000000000001,200.0,415.743,0.0,0.0,0.0,5.737,0,136.0,0.96,309.915,-4.6188,36.300000000000004,35.57597732543945,4.98,0.0,0
46592,21.316,26.201,13.200000000000001,200.0,415.683,0.0,0.0,0.0,5.737,0,130.0,0.96,309.825,1.6001,36.09,35.57597732543945,4.98,0.0,0
46592,21.316,26.348000000000003,14.200000000000001,200.0,415.56100000000004,0.0,0.0,0.0,5.737,0,140.0,0.93,309.825,2.1774,35.28,35.57597732543945,4.98,0.0,0
46592,21.828,26.484,13.700000000000001,200.0,415.683,0.0,0.0,0.0,5.737,0,136.0,0.9450000000000001,309.825,0.37120000000000003,33.93,35.57597732543945,4.98,0.0,0
46592,21.657,26.631,13.700000000000001,200.0,415.743,0.0,0.0,0.0,5.737,0,132.0,0.915,309.825,-0.132,33.51,35.57597732543945,4.98,0.0,0
46592,21.657,26.768,14.200000000000001,200.0,415.803,0.0,0.0,0.0,5.737,0,138.0,0.92,309.825,-1.3196,33.99,35.57597732543945,4.98,0.0,0
46592,21.657,26.914,14.200000000000001,200.0,415.56100000000004,0.0,0.0,0.0,5.737,0,136.0,0.92,309.825,-3.2331000000000003,35.52,35.57597732543945,4.98,0.0,0
46592,21.657,27.051000000000002,14.700000000000001,200.0,415.56100000000004,0.0,0.0,0.0,5.737,0,132.0,0.885,309.825,0.19790000000000002,36.75,35.57597732543945,4.98,0.0,0
46592,21.998,27.197000000000003,14.200000000000001,200.0,415.86400000000003,0.0,0.0,0.0,5.737,0,137.0,0.93,309.825,0.39590000000000003,36.99,35.57597732543945,4.98,0.0,0
46592,21.487000000000002,27.344,14.700000000000001,200.0,415.56100000000004,0.0,0.0,0.0,5.737,0,145.0,0.9400000000000001,309.825,0.19790000000000002,36.69,35.57597732543945,4.98,0.0,0
46592,21.657,27.490000000000002,14.700000000000001,200.0,415.622,0.0,0.0,0.0,5.737,0,121.0,0.895,309.825,0.39590000000000003,36.480000000000004,35.57597732543945,4.98,0.0,0
46592,21.657,27.627000000000002,13.700000000000001,200.0,415.743,0.0,0.0,0.0,5.737,0,147.0,0.905,309.825,1.6496000000000002,35.85,35.57597732543945,4.98,0.0,0
46592,21.316,27.773,14.200000000000001,200.0,415.92400000000004,0.0,0.0,0.0,5.737,0,138.0,0.92,309.915,1.0392000000000001,35.160000000000004,35.57597732543945,4.98,0.0,0
46592,21.657,27.783,14.700000000000001,200.0,415.92400000000004,0.0,0.0,0.0,5.737,0,138.0,0.875,309.915,1.7815,35.01,35.57597732543945,4.98,0.0,0
46592,21.316,27.93,13.700000000000001,200.0,415.743,0.0,0.0,0.0,5.737,0,141.0,0.89,309.915,1.7155,35.28,35.57597732543945,4.98,0.0,0
46592,21.487000000000002,28.076,13.700000000000001,200.0,415.743,0.0,0.0,0.0,5.737,0,135.0,0.855,309.825,3.9589000000000003,34.62,35.57597732543945,4.98,0.0,0
46592,21.487000000000002,28.213,14.200000000000001,200.0,415.86400000000003,0.0,0.0,0.0,5.737,0,144.0,0.885,309.915,-0.5279,34.92,35.57597732543945,4.98,0.0,0
46592,21.487000000000002,28.359,14.200000000000001,200.0,415.743,0.0,0.0,0.0,5.737,0,138.0,0.92,309.825,0.066,34.71,35.57597732543945,4.98,0.0,0
46592,21.657,28.496000000000002,14.200000000000001,200.0,415.743,0.0,0.0,0.0,5.737,0,133.0,0.93,309.915,1.3196,34.65,35.57597732543945,4.98,0.0,0
46592,20.975,28.643,15.200000000000001,200.0,415.258,0.0,0.0,0.0,5.737,0,148.0,0.91,309.825,-1.5176,34.74,35.57597732543945,4.98,0.0,0
46592,21.316,28.789,13.700000000000001,200.0,415.622,0.0,0.0,0.0,5.737,0,133.0,0.93,309.69,-2.2434000000000003,35.28,35.57597732543945,4.98,0.0,0
46592,21.316,28.926000000000002,14.200000000000001,200.0,415.622,0.0,0.0,0.0,5.737,0,132.0,0.875,309.825,-1.7815,37.08,35.57597732543945,4.98,0.0,0
46592,21.657,29.072000000000003,13.700000000000001,200.0,415.622,0.0,0.0,0.0,5.737,0,152.0,0.9,309.825,-0.132,38.1,35.57597732543945,4.98,0.0,0
46592,21.146,29.209,13.700000000000001,200.0,415.985,0.0,0.0,0.0,5.737,0,135.0,0.9400000000000001,309.69,-2.3754,37.47,35.57597732543945,4.98,0.0,0
46592,21.316,29.355,14.200000000000001,200.0,415.622,0.0,0.0,0.0,5.737,0,135.0,0.9,309.825,-1.5836000000000001,36.69,35.57597732543945,4.98,0.0,0
46592,21.487000000000002,29.492,14.700000000000001,200.0,415.44,0.0,0.0,0.0,5.737,0,138.0,0.93,309.825,1.0557,36.12,35.57597732543945,4.98,0.0,0
46592,21.828,29.639000000000003,14.700000000000001,201.0,415.44,0.0,0.0,0.0,5.737,0,133.0,0.96,309.825,2.1114,36.15,35.57597732543945,4.98,0.0,0
46592,21.487000000000002,29.775000000000002,14.200000000000001,200.0,415.622,0.0,0.0,0.0,5.737,0,141.0,0.9450000000000001,309.825,0.0,36.06,35.57597732543945,4.98,0.0,0
46592,21.487000000000002,29.922,14.700000000000001,200.0,415.622,0.0,0.0,0.0,5.737,0,141.0,0.9400000000000001,309.825,0.0,35.910000000000004,35.57597732543945,4.98,0.0,0
46592,21.657,30.068,14.200000000000001,200.0,415.44,0.0,0.0,0.0,5.737,0,143.0,0.9550000000000001,310.005,-0.39590000000000003,35.910000000000004,35.57597732543945,4.98,0.0,0
46592,21.487000000000002,30.205000000000002,13.700000000000001,200.0,415.379,0.0,0.0,0.0,5.737,0,139.0,0.965,309.825,1.1877,35.28,35.57597732543945,4.98,0.0,0
46592,21.316,30.352,14.200000000000001,200.0,415.5,0.0,0.0,0.0,5.737,0,141.0,0.98,309.825,0.5279,34.02,35.57597732543945,4.98,0.0,0
46592,21.487000000000002,30.488000000000003,14.200000000000001,200.0,415.258,0.0,0.0,0.0,5.737,0,139.0,0.915,309.825,-2.3754,34.77,35.57597732543945,4.98,0.0,0
46592,21.657,30.635,13.700000000000001,200.0,415.44,0.0,0.0,0.0,5.737,0,145.0,0.855,309.825,-2.3754,35.7,35.57597732543945,4.98,0.0,0
46592,21.487000000000002,30.771,13.700000000000001,200.0,415.56100000000004,0.0,0.0,0.0,5.737,0,144.0,0.895,309.825,-3.6950000000000003,37.230000000000004,35.57597732543945,4.98,0.0,0
46592,21.657,30.918000000000003,14.700000000000001,200.0,415.622,0.0,0.0,0.0,5.737,0,137.0,0.9,309.69,1.1547,38.43,35.57597732543945,4.98,0.0,0
46592,21.657,31.064,14.200000000000001,200.0,415.56100000000004,0.0,0.0,0.0,5.737,0,134.0,0.885,309.825,0.5279,38.88,35.57597732543945,4.98,0.0,0
46592,21.828,31.211000000000002,14.200000000000001,200.0,415.379,0.0,0.0,0.0,5.737,0,151.0,0.88,309.825,0.7918000000000001,37.92,35.57597732543945,4.98,0.0,0
46592,21.657,31.348000000000003,14.200000000000001,200.0,415.379,0.0,0.0,0.0,5.737,0,139.0,0.875,309.825,3.0352,37.26,35.57597732543945,4.98,0.0,0
46592,21.828,31.494,14.700000000000001,200.0,415.5,0.0,0.0,0.0,5.737,0,142.0,0.915,309.915,1.5176,36.660000000000004,35.57597732543945,4.98,0.0,0
46592,21.828,31.641000000000002,14.700000000000001,200.0,415.56100000000004,0.0,0.0,0.0,5.737,0,148.0,0.895,309.69,-3.6950000000000003,35.43,35.57597732543945,4.98,0.0,0
46592,21.487000000000002,31.650000000000002,14.200000000000001,200.0,415.56100000000004,0.0,0.0,0.0,5.737,0,133.0,0.9450000000000001,309.825,-3.563,35.37,35.57597732543945,4.98,0.0,0
46592,21.657,31.797,14.200000000000001,200.0,415.683,0.0,0.0,0.0,5.737,0,156.0,0.9450000000000001,309.69,-2.9445,35.58,35.57597732543945,4.98,0.0,0
46592,21.657,31.943,14.700000000000001,200.0,415.379,0.0,0.0,0.0,5.737,0,143.0,0.93,309.915,3.4971,35.43,35.57597732543945,4.98,0.0,0
46592,21.657,32.09,13.700000000000001,200.0,415.56100000000004,0.0,0.0,0.0,5.737,0,143.0,0.935,309.825,1.8887,34.92,35.57597732543945,4.98,0.0,0
46592,21.487000000000002,32.236000000000004,14.200000000000001,200.0,415.56100000000004,0.0,0.0,0.0,5.737,0,151.0,0.9450000000000001,309.915,2.5321000000000002,34.410000000000004,35.57597732543945,4.98,0.0,0
46592,21.487000000000002,32.373000000000005,14.200000000000001,200.0,415.5,0.0,0.0,0.0,5.737,0,145.0,0.9400000000000001,309.825,0.0165,34.74,35.57597732543945,4.98,0.0,0
46592,21.487000000000002,32.52,14.700000000000001,200.0,415.44,0.0,0.0,0.0,5.737,0,144.0,0.91,309.915,-0.0165,36.12,35.57597732543945,4.98,0.0,0
46592,21.316,32.666000000000004,14.200000000000001,200.0,415.379,0.0,0.0,0.0,5.737,0,152.0,0.9450000000000001,309.825,-2.1114,37.38,35.57597732543945,4.98,0.0,0
46592,21.657,32.813,13.700000000000001,200.0,415.19800000000004,0.0,0.0,0.0,5.737,0,142.0,0.895,309.825,1.0557,37.26,35.57597732543945,4.98,0.0,0
46592,21.487000000000002,32.959,14.700000000000001,201.0,415.622,0.0,0.0,0.0,5.737,0,148.0,0.925,309.825,-1.4516,37.44,35.57597732543945,4.98,0.0,0
46592,21.657,33.096000000000004,14.700000000000001,200.0,415.5,0.0,0.0,0.0,5.737,0,152.0,0.935,309.825,-2.3754,37.08,35.57597732543945,4.98,0.0,0
46592,21.487000000000002,33.242000000000004,14.700000000000001,200.0,415.379,0.0,0.0,0.0,5.737,0,150.0,0.925,309.825,-0.5114000000000001,36.36,35.57597732543945,4.98,0.0,0
46592,21.657,33.389,14.200000000000001,200.0,415.683,0.0,0.0,0.0,5.737,0,147.0,0.9,309.825,-2.5733,36.03,35.57597732543945,4.98,0.0,0
46592,21.146,33.535000000000004,13.700000000000001,200.0,415.622,0.0,0.0,0.0,5.737,0,153.0,0.895,309.915,2.2929,35.07,35.57597732543945,4.98,0.0,0
46592,21.316,33.672000000000004,14.700000000000001,200.0,415.803,0.0,0.0,0.0,5.737,0,149.0,0.905,309.915,0.9073,34.89,35.57597732543945,4.98,0.0,0
46592,21.657,33.818000000000005,13.200000000000001,200.0,415.86400000000003,0.0,0.0,0.0,5.737,0,145.0,0.9400000000000001,309.825,0.0412,35.22,35.57597732543945,4.98,0.0,0
46592,21.146,33.965,14.700000000000001,200.0,415.743,0.0,0.0,0.0,5.737,0,156.0,0.91,309.825,1.5341,35.7,35.57597732543945,4.98,0.0,0
46592,21.316,34.111000000000004,14.200000000000001,200.0,415.622,0.0,0.0,0.0,5.737,0,153.0,0.935,309.825,-1.8475000000000001,35.52,35.57597732543945,4.98,0.0,0
46592,21.316,34.248000000000005,14.200000000000001,200.0,415.5,0.0,0.0,0.0,5.737,0,147.0,0.93,309.825,-1.4516,35.550000000000004,35.57597732543945,4.98,0.0,0
46592,21.146,34.395,13.700000000000001,200.0,415.683,0.0,0.0,0.0,5.737,0,158.0,0.965,309.915,-0.7423000000000001,35.97,35.57597732543945,4.98,0.0,0
46592,20.975,34.541000000000004,14.200000000000001,200.0,415.86400000000003,0.0,0.0,0.0,5.737,0,144.0,0.92,309.825,2.1774,37.02,35.57597732543945,4.98,0.0,0
46592,21.316,34.678000000000004,13.200000000000001,200.0,415.803,0.0,0.0,0.0,5.737,0,144.0,0.93,309.825,2.9692000000000003,36.69,35.57597732543945,4.98,0.0,0
46592,21.487000000000002,34.824000000000005,14.200000000000001,200.0,415.803,0.0,0.0,0.0,5.737,0,159.0,0.9,309.825,0.6763,36.54,35.57597732543945,4.98,0.0,0
46592,21.657,34.971000000000004,14.700000000000001,200.0,415.803,0.0,0.0,0.0,5.737,0,147.0,0.995,309.915,-2.1774,36.660000000000004,35.57597732543945,4.98,0.0,0
46592,21.657,35.107,13.700000000000001,200.0,415.803,0.0,0.0,0.0,5.737,0,153.0,0.88,309.825,-3.2991,36.300000000000004,35.57597732543945,4.98,0.0,0
46592,21.657,35.127,14.700000000000001,200.0,415.803,0.0,0.0,0.0,5.737,0,155.0,0.88,309.825,-3.4311000000000003,36.24,35.57597732543945,4.98,0.0,0
46592,22.339000000000002,35.273,15.200000000000001,200.0,415.86400000000003,0.0,0.0,0.0,5.737,0,154.0,0.905,309.825,1.8475000000000001,35.79,35.57597732543945,4.98,0.0,0
46592,23.022000000000002,35.42,15.700000000000001,200.0,415.683,0.0,0.0,0.0,5.737,0,167.0,0.91,309.915,0.0,35.67,35.57597732543945,4.98,0.0,0
46592,21.657,35.566,15.200000000000001,200.0,416.106,0.0,0.0,0.0,5.737,0,150.0,0.9400000000000001,309.915,1.3196,35.79,35.57597732543945,4.98,0.0,0
46592,21.316,35.713,15.700000000000001,200.0,415.803,0.0,0.0,0.0,5.737,0,158.0,0.89,309.825,0.0,35.97,35.57597732543945,4.98,0.0,0
46592,21.316,35.859,14.700000000000001,200.0,415.379,0.0,0.0,0.0,5.737,0,161.0,0.915,309.825,-1.3196,35.01,35.57597732543945,4.98,0.0,0
46592,21.487000000000002,36.006,13.700000000000001,200.0,415.56100000000004,0.0,0.0,0.0,5.737,0,158.0,0.93,309.825,-3.3651,35.01,35.57597732543945,4.98,0.0,0
46592,21.316,36.152,14.700000000000001,200.0,415.743,0.0,0.0,0.0,5.737,0,155.0,0.905,309.825,-1.7155,35.7,35.57597732543945,4.98,0.0,0
46592,21.487000000000002,36.299,14.700000000000001,200.0,415.86400000000003,0.0,0.0,0.0,5.737,0,162.0,0.91,309.825,1.5836000000000001,36.36,35.57597732543945,4.98,0.0,0
46592,21.487000000000002,36.445,14.700000000000001,200.0,415.86400000000003,0.0,0.0,0.0,5.737,0,153.0,0.9,309.825,0.0,37.29,35.57597732543945,4.98,0.0,0
46592,21.657,36.592,15.200000000000001,200.0,415.683,0.0,0.0,0.0,5.737,0,161.0,0.885,309.825,2.6393,38.31,35.57597732543945,4.98,0.0,0
46592,21.657,36.738,14.700000000000001,200.0,415.622,0.0,0.0,0.0,5.737,0,167.0,0.93,309.69,-2.7713,38.43,35.57597732543945,4.98,0.0,0
46592,21.487000000000002,36.885000000000005,14.700000000000001,200.0,415.803,0.0,0.0,0.0,5.737,0,148.0,0.915,309.69,-3.8600000000000003,37.74,35.57597732543945,4.98,0.0,0
46592,21.657,36.904,14.700000000000001,200.0,415.803,0.0,0.0,0.0,5.737,0,160.0,0.925,309.69,-4.726,37.62,35.57597732543945,4.98,0.0,0
46592,21.657,37.051,15.200000000000001,200.0,415.985,0.0,0.0,0.0,5.737,0,155.0,0.88,309.915,0.5114000000000001,36.51,35.57597732543945,4.98,0.0,0
46592,21.657,37.197,14.200000000000001,200.0,416.045,0.0,0.0,0.0,5.737,0,153.0,0.905,309.825,-1.2124000000000001,35.910000000000004,35.57597732543945,4.98,0.0,0
46592,21.487000000000002,37.344,14.700000000000001,200.0,416.166,0.0,0.0,0.0,5.737,0,162.0,0.9,309.915,3.2579000000000002,35.79,35.57597732543945,4.98,0.0,0
46592,21.146,37.49,14.200000000000001,200.0,416.166,0.0,0.0,0.0,5.737,0,156.0,0.905,309.825,0.8578,35.07,35.57597732543945,4.98,0.0,0
46592,21.657,37.637,15.700000000000001,200.0,416.166,0.0,0.0,0.0,5.737,0,151.0,0.88,309.915,-1.3361,35.28,35.57597732543945,4.98,0.0,0
46592,20.975,37.783,14.700000000000001,200.0,415.86400000000003,0.0,0.0,0.0,5.737,0,164.0,0.895,309.825,0.6598,34.89,35.57597732543945,4.98,0.0,0
46592,21.828,37.93,14.700000000000001,200.0,415.86400000000003,0.0,0.0,0.0,5.737,0,155.0,0.92,309.915,3.1507,34.89,35.57597732543945,4.98,0.0,0
46592,21.487000000000002,38.076,14.700000000000001,200.0,416.045,0.0,0.0,0.0,5.737,0,157.0,0.9500000000000001,309.915,-0.28040000000000004,35.64,35.57597732543945,4.98,0.0,0
46592,21.487000000000002,38.223,14.700000000000001,200.0,415.985,0.0,0.0,0.0,5.737,0,161.0,0.89,309.825,0.7918000000000001,36.660000000000004,35.57597732543945,4.98,0.0,0
46592,20.975,38.369,14.700000000000001,200.0,415.86400000000003,0.0,0.0,0.0,5.737,0,150.0,0.9,309.825,-2.6228000000000002,37.08,35.57597732543945,4.98,0.0,0
46592,21.487000000000002,38.516000000000005,14.200000000000001,200.0,415.985,0.0,0.0,0.0,5.737,0,159.0,0.905,309.915,-3.3651,37.02,35.57597732543945,4.98,0.0,0
46592,20.975,38.662,14.700000000000001,200.0,415.92400000000004,0.0,0.0,0.0,5.737,0,162.0,0.915,309.825,2.4578,36.72,35.57597732543945,4.98,0.0,0
46592,20.975,38.799,14.700000000000001,200.0,415.92400000000004,0.0,0.0,0.0,5.737,0,152.0,0.915,309.69,1.9382000000000001,36.6,35.57597732543945,4.98,0.0,0
46592,21.146,38.945,14.200000000000001,200.0,415.86400000000003,0.0,0.0,0.0,5.737,0,161.0,0.91,309.825,-4.4043,36.75,35.57597732543945,4.98,0.0,0
46592,20.975,39.092,14.700000000000001,200.0,415.803,0.0,0.0,0.0,5.737,0,156.0,0.885,309.915,0.18150000000000002,36.09,35.57597732543945,4.98,0.0,0
46592,21.657,39.102000000000004,13.700000000000001,200.0,415.803,0.0,0.0,0.0,5.737,0,156.0,0.915,309.915,0.7258,36.0,35.57597732543945,4.98,0.0,0
46592,21.657,39.248000000000005,13.200000000000001,200.0,415.92400000000004,0.0,0.0,0.0,5.737,0,160.0,0.9,309.825,3.563,35.13,35.57597732543945,4.98,0.0,0
46592,21.657,39.395,14.200000000000001,200.0,415.743,0.0,0.0,0.0,5.737,0,149.0,0.935,309.915,0.46190000000000003,34.38,35.57597732543945,4.98,0.0,0
46592,21.657,39.541000000000004,14.700000000000001,200.0,416.22700000000003,0.0,0.0,0.0,5.737,0,159.0,0.92,309.825,-1.0557,33.51,35.57597732543945,4.98,0.0,0
46592,21.657,39.688,14.700000000000001,200.0,415.92400000000004,0.0,0.0,0.0,5.737,0,157.0,0.9500000000000001,309.825,1.0557,34.26,35.57597732543945,4.98,0.0,0
46592,21.828,39.834,14.700000000000001,200.0,415.803,0.0,0.0,0.0,5.737,0,162.0,0.9550000000000001,309.825,-1.5836000000000001,35.13,35.57597732543945,4.98,0.0,0
46592,21.998,39.980000000000004,14.700000000000001,200.0,416.045,0.0,0.0,0.0,5.737,0,162.0,0.9400000000000001,309.915,-1.6496000000000002,36.81,35.57597732543945,4.98,0.0,0
46592,21.828,40.137,14.700000000000001,200.0,416.589,0.0,0.0,0.0,5.737,0,160.0,0.915,309.825,2.5073000000000003,37.800000000000004,35.57597732543945,4.98,0.0,0
46592,23.022000000000002,40.283,15.700000000000001,200.0,416.166,0.0,0.0,0.0,5.737,0,157.0,0.9500000000000001,309.915,5.476500000000001,37.11,35.57597732543945,4.98,0.0,0
46592,21.487000000000002,40.439,14.700000000000001,200.0,415.743,0.0,0.0,0.0,5.737,0,156.0,0.91,309.825,-2.3754,35.64,35.57597732543945,4.98,0.0,0
46592,21.657,40.586,15.200000000000001,200.0,415.92400000000004,0.0,0.0,0.0,5.737,0,163.0,0.92,309.825,-3.1672000000000002,35.37,35.57597732543945,4.98,0.0,0
46592,21.487000000000002,40.732,14.700000000000001,200.0,416.045,0.0,0.0,0.0,5.737,0,155.0,0.925,309.825,-1.8475000000000001,35.64,35.57597732543945,4.98,0.0,0
46592,21.316,40.889,15.200000000000001,200.0,415.86400000000003,0.0,0.0,0.0,5.737,0,157.0,0.93,309.825,1.0557,35.61,35.57597732543945,4.98,0.0,0
46592,21.487000000000002,41.035000000000004,15.200000000000001,200.0,416.045,0.0,0.0,0.0,5.737,0,159.0,0.9500000000000001,309.825,-0.2639,35.37,35.57597732543945,4.98,0.0,0
46592,21.657,41.182,14.700000000000001,200.0,415.92400000000004,0.0,0.0,0.0,5.737,0,157.0,0.915,309.69,-4.651800000000001,34.65,35.57597732543945,4.98,0.0,0
46592,21.487000000000002,41.338,14.700000000000001,200.0,415.86400000000003,0.0,0.0,0.0,5.737,0,159.0,0.92,309.915,-0.9238000000000001,34.65,35.57597732543945,4.98,0.0,0
46592,21.657,41.484,15.200000000000001,200.0,415.803,0.0,0.0,0.0,5.737,0,165.0,0.92,309.825,3.6950000000000003,34.89,35.57597732543945,4.98,0.0,0
46592,21.487000000000002,41.641000000000005,14.700000000000001,200.0,416.106,0.0,0.0,0.0,5.737,0,152.0,0.89,309.825,1.9795,34.65,35.57597732543945,4.98,0.0,0
46592,21.316,41.787,14.200000000000001,200.0,415.985,0.0,0.0,0.0,5.737,0,165.0,0.9400000000000001,309.69,-2.4743,35.4,35.57597732543945,4.98,0.0,0
46592,21.146,41.934000000000005,15.200000000000001,200.0,415.86400000000003,0.0,0.0,0.0,5.737,0,172.0,0.9,309.825,0.7918000000000001,36.63,35.57597732543945,4.98,0.0,0
46592,21.487000000000002,42.09,14.700000000000001,200.0,415.86400000000003,0.0,0.0,0.0,5.737,0,157.0,0.905,309.825,-0.5279,36.93,35.57597732543945,4.98,0.0,0
46592,21.657,42.236000000000004,15.200000000000001,200.0,416.22700000000003,0.0,0.0,0.0,5.737,0,162.0,0.96,309.69,-0.6598,36.72,35.57597732543945,4.98,0.0,0
46592,21.657,42.393,14.700000000000001,200.0,416.045,0.0,0.0,0.0,5.737,0,170.0,0.9550000000000001,309.825,-0.7918000000000001,36.54,35.57597732543945,4.98,0.0,0
46592,21.657,42.539,15.200000000000001,200.0,416.22700000000003,0.0,0.0,0.0,5.737,0,164.0,0.925,309.69,-0.2639,36.96,35.57597732543945,4.98,0.0,0
46592,21.657,42.686,13.700000000000001,200.0,415.985,0.0,0.0,0.0,5.737,0,160.0,0.9400000000000001,309.825,3.8600000000000003,36.51,35.57597732543945,4.98,0.0,0
46592,21.487000000000002,42.842,15.200000000000001,200.0,415.86400000000003,0.0,0.0,0.0,5.737,0,166.0,0.9550000000000001,309.825,0.39590000000000003,35.7,35.57597732543945,4.98,0.0,0
46592,21.316,42.988,15.200000000000001,200.0,415.743,0.0,0.0,0.0,5.737,0,159.0,0.9500000000000001,309.915,0.3629,35.82,35.57597732543945,4.98,0.0,0
46592,21.316,43.145,14.700000000000001,199.0,416.166,0.0,0.0,0.0,5.737,0,161.0,0.9450000000000001,309.825,0.7918000000000001,35.04,35.57597732543945,4.98,0.0,0
46592,21.146,43.154,13.700000000000001,200.0,416.166,0.0,0.0,0.0,5.737,0,161.0,0.91,309.825,0.6598,34.980000000000004,35.57597732543945,4.98,0.0,0
46592,21.146,43.301,15.700000000000001,200.0,416.166,0.0,0.0,0.0,5.737,0,166.0,0.93,309.915,2.2269,34.71,35.57597732543945,4.98,0.0,0
46592,21.487000000000002,43.457,14.700000000000001,200.0,416.045,0.0,0.0,0.0,5.737,0,154.0,0.895,309.825,0.5444,33.33,35.57597732543945,4.98,0.0,0
46592,21.316,43.604,14.700000000000001,200.0,416.106,0.0,0.0,0.0,5.737,0,160.0,0.88,309.825,-1.9795,33.75,35.57597732543945,4.98,0.0,0
46592,21.657,43.75,14.700000000000001,200.0,416.166,0.0,0.0,0.0,5.737,0,159.0,0.97,309.825,-2.8867000000000003,34.59,35.57597732543945,4.98,0.0,0
46592,21.657,43.896,14.700000000000001,200.0,415.86400000000003,0.0,0.0,0.0,5.737,0,158.0,0.905,309.825,1.4516,35.76,35.57597732543945,4.98,0.0,0
46592,21.657,44.053000000000004,15.700000000000001,200.0,415.92400000000004,0.0,0.0,0.0,5.737,0,157.0,0.9,309.825,2.5073000000000003,36.99,35.57597732543945,4.98,0.0,0
46592,21.657,44.199000000000005,15.200000000000001,200.0,415.743,0.0,0.0,0.0,5.737,0,158.0,0.925,309.69,-3.6043000000000003,36.33,35.57597732543945,4.98,0.0,0
46592,21.828,44.355000000000004,15.200000000000001,200.0,416.106,0.0,0.0,0.0,5.737,0,169.0,0.895,309.825,-3.8930000000000002,35.85,35.57597732543945,4.98,0.0,0
46592,21.657,44.502,15.200000000000001,200.0,416.166,0.0,0.0,0.0,5.737,0,155.0,0.895,309.825,0.9897,35.550000000000004,35.57597732543945,4.98,0.0,0
46592,22.169,44.658,15.200000000000001,200.0,416.045,0.0,0.0,0.0,5.737,0,165.0,0.885,309.69,-0.39590000000000003,34.89,35.57597732543945,4.98,0.0,0
46592,21.998,44.805,14.700000000000001,200.0,416.045,0.0,0.0,0.0,5.737,0,165.0,0.885,309.825,-3.3651,34.86,35.57597732543945,4.98,0.0,0
46592,21.998,44.961000000000006,15.700000000000001,200.0,415.92400000000004,0.0,0.0,0.0,5.737,0,146.0,0.885,309.825,3.761,34.32,35.57597732543945,4.98,0.0,0
46592,21.657,45.117000000000004,15.200000000000001,200.0,416.22700000000003,0.0,0.0,0.0,5.737,0,164.0,0.895,309.915,3.4806000000000004,33.87,35.57597732543945,4.98,0.0,0
46592,21.657,45.273,15.700000000000001,200.0,416.045,0.0,0.0,0.0,5.737,0,156.0,0.9400000000000001,309.825,-3.563,33.39,35.57597732543945,4.98,0.0,0
46592,21.828,45.43,14.700000000000001,200.0,415.743,0.0,0.0,0.0,5.737,0,159.0,0.88,309.825,0.5279,33.45,35.57597732543945,4.98,0.0,0
46592,21.657,45.576,14.700000000000001,200.0,415.803,0.0,0.0,0.0,5.737,0,168.0,0.92,309.825,-2.6228000000000002,33.93,35.57597732543945,4.98,0.0,0
46592,21.657,45.732,14.700000000000001,200.0,415.86400000000003,0.0,0.0,0.0,5.737,0,167.0,0.935,309.915,-0.5691,35.19,35.57597732543945,4.98,0.0,0
46592,21.998,45.889,14.200000000000001,200.0,416.408,0.0,0.0,0.0,5.737,0,160.0,0.92,309.825,3.0352,36.81,35.57597732543945,4.98,0.0,0
46592,21.657,46.045,14.700000000000001,200.0,416.469,0.0,0.0,0.0,5.737,0,163.0,0.92,309.69,-2.5733,37.5,35.57597732543945,4.98,0.0,0
46592,21.657,46.201,14.700000000000001,200.0,415.743,0.0,0.0,0.0,5.737,0,174.0,0.9,309.825,-6.6477,37.050000000000004,35.57597732543945,4.98,0.0,0
46592,21.657,46.357,14.700000000000001,200.0,416.045,0.0,0.0,0.0,5.737,0,165.0,0.915,309.825,2.1774,35.61,35.57597732543945,4.98,0.0,0
46592,21.487000000000002,46.514,15.200000000000001,200.0,416.22700000000003,0.0,0.0,0.0,5.737,0,169.0,0.93,309.825,4.726,34.77,35.57597732543945,4.98,0.0,0
46592,21.487000000000002,46.67,15.200000000000001,200.0,416.045,0.0,0.0,0.0,5.737,0,167.0,0.925,309.825,0.6351,34.89,35.57597732543945,4.98,0.0,0
46592,21.146,46.826,14.700000000000001,200.0,416.106,0.0,0.0,0.0,5.737,0,163.0,0.93,309.69,-3.6043000000000003,34.83,35.57597732543945,4.98,0.0,0
46592,21.316,46.982,14.700000000000001,200.0,416.166,0.0,0.0,0.0,5.737,0,172.0,0.89,309.825,-0.6598,34.14,35.57597732543945,4.98,0.0,0
46592,21.146,47.139,15.700000000000001,200.0,416.22700000000003,0.0,0.0,0.0,5.737,0,183.0,0.92,309.825,2.3754,34.74,35.57597732543945,4.98,0.0,0
46592,20.975,47.285000000000004,16.3,200.0,416.166,0.0,0.0,0.0,5.737,0,161.0,0.9,309.825,4.0002,35.43,35.57597732543945,4.98,0.0,0
46592,21.146,47.441,14.700000000000001,200.0,416.106,0.0,0.0,0.0,5.737,0,170.0,0.905,309.825,-5.1466,34.83,35.57597732543945,4.98,0.0,0
46592,21.657,47.598,14.200000000000001,200.0,415.683,0.0,0.0,0.0,5.737,0,165.0,0.895,309.915,0.7918000000000001,34.230000000000004,35.57597732543945,4.98,0.0,0
46592,21.146,47.744,16.3,200.0,415.86400000000003,0.0,0.0,0.0,5.737,0,167.0,0.895,309.69,3.5878,34.74,35.57597732543945,4.98,0.0,0
46592,21.146,47.900000000000006,15.200000000000001,200.0,416.045,0.0,0.0,0.0,5.737,0,168.0,0.89,309.69,-4.6188,35.7,35.57597732543945,4.98,0.0,0
46592,20.975,48.047000000000004,14.700000000000001,200.0,416.22700000000003,0.0,0.0,0.0,5.737,0,171.0,0.885,309.825,-1.8310000000000002,36.27,35.57597732543945,4.98,0.0,0
46592,21.146,48.203,15.200000000000001,200.0,415.86400000000003,0.0,0.0,0.0,5.737,0,166.0,0.89,309.825,5.0147,36.78,35.57597732543945,4.98,0.0,0
46592,21.316,48.213,14.200000000000001,200.0,415.803,0.0,0.0,0.0,5.737,0,169.0,0.935,309.825,5.2786,36.93,35.57597732543945,4.98,0.0,0
46592,21.657,48.369,15.700000000000001,200.0,415.743,0.0,0.0,0.0,5.737,0,169.0,0.915,309.915,2.4743,36.81,35.57597732543945,4.98,0.0,0
46592,21.828,48.516000000000005,14.200000000000001,200.0,415.985,0.0,0.0,0.0,5.737,0,170.0,0.89,309.825,0.7918000000000001,36.660000000000004,35.57597732543945,4.98,0.0,0
46592,21.657,48.672000000000004,15.200000000000001,200.0,416.106,0.0,0.0,0.0,5.737,0,173.0,0.9,309.915,2.0455,36.480000000000004,35.57597732543945,4.98,0.0,0
46592,21.657,48.828,15.700000000000001,200.0,415.743,0.0,0.0,0.0,5.737,0,161.0,0.925,309.915,-0.2639,35.910000000000004,35.57597732543945,4.98,0.0,0
46592,21.657,48.975,15.200000000000001,200.0,415.86400000000003,0.0,0.0,0.0,5.737,0,169.0,0.885,309.825,-1.0557,35.22,35.57597732543945,4.98,0.0,0
46592,21.657,49.131,15.200000000000001,200.0,415.985,0.0,0.0,0.0,5.737,0,170.0,0.865,309.915,-0.7918000000000001,34.68,35.57597732543945,4.98,0.0,0
46592,21.487000000000002,49.287,15.700000000000001,200.0,415.803,0.0,0.0,0.0,5.737,0,164.0,0.9,309.825,-2.8372,33.99,35.57597732543945,4.98,0.0,0
46592,21.828,49.443000000000005,15.200000000000001,200.0,416.106,0.0,0.0,0.0,5.737,0,172.0,0.88,309.915,0.6598,34.56,35.57597732543945,4.98,0.0,0
46592,21.487000000000002,49.59,15.700000000000001,200.0,415.985,0.0,0.0,0.0,5.737,0,168.0,0.91,309.915,0.5279,35.76,35.57597732543945,4.98,0.0,0
46592,21.828,49.746,15.200000000000001,200.0,415.803,0.0,0.0,0.0,5.737,0,163.0,0.885,309.915,0.2639,36.15,35.57597732543945,4.98,0.0,0
46592,21.828,49.902,15.200000000000001,200.0,416.22700000000003,0.0,0.0,0.0,5.737,0,169.0,0.885,309.825,2.9692000000000003,35.94,35.57597732543945,4.98,0.0,0
46592,21.657,50.059000000000005,15.200000000000001,200.0,416.045,0.0,0.0,0.0,5.737,0,172.0,0.89,309.915,1.4516,36.27,35.57597732543945,4.98,0.0,0
46592,21.828,50.215,15.700000000000001,200.0,415.86400000000003,0.0,0.0,0.0,5.737,0,158.0,0.9,309.915,2.1114,36.51,35.57597732543945,4.98,0.0,0
46592,22.169,50.371,14.700000000000001,200.0,416.166,0.0,0.0,0.0,5.737,0,176.0,0.905,309.915,3.1672000000000002,37.11,35.57597732543945,4.98,0.0,0
46592,22.339000000000002,50.527,15.700000000000001,200.0,416.348,0.0,0.0,0.0,5.737,0,171.0,0.905,309.69,-2.4743,37.410000000000004,35.57597732543945,4.98,0.0,0
46592,22.339000000000002,50.684000000000005,16.7,200.0,416.22700000000003,0.0,0.0,0.0,5.737,0,168.0,0.915,309.825,-5.1466,37.11,35.57597732543945,4.98,0.0,0
46592,21.657,50.85,16.7,200.0,415.86400000000003,0.0,0.0,0.0,5.737,0,175.0,0.905,309.825,-2.8372,36.27,35.57597732543945,4.98,0.0,0
46592,21.657,51.006,15.200000000000001,200.0,416.045,0.0,0.0,0.0,5.737,0,170.0,0.925,309.915,4.6188,35.43,35.57597732543945,4.98,0.0,0
46592,21.316,51.162,15.200000000000001,200.0,416.045,0.0,0.0,0.0,5.737,0,164.0,0.895,309.69,-0.9567,34.86,35.57597732543945,4.98,0.0,0
46592,21.146,51.328,15.200000000000001,200.0,416.045,0.0,0.0,0.0,5.737,0,173.0,0.89,309.915,-2.1114,33.99,35.57597732543945,4.98,0.0,0
46592,21.316,51.484,15.700000000000001,200.0,416.408,0.0,0.0,0.0,5.737,0,172.0,0.9,309.915,-1.0557,34.410000000000004,35.57597732543945,4.98,0.0,0
46592,20.975,51.641000000000005,15.700000000000001,200.0,416.166,0.0,0.0,0.0,5.737,0,163.0,0.905,309.825,4.3548,35.52,35.57597732543945,4.98,0.0,0
46592,21.316,51.787,14.700000000000001,200.0,415.985,0.0,0.0,0.0,5.737,0,177.0,0.89,309.825,1.1217000000000001,36.75,35.57597732543945,4.98,0.0,0
46592,21.487000000000002,51.943000000000005,14.700000000000001,200.0,416.045,0.0,0.0,0.0,5.737,0,168.0,0.88,309.915,-0.2639,37.71,35.57597732543945,4.98,0.0,0
46592,21.487000000000002,52.1,14.700000000000001,200.0,416.28700000000003,0.0,0.0,0.0,5.737,0,167.0,0.91,309.915,-1.6496000000000002,36.87,35.57597732543945,4.98,0.0,0
46592,20.975,52.256,15.200000000000001,200.0,415.86400000000003,0.0,0.0,0.0,5.737,0,171.0,0.925,309.915,2.2434000000000003,36.09,35.57597732543945,4.98,0.0,0
46592,21.146,52.412,15.700000000000001,200.0,415.622,0.0,0.0,0.2,5.737,0,175.0,0.885,309.825,2.4413,36.06,35.57597732543945,4.98,0.0,0
46592,20.975,52.559000000000005,15.200000000000001,201.0,416.045,0.0,0.0,0.0,5.737,0,170.0,0.92,309.915,0.2639,36.09,35.57597732543945,4.98,0.0,0
46592,21.487000000000002,52.715,14.700000000000001,200.0,416.22700000000003,0.0,0.0,0.0,5.737,0,176.0,0.91,309.825,-4.4208,36.06,35.57597732543945,4.98,0.0,0
46592,21.657,52.861000000000004,15.200000000000001,200.0,415.683,0.0,0.0,0.0,5.737,0,171.0,0.895,309.825,-4.486800000000001,35.79,35.57597732543945,4.98,0.0,0
46592,21.146,52.881,16.3,200.0,415.683,0.0,0.0,0.0,5.737,0,171.0,0.975,309.825,-4.3548,35.79,35.57597732543945,4.98,0.0,0
46592,21.657,53.027,15.200000000000001,200.0,415.743,0.0,0.0,0.0,5.737,0,169.0,0.885,309.825,1.4681,35.82,35.57597732543945,4.98,0.0,0
46592,21.657,53.184000000000005,15.700000000000001,200.0,415.92400000000004,0.0,0.0,0.0,5.737,0,165.0,0.9500000000000001,309.69,4.3136,34.65,35.57597732543945,4.98,0.0,0
46592,21.657,53.34,15.200000000000001,200.0,415.92400000000004,0.0,0.0,0.0,5.737,0,172.0,0.92,309.825,-3.2991,33.36,35.57597732543945,4.98,0.0,0
46592,21.657,53.35,14.700000000000001,200.0,415.92400000000004,0.0,0.0,0.0,5.737,0,171.0,0.92,309.825,-3.1672000000000002,33.21,35.57597732543945,4.98,0.0,0
46592,21.657,53.506,14.700000000000001,200.0,415.92400000000004,0.0,0.0,0.0,5.737,0,172.0,0.935,309.825,-1.8475000000000001,33.42,35.57597732543945,4.98,0.0,0
46592,21.998,53.662,15.700000000000001,200.0,415.92400000000004,0.0,0.0,0.0,5.737,0,161.0,0.92,309.825,6.0704,35.31,35.57597732543945,4.98,0.0,0
46592,21.657,53.818000000000005,14.700000000000001,200.0,415.86400000000003,0.0,0.0,0.0,5.737,0,164.0,0.89,309.825,0.0,37.230000000000004,35.57597732543945,4.98,0.0,0
46592,21.657,53.975,15.700000000000001,200.0,416.106,0.0,0.0,0.0,5.737,0,166.0,0.9450000000000001,309.825,0.6598,38.79,35.57597732543945,4.98,0.0,0
46592,21.657,54.131,16.3,200.0,416.28700000000003,0.0,0.0,0.0,5.737,0,172.0,0.905,309.825,2.9032,38.67,35.57597732543945,4.98,0.0,0
46592,21.657,54.277,15.200000000000001,200.0,416.22700000000003,0.0,0.0,0.0,5.737,0,160.0,0.93,309.825,-3.0352,37.11,35.57597732543945,4.98,0.0,0
46592,21.146,54.434000000000005,15.200000000000001,200.0,415.86400000000003,0.0,0.0,0.0,5.737,0,170.0,0.93,309.69,-0.9567,36.12,35.57597732543945,4.98,0.0,0
46592,21.828,54.59,15.700000000000001,200.0,415.683,0.0,0.0,0.0,5.737,0,168.0,0.91,309.69,-1.7155,36.21,35.57597732543945,4.98,0.0,0
46592,21.657,54.746,15.200000000000001,200.0,415.86400000000003,0.0,0.0,0.0,5.737,0,166.0,0.88,309.915,-4.024900000000001,37.53,35.57597732543945,4.98,0.0,0
46592,21.657,54.902,15.700000000000001,200.0,415.86400000000003,0.0,0.0,0.0,5.737,0,178.0,0.88,309.915,4.6188,38.07,35.57597732543945,4.98,0.0,0
46592,21.828,55.059000000000005,15.200000000000001,200.0,415.92400000000004,0.0,0.0,0.0,5.737,0,171.0,0.905,309.825,5.4435,37.11,35.57597732543945,4.98,0.0,0
46592,21.657,55.215,15.700000000000001,200.0,416.348,0.0,0.0,0.0,5.737,0,164.0,0.91,309.69,-3.4311000000000003,35.94,35.57597732543945,4.98,0.0,0
46592,21.998,55.371,15.700000000000001,200.0,416.166,0.0,0.0,0.0,5.737,0,172.0,0.895,309.915,-3.1672000000000002,34.89,35.57597732543945,4.98,0.0,0
46592,21.828,55.527,16.7,200.0,415.92400000000004,0.0,0.0,0.0,5.737,0,168.0,0.905,309.825,1.5836000000000001,34.77,35.57597732543945,4.98,0.0,0
46592,21.828,55.693000000000005,16.3,200.0,416.106,0.0,0.0,0.0,5.737,0,163.0,0.895,309.915,5.1136,35.67,35.57597732543945,4.98,0.0,0
46592,21.828,55.703,16.3,200.0,416.106,0.0,0.0,0.0,5.737,0,157.0,0.91,309.915,4.7755,35.82,35.57597732543945,4.98,0.0,0
46592,21.657,55.859,14.700000000000001,200.0,415.985,0.0,0.0,0.0,5.737,0,168.0,0.93,309.915,-0.132,37.14,35.57597732543945,4.98,0.0,0
46592,21.657,56.025000000000006,15.700000000000001,200.0,416.045,0.0,0.0,0.0,5.737,0,168.0,0.935,309.69,-3.0764,37.74,35.57597732543945,4.98,0.0,0
46592,21.316,56.182,15.700000000000001,200.0,416.22700000000003,0.0,0.0,0.0,5.737,0,166.0,0.89,309.915,-0.5938,38.13,35.57597732543945,4.98,0.0,0
46592,21.657,56.338,15.700000000000001,200.0,416.045,0.0,0.0,0.0,5.737,0,168.0,0.8150000000000001,309.915,3.4806000000000004,38.4,35.57597732543945,4.98,0.0,0
46592,21.657,56.494,15.700000000000001,200.0,416.166,0.0,0.0,0.0,5.737,0,171.0,0.875,309.825,1.6248,37.62,35.57597732543945,4.98,0.0,0
46592,21.146,56.650000000000006,15.700000000000001,200.0,416.22700000000003,0.0,0.0,0.0,5.737,0,163.0,0.895,309.915,-2.6393,36.27,35.57597732543945,4.98,0.0,0
46592,21.487000000000002,56.807,15.200000000000001,200.0,416.045,0.0,0.0,0.0,5.737,0,166.0,0.855,309.825,0.41240000000000004,34.86,35.57597732543945,4.98,0.0,0
46592,21.146,56.963,15.700000000000001,200.0,416.22700000000003,0.0,0.0,0.0,5.737,0,169.0,0.865,309.69,-2.9445,34.92,35.57597732543945,4.98,0.0,0
46592,20.975,57.119,15.200000000000001,200.0,416.348,0.0,0.0,0.0,5.737,0,175.0,0.85,309.69,-4.6435,34.5,35.57597732543945,4.98,0.0,0
46592,20.975,57.275000000000006,15.200000000000001,200.0,416.529,0.0,0.0,0.0,5.737,0,177.0,0.915,309.915,2.4908,34.68,35.57597732543945,4.98,0.0,0
46592,20.975,57.432,15.200000000000001,200.0,416.28700000000003,0.0,0.0,0.0,5.737,0,170.0,0.8200000000000001,309.825,3.5383,35.1,35.57597732543945,4.98,0.0,0
46592,21.146,57.578,15.200000000000001,200.0,416.166,0.0,0.0,0.0,5.737,0,167.0,0.88,309.915,3.6125000000000003,35.88,35.57597732543945,4.98,0.0,0
46592,21.316,57.734,15.700000000000001,200.0,416.22700000000003,0.0,0.0,0.0,5.737,0,168.0,0.87,309.825,-3.2166,36.9,35.57597732543945,4.98,0.0,0
46592,21.487000000000002,57.891000000000005,15.700000000000001,200.0,415.985,0.0,0.0,0.0,5.737,0,172.0,0.91,309.825,-2.4413,37.56,35.57597732543945,4.98,0.0,0
46592,21.657,58.037000000000006,14.700000000000001,200.0,416.166,0.0,0.0,0.0,5.737,0,166.0,0.88,309.825,-0.0495,37.11,35.57597732543945,4.98,0.0,0
46592,21.487000000000002,58.057,14.700000000000001,200.0,416.166,0.0,0.0,0.0,5.737,0,167.0,0.915,309.825,0.5938,37.11,35.57597732543945,4.98,0.0,0
46592,21.998,58.213,15.200000000000001,200.0,416.166,0.0,0.0,0.0,5.737,0,170.0,0.975,309.825,1.3196,38.1,35.57597732543945,4.98,0.0,0
46592,21.487000000000002,58.369,14.700000000000001,200.0,415.92400000000004,0.0,0.0,0.0,5.737,0,162.0,0.925,309.825,0.0,37.38,35.57597732543945,4.98,0.0,0
46592,21.657,58.525000000000006,15.200000000000001,200.0,415.56100000000004,0.0,0.0,0.0,5.737,0,174.0,0.9550000000000001,309.915,2.5073000000000003,36.72,35.57597732543945,4.98,0.0,0
46592,21.828,58.682,15.200000000000001,200.0,416.106,0.0,0.0,0.0,5.737,0,168.0,0.9450000000000001,309.915,3.8930000000000002,36.09,35.57597732543945,4.98,0.0,0
46592,21.146,58.838,14.700000000000001,200.0,415.743,0.0,0.0,0.0,5.737,0,161.0,0.925,309.825,-1.5836000000000001,34.95,35.57597732543945,4.98,0.0,0
46592,21.316,58.994,15.700000000000001,200.0,416.045,0.0,0.0,0.0,5.737,0,176.0,0.93,309.825,-4.4208,34.800000000000004,35.57597732543945,4.98,0.0,0
46592,21.657,59.150000000000006,15.700000000000001,200.0,416.28700000000003,0.0,0.0,0.0,5.737,0,164.0,0.895,309.915,0.6598,34.65,35.57597732543945,4.98,0.0,0
46592,21.316,59.307,15.700000000000001,200.0,416.469,0.0,0.0,0.0,5.737,0,166.0,0.91,309.825,2.1114,35.550000000000004,35.57597732543945,4.98,0.0,0
46592,21.998,59.463,15.200000000000001,200.0,415.985,0.0,0.0,0.0,5.737,0,172.0,0.965,309.825,-3.8270000000000004,34.95,35.57597732543945,4.98,0.0,0
46592,21.657,59.619,16.3,200.0,416.106,0.0,0.0,0.0,5.737,0,167.0,0.9,309.825,-3.629,35.64,35.57597732543945,4.98,0.0,0
46592,21.828,59.775000000000006,15.700000000000001,200.0,416.22700000000003,0.0,0.0,0.0,5.737,0,163.0,0.925,309.915,4.2229,37.14,35.57597732543945,4.98,0.0,0
46592,21.657,59.932,16.3,200.0,416.348,0.0,0.0,0.0,5.737,0,173.0,0.925,309.915,3.8930000000000002,37.68,35.57597732543945,4.98,0.0,0
46592,21.657,60.088,15.200000000000001,200.0,416.529,0.0,0.0,0.0,5.737,0,165.0,0.915,309.825,-1.9795,38.13,35.57597732543945,4.98,0.0,0
46592,21.828,60.244,15.700000000000001,200.0,416.589,0.0,0.0,0.0,5.737,0,161.0,0.91,309.825,-2.8372,37.26,35.57597732543945,4.98,0.0,0
46592,21.316,60.410000000000004,15.700000000000001,200.0,416.045,0.0,0.0,0.0,5.737,0,172.0,0.915,309.69,-1.9795,36.81,35.57597732543945,4.98,0.0,0
46592,21.657,60.566,15.700000000000001,200.0,415.92400000000004,0.0,0.0,0.0,5.737,0,166.0,0.91,309.915,1.2537,36.09,35.57597732543945,4.98,0.0,0
46592,21.316,60.723000000000006,16.3,200.0,416.348,0.0,0.0,0.0,5.737,0,166.0,0.845,309.825,0.39590000000000003,36.39,35.57597732543945,4.98,0.0,0
46592,21.657,60.879000000000005,16.3,200.0,416.408,0.0,0.0,0.0,5.737,0,171.0,0.96,309.825,0.4289,35.7,35.57597732543945,4.98,0.0,0
46592,21.998,61.035000000000004,16.7,200.0,416.045,0.0,0.0,0.0,5.737,0,165.0,0.91,309.69,-4.8827,35.85,35.57597732543945,4.98,0.0,0
46592,21.657,61.201,16.7,200.0,416.106,0.0,0.0,0.0,5.737,0,170.0,0.97,309.825,-4.7507,36.09,35.57597732543945,4.98,0.0,0
46592,22.339000000000002,61.357000000000006,15.200000000000001,200.0,416.28700000000003,0.0,0.0,0.0,5.737,0,173.0,0.935,309.915,3.9589000000000003,34.92,35.57597732543945,4.98,0.0,0
46592,21.998,61.523,16.3,200.0,416.589,0.0,0.0,0.0,5.737,0,166.0,0.935,309.69,3.1672000000000002,35.43,35.57597732543945,4.98,0.0,0
46592,21.487000000000002,61.689,15.200000000000001,200.0,416.408,0.0,0.0,0.0,5.737,0,161.0,0.9,309.825,-2.2434000000000003,35.43,35.57597732543945,4.98,0.0,0
46592,20.975,61.846000000000004,15.700000000000001,200.0,416.106,0.0,0.0,0.0,5.737,0,180.0,0.91,309.915,0.7918000000000001,36.18,35.57597732543945,4.98,0.0,0
46592,21.316,62.012,16.3,200.0,416.22700000000003,0.0,0.0,0.0,5.737,0,164.0,0.9550000000000001,309.69,1.0557,36.93,35.57597732543945,4.98,0.0,0
46592,20.975,62.168000000000006,15.700000000000001,200.0,416.22700000000003,0.0,0.0,0.0,5.737,0,164.0,0.935,309.915,-0.3299,37.74,35.57597732543945,4.98,0.0,0
46592,21.316,62.324000000000005,15.700000000000001,200.0,415.985,0.0,0.0,0.0,5.737,0,172.0,0.875,309.825,-0.132,38.01,35.57597732543945,4.98,0.0,0
46592,21.146,62.49,17.3,200.0,415.743,0.0,0.0,0.0,5.737,0,164.0,0.91,309.825,3.596,37.74,35.57597732543945,4.98,0.0,0
46592,20.293,62.656000000000006,18.3,200.0,415.985,0.0,0.0,0.0,5.737,0,-20.0,0.865,309.825,-1.5836000000000001,37.230000000000004,35.57597732543945,4.98,0.0,0
46592,18.758,62.842000000000006,18.8,188.0,415.985,0.0,0.0,0.0,5.737,0,-529.0,0.935,309.915,-1.1217000000000001,36.45,35.57597732543945,4.98,0.0,0
46592,18.588,62.871,19.8,186.0,415.985,0.0,0.0,0.0,5.737,0,-562.0,0.9500000000000001,309.915,-1.3361,36.33,35.57597732543945,4.98,0.0,0
46592,13.813,63.066,20.3,148.0,416.348,0.0,0.0,0.0,5.737,0,-708.0,0.85,309.915,1.5671000000000002,33.81,35.57597732543945,4.98,0.0,0
46592,7.333,63.271,20.3,105.0,416.408,0.0,0.0,0.0,5.737,0,-708.0,0.915,309.825,-0.5279,32.07,35.57597732543945,4.98,0.0,0
46592,0.171,63.447,17.3,64.0,416.348,0.0,0.0,0.0,5.737,0,-574.0,0.88,309.915,-0.5279,32.1,35.57597732543945,4.98,0.0,0
46592,-7.503,63.613,15.200000000000001,29.0,416.22700000000003,0.0,0.0,0.0,5.737,0,-474.0,0.9,309.915,1.9795,34.32,35.57597732543945,4.98,0.0,0
46592,-6.992,63.682,-4.5,1.0,416.28700000000003,0.0,0.0,0.0,5.737,0,-490.0,0.875,309.69,-1.2949000000000002,35.730000000000004,35.57597732543945,4.98,0.0,0
46592,-5.457,63.652,0.0,-17.0,416.589,0.0,0.0,0.0,5.737,0,1.0,0.885,309.825,-4.0084,36.42,35.57597732543945,4.98,0.0,0
46592,-6.992,63.652,1.0,-16.0,416.348,0.0,0.0,0.0,5.737,0,157.0,0.9450000000000001,309.825,0.47840000000000005,36.54,35.57597732543945,4.98,0.0,0
46592,-6.821,63.672000000000004,2.5,-7.0,416.469,0.0,0.0,0.0,5.737,0,126.0,0.92,309.825,1.2537,36.72,35.57597732543945,4.98,0.0,0
46592,-8.356,63.711000000000006,4.1000000000000005,0.0,416.22700000000003,0.0,0.0,0.0,5.737,0,40.0,0.91,309.825,0.2639,36.6,35.57597732543945,4.98,0.0,0
46592,-9.55,63.75,3.5,2.0,415.985,0.0,0.0,0.0,5.737,0,8.0,0.915,309.915,1.8310000000000002,36.18,35.57597732543945,4.98,0.0,0
46592,-9.038,63.789,3.5,2.0,416.22700000000003,0.0,0.0,0.0,5.737,0,-7.0,0.855,309.915,1.963,35.79,35.57597732543945,4.98,0.0,0
46592,-9.209,63.828,3.5,1.0,416.045,0.0,0.0,0.0,5.737,0,-10.0,0.92,309.915,3.0352,35.64,35.57597732543945,4.98,0.0,0
46592,-10.061,63.867000000000004,4.1000000000000005,0.0,415.683,0.0,0.0,0.0,5.737,0,-8.0,0.885,309.915,-0.2639,36.24,35.57597732543945,4.98,0.0,0
46592,-10.573,63.906000000000006,4.1000000000000005,-1.0,415.743,0.0,0.0,0.0,5.737,0,3.0,0.895,309.825,-1.8310000000000002,36.06,35.57597732543945,4.98,0.0,0
46592,-10.914,63.955000000000005,4.1000000000000005,-1.0,416.28700000000003,0.0,0.0,0.0,5.737,0,8.0,0.91,309.825,-1.4351,34.35,35.57597732543945,4.98,0.0,0
46592,-10.914,63.994,3.5,0.0,416.71000000000004,0.0,0.0,0.0,5.737,0,7.0,0.885,309.69,-4.66,33.72,35.57597732543945,4.98,0.0,0
46592,-10.743,64.033,5.1000000000000005,0.0,416.65000000000003,0.0,0.0,0.0,5.737,0,5.0,0.935,309.915,-0.2144,33.33,35.57597732543945,4.98,0.0,0
46592,-11.084,64.072,4.1000000000000005,0.0,416.408,0.0,0.0,0.0,5.737,0,2.0,0.87,309.915,4.1569,33.87,35.57597732543945,4.98,0.0,0
46592,-11.084,64.111,4.1000000000000005,0.0,416.106,0.0,0.0,0.0,5.737,0,-1.0,0.865,309.825,1.097,35.82,35.57597732543945,4.98,0.0,0
46592,-11.084,64.15,4.5,0.0,416.28700000000003,0.0,0.0,0.0,5.737,0,-2.0,0.91,309.825,-3.563,36.69,35.57597732543945,4.98,0.0,0
46592,-11.084,64.18900000000001,4.1000000000000005,0.0,415.92400000000004,0.0,0.0,0.0,5.737,0,0.0,0.9550000000000001,309.825,-1.4351,37.74,35.57597732543945,4.98,0.0,0
46592,-11.426,64.229,3.5,0.0,416.166,0.0,0.0,0.0,5.737,0,-3.0,0.91,309.825,0.0,37.14,35.57597732543945,4.98,0.0,0
46592,-11.767,64.268,5.1000000000000005,0.0,416.106,0.0,0.0,0.0,5.737,0,2.0,0.92,309.915,1.699,35.94,35.57597732543945,4.98,0.0,0
46592,-11.767,64.316,4.1000000000000005,0.0,416.22700000000003,0.0,0.0,0.0,5.737,0,1.0,0.865,309.915,2.2269,35.67,35.57597732543945,4.98,0.0,0
46592,-11.937,64.355,4.1000000000000005,0.0,416.469,0.0,0.0,0.0,5.737,0,1.0,0.91,309.915,-0.6763,35.67,35.57597732543945,4.98,0.0,0
46592,-11.767,64.395,4.1000000000000005,0.0,416.65000000000003,0.0,0.0,0.0,5.737,0,0.0,0.915,309.825,-1.4516,35.22,35.57597732543945,4.98,0.0,0
46592,-11.937,64.434,4.5,0.0,416.589,0.0,0.0,0.0,5.737,0,-1.0,0.9,309.915,-0.132,35.25,35.57597732543945,4.98,0.0,0
46592,-12.108,64.473,4.5,0.0,416.529,0.0,0.0,0.0,5.737,0,0.0,0.905,309.825,-0.9238000000000001,34.47,35.57597732543945,4.98,0.0,0
46592,-12.108,64.512,4.5,0.0,416.22700000000003,0.0,0.0,0.0,5.737,0,-1.0,0.89,309.825,-3.629,34.59,35.57597732543945,4.98,0.0,0
46592,-12.278,64.551,4.1000000000000005,0.0,416.348,0.0,0.0,0.0,5.737,0,0.0,0.925,309.825,-0.066,33.99,35.57597732543945,4.98,0.0,0
46592,-12.108,64.59,3.5,0.0,416.408,0.0,0.0,0.0,5.737,0,0.0,0.87,309.825,2.3094,35.34,35.57597732543945,4.98,0.0,0
46592,-12.108,64.63900000000001,4.1000000000000005,0.0,416.22700000000003,0.0,0.0,0.0,5.737,0,0.0,0.905,309.825,-1.1877,36.63,35.57597732543945,4.98,0.0,0
46592,-12.108,64.678,4.1000000000000005,0.0,416.22700000000003,0.0,0.0,0.0,5.737,0,0.0,0.895,309.915,1.699,37.62,35.57597732543945,4.98,0.0,0
46592,-11.937,64.678,3.0,0.0,416.22700000000003,0.0,0.0,0.0,5.737,0,0.0,0.87,309.915,2.0455,37.65,35.57597732543945,4.98,0.0,0
46592,-12.108,64.717,4.1000000000000005,0.0,416.22700000000003,0.0,0.0,0.0,5.737,0,-1.0,0.905,309.915,3.6950000000000003,37.83,35.57597732543945,4.98,0.0,0
46592,-12.449,64.756,3.5,0.0,416.045,0.0,0.0,0.0,5.737,0,-1.0,0.925,309.825,-0.5279,36.81,35.57597732543945,4.98,0.0,0
46592,-11.937,64.795,3.5,0.0,416.65000000000003,0.0,0.0,0.0,5.737,0,0.0,0.9500000000000001,309.915,-1.0557,35.85,35.57597732543945,4.98,0.0,0
46592,-12.278,64.84400000000001,4.1000000000000005,0.0,416.22700000000003,0.0,0.0,0.0,5.737,0,-1.0,0.87,309.825,0.5938,36.18,35.57597732543945,4.98,0.0,0
46592,-12.449,64.88300000000001,4.1000000000000005,0.0,416.348,0.0,0.0,0.0,5.737,0,-1.0,0.9450000000000001,309.825,-4.0909,36.75,35.57597732543945,4.98,0.0,0
46592,-12.449,64.922,4.1000000000000005,0.0,416.408,0.0,0.0,0.0,5.737,0,0.0,0.88,309.915,-5.0147,36.42,35.57597732543945,4.98,0.0,0
46592,-12.278,64.961,4.1000000000000005,0.0,416.28700000000003,0.0,0.0,0.0,5.737,0,0.0,0.88,309.915,4.2229,35.67,35.57597732543945,4.98,0.0,0
46592,-12.449,65.0,4.1000000000000005,0.0,416.045,0.0,0.0,0.0,5.737,0,-1.0,0.88,309.915,5.2126,34.77,35.57597732543945,4.98,0.0,0
46592,-12.449,65.039,3.5,0.0,416.22700000000003,0.0,0.0,0.0,5.737,0,0.0,0.915,309.915,0.0,34.230000000000004,35.57597732543945,4.98,0.0,0
46592,-12.449,65.078,4.1000000000000005,0.0,416.22700000000003,0.0,0.0,0.0,5.737,0,-2.0,0.915,309.825,-2.0455,34.74,35.57597732543945,4.98,0.0,0
46592,-12.449,65.117,3.5,0.0,416.22700000000003,0.0,0.0,0.0,5.737,0,-2.0,0.875,309.825,-4.3548,35.97,35.57597732543945,4.98,0.0,0
46592,-12.449,65.156,4.1000000000000005,0.0,416.22700000000003,0.0,0.0,0.0,5.737,0,-2.0,0.92,309.825,-2.0455,37.08,35.57597732543945,4.98,0.0,0
46592,-12.790000000000001,65.205,3.5,0.0,416.22700000000003,0.0,0.0,0.0,5.737,0,-2.0,0.92,309.915,3.8270000000000004,38.46,35.57597732543945,4.98,0.0,0
46592,-12.619,65.244,3.5,0.0,416.28700000000003,0.0,0.0,0.0,5.737,0,-2.0,0.875,309.825,2.1114,38.160000000000004,35.57597732543945,4.98,0.0,0
46592,-12.449,65.283,4.1000000000000005,0.0,416.348,0.0,0.0,0.0,5.737,0,-2.0,0.92,309.825,-0.5279,37.32,35.57597732543945,4.98,0.0,0
46592,-12.790000000000001,65.322,4.1000000000000005,0.0,416.22700000000003,0.0,0.0,0.0,5.737,0,-1.0,0.91,309.69,-1.9465000000000001,36.72,35.57597732543945,4.98,0.0,0
46592,-12.619,65.361,4.1000000000000005,0.0,416.65000000000003,0.0,0.0,0.0,5.737,0,-2.0,0.915,309.825,0.39590000000000003,35.46,35.57597732543945,4.98,0.0,0
46592,-12.449,65.4,4.5,0.0,416.65000000000003,0.0,0.0,0.0,5.737,0,-2.0,0.87,309.825,-1.5836000000000001,34.230000000000004,35.57597732543945,4.98,0.0,0
46592,-12.96,65.41,4.1000000000000005,0.0,416.65000000000003,0.0,0.0,0.0,5.737,0,-2.0,0.93,309.825,-1.5836000000000001,34.26,35.57597732543945,4.98,0.0,0
46592,-12.790000000000001,65.449,4.1000000000000005,0.0,416.348,0.0,0.0,0.0,5.737,0,-3.0,0.92,309.825,0.1072,34.68,35.57597732543945,4.98,0.0,0
46592,-12.790000000000001,65.488,4.1000000000000005,0.0,416.469,0.0,0.0,0.0,5.737,0,-2.0,0.855,309.915,1.5011,35.25,35.57597732543945,4.98,0.0,0
46592,-12.619,65.527,4.5,0.0,416.22700000000003,0.0,0.0,0.0,5.737,0,-2.0,0.92,309.915,2.8867000000000003,35.550000000000004,35.57597732543945,4.98,0.0,0
46592,-12.619,65.566,4.5,0.0,416.408,0.0,0.0,0.0,5.737,0,-2.0,0.87,309.825,0.6598,34.92,35.57597732543945,4.98,0.0,0
46592,-12.449,65.605,4.5,0.0,416.408,0.0,0.0,0.0,5.737,0,-2.0,0.915,309.825,-2.7548,35.01,35.57597732543945,4.98,0.0,0
46592,-12.790000000000001,65.64500000000001,4.5,0.0,416.045,0.0,0.0,0.0,5.737,0,-2.0,0.895,309.825,-2.2269,35.76,35.57597732543945,4.98,0.0,0
46592,-12.449,65.684,3.5,0.0,416.22700000000003,0.0,0.0,0.0,5.737,0,-2.0,0.885,309.915,4.6023000000000005,37.410000000000004,35.57597732543945,4.98,0.0,0
46592,-12.790000000000001,65.723,4.1000000000000005,0.0,416.408,0.0,0.0,0.0,5.737,0,-1.0,0.935,309.825,2.5073000000000003,37.95,35.57597732543945,4.98,0.0,0
46592,-12.96,65.771,4.1000000000000005,0.0,416.22700000000003,0.0,0.0,0.0,5.737,0,-3.0,0.9,309.825,-4.0909,38.31,35.57597732543945,4.98,0.0,0
46592,-12.96,65.811,4.5,0.0,416.408,0.0,0.0,0.0,5.737,0,-1.0,0.89,309.825,-1.963,37.83,35.57597732543945,4.98,0.0,0
46592,-12.790000000000001,65.85000000000001,3.0,0.0,416.408,0.0,0.0,0.0,5.737,0,-2.0,0.875,309.915,2.3589,36.78,35.57597732543945,4.98,0.0,0
46592,-12.96,65.88900000000001,4.5,0.0,416.348,0.0,0.0,0.0,5.737,0,-2.0,0.87,309.825,0.132,36.480000000000004,35.57597732543945,4.98,0.0,0
46592,-13.131,65.928,3.5,0.0,416.408,0.0,0.0,0.0,5.737,0,-3.0,0.885,309.915,-0.8743000000000001,35.52,35.57597732543945,4.98,0.0,0
46592,-12.790000000000001,65.967,3.5,0.0,416.348,0.0,0.0,0.0,5.737,0,-2.0,0.905,309.825,-0.7093,34.86,35.57597732543945,4.98,0.0,0
46592,-12.619,66.006,4.5,0.0,416.408,0.0,0.0,0.0,5.737,0,0.0,0.92,309.825,-0.5279,34.980000000000004,35.57597732543945,4.98,0.0,0
46592,-12.96,66.045,4.1000000000000005,0.0,416.22700000000003,0.0,0.0,0.0,5.737,0,-2.0,0.87,309.915,-1.5176,35.07,35.57597732543945,4.98,0.0,0
46592,-13.131,66.084,4.1000000000000005,0.0,416.22700000000003,0.0,0.0,0.0,5.737,0,-4.0,0.87,309.915,-0.6763,34.89,35.57597732543945,4.98,0.0,0
46592,-12.96,66.13300000000001,3.5,0.0,416.106,0.0,0.0,0.0,5.737,0,-3.0,0.91,309.825,2.6805000000000003,35.34,35.57597732543945,4.98,0.0,0
46592,-12.96,66.172,3.5,0.0,416.348,0.0,0.0,0.0,5.737,0,-4.0,0.875,309.915,2.1774,35.52,35.57597732543945,4.98,0.0,0
46592,-12.96,66.211,4.1000000000000005,0.0,416.408,0.0,0.0,0.0,5.737,0,-1.0,0.855,309.915,-0.6763,36.36,35.57597732543945,4.98,0.0,0
46592,-12.619,66.25,4.1000000000000005,0.0,416.106,0.0,0.0,0.0,5.737,0,-3.0,0.9400000000000001,309.915,1.0392000000000001,37.59,35.57597732543945,4.98,0.0,0
46592,-12.96,66.25,3.5,0.0,416.106,0.0,0.0,0.0,5.737,0,-3.0,0.905,309.915,0.9897,37.74,35.57597732543945,4.98,0.0,0
46592,-13.131,66.289,4.5,0.0,415.92400000000004,0.0,0.0,0.0,5.737,0,-2.0,0.885,309.825,-0.2639,38.01,35.57597732543945,4.98,0.0,0
46592,-12.790000000000001,66.33800000000001,4.1000000000000005,0.0,416.106,0.0,0.0,0.0,5.737,0,-2.0,0.855,309.915,1.0557,37.5,35.57597732543945,4.98,0.0,0
46592,-12.790000000000001,66.37700000000001,4.1000000000000005,0.0,416.22700000000003,0.0,0.0,0.0,5.737,0,-2.0,0.9,309.825,-2.3754,36.300000000000004,35.57597732543945,4.98,0.0,0
46592,-12.790000000000001,66.416,4.1000000000000005,0.0,416.469,0.0,0.0,0.0,5.737,0,-3.0,0.865,309.825,-0.5279,36.03,35.57597732543945,4.98,0.0,0
46592,-12.96,66.455,4.1000000000000005,0.0,416.71000000000004,0.0,0.0,0.0,5.737,0,-2.0,0.88,309.825,-1.8475000000000001,35.64,35.57597732543945,4.98,0.0,0
46592,-12.619,66.494,4.1000000000000005,0.0,416.65000000000003,0.0,0.0,0.0,5.737,0,-3.0,0.88,309.915,-1.6496000000000002,35.550000000000004,35.57597732543945,4.98,0.0,0
46592,-12.96,66.533,4.1000000000000005,0.0,416.71000000000004,0.0,0.0,0.0,5.737,0,-3.0,0.925,309.825,2.1114,35.28,35.57597732543945,4.98,0.0,0
46592,-13.131,66.572,4.1000000000000005,0.0,416.589,0.0,0.0,0.0,5.737,0,-2.0,0.865,309.915,1.5176,35.25,35.57597732543945,4.98,0.0,0
46592,-12.96,66.611,4.5,0.0,416.469,0.0,0.0,0.0,5.737,0,-3.0,0.87,309.825,-2.6393,35.82,35.57597732543945,4.98,0.0,0
46592,-12.790000000000001,66.65,4.1000000000000005,0.0,416.348,0.0,0.0,0.0,5.737,0,-2.0,0.86,309.915,0.46190000000000003,36.72,35.57597732543945,4.98,0.0,0
46592,-13.131,66.699,4.1000000000000005,0.0,416.22700000000003,0.0,0.0,0.0,5.737,0,-3.0,0.86,309.915,2.3754,37.2,35.57597732543945,4.98,0.0,0
46592,-13.131,66.738,4.5,0.0,416.22700000000003,0.0,0.0,0.0,5.737,0,-3.0,0.84,309.825,-1.0557,36.93,35.57597732543945,4.98,0.0,0
46592,-12.96,66.738,4.1000000000000005,0.0,416.22700000000003,0.0,0.0,0.0,5.737,0,-3.0,0.845,309.825,-1.5836000000000001,36.9,35.57597732543945,4.98,0.0,0
46592,-13.131,66.777,4.1000000000000005,0.0,416.589,0.0,0.0,0.0,5.737,0,-3.0,0.935,309.915,-1.5836000000000001,36.57,35.57597732543945,4.98,0.0,0
46592,-13.131,66.816,4.1000000000000005,0.0,416.408,0.0,0.0,0.0,5.737,0,-3.0,0.85,309.825,0.8083,36.24,35.57597732543945,4.98,0.0,0
46592,-13.131,66.855,4.5,0.0,416.22700000000003,0.0,0.0,0.0,5.737,0,-3.0,0.89,309.825,0.39590000000000003,36.54,35.57597732543945,4.98,0.0,0
46592,-13.131,66.904,4.1000000000000005,0.0,416.166,0.0,0.0,0.0,5.737,0,-2.0,0.905,309.915,-0.39590000000000003,36.45,35.57597732543945,4.98,0.0,0
46592,-13.131,66.943,4.1000000000000005,0.0,416.408,0.0,0.0,0.0,5.737,0,-3.0,0.91,309.825,-2.8372,36.300000000000004,35.57597732543945,4.98,0.0,0
46592,-12.96,66.982,4.1000000000000005,0.0,416.408,0.0,0.0,0.0,5.737,0,-3.0,0.865,309.6,-3.9012000000000002,36.0,35.57597732543945,4.98,0.0,0
46592,-13.131,67.021,4.1000000000000005,0.0,416.22700000000003,0.0,0.0,0.0,5.737,0,-4.0,0.905,309.915,-2.4413,35.49,35.57597732543945,4.98,0.0,0
46592,-13.131,67.061,3.5,0.0,416.28700000000003,0.0,0.0,0.0,5.737,0,-3.0,0.875,309.915,0.6846,33.99,35.57597732543945,4.98,0.0,0
46592,-13.131,67.10000000000001,4.1000000000000005,0.0,416.589,0.0,0.0,0.0,5.737,0,-3.0,0.91,309.825,3.5878,33.72,35.57597732543945,4.98,0.0,0
46592,-13.131,67.13900000000001,4.1000000000000005,0.0,416.529,0.0,0.0,0.0,5.737,0,-3.0,0.855,309.825,-2.0042,34.92,35.57597732543945,4.98,0.0,0
46592,-12.96,67.178,4.5,0.0,416.348,0.0,0.0,0.0,5.737,0,-3.0,0.9550000000000001,309.915,0.5938,35.910000000000004,35.57597732543945,4.98,0.0,0
46592,-13.131,67.227,3.5,0.0,416.469,0.0,0.0,0.0,5.737,0,-3.0,0.865,309.825,3.1012,36.18,35.57597732543945,4.98,0.0,0
46592,-13.131,67.266,3.5,0.0,416.408,0.0,0.0,0.0,5.737,0,-2.0,0.8250000000000001,309.825,-1.3196,37.230000000000004,35.57597732543945,4.98,0.0,0
46592,-13.131,67.305,4.1000000000000005,0.0,416.166,0.0,0.0,0.0,5.737,0,-2.0,0.88,309.915,-0.7918000000000001,37.08,35.57597732543945,4.98,0.0,0
46592,-12.96,67.34400000000001,4.1000000000000005,0.0,416.106,0.0,0.0,0.0,5.737,0,-2.0,0.9550000000000001,309.69,1.0805,37.5,35.57597732543945,4.98,0.0,0
46592,-13.131,67.38300000000001,4.1000000000000005,0.0,416.045,0.0,0.0,0.0,5.737,0,-3.0,0.875,309.825,-0.7258,36.9,35.57597732543945,4.98,0.0,0
46592,-12.96,67.422,3.0,0.0,416.045,0.0,0.0,0.0,5.737,0,-2.0,0.86,309.915,-0.46190000000000003,36.0,35.57597732543945,4.98,0.0,0
46592,-13.131,67.461,4.1000000000000005,0.0,416.106,0.0,0.0,0.0,5.737,0,-2.0,0.875,309.915,3.6125000000000003,35.64,35.57597732543945,4.98,0.0,0
46592,-13.131,67.471,4.5,0.0,415.86400000000003,0.0,0.0,0.0,5.737,0,-3.0,0.845,309.915,3.8270000000000004,35.550000000000004,35.57597732543945,4.98,0.0,0
46592,-13.131,67.51,4.1000000000000005,0.0,415.86400000000003,0.0,0.0,0.0,5.737,0,-3.0,0.86,309.915,-0.5938,35.01,35.57597732543945,4.98,0.0,0
46592,-13.301,67.549,4.1000000000000005,0.0,415.803,0.0,0.0,0.0,5.737,0,-3.0,0.835,309.825,-1.1877,34.2,35.57597732543945,4.98,0.0,0
46592,-13.131,67.58800000000001,4.5,0.0,416.045,0.0,0.0,0.0,5.737,0,-2.0,0.865,309.825,-4.1569,34.29,35.57597732543945,4.98,0.0,0
46592,-12.449,67.617,3.0,0.0,416.408,0.0,0.0,0.0,5.737,0,-3.0,0.84,309.69,-3.2991,34.2,35.57597732543945,4.98,0.0,0
46592,-10.061,67.637,-0.5,0.0,416.166,0.0,0.0,0.0,5.737,0,-1.0,0.87,309.915,0.19790000000000002,34.53,35.57597732543945,4.98,0.0,0
46592,-5.969,67.62700000000001,-0.5,0.0,416.106,0.0,0.0,0.0,5.737,0,-2.0,0.85,309.915,2.5073000000000003,35.97,35.57597732543945,4.98,0.0,0
46592,-5.798,67.62700000000001,0.5,0.0,416.045,0.0,0.0,0.0,5.737,0,2.0,0.875,309.825,5.4435,37.02,35.57597732543945,4.98,0.0,0
46592,-6.3100000000000005,67.62700000000001,0.0,0.0,416.106,0.0,0.0,0.0,5.737,0,0.0,0.89,309.825,-1.3196,37.95,35.57597732543945,4.98,0.0,0
46592,-5.969,67.62700000000001,0.0,0.0,416.589,0.0,0.0,0.0,5.737,0,1.0,0.89,309.915,0.0,37.14,35.57597732543945,4.98,0.0,0
46592,-5.969,67.62700000000001,0.0,0.0,416.22700000000003,0.0,0.0,0.0,5.737,0,0.0,0.88,309.825,-0.5279,36.63,35.57597732543945,4.98,0.0,0
46592,-5.457,67.62700000000001,0.0,0.0,416.166,0.0,0.0,0.0,5.737,0,0.0,0.84,310.005,-0.9238000000000001,36.06,35.57597732543945,4.98,0.0,0
46592,-5.457,67.62700000000001,0.0,0.0,416.22700000000003,0.0,0.0,0.0,5.737,0,0.0,0.87,309.915,1.1877,35.94,35.57597732543945,4.98,0.0,0
46592,-5.457,67.62700000000001,0.0,0.0,416.408,0.0,0.0,0.0,5.737,0,0.0,0.8250000000000001,309.825,1.4021000000000001,35.910000000000004,35.57597732543945,4.98,0.0,0
46592,-5.457,67.62700000000001,0.0,0.0,415.92400000000004,0.0,0.0,0.0,5.737,0,0.0,0.895,309.69,0.1567,36.0,35.57597732543945,4.98,0.0,0
46592,-4.945,67.62700000000001,0.0,0.0,416.045,0.0,0.0,0.0,5.737,0,0.0,0.835,309.915,-5.526000000000001,35.85,35.57597732543945,4.98,0.0,0
46592,-5.1160000000000005,67.62700000000001,0.0,0.0,416.22700000000003,0.0,0.0,0.0,5.737,0,0.0,0.85,309.915,2.3754,34.77,35.57597732543945,4.98,0.0,0
46592,-5.2860000000000005,67.62700000000001,0.0,0.0,415.985,0.0,0.0,0.0,5.737,0,0.0,0.85,309.825,2.4826,33.63,35.57597732543945,4.98,0.0,0
46592,-4.775,67.62700000000001,0.0,0.0,416.106,0.0,0.0,0.0,5.737,0,0.0,0.845,309.825,-2.7960000000000003,34.14,35.57597732543945,4.98,0.0,0
46592,-5.1160000000000005,67.62700000000001,0.0,0.0,416.045,0.0,0.0,0.0,5.737,0,0.0,0.89,309.825,-2.8207,34.29,35.57597732543945,4.98,0.0,0
46592,-5.1160000000000005,67.62700000000001,0.0,0.0,415.743,0.0,0.0,0.0,5.737,0,0.0,0.845,309.915,2.1609000000000003,35.46,35.57597732543945,4.98,0.0,0
46592,-4.945,67.62700000000001,0.0,0.0,415.56100000000004,0.0,0.0,0.0,5.737,0,1.0,0.8200000000000001,309.915,2.8867000000000003,36.99,35.57597732543945,4.98,0.0,0
46592,-4.945,67.62700000000001,0.0,0.0,415.86400000000003,0.0,0.0,0.0,5.737,0,0.0,0.875,309.825,0.8330000000000001,37.17,35.57597732543945,4.98,0.0,0
46592,-5.1160000000000005,67.62700000000001,0.0,0.0,416.045,0.0,0.0,0.0,5.737,0,0.0,0.8300000000000001,309.69,0.6351,35.910000000000004,35.57597732543945,4.98,0.0,0
46592,-5.1160000000000005,67.62700000000001,0.0,0.0,415.985,0.0,0.0,0.0,5.737,0,0.0,0.865,309.69,-8.190100000000001,35.58,35.57597732543945,4.98,0.0,0
46592,-4.945,67.62700000000001,0.0,0.0,416.045,0.0,0.0,0.0,5.737,0,0.0,0.805,309.825,-2.9692000000000003,35.67,35.57597732543945,4.98,0.0,0
46592,-5.457,67.62700000000001,0.0,0.0,415.86400000000003,0.0,0.0,0.0,5.737,0,1.0,0.87,309.825,4.833200000000001,35.22,35.57597732543945,4.98,0.0,0
46592,-4.775,67.62700000000001,0.0,0.0,416.348,0.0,0.0,0.0,5.737,0,0.0,0.855,309.915,2.664,35.67,35.57597732543945,4.98,0.0,0
46592,-4.945,67.62700000000001,0.0,0.0,416.22700000000003,0.0,0.0,0.0,5.737,0,0.0,0.895,309.825,0.9238000000000001,34.65,35.57597732543945,4.98,0.0,0
46592,-4.775,67.62700000000001,0.0,0.0,416.166,0.0,0.0,0.0,5.737,0,0.0,0.84,309.825,0.7918000000000001,34.65,35.57597732543945,4.98,0.0,0
46592,-4.604,67.62700000000001,0.5,0.0,415.803,0.0,0.0,0.0,5.737,0,0.0,0.8150000000000001,309.825,-2.9032,34.05,35.57597732543945,4.98,0.0,0
46592,-4.434,67.62700000000001,0.0,0.0,416.045,0.0,0.0,0.0,5.737,0,0.0,0.855,309.69,-3.6950000000000003,33.45,35.57597732543945,4.98,0.0,0
46592,-4.434,67.62700000000001,-0.5,0.0,415.985,0.0,0.0,0.0,5.737,0,1.0,0.92,309.915,1.7815,33.39,35.57597732543945,4.98,0.0,0
46592,-4.604,67.62700000000001,0.0,0.0,415.743,0.0,0.0,0.0,5.737,0,0.0,0.865,309.69,-0.7918000000000001,33.72,35.57597732543945,4.98,0.0,0
46592,-4.604,67.62700000000001,0.0,0.0,415.803,0.0,0.0,0.0,5.737,0,0.0,0.795,309.825,0.165,34.92,35.57597732543945,4.98,0.0,0
46592,-4.434,67.62700000000001,0.0,0.0,416.166,0.0,0.0,0.0,5.737,0,0.0,0.835,309.825,-0.6598,36.45,35.57597732543945,4.98,0.0,0
46592,-4.945,67.62700000000001,0.0,0.0,416.348,0.0,0.0,0.0,5.737,0,0.0,0.84,309.915,5.1136,37.26,35.57597732543945,4.98,0.0,0
46592,-4.775,67.62700000000001,0.0,0.0,416.045,0.0,0.0,0.0,5.737,0,0.0,0.81,309.825,-0.5279,37.14,35.57597732543945,4.98,0.0,0
46592,-4.604,67.62700000000001,0.0,0.0,415.92400000000004,0.0,0.0,0.0,5.737,0,1.0,0.79,309.825,-1.5836000000000001,36.42,35.57597732543945,4.98,0.0,0
46592,-4.604,67.62700000000001,0.0,0.0,416.045,0.0,0.0,0.0,5.737,0,1.0,0.8150000000000001,309.825,-0.2639,34.59,35.57597732543945,4.98,0.0,0
46592,-4.604,67.62700000000001,0.0,0.0,415.86400000000003,0.0,0.0,0.0,5.737,0,0.0,0.785,309.825,-3.4311000000000003,34.08,35.57597732543945,4.98,0.0,0
46592,-4.775,67.62700000000001,-0.5,0.0,415.56100000000004,0.0,0.0,0.0,5.737,0,0.0,0.8,309.825,-1.7155,33.39,35.57597732543945,4.98,0.0,0
46592,-4.434,67.62700000000001,0.0,0.0,415.56100000000004,0.0,0.0,0.0,5.737,0,0.0,0.795,309.825,0.2639,33.54,35.57597732543945,4.98,0.0,0
46592,-4.604,67.62700000000001,0.0,0.0,416.106,0.0,0.0,0.0,5.737,0,0.0,0.785,309.825,-0.6598,33.78,35.57597732543945,4.98,0.0,0
46592,-4.604,67.62700000000001,0.0,0.0,416.166,0.0,0.0,0.0,5.737,0,0.0,0.77,309.825,1.0557,34.62,35.57597732543945,4.98,0.0,0
46592,-4.775,67.62700000000001,0.0,0.0,415.743,0.0,0.0,0.0,5.737,0,0.0,0.77,309.915,1.5836000000000001,34.65,35.57597732543945,4.98,0.0,0
46592,-4.434,67.62700000000001,0.0,0.0,415.86400000000003,0.0,0.0,0.0,5.737,0,1.0,0.78,309.825,0.0,34.86,35.57597732543945,4.98,0.0,0
46592,-4.604,67.62700000000001,0.0,0.0,415.86400000000003,0.0,0.0,0.0,5.737,0,1.0,0.8,309.825,-1.0557,35.13,35.57597732543945,4.98,0.0,0
46592,-4.434,67.62700000000001,0.0,0.0,415.803,0.0,0.0,0.0,5.737,0,2.0,0.78,309.915,1.0557,34.83,35.57597732543945,4.98,0.0,0
46592,-4.604,67.62700000000001,0.0,0.0,416.045,0.0,0.0,0.0,5.737,0,2.0,0.8150000000000001,309.825,0.7918000000000001,34.980000000000004,35.57597732543945,4.98,0.0,0
46592,-4.434,67.62700000000001,0.0,0.0,415.92400000000004,0.0,0.0,0.0,5.737,0,2.0,0.86,309.825,-2.1114,35.28,35.57597732543945,4.98,0.0,0
46592,-4.604,67.62700000000001,0.0,0.0,415.622,0.0,0.0,0.0,5.737,0,1.0,0.8250000000000001,309.825,-2.1114,35.730000000000004,35.57597732543945,4.98,0.0,0
46592,-4.093,67.62700000000001,0.0,0.0,415.743,0.0,0.0,0.0,5.737,0,2.0,0.71,309.915,1.5176,35.97,35.57597732543945,4.98,0.0,0
46592,-4.093,67.62700000000001,0.0,0.0,415.985,0.0,0.0,0.0,5.737,0,1.0,0.785,309.915,0.132,35.64,35.57597732543945,4.98,0.0,0
46592,-4.604,67.62700000000001,0.0,0.0,415.86400000000003,0.0,0.0,0.0,5.737,0,2.0,0.8250000000000001,309.69,-7.0271,35.52,35.57597732543945,4.98,0.0,0
46592,-4.263,67.62700000000001,0.0,0.0,416.166,0.0,0.0,0.0,5.737,0,2.0,0.795,309.825,-4.2229,35.13,35.57597732543945,4.98,0.0,0
46592,-4.263,67.62700000000001,0.0,0.0,416.106,0.0,0.0,0.0,5.737,0,1.0,0.8300000000000001,309.825,4.024900000000001,35.1,35.57597732543945,4.98,0.0,0
46592,-4.263,67.62700000000001,0.0,0.0,416.106,0.0,0.0,0.0,5.737,0,1.0,0.795,309.69,1.9795,34.95,35.57597732543945,4.98,0.0,0
46592,-4.434,67.62700000000001,0.0,0.0,415.985,0.0,0.0,0.0,5.737,0,1.0,0.8250000000000001,309.915,0.19790000000000002,34.68,35.57597732543945,4.98,0.0,0
46592,-4.263,67.62700000000001,0.0,0.0,415.985,0.0,0.0,0.0,5.737,0,0.0,0.8,309.915,5.1466,34.95,35.57597732543945,4.98,0.0,0
46592,-4.434,67.62700000000001,0.0,0.0,415.985,0.0,0.0,0.0,5.737,0,1.0,0.775,309.915,5.1961,35.160000000000004,35.57597732543945,4.98,0.0,0
46592,-4.604,67.62700000000001,0.0,0.0,415.92400000000004,0.0,0.0,0.0,5.737,0,1.0,0.805,309.915,-2.3506,35.82,35.57597732543945,4.98,0.0,0
46592,-4.093,67.62700000000001,0.0,0.0,415.803,0.0,0.0,0.0,5.737,0,1.0,0.745,309.825,-0.8413,35.85,35.57597732543945,4.98,0.0,0
46592,-4.434,67.62700000000001,0.0,0.0,415.803,0.0,0.0,0.0,5.737,0,2.0,0.785,309.825,-0.8413,36.300000000000004,35.57597732543945,4.98,0.0,0
46592,-4.263,67.62700000000001,0.0,0.0,415.743,0.0,0.0,0.0,5.737,0,2.0,0.795,309.825,-0.9073,36.24,35.57597732543945,4.98,0.0,0
46592,-4.263,67.62700000000001,0.0,0.0,416.045,0.0,0.0,0.0,5.737,0,1.0,0.75,309.825,-0.2474,36.57,35.57597732543945,4.98,0.0,0
46592,-4.434,67.62700000000001,0.0,0.0,416.348,0.0,0.0,0.0,5.737,0,1.0,0.79,309.825,-6.7302,36.42,35.57597732543945,4.98,0.0,0
46592,-4.263,67.62700000000001,0.0,0.0,416.106,0.0,0.0,0.0,5.737,0,2.0,0.805,309.915,0.5279,35.550000000000004,35.57597732543945,4.98,0.0,0
46592,-4.263,67.62700000000001,0.0,0.0,416.106,0.0,0.0,0.0,5.737,0,1.0,0.8,309.825,1.6496000000000002,34.71,35.57597732543945,4.98,0.0,0
46592,-4.263,67.62700000000001,0.0,0.0,416.348,0.0,0.0,0.0,5.737,0,1.0,0.78,309.825,0.9650000000000001,34.83,35.57597732543945,4.98,0.0,0
46592,-4.263,67.62700000000001,0.0,0.0,416.045,0.0,0.0,0.0,5.737,0,1.0,0.785,309.825,1.798,34.26,35.57597732543945,4.98,0.0,0
46592,-4.263,67.62700000000001,0.0,0.0,416.045,0.0,0.0,0.0,5.737,0,2.0,0.785,309.69,-2.1774,33.93,35.57597732543945,4.98,0.0,0
46592,-4.263,67.62700000000001,0.0,0.0,416.166,0.0,0.0,0.0,5.737,0,2.0,0.795,309.825,1.5176,34.17,35.57597732543945,4.98,0.0,0
46592,-4.263,67.62700000000001,0.0,0.0,416.22700000000003,0.0,0.0,0.0,5.737,0,1.0,0.8200000000000001,309.825,1.2702,35.31,35.57597732543945,4.98,0.0,0
46592,-4.263,67.62700000000001,0.0,0.0,415.985,0.0,0.0,0.0,5.737,0,2.0,0.775,309.915,0.8165,36.72,35.57597732543945,4.98,0.0,0
46592,-3.922,67.62700000000001,0.0,0.0,415.86400000000003,0.0,0.0,0.0,5.737,0,1.0,0.765,309.825,-0.099,36.84,35.57597732543945,4.98,0.0,0
46592,-4.093,67.62700000000001,0.0,0.0,415.86400000000003,0.0,0.0,0.0,5.737,0,1.0,0.77,309.825,2.5073000000000003,36.21,35.57597732543945,4.98,0.0,0
46592,-4.093,67.62700000000001,0.0,0.0,416.106,0.0,0.0,0.0,5.737,0,1.0,0.75,309.69,-5.7817,35.97,35.57597732543945,4.98,0.0,0
46592,-4.434,67.62700000000001,0.0,0.0,416.408,0.0,0.0,0.0,5.737,0,1.0,0.74,309.825,-2.3754,36.18,35.57597732543945,4.98,0.0,0
46592,-4.263,67.62700000000001,0.0,0.0,416.348,0.0,0.0,0.0,5.737,0,1.0,0.76,309.825,3.5795000000000003,35.94,35.57597732543945,4.98,0.0,0
46592,-3.7520000000000002,67.62700000000001,0.0,0.0,416.045,0.0,0.0,0.0,5.737,0,1.0,0.6950000000000001,309.825,2.5486,36.06,35.57597732543945,4.98,0.0,0
46592,-4.093,67.62700000000001,0.0,0.0,415.92400000000004,0.0,0.0,0.0,5.737,0,2.0,0.735,309.69,-5.1219,36.15,35.57597732543945,4.98,0.0,0
46592,-4.263,67.62700000000001,0.0,0.0,416.106,0.0,0.0,0.0,5.737,0,2.0,0.75,309.825,-2.1114,35.22,35.57597732543945,4.98,0.0,0
46592,-4.093,67.62700000000001,0.0,0.0,416.106,0.0,0.0,0.0,5.737,0,2.0,0.7000000000000001,309.825,2.2599,34.05,35.57597732543945,4.98,0.0,0
46592,-4.263,67.62700000000001,0.0,0.0,415.86400000000003,0.0,0.0,0.0,5.737,0,1.0,0.73,309.69,0.0,33.78,35.57597732543945,4.98,0.0,0
46592,-4.263,67.62700000000001,0.0,0.0,415.92400000000004,0.0,0.0,0.0,5.737,0,1.0,0.735,309.825,-0.6598,34.68,35.57597732543945,4.98,0.0,0
46592,-3.922,67.62700000000001,0.0,0.0,416.045,0.0,0.0,0.0,5.737,0,1.0,0.715,309.825,0.6598,35.97,35.57597732543945,4.98,0.0,0
46592,-4.093,67.62700000000001,0.5,0.0,416.589,0.0,0.0,0.0,5.737,0,2.0,0.755,309.825,2.1527000000000003,37.29,35.57597732543945,4.98,0.0,0
46592,-4.263,67.62700000000001,0.0,0.0,416.28700000000003,0.0,0.0,0.0,5.737,0,1.0,0.6950000000000001,309.69,0.9485,36.9,35.57597732543945,4.98,0.0,0
46592,-3.922,67.62700000000001,0.0,0.0,416.045,0.0,0.0,0.0,5.737,0,2.0,0.75,309.825,-0.9897,37.02,35.57597732543945,4.98,0.0,0
46592,-3.581,67.62700000000001,0.0,0.0,416.22700000000003,0.0,0.0,0.0,5.737,0,2.0,0.7000000000000001,309.825,0.8578,36.54,35.57597732543945,4.98,0.0,0
46592,-4.263,67.62700000000001,0.0,0.0,416.22700000000003,0.0,0.0,0.0,5.737,0,2.0,0.745,309.825,0.7918000000000001,36.45,35.57597732543945,4.98,0.0,0
46592,-4.093,67.62700000000001,0.0,0.0,416.589,0.0,0.0,0.0,5.737,0,1.0,0.7000000000000001,309.825,2.5073000000000003,35.88,35.57597732543945,4.98,0.0,0
46592,-3.7520000000000002,67.62700000000001,0.0,0.0,416.65000000000003,0.0,0.0,0.0,5.737,0,2.0,0.72,309.915,0.9897,35.550000000000004,35.57597732543945,4.98,0.0,0
46592,-3.7520000000000002,67.62700000000001,0.0,0.0,416.28700000000003,0.0,0.0,0.0,5.737,0,1.0,0.725,309.825,1.0557,36.09,35.57597732543945,4.98,0.0,0
46592,-4.263,67.62700000000001,0.0,0.0,416.22700000000003,0.0,0.0,0.0,5.737,0,1.0,0.74,309.69,-2.0125,36.480000000000004,35.57597732543945,4.98,0.0,0
46592,-3.7520000000000002,67.62700000000001,0.0,0.0,416.529,0.0,0.0,0.0,5.737,0,1.0,0.6950000000000001,309.825,-1.9795,36.33,35.57597732543945,4.98,0.0,0
46592,-4.263,67.62700000000001,0.0,0.0,416.529,0.0,0.0,0.0,5.737,0,1.0,0.745,309.825,0.7918000000000001,35.43,35.57597732543945,4.98,0.0,0
46592,-4.263,67.62700000000001,0.0,0.0,416.22700000000003,0.0,0.0,0.0,5.737,0,2.0,0.71,309.825,1.7155,34.38,35.57597732543945,4.98,0.0,0
46592,-3.7520000000000002,67.62700000000001,0.0,0.0,416.22700000000003,0.0,0.0,0.0,5.737,0,1.0,0.725,309.825,0.0,34.86,35.57597732543945,4.98,0.0,0
46592,-4.093,67.62700000000001,0.5,0.0,416.045,0.0,0.0,0.0,5.737,0,1.0,0.635,309.915,2.9032,35.61,35.57597732543945,4.98,0.0,0
46592,-3.7520000000000002,67.62700000000001,0.0,0.0,416.166,0.0,0.0,0.0,5.737,0,2.0,0.63,309.825,0.5279,37.11,35.57597732543945,4.98,0.0,0
46592,-3.7520000000000002,67.62700000000001,0.0,0.0,416.408,0.0,0.0,0.0,5.737,0,1.0,0.67,309.915,1.3196,38.04,35.57597732543945,4.98,0.0,0
46592,-3.922,67.62700000000001,0.0,0.0,416.469,0.0,0.0,0.0,5.737,0,1.0,0.675,309.825,-3.8930000000000002,37.86,35.57597732543945,4.98,0.0,0
46592,-3.922,67.62700000000001,0.0,0.0,416.529,0.0,0.0,0.0,5.737,0,1.0,0.6950000000000001,309.825,-1.1877,37.17,35.57597732543945,4.98,0.0,0
46592,-4.093,67.62700000000001,0.0,0.0,416.22700000000003,0.0,0.0,0.0,5.737,0,0.0,0.7000000000000001,309.915,1.5836000000000001,36.42,35.57597732543945,4.98,0.0,0
46592,-3.7520000000000002,67.62700000000001,0.0,0.0,415.86400000000003,0.0,0.0,0.0,5.737,0,0.0,0.74,309.915,1.3196,36.15,35.57597732543945,4.98,0.0,0
46592,-4.263,67.62700000000001,0.0,0.0,416.045,0.0,0.0,0.0,5.737,0,0.0,0.71,309.69,0.099,36.36,35.57597732543945,4.98,0.0,0
46592,-3.7520000000000002,67.62700000000001,0.0,0.0,416.22700000000003,0.0,0.0,0.0,5.737,0,0.0,0.655,309.915,-0.39590000000000003,36.36,35.57597732543945,4.98,0.0,0
46592,-3.7520000000000002,67.62700000000001,0.0,0.0,416.106,0.0,0.0,0.0,5.737,0,0.0,0.6950000000000001,309.69,-0.6268,35.730000000000004,35.57597732543945,4.98,0.0,0
46592,-3.7520000000000002,67.62700000000001,0.0,0.0,416.106,0.0,0.0,0.0,5.737,0,1.0,0.72,309.69,-1.1464,35.61,35.57597732543945,4.98,0.0,0
46592,-3.581,67.62700000000001,0.0,0.0,416.106,0.0,0.0,0.0,5.737,0,0.0,0.64,309.825,0.1072,34.95,35.57597732543945,4.98,0.0,0
46592,-4.093,67.62700000000001,-0.5,0.0,416.22700000000003,0.0,0.0,0.0,5.737,0,0.0,0.715,309.825,-0.8413,34.92,35.57597732543945,4.98,0.0,0
46592,-3.922,67.62700000000001,0.0,0.0,416.22700000000003,0.0,0.0,0.0,5.737,0,1.0,0.6900000000000001,309.915,-0.5691,35.43,35.57597732543945,4.98,0.0,0
46592,-3.581,67.62700000000001,0.0,0.0,416.106,0.0,0.0,0.0,5.737,0,1.0,0.645,309.825,2.5733,36.54,35.57597732543945,4.98,0.0,0
46592,-4.263,67.62700000000001,-0.5,0.0,416.469,0.0,0.0,0.0,5.737,0,1.0,0.645,309.825,3.1012,37.230000000000004,35.57597732543945,4.98,0.0,0
46592,-3.922,67.62700000000001,0.0,0.0,416.408,0.0,0.0,0.0,5.737,0,0.0,0.655,309.915,-1.6001,38.07,35.57597732543945,4.98,0.0,0
46592,-4.093,67.62700000000001,0.0,0.0,416.469,0.0,0.0,0.0,5.737,0,0.0,0.6900000000000001,309.915,1.4351,37.47,35.57597732543945,4.98,0.0,0
46592,-3.7520000000000002,67.62700000000001,0.0,0.0,416.22700000000003,0.0,0.0,0.0,5.737,0,0.0,0.67,309.69,-3.6703,36.63,35.57597732543945,4.98,0.0,0
46592,-3.7520000000000002,67.62700000000001,0.0,0.0,416.166,0.0,0.0,0.0,5.737,0,0.0,0.6900000000000001,309.69,-4.7095,35.82,35.57597732543945,4.98,0.0,0
46592,-3.7520000000000002,67.62700000000001,0.0,0.0,416.22700000000003,0.0,0.0,0.0,5.737,0,0.0,0.6900000000000001,309.825,-0.8413,35.94,35.57597732543945,4.98,0.0,0
46592,-3.7520000000000002,67.62700000000001,0.0,0.0,416.22700000000003,0.0,0.0,0.0,5.737,0,0.0,0.67,309.825,6.1776,36.12,35.57597732543945,4.98,0.0,0
46592,-3.7520000000000002,67.62700000000001,-0.5,0.0,416.348,0.0,0.0,0.0,5.737,0,0.0,0.65,309.825,4.8167,35.76,35.57597732543945,4.98,0.0,0
46592,-3.581,67.62700000000001,0.0,0.0,416.22700000000003,0.0,0.0,0.0,5.737,0,0.0,0.665,309.915,-3.7775000000000003,36.12,35.57597732543945,4.98,0.0,0
46592,-3.7520000000000002,67.62700000000001,0.0,0.0,416.22700000000003,0.0,0.0,0.0,5.737,0,0.0,0.7000000000000001,309.825,-1.8805,35.37,35.57597732543945,4.98,0.0,0
46592,-3.581,67.62700000000001,0.0,0.0,416.469,0.0,0.0,0.0,5.737,0,1.0,0.66,309.915,-1.0722,35.04,35.57597732543945,4.98,0.0,0
46592,-3.922,67.62700000000001,-0.5,0.0,416.529,0.0,0.0,0.0,5.737,0,0.0,0.645,309.69,-4.9487000000000005,35.61,35.57597732543945,4.98,0.0,0
46592,-3.7520000000000002,67.62700000000001,0.0,0.0,416.28700000000003,0.0,0.0,0.0,5.737,0,0.0,0.65,309.825,-1.5836000000000001,36.27,35.57597732543945,4.98,0.0,0
46592,-3.922,67.62700000000001,0.0,0.0,416.28700000000003,0.0,0.0,0.0,5.737,0,1.0,0.7000000000000001,309.915,2.5321000000000002,37.08,35.57597732543945,4.98,0.0,0
46592,-3.922,67.62700000000001,0.0,0.0,416.28700000000003,0.0,0.0,0.0,5.737,0,0.0,0.65,309.69,1.9795,37.83,35.57597732543945,4.98,0.0,0
46592,-3.581,67.62700000000001,0.0,0.0,416.22700000000003,0.0,0.0,0.0,5.737,0,1.0,0.675,309.825,-1.2784,37.26,35.57597732543945,4.98,0.0,0
46592,-3.581,67.62700000000001,0.0,0.0,415.86400000000003,0.0,0.0,0.0,5.737,0,1.0,0.645,309.825,-0.8413,36.75,35.57597732543945,4.98,0.0,0
46592,-4.263,67.62700000000001,0.0,0.0,415.86400000000003,0.0,0.0,0.0,5.737,0,1.0,0.6900000000000001,309.825,-0.19790000000000002,36.63,35.57597732543945,4.98,0.0,0
46592,-3.581,67.62700000000001,0.0,0.0,416.28700000000003,0.0,0.0,0.0,5.737,0,0.0,0.62,309.825,4.0909,35.82,35.57597732543945,4.98,0.0,0
46592,-4.093,67.62700000000001,0.0,0.0,416.348,0.0,0.0,0.0,5.737,0,1.0,0.655,309.825,0.0,35.52,35.57597732543945,4.98,0.0,0
46592,-3.7520000000000002,67.62700000000001,0.0,0.0,416.529,0.0,0.0,0.0,5.737,0,0.0,0.625,309.825,0.0,35.43,35.57597732543945,4.98,0.0,0
46592,-3.7520000000000002,67.62700000000001,0.0,0.0,416.22700000000003,0.0,0.0,0.0,5.737,0,1.0,0.645,309.825,0.0,35.22,35.57597732543945,4.98,0.0,0
46592,-3.581,67.62700000000001,0.0,0.0,416.22700000000003,0.0,0.0,0.0,5.737,0,1.0,0.625,309.825,-1.3196,35.49,35.57597732543945,4.98,0.0,0
46592,-4.263,67.62700000000001,0.0,0.0,416.166,0.0,0.0,0.0,5.737,0,1.0,0.625,309.69,-1.4846000000000001,34.95,35.57597732543945,4.98,0.0,0
46592,-3.411,67.62700000000001,0.0,0.0,416.348,0.0,0.0,0.0,5.737,0,1.0,0.645,309.825,-3.1672000000000002,35.34,35.57597732543945,4.98,0.0,0
46592,-3.581,67.62700000000001,0.5,0.0,416.28700000000003,0.0,0.0,0.0,5.737,0,1.0,0.665,309.915,-2.1774,35.82,35.57597732543945,4.98,0.0,0
46592,-3.581,67.62700000000001,0.0,0.0,416.166,0.0,0.0,0.0,5.737,0,1.0,0.66,309.915,5.4106000000000005,36.480000000000004,35.57597732543945,4.98,0.0,0
46592,-3.581,67.62700000000001,0.0,0.0,416.589,0.0,0.0,0.0,5.737,0,1.0,0.6,309.825,3.9589000000000003,37.95,35.57597732543945,4.98,0.0,0
46592,-3.7520000000000002,67.62700000000001,0.0,0.0,416.22700000000003,0.0,0.0,0.0,5.737,0,1.0,0.635,309.825,-0.6598,37.92,35.57597732543945,4.98,0.0,0
46592,-3.581,67.62700000000001,0.0,0.0,416.22700000000003,0.0,0.0,0.0,5.737,0,1.0,0.555,309.915,1.5836000000000001,37.77,35.57597732543945,4.98,0.0,0
46592,-3.7520000000000002,67.62700000000001,0.0,0.0,416.529,0.0,0.0,0.0,5.737,0,2.0,0.635,309.915,2.9032,37.44,35.57597732543945,4.98,0.0,0
46592,-3.581,67.62700000000001,0.0,0.0,416.28700000000003,0.0,0.0,0.0,5.737,0,1.0,0.6,309.825,0.5279,36.51,35.57597732543945,4.98,0.0,0
46592,-3.7520000000000002,67.62700000000001,0.0,0.0,416.22700000000003,0.0,0.0,0.0,5.737,0,1.0,0.62,309.915,-0.5279,36.18,35.57597732543945,4.98,0.0,0
46592,-3.581,67.62700000000001,0.0,0.0,416.348,0.0,0.0,0.0,5.737,0,2.0,0.595,309.825,-1.5176,35.160000000000004,35.57597732543945,4.98,0.0,0
46592,-3.581,67.62700000000001,0.0,0.0,416.22700000000003,0.0,0.0,0.0,5.737,0,2.0,0.615,309.825,-0.7918000000000001,34.410000000000004,35.57597732543945,4.98,0.0,0
46592,-3.922,67.62700000000001,0.0,0.0,416.22700000000003,0.0,0.0,0.0,5.737,0,1.0,0.59,309.825,0.5938,34.59,35.57597732543945,4.98,0.0,0
46592,-3.7520000000000002,67.62700000000001,0.0,0.0,416.22700000000003,0.0,0.0,0.0,5.737,0,1.0,0.6,309.825,1.5836000000000001,34.26,35.57597732543945,4.98,0.0,0
46592,-3.581,67.62700000000001,0.0,0.0,416.408,0.0,0.0,0.0,5.737,0,1.0,0.605,309.915,0.9897,35.64,35.57597732543945,4.98,0.0,0
46592,-3.581,67.62700000000001,0.0,0.0,416.22700000000003,0.0,0.0,0.0,5.737,0,0.0,0.625,309.825,-0.7918000000000001,36.84,35.57597732543945,4.98,0.0,0
46592,-3.922,67.62700000000001,0.0,0.0,416.22700000000003,0.0,0.0,0.0,5.737,0,2.0,0.595,309.825,-1.1877,36.99,35.57597732543945,4.98,0.0,0
46592,-3.581,67.62700000000001,0.0,0.0,416.045,0.0,0.0,0.0,5.737,0,0.0,0.625,309.915,-0.9402,37.56,35.57597732543945,4.98,0.0,0
46592,-3.922,67.62700000000001,0.0,0.0,416.166,0.0,0.0,0.0,5.737,0,0.0,0.62,309.915,-0.2639,37.14,35.57597732543945,4.98,0.0,0
46592,-3.581,67.62700000000001,0.0,0.0,416.408,0.0,0.0,0.0,5.737,0,0.0,0.605,309.69,-1.8887,36.84,35.57597732543945,4.98,0.0,0
46592,-3.581,67.62700000000001,0.0,0.0,416.71000000000004,0.0,0.0,0.0,5.737,0,1.0,0.62,309.915,-1.1217000000000001,36.69,35.57597732543945,4.98,0.0,0
46592,-3.7520000000000002,67.62700000000001,0.0,0.0,416.469,0.0,0.0,0.0,5.737,0,1.0,0.535,309.825,0.066,36.84,35.57597732543945,4.98,0.0,0
46592,-3.7520000000000002,67.62700000000001,0.0,0.0,416.045,0.0,0.0,0.0,5.737,0,1.0,0.605,309.915,2.5321000000000002,36.42,35.57597732543945,4.98,0.0,0
46592,-3.411,67.62700000000001,0.0,0.0,415.86400000000003,0.0,0.0,0.0,5.737,0,0.0,0.595,309.915,2.4908,35.49,35.57597732543945,4.98,0.0,0
46592,-3.411,67.62700000000001,0.0,0.0,416.469,0.0,0.0,0.0,5.737,0,0.0,0.56,309.69,0.42060000000000003,34.44,35.57597732543945,4.98,0.0,0
46592,-3.7520000000000002,67.62700000000001,0.0,0.0,416.408,0.0,0.0,0.0,5.737,0,1.0,0.595,309.825,-7.2416,33.24,35.57597732543945,4.98,0.0,0
46592,-3.581,67.62700000000001,0.0,0.0,416.408,0.0,0.0,0.0,5.737,0,0.0,0.555,309.825,-6.3178,33.33,35.57597732543945,4.98,0.0,0
46592,-3.581,67.62700000000001,0.0,0.0,416.65000000000003,0.0,0.0,0.0,5.737,0,1.0,0.625,309.825,3.4476,34.68,35.57597732543945,4.98,0.0,0
46592,-3.581,67.62700000000001,0.0,0.0,416.28700000000003,0.0,0.0,0.0,5.737,0,0.0,0.545,309.825,3.563,35.04,35.57597732543945,4.98,0.0,0
46592,-3.581,67.62700000000001,0.0,0.0,416.106,0.0,0.0,0.0,5.737,0,0.0,0.5750000000000001,309.825,2.2187,36.24,35.57597732543945,4.98,0.0,0
46592,-3.7520000000000002,67.62700000000001,0.0,0.0,416.22700000000003,0.0,0.0,0.0,5.737,0,1.0,0.595,309.825,0.132,37.08,35.57597732543945,4.98,0.0,0
46592,-3.581,67.62700000000001,0.0,0.0,416.106,0.0,0.0,0.0,5.737,0,1.0,0.605,309.825,0.2639,37.050000000000004,35.57597732543945,4.98,0.0,0
46592,-3.7520000000000002,67.62700000000001,0.0,0.0,416.469,0.0,0.0,0.0,5.737,0,0.0,0.5650000000000001,309.825,0.132,36.15,35.57597732543945,4.98,0.0,0
46592,-3.581,67.62700000000001,0.0,0.0,416.469,0.0,0.0,0.0,5.737,0,1.0,0.585,309.915,0.2474,35.97,35.57597732543945,4.98,0.0,0
46592,-3.581,67.62700000000001,0.0,0.0,416.045,0.0,0.0,0.0,5.737,0,0.0,0.585,309.825,0.6598,35.28,35.57597732543945,4.98,0.0,0
46592,-3.7520000000000002,67.62700000000001,0.0,0.0,416.106,0.0,0.0,0.0,5.737,0,0.0,0.5750000000000001,309.69,-2.8125,36.12,35.57597732543945,4.98,0.0,0
46592,-3.581,67.62700000000001,0.0,0.0,416.529,0.0,0.0,0.0,5.737,0,1.0,0.65,309.825,-0.7093,36.33,35.57597732543945,4.98,0.0,0
46592,-3.7520000000000002,67.62700000000001,0.0,0.0,416.408,0.0,0.0,0.0,5.737,0,1.0,0.53,309.825,1.3856000000000002,35.1,35.57597732543945,4.98,0.0,0
46592,-3.581,67.62700000000001,0.0,0.0,416.408,0.0,0.0,0.0,5.737,0,0.0,0.59,309.825,1.1629,34.410000000000004,35.57597732543945,4.98,0.0,0
46592,-3.24,67.62700000000001,0.0,0.0,416.71000000000004,0.0,0.0,0.0,5.737,0,0.0,0.5700000000000001,309.825,0.0825,33.27,35.57597732543945,4.98,0.0,0
46592,-3.581,67.62700000000001,0.0,0.0,416.589,0.0,0.0,0.0,5.737,0,0.0,0.56,309.69,1.6743000000000001,33.81,35.57597732543945,4.98,0.0,0
46592,-3.581,67.62700000000001,0.0,0.0,416.529,0.0,0.0,0.0,5.737,0,0.0,0.535,309.915,-0.5938,34.62,35.57597732543945,4.98,0.0,0
46592,-3.7520000000000002,67.62700000000001,0.0,0.0,416.22700000000003,0.0,0.0,0.0,5.737,0,0.0,0.535,309.825,-0.19790000000000002,36.45,35.57597732543945,4.98,0.0,0
46592,-3.581,67.62700000000001,0.0,0.0,416.22700000000003,0.0,0.0,0.0,5.737,0,0.0,0.55,309.825,1.9135000000000002,37.26,35.57597732543945,4.98,0.0,0
46592,-3.581,67.62700000000001,0.0,0.0,416.408,0.0,0.0,0.0,5.737,0,1.0,0.55,309.915,-0.9238000000000001,37.5,35.57597732543945,4.98,0.0,0
46592,-3.581,67.62700000000001,0.0,0.0,416.408,0.0,0.0,0.0,5.737,0,0.0,0.5750000000000001,309.825,2.3754,36.81,35.57597732543945,4.98,0.0,0
46592,-3.581,67.62700000000001,0.0,0.0,416.28700000000003,0.0,0.0,0.0,5.737,0,1.0,0.555,309.915,3.1507,36.03,35.57597732543945,4.98,0.0,0
46592,-3.581,67.62700000000001,0.0,0.0,416.469,0.0,0.0,0.0,5.737,0,1.0,0.545,309.825,-0.2639,35.88,35.57597732543945,4.98,0.0,0
46592,-3.581,67.62700000000001,0.0,0.0,416.348,0.0,0.0,0.0,5.737,0,1.0,0.54,309.915,-2.1279,36.36,35.57597732543945,4.98,0.0,0
46592,-3.411,67.62700000000001,0.0,0.0,416.348,0.0,0.0,0.0,5.737,0,0.0,0.58,309.825,-4.6683,35.79,35.57597732543945,4.98,0.0,0
46592,-3.581,67.62700000000001,0.0,0.0,416.22700000000003,0.0,0.0,0.0,5.737,0,0.0,0.5,309.825,-4.3548,35.550000000000004,35.57597732543945,4.98,0.0,0
46592,-3.24,67.62700000000001,0.0,0.0,416.348,0.0,0.0,0.0,5.737,0,0.0,0.42,309.915,0.46190000000000003,34.11,35.57597732543945,4.98,0.0,0
46592,-3.581,67.62700000000001,0.0,0.0,415.985,0.0,0.0,0.0,5.737,0,0.0,0.515,309.69,-1.8475000000000001,33.54,35.57597732543945,4.98,0.0,0
46592,-3.7520000000000002,67.62700000000001,0.0,0.0,416.529,0.0,0.0,0.0,5.737,0,0.0,0.5,309.825,-2.9032,33.69,35.57597732543945,4.98,0.0,0
46592,-3.411,67.62700000000001,0.0,0.0,416.65000000000003,0.0,0.0,0.0,5.737,0,1.0,0.5700000000000001,309.825,1.0557,34.38,35.57597732543945,4.98,0.0,0
46592,-3.411,67.62700000000001,0.0,0.0,416.469,0.0,0.0,0.0,5.737,0,0.0,0.525,309.825,5.4435,35.85,35.57597732543945,4.98,0.0,0
46592,-3.411,67.62700000000001,0.0,0.0,416.408,0.0,0.0,0.0,5.737,0,0.0,0.505,309.915,0.7918000000000001,36.93,35.57597732543945,4.98,0.0,0
46592,-3.581,67.62700000000001,0.0,0.0,416.28700000000003,0.0,0.0,0.0,5.737,0,0.0,0.525,309.825,-0.5279,38.07,35.57597732543945,4.98,0.0,0
46592,-3.24,67.62700000000001,0.0,0.0,415.985,0.0,0.0,0.0,5.737,0,0.0,0.52,309.825,0.5279,38.25,35.57597732543945,4.98,0.0,0
46592,-3.24,67.62700000000001,0.0,0.0,416.045,0.0,0.0,0.0,5.737,0,0.0,0.52,309.825,-0.9897,36.84,35.57597732543945,4.98,0.0,0
46592,-3.24,67.62700000000001,0.0,0.0,416.28700000000003,0.0,0.0,0.0,5.737,0,1.0,0.525,309.915,1.8475000000000001,35.25,35.57597732543945,4.98,0.0,0
46592,-3.411,67.62700000000001,0.0,0.0,416.529,0.0,0.0,0.0,5.737,0,0.0,0.51,309.825,2.1114,35.76,35.57597732543945,4.98,0.0,0
46592,-3.581,67.62700000000001,0.0,0.0,416.408,0.0,0.0,0.0,5.737,0,0.0,0.52,309.915,0.0,35.97,35.57597732543945,4.98,0.0,0
46592,-3.581,67.62700000000001,0.0,0.0,416.28700000000003,0.0,0.0,0.0,5.737,0,0.0,0.455,309.915,0.5279,36.27,35.57597732543945,4.98,0.0,0
46592,-3.581,67.62700000000001,0.0,0.0,416.22700000000003,0.0,0.0,0.0,5.737,0,0.0,0.47000000000000003,309.825,2.3754,35.94,35.57597732543945,4.98,0.0,0
46592,-3.581,67.62700000000001,0.0,0.0,416.28700000000003,0.0,0.0,0.0,5.737,0,1.0,0.485,309.915,-2.1114,35.31,35.57597732543945,4.98,0.0,0
46592,-3.411,67.62700000000001,0.0,0.0,416.166,0.0,0.0,0.0,5.737,0,1.0,0.49,309.915,-1.8475000000000001,34.26,35.57597732543945,4.98,0.0,0
46592,-3.411,67.62700000000001,0.0,0.0,416.22700000000003,0.0,0.0,0.0,5.737,0,1.0,0.515,309.69,1.1547,33.09,35.57597732543945,4.98,0.0,0
46592,-3.0700000000000003,67.62700000000001,0.0,0.0,416.529,0.0,0.0,0.0,5.737,0,0.0,0.49,309.825,-3.8270000000000004,33.87,35.57597732543945,4.98,0.0,0
46592,-3.581,67.62700000000001,0.0,0.0,416.348,0.0,0.0,0.0,5.737,0,1.0,0.485,309.69,-5.9054,35.67,35.57597732543945,4.98,0.0,0
46592,-3.581,67.62700000000001,0.0,0.0,416.045,0.0,0.0,0.0,5.737,0,0.0,0.46,309.825,1.9795,37.35,35.57597732543945,4.98,0.0,0
46592,-3.581,67.62700000000001,0.0,0.0,416.28700000000003,0.0,0.0,0.0,5.737,0,1.0,0.445,309.69,2.7383,38.28,35.57597732543945,4.98,0.0,0
46592,-3.411,67.62700000000001,0.0,0.0,415.985,0.0,0.0,0.0,5.737,0,1.0,0.48,309.825,2.6393,38.31,35.57597732543945,4.98,0.0,0
46592,-3.581,67.62700000000001,0.0,0.0,416.22700000000003,0.0,0.0,0.0,5.737,0,2.0,0.485,309.915,0.19790000000000002,37.11,35.57597732543945,4.98,0.0,0
46592,-3.581,67.62700000000001,0.0,0.0,416.348,0.0,0.0,0.0,5.737,0,1.0,0.44,309.825,2.2434000000000003,35.67,35.57597732543945,4.98,0.0,0
46592,-3.581,67.62700000000001,0.0,0.0,416.408,0.0,0.0,0.0,5.737,0,2.0,0.54,309.915,-1.9135000000000002,35.76,35.57597732543945,4.98,0.0,0
46592,-3.411,67.62700000000001,0.0,0.0,416.408,0.0,0.0,0.0,5.737,0,2.0,0.515,309.915,0.39590000000000003,35.82,35.57597732543945,4.98,0.0,0
46592,-3.411,67.62700000000001,0.0,0.0,416.589,0.0,0.0,0.0,5.737,0,1.0,0.485,309.915,3.629,35.61,35.57597732543945,4.98,0.0,0
46592,-3.411,67.62700000000001,0.0,0.0,416.589,0.0,0.0,0.0,5.737,0,1.0,0.47000000000000003,309.915,3.8765,35.550000000000004,35.57597732543945,4.98,0.0,0
46592,-3.581,67.62700000000001,0.5,0.0,416.045,0.0,0.0,0.0,5.737,0,2.0,0.53,309.825,-2.0949,34.980000000000004,35.57597732543945,4.98,0.0,0
46592,-3.411,67.62700000000001,0.0,0.0,415.683,0.0,0.0,0.0,5.737,0,2.0,0.53,309.825,-2.8867000000000003,34.62,35.57597732543945,4.98,0.0,0
46592,-3.581,67.62700000000001,0.0,0.0,415.985,0.0,0.0,0.0,5.737,0,1.0,0.47500000000000003,309.915,-0.9238000000000001,34.35,35.57597732543945,4.98,0.0,0
46592,-3.411,67.62700000000001,0.0,0.0,416.166,0.0,0.0,0.0,5.737,0,2.0,0.47000000000000003,309.825,0.9238000000000001,35.19,35.57597732543945,4.98,0.0,0
46592,-3.581,67.62700000000001,0.0,0.0,416.28700000000003,0.0,0.0,0.0,5.737,0,1.0,0.48,309.825,-2.1774,35.94,35.57597732543945,4.98,0.0,0
46592,-3.581,67.62700000000001,0.0,0.0,416.589,0.0,0.0,0.0,5.737,0,2.0,0.455,309.825,-1.5176,37.02,35.57597732543945,4.98,0.0,0
46592,-3.411,67.62700000000001,0.0,0.0,416.106,0.0,0.0,0.0,5.737,0,1.0,0.49,309.915,0.9073,36.87,35.57597732543945,4.98,0.0,0
46592,-3.581,67.62700000000001,0.0,0.0,416.28700000000003,0.0,0.0,0.0,5.737,0,1.0,0.465,309.915,0.3794,36.57,35.57597732543945,4.98,0.0,0
46592,-3.411,67.62700000000001,0.0,0.0,416.166,0.0,0.0,0.0,5.737,0,1.0,0.445,309.915,2.7548,37.050000000000004,35.57597732543945,4.98,0.0,0
46592,-3.24,67.62700000000001,0.0,0.0,416.28700000000003,0.0,0.0,0.0,5.737,0,2.0,0.52,309.69,-1.8228000000000002,37.230000000000004,35.57597732543945,4.98,0.0,0
46592,-3.24,67.62700000000001,0.0,0.0,416.408,0.0,0.0,0.0,5.737,0,1.0,0.455,309.825,-1.6331,36.660000000000004,35.57597732543945,4.98,0.0,0
46592,-3.411,67.62700000000001,0.0,0.0,416.106,0.0,0.0,0.0,5.737,0,1.0,0.5,309.825,-0.8578,35.97,35.57597732543945,4.98,0.0,0
46592,-3.411,67.62700000000001,0.0,0.0,415.92400000000004,0.0,0.0,0.0,5.737,0,1.0,0.51,309.69,-1.4516,35.49,35.57597732543945,4.98,0.0,0
46592,-3.411,67.62700000000001,0.0,0.0,416.106,0.0,0.0,0.0,5.737,0,1.0,0.48,309.915,0.7753,35.61,35.57597732543945,4.98,0.0,0
46592,-3.0700000000000003,67.62700000000001,0.0,0.0,416.408,0.0,0.0,0.0,5.737,0,1.0,0.4,309.825,-3.0352,35.49,35.57597732543945,4.98,0.0,0
46592,-3.24,67.62700000000001,-0.5,0.0,416.166,0.0,0.0,0.0,5.737,0,1.0,0.445,309.69,0.39590000000000003,35.64,35.57597732543945,4.98,0.0,0
46592,-3.24,67.62700000000001,0.0,0.0,415.92400000000004,0.0,0.0,0.0,5.737,0,1.0,0.48,309.69,1.6908,35.85,35.57597732543945,4.98,0.0,0
46592,-3.24,67.62700000000001,0.0,0.0,416.045,0.0,0.0,0.0,5.737,0,2.0,0.465,309.825,-0.9485,36.480000000000004,35.57597732543945,4.98,0.0,0
46592,-3.24,67.62700000000001,0.0,0.0,415.92400000000004,0.0,0.0,0.0,5.737,0,2.0,0.43,309.825,-1.5836000000000001,36.480000000000004,35.57597732543945,4.98,0.0,0
46592,-3.411,67.62700000000001,0.0,0.0,415.92400000000004,0.0,0.0,0.0,5.737,0,2.0,0.43,309.825,-1.6826,36.75,35.57597732543945,4.98,0.0,0
46592,-3.0700000000000003,67.62700000000001,0.0,0.0,416.22700000000003,0.0,0.0,0.0,5.737,0,2.0,0.48,309.915,5.5425,36.63,35.57597732543945,4.98,0.0,0
46592,-3.0700000000000003,67.62700000000001,0.0,0.0,416.22700000000003,0.0,0.0,0.0,5.737,0,2.0,0.46,309.825,2.1114,36.480000000000004,35.57597732543945,4.98,0.0,0
46592,-3.24,67.62700000000001,0.0,0.0,415.743,0.0,0.0,0.0,5.737,0,2.0,0.45,309.825,-2.1114,36.78,35.57597732543945,4.98,0.0,0
46592,-3.581,67.62700000000001,0.0,0.0,415.743,0.0,0.0,0.0,5.737,0,1.0,0.47000000000000003,309.915,1.5836000000000001,37.230000000000004,35.57597732543945,4.98,0.0,0
46592,-3.581,67.62700000000001,0.0,0.0,416.28700000000003,0.0,0.0,0.0,5.737,0,1.0,0.45,309.825,2.3754,36.69,35.57597732543945,4.98,0.0,0
46592,-3.411,67.62700000000001,0.0,0.0,416.348,0.0,0.0,0.0,5.737,0,1.0,0.39,309.915,0.46190000000000003,35.85,35.57597732543945,4.98,0.0,0
46592,-3.24,67.62700000000001,0.0,0.0,415.86400000000003,0.0,0.0,0.0,5.737,0,1.0,0.445,309.825,-2.6393,35.31,35.57597732543945,4.98,0.0,0
46592,-3.411,67.62700000000001,0.0,0.0,415.803,0.0,0.0,0.0,5.737,0,0.0,0.4,309.825,-0.5279,34.74,35.57597732543945,4.98,0.0,0
46592,-3.24,67.62700000000001,0.0,0.0,416.166,0.0,0.0,0.0,5.737,0,1.0,0.485,309.69,-4.3548,34.89,35.57597732543945,4.98,0.0,0
46592,-3.24,67.62700000000001,0.0,0.0,415.985,0.0,0.0,0.0,5.737,0,1.0,0.41000000000000003,309.915,0.19790000000000002,35.58,35.57597732543945,4.98,0.0,0
46592,-3.411,67.62700000000001,0.0,0.0,415.743,0.0,0.0,0.0,5.737,0,1.0,0.435,309.915,3.563,36.27,35.57597732543945,4.98,0.0,0
46592,-2.728,67.62700000000001,0.0,0.0,416.045,0.0,0.0,0.0,5.737,0,1.0,0.43,309.825,-0.099,36.660000000000004,35.57597732543945,4.98,0.0,0
46592,-3.0700000000000003,67.62700000000001,0.0,0.0,415.86400000000003,0.0,0.0,0.0,5.737,0,1.0,0.47500000000000003,309.825,-1.3196,36.660000000000004,35.57597732543945,4.98,0.0,0
46592,-3.581,67.62700000000001,0.0,0.0,415.92400000000004,0.0,0.0,0.0,5.737,0,0.0,0.41500000000000004,309.825,-0.9897,36.63,35.57597732543945,4.98,0.0,0
46592,-2.899,67.62700000000001,0.0,0.0,415.86400000000003,0.0,0.0,0.0,5.737,0,1.0,0.455,309.915,1.8475000000000001,36.78,35.57597732543945,4.98,0.0,0
46592,-3.581,67.62700000000001,0.0,0.0,416.045,0.0,0.0,0.0,5.737,0,1.0,0.445,309.825,1.5836000000000001,36.75,35.57597732543945,4.98,0.0,0
46592,-3.24,67.62700000000001,0.0,0.0,416.045,0.0,0.0,0.0,5.737,0,0.0,0.425,309.825,-2.3754,36.39,35.57597732543945,4.98,0.0,0
46592,-3.0700000000000003,67.62700000000001,0.0,0.0,415.86400000000003,0.0,0.0,0.0,5.737,0,0.0,0.405,309.915,-1.5836000000000001,35.7,35.57597732543945,4.98,0.0,0
46592,-3.24,67.62700000000001,0.0,0.0,415.86400000000003,0.0,0.0,0.0,5.737,0,1.0,0.47000000000000003,309.69,-1.3196,34.980000000000004,35.57597732543945,4.98,0.0,0
46592,-3.411,67.62700000000001,0.0,0.0,415.985,0.0,0.0,0.0,5.737,0,1.0,0.45,309.825,0.0,33.87,35.57597732543945,4.98,0.0,0
46592,-3.24,67.62700000000001,0.0,0.0,415.985,0.0,0.0,0.0,5.737,0,0.0,0.42,309.825,0.132,33.81,35.57597732543945,4.98,0.0,0
46592,-3.0700000000000003,67.62700000000001,0.0,0.0,416.22700000000003,0.0,0.0,0.0,5.737,0,1.0,0.43,309.69,-2.5981,33.57,35.57597732543945,4.98,0.0,0
46592,-3.0700000000000003,67.62700000000001,0.0,0.0,416.045,0.0,0.0,0.0,5.737,0,1.0,0.395,309.69,-1.1217000000000001,34.5,35.57597732543945,4.98,0.0,0
46592,-2.899,67.62700000000001,0.0,0.0,416.045,0.0,0.0,0.0,5.737,0,1.0,0.455,309.69,2.3341000000000003,36.33,35.57597732543945,4.98,0.0,0
46592,-3.0700000000000003,67.62700000000001,0.0,0.0,415.86400000000003,0.0,0.0,0.0,5.737,0,1.0,0.395,309.825,2.3094,37.29,35.57597732543945,4.98,0.0,0
46592,-3.0700000000000003,67.62700000000001,0.0,0.0,416.045,0.0,0.0,0.0,5.737,0,0.0,0.45,309.915,1.9382000000000001,37.230000000000004,35.57597732543945,4.98,0.0,0
46592,-3.581,67.62700000000001,0.0,0.0,415.92400000000004,0.0,0.0,0.0,5.737,0,1.0,0.43,309.825,3.761,36.42,35.57597732543945,4.98,0.0,0
46592,-2.899,67.62700000000001,0.0,0.0,416.045,0.0,0.0,0.0,5.737,0,0.0,0.42,309.915,0.2474,36.45,35.57597732543945,4.98,0.0,0
46592,-3.411,67.62700000000001,0.0,0.0,416.045,0.0,0.0,0.0,5.737,0,1.0,0.425,309.825,-1.9795,35.550000000000004,35.57597732543945,4.98,0.0,0
46592,-2.728,67.62700000000001,0.5,0.0,416.106,0.0,0.0,0.0,5.737,0,1.0,0.435,309.825,-0.39590000000000003,35.79,35.57597732543945,4.98,0.0,0
46592,-3.411,67.62700000000001,0.0,0.0,416.106,0.0,0.0,0.0,5.737,0,1.0,0.455,309.825,-0.5279,35.97,35.57597732543945,4.98,0.0,0
46592,-3.24,67.62700000000001,0.0,0.0,416.348,0.0,0.0,0.0,5.737,0,0.0,0.395,309.915,1.3196,37.08,35.57597732543945,4.98,0.0,0
46592,-3.0700000000000003,67.62700000000001,0.0,0.0,416.166,0.0,0.0,0.0,5.737,0,0.0,0.41500000000000004,309.825,0.5279,36.93,35.57597732543945,4.98,0.0,0
46592,-2.899,67.62700000000001,0.0,0.0,416.045,0.0,0.0,0.0,5.737,0,1.0,0.38,309.825,-4.0909,35.31,35.57597732543945,4.98,0.0,0
46592,-3.411,67.62700000000001,0.0,0.0,416.348,0.0,0.0,0.0,5.737,0,0.0,0.43,309.825,0.066,33.96,35.57597732543945,4.98,0.0,0
46592,-2.899,67.62700000000001,0.0,0.0,416.408,0.0,0.0,0.0,5.737,0,0.0,0.39,309.825,1.7155,33.96,35.57597732543945,4.98,0.0,0
46592,-3.0700000000000003,67.62700000000001,0.0,0.0,416.348,0.0,0.0,0.0,5.737,0,1.0,0.385,309.69,-3.0682,34.77,35.57597732543945,4.98,0.0,0
46592,-3.24,67.62700000000001,0.0,0.0,416.22700000000003,0.0,0.0,0.0,5.737,0,0.0,0.38,309.825,0.132,36.6,35.57597732543945,4.98,0.0,0
46592,-3.411,67.62700000000001,0.0,0.0,416.408,0.0,0.0,0.0,5.737,0,0.0,0.4,309.825,0.7918000000000001,37.59,35.57597732543945,4.98,0.0,0
46592,-3.0700000000000003,67.62700000000001,0.0,0.0,416.22700000000003,0.0,0.0,0.0,5.737,0,0.0,0.365,309.825,2.7713,38.04,35.57597732543945,4.98,0.0,0
46592,-3.581,67.62700000000001,0.0,0.0,416.22700000000003,0.0,0.0,0.0,5.737,0,2.0,0.465,309.825,0.0,37.11,35.57597732543945,4.98,0.0,0
46592,-3.24,67.62700000000001,0.0,0.0,416.045,0.0,0.0,0.0,5.737,0,1.0,0.435,309.825,-1.3196,36.72,35.57597732543945,4.98,0.0,0
46592,-2.899,67.62700000000001,0.0,0.0,416.166,0.0,0.0,0.0,5.737,0,1.0,0.38,309.825,1.0557,36.27,35.57597732543945,4.98,0.0,0
46592,-3.0700000000000003,67.62700000000001,0.5,0.0,416.28700000000003,0.0,0.0,0.0,5.737,0,2.0,0.41000000000000003,309.915,2.9032,35.76,35.57597732543945,4.98,0.0,0
46592,-3.24,67.62700000000001,0.0,0.0,416.529,0.0,0.0,0.0,5.737,0,1.0,0.395,309.825,1.5836000000000001,35.34,35.57597732543945,4.98,0.0,0
46592,-2.728,67.62700000000001,0.0,0.0,416.045,0.0,0.0,0.0,5.737,0,2.0,0.425,309.69,-4.8827,35.13,35.57597732543945,4.98,0.0,0
46592,-3.24,67.62700000000001,0.0,0.0,416.166,0.0,0.0,0.0,5.737,0,2.0,0.39,309.825,-3.3651,34.95,35.57597732543945,4.98,0.0,0
46592,-3.0700000000000003,67.62700000000001,0.0,0.0,416.106,0.0,0.0,0.0,5.737,0,2.0,0.375,309.825,0.9238000000000001,34.14,35.57597732543945,4.98,0.0,0
46592,-3.0700000000000003,67.62700000000001,0.0,0.0,416.589,0.0,0.0,0.0,5.737,0,2.0,0.375,309.825,0.9567,33.660000000000004,35.57597732543945,4.98,0.0,0
46592,-3.0700000000000003,67.62700000000001,0.0,0.0,416.71000000000004,0.0,0.0,0.0,5.737,0,2.0,0.455,309.825,-0.2639,34.32,35.57597732543945,4.98,0.0,0
46592,-2.5580000000000003,67.62700000000001,0.0,0.0,416.106,0.0,0.0,0.0,5.737,0,2.0,0.44,309.825,0.0,35.34,35.57597732543945,4.98,0.0,0
46592,-2.728,67.62700000000001,0.0,0.0,415.985,0.0,0.0,0.0,5.737,0,2.0,0.395,309.825,0.2639,36.18,35.57597732543945,4.98,0.0,0
46592,-3.0700000000000003,67.62700000000001,0.0,0.0,415.985,0.0,0.0,0.0,5.737,0,3.0,0.395,309.69,-0.6351,36.36,35.57597732543945,4.98,0.0,0
46592,-3.0700000000000003,67.62700000000001,0.0,0.0,416.045,0.0,0.0,0.0,5.737,0,2.0,0.37,309.69,-3.2744,37.26,35.57597732543945,4.98,0.0,0
46592,-3.0700000000000003,67.62700000000001,-0.5,0.0,416.045,0.0,0.0,0.0,5.737,0,1.0,0.38,309.825,-0.2639,37.050000000000004,35.57597732543945,4.98,0.0,0
46592,-3.0700000000000003,67.62700000000001,0.0,0.0,416.106,0.0,0.0,0.0,5.737,0,2.0,0.385,309.825,2.3754,36.39,35.57597732543945,4.98,0.0,0
46592,-3.24,67.62700000000001,0.0,0.0,416.22700000000003,0.0,0.0,0.0,5.737,0,2.0,0.36,309.825,0.767,35.34,35.57597732543945,4.98,0.0,0
46592,-3.24,67.62700000000001,0.0,0.0,416.106,0.0,0.0,0.0,5.737,0,2.0,0.42,309.825,-0.7258,35.19,35.57597732543945,4.98,0.0,0
46592,-2.899,67.62700000000001,0.0,0.0,416.348,0.0,0.0,0.0,5.737,0,2.0,0.365,309.69,-0.8330000000000001,35.01,35.57597732543945,4.98,0.0,0
46592,-3.24,67.62700000000001,0.0,0.0,416.348,0.0,0.0,0.0,5.737,0,1.0,0.4,309.915,-1.3609,34.11,35.57597732543945,4.98,0.0,0
46592,-3.0700000000000003,67.62700000000001,1.0,0.0,416.045,0.0,0.0,0.0,5.737,0,1.0,0.38,309.825,-1.5176,33.96,35.57597732543945,4.98,0.0,0
46592,-3.24,67.62700000000001,0.5,0.0,416.045,0.0,0.0,0.0,5.737,0,0.0,0.375,310.005,5.9714,34.05,35.57597732543945,4.98,0.0,0
46592,-3.411,67.62700000000001,0.0,0.0,415.985,0.0,0.0,0.0,5.737,0,0.0,0.375,309.915,3.4971,34.44,35.57597732543945,4.98,0.0,0
46592,-3.24,67.62700000000001,0.0,0.0,415.86400000000003,0.0,0.0,0.0,5.737,0,2.0,0.38,309.69,0.066,34.65,35.57597732543945,4.98,0.0,0
46592,-2.5580000000000003,67.62700000000001,0.0,0.0,416.22700000000003,0.0,0.0,0.0,5.737,0,0.0,0.325,309.69,-4.627,35.31,35.57597732543945,4.98,0.0,0
46592,-3.581,67.62700000000001,0.0,0.0,416.045,0.0,0.0,0.0,5.737,0,1.0,0.34,309.915,-4.6848,35.910000000000004,35.57597732543945,4.98,0.0,0
46592,-3.0700000000000003,67.62700000000001,0.0,0.0,415.743,0.0,0.0,0.0,5.737,0,1.0,0.34,309.825,1.7568000000000001,36.75,35.57597732543945,4.98,0.0,0
46592,-2.899,67.62700000000001,-1.0,0.0,415.803,0.0,0.0,0.0,5.737,0,2.0,0.335,309.825,1.5176,36.75,35.57597732543945,4.98,0.0,0
46592,-3.0700000000000003,67.62700000000001,0.0,0.0,415.86400000000003,0.0,0.0,0.0,5.737,0,1.0,0.365,309.825,-1.6331,36.18,35.57597732543945,4.98,0.0,0
46592,-2.899,67.62700000000001,0.0,0.0,415.743,0.0,0.0,0.0,5.737,0,2.0,0.365,309.825,1.7815,34.71,35.57597732543945,4.98,0.0,0
46592,-2.728,67.62700000000001,0.0,0.0,415.86400000000003,0.0,0.0,0.0,5.737,0,1.0,0.355,309.69,-0.767,34.14,35.57597732543945,4.98,0.0,0
46592,-3.411,67.62700000000001,0.0,0.0,415.86400000000003,0.0,0.0,0.0,5.737,0,0.0,0.36,309.825,-1.3856000000000002,34.32,35.57597732543945,4.98,0.0,0
46592,-3.24,67.62700000000001,-0.5,0.0,416.28700000000003,0.0,0.0,0.0,5.737,0,1.0,0.34500000000000003,309.69,-0.17320000000000002,34.2,35.57597732543945,4.98,0.0,0
46592,-3.7520000000000002,67.62700000000001,0.0,0.0,416.348,0.0,0.0,0.0,5.737,0,2.0,0.375,309.915,2.6228000000000002,34.26,35.57597732543945,4.98,0.0,0
46592,-3.0700000000000003,67.62700000000001,0.0,0.0,416.106,0.0,0.0,0.0,5.737,0,0.0,0.29,309.825,1.1877,34.44,35.57597732543945,4.98,0.0,0
46592,-2.899,67.62700000000001,0.5,0.0,416.469,0.0,0.0,0.0,5.737,0,1.0,0.34500000000000003,309.915,1.7650000000000001,34.410000000000004,35.57597732543945,4.98,0.0,0
46592,-2.899,67.62700000000001,0.0,0.0,416.469,0.0,0.0,0.0,5.737,0,2.0,0.315,309.915,0.7918000000000001,34.74,35.57597732543945,4.98,0.0,0
46592,-2.728,67.62700000000001,0.0,0.0,416.22700000000003,0.0,0.0,0.0,5.737,0,1.0,0.34,309.825,1.5341,35.13,35.57597732543945,4.98,0.0,0
46592,-2.899,67.62700000000001,0.0,0.0,415.86400000000003,0.0,0.0,0.0,5.737,0,2.0,0.34,309.825,-0.6433,35.64,35.57597732543945,4.98,0.0,0
46592,-3.581,67.62700000000001,0.0,0.0,416.22700000000003,0.0,0.0,0.0,5.737,0,1.0,0.375,309.825,-1.8475000000000001,35.76,35.57597732543945,4.98,0.0,0
46592,-3.411,67.62700000000001,-0.5,0.0,416.045,0.0,0.0,0.0,5.737,0,1.0,0.38,309.825,-2.8372,36.39,35.57597732543945,4.98,0.0,0
46592,-3.581,67.62700000000001,0.0,0.0,416.045,0.0,0.0,0.0,5.737,0,0.0,0.39,309.915,0.7093,36.33,35.57597732543945,4.98,0.0,0
46592,-2.728,67.62700000000001,0.5,0.0,416.22700000000003,0.0,0.0,0.0,5.737,0,1.0,0.36,309.825,2.3094,36.300000000000004,35.57597732543945,4.98,0.0,0
46592,-2.899,67.62700000000001,0.0,0.0,416.22700000000003,0.0,0.0,0.0,5.737,0,1.0,0.365,309.825,2.1114,36.33,35.57597732543945,4.98,0.0,0
46592,-2.728,67.62700000000001,-0.5,0.0,416.22700000000003,0.0,0.0,0.0,5.737,0,1.0,0.33,309.915,-0.6598,36.18,35.57597732543945,4.98,0.0,0
46592,-2.387,67.62700000000001,0.0,0.0,416.106,0.0,0.0,0.0,5.737,0,0.0,0.305,309.915,0.5279,36.03,35.57597732543945,4.98,0.0,0
46592,-2.728,67.62700000000001,-0.5,0.0,416.045,0.0,0.0,0.0,5.737,0,0.0,0.34,309.825,1.7155,34.53,35.57597732543945,4.98,0.0,0
46592,-2.899,67.62700000000001,0.0,0.0,416.22700000000003,0.0,0.0,0.0,5.737,0,0.0,0.295,309.825,-3.1012,33.87,35.57597732543945,4.98,0.0,0
46592,-2.728,67.62700000000001,0.0,0.0,416.22700000000003,0.0,0.0,0.0,5.737,0,1.0,0.36,309.825,-0.5279,33.72,35.57597732543945,4.98,0.0,0
46592,-2.5580000000000003,67.62700000000001,0.0,0.0,416.22700000000003,0.0,0.0,0.0,5.737,0,0.0,0.305,309.825,0.0,33.9,35.57597732543945,4.98,0.0,0
46592,-3.0700000000000003,67.62700000000001,1.0,0.0,416.408,0.0,0.0,0.0,5.737,0,1.0,0.335,309.69,-4.0909,35.34,35.57597732543945,4.98,0.0,0
46592,-2.387,67.62700000000001,0.0,0.0,416.166,0.0,0.0,0.0,5.737,0,1.0,0.365,309.69,-2.2764,36.39,35.57597732543945,4.98,0.0,0
46592,-2.0460000000000003,67.62700000000001,-0.5,0.0,416.348,0.0,0.0,0.0,5.737,0,1.0,0.335,309.825,1.3196,36.93,35.57597732543945,4.98,0.0,0
46592,-2.387,67.62700000000001,0.0,0.0,416.529,0.0,0.0,0.0,5.737,0,0.0,0.385,309.825,0.6928000000000001,36.300000000000004,35.57597732543945,4.98,0.0,0
46592,-2.5580000000000003,67.62700000000001,1.0,0.0,416.166,0.0,0.0,0.0,5.737,0,0.0,0.34500000000000003,309.915,3.6950000000000003,35.94,35.57597732543945,4.98,0.0,0
46592,-2.5580000000000003,67.62700000000001,-1.0,0.0,416.045,0.0,0.0,0.0,5.737,0,1.0,0.34,309.825,4.486800000000001,35.19,35.57597732543945,4.98,0.0,0
46592,-2.5580000000000003,67.62700000000001,1.0,0.0,416.28700000000003,0.0,0.0,0.0,5.737,0,1.0,0.335,310.005,3.1672000000000002,35.43,35.57597732543945,4.98,0.0,0
46592,-2.387,67.62700000000001,0.0,0.0,416.106,0.0,0.0,0.0,5.737,0,1.0,0.325,309.825,-0.9897,35.550000000000004,35.57597732543945,4.98,0.0,0
46592,-2.387,67.62700000000001,0.0,0.0,416.22700000000003,0.0,0.0,0.0,5.737,0,1.0,0.33,309.915,0.2639,35.49,35.57597732543945,4.98,0.0,0
46592,-2.0460000000000003,67.62700000000001,0.0,0.0,416.589,0.0,0.0,0.0,5.737,0,1.0,0.315,309.825,-1.4516,34.800000000000004,35.57597732543945,4.98,0.0,0
46592,-2.728,67.62700000000001,0.0,0.0,416.529,0.0,0.0,0.0,5.737,0,0.0,0.34500000000000003,309.69,-1.5836000000000001,34.17,35.57597732543945,4.98,0.0,0
46592,-2.5580000000000003,67.62700000000001,1.0,0.0,416.28700000000003,0.0,0.0,0.0,5.737,0,0.0,0.325,309.825,0.5938,34.410000000000004,35.57597732543945,4.98,0.0,0
46592,-1.5350000000000001,67.62700000000001,0.5,0.0,416.28700000000003,0.0,0.0,0.0,5.737,0,0.0,0.33,309.825,0.9238000000000001,34.77,35.57597732543945,4.98,0.0,0
46592,-2.217,67.62700000000001,-0.5,0.0,416.408,0.0,0.0,0.0,5.737,0,0.0,0.33,309.825,-0.099,35.34,35.57597732543945,4.98,0.0,0
46592,-2.217,67.62700000000001,0.0,0.0,416.348,0.0,0.0,0.0,5.737,0,0.0,0.295,309.825,0.0,35.94,35.57597732543945,4.98,0.0,0
46592,-1.8760000000000001,67.62700000000001,-1.0,0.0,416.408,0.0,0.0,0.0,5.737,0,1.0,0.275,309.825,0.0,36.39,35.57597732543945,4.98,0.0,0
46592,-2.387,67.62700000000001,0.0,0.0,416.408,0.0,0.0,0.0,5.737,0,0.0,0.37,309.825,-0.6598,36.6,35.57597732543945,4.98,0.0,0
46592,-2.0460000000000003,67.62700000000001,-0.5,0.0,416.408,0.0,0.0,0.0,5.737,0,0.0,0.29,309.825,1.3196,36.24,35.57597732543945,4.98,0.0,0
46592,-2.5580000000000003,67.62700000000001,1.0,0.0,416.22700000000003,0.0,0.0,0.0,5.737,0,0.0,0.295,309.825,0.6598,36.45,35.57597732543945,4.98,0.0,0
46592,-1.8760000000000001,67.62700000000001,0.0,0.0,416.71000000000004,0.0,0.0,0.0,5.737,0,1.0,0.305,309.825,1.3196,36.27,35.57597732543945,4.98,0.0,0
46592,-1.705,67.62700000000001,0.0,0.0,416.408,0.0,0.0,0.0,5.737,0,2.0,0.3,309.825,0.0,36.480000000000004,35.57597732543945,4.98,0.0,0
46592,-1.5350000000000001,67.62700000000001,-1.0,0.0,416.22700000000003,0.0,0.0,0.0,5.737,0,1.0,0.33,309.915,2.5733,35.94,35.57597732543945,4.98,0.0,0
46592,-2.0460000000000003,67.62700000000001,0.0,0.0,416.22700000000003,0.0,0.0,0.0,5.737,0,1.0,0.305,309.825,1.0557,34.71,35.57597732543945,4.98,0.0,0
46592,-2.217,67.62700000000001,0.0,0.0,416.469,0.0,0.0,0.0,5.737,0,1.0,0.33,309.825,-1.5836000000000001,33.63,35.57597732543945,4.98,0.0,0
46592,-1.5350000000000001,67.62700000000001,0.0,0.0,416.28700000000003,0.0,0.0,0.0,5.737,0,0.0,0.35000000000000003,309.915,0.0,33.81,35.57597732543945,4.98,0.0,0
46592,-1.0230000000000001,67.62700000000001,0.0,0.0,415.56100000000004,0.0,0.0,0.0,5.737,0,2.0,0.36,309.915,3.1012,34.53,35.57597732543945,4.98,0.0,0
46592,-2.0460000000000003,67.62700000000001,-0.5,0.0,416.166,0.0,0.0,0.0,5.737,0,1.0,0.305,309.825,-1.7155,35.07,35.57597732543945,4.98,0.0,0
46592,-2.0460000000000003,67.62700000000001,0.0,0.0,416.408,0.0,0.0,0.0,5.737,0,1.0,0.315,309.825,-4.9487000000000005,36.84,35.57597732543945,4.98,0.0,0
46592,-1.194,67.62700000000001,0.0,0.0,416.045,0.0,0.0,0.0,5.737,0,2.0,0.3,309.825,-0.2639,38.01,35.57597732543945,4.98,0.0,0
46592,-0.682,67.62700000000001,0.0,0.0,415.985,0.0,0.0,0.0,5.737,0,2.0,0.305,309.915,0.19790000000000002,37.38,35.57597732543945,4.98,0.0,0
46592,-4.775,67.62700000000001,0.0,0.0,415.985,0.0,0.0,0.0,5.737,0,2.0,0.32,309.915,1.0392000000000001,37.32,35.57597732543945,4.98,0.0,0
46592,-2.0460000000000003,67.62700000000001,0.0,0.0,415.803,0.0,0.0,0.0,5.737,0,2.0,0.325,309.825,3.3651,36.84,35.57597732543945,4.98,0.0,0
46592,-6.3100000000000005,67.62700000000001,0.5,0.0,415.622,0.0,0.0,0.0,5.737,0,2.0,0.305,309.825,1.3856000000000002,36.69,35.57597732543945,4.98,0.0,0
46592,-3.922,67.62700000000001,-0.5,0.0,415.86400000000003,0.0,0.0,0.0,5.737,0,1.0,0.295,309.825,-3.8105,36.63,35.57597732543945,4.98,0.0,0
46592,-5.457,67.62700000000001,0.5,0.0,415.86400000000003,0.0,0.0,0.0,5.737,0,1.0,0.335,309.915,0.9238000000000001,36.42,35.57597732543945,4.98,0.0,0
46592,-2.5580000000000003,67.62700000000001,0.0,0.0,416.045,0.0,0.0,0.0,5.737,0,1.0,0.315,309.915,-1.4021000000000001,35.79,35.57597732543945,4.98,0.0,0
46592,-6.821,67.62700000000001,0.0,0.0,416.045,0.0,0.0,0.0,5.737,0,1.0,0.33,309.825,-0.3299,34.35,35.57597732543945,4.98,0.0,0
46592,-3.0700000000000003,67.62700000000001,0.0,0.0,415.92400000000004,0.0,0.0,0.0,5.737,0,2.0,0.295,309.825,-0.4454,34.11,35.57597732543945,4.98,0.0,0
46592,-6.139,67.62700000000001,0.5,0.0,415.86400000000003,0.0,0.0,0.0,5.737,0,1.0,0.27,309.825,0.5031,34.29,35.57597732543945,4.98,0.0,0
46592,-2.217,67.62700000000001,-0.5,0.0,415.92400000000004,0.0,0.0,0.0,5.737,0,2.0,0.3,309.915,0.6433,35.01,35.57597732543945,4.98,0.0,0
46592,-7.674,67.62700000000001,-1.0,0.0,416.045,0.0,0.0,0.0,5.737,0,1.0,0.29,309.69,-2.4166000000000003,35.82,35.57597732543945,4.98,0.0,0
46592,-3.7520000000000002,67.62700000000001,0.0,0.0,415.985,0.0,0.0,0.0,5.737,0,2.0,0.34500000000000003,309.915,-0.8743000000000001,38.25,35.57597732543945,4.98,0.0,0
46592,-6.139,67.62700000000001,-1.0,0.0,415.985,0.0,0.0,0.0,5.737,0,2.0,0.27,309.825,1.6496000000000002,38.730000000000004,35.57597732543945,4.98,0.0,0
46592,-2.0460000000000003,67.62700000000001,0.0,0.0,416.166,0.0,0.0,0.0,5.737,0,2.0,0.26,309.69,4.024900000000001,38.34,35.57597732543945,4.98,0.0,0
46592,-7.333,67.62700000000001,1.0,0.0,416.348,0.0,0.0,0.0,5.737,0,2.0,0.3,309.825,-6.2023,37.410000000000004,35.57597732543945,4.98,0.0,0
46592,-3.581,67.62700000000001,0.0,0.0,416.106,0.0,0.0,0.0,5.737,0,2.0,0.31,309.825,-1.9795,35.76,35.57597732543945,4.98,0.0,0
46592,-6.48,67.62700000000001,0.0,0.0,415.985,0.0,0.0,0.0,5.737,0,2.0,0.28500000000000003,309.825,1.6661000000000001,35.1,35.57597732543945,4.98,0.0,0
46592,-2.0460000000000003,67.62700000000001,0.0,0.0,416.106,0.0,0.0,0.0,5.737,0,2.0,0.31,309.915,0.3134,35.43,35.57597732543945,4.98,0.0,0
46592,-7.844,67.62700000000001,0.0,0.0,415.86400000000003,0.0,0.0,0.0,5.737,0,1.0,0.315,309.915,1.963,36.36,35.57597732543945,4.98,0.0,0
46592,-3.581,67.62700000000001,0.0,0.0,415.743,0.0,0.0,0.0,5.737,0,1.0,0.29,309.915,0.5114000000000001,36.39,35.57597732543945,4.98,0.0,0
46592,-5.798,67.62700000000001,0.0,0.0,416.28700000000003,0.0,0.0,0.0,5.737,0,0.0,0.34,309.825,2.3754,35.4,35.57597732543945,4.98,0.0,0
46592,-1.8760000000000001,67.62700000000001,0.0,0.0,416.22700000000003,0.0,0.0,0.0,5.737,0,0.0,0.29,309.825,-3.0187,34.62,35.57597732543945,4.98,0.0,0
46592,-1.705,67.62700000000001,0.5,0.0,416.22700000000003,0.0,0.0,0.0,5.737,0,0.0,0.265,309.825,-2.5733,34.56,35.57597732543945,4.98,0.0,0
46592,-0.682,67.62700000000001,0.0,0.0,415.86400000000003,0.0,0.0,0.0,5.737,0,2.0,0.325,309.825,-3.563,34.2,35.57597732543945,4.98,0.0,0
46592,-1.8760000000000001,67.62700000000001,0.0,0.0,415.683,0.0,0.0,0.0,5.737,0,1.0,0.27,309.915,3.629,35.28,35.57597732543945,4.98,0.0,0
46592,-2.728,67.62700000000001,0.0,0.0,416.22700000000003,0.0,0.0,0.0,5.737,0,0.0,0.275,309.825,0.5279,36.660000000000004,35.57597732543945,4.98,0.0,0
46592,-2.387,67.62700000000001,0.0,0.0,416.408,0.0,0.0,0.0,5.737,0,1.0,0.275,309.825,-6.0704,37.71,35.57597732543945,4.98,0.0,0
46592,-1.194,67.62700000000001,0.0,0.0,416.22700000000003,0.0,0.0,0.0,5.737,0,0.0,0.3,309.825,-0.5279,37.92,35.57597732543945,4.98,0.0,0
46592,-2.728,67.62700000000001,0.0,0.0,416.106,0.0,0.0,0.0,5.737,0,1.0,0.295,309.69,2.4743,37.47,35.57597732543945,4.98,0.0,0
46592,-3.0700000000000003,67.62700000000001,0.0,0.0,416.28700000000003,0.0,0.0,0.0,5.737,0,1.0,0.295,309.825,-2.5073000000000003,36.78,35.57597732543945,4.98,0.0,0
46592,-2.387,67.62700000000001,0.0,0.0,416.166,0.0,0.0,0.0,5.737,0,0.0,0.28500000000000003,309.915,-0.5938,36.51,35.57597732543945,4.98,0.0,0
46592,-2.728,67.62700000000001,0.5,0.0,416.22700000000003,0.0,0.0,0.0,5.737,0,0.0,0.28,309.825,3.1672000000000002,35.31,35.57597732543945,4.98,0.0,0
46592,-2.5580000000000003,67.62700000000001,0.0,0.0,416.408,0.0,0.0,0.0,5.737,0,0.0,0.35000000000000003,309.825,1.0557,34.08,35.57597732543945,4.98,0.0,0
46592,-2.387,67.62700000000001,0.0,0.0,416.22700000000003,0.0,0.0,0.0,5.737,0,1.0,0.335,309.915,0.0,33.99,35.57597732543945,4.98,0.0,0
46592,-2.387,67.62700000000001,0.0,0.0,416.166,0.0,0.0,0.0,5.737,0,0.0,0.33,309.825,2.1114,34.38,35.57597732543945,4.98,0.0,0
46592,-2.899,67.62700000000001,0.0,0.0,416.348,0.0,0.0,0.0,5.737,0,1.0,0.34,309.69,-1.9795,34.800000000000004,35.57597732543945,4.98,0.0,0
46592,-2.387,67.62700000000001,0.0,0.0,416.22700000000003,0.0,0.0,0.0,5.737,0,0.0,0.29,309.825,-4.1569,35.52,35.57597732543945,4.98,0.0,0
46592,-3.0700000000000003,67.62700000000001,0.0,0.0,416.166,0.0,0.0,0.0,5.737,0,0.0,0.315,309.825,-0.7918000000000001,36.57,35.57597732543945,4.98,0.0,0
46592,-2.387,67.62700000000001,-0.5,0.0,416.045,0.0,0.0,0.0,5.737,0,1.0,0.32,309.915,2.4743,37.35,35.57597732543945,4.98,0.0,0
46592,-2.5580000000000003,67.62700000000001,0.0,0.0,416.348,0.0,0.0,0.0,5.737,0,1.0,0.36,309.825,0.7918000000000001,37.980000000000004,35.57597732543945,4.98,0.0,0
46592,-2.728,67.62700000000001,0.5,0.0,416.28700000000003,0.0,0.0,0.0,5.737,0,0.0,0.3,309.915,-0.8578,38.46,35.57597732543945,4.98,0.0,0
46592,-2.217,67.62700000000001,0.0,0.0,416.469,0.0,0.0,0.0,5.737,0,0.0,0.31,309.825,-1.7155,38.01,35.57597732543945,4.98,0.0,0
46592,-2.387,67.62700000000001,0.0,0.0,416.469,0.0,0.0,0.0,5.737,0,0.0,0.275,309.825,0.5279,36.51,35.57597732543945,4.98,0.0,0
46592,-2.5580000000000003,67.62700000000001,-0.5,0.0,416.045,0.0,0.0,0.0,5.737,0,1.0,0.255,309.915,-0.2639,36.42,35.57597732543945,4.98,0.0,0
46592,-2.5580000000000003,67.62700000000001,0.0,0.0,416.106,0.0,0.0,0.0,5.737,0,1.0,0.295,309.69,0.099,36.39,35.57597732543945,4.98,0.0,0
46592,-2.217,67.62700000000001,0.0,0.0,416.28700000000003,0.0,0.0,0.0,5.737,0,1.0,0.315,309.915,1.1877,35.22,35.57597732543945,4.98,0.0,0
46592,-2.217,67.62700000000001,0.0,0.0,416.529,0.0,0.0,0.0,5.737,0,0.0,0.33,309.915,-2.9032,35.13,35.57597732543945,4.98,0.0,0
46592,-2.5580000000000003,67.62700000000001,0.0,0.0,416.529,0.0,0.0,0.0,5.737,0,0.0,0.27,309.915,-2.1114,35.160000000000004,35.57597732543945,4.98,0.0,0
46592,-2.387,67.62700000000001,0.0,0.0,416.22700000000003,0.0,0.0,0.0,5.737,0,1.0,0.325,309.825,1.0310000000000001,35.64,35.57597732543945,4.98,0.0,0
46592,-2.5580000000000003,67.62700000000001,0.0,0.0,415.985,0.0,0.0,0.0,5.737,0,1.0,0.31,309.915,2.8372,36.06,35.57597732543945,4.98,0.0,0
46592,-2.5580000000000003,67.62700000000001,0.0,0.0,416.28700000000003,0.0,0.0,0.0,5.737,0,0.0,0.34,309.825,-0.7753,36.33,35.57597732543945,4.98,0.0,0
46592,-2.899,67.62700000000001,0.0,0.0,416.348,0.0,0.0,0.0,5.737,0,1.0,0.31,309.825,-0.6598,36.81,35.57597732543945,4.98,0.0,0
46592,-2.387,67.62700000000001,0.0,0.0,415.985,0.0,0.0,0.0,5.737,0,0.0,0.31,309.825,0.28040000000000004,37.17,35.57597732543945,4.98,0.0,0
46592,-2.5580000000000003,67.62700000000001,0.0,0.0,415.86400000000003,0.0,0.0,0.0,5.737,0,1.0,0.28500000000000003,309.915,1.8310000000000002,36.87,35.57597732543945,4.98,0.0,0
46592,-2.387,67.62700000000001,0.0,0.0,416.045,0.0,0.0,0.0,5.737,0,0.0,0.275,309.825,1.4516,36.72,35.57597732543945,4.98,0.0,0
46592,-2.387,67.62700000000001,0.0,0.0,416.045,0.0,0.0,0.0,5.737,0,1.0,0.275,309.825,-0.7753,36.69,35.57597732543945,4.98,0.0,0
46592,-2.728,67.62700000000001,0.0,0.0,416.166,0.0,0.0,0.0,5.737,0,0.0,0.3,309.69,-1.4104,36.72,35.57597732543945,4.98,0.0,0
46592,-2.387,67.62700000000001,0.0,0.0,416.22700000000003,0.0,0.0,0.0,5.737,0,0.0,0.265,309.69,-3.6538000000000004,36.69,35.57597732543945,4.98,0.0,0
46592,-2.5580000000000003,67.62700000000001,0.0,0.0,415.86400000000003,0.0,0.0,0.0,5.737,0,0.0,0.23500000000000001,309.825,-2.7053000000000003,35.67,35.57597732543945,4.98,0.0,0
46592,-2.728,67.62700000000001,0.0,0.0,415.985,0.0,0.0,0.0,5.737,0,0.0,0.24,309.825,3.7775000000000003,34.47,35.57597732543945,4.98,0.0,0
46592,-2.5580000000000003,67.62700000000001,0.0,0.0,416.408,0.0,0.0,0.0,5.737,0,1.0,0.365,309.915,2.73,33.93,35.57597732543945,4.98,0.0,0
46592,-2.217,67.62700000000001,0.0,0.0,416.106,0.0,0.0,0.0,5.737,0,1.0,0.32,309.825,0.5031,33.96,35.57597732543945,4.98,0.0,0
46592,-2.899,67.62700000000001,0.0,0.0,415.743,0.0,0.0,0.0,5.737,0,1.0,0.245,309.825,0.7918000000000001,34.5,35.57597732543945,4.98,0.0,0
46592,-2.5580000000000003,67.62700000000001,0.0,0.0,415.743,0.0,0.0,0.0,5.737,0,2.0,0.24,309.825,-1.8475000000000001,35.67,35.57597732543945,4.98,0.0,0
46592,-2.728,67.62700000000001,0.0,0.0,415.985,0.0,0.0,0.0,5.737,0,0.0,0.215,309.825,-4.024900000000001,37.050000000000004,35.57597732543945,4.98,0.0,0
46592,-2.728,67.62700000000001,0.0,0.0,416.166,0.0,0.0,0.0,5.737,0,0.0,0.305,309.69,-2.7465,37.26,35.57597732543945,4.98,0.0,0
46592,-2.217,67.62700000000001,0.0,0.0,416.045,0.0,0.0,0.0,5.737,0,0.0,0.24,309.69,1.3444,36.660000000000004,35.57597732543945,4.98,0.0,0
46592,-2.5580000000000003,67.62700000000001,0.0,0.0,416.045,0.0,0.0,0.0,5.737,0,1.0,0.29,309.825,0.767,35.94,35.57597732543945,4.98,0.0,0
46592,-2.899,67.62700000000001,0.0,0.0,415.92400000000004,0.0,0.0,0.0,5.737,0,1.0,0.24,309.825,1.8228000000000002,36.45,35.57597732543945,4.98,0.0,0
46592,-2.387,67.62700000000001,0.0,0.0,415.92400000000004,0.0,0.0,0.0,5.737,0,0.0,0.265,309.825,2.0620000000000003,36.99,35.57597732543945,4.98,0.0,0
46592,-2.5580000000000003,67.62700000000001,0.5,0.0,415.743,0.0,0.0,0.0,5.737,0,0.0,0.25,309.915,1.699,36.54,35.57597732543945,4.98,0.0,0
46592,-2.387,67.62700000000001,0.0,0.0,415.86400000000003,0.0,0.0,0.0,5.737,0,1.0,0.275,309.825,0.7918000000000001,35.43,35.57597732543945,4.98,0.0,0
46592,-2.217,67.62700000000001,0.0,0.0,415.86400000000003,0.0,0.0,0.0,5.737,0,0.0,0.18,309.915,-1.3361,33.78,35.57597732543945,4.98,0.0,0
46592,-2.387,67.62700000000001,0.0,0.0,415.743,0.0,0.0,0.0,5.737,0,0.0,0.245,309.825,-2.9692000000000003,33.09,35.57597732543945,4.98,0.0,0
46592,-2.5580000000000003,67.62700000000001,0.0,0.0,416.045,0.0,0.0,0.0,5.737,0,1.0,0.32,309.825,0.5938,34.230000000000004,35.57597732543945,4.98,0.0,0
46592,-2.728,67.62700000000001,0.0,0.0,416.045,0.0,0.0,0.0,5.737,0,1.0,0.265,309.825,0.5279,34.2,35.57597732543945,4.98,0.0,0
46592,-2.387,67.62700000000001,-0.5,0.0,415.86400000000003,0.0,0.0,0.0,5.737,0,0.0,0.265,309.825,1.1877,35.61,35.57597732543945,4.98,0.0,0
46592,-2.5580000000000003,67.62700000000001,0.0,0.0,416.045,0.0,0.0,0.0,5.737,0,1.0,0.23500000000000001,309.69,-3.0682,36.69,35.57597732543945,4.98,0.0,0
46592,-2.728,67.62700000000001,0.0,0.0,416.045,0.0,0.0,0.0,5.737,0,0.0,0.29,309.825,-2.5073000000000003,37.38,35.57597732543945,4.98,0.0,0
46592,-2.387,67.62700000000001,0.0,0.0,416.106,0.0,0.0,0.0,5.737,0,0.0,0.24,309.69,0.3629,36.84,35.57597732543945,4.98,0.0,0
46592,-2.5580000000000003,67.62700000000001,0.0,0.0,416.22700000000003,0.0,0.0,0.0,5.737,0,2.0,0.245,309.915,1.1877,36.6,35.57597732543945,4.98,0.0,0
46592,-2.217,67.62700000000001,0.0,0.0,416.166,0.0,0.0,0.0,5.737,0,0.0,0.28500000000000003,309.915,-1.6496000000000002,35.85,35.57597732543945,4.98,0.0,0
46592,-2.217,67.62700000000001,0.0,0.0,415.803,0.0,0.0,0.0,5.737,0,2.0,0.23,309.825,4.3548,35.46,35.57597732543945,4.98,0.0,0
46592,-2.5580000000000003,67.62700000000001,0.0,0.0,415.86400000000003,0.0,0.0,0.0,5.737,0,1.0,0.255,309.825,0.066,35.910000000000004,35.57597732543945,4.98,0.0,0
46592,-2.5580000000000003,67.62700000000001,0.0,0.0,415.803,0.0,0.0,0.0,5.737,0,1.0,0.275,309.825,-3.8270000000000004,36.27,35.57597732543945,4.98,0.0,0
46592,-2.5580000000000003,67.62700000000001,0.0,0.0,415.985,0.0,0.0,0.0,5.737,0,1.0,0.24,309.825,1.0557,34.92,35.57597732543945,4.98,0.0,0
46592,-2.217,67.62700000000001,0.0,0.0,415.743,0.0,0.0,0.0,5.737,0,1.0,0.245,309.69,-1.0557,34.05,35.57597732543945,4.98,0.0,0
46592,-2.387,67.62700000000001,0.0,0.0,415.743,0.0,0.0,0.0,5.737,0,1.0,0.305,309.825,-0.7918000000000001,33.9,35.57597732543945,4.98,0.0,0
46592,-2.217,67.62700000000001,0.0,0.0,416.045,0.0,0.0,0.0,5.737,0,1.0,0.25,309.825,2.7713,34.65,35.57597732543945,4.98,0.0,0
46592,-2.5580000000000003,67.62700000000001,0.0,0.0,415.985,0.0,0.0,0.0,5.737,0,2.0,0.255,309.825,0.4289,35.160000000000004,35.57597732543945,4.98,0.0,0
46592,-2.387,67.62700000000001,0.0,0.0,415.622,0.0,0.0,0.0,5.737,0,1.0,0.24,309.825,-1.3196,36.480000000000004,35.57597732543945,4.98,0.0,0
46592,-2.217,67.62700000000001,-0.5,0.0,415.683,0.0,0.0,0.0,5.737,0,1.0,0.24,309.915,-1.3856000000000002,38.46,35.57597732543945,4.98,0.0,0
46592,-2.217,67.62700000000001,0.0,0.0,415.86400000000003,0.0,0.0,0.0,5.737,0,0.0,0.255,309.915,2.2434000000000003,38.52,35.57597732543945,4.98,0.0,0
46592,-2.217,67.62700000000001,0.0,0.0,415.683,0.0,0.0,0.0,5.737,0,1.0,0.27,309.915,2.5733,36.9,35.57597732543945,4.98,0.0,0
46592,-2.217,67.62700000000001,0.0,0.0,415.86400000000003,0.0,0.0,0.0,5.737,0,2.0,0.23,309.69,-4.6188,35.46,35.57597732543945,4.98,0.0,0
46592,-2.387,67.62700000000001,0.0,0.0,415.803,0.0,0.0,0.0,5.737,0,1.0,0.26,309.825,-0.7258,34.74,35.57597732543945,4.98,0.0,0
46592,-2.217,67.62700000000001,0.0,0.0,415.743,0.0,0.0,0.0,5.737,0,1.0,0.3,309.825,-0.39590000000000003,35.07,35.57597732543945,4.98,0.0,0
46592,-2.387,67.62700000000001,0.0,0.0,415.86400000000003,0.0,0.0,0.0,5.737,0,1.0,0.275,309.825,-1.9465000000000001,35.4,35.57597732543945,4.98,0.0,0
46592,-2.5580000000000003,67.62700000000001,0.0,0.0,416.22700000000003,0.0,0.0,0.0,5.737,0,1.0,0.245,309.825,-0.39590000000000003,34.92,35.57597732543945,4.98,0.0,0
46592,-2.0460000000000003,67.62700000000001,0.0,0.0,416.348,0.0,0.0,0.0,5.737,0,1.0,0.265,309.69,0.099,34.74,35.57597732543945,4.98,0.0,0
46592,-2.5580000000000003,67.62700000000001,0.0,0.0,415.683,0.0,0.0,0.0,5.737,0,1.0,0.29,309.825,-1.1877,34.35,35.57597732543945,4.98,0.0,0
46592,-2.387,67.62700000000001,0.0,0.0,415.803,0.0,0.0,0.0,5.737,0,0.0,0.24,309.69,0.3629,34.11,35.57597732543945,4.98,0.0,0
46592,-2.387,67.62700000000001,0.0,0.0,416.166,0.0,0.0,0.0,5.737,0,2.0,0.265,309.825,1.3196,34.800000000000004,35.57597732543945,4.98,0.0,0
46592,-2.217,67.62700000000001,0.0,0.0,416.166,0.0,0.0,0.0,5.737,0,2.0,0.25,309.825,0.767,34.92,35.57597732543945,4.98,0.0,0
46592,-2.217,67.62700000000001,0.0,0.0,415.86400000000003,0.0,0.0,0.0,5.737,0,1.0,0.305,309.825,-0.7258,36.33,35.57597732543945,4.98,0.0,0
46592,-2.387,67.62700000000001,0.0,0.0,415.86400000000003,0.0,0.0,0.0,5.737,0,0.0,0.255,309.69,1.3196,37.5,35.57597732543945,4.98,0.0,0
46592,-2.5580000000000003,67.62700000000001,0.0,0.0,416.166,0.0,0.0,0.0,5.737,0,0.0,0.265,309.825,0.6598,38.49,35.57597732543945,4.98,0.0,0
46592,-2.387,67.62700000000001,0.0,0.0,415.56100000000004,0.0,0.0,0.0,5.737,0,0.0,0.275,309.825,3.6950000000000003,38.37,35.57597732543945,4.98,0.0,0
46592,-2.217,67.62700000000001,0.0,0.0,415.56100000000004,0.0,0.0,0.0,5.737,0,0.0,0.255,309.825,1.2702,36.33,35.57597732543945,4.98,0.0,0
46592,-2.5580000000000003,67.62700000000001,0.0,0.0,415.743,0.0,0.0,0.0,5.737,0,0.0,0.295,309.915,-1.798,35.07,35.57597732543945,4.98,0.0,0
46592,-2.217,67.62700000000001,0.0,0.0,415.683,0.0,0.0,0.0,5.737,0,1.0,0.26,309.825,1.1382,34.71,35.57597732543945,4.98,0.0,0
46592,-2.217,67.62700000000001,0.0,0.0,416.045,0.0,0.0,0.0,5.737,0,0.0,0.25,309.915,1.3691,34.89,35.57597732543945,4.98,0.0,0
46592,-2.387,67.62700000000001,0.0,0.0,415.92400000000004,0.0,0.0,0.0,5.737,0,0.0,0.28,309.825,-3.5218000000000003,35.07,35.57597732543945,4.98,0.0,0
46592,-2.217,67.62700000000001,0.0,0.0,415.743,0.0,0.0,0.0,5.737,0,1.0,0.26,309.825,-0.8578,35.13,35.57597732543945,4.98,0.0,0
46592,-2.387,67.62700000000001,0.0,0.0,416.045,0.0,0.0,0.0,5.737,0,0.0,0.245,309.915,1.3691,34.86,35.57597732543945,4.98,0.0,0
46592,-2.5580000000000003,67.62700000000001,0.0,0.0,415.92400000000004,0.0,0.0,0.0,5.737,0,0.0,0.255,309.915,-0.28040000000000004,35.1,35.57597732543945,4.98,0.0,0
46592,-2.387,67.62700000000001,0.0,0.0,415.743,0.0,0.0,0.0,5.737,0,0.0,0.26,309.69,-0.43710000000000004,34.95,35.57597732543945,4.98,0.0,0
46592,-2.387,67.62700000000001,0.0,0.0,415.56100000000004,0.0,0.0,0.0,5.737,0,1.0,0.28,309.825,-0.9732000000000001,35.49,35.57597732543945,4.98,0.0,0
46592,-2.217,67.62700000000001,0.0,0.0,415.803,0.0,0.0,0.0,5.737,0,0.0,0.28500000000000003,309.825,-1.5176,36.57,35.57597732543945,4.98,0.0,0
46592,-2.387,67.62700000000001,0.0,0.0,415.56100000000004,0.0,0.0,0.0,5.737,0,0.0,0.245,309.915,1.7403000000000002,37.35,35.57597732543945,4.98,0.0,0
46592,-2.217,67.62700000000001,0.0,0.0,415.44,0.0,0.0,0.0,5.737,0,1.0,0.305,309.69,-0.2887,37.29,35.57597732543945,4.98,0.0,0
46592,-2.217,67.62700000000001,0.0,0.0,415.743,0.0,0.0,0.0,5.737,0,0.0,0.25,309.825,-0.066,36.78,35.57597732543945,4.98,0.0,0
46592,-2.387,67.62700000000001,0.0,0.0,415.56100000000004,0.0,0.0,0.0,5.737,0,0.0,0.23,309.915,-2.7878000000000003,36.45,35.57597732543945,4.98,0.0,0
46592,-2.387,67.62700000000001,0.0,0.0,415.56100000000004,0.0,0.0,0.0,5.737,0,0.0,0.255,309.825,2.3506,35.97,35.57597732543945,4.98,0.0,0
46592,-2.217,67.62700000000001,0.0,0.0,415.86400000000003,0.0,0.0,0.0,5.737,0,0.0,0.26,309.69,-3.3404000000000003,35.28,35.57597732543945,4.98,0.0,0
46592,-2.217,67.62700000000001,0.0,0.0,416.106,0.0,0.0,0.0,5.737,0,0.0,0.23,309.825,-1.1712,35.550000000000004,35.57597732543945,4.98,0.0,0
46592,-2.387,67.62700000000001,0.0,0.0,415.803,0.0,0.0,0.0,5.737,0,0.0,0.28500000000000003,309.915,5.9219,35.4,35.57597732543945,4.98,0.0,0
46592,-2.5580000000000003,67.62700000000001,1.0,0.0,415.985,0.0,0.0,0.0,5.737,0,0.0,0.23500000000000001,309.825,-1.2124000000000001,35.550000000000004,35.57597732543945,4.98,0.0,0
46592,-2.5580000000000003,67.62700000000001,0.0,0.0,415.985,0.0,0.0,0.0,5.737,0,0.0,0.27,309.825,-2.1609000000000003,35.64,35.57597732543945,4.98,0.0,0
46592,-2.217,67.62700000000001,0.0,0.0,415.86400000000003,0.0,0.0,0.0,5.737,0,0.0,0.25,309.915,1.2537,35.28,35.57597732543945,4.98,0.0,0
46592,-2.387,67.62700000000001,0.5,0.0,415.44,0.0,0.0,0.0,5.737,0,0.0,0.265,309.915,3.8105,35.79,35.57597732543945,4.98,0.0,0
46592,-2.217,67.62700000000001,0.0,0.0,415.379,0.0,0.0,0.0,5.737,0,1.0,0.225,309.915,-1.6661000000000001,36.6,35.57597732543945,4.98,0.0,0
46592,-2.217,67.62700000000001,0.0,0.0,415.56100000000004,0.0,0.0,0.0,5.737,0,1.0,0.27,309.915,-1.798,37.56,35.57597732543945,4.98,0.0,0
46592,-2.387,67.62700000000001,0.0,0.0,415.44,0.0,0.0,0.0,5.737,0,0.0,0.25,309.825,1.4021000000000001,38.13,35.57597732543945,4.98,0.0,0
46592,-2.217,67.62700000000001,0.0,0.0,415.44,0.0,0.0,0.0,5.737,0,0.0,0.275,309.825,1.6496000000000002,38.160000000000004,35.57597732543945,4.98,0.0,0
46592,-2.217,67.62700000000001,0.0,0.0,415.803,0.0,0.0,0.0,5.737,0,0.0,0.195,309.825,-1.5836000000000001,37.62,35.57597732543945,4.98,0.0,0
46592,-2.5580000000000003,67.62700000000001,0.0,0.0,415.86400000000003,0.0,0.0,0.0,5.737,0,1.0,0.23,309.825,-1.5176,37.230000000000004,35.57597732543945,4.98,0.0,0
46592,-2.0460000000000003,67.62700000000001,0.0,0.0,415.44,0.0,0.0,0.0,5.737,0,1.0,0.31,309.825,-3.563,36.6,35.57597732543945,4.98,0.0,0
46592,-1.8760000000000001,67.62700000000001,0.0,0.0,415.5,0.0,0.0,0.0,5.737,0,1.0,0.24,309.69,-3.0682,35.58,35.57597732543945,4.98,0.0,0
46592,-2.5580000000000003,67.62700000000001,0.0,0.0,415.379,0.0,0.0,0.0,5.737,0,1.0,0.26,309.915,2.6393,34.89,35.57597732543945,4.98,0.0,0
46592,-2.217,67.62700000000001,0.0,0.0,415.44,0.0,0.0,0.0,5.737,0,2.0,0.21,309.825,1.3196,35.07,35.57597732543945,4.98,0.0,0
46592,-2.217,67.62700000000001,0.0,0.0,415.56100000000004,0.0,0.0,0.0,5.737,0,0.0,0.215,309.825,3.2991,35.25,35.57597732543945,4.98,0.0,0
46592,-2.217,67.62700000000001,0.0,0.0,415.44,0.0,0.0,0.0,5.737,0,1.0,0.265,309.825,-0.9897,35.7,35.57597732543945,4.98,0.0,0
46592,-2.387,67.62700000000001,0.0,0.0,415.56100000000004,0.0,0.0,0.0,5.737,0,1.0,0.26,309.825,-1.3196,36.21,35.57597732543945,4.98,0.0,0
46592,-2.5580000000000003,67.62700000000001,0.0,0.0,415.379,0.0,0.0,0.0,5.737,0,0.0,0.21,309.69,-1.4846000000000001,36.9,35.57597732543945,4.98,0.0,0
46592,-2.387,67.62700000000001,0.0,0.0,415.19800000000004,0.0,0.0,0.0,5.737,0,0.0,0.23,309.915,0.6598,37.47,35.57597732543945,4.98,0.0,0
46592,-2.387,67.62700000000001,0.0,0.0,415.379,0.0,0.0,0.0,5.737,0,0.0,0.215,309.825,3.9589000000000003,37.71,35.57597732543945,4.98,0.0,0
46592,-2.387,67.62700000000001,0.0,0.0,415.5,0.0,0.0,0.0,5.737,0,0.0,0.27,309.825,3.2991,36.96,35.57597732543945,4.98,0.0,0
46592,-2.387,67.62700000000001,0.0,0.0,415.379,0.0,0.0,0.0,5.737,0,1.0,0.23,309.915,-2.6393,36.42,35.57597732543945,4.98,0.0,0
46592,-2.217,67.62700000000001,0.0,0.0,415.258,0.0,0.0,0.0,5.737,0,0.0,0.23500000000000001,309.825,-0.5279,36.24,35.57597732543945,4.98,0.0,0
46592,-2.217,67.62700000000001,0.0,0.0,415.258,0.0,0.0,0.0,5.737,0,1.0,0.21,309.825,-0.7918000000000001,36.18,35.57597732543945,4.98,0.0,0
46592,-2.217,67.62700000000001,0.0,0.0,415.44,0.0,0.0,0.0,5.737,0,1.0,0.26,309.825,-0.6598,35.43,35.57597732543945,4.98,0.0,0
46592,-2.5580000000000003,67.62700000000001,0.0,0.0,415.5,0.0,0.0,0.0,5.737,0,1.0,0.22,309.69,-0.48660000000000003,34.92,35.57597732543945,4.98,0.0,0
46592,-2.5580000000000003,67.62700000000001,0.0,0.0,415.19800000000004,0.0,0.0,0.0,5.737,0,1.0,0.21,309.825,0.46190000000000003,34.38,35.57597732543945,4.98,0.0,0
46592,-2.217,67.62700000000001,0.0,0.0,414.956,0.0,0.0,0.0,5.737,0,0.0,0.20500000000000002,309.915,-1.4681,34.74,35.57597732543945,4.98,0.0,0
46592,-2.0460000000000003,67.62700000000001,0.0,0.0,415.077,0.0,0.0,0.0,5.737,0,1.0,0.23500000000000001,309.915,1.2537,35.22,35.57597732543945,4.98,0.0,0
46592,-2.387,67.62700000000001,0.0,0.0,415.379,0.0,0.0,0.0,5.737,0,0.0,0.24,309.825,3.4311000000000003,35.28,35.57597732543945,4.98,0.0,0
46592,-2.387,67.62700000000001,0.0,0.0,415.379,0.0,0.0,0.0,5.737,0,0.0,0.225,309.825,-0.7258,36.39,35.57597732543945,4.98,0.0,0
46592,-2.217,67.62700000000001,0.0,0.0,415.19800000000004,0.0,0.0,0.0,5.737,0,0.0,0.27,309.825,-1.1712,37.17,35.57597732543945,4.98,0.0,0
46592,-2.0460000000000003,67.62700000000001,0.0,0.0,415.077,0.0,0.0,0.0,5.737,0,1.0,0.22,309.825,0.39590000000000003,37.47,35.57597732543945,4.98,0.0,0
46592,-2.217,67.62700000000001,0.0,0.0,415.319,0.0,0.0,0.0,5.737,0,0.0,0.20500000000000002,309.69,-0.5031,37.29,35.57597732543945,4.98,0.0,0
46592,-2.387,67.62700000000001,0.0,0.0,415.5,0.0,0.0,0.0,5.737,0,0.0,0.22,309.915,0.8578,36.78,35.57597732543945,4.98,0.0,0
46592,-2.217,67.62700000000001,0.0,0.0,415.137,0.0,0.0,0.0,5.737,0,0.0,0.23500000000000001,309.825,-1.8475000000000001,36.78,35.57597732543945,4.98,0.0,0
46592,-2.217,67.62700000000001,0.0,0.0,415.319,0.0,0.0,0.0,5.737,0,0.0,0.215,309.915,2.3589,36.51,35.57597732543945,4.98,0.0,0
46592,-2.217,67.62700000000001,0.0,0.0,415.622,0.0,0.0,0.0,5.737,0,0.0,0.2,309.825,2.5898000000000003,35.7,35.57597732543945,4.98,0.0,0
46592,-1.8760000000000001,67.62700000000001,0.0,0.0,415.379,0.0,0.0,0.0,5.737,0,0.0,0.225,309.825,0.6598,34.92,35.57597732543945,4.98,0.0,0
46592,-2.217,67.62700000000001,0.0,0.0,415.258,0.0,0.0,0.0,5.737,0,0.0,0.23500000000000001,309.825,-2.7548,34.14,35.57597732543945,4.98,0.0,0
46592,-2.387,67.62700000000001,0.0,0.0,415.56100000000004,0.0,0.0,0.0,5.737,0,0.0,0.21,309.915,0.2474,34.14,35.57597732543945,4.98,0.0,0
46592,-2.217,67.62700000000001,0.0,0.0,415.56100000000004,0.0,0.0,0.0,5.737,0,0.0,0.23,309.825,-1.1217000000000001,34.44,35.57597732543945,4.98,0.0,0
46592,-2.387,67.62700000000001,-0.5,0.0,415.56100000000004,0.0,0.0,0.0,5.737,0,0.0,0.21,309.825,-1.0557,34.56,35.57597732543945,4.98,0.0,0
46592,-2.217,67.62700000000001,0.0,0.0,415.379,0.0,0.0,0.0,5.737,0,1.0,0.2,309.825,-0.39590000000000003,36.03,35.57597732543945,4.98,0.0,0
46592,-2.5580000000000003,67.62700000000001,0.0,0.0,415.258,0.0,0.0,0.0,5.737,0,0.0,0.22,309.825,0.066,37.5,35.57597732543945,4.98,0.0,0
46592,-2.217,67.62700000000001,0.0,0.0,415.56100000000004,0.0,0.0,0.0,5.737,0,0.0,0.24,309.915,2.5073000000000003,37.68,35.57597732543945,4.98,0.0,0
46592,-2.387,67.62700000000001,0.0,0.0,415.5,0.0,0.0,0.0,5.737,0,1.0,0.2,309.69,-0.9567,37.59,35.57597732543945,4.98,0.0,0
46592,-2.217,67.62700000000001,0.0,0.0,415.683,0.0,0.0,0.0,5.737,0,0.0,0.275,309.825,-2.6393,36.72,35.57597732543945,4.98,0.0,0
46592,-2.217,67.62700000000001,0.0,0.0,415.743,0.0,0.0,0.0,5.737,0,0.0,0.215,309.69,-0.3629,36.15,35.57597732543945,4.98,0.0,0
46592,-2.217,67.62700000000001,0.0,0.0,415.683,0.0,0.0,0.0,5.737,0,1.0,0.21,309.825,1.5836000000000001,36.69,35.57597732543945,4.98,0.0,0
46592,-2.217,67.62700000000001,0.0,0.0,415.622,0.0,0.0,0.0,5.737,0,0.0,0.19,309.825,0.7918000000000001,36.78,35.57597732543945,4.98,0.0,0
46592,-2.0460000000000003,67.62700000000001,0.0,0.0,415.743,0.0,0.0,0.0,5.737,0,1.0,0.195,309.69,-1.9795,35.52,35.57597732543945,4.98,0.0,0
46592,-2.217,67.62700000000001,0.5,0.0,415.44,0.0,0.0,0.0,5.737,0,1.0,0.22,309.69,-0.6928000000000001,34.86,35.57597732543945,4.98,0.0,0
46592,-2.387,67.62700000000001,0.0,0.0,415.5,0.0,0.0,0.0,5.737,0,1.0,0.22,309.825,0.2639,33.96,35.57597732543945,4.98,0.0,0
46592,-2.0460000000000003,67.62700000000001,0.0,0.0,415.743,0.0,0.0,0.0,5.737,0,1.0,0.245,309.69,0.7918000000000001,33.9,35.57597732543945,4.98,0.0,0
46592,-2.217,67.62700000000001,0.0,0.0,415.44,0.0,0.0,0.0,5.737,0,1.0,0.23,309.825,4.6188,34.59,35.57597732543945,4.98,0.0,0
46592,-2.217,67.62700000000001,0.0,0.0,415.683,0.0,0.0,0.0,5.737,0,2.0,0.23,309.825,-0.7918000000000001,36.18,35.57597732543945,4.98,0.0,0
46592,-2.387,67.62700000000001,0.0,0.0,415.56100000000004,0.0,0.0,0.0,5.737,0,1.0,0.20500000000000002,309.825,1.4516,37.410000000000004,35.57597732543945,4.98,0.0,0
46592,-2.217,67.62700000000001,0.0,0.0,415.5,0.0,0.0,0.0,5.737,0,1.0,0.215,309.825,-1.3196,38.04,35.57597732543945,4.98,0.0,0
46592,-2.217,67.62700000000001,0.0,0.0,415.743,0.0,0.0,0.0,5.737,0,1.0,0.215,309.69,-3.4311000000000003,37.050000000000004,35.57597732543945,4.98,0.0,0
46592,-2.5580000000000003,67.62700000000001,0.0,0.0,415.86400000000003,0.0,0.0,0.0,5.737,0,0.0,0.245,309.825,0.7918000000000001,36.27,35.57597732543945,4.98,0.0,0
46592,-2.217,67.62700000000001,0.0,0.0,415.44,0.0,0.0,0.0,5.737,0,1.0,0.18,309.825,1.4516,35.58,35.57597732543945,4.98,0.0,0
46592,-2.0460000000000003,67.62700000000001,0.0,0.0,415.44,0.0,0.0,0.0,5.737,0,0.0,0.25,309.825,-3.5301,35.730000000000004,35.57597732543945,4.98,0.0,0
46592,-2.217,67.62700000000001,0.0,0.0,415.803,0.0,0.0,0.0,5.737,0,0.0,0.2,309.915,1.8475000000000001,35.22,35.57597732543945,4.98,0.0,0
46592,-2.217,67.62700000000001,0.0,0.0,415.803,0.0,0.0,0.0,5.737,0,0.0,0.185,309.915,2.6228000000000002,35.13,35.57597732543945,4.98,0.0,0
46592,-2.217,67.62700000000001,0.0,0.0,415.92400000000004,0.0,0.0,0.0,5.737,0,0.0,0.24,309.825,5.6745,34.65,35.57597732543945,4.98,0.0,0
46592,-2.217,67.62700000000001,0.0,0.0,415.803,0.0,0.0,0.0,5.737,0,0.0,0.20500000000000002,309.915,-0.8083,34.53,35.57597732543945,4.98,0.0,0
46592,-2.387,67.62700000000001,0.0,0.0,415.56100000000004,0.0,0.0,0.0,5.737,0,1.0,0.20500000000000002,309.825,0.14850000000000002,33.84,35.57597732543945,4.98,0.0,0
46592,-2.387,67.62700000000001,0.0,0.0,415.319,0.0,0.0,0.0,5.737,0,0.0,0.185,309.69,-1.0310000000000001,34.17,35.57597732543945,4.98,0.0,0
46592,-2.217,67.62700000000001,0.0,0.0,415.622,0.0,0.0,0.0,5.737,0,1.0,0.195,309.825,-6.4663,33.81,35.57597732543945,4.98,0.0,0
46592,-2.217,67.62700000000001,0.0,0.0,415.44,0.0,0.0,0.0,5.737,0,0.0,0.225,309.825,0.39590000000000003,34.92,35.57597732543945,4.98,0.0,0
46592,-2.387,67.62700000000001,0.0,0.0,415.92400000000004,0.0,0.0,0.0,5.737,0,0.0,0.185,309.915,3.6125000000000003,36.27,35.57597732543945,4.98,0.0,0
46592,-2.0460000000000003,67.62700000000001,0.0,0.0,415.985,0.0,0.0,0.0,5.737,0,1.0,0.185,309.915,0.9732000000000001,37.47,35.57597732543945,4.98,0.0,0
46592,-2.217,67.62700000000001,0.0,0.0,415.86400000000003,0.0,0.0,0.0,5.737,0,1.0,0.17,309.825,2.0455,37.2,35.57597732543945,4.98,0.0,0
46592,-2.217,67.62700000000001,0.0,0.0,415.5,0.0,0.0,0.0,5.737,0,0.0,0.23500000000000001,309.69,-2.5981,36.45,35.57597732543945,4.98,0.0,0
46592,-2.217,67.62700000000001,0.0,0.0,415.622,0.0,0.0,0.0,5.737,0,1.0,0.195,309.69,-7.4313,35.22,35.57597732543945,4.98,0.0,0
46592,-2.387,67.62700000000001,0.0,0.0,415.56100000000004,0.0,0.0,0.0,5.737,0,1.0,0.215,309.6,-4.4456,34.92,35.57597732543945,4.98,0.0,0
46592,-2.899,67.62700000000001,0.0,0.0,415.5,0.0,0.0,0.0,5.737,0,0.0,0.17,309.825,0.2639,34.980000000000004,35.57597732543945,4.98,0.0,0
46592,-2.899,67.62700000000001,0.0,0.0,415.5,0.0,0.0,0.0,5.737,0,0.0,0.20500000000000002,309.69,-0.7918000000000001,35.1,35.57597732543945,4.98,0.0,0
46592,-2.217,67.62700000000001,0.0,0.0,415.379,0.0,0.0,0.0,5.737,0,0.0,0.18,309.915,4.3136,34.68,35.57597732543945,4.98,0.0,0
46592,-2.217,67.62700000000001,0.0,0.0,415.379,0.0,0.0,0.0,5.737,0,0.0,0.185,309.825,4.5528,34.26,35.57597732543945,4.98,0.0,0
46592,-2.217,67.62700000000001,0.0,0.0,415.44,0.0,0.0,0.0,5.737,0,0.0,0.115,309.825,5.0559,33.57,35.57597732543945,4.98,0.0,0
46592,-2.387,67.62700000000001,0.0,0.0,415.19800000000004,0.0,0.0,0.0,5.737,0,0.0,0.225,309.825,-0.18150000000000002,33.39,35.57597732543945,4.98,0.0,0
46592,-2.217,67.62700000000001,0.0,0.0,415.319,0.0,0.0,0.0,5.737,0,1.0,0.19,309.825,0.9402,33.87,35.57597732543945,4.98,0.0,0
46592,-2.0460000000000003,67.62700000000001,0.0,0.0,415.077,0.0,0.0,0.0,5.737,0,1.0,0.135,309.825,1.3196,35.52,35.57597732543945,4.98,0.0,0
46592,-2.217,67.62700000000001,0.5,0.0,414.77500000000003,0.0,0.0,0.0,5.737,0,0.0,0.165,309.825,0.132,36.72,35.57597732543945,4.98,0.0,0
46592,-2.387,67.62700000000001,0.0,0.0,415.44,0.0,0.0,0.0,5.737,0,1.0,0.165,309.915,-5.1631,37.2,35.57597732543945,4.98,0.0,0
46592,-2.217,67.62700000000001,0.0,0.0,415.379,0.0,0.0,0.0,5.737,0,0.0,0.195,309.825,-2.8372,36.78,35.57597732543945,4.98,0.0,0
46592,-2.0460000000000003,67.62700000000001,-0.5,0.0,415.319,0.0,0.0,0.0,5.737,0,0.0,0.21,309.915,6.3838,36.15,35.57597732543945,4.98,0.0,0
46592,-2.387,67.62700000000001,0.0,0.0,415.622,0.0,0.0,0.0,5.737,0,0.0,0.185,309.825,-0.1567,35.1,35.57597732543945,4.98,0.0,0
46592,-2.217,67.62700000000001,0.0,0.0,415.5,0.0,0.0,0.0,5.737,0,0.0,0.20500000000000002,309.825,-4.7507,34.26,35.57597732543945,4.98,0.0,0
46592,-2.387,67.62700000000001,0.5,0.0,415.5,0.0,0.0,0.0,5.737,0,0.0,0.18,309.825,-2.4249,33.93,35.57597732543945,4.98,0.0,0
46592,-2.387,67.62700000000001,0.0,0.0,415.137,0.0,0.0,0.0,5.737,0,0.0,0.17500000000000002,309.825,1.9795,33.42,35.57597732543945,4.98,0.0,0
46592,-2.217,67.62700000000001,0.0,0.0,415.319,0.0,0.0,0.0,5.737,0,0.0,0.21,309.825,-0.39590000000000003,33.660000000000004,35.57597732543945,4.98,0.0,0
46592,-2.217,67.62700000000001,0.0,0.0,415.56100000000004,0.0,0.0,0.0,5.737,0,0.0,0.17500000000000002,309.825,0.9897,34.62,35.57597732543945,4.98,0.0,0
46592,-2.0460000000000003,67.62700000000001,0.0,0.0,415.19800000000004,0.0,0.0,0.0,5.737,0,0.0,0.165,309.825,3.1012,34.65,35.57597732543945,4.98,0.0,0
46592,-2.0460000000000003,67.62700000000001,0.0,0.0,415.622,0.0,0.0,0.0,5.737,0,0.0,0.18,309.69,-0.899,35.160000000000004,35.57597732543945,4.98,0.0,0
46592,-1.8760000000000001,67.62700000000001,0.0,0.0,415.5,0.0,0.0,0.0,5.737,0,1.0,0.16,309.825,-2.7053000000000003,35.85,35.57597732543945,4.98,0.0,0
46592,-2.217,67.62700000000001,0.0,0.0,415.5,0.0,0.0,0.0,5.737,0,0.0,0.16,309.825,-2.7713,35.85,35.57597732543945,4.98,0.0,0
46592,-2.217,67.62700000000001,0.0,0.0,415.319,0.0,0.0,0.0,5.737,0,0.0,0.135,309.69,-1.2207000000000001,36.21,35.57597732543945,4.98,0.0,0
46592,-2.217,67.62700000000001,0.0,0.0,415.56100000000004,0.0,0.0,0.0,5.737,0,1.0,0.19,309.825,1.3196,36.18,35.57597732543945,4.98,0.0,0
46592,-2.217,67.62700000000001,0.0,0.0,415.379,0.0,0.0,0.0,5.737,0,0.0,0.145,309.915,-2.1774,35.85,35.57597732543945,4.98,0.0,0
46592,-2.0460000000000003,67.62700000000001,0.0,0.0,415.44,0.0,0.0,0.0,5.737,0,0.0,0.19,309.825,1.1877,35.7,35.57597732543945,4.98,0.0,0
46592,-2.217,67.62700000000001,0.0,0.0,415.379,0.0,0.0,0.0,5.737,0,1.0,0.165,309.825,1.0557,35.7,35.57597732543945,4.98,0.0,0
46592,-2.217,67.62700000000001,0.0,0.0,415.077,0.0,0.0,0.0,5.737,0,1.0,0.17500000000000002,309.69,-4.6188,36.18,35.57597732543945,4.98,0.0,0
46592,-2.217,67.62700000000001,0.0,0.0,415.5,0.0,0.0,0.0,5.737,0,0.0,0.17500000000000002,309.825,-3.1672000000000002,35.97,35.57597732543945,4.98,0.0,0
46592,-1.8760000000000001,67.62700000000001,0.0,0.0,415.743,0.0,0.0,0.0,5.737,0,1.0,0.155,309.915,4.6188,35.160000000000004,35.57597732543945,4.98,0.0,0
46592,-2.217,67.62700000000001,0.0,0.0,415.56100000000004,0.0,0.0,0.0,5.737,0,1.0,0.18,309.69,3.1672000000000002,34.230000000000004,35.57597732543945,4.98,0.0,0
46592,-2.217,67.62700000000001,0.0,0.0,415.56100000000004,0.0,0.0,0.0,5.737,0,1.0,0.17,309.915,-2.3754,33.24,35.57597732543945,4.98,0.0,0
46592,-2.217,67.62700000000001,0.0,0.0,415.56100000000004,0.0,0.0,0.0,5.737,0,1.0,0.17500000000000002,309.825,-3.629,33.45,35.57597732543945,4.98,0.0,0
46592,-2.217,67.62700000000001,0.0,0.0,415.5,0.0,0.0,0.0,5.737,0,1.0,0.17500000000000002,309.915,5.4106000000000005,34.89,35.57597732543945,4.98,0.0,0
46592,-2.217,67.62700000000001,0.0,0.0,415.86400000000003,0.0,0.0,0.0,5.737,0,0.0,0.2,309.825,2.7053000000000003,36.480000000000004,35.57597732543945,4.98,0.0,0
46592,-2.217,67.62700000000001,0.0,0.0,415.258,0.0,0.0,0.0,5.737,0,0.0,0.195,309.825,-0.5279,37.17,35.57597732543945,4.98,0.0,0
46592,-2.217,67.62700000000001,0.0,0.0,415.379,0.0,0.0,0.0,5.737,0,0.0,0.135,309.825,0.5938,36.09,35.57597732543945,4.98,0.0,0
46592,-2.0460000000000003,67.62700000000001,0.0,0.0,415.86400000000003,0.0,0.0,0.0,5.737,0,0.0,0.16,309.69,-1.4516,35.25,35.57597732543945,4.98,0.0,0
46592,-2.217,67.62700000000001,0.0,0.0,415.683,0.0,0.0,0.0,5.737,0,1.0,0.17,309.915,-4.8167,35.01,35.57597732543945,4.98,0.0,0
46592,-2.217,67.62700000000001,0.0,0.0,415.258,0.0,0.0,0.0,5.737,0,0.0,0.165,309.825,0.2639,34.77,35.57597732543945,4.98,0.0,0
46592,-2.217,67.62700000000001,0.0,0.0,415.56100000000004,0.0,0.0,0.0,5.737,0,0.0,0.165,309.825,1.2207000000000001,34.980000000000004,35.57597732543945,4.98,0.0,0
46592,-2.217,67.62700000000001,0.0,0.0,415.56100000000004,0.0,0.0,0.0,5.737,0,0.0,0.165,309.915,-0.6598,34.89,35.57597732543945,4.98,0.0,0
46592,-2.0460000000000003,67.62700000000001,-0.5,0.0,415.622,0.0,0.0,0.0,5.737,0,0.0,0.155,309.915,1.5176,34.62,35.57597732543945,4.98,0.0,0
46592,-2.217,67.62700000000001,0.0,0.0,415.19800000000004,0.0,0.0,0.0,5.737,0,1.0,0.13,309.915,-0.132,34.11,35.57597732543945,4.98,0.0,0
46592,-2.0460000000000003,67.62700000000001,0.0,0.0,415.19800000000004,0.0,0.0,0.0,5.737,0,0.0,0.165,309.825,0.066,34.5,35.57597732543945,4.98,0.0,0
46592,-2.217,67.62700000000001,0.0,0.0,415.86400000000003,0.0,0.0,0.0,5.737,0,1.0,0.19,309.69,-3.6950000000000003,34.83,35.57597732543945,4.98,0.0,0
46592,-2.217,67.62700000000001,0.0,0.0,415.56100000000004,0.0,0.0,0.0,5.737,0,0.0,0.185,309.915,-2.3754,36.12,35.57597732543945,4.98,0.0,0
46592,-2.217,67.62700000000001,0.0,0.0,415.56100000000004,0.0,0.0,0.0,5.737,0,0.0,0.125,309.825,0.0,36.93,35.57597732543945,4.98,0.0,0
46592,-2.0460000000000003,67.62700000000001,0.0,0.0,415.622,0.0,0.0,0.0,5.737,0,1.0,0.165,309.915,4.5858,36.24,35.57597732543945,4.98,0.0,0
46592,-2.387,67.62700000000001,0.0,0.0,415.622,0.0,0.0,0.0,5.737,0,2.0,0.15,309.915,4.1157,36.06,35.57597732543945,4.98,0.0,0
46592,-2.217,67.62700000000001,0.0,0.0,415.44,0.0,0.0,0.0,5.737,0,1.0,0.14,309.825,2.3259000000000003,35.1,35.57597732543945,4.98,0.0,0
46592,-2.0460000000000003,67.62700000000001,0.0,0.0,415.319,0.0,0.0,0.0,5.737,0,0.0,0.145,309.825,-0.7918000000000001,34.95,35.57597732543945,4.98,0.0,0
46592,-2.217,67.62700000000001,0.0,0.0,415.743,0.0,0.0,0.0,5.737,0,1.0,0.16,309.825,-1.4351,36.0,35.57597732543945,4.98,0.0,0
46592,-2.217,67.62700000000001,0.0,0.0,415.683,0.0,0.0,0.0,5.737,0,0.0,0.14,309.69,-3.2084,37.08,35.57597732543945,4.98,0.0,0
46592,-2.217,67.62700000000001,0.0,0.0,415.379,0.0,0.0,0.0,5.737,0,0.0,0.155,309.915,-0.0825,36.87,35.57597732543945,4.98,0.0,0
46592,-2.217,67.62700000000001,-0.5,0.0,415.56100000000004,0.0,0.0,0.0,5.737,0,1.0,0.17500000000000002,309.825,1.1217000000000001,36.33,35.57597732543945,4.98,0.0,0
46592,-2.0460000000000003,67.62700000000001,0.0,0.0,415.319,0.0,0.0,0.0,5.737,0,1.0,0.14,309.825,-0.9485,35.82,35.57597732543945,4.98,0.0,0
46592,-2.0460000000000003,67.62700000000001,0.0,0.0,415.56100000000004,0.0,0.0,0.0,5.737,0,1.0,0.135,309.915,0.8578,35.07,35.57597732543945,4.98,0.0,0
46592,-2.217,67.62700000000001,0.0,0.0,415.86400000000003,0.0,0.0,0.0,5.737,0,0.0,0.15,309.825,2.9692000000000003,34.38,35.57597732543945,4.98,0.0,0
46592,-2.387,67.62700000000001,0.0,0.0,415.743,0.0,0.0,0.0,5.737,0,1.0,0.12,309.915,2.4908,34.68,35.57597732543945,4.98,0.0,0
46592,-2.217,67.62700000000001,0.0,0.0,415.86400000000003,0.0,0.0,0.0,5.737,0,1.0,0.16,309.825,-0.5114000000000001,35.64,35.57597732543945,4.98,0.0,0
46592,-2.217,67.62700000000001,0.0,0.0,415.743,0.0,0.0,0.0,5.737,0,0.0,0.1,309.825,-5.2126,37.2,35.57597732543945,4.98,0.0,0
46592,-2.217,67.62700000000001,0.0,0.0,415.803,0.0,0.0,0.0,5.737,0,1.0,0.17500000000000002,309.915,0.066,38.25,35.57597732543945,4.98,0.0,0
46592,-2.217,67.62700000000001,0.0,0.0,415.743,0.0,0.0,0.0,5.737,0,1.0,0.115,309.825,2.5733,38.04,35.57597732543945,4.98,0.0,0
46592,-2.0460000000000003,67.62700000000001,0.0,0.0,415.803,0.0,0.0,0.0,5.737,0,1.0,0.16,309.69,-2.6146000000000003,37.68,35.57597732543945,4.98,0.0,0
46592,-2.217,67.62700000000001,0.0,0.0,415.56100000000004,0.0,0.0,0.0,5.737,0,1.0,0.135,309.825,-3.1012,36.63,35.57597732543945,4.98,0.0,0
46592,-2.217,67.62700000000001,0.0,0.0,415.319,0.0,0.0,0.0,5.737,0,1.0,0.13,309.915,-0.6763,36.18,35.57597732543945,4.98,0.0,0
46592,-2.217,67.62700000000001,0.0,0.0,415.379,0.0,0.0,0.0,5.737,0,0.0,0.135,309.825,3.6950000000000003,35.64,35.57597732543945,4.98,0.0,0
46592,-2.0460000000000003,67.62700000000001,0.0,0.0,415.5,0.0,0.0,0.0,5.737,0,1.0,0.11,309.825,0.0,35.28,35.57597732543945,4.98,0.0,0
46592,-2.217,67.62700000000001,0.0,0.0,415.258,0.0,0.0,0.0,5.737,0,1.0,0.125,309.915,-0.0825,34.86,35.57597732543945,4.98,0.0,0
46592,-1.8760000000000001,67.62700000000001,0.0,0.0,415.016,0.0,0.0,0.0,5.737,0,0.0,0.17,309.915,3.3486000000000002,34.56,35.57597732543945,4.98,0.0,0
46592,-2.217,67.62700000000001,0.0,0.0,415.258,0.0,0.0,0.0,5.737,0,0.0,0.135,309.825,0.2639,34.83,35.57597732543945,4.98,0.0,0
46592,-2.0460000000000003,67.62700000000001,0.0,0.0,415.19800000000004,0.0,0.0,0.0,5.737,0,2.0,0.115,309.915,-1.3196,35.550000000000004,35.57597732543945,4.98,0.0,0
46592,-2.217,67.62700000000001,-0.5,0.0,415.19800000000004,0.0,0.0,0.0,5.737,0,2.0,0.155,309.825,-0.7918000000000001,37.2,35.57597732543945,4.98,0.0,0
46592,-2.0460000000000003,67.62700000000001,0.0,0.0,415.19800000000004,0.0,0.0,0.0,5.737,0,2.0,0.18,309.825,-1.0557,37.35,35.57597732543945,4.98,0.0,0
46592,-1.5350000000000001,67.62700000000001,0.0,0.0,415.44,0.0,0.0,0.0,5.737,0,1.0,0.125,309.915,0.46190000000000003,38.7,35.57597732543945,4.98,0.0,0
46592,-2.217,67.62700000000001,0.0,0.0,415.379,0.0,0.0,0.0,5.737,0,1.0,0.125,309.825,-1.0557,38.04,35.57597732543945,4.98,0.0,0
46592,-2.217,67.62700000000001,0.0,0.0,415.258,0.0,0.0,0.0,5.737,0,1.0,0.125,309.825,0.5279,36.78,35.57597732543945,4.98,0.0,0
46592,-2.217,67.62700000000001,0.0,0.0,415.319,0.0,0.0,0.0,5.737,0,1.0,0.13,309.915,-2.2434000000000003,36.0,35.57597732543945,4.98,0.0,0
46592,-2.217,67.62700000000001,0.0,0.0,415.44,0.0,0.0,0.0,5.737,0,1.0,0.12,309.915,-0.066,35.7,35.57597732543945,4.98,0.0,0
46592,-2.217,67.62700000000001,0.0,0.0,415.19800000000004,0.0,0.0,0.0,5.737,0,1.0,0.155,309.825,1.9795,36.0,35.57597732543945,4.98,0.0,0
46592,-2.217,67.62700000000001,0.0,0.0,415.258,0.0,0.0,0.0,5.737,0,2.0,0.145,309.69,-1.9465000000000001,35.79,35.57597732543945,4.98,0.0,0
46592,-2.217,67.62700000000001,0.0,0.0,415.379,0.0,0.0,0.0,5.737,0,1.0,0.12,309.825,-1.9795,35.730000000000004,35.57597732543945,4.98,0.0,0
46592,-2.217,67.62700000000001,0.0,0.0,415.258,0.0,0.0,0.0,5.737,0,1.0,0.155,309.915,1.7815,35.79,35.57597732543945,4.98,0.0,0
46592,-2.217,67.62700000000001,0.0,0.0,415.19800000000004,0.0,0.0,0.0,5.737,0,1.0,0.14,309.915,5.6745,35.37,35.57597732543945,4.98,0.0,0
46592,-2.217,67.62700000000001,0.0,0.0,415.319,0.0,0.0,0.0,5.737,0,1.0,0.14,309.69,-2.5403000000000002,34.86,35.57597732543945,4.98,0.0,0
46592,-2.217,67.62700000000001,0.0,0.0,415.56100000000004,0.0,0.0,0.0,5.737,0,1.0,0.13,309.825,-5.1466,34.86,35.57597732543945,4.98,0.0,0
46592,-2.217,67.62700000000001,0.0,0.0,415.56100000000004,0.0,0.0,0.0,5.737,0,1.0,0.195,309.915,-0.7918000000000001,36.21,35.57597732543945,4.98,0.0,0
46592,-2.217,67.62700000000001,-0.5,0.0,415.56100000000004,0.0,0.0,0.0,5.737,0,1.0,0.155,309.915,3.8270000000000004,37.29,35.57597732543945,4.98,0.0,0
46592,-2.217,67.62700000000001,0.0,0.0,415.19800000000004,0.0,0.0,0.0,5.737,0,1.0,0.12,309.69,0.8908,37.47,35.57597732543945,4.98,0.0,0
46592,-2.217,67.62700000000001,0.0,0.0,415.258,0.0,0.0,0.0,5.737,0,1.0,0.16,309.825,-1.8475000000000001,37.800000000000004,35.57597732543945,4.98,0.0,0
46592,-2.387,67.62700000000001,0.0,0.0,415.19800000000004,0.0,0.0,0.0,5.737,0,1.0,0.12,309.825,2.4413,37.08,35.57597732543945,4.98,0.0,0
46592,-2.0460000000000003,67.62700000000001,0.5,0.0,415.016,0.0,0.0,0.0,5.737,0,1.0,0.135,309.915,4.6188,36.480000000000004,35.57597732543945,4.98,0.0,0
46592,-2.217,67.62700000000001,0.0,0.0,415.19800000000004,0.0,0.0,0.0,5.742,0,0.0,0.115,309.915,0.46190000000000003,36.12,35.57597732543945,4.98,0.0,0
46592,-2.0460000000000003,67.62700000000001,0.0,0.0,415.19800000000004,0.0,0.0,0.0,5.737,0,2.0,0.135,309.825,0.2639,35.88,35.57597732543945,4.98,0.0,0
46592,-2.217,67.62700000000001,0.0,0.0,415.016,0.0,0.0,0.0,5.737,0,1.0,0.115,309.825,-0.9897,35.25,35.57597732543945,4.98,0.0,0
46592,-2.0460000000000003,67.62700000000001,0.0,0.0,415.379,0.0,0.0,0.0,5.737,0,1.0,0.17500000000000002,309.825,-0.2639,34.68,35.57597732543945,4.98,0.0,0
46592,-1.5350000000000001,67.62700000000001,0.0,0.0,415.258,0.0,0.0,0.0,5.742,0,0.0,0.135,309.915,1.5176,35.04,35.57597732543945,4.98,0.0,0
46592,-2.387,67.62700000000001,0.0,0.0,415.5,0.0,0.0,0.0,5.742,0,0.0,0.145,309.69,-1.7155,35.52,35.57597732543945,4.98,0.0,0
46592,-2.217,67.62700000000001,0.0,0.0,415.5,0.0,0.0,0.0,5.742,0,1.0,0.13,309.69,-3.8600000000000003,37.410000000000004,35.57597732543945,4.98,0.0,0
46592,-1.8760000000000001,67.62700000000001,0.0,0.0,415.56100000000004,0.0,0.0,0.0,5.742,0,2.0,0.115,309.915,-3.2991,37.83,35.57597732543945,4.98,0.0,0
46592,-2.217,67.62700000000001,0.0,0.0,415.683,0.0,0.0,0.0,5.742,0,0.0,0.125,309.825,5.4435,38.07,35.57597732543945,4.98,0.0,0
46592,-2.0460000000000003,67.62700000000001,0.0,0.0,415.44,0.0,0.0,0.0,5.742,0,1.0,0.105,309.825,3.9589000000000003,37.56,35.57597732543945,4.98,0.0,0
46592,-1.8760000000000001,67.62700000000001,0.0,0.0,415.44,0.0,0.0,0.0,5.742,0,1.0,0.125,309.825,-3.629,37.02,35.57597732543945,4.98,0.0,0
46592,-2.387,67.62700000000001,0.0,0.0,415.379,0.0,0.0,0.0,5.742,0,1.0,0.12,309.825,0.0,37.08,35.57597732543945,4.98,0.0,0
46592,-2.217,67.62700000000001,0.0,0.0,415.379,0.0,0.0,0.0,5.742,0,0.0,0.15,309.825,0.0,37.08,35.57597732543945,4.98,0.0,0
46592,-2.0460000000000003,67.62700000000001,0.0,0.0,415.379,0.0,0.0,0.0,5.742,0,1.0,0.13,309.825,0.0,36.480000000000004,35.57597732543945,4.98,0.0,0
46592,-2.217,67.62700000000001,0.0,0.0,415.319,0.0,0.0,0.0,5.742,0,1.0,0.13,309.825,-1.7815,36.03,35.57597732543945,4.98,0.0,0
46592,-2.387,67.62700000000001,0.0,0.0,415.258,0.0,0.0,0.0,5.742,0,0.0,0.145,309.915,1.6331,35.49,35.57597732543945,4.98,0.0,0
46592,-2.387,67.62700000000001,0.0,0.0,415.44,0.0,0.0,0.0,5.742,0,1.0,0.135,309.69,4.9734,35.37,35.57597732543945,4.98,0.0,0
46592,-2.217,67.62700000000001,0.0,0.0,415.683,0.0,0.0,0.0,5.742,0,0.0,0.11,309.825,-1.7815,35.46,35.57597732543945,4.98,0.0,0
46592,-2.0460000000000003,67.62700000000001,0.0,0.0,415.137,0.0,0.0,0.0,5.742,0,1.0,0.145,309.825,-4.998200000000001,35.82,35.57597732543945,4.98,0.0,0
46592,-2.387,67.62700000000001,0.0,0.0,415.137,0.0,0.0,0.0,5.742,0,0.0,0.12,309.915,3.6950000000000003,36.9,35.57597732543945,4.98,0.0,0
46592,-2.0460000000000003,67.62700000000001,0.0,0.0,415.258,0.0,0.0,0.0,5.742,0,1.0,0.16,309.825,2.8372,37.44,35.57597732543945,4.98,0.0,0
46592,-2.0460000000000003,67.62700000000001,0.0,0.0,415.319,0.0,0.0,0.0,5.742,0,0.0,0.095,309.69,-4.9899000000000004,37.38,35.57597732543945,4.98,0.0,0
46592,-2.0460000000000003,67.62700000000001,0.0,0.0,415.319,0.0,0.0,0.0,5.742,0,1.0,0.115,309.69,-5.9632000000000005,36.96,35.57597732543945,4.98,0.0,0
46592,-2.217,67.62700000000001,0.0,0.0,415.19800000000004,0.0,0.0,0.0,5.742,0,0.0,0.13,309.915,0.0495,36.93,35.57597732543945,4.98,0.0,0
46592,-2.0460000000000003,67.62700000000001,0.0,0.0,415.379,0.0,0.0,0.0,5.742,0,1.0,0.135,309.825,5.7817,37.17,35.57597732543945,4.98,0.0,0
46592,-2.387,67.62700000000001,0.0,0.0,415.379,0.0,0.0,0.0,5.742,0,1.0,0.16,309.915,7.2168,36.93,35.57597732543945,4.98,0.0,0
46592,-2.217,67.62700000000001,0.0,0.0,415.137,0.0,0.0,0.0,5.742,0,1.0,0.115,309.915,-4.1569,36.480000000000004,35.57597732543945,4.98,0.0,0
46592,-1.8760000000000001,67.62700000000001,0.0,0.0,415.19800000000004,0.0,0.0,0.0,5.742,0,1.0,0.15,309.825,-3.6950000000000003,34.980000000000004,35.57597732543945,4.98,0.0,0
46592,-2.217,67.62700000000001,0.0,0.0,415.319,0.0,0.0,0.0,5.742,0,1.0,0.07,309.825,-0.6433,33.75,35.57597732543945,4.98,0.0,0
46592,-2.217,67.62700000000001,0.0,0.0,415.379,0.0,0.0,0.0,5.742,0,0.0,0.14,309.825,0.8330000000000001,33.96,35.57597732543945,4.98,0.0,0
46592,-2.217,67.62700000000001,0.0,0.0,415.56100000000004,0.0,0.0,0.0,5.742,0,0.0,0.085,309.915,0.5114000000000001,34.56,35.57597732543945,4.98,0.0,0
46592,-1.8760000000000001,67.62700000000001,0.0,0.0,415.985,0.0,0.0,0.0,5.742,0,0.0,0.11,309.69,-1.2289,35.58,35.57597732543945,4.98,0.0,0
46592,-2.217,67.62700000000001,0.0,0.0,415.86400000000003,0.0,0.0,0.0,5.742,0,1.0,0.12,309.69,-2.1527000000000003,36.27,35.57597732543945,4.98,0.0,0
46592,-1.8760000000000001,67.62700000000001,0.0,0.0,415.743,0.0,0.0,0.0,5.742,0,2.0,0.12,309.69,-4.2641,37.11,35.57597732543945,4.98,0.0,0
46592,-2.0460000000000003,67.62700000000001,0.0,0.0,415.743,0.0,0.0,0.0,5.742,0,1.0,0.095,309.915,5.1714,36.660000000000004,35.57597732543945,4.98,0.0,0
46592,-2.217,67.62700000000001,0.0,0.0,415.5,0.0,0.0,0.0,5.742,0,1.0,0.105,309.915,7.6375,36.36,35.57597732543945,4.98,0.0,0
46592,-2.217,67.62700000000001,0.0,0.0,415.743,0.0,0.0,0.0,5.742,0,1.0,0.115,309.915,2.4001,36.45,35.57597732543945,4.98,0.0,0
46592,-1.705,67.62700000000001,0.0,0.0,415.743,0.0,0.0,0.0,5.742,0,0.0,0.1,309.915,1.4186,36.51,35.57597732543945,4.98,0.0,0
46592,-2.217,67.62700000000001,0.0,0.0,415.319,0.0,0.0,0.0,5.742,0,1.0,0.145,309.825,-2.9032,36.39,35.57597732543945,4.98,0.0,0
46592,-1.8760000000000001,67.62700000000001,0.0,0.0,415.258,0.0,0.0,0.0,5.742,0,0.0,0.065,309.915,-2.9032,36.72,35.57597732543945,4.98,0.0,0
46592,-2.0460000000000003,67.62700000000001,0.0,0.0,415.44,0.0,0.0,0.0,5.742,0,0.0,0.1,309.915,0.132,36.0,35.57597732543945,4.98,0.0,0
46592,-2.217,67.62700000000001,0.0,0.0,415.743,0.0,0.0,0.0,5.742,0,0.0,0.115,309.69,-5.4435,35.34,35.57597732543945,4.98,0.0,0
46592,-2.0460000000000003,67.62700000000001,0.0,0.0,415.379,0.0,0.0,0.0,5.742,0,0.0,0.105,309.825,-2.5073000000000003,35.22,35.57597732543945,4.98,0.0,0
46592,-2.217,67.62700000000001,0.0,0.0,415.258,0.0,0.0,0.0,5.742,0,1.0,0.08,309.915,3.1672000000000002,33.78,35.57597732543945,4.98,0.0,0
46592,-1.8760000000000001,67.62700000000001,0.0,0.0,415.319,0.0,0.0,0.0,5.742,0,0.0,0.0,309.825,3.9589000000000003,33.72,35.57597732543945,4.98,0.0,0
46592,-2.0460000000000003,67.62700000000001,0.0,0.0,415.56100000000004,0.0,0.0,0.0,5.742,0,0.0,0.085,309.69,1.9465000000000001,34.77,35.57597732543945,4.98,0.0,0
46592,-2.0460000000000003,67.62700000000001,0.0,0.0,415.077,0.0,0.0,0.0,5.742,0,1.0,0.065,309.825,-3.4311000000000003,36.72,35.57597732543945,4.98,0.0,0
46592,-2.217,67.62700000000001,0.0,0.0,415.19800000000004,0.0,0.0,0.0,5.742,0,0.0,0.12,309.915,2.0455,37.47,35.57597732543945,4.98,0.0,0
46592,-2.0460000000000003,67.62700000000001,0.0,0.0,415.379,0.0,0.0,0.0,5.742,0,0.0,0.065,309.825,4.8827,37.26,35.57597732543945,4.98,0.0,0
46592,-2.217,67.62700000000001,-0.5,0.0,415.56100000000004,0.0,0.0,0.0,5.742,0,1.0,0.125,309.825,0.5279,36.480000000000004,35.57597732543945,4.98,0.0,0
46592,-1.705,67.62700000000001,0.0,0.0,415.56100000000004,0.0,0.0,0.0,5.742,0,1.0,0.025,309.825,-3.4311000000000003,36.12,35.57597732543945,4.98,0.0,0
46592,-1.705,67.62700000000001,-0.5,0.0,415.5,0.0,0.0,0.0,5.742,0,0.0,0.08,309.825,-3.1672000000000002,35.88,35.57597732543945,4.98,0.0,0
46592,-2.217,67.62700000000001,0.0,0.0,415.44,0.0,0.0,0.0,5.742,0,0.0,0.105,309.69,-2.3754,36.33,35.57597732543945,4.98,0.0,0
46592,-2.217,67.62700000000001,0.0,0.0,415.44,0.0,0.0,0.0,5.742,0,0.0,0.055,309.825,2.6393,36.18,35.57597732543945,4.98,0.0,0
46592,-2.217,67.62700000000001,0.0,0.0,415.077,0.0,0.0,0.0,5.742,0,0.0,0.055,309.825,0.9238000000000001,35.94,35.57597732543945,4.98,0.0,0
46592,-2.217,67.62700000000001,0.0,0.0,415.19800000000004,0.0,0.0,0.0,5.742,0,1.0,0.09,309.825,-0.099,35.13,35.57597732543945,4.98,0.0,0
46592,-2.0460000000000003,67.62700000000001,0.0,0.0,415.379,0.0,0.0,0.0,5.742,0,0.0,0.025,309.69,-2.7713,33.87,35.57597732543945,4.98,0.0,0
46592,-2.0460000000000003,67.62700000000001,0.0,0.0,415.379,0.0,0.0,0.0,5.742,0,2.0,0.05,309.69,-4.651800000000001,34.05,35.57597732543945,4.98,0.0,0
46592,-2.0460000000000003,67.62700000000001,0.0,0.0,415.56100000000004,0.0,0.0,0.0,5.742,0,0.0,0.11,309.69,-3.1672000000000002,34.89,35.57597732543945,4.98,0.0,0
46592,-2.217,67.62700000000001,-0.5,0.0,415.56100000000004,0.0,0.0,0.0,5.742,0,0.0,0.115,309.825,3.0682,36.24,35.57597732543945,4.98,0.0,0
46592,-2.217,67.62700000000001,0.0,0.0,415.19800000000004,0.0,0.0,0.0,5.742,0,1.0,0.05,309.825,3.9589000000000003,37.29,35.57597732543945,4.98,0.0,0
46592,-1.705,67.62700000000001,0.0,0.0,415.258,0.0,0.0,0.0,5.742,0,1.0,0.095,309.915,2.4743,37.86,35.57597732543945,4.98,0.0,0
46592,-1.8760000000000001,67.62700000000001,0.0,0.0,415.19800000000004,0.0,0.0,0.0,5.742,0,1.0,0.145,309.825,2.1114,37.410000000000004,35.57597732543945,4.98,0.0,0
46592,-2.0460000000000003,67.62700000000001,0.0,0.0,415.379,0.0,0.0,0.0,5.742,0,1.0,0.075,309.825,0.5279,36.15,35.57597732543945,4.98,0.0,0
46592,-2.0460000000000003,67.62700000000001,0.0,0.0,415.319,0.0,0.0,0.0,5.742,0,1.0,0.03,309.825,-5.4106000000000005,34.92,35.57597732543945,4.98,0.0,0
46592,-2.0460000000000003,67.62700000000001,-0.5,0.0,415.19800000000004,0.0,0.0,0.0,5.742,0,0.0,0.085,309.915,0.9897,34.74,35.57597732543945,4.98,0.0,0
46592,-2.0460000000000003,67.62700000000001,0.0,0.0,415.319,0.0,0.0,0.0,5.742,0,1.0,0.055,309.825,3.0352,34.800000000000004,35.57597732543945,4.98,0.0,0
46592,-2.0460000000000003,67.62700000000001,0.0,0.0,415.56100000000004,0.0,0.0,0.0,5.742,0,0.0,0.075,309.69,-4.3878,35.07,35.57597732543945,4.98,0.0,0
46592,-1.8760000000000001,67.62700000000001,0.0,0.0,415.56100000000004,0.0,0.0,0.0,5.742,0,0.0,0.095,309.69,-5.2538,35.13,35.57597732543945,4.98,0.0,0
46592,-2.0460000000000003,67.62700000000001,0.0,0.0,415.5,0.0,0.0,0.0,5.742,0,0.0,0.095,309.825,-1.3032000000000001,34.89,35.57597732543945,4.98,0.0,0
46592,-1.8760000000000001,67.62700000000001,0.0,0.0,415.56100000000004,0.0,0.0,0.0,5.742,0,1.0,0.065,309.69,-0.7011000000000001,34.92,35.57597732543945,4.98,0.0,0
46592,-2.387,67.62700000000001,0.0,0.0,415.743,0.0,0.0,0.0,5.742,0,2.0,0.09,309.69,2.3754,34.62,35.57597732543945,4.98,0.0,0
46592,-1.8760000000000001,67.62700000000001,0.0,0.0,415.622,0.0,0.0,0.0,5.742,0,1.0,0.105,309.825,-0.6433,35.28,35.57597732543945,4.98,0.0,0
46592,-2.0460000000000003,67.62700000000001,0.0,0.0,415.44,0.0,0.0,0.0,5.742,0,0.0,0.095,309.825,0.37120000000000003,36.39,35.57597732543945,4.98,0.0,0
46592,-2.217,67.62700000000001,0.0,0.0,415.683,0.0,0.0,0.0,5.742,0,1.0,0.07,309.825,3.5136000000000003,37.11,35.57597732543945,4.98,0.0,0
46592,-1.5350000000000001,67.62700000000001,0.0,0.0,415.622,0.0,0.0,0.0,5.742,0,0.0,0.165,309.825,-1.6496000000000002,37.11,35.57597732543945,4.98,0.0,0
46592,-2.0460000000000003,67.62700000000001,0.0,0.0,415.803,0.0,0.0,0.0,5.742,0,1.0,0.1,309.825,-0.9897,36.75,35.57597732543945,4.98,0.0,0
46592,-2.0460000000000003,67.62700000000001,0.0,0.0,415.56100000000004,0.0,0.0,0.0,5.742,0,1.0,0.11,309.825,5.0806000000000004,35.82,35.57597732543945,4.98,0.0,0
46592,-2.217,67.62700000000001,0.0,0.0,415.19800000000004,0.0,0.0,0.0,5.742,0,0.0,0.065,309.825,1.7155,35.01,35.57597732543945,4.98,0.0,0
46592,-1.705,67.62700000000001,0.0,0.0,415.56100000000004,0.0,0.0,0.0,5.742,0,2.0,0.065,309.825,-5.344600000000001,34.83,35.57597732543945,4.98,0.0,0
46592,-2.217,67.62700000000001,-1.0,0.0,415.379,0.0,0.0,0.0,5.742,0,2.0,0.105,309.915,-1.3856000000000002,35.25,35.57597732543945,4.98,0.0,0
46592,-2.0460000000000003,67.62700000000001,0.0,0.0,415.56100000000004,0.0,0.0,0.0,5.742,0,1.0,0.08,309.915,3.2166,35.49,35.57597732543945,4.98,0.0,0
46592,-2.0460000000000003,67.62700000000001,0.0,0.0,415.743,0.0,0.0,0.0,5.742,0,2.0,0.07,309.69,-0.7423000000000001,35.04,35.57597732543945,4.98,0.0,0
46592,-1.705,67.62700000000001,0.0,0.0,415.137,0.0,0.0,0.0,5.742,0,1.0,0.07,309.825,-2.5568,34.74,35.57597732543945,4.98,0.0,0
46592,-2.217,67.62700000000001,0.0,0.0,414.896,0.0,0.0,0.0,5.742,0,1.0,0.07,309.915,1.1052,34.410000000000004,35.57597732543945,4.98,0.0,0
46592,-2.0460000000000003,67.62700000000001,0.0,0.0,415.319,0.0,0.0,0.0,5.742,0,1.0,0.105,309.915,0.6186,35.1,35.57597732543945,4.98,0.0,0
46592,-2.217,67.62700000000001,0.0,0.0,415.077,0.0,0.0,0.0,5.742,0,1.0,0.085,309.915,1.3856000000000002,36.63,35.57597732543945,4.98,0.0,0
46592,-1.705,67.62700000000001,0.0,0.0,415.19800000000004,0.0,0.0,0.0,5.742,0,0.0,0.07,309.825,2.7218,37.71,35.57597732543945,4.98,0.0,0
46592,-1.8760000000000001,67.62700000000001,0.0,0.0,415.319,0.0,0.0,0.0,5.742,0,0.0,0.09,309.915,-0.5444,37.980000000000004,35.57597732543945,4.98,0.0,0
46592,-1.8760000000000001,67.62700000000001,0.0,0.0,415.379,0.0,0.0,0.0,5.742,0,2.0,0.085,309.825,-4.2724,37.86,35.57597732543945,4.98,0.0,0
46592,-2.217,67.62700000000001,0.0,0.0,415.56100000000004,0.0,0.0,0.0,5.742,0,1.0,0.125,309.915,1.1217000000000001,36.78,35.57597732543945,4.98,0.0,0
46592,-2.217,67.62700000000001,0.0,0.0,415.5,0.0,0.0,0.0,5.742,0,0.0,0.07,309.825,-1.8310000000000002,36.660000000000004,35.57597732543945,4.98,0.0,0
46592,-2.0460000000000003,67.62700000000001,0.0,0.0,415.743,0.0,0.0,0.0,5.742,0,1.0,0.07,309.69,-3.8270000000000004,36.03,35.57597732543945,4.98,0.0,0
46592,-1.705,67.62700000000001,0.0,0.0,415.803,0.0,0.0,0.0,5.742,0,1.0,0.075,309.69,-5.2786,35.910000000000004,35.57597732543945,4.98,0.0,0
46592,-2.217,67.62700000000001,0.0,0.0,415.5,0.0,0.0,0.0,5.742,0,1.0,0.07,309.825,-1.7815,35.52,35.57597732543945,4.98,0.0,0
46592,-2.217,67.62700000000001,0.0,0.0,415.379,0.0,0.0,0.0,5.742,0,0.0,0.07,309.915,3.4311000000000003,35.49,35.57597732543945,4.98,0.0,0
46592,-2.0460000000000003,67.62700000000001,0.0,0.0,415.622,0.0,0.0,0.0,5.742,0,0.0,0.09,309.69,3.9589000000000003,35.25,35.57597732543945,4.98,0.0,0
46592,-1.8760000000000001,67.62700000000001,0.0,0.0,415.379,0.0,0.0,0.0,5.742,0,0.0,0.095,309.825,-4.2229,35.34,35.57597732543945,4.98,0.0,0
46592,-1.705,67.62700000000001,0.0,0.0,415.016,0.0,0.0,0.0,5.742,0,1.0,0.08,309.825,-1.7815,35.550000000000004,35.57597732543945,4.98,0.0,0
46592,-1.705,67.62700000000001,0.0,0.0,415.44,0.0,0.0,0.0,5.742,0,0.0,0.025,309.825,4.7507,36.57,35.57597732543945,4.98,0.0,0
46592,-2.0460000000000003,67.62700000000001,0.0,0.0,415.258,0.0,0.0,0.0,5.742,0,1.0,0.07,309.825,0.0,36.84,35.57597732543945,4.98,0.0,0
46592,-2.217,67.62700000000001,0.0,0.0,415.683,0.0,0.0,0.0,5.742,0,0.0,0.08,309.6,-4.6188,37.14,35.57597732543945,4.98,0.0,0
46592,-1.705,67.62700000000001,0.0,0.0,415.86400000000003,0.0,0.0,0.0,5.742,0,0.0,0.105,309.915,-2.7053000000000003,37.32,35.57597732543945,4.98,0.0,0
46592,-1.8760000000000001,67.62700000000001,0.0,0.0,415.5,0.0,0.0,0.0,5.742,0,0.0,0.07,309.825,2.3754,37.38,35.57597732543945,4.98,0.0,0
46592,-1.8760000000000001,67.62700000000001,0.0,0.0,415.379,0.0,0.0,0.0,5.742,0,1.0,0.065,309.825,4.5858,37.56,35.57597732543945,4.98,0.0,0
46592,-1.8760000000000001,67.62700000000001,0.0,0.0,415.622,0.0,0.0,0.0,5.742,0,0.0,0.1,309.825,-2.1114,36.81,35.57597732543945,4.98,0.0,0
46592,-1.705,67.62700000000001,0.0,0.0,415.258,0.0,0.0,0.0,5.742,0,1.0,0.08,309.915,0.46190000000000003,35.82,35.57597732543945,4.98,0.0,0
46592,-2.217,67.62700000000001,0.0,0.0,415.19800000000004,0.0,0.0,0.0,5.742,0,0.0,0.08,309.915,2.3754,35.04,35.57597732543945,4.98,0.0,0
46592,-2.0460000000000003,67.62700000000001,0.5,0.0,415.077,0.0,0.0,0.0,5.742,0,1.0,0.075,309.825,-1.5836000000000001,35.01,35.57597732543945,4.98,0.0,0
46592,-2.217,67.62700000000001,0.0,0.0,415.077,0.0,0.0,0.0,5.742,0,1.0,0.06,309.825,-1.9795,35.01,35.57597732543945,4.98,0.0,0
46592,-2.0460000000000003,67.62700000000001,0.0,0.0,415.258,0.0,0.0,0.0,5.742,0,0.0,0.055,309.825,-2.3589,34.83,35.57597732543945,4.98,0.0,0
46592,-2.217,67.62700000000001,0.0,0.0,415.379,0.0,0.0,0.0,5.742,0,0.0,0.07,309.69,-2.664,35.01,35.57597732543945,4.98,0.0,0
46592,-1.8760000000000001,67.62700000000001,0.0,0.0,415.44,0.0,0.0,0.0,5.742,0,0.0,0.105,309.825,-0.9897,35.85,35.57597732543945,4.98,0.0,0
46592,-2.0460000000000003,67.62700000000001,0.0,0.0,415.56100000000004,0.0,0.0,0.0,5.742,0,0.0,0.08,309.825,0.9897,36.72,35.57597732543945,4.98,0.0,0
46592,-2.217,67.62700000000001,0.0,0.0,415.5,0.0,0.0,0.0,5.742,0,0.0,0.04,309.825,-0.42060000000000003,37.11,35.57597732543945,4.98,0.0,0
46592,-1.8760000000000001,67.62700000000001,0.0,0.0,415.319,0.0,0.0,0.0,5.742,0,0.0,0.06,309.69,-2.7465,37.32,35.57597732543945,4.98,0.0,0
46592,-1.8760000000000001,67.62700000000001,0.0,0.0,415.379,0.0,0.0,0.0,5.742,0,1.0,0.09,309.69,-3.1672000000000002,37.38,35.57597732543945,4.98,0.0,0
46592,-2.0460000000000003,67.62700000000001,0.0,0.0,415.5,0.0,0.0,0.0,5.742,0,1.0,0.115,309.825,2.3754,36.300000000000004,35.57597732543945,4.98,0.0,0
46592,-2.217,67.62700000000001,0.0,0.0,415.379,0.0,0.0,0.0,5.742,0,1.0,0.12,309.825,1.4516,35.910000000000004,35.57597732543945,4.98,0.0,0
46592,-2.217,67.62700000000001,0.0,0.0,415.622,0.0,0.0,0.0,5.742,0,0.0,0.055,309.825,3.0682,36.45,35.57597732543945,4.98,0.0,0
46592,-2.0460000000000003,67.62700000000001,0.0,0.0,415.379,0.0,0.0,0.0,5.742,0,0.0,0.05,309.915,1.8475000000000001,36.75,35.57597732543945,4.98,0.0,0
46592,-2.0460000000000003,67.62700000000001,0.0,0.0,415.319,0.0,0.0,0.0,5.742,0,0.0,0.06,309.825,0.5279,37.050000000000004,35.57597732543945,4.98,0.0,0
46592,-2.217,67.62700000000001,0.0,0.0,415.86400000000003,0.0,0.0,0.0,5.742,0,1.0,0.045,309.825,-0.7918000000000001,36.27,35.57597732543945,4.98,0.0,0
46592,-2.0460000000000003,67.62700000000001,0.0,0.0,415.743,0.0,0.0,0.0,5.742,0,0.0,0.055,309.69,-5.1136,34.59,35.57597732543945,4.98,0.0,0
46592,-1.8760000000000001,67.62700000000001,0.0,0.0,415.92400000000004,0.0,0.0,0.0,5.742,0,0.0,0.08,309.825,0.132,33.42,35.57597732543945,4.98,0.0,0
46592,-2.0460000000000003,67.62700000000001,0.0,0.0,415.803,0.0,0.0,0.0,5.742,0,1.0,0.06,309.825,-1.5836000000000001,34.05,35.57597732543945,4.98,0.0,0
46592,-1.8760000000000001,67.62700000000001,0.0,0.0,415.743,0.0,0.0,0.0,5.742,0,1.0,0.085,309.915,4.2229,34.92,35.57597732543945,4.98,0.0,0
46592,-2.0460000000000003,67.62700000000001,0.0,0.0,415.803,0.0,0.0,0.0,5.742,0,1.0,0.09,309.915,3.1012,35.97,35.57597732543945,4.98,0.0,0
46592,-2.0460000000000003,67.62700000000001,0.0,0.0,415.56100000000004,0.0,0.0,0.0,5.742,0,0.0,0.055,309.825,-0.6598,36.99,35.57597732543945,4.98,0.0,0
46592,-1.8760000000000001,67.62700000000001,0.0,0.0,415.5,0.0,0.0,0.0,5.742,0,0.0,0.055,309.825,-1.7815,37.35,35.57597732543945,4.98,0.0,0
46592,-2.0460000000000003,67.62700000000001,0.0,0.0,415.86400000000003,0.0,0.0,0.0,5.742,0,0.0,0.065,309.915,1.7155,37.47,35.57597732543945,4.98,0.0,0
46592,-1.705,67.62700000000001,0.0,0.0,415.92400000000004,0.0,0.0,0.0,5.742,0,1.0,0.11,309.915,6.5323,37.02,35.57597732543945,4.98,0.0,0
46592,-2.0460000000000003,67.62700000000001,0.0,0.0,415.92400000000004,0.0,0.0,0.0,5.742,0,1.0,0.08,309.915,6.6477,37.08,35.57597732543945,4.98,0.0,0
46592,-1.8760000000000001,67.62700000000001,0.0,0.0,415.683,0.0,0.0,0.0,5.742,0,1.0,0.06,309.69,-0.37120000000000003,37.32,35.57597732543945,4.98,0.0,0
46592,-2.217,67.62700000000001,0.0,0.0,415.56100000000004,0.0,0.0,0.0,5.742,0,1.0,0.055,309.825,-5.724,36.75,35.57597732543945,4.98,0.0,0
46592,-1.705,67.62700000000001,0.0,0.0,415.743,0.0,0.0,0.0,5.742,0,1.0,0.06,309.915,-5.806500000000001,36.45,35.57597732543945,4.98,0.0,0
46592,-2.0460000000000003,67.62700000000001,0.0,0.0,415.683,0.0,0.0,0.0,5.742,0,1.0,0.045,309.69,0.7505000000000001,35.43,35.57597732543945,4.98,0.0,0
46592,-2.217,67.62700000000001,0.0,0.0,415.56100000000004,0.0,0.0,0.0,5.742,0,0.0,0.05,309.825,0.0,34.14,35.57597732543945,4.98,0.0,0
46592,-2.0460000000000003,67.62700000000001,0.0,0.0,415.622,0.0,0.0,0.0,5.742,0,0.0,0.07,309.825,0.0412,33.6,35.57597732543945,4.98,0.0,0
46592,-2.0460000000000003,67.62700000000001,0.0,0.0,415.683,0.0,0.0,0.0,5.742,0,0.0,0.08,309.825,-0.42060000000000003,34.74,35.57597732543945,4.98,0.0,0
46592,-2.0460000000000003,67.62700000000001,0.0,0.0,415.743,0.0,0.0,0.0,5.742,0,1.0,0.09,309.825,-0.5938,36.45,35.57597732543945,4.98,0.0,0
46592,-2.0460000000000003,67.62700000000001,0.0,0.0,415.622,0.0,0.0,0.0,5.742,0,1.0,0.075,309.915,3.0847,38.22,35.57597732543945,4.98,0.0,0
46592,-2.0460000000000003,67.62700000000001,0.0,0.0,415.622,0.0,0.0,0.0,5.742,0,0.0,0.085,309.825,1.5588000000000002,38.1,35.57597732543945,4.98,0.0,0
46592,-1.8760000000000001,67.62700000000001,0.0,0.0,415.683,0.0,0.0,0.0,5.742,0,1.0,0.065,309.69,0.2887,37.89,35.57597732543945,4.98,0.0,0
46592,-2.387,67.62700000000001,0.0,0.0,415.683,0.0,0.0,0.0,5.742,0,1.0,0.095,309.825,-2.8372,36.84,35.57597732543945,4.98,0.0,0
46592,-1.8760000000000001,67.62700000000001,0.0,0.0,415.683,0.0,0.0,0.0,5.742,0,0.0,0.065,309.915,-1.2702,35.730000000000004,35.57597732543945,4.98,0.0,0
46592,-1.8760000000000001,67.62700000000001,0.0,0.0,415.56100000000004,0.0,0.0,0.0,5.742,0,1.0,0.095,309.915,4.4208,35.94,35.57597732543945,4.98,0.0,0
46592,-1.8760000000000001,67.62700000000001,0.0,0.0,415.44,0.0,0.0,0.0,5.742,0,1.0,0.065,309.915,0.7753,35.82,35.57597732543945,4.98,0.0,0
46592,-1.8760000000000001,67.62700000000001,0.0,0.0,415.258,0.0,0.0,0.0,5.742,0,1.0,0.115,309.825,0.0,35.910000000000004,35.57597732543945,4.98,0.0,0
46592,-2.0460000000000003,67.62700000000001,0.0,0.0,415.622,0.0,0.0,0.0,5.742,0,0.0,0.055,309.69,-2.5321000000000002,35.49,35.57597732543945,4.98,0.0,0
46592,-2.217,67.62700000000001,0.0,0.0,415.56100000000004,0.0,0.0,0.0,5.742,0,1.0,0.12,309.825,-3.6950000000000003,35.07,35.57597732543945,4.98,0.0,0
46592,-1.8760000000000001,67.62700000000001,0.0,0.0,415.5,0.0,0.0,0.0,5.742,0,1.0,0.08,309.69,2.2681,34.800000000000004,35.57597732543945,4.98,0.0,0
46592,-2.217,67.62700000000001,0.0,0.0,415.622,0.0,0.0,0.0,5.742,0,1.0,0.07,309.825,0.5444,33.9,35.57597732543945,4.98,0.0,0
46592,-1.8760000000000001,67.62700000000001,0.0,0.0,415.743,0.0,0.0,0.0,5.742,0,0.0,0.075,309.825,0.8578,35.61,35.57597732543945,4.98,0.0,0
46592,-2.0460000000000003,67.62700000000001,0.0,0.0,415.5,0.0,0.0,0.0,5.742,0,0.0,0.08,309.69,0.8165,37.02,35.57597732543945,4.98,0.0,0
46592,-1.8760000000000001,67.62700000000001,0.0,0.0,415.92400000000004,0.0,0.0,0.0,5.742,0,1.0,0.04,309.915,-1.4021000000000001,37.14,35.57597732543945,4.98,0.0,0
46592,-1.8760000000000001,67.62700000000001,0.0,0.0,415.743,0.0,0.0,0.0,5.742,0,2.0,0.09,309.69,-0.7505000000000001,36.480000000000004,35.57597732543945,4.98,0.0,0
46592,-2.0460000000000003,67.62700000000001,0.0,0.0,415.258,0.0,0.0,0.0,5.742,0,0.0,0.06,309.915,1.2784,35.94,35.57597732543945,4.98,0.0,0
46592,-2.217,67.62700000000001,0.0,0.0,415.56100000000004,0.0,0.0,0.0,5.742,0,0.0,0.11,309.915,1.6331,35.07,35.57597732543945,4.98,0.0,0
46592,-1.8760000000000001,67.62700000000001,0.0,0.0,415.803,0.0,0.0,0.0,5.742,0,1.0,0.07,309.915,2.928,35.28,35.57597732543945,4.98,0.0,0
46592,-2.0460000000000003,67.62700000000001,0.0,0.0,415.379,0.0,0.0,0.0,5.742,0,1.0,0.135,309.915,-0.0165,35.49,35.57597732543945,4.98,0.0,0
46592,-1.705,67.62700000000001,0.0,0.0,414.956,0.0,0.0,0.0,5.742,0,1.0,0.02,309.825,0.5444,35.76,35.57597732543945,4.98,0.0,0
46592,-2.217,67.62700000000001,0.0,0.0,415.016,0.0,0.0,0.0,5.742,0,2.0,0.04,309.825,-1.9795,35.85,35.57597732543945,4.98,0.0,0
46592,-1.705,67.62700000000001,0.0,0.0,415.56100000000004,0.0,0.0,0.0,5.742,0,1.0,0.07,309.825,-0.6433,34.59,35.57597732543945,4.98,0.0,0
46592,-1.5350000000000001,67.62700000000001,0.0,0.0,415.743,0.0,0.0,0.0,5.742,0,1.0,0.045,309.69,-2.2681,33.9,35.57597732543945,4.98,0.0,0
46592,-1.5350000000000001,67.62700000000001,0.0,0.0,415.683,0.0,0.0,0.0,5.742,0,1.0,0.05,309.915,-1.4021000000000001,34.56,35.57597732543945,4.98,0.0,0
46592,-2.0460000000000003,67.62700000000001,0.0,0.0,415.683,0.0,0.0,0.0,5.742,0,1.0,0.05,309.915,-0.8578,34.77,35.57597732543945,4.98,0.0,0
46592,-2.0460000000000003,67.62700000000001,0.0,0.0,415.803,0.0,0.0,0.0,5.742,0,0.0,0.0,309.915,3.8270000000000004,36.06,35.57597732543945,4.98,0.0,0
46592,-2.0460000000000003,67.62700000000001,0.0,0.0,415.743,0.0,0.0,0.0,5.742,0,1.0,0.055,309.825,3.0682,36.51,35.57597732543945,4.98,0.0,0
46592,-1.8760000000000001,67.62700000000001,0.0,0.0,415.379,0.0,0.0,0.0,5.742,0,1.0,0.035,309.825,-2.3754,36.54,35.57597732543945,4.98,0.0,0
46592,-1.705,67.62700000000001,0.0,0.0,415.743,0.0,0.0,0.0,5.742,0,0.0,0.14,309.825,-4.4208,36.45,35.57597732543945,4.98,0.0,0
46592,-1.705,67.62700000000001,0.0,0.0,415.56100000000004,0.0,0.0,0.0,5.742,0,2.0,0.065,309.825,0.9238000000000001,35.910000000000004,35.57597732543945,4.98,0.0,0
46592,-1.8760000000000001,67.62700000000001,0.0,0.0,415.803,0.0,0.0,0.0,5.742,0,0.0,0.035,309.825,3.1672000000000002,35.31,35.57597732543945,4.98,0.0,0
46592,-1.8760000000000001,67.62700000000001,0.0,0.0,415.19800000000004,0.0,0.0,0.0,5.742,0,0.0,0.05,309.825,-1.0557,34.74,35.57597732543945,4.98,0.0,0
46592,-2.0460000000000003,67.62700000000001,0.0,0.0,415.319,0.0,0.0,0.0,5.742,0,1.0,0.03,309.915,-2.4413,35.19,35.57597732543945,4.98,0.0,0
46592,-1.8760000000000001,67.62700000000001,0.0,0.0,415.379,0.0,0.0,0.0,5.742,0,1.0,0.055,309.825,1.7155,35.1,35.57597732543945,4.98,0.0,0
46592,-1.705,67.62700000000001,0.0,0.0,415.683,0.0,0.0,0.0,5.742,0,0.0,0.075,309.915,0.46190000000000003,34.71,35.57597732543945,4.98,0.0,0
46592,-2.0460000000000003,67.62700000000001,0.0,0.0,416.045,0.0,0.0,0.0,5.742,0,1.0,0.07,309.69,-3.4311000000000003,34.35,35.57597732543945,4.98,0.0,0
46592,-2.217,67.62700000000001,0.0,0.0,415.44,0.0,0.0,0.0,5.742,0,1.0,0.1,309.915,0.46190000000000003,34.02,35.57597732543945,4.98,0.0,0
46592,-1.8760000000000001,67.62700000000001,0.0,0.0,415.5,0.0,0.0,0.0,5.742,0,1.0,0.04,309.915,1.0557,34.44,35.57597732543945,4.98,0.0,0
46592,-1.8760000000000001,67.62700000000001,0.0,0.0,415.56100000000004,0.0,0.0,0.0,5.742,0,1.0,0.07,309.915,4.8497,35.730000000000004,35.57597732543945,4.98,0.0,0
46592,-2.217,67.62700000000001,0.0,0.0,415.44,0.0,0.0,0.0,5.742,0,1.0,0.055,309.69,-4.6188,37.050000000000004,35.57597732543945,4.98,0.0,0
46592,-2.217,67.62700000000001,0.0,0.0,415.5,0.0,0.0,0.0,5.742,0,2.0,0.06,309.825,-2.3094,36.39,35.57597732543945,4.98,0.0,0
46592,-1.705,67.62700000000001,0.0,0.0,415.683,0.0,0.0,0.0,5.742,0,1.0,0.085,309.825,0.6598,36.12,35.57597732543945,4.98,0.0,0
46592,-1.705,67.62700000000001,0.0,0.0,415.56100000000004,0.0,0.0,0.0,5.742,0,1.0,0.025,309.825,-0.8908,36.300000000000004,35.57597732543945,4.98,0.0,0
46592,-1.5350000000000001,67.62700000000001,0.0,0.0,415.743,0.0,0.0,0.0,5.742,0,1.0,0.06,309.825,-1.7155,36.18,35.57597732543945,4.98,0.0,0
46592,-1.8760000000000001,67.62700000000001,0.0,0.0,415.683,0.0,0.0,0.0,5.742,0,0.0,0.05,309.69,-2.2764,35.04,35.57597732543945,4.98,0.0,0
46592,-1.5350000000000001,67.62700000000001,0.0,0.0,415.5,0.0,0.0,0.0,5.742,0,1.0,0.025,309.915,0.2639,33.51,35.57597732543945,4.98,0.0,0
46592,-1.8760000000000001,67.62700000000001,0.0,0.0,415.379,0.0,0.0,0.0,5.742,0,1.0,0.055,309.825,1.3196,33.480000000000004,35.57597732543945,4.98,0.0,0
46592,-1.8760000000000001,67.62700000000001,0.0,0.0,415.5,0.0,0.0,0.0,5.742,0,0.0,0.05,309.825,3.6950000000000003,33.75,35.57597732543945,4.98,0.0,0
46592,-1.5350000000000001,67.62700000000001,0.0,0.0,415.44,0.0,0.0,0.0,5.742,0,1.0,0.04,309.915,5.0147,33.84,35.57597732543945,4.98,0.0,0
46592,-1.705,67.62700000000001,0.0,0.0,415.44,0.0,0.0,0.0,5.742,0,0.0,0.07,309.69,-5.2786,35.13,35.57597732543945,4.98,0.0,0
46592,-1.705,67.62700000000001,0.0,0.0,415.56100000000004,0.0,0.0,0.0,5.742,0,0.0,0.04,309.915,-2.9692000000000003,36.03,35.57597732543945,4.98,0.0,0
46592,-1.8760000000000001,67.62700000000001,0.0,0.0,415.19800000000004,0.0,0.0,0.0,5.742,0,0.0,0.07,309.825,2.7713,36.300000000000004,35.57597732543945,4.98,0.0,0
46592,-2.0460000000000003,67.62700000000001,0.0,0.0,415.19800000000004,0.0,0.0,0.0,5.742,0,1.0,0.06,309.915,4.024900000000001,36.21,35.57597732543945,4.98,0.0,0
46592,-1.8760000000000001,67.62700000000001,0.0,0.0,415.5,0.0,0.0,0.0,5.742,0,0.0,0.065,309.825,3.8682000000000003,35.7,35.57597732543945,4.98,0.0,0
46592,-2.0460000000000003,67.62700000000001,0.0,0.0,415.56100000000004,0.0,0.0,0.0,5.742,0,1.0,0.07,309.69,-2.4661,36.09,35.57597732543945,4.98,0.0,0
46592,-2.0460000000000003,67.62700000000001,0.0,0.0,415.56100000000004,0.0,0.0,0.0,5.742,0,0.0,0.035,309.825,-4.2889,35.82,35.57597732543945,4.98,0.0,0
46592,-2.0460000000000003,67.62700000000001,0.0,0.0,415.622,0.0,0.0,0.0,5.742,0,0.0,0.075,309.825,0.5279,35.58,35.57597732543945,4.98,0.0,0
46592,-1.8760000000000001,67.62700000000001,0.0,0.0,415.683,0.0,0.0,0.0,5.742,0,1.0,0.08,309.825,3.1672000000000002,35.49,35.57597732543945,4.98,0.0,0
46592,-1.8760000000000001,67.62700000000001,0.0,0.0,415.683,0.0,0.0,0.0,5.742,0,0.0,0.05,309.825,-1.3196,36.06,35.57597732543945,4.98,0.0,0
46592,-2.217,67.62700000000001,0.0,0.0,415.622,0.0,0.0,0.0,5.742,0,0.0,0.035,309.825,-1.1052,35.88,35.57597732543945,4.98,0.0,0
46592,-1.705,67.62700000000001,0.0,0.0,415.86400000000003,0.0,0.0,0.0,5.742,0,0.0,0.035,309.825,1.3856000000000002,35.82,35.57597732543945,4.98,0.0,0
46592,-1.8760000000000001,67.62700000000001,0.0,0.0,415.743,0.0,0.0,0.0,5.742,0,0.0,0.085,309.825,0.767,35.1,35.57597732543945,4.98,0.0,0
46592,-1.705,67.62700000000001,0.0,0.0,415.44,0.0,0.0,0.0,5.742,0,0.0,0.06,309.825,2.9032,33.81,35.57597732543945,4.98,0.0,0
46592,-2.0460000000000003,67.62700000000001,0.0,0.0,415.743,0.0,0.0,0.0,5.742,0,0.0,0.045,309.69,-1.8887,34.59,35.57597732543945,4.98,0.0,0
46592,-1.705,67.62700000000001,0.0,0.0,415.803,0.0,0.0,0.0,5.742,0,0.0,0.07,309.825,-7.7199,35.13,35.57597732543945,4.98,0.0,0
46592,-1.8760000000000001,67.62700000000001,0.0,0.0,415.803,0.0,0.0,0.0,5.742,0,1.0,0.085,309.825,-2.0949,36.36,35.57597732543945,4.98,0.0,0
46592,-1.8760000000000001,67.62700000000001,0.0,0.0,416.045,0.0,0.0,0.0,5.742,0,0.0,0.04,309.825,5.4518,37.02,35.57597732543945,4.98,0.0,0
46592,-2.0460000000000003,67.62700000000001,0.0,0.0,416.045,0.0,0.0,0.0,5.742,0,0.0,0.05,309.915,2.4001,36.96,35.57597732543945,4.98,0.0,0
46592,-1.705,67.62700000000001,0.0,0.0,415.92400000000004,0.0,0.0,0.0,5.742,0,0.0,0.065,309.825,2.9032,36.18,35.57597732543945,4.98,0.0,0
46592,-2.217,67.62700000000001,0.0,0.0,415.803,0.0,0.0,0.0,5.742,0,0.0,0.05,309.825,-1.699,35.61,35.57597732543945,4.98,0.0,0
46592,-1.8760000000000001,67.62700000000001,0.0,0.0,416.166,0.0,0.0,0.0,5.742,0,0.0,0.055,309.915,-0.8578,35.25,35.57597732543945,4.98,0.0,0
46592,-2.0460000000000003,67.62700000000001,0.0,0.0,416.045,0.0,0.0,0.0,5.742,0,1.0,0.05,309.825,3.1012,35.46,35.57597732543945,4.98,0.0,0
46592,-1.5350000000000001,67.62700000000001,0.0,0.0,416.045,0.0,0.0,0.0,5.742,0,0.0,0.065,309.915,2.0949,34.92,35.57597732543945,4.98,0.0,0
46592,-1.705,67.62700000000001,0.0,0.0,415.985,0.0,0.0,0.0,5.742,0,0.0,0.06,309.825,-1.0392000000000001,34.71,35.57597732543945,4.98,0.0,0
46592,-1.5350000000000001,67.62700000000001,0.0,0.0,415.985,0.0,0.0,0.0,5.742,0,0.0,0.045,309.825,-1.0557,34.800000000000004,35.57597732543945,4.98,0.0,0
46592,-1.8760000000000001,67.62700000000001,0.0,0.0,415.803,0.0,0.0,0.0,5.742,0,1.0,0.05,309.825,-3.1672000000000002,34.38,35.57597732543945,4.98,0.0,0
46592,-1.8760000000000001,67.62700000000001,0.0,0.0,415.803,0.0,0.0,0.0,5.742,0,0.0,0.04,309.915,0.0,33.87,35.57597732543945,4.98,0.0,0
46592,-1.705,67.62700000000001,0.0,0.0,415.803,0.0,0.0,0.0,5.742,0,0.0,0.035,309.825,3.1672000000000002,34.44,35.57597732543945,4.98,0.0,0
46592,-1.705,67.62700000000001,0.0,0.0,415.743,0.0,0.0,0.0,5.742,0,1.0,0.04,309.825,0.5279,35.910000000000004,35.57597732543945,4.98,0.0,0
46592,-2.0460000000000003,67.62700000000001,0.0,0.0,415.743,0.0,0.0,0.0,5.742,0,1.0,0.015,309.915,-2.6393,37.02,35.57597732543945,4.98,0.0,0
46592,-2.0460000000000003,67.62700000000001,0.0,0.0,416.408,0.0,0.0,0.0,5.742,0,1.0,0.07,309.69,-5.2786,37.92,35.57597732543945,4.98,0.0,0
46592,-1.705,67.62700000000001,0.0,0.0,416.469,0.0,0.0,0.0,5.742,0,0.0,0.04,309.825,-3.6950000000000003,37.14,35.57597732543945,4.98,0.0,0
46592,-1.705,67.62700000000001,0.0,0.0,415.622,0.0,0.0,0.0,5.742,0,1.0,0.045,309.825,0.9238000000000001,35.910000000000004,35.57597732543945,4.98,0.0,0
46592,-1.705,67.62700000000001,0.0,0.0,415.743,0.0,0.0,0.0,5.742,0,2.0,0.05,309.825,3.0682,36.15,35.57597732543945,4.98,0.0,0
46592,-2.0460000000000003,67.62700000000001,0.0,0.0,416.166,0.0,0.0,0.0,5.742,0,0.0,0.08,309.825,0.0,36.63,35.57597732543945,4.98,0.0,0
46592,-1.5350000000000001,67.62700000000001,0.0,0.0,415.803,0.0,0.0,0.0,5.742,0,1.0,0.05,309.825,1.0557,37.26,35.57597732543945,4.98,0.0,0
46592,-1.8760000000000001,67.62700000000001,0.0,0.0,415.86400000000003,0.0,0.0,0.0,5.742,0,1.0,0.055,309.69,-5.0147,36.660000000000004,35.57597732543945,4.98,0.0,0
46592,-1.8760000000000001,67.62700000000001,0.0,0.0,415.86400000000003,0.0,0.0,0.0,5.742,0,1.0,0.07,309.915,-1.3856000000000002,35.46,35.57597732543945,4.98,0.0,0
46592,-1.705,67.62700000000001,0.0,0.0,415.86400000000003,0.0,0.0,0.0,5.742,0,1.0,0.06,309.915,5.806500000000001,34.71,35.57597732543945,4.98,0.0,0
46592,-2.0460000000000003,67.62700000000001,-0.5,0.0,415.86400000000003,0.0,0.0,0.0,5.742,0,1.0,0.055,309.915,0.099,34.5,35.57597732543945,4.98,0.0,0
46592,-2.0460000000000003,67.62700000000001,0.0,0.0,415.5,0.0,0.0,0.0,5.742,0,1.0,0.085,309.69,-3.6950000000000003,35.07,35.57597732543945,4.98,0.0,0
46592,-1.705,67.62700000000001,0.0,0.0,415.743,0.0,0.0,0.0,5.742,0,1.0,0.065,309.825,0.3299,36.24,35.57597732543945,4.98,0.0,0
46592,-1.5350000000000001,67.62700000000001,0.0,0.0,416.22700000000003,0.0,0.0,0.0,5.742,0,1.0,0.04,309.825,-2.2434000000000003,37.410000000000004,35.57597732543945,4.98,0.0,0
46592,-1.8760000000000001,67.62700000000001,0.5,0.0,415.803,0.0,0.0,0.0,5.742,0,0.0,0.065,309.69,-0.5279,38.28,35.57597732543945,4.98,0.0,0
46592,-1.705,67.62700000000001,0.0,0.0,415.92400000000004,0.0,0.0,0.0,5.742,0,1.0,0.065,309.69,-4.2229,38.13,35.57597732543945,4.98,0.0,0
46592,-1.705,67.62700000000001,0.0,0.0,416.045,0.0,0.0,0.0,5.742,0,1.0,0.075,309.915,0.46190000000000003,37.14,35.57597732543945,4.98,0.0,0
46592,-1.5350000000000001,67.62700000000001,0.0,0.0,415.985,0.0,0.0,0.0,5.742,0,1.0,0.07,309.915,7.654000000000001,36.300000000000004,35.57597732543945,4.98,0.0,0
46592,-1.705,67.62700000000001,0.0,0.0,416.045,0.0,0.0,0.0,5.742,0,2.0,0.07,309.825,-1.6826,36.36,35.57597732543945,4.98,0.0,0
46592,-1.8760000000000001,67.62700000000001,0.0,0.0,415.803,0.0,0.0,0.0,5.742,0,1.0,0.055,309.915,-3.6950000000000003,35.88,35.57597732543945,4.98,0.0,0
46592,-1.705,67.62700000000001,0.0,0.0,415.86400000000003,0.0,0.0,0.0,5.742,0,1.0,0.075,309.915,2.9032,35.97,35.57597732543945,4.98,0.0,0
46592,-1.705,67.62700000000001,0.0,0.0,415.985,0.0,0.0,0.0,5.742,0,2.0,0.075,309.825,1.9795,35.01,35.57597732543945,4.98,0.0,0
46592,-1.705,67.62700000000001,0.0,0.0,415.985,0.0,0.0,0.0,5.742,0,0.0,0.06,309.825,-1.5176,35.13,35.57597732543945,4.98,0.0,0
46592,-1.5350000000000001,67.62700000000001,0.0,0.0,415.92400000000004,0.0,0.0,0.0,5.742,0,0.0,0.075,309.825,-1.1877,34.95,35.57597732543945,4.98,0.0,0
46592,-1.5350000000000001,67.62700000000001,0.0,0.0,415.92400000000004,0.0,0.0,0.0,5.742,0,2.0,0.07,309.825,1.3196,35.04,35.57597732543945,4.98,0.0,0
46592,-1.705,67.62700000000001,0.0,0.0,415.803,0.0,0.0,0.0,5.742,0,1.0,0.07,309.915,2.5073000000000003,35.730000000000004,35.57597732543945,4.98,0.0,0
46592,-1.5350000000000001,67.62700000000001,0.0,0.0,415.803,0.0,0.0,0.0,5.742,0,1.0,0.08,309.69,1.6743000000000001,35.97,35.57597732543945,4.98,0.0,0
46592,-1.8760000000000001,67.62700000000001,0.0,0.0,415.86400000000003,0.0,0.0,0.0,5.742,0,0.0,0.075,309.915,1.8310000000000002,37.59,35.57597732543945,4.98,0.0,0
46592,-1.5350000000000001,67.62700000000001,0.0,0.0,415.985,0.0,0.0,0.0,5.742,0,2.0,0.06,309.69,-0.43710000000000004,37.92,35.57597732543945,4.98,0.0,0
46592,-1.705,67.62700000000001,0.0,0.0,416.166,0.0,0.0,0.0,5.742,0,0.0,0.07,309.825,1.4681,37.71,35.57597732543945,4.98,0.0,0
46592,-1.5350000000000001,67.62700000000001,0.0,0.0,415.92400000000004,0.0,0.0,0.0,5.742,0,1.0,0.07,309.825,-0.7093,36.93,35.57597732543945,4.98,0.0,0
46592,-1.705,67.62700000000001,0.0,0.0,415.743,0.0,0.0,0.0,5.742,0,1.0,0.04,309.69,0.6846,36.300000000000004,35.57597732543945,4.98,0.0,0
46592,-2.0460000000000003,67.62700000000001,0.0,0.0,415.743,0.0,0.0,0.0,5.742,0,1.0,0.07,309.825,-2.6393,35.97,35.57597732543945,4.98,0.0,0
46592,-1.8760000000000001,67.62700000000001,0.0,0.0,416.045,0.0,0.0,0.0,5.742,0,1.0,0.055,309.69,-0.7011000000000001,35.61,35.57597732543945,4.98,0.0,0
46592,-1.705,67.62700000000001,0.0,0.0,416.045,0.0,0.0,0.0,5.742,0,1.0,0.04,309.825,4.66,34.92,35.57597732543945,4.98,0.0,0
46592,-1.705,67.62700000000001,0.0,0.0,415.56100000000004,0.0,0.0,0.0,5.742,0,1.0,0.055,309.825,-0.3299,34.83,35.57597732543945,4.98,0.0,0
46592,-2.0460000000000003,67.62700000000001,0.0,0.0,415.985,0.0,0.0,0.0,5.742,0,0.0,0.09,309.69,-0.066,35.28,35.57597732543945,4.98,0.0,0
46592,-1.8760000000000001,67.62700000000001,0.0,0.0,416.166,0.0,0.0,0.0,5.742,0,1.0,0.075,309.825,-1.3856000000000002,35.910000000000004,35.57597732543945,4.98,0.0,0
46592,-1.8760000000000001,67.62700000000001,0.0,0.0,415.86400000000003,0.0,0.0,0.0,5.742,0,0.0,0.08,309.825,1.7815,36.21,35.57597732543945,4.98,0.0,0
46592,-1.705,67.62700000000001,0.0,0.0,415.743,0.0,0.0,0.0,5.742,0,1.0,0.055,309.825,2.4413,36.45,35.57597732543945,4.98,0.0,0
46592,-1.5350000000000001,67.62700000000001,0.0,0.0,415.743,0.0,0.0,0.0,5.742,0,1.0,0.06,309.915,-3.5136000000000003,37.14,35.57597732543945,4.98,0.0,0
46592,-1.5350000000000001,67.62700000000001,0.0,0.0,415.379,0.0,0.0,0.0,5.742,0,1.0,0.085,309.69,1.0805,37.71,35.57597732543945,4.98,0.0,0
46592,-1.8760000000000001,67.62700000000001,0.0,0.0,415.86400000000003,0.0,0.0,0.0,5.742,0,1.0,0.095,309.825,3.1672000000000002,37.86,35.57597732543945,4.98,0.0,0
46592,-1.8760000000000001,67.62700000000001,0.0,0.0,415.743,0.0,0.0,0.0,5.742,0,0.0,0.06,309.825,-0.6186,37.56,35.57597732543945,4.98,0.0,0
46592,-1.8760000000000001,67.62700000000001,0.5,0.0,416.045,0.0,0.0,0.0,5.742,0,1.0,0.11,309.825,-4.4456,37.17,35.57597732543945,4.98,0.0,0
46592,-1.5350000000000001,67.62700000000001,0.0,0.0,416.106,0.0,0.0,0.0,5.742,0,1.0,0.08,309.825,-2.0949,36.24,35.57597732543945,4.98,0.0,0
46592,-1.5350000000000001,67.62700000000001,0.0,0.0,415.743,0.0,0.0,0.0,5.742,0,0.0,0.08,309.915,5.79,35.52,35.57597732543945,4.98,0.0,0
46592,-1.8760000000000001,67.62700000000001,0.0,0.0,415.803,0.0,0.0,0.0,5.742,0,1.0,0.065,309.825,2.0867,34.95,35.57597732543945,4.98,0.0,0
46592,-1.8760000000000001,67.62700000000001,0.0,0.0,415.985,0.0,0.0,0.0,5.742,0,1.0,0.07,309.69,-4.66,35.34,35.57597732543945,4.98,0.0,0
46592,-1.5350000000000001,67.62700000000001,0.0,0.0,415.683,0.0,0.0,0.0,5.742,0,0.0,0.065,309.915,-2.7713,35.49,35.57597732543945,4.98,0.0,0
46592,-1.705,67.62700000000001,0.0,0.0,415.92400000000004,0.0,0.0,0.0,5.742,0,1.0,0.045,309.915,1.7650000000000001,35.52,35.57597732543945,4.98,0.0,0
46592,-2.0460000000000003,67.62700000000001,0.0,0.0,415.92400000000004,0.0,0.0,0.0,5.742,0,1.0,0.045,309.915,2.5733,35.64,35.57597732543945,4.98,0.0,0
46592,-1.705,67.62700000000001,0.0,0.0,415.803,0.0,0.0,0.0,5.742,0,0.0,0.055,309.825,0.132,36.63,35.57597732543945,4.98,0.0,0
46592,-1.705,67.62700000000001,-0.5,0.0,415.86400000000003,0.0,0.0,0.0,5.742,0,0.0,0.055,309.825,0.066,37.47,35.57597732543945,4.98,0.0,0
46592,-1.8760000000000001,67.62700000000001,0.0,0.0,415.985,0.0,0.0,0.0,5.742,0,0.0,0.065,309.915,2.2434000000000003,38.28,35.57597732543945,4.98,0.0,0
46592,-1.5350000000000001,67.62700000000001,0.0,0.0,415.743,0.0,0.0,0.0,5.742,0,0.0,0.055,309.915,0.46190000000000003,38.04,35.57597732543945,4.98,0.0,0
46592,-1.5350000000000001,67.62700000000001,0.0,0.0,415.92400000000004,0.0,0.0,0.0,5.742,0,0.0,0.08,310.005,5.0147,37.38,35.57597732543945,4.98,0.0,0
46592,-1.5350000000000001,67.62700000000001,0.0,0.0,416.045,0.0,0.0,0.0,5.742,0,1.0,0.06,309.825,-1.7815,37.59,35.57597732543945,4.98,0.0,0
46592,-1.705,67.62700000000001,0.0,0.0,415.86400000000003,0.0,0.0,0.0,5.742,0,0.0,0.085,309.915,-2.2434000000000003,37.230000000000004,35.57597732543945,4.98,0.0,0
46592,-1.5350000000000001,67.62700000000001,0.0,0.0,415.683,0.0,0.0,0.0,5.742,0,1.0,0.065,309.915,-0.46190000000000003,36.0,35.57597732543945,4.98,0.0,0
46592,-1.705,67.62700000000001,0.0,0.0,415.622,0.0,0.0,0.0,5.742,0,1.0,0.06,309.915,1.1877,35.01,35.57597732543945,4.98,0.0,0
46592,-1.8760000000000001,67.62700000000001,0.0,0.0,415.86400000000003,0.0,0.0,0.0,5.742,0,1.0,0.06,309.69,-2.7383,34.92,35.57597732543945,4.98,0.0,0
46592,-1.705,67.62700000000001,0.0,0.0,415.803,0.0,0.0,0.0,5.742,0,1.0,0.085,309.69,-6.2023,35.28,35.57597732543945,4.98,0.0,0
46592,-1.364,67.62700000000001,0.0,0.0,415.743,0.0,0.0,0.0,5.742,0,1.0,0.065,309.915,3.4311000000000003,35.28,35.57597732543945,4.98,0.0,0
46592,-1.705,67.62700000000001,0.0,0.0,415.683,0.0,0.0,0.0,5.742,0,1.0,0.06,309.69,1.7155,36.51,35.57597732543945,4.98,0.0,0
46592,-1.8760000000000001,67.62700000000001,0.0,0.0,415.622,0.0,0.0,0.0,5.742,0,1.0,0.055,309.69,-2.9032,37.59,35.57597732543945,4.98,0.0,0
46592,-1.705,67.62700000000001,0.0,0.0,415.5,0.0,0.0,0.0,5.742,0,1.0,0.03,309.825,-0.5279,37.62,35.57597732543945,4.98,0.0,0
46592,-1.5350000000000001,67.62700000000001,0.0,0.0,415.56100000000004,0.0,0.0,0.0,5.742,0,1.0,0.09,309.825,3.3321,38.22,35.57597732543945,4.98,0.0,0
46592,-1.8760000000000001,67.62700000000001,0.0,0.0,415.44,0.0,0.0,0.0,5.742,0,1.0,0.065,309.915,4.3548,37.86,35.57597732543945,4.98,0.0,0
46592,-1.5350000000000001,67.62700000000001,0.0,0.0,415.56100000000004,0.0,0.0,0.0,5.742,0,0.0,0.04,309.69,-0.9567,37.47,35.57597732543945,4.98,0.0,0
46592,-1.705,67.62700000000001,0.0,0.0,415.683,0.0,0.0,0.0,5.742,0,2.0,0.03,309.825,-3.0352,35.85,35.57597732543945,4.98,0.0,0
46592,-1.364,67.62700000000001,0.0,0.0,415.379,0.0,0.0,0.0,5.742,0,1.0,0.07,309.825,-2.5733,36.03,35.57597732543945,4.98,0.0,0
46592,-1.5350000000000001,67.62700000000001,0.0,0.0,415.44,0.0,0.0,0.0,5.742,0,0.0,0.07,309.69,-0.6598,35.43,35.57597732543945,4.98,0.0,0
46592,-1.5350000000000001,67.62700000000001,0.0,0.0,415.743,0.0,0.0,0.0,5.742,0,1.0,0.08,309.915,1.2537,34.5,35.57597732543945,4.98,0.0,0
46592,-1.5350000000000001,67.62700000000001,0.0,0.0,415.683,0.0,0.0,0.0,5.742,0,0.0,0.05,309.69,0.2639,34.35,35.57597732543945,4.98,0.0,0
46592,-1.8760000000000001,67.62700000000001,0.0,0.0,415.56100000000004,0.0,0.0,0.0,5.742,0,1.0,0.07,309.825,-3.0022,34.44,35.57597732543945,4.98,0.0,0
46592,-1.5350000000000001,67.62700000000001,0.0,0.0,415.56100000000004,0.0,0.0,0.0,5.742,0,1.0,0.08,309.825,-1.5836000000000001,35.19,35.57597732543945,4.98,0.0,0
46592,-1.705,67.62700000000001,0.0,0.0,415.379,0.0,0.0,0.0,5.742,0,1.0,0.045,309.825,5.4435,36.15,35.57597732543945,4.98,0.0,0
46592,-1.705,67.62700000000001,0.0,0.0,415.683,0.0,0.0,0.0,5.742,0,0.0,0.055,309.825,0.2639,37.08,35.57597732543945,4.98,0.0,0
46592,-1.5350000000000001,67.62700000000001,0.0,0.0,415.92400000000004,0.0,0.0,0.0,5.742,0,0.0,0.025,309.825,-1.0557,37.77,35.57597732543945,4.98,0.0,0
46592,-1.5350000000000001,67.62700000000001,0.0,0.0,415.56100000000004,0.0,0.0,0.0,5.742,0,0.0,0.085,309.825,0.0,37.410000000000004,35.57597732543945,4.98,0.0,0
46592,-1.705,67.62700000000001,0.0,0.0,415.5,0.0,0.0,0.0,5.742,0,1.0,0.1,309.825,1.5836000000000001,36.480000000000004,35.57597732543945,4.98,0.0,0
46592,-1.364,67.62700000000001,0.0,0.0,415.5,0.0,0.0,0.0,5.742,0,1.0,0.0,309.825,1.5836000000000001,36.69,35.57597732543945,4.98,0.0,0
46592,-1.705,67.62700000000001,0.0,0.0,415.56100000000004,0.0,0.0,0.0,5.742,0,0.0,0.03,309.825,-2.6393,36.72,35.57597732543945,4.98,0.0,0
46592,-1.364,67.62700000000001,0.0,0.0,415.56100000000004,0.0,0.0,0.0,5.742,0,1.0,0.07,309.915,0.9238000000000001,36.6,35.57597732543945,4.98,0.0,0
46592,-1.705,67.62700000000001,0.0,0.0,415.56100000000004,0.0,0.0,0.0,5.742,0,1.0,0.05,309.825,0.8578,36.480000000000004,35.57597732543945,4.98,0.0,0
46592,-1.705,67.62700000000001,0.0,0.0,415.379,0.0,0.0,0.0,5.742,0,0.0,0.03,309.915,5.8559,35.64,35.57597732543945,4.98,0.0,0
46592,-1.5350000000000001,67.62700000000001,0.0,0.0,415.258,0.0,0.0,0.0,5.742,0,1.0,0.02,309.69,-0.899,34.77,35.57597732543945,4.98,0.0,0
46592,-1.705,67.62700000000001,0.0,0.0,415.44,0.0,0.0,0.0,5.742,0,0.0,0.05,309.69,-5.897200000000001,34.08,35.57597732543945,4.98,0.0,0
46592,-1.705,67.62700000000001,0.0,0.0,415.56100000000004,0.0,0.0,0.0,5.742,0,0.0,0.065,309.69,-5.1714,34.17,35.57597732543945,4.98,0.0,0
46592,-1.705,67.62700000000001,0.0,0.0,415.5,0.0,0.0,0.0,5.742,0,1.0,0.085,309.825,1.5836000000000001,34.53,35.57597732543945,4.98,0.0,0
46592,-1.705,67.62700000000001,0.0,0.0,415.683,0.0,0.0,0.0,5.742,0,0.0,0.01,309.825,4.1321,36.45,35.57597732543945,4.98,0.0,0
46592,-1.705,67.62700000000001,0.0,0.0,415.743,0.0,0.0,0.0,5.742,0,0.0,0.04,309.915,4.7755,38.01,35.57597732543945,4.98,0.0,0
46592,-1.705,67.62700000000001,0.0,0.0,415.743,0.0,0.0,0.0,5.742,0,1.0,0.025,309.825,0.6598,38.1,35.57597732543945,4.98,0.0,0
46592,-1.8760000000000001,67.62700000000001,0.0,0.0,415.86400000000003,0.0,0.0,0.0,5.742,0,1.0,0.085,309.825,-0.6598,37.35,35.57597732543945,4.98,0.0,0
46592,-1.5350000000000001,67.62700000000001,0.0,0.0,415.803,0.0,0.0,0.0,5.742,0,0.0,0.04,309.915,-0.9238000000000001,36.300000000000004,35.57597732543945,4.98,0.0,0
46592,-1.8760000000000001,67.62700000000001,0.0,0.0,415.622,0.0,0.0,0.0,5.742,0,1.0,0.065,309.915,2.3589,36.15,35.57597732543945,4.98,0.0,0
46592,-1.705,67.62700000000001,0.0,0.0,415.44,0.0,0.0,0.0,5.742,0,1.0,0.035,309.825,1.9795,36.54,35.57597732543945,4.98,0.0,0
46592,-1.705,67.62700000000001,0.0,0.0,415.379,0.0,0.0,0.0,5.742,0,1.0,0.095,309.825,-1.9795,37.47,35.57597732543945,4.98,0.0,0
46592,-1.364,67.62700000000001,0.0,0.0,415.683,0.0,0.0,0.0,5.742,0,1.0,0.045,309.825,-2.4249,36.96,35.57597732543945,4.98,0.0,0
46592,-1.364,67.62700000000001,0.0,0.0,415.743,0.0,0.0,0.0,5.742,0,1.0,0.03,309.825,1.5341,35.58,35.57597732543945,4.98,0.0,0
46592,-1.5350000000000001,67.62700000000001,0.0,0.0,415.622,0.0,0.0,0.0,5.742,0,1.0,0.035,309.69,-1.9547,34.32,35.57597732543945,4.98,0.0,0
46592,-1.705,67.62700000000001,0.0,0.0,415.379,0.0,0.0,0.0,5.742,0,0.0,0.08,309.915,-2.2434000000000003,33.99,35.57597732543945,4.98,0.0,0
46592,-1.705,67.62700000000001,0.0,0.0,415.379,0.0,0.0,0.0,5.742,0,0.0,-0.01,309.69,-0.7011000000000001,34.47,35.57597732543945,4.98,0.0,0
46592,-1.705,67.62700000000001,0.0,0.0,415.379,0.0,0.0,0.0,5.742,0,1.0,0.02,309.69,-0.9567,34.62,35.57597732543945,4.98,0.0,0
46592,-1.705,67.62700000000001,0.0,0.0,415.743,0.0,0.0,0.0,5.742,0,0.0,0.095,309.825,0.39590000000000003,36.27,35.57597732543945,4.98,0.0,0
46592,-1.5350000000000001,67.62700000000001,0.0,0.0,415.86400000000003,0.0,0.0,0.0,5.742,0,1.0,0.04,309.825,0.066,37.29,35.57597732543945,4.98,0.0,0
46592,-1.5350000000000001,67.62700000000001,0.0,0.0,415.5,0.0,0.0,0.0,5.742,0,1.0,0.035,309.825,2.1114,38.07,35.57597732543945,4.98,0.0,0
46592,-1.8760000000000001,67.62700000000001,0.0,0.0,415.56100000000004,0.0,0.0,0.0,5.742,0,1.0,0.065,309.825,0.0,37.17,35.57597732543945,4.98,0.0,0
46592,-1.5350000000000001,67.62700000000001,0.0,0.0,415.379,0.0,0.0,0.0,5.742,0,0.0,0.04,309.825,1.3196,35.97,35.57597732543945,4.98,0.0,0
46592,-1.5350000000000001,67.62700000000001,0.0,0.0,415.379,0.0,0.0,0.0,5.742,0,1.0,0.08,309.825,-1.5836000000000001,35.34,35.57597732543945,4.98,0.0,0
46592,-1.5350000000000001,67.62700000000001,0.0,0.0,415.56100000000004,0.0,0.0,0.0,5.742,0,0.0,0.095,309.69,-3.6950000000000003,35.160000000000004,35.57597732543945,4.98,0.0,0
46592,-1.705,67.62700000000001,0.0,0.0,415.56100000000004,0.0,0.0,0.0,5.742,0,1.0,0.015,309.825,0.0,34.59,35.57597732543945,4.98,0.0,0
46592,-1.5350000000000001,67.62700000000001,0.0,0.0,415.683,0.0,0.0,0.0,5.742,0,1.0,0.035,309.825,2.9032,35.13,35.57597732543945,4.98,0.0,0
46592,-1.5350000000000001,67.62700000000001,0.0,0.0,415.5,0.0,0.0,0.0,5.742,0,0.0,0.095,309.825,4.9157,34.980000000000004,35.57597732543945,4.98,0.0,0
46592,-1.5350000000000001,67.62700000000001,0.0,0.0,415.319,0.0,0.0,0.0,5.742,0,1.0,0.06,309.825,-1.5836000000000001,35.01,35.57597732543945,4.98,0.0,0
46592,-1.5350000000000001,67.62700000000001,0.0,0.0,415.379,0.0,0.0,0.0,5.742,0,1.0,0.09,309.825,0.0,34.77,35.57597732543945,4.98,0.0,0
46592,-1.5350000000000001,67.62700000000001,0.0,0.0,415.56100000000004,0.0,0.0,0.0,5.742,0,1.0,0.025,309.825,0.2639,35.13,35.57597732543945,4.98,0.0,0
46592,-1.5350000000000001,67.62700000000001,0.0,0.0,415.258,0.0,0.0,0.0,5.742,0,0.0,0.0,309.915,-1.6496000000000002,34.980000000000004,35.57597732543945,4.98,0.0,0
46592,-1.5350000000000001,67.62700000000001,0.0,0.0,415.56100000000004,0.0,0.0,0.0,5.742,0,1.0,0.115,309.915,3.0352,36.42,35.57597732543945,4.98,0.0,0
46592,-1.364,67.62700000000001,0.0,0.0,415.379,0.0,0.0,0.0,5.742,0,0.0,0.105,309.69,0.8908,37.14,35.57597732543945,4.98,0.0,0
46592,-1.5350000000000001,67.62700000000001,0.0,0.0,415.622,0.0,0.0,0.0,5.742,0,1.0,0.035,309.69,-4.6188,37.65,35.57597732543945,4.98,0.0,0
46592,-1.5350000000000001,67.62700000000001,0.0,0.0,415.743,0.0,0.0,0.0,5.742,0,1.0,0.0,309.825,-1.2537,36.99,35.57597732543945,4.98,0.0,0
46592,-1.5350000000000001,67.62700000000001,0.0,0.0,415.19800000000004,0.0,0.0,0.0,5.742,0,1.0,0.01,309.825,4.3548,36.81,35.57597732543945,4.98,0.0,0
46592,-1.8760000000000001,67.62700000000001,0.0,0.0,415.19800000000004,0.0,0.0,0.0,5.742,0,1.0,0.03,309.825,2.5403000000000002,36.06,35.57597732543945,4.98,0.0,0
46592,-1.5350000000000001,67.62700000000001,0.0,0.0,415.258,0.0,0.0,0.0,5.742,0,1.0,0.005,309.69,-3.4311000000000003,35.25,35.57597732543945,4.98,0.0,0
46592,-1.8760000000000001,67.62700000000001,0.0,0.0,415.379,0.0,0.0,0.0,5.742,0,0.0,0.07,309.69,-0.6928000000000001,35.04,35.57597732543945,4.98,0.0,0
46592,-1.5350000000000001,67.62700000000001,0.0,0.0,415.5,0.0,0.0,0.0,5.742,0,0.0,-0.095,309.825,0.2639,35.07,35.57597732543945,4.98,0.0,0
46592,-1.5350000000000001,67.62700000000001,0.0,0.0,415.56100000000004,0.0,0.0,0.0,5.742,0,1.0,0.09,309.825,-0.3629,35.76,35.57597732543945,4.98,0.0,0
46592,-1.5350000000000001,67.62700000000001,0.0,0.0,415.56100000000004,0.0,0.0,0.0,5.742,0,1.0,0.08,309.825,-0.9485,35.76,35.57597732543945,4.98,0.0,0
46592,-1.5350000000000001,67.62700000000001,0.0,0.0,415.622,0.0,0.0,0.0,5.742,0,1.0,0.07,309.825,1.2949000000000002,35.88,35.57597732543945,4.98,0.0,0
46592,-1.5350000000000001,67.62700000000001,0.0,0.0,415.5,0.0,0.0,0.0,5.742,0,1.0,0.065,309.69,-1.7568000000000001,36.24,35.57597732543945,4.98,0.0,0
46592,-1.705,67.62700000000001,0.0,0.0,415.5,0.0,0.0,0.0,5.742,0,1.0,0.005,309.69,-1.9547,36.9,35.57597732543945,4.98,0.0,0
46592,-1.5350000000000001,67.62700000000001,0.0,0.0,415.379,0.0,0.0,0.0,5.742,0,0.0,0.065,309.825,2.8372,37.410000000000004,35.57597732543945,4.98,0.0,0
46592,-1.364,67.62700000000001,0.5,0.0,415.44,0.0,0.0,0.0,5.742,0,1.0,0.065,309.69,2.1114,37.71,35.57597732543945,4.98,0.0,0
46592,-1.705,67.62700000000001,0.0,0.0,415.379,0.0,0.0,0.0,5.742,0,1.0,-0.05,309.69,-2.1527000000000003,37.59,35.57597732543945,4.98,0.0,0
46592,-1.5350000000000001,67.62700000000001,0.0,0.0,415.319,0.0,0.0,0.0,5.742,0,1.0,0.025,309.825,-2.1774,37.53,35.57597732543945,4.98,0.0,0
46592,-1.5350000000000001,67.62700000000001,0.0,0.0,415.44,0.0,0.0,0.0,5.742,0,0.0,0.005,309.825,3.761,36.99,35.57597732543945,4.98,0.0,0
46592,-1.5350000000000001,67.62700000000001,0.0,0.0,415.44,0.0,0.0,0.0,5.742,0,0.0,0.035,309.825,2.5486,36.18,35.57597732543945,4.98,0.0,0
46592,-1.705,67.62700000000001,0.0,0.0,415.258,0.0,0.0,0.0,5.742,0,1.0,0.02,309.915,1.6331,35.04,35.57597732543945,4.98,0.0,0
46592,-1.5350000000000001,67.62700000000001,0.0,0.0,415.683,0.0,0.0,0.0,5.742,0,1.0,0.045,309.825,2.8372,35.13,35.57597732543945,4.98,0.0,0
46592,-1.5350000000000001,67.62700000000001,0.0,0.0,415.622,0.0,0.0,0.0,5.742,0,1.0,0.01,309.825,-0.6598,35.22,35.57597732543945,4.98,0.0,0
46592,-1.364,67.62700000000001,0.0,0.0,415.743,0.0,0.0,0.0,5.742,0,0.0,0.04,309.825,0.28040000000000004,35.88,35.57597732543945,4.98,0.0,0
46592,-1.5350000000000001,67.62700000000001,0.0,0.0,415.743,0.0,0.0,0.0,5.742,0,1.0,0.03,309.915,1.8310000000000002,36.18,35.57597732543945,4.98,0.0,0
46592,-1.5350000000000001,67.62700000000001,0.0,0.0,415.743,0.0,0.0,0.0,5.742,0,1.0,0.045,309.825,0.9238000000000001,36.33,35.57597732543945,4.98,0.0,0
46592,-1.5350000000000001,67.62700000000001,0.0,0.0,415.743,0.0,0.0,0.0,5.742,0,0.0,0.025,309.69,-5.6332,36.78,35.57597732543945,4.98,0.0,0
46592,-1.5350000000000001,67.62700000000001,0.0,0.0,415.319,0.0,0.0,0.0,5.742,0,1.0,0.07,309.825,-5.8559,37.68,35.57597732543945,4.98,0.0,0
46592,-1.5350000000000001,67.62700000000001,0.0,0.0,415.379,0.0,0.0,0.0,5.742,0,0.0,0.07,309.825,4.4208,37.410000000000004,35.57597732543945,4.98,0.0,0
46592,-1.5350000000000001,67.62700000000001,0.0,0.0,415.56100000000004,0.0,0.0,0.0,5.742,0,0.0,0.045,309.825,4.8827,37.38,35.57597732543945,4.98,0.0,0
46592,-1.364,67.62700000000001,0.0,0.0,415.44,0.0,0.0,0.0,5.742,0,1.0,0.065,309.915,4.8497,37.35,35.57597732543945,4.98,0.0,0
46592,-1.5350000000000001,67.62700000000001,0.0,0.0,415.137,0.0,0.0,0.0,5.742,0,0.0,0.07,309.825,-0.5279,37.44,35.57597732543945,4.98,0.0,0
46592,-1.5350000000000001,67.62700000000001,0.0,0.0,415.379,0.0,0.0,0.0,5.742,0,0.0,0.0,309.825,-0.5279,36.87,35.57597732543945,4.98,0.0,0
46592,-1.705,67.62700000000001,0.0,0.0,415.379,0.0,0.0,0.0,5.742,0,0.0,0.03,309.69,-3.2991,35.76,35.57597732543945,4.98,0.0,0
46592,-1.194,67.62700000000001,0.0,0.0,415.44,0.0,0.0,0.0,5.742,0,0.0,0.03,309.825,0.2639,34.86,35.57597732543945,4.98,0.0,0
46592,-1.364,67.62700000000001,0.0,0.0,415.56100000000004,0.0,0.0,0.0,5.742,0,0.0,0.08,309.915,1.4516,34.800000000000004,35.57597732543945,4.98,0.0,0
46592,-1.0230000000000001,67.62700000000001,0.0,0.0,415.379,0.0,0.0,0.0,5.742,0,1.0,0.015,309.915,1.4186,34.62,35.57597732543945,4.98,0.0,0
46592,-1.364,67.62700000000001,0.0,0.0,415.44,0.0,0.0,0.0,5.742,0,0.0,0.04,309.915,-0.132,35.25,35.57597732543945,4.98,0.0,0
46592,-1.5350000000000001,67.62700000000001,0.0,0.0,415.19800000000004,0.0,0.0,0.0,5.742,0,0.0,0.045,309.825,-0.9897,35.76,35.57597732543945,4.98,0.0,0
46592,-1.364,67.62700000000001,0.0,0.0,415.379,0.0,0.0,0.0,5.742,0,1.0,0.07,309.825,-0.6598,36.96,35.57597732543945,4.98,0.0,0
46592,-1.5350000000000001,67.62700000000001,0.0,0.0,415.56100000000004,0.0,0.0,0.0,5.742,0,1.0,0.085,309.825,-0.9897,36.84,35.57597732543945,4.98,0.0,0
46592,-1.5350000000000001,67.62700000000001,0.0,0.0,415.5,0.0,0.0,0.0,5.742,0,1.0,0.05,309.825,1.3196,36.0,35.57597732543945,4.98,0.0,0
46592,-1.364,67.62700000000001,0.0,0.0,415.56100000000004,0.0,0.0,0.0,5.742,0,1.0,0.03,309.915,2.5733,36.27,35.57597732543945,4.98,0.0,0
46592,-1.5350000000000001,67.62700000000001,0.0,0.0,415.258,0.0,0.0,0.0,5.742,0,1.0,0.075,309.915,2.9032,36.78,35.57597732543945,4.98,0.0,0
46592,-1.5350000000000001,67.62700000000001,0.0,0.0,415.379,0.0,0.0,0.0,5.742,0,1.0,0.04,309.69,-1.4846000000000001,37.44,35.57597732543945,4.98,0.0,0
46592,-1.5350000000000001,67.62700000000001,0.0,0.0,415.683,0.0,0.0,0.0,5.742,0,1.0,0.045,309.825,-4.0909,37.74,35.57597732543945,4.98,0.0,0
46592,-1.5350000000000001,67.62700000000001,0.0,0.0,415.743,0.0,0.0,0.0,5.742,0,0.0,0.115,309.69,-2.2104,36.51,35.57597732543945,4.98,0.0,0
46592,-1.5350000000000001,67.62700000000001,0.0,0.0,415.56100000000004,0.0,0.0,0.0,5.742,0,1.0,-0.01,309.825,0.0,35.67,35.57597732543945,4.98,0.0,0
46592,-1.5350000000000001,67.62700000000001,0.0,0.0,415.258,0.0,0.0,0.0,5.742,0,1.0,0.085,309.825,-0.7918000000000001,34.89,35.57597732543945,4.98,0.0,0
46592,-1.5350000000000001,67.62700000000001,0.0,0.0,415.56100000000004,0.0,0.0,0.0,5.742,0,1.0,0.11,309.69,0.0,33.21,35.57597732543945,4.98,0.0,0
46592,-1.364,67.62700000000001,0.0,0.0,415.622,0.0,0.0,0.0,5.742,0,1.0,0.06,309.915,-3.761,33.81,35.57597732543945,4.98,0.0,0
46592,-1.5350000000000001,67.62700000000001,0.0,0.0,415.56100000000004,0.0,0.0,0.0,5.742,0,1.0,0.04,309.69,0.5279,35.52,35.57597732543945,4.98,0.0,0
46592,-1.364,67.62700000000001,0.0,0.0,415.379,0.0,0.0,0.0,5.742,0,1.0,0.015,309.915,5.1136,37.11,35.57597732543945,4.98,0.0,0
46592,-1.364,67.62700000000001,0.0,0.0,415.379,0.0,0.0,0.0,5.742,0,0.0,0.03,309.825,-3.1672000000000002,37.800000000000004,35.57597732543945,4.98,0.0,0
46592,-1.5350000000000001,67.62700000000001,0.0,0.0,415.077,0.0,0.0,0.0,5.742,0,1.0,0.055,309.825,2.5403000000000002,37.89,35.57597732543945,4.98,0.0,0
46592,-1.364,67.62700000000001,0.0,0.0,414.896,0.0,0.0,0.0,5.742,0,1.0,0.025,309.915,0.9238000000000001,37.410000000000004,35.57597732543945,4.98,0.0,0
46592,-1.5350000000000001,67.62700000000001,0.0,0.0,415.016,0.0,0.0,0.0,5.742,0,0.0,0.115,309.825,2.3754,37.17,35.57597732543945,4.98,0.0,0
46592,-1.5350000000000001,67.62700000000001,0.0,0.0,415.016,0.0,0.0,0.0,5.742,0,0.0,0.04,309.825,2.2434000000000003,37.14,35.57597732543945,4.98,0.0,0
46592,-1.5350000000000001,67.62700000000001,0.0,0.0,415.19800000000004,0.0,0.0,0.0,5.742,0,1.0,0.075,309.915,1.897,36.36,35.57597732543945,4.98,0.0,0
46592,-1.5350000000000001,67.62700000000001,0.0,0.0,415.137,0.0,0.0,0.0,5.742,0,0.0,0.05,309.825,-0.7753,36.12,35.57597732543945,4.98,0.0,0
46592,-1.5350000000000001,67.62700000000001,0.0,0.0,415.319,0.0,0.0,0.0,5.742,0,0.0,0.05,309.825,0.7918000000000001,36.0,35.57597732543945,4.98,0.0,0
46592,-1.194,67.62700000000001,0.0,0.0,415.743,0.0,0.0,0.0,5.742,0,0.0,0.06,309.825,-4.024900000000001,34.77,35.57597732543945,4.98,0.0,0
46592,-1.5350000000000001,67.62700000000001,0.0,0.0,415.622,0.0,0.0,0.0,5.742,0,0.0,0.04,309.69,-4.9899000000000004,34.11,35.57597732543945,4.98,0.0,0
46592,-1.5350000000000001,67.62700000000001,0.0,0.0,415.44,0.0,0.0,0.0,5.742,0,1.0,0.015,309.915,1.2372,34.17,35.57597732543945,4.98,0.0,0
46592,-1.364,67.62700000000001,0.0,0.0,415.379,0.0,0.0,0.0,5.742,0,0.0,0.025,309.825,4.3548,34.86,35.57597732543945,4.98,0.0,0
46592,-1.5350000000000001,67.62700000000001,0.0,0.0,415.379,0.0,0.0,0.0,5.742,0,0.0,0.06,309.825,3.0764,36.42,35.57597732543945,4.98,0.0,0
46592,-1.5350000000000001,67.62700000000001,0.0,0.0,415.56100000000004,0.0,0.0,0.0,5.742,0,0.0,0.035,309.825,-4.9322,38.25,35.57597732543945,4.98,0.0,0
46592,-1.5350000000000001,67.62700000000001,0.0,0.0,415.743,0.0,0.0,0.0,5.742,0,0.0,0.045,309.915,1.7815,38.25,35.57597732543945,4.98,0.0,0
46592,-1.5350000000000001,67.62700000000001,0.0,0.0,415.683,0.0,0.0,0.0,5.742,0,0.0,0.065,309.825,2.1774,37.56,35.57597732543945,4.98,0.0,0
46592,-1.5350000000000001,67.62700000000001,0.0,0.0,415.86400000000003,0.0,0.0,0.0,5.742,0,0.0,0.045,309.825,-3.2579000000000002,36.6,35.57597732543945,4.98,0.0,0
46592,-1.5350000000000001,67.62700000000001,0.0,0.0,415.743,0.0,0.0,0.0,5.742,0,0.0,0.055,309.825,-0.4454,35.910000000000004,35.57597732543945,4.98,0.0,0
46592,-1.5350000000000001,67.62700000000001,0.0,0.0,415.5,0.0,0.0,0.0,5.742,0,0.0,0.03,309.825,1.6496000000000002,35.64,35.57597732543945,4.98,0.0,0
46592,-1.194,67.62700000000001,0.0,0.0,415.319,0.0,0.0,0.0,5.742,0,0.0,0.015,309.825,0.2639,35.94,35.57597732543945,4.98,0.0,0
46592,-1.5350000000000001,67.62700000000001,0.0,0.0,415.379,0.0,0.0,0.0,5.742,0,0.0,0.085,309.825,0.39590000000000003,35.82,35.57597732543945,4.98,0.0,0
46592,-1.5350000000000001,67.62700000000001,0.0,0.0,415.379,0.0,0.0,0.0,5.742,0,0.0,0.08,309.915,-0.41240000000000004,35.19,35.57597732543945,4.98,0.0,0
46592,-1.5350000000000001,67.62700000000001,0.0,0.0,415.56100000000004,0.0,0.0,0.0,5.742,0,0.0,0.025,309.825,0.41240000000000004,34.410000000000004,35.57597732543945,4.98,0.0,0
46592,-1.364,67.62700000000001,0.0,0.0,415.319,0.0,0.0,0.0,5.742,0,1.0,0.12,309.825,-0.39590000000000003,34.02,35.57597732543945,4.98,0.0,0
46592,-1.364,67.62700000000001,0.0,0.0,415.137,0.0,0.0,0.0,5.742,0,0.0,0.09,309.915,-0.28040000000000004,34.56,35.57597732543945,4.98,0.0,0
46592,-1.5350000000000001,67.62700000000001,0.0,0.0,415.5,0.0,0.0,0.0,5.742,0,1.0,0.035,309.825,0.6598,35.7,35.57597732543945,4.98,0.0,0
46592,-1.5350000000000001,67.62700000000001,0.0,0.0,415.56100000000004,0.0,0.0,0.0,5.742,0,0.0,0.09,309.69,-2.8125,36.36,35.57597732543945,4.98,0.0,0
46592,-1.5350000000000001,67.62700000000001,0.0,0.0,415.137,0.0,0.0,0.0,5.742,0,0.0,0.0,309.915,-3.2991,36.93,35.57597732543945,4.98,0.0,0
46592,-1.364,67.62700000000001,0.0,0.0,415.258,0.0,0.0,0.0,5.742,0,0.0,0.055,309.825,-0.9897,36.75,35.57597732543945,4.98,0.0,0
46592,-1.5350000000000001,67.62700000000001,0.0,0.0,415.622,0.0,0.0,0.0,5.742,0,0.0,0.09,309.69,0.7258,36.09,35.57597732543945,4.98,0.0,0
46592,-1.5350000000000001,67.62700000000001,0.0,0.0,415.56100000000004,0.0,0.0,0.0,5.742,0,0.0,0.04,309.825,-0.5526,35.25,35.57597732543945,4.98,0.0,0
46592,-1.364,67.62700000000001,0.0,0.0,415.5,0.0,0.0,0.0,5.742,0,0.0,0.01,309.69,-0.17320000000000002,35.160000000000004,35.57597732543945,4.98,0.0,0
46592,-1.5350000000000001,67.62700000000001,0.0,0.0,415.803,0.0,0.0,0.0,5.742,0,1.0,0.005,309.825,1.1877,34.47,35.57597732543945,4.98,0.0,0
46592,-1.194,67.62700000000001,0.0,0.0,415.683,0.0,0.0,0.0,5.742,0,0.0,0.025,309.915,1.0392000000000001,34.32,35.57597732543945,4.98,0.0,0
46592,-1.364,67.62700000000001,0.0,0.0,415.5,0.0,0.0,0.0,5.742,0,1.0,0.06,309.69,-0.23920000000000002,34.44,35.57597732543945,4.98,0.0,0
46592,-1.194,67.62700000000001,0.0,0.0,415.379,0.0,0.0,0.0,5.742,0,1.0,-0.04,309.69,-0.5279,34.47,35.57597732543945,4.98,0.0,0
46592,-1.5350000000000001,67.62700000000001,0.0,0.0,415.016,0.0,0.0,0.0,5.742,0,1.0,0.065,309.69,-1.4846000000000001,34.32,35.57597732543945,4.98,0.0,0
46592,-1.364,67.62700000000001,0.0,0.0,415.016,0.0,0.0,0.0,5.742,0,1.0,0.075,309.825,0.132,34.44,35.57597732543945,4.98,0.0,0
46592,-1.5350000000000001,67.62700000000001,0.0,0.0,415.379,0.0,0.0,0.0,5.742,0,1.0,0.065,309.825,0.9650000000000001,35.13,35.57597732543945,4.98,0.0,0
46592,-1.5350000000000001,67.62700000000001,0.0,0.0,415.56100000000004,0.0,0.0,0.0,5.742,0,1.0,0.08,309.69,0.6186,35.97,35.57597732543945,4.98,0.0,0
46592,-1.364,67.62700000000001,0.0,0.0,415.379,0.0,0.0,0.0,5.742,0,1.0,0.025,309.825,2.3754,36.39,35.57597732543945,4.98,0.0,0
46592,-1.705,67.62700000000001,0.0,0.0,415.19800000000004,0.0,0.0,0.0,5.742,0,0.0,0.035,309.825,2.3094,37.050000000000004,35.57597732543945,4.98,0.0,0
46592,-1.5350000000000001,67.62700000000001,0.0,0.0,415.077,0.0,0.0,0.0,5.742,0,1.0,0.05,309.825,2.2434000000000003,37.11,35.57597732543945,4.98,0.0,0
46592,-1.194,67.62700000000001,0.0,0.0,414.956,0.0,0.0,0.0,5.742,0,1.0,0.07,309.915,-0.6928000000000001,36.72,35.57597732543945,4.98,0.0,0
46592,-1.194,67.62700000000001,0.0,0.0,415.319,0.0,0.0,0.0,5.742,0,1.0,0.0,309.915,3.0352,36.0,35.57597732543945,4.98,0.0,0
46592,-1.5350000000000001,67.62700000000001,0.0,0.0,415.137,0.0,0.0,0.0,5.742,0,1.0,0.025,309.825,3.9589000000000003,35.64,35.57597732543945,4.98,0.0,0
46592,-1.5350000000000001,67.62700000000001,0.0,0.0,415.19800000000004,0.0,0.0,0.0,5.742,0,1.0,0.145,309.825,-3.6950000000000003,35.4,35.57597732543945,4.98,0.0,0
46592,-1.364,67.62700000000001,0.0,0.0,415.137,0.0,0.0,0.0,5.742,0,1.0,0.025,309.825,-4.4208,34.71,35.57597732543945,4.98,0.0,0
46592,-1.5350000000000001,67.62700000000001,0.0,0.0,415.016,0.0,0.0,0.0,5.742,0,1.0,0.02,309.825,0.9238000000000001,34.62,35.57597732543945,4.98,0.0,0
46592,-1.194,67.62700000000001,0.0,0.0,415.016,0.0,0.0,0.0,5.742,0,1.0,0.005,309.825,2.6393,33.9,35.57597732543945,4.98,0.0,0
46592,-1.5350000000000001,67.62700000000001,0.0,0.0,415.258,0.0,0.0,0.0,5.742,0,1.0,0.01,309.825,-1.5836000000000001,33.24,35.57597732543945,4.98,0.0,0
46592,-1.705,67.62700000000001,0.0,0.0,415.258,0.0,0.0,0.0,5.742,0,0.0,0.02,309.825,0.0,33.33,35.57597732543945,4.98,0.0,0
46592,-1.364,67.62700000000001,0.0,0.0,415.319,0.0,0.0,0.0,5.742,0,1.0,0.005,309.69,-1.1877,34.08,35.57597732543945,4.98,0.0,0
46592,-1.5350000000000001,67.62700000000001,0.0,0.0,415.379,0.0,0.0,0.0,5.742,0,1.0,-0.03,309.69,-3.3321,35.910000000000004,35.57597732543945,4.98,0.0,0
46592,-1.5350000000000001,67.62700000000001,0.0,0.0,415.56100000000004,0.0,0.0,0.0,5.742,0,0.0,0.005,309.69,-4.0909,36.42,35.57597732543945,4.98,0.0,0
46592,-1.364,67.62700000000001,0.0,0.0,415.379,0.0,0.0,0.0,5.742,0,0.0,0.025,309.825,1.4846000000000001,36.03,35.57597732543945,4.98,0.0,0
46592,-1.5350000000000001,67.62700000000001,0.0,0.0,415.743,0.0,0.0,0.0,5.742,0,0.0,0.125,309.825,3.9589000000000003,36.63,35.57597732543945,4.98,0.0,0
46592,-1.364,67.62700000000001,0.0,0.0,415.743,0.0,0.0,0.0,5.742,0,0.0,0.055,309.69,-2.3754,36.660000000000004,35.57597732543945,4.98,0.0,0
46592,-1.5350000000000001,67.62700000000001,0.0,0.0,415.56100000000004,0.0,0.0,0.0,5.742,0,1.0,0.085,309.915,-1.7155,36.18,35.57597732543945,4.98,0.0,0
46592,-1.364,67.62700000000001,0.0,0.0,415.683,0.0,0.0,0.0,5.742,0,0.0,0.035,309.825,-1.0557,35.61,35.57597732543945,4.98,0.0,0
46592,-1.5350000000000001,67.62700000000001,0.0,0.0,415.44,0.0,0.0,0.0,5.742,0,0.0,0.03,309.825,1.9795,34.74,35.57597732543945,4.98,0.0,0
46592,-1.194,67.62700000000001,0.0,0.0,415.19800000000004,0.0,0.0,0.0,5.742,0,0.0,0.035,309.825,2.9692000000000003,33.93,35.57597732543945,4.98,0.0,0
46592,-1.364,67.62700000000001,0.0,0.0,415.379,0.0,0.0,0.0,5.742,0,1.0,0.065,309.825,1.9795,33.42,35.57597732543945,4.98,0.0,0
46592,-1.364,67.62700000000001,0.0,0.0,415.683,0.0,0.0,0.0,5.742,0,0.0,-0.015,309.915,2.0455,33.39,35.57597732543945,4.98,0.0,0
46592,-1.5350000000000001,67.62700000000001,0.0,0.0,415.683,0.0,0.0,0.0,5.742,0,0.0,0.02,309.825,0.5279,34.26,35.57597732543945,4.98,0.0,0
46592,-1.0230000000000001,67.62700000000001,0.0,0.0,415.56100000000004,0.0,0.0,0.0,5.742,0,1.0,0.085,309.915,-1.1217000000000001,35.1,35.57597732543945,4.98,0.0,0
46592,-1.364,67.62700000000001,0.0,0.0,415.319,0.0,0.0,0.0,5.742,0,1.0,0.055,309.825,-1.0557,35.64,35.57597732543945,4.98,0.0,0
46592,-1.364,67.62700000000001,0.0,0.0,415.319,0.0,0.0,0.0,5.742,0,1.0,0.07,309.915,-0.2639,35.64,35.57597732543945,4.98,0.0,0
46592,-1.194,67.62700000000001,0.0,0.0,415.56100000000004,0.0,0.0,0.0,5.742,0,0.0,-0.015,309.69,-1.8887,36.06,35.57597732543945,4.98,0.0,0
46592,-1.194,67.62700000000001,0.0,0.0,415.622,0.0,0.0,0.0,5.742,0,1.0,0.04,309.825,-2.8207,35.4,35.57597732543945,4.98,0.0,0
46592,-1.5350000000000001,67.62700000000001,0.0,0.0,415.86400000000003,0.0,0.0,0.0,5.742,0,1.0,0.05,309.825,-0.7258,34.68,35.57597732543945,4.98,0.0,0
46592,-1.5350000000000001,67.62700000000001,0.0,0.0,415.319,0.0,0.0,0.0,5.742,0,0.0,0.045,309.825,2.1527000000000003,34.77,35.57597732543945,4.98,0.0,0
46592,-1.705,67.62700000000001,0.0,0.0,415.44,0.0,0.0,0.0,5.742,0,0.0,0.03,309.825,-2.1774,35.160000000000004,35.57597732543945,4.98,0.0,0
46592,-1.705,67.62700000000001,0.0,0.0,415.379,0.0,0.0,0.0,5.742,0,1.0,0.055,309.825,2.7053000000000003,36.27,35.57597732543945,4.98,0.0,0
46592,-1.5350000000000001,67.62700000000001,0.0,0.0,415.258,0.0,0.0,0.0,5.742,0,1.0,0.025,309.915,4.9322,36.39,35.57597732543945,4.98,0.0,0
46592,-1.5350000000000001,67.62700000000001,0.0,0.0,415.19800000000004,0.0,0.0,0.0,5.742,0,1.0,0.005,309.825,-1.5836000000000001,35.85,35.57597732543945,4.98,0.0,0
46592,-1.364,67.62700000000001,0.0,0.0,415.56100000000004,0.0,0.0,0.0,5.742,0,0.0,0.04,309.825,-2.3589,34.83,35.57597732543945,4.98,0.0,0
46592,-1.5350000000000001,67.62700000000001,0.0,0.0,415.19800000000004,0.0,0.0,0.0,5.742,0,1.0,0.045,309.825,-0.2474,33.57,35.57597732543945,4.98,0.0,0
46592,-1.5350000000000001,67.62700000000001,0.0,0.0,415.19800000000004,0.0,0.0,0.0,5.742,0,0.0,0.09,309.825,-0.132,33.69,35.57597732543945,4.98,0.0,0
46592,-1.5350000000000001,67.62700000000001,0.0,0.0,415.622,0.0,0.0,0.0,5.742,0,0.0,0.02,309.915,-3.5136000000000003,34.08,35.57597732543945,4.98,0.0,0
46592,-1.194,67.62700000000001,0.0,0.0,415.622,0.0,0.0,0.0,5.742,0,0.0,0.0,309.915,-2.9692000000000003,34.230000000000004,35.57597732543945,4.98,0.0,0
46592,-1.5350000000000001,67.62700000000001,0.0,0.0,415.86400000000003,0.0,0.0,0.0,5.742,0,0.0,0.055,309.825,1.7155,35.07,35.57597732543945,4.98,0.0,0
46592,-1.5350000000000001,67.62700000000001,0.0,0.0,415.379,0.0,0.0,0.0,5.742,0,0.0,0.065,309.915,3.629,35.94,35.57597732543945,4.98,0.0,0
46592,-1.364,67.62700000000001,0.0,0.0,415.19800000000004,0.0,0.0,0.0,5.742,0,0.0,0.035,309.825,-2.1114,36.36,35.57597732543945,4.98,0.0,0
46592,-1.5350000000000001,67.62700000000001,0.0,0.0,414.896,0.0,0.0,0.0,5.742,0,1.0,0.1,309.825,-1.5836000000000001,35.88,35.57597732543945,4.98,0.0,0
46592,-1.364,67.62700000000001,0.0,0.0,415.19800000000004,0.0,0.0,0.0,5.742,0,0.0,0.02,309.915,0.0,36.39,35.57597732543945,4.98,0.0,0
46592,-1.5350000000000001,67.62700000000001,0.0,0.0,415.258,0.0,0.0,0.0,5.742,0,0.0,0.08,309.915,1.5176,35.64,35.57597732543945,4.98,0.0,0
46592,-1.5350000000000001,67.62700000000001,0.0,0.0,415.077,0.0,0.0,0.0,5.742,0,0.0,0.005,309.825,0.0,36.09,35.57597732543945,4.98,0.0,0
46592,-1.5350000000000001,67.62700000000001,0.0,0.0,414.896,0.0,0.0,0.0,5.742,0,0.0,0.08,309.825,0.066,35.79,35.57597732543945,4.98,0.0,0
46592,-1.5350000000000001,67.62700000000001,0.0,0.0,415.19800000000004,0.0,0.0,0.0,5.742,0,0.0,0.045,309.915,0.2639,35.37,35.57597732543945,4.98,0.0,0
46592,-1.364,67.62700000000001,0.0,0.0,415.379,0.0,0.0,0.0,5.742,0,1.0,0.08,309.825,0.5279,34.56,35.57597732543945,4.98,0.0,0
46592,-1.5350000000000001,67.62700000000001,0.0,0.0,415.319,0.0,0.0,0.0,5.742,0,0.0,0.075,309.825,0.2639,33.96,35.57597732543945,4.98,0.0,0
46592,-1.5350000000000001,67.62700000000001,0.0,0.0,415.379,0.0,0.0,0.0,5.742,0,0.0,0.05,309.915,-1.5836000000000001,34.230000000000004,35.57597732543945,4.98,0.0,0
46592,-1.364,67.62700000000001,0.0,0.0,415.19800000000004,0.0,0.0,0.0,5.742,0,0.0,0.1,309.915,2.6393,35.76,35.57597732543945,4.98,0.0,0
46592,-1.364,67.62700000000001,0.0,0.0,415.016,0.0,0.0,0.0,5.742,0,0.0,0.025,309.825,2.6393,36.87,35.57597732543945,4.98,0.0,0
46592,-1.364,67.62700000000001,0.0,0.0,415.19800000000004,0.0,0.0,0.0,5.742,0,0.0,0.03,309.69,-8.7097,37.11,35.57597732543945,4.98,0.0,0
46592,-1.194,67.62700000000001,0.0,0.0,414.956,0.0,0.0,0.0,5.742,0,1.0,0.045,309.825,-2.8372,37.71,35.57597732543945,4.98,0.0,0
46592,-1.364,67.62700000000001,0.0,0.0,415.319,0.0,0.0,0.0,5.742,0,1.0,0.045,309.69,0.6598,36.480000000000004,35.57597732543945,4.98,0.0,0
46592,-1.5350000000000001,67.62700000000001,0.0,0.0,415.19800000000004,0.0,0.0,0.0,5.742,0,1.0,0.03,309.915,0.6268,35.49,35.57597732543945,4.98,0.0,0
46592,-1.5350000000000001,67.62700000000001,0.0,0.0,415.016,0.0,0.0,0.0,5.742,0,1.0,0.04,309.825,2.6393,35.82,35.57597732543945,4.98,0.0,0
46592,-1.5350000000000001,67.62700000000001,0.0,0.0,415.19800000000004,0.0,0.0,0.0,5.742,0,1.0,0.095,309.915,3.2661000000000002,36.63,35.57597732543945,4.98,0.0,0
46592,-1.364,67.62700000000001,0.0,0.0,415.379,0.0,0.0,0.0,5.742,0,1.0,0.0,309.825,-1.0557,36.57,35.57597732543945,4.98,0.0,0
46592,-1.0230000000000001,67.62700000000001,0.0,0.0,415.379,0.0,0.0,0.0,5.742,0,0.0,0.01,309.825,-0.7753,36.51,35.57597732543945,4.98,0.0,0
46592,-1.705,67.62700000000001,0.0,0.0,415.19800000000004,0.0,0.0,0.0,5.742,0,0.0,0.06,309.915,0.7753,35.34,35.57597732543945,4.98,0.0,0
46592,-1.364,67.62700000000001,0.0,0.0,415.19800000000004,0.0,0.0,0.0,5.742,0,1.0,0.055,309.825,-3.3486000000000002,34.62,35.57597732543945,4.98,0.0,0
46592,-1.364,67.62700000000001,0.0,0.0,415.016,0.0,0.0,0.0,5.742,0,0.0,0.045,309.825,-1.2537,33.81,35.57597732543945,4.98,0.0,0
46592,-1.5350000000000001,67.62700000000001,0.0,0.0,415.379,0.0,0.0,0.0,5.742,0,1.0,0.065,309.825,1.6661000000000001,34.59,35.57597732543945,4.98,0.0,0
46592,-1.5350000000000001,67.62700000000001,0.0,0.0,415.19800000000004,0.0,0.0,0.0,5.742,0,0.0,0.015,309.825,-1.0145,36.0,35.57597732543945,4.98,0.0,0
46592,-1.364,67.62700000000001,0.0,0.0,415.622,0.0,0.0,0.0,5.742,0,0.0,0.025,309.825,-3.6950000000000003,37.59,35.57597732543945,4.98,0.0,0
46592,-1.364,67.62700000000001,0.0,0.0,415.258,0.0,0.0,0.0,5.742,0,0.0,-0.045,309.825,2.1279,38.550000000000004,35.57597732543945,4.98,0.0,0
46592,-1.0230000000000001,67.62700000000001,0.0,0.0,415.016,0.0,0.0,0.0,5.742,0,1.0,0.065,309.69,-1.8228000000000002,37.92,35.57597732543945,4.98,0.0,0
46592,-1.194,67.62700000000001,0.0,0.0,415.19800000000004,0.0,0.0,0.0,5.742,0,1.0,0.0,309.915,0.48660000000000003,36.300000000000004,35.57597732543945,4.98,0.0,0
46592,-1.194,67.62700000000001,0.0,0.0,415.258,0.0,0.0,0.0,5.742,0,1.0,0.04,309.825,2.7713,35.97,35.57597732543945,4.98,0.0,0
46592,-1.5350000000000001,67.62700000000001,0.0,0.0,415.19800000000004,0.0,0.0,0.0,5.742,0,1.0,0.06,309.825,2.9445,35.52,35.57597732543945,4.98,0.0,0
46592,-1.364,67.62700000000001,0.0,0.0,415.379,0.0,0.0,0.0,5.742,0,1.0,-0.03,309.825,-3.0847,35.46,35.57597732543945,4.98,0.0,0
46592,-1.5350000000000001,67.62700000000001,0.0,0.0,415.19800000000004,0.0,0.0,0.0,5.742,0,0.0,0.05,309.915,0.4454,35.28,35.57597732543945,4.98,0.0,0
46592,-1.5350000000000001,67.62700000000001,0.0,0.0,415.319,0.0,0.0,0.0,5.742,0,1.0,0.04,309.915,3.3486000000000002,35.730000000000004,35.57597732543945,4.98,0.0,0
46592,-1.5350000000000001,67.62700000000001,0.0,0.0,415.379,0.0,0.0,0.0,5.742,0,1.0,0.025,309.69,-1.8887,35.52,35.57597732543945,4.98,0.0,0
46592,-1.5350000000000001,67.62700000000001,0.0,0.0,415.19800000000004,0.0,0.0,0.0,5.742,0,1.0,0.0,309.825,-1.6331,34.71,35.57597732543945,4.98,0.0,0
46592,-1.5350000000000001,67.62700000000001,0.0,0.0,415.19800000000004,0.0,0.0,0.0,5.742,0,0.0,0.02,309.69,-1.5588000000000002,34.65,35.57597732543945,4.98,0.0,0
46592,-1.364,67.62700000000001,0.0,0.0,415.19800000000004,0.0,0.0,0.0,5.742,0,0.0,0.0,309.915,-3.9342,35.730000000000004,35.57597732543945,4.98,0.0,0
46592,-1.705,67.62700000000001,0.0,0.0,415.016,0.0,0.0,0.0,5.742,0,0.0,0.015,309.825,-2.4413,36.6,35.57597732543945,4.98,0.0,0
46592,-1.5350000000000001,67.62700000000001,0.0,0.0,414.896,0.0,0.0,0.0,5.742,0,0.0,0.055,309.825,1.2949000000000002,37.32,35.57597732543945,4.98,0.0,0
46592,-1.364,67.62700000000001,0.0,0.0,414.896,0.0,0.0,0.0,5.742,0,1.0,0.08,309.825,0.7505000000000001,37.74,35.57597732543945,4.98,0.0,0
46592,-1.194,67.62700000000001,0.0,0.0,414.714,0.0,0.0,0.0,5.742,0,0.0,0.025,309.915,1.897,37.68,35.57597732543945,4.98,0.0,0
46592,-1.5350000000000001,67.62700000000001,0.0,0.0,415.19800000000004,0.0,0.0,0.0,5.742,0,0.0,0.005,309.69,-0.46190000000000003,36.72,35.57597732543945,4.98,0.0,0
46592,-1.5350000000000001,67.62700000000001,0.0,0.0,415.19800000000004,0.0,0.0,0.0,5.742,0,0.0,0.01,309.915,-3.4476,35.85,35.57597732543945,4.98,0.0,0
46592,-1.5350000000000001,67.62700000000001,0.0,0.0,414.896,0.0,0.0,0.0,5.742,0,0.0,0.035,309.69,-2.5486,35.25,35.57597732543945,4.98,0.0,0
46592,-1.5350000000000001,67.62700000000001,0.0,0.0,415.077,0.0,0.0,0.0,5.742,0,0.0,0.025,309.915,4.3796,34.74,35.57597732543945,4.98,0.0,0
46592,-1.364,67.62700000000001,0.0,0.0,415.319,0.0,0.0,0.0,5.742,0,0.0,0.145,309.915,2.7960000000000003,35.31,35.57597732543945,4.98,0.0,0
46592,-1.364,67.62700000000001,0.0,0.0,414.896,0.0,0.0,0.0,5.742,0,0.0,0.045,309.915,-0.5691,35.4,35.57597732543945,4.98,0.0,0
46592,-1.364,67.62700000000001,0.0,0.0,414.896,0.0,0.0,0.0,5.742,0,0.0,0.01,309.825,-2.5568,35.31,35.57597732543945,4.98,0.0,0
46592,-1.194,67.62700000000001,0.0,0.0,414.896,0.0,0.0,0.0,5.742,0,0.0,0.03,309.915,1.2537,36.09,35.57597732543945,4.98,0.0,0
46592,-1.5350000000000001,67.62700000000001,0.0,0.0,414.956,0.0,0.0,0.0,5.742,0,0.0,0.08,309.825,-0.1567,36.9,35.57597732543945,4.98,0.0,0
46592,-1.0230000000000001,67.62700000000001,0.0,0.0,415.077,0.0,0.0,0.0,5.742,0,0.0,0.015,309.825,-0.132,37.38,35.57597732543945,4.98,0.0,0
46592,-1.5350000000000001,67.62700000000001,0.0,0.0,415.016,0.0,0.0,0.0,5.742,0,0.0,0.035,309.915,0.1155,37.800000000000004,35.57597732543945,4.98,0.0,0
46592,-1.364,67.62700000000001,0.0,0.0,415.016,0.0,0.0,0.0,5.742,0,1.0,0.025,309.915,0.2639,37.800000000000004,35.57597732543945,4.98,0.0,0
46592,-1.194,67.62700000000001,0.0,0.0,414.896,0.0,0.0,0.0,5.742,0,1.0,0.05,309.825,-0.5279,37.77,35.57597732543945,4.98,0.0,0
46592,-1.194,67.62700000000001,0.0,0.0,414.896,0.0,0.0,0.0,5.742,0,1.0,0.035,309.825,-0.7918000000000001,37.44,35.57597732543945,4.98,0.0,0
46592,-1.364,67.62700000000001,0.0,0.0,415.016,0.0,0.0,0.0,5.742,0,1.0,0.025,309.915,0.0,36.480000000000004,35.57597732543945,4.98,0.0,0
46592,-1.364,67.62700000000001,0.0,0.0,414.956,0.0,0.0,0.0,5.742,0,1.0,0.025,309.69,-0.6598,35.79,35.57597732543945,4.98,0.0,0
46592,-1.364,67.62700000000001,0.0,0.0,414.714,0.0,0.0,0.0,5.742,0,1.0,0.025,309.825,-3.9589000000000003,35.85,35.57597732543945,4.98,0.0,0
46592,-1.705,67.62700000000001,0.0,0.0,414.896,0.0,0.0,0.0,5.742,0,1.0,0.02,309.915,0.5279,36.09,35.57597732543945,4.98,0.0,0
46592,-1.364,67.62700000000001,0.0,0.0,415.19800000000004,0.0,0.0,0.0,5.742,0,1.0,-0.02,309.69,4.486800000000001,36.0,35.57597732543945,4.98,0.0,0
46592,-1.194,67.62700000000001,0.0,0.0,414.896,0.0,0.0,0.0,5.742,0,1.0,0.02,309.825,-1.9795,35.82,35.57597732543945,4.98,0.0,0
46592,-0.853,67.62700000000001,0.0,0.0,414.593,0.0,0.0,0.0,5.742,0,1.0,0.005,309.825,-1.5176,35.76,35.57597732543945,4.98,0.0,0
46592,-1.194,67.62700000000001,0.0,0.0,414.956,0.0,0.0,0.0,5.742,0,0.0,0.065,309.69,0.6598,36.300000000000004,35.57597732543945,4.98,0.0,0
46592,-1.364,67.62700000000001,0.0,0.0,415.016,0.0,0.0,0.0,5.742,0,1.0,0.06,309.825,0.2639,36.96,35.57597732543945,4.98,0.0,0
46592,-1.364,67.62700000000001,0.0,0.0,415.137,0.0,0.0,0.0,5.742,0,1.0,0.025,309.69,-5.1466,37.14,35.57597732543945,4.98,0.0,0
46592,-1.364,67.62700000000001,0.0,0.0,415.016,0.0,0.0,0.0,5.742,0,1.0,0.07,309.825,-2.2104,37.11,35.57597732543945,4.98,0.0,0
46592,-0.853,67.62700000000001,0.0,0.0,414.896,0.0,0.0,0.0,5.742,0,1.0,0.005,309.825,3.8270000000000004,37.47,35.57597732543945,4.98,0.0,0
46592,-1.364,67.62700000000001,0.0,0.0,415.19800000000004,0.0,0.0,0.0,5.742,0,0.0,0.055,309.825,-0.099,37.86,35.57597732543945,4.98,0.0,0
46592,-1.194,67.62700000000001,0.0,0.0,414.956,0.0,0.0,0.0,5.742,0,1.0,0.035,309.915,-1.0557,36.75,35.57597732543945,4.98,0.0,0
46592,-1.194,67.62700000000001,-0.5,0.0,415.016,0.0,0.0,0.0,5.742,0,0.0,0.07,309.825,1.3196,36.660000000000004,35.57597732543945,4.98,0.0,0
46592,-1.364,67.62700000000001,0.0,0.0,414.956,0.0,0.0,0.0,5.742,0,0.0,0.045,309.825,2.9032,35.88,35.57597732543945,4.98,0.0,0
46592,-1.194,67.62700000000001,0.0,0.0,415.016,0.0,0.0,0.0,5.742,0,0.0,0.03,309.825,1.3856000000000002,34.47,35.57597732543945,4.98,0.0,0
46592,-1.0230000000000001,67.62700000000001,0.0,0.0,415.077,0.0,0.0,0.0,5.742,0,0.0,0.03,309.825,-3.2991,33.69,35.57597732543945,4.98,0.0,0
46592,-1.194,67.62700000000001,0.0,0.0,414.896,0.0,0.0,0.0,5.742,0,0.0,-0.045,309.69,-1.4846000000000001,34.62,35.57597732543945,4.98,0.0,0
46592,-1.364,67.62700000000001,0.0,0.0,414.896,0.0,0.0,0.0,5.742,0,0.0,0.065,309.825,1.4516,35.82,35.57597732543945,4.98,0.0,0
46592,-1.5350000000000001,67.62700000000001,0.0,0.0,415.077,0.0,0.0,0.0,5.742,0,0.0,0.055,309.825,3.1672000000000002,37.11,35.57597732543945,4.98,0.0,0
46592,-1.194,67.62700000000001,0.0,0.0,415.19800000000004,0.0,0.0,0.0,5.742,0,0.0,0.04,309.915,5.6745,37.65,35.57597732543945,4.98,0.0,0
46592,-1.364,67.62700000000001,0.0,0.0,415.077,0.0,0.0,0.0,5.742,0,0.0,-0.005,309.825,0.0,37.5,35.57597732543945,4.98,0.0,0
46592,-1.364,67.62700000000001,0.0,0.0,414.714,0.0,0.0,0.0,5.742,0,1.0,0.0,309.825,-1.0557,36.87,35.57597732543945,4.98,0.0,0
46592,-1.364,67.62700000000001,0.0,0.0,414.956,0.0,0.0,0.0,5.742,0,0.0,0.005,309.915,0.0,36.45,35.57597732543945,4.98,0.0,0
46592,-1.5350000000000001,67.62700000000001,0.0,0.0,415.622,0.0,0.0,0.0,5.742,0,1.0,0.035,309.825,1.0557,36.51,35.57597732543945,4.98,0.0,0
46592,-1.364,67.62700000000001,0.0,0.0,415.379,0.0,0.0,0.0,5.742,0,1.0,0.05,309.825,-2.9032,36.21,35.57597732543945,4.98,0.0,0
46592,-1.194,67.62700000000001,0.0,0.0,415.137,0.0,0.0,0.0,5.742,0,1.0,0.015,309.825,-3.8270000000000004,35.88,35.57597732543945,4.98,0.0,0
46592,-1.194,67.62700000000001,0.0,0.0,415.016,0.0,0.0,0.0,5.742,0,0.0,0.035,309.825,1.0557,35.160000000000004,35.57597732543945,4.98,0.0,0
46592,-1.364,67.62700000000001,0.0,0.0,415.077,0.0,0.0,0.0,5.742,0,1.0,0.06,309.825,-0.2639,34.59,35.57597732543945,4.98,0.0,0
46592,-1.194,67.62700000000001,0.0,0.0,415.19800000000004,0.0,0.0,0.0,5.742,0,1.0,0.05,309.915,0.46190000000000003,34.17,35.57597732543945,4.98,0.0,0
46592,-1.5350000000000001,67.62700000000001,0.0,0.0,415.19800000000004,0.0,0.0,0.0,5.742,0,1.0,0.065,309.915,0.6433,34.230000000000004,35.57597732543945,4.98,0.0,0
46592,-1.194,67.62700000000001,0.0,0.0,414.956,0.0,0.0,0.0,5.742,0,0.0,0.065,309.915,2.4908,35.01,35.57597732543945,4.98,0.0,0
46592,-1.5350000000000001,67.62700000000001,0.0,0.0,414.896,0.0,0.0,0.0,5.742,0,1.0,0.025,309.825,-1.0557,36.18,35.57597732543945,4.98,0.0,0
46592,-1.364,67.62700000000001,0.0,0.0,415.137,0.0,0.0,0.0,5.742,0,0.0,0.005,309.915,-2.3094,37.38,35.57597732543945,4.98,0.0,0
46592,-1.5350000000000001,67.62700000000001,0.0,0.0,415.319,0.0,0.0,0.0,5.742,0,1.0,0.07,309.69,-5.0394000000000005,37.44,35.57597732543945,4.98,0.0,0
46592,-1.5350000000000001,67.62700000000001,0.0,0.0,414.956,0.0,0.0,0.0,5.742,0,1.0,0.065,309.69,0.6186,36.96,35.57597732543945,4.98,0.0,0
46592,-1.5350000000000001,67.62700000000001,0.0,0.0,415.016,0.0,0.0,0.0,5.742,0,1.0,-0.01,309.915,0.9897,36.51,35.57597732543945,4.98,0.0,0
46592,-1.364,67.62700000000001,0.0,0.0,415.137,0.0,0.0,0.0,5.742,0,0.0,0.1,309.825,-0.0907,36.15,35.57597732543945,4.98,0.0,0
46592,-1.5350000000000001,67.62700000000001,0.0,0.0,415.137,0.0,0.0,0.0,5.742,0,1.0,0.02,309.69,-1.3444,36.300000000000004,35.57597732543945,4.98,0.0,0
46592,-1.364,67.62700000000001,0.0,0.0,415.319,0.0,0.0,0.0,5.742,0,0.0,0.05,309.825,-1.0392000000000001,36.27,35.57597732543945,4.98,0.0,0
46592,-1.5350000000000001,67.62700000000001,0.0,0.0,414.956,0.0,0.0,0.0,5.742,0,0.0,0.025,309.915,3.1919,35.910000000000004,35.57597732543945,4.98,0.0,0
46592,-1.5350000000000001,67.62700000000001,0.0,0.0,415.319,0.0,0.0,0.0,5.742,0,0.0,0.015,309.825,2.8125,36.06,35.57597732543945,4.98,0.0,0
46592,-1.194,67.62700000000001,0.0,0.0,415.258,0.0,0.0,0.0,5.742,0,0.0,0.03,309.915,0.7753,35.22,35.57597732543945,4.98,0.0,0
46592,-1.5350000000000001,67.62700000000001,0.0,0.0,414.83500000000004,0.0,0.0,0.0,5.742,0,1.0,0.035,309.825,-0.7753,34.65,35.57597732543945,4.98,0.0,0
46592,-1.5350000000000001,67.62700000000001,0.0,0.0,415.077,0.0,0.0,0.0,5.742,0,1.0,0.055,309.825,-0.6598,34.14,35.57597732543945,4.98,0.0,0
46592,-1.194,67.62700000000001,0.5,0.0,415.19800000000004,0.0,0.0,0.0,5.742,0,0.0,-0.035,309.915,-0.9238000000000001,34.14,35.57597732543945,4.98,0.0,0
46592,-1.5350000000000001,67.62700000000001,0.0,0.0,415.379,0.0,0.0,0.0,5.742,0,0.0,0.05,309.825,0.9238000000000001,36.18,35.57597732543945,4.98,0.0,0
46592,-1.705,67.62700000000001,0.0,0.0,414.896,0.0,0.0,0.0,5.742,0,0.0,0.03,309.825,-2.9692000000000003,37.38,35.57597732543945,4.98,0.0,0
46592,-1.705,67.62700000000001,0.0,0.0,415.19800000000004,0.0,0.0,0.0,5.742,0,0.0,0.05,309.825,-4.486800000000001,37.71,35.57597732543945,4.98,0.0,0
46592,-1.0230000000000001,67.62700000000001,0.0,0.0,415.19800000000004,0.0,0.0,0.0,5.742,0,0.0,0.035,309.825,-4.2229,37.56,35.57597732543945,4.98,0.0,0
46592,-1.5350000000000001,67.62700000000001,0.0,0.0,414.956,0.0,0.0,0.0,5.742,0,0.0,0.13,309.69,-3.8600000000000003,36.78,35.57597732543945,4.98,0.0,0
46592,-1.0230000000000001,67.62700000000001,0.0,0.0,415.016,0.0,0.0,0.0,5.742,0,1.0,0.005,309.69,-0.6598,36.18,35.57597732543945,4.98,0.0,0
46592,-1.364,67.62700000000001,0.0,0.0,415.016,0.0,0.0,0.0,5.742,0,1.0,0.035,309.825,-1.0557,36.24,35.57597732543945,4.98,0.0,0
46592,-1.364,67.62700000000001,0.0,0.0,415.19800000000004,0.0,0.0,0.0,5.742,0,1.0,0.125,309.825,2.9032,36.09,35.57597732543945,4.98,0.0,0
46592,-1.364,67.62700000000001,0.0,0.0,415.19800000000004,0.0,0.0,0.0,5.742,0,0.0,0.02,309.825,4.651800000000001,35.550000000000004,35.57597732543945,4.98,0.0,0
46592,-1.5350000000000001,67.62700000000001,0.0,0.0,415.19800000000004,0.0,0.0,0.0,5.742,0,0.0,0.03,309.825,0.9238000000000001,35.730000000000004,35.57597732543945,4.98,0.0,0
46592,-1.364,67.62700000000001,0.0,0.0,415.016,0.0,0.0,0.0,5.742,0,0.0,0.045,309.915,2.5733,35.46,35.57597732543945,4.98,0.0,0
46592,-1.194,67.62700000000001,0.0,0.0,414.714,0.0,0.0,0.0,5.742,0,0.0,0.05,309.825,-0.5279,34.95,35.57597732543945,4.98,0.0,0
46592,-1.364,67.62700000000001,0.0,0.0,414.956,0.0,0.0,0.0,5.742,0,0.0,0.045,309.825,-2.9032,33.96,35.57597732543945,4.98,0.0,0
46592,-1.5350000000000001,67.62700000000001,0.0,0.0,415.258,0.0,0.0,0.0,5.742,0,1.0,0.055,309.69,-5.0147,34.68,35.57597732543945,4.98,0.0,0
46592,-1.5350000000000001,67.62700000000001,0.0,0.0,415.137,0.0,0.0,0.0,5.742,0,1.0,0.005,309.69,-3.0682,35.79,35.57597732543945,4.98,0.0,0
46592,-1.8760000000000001,67.62700000000001,0.0,0.0,414.956,0.0,0.0,0.0,5.742,0,1.0,0.1,309.825,-0.39590000000000003,36.45,35.57597732543945,4.98,0.0,0
46592,-1.5350000000000001,67.62700000000001,0.0,0.0,414.714,0.0,0.0,0.0,5.742,0,0.0,0.005,309.825,4.9157,36.6,35.57597732543945,4.98,0.0,0
46592,-1.194,67.62700000000001,0.0,0.0,415.19800000000004,0.0,0.0,0.0,5.742,0,0.0,0.01,309.825,3.8270000000000004,36.54,35.57597732543945,4.98,0.0,0
46592,-1.194,67.62700000000001,0.0,0.0,415.016,0.0,0.0,0.0,5.742,0,1.0,0.055,309.825,0.0,36.0,35.57597732543945,4.98,0.0,0
46592,-1.194,67.62700000000001,0.0,0.0,415.016,0.0,0.0,0.0,5.742,0,1.0,0.075,309.825,-0.39590000000000003,35.88,35.57597732543945,4.98,0.0,0
46592,-1.5350000000000001,67.62700000000001,0.0,0.0,414.896,0.0,0.0,0.0,5.742,0,1.0,-0.095,309.825,0.39590000000000003,34.71,35.57597732543945,4.98,0.0,0
46592,-1.364,67.62700000000001,0.0,0.0,414.896,0.0,0.0,0.0,5.742,0,1.0,-0.005,309.825,-0.7918000000000001,34.2,35.57597732543945,4.98,0.0,0
46592,-1.364,67.62700000000001,0.0,0.0,415.19800000000004,0.0,0.0,0.0,5.742,0,1.0,0.03,309.825,-0.9238000000000001,34.35,35.57597732543945,4.98,0.0,0
46592,-1.5350000000000001,67.62700000000001,0.0,0.0,415.137,0.0,0.0,0.0,5.742,0,1.0,0.025,309.825,0.9402,34.44,35.57597732543945,4.98,0.0,0
46592,-1.364,67.62700000000001,0.0,0.0,415.016,0.0,0.0,0.0,5.742,0,1.0,0.0,309.825,0.132,34.74,35.57597732543945,4.98,0.0,0
46592,-1.364,67.62700000000001,0.0,0.0,415.016,0.0,0.0,0.0,5.742,0,1.0,0.035,309.825,-3.3651,34.62,35.57597732543945,4.98,0.0,0
46592,-1.194,67.62700000000001,0.0,0.0,414.593,0.0,0.0,0.0,5.742,0,1.0,0.02,309.825,-1.9795,34.83,35.57597732543945,4.98,0.0,0
46592,-1.364,67.62700000000001,0.0,0.0,414.593,0.0,0.0,0.0,5.742,0,0.0,0.0,309.915,4.8662,35.46,35.57597732543945,4.98,0.0,0
46592,-1.364,67.62700000000001,0.0,0.0,414.83500000000004,0.0,0.0,0.0,5.742,0,0.0,0.04,309.915,0.9073,36.15,35.57597732543945,4.98,0.0,0
46592,-1.194,67.62700000000001,0.0,0.0,415.19800000000004,0.0,0.0,0.0,5.742,0,0.0,0.11,309.69,-3.6703,37.02,35.57597732543945,4.98,0.0,0
46592,-1.364,67.62700000000001,0.0,0.0,414.83500000000004,0.0,0.0,0.0,5.742,0,1.0,0.12,309.825,-3.2166,37.62,35.57597732543945,4.98,0.0,0
46592,-1.5350000000000001,67.62700000000001,0.0,0.0,414.83500000000004,0.0,0.0,0.0,5.742,0,1.0,0.045,309.825,1.6908,37.410000000000004,35.57597732543945,4.98,0.0,0
46592,-0.853,67.62700000000001,0.0,0.0,414.83500000000004,0.0,0.0,0.0,5.742,0,1.0,0.015,309.825,1.0557,37.47,35.57597732543945,4.98,0.0,0
46592,-1.364,67.62700000000001,0.0,0.0,414.896,0.0,0.0,0.0,5.742,0,1.0,0.035,309.825,2.2764,36.42,35.57597732543945,4.98,0.0,0
46592,-1.5350000000000001,67.62700000000001,0.0,0.0,414.77500000000003,0.0,0.0,0.0,5.742,0,1.0,-0.02,310.005,0.7918000000000001,35.4,35.57597732543945,4.98,0.0,0
46592,-1.5350000000000001,67.62700000000001,0.0,0.0,415.137,0.0,0.0,0.0,5.742,0,1.0,0.09,309.69,3.5301,35.25,35.57597732543945,4.98,0.0,0
46592,-1.705,67.62700000000001,0.0,0.0,414.896,0.0,0.0,0.0,5.742,0,1.0,-0.005,309.915,-0.6598,35.25,35.57597732543945,4.98,0.0,0
46592,-1.364,67.62700000000001,0.0,0.0,414.714,0.0,0.0,0.0,5.742,0,1.0,0.025,309.915,-3.1012,35.67,35.57597732543945,4.98,0.0,0
46592,-1.364,67.62700000000001,0.0,0.0,414.654,0.0,0.0,0.0,5.742,0,1.0,0.015,309.915,6.2023,35.1,35.57597732543945,4.98,0.0,0
46592,-1.364,67.62700000000001,0.0,0.0,414.956,0.0,0.0,0.0,5.742,0,1.0,0.04,309.825,-1.7815,35.43,35.57597732543945,4.98,0.0,0
46592,-1.364,67.62700000000001,0.0,0.0,414.896,0.0,0.0,0.0,5.742,0,1.0,0.035,309.825,-1.7155,35.19,35.57597732543945,4.98,0.0,0
46592,-1.364,67.62700000000001,0.0,0.0,414.714,0.0,0.0,0.0,5.742,0,0.0,0.055,309.825,3.2331000000000003,36.03,35.57597732543945,4.98,0.0,0
46592,-1.0230000000000001,67.62700000000001,0.0,0.0,414.896,0.0,0.0,0.0,5.742,0,0.0,0.095,309.825,-1.3196,36.81,35.57597732543945,4.98,0.0,0
46592,-1.194,67.62700000000001,0.0,0.0,415.016,0.0,0.0,0.0,5.742,0,0.0,0.05,309.915,-1.6496000000000002,37.44,35.57597732543945,4.98,0.0,0
46592,-1.194,67.62700000000001,0.0,0.0,414.714,0.0,0.0,0.0,5.742,0,1.0,0.06,309.69,-3.9589000000000003,37.38,35.57597732543945,4.98,0.0,0
46592,-1.5350000000000001,67.62700000000001,0.0,0.0,415.016,0.0,0.0,0.0,5.742,0,0.0,0.03,309.69,-2.8043,37.53,35.57597732543945,4.98,0.0,0
46592,-1.194,67.62700000000001,0.0,0.0,414.896,0.0,0.0,0.0,5.742,0,0.0,0.065,309.825,1.4516,37.14,35.57597732543945,4.98,0.0,0
46592,-1.194,67.62700000000001,0.0,0.0,414.714,0.0,0.0,0.0,5.742,0,0.0,0.035,309.825,4.9157,36.84,35.57597732543945,4.98,0.0,0
46592,-1.364,67.62700000000001,0.0,0.0,415.319,0.0,0.0,0.0,5.742,0,1.0,0.025,309.69,-1.3196,36.09,35.57597732543945,4.98,0.0,0
46592,-1.5350000000000001,67.62700000000001,0.0,0.0,415.137,0.0,0.0,0.0,5.742,0,0.0,0.025,309.825,-3.4311000000000003,35.37,35.57597732543945,4.98,0.0,0
46592,-1.0230000000000001,67.62700000000001,0.0,0.0,414.654,0.0,0.0,0.0,5.742,0,1.0,0.05,309.825,2.5073000000000003,34.26,35.57597732543945,4.98,0.0,0
46592,-1.364,67.62700000000001,0.0,0.0,414.654,0.0,0.0,0.0,5.742,0,1.0,0.015,309.825,2.5733,34.230000000000004,35.57597732543945,4.98,0.0,0
46592,-1.5350000000000001,67.62700000000001,0.0,0.0,414.654,0.0,0.0,0.0,5.742,0,1.0,0.055,309.825,0.6351,34.71,35.57597732543945,4.98,0.0,0
46592,-1.194,67.62700000000001,0.0,0.0,414.896,0.0,0.0,0.0,5.742,0,1.0,-0.015,309.825,-1.5176,35.01,35.57597732543945,4.98,0.0,0
46592,-1.0230000000000001,67.62700000000001,0.0,0.0,414.83500000000004,0.0,0.0,0.0,5.742,0,1.0,-0.015,309.825,2.0455,36.12,35.57597732543945,4.98,0.0,0
46592,-1.194,67.62700000000001,0.0,0.0,415.137,0.0,0.0,0.0,5.742,0,1.0,0.045,309.915,3.6125000000000003,37.02,35.57597732543945,4.98,0.0,0
46592,-1.5350000000000001,67.62700000000001,0.0,0.0,415.077,0.0,0.0,0.0,5.742,0,1.0,0.01,309.825,-0.3794,37.35,35.57597732543945,4.98,0.0,0
46592,-1.5350000000000001,67.62700000000001,0.0,0.0,415.016,0.0,0.0,0.0,5.742,0,1.0,0.01,309.915,-2.5898000000000003,37.02,35.57597732543945,4.98,0.0,0
46592,-1.364,67.62700000000001,0.0,0.0,415.016,0.0,0.0,0.0,5.742,0,1.0,0.025,309.825,-3.2826,36.660000000000004,35.57597732543945,4.98,0.0,0
46592,-1.364,67.62700000000001,0.0,0.0,414.77500000000003,0.0,0.0,0.0,5.742,0,0.0,0.05,309.825,-0.19790000000000002,36.54,35.57597732543945,4.98,0.0,0
46592,-1.0230000000000001,67.62700000000001,0.0,0.0,415.077,0.0,0.0,0.0,5.742,0,1.0,0.065,309.825,0.2639,36.21,35.57597732543945,4.98,0.0,0
46592,-1.364,67.62700000000001,0.0,0.0,415.19800000000004,0.0,0.0,0.0,5.742,0,1.0,0.0,309.69,-2.9445,36.0,35.57597732543945,4.98,0.0,0
46592,-1.5350000000000001,67.62700000000001,0.0,0.0,415.258,0.0,0.0,0.0,5.742,0,1.0,0.035,309.69,-6.1116,35.79,35.57597732543945,4.98,0.0,0
46592,-1.194,67.62700000000001,0.0,0.0,414.956,0.0,0.0,0.0,5.742,0,0.0,0.06,309.69,0.42060000000000003,35.13,35.57597732543945,4.98,0.0,0
46592,-1.364,67.62700000000001,0.0,0.0,414.654,0.0,0.0,0.0,5.742,0,1.0,0.045,309.915,6.359100000000001,34.5,35.57597732543945,4.98,0.0,0
46592,-1.194,67.62700000000001,0.0,0.0,415.379,0.0,0.0,0.0,5.742,0,0.0,0.015,309.825,3.8022,34.86,35.57597732543945,4.98,0.0,0
46592,-1.194,67.62700000000001,0.0,0.0,415.137,0.0,0.0,0.0,5.742,0,1.0,0.01,309.915,3.5466,35.19,35.57597732543945,4.98,0.0,0
46592,-1.364,67.62700000000001,0.0,0.0,414.956,0.0,0.0,0.0,5.742,0,1.0,0.015,309.69,1.8228000000000002,36.09,35.57597732543945,4.98,0.0,0
46592,-1.364,67.62700000000001,0.0,0.0,415.19800000000004,0.0,0.0,0.0,5.742,0,2.0,0.04,309.915,2.1609000000000003,37.35,35.57597732543945,4.98,0.0,0
46592,-1.0230000000000001,67.62700000000001,0.0,0.0,415.137,0.0,0.0,0.0,5.742,0,1.0,0.015,309.825,-3.1507,37.44,35.57597732543945,4.98,0.0,0
46592,-1.194,67.62700000000001,0.0,0.0,415.016,0.0,0.0,0.0,5.742,0,1.0,0.06,309.825,-0.2639,37.32,35.57597732543945,4.98,0.0,0
46592,-1.5350000000000001,67.62700000000001,0.0,0.0,414.896,0.0,0.0,0.0,5.742,0,1.0,-0.005,309.825,-0.6433,36.72,35.57597732543945,4.98,0.0,0
46592,-1.705,67.62700000000001,0.0,0.0,415.319,0.0,0.0,0.0,5.742,0,2.0,0.015,309.915,2.1609000000000003,36.27,35.57597732543945,4.98,0.0,0
46592,-1.0230000000000001,67.62700000000001,0.0,0.0,415.258,0.0,0.0,0.0,5.742,0,1.0,0.045,309.825,0.7258,36.06,35.57597732543945,4.98,0.0,0
46592,-1.705,67.62700000000001,0.0,0.0,415.016,0.0,0.0,0.0,5.742,0,0.0,0.075,309.915,-1.8228000000000002,36.27,35.57597732543945,4.98,0.0,0
46592,-1.364,67.62700000000001,0.0,0.0,415.077,0.0,0.0,0.0,5.742,0,1.0,-0.005,309.825,0.2144,36.42,35.57597732543945,4.98,0.0,0
46592,-1.364,67.62700000000001,0.0,0.0,414.714,0.0,0.0,0.0,5.742,0,0.0,0.045,309.915,2.4249,35.52,35.57597732543945,4.98,0.0,0
46592,-1.364,67.62700000000001,0.0,0.0,415.19800000000004,0.0,0.0,0.0,5.742,0,0.0,0.01,309.69,-1.8063,34.74,35.57597732543945,4.98,0.0,0
46592,-1.5350000000000001,67.62700000000001,0.0,0.0,415.19800000000004,0.0,0.0,0.0,5.742,0,0.0,0.045,309.915,-0.7423000000000001,34.68,35.57597732543945,4.98,0.0,0
46592,-0.853,67.62700000000001,0.0,0.0,415.077,0.0,0.0,0.0,5.742,0,0.0,0.085,309.915,-0.39590000000000003,34.62,35.57597732543945,4.98,0.0,0
46592,-1.194,67.62700000000001,0.0,0.0,415.19800000000004,0.0,0.0,0.0,5.742,0,0.0,0.035,309.825,-2.8372,35.37,35.57597732543945,4.98,0.0,0
46592,-1.0230000000000001,67.62700000000001,0.0,0.0,414.896,0.0,0.0,0.0,5.742,0,0.0,0.045,309.825,3.6950000000000003,37.08,35.57597732543945,4.98,0.0,0
46592,-1.0230000000000001,67.62700000000001,0.0,0.0,414.714,0.0,0.0,0.0,5.742,0,0.0,0.06,309.825,-0.9897,37.410000000000004,35.57597732543945,4.98,0.0,0
46592,-1.364,67.62700000000001,0.0,0.0,415.077,0.0,0.0,0.0,5.742,0,0.0,-0.01,309.825,-1.7155,37.230000000000004,35.57597732543945,4.98,0.0,0
46592,-1.364,67.62700000000001,0.0,0.0,415.19800000000004,0.0,0.0,0.0,5.742,0,0.0,0.02,309.825,0.0,36.69,35.57597732543945,4.98,0.0,0
46592,-1.5350000000000001,67.62700000000001,0.0,0.0,415.19800000000004,0.0,0.0,0.0,5.742,0,1.0,-0.01,309.915,2.2434000000000003,36.15,35.57597732543945,4.98,0.0,0
46592,-1.5350000000000001,67.62700000000001,0.0,0.0,414.896,0.0,0.0,0.0,5.742,0,1.0,0.085,309.825,2.9032,36.9,35.57597732543945,4.98,0.0,0
46592,-1.364,67.62700000000001,0.0,0.0,414.714,0.0,0.0,0.0,5.742,0,1.0,0.03,309.825,-0.7918000000000001,37.230000000000004,35.57597732543945,4.98,0.0,0
46592,-1.194,67.62700000000001,0.0,0.0,414.83500000000004,0.0,0.0,0.0,5.742,0,1.0,0.025,309.825,-0.9897,37.11,35.57597732543945,4.98,0.0,0
46592,-1.0230000000000001,67.62700000000001,0.0,0.0,414.83500000000004,0.0,0.0,0.0,5.742,0,1.0,0.075,309.825,-0.5114000000000001,36.99,35.57597732543945,4.98,0.0,0
46592,-1.364,67.62700000000001,0.0,0.0,414.896,0.0,0.0,0.0,5.742,0,0.0,0.025,309.915,0.5114000000000001,35.910000000000004,35.57597732543945,4.98,0.0,0
46592,-1.0230000000000001,67.62700000000001,0.0,0.0,414.77500000000003,0.0,0.0,0.0,5.742,0,1.0,0.045,309.915,2.3589,34.56,35.57597732543945,4.98,0.0,0
46592,-1.364,67.62700000000001,0.0,0.0,414.896,0.0,0.0,0.0,5.742,0,1.0,0.035,309.825,0.2639,34.05,35.57597732543945,4.98,0.0,0
46592,-1.194,67.62700000000001,0.0,0.0,414.896,0.0,0.0,0.0,5.742,0,0.0,0.04,309.825,-0.9238000000000001,34.2,35.57597732543945,4.98,0.0,0
46592,-1.364,67.62700000000001,0.0,0.0,414.533,0.0,0.0,0.0,5.742,0,0.0,0.01,309.915,0.39590000000000003,35.88,35.57597732543945,4.98,0.0,0
46592,-1.364,67.62700000000001,0.0,0.0,414.714,0.0,0.0,0.0,5.742,0,0.0,0.045,309.825,-0.39590000000000003,37.62,35.57597732543945,4.98,0.0,0
46592,-1.5350000000000001,67.62700000000001,0.0,0.0,415.077,0.0,0.0,0.0,5.742,0,0.0,0.055,309.69,-5.1879,38.550000000000004,35.57597732543945,4.98,0.0,0
46592,-1.194,67.62700000000001,0.0,0.0,414.83500000000004,0.0,0.0,0.0,5.742,0,1.0,0.005,309.915,-2.2599,38.37,35.57597732543945,4.98,0.0,0
46592,-1.5350000000000001,67.62700000000001,0.0,0.0,414.714,0.0,0.0,0.0,5.742,0,1.0,0.045,309.825,4.3548,37.35,35.57597732543945,4.98,0.0,0
46592,-1.364,67.62700000000001,0.0,0.0,415.016,0.0,0.0,0.0,5.742,0,1.0,-0.005,309.825,3.0764,36.09,35.57597732543945,4.98,0.0,0
46592,-1.5350000000000001,67.62700000000001,0.0,0.0,414.956,0.0,0.0,0.0,5.742,0,1.0,0.005,309.825,-3.7445000000000004,35.22,35.57597732543945,4.98,0.0,0
46592,-1.364,67.62700000000001,0.0,0.0,415.077,0.0,0.0,0.0,5.742,0,1.0,0.05,309.915,1.6496000000000002,34.86,35.57597732543945,4.98,0.0,0
46592,-1.5350000000000001,67.62700000000001,0.0,0.0,415.258,0.0,0.0,0.0,5.742,0,1.0,0.05,309.825,-1.0557,35.07,35.57597732543945,4.98,0.0,0
46592,-1.5350000000000001,67.62700000000001,0.0,0.0,414.956,0.0,0.0,0.0,5.742,0,0.0,0.025,309.915,-1.6248,35.04,35.57597732543945,4.98,0.0,0
46592,-1.364,67.62700000000001,0.0,0.0,414.896,0.0,0.0,0.0,5.742,0,0.0,0.02,309.915,1.7155,35.07,35.57597732543945,4.98,0.0,0
46592,-1.364,67.62700000000001,0.0,0.0,414.896,0.0,0.0,0.0,5.742,0,1.0,0.06,309.69,-0.1072,34.800000000000004,35.57597732543945,4.98,0.0,0
46592,-1.194,67.62700000000001,0.0,0.0,414.896,0.0,0.0,0.0,5.742,0,1.0,0.01,309.915,-1.1217000000000001,35.22,35.57597732543945,4.98,0.0,0
46592,-1.364,67.62700000000001,0.0,0.0,415.19800000000004,0.0,0.0,0.0,5.742,0,0.0,0.11,309.825,0.066,35.25,35.57597732543945,4.98,0.0,0
46592,-1.194,67.62700000000001,0.0,0.0,415.319,0.0,0.0,0.0,5.742,0,0.0,0.04,309.69,-4.8167,35.82,35.57597732543945,4.98,0.0,0
46592,-1.364,67.62700000000001,0.0,0.0,415.19800000000004,0.0,0.0,0.0,5.742,0,1.0,0.015,309.825,-3.4971,35.79,35.57597732543945,4.98,0.0,0
46592,-1.364,67.62700000000001,0.0,0.0,415.19800000000004,0.0,0.0,0.0,5.742,0,0.0,0.005,309.915,0.3134,36.27,35.57597732543945,4.98,0.0,0
46592,-1.364,67.62700000000001,0.0,0.0,415.319,0.0,0.0,0.0,5.742,0,0.0,0.03,309.825,3.8682000000000003,36.63,35.57597732543945,4.98,0.0,0
46592,-1.364,67.62700000000001,0.0,0.0,415.5,0.0,0.0,0.0,5.742,0,0.0,0.01,309.825,1.3856000000000002,36.9,35.57597732543945,4.98,0.0,0
46592,-0.853,67.62700000000001,0.0,0.0,415.5,0.0,0.0,0.0,5.742,0,0.0,0.085,309.69,-2.9032,36.39,35.57597732543945,4.98,0.0,0
46592,-1.5350000000000001,67.62700000000001,0.0,0.0,415.319,0.0,0.0,0.0,5.742,0,0.0,0.04,309.69,-2.1527000000000003,35.76,35.57597732543945,4.98,0.0,0
46592,-1.194,67.62700000000001,0.0,0.0,415.258,0.0,0.0,0.0,5.742,0,0.0,0.04,309.69,-3.1424000000000003,35.43,35.57597732543945,4.98,0.0,0
46592,-1.194,67.62700000000001,0.0,0.0,415.258,0.0,0.0,0.0,5.742,0,1.0,0.045,309.69,2.3754,34.980000000000004,35.57597732543945,4.98,0.0,0
46592,-1.194,67.62700000000001,0.0,0.0,415.56100000000004,0.0,0.0,0.0,5.742,0,0.0,0.015,309.825,2.9445,34.38,35.57597732543945,4.98,0.0,0
46592,-1.5350000000000001,67.62700000000001,0.0,0.0,415.379,0.0,0.0,0.0,5.742,0,0.0,0.015,309.69,1.9795,33.75,35.57597732543945,4.98,0.0,0
46592,-1.364,67.62700000000001,0.0,0.0,414.83500000000004,0.0,0.0,0.0,5.742,0,1.0,0.05,309.915,2.6228000000000002,34.83,35.57597732543945,4.98,0.0,0
46592,-1.364,67.62700000000001,0.0,0.0,414.896,0.0,0.0,0.0,5.742,0,1.0,-0.03,309.915,3.4311000000000003,34.83,35.57597732543945,4.98,0.0,0
46592,-1.194,67.62700000000001,0.0,0.0,414.533,0.0,0.0,0.0,5.742,0,1.0,0.025,309.69,2.4743,35.4,35.57597732543945,4.98,0.0,0
46592,-1.0230000000000001,67.62700000000001,0.0,0.0,414.593,0.0,0.0,0.0,5.742,0,1.0,0.04,309.825,0.7918000000000001,36.09,35.57597732543945,4.98,0.0,0
46592,-0.853,67.62700000000001,0.0,0.0,414.714,0.0,0.0,0.0,5.742,0,0.0,0.03,309.825,-1.7815,37.050000000000004,35.57597732543945,4.98,0.0,0
46592,-1.5350000000000001,67.62700000000001,0.0,0.0,415.19800000000004,0.0,0.0,0.0,5.742,0,0.0,0.04,309.825,0.5279,36.96,35.57597732543945,4.98,0.0,0
46592,-1.364,67.62700000000001,0.0,0.0,415.19800000000004,0.0,0.0,0.0,5.742,0,1.0,-0.01,309.825,-2.9032,36.33,35.57597732543945,4.98,0.0,0
46592,-1.0230000000000001,67.62700000000001,0.0,0.0,414.714,0.0,0.0,0.0,5.742,0,0.0,0.01,309.69,-0.132,35.25,35.57597732543945,4.98,0.0,0
46592,-1.364,67.62700000000001,0.0,0.0,415.016,0.0,0.0,0.0,5.742,0,1.0,0.05,309.825,-0.7918000000000001,34.92,35.57597732543945,4.98,0.0,0
46592,-1.364,67.62700000000001,0.0,0.0,415.19800000000004,0.0,0.0,0.0,5.742,0,0.0,0.09,309.825,-0.132,35.34,35.57597732543945,4.98,0.0,0
46592,-1.364,67.62700000000001,0.0,0.0,415.19800000000004,0.0,0.0,0.0,5.742,0,0.0,0.0,309.825,-0.8908,35.64,35.57597732543945,4.98,0.0,0
46592,-1.364,67.62700000000001,0.0,0.0,414.896,0.0,0.0,0.0,5.742,0,0.0,0.045,309.825,-0.39590000000000003,35.31,35.57597732543945,4.98,0.0,0
46592,-1.5350000000000001,67.62700000000001,0.0,0.0,414.896,0.0,0.0,0.0,5.742,0,0.0,0.01,309.825,4.2229,35.04,35.57597732543945,4.98,0.0,0
46592,-1.0230000000000001,67.62700000000001,0.0,0.0,415.077,0.0,0.0,0.0,5.742,0,0.0,0.075,309.825,0.0,34.59,35.57597732543945,4.98,0.0,0
46592,-0.853,67.62700000000001,0.0,0.0,415.077,0.0,0.0,0.0,5.742,0,0.0,0.05,309.825,-2.6393,34.71,35.57597732543945,4.98,0.0,0
46592,-0.853,67.62700000000001,0.0,0.0,415.19800000000004,0.0,0.0,0.0,5.742,0,1.0,0.01,309.915,-0.132,35.28,35.57597732543945,4.98,0.0,0
46592,-1.364,67.62700000000001,0.0,0.0,414.896,0.0,0.0,0.0,5.742,0,1.0,0.02,309.825,-3.4311000000000003,35.910000000000004,35.57597732543945,4.98,0.0,0
46592,-1.0230000000000001,67.62700000000001,0.0,0.0,415.077,0.0,0.0,0.0,5.742,0,0.0,0.02,309.915,3.0352,36.27,35.57597732543945,4.98,0.0,0
46592,-1.194,67.62700000000001,0.0,0.0,415.077,0.0,0.0,0.0,5.742,0,0.0,0.075,309.825,1.9135000000000002,36.36,35.57597732543945,4.98,0.0,0
46592,-1.0230000000000001,67.62700000000001,0.0,0.0,415.137,0.0,0.0,0.0,5.742,0,0.0,0.005,309.825,-0.39590000000000003,36.33,35.57597732543945,4.98,0.0,0
46592,-1.364,67.62700000000001,0.0,0.0,415.077,0.0,0.0,0.0,5.742,0,1.0,0.025,309.825,1.3856000000000002,36.15,35.57597732543945,4.98,0.0,0
46592,-1.194,67.62700000000001,0.0,0.0,415.016,0.0,0.0,0.0,5.742,0,1.0,-0.015,309.915,1.8475000000000001,35.85,35.57597732543945,4.98,0.0,0
46592,-1.364,67.62700000000001,0.0,0.0,414.896,0.0,0.0,0.0,5.742,0,1.0,-0.01,309.69,0.6268,35.01,35.57597732543945,4.98,0.0,0
46592,-1.194,67.62700000000001,0.0,0.0,414.896,0.0,0.0,0.0,5.742,0,1.0,0.025,309.69,-0.3052,34.980000000000004,35.57597732543945,4.98,0.0,0
46592,-1.194,67.62700000000001,0.0,0.0,414.956,0.0,0.0,0.0,5.742,0,1.0,0.02,309.825,-0.5938,34.26,35.57597732543945,4.98,0.0,0
46592,-1.5350000000000001,67.62700000000001,0.0,0.0,414.896,0.0,0.0,0.0,5.742,0,1.0,0.055,309.915,-1.5836000000000001,32.94,35.57597732543945,4.98,0.0,0
46592,-0.853,67.62700000000001,0.0,0.0,414.714,0.0,0.0,0.0,5.742,0,1.0,0.025,309.825,1.1629,32.730000000000004,35.57597732543945,4.98,0.0,0
46592,-1.705,67.62700000000001,0.0,0.0,415.016,0.0,0.0,0.0,5.742,0,1.0,0.02,309.825,-1.0557,33.51,35.57597732543945,4.98,0.0,0
46592,-1.194,67.62700000000001,0.0,0.0,414.77500000000003,0.0,0.0,0.0,5.742,0,1.0,0.02,309.69,-6.7549,35.1,35.57597732543945,4.98,0.0,0
46592,-1.364,67.62700000000001,0.0,0.0,414.956,0.0,0.0,0.0,5.742,0,1.0,-0.005,309.915,1.4351,35.97,35.57597732543945,4.98,0.0,0
46592,-1.5350000000000001,67.62700000000001,0.0,0.0,414.77500000000003,0.0,0.0,0.0,5.742,0,1.0,0.025,309.915,5.3281,36.75,35.57597732543945,4.98,0.0,0
46592,-1.194,67.62700000000001,0.0,0.0,414.714,0.0,0.0,0.0,5.742,0,0.0,0.0,309.69,1.4516,36.51,35.57597732543945,4.98,0.0,0
46592,-1.364,67.62700000000001,0.0,0.0,415.016,0.0,0.0,0.0,5.742,0,1.0,0.035,309.915,-2.3094,35.7,35.57597732543945,4.98,0.0,0
46592,-1.0230000000000001,67.62700000000001,0.0,0.0,415.137,0.0,0.0,0.0,5.742,0,1.0,0.035,309.825,0.19790000000000002,34.89,35.57597732543945,4.98,0.0,0
46592,-1.364,67.62700000000001,0.0,0.0,415.077,0.0,0.0,0.0,5.742,0,1.0,0.035,309.915,2.2681,34.62,35.57597732543945,4.98,0.0,0
46592,-1.705,67.62700000000001,0.0,0.0,414.956,0.0,0.0,0.0,5.742,0,1.0,0.04,309.825,-0.7918000000000001,35.13,35.57597732543945,4.98,0.0,0
46592,-1.5350000000000001,67.62700000000001,0.0,0.0,414.83500000000004,0.0,0.0,0.0,5.742,0,1.0,0.025,309.825,-1.0557,35.22,35.57597732543945,4.98,0.0,0
46592,-0.853,67.62700000000001,0.0,0.0,414.896,0.0,0.0,0.0,5.742,0,0.0,0.015,309.825,-0.5279,35.52,35.57597732543945,4.98,0.0,0
46592,-1.364,67.62700000000001,0.0,0.0,414.956,0.0,0.0,0.0,5.742,0,0.0,0.01,309.915,-1.9795,35.160000000000004,35.57597732543945,4.98,0.0,0
46592,-1.0230000000000001,67.62700000000001,0.0,0.0,414.896,0.0,0.0,0.0,5.742,0,0.0,0.04,309.825,-1.0557,34.26,35.57597732543945,4.98,0.0,0
46592,-1.364,67.62700000000001,0.0,0.0,415.016,0.0,0.0,0.0,5.742,0,0.0,0.04,309.825,-0.39590000000000003,34.17,35.57597732543945,4.98,0.0,0
46592,-1.364,67.62700000000001,0.0,0.0,415.016,0.0,0.0,0.0,5.742,0,0.0,0.015,309.825,2.4413,34.26,35.57597732543945,4.98,0.0,0
46592,-0.853,67.62700000000001,0.0,0.0,415.19800000000004,0.0,0.0,0.0,5.742,0,0.0,-0.01,309.915,3.563,35.160000000000004,35.57597732543945,4.98,0.0,0
46592,-1.0230000000000001,67.62700000000001,0.0,0.0,415.319,0.0,0.0,0.0,5.742,0,0.0,-0.035,309.825,-1.0557,36.21,35.57597732543945,4.98,0.0,0
46592,-1.0230000000000001,67.62700000000001,0.0,0.0,415.016,0.0,0.0,0.0,5.742,0,0.0,0.03,309.825,-0.132,36.78,35.57597732543945,4.98,0.0,0
46592,-1.0230000000000001,67.62700000000001,0.0,0.0,414.956,0.0,0.0,0.0,5.742,0,1.0,0.02,309.825,0.3299,36.69,35.57597732543945,4.98,0.0,0
46592,-1.364,67.62700000000001,0.0,0.0,414.956,0.0,0.0,0.0,5.742,0,1.0,0.035,309.825,0.8743000000000001,36.69,35.57597732543945,4.98,0.0,0
46592,-1.5350000000000001,67.62700000000001,0.0,0.0,414.896,0.0,0.0,0.0,5.742,0,1.0,0.01,309.825,1.7155,36.51,35.57597732543945,4.98,0.0,0
46592,-1.364,67.62700000000001,0.0,0.0,414.896,0.0,0.0,0.0,5.742,0,1.0,0.05,309.825,1.8475000000000001,35.61,35.57597732543945,4.98,0.0,0
46592,-1.194,67.62700000000001,0.0,0.0,415.137,0.0,0.0,0.0,5.742,0,1.0,0.01,309.915,-0.28040000000000004,35.52,35.57597732543945,4.98,0.0,0
46592,-1.0230000000000001,67.62700000000001,0.0,0.0,414.654,0.0,0.0,0.0,5.742,0,1.0,0.0,309.825,-0.7753,35.34,35.57597732543945,4.98,0.0,0
46592,-1.364,67.62700000000001,0.0,0.0,414.83500000000004,0.0,0.0,0.0,5.742,0,1.0,0.01,309.915,0.1155,36.18,35.57597732543945,4.98,0.0,0
46592,-1.194,67.62700000000001,0.0,0.0,415.016,0.0,0.0,0.0,5.742,0,1.0,0.01,309.915,-1.5341,35.46,35.57597732543945,4.98,0.0,0
46592,-1.194,67.62700000000001,0.0,0.0,415.137,0.0,0.0,0.0,5.742,0,1.0,-0.02,309.825,-4.2889,35.49,35.57597732543945,4.98,0.0,0
46592,-1.5350000000000001,67.62700000000001,0.0,0.0,415.077,0.0,0.0,0.0,5.742,0,1.0,0.045,309.825,0.46190000000000003,34.29,35.57597732543945,4.98,0.0,0
46592,-1.194,67.62700000000001,0.0,0.0,415.379,0.0,0.0,0.0,5.742,0,1.0,0.045,309.825,0.8743000000000001,34.17,35.57597732543945,4.98,0.0,0
46592,-1.5350000000000001,67.62700000000001,0.0,0.0,415.19800000000004,0.0,0.0,0.0,5.742,0,1.0,0.035,309.915,0.2887,34.65,35.57597732543945,4.98,0.0,0
46592,-1.194,67.62700000000001,0.0,0.0,414.956,0.0,0.0,0.0,5.742,0,1.0,0.01,309.915,2.2929,36.15,35.57597732543945,4.98,0.0,0
46592,-1.0230000000000001,67.62700000000001,0.0,0.0,415.258,0.0,0.0,0.0,5.742,0,0.0,0.025,309.825,-1.2784,37.26,35.57597732543945,4.98,0.0,0
46592,-1.5350000000000001,67.62700000000001,0.0,0.0,415.077,0.0,0.0,0.0,5.742,0,1.0,0.03,309.69,-6.8209,37.59,35.57597732543945,4.98,0.0,0
46592,-1.364,67.62700000000001,0.0,0.0,415.19800000000004,0.0,0.0,0.0,5.742,0,1.0,0.04,309.825,-1.9135000000000002,36.9,35.57597732543945,4.98,0.0,0
46592,-0.853,67.62700000000001,0.0,0.0,415.016,0.0,0.0,0.0,5.742,0,1.0,0.035,309.825,3.6950000000000003,36.63,35.57597732543945,4.98,0.0,0
46592,-1.5350000000000001,67.62700000000001,0.0,0.0,414.714,0.0,0.0,0.0,5.742,0,1.0,0.045,309.825,3.7363000000000004,35.94,35.57597732543945,4.98,0.0,0
46592,-1.5350000000000001,67.62700000000001,0.0,0.0,414.83500000000004,0.0,0.0,0.0,5.742,0,0.0,0.005,309.915,2.4908,36.15,35.57597732543945,4.98,0.0,0
46592,-1.5350000000000001,67.62700000000001,0.0,0.0,414.896,0.0,0.0,0.0,5.742,0,0.0,0.02,309.915,3.563,35.97,35.57597732543945,4.98,0.0,0
46592,-1.194,67.62700000000001,0.0,0.0,415.258,0.0,0.0,0.0,5.742,0,0.0,0.02,309.915,-3.2496,35.85,35.57597732543945,4.98,0.0,0
46592,-0.853,67.62700000000001,0.0,0.0,415.077,0.0,0.0,0.0,5.742,0,0.0,0.08,309.69,-7.2828,35.31,35.57597732543945,4.98,0.0,0
46592,-1.5350000000000001,67.62700000000001,0.0,0.0,415.016,0.0,0.0,0.0,5.742,0,0.0,0.045,309.825,0.8743000000000001,34.38,35.57597732543945,4.98,0.0,0
46592,-1.194,67.62700000000001,0.0,0.0,415.258,0.0,0.0,0.0,5.742,0,0.0,0.025,309.825,2.9032,33.87,35.57597732543945,4.98,0.0,0
46592,-1.5350000000000001,67.62700000000001,0.0,0.0,415.319,0.0,0.0,0.0,5.742,0,0.0,0.045,309.825,1.3609,34.800000000000004,35.57597732543945,4.98,0.0,0
46592,-1.5350000000000001,67.62700000000001,0.0,0.0,415.319,0.0,0.0,0.0,5.742,0,0.0,0.005,309.915,-0.2639,36.45,35.57597732543945,4.98,0.0,0
46592,-1.5350000000000001,67.62700000000001,0.0,0.0,415.258,0.0,0.0,0.0,5.742,0,0.0,0.01,309.825,0.6598,37.32,35.57597732543945,4.98,0.0,0
46592,-1.364,67.62700000000001,0.0,0.0,414.896,0.0,0.0,0.0,5.742,0,0.0,0.03,309.825,-0.6598,37.050000000000004,35.57597732543945,4.98,0.0,0
46592,-1.364,67.62700000000001,0.0,0.0,415.016,0.0,0.0,0.0,5.742,0,0.0,0.05,309.825,-2.8207,37.44,35.57597732543945,4.98,0.0,0
46592,-0.853,67.62700000000001,0.0,0.0,414.956,0.0,0.0,0.0,5.742,0,0.0,0.01,309.825,0.7258,36.6,35.57597732543945,4.98,0.0,0
46592,-1.0230000000000001,67.62700000000001,0.0,0.0,414.593,0.0,0.0,0.0,5.742,0,0.0,0.04,309.915,3.4806000000000004,35.550000000000004,35.57597732543945,4.98,0.0,0
46592,-1.0230000000000001,67.62700000000001,0.0,0.0,414.83500000000004,0.0,0.0,0.0,5.742,0,1.0,0.035,309.915,2.2022,34.65,35.57597732543945,4.98,0.0,0
46592,-1.0230000000000001,67.62700000000001,0.0,0.0,414.896,0.0,0.0,0.0,5.742,0,1.0,0.015,309.915,1.3196,34.65,35.57597732543945,4.98,0.0,0
46592,-1.194,67.62700000000001,0.0,0.0,415.19800000000004,0.0,0.0,0.0,5.742,0,1.0,0.0,309.825,-5.0147,34.5,35.57597732543945,4.98,0.0,0
46592,-1.0230000000000001,67.62700000000001,0.0,0.0,415.016,0.0,0.0,0.0,5.742,0,1.0,0.025,309.825,-3.0352,34.86,35.57597732543945,4.98,0.0,0
46592,-1.364,67.62700000000001,0.0,0.0,415.016,0.0,0.0,0.0,5.742,0,0.0,0.0,309.825,3.2331000000000003,35.550000000000004,35.57597732543945,4.98,0.0,0
46592,-1.194,67.62700000000001,0.0,0.0,415.077,0.0,0.0,0.0,5.742,0,1.0,0.005,309.915,-0.132,36.03,35.57597732543945,4.98,0.0,0
46592,-1.364,67.62700000000001,0.0,0.0,415.137,0.0,0.0,0.0,5.742,0,1.0,0.025,309.825,-2.1114,35.58,35.57597732543945,4.98,0.0,0
46592,-0.853,67.62700000000001,0.0,0.0,415.137,0.0,0.0,0.0,5.742,0,0.0,0.02,309.825,2.5073000000000003,35.28,35.57597732543945,4.98,0.0,0
46592,-1.364,67.62700000000001,0.0,0.0,414.83500000000004,0.0,0.0,0.0,5.742,0,1.0,0.015,309.915,0.0,35.94,35.57597732543945,4.98,0.0,0
46592,-1.194,67.62700000000001,0.0,0.0,414.896,0.0,0.0,0.0,5.742,0,0.0,0.055,309.915,1.3196,36.69,35.57597732543945,4.98,0.0,0
46592,-1.364,67.62700000000001,0.0,0.0,415.379,0.0,0.0,0.0,5.742,0,1.0,-0.02,309.825,1.5836000000000001,37.2,35.57597732543945,4.98,0.0,0
46592,-1.364,67.62700000000001,0.0,0.0,415.379,0.0,0.0,0.0,5.742,0,1.0,0.035,309.825,-2.3754,37.71,35.57597732543945,4.98,0.0,0
46592,-1.0230000000000001,67.62700000000001,0.0,0.0,415.137,0.0,0.0,0.0,5.742,0,1.0,0.09,309.825,-2.0455,37.410000000000004,35.57597732543945,4.98,0.0,0
46592,-1.364,67.62700000000001,0.0,0.0,415.19800000000004,0.0,0.0,0.0,5.742,0,0.0,0.03,309.825,0.0,36.63,35.57597732543945,4.98,0.0,0
46592,-1.364,67.62700000000001,0.0,0.0,415.319,0.0,0.0,0.0,5.742,0,1.0,0.09,309.69,-1.4846000000000001,36.03,35.57597732543945,4.98,0.0,0
46592,-1.364,67.62700000000001,0.0,0.0,415.137,0.0,0.0,0.0,5.742,0,1.0,0.09,309.915,-1.3196,35.37,35.57597732543945,4.98,0.0,0
46592,-0.853,67.62700000000001,0.0,0.0,415.016,0.0,0.0,0.0,5.742,0,0.0,0.03,309.69,-0.165,35.43,35.57597732543945,4.98,0.0,0
46592,-1.364,67.62700000000001,0.0,0.0,415.016,0.0,0.0,0.0,5.742,0,0.0,0.05,309.69,-0.5691,35.34,35.57597732543945,4.98,0.0,0
46592,-0.853,67.62700000000001,0.0,0.0,415.319,0.0,0.0,0.0,5.742,0,0.0,0.005,309.825,2.4166000000000003,35.910000000000004,35.57597732543945,4.98,0.0,0
46592,-1.0230000000000001,67.62700000000001,0.0,0.0,415.137,0.0,0.0,0.0,5.742,0,0.0,0.08,309.825,-1.699,36.0,35.57597732543945,4.98,0.0,0
46592,-1.5350000000000001,67.62700000000001,0.0,0.0,415.19800000000004,0.0,0.0,0.0,5.742,0,0.0,0.075,309.825,3.1424000000000003,35.82,35.57597732543945,4.98,0.0,0
46592,-1.0230000000000001,67.62700000000001,0.0,0.0,415.19800000000004,0.0,0.0,0.0,5.742,0,0.0,0.045,309.825,1.6496000000000002,35.67,35.57597732543945,4.98,0.0,0
46592,-1.0230000000000001,67.62700000000001,0.0,0.0,415.016,0.0,0.0,0.0,5.742,0,1.0,-0.025,309.825,-3.2331000000000003,36.18,35.57597732543945,4.98,0.0,0
46592,-1.364,67.62700000000001,0.0,0.0,415.016,0.0,0.0,0.0,5.742,0,0.0,0.025,309.69,-4.1321,36.72,35.57597732543945,4.98,0.0,0
46592,-0.853,67.62700000000001,0.0,0.0,415.137,0.0,0.0,0.0,5.742,0,0.0,0.025,309.825,-1.5836000000000001,37.38,35.57597732543945,4.98,0.0,0
46592,-1.194,67.62700000000001,0.0,0.0,415.19800000000004,0.0,0.0,0.0,5.742,0,0.0,0.025,309.825,0.0,37.71,35.57597732543945,4.98,0.0,0
46592,-1.5350000000000001,67.62700000000001,0.0,0.0,415.44,0.0,0.0,0.0,5.742,0,0.0,0.045,309.6,3.7775000000000003,37.71,35.57597732543945,4.98,0.0,0
46592,-1.5350000000000001,67.62700000000001,0.0,0.0,415.258,0.0,0.0,0.0,5.742,0,1.0,0.06,309.915,2.0702000000000003,37.74,35.57597732543945,4.98,0.0,0
46592,-1.194,67.62700000000001,0.0,0.0,415.19800000000004,0.0,0.0,0.0,5.742,0,1.0,0.02,309.69,-1.8228000000000002,36.78,35.57597732543945,4.98,0.0,0
46592,-1.194,67.62700000000001,0.0,0.0,415.258,0.0,0.0,0.0,5.742,0,1.0,0.02,309.825,1.9300000000000002,35.49,35.57597732543945,4.98,0.0,0
46592,-1.5350000000000001,67.62700000000001,0.0,0.0,415.258,0.0,0.0,0.0,5.742,0,1.0,0.05,309.825,1.3361,35.01,35.57597732543945,4.98,0.0,0
46592,-1.5350000000000001,67.62700000000001,0.0,0.0,415.379,0.0,0.0,0.0,5.742,0,1.0,-0.005,309.915,5.46,34.83,35.57597732543945,4.98,0.0,0
46592,-1.0230000000000001,67.62700000000001,0.0,0.0,415.137,0.0,0.0,0.0,5.742,0,1.0,0.025,309.825,-0.9897,34.74,35.57597732543945,4.98,0.0,0
46592,-1.194,67.62700000000001,0.0,0.0,415.19800000000004,0.0,0.0,0.0,5.742,0,1.0,-0.045,309.915,-0.2144,35.43,35.57597732543945,4.98,0.0,0
46592,-1.0230000000000001,67.62700000000001,0.0,0.0,415.258,0.0,0.0,0.0,5.742,0,1.0,0.055,309.69,-1.9382000000000001,36.09,35.57597732543945,4.98,0.0,0
46592,-1.5350000000000001,67.62700000000001,0.0,0.0,415.258,0.0,0.0,0.0,5.742,0,1.0,0.035,309.915,-1.2042000000000002,36.69,35.57597732543945,4.98,0.0,0
46592,-1.0230000000000001,67.62700000000001,0.0,0.0,415.258,0.0,0.0,0.0,5.742,0,1.0,0.035,309.69,0.43710000000000004,37.050000000000004,35.57597732543945,4.98,0.0,0
46592,-1.0230000000000001,67.62700000000001,0.0,0.0,415.19800000000004,0.0,0.0,0.0,5.742,0,1.0,0.025,309.825,-0.8825000000000001,37.11,35.57597732543945,4.98,0.0,0
46592,-1.194,67.62700000000001,0.0,0.0,415.19800000000004,0.0,0.0,0.0,5.742,0,0.0,0.07,309.825,0.6763,37.2,35.57597732543945,4.98,0.0,0
46592,-1.364,67.62700000000001,0.0,0.0,415.19800000000004,0.0,0.0,0.0,5.742,0,1.0,0.005,309.825,1.3856000000000002,37.17,35.57597732543945,4.98,0.0,0
46592,-0.682,67.62700000000001,0.0,0.0,415.379,0.0,0.0,0.0,5.742,0,0.0,0.06,309.915,8.1818,37.38,35.57597732543945,4.98,0.0,0
46592,-1.194,67.62700000000001,0.0,0.0,415.19800000000004,0.0,0.0,0.0,5.742,0,0.0,0.035,309.825,1.0557,37.11,35.57597732543945,4.98,0.0,0
46592,-1.0230000000000001,67.62700000000001,0.0,0.0,415.19800000000004,0.0,0.0,0.0,5.742,0,1.0,0.025,309.825,-3.8270000000000004,35.79,35.57597732543945,4.98,0.0,0
46592,-1.194,67.62700000000001,0.0,0.0,415.56100000000004,0.0,0.0,0.0,5.742,0,1.0,0.0,309.69,-3.5301,34.68,35.57597732543945,4.98,0.0,0
46592,-1.194,67.62700000000001,0.0,0.0,415.19800000000004,0.0,0.0,0.0,5.742,0,0.0,0.01,309.915,3.9589000000000003,33.6,35.57597732543945,4.98,0.0,0
46592,-1.364,67.62700000000001,0.0,0.0,415.077,0.0,0.0,0.0,5.742,0,0.0,0.035,309.825,1.3196,33.81,35.57597732543945,4.98,0.0,0
46592,-1.364,67.62700000000001,0.0,0.0,415.016,0.0,0.0,0.0,5.742,0,0.0,0.06,309.825,0.6598,35.1,35.57597732543945,4.98,0.0,0
46592,-1.194,67.62700000000001,0.0,0.0,415.19800000000004,0.0,0.0,0.0,5.742,0,1.0,0.01,309.915,-2.3754,36.12,35.57597732543945,4.98,0.0,0
46592,-1.194,67.62700000000001,0.0,0.0,415.258,0.0,0.0,0.0,5.742,0,0.0,0.025,309.825,0.39590000000000003,37.980000000000004,35.57597732543945,4.98,0.0,0
46592,-1.5350000000000001,67.62700000000001,0.0,0.0,415.19800000000004,0.0,0.0,0.0,5.742,0,0.0,0.07,309.825,2.1114,37.68,35.57597732543945,4.98,0.0,0
46592,-1.194,67.62700000000001,0.0,0.0,415.5,0.0,0.0,0.0,5.742,0,0.0,0.2,309.825,-2.1114,37.53,35.57597732543945,4.98,0.0,0
46592,-1.194,67.62700000000001,0.0,0.0,415.44,0.0,0.0,0.0,5.742,0,0.0,0.045,309.825,-1.5836000000000001,36.78,35.57597732543945,4.98,0.0,0
46592,-0.853,67.62700000000001,0.0,0.0,415.137,0.0,0.0,0.0,5.742,0,1.0,0.06,309.825,0.0,36.480000000000004,35.57597732543945,4.98,0.0,0
46592,-1.194,67.62700000000001,0.0,0.0,415.379,0.0,0.0,0.0,5.742,0,0.0,0.025,309.69,-1.4846000000000001,36.51,35.57597732543945,4.98,0.0,0
46592,-0.853,67.62700000000001,0.0,0.0,415.016,0.0,0.0,0.0,5.742,0,1.0,0.02,309.825,-2.5073000000000003,36.39,35.57597732543945,4.98,0.0,0
46592,-0.853,67.62700000000001,0.0,0.0,414.896,0.0,0.0,0.0,5.742,0,1.0,0.055,309.915,1.5176,35.79,35.57597732543945,4.98,0.0,0
46592,-1.0230000000000001,67.62700000000001,0.0,0.0,415.016,0.0,0.0,0.0,5.742,0,1.0,0.025,309.915,5.806500000000001,35.22,35.57597732543945,4.98,0.0,0
46592,-1.5350000000000001,67.62700000000001,0.0,0.0,414.956,0.0,0.0,0.0,5.742,0,1.0,0.035,309.825,5.0147,34.47,35.57597732543945,4.98,0.0,0
46592,-1.0230000000000001,67.62700000000001,0.0,0.0,415.077,0.0,0.0,0.0,5.742,0,1.0,-0.025,309.825,0.6598,33.96,35.57597732543945,4.98,0.0,0
46592,-1.194,67.62700000000001,0.0,0.0,414.956,0.0,0.0,0.0,5.742,0,1.0,0.02,309.825,-3.629,34.86,35.57597732543945,4.98,0.0,0
46592,-1.0230000000000001,67.62700000000001,0.0,0.0,414.956,0.0,0.0,0.0,5.742,0,0.0,0.035,309.825,-1.3196,37.29,35.57597732543945,4.98,0.0,0
46592,-1.0230000000000001,67.62700000000001,0.0,0.0,414.83500000000004,0.0,0.0,0.0,5.742,0,1.0,0.0,309.825,1.5836000000000001,38.730000000000004,35.57597732543945,4.98,0.0,0
46592,-1.0230000000000001,67.62700000000001,0.0,0.0,414.77500000000003,0.0,0.0,0.0,5.742,0,1.0,0.065,309.825,-1.7155,38.85,35.57597732543945,4.98,0.0,0
46592,-1.194,67.62700000000001,0.0,0.0,414.83500000000004,0.0,0.0,0.0,5.742,0,0.0,0.02,309.825,1.5836000000000001,37.56,35.57597732543945,4.98,0.0,0
46592,-1.194,67.62700000000001,0.0,0.0,415.379,0.0,0.0,0.0,5.742,0,1.0,0.09,309.69,-2.7713,36.12,35.57597732543945,4.98,0.0,0
46592,-1.0230000000000001,67.62700000000001,0.0,0.0,415.19800000000004,0.0,0.0,0.0,5.742,0,1.0,-0.025,309.825,-5.0147,35.46,35.57597732543945,4.98,0.0,0
46592,-1.0230000000000001,67.62700000000001,0.0,0.0,415.016,0.0,0.0,0.0,5.742,0,1.0,-0.045,309.915,6.7302,35.34,35.57597732543945,4.98,0.0,0
46592,-1.364,67.62700000000001,0.0,0.0,414.896,0.0,0.0,0.0,5.742,0,0.0,0.03,309.825,4.3878,35.61,35.57597732543945,4.98,0.0,0
46592,-1.194,67.62700000000001,0.0,0.0,415.319,0.0,0.0,0.0,5.742,0,0.0,0.03,309.69,-6.8622000000000005,35.58,35.57597732543945,4.98,0.0,0
46592,-1.364,67.62700000000001,0.0,0.0,415.319,0.0,0.0,0.0,5.742,0,0.0,0.185,309.825,-0.7258,35.550000000000004,35.57597732543945,4.98,0.0,0
46592,-1.0230000000000001,67.62700000000001,0.0,0.0,415.319,0.0,0.0,0.0,5.742,0,0.0,0.065,309.825,0.0165,35.52,35.57597732543945,4.98,0.0,0
46592,-1.0230000000000001,67.62700000000001,0.0,0.0,415.19800000000004,0.0,0.0,0.0,5.742,0,0.0,0.035,309.825,4.8827,34.77,35.57597732543945,4.98,0.0,0
46592,-1.194,67.62700000000001,0.0,0.0,414.83500000000004,0.0,0.0,0.0,5.742,0,1.0,0.015,309.825,0.899,34.11,35.57597732543945,4.98,0.0,0
46592,-1.364,67.62700000000001,0.0,0.0,414.83500000000004,0.0,0.0,0.0,5.742,0,0.0,0.045,309.825,-0.7918000000000001,34.53,35.57597732543945,4.98,0.0,0
46592,-1.5350000000000001,67.62700000000001,0.0,0.0,414.956,0.0,0.0,0.0,5.742,0,1.0,0.01,309.69,-6.029100000000001,35.88,35.57597732543945,4.98,0.0,0
46592,-1.5350000000000001,67.62700000000001,0.0,0.0,414.714,0.0,0.0,0.0,5.742,0,1.0,0.025,309.825,-1.1877,37.53,35.57597732543945,4.98,0.0,0
46592,-1.5350000000000001,67.62700000000001,0.0,0.0,414.896,0.0,0.0,0.0,5.742,0,1.0,0.025,309.915,2.029,37.230000000000004,35.57597732543945,4.98,0.0,0
46592,-1.0230000000000001,67.62700000000001,0.0,0.0,414.83500000000004,0.0,0.0,0.0,5.742,0,1.0,0.055,309.69,0.066,36.81,35.57597732543945,4.98,0.0,0
46592,-1.194,67.62700000000001,0.0,0.0,414.896,0.0,0.0,0.0,5.742,0,1.0,0.01,309.915,-0.8083,36.27,35.57597732543945,4.98,0.0,0
46592,-1.194,67.62700000000001,0.0,0.0,414.896,0.0,0.0,0.0,5.742,0,1.0,0.07,309.825,2.9857,35.7,35.57597732543945,4.98,0.0,0
46592,-1.0230000000000001,67.62700000000001,0.0,0.0,414.956,0.0,0.0,0.0,5.742,0,0.0,0.005,309.915,6.449800000000001,35.34,35.57597732543945,4.98,0.0,0
46592,-1.194,67.62700000000001,0.0,0.0,414.77500000000003,0.0,0.0,0.0,5.742,0,1.0,-0.01,309.825,-3.8765,35.43,35.57597732543945,4.98,0.0,0
46592,-1.364,67.62700000000001,0.0,0.0,414.896,0.0,0.0,0.0,5.742,0,1.0,0.075,309.915,-2.3919,35.01,35.57597732543945,4.98,0.0,0
46592,-1.194,67.62700000000001,0.0,0.0,414.533,0.0,0.0,0.0,5.742,0,0.0,0.16,309.825,2.8537000000000003,34.56,35.57597732543945,4.98,0.0,0
46592,-1.364,67.62700000000001,0.0,0.0,414.654,0.0,0.0,0.0,5.742,0,0.0,0.025,309.825,2.1114,34.44,35.57597732543945,4.98,0.0,0
46592,-1.364,67.62700000000001,0.0,0.0,414.654,0.0,0.0,0.0,5.742,0,1.0,0.045,309.825,0.0825,34.26,35.57597732543945,4.98,0.0,0
46592,-1.194,67.62700000000001,0.0,0.0,414.714,0.0,0.0,0.0,5.742,0,0.0,0.15,309.825,0.2969,34.74,35.57597732543945,4.98,0.0,0
46592,-1.194,67.62700000000001,0.0,0.0,414.714,0.0,0.0,0.0,5.742,0,1.0,0.035,309.825,2.1114,36.33,35.57597732543945,4.98,0.0,0
46592,-1.0230000000000001,67.62700000000001,0.0,0.0,414.77500000000003,0.0,0.0,0.0,5.742,0,0.0,0.025,309.69,-2.5486,37.62,35.57597732543945,4.98,0.0,0
46592,-1.364,67.62700000000001,0.0,0.0,415.016,0.0,0.0,0.0,5.742,0,1.0,0.08,309.825,-1.6496000000000002,37.32,35.57597732543945,4.98,0.0,0
46592,-1.364,67.62700000000001,0.0,0.0,415.016,0.0,0.0,0.0,5.742,0,1.0,-0.005,309.825,1.2867,37.08,35.57597732543945,4.98,0.0,0
46592,-1.194,67.62700000000001,0.0,0.0,415.077,0.0,0.0,0.0,5.742,0,1.0,0.025,309.915,3.0599000000000003,36.27,35.57597732543945,4.98,0.0,0
46592,-1.364,67.62700000000001,0.0,0.0,415.258,0.0,0.0,0.0,5.742,0,1.0,0.01,309.825,-2.0455,35.31,35.57597732543945,4.98,0.0,0
46592,-1.0230000000000001,67.62700000000001,0.0,0.0,415.319,0.0,0.0,0.0,5.742,0,1.0,0.03,309.825,-4.0909,34.230000000000004,35.57597732543945,4.98,0.0,0
46592,-1.364,67.62700000000001,0.0,0.0,415.19800000000004,0.0,0.0,0.0,5.742,0,0.0,0.0,309.915,0.39590000000000003,34.59,35.57597732543945,4.98,0.0,0
46592,-1.194,67.62700000000001,0.0,0.0,414.896,0.0,0.0,0.0,5.742,0,0.0,0.035,309.915,2.5568,34.71,35.57597732543945,4.98,0.0,0
46592,-1.0230000000000001,67.62700000000001,0.0,0.0,415.016,0.0,0.0,0.0,5.742,0,0.0,-0.02,309.69,0.3299,35.07,35.57597732543945,4.98,0.0,0
46592,-1.194,67.62700000000001,0.0,0.0,414.83500000000004,0.0,0.0,0.0,5.742,0,0.0,0.05,309.825,-4.0744,34.92,35.57597732543945,4.98,0.0,0
46592,-1.364,67.62700000000001,0.0,0.0,415.077,0.0,0.0,0.0,5.742,0,1.0,0.01,309.915,-1.2042000000000002,35.04,35.57597732543945,4.98,0.0,0
46592,-1.0230000000000001,67.62700000000001,0.0,0.0,414.896,0.0,0.0,0.0,5.742,0,0.0,0.01,309.825,2.7465,35.46,35.57597732543945,4.98,0.0,0
46592,-1.364,67.62700000000001,0.0,0.0,414.654,0.0,0.0,0.0,5.742,0,0.0,0.01,309.915,1.5423,36.09,35.57597732543945,4.98,0.0,0
46592,-0.853,67.62700000000001,0.0,0.0,414.654,0.0,0.0,0.0,5.742,0,0.0,0.04,309.915,1.0557,36.15,35.57597732543945,4.98,0.0,0
46592,-1.194,67.62700000000001,0.0,0.0,414.714,0.0,0.0,0.0,5.742,0,1.0,0.015,309.69,-1.9465000000000001,36.72,35.57597732543945,4.98,0.0,0
46592,-1.194,67.62700000000001,0.0,0.0,414.654,0.0,0.0,0.0,5.742,0,1.0,0.065,309.825,-1.9795,36.480000000000004,35.57597732543945,4.98,0.0,0
46592,-1.194,67.62700000000001,0.0,0.0,414.77500000000003,0.0,0.0,0.0,5.742,0,1.0,0.03,309.69,-1.6826,36.84,35.57597732543945,4.98,0.0,0
46592,-1.194,67.62700000000001,0.0,0.0,415.19800000000004,0.0,0.0,0.0,5.742,0,1.0,0.05,309.69,-1.1877,37.050000000000004,35.57597732543945,4.98,0.0,0
46592,-0.853,67.62700000000001,0.0,0.0,414.77500000000003,0.0,0.0,0.0,5.742,0,1.0,0.015,309.915,0.9897,37.410000000000004,35.57597732543945,4.98,0.0,0
46592,-1.5350000000000001,67.62700000000001,0.0,0.0,414.714,0.0,0.0,0.0,5.742,0,1.0,0.085,309.825,4.7507,36.72,35.57597732543945,4.98,0.0,0
46592,-1.194,67.62700000000001,0.0,0.0,414.533,0.0,0.0,0.0,5.742,0,1.0,0.005,309.915,-0.4289,35.79,35.57597732543945,4.98,0.0,0
46592,-1.0230000000000001,67.62700000000001,0.0,0.0,414.351,0.0,0.0,0.0,5.742,0,1.0,0.035,309.915,0.39590000000000003,35.550000000000004,35.57597732543945,4.98,0.0,0
46592,-1.0230000000000001,67.62700000000001,0.0,0.0,414.896,0.0,0.0,0.0,5.742,0,1.0,-0.005,309.825,4.2229,35.07,35.57597732543945,4.98,0.0,0
46592,-1.364,67.62700000000001,0.0,0.0,415.016,0.0,0.0,0.0,5.742,0,1.0,-0.03,309.915,-0.7918000000000001,34.86,35.57597732543945,4.98,0.0,0
46592,-1.0230000000000001,67.62700000000001,0.0,0.0,415.016,0.0,0.0,0.0,5.742,0,1.0,0.015,309.69,-3.0022,35.13,35.57597732543945,4.98,0.0,0
46592,-1.364,67.62700000000001,0.0,0.0,414.896,0.0,0.0,0.0,5.742,0,1.0,0.005,309.915,0.132,35.49,35.57597732543945,4.98,0.0,0
46592,-1.194,67.62700000000001,0.0,0.0,415.016,0.0,0.0,0.0,5.742,0,0.0,0.015,310.005,2.3094,36.6,35.57597732543945,4.98,0.0,0
46592,-0.853,67.62700000000001,0.0,0.0,414.593,0.0,0.0,0.0,5.742,0,0.0,0.05,309.825,4.6188,36.63,35.57597732543945,4.98,0.0,0
46592,-1.0230000000000001,67.62700000000001,0.0,0.0,414.83500000000004,0.0,0.0,0.0,5.742,0,0.0,0.055,309.825,-3.629,37.230000000000004,35.57597732543945,4.98,0.0,0
46592,-1.194,67.62700000000001,0.0,0.0,414.896,0.0,0.0,0.0,5.742,0,0.0,0.095,309.825,-5.0147,37.89,35.57597732543945,4.98,0.0,0
46592,-0.853,67.62700000000001,0.0,0.0,414.714,0.0,0.0,0.0,5.742,0,0.0,0.0,309.915,-0.3299,37.230000000000004,35.57597732543945,4.98,0.0,0
46592,-1.194,67.62700000000001,0.0,0.0,414.83500000000004,0.0,0.0,0.0,5.742,0,0.0,0.05,309.69,-4.6188,36.63,35.57597732543945,4.98,0.0,0
46592,-0.853,67.62700000000001,0.0,0.0,414.83500000000004,0.0,0.0,0.0,5.742,0,0.0,0.055,309.915,-3.7775000000000003,36.57,35.57597732543945,4.98,0.0,0
46592,-1.0230000000000001,67.62700000000001,0.0,0.0,415.016,0.0,0.0,0.0,5.742,0,0.0,0.03,309.825,1.3856000000000002,36.15,35.57597732543945,4.98,0.0,0
46592,-1.0230000000000001,67.62700000000001,0.0,0.0,414.896,0.0,0.0,0.0,5.742,0,1.0,0.01,309.915,4.0909,35.7,35.57597732543945,4.98,0.0,0
46592,-1.364,67.62700000000001,0.0,0.0,414.896,0.0,0.0,0.0,5.742,0,1.0,0.16,309.825,-0.8165,34.410000000000004,35.57597732543945,4.98,0.0,0
46592,-1.194,67.62700000000001,0.0,0.0,414.83500000000004,0.0,0.0,0.0,5.742,0,1.0,0.055,309.69,-2.1527000000000003,34.17,35.57597732543945,4.98,0.0,0
46592,-1.194,67.62700000000001,0.0,0.0,414.896,0.0,0.0,0.0,5.742,0,1.0,0.04,309.825,-3.0187,34.26,35.57597732543945,4.98,0.0,0
46592,-1.0230000000000001,67.62700000000001,0.0,0.0,415.19800000000004,0.0,0.0,0.0,5.742,0,1.0,0.035,309.825,1.8475000000000001,35.64,35.57597732543945,4.98,0.0,0
46592,-1.194,67.62700000000001,0.0,0.0,414.896,0.0,0.0,0.0,5.742,0,1.0,0.015,309.825,2.0620000000000003,36.84,35.57597732543945,4.98,0.0,0
46592,-1.0230000000000001,67.62700000000001,0.0,0.0,414.956,0.0,0.0,0.0,5.742,0,1.0,0.03,309.69,0.9485,37.59,35.57597732543945,4.98,0.0,0
46592,-1.194,67.62700000000001,0.0,0.0,414.896,0.0,0.0,0.0,5.742,0,1.0,0.0,309.825,-3.1672000000000002,36.87,35.57597732543945,4.98,0.0,0
46592,-1.0230000000000001,67.62700000000001,0.0,0.0,415.258,0.0,0.0,0.0,5.742,0,0.0,0.035,309.825,-0.5938,36.24,35.57597732543945,4.98,0.0,0
46592,-1.194,67.62700000000001,0.0,0.0,415.137,0.0,0.0,0.0,5.742,0,1.0,0.0,309.825,4.4373000000000005,36.36,35.57597732543945,4.98,0.0,0
46592,-1.194,67.62700000000001,0.0,0.0,415.016,0.0,0.0,0.0,5.742,0,1.0,0.03,309.825,1.2537,37.11,35.57597732543945,4.98,0.0,0
46592,-1.364,67.62700000000001,0.0,0.0,415.137,0.0,0.0,0.0,5.742,0,1.0,0.025,309.69,-2.664,37.14,35.57597732543945,4.98,0.0,0
46592,-0.853,67.62700000000001,0.0,0.0,415.016,0.0,0.0,0.0,5.742,0,1.0,0.01,309.915,-0.47840000000000005,36.660000000000004,35.57597732543945,4.98,0.0,0
46592,-1.0230000000000001,67.62700000000001,0.0,0.0,414.896,0.0,0.0,0.0,5.742,0,0.0,-0.01,309.825,3.3651,35.43,35.57597732543945,4.98,0.0,0
46592,-1.194,67.62700000000001,0.0,0.0,414.956,0.0,0.0,0.0,5.742,0,0.0,0.075,309.825,-0.6846,34.53,35.57597732543945,4.98,0.0,0
46592,-0.853,67.62700000000001,0.0,0.0,415.137,0.0,0.0,0.0,5.742,0,0.0,0.02,309.825,-3.4971,33.96,35.57597732543945,4.98,0.0,0
46592,-1.364,67.62700000000001,0.0,0.0,414.83500000000004,0.0,0.0,0.0,5.742,0,0.0,0.02,309.825,3.1012,33.18,35.57597732543945,4.98,0.0,0
46592,-0.853,67.62700000000001,0.0,0.0,414.77500000000003,0.0,0.0,0.0,5.742,0,0.0,0.085,309.825,1.1629,35.37,35.57597732543945,4.98,0.0,0
46592,-1.0230000000000001,67.62700000000001,0.0,0.0,414.77500000000003,0.0,0.0,0.0,5.742,0,0.0,-0.015,309.69,-1.6908,37.32,35.57597732543945,4.98,0.0,0
46592,-1.194,67.62700000000001,0.0,0.0,415.077,0.0,0.0,0.0,5.742,0,0.0,0.0,309.825,-1.897,38.4,35.57597732543945,4.98,0.0,0
46592,-1.364,67.62700000000001,0.0,0.0,414.896,0.0,0.0,0.0,5.742,0,1.0,0.09,309.69,1.0145,38.01,35.57597732543945,4.98,0.0,0
46592,-0.853,67.62700000000001,0.0,0.0,415.137,0.0,0.0,0.0,5.742,0,1.0,0.03,309.915,2.4908,36.93,35.57597732543945,4.98,0.0,0
46592,-1.0230000000000001,67.62700000000001,0.0,0.0,414.896,0.0,0.0,0.0,5.742,0,1.0,0.005,309.825,1.5176,36.480000000000004,35.57597732543945,4.98,0.0,0
46592,-1.0230000000000001,67.62700000000001,0.0,0.0,414.896,0.0,0.0,0.0,5.742,0,1.0,0.06,309.825,1.3196,36.42,35.57597732543945,4.98,0.0,0
46592,-1.0230000000000001,67.62700000000001,0.0,0.0,414.896,0.0,0.0,0.0,5.742,0,1.0,0.075,309.825,2.2434000000000003,36.480000000000004,35.57597732543945,4.98,0.0,0
46592,-1.0230000000000001,67.62700000000001,0.0,0.0,414.896,0.0,0.0,0.0,5.742,0,0.0,0.015,309.915,-2.6393,36.21,35.57597732543945,4.98,0.0,0
46592,-1.0230000000000001,67.62700000000001,0.0,0.0,415.016,0.0,0.0,11.9,5.742,0,1.0,0.06,309.825,1.1877,36.75,35.57597732543945,5.0200000000000005,0.0,0
46592,-1.0230000000000001,67.62700000000001,0.0,0.0,414.956,0.0002,0.0,83.10000000000001,5.742,0,1.0,-0.03,309.69,0.3629,36.6,0.0,5.469,0.0,0
46592,-0.853,67.62700000000001,0.0,0.0,414.593,0.0013000000000000002,0.2,196.5,5.742,0,1.0,0.225,309.69,-4.486800000000001,34.86,0.0,6.914000000000001,0.0,0
46592,-1.5350000000000001,67.62700000000001,0.0,0.0,415.016,0.0059,0.7000000000000001,315.8,5.742,0,2.0,0.135,309.69,-1.4846000000000001,31.92,0.0,9.551,0.0,0
46592,-1.5350000000000001,67.62700000000001,0.0,0.0,415.19800000000004,0.019700000000000002,2.2,410.70000000000005,5.737,0,-7.0,-0.03,309.915,3.2991,28.89,0.0,13.262,0.0,0
46592,-1.705,67.62700000000001,0.0,0.0,405.21500000000003,0.0526,4.0,459.3,5.737,0,11.0,0.02,309.915,3.794,27.84,0.0,17.676000000000002,0.0,0
46592,-2.387,67.62700000000001,0.0,0.0,367.344,0.11370000000000001,7.6000000000000005,455.5,5.742,0,1.0,0.045,309.915,4.6188,29.43,0.0,22.266000000000002,0.0,0
46592,-3.411,67.62700000000001,0.0,0.0,322.697,0.20980000000000001,12.4,432.1,5.742,0,1.0,1.635,309.915,2.6393,33.21,0.0,26.719,0.0,0
46592,-3.0700000000000003,67.62700000000001,0.0,0.0,228.25900000000001,0.3416,14.200000000000001,377.40000000000003,5.742,0,1.0,1.1,310.005,3.1672000000000002,36.42,0.0,30.762,0.0,0
46592,-3.581,67.62700000000001,0.0,0.0,150.701,0.49100000000000005,14.9,301.90000000000003,5.742,0,2.0,-0.065,309.915,-0.5279,38.34,0.0,34.121,0.0,0
46592,-3.922,67.62700000000001,0.0,0.0,49.427,0.636,13.100000000000001,215.4,5.742,0,1.0,-0.055,310.005,1.3196,39.21,0.0,36.68,0.0,0
46592,-3.7520000000000002,67.62700000000001,0.0,0.0,16.092,0.7511,9.3,132.20000000000002,5.742,0,1.0,0.02,310.005,3.1672000000000002,38.67,0.0,38.359,0.0,0
46592,-3.7520000000000002,67.62700000000001,0.0,0.0,-2.359,0.8148000000000001,4.8,63.300000000000004,5.742,0,0.0,-0.03,309.915,1.0557,37.410000000000004,0.0,39.277,0.0,0
46593,-4.263,67.62700000000001,0.0,0.0,-4.477,0.8454,1.6,17.5,5.742,0,0.0,-0.005,309.915,-3.1012,35.160000000000004,0.0,39.648,0.0,0
46593,-4.263,67.62700000000001,0.0,0.0,-3.932,0.8503000000000001,0.0,3.3000000000000003,5.742,0,1.0,-0.035,310.005,0.0,33.78,0.0,39.707,0.0,0
46593,-3.7520000000000002,67.62700000000001,0.0,0.0,-3.448,0.8567,1.6,13.5,5.742,0,0.0,-0.035,310.005,6.5323,33.42,0.0,39.785000000000004,0.0,0
46593,-3.581,67.62700000000001,0.5,0.0,-3.751,0.8776,3.2,37.1,5.742,0,0.0,-0.025,310.14000000000004,3.6950000000000003,33.54,0.0,40.039,0.0,0
46593,-3.411,67.62700000000001,0.0,0.0,-4.053,0.9228000000000001,4.9,68.60000000000001,5.742,0,0.0,-0.06,310.005,-0.7918000000000001,33.87,0.0,40.586,0.0,0
46593,-3.411,67.62700000000001,0.0,0.0,-4.174,0.992,8.0,94.10000000000001,5.742,0,0.0,-0.055,310.005,0.132,34.2,0.0,41.426,0.0,0
46593,-3.7520000000000002,67.62700000000001,0.0,0.0,-4.174,1.0,8.0,96.10000000000001,5.742,0,0.0,-0.075,310.005,0.066,34.32,0.0,41.523,0.0,0
46593,-3.7520000000000002,67.62700000000001,0.0,0.0,-4.174,1.0948,9.6,104.0,5.742,0,1.0,-0.095,310.005,-2.2187,35.52,0.0,42.539,0.0,0
46593,-3.581,67.62700000000001,0.0,0.0,-4.113,1.1945000000000001,9.6,100.7,5.742,0,0.0,-0.12,310.005,-0.132,37.17,0.0,43.555,0.0,0
46593,-3.411,67.62700000000001,0.0,0.0,-3.993,1.2961,13.4,100.9,5.742,0,2.0,-0.045,309.915,1.9300000000000002,37.74,0.0,44.57,0.0,0
46593,-3.581,67.62700000000001,0.0,0.0,-3.932,1.4113,11.200000000000001,100.10000000000001,5.742,0,0.0,-0.07,310.005,-0.46190000000000003,37.11,0.0,45.566,0.0,0
46593,-3.581,67.62700000000001,0.0,0.0,-3.63,1.5267000000000002,11.3,100.4,5.742,0,1.0,-0.08,310.14000000000004,1.0310000000000001,35.85,0.0,46.563,0.0,0
46593,-3.581,67.62700000000001,0.0,0.0,-3.146,1.6513,13.200000000000001,100.10000000000001,5.742,0,0.0,-0.13,310.005,4.998200000000001,34.83,0.0,47.559000000000005,0.0,0
46593,-3.581,67.62700000000001,0.0,0.0,-3.267,1.7861,13.3,100.10000000000001,5.742,0,0.0,-0.06,310.005,1.7815,34.59,0.0,48.555,0.0,0
46593,-3.411,67.62700000000001,0.0,0.0,-3.509,1.9234,13.100000000000001,100.10000000000001,5.742,0,0.0,-0.105,310.14000000000004,-2.5733,35.19,0.0,49.57,0.0,0
46593,-3.581,67.62700000000001,0.0,0.0,-3.509,2.0768,15.200000000000001,100.10000000000001,5.742,0,2.0,-0.045,310.005,1.0145,35.22,0.0,50.566,0.0,0
46593,-3.24,67.62700000000001,0.0,0.0,-3.388,2.2332,15.4,99.7,5.742,0,0.0,-0.045,310.005,1.3856000000000002,35.4,0.0,51.563,0.0,0
46593,-3.581,67.62700000000001,0.0,0.0,-3.569,2.395,17.7,100.10000000000001,5.742,0,0.0,-0.09,310.14000000000004,-0.2227,34.71,0.0,52.559000000000005,0.0,0
46593,-2.728,67.62700000000001,0.0,0.0,-3.751,2.5782000000000003,21.2,99.9,5.742,0,0.0,-0.11,310.005,3.3651,34.230000000000004,0.0,53.574000000000005,0.0,0
46593,-3.581,67.62700000000001,0.0,0.0,-3.327,2.7579000000000002,17.5,100.4,5.742,0,0.0,-0.06,310.14000000000004,-1.6743000000000001,34.62,0.0,54.57,0.0,0
46593,-3.0700000000000003,67.62700000000001,0.0,0.0,-3.63,2.9537,20.0,100.10000000000001,5.742,0,0.0,-0.045,310.005,-4.8580000000000005,35.34,0.0,55.566,0.0,0
46593,-3.7520000000000002,67.62700000000001,0.0,0.0,-3.63,3.1593,20.2,100.10000000000001,5.742,0,0.0,-0.095,310.14000000000004,3.761,35.64,0.0,56.563,0.0,0
46593,-2.728,67.62700000000001,0.0,0.0,-3.207,3.3647,20.2,99.9,5.742,0,0.0,-0.11,310.005,2.1362,36.75,0.0,57.559000000000005,0.0,0
46593,-3.411,67.62700000000001,0.0,0.0,-3.327,3.6023,27.400000000000002,100.10000000000001,5.742,0,1.0,-0.095,310.005,-1.6496000000000002,36.81,0.0,58.574000000000005,0.0,0
46593,-2.5580000000000003,67.62700000000001,0.0,0.0,-3.448,3.8356000000000003,22.8,99.7,5.742,0,0.0,-0.1,310.005,-3.0104,36.39,0.0,59.57,0.0,0
46593,-3.411,67.62700000000001,0.0,0.0,-3.569,4.0804,25.6,100.4,5.742,0,0.0,-0.085,310.14000000000004,0.8743000000000001,36.24,0.0,60.566,0.0,0
46593,-3.411,67.62700000000001,0.0,0.0,-3.327,4.344,26.0,99.7,5.742,0,0.0,-0.105,309.915,1.864,35.43,0.0,61.563,0.0,0
46593,-3.411,67.62700000000001,0.0,0.0,-3.509,4.6123,31.0,100.4,5.742,0,0.0,-0.125,310.14000000000004,3.1424000000000003,34.59,0.0,62.578,0.0,0
46593,-2.5580000000000003,67.62700000000001,0.0,0.0,-3.69,4.9006,28.8,100.7,5.742,0,0.0,-0.07,310.14000000000004,4.5528,34.59,0.0,63.574000000000005,0.0,0
46593,-3.411,67.62700000000001,0.0,0.0,-3.69,5.1961,28.8,100.7,5.742,0,0.0,-0.105,309.915,1.2949000000000002,34.56,0.0,64.57000000000001,0.0,0
46593,-3.0700000000000003,67.62700000000001,0.0,0.0,-3.63,5.4966,32.1,100.10000000000001,5.742,0,0.0,-0.07,310.005,-5.4518,34.53,0.0,65.566,0.0,0
46593,-3.411,67.62700000000001,0.0,0.0,-3.448,5.827,32.4,99.9,5.742,0,1.0,-0.06,310.005,-5.5673,34.53,0.0,66.563,0.0,0
46593,-2.217,67.62700000000001,0.0,0.0,-3.267,6.1634,38.800000000000004,100.4,5.742,0,0.0,-0.095,310.14000000000004,2.73,35.19,0.0,67.578,0.0,0
46593,-3.7520000000000002,67.62700000000001,0.0,0.0,-3.086,6.5131000000000006,35.7,99.7,5.742,0,0.0,-0.11,310.005,1.699,35.730000000000004,0.0,68.574,0.0,0
46593,-2.728,67.62700000000001,0.0,0.0,-3.267,6.8799,35.7,100.10000000000001,5.742,0,0.0,-0.11,310.005,-0.9897,35.79,0.0,69.57000000000001,0.0,0
46593,-3.7520000000000002,67.62700000000001,0.0,0.0,-3.448,7.246700000000001,35.7,100.4,5.742,0,1.0,-0.09,310.005,-2.7713,35.88,0.0,70.566,0.0,0
46593,-2.387,67.62700000000001,0.0,0.0,-3.569,7.649100000000001,39.9,99.7,5.742,0,0.0,-0.085,310.005,0.39590000000000003,35.64,0.0,71.563,0.0,0
46593,-3.0700000000000003,67.62700000000001,0.0,0.0,-3.569,7.6968000000000005,47.7,99.9,5.742,0,0.0,-0.065,310.005,0.0,35.67,0.0,71.68,0.0,0
46593,-2.899,67.62700000000001,0.0,0.0,-3.448,8.102500000000001,39.9,100.10000000000001,5.742,0,0.0,-0.095,310.005,2.3754,36.36,0.0,72.676,0.0,0
46593,-2.217,67.62700000000001,0.0,0.0,-3.388,8.5244,44.0,99.9,5.742,0,0.0,-0.045,310.23,2.4743,36.12,0.0,73.672,0.0,0
46593,-2.5580000000000003,67.62700000000001,0.0,0.0,-3.388,8.971400000000001,44.0,100.10000000000001,5.742,0,0.0,-0.095,310.14000000000004,2.3754,35.160000000000004,0.0,74.668,0.0,0
46593,-3.0700000000000003,67.62700000000001,0.0,0.0,-3.267,9.4183,44.0,99.7,5.742,0,1.0,-0.095,309.915,-2.3094,34.86,0.0,75.664,0.0,0
46593,-2.387,67.62700000000001,0.0,0.0,-3.327,9.908100000000001,48.300000000000004,100.10000000000001,5.742,0,0.0,-0.11,310.005,-6.9941,34.5,0.0,76.68,0.0,0
46593,-2.217,67.62700000000001,0.0,0.0,-3.207,10.3983,48.300000000000004,100.10000000000001,5.742,0,0.0,-0.05,310.14000000000004,-1.8475000000000001,34.410000000000004,0.0,77.676,0.0,0
46593,-2.387,67.62700000000001,0.0,0.0,-2.965,10.8953,52.7,99.9,5.742,0,0.0,-0.025,310.005,3.0352,34.08,0.0,78.672,0.0,0
46593,-2.728,67.62700000000001,0.0,0.0,-2.904,11.431000000000001,52.7,100.7,5.742,0,0.0,-0.07,310.005,1.5836000000000001,33.51,0.0,79.668,0.0,0
46593,-1.705,67.62700000000001,0.0,0.0,-3.267,11.977400000000001,63.5,99.9,5.742,0,0.0,-0.07,310.005,-2.3754,34.14,0.0,80.684,0.0,0
46593,-2.5580000000000003,67.62700000000001,0.0,0.0,-3.327,12.5386,57.300000000000004,100.4,5.742,0,0.0,-0.095,309.915,-2.5733,34.95,0.0,81.68,0.0,0
46593,-2.387,67.62700000000001,0.0,0.0,-3.448,13.1217,57.400000000000006,100.10000000000001,5.742,0,0.0,-0.075,310.005,1.1877,35.25,0.0,82.676,0.0,0
46593,-2.5580000000000003,67.62700000000001,0.0,0.0,-3.69,13.7047,57.300000000000004,100.10000000000001,5.742,0,0.0,-0.02,310.005,2.9032,35.13,0.0,83.672,0.0,0
46593,-1.8760000000000001,67.62700000000001,0.0,0.0,-3.509,14.3327,62.2,100.10000000000001,5.742,0,1.0,-0.06,310.005,2.2434000000000003,34.800000000000004,0.0,84.668,0.0,0
46593,-1.705,67.62700000000001,0.0,0.0,-3.025,14.9778,74.9,100.10000000000001,5.742,0,0.0,-0.09,310.005,0.7918000000000001,35.34,0.0,85.684,0.0,0
46593,-2.387,67.62700000000001,0.0,0.0,-3.388,15.6256,67.3,100.10000000000001,5.742,0,0.0,-0.075,310.005,-1.5836000000000001,35.58,0.0,86.68,0.0,0
46593,-2.217,67.62700000000001,0.0,0.0,-3.146,16.3092,67.3,99.9,5.742,0,0.0,-0.115,310.005,0.0,35.31,0.0,87.676,0.0,0
46593,-1.705,67.62700000000001,0.0,0.0,-2.904,16.992800000000003,67.3,100.10000000000001,5.742,0,0.0,-0.085,310.005,-0.39590000000000003,34.980000000000004,0.0,88.67200000000001,0.0,0
46593,-1.705,67.62700000000001,0.0,0.0,-2.783,17.7118,72.5,100.10000000000001,5.742,0,1.0,-0.135,310.14000000000004,0.6928000000000001,34.56,0.0,89.668,0.0,0
46593,-1.8760000000000001,67.62700000000001,0.0,0.0,-2.904,18.4631,72.5,100.4,5.742,0,1.0,-0.065,310.14000000000004,5.5425,32.85,0.0,90.684,0.0,0
46593,-2.0460000000000003,67.62700000000001,0.0,0.0,-2.965,19.2028,75.7,99.9,5.742,0,0.0,-0.115,310.23,-0.9567,32.76,0.0,91.68,0.0,0
46593,-1.364,67.62700000000001,0.0,0.0,-2.723,19.9938,77.8,99.9,5.742,0,0.0,-0.125,310.005,-3.6950000000000003,32.79,0.0,92.676,0.0,0
46593,-1.705,67.62700000000001,0.0,0.0,-2.723,20.7849,77.9,99.9,5.742,0,0.0,-0.105,310.005,1.1547,33.93,0.0,93.67200000000001,0.0,0
46593,-1.8760000000000001,67.62700000000001,0.0,0.0,-2.844,21.6169,100.4,100.4,5.742,0,0.0,-0.105,309.915,-6.0704,35.160000000000004,0.0,94.688,0.0,0
46593,-2.217,67.62700000000001,0.0,0.0,-2.783,22.463800000000003,83.3,99.9,5.742,0,0.0,-0.09,310.005,1.8475000000000001,36.660000000000004,0.0,95.684,0.0,0
46593,-1.0230000000000001,67.62700000000001,0.0,0.0,-2.783,23.3108,83.3,100.10000000000001,5.742,0,0.0,-0.095,310.14000000000004,5.5425,36.42,0.0,96.68,0.0,0
46593,-1.0230000000000001,67.62700000000001,0.0,0.0,-2.904,24.204600000000003,88.9,99.9,5.742,0,0.0,-0.1,310.14000000000004,1.6826,36.300000000000004,0.0,97.676,0.0,0
46593,-2.0460000000000003,67.62700000000001,0.0,0.0,-3.086,25.108900000000002,89.0,100.10000000000001,5.742,0,0.0,-0.08,310.005,-1.5836000000000001,35.04,0.0,98.67200000000001,0.0,0
46593,-2.0460000000000003,67.62700000000001,0.0,0.0,-3.086,25.2151,106.2,100.10000000000001,5.742,0,0.0,-0.1,310.14000000000004,-1.6083,34.89,0.0,98.789,0.0,0
46593,-5.457,67.62700000000001,0.0,0.0,-3.086,26.1371,93.7,100.4,5.742,0,0.0,-0.08,310.005,0.0247,35.01,0.0,99.78500000000001,0.0,0
46593,-2.387,67.62700000000001,0.0,0.0,-2.723,27.099800000000002,93.80000000000001,100.4,5.742,0,0.0,-0.07,310.005,-2.5486,35.58,0.0,100.781,0.0,0
46593,-4.775,67.62700000000001,0.0,0.0,-2.844,28.0625,93.80000000000001,99.9,5.742,0,0.0,-0.12,310.14000000000004,-2.2022,35.37,0.0,101.777,0.0,0
46593,-1.364,67.62700000000001,0.0,0.0,-2.844,29.0652,99.60000000000001,99.9,5.742,0,0.0,-0.1,310.14000000000004,-1.1464,34.62,0.0,102.77300000000001,0.0,0
46593,-5.969,67.62700000000001,0.0,0.0,-2.844,30.1077,120.0,100.10000000000001,5.742,0,0.0,-0.115,310.005,2.3094,34.2,0.0,103.789,0.0,0
46593,-2.728,67.62700000000001,0.0,0.0,-2.904,31.1336,103.4,100.4,5.742,0,0.0,-0.14,310.005,1.6083,33.45,0.0,104.78500000000001,0.0,0
46593,-5.2860000000000005,67.62700000000001,0.0,0.0,-2.783,32.2158,105.4,100.10000000000001,5.742,0,1.0,-0.1,310.005,-4.0414,33.660000000000004,0.0,105.781,0.0,0
46593,-1.705,67.62700000000001,0.0,0.0,-2.783,33.298,105.4,100.10000000000001,5.742,0,1.0,-0.095,310.005,0.39590000000000003,35.25,0.0,106.777,0.0,0
46593,-6.821,67.62700000000001,0.0,0.0,-2.904,34.4065,111.30000000000001,100.10000000000001,5.742,0,1.0,-0.105,310.14000000000004,6.375500000000001,36.21,0.0,107.77300000000001,0.0,0
46593,-2.728,67.62700000000001,0.0,0.0,-2.783,35.5724,112.5,100.4,5.742,0,0.0,-0.115,310.005,-1.2537,36.87,0.0,108.789,0.0,0
46593,-5.457,67.62700000000001,0.0,0.0,-2.662,36.7153,111.30000000000001,99.9,5.742,0,0.0,-0.1,310.005,-2.4166000000000003,36.54,0.0,109.78500000000001,0.0,0
46593,-0.853,67.62700000000001,0.0,0.0,-2.783,37.9086,117.30000000000001,99.9,5.742,0,1.0,-0.095,310.14000000000004,2.0455,35.61,0.0,110.781,0.0,0
46593,-7.162,67.62700000000001,0.0,0.0,-2.54,39.112700000000004,117.2,100.10000000000001,5.742,0,1.0,-0.085,310.14000000000004,0.1072,35.46,0.0,111.777,0.0,0
46593,-3.0700000000000003,67.62700000000001,0.0,0.0,-2.783,40.3541,148.70000000000002,99.9,5.742,0,0.0,-0.11,310.005,-0.132,35.67,0.0,112.793,0.0,0
46593,-5.798,67.62700000000001,0.0,0.0,-2.48,41.619600000000005,124.5,100.4,5.742,0,1.0,-0.095,309.915,-4.0084,35.34,0.0,113.789,0.0,0
46593,-1.0230000000000001,67.62700000000001,0.0,0.0,-2.48,42.8851,123.30000000000001,100.10000000000001,5.742,0,0.0,-0.07,310.14000000000004,-1.2537,35.52,0.0,114.78500000000001,0.0,0
46593,-7.333,67.62700000000001,0.0,0.0,-2.723,44.1863,129.20000000000002,100.10000000000001,5.742,0,0.0,-0.09,310.14000000000004,3.8682000000000003,35.46,0.0,115.781,0.0,0
46593,-2.387,67.62700000000001,0.0,0.0,-2.723,45.513200000000005,129.20000000000002,100.10000000000001,5.742,0,0.0,-0.075,309.915,0.2639,34.92,0.0,116.777,0.0,0
46593,0.0,67.62700000000001,0.0,0.0,-2.723,45.6704,157.20000000000002,99.9,5.742,0,0.0,-0.1,309.915,-1.5836000000000001,34.83,0.0,116.89500000000001,0.0,0
46593,-0.853,67.62700000000001,0.0,0.0,-2.783,47.0016,134.8,100.7,5.742,0,0.0,-0.095,309.915,-6.2023,34.2,0.0,117.891,0.0,0
46593,-1.5350000000000001,67.62700000000001,0.0,0.0,-2.783,48.389700000000005,136.6,100.4,5.742,0,0.0,-0.09,310.14000000000004,2.3754,34.26,0.0,118.887,0.0,0
46593,0.171,67.62700000000001,0.0,0.0,-2.904,49.7778,136.6,99.9,5.742,0,0.0,-0.085,310.005,4.486800000000001,34.17,0.0,119.88300000000001,0.0,0
46593,-0.171,67.62700000000001,0.0,0.0,-2.602,51.192600000000006,142.5,99.9,5.742,0,0.0,-0.1,310.005,-2.4413,35.61,0.0,120.879,0.0,0
46593,-1.0230000000000001,67.62700000000001,0.0,0.0,-2.783,52.6706,171.6,100.4,5.742,0,1.0,-0.1,310.005,-2.7713,36.54,0.0,121.89500000000001,0.0,0
46593,-1.8760000000000001,67.62700000000001,0.0,0.0,-2.783,54.119600000000005,142.6,100.10000000000001,5.742,0,0.0,-0.085,310.14000000000004,-0.099,36.99,0.0,122.891,0.0,0
46593,-0.853,67.62700000000001,0.0,0.0,-2.42,55.6184,148.5,100.10000000000001,5.742,0,0.0,-0.095,310.005,2.9032,36.660000000000004,0.0,123.887,0.0,0
46593,-2.0460000000000003,67.62700000000001,0.0,0.0,-2.602,57.1276,148.5,99.9,5.742,0,1.0,-0.085,310.005,0.2639,35.79,0.0,124.88300000000001,0.0,0
46593,-1.364,67.62700000000001,0.0,0.0,-2.48,58.6785,184.3,100.9,5.742,0,0.0,-0.1,310.005,-2.7713,35.7,0.0,125.89800000000001,0.0,0
46593,-2.387,67.62700000000001,0.0,0.0,-2.48,60.2487,154.4,99.7,5.742,0,1.0,-0.08,310.005,3.9589000000000003,35.37,0.0,126.89500000000001,0.0,0
46593,-2.217,67.62700000000001,0.0,0.0,-2.54,61.8173,154.3,100.4,5.742,0,0.0,-0.045,310.14000000000004,-0.5279,35.22,0.0,127.891,0.0,0
46593,-2.217,67.62700000000001,0.0,0.0,-2.42,63.420300000000005,160.1,99.9,5.742,0,0.0,-0.1,310.14000000000004,0.6928000000000001,34.77,0.0,128.887,0.0,0
46593,-2.387,67.62700000000001,0.0,0.0,-2.904,65.0475,160.1,100.10000000000001,5.742,0,0.0,-0.115,310.005,1.7155,35.13,0.0,129.883,0.0,0
46593,-2.387,67.62700000000001,0.0,0.0,-2.904,66.7056,191.10000000000002,100.7,5.742,0,0.0,-0.085,310.005,-3.8600000000000003,34.410000000000004,0.0,130.898,0.0,0
46593,-2.387,67.62700000000001,0.0,0.0,-2.965,68.3905,165.70000000000002,100.10000000000001,5.742,0,1.0,-0.1,310.005,-2.7713,34.68,0.0,131.895,0.0,0
46593,-2.387,67.62700000000001,0.0,0.0,-2.904,70.075,165.70000000000002,100.4,5.742,0,0.0,-0.115,310.005,-1.5836000000000001,35.04,0.0,132.89100000000002,0.0,0
46593,-2.217,67.62700000000001,0.0,0.0,-2.54,71.779,171.20000000000002,100.10000000000001,5.742,0,0.0,-0.125,310.005,-0.2639,35.730000000000004,0.0,133.887,0.0,0
46593,-2.217,67.62700000000001,0.0,0.0,-2.42,73.5196,171.3,99.9,5.742,0,0.0,-0.095,310.005,2.6393,36.300000000000004,0.0,134.883,0.0,0
46593,-2.217,67.62700000000001,0.0,0.0,-2.723,75.2934,169.5,100.7,5.742,0,0.0,-0.12,310.005,1.5836000000000001,36.660000000000004,0.0,135.898,0.0,0
46593,-2.217,67.62700000000001,0.0,0.0,-2.904,77.0759,176.6,100.10000000000001,5.742,0,0.0,-0.135,310.14000000000004,-0.8908,36.81,0.0,136.895,0.0,0
46593,-2.5580000000000003,67.62700000000001,0.0,0.0,-2.42,78.8711,176.6,100.10000000000001,5.742,0,0.0,-0.12,310.005,-0.7918000000000001,36.63,0.0,137.89100000000002,0.0,0
46593,-2.387,67.62700000000001,0.0,0.0,-2.359,80.67190000000001,181.8,99.9,5.742,0,0.0,-0.125,310.14000000000004,4.651800000000001,36.87,0.0,138.887,0.0,0
46593,-2.217,67.62700000000001,0.0,0.0,-2.602,82.5553,217.10000000000002,100.10000000000001,5.742,0,0.0,-0.09,310.005,0.39590000000000003,36.51,0.0,139.90200000000002,0.0,0
46593,-2.217,67.62700000000001,0.0,0.0,-2.299,84.40350000000001,180.0,100.4,5.742,0,0.0,-0.125,310.005,-3.1672000000000002,35.13,0.0,140.898,0.0,0
46593,-2.217,67.62700000000001,0.0,0.0,-2.54,84.5853,181.8,100.10000000000001,5.742,0,1.0,-0.125,310.005,-4.1569,35.07,0.0,140.996,0.0,0
46593,-2.217,67.62700000000001,0.0,0.0,-2.783,86.46390000000001,185.0,100.4,5.742,0,1.0,-0.16,310.14000000000004,-5.8724,34.08,0.0,141.99200000000002,0.0,0
46593,-2.387,67.62700000000001,0.0,0.0,-2.723,88.36330000000001,185.0,100.10000000000001,5.742,0,0.0,-0.11,310.14000000000004,0.5691,34.26,0.0,142.988,0.0,0
46593,-2.217,67.62700000000001,0.0,0.0,-2.48,90.30080000000001,223.10000000000002,99.9,5.742,0,0.0,-0.13,310.14000000000004,0.899,34.05,0.0,144.00400000000002,0.0,0
46593,-2.387,67.62700000000001,0.0,0.0,-2.117,92.2487,191.8,99.9,5.742,0,0.0,-0.06,309.915,-2.9692000000000003,34.800000000000004,0.0,145.0,0.0,0
46593,-2.0460000000000003,67.62700000000001,0.0,0.0,-2.299,94.1974,191.8,100.10000000000001,5.742,0,0.0,-0.095,310.23,3.6785,35.58,0.0,145.996,0.0,0
46593,-2.217,67.62700000000001,0.0,0.0,-2.238,96.1627,194.4,100.10000000000001,5.742,0,0.0,-0.13,310.005,-0.6598,36.63,0.0,146.99200000000002,0.0,0
46593,-2.387,67.62700000000001,0.0,0.0,-2.42,98.1588,194.4,100.4,5.742,0,0.0,-0.13,310.005,-0.6763,37.59,0.0,147.988,0.0,0
46593,-2.217,67.62700000000001,0.0,0.0,-2.359,100.1949,196.4,99.7,5.742,0,0.0,-0.065,310.005,-3.2744,37.62,0.0,149.00400000000002,0.0,0
46593,-2.217,67.62700000000001,0.0,0.0,-2.42,102.2245,200.8,100.4,5.742,0,0.0,-0.12,310.005,0.39590000000000003,37.59,0.0,150.0,0.0,0
46593,-2.387,67.62700000000001,0.0,0.0,-2.54,104.2658,200.8,99.9,5.742,0,1.0,-0.1,310.14000000000004,3.3651,36.87,0.0,150.996,0.0,0
46593,-2.387,67.62700000000001,0.0,0.0,-2.299,106.31190000000001,203.0,100.10000000000001,5.742,0,0.0,-0.135,310.14000000000004,-0.2227,35.64,0.0,151.99200000000002,0.0,0
46593,-2.387,67.62700000000001,0.0,0.0,-2.48,108.438,244.8,100.7,5.742,0,0.0,-0.08,310.005,-1.3856000000000002,35.52,0.0,153.008,0.0,0
46593,-2.217,67.62700000000001,0.0,0.0,-2.42,110.5223,205.10000000000002,100.10000000000001,5.742,0,1.0,-0.1,309.915,1.097,35.46,0.0,154.00400000000002,0.0,0
46593,-2.387,67.62700000000001,0.0,0.0,-2.42,112.62700000000001,209.10000000000002,99.9,5.742,0,1.0,-0.155,310.005,-3.1012,35.61,0.0,155.0,0.0,0
46593,-2.0460000000000003,67.62700000000001,0.0,0.0,-2.662,114.7521,209.10000000000002,100.10000000000001,5.742,0,0.0,-0.075,310.14000000000004,-0.6186,35.22,0.0,155.996,0.0,0
46593,-2.217,67.62700000000001,0.0,0.0,-2.723,116.8771,206.9,99.9,5.742,0,0.0,-0.095,310.14000000000004,2.8372,35.46,0.0,156.99200000000002,0.0,0
46593,-2.387,67.62700000000001,0.0,0.0,-2.42,119.07900000000001,212.8,100.4,5.742,0,0.0,-0.135,310.005,-0.5279,35.64,0.0,158.008,0.0,0
46593,-2.217,67.62700000000001,0.0,0.0,-2.359,121.2425,212.9,100.10000000000001,5.742,0,0.0,-0.1,310.005,-1.6496000000000002,36.45,0.0,159.00400000000002,0.0,0
46593,-2.217,67.62700000000001,0.0,0.0,-2.057,123.4153,216.4,99.7,5.742,0,0.0,-0.03,310.005,-0.3052,36.27,0.0,160.0,0.0,0
46593,-2.217,67.62700000000001,0.0,0.0,-2.057,125.6147,216.4,100.10000000000001,5.742,0,0.0,-0.075,310.14000000000004,1.1877,37.2,0.0,160.996,0.0,0
46593,-2.217,67.62700000000001,0.0,0.0,-2.238,127.8583,258.40000000000003,99.9,5.742,0,0.0,-0.155,310.14000000000004,2.1527000000000003,37.5,0.0,162.012,0.0,0
46593,-2.387,67.62700000000001,0.0,0.0,-2.299,130.0794,219.70000000000002,100.4,5.742,0,0.0,-0.09,310.005,3.1672000000000002,37.230000000000004,0.0,163.008,0.0,0
46593,-1.8760000000000001,67.62700000000001,0.0,0.0,-2.299,132.3124,219.70000000000002,100.10000000000001,5.742,0,0.0,-0.2,310.005,-3.9342,36.27,0.0,164.00400000000002,0.0,0
46593,-2.217,67.62700000000001,0.0,0.0,-2.238,134.54590000000002,220.3,100.10000000000001,5.742,0,0.0,-0.135,310.14000000000004,-0.7918000000000001,35.64,0.0,165.0,0.0,0
46593,-2.217,67.62700000000001,0.0,0.0,-2.238,136.8099,222.8,100.4,5.742,0,1.0,-0.09,310.005,1.1877,35.76,0.0,165.996,0.0,0
46593,-1.8760000000000001,67.62700000000001,0.0,0.0,-1.936,139.1193,222.8,100.10000000000001,5.742,0,1.0,-0.08,310.14000000000004,1.5588000000000002,35.550000000000004,0.0,167.012,0.0,0
46593,-2.217,67.62700000000001,0.0,0.0,-2.057,141.3949,225.60000000000002,99.9,5.742,0,1.0,-0.18,310.005,1.6083,34.29,0.0,168.008,0.0,0
46593,-2.387,67.62700000000001,0.0,0.0,-2.057,141.6182,223.3,100.10000000000001,5.742,0,1.0,-0.1,310.005,1.6826,34.230000000000004,0.0,168.10500000000002,0.0,0
46593,-2.217,67.62700000000001,0.0,0.0,-2.238,143.9129,225.5,100.10000000000001,5.742,0,0.0,-0.155,310.005,-4.0909,34.38,0.0,169.102,0.0,0
46593,-2.217,67.62700000000001,0.0,0.0,-2.117,146.2054,225.60000000000002,100.4,5.742,0,1.0,-0.16,310.005,-3.0682,33.99,0.0,170.098,0.0,0
46593,-2.217,67.62700000000001,0.0,0.0,-1.936,148.5649,225.8,100.10000000000001,5.742,0,2.0,-0.155,309.915,-1.1877,34.980000000000004,0.0,171.113,0.0,0
46593,-2.217,67.62700000000001,0.0,0.0,-1.754,150.8834,225.8,100.10000000000001,5.742,0,0.0,-0.16,309.915,-1.2537,36.45,0.0,172.109,0.0,0
46593,-2.217,67.62700000000001,0.0,0.0,-1.754,153.208,228.0,99.7,5.742,0,0.0,-0.11,310.14000000000004,4.3548,37.44,0.0,173.10500000000002,0.0,0
46593,-2.217,67.62700000000001,0.0,0.0,-2.178,155.5522,230.4,99.9,5.742,0,0.0,-0.085,310.005,1.5176,37.62,0.0,174.102,0.0,0
46593,-2.217,67.62700000000001,0.0,0.0,-2.238,157.93880000000001,275.1,100.4,5.742,0,0.0,-0.15,310.005,-1.7155,37.29,0.0,175.11700000000002,0.0,0
46593,-2.387,67.62700000000001,0.0,0.0,-1.996,160.29430000000002,230.10000000000002,100.10000000000001,5.742,0,0.0,-0.105,309.915,-2.4743,36.72,0.0,176.113,0.0,0
46593,-2.217,67.62700000000001,0.0,0.0,-2.42,162.6571,230.10000000000002,100.10000000000001,5.742,0,0.0,-0.14,310.14000000000004,1.0557,36.45,0.0,177.109,0.0,0
46593,-2.387,67.62700000000001,0.0,0.0,-2.662,165.02030000000002,230.60000000000002,99.9,5.742,0,0.0,-0.105,310.14000000000004,5.179600000000001,36.0,0.0,178.10500000000002,0.0,0
46593,-2.217,67.62700000000001,0.0,0.0,-2.54,167.40370000000001,234.3,99.9,5.742,0,0.0,-0.14,310.005,5.806500000000001,35.52,0.0,179.102,0.0,0
46593,-2.217,67.62700000000001,0.0,0.0,-2.057,169.83020000000002,231.9,100.4,5.742,0,0.0,-0.07,310.005,-4.9157,35.07,0.0,180.11700000000002,0.0,0
46593,-2.387,67.62700000000001,0.0,0.0,-2.057,172.2178,233.5,99.9,5.742,0,0.0,-0.14,310.005,-4.7507,34.32,0.0,181.113,0.0,0
46593,-2.387,67.62700000000001,0.0,0.0,-1.996,174.6147,233.5,100.4,5.742,0,0.0,-0.135,310.005,1.5836000000000001,34.47,0.0,182.109,0.0,0
46593,-2.217,67.62700000000001,0.0,0.0,-1.936,177.01160000000002,233.5,100.4,5.742,0,0.0,-0.11,310.14000000000004,2.3754,34.56,0.0,183.10500000000002,0.0,0
46593,-2.387,67.62700000000001,0.0,0.0,-1.936,177.2474,235.8,100.10000000000001,5.742,0,0.0,-0.13,310.14000000000004,2.7465,34.65,0.0,183.203,0.0,0
46593,-2.217,67.62700000000001,0.0,0.0,-1.875,179.70440000000002,237.20000000000002,100.10000000000001,5.742,0,0.0,-0.07,310.005,1.5836000000000001,35.730000000000004,0.0,184.21900000000002,0.0,0
46593,-2.217,67.62700000000001,0.0,0.0,-1.633,182.11450000000002,237.10000000000002,99.9,5.742,0,0.0,-0.06,310.14000000000004,-1.0145,36.93,0.0,185.215,0.0,0
46593,-2.217,67.62700000000001,0.0,0.0,-1.5130000000000001,184.5276,238.3,99.7,5.742,0,1.0,-0.1,310.005,-3.7363000000000004,37.74,0.0,186.211,0.0,0
46593,-2.217,67.62700000000001,0.0,0.0,-1.331,186.9485,238.20000000000002,99.9,5.742,0,1.0,-0.11,310.005,1.1877,36.87,0.0,187.20700000000002,0.0,0
46593,-2.217,67.62700000000001,0.0,0.0,-1.633,189.4181,286.8,100.4,5.742,0,0.0,-0.11,309.915,-4.2064,36.03,0.0,188.223,0.0,0
46593,-2.217,67.62700000000001,0.0,0.0,-1.936,191.8445,239.0,100.4,5.742,0,0.0,-0.13,310.005,-0.2639,36.03,0.0,189.21900000000002,0.0,0
46593,-2.217,67.62700000000001,0.0,0.0,-1.996,194.27380000000002,239.0,99.9,5.742,0,1.0,-0.1,310.005,1.2537,36.33,0.0,190.215,0.0,0
46593,-2.217,67.62700000000001,0.0,0.0,-1.936,196.7032,239.20000000000002,100.4,5.742,0,0.0,-0.11,310.005,0.0495,36.69,0.0,191.211,0.0,0
46593,-2.217,67.62700000000001,0.0,0.0,-1.815,199.13840000000002,239.60000000000002,100.10000000000001,5.742,0,0.0,-0.11,310.14000000000004,1.3856000000000002,36.09,0.0,192.20700000000002,0.0,0
46593,-2.217,67.62700000000001,0.0,0.0,-1.754,201.6224,239.60000000000002,100.10000000000001,5.742,0,0.0,-0.12,310.23,-0.6351,35.49,0.0,193.223,0.0,0
46593,-2.217,67.62700000000001,0.0,0.0,-1.875,204.059,239.9,99.9,5.742,0,0.0,-0.095,310.005,1.0557,34.53,0.0,194.21900000000002,0.0,0
46593,-2.217,67.62700000000001,0.0,0.0,-1.936,206.4977,240.0,99.9,5.742,0,0.0,-0.105,310.14000000000004,1.3856000000000002,34.5,0.0,195.215,0.0,0
46593,-2.217,67.62700000000001,0.0,0.0,-1.875,208.93630000000002,240.0,99.9,5.742,0,0.0,-0.09,310.005,0.5114000000000001,34.59,0.0,196.211,0.0,0
46593,-2.217,67.62700000000001,0.0,0.0,-1.815,211.4248,289.0,100.4,5.742,0,0.0,-0.105,310.005,1.4516,35.28,0.0,197.227,0.0,0
46593,-2.217,67.62700000000001,0.0,0.0,-1.573,213.86460000000002,240.10000000000002,99.9,5.742,0,1.0,-0.11,310.14000000000004,-3.1672000000000002,36.36,0.0,198.223,0.0,0
46593,-2.217,67.62700000000001,0.0,0.0,-1.573,216.3042,240.0,100.10000000000001,5.742,0,0.0,-0.115,310.005,-1.1877,36.99,0.0,199.21900000000002,0.0,0
46593,-2.387,67.62700000000001,0.0,0.0,-1.754,218.74280000000002,240.0,99.9,5.742,0,0.0,-0.095,310.005,-0.9897,37.38,0.0,200.215,0.0,0
46593,-1.8760000000000001,67.62700000000001,0.0,0.0,-1.573,221.1814,240.0,99.9,5.742,0,0.0,-0.105,310.14000000000004,-1.3856000000000002,36.63,0.0,201.211,0.0,0
46593,-2.217,67.62700000000001,0.0,0.0,-1.452,223.667,239.60000000000002,100.4,5.742,0,1.0,-0.115,310.005,1.3856000000000002,35.52,0.0,202.227,0.0,0
46593,-2.217,67.62700000000001,0.0,0.0,-1.694,226.1022,239.60000000000002,99.9,5.742,0,1.0,-0.13,310.005,0.7918000000000001,35.43,0.0,203.223,0.0,0
46593,-1.8760000000000001,67.62700000000001,0.0,0.0,-1.754,228.53740000000002,239.60000000000002,99.9,5.742,0,0.0,-0.115,310.14000000000004,2.4826,35.52,0.0,204.21900000000002,0.0,0
46593,-2.217,67.62700000000001,0.0,0.0,-1.936,230.96730000000002,239.10000000000002,100.10000000000001,5.742,0,0.0,-0.135,310.005,6.796200000000001,36.0,0.0,205.215,0.0,0
46593,-2.217,67.62700000000001,0.0,0.0,-1.936,233.44320000000002,285.40000000000003,99.7,5.742,0,0.0,-0.1,310.14000000000004,1.0557,35.25,0.0,206.23000000000002,0.0,0
46593,-2.217,67.62700000000001,0.0,0.0,-1.815,235.8726,238.20000000000002,100.4,5.742,0,0.0,-0.115,310.005,-3.4063000000000003,34.29,0.0,207.227,0.0,0
46593,-1.8760000000000001,67.62700000000001,0.0,0.0,-1.754,238.29440000000002,238.20000000000002,99.9,5.742,0,0.0,-0.105,310.005,-2.9445,34.17,0.0,208.223,0.0,0
46593,-1.8760000000000001,67.62700000000001,0.0,0.0,-1.694,240.71620000000001,238.20000000000002,100.10000000000001,5.742,0,1.0,-0.1,310.14000000000004,-0.19790000000000002,34.230000000000004,0.0,209.21900000000002,0.0,0
46593,-2.217,67.62700000000001,0.0,0.0,-1.633,243.1312,237.4,100.4,5.742,0,0.0,-0.085,310.005,1.2124000000000001,34.29,0.0,210.215,0.0,0
46593,-2.217,67.62700000000001,0.0,0.0,-1.573,245.5891,234.9,99.4,5.742,0,0.0,-0.14,310.14000000000004,1.3609,35.28,0.0,211.23000000000002,0.0,0
46593,-2.217,67.62700000000001,0.0,0.0,-1.633,248.00240000000002,236.3,100.10000000000001,5.742,0,0.0,-0.125,310.005,-1.3609,36.42,0.0,212.227,0.0,0
46593,-2.0460000000000003,67.62700000000001,0.0,0.0,-1.633,250.4025,236.20000000000002,99.9,5.742,0,1.0,-0.13,310.005,-0.19790000000000002,37.11,0.0,213.223,0.0,0
46593,-2.0460000000000003,67.62700000000001,0.0,0.0,-1.633,250.6362,233.70000000000002,100.10000000000001,5.742,0,0.0,-0.12,310.005,-0.7918000000000001,37.2,0.0,213.32000000000002,0.0,0
46593,-2.217,67.62700000000001,0.0,0.0,-1.875,253.0363,233.8,99.9,5.742,0,0.0,-0.115,310.14000000000004,-0.39590000000000003,36.69,0.0,214.316,0.0,0
46593,-2.0460000000000003,67.62700000000001,0.0,0.0,-1.996,255.47660000000002,234.8,99.9,5.742,0,0.0,-0.13,310.14000000000004,1.4846000000000001,35.97,0.0,215.33200000000002,0.0,0
46593,-2.217,67.62700000000001,0.0,0.0,-1.573,257.8629,234.8,99.9,5.742,0,0.0,-0.09,310.005,-0.39590000000000003,35.67,0.0,216.328,0.0,0
46593,-2.217,67.62700000000001,0.0,0.0,-1.452,260.24920000000003,232.4,100.4,5.742,0,1.0,-0.13,310.14000000000004,-3.1672000000000002,35.34,0.0,217.324,0.0,0
46593,-1.8760000000000001,67.62700000000001,0.0,0.0,-1.815,262.6207,230.8,99.9,5.742,0,0.0,-0.13,310.14000000000004,3.1672000000000002,35.01,0.0,218.32000000000002,0.0,0
46593,-2.0460000000000003,67.62700000000001,0.0,0.0,-2.299,265.039,278.5,99.9,5.742,0,1.0,-0.095,309.915,-0.9897,34.410000000000004,0.0,219.336,0.0,0
46593,-1.8760000000000001,67.62700000000001,0.0,0.0,-2.238,267.4038,231.5,99.9,5.742,0,1.0,-0.1,310.005,-4.7507,33.72,0.0,220.33200000000002,0.0,0
46593,-2.0460000000000003,67.62700000000001,0.0,0.0,-1.754,269.75710000000004,231.5,100.10000000000001,5.742,0,0.0,-0.1,310.005,1.4186,33.21,0.0,221.328,0.0,0
46593,-2.217,67.62700000000001,0.0,0.0,-1.754,272.1104,229.20000000000002,99.9,5.742,0,0.0,-0.115,310.005,2.2434000000000003,33.3,0.0,222.324,0.0,0
46593,-2.217,67.62700000000001,0.0,0.0,-1.936,274.4503,227.3,99.9,5.742,0,0.0,-0.09,310.005,0.7918000000000001,33.84,0.0,223.32000000000002,0.0,0
46593,-2.0460000000000003,67.62700000000001,0.0,0.0,-1.754,276.8315,229.70000000000002,100.4,5.742,0,0.0,-0.125,310.14000000000004,1.1877,35.4,0.0,224.336,0.0,0
46593,-2.217,67.62700000000001,0.0,0.0,-1.875,279.1639,227.8,100.10000000000001,5.742,0,0.0,-0.1,310.005,-0.7918000000000001,36.42,0.0,225.33200000000002,0.0,0
46593,-2.0460000000000003,67.62700000000001,0.0,0.0,-2.057,281.4776,227.60000000000002,99.9,5.742,0,0.0,-0.09,310.14000000000004,1.5836000000000001,37.29,0.0,226.328,0.0,0
46593,-2.0460000000000003,67.62700000000001,0.0,0.0,-2.057,283.79130000000004,225.3,100.10000000000001,5.742,0,1.0,-0.085,310.14000000000004,0.7918000000000001,37.89,0.0,227.324,0.0,0
46593,-2.0460000000000003,67.62700000000001,0.0,0.0,-2.057,286.141,269.2,100.10000000000001,5.742,0,0.0,-0.115,310.005,0.0,37.35,0.0,228.34,0.0,0
46593,-1.8760000000000001,67.62700000000001,0.0,0.0,-2.238,288.4328,225.5,100.4,5.742,0,1.0,-0.15,310.23,1.7815,36.06,0.0,229.336,0.0,0
46593,-2.387,67.62700000000001,0.0,0.0,-1.936,290.7246,225.5,99.9,5.742,0,0.0,-0.125,309.825,-4.8827,34.32,0.0,230.33200000000002,0.0,0
46593,-1.8760000000000001,67.62700000000001,0.0,0.0,-1.875,292.99670000000003,223.20000000000002,100.4,5.742,0,1.0,-0.115,310.14000000000004,-3.2661000000000002,33.72,0.0,231.328,0.0,0
46593,-2.217,67.62700000000001,0.0,0.0,-2.359,295.2654,221.0,100.4,5.742,0,0.0,-0.125,310.005,-2.5073000000000003,33.51,0.0,232.324,0.0,0
46593,-2.217,67.62700000000001,0.0,0.0,-2.54,297.5738,220.8,99.7,5.742,0,1.0,-0.105,310.005,1.4516,34.26,0.0,233.34,0.0,0
46593,-2.0460000000000003,67.62700000000001,0.0,0.0,-2.359,299.8183,220.9,99.9,5.742,0,0.0,-0.105,310.005,-1.1877,34.59,0.0,234.336,0.0,0
46593,-2.217,67.62700000000001,0.0,0.0,-2.057,302.0627,220.8,99.9,5.742,0,0.0,-0.1,310.14000000000004,-0.8908,34.800000000000004,0.0,235.33200000000002,0.0,0
46593,-2.0460000000000003,67.62700000000001,0.0,0.0,-1.996,304.2919,218.4,99.9,5.742,0,0.0,-0.105,310.14000000000004,1.9795,35.58,0.0,236.328,0.0,0
46593,-2.0460000000000003,67.62700000000001,0.0,0.0,-1.936,306.55580000000003,260.7,100.10000000000001,5.742,0,0.0,-0.13,310.005,0.0,36.39,0.0,237.34400000000002,0.0,0
46593,-2.0460000000000003,67.62700000000001,0.0,0.0,-2.057,306.7719,216.10000000000002,100.10000000000001,5.742,0,0.0,-0.125,310.005,-0.39590000000000003,36.45,0.0,237.441,0.0,0
46593,-2.217,67.62700000000001,0.0,0.0,-2.238,308.99100000000004,215.9,100.10000000000001,5.742,0,0.0,-0.13,310.005,-3.5383,36.42,0.0,238.43800000000002,0.0,0
46593,-2.0460000000000003,67.62700000000001,0.0,0.0,-2.238,311.1845,215.8,99.9,5.742,0,0.0,-0.095,310.005,-0.767,36.18,0.0,239.434,0.0,0
46593,-2.0460000000000003,67.62700000000001,0.0,0.0,-1.936,313.3781,215.8,100.10000000000001,5.742,0,0.0,-0.125,310.005,4.3548,36.69,0.0,240.43,0.0,0
46593,-2.217,67.62700000000001,0.0,0.0,-1.936,315.55940000000004,213.20000000000002,100.4,5.742,0,1.0,-0.11,310.14000000000004,2.5486,36.78,0.0,241.42600000000002,0.0,0
46593,-1.705,67.62700000000001,0.0,0.0,-2.057,317.7681,211.0,100.7,5.742,0,1.0,-0.125,310.005,-2.5733,36.96,0.0,242.441,0.0,0
46593,-2.217,67.62700000000001,0.0,0.0,-2.238,319.9377,213.3,100.10000000000001,5.742,0,1.0,-0.1,310.005,0.42060000000000003,36.78,0.0,243.43800000000002,0.0,0
46593,-1.8760000000000001,67.62700000000001,0.0,0.0,-2.057,322.08250000000004,210.70000000000002,99.4,5.742,0,0.0,-0.085,310.14000000000004,3.1672000000000002,35.58,0.0,244.43400000000003,0.0,0
46593,-2.217,67.62700000000001,0.0,0.0,-2.238,324.22360000000003,210.70000000000002,99.4,5.742,0,0.0,-0.105,310.14000000000004,0.7011000000000001,34.230000000000004,0.0,245.43,0.0,0
46593,-2.0460000000000003,67.62700000000001,0.0,0.0,-2.299,326.39910000000003,248.5,100.7,5.742,0,0.0,-0.105,310.005,1.0557,33.480000000000004,0.0,246.44500000000002,0.0,0
46593,-2.217,67.62700000000001,0.0,0.0,-2.238,328.514,206.0,99.9,5.742,0,0.0,-0.125,310.14000000000004,-0.5938,33.87,0.0,247.441,0.0,0
46593,-2.0460000000000003,67.62700000000001,0.0,0.0,-2.42,330.63100000000003,208.10000000000002,99.9,5.742,0,1.0,-0.115,310.005,-4.726,35.13,0.0,248.43800000000002,0.0,0
46593,-2.0460000000000003,67.62700000000001,0.0,0.0,-2.117,332.7302,205.60000000000002,99.9,5.742,0,0.0,-0.12,310.14000000000004,2.5733,35.34,0.0,249.43400000000003,0.0,0
46593,-1.705,67.62700000000001,0.0,0.0,-2.117,332.9336,203.4,99.7,5.742,0,1.0,-0.115,310.14000000000004,3.563,35.4,0.0,249.531,0.0,0
46593,-2.217,67.62700000000001,0.0,0.0,-2.057,335.023,203.5,98.4,5.742,0,0.0,-0.11,310.14000000000004,3.1672000000000002,36.24,0.0,250.52700000000002,0.0,0
46593,-2.217,67.62700000000001,0.0,0.0,-1.936,337.0709,204.0,95.10000000000001,5.742,0,2.0,-0.075,310.005,0.39590000000000003,36.93,0.0,251.50400000000002,0.0,0
46593,-1.8760000000000001,67.62700000000001,0.0,0.0,-1.815,338.974,161.70000000000002,90.7,5.742,0,2.0,-0.1,310.005,-3.8600000000000003,37.08,0.0,252.42200000000003,0.0,0
46593,-2.217,67.62700000000001,0.0,0.0,-1.633,340.7962,161.70000000000002,84.9,5.742,0,1.0,-0.09,310.005,-4.7507,36.69,0.0,253.30100000000002,0.0,0
46593,-2.0460000000000003,67.62700000000001,0.0,0.0,-1.5130000000000001,342.4948,160.3,78.3,5.742,0,0.0,-0.09,310.005,-1.5836000000000001,36.09,0.0,254.121,0.0,0
46593,-2.387,67.62700000000001,0.0,0.0,-1.633,343.97700000000003,121.0,69.4,5.742,0,0.0,-0.105,310.14000000000004,2.5073000000000003,35.88,0.0,254.84400000000002,0.0,0
46593,-2.217,67.62700000000001,0.0,0.0,-1.875,345.29720000000003,118.9,61.0,5.742,0,0.0,-0.11,310.005,4.2229,35.67,0.0,255.488,0.0,0
46593,-2.0460000000000003,67.62700000000001,0.0,0.0,-2.117,346.4596,80.0,53.1,5.742,0,0.0,-0.12,310.14000000000004,0.6598,35.37,0.0,256.055,0.0,0
46593,-1.8760000000000001,67.62700000000001,0.0,0.0,-2.178,347.46000000000004,80.0,43.9,5.742,0,0.0,-0.11,310.14000000000004,-2.3754,34.74,0.0,256.543,0.0,0
46593,-2.0460000000000003,67.62700000000001,0.0,0.0,-1.936,348.2563,79.10000000000001,35.6,5.742,0,1.0,-0.115,310.005,3.0352,34.14,0.0,256.934,0.0,0
46593,-2.0460000000000003,67.62700000000001,0.0,0.0,-2.057,348.8895,38.6,27.700000000000003,5.742,0,0.0,-0.1,310.005,2.7383,33.63,0.0,257.24600000000004,0.0,0
46593,-2.217,67.62700000000001,0.0,0.0,-1.936,349.3643,38.5,19.8,5.742,0,0.0,-0.105,309.915,-4.6188,34.53,0.0,257.48,0.0,0
46593,-2.217,67.62700000000001,0.0,0.0,-1.754,349.6829,40.6,13.9,5.742,0,0.0,-0.115,310.14000000000004,-3.0022,36.36,0.0,257.637,0.0,0
46593,-2.0460000000000003,67.62700000000001,0.0,0.0,-2.057,349.9203,40.5,8.3,5.742,0,0.0,-0.105,310.14000000000004,2.7713,37.92,0.0,257.754,0.0,0
46593,-2.0460000000000003,67.62700000000001,0.0,0.0,-2.238,350.0401,0.0,5.1000000000000005,5.742,0,2.0,-0.08,310.005,0.9897,38.25,0.0,257.813,0.0,0
46593,-1.705,67.62700000000001,0.0,0.0,-2.359,350.0786,0.0,2.0,5.742,0,0.0,-0.105,309.915,-3.8270000000000004,37.11,0.0,257.832,0.0,0
46593,-1.8760000000000001,67.62700000000001,0.0,0.0,-2.602,350.11920000000003,0.0,-0.5,5.742,0,0.0,-0.13,310.005,1.9465000000000001,35.88,0.0,257.85200000000003,0.0,0
46593,-2.217,67.62700000000001,0.0,0.0,-2.602,350.0786,0.0,-0.5,5.742,0,0.0,-0.125,310.005,-1.1877,35.46,0.0,257.832,0.0,0
46593,-1.8760000000000001,67.62700000000001,0.0,0.0,-2.602,350.0786,0.0,0.0,5.742,0,0.0,-0.11,310.005,-2.9692000000000003,35.61,0.0,257.832,0.0,0
46593,-2.217,67.62700000000001,0.0,0.0,-2.602,350.0786,0.0,-0.2,5.742,0,0.0,-0.1,310.005,3.2991,36.300000000000004,0.0,257.832,0.0,0
46593,-1.8760000000000001,67.62700000000001,0.0,0.0,-2.602,350.0786,0.0,-0.2,5.742,0,0.0,-0.12,310.14000000000004,1.4846000000000001,36.06,0.0,257.832,0.0,0
46593,-1.5350000000000001,67.62700000000001,0.0,0.0,-2.602,350.0786,0.0,0.0,5.742,0,0.0,-0.07,310.005,-0.7918000000000001,35.550000000000004,0.0,257.832,0.0,0
46593,-1.8760000000000001,67.62700000000001,0.0,0.0,-2.602,350.0786,0.0,0.2,5.742,0,1.0,0.16,310.14000000000004,1.7485000000000002,34.230000000000004,0.0,257.832,0.0,0
46593,-2.217,67.62700000000001,0.0,0.0,-2.602,350.0786,0.0,0.0,5.747,0,0.0,0.555,310.005,-1.1877,33.81,0.0,257.832,0.0,0
46593,-2.0460000000000003,67.62700000000001,0.0,0.0,-2.602,350.0786,0.0,0.0,5.747,0,1.0,0.555,310.005,-1.3609,33.96,0.0,257.832,0.0,0
46593,-2.217,67.62700000000001,0.0,0.0,-2.602,350.0786,0.0,0.0,5.757000000000001,0,0.0,0.515,310.14000000000004,1.3609,35.58,0.0,257.832,0.0,0
46593,-2.0460000000000003,67.62700000000001,0.0,0.0,-2.602,350.0786,0.0,0.0,5.767,0,0.0,0.45,310.14000000000004,-2.3754,37.2,0.0,257.832,0.0,0
46593,-2.217,67.62700000000001,0.0,0.0,-2.602,350.0786,0.0,0.0,5.776000000000001,0,1.0,0.615,310.14000000000004,-0.6846,38.52,0.0,257.832,0.0,0
46593,-1.8760000000000001,67.62700000000001,0.0,0.0,-2.602,350.0786,0.0,0.0,5.7860000000000005,0,0.0,0.81,310.14000000000004,0.6598,38.4,0.0,257.832,0.0,0
46593,-2.0460000000000003,67.62700000000001,0.0,0.0,-2.602,350.0786,0.0,0.0,5.796,0,1.0,0.76,310.005,-1.1877,37.26,0.0,257.832,0.0,0
46593,-1.8760000000000001,67.62700000000001,0.0,0.0,-2.602,350.0786,0.0,0.0,5.806,0,0.0,0.97,310.14000000000004,-1.5836000000000001,36.81,0.0,257.832,0.0,0
46593,-2.217,67.62700000000001,0.0,0.0,-2.602,350.0786,0.0,0.0,5.815,0,0.0,1.03,310.23,1.5423,35.85,0.0,257.832,0.0,0
46593,-1.705,67.62700000000001,0.0,0.0,-2.602,350.0786,0.0,0.0,5.825,0,1.0,1.1400000000000001,310.005,2.1114,35.85,0.0,257.832,0.0,0
46593,-1.8760000000000001,67.62700000000001,0.0,0.0,-2.602,350.0786,0.0,0.0,5.835,0,1.0,1.23,310.005,-3.2084,35.97,0.0,257.832,0.0,0
46593,-2.217,67.62700000000001,0.0,0.0,-2.602,350.0786,0.0,0.0,5.845000000000001,0,0.0,1.315,310.14000000000004,-2.4249,37.11,0.0,257.832,0.0,0
46593,-2.0460000000000003,67.62700000000001,0.0,0.0,-2.602,350.0786,0.0,0.0,5.854,0,0.0,1.345,310.005,0.42060000000000003,36.15,0.0,257.832,0.0,0
46593,-2.217,67.62700000000001,0.0,0.0,-2.602,350.0786,0.0,0.2,5.864,0,1.0,1.45,309.915,1.0722,35.01,0.0,257.832,0.0,0
46593,-1.8760000000000001,67.62700000000001,0.0,0.0,-2.602,350.0786,0.0,0.0,5.8740000000000006,0,0.0,1.555,310.14000000000004,1.2289,33.57,0.0,257.832,0.0,0
46593,-2.217,67.62700000000001,0.0,0.0,-2.602,350.0786,0.0,0.0,5.884,0,0.0,1.485,310.14000000000004,-2.928,33.63,0.0,257.832,0.0,0
46593,-1.8760000000000001,67.62700000000001,0.0,0.0,-2.602,350.0786,0.0,0.0,5.894,0,0.0,1.79,310.005,1.3444,35.730000000000004,0.0,257.832,0.0,0
46593,-1.8760000000000001,67.62700000000001,0.0,0.0,-2.602,350.0786,0.0,0.0,5.9030000000000005,0,0.0,1.625,309.915,-0.3547,37.89,0.0,257.832,0.0,0
46593,-1.8760000000000001,67.62700000000001,0.0,0.0,-2.602,350.0786,0.0,0.0,5.913,0,2.0,1.615,309.915,-4.2229,38.550000000000004,0.0,257.832,0.0,0
46593,-1.705,67.62700000000001,0.0,0.0,-2.602,350.0786,0.0,0.2,5.923,0,0.0,1.57,310.005,2.1114,38.19,0.0,257.832,0.0,0
46593,-1.705,67.62700000000001,0.0,0.0,-2.602,350.0786,0.0,0.0,5.933000000000001,0,0.0,1.685,310.005,0.9897,36.93,0.0,257.832,0.0,0
46593,-2.217,67.62700000000001,0.0,0.0,-2.602,350.0786,0.0,0.0,5.942,0,0.0,1.655,310.005,3.4146,34.62,0.0,257.832,0.0,0
46593,-2.217,67.62700000000001,0.0,0.0,-2.602,350.0786,0.0,0.0,5.952,0,1.0,1.62,310.14000000000004,1.6496000000000002,33.99,0.0,257.832,0.0,0
46593,-2.0460000000000003,67.62700000000001,0.0,0.0,-2.602,350.0786,0.0,0.0,5.952,0,1.0,1.62,310.14000000000004,2.5073000000000003,34.08,0.0,257.832,0.0,0
46593,-2.0460000000000003,67.62700000000001,0.0,0.0,-2.602,350.0786,0.0,0.0,5.9670000000000005,0,1.0,1.52,310.005,-3.1672000000000002,35.01,0.0,257.832,0.0,0
46593,-1.8760000000000001,67.62700000000001,0.0,0.0,-2.602,350.0786,0.0,-0.2,5.977,0,0.0,1.615,310.14000000000004,-0.132,34.83,0.0,257.832,0.0,0
46593,-2.387,67.62700000000001,0.0,0.0,-2.602,350.0786,0.0,0.0,5.986000000000001,0,0.0,1.51,310.14000000000004,0.7918000000000001,35.04,0.0,257.832,0.0,0
46593,-2.0460000000000003,67.62700000000001,0.0,0.0,-2.602,350.0786,0.0,0.0,5.996,0,0.0,1.53,310.14000000000004,3.1672000000000002,34.74,0.0,257.832,0.0,0
46593,-2.0460000000000003,67.62700000000001,0.0,0.0,-2.602,350.0786,0.0,0.0,6.006,0,0.0,1.4000000000000001,310.005,0.8908,35.160000000000004,0.0,257.832,0.0,0
46593,-2.0460000000000003,67.62700000000001,0.0,0.0,-2.602,350.0786,0.0,0.0,6.016,0,0.0,1.3800000000000001,310.14000000000004,0.132,35.4,0.0,257.832,0.0,0
46593,-2.0460000000000003,67.62700000000001,0.0,0.0,-2.602,350.0786,0.0,0.0,6.025,0,0.0,1.315,310.005,-4.651800000000001,36.6,0.0,257.832,0.0,0
46593,-1.8760000000000001,67.62700000000001,0.0,0.0,-2.602,350.0786,0.0,0.0,6.035,0,0.0,1.26,310.14000000000004,3.563,36.93,0.0,257.832,0.0,0
46593,-2.0460000000000003,67.62700000000001,0.0,0.0,-2.602,350.0786,0.0,0.0,6.050000000000001,0,0.0,1.165,310.005,1.6826,37.230000000000004,0.0,257.832,0.0,0
46593,-1.8760000000000001,67.62700000000001,0.0,0.0,-2.602,350.0786,0.0,0.0,6.0600000000000005,0,1.0,1.145,310.005,-2.7713,36.78,0.0,257.832,0.0,0
46593,-2.0460000000000003,67.62700000000001,0.0,0.0,-2.602,350.0786,0.0,0.0,6.069,0,0.0,1.145,310.005,0.8908,36.12,0.0,257.832,0.0,0
46593,-1.705,67.62700000000001,0.0,0.0,-2.602,350.0786,0.0,0.0,6.079000000000001,0,1.0,1.095,310.14000000000004,1.4516,35.67,0.0,257.832,0.0,0
46593,-1.8760000000000001,67.62700000000001,0.0,0.0,-2.602,350.0786,0.0,0.0,6.089,0,1.0,1.095,310.005,0.7918000000000001,35.58,0.0,257.832,0.0,0
46593,-2.217,67.62700000000001,0.0,0.0,-2.602,350.0786,0.0,0.0,6.099,0,1.0,1.055,310.005,-1.1877,35.37,0.0,257.832,0.0,0
46593,-2.217,67.62700000000001,0.0,0.0,-2.602,350.0786,0.0,0.0,6.1080000000000005,0,0.0,1.085,310.005,-1.4846000000000001,35.1,0.0,257.832,0.0,0
46593,-2.0460000000000003,67.62700000000001,0.0,0.0,-2.602,350.0786,0.0,0.0,6.118,0,0.0,1.09,310.14000000000004,4.0909,34.53,0.0,257.832,0.0,0
46593,-2.0460000000000003,67.62700000000001,0.0,0.0,-2.602,350.0786,0.0,0.0,6.128,0,0.0,1.11,310.005,0.7918000000000001,34.26,0.0,257.832,0.0,0
46593,-1.705,67.62700000000001,0.0,0.0,-2.602,350.0786,0.0,0.0,6.138,0,0.0,1.105,310.005,-1.1877,34.74,0.0,257.832,0.0,0
46593,-2.217,67.62700000000001,0.0,0.0,-2.602,350.0786,0.0,0.0,6.147,0,0.0,1.215,310.14000000000004,0.0,35.85,0.0,257.832,0.0,0
46593,-1.8760000000000001,67.62700000000001,0.0,0.0,-2.602,350.0786,0.0,0.0,6.162,0,0.0,1.2,310.005,3.1672000000000002,37.29,0.0,257.832,0.0,0
46593,-2.0460000000000003,67.62700000000001,0.0,0.0,-2.602,350.0786,0.0,0.0,6.172000000000001,0,1.0,1.25,310.14000000000004,-1.6826,36.99,0.0,257.832,0.0,0
46593,-1.8760000000000001,67.62700000000001,0.0,0.0,-2.602,350.0786,0.0,0.0,6.182,0,1.0,1.345,309.915,-5.806500000000001,36.6,0.0,257.832,0.0,0
46593,-2.0460000000000003,67.62700000000001,0.0,0.0,-2.602,350.0786,0.0,0.0,6.191000000000001,0,0.0,1.41,310.14000000000004,0.165,36.54,0.0,257.832,0.0,0
46593,-1.8760000000000001,67.62700000000001,0.0,0.0,-2.602,350.0786,0.0,0.0,6.2010000000000005,0,0.0,1.3900000000000001,310.14000000000004,4.3548,36.0,0.0,257.832,0.0,0
46593,-2.0460000000000003,67.62700000000001,0.0,0.0,-2.602,350.0786,0.0,0.0,6.211,0,0.0,1.48,310.005,-1.6496000000000002,35.550000000000004,0.0,257.832,0.0,0
46593,-2.0460000000000003,67.62700000000001,0.0,0.0,-2.602,350.0786,0.0,0.0,6.221,0,1.0,1.465,310.005,-5.6745,35.43,0.0,257.832,0.0,0
46593,-1.8760000000000001,67.62700000000001,0.0,0.0,-2.602,350.0786,0.0,0.0,6.23,0,0.0,1.61,310.14000000000004,1.5836000000000001,35.4,0.0,257.832,0.0,0
46593,-2.0460000000000003,67.62700000000001,0.0,0.0,-2.602,350.0786,0.0,0.0,6.24,0,1.0,1.6500000000000001,310.005,3.1672000000000002,34.77,0.0,257.832,0.0,0
46593,-1.5350000000000001,67.62700000000001,0.0,0.0,-2.602,350.0786,0.0,0.0,6.25,0,0.0,1.72,310.005,0.7918000000000001,34.08,0.0,257.832,0.0,0
46593,-1.705,67.62700000000001,0.0,0.0,-2.602,350.0786,0.0,0.0,6.260000000000001,0,0.0,1.745,310.14000000000004,-3.6950000000000003,33.54,0.0,257.832,0.0,0
46593,-2.0460000000000003,67.62700000000001,0.0,0.0,-2.602,350.0786,0.0,0.0,6.260000000000001,0,1.0,1.9000000000000001,310.005,-3.5383,33.63,0.0,257.832,0.0,0
46593,-1.705,67.62700000000001,0.0,0.0,-2.602,350.0786,0.0,0.0,6.2700000000000005,0,1.0,1.85,310.005,0.3299,34.980000000000004,0.0,257.832,0.0,0
46593,-2.217,67.62700000000001,0.0,0.0,-2.602,350.0786,0.0,0.0,6.279,0,1.0,1.885,310.005,1.6496000000000002,35.730000000000004,0.0,257.832,0.0,0
46593,-2.217,67.62700000000001,0.0,0.0,-2.602,350.0786,0.0,0.0,6.289000000000001,0,1.0,1.93,310.14000000000004,0.3299,36.03,0.0,257.832,0.0,0
46593,-1.705,67.62700000000001,0.0,0.0,-2.602,350.0786,0.0,0.0,6.299,0,0.0,1.9100000000000001,310.005,1.0557,36.39,0.0,257.832,0.0,0
46593,-1.5350000000000001,67.62700000000001,0.0,0.0,-2.602,350.0786,0.0,0.0,6.309,0,0.0,1.95,310.14000000000004,2.5733,36.36,0.0,257.832,0.0,0
46593,-1.8760000000000001,67.62700000000001,0.0,0.0,-2.602,350.0786,0.0,0.0,6.3180000000000005,0,0.0,1.935,310.14000000000004,-1.9135000000000002,36.24,0.0,257.832,0.0,0
46593,-1.8760000000000001,67.62700000000001,0.0,0.0,-2.602,350.0786,0.0,0.0,6.333,0,0.0,1.9100000000000001,310.005,0.39590000000000003,35.76,0.0,257.832,0.0,0
46593,-1.705,67.62700000000001,0.0,0.0,-2.602,350.0786,0.0,0.0,6.343,0,2.0,1.845,310.005,2.73,35.7,0.0,257.832,0.0,0
46593,-1.705,67.62700000000001,0.0,0.0,-2.602,350.0786,0.0,0.0,6.353000000000001,0,1.0,1.825,310.005,-3.4476,35.07,0.0,257.832,0.0,0
46593,-1.705,67.62700000000001,0.0,0.0,-2.602,350.0786,0.0,0.0,6.362,0,0.0,1.845,310.005,-1.7815,34.35,0.0,257.832,0.0,0
46593,-1.705,67.62700000000001,0.0,0.0,-2.602,350.0786,0.0,0.0,6.372,0,1.0,1.815,310.14000000000004,3.3651,33.660000000000004,0.0,257.832,0.0,0
46593,-2.217,67.62700000000001,0.0,0.0,-2.602,350.0786,0.0,0.0,6.382000000000001,0,0.0,1.8,310.14000000000004,1.5588000000000002,32.88,0.0,257.832,0.0,0
46593,-1.705,67.62700000000001,0.0,0.0,-2.602,350.0786,0.0,0.0,6.392,0,0.0,1.78,310.14000000000004,2.7465,33.06,0.0,257.832,0.0,0
46593,-1.705,67.62700000000001,0.0,0.0,-2.602,350.0786,0.0,0.0,6.401000000000001,0,0.0,1.725,309.915,-4.2476,33.78,0.0,257.832,0.0,0
46593,-2.0460000000000003,67.62700000000001,0.0,0.0,-2.602,350.0786,0.0,0.0,6.4110000000000005,0,0.0,1.67,310.005,-6.2683,35.07,0.0,257.832,0.0,0
46593,-1.8760000000000001,67.62700000000001,0.0,0.0,-2.602,350.0786,0.0,0.0,6.426,0,0.0,1.52,310.005,0.8165,35.910000000000004,0.0,257.832,0.0,0
46593,-1.8760000000000001,67.62700000000001,0.0,0.0,-2.602,350.0786,0.0,0.0,6.436,0,1.0,1.58,309.915,0.8743000000000001,36.54,0.0,257.832,0.0,0
46593,-1.705,67.62700000000001,0.0,0.0,-2.602,350.0786,0.0,0.0,6.445,0,0.0,1.5,310.005,-2.0455,35.58,0.0,257.832,0.0,0
46593,-1.8760000000000001,67.62700000000001,0.0,0.0,-2.602,350.0786,0.0,0.0,6.455,0,0.0,1.42,310.14000000000004,4.2229,35.04,0.0,257.832,0.0,0
46593,-2.217,67.62700000000001,0.0,0.0,-2.602,350.0786,0.0,0.0,6.465000000000001,0,0.0,1.385,310.005,5.1961,35.28,0.0,257.832,0.0,0
46593,-1.8760000000000001,67.62700000000001,0.0,0.0,-2.602,350.0786,0.0,0.0,6.4750000000000005,0,0.0,1.32,310.14000000000004,-0.0247,35.52,0.0,257.832,0.0,0
46593,-1.8760000000000001,67.62700000000001,0.0,0.0,-2.602,350.0786,0.0,0.0,6.484,0,0.0,1.2750000000000001,310.005,-2.5486,35.28,0.0,257.832,0.0,0
46593,-1.8760000000000001,67.62700000000001,0.0,0.0,-2.602,350.0786,0.0,0.0,6.4990000000000006,0,1.0,1.3,310.005,0.42060000000000003,34.26,0.0,257.832,0.0,0
46593,-2.0460000000000003,67.62700000000001,0.0,0.0,-2.602,350.0786,0.0,0.0,6.509,0,0.0,1.205,310.005,-1.9547,33.45,0.0,257.832,0.0,0
46593,-2.217,67.62700000000001,0.0,0.0,-2.602,350.0786,0.0,0.0,6.519,0,0.0,1.1400000000000001,310.14000000000004,2.5486,32.88,0.0,257.832,0.0,0
46593,-2.217,67.62700000000001,0.0,0.0,-2.602,350.0786,0.0,0.0,6.5280000000000005,0,2.0,1.075,309.915,2.4578,32.67,0.0,257.832,0.0,0
46593,-1.8760000000000001,67.62700000000001,0.0,0.0,-2.602,350.0786,0.0,0.0,6.538,0,2.0,1.055,310.005,-1.7155,33.42,0.0,257.832,0.0,0
46593,-1.705,67.62700000000001,0.0,0.0,-2.602,350.0786,0.0,0.0,6.548,0,3.0,0.975,310.005,-1.1629,34.68,0.0,257.832,0.0,0
46593,-1.5350000000000001,67.62700000000001,0.0,0.0,-2.602,350.0786,0.0,0.0,6.558000000000001,0,2.0,1.085,310.14000000000004,4.8580000000000005,36.45,0.0,257.832,0.0,0
46593,-1.8760000000000001,67.62700000000001,0.0,0.0,-2.602,350.0786,0.0,0.0,6.567,0,2.0,1.02,310.14000000000004,4.923900000000001,36.660000000000004,0.0,257.832,0.0,0
46593,-2.0460000000000003,67.62700000000001,0.0,0.0,-2.602,350.0786,0.0,0.0,6.577,0,1.0,1.095,310.005,-1.7568000000000001,35.94,0.0,257.832,0.0,0
46593,-1.705,67.62700000000001,0.0,0.0,-2.602,350.0786,0.0,0.0,6.5920000000000005,0,0.0,1.08,310.14000000000004,-5.5425,35.160000000000004,0.0,257.832,0.0,0
46593,-1.8760000000000001,67.62700000000001,0.0,0.0,-2.602,350.0786,0.0,0.0,6.602,0,0.0,1.09,310.005,0.2227,34.800000000000004,0.0,257.832,0.0,0
46593,-1.8760000000000001,67.62700000000001,0.0,0.0,-2.602,350.0786,0.0,0.0,6.602,0,0.0,1.08,310.005,0.39590000000000003,34.83,0.0,257.832,0.0,0
46593,-1.8760000000000001,67.62700000000001,0.0,0.0,-2.602,350.0786,0.0,0.0,6.611000000000001,0,0.0,1.11,310.14000000000004,0.6928000000000001,35.31,0.0,257.832,0.0,0
46593,-1.705,67.62700000000001,0.0,0.0,-2.602,350.0786,0.0,0.0,6.621,0,0.0,1.27,310.005,-3.563,35.61,0.0,257.832,0.0,0
46593,-1.705,67.62700000000001,0.0,0.0,-2.602,350.0786,0.0,0.0,6.631,0,0.0,1.245,310.005,0.5279,35.94,0.0,257.832,0.0,0
46593,-2.0460000000000003,67.62700000000001,0.0,0.0,-2.602,350.0786,0.0,0.0,6.641,0,1.0,1.375,310.005,-2.1114,34.89,0.0,257.832,0.0,0
46593,-2.0460000000000003,67.62700000000001,0.0,0.0,-2.602,350.0786,0.0,0.0,6.65,0,1.0,1.295,310.14000000000004,5.4435,33.660000000000004,0.0,257.832,0.0,0
46593,-1.8760000000000001,67.62700000000001,0.0,0.0,-2.602,350.0786,0.0,0.0,6.66,0,0.0,1.37,310.005,1.1877,33.21,0.0,257.832,0.0,0
46593,-1.705,67.62700000000001,0.0,0.0,-2.602,350.0786,0.0,0.0,6.67,0,0.0,1.52,310.005,-5.806500000000001,33.75,0.0,257.832,0.0,0
46593,-2.0460000000000003,67.62700000000001,0.0,0.0,-2.602,350.0786,0.0,0.0,6.680000000000001,0,0.0,1.575,310.14000000000004,0.2639,34.83,0.0,257.832,0.0,0
46593,-1.8760000000000001,67.62700000000001,0.0,0.0,-2.602,350.0786,0.0,0.0,6.689,0,1.0,1.67,310.005,6.334300000000001,36.39,0.0,257.832,0.0,0
46593,-1.705,67.62700000000001,0.0,0.0,-2.602,350.0786,0.0,0.0,6.699000000000001,0,2.0,1.76,310.005,-1.1877,36.87,0.0,257.832,0.0,0
46593,-1.705,67.62700000000001,0.0,0.0,-2.602,350.0786,0.0,0.0,6.7090000000000005,0,0.0,1.74,310.005,-3.8600000000000003,37.26,0.0,257.832,0.0,0
46593,-1.5350000000000001,67.62700000000001,0.0,0.0,-2.602,350.0786,0.0,0.0,6.719,0,0.0,1.86,310.14000000000004,2.3754,36.24,0.0,257.832,0.0,0
46593,-2.217,67.62700000000001,0.0,0.0,-2.602,350.0786,0.0,0.0,6.729,0,0.0,1.915,310.14000000000004,1.2207000000000001,35.34,0.0,257.832,0.0,0
46593,-1.5350000000000001,67.62700000000001,0.0,0.0,-2.602,350.0786,0.0,0.0,6.738,0,0.0,1.9100000000000001,310.14000000000004,3.4311000000000003,34.5,0.0,257.832,0.0,0
46593,-1.5350000000000001,67.62700000000001,0.0,0.0,-2.602,350.0786,0.0,0.0,6.748,0,0.0,1.94,310.14000000000004,-1.5836000000000001,35.1,0.0,257.832,0.0,0
46593,-2.0460000000000003,67.62700000000001,0.0,0.0,-2.602,350.0786,0.0,0.0,6.758,0,1.0,1.87,310.005,-3.0352,35.01,0.0,257.832,0.0,0
46593,-1.705,67.62700000000001,0.0,0.0,-2.602,350.0786,0.0,0.0,6.772,0,0.0,1.93,309.915,-2.2104,34.56,0.0,257.832,0.0,0
46593,-2.0460000000000003,67.62700000000001,0.0,0.0,-2.602,350.0786,0.0,0.0,6.782,0,0.0,1.9000000000000001,310.005,-3.563,34.5,0.0,257.832,0.0,0
46593,-1.8760000000000001,67.62700000000001,0.0,0.0,-2.602,350.0786,0.0,0.0,6.792000000000001,0,0.0,1.945,310.005,0.5279,34.2,0.0,257.832,0.0,0
46593,-1.705,67.62700000000001,0.0,0.0,-2.602,350.0786,0.0,0.0,6.8020000000000005,0,0.0,1.76,310.14000000000004,3.2991,33.42,0.0,257.832,0.0,0
46593,-1.5350000000000001,67.62700000000001,0.0,0.0,-2.602,350.0786,0.0,0.0,6.812,0,-1.0,1.85,309.915,-0.19790000000000002,34.17,0.0,257.832,0.0,0
46593,-2.0460000000000003,67.62700000000001,0.0,0.0,-2.602,350.0786,0.0,0.0,6.821000000000001,0,1.0,1.675,310.005,-0.6598,35.160000000000004,0.0,257.832,0.0,0
46593,-2.0460000000000003,67.62700000000001,0.0,0.0,-2.602,350.0786,0.0,0.0,6.831,0,1.0,1.75,310.14000000000004,2.9032,36.0,0.0,257.832,0.0,0
46593,-1.8760000000000001,67.62700000000001,0.0,0.0,-2.602,350.0786,0.0,0.0,6.841,0,1.0,1.73,310.005,5.4106000000000005,36.660000000000004,0.0,257.832,0.0,0
46593,-1.8760000000000001,67.62700000000001,0.0,0.0,-2.602,350.0786,0.0,0.0,6.851,0,0.0,1.72,310.005,-3.4311000000000003,36.51,0.0,257.832,0.0,0
46593,-1.8760000000000001,67.62700000000001,0.0,0.0,-2.602,350.0786,0.0,0.0,6.865,0,0.0,1.49,310.005,-2.5073000000000003,36.81,0.0,257.832,0.0,0
46593,-1.8760000000000001,67.62700000000001,0.0,0.0,-2.602,350.0786,0.0,0.0,6.875,0,0.0,1.625,310.005,3.1672000000000002,35.46,0.0,257.832,0.0,0
46593,-2.0460000000000003,67.62700000000001,0.0,0.0,-2.602,350.0786,0.0,0.0,6.885000000000001,0,0.0,1.45,310.14000000000004,2.3754,34.53,0.0,257.832,0.0,0
46593,-1.705,67.62700000000001,0.0,0.0,-2.602,350.0786,0.0,0.0,6.8950000000000005,0,0.0,1.3900000000000001,310.005,0.7918000000000001,34.02,0.0,257.832,0.0,0
46593,-1.705,67.62700000000001,0.0,0.0,-2.602,350.0786,0.0,0.0,6.904,0,0.0,1.425,309.915,-2.6393,34.86,0.0,257.832,0.0,0
46593,-2.217,67.62700000000001,0.0,0.0,-2.602,350.0786,0.0,0.0,6.904,0,0.0,1.44,310.14000000000004,-2.5321000000000002,34.92,0.0,257.832,0.0,0
46593,-1.705,67.62700000000001,0.0,0.0,-2.602,350.0786,0.0,0.0,6.914000000000001,0,0.0,1.395,310.14000000000004,0.39590000000000003,34.410000000000004,0.0,257.832,0.0,0
46593,-1.5350000000000001,67.62700000000001,0.0,0.0,-2.602,350.0786,0.0,0.0,6.929,0,0.0,1.415,310.14000000000004,1.6908,34.08,0.0,257.832,0.0,0
46593,-1.5350000000000001,67.62700000000001,0.0,0.0,-2.602,350.0786,0.0,0.0,6.938000000000001,0,0.0,1.2550000000000001,310.14000000000004,0.2887,34.5,0.0,257.832,0.0,0
46593,-1.8760000000000001,67.62700000000001,0.0,0.0,-2.602,350.0786,0.0,0.0,6.948,0,0.0,1.2750000000000001,310.005,-3.9342,35.01,0.0,257.832,0.0,0
46593,-2.0460000000000003,67.62700000000001,0.0,0.0,-2.602,350.0786,0.0,0.0,6.958,0,1.0,1.2550000000000001,310.14000000000004,-1.4104,35.61,0.0,257.832,0.0,0
46593,-2.0460000000000003,67.62700000000001,0.0,0.0,-2.602,350.0786,0.0,0.0,6.968,0,2.0,1.245,310.005,-1.1629,36.6,0.0,257.832,0.0,0
46593,-1.5350000000000001,67.62700000000001,0.0,0.0,-2.602,350.0786,0.0,0.0,6.978000000000001,0,2.0,1.2,310.005,-0.9897,37.5,0.0,257.832,0.0,0
46593,-2.217,67.62700000000001,0.0,0.0,-2.602,350.0786,0.0,0.0,6.987,0,2.0,1.405,310.005,2.2022,37.800000000000004,0.0,257.832,0.0,0
46593,-1.8760000000000001,67.62700000000001,0.0,0.0,-2.602,350.0786,0.0,0.0,6.997000000000001,0,0.0,1.36,310.005,0.39590000000000003,36.96,0.0,257.832,0.0,0
46593,-1.8760000000000001,67.62700000000001,0.0,0.0,-2.602,350.0786,0.0,0.0,7.007000000000001,0,0.0,1.43,310.005,-2.1774,36.03,0.0,257.832,0.0,0
46593,-1.8760000000000001,67.62700000000001,0.0,0.0,-2.602,350.0786,0.0,0.0,7.017,0,0.0,1.44,310.005,2.1362,35.22,0.0,257.832,0.0,0
46593,-2.0460000000000003,67.62700000000001,0.0,0.0,-2.602,350.0786,0.0,0.0,7.026000000000001,0,0.0,1.585,309.915,2.3259000000000003,34.71,0.0,257.832,0.0,0
46593,-1.705,67.62700000000001,0.0,0.0,-2.602,350.0786,0.0,0.0,7.0360000000000005,0,0.0,1.58,310.005,-2.8785000000000003,33.63,0.0,257.832,0.0,0
46593,-1.705,67.62700000000001,0.0,0.0,-2.602,350.0786,0.0,0.0,7.046,0,0.0,1.72,310.005,-0.9897,34.2,0.0,257.832,0.0,0
46593,-1.705,67.62700000000001,0.0,0.0,-2.602,350.0786,0.0,0.0,7.056,0,0.0,1.7550000000000001,310.005,0.9485,35.07,0.0,257.832,0.0,0
46593,-2.0460000000000003,67.62700000000001,0.0,0.0,-2.602,350.0786,0.0,0.0,7.065,0,0.0,1.84,310.005,0.0,35.88,0.0,257.832,0.0,0
46593,-1.8760000000000001,67.62700000000001,0.0,0.0,-2.602,350.0786,0.0,0.0,7.075,0,0.0,1.83,310.005,2.1774,36.78,0.0,257.832,0.0,0
46593,-1.8760000000000001,67.62700000000001,0.0,0.0,-2.602,350.0786,0.0,0.0,7.085,0,0.0,1.92,310.14000000000004,-1.9382000000000001,36.9,0.0,257.832,0.0,0
46593,-2.217,67.62700000000001,0.0,0.0,-2.602,350.0786,0.0,0.0,7.095000000000001,0,1.0,1.975,310.14000000000004,1.4929000000000001,36.63,0.0,257.832,0.0,0
46593,-1.8760000000000001,67.62700000000001,0.0,0.0,-2.602,350.0786,0.0,0.0,7.104,0,2.0,2.07,309.915,4.833200000000001,36.12,0.0,257.832,0.0,0
46593,-1.5350000000000001,67.62700000000001,0.0,0.0,-2.602,350.0786,0.0,0.0,7.114000000000001,0,2.0,2.195,310.005,-3.3816,36.0,0.0,257.832,0.0,0
46593,-1.705,67.62700000000001,0.0,0.0,-2.602,350.0786,0.0,0.0,7.1240000000000006,0,1.0,2.16,310.14000000000004,-2.3754,36.9,0.0,257.832,0.0,0
46593,-2.0460000000000003,67.62700000000001,0.0,0.0,-2.602,350.0786,0.0,0.0,7.139,0,0.0,2.19,310.005,0.8825000000000001,36.75,0.0,257.832,0.0,0
46593,-1.8760000000000001,67.62700000000001,0.0,0.0,-2.602,350.0786,0.0,0.0,7.148000000000001,0,0.0,2.21,310.005,-0.7258,36.78,0.0,257.832,0.0,0
46593,-2.217,67.62700000000001,0.0,0.0,-2.602,350.0786,0.0,0.0,7.158,0,0.0,2.245,310.14000000000004,2.9445,35.85,0.0,257.832,0.0,0
46593,-1.705,67.62700000000001,0.0,0.0,-2.602,350.0786,0.0,0.0,7.168,0,0.0,2.215,310.14000000000004,6.3096000000000005,35.01,0.0,257.832,0.0,0
46593,-1.705,67.62700000000001,0.0,0.0,-2.602,350.0786,0.0,0.0,7.178,0,0.0,2.185,310.005,-0.9897,33.93,0.0,257.832,0.0,0
46593,-1.705,67.62700000000001,0.0,0.0,-2.602,350.0786,0.0,0.0,7.188000000000001,0,0.0,2.23,310.005,-1.9547,34.410000000000004,0.0,257.832,0.0,0
46593,-1.8760000000000001,67.62700000000001,0.0,0.0,-2.602,350.0786,0.0,0.0,7.197,0,0.0,2.1,310.005,-2.9445,34.410000000000004,0.0,257.832,0.0,0
46593,-1.705,67.62700000000001,0.0,0.0,-2.602,350.0786,0.0,0.0,7.207000000000001,0,0.0,2.15,310.14000000000004,-2.7960000000000003,35.550000000000004,0.0,257.832,0.0,0
46593,-1.705,67.62700000000001,0.0,0.0,-2.602,350.0786,0.0,0.0,7.2170000000000005,0,1.0,2.11,310.005,0.6186,36.45,0.0,257.832,0.0,0
46593,-1.705,67.62700000000001,0.0,0.0,-2.602,350.0786,0.0,0.0,7.227,0,0.0,2.07,310.14000000000004,-1.5423,36.87,0.0,257.832,0.0,0
46593,-2.0460000000000003,67.62700000000001,0.0,0.0,-2.602,350.0786,0.0,0.0,7.2410000000000005,0,1.0,1.95,310.005,-1.5836000000000001,36.63,0.0,257.832,0.0,0
46593,-1.8760000000000001,67.62700000000001,0.0,0.0,-2.602,350.0786,0.0,0.0,7.2410000000000005,0,1.0,1.98,310.005,-1.8475000000000001,36.69,0.0,257.832,0.0,0
46593,-1.8760000000000001,67.62700000000001,0.0,0.0,-2.602,350.0786,0.0,0.0,7.251,0,0.0,1.8800000000000001,310.005,4.2229,36.75,0.0,257.832,0.0,0
46593,-1.8760000000000001,67.62700000000001,0.0,0.0,-2.602,350.0786,0.0,0.0,7.261,0,2.0,1.905,310.005,-2.7713,36.45,0.0,257.832,0.0,0
46593,-1.705,67.62700000000001,0.0,0.0,-2.602,350.0786,0.0,0.0,7.271,0,1.0,1.835,310.14000000000004,-2.4743,36.12,0.0,257.832,0.0,0
46593,-1.705,67.62700000000001,0.0,0.0,-2.602,350.0786,0.0,0.0,7.28,0,0.0,1.845,310.005,2.5073000000000003,35.730000000000004,0.0,257.832,0.0,0
46593,-1.705,67.62700000000001,0.0,0.0,-2.602,350.0786,0.0,0.0,7.29,0,0.0,1.735,309.915,-1.5176,34.95,0.0,257.832,0.0,0
46593,-1.705,67.62700000000001,0.0,0.0,-2.602,350.0786,0.0,0.0,7.305000000000001,0,0.0,1.76,310.005,-5.938400000000001,34.47,0.0,257.832,0.0,0
46593,-1.5350000000000001,67.62700000000001,0.0,0.0,-2.602,350.0786,0.0,0.0,7.314,0,1.0,1.71,310.14000000000004,-0.3629,34.74,0.0,257.832,0.0,0
46593,-1.8760000000000001,67.62700000000001,0.0,0.0,-2.602,350.0786,0.0,0.0,7.324000000000001,0,0.0,1.6600000000000001,309.915,1.1877,35.22,0.0,257.832,0.0,0
46593,-1.5350000000000001,67.62700000000001,0.0,0.0,-2.602,350.0786,0.0,0.0,7.3340000000000005,0,1.0,1.745,310.14000000000004,1.7485000000000002,35.550000000000004,0.0,257.832,0.0,0
46593,-1.364,67.62700000000001,0.0,0.0,-2.602,350.0786,0.0,0.0,7.344,0,0.0,1.67,309.915,-4.3548,36.480000000000004,0.0,257.832,0.0,0
46593,-1.705,67.62700000000001,0.0,0.0,-2.602,350.0786,0.0,0.0,7.354,0,0.0,1.595,310.005,-0.3299,37.53,0.0,257.832,0.0,0
46593,-1.5350000000000001,67.62700000000001,0.0,0.0,-2.602,350.0786,0.0,0.0,7.363,0,0.0,1.705,310.14000000000004,2.5073000000000003,37.17,0.0,257.832,0.0,0
46593,-1.5350000000000001,67.62700000000001,0.0,0.0,-2.602,350.0786,0.0,0.0,7.373,0,0.0,1.6600000000000001,310.14000000000004,0.6268,36.15,0.0,257.832,0.0,0
46593,-1.5350000000000001,67.62700000000001,0.0,0.0,-2.602,350.0786,0.0,0.0,7.383,0,0.0,1.6,310.14000000000004,3.0352,36.09,0.0,257.832,0.0,0
46593,-1.705,67.62700000000001,0.0,0.0,-2.602,350.0786,0.0,0.0,7.397,0,0.0,1.6400000000000001,310.005,0.099,36.33,0.0,257.832,0.0,0
46593,-1.8760000000000001,67.62700000000001,0.0,0.0,-2.602,350.0786,0.0,0.0,7.407,0,2.0,1.7,310.005,-3.9589000000000003,36.54,0.0,257.832,0.0,0
46593,-1.705,67.62700000000001,0.0,0.0,-2.602,350.0786,0.0,0.0,7.417000000000001,0,0.0,1.6300000000000001,310.14000000000004,0.0,36.6,0.0,257.832,0.0,0
46593,-1.8760000000000001,67.62700000000001,0.0,0.0,-2.602,350.0786,0.0,0.0,7.4270000000000005,0,2.0,1.73,310.005,1.1877,35.550000000000004,0.0,257.832,0.0,0
46593,-1.5350000000000001,67.62700000000001,0.0,0.0,-2.602,350.0786,0.0,0.0,7.437,0,2.0,1.8,309.915,-0.19790000000000002,34.2,0.0,257.832,0.0,0
46593,-1.5350000000000001,67.62700000000001,0.0,0.0,-2.602,350.0786,0.0,0.0,7.446000000000001,0,1.0,1.74,310.005,-3.9589000000000003,34.35,0.0,257.832,0.0,0
46593,-1.5350000000000001,67.62700000000001,0.0,0.0,-2.602,350.0786,0.0,0.0,7.456,0,0.0,1.83,310.005,-0.2639,33.87,0.0,257.832,0.0,0
46593,-2.0460000000000003,67.62700000000001,0.0,0.0,-2.602,350.0786,0.0,0.0,7.466,0,0.0,1.895,310.005,3.4311000000000003,34.65,0.0,257.832,0.0,0
46593,-1.5350000000000001,67.62700000000001,0.0,0.0,-2.602,350.0786,0.0,0.0,7.476,0,0.0,1.9000000000000001,310.14000000000004,1.4846000000000001,36.480000000000004,0.0,257.832,0.0,0
46593,-1.5350000000000001,67.62700000000001,0.0,0.0,-2.602,350.0786,0.0,0.0,7.485,0,0.0,1.915,310.005,1.5836000000000001,38.52,0.0,257.832,0.0,0
46593,-1.705,67.62700000000001,0.0,0.0,-2.602,350.0786,0.0,0.0,7.495,0,0.0,1.94,310.005,-2.3754,38.37,0.0,257.832,0.0,0
46593,-1.5350000000000001,67.62700000000001,0.0,0.0,-2.602,350.0786,0.0,0.0,7.505000000000001,0,0.0,2.055,310.23,-1.4516,37.86,0.0,257.832,0.0,0
46593,-1.705,67.62700000000001,0.0,0.0,-2.602,350.0786,0.0,0.0,7.515000000000001,0,1.0,2.165,310.005,-0.2639,36.51,0.0,257.832,0.0,0
46593,-1.5350000000000001,67.62700000000001,0.0,0.0,-2.602,350.0786,0.0,0.0,7.524,0,0.0,2.27,310.14000000000004,1.8475000000000001,35.67,0.0,257.832,0.0,0
46593,-1.8760000000000001,67.62700000000001,0.0,0.0,-2.602,350.0786,0.0,0.0,7.534000000000001,0,1.0,2.36,310.14000000000004,3.2331000000000003,35.4,0.0,257.832,0.0,0
46593,-1.8760000000000001,67.62700000000001,0.0,0.0,-2.602,350.0786,0.0,0.0,7.5440000000000005,0,0.0,2.445,310.23,5.0147,35.22,0.0,257.832,0.0,0
46593,-1.705,67.62700000000001,0.0,0.0,-2.602,350.0786,0.0,0.0,7.5440000000000005,0,1.0,2.38,309.915,3.5795000000000003,35.25,0.0,257.832,0.0,0
46593,-2.0460000000000003,67.62700000000001,0.0,0.0,-2.602,350.0786,0.0,0.0,7.554,0,1.0,2.4050000000000002,310.005,-1.2949000000000002,35.28,0.0,257.832,0.0,0
46593,-1.705,67.62700000000001,0.0,0.0,-2.602,350.0786,0.0,0.0,7.563000000000001,0,1.0,2.375,310.14000000000004,-0.5279,35.34,0.0,257.832,0.0,0
46593,-2.0460000000000003,67.62700000000001,0.0,0.0,-2.602,350.0786,0.0,0.0,7.573,0,1.0,2.46,310.005,-0.8165,34.65,0.0,257.832,0.0,0
46593,-1.705,67.62700000000001,0.0,0.0,-2.602,350.0786,0.0,0.0,7.588,0,0.0,2.49,310.23,-2.0207,34.44,0.0,257.832,0.0,0
46593,-1.8760000000000001,67.62700000000001,0.0,0.0,-2.602,350.0786,0.0,0.0,7.598000000000001,0,0.0,2.44,310.14000000000004,2.4413,34.77,0.0,257.832,0.0,0
46593,-1.705,67.62700000000001,0.0,0.0,-2.602,350.0786,0.0,0.0,7.607,0,0.0,2.415,310.005,3.2331000000000003,36.54,0.0,257.832,0.0,0
46593,-1.705,67.62700000000001,0.0,0.0,-2.602,350.0786,0.0,0.0,7.617,0,0.0,2.365,310.005,-3.2991,36.99,0.0,257.832,0.0,0
46593,-1.705,67.62700000000001,0.0,0.0,-2.602,350.0786,0.0,0.0,7.627000000000001,0,0.0,2.3850000000000002,310.14000000000004,-1.5836000000000001,37.29,0.0,257.832,0.0,0
46593,-1.8760000000000001,67.62700000000001,0.0,0.0,-2.602,350.0786,0.0,0.0,7.6370000000000005,0,0.0,2.305,310.005,1.5836000000000001,36.480000000000004,0.0,257.832,0.0,0
46593,-1.705,67.62700000000001,0.0,0.0,-2.602,350.0786,0.0,0.0,7.646000000000001,0,1.0,2.255,310.14000000000004,2.5486,35.13,0.0,257.832,0.0,0
46593,-1.705,67.62700000000001,0.0,0.0,-2.602,350.0786,0.0,0.0,7.656000000000001,0,2.0,2.315,310.14000000000004,-0.42060000000000003,35.31,0.0,257.832,0.0,0
46593,-1.705,67.62700000000001,0.0,0.0,-2.602,350.0786,0.0,0.0,7.666,0,1.0,2.33,310.14000000000004,-5.3033,35.910000000000004,0.0,257.832,0.0,0
46593,-1.5350000000000001,67.62700000000001,0.0,0.0,-2.602,350.0786,0.0,0.0,7.681,0,1.0,2.22,310.005,-3.2084,36.18,0.0,257.832,0.0,0
46593,-2.217,67.62700000000001,0.0,0.0,-2.602,350.0786,0.0,0.0,7.69,0,1.0,2.295,310.005,1.4104,35.43,0.0,257.832,0.0,0
46593,-1.705,67.62700000000001,0.0,0.0,-2.602,350.0786,0.0,0.0,7.7,0,1.0,2.1550000000000002,310.14000000000004,-0.1072,34.65,0.0,257.832,0.0,0
46593,-1.8760000000000001,67.62700000000001,0.0,0.0,-2.602,350.0786,0.0,0.0,7.71,0,0.0,2.045,310.005,0.5938,34.32,0.0,257.832,0.0,0
46593,-1.705,67.62700000000001,0.0,0.0,-2.602,350.0786,0.0,0.0,7.720000000000001,0,0.0,1.98,310.005,0.9897,34.47,0.0,257.832,0.0,0
46593,-1.705,67.62700000000001,0.0,0.0,-2.602,350.0786,0.0,0.0,7.729,0,0.0,1.95,310.005,-1.5588000000000002,34.86,0.0,257.832,0.0,0
46593,-1.8760000000000001,67.62700000000001,0.0,0.0,-2.602,350.0786,0.0,0.0,7.739000000000001,0,0.0,1.8800000000000001,310.14000000000004,3.1424000000000003,35.85,0.0,257.832,0.0,0
46593,-1.705,67.62700000000001,0.0,0.0,-2.602,350.0786,0.0,0.0,7.7540000000000004,0,0.0,1.7750000000000001,310.14000000000004,-0.6186,36.480000000000004,0.0,257.832,0.0,0
46593,-1.8760000000000001,67.62700000000001,0.0,0.0,-2.602,350.0786,0.0,0.0,7.764,0,0.0,1.85,310.005,0.1567,36.42,0.0,257.832,0.0,0
46593,-1.8760000000000001,67.62700000000001,0.0,0.0,-2.602,350.0786,0.0,0.0,7.764,0,0.0,1.82,310.005,0.2639,36.300000000000004,0.0,257.832,0.0,0
46593,-1.8760000000000001,67.62700000000001,0.0,0.0,-2.602,350.0786,0.0,0.0,7.773000000000001,0,0.0,1.8,310.005,-0.6928000000000001,36.15,0.0,257.832,0.0,0
46593,-1.8760000000000001,67.62700000000001,0.0,0.0,-2.602,350.0786,0.0,0.0,7.783,0,0.0,1.805,310.14000000000004,-2.6393,36.21,0.0,257.832,0.0,0
46593,-1.705,67.62700000000001,0.0,0.0,-2.602,350.0786,0.0,0.0,7.793,0,0.0,1.805,310.005,1.8475000000000001,35.85,0.0,257.832,0.0,0
46593,-1.5350000000000001,67.62700000000001,0.0,0.0,-2.602,350.0786,0.0,0.0,7.803,0,1.0,1.7,310.005,-0.7918000000000001,35.76,0.0,257.832,0.0,0
46593,-2.0460000000000003,67.62700000000001,0.0,0.0,-2.602,350.0786,0.0,0.0,7.813000000000001,0,0.0,1.68,310.14000000000004,0.7918000000000001,35.1,0.0,257.832,0.0,0
46593,-1.8760000000000001,67.62700000000001,0.0,0.0,-2.602,350.0786,0.0,0.0,7.822,0,2.0,1.81,310.005,3.563,33.81,0.0,257.832,0.0,0
46593,-1.705,67.62700000000001,0.0,0.0,-2.602,350.0786,0.0,0.0,7.832000000000001,0,0.0,1.805,309.915,-1.7815,33.69,0.0,257.832,0.0,0
46593,-2.217,67.62700000000001,0.0,0.0,-2.602,350.0786,0.0,0.0,7.847,0,2.0,1.895,310.14000000000004,-3.1672000000000002,33.42,0.0,257.832,0.0,0
46593,-1.8760000000000001,67.62700000000001,0.0,0.0,-2.602,350.0786,0.0,0.0,7.856000000000001,0,1.0,1.98,310.005,0.5279,34.02,0.0,257.832,0.0,0
46593,-1.8760000000000001,67.62700000000001,0.0,0.0,-2.602,350.0786,0.0,0.0,7.8660000000000005,0,2.0,2.045,310.005,0.2639,35.46,0.0,257.832,0.0,0
46593,-1.705,67.62700000000001,0.0,0.0,-2.602,350.0786,0.0,0.0,7.876,0,0.0,2.085,310.14000000000004,1.5836000000000001,36.72,0.0,257.832,0.0,0
46593,-1.8760000000000001,67.62700000000001,0.0,0.0,-2.602,350.0786,0.0,0.0,7.886,0,0.0,2.095,310.14000000000004,3.9589000000000003,37.5,0.0,257.832,0.0,0
46593,-1.705,67.62700000000001,0.0,0.0,-2.602,350.0786,0.0,0.0,7.896000000000001,0,0.0,2.18,310.14000000000004,-4.0579,37.410000000000004,0.0,257.832,0.0,0
46593,-1.5350000000000001,67.62700000000001,0.0,0.0,-2.602,350.0786,0.0,0.0,7.905,0,0.0,2.3000000000000003,310.14000000000004,1.7155,36.72,0.0,257.832,0.0,0
46593,-2.217,67.62700000000001,0.0,0.0,-2.602,350.0786,0.0,0.0,7.915,0,0.0,2.275,310.005,-0.4289,35.550000000000004,0.0,257.832,0.0,0
46593,-1.5350000000000001,67.62700000000001,0.0,0.0,-2.602,350.0786,0.0,0.0,7.925000000000001,0,0.0,2.38,310.14000000000004,-1.1877,35.37,0.0,257.832,0.0,0
46593,-2.0460000000000003,67.62700000000001,0.0,0.0,-2.602,350.0786,0.0,0.0,7.9350000000000005,0,1.0,2.36,310.14000000000004,2.3754,34.95,0.0,257.832,0.0,0
46593,-2.217,67.62700000000001,0.0,0.0,-2.602,350.0786,0.0,0.0,7.944,0,0.0,2.505,310.005,-3.6950000000000003,35.31,0.0,257.832,0.0,0
46593,-1.705,67.62700000000001,0.0,0.0,-2.602,350.0786,0.0,0.0,7.954000000000001,0,1.0,2.47,310.005,-2.0125,34.95,0.0,257.832,0.0,0
46593,-1.705,67.62700000000001,0.0,0.0,-2.602,350.0786,0.0,0.0,7.964,0,1.0,2.52,310.005,-2.1114,34.56,0.0,257.832,0.0,0
46593,-1.705,67.62700000000001,0.0,0.0,-2.602,350.0786,0.0,0.0,7.974,0,1.0,2.545,310.14000000000004,-0.099,34.86,0.0,257.832,0.0,0
46593,-1.5350000000000001,67.62700000000001,0.0,0.0,-2.602,350.0786,0.0,0.0,7.9830000000000005,0,1.0,2.65,310.005,3.563,34.86,0.0,257.832,0.0,0
46593,-1.5350000000000001,67.62700000000001,0.0,0.0,-2.602,350.0786,0.0,0.0,7.993,0,0.0,2.63,310.005,1.5836000000000001,35.19,0.0,257.832,0.0,0
46593,-1.8760000000000001,67.62700000000001,0.0,0.0,-2.602,350.0786,0.0,0.0,8.003,0,0.0,2.63,310.005,-2.7713,36.27,0.0,257.832,0.0,0
46593,-1.5350000000000001,67.62700000000001,0.0,0.0,-2.602,350.0786,0.0,0.0,8.013,0,0.0,2.6,309.915,-3.3651,36.27,0.0,257.832,0.0,0
46593,-1.5350000000000001,67.62700000000001,0.0,0.0,-2.602,350.0786,0.0,0.0,8.022,0,0.0,2.585,309.915,-5.0147,36.21,0.0,257.832,0.0,0
46593,-1.5350000000000001,67.62700000000001,0.0,0.0,-2.602,350.0786,0.0,0.0,8.032,0,0.0,2.56,310.005,-3.9589000000000003,36.18,0.0,257.832,0.0,0
46593,-1.705,67.62700000000001,0.0,0.0,-2.602,350.0786,0.0,0.0,8.047,0,0.0,2.525,310.14000000000004,5.1466,36.06,0.0,257.832,0.0,0
46593,-1.5350000000000001,67.62700000000001,0.0,0.0,-2.602,350.0786,0.0,0.0,8.057,0,0.0,2.47,310.005,2.8372,35.910000000000004,0.0,257.832,0.0,0
46593,-2.0460000000000003,67.62700000000001,0.0,0.0,-2.602,350.0786,0.0,0.0,8.066,0,0.0,2.215,310.005,-1.1877,35.82,0.0,257.832,0.0,0
46593,-1.705,67.62700000000001,0.0,0.0,-2.602,350.0786,0.0,0.0,8.066,0,-1.0,2.32,310.14000000000004,-0.6186,35.82,0.0,257.832,0.0,0
46593,-1.5350000000000001,67.62700000000001,0.0,0.0,-2.602,350.0786,0.0,0.0,8.076,0,0.0,2.475,309.915,-0.8165,35.13,0.0,257.832,0.0,0
46593,-1.705,67.62700000000001,0.0,0.0,-2.602,350.0786,0.0,0.0,8.086,0,1.0,2.27,310.005,-1.2537,34.11,0.0,257.832,0.0,0
46593,-1.8760000000000001,67.62700000000001,0.0,0.0,-2.602,350.0786,0.0,0.0,8.101,0,1.0,2.215,310.14000000000004,0.23920000000000002,33.69,0.0,257.832,0.0,0
46593,-1.5350000000000001,67.62700000000001,0.0,0.0,-2.602,350.0786,0.0,0.0,8.110000000000001,0,0.0,2.085,310.005,3.8105,33.78,0.0,257.832,0.0,0
46593,-1.705,67.62700000000001,0.0,0.0,-2.602,350.0786,0.0,0.0,8.120000000000001,0,1.0,1.955,310.005,-0.2639,34.89,0.0,257.832,0.0,0
46593,-1.705,67.62700000000001,0.0,0.0,-2.602,350.0786,0.0,0.0,8.13,0,0.0,1.875,310.005,-3.8022,35.7,0.0,257.832,0.0,0
46593,-1.705,67.62700000000001,0.0,0.0,-2.602,350.0786,0.0,0.0,8.14,0,0.0,1.875,310.005,-1.1629,36.93,0.0,257.832,0.0,0
46593,-1.705,67.62700000000001,0.0,0.0,-2.602,350.0786,0.0,0.0,8.149000000000001,0,0.0,1.8800000000000001,310.14000000000004,1.6908,36.75,0.0,257.832,0.0,0
46593,-1.705,67.62700000000001,0.0,0.0,-2.602,350.0786,0.0,0.0,8.159,0,0.0,1.8800000000000001,309.915,2.6393,36.6,0.0,257.832,0.0,0
46593,-1.5350000000000001,67.62700000000001,0.0,0.0,-2.602,350.0786,0.0,0.0,8.174000000000001,0,0.0,1.805,310.14000000000004,2.2846,36.39,0.0,257.832,0.0,0
46593,-1.5350000000000001,67.62700000000001,0.0,0.0,-2.602,350.0786,0.0,0.0,8.184000000000001,0,0.0,1.805,310.005,-1.7155,35.52,0.0,257.832,0.0,0
46593,-1.705,67.62700000000001,0.0,0.0,-2.602,350.0786,0.0,0.0,8.193,0,0.0,1.73,310.005,1.2372,35.7,0.0,257.832,0.0,0
46593,-1.5350000000000001,67.62700000000001,0.0,0.0,-2.602,350.0786,0.0,0.0,8.203000000000001,0,0.0,1.645,309.915,-4.9734,36.09,0.0,257.832,0.0,0
46593,-1.705,67.62700000000001,0.0,0.0,-2.602,350.0786,0.0,0.0,8.213000000000001,0,0.0,1.77,310.14000000000004,0.5031,35.76,0.0,257.832,0.0,0
46593,-1.5350000000000001,67.62700000000001,0.0,0.0,-2.602,350.0786,0.0,0.0,8.223,0,0.0,1.7650000000000001,310.005,4.8167,35.34,0.0,257.832,0.0,0
46593,-2.0460000000000003,67.62700000000001,0.0,0.0,-2.602,350.0786,0.0,0.0,8.232000000000001,0,0.0,1.725,310.005,-0.28040000000000004,35.1,0.0,257.832,0.0,0
46593,-1.705,67.62700000000001,0.0,0.0,-2.602,350.0786,0.0,0.0,8.242,0,1.0,1.795,310.14000000000004,-3.563,34.230000000000004,0.0,257.832,0.0,0
46593,-1.5350000000000001,67.62700000000001,0.0,0.0,-2.602,350.0786,0.0,0.0,8.252,0,1.0,1.87,310.005,1.5176,34.74,0.0,257.832,0.0,0
46593,-1.8760000000000001,67.62700000000001,0.0,0.0,-2.602,350.0786,0.0,0.0,8.262,0,2.0,1.92,310.23,2.9115,35.64,0.0,257.832,0.0,0
46593,-1.705,67.62700000000001,0.0,0.0,-2.602,350.0786,0.0,0.0,8.271,0,2.0,1.865,310.14000000000004,-1.9135000000000002,36.78,0.0,257.832,0.0,0
46593,-1.705,67.62700000000001,0.0,0.0,-2.602,350.0786,0.0,0.0,8.281,0,1.0,1.965,310.005,1.9135000000000002,37.17,0.0,257.832,0.0,0
46593,-1.5350000000000001,67.62700000000001,0.0,0.0,-2.602,350.0786,0.0,0.0,8.291,0,1.0,2.04,309.915,-4.4951,37.02,0.0,257.832,0.0,0
46593,-1.5350000000000001,67.62700000000001,0.0,0.0,-2.602,350.0786,0.0,0.0,8.301,0,0.0,2.07,310.005,-5.2786,36.63,0.0,257.832,0.0,0
46593,-1.5350000000000001,67.62700000000001,0.0,0.0,-2.602,350.0786,0.0,0.0,8.311,0,0.0,2.125,310.14000000000004,1.1629,35.31,0.0,257.832,0.0,0
46593,-1.705,67.62700000000001,0.0,0.0,-2.602,350.0786,0.0,0.0,8.325000000000001,0,1.0,2.16,310.005,3.1012,35.79,0.0,257.832,0.0,0
46593,-1.364,67.62700000000001,0.0,0.0,-2.602,350.0786,0.0,0.0,8.335,0,0.0,2.25,310.005,1.9795,36.75,0.0,257.832,0.0,0
46593,-1.705,67.62700000000001,0.0,0.0,-2.602,350.0786,0.0,0.0,8.345,0,0.0,2.32,310.14000000000004,-1.2784,36.81,0.0,257.832,0.0,0
46593,-1.705,67.62700000000001,0.0,0.0,-2.602,350.0786,0.0,0.0,8.354000000000001,0,0.0,2.345,310.005,1.2537,35.88,0.0,257.832,0.0,0
46593,-1.705,67.62700000000001,0.0,0.0,-2.602,350.0786,0.0,0.0,8.364,0,0.0,2.42,310.005,1.4104,34.410000000000004,0.0,257.832,0.0,0
46593,-1.705,67.62700000000001,0.0,0.0,-2.602,350.0786,0.0,0.0,8.374,0,0.0,2.63,310.005,-1.5588000000000002,33.63,0.0,257.832,0.0,0
46593,-1.5350000000000001,67.62700000000001,0.0,0.0,-2.602,350.0786,0.0,0.0,8.374,0,1.0,2.555,310.005,-1.4846000000000001,33.660000000000004,0.0,257.832,0.0,0
46593,-1.705,67.62700000000001,0.0,0.0,-2.602,350.0786,0.0,0.0,8.384,0,1.0,2.4050000000000002,310.14000000000004,1.1877,34.14,0.0,257.832,0.0,0
46593,-1.705,67.62700000000001,0.0,0.0,-2.602,350.0786,0.0,0.0,8.394,0,1.0,2.54,310.005,-0.7918000000000001,35.85,0.0,257.832,0.0,0
46593,-1.705,67.62700000000001,0.0,0.0,-2.602,350.0786,0.0,0.0,8.403,0,1.0,2.565,310.14000000000004,1.5836000000000001,37.62,0.0,257.832,0.0,0
46593,-1.705,67.62700000000001,0.0,0.0,-2.602,350.0786,0.0,0.0,8.413,0,-1.0,2.545,309.915,-0.3629,38.31,0.0,257.832,0.0,0
46593,-1.8760000000000001,67.62700000000001,0.0,0.0,-2.602,350.0786,0.0,0.0,8.423,0,0.0,2.465,310.14000000000004,1.4516,38.160000000000004,0.0,257.832,0.0,0
46593,-1.5350000000000001,67.62700000000001,0.0,0.0,-2.602,350.0786,0.0,0.0,8.433,0,0.0,2.575,310.005,-0.165,36.96,0.0,257.832,0.0,0
46593,-1.5350000000000001,67.62700000000001,0.0,0.0,-2.602,350.0786,0.0,0.0,8.442,0,0.0,2.525,310.005,1.9795,36.09,0.0,257.832,0.0,0
46593,-1.5350000000000001,67.62700000000001,0.0,0.0,-2.602,350.0786,0.0,0.0,8.452,0,0.0,2.43,310.005,-2.8043,35.910000000000004,0.0,257.832,0.0,0
46593,-1.5350000000000001,67.62700000000001,0.0,0.0,-2.602,350.0786,0.0,0.0,8.467,0,0.0,2.5,310.005,0.0,35.64,0.0,257.832,0.0,0
46593,-1.5350000000000001,67.62700000000001,0.0,0.0,-2.602,350.0786,0.0,0.0,8.477,0,0.0,2.555,310.005,-1.0557,35.4,0.0,257.832,0.0,0
46593,-1.5350000000000001,67.62700000000001,0.0,0.0,-2.602,350.0786,0.0,0.0,8.486,0,1.0,2.44,310.005,0.2639,35.13,0.0,257.832,0.0,0
46593,-1.705,67.62700000000001,0.0,0.0,-2.602,350.0786,0.0,0.0,8.496,0,0.0,2.44,310.005,3.9589000000000003,34.08,0.0,257.832,0.0,0
46593,-1.5350000000000001,67.62700000000001,0.0,0.0,-2.602,350.0786,0.0,0.0,8.506,0,0.0,2.2800000000000002,310.005,0.39590000000000003,34.68,0.0,257.832,0.0,0
46593,-1.5350000000000001,67.62700000000001,0.0,0.0,-2.602,350.0786,0.0,0.0,8.516,0,0.0,2.3000000000000003,310.14000000000004,-0.099,35.43,0.0,257.832,0.0,0
46593,-1.705,67.62700000000001,0.0,0.0,-2.602,350.0786,0.0,0.0,8.525,0,0.0,2.195,310.005,1.1877,36.0,0.0,257.832,0.0,0
46593,-1.5350000000000001,67.62700000000001,0.0,0.0,-2.602,350.0786,0.0,0.0,8.530000000000001,0,1.0,2.275,310.005,0.5938,36.12,0.0,257.832,0.0,0
46593,-1.5350000000000001,67.62700000000001,0.0,0.0,-2.602,350.0786,0.0,0.0,8.540000000000001,0,1.0,2.24,310.005,0.9897,36.45,0.0,257.832,0.0,0
46593,-1.364,67.62700000000001,0.0,0.0,-2.602,350.0786,0.0,0.0,8.55,0,0.0,2.22,310.005,-1.5588000000000002,36.9,0.0,257.832,0.0,0
46593,-1.705,67.62700000000001,0.0,0.0,-2.602,350.0786,0.0,0.0,8.56,0,2.0,2.035,309.915,-0.4454,36.06,0.0,257.832,0.0,0
46593,-1.8760000000000001,67.62700000000001,0.0,0.0,-2.602,350.0786,0.0,0.0,8.569,0,0.0,2.075,310.005,-1.8475000000000001,35.49,0.0,257.832,0.0,0
46593,-1.705,67.62700000000001,0.0,0.0,-2.602,350.0786,0.0,0.0,8.579,0,1.0,2.11,310.005,-1.8887,35.25,0.0,257.832,0.0,0
46593,-1.5350000000000001,67.62700000000001,0.0,0.0,-2.602,350.0786,0.0,0.0,8.589,0,0.0,2.125,310.005,1.4351,35.88,0.0,257.832,0.0,0
46593,-1.705,67.62700000000001,0.0,0.0,-2.602,350.0786,0.0,0.0,8.599,0,0.0,2.06,310.005,-1.4516,35.4,0.0,257.832,0.0,0
46593,-1.5350000000000001,67.62700000000001,0.0,0.0,-2.602,350.0786,0.0,0.0,8.608,0,0.0,2.005,310.005,-0.132,35.31,0.0,257.832,0.0,0
46593,-1.705,67.62700000000001,0.0,0.0,-2.602,350.0786,0.0,0.0,8.623000000000001,0,0.0,1.8900000000000001,310.005,1.1877,35.34,0.0,257.832,0.0,0
46593,-1.364,67.62700000000001,0.0,0.0,-2.602,350.0786,0.0,0.0,8.633000000000001,0,1.0,2.065,310.005,0.0,34.410000000000004,0.0,257.832,0.0,0
46593,-1.5350000000000001,67.62700000000001,0.0,0.0,-2.602,350.0786,0.0,0.0,8.643,0,0.0,1.955,310.005,2.1774,33.99,0.0,257.832,0.0,0
46593,-1.5350000000000001,67.62700000000001,0.0,0.0,-2.602,350.0786,0.0,0.0,8.652000000000001,0,1.0,1.93,310.005,4.5528,34.02,0.0,257.832,0.0,0
46593,-1.705,67.62700000000001,0.0,0.0,-2.602,350.0786,0.0,0.0,8.662,0,2.0,1.985,310.14000000000004,-0.6846,35.1,0.0,257.832,0.0,0
46593,-1.5350000000000001,67.62700000000001,0.0,0.0,-2.602,350.0786,0.0,0.0,8.672,0,1.0,1.98,310.14000000000004,0.6351,36.81,0.0,257.832,0.0,0
46593,-1.8760000000000001,67.62700000000001,0.0,0.0,-2.602,350.0786,0.0,0.0,8.682,0,0.0,2.13,310.005,1.4104,38.34,0.0,257.832,0.0,0
46593,-1.5350000000000001,67.62700000000001,0.0,0.0,-2.602,350.0786,0.0,0.0,8.691,0,1.0,2.1,310.005,-4.1321,37.92,0.0,257.832,0.0,0
46593,-1.705,67.62700000000001,0.0,0.0,-2.602,350.0786,0.0,0.0,8.701,0,-1.0,2.075,310.14000000000004,0.9897,36.93,0.0,257.832,0.0,0
46593,-1.5350000000000001,67.62700000000001,0.0,0.0,-2.602,350.0786,0.0,0.0,8.711,0,0.0,2.165,310.005,5.5425,35.88,0.0,257.832,0.0,0
46593,-1.5350000000000001,67.62700000000001,0.0,0.0,-2.602,350.0786,0.0,0.0,8.721,0,0.0,2.16,310.005,-2.3754,35.22,0.0,257.832,0.0,0
46593,-1.5350000000000001,67.62700000000001,0.0,0.0,-2.602,350.0786,0.0,0.0,8.73,0,0.0,2.29,310.005,-6.9034,34.32,0.0,257.832,0.0,0
46593,-1.705,67.62700000000001,0.0,0.0,-2.602,350.0786,0.0,0.0,8.74,0,0.0,2.205,310.14000000000004,1.5176,33.99,0.0,257.832,0.0,0
46593,-1.5350000000000001,67.62700000000001,0.0,0.0,-2.602,350.0786,0.0,0.0,8.75,0,0.0,2.2600000000000002,310.005,6.796200000000001,33.660000000000004,0.0,257.832,0.0,0
46593,-1.5350000000000001,67.62700000000001,0.0,0.0,-2.602,350.0786,0.0,0.0,8.76,0,0.0,2.435,310.005,1.5836000000000001,34.410000000000004,0.0,257.832,0.0,0
46593,-1.364,67.62700000000001,0.0,0.0,-2.602,350.0786,0.0,0.0,8.774000000000001,0,0.0,2.38,310.005,-2.9445,35.19,0.0,257.832,0.0,0
46593,-2.0460000000000003,67.62700000000001,0.0,0.0,-2.602,350.0786,0.0,0.0,8.774000000000001,0,0.0,2.49,310.005,-3.0682,35.25,0.0,257.832,0.0,0
46593,-1.5350000000000001,67.62700000000001,0.0,0.0,-2.602,350.0786,0.0,0.0,8.784,0,0.0,2.64,309.915,-3.4311000000000003,35.85,0.0,257.832,0.0,0
46593,-1.5350000000000001,67.62700000000001,0.0,0.0,-2.602,350.0786,0.0,0.0,8.794,0,2.0,2.59,310.005,0.2639,35.82,0.0,257.832,0.0,0
46593,-1.5350000000000001,67.62700000000001,0.0,0.0,-2.602,350.0786,0.0,0.0,8.804,0,1.0,2.615,310.005,1.1877,35.82,0.0,257.832,0.0,0
46593,-1.705,67.62700000000001,0.0,0.0,-2.602,350.0786,0.0,0.0,8.813,0,1.0,2.665,310.005,0.7258,35.910000000000004,0.0,257.832,0.0,0
46593,-1.5350000000000001,67.62700000000001,0.0,0.0,-2.602,350.0786,0.0,0.0,8.823,0,0.0,2.69,310.14000000000004,6.7302,36.480000000000004,0.0,257.832,0.0,0
46593,-1.8760000000000001,67.62700000000001,0.0,0.0,-2.602,350.0786,0.0,0.0,8.833,0,0.0,2.665,310.005,0.7918000000000001,36.9,0.0,257.832,0.0,0
46593,-1.5350000000000001,67.62700000000001,0.0,0.0,-2.602,350.0786,0.0,0.0,8.843,0,0.0,2.555,310.14000000000004,-1.7155,36.300000000000004,0.0,257.832,0.0,0
46593,-1.5350000000000001,67.62700000000001,0.0,0.0,-2.602,350.0786,0.0,0.0,8.853,0,0.0,2.57,310.005,3.2661000000000002,36.36,0.0,257.832,0.0,0
46593,-1.5350000000000001,67.62700000000001,0.0,0.0,-2.602,350.0786,0.0,0.0,8.862,0,0.0,2.6350000000000002,310.14000000000004,1.5836000000000001,35.61,0.0,257.832,0.0,0
46593,-1.705,67.62700000000001,0.0,0.0,-2.602,350.0786,0.0,0.0,8.872,0,0.0,2.57,309.915,-3.2661000000000002,34.230000000000004,0.0,257.832,0.0,0
46593,-1.194,67.62700000000001,0.0,0.0,-2.602,350.0786,0.0,0.0,8.882,0,0.0,2.54,310.005,0.39590000000000003,33.69,0.0,257.832,0.0,0
46593,-1.5350000000000001,67.62700000000001,0.0,0.0,-2.602,350.0786,0.0,0.0,8.896,0,0.0,2.47,310.005,-2.5403000000000002,33.69,0.0,257.832,0.0,0
46593,-1.5350000000000001,67.62700000000001,0.0,0.0,-2.602,350.0786,0.0,0.0,8.906,0,0.0,2.545,310.005,-0.132,34.17,0.0,257.832,0.0,0
46593,-1.8760000000000001,67.62700000000001,0.0,0.0,-2.602,350.0786,0.0,0.0,8.916,0,0.0,2.33,310.14000000000004,1.4846000000000001,33.96,0.0,257.832,0.0,0
46593,-1.5350000000000001,67.62700000000001,0.0,0.0,-2.602,350.0786,0.0,0.0,8.926,0,0.0,2.315,310.14000000000004,3.9589000000000003,35.160000000000004,0.0,257.832,0.0,0
46593,-1.705,67.62700000000001,0.0,0.0,-2.602,350.0786,0.0,0.0,8.940000000000001,0,2.0,1.08,310.005,2.3754,36.39,0.0,257.832,0.0,0
46593,-1.5350000000000001,67.62700000000001,0.0,0.0,-2.602,350.0786,0.0,0.0,8.955,0,1.0,0.9450000000000001,310.005,-4.8827,37.11,0.0,257.832,0.0,0
46593,-1.705,67.62700000000001,0.0,0.0,-2.602,350.0786,0.0,0.0,8.965,0,0.0,1.025,310.005,-0.6928000000000001,35.88,0.0,257.832,0.0,0
46593,-1.5350000000000001,67.62700000000001,0.0,0.0,-2.602,350.0786,0.0,0.0,8.975,0,0.0,0.84,310.14000000000004,4.486800000000001,35.46,0.0,257.832,0.0,0
46593,-1.5350000000000001,67.62700000000001,0.0,0.0,-2.602,350.0786,0.0,0.0,8.984,0,0.0,0.8300000000000001,310.14000000000004,2.2764,35.43,0.0,257.832,0.0,0
46593,-1.705,67.62700000000001,0.0,0.0,-2.602,350.0786,0.0,0.0,8.994,0,0.0,0.79,310.005,1.5836000000000001,35.46,0.0,257.832,0.0,0
46593,-1.705,67.62700000000001,0.0,0.0,-2.602,350.0786,0.0,0.0,9.004,0,0.0,0.745,310.005,-0.6928000000000001,34.86,0.0,257.832,0.0,0
46593,-1.705,67.62700000000001,0.0,0.0,-2.602,350.0786,0.0,0.0,9.014000000000001,0,0.0,0.735,309.915,-6.5982,34.02,0.0,257.832,0.0,0
46593,-1.705,67.62700000000001,0.0,0.0,-2.602,350.0786,0.0,0.0,9.028,0,0.0,0.76,310.14000000000004,-1.6826,33.33,0.0,257.832,0.0,0
46593,-1.705,67.62700000000001,0.0,0.0,-2.602,350.0786,0.0,0.0,9.038,0,0.0,0.775,309.915,0.7918000000000001,33.51,0.0,257.832,0.0,0
46593,-1.5350000000000001,67.62700000000001,0.0,0.0,-2.602,350.0786,0.0,0.0,9.048,0,1.0,0.71,310.005,-0.3299,33.480000000000004,0.0,257.832,0.0,0
46593,-1.5350000000000001,67.62700000000001,0.0,0.0,-2.602,350.0786,0.0,0.0,9.058,0,0.0,0.74,310.005,-0.6598,34.44,0.0,257.832,0.0,0
46593,-1.5350000000000001,67.62700000000001,0.0,0.0,-2.602,350.0786,0.0,0.0,9.058,0,1.0,0.755,310.005,-0.17320000000000002,34.65,0.0,257.832,0.0,0
46593,-1.705,67.62700000000001,0.0,0.0,-2.602,350.0786,0.0,0.0,9.067,0,0.0,0.705,310.005,-2.5238,35.34,0.0,257.832,0.0,0
46593,-1.705,67.62700000000001,0.0,0.0,-2.602,350.0786,0.0,0.0,9.077,0,1.0,0.755,310.005,0.2639,36.06,0.0,257.832,0.0,0
46593,-1.705,67.62700000000001,0.0,0.0,-2.602,350.0786,0.0,0.0,9.087,0,0.0,0.8,310.005,1.7815,35.19,0.0,257.832,0.0,0
46593,-1.705,67.62700000000001,0.0,0.0,-2.602,350.0786,0.0,0.0,9.097000000000001,0,0.0,0.905,310.005,2.9692000000000003,34.980000000000004,0.0,257.832,0.0,0
46593,-1.705,67.62700000000001,0.0,0.0,-2.602,350.0786,0.0,0.0,9.106,0,0.0,0.835,310.005,1.8063,34.980000000000004,0.0,257.832,0.0,0
46593,-1.5350000000000001,67.62700000000001,0.0,0.0,-2.602,350.0786,0.0,0.0,9.116,0,0.0,0.9450000000000001,310.005,-0.7918000000000001,35.25,0.0,257.832,0.0,0
46593,-1.5350000000000001,67.62700000000001,0.0,0.0,-2.602,350.0786,0.0,0.0,9.126000000000001,0,0.0,1.0050000000000001,310.23,1.6331,35.4,0.0,257.832,0.0,0
46593,-1.5350000000000001,67.62700000000001,0.0,0.0,-2.602,350.0786,0.0,0.0,9.136000000000001,0,1.0,1.12,310.14000000000004,-0.1567,34.89,0.0,257.832,0.0,0
46593,-1.364,67.62700000000001,0.0,0.0,-2.602,350.0786,0.0,0.0,9.146,0,0.0,0.98,309.915,-2.3341000000000003,34.44,0.0,257.832,0.0,0
46593,-1.5350000000000001,67.62700000000001,0.0,0.0,-2.602,350.0786,0.0,0.0,9.16,0,0.0,1.07,310.005,-1.6083,33.57,0.0,257.832,0.0,0
46593,-1.705,67.62700000000001,0.0,0.0,-2.602,350.0786,0.0,0.0,9.17,0,0.0,1.11,310.005,-2.1114,32.7,0.0,257.832,0.0,0
46593,-1.5350000000000001,67.62700000000001,0.0,0.0,-2.602,350.0786,0.0,0.0,9.18,0,0.0,1.115,310.005,1.8310000000000002,33.3,0.0,257.832,0.0,0
46593,-1.5350000000000001,67.62700000000001,0.0,0.0,-2.602,350.0786,0.0,0.0,9.189,0,0.0,1.335,310.005,0.5938,34.26,0.0,257.832,0.0,0
46593,-1.364,67.62700000000001,0.0,0.0,-2.602,350.0786,0.0,0.0,9.199,0,0.0,1.355,310.14000000000004,1.1629,35.7,0.0,257.832,0.0,0
46593,-1.5350000000000001,67.62700000000001,0.0,0.0,-2.602,350.0786,0.0,0.0,9.209,0,0.0,1.41,310.005,-1.0310000000000001,36.45,0.0,257.832,0.0,0
46593,-1.5350000000000001,67.62700000000001,0.0,0.0,-2.602,350.0786,0.0,0.0,9.219000000000001,0,1.0,1.455,310.005,-1.1217000000000001,36.84,0.0,257.832,0.0,0
46593,-1.5350000000000001,67.62700000000001,0.0,0.0,-2.602,350.0786,0.0,0.0,9.229000000000001,0,2.0,1.3900000000000001,310.005,-3.0352,36.75,0.0,257.832,0.0,0
46593,-1.5350000000000001,67.62700000000001,0.0,0.0,-2.602,350.0786,0.0,0.0,9.238000000000001,0,-1.0,1.3800000000000001,309.915,-4.0084,35.79,0.0,257.832,0.0,0
46593,-1.364,67.62700000000001,0.0,0.0,-2.602,350.0786,0.0,0.0,9.248000000000001,0,1.0,1.395,310.005,0.39590000000000003,34.62,0.0,257.832,0.0,0
46593,-1.5350000000000001,67.62700000000001,0.0,0.0,-2.602,350.0786,0.0,0.0,9.258000000000001,0,0.0,1.465,310.005,-1.0557,34.38,0.0,257.832,0.0,0
46593,-1.5350000000000001,67.62700000000001,0.0,0.0,-2.602,350.0786,0.0,0.0,9.268,0,2.0,1.435,310.005,3.629,35.01,0.0,257.832,0.0,0
46593,-1.8760000000000001,67.62700000000001,0.0,0.0,-2.602,350.0786,0.0,0.0,9.277000000000001,0,1.0,1.395,310.005,5.1466,35.730000000000004,0.0,257.832,0.0,0
46593,-1.5350000000000001,67.62700000000001,0.0,0.0,-2.602,350.0786,0.0,0.0,9.287,0,0.0,1.385,310.005,1.5011,35.13,0.0,257.832,0.0,0
46593,-1.5350000000000001,67.62700000000001,0.0,0.0,-2.602,350.0786,0.0,0.0,9.297,0,0.0,1.365,310.14000000000004,1.3609,34.32,0.0,257.832,0.0,0
46593,-1.8760000000000001,67.62700000000001,0.0,0.0,-2.602,350.0786,0.0,0.0,9.312000000000001,0,0.0,1.37,310.005,-1.3609,33.54,0.0,257.832,0.0,0
46593,-1.5350000000000001,67.62700000000001,0.0,0.0,-2.602,350.0786,0.0,0.0,9.321,0,0.0,1.32,310.14000000000004,-2.0042,33.27,0.0,257.832,0.0,0
46593,-1.364,67.62700000000001,0.0,0.0,-2.602,350.0786,0.0,0.0,9.331000000000001,0,0.0,1.31,310.005,0.9897,34.53,0.0,257.832,0.0,0
46593,-1.364,67.62700000000001,0.0,0.0,-2.602,350.0786,0.0,0.0,9.341000000000001,0,0.0,1.195,310.005,3.9589000000000003,36.36,0.0,257.832,0.0,0
46593,-1.8760000000000001,67.62700000000001,0.0,0.0,-2.602,350.0786,0.0,0.0,9.351,0,0.0,1.225,310.14000000000004,-1.8063,36.63,0.0,257.832,0.0,0
46593,-1.705,67.62700000000001,0.0,0.0,-2.602,350.0786,0.0,0.0,9.360000000000001,0,0.0,1.07,310.14000000000004,-1.8063,36.0,0.0,257.832,0.0,0
46593,-1.5350000000000001,67.62700000000001,0.0,0.0,-2.602,350.0786,0.0,0.0,9.360000000000001,0,0.0,1.055,310.14000000000004,-1.6826,35.85,0.0,257.832,0.0,0
46593,-1.705,67.62700000000001,0.0,0.0,-2.602,350.0786,0.0,0.0,9.375,0,0.0,1.07,310.005,1.9795,35.58,0.0,257.832,0.0,0
46593,-1.5350000000000001,67.62700000000001,0.0,0.0,-2.602,350.0786,0.0,0.0,9.385,0,0.0,1.02,310.14000000000004,0.7918000000000001,35.07,0.0,257.832,0.0,0
46593,-1.705,67.62700000000001,0.0,0.0,-2.602,350.0786,0.0,0.0,9.395,0,1.0,0.9500000000000001,310.005,-1.9795,34.86,0.0,257.832,0.0,0
46593,-1.705,67.62700000000001,0.0,0.0,-2.602,350.0786,0.0,0.0,9.404,0,1.0,0.9,310.005,-1.5836000000000001,34.800000000000004,0.0,257.832,0.0,0
46593,-1.705,67.62700000000001,0.0,0.0,-2.602,350.0786,0.0,0.0,9.414,0,2.0,0.895,310.14000000000004,-3.6950000000000003,34.56,0.0,257.832,0.0,0
46593,-1.5350000000000001,67.62700000000001,0.0,0.0,-2.602,350.0786,0.0,0.0,9.424000000000001,0,0.0,0.855,310.005,-1.5836000000000001,35.13,0.0,257.832,0.0,0
46593,-1.364,67.62700000000001,0.0,0.0,-2.602,350.0786,0.0,0.0,9.434000000000001,0,1.0,0.9550000000000001,310.14000000000004,2.9032,34.71,0.0,257.832,0.0,0
46593,-1.5350000000000001,67.62700000000001,0.0,0.0,-2.602,350.0786,0.0,0.0,9.443,0,1.0,0.885,310.14000000000004,0.7918000000000001,34.5,0.0,257.832,0.0,0
46593,-1.5350000000000001,67.62700000000001,0.0,0.0,-2.602,350.0786,0.0,0.0,9.453000000000001,0,2.0,0.895,309.915,0.132,34.08,0.0,257.832,0.0,0
46593,-1.5350000000000001,67.62700000000001,0.0,0.0,-2.602,350.0786,0.0,0.0,9.468,0,1.0,0.96,310.005,-2.8043,34.89,0.0,257.832,0.0,0
46593,-1.364,67.62700000000001,0.0,0.0,-2.602,350.0786,0.0,0.0,9.478,0,0.0,0.96,310.005,-1.9795,35.34,0.0,257.832,0.0,0
46593,-1.364,67.62700000000001,0.0,0.0,-2.602,350.0786,0.0,0.0,9.487,0,0.0,1.02,310.005,0.9897,36.45,0.0,257.832,0.0,0
46593,-1.5350000000000001,67.62700000000001,0.0,0.0,-2.602,350.0786,0.0,0.0,9.497,0,0.0,0.96,310.005,-1.9795,36.45,0.0,257.832,0.0,0
46593,-1.5350000000000001,67.62700000000001,0.0,0.0,-2.602,350.0786,0.0,0.0,9.507,0,0.0,1.04,310.14000000000004,1.4846000000000001,36.06,0.0,257.832,0.0,0
46593,-1.705,67.62700000000001,0.0,0.0,-2.602,350.0786,0.0,0.0,9.517000000000001,0,0.0,1.095,310.005,1.1877,35.58,0.0,257.832,0.0,0
46593,-1.5350000000000001,67.62700000000001,0.0,0.0,-2.602,350.0786,0.0,0.0,9.526,0,0.0,1.165,310.14000000000004,2.2764,35.79,0.0,257.832,0.0,0
46593,-1.5350000000000001,67.62700000000001,0.0,0.0,-2.602,350.0786,0.0,0.0,9.536,0,0.0,1.09,310.005,-3.2991,35.22,0.0,257.832,0.0,0
46593,-1.5350000000000001,67.62700000000001,0.0,0.0,-2.602,350.0786,0.0,0.0,9.546000000000001,0,0.0,1.2750000000000001,310.005,-1.5836000000000001,35.01,0.0,257.832,0.0,0
46593,-1.5350000000000001,67.62700000000001,0.0,0.0,-2.602,350.0786,0.0,0.0,9.556000000000001,0,0.0,1.29,310.14000000000004,0.9238000000000001,34.14,0.0,257.832,0.0,0
46593,-1.5350000000000001,67.62700000000001,0.0,0.0,-2.602,350.0786,0.0,0.0,9.565000000000001,0,0.0,1.32,310.14000000000004,-0.099,34.08,0.0,257.832,0.0,0
46593,-1.5350000000000001,67.62700000000001,0.0,0.0,-2.602,350.0786,0.0,0.0,9.575000000000001,0,2.0,1.43,310.005,1.3196,34.14,0.0,257.832,0.0,0
46593,-1.5350000000000001,67.62700000000001,0.0,0.0,-2.602,350.0786,0.0,0.0,9.585,0,0.0,1.48,310.005,-2.2764,34.83,0.0,257.832,0.0,0
46593,-1.5350000000000001,67.62700000000001,0.0,0.0,-2.602,350.0786,0.0,0.0,9.595,0,1.0,1.56,310.14000000000004,-1.3196,36.12,0.0,257.832,0.0,0
46593,-1.705,67.62700000000001,0.0,0.0,-2.602,350.0786,0.0,0.0,9.604000000000001,0,1.0,1.595,310.14000000000004,1.2207000000000001,36.99,0.0,257.832,0.0,0
46593,-1.5350000000000001,67.62700000000001,0.0,0.0,-2.602,350.0786,0.0,0.0,9.614,0,1.0,1.62,310.14000000000004,1.7155,37.230000000000004,0.0,257.832,0.0,0
46593,-1.5350000000000001,67.62700000000001,0.0,0.0,-2.602,350.0786,0.0,0.0,9.624,0,1.0,1.645,310.005,2.4743,37.410000000000004,0.0,257.832,0.0,0
46593,-1.5350000000000001,67.62700000000001,0.0,0.0,-2.602,350.0786,0.0,0.0,9.634,0,1.0,1.8,310.005,-2.2434000000000003,36.96,0.0,257.832,0.0,0
46593,-1.5350000000000001,67.62700000000001,0.0,0.0,-2.602,350.0786,0.0,0.0,9.634,0,1.0,1.715,310.005,-1.8887,36.93,0.0,257.832,0.0,0
46593,-1.8760000000000001,67.62700000000001,0.0,0.0,-2.602,350.0786,0.0,0.0,9.644,0,0.0,1.76,310.005,-0.37120000000000003,36.33,0.0,257.832,0.0,0
46593,-1.364,67.62700000000001,0.0,0.0,-2.602,350.0786,0.0,0.0,9.658000000000001,0,0.0,1.72,310.005,1.9795,35.34,0.0,257.832,0.0,0
46593,-1.5350000000000001,67.62700000000001,0.0,0.0,-2.602,350.0786,0.0,0.0,9.668000000000001,0,0.0,1.7750000000000001,310.005,-3.4311000000000003,35.01,0.0,257.832,0.0,0
46593,-1.364,67.62700000000001,0.0,0.0,-2.602,350.0786,0.0,0.0,9.678,0,0.0,1.75,310.005,-2.3094,34.44,0.0,257.832,0.0,0
46593,-1.5350000000000001,67.62700000000001,0.0,0.0,-2.602,350.0786,0.0,0.0,9.688,0,0.0,1.805,310.005,1.1877,34.92,0.0,257.832,0.0,0
46593,-1.5350000000000001,67.62700000000001,0.0,0.0,-2.602,350.0786,0.0,0.0,9.697000000000001,0,0.0,1.6600000000000001,310.005,1.7815,34.35,0.0,257.832,0.0,0
46593,-1.5350000000000001,67.62700000000001,0.0,0.0,-2.602,350.0786,0.0,0.0,9.707,0,1.0,1.61,310.005,1.9795,34.5,0.0,257.832,0.0,0
46593,-1.364,67.62700000000001,0.0,0.0,-2.602,350.0786,0.0,0.0,9.717,0,1.0,1.6400000000000001,310.005,-1.9795,35.58,0.0,257.832,0.0,0
46593,-1.8760000000000001,67.62700000000001,0.0,0.0,-2.602,350.0786,0.0,0.0,9.727,0,1.0,1.6,310.14000000000004,0.37120000000000003,36.69,0.0,257.832,0.0,0
46593,-1.5350000000000001,67.62700000000001,0.0,0.0,-2.602,350.0786,0.0,0.0,9.736,0,1.0,1.545,310.14000000000004,1.7568000000000001,36.72,0.0,257.832,0.0,0
46593,-1.5350000000000001,67.62700000000001,0.0,0.0,-2.602,350.0786,0.0,0.0,9.751000000000001,0,0.0,1.5,310.005,0.39590000000000003,37.32,0.0,257.832,0.0,0
46593,-1.705,67.62700000000001,0.0,0.0,-2.602,350.0786,0.0,0.0,9.761000000000001,0,0.0,1.44,310.14000000000004,2.3754,37.29,0.0,257.832,0.0,0
46593,-1.705,67.62700000000001,0.0,0.0,-2.602,350.0786,0.0,0.0,9.771,0,0.0,1.285,309.915,-0.0495,36.84,0.0,257.832,0.0,0
46593,-1.705,67.62700000000001,0.0,0.0,-2.602,350.0786,0.0,0.0,9.780000000000001,0,0.0,1.31,310.005,-4.6188,36.54,0.0,257.832,0.0,0
46593,-1.5350000000000001,67.62700000000001,0.0,0.0,-2.602,350.0786,0.0,0.0,9.790000000000001,0,0.0,1.295,310.23,1.3032000000000001,35.97,0.0,257.832,0.0,0
46593,-1.5350000000000001,67.62700000000001,0.0,0.0,-2.602,350.0786,0.0,0.0,9.790000000000001,0,0.0,1.2,310.23,2.6393,35.88,0.0,257.832,0.0,0
46593,-1.5350000000000001,67.62700000000001,0.0,0.0,-2.602,350.0786,0.0,0.0,9.805,0,0.0,1.21,310.14000000000004,3.794,35.1,0.0,257.832,0.0,0
46593,-1.194,67.62700000000001,0.0,0.0,-2.602,350.0786,0.0,0.0,9.814,0,0.0,1.05,310.14000000000004,0.0,35.160000000000004,0.0,257.832,0.0,0
46593,-1.5350000000000001,67.62700000000001,0.0,0.0,-2.602,350.0786,0.0,0.0,9.824,0,0.0,0.9400000000000001,310.005,-3.5301,34.59,0.0,257.832,0.0,0
46593,-1.0230000000000001,67.62700000000001,0.0,0.0,-2.602,350.0786,0.0,0.0,9.834,0,0.0,0.88,309.915,-3.563,34.71,0.0,257.832,0.0,0
46593,-1.5350000000000001,67.62700000000001,0.0,0.0,-2.602,350.0786,0.0,0.0,9.844000000000001,0,1.0,0.885,310.005,0.8908,35.160000000000004,0.0,257.832,0.0,0
46593,-1.705,67.62700000000001,0.0,0.0,-2.602,350.0786,0.0,0.0,9.854000000000001,0,2.0,0.84,310.005,-0.5279,35.94,0.0,257.832,0.0,0
46593,-1.5350000000000001,67.62700000000001,0.0,0.0,-2.602,350.0786,0.0,0.0,9.863000000000001,0,2.0,0.9,310.005,4.9487000000000005,36.69,0.0,257.832,0.0,0
46593,-1.5350000000000001,67.62700000000001,0.0,0.0,-2.602,350.0786,0.0,0.0,9.873000000000001,0,2.0,0.8,310.005,-1.3196,36.54,0.0,257.832,0.0,0
46593,-1.5350000000000001,67.62700000000001,0.0,0.0,-2.602,350.0786,0.0,0.0,9.888,0,2.0,0.855,310.14000000000004,-4.0579,36.15,0.0,257.832,0.0,0
46593,-1.364,67.62700000000001,0.0,0.0,-2.602,350.0786,0.0,0.0,9.897,0,2.0,0.885,310.005,2.2434000000000003,35.31,0.0,257.832,0.0,0
46593,-1.5350000000000001,67.62700000000001,0.0,0.0,-2.602,350.0786,0.0,0.0,9.907,0,0.0,0.895,310.14000000000004,4.1239,35.85,0.0,257.832,0.0,0
46593,-1.364,67.62700000000001,0.0,0.0,-2.602,350.0786,0.0,0.0,9.917,0,0.0,0.875,310.14000000000004,1.5836000000000001,35.94,0.0,257.832,0.0,0
46593,-1.705,67.62700000000001,0.0,0.0,-2.602,350.0786,0.0,0.0,9.927,0,0.0,0.91,310.005,2.3754,36.42,0.0,257.832,0.0,0
46593,-1.5350000000000001,67.62700000000001,0.0,0.0,-2.602,350.0786,0.0,0.0,9.937000000000001,0,0.0,0.915,310.005,-5.2786,36.0,0.0,257.832,0.0,0
46593,-1.364,67.62700000000001,0.0,0.0,-2.602,350.0786,0.0,0.0,9.946,0,0.0,1.0,310.005,-1.4846000000000001,34.77,0.0,257.832,0.0,0
46593,-1.705,67.62700000000001,0.0,0.0,-2.602,350.0786,0.0,0.0,9.956000000000001,0,0.0,1.095,310.14000000000004,4.0909,34.32,0.0,257.832,0.0,0
46593,-1.5350000000000001,67.62700000000001,0.0,0.0,-2.602,350.0786,0.0,0.0,9.966000000000001,0,0.0,1.085,310.14000000000004,-1.6826,34.08,0.0,257.832,0.0,0
46593,-1.5350000000000001,67.62700000000001,0.0,0.0,-2.602,350.0786,0.0,0.0,9.976,0,0.0,1.225,310.005,-1.3196,34.980000000000004,0.0,257.832,0.0,0
46593,-1.194,67.62700000000001,0.0,0.0,-2.602,350.0786,0.0,0.0,9.976,0,1.0,1.175,310.005,-1.5836000000000001,35.1,0.0,257.832,0.0,0
46593,-1.5350000000000001,67.62700000000001,0.0,0.0,-2.602,350.0786,0.0,0.0,9.985000000000001,0,1.0,1.24,310.14000000000004,0.5279,36.63,0.0,257.832,0.0,0
46593,-1.5350000000000001,67.62700000000001,0.0,0.0,-2.602,350.0786,0.0,0.0,9.995000000000001,0,1.0,1.435,310.14000000000004,3.629,37.2,0.0,257.832,0.0,0
46593,-1.705,67.62700000000001,0.0,0.0,-2.602,350.0786,0.0,0.0,10.005,0,1.0,1.5,310.14000000000004,3.1424000000000003,38.34,0.0,257.832,0.0,0
46593,-1.5350000000000001,67.62700000000001,0.0,0.0,-2.602,350.0786,0.0,0.0,10.015,0,0.0,1.51,310.005,-3.1424000000000003,37.11,0.0,257.832,0.0,0
46593,-1.705,67.62700000000001,0.0,0.0,-2.602,350.0786,0.0,0.0,10.024000000000001,0,1.0,1.58,310.005,-5.7817,36.18,0.0,257.832,0.0,0
46593,-1.5350000000000001,67.62700000000001,0.0,0.0,-2.602,350.0786,0.0,0.0,10.034,0,1.0,1.695,310.005,3.7857000000000003,36.42,0.0,257.832,0.0,0
46593,-1.5350000000000001,67.62700000000001,0.0,0.0,-2.602,350.0786,0.0,0.0,10.044,0,0.0,1.655,309.915,0.5444,36.45,0.0,257.832,0.0,0
46593,-1.5350000000000001,67.62700000000001,0.0,0.0,-2.602,350.0786,0.0,0.0,10.054,0,0.0,1.675,310.005,-2.5733,36.87,0.0,257.832,0.0,0
46593,-1.5350000000000001,67.62700000000001,0.0,0.0,-2.602,350.0786,0.0,0.0,10.068,0,0.0,1.705,310.005,-0.0247,36.15,0.0,257.832,0.0,0
46593,-1.5350000000000001,67.62700000000001,0.0,0.0,-2.602,350.0786,0.0,0.0,10.078000000000001,0,0.0,1.73,310.005,-1.1382,34.44,0.0,257.832,0.0,0
46593,-1.5350000000000001,67.62700000000001,0.0,0.0,-2.602,350.0786,0.0,0.0,10.088000000000001,0,2.0,1.6300000000000001,310.14000000000004,1.5176,33.78,0.0,257.832,0.0,0
46593,-1.5350000000000001,67.62700000000001,0.0,0.0,-2.602,350.0786,0.0,0.0,10.098,0,2.0,1.845,309.915,0.2144,33.6,0.0,257.832,0.0,0
46593,-1.364,67.62700000000001,0.0,0.0,-2.602,350.0786,0.0,0.0,10.107000000000001,0,1.0,1.625,310.005,-2.3094,34.980000000000004,0.0,257.832,0.0,0
46593,-1.194,67.62700000000001,0.0,0.0,-2.602,350.0786,0.0,0.0,10.117,0,1.0,1.715,310.005,0.9485,36.480000000000004,0.0,257.832,0.0,0
46593,-1.705,67.62700000000001,0.0,0.0,-2.602,350.0786,0.0,0.0,10.127,0,0.0,1.555,310.14000000000004,4.1816,38.13,0.0,257.832,0.0,0
46593,-1.364,67.62700000000001,0.0,0.0,-2.602,350.0786,0.0,0.0,10.137,0,0.0,1.62,310.14000000000004,-1.6083,38.34,0.0,257.832,0.0,0
46593,-1.5350000000000001,67.62700000000001,0.0,0.0,-2.602,350.0786,0.0,0.0,10.146,0,0.0,1.5350000000000001,310.005,0.5279,38.01,0.0,257.832,0.0,0
46593,-1.364,67.62700000000001,0.0,0.0,-2.602,350.0786,0.0,0.0,10.156,0,1.0,1.53,310.005,3.0599000000000003,37.02,0.0,257.832,0.0,0
46593,-1.5350000000000001,67.62700000000001,0.0,0.0,-2.602,350.0786,0.0,0.0,10.171000000000001,0,0.0,1.465,310.14000000000004,2.1527000000000003,35.76,0.0,257.832,0.0,0
46593,-1.705,67.62700000000001,0.0,0.0,-2.602,350.0786,0.0,0.0,10.181000000000001,0,0.0,1.44,310.005,-0.9897,35.160000000000004,0.0,257.832,0.0,0
46593,-1.705,67.62700000000001,0.0,0.0,-2.602,350.0786,0.0,0.0,10.190000000000001,0,0.0,1.335,310.005,-0.6351,34.92,0.0,257.832,0.0,0
46593,-1.5350000000000001,67.62700000000001,0.0,0.0,-2.602,350.0786,0.0,0.0,10.200000000000001,0,0.0,1.345,310.005,-0.1072,33.81,0.0,257.832,0.0,0
46593,-1.705,67.62700000000001,0.0,0.0,-2.602,350.0786,0.0,0.0,10.21,0,0.0,1.325,310.14000000000004,1.5836000000000001,34.17,0.0,257.832,0.0,0
46593,-1.5350000000000001,67.62700000000001,0.0,0.0,-2.602,350.0786,0.0,0.0,10.22,0,0.0,1.185,310.14000000000004,-0.2227,34.08,0.0,257.832,0.0,0
46593,-1.364,67.62700000000001,0.0,0.0,-2.602,350.0786,0.0,0.0,10.22,0,0.0,1.215,310.14000000000004,-0.099,34.14,0.0,257.832,0.0,0
46593,-1.364,67.62700000000001,0.0,0.0,-2.602,350.0786,0.0,0.0,10.234,0,0.0,1.115,310.14000000000004,0.7918000000000001,35.25,0.0,257.832,0.0,0
46593,-1.5350000000000001,67.62700000000001,0.0,0.0,-2.602,350.0786,0.0,0.0,10.244,0,1.0,1.06,310.005,-1.4846000000000001,35.94,0.0,257.832,0.0,0
46593,-1.364,67.62700000000001,0.0,0.0,-2.602,350.0786,0.0,0.0,10.254000000000001,0,0.0,1.045,310.14000000000004,-1.1877,36.03,0.0,257.832,0.0,0
46593,-1.705,67.62700000000001,0.0,0.0,-2.602,350.0786,0.0,0.0,10.264000000000001,0,0.0,1.04,310.14000000000004,3.1672000000000002,36.75,0.0,257.832,0.0,0
46593,-1.364,67.62700000000001,0.0,0.0,-2.602,350.0786,0.0,0.0,10.273,0,0.0,1.08,310.14000000000004,5.1466,37.2,0.0,257.832,0.0,0
46593,-1.5350000000000001,67.62700000000001,0.0,0.0,-2.602,350.0786,0.0,0.0,10.283000000000001,0,0.0,1.01,310.005,-3.0682,36.39,0.0,257.832,0.0,0
46593,-1.5350000000000001,67.62700000000001,0.0,0.0,-2.602,350.0786,0.0,0.0,10.293000000000001,0,0.0,1.095,309.915,-7.785900000000001,35.46,0.0,257.832,0.0,0
46593,-1.5350000000000001,67.62700000000001,0.0,0.0,-2.602,350.0786,0.0,0.0,10.303,0,0.0,1.04,310.005,-0.4289,35.04,0.0,257.832,0.0,0
46593,-1.364,67.62700000000001,0.0,0.0,-2.602,350.0786,0.0,0.0,10.313,0,0.0,1.09,310.005,0.39590000000000003,35.19,0.0,257.832,0.0,0
46593,-1.5350000000000001,67.62700000000001,0.0,0.0,-2.602,350.0786,0.0,0.0,10.322000000000001,0,-1.0,1.105,310.14000000000004,0.099,34.95,0.0,257.832,0.0,0
46593,-1.5350000000000001,67.62700000000001,0.0,0.0,-2.602,350.0786,0.0,0.0,10.332,0,1.0,1.1400000000000001,310.14000000000004,3.9589000000000003,34.62,0.0,257.832,0.0,0
46593,-1.5350000000000001,67.62700000000001,0.0,0.0,-2.602,350.0786,0.0,0.0,10.347000000000001,0,1.0,1.1300000000000001,310.14000000000004,1.4846000000000001,34.230000000000004,0.0,257.832,0.0,0
46593,-1.5350000000000001,67.62700000000001,0.0,0.0,-2.602,350.0786,0.0,0.0,10.356,0,2.0,1.24,310.14000000000004,0.0,34.59,0.0,257.832,0.0,0
46593,-1.5350000000000001,67.62700000000001,0.0,0.0,-2.602,350.0786,0.0,0.0,10.366,0,0.0,1.31,310.005,-1.4846000000000001,34.410000000000004,0.0,257.832,0.0,0
46593,-1.5350000000000001,67.62700000000001,0.0,0.0,-2.602,350.0786,0.0,0.0,10.376000000000001,0,1.0,1.305,310.005,-3.9589000000000003,34.74,0.0,257.832,0.0,0
46593,-1.364,67.62700000000001,0.0,0.0,-2.602,350.0786,0.0,0.0,10.386000000000001,0,1.0,1.42,310.14000000000004,0.0,34.71,0.0,257.832,0.0,0
46593,-1.5350000000000001,67.62700000000001,0.0,0.0,-2.602,350.0786,0.0,0.0,10.396,0,0.0,1.46,310.14000000000004,3.9589000000000003,35.25,0.0,257.832,0.0,0
46593,-1.5350000000000001,67.62700000000001,0.0,0.0,-2.602,350.0786,0.0,0.0,10.405000000000001,0,0.0,1.405,309.915,-0.9897,36.69,0.0,257.832,0.0,0
46593,-1.5350000000000001,67.62700000000001,0.0,0.0,-2.602,350.0786,0.0,0.0,10.415000000000001,0,0.0,1.5250000000000001,310.005,-4.7507,36.84,0.0,257.832,0.0,0
46593,-1.5350000000000001,67.62700000000001,0.0,0.0,-2.602,350.0786,0.0,0.0,10.425,0,0.0,1.475,310.005,-0.9567,36.27,0.0,257.832,0.0,0
46593,-1.5350000000000001,67.62700000000001,0.0,0.0,-2.602,350.0786,0.0,0.0,10.435,0,0.0,1.555,310.005,1.8475000000000001,35.82,0.0,257.832,0.0,0
46593,-1.5350000000000001,67.62700000000001,0.0,0.0,-2.602,350.0786,0.0,0.0,10.444,0,1.0,1.67,310.005,1.3196,35.64,0.0,257.832,0.0,0
46593,-1.5350000000000001,67.62700000000001,0.0,0.0,-2.602,350.0786,0.0,0.0,10.454,0,0.0,1.685,310.005,2.6393,35.19,0.0,257.832,0.0,0
46593,-1.5350000000000001,67.62700000000001,0.0,0.0,-2.602,350.0786,0.0,0.0,10.464,0,1.0,1.725,310.005,0.0,35.19,0.0,257.832,0.0,0
46593,-1.364,67.62700000000001,0.0,0.0,-2.602,350.0786,0.0,0.0,10.474,0,0.0,1.7750000000000001,310.005,0.0,35.64,0.0,257.832,0.0,0
46593,-1.5350000000000001,67.62700000000001,0.0,0.0,-2.602,350.0786,0.0,0.0,10.483,0,0.0,1.75,310.005,0.0,35.550000000000004,0.0,257.832,0.0,0
46593,-1.5350000000000001,67.62700000000001,0.0,0.0,-2.602,350.0786,0.0,0.0,10.493,0,2.0,1.615,310.005,-3.2991,35.04,0.0,257.832,0.0,0
46593,-1.8760000000000001,67.62700000000001,0.0,0.0,-2.602,350.0786,0.0,0.0,10.503,0,1.0,1.77,310.005,0.0,34.56,0.0,257.832,0.0,0
46593,-1.364,67.62700000000001,0.0,0.0,-2.602,350.0786,0.0,0.0,10.513,0,0.0,1.6500000000000001,310.14000000000004,4.0909,35.52,0.0,257.832,0.0,0
46593,-1.705,67.62700000000001,0.0,0.0,-2.602,350.0786,0.0,0.0,10.527000000000001,0,0.0,1.84,310.005,3.1672000000000002,36.0,0.0,257.832,0.0,0
46593,-1.705,67.62700000000001,0.0,0.0,-2.602,350.0786,0.0,0.0,10.527000000000001,0,0.0,1.825,310.005,2.7713,35.94,0.0,257.832,0.0,0
46593,-1.705,67.62700000000001,0.0,0.0,-2.602,350.0786,0.0,0.0,10.537,0,0.0,1.615,309.915,-1.6331,36.12,0.0,257.832,0.0,0
46593,-1.364,67.62700000000001,0.0,0.0,-2.602,350.0786,0.0,0.0,10.547,0,0.0,1.6,310.005,-1.8887,35.94,0.0,257.832,0.0,0
46593,-1.364,67.62700000000001,0.0,0.0,-2.602,350.0786,0.0,0.0,10.557,0,0.0,1.605,310.005,-0.6598,35.85,0.0,257.832,0.0,0
46593,-1.5350000000000001,67.62700000000001,0.0,0.0,-2.602,350.0786,0.0,0.0,10.566,0,0.0,1.555,309.915,-2.4413,35.4,0.0,257.832,0.0,0
46593,-1.705,67.62700000000001,0.0,0.0,-2.602,350.0786,0.0,0.0,10.576,0,1.0,1.49,310.14000000000004,-0.0247,35.1,0.0,257.832,0.0,0
46593,-1.5350000000000001,67.62700000000001,0.0,0.0,-2.602,350.0786,0.0,0.0,10.586,0,0.0,1.455,310.005,3.2331000000000003,34.29,0.0,257.832,0.0,0
46593,-1.5350000000000001,67.62700000000001,0.0,0.0,-2.602,350.0786,0.0,0.0,10.601,0,1.0,1.5050000000000001,310.14000000000004,4.1816,33.78,0.0,257.832,0.0,0
46593,-1.5350000000000001,67.62700000000001,0.0,0.0,-2.602,350.0786,0.0,0.0,10.610000000000001,0,1.0,1.48,309.915,-2.029,33.99,0.0,257.832,0.0,0
46593,-1.5350000000000001,67.62700000000001,0.0,0.0,-2.602,350.0786,0.0,0.0,10.620000000000001,0,0.0,1.375,310.005,-2.6393,34.35,0.0,257.832,0.0,0
46593,-1.5350000000000001,67.62700000000001,0.0,0.0,-2.602,350.0786,0.0,0.0,10.63,0,0.0,1.31,310.005,-0.5031,34.410000000000004,0.0,257.832,0.0,0
46593,-1.5350000000000001,67.62700000000001,0.0,0.0,-2.602,350.0786,0.0,0.0,10.64,0,0.0,1.295,310.005,3.0187,35.550000000000004,0.0,257.832,0.0,0
46593,-1.5350000000000001,67.62700000000001,0.0,0.0,-2.602,350.0786,0.0,0.0,10.649000000000001,0,0.0,1.165,310.14000000000004,-0.3547,36.84,0.0,257.832,0.0,0
46593,-2.0460000000000003,67.62700000000001,0.0,0.0,-2.602,350.0786,0.0,0.0,10.664,0,0.0,1.125,310.005,0.9238000000000001,36.81,0.0,257.832,0.0,0
46593,-1.5350000000000001,67.62700000000001,0.0,0.0,-2.602,350.0786,0.0,0.0,10.674000000000001,0,0.0,1.04,310.005,1.6083,36.09,0.0,257.832,0.0,0
46593,-1.5350000000000001,67.62700000000001,0.0,0.0,-2.602,350.0786,0.0,0.0,10.684000000000001,0,0.0,0.975,310.005,-3.1424000000000003,35.64,0.0,257.832,0.0,0
46593,-1.5350000000000001,67.62700000000001,0.0,0.0,-2.602,350.0786,0.0,0.0,10.693000000000001,0,1.0,0.885,310.005,-3.1012,35.79,0.0,257.832,0.0,0
46593,-1.705,67.62700000000001,0.0,0.0,-2.602,350.0786,0.0,0.0,10.703000000000001,0,2.0,0.905,310.005,1.3196,36.09,0.0,257.832,0.0,0
46593,-1.364,67.62700000000001,0.0,0.0,-2.602,350.0786,0.0,0.0,10.713000000000001,0,1.0,0.91,310.005,1.1877,36.12,0.0,257.832,0.0,0
46593,-1.705,67.62700000000001,0.0,0.0,-2.602,350.0786,0.0,0.0,10.723,0,2.0,0.96,310.005,0.0,35.52,0.0,257.832,0.0,0
46593,-1.5350000000000001,67.62700000000001,0.0,0.0,-2.602,350.0786,0.0,0.0,10.732000000000001,0,1.0,0.87,310.14000000000004,2.1527000000000003,34.62,0.0,257.832,0.0,0
46593,-1.364,67.62700000000001,0.0,0.0,-2.602,350.0786,0.0,0.0,10.742,0,0.0,0.935,310.14000000000004,1.7568000000000001,33.33,0.0,257.832,0.0,0
46593,-1.364,67.62700000000001,0.0,0.0,-2.602,350.0786,0.0,0.0,10.752,0,0.0,0.965,310.005,0.39590000000000003,33.480000000000004,0.0,257.832,0.0,0
46593,-1.5350000000000001,67.62700000000001,0.0,0.0,-2.602,350.0786,0.0,0.0,10.767000000000001,0,0.0,1.045,310.005,-4.4621,34.32,0.0,257.832,0.0,0
46593,-1.5350000000000001,67.62700000000001,0.0,0.0,-2.602,350.0786,0.0,0.0,10.776,0,0.0,1.0050000000000001,310.005,-2.9692000000000003,35.13,0.0,257.832,0.0,0
46593,-1.5350000000000001,67.62700000000001,0.0,0.0,-2.602,350.0786,0.0,0.0,10.776,0,0.0,1.065,310.005,-3.0352,35.34,0.0,257.832,0.0,0
46593,-1.5350000000000001,67.62700000000001,0.0,0.0,-2.602,350.0786,0.0,0.0,10.786000000000001,0,0.0,1.06,310.005,1.0557,36.93,0.0,257.832,0.0,0
46593,-1.5350000000000001,67.62700000000001,0.0,0.0,-2.602,350.0786,0.0,0.0,10.796000000000001,0,0.0,1.105,310.005,0.0,37.38,0.0,257.832,0.0,0
46593,-1.5350000000000001,67.62700000000001,0.0,0.0,-2.602,350.0786,0.0,0.0,10.806000000000001,0,1.0,1.18,309.915,2.9692000000000003,36.84,0.0,257.832,0.0,0
46593,-1.5350000000000001,67.62700000000001,0.0,0.0,-2.602,350.0786,0.0,0.0,10.815000000000001,0,0.0,1.2650000000000001,310.005,-0.7918000000000001,36.03,0.0,257.832,0.0,0
46593,-1.5350000000000001,67.62700000000001,0.0,0.0,-2.602,350.0786,0.0,0.0,10.825000000000001,0,0.0,1.175,310.005,-1.0557,35.88,0.0,257.832,0.0,0
46593,-1.364,67.62700000000001,0.0,0.0,-2.602,350.0786,0.0,0.0,10.835,0,1.0,1.405,310.14000000000004,5.0147,35.64,0.0,257.832,0.0,0
46593,-1.5350000000000001,67.62700000000001,0.0,0.0,-2.602,350.0786,0.0,0.0,10.845,0,2.0,1.35,309.915,-1.7815,35.94,0.0,257.832,0.0,0
46593,-1.5350000000000001,67.62700000000001,0.0,0.0,-2.602,350.0786,0.0,0.0,10.854000000000001,0,1.0,1.52,310.005,-1.9795,36.0,0.0,257.832,0.0,0
46593,-1.5350000000000001,67.62700000000001,0.0,0.0,-2.602,350.0786,0.0,0.0,10.864,0,1.0,1.47,310.005,-2.5403000000000002,35.25,0.0,257.832,0.0,0
46593,-1.5350000000000001,67.62700000000001,0.0,0.0,-2.602,350.0786,0.0,0.0,10.874,0,0.0,1.575,310.005,1.5836000000000001,34.89,0.0,257.832,0.0,0
46593,-1.194,67.62700000000001,0.0,0.0,-2.602,350.0786,0.0,0.0,10.884,0,1.0,1.59,310.14000000000004,2.5403000000000002,34.62,0.0,257.832,0.0,0
46593,-1.364,67.62700000000001,0.0,0.0,-2.602,350.0786,0.0,0.0,10.894,0,0.0,1.725,310.005,1.1877,34.32,0.0,257.832,0.0,0
46593,-1.364,67.62700000000001,0.0,0.0,-2.602,350.0786,0.0,0.0,10.894,0,0.0,1.605,310.005,0.9897,34.38,0.0,257.832,0.0,0
46593,-1.5350000000000001,67.62700000000001,0.0,0.0,-2.602,350.0786,0.0,0.0,10.908000000000001,0,0.0,1.68,310.14000000000004,-0.2887,35.85,0.0,257.832,0.0,0
46593,-1.5350000000000001,67.62700000000001,0.0,0.0,-2.602,350.0786,0.0,0.0,10.918000000000001,0,0.0,1.71,310.14000000000004,1.2537,37.230000000000004,0.0,257.832,0.0,0
46593,-1.705,67.62700000000001,0.0,0.0,-2.602,350.0786,0.0,0.0,10.928,0,0.0,1.73,310.005,1.3856000000000002,38.07,0.0,257.832,0.0,0
46593,-1.364,67.62700000000001,0.0,0.0,-2.602,350.0786,0.0,0.0,10.938,0,0.0,1.8,310.005,-2.3506,37.86,0.0,257.832,0.0,0
46593,-1.705,67.62700000000001,0.0,0.0,-2.602,350.0786,0.0,0.0,10.947000000000001,0,1.0,1.665,309.915,-1.2372,36.33,0.0,257.832,0.0,0
46593,-1.5350000000000001,67.62700000000001,0.0,0.0,-2.602,350.0786,0.0,0.0,10.957,0,0.0,1.67,309.915,1.996,35.97,0.0,257.832,0.0,0
46593,-1.364,67.62700000000001,0.0,0.0,-2.602,350.0786,0.0,0.0,10.967,0,2.0,1.585,310.14000000000004,1.9135000000000002,35.82,0.0,257.832,0.0,0
46593,-1.5350000000000001,67.62700000000001,0.0,0.0,-2.602,350.0786,0.0,0.0,10.977,0,0.0,1.635,310.005,2.029,36.300000000000004,0.0,257.832,0.0,0
46593,-1.5350000000000001,67.62700000000001,0.0,0.0,-2.602,350.0786,0.0,0.0,10.986,0,1.0,1.415,310.005,-1.2289,36.72,0.0,257.832,0.0,0
46593,-1.5350000000000001,67.62700000000001,0.0,0.0,-2.602,350.0786,0.0,0.0,10.996,0,0.0,1.425,310.14000000000004,-2.7713,36.75,0.0,257.832,0.0,0
46593,-1.8760000000000001,67.62700000000001,0.0,0.0,-2.602,350.0786,0.0,0.0,11.011000000000001,0,0.0,1.335,310.005,0.6186,35.13,0.0,257.832,0.0,0
46593,-1.5350000000000001,67.62700000000001,0.0,0.0,-2.602,350.0786,0.0,0.0,11.021,0,0.0,1.3800000000000001,310.14000000000004,0.17320000000000002,35.01,0.0,257.832,0.0,0
46593,-1.194,67.62700000000001,0.0,0.0,-2.602,350.0786,0.0,0.0,11.021,0,0.0,1.36,310.14000000000004,0.6928000000000001,34.980000000000004,0.0,257.832,0.0,0
46593,-1.5350000000000001,67.62700000000001,0.0,0.0,-2.602,350.0786,0.0,0.0,11.030000000000001,0,1.0,1.34,309.915,-1.4516,35.01,0.0,257.832,0.0,0
46593,-1.5350000000000001,67.62700000000001,0.0,0.0,-2.602,350.0786,0.0,0.0,11.040000000000001,0,1.0,1.26,310.14000000000004,0.165,35.52,0.0,257.832,0.0,0
46593,-1.364,67.62700000000001,0.0,0.0,-2.602,350.0786,0.0,0.0,11.05,0,2.0,1.195,310.005,-2.7713,36.57,0.0,257.832,0.0,0
46593,-1.5350000000000001,67.62700000000001,0.0,0.0,-2.602,350.0786,0.0,0.0,11.064,0,2.0,1.18,310.005,0.19790000000000002,37.35,0.0,257.832,0.0,0
46593,-1.5350000000000001,67.62700000000001,0.0,0.0,-2.602,350.0786,0.0,0.0,11.074,0,0.0,1.055,310.005,-3.4311000000000003,37.050000000000004,0.0,257.832,0.0,0
46593,-1.5350000000000001,67.62700000000001,0.0,0.0,-2.602,350.0786,0.0,0.0,11.084000000000001,0,1.0,0.995,310.005,-3.9589000000000003,36.96,0.0,257.832,0.0,0
46593,-1.5350000000000001,67.62700000000001,0.0,0.0,-2.602,350.0786,0.0,0.0,11.094000000000001,0,0.0,1.02,310.14000000000004,4.7507,35.94,0.0,257.832,0.0,0
46593,-1.5350000000000001,67.62700000000001,0.0,0.0,-2.602,350.0786,0.0,0.0,11.104000000000001,0,0.0,0.9450000000000001,310.005,5.0147,35.49,0.0,257.832,0.0,0
46593,-1.364,67.62700000000001,0.0,0.0,-2.602,350.0786,0.0,0.0,11.113000000000001,0,0.0,0.9500000000000001,310.005,-1.5836000000000001,35.49,0.0,257.832,0.0,0
46593,-1.5350000000000001,67.62700000000001,0.0,0.0,-2.602,350.0786,0.0,0.0,11.123000000000001,0,0.0,0.97,310.005,-1.4846000000000001,35.82,0.0,257.832,0.0,0
46593,-1.364,67.62700000000001,0.0,0.0,-2.602,350.0786,0.0,0.0,11.133000000000001,0,0.0,0.99,310.14000000000004,1.1877,35.52,0.0,257.832,0.0,0
46593,-1.5350000000000001,67.62700000000001,0.0,0.0,-2.602,350.0786,0.0,0.0,11.143,0,1.0,1.0,310.14000000000004,-0.8908,34.59,0.0,257.832,0.0,0
46593,-1.194,67.62700000000001,0.0,0.0,-2.602,350.0786,0.0,0.0,11.152000000000001,0,0.0,0.995,310.005,-0.2639,33.6,0.0,257.832,0.0,0
46593,-1.5350000000000001,67.62700000000001,0.0,0.0,-2.602,350.0786,0.0,0.0,11.167,0,0.0,1.08,310.14000000000004,0.2639,34.29,0.0,257.832,0.0,0
46593,-1.5350000000000001,67.62700000000001,0.0,0.0,-2.602,350.0786,0.0,0.0,11.177000000000001,0,1.0,1.08,310.005,-1.5836000000000001,35.34,0.0,257.832,0.0,0
46593,-1.5350000000000001,67.62700000000001,0.0,0.0,-2.602,350.0786,0.0,0.0,11.187000000000001,0,2.0,1.105,309.915,-1.7815,36.63,0.0,257.832,0.0,0
46593,-1.5350000000000001,67.62700000000001,0.0,0.0,-2.602,350.0786,0.0,0.0,11.196,0,0.0,1.1300000000000001,310.005,-1.5836000000000001,36.99,0.0,257.832,0.0,0
46593,-1.5350000000000001,67.62700000000001,0.0,0.0,-2.602,350.0786,0.0,0.0,11.206000000000001,0,0.0,1.29,310.14000000000004,2.0125,36.93,0.0,257.832,0.0,0
46593,-1.5350000000000001,67.62700000000001,0.0,0.0,-2.602,350.0786,0.0,0.0,11.216000000000001,0,0.0,1.31,310.005,1.0557,36.84,0.0,257.832,0.0,0
46593,-1.364,67.62700000000001,0.0,0.0,-2.602,350.0786,0.0,0.0,11.226,0,0.0,1.395,310.005,-2.3754,36.06,0.0,257.832,0.0,0
46593,-1.364,67.62700000000001,0.0,0.0,-2.602,350.0786,0.0,0.0,11.235000000000001,0,0.0,1.375,310.005,-4.3548,36.0,0.0,257.832,0.0,0
46593,-1.194,67.62700000000001,0.0,0.0,-2.602,350.0786,0.0,0.0,11.245000000000001,0,0.0,1.365,310.14000000000004,0.9567,35.910000000000004,0.0,257.832,0.0,0
46593,-1.194,67.62700000000001,0.0,0.0,-2.602,350.0786,0.0,0.0,11.255,0,0.0,1.445,310.005,0.9238000000000001,35.4,0.0,257.832,0.0,0
46593,-1.5350000000000001,67.62700000000001,0.0,0.0,-2.602,350.0786,0.0,0.0,11.265,0,0.0,1.48,310.005,0.2639,34.89,0.0,257.832,0.0,0
46593,-1.5350000000000001,67.62700000000001,0.0,0.0,-2.602,350.0786,0.0,0.0,11.274000000000001,0,0.0,1.41,310.14000000000004,0.0,34.35,0.0,257.832,0.0,0
46593,-1.364,67.62700000000001,0.0,0.0,-2.602,350.0786,0.0,0.0,11.284,0,0.0,1.62,310.005,0.7918000000000001,34.59,0.0,257.832,0.0,0
46593,-1.5350000000000001,67.62700000000001,0.0,0.0,-2.602,350.0786,0.0,0.0,11.294,0,1.0,1.5350000000000001,310.005,2.1114,35.19,0.0,257.832,0.0,0
46593,-1.5350000000000001,67.62700000000001,0.0,0.0,-2.602,350.0786,0.0,0.0,11.304,0,0.0,1.54,310.005,-1.4846000000000001,35.64,0.0,257.832,0.0,0
46593,-1.5350000000000001,67.62700000000001,0.0,0.0,-2.602,350.0786,0.0,0.0,11.313,0,0.0,1.625,310.14000000000004,2.7713,36.24,0.0,257.832,0.0,0
46593,-1.5350000000000001,67.62700000000001,0.0,0.0,-2.602,350.0786,0.0,0.0,11.323,0,1.0,1.585,310.005,3.1672000000000002,37.050000000000004,0.0,257.832,0.0,0
46593,-1.5350000000000001,67.62700000000001,0.0,0.0,-2.602,350.0786,0.0,0.0,11.328000000000001,0,2.0,1.56,310.005,2.5733,37.02,0.0,257.832,0.0,0
46593,-1.5350000000000001,67.62700000000001,0.0,0.0,-2.602,350.0786,0.0,0.0,11.338000000000001,0,1.0,1.475,310.005,-1.5836000000000001,36.63,0.0,257.832,0.0,0
46593,-1.364,67.62700000000001,0.0,0.0,-2.602,350.0786,0.0,0.0,11.348,0,1.0,1.76,310.005,-2.7465,37.38,0.0,257.832,0.0,0
46593,-1.5350000000000001,67.62700000000001,0.0,0.0,-2.602,350.0786,0.0,0.0,11.357000000000001,0,1.0,1.49,310.005,-0.39590000000000003,36.87,0.0,257.832,0.0,0
46593,-1.5350000000000001,67.62700000000001,0.0,0.0,-2.602,350.0786,0.0,0.0,11.367,0,0.0,1.585,310.14000000000004,4.1321,36.21,0.0,257.832,0.0,0
46593,-1.5350000000000001,67.62700000000001,0.0,0.0,-2.602,350.0786,0.0,0.0,11.377,0,1.0,1.47,310.14000000000004,4.1321,35.160000000000004,0.0,257.832,0.0,0
46593,-1.705,67.62700000000001,0.0,0.0,-2.602,350.0786,0.0,0.0,11.387,0,0.0,1.48,310.14000000000004,1.1629,35.04,0.0,257.832,0.0,0
46593,-1.0230000000000001,67.62700000000001,0.0,0.0,-2.602,350.0786,0.0,0.0,11.396,0,0.0,1.495,310.005,-3.9342,35.01,0.0,257.832,0.0,0
46593,-1.8760000000000001,67.62700000000001,0.0,0.0,-2.602,350.0786,0.0,0.0,11.406,0,0.0,1.35,309.915,-5.0394000000000005,34.230000000000004,0.0,257.832,0.0,0
46593,-1.364,67.62700000000001,0.0,0.0,-2.602,350.0786,0.0,0.0,11.421000000000001,0,0.0,1.28,310.005,-0.17320000000000002,33.99,0.0,257.832,0.0,0
46593,-1.364,67.62700000000001,0.0,0.0,-2.602,350.0786,0.0,0.0,11.431000000000001,0,0.0,1.205,310.005,0.48660000000000003,34.410000000000004,0.0,257.832,0.0,0
46593,-1.5350000000000001,67.62700000000001,0.0,0.0,-2.602,350.0786,0.0,0.0,11.440000000000001,0,0.0,1.205,310.005,1.4351,35.22,0.0,257.832,0.0,0
46593,-1.705,67.62700000000001,0.0,0.0,-2.602,350.0786,0.0,0.0,11.450000000000001,0,0.0,1.045,310.005,-0.0412,36.21,0.0,257.832,0.0,0
46593,-1.194,67.62700000000001,0.0,0.0,-2.602,350.0786,0.0,0.0,11.46,0,0.0,1.135,310.005,2.6393,37.53,0.0,257.832,0.0,0
46593,-1.364,67.62700000000001,0.0,0.0,-2.602,350.0786,0.0,0.0,11.47,0,0.0,1.075,310.005,2.0042,38.160000000000004,0.0,257.832,0.0,0
46593,-1.705,67.62700000000001,0.0,0.0,-2.602,350.0786,0.0,0.0,11.479000000000001,0,1.0,0.965,310.005,3.1012,36.660000000000004,0.0,257.832,0.0,0
46593,-1.364,67.62700000000001,0.0,0.0,-2.602,350.0786,0.0,0.0,11.494,0,2.0,0.92,310.005,0.6186,35.52,0.0,257.832,0.0,0
46593,-1.705,67.62700000000001,0.0,0.0,-2.602,350.0786,0.0,0.0,11.504000000000001,0,1.0,1.0,309.915,-3.8105,34.980000000000004,0.0,257.832,0.0,0
46593,-1.364,67.62700000000001,0.0,0.0,-2.602,350.0786,0.0,0.0,11.514000000000001,0,0.0,0.91,310.005,-1.6743000000000001,35.01,0.0,257.832,0.0,0
46593,-1.5350000000000001,67.62700000000001,0.0,0.0,-2.602,350.0786,0.0,0.0,11.523,0,0.0,0.9450000000000001,310.14000000000004,4.1981,34.44,0.0,257.832,0.0,0
46593,-1.705,67.62700000000001,0.0,0.0,-2.602,350.0786,0.0,0.0,11.533000000000001,0,0.0,0.785,310.14000000000004,4.1981,33.660000000000004,0.0,257.832,0.0,0
46593,-1.5350000000000001,67.62700000000001,0.0,0.0,-2.602,350.0786,0.0,0.0,11.543000000000001,0,0.0,0.875,310.005,2.2434000000000003,33.87,0.0,257.832,0.0,0
46593,-1.364,67.62700000000001,0.0,0.0,-2.602,350.0786,0.0,0.0,11.543000000000001,0,0.0,0.78,310.005,1.5836000000000001,33.93,0.0,257.832,0.0,0
46593,-1.5350000000000001,67.62700000000001,0.0,0.0,-2.602,350.0786,0.0,0.0,11.553,0,0.0,0.8,310.005,-2.3754,34.14,0.0,257.832,0.0,0
46593,-1.364,67.62700000000001,0.0,0.0,-2.602,350.0786,0.0,0.0,11.567,0,0.0,0.915,310.14000000000004,-2.3754,34.92,0.0,257.832,0.0,0
46593,-1.5350000000000001,67.62700000000001,0.0,0.0,-2.602,350.0786,0.0,0.0,11.577,0,0.0,0.79,310.005,-0.7918000000000001,35.82,0.0,257.832,0.0,0
46593,-1.5350000000000001,67.62700000000001,0.0,0.0,-2.602,350.0786,0.0,0.0,11.587,0,0.0,0.865,309.915,-0.19790000000000002,36.03,0.0,257.832,0.0,0
46593,-1.5350000000000001,67.62700000000001,0.0,0.0,-2.602,350.0786,0.0,0.0,11.597000000000001,0,0.0,0.865,310.14000000000004,-1.1877,35.4,0.0,257.832,0.0,0
46593,-1.5350000000000001,67.62700000000001,0.0,0.0,-2.602,350.0786,0.0,0.0,11.606,0,2.0,0.925,310.005,1.3196,34.92,0.0,257.832,0.0,0
46593,-1.5350000000000001,67.62700000000001,0.0,0.0,-2.602,350.0786,0.0,0.0,11.616000000000001,0,1.0,0.905,309.915,-0.7918000000000001,34.59,0.0,257.832,0.0,0
46593,-1.5350000000000001,67.62700000000001,0.0,0.0,-2.602,350.0786,0.0,0.0,11.626000000000001,0,0.0,1.0050000000000001,310.005,-5.179600000000001,35.25,0.0,257.832,0.0,0
46593,-1.5350000000000001,67.62700000000001,0.0,0.0,-2.602,350.0786,0.0,0.0,11.636000000000001,0,0.0,1.205,309.915,-1.3196,35.61,0.0,257.832,0.0,0
46593,-1.364,67.62700000000001,0.0,0.0,-2.602,350.0786,0.0,0.0,11.646,0,0.0,1.095,310.005,2.8372,35.4,0.0,257.832,0.0,0
46593,-1.364,67.62700000000001,0.0,0.0,-2.602,350.0786,0.0,0.0,11.655000000000001,0,0.0,1.185,310.005,1.4516,34.71,0.0,257.832,0.0,0
46593,-1.5350000000000001,67.62700000000001,0.0,0.0,-2.602,350.0786,0.0,0.0,11.665000000000001,0,0.0,1.22,310.005,-0.5938,33.63,0.0,257.832,0.0,0
46593,-1.194,67.62700000000001,0.0,0.0,-2.602,350.0786,0.0,0.0,11.675,0,0.0,1.1400000000000001,310.005,-0.2639,33.0,0.0,257.832,0.0,0
46593,-1.5350000000000001,67.62700000000001,0.0,0.0,-2.602,350.0786,0.0,0.0,11.685,0,0.0,1.36,310.005,3.4311000000000003,33.480000000000004,0.0,257.832,0.0,0
46593,-1.364,67.62700000000001,0.0,0.0,-2.602,350.0786,0.0,0.0,11.694,0,0.0,1.42,310.005,0.39590000000000003,34.86,0.0,257.832,0.0,0
46593,-1.5350000000000001,67.62700000000001,0.0,0.0,-2.602,350.0786,0.0,0.0,11.704,0,0.0,1.415,310.005,0.7918000000000001,36.45,0.0,257.832,0.0,0
46593,-1.5350000000000001,67.62700000000001,0.0,0.0,-2.602,350.0786,0.0,0.0,11.714,0,0.0,1.6500000000000001,310.14000000000004,3.1672000000000002,36.51,0.0,257.832,0.0,0
46593,-1.5350000000000001,67.62700000000001,0.0,0.0,-2.602,350.0786,0.0,0.0,11.724,0,1.0,1.485,309.915,0.5938,36.06,0.0,257.832,0.0,0
46593,-1.364,67.62700000000001,0.0,0.0,-2.602,350.0786,0.0,0.0,11.733,0,1.0,1.645,310.005,-1.5836000000000001,35.19,0.0,257.832,0.0,0
46593,-1.364,67.62700000000001,0.0,0.0,-2.602,350.0786,0.0,0.0,11.743,0,1.0,1.615,310.14000000000004,-1.0557,34.89,0.0,257.832,0.0,0
46593,-1.705,67.62700000000001,0.0,0.0,-2.602,350.0786,0.0,0.0,11.753,0,0.0,1.68,310.14000000000004,5.806500000000001,34.53,0.0,257.832,0.0,0
46593,-1.364,67.62700000000001,0.0,0.0,-2.602,350.0786,0.0,0.0,11.763,0,0.0,1.67,310.005,2.3754,34.89,0.0,257.832,0.0,0
46593,-1.5350000000000001,67.62700000000001,0.0,0.0,-2.602,350.0786,0.0,0.0,11.777000000000001,0,0.0,1.6,310.14000000000004,-0.7918000000000001,35.25,0.0,257.832,0.0,0
46593,-1.5350000000000001,67.62700000000001,0.0,0.0,-2.602,350.0786,0.0,0.0,11.787,0,0.0,1.6300000000000001,310.005,0.099,35.25,0.0,257.832,0.0,0
46593,-1.5350000000000001,67.62700000000001,0.0,0.0,-2.602,350.0786,0.0,0.0,11.787,0,1.0,1.53,310.005,0.2227,35.19,0.0,257.832,0.0,0
46593,-1.5350000000000001,67.62700000000001,0.0,0.0,-2.602,350.0786,0.0,0.0,11.797,0,0.0,1.655,310.14000000000004,-0.42060000000000003,34.59,0.0,257.832,0.0,0
46593,-1.5350000000000001,67.62700000000001,0.0,0.0,-2.602,350.0786,0.0,0.0,11.807,0,1.0,1.485,310.005,1.0145,33.36,0.0,257.832,0.0,0
46593,-1.194,67.62700000000001,0.0,0.0,-2.602,350.0786,0.0,0.0,11.816,0,2.0,1.495,310.005,3.9589000000000003,32.730000000000004,0.0,257.832,0.0,0
46593,-1.705,67.62700000000001,0.0,0.0,-2.602,350.0786,0.0,0.0,11.826,0,0.0,1.47,310.005,-1.7815,33.84,0.0,257.832,0.0,0
46593,-1.5350000000000001,67.62700000000001,0.0,0.0,-2.602,350.0786,0.0,0.0,11.836,0,1.0,1.415,310.005,0.9897,35.19,0.0,257.832,0.0,0
46593,-1.5350000000000001,67.62700000000001,0.0,0.0,-2.602,350.0786,0.0,0.0,11.851,0,0.0,1.365,310.14000000000004,3.629,36.72,0.0,257.832,0.0,0
46593,-1.194,67.62700000000001,0.0,0.0,-2.602,350.0786,0.0,0.0,11.860000000000001,0,0.0,1.2750000000000001,310.14000000000004,-1.4764000000000002,37.050000000000004,0.0,257.832,0.0,0
46593,-1.5350000000000001,67.62700000000001,0.0,0.0,-2.602,350.0786,0.0,0.0,11.870000000000001,0,0.0,1.25,310.005,-3.3404000000000003,36.69,0.0,257.832,0.0,0
46593,-1.5350000000000001,67.62700000000001,0.0,0.0,-2.602,350.0786,0.0,0.0,11.88,0,0.0,1.1300000000000001,310.005,-1.3609,35.82,0.0,257.832,0.0,0
46593,-1.364,67.62700000000001,0.0,0.0,-2.602,350.0786,0.0,0.0,11.89,0,0.0,1.125,309.915,-4.7342,35.04,0.0,257.832,0.0,0
46593,-1.194,67.62700000000001,0.0,0.0,-2.602,350.0786,0.0,0.0,11.899000000000001,0,0.0,0.96,310.005,1.0557,34.56,0.0,257.832,0.0,0
46593,-1.705,67.62700000000001,0.0,0.0,-2.602,350.0786,0.0,0.0,11.909,0,1.0,1.075,310.14000000000004,3.0352,34.38,0.0,257.832,0.0,0
46593,-1.364,67.62700000000001,0.0,0.0,-2.602,350.0786,0.0,0.0,11.924000000000001,0,0.0,0.91,310.14000000000004,2.4001,34.410000000000004,0.0,257.832,0.0,0
46593,-1.5350000000000001,67.62700000000001,0.0,0.0,-2.602,350.0786,0.0,0.0,11.934000000000001,0,0.0,1.0150000000000001,310.14000000000004,3.2744,34.5,0.0,257.832,0.0,0
46593,-1.194,67.62700000000001,0.0,0.0,-2.602,350.0786,0.0,0.0,11.943000000000001,0,0.0,0.88,310.005,-1.6908,34.65,0.0,257.832,0.0,0
46593,-1.5350000000000001,67.62700000000001,0.0,0.0,-2.602,350.0786,0.0,0.0,11.953000000000001,0,2.0,0.965,310.005,-4.3301,33.81,0.0,257.832,0.0,0
46593,-1.5350000000000001,67.62700000000001,0.0,0.0,-2.602,350.0786,0.0,0.0,11.963000000000001,0,2.0,0.93,310.14000000000004,-1.3856000000000002,33.39,0.0,257.832,0.0,0
46593,-1.5350000000000001,67.62700000000001,0.0,0.0,-2.602,350.0786,0.0,0.0,11.973,0,0.0,0.89,310.14000000000004,2.0867,34.35,0.0,257.832,0.0,0
46593,-1.0230000000000001,67.62700000000001,0.0,0.0,-2.602,350.0786,0.0,0.0,11.982000000000001,0,1.0,0.93,310.14000000000004,1.0310000000000001,35.37,0.0,257.832,0.0,0
46593,-1.705,67.62700000000001,0.0,0.0,-2.602,350.0786,0.0,0.0,11.992,0,0.0,1.0,309.915,-2.4249,36.27,0.0,257.832,0.0,0
46593,-1.5350000000000001,67.62700000000001,0.0,0.0,-2.602,350.0786,0.0,0.0,12.002,0,0.0,1.04,310.005,-3.4063000000000003,36.660000000000004,0.0,257.832,0.0,0
46593,-1.194,67.62700000000001,0.0,0.0,-2.602,350.0786,0.0,0.0,12.012,0,0.0,1.095,310.005,0.2639,35.64,0.0,257.832,0.0,0
46593,-1.5350000000000001,67.62700000000001,0.0,0.0,-2.602,350.0786,0.0,0.0,12.021,0,0.0,1.135,310.005,0.4454,34.800000000000004,0.0,257.832,0.0,0
46593,-1.5350000000000001,67.62700000000001,0.0,0.0,-2.602,350.0786,0.0,0.0,12.031,0,0.0,1.225,310.005,-3.1012,34.44,0.0,257.832,0.0,0
46593,-1.705,67.62700000000001,0.0,0.0,-2.602,350.0786,0.0,0.0,12.041,0,0.0,1.36,310.005,5.6745,34.95,0.0,257.832,0.0,0
46593,-1.5350000000000001,67.62700000000001,0.0,0.0,-2.602,350.0786,0.0,0.0,12.051,0,1.0,1.365,310.14000000000004,2.2846,34.95,0.0,257.832,0.0,0
46593,-1.5350000000000001,67.62700000000001,0.0,0.0,-2.602,350.0786,0.0,0.0,12.061,0,1.0,1.465,310.005,-0.9238000000000001,34.38,0.0,257.832,0.0,0
46593,-1.5350000000000001,67.62700000000001,0.0,0.0,-2.602,350.0786,0.0,0.0,12.065000000000001,0,0.0,1.455,310.005,-1.5836000000000001,34.32,0.0,257.832,0.0,0
46593,-1.364,67.62700000000001,0.0,0.0,-2.602,350.0786,0.0,0.0,12.075000000000001,0,1.0,1.495,310.005,-0.2639,34.17,0.0,257.832,0.0,0
46593,-1.364,67.62700000000001,0.0,0.0,-2.602,350.0786,0.0,0.0,12.085,0,0.0,1.62,310.005,-2.5403000000000002,33.81,0.0,257.832,0.0,0
46593,-1.5350000000000001,67.62700000000001,0.0,0.0,-2.602,350.0786,0.0,0.0,12.095,0,0.0,1.69,309.915,-1.1877,34.38,0.0,257.832,0.0,0
46593,-1.5350000000000001,67.62700000000001,0.0,0.0,-2.602,350.0786,0.0,0.0,12.104000000000001,0,0.0,1.8800000000000001,310.14000000000004,6.499300000000001,34.800000000000004,0.0,257.832,0.0,0
46593,-1.0230000000000001,67.62700000000001,0.0,0.0,-2.602,350.0786,0.0,0.0,12.114,0,1.0,1.75,309.915,0.39590000000000003,35.730000000000004,0.0,257.832,0.0,0
46593,-1.705,67.62700000000001,0.0,0.0,-2.602,350.0786,0.0,0.0,12.124,0,0.0,1.825,310.005,-4.024900000000001,36.21,0.0,257.832,0.0,0
46593,-1.5350000000000001,67.62700000000001,0.0,0.0,-2.602,350.0786,0.0,0.0,12.134,0,1.0,1.7850000000000001,310.14000000000004,1.4516,37.11,0.0,257.832,0.0,0
46593,-1.8760000000000001,67.62700000000001,0.0,0.0,-2.602,350.0786,0.0,0.0,12.144,0,1.0,1.885,310.14000000000004,5.641500000000001,36.78,0.0,257.832,0.0,0
46593,-1.5350000000000001,67.62700000000001,0.0,0.0,-2.602,350.0786,0.0,0.0,12.153,0,1.0,1.895,310.14000000000004,3.1672000000000002,36.15,0.0,257.832,0.0,0
46593,-1.8760000000000001,67.62700000000001,0.0,0.0,-2.602,350.0786,0.0,0.0,12.163,0,1.0,1.92,310.005,-3.0682,35.43,0.0,257.832,0.0,0
46593,-1.5350000000000001,67.62700000000001,0.0,0.0,-2.602,350.0786,0.0,0.0,12.173,0,0.0,1.81,310.14000000000004,-1.1877,34.92,0.0,257.832,0.0,0
46593,-1.364,67.62700000000001,0.0,0.0,-2.602,350.0786,0.0,0.0,12.183,0,0.0,1.825,310.005,1.6826,34.26,0.0,257.832,0.0,0
46593,-1.5350000000000001,67.62700000000001,0.0,0.0,-2.602,350.0786,0.0,0.0,12.192,0,0.0,1.84,310.14000000000004,0.6598,34.44,0.0,257.832,0.0,0
46593,-1.5350000000000001,67.62700000000001,0.0,0.0,-2.602,350.0786,0.0,0.0,12.202,0,0.0,1.845,310.005,-2.2764,34.29,0.0,257.832,0.0,0
46593,-1.364,67.62700000000001,0.0,0.0,-2.602,350.0786,0.0,0.0,12.217,0,0.0,1.815,310.005,-1.1877,34.86,0.0,257.832,0.0,0
46593,-1.364,67.62700000000001,0.0,0.0,-2.602,350.0786,0.0,0.0,12.227,0,0.0,1.78,310.005,-1.4846000000000001,35.730000000000004,0.0,257.832,0.0,0
46593,-1.5350000000000001,67.62700000000001,0.0,0.0,-2.602,350.0786,0.0,0.0,12.236,0,1.0,1.58,310.005,1.3196,36.33,0.0,257.832,0.0,0
46593,-1.5350000000000001,67.62700000000001,0.0,0.0,-2.602,350.0786,0.0,0.0,12.246,0,0.0,1.695,310.005,0.0,37.02,0.0,257.832,0.0,0
46593,-1.5350000000000001,67.62700000000001,0.0,0.0,-2.602,350.0786,0.0,0.0,12.256,0,0.0,1.545,310.005,-1.3196,37.11,0.0,257.832,0.0,0
46593,-1.5350000000000001,67.62700000000001,0.0,0.0,-2.602,350.0786,0.0,0.0,12.266,0,1.0,1.615,310.005,1.3196,37.11,0.0,257.832,0.0,0
46593,-1.5350000000000001,67.62700000000001,0.0,0.0,-2.602,350.0786,0.0,0.0,12.275,0,1.0,1.465,310.14000000000004,6.7302,37.14,0.0,257.832,0.0,0
46593,-1.0230000000000001,67.62700000000001,0.0,0.0,-2.602,350.0786,0.0,0.0,12.290000000000001,0,0.0,1.32,310.005,-0.7918000000000001,36.78,0.0,257.832,0.0,0
46593,-1.364,67.62700000000001,0.0,0.0,-2.602,350.0786,0.0,0.0,12.3,0,0.0,1.3800000000000001,310.005,-3.4311000000000003,36.21,0.0,257.832,0.0,0
46593,-1.5350000000000001,67.62700000000001,0.0,0.0,-2.602,350.0786,0.0,0.0,12.31,0,0.0,1.32,310.005,-0.4289,34.89,0.0,257.832,0.0,0
46593,-1.364,67.62700000000001,0.0,0.0,-2.602,350.0786,0.0,0.0,12.319,0,0.0,1.34,310.005,1.9795,34.29,0.0,257.832,0.0,0
46593,-1.5350000000000001,67.62700000000001,0.0,0.0,-2.602,350.0786,0.0,0.0,12.329,0,0.0,1.24,310.005,2.3754,34.5,0.0,257.832,0.0,0
46593,-1.364,67.62700000000001,0.0,0.0,-2.602,350.0786,0.0,0.0,12.339,0,0.0,1.23,310.14000000000004,3.1672000000000002,34.38,0.0,257.832,0.0,0
46593,-1.5350000000000001,67.62700000000001,0.0,0.0,-2.602,350.0786,0.0,0.0,12.339,0,1.0,1.2550000000000001,309.915,1.864,34.44,0.0,257.832,0.0,0
46593,-1.364,67.62700000000001,0.0,0.0,-2.602,350.0786,0.0,0.0,12.354000000000001,0,0.0,1.125,310.005,-0.132,34.56,0.0,257.832,0.0,0
46593,-1.5350000000000001,67.62700000000001,0.0,0.0,-2.602,350.0786,0.0,0.0,12.363000000000001,0,1.0,1.165,310.005,-2.9032,34.980000000000004,0.0,257.832,0.0,0
46593,-1.5350000000000001,67.62700000000001,0.0,0.0,-2.602,350.0786,0.0,0.0,12.373000000000001,0,0.0,1.1400000000000001,310.14000000000004,0.7258,36.21,0.0,257.832,0.0,0
46593,-1.364,67.62700000000001,0.0,0.0,-2.602,350.0786,0.0,0.0,12.383000000000001,0,0.0,1.175,310.14000000000004,3.0764,37.17,0.0,257.832,0.0,0
46593,-1.5350000000000001,67.62700000000001,0.0,0.0,-2.602,350.0786,0.0,0.0,12.393,0,0.0,1.1500000000000001,310.005,1.5011,36.6,0.0,257.832,0.0,0
46593,-1.5350000000000001,67.62700000000001,0.0,0.0,-2.602,350.0786,0.0,0.0,12.402000000000001,0,0.0,1.24,310.14000000000004,-1.5836000000000001,36.03,0.0,257.832,0.0,0
46593,-1.194,67.62700000000001,0.0,0.0,-2.602,350.0786,0.0,0.0,12.412,0,1.0,1.205,310.14000000000004,-1.4516,35.46,0.0,257.832,0.0,0
46593,-1.364,67.62700000000001,0.0,0.0,-2.602,350.0786,0.0,0.0,12.422,0,0.0,1.3,310.005,0.6598,36.15,0.0,257.832,0.0,0
46593,-1.364,67.62700000000001,0.0,0.0,-2.602,350.0786,0.0,0.0,12.432,0,0.0,1.295,310.14000000000004,2.5486,36.81,0.0,257.832,0.0,0
46593,-1.705,67.62700000000001,0.0,0.0,-2.602,350.0786,0.0,0.0,12.441,0,0.0,1.26,310.005,-2.3506,36.33,0.0,257.832,0.0,0
46593,-1.5350000000000001,67.62700000000001,0.0,0.0,-2.602,350.0786,0.0,0.0,12.451,0,0.0,1.36,309.915,-4.9734,35.43,0.0,257.832,0.0,0
46593,-1.194,67.62700000000001,0.0,0.0,-2.602,350.0786,0.0,0.0,12.461,0,0.0,1.405,310.14000000000004,2.3094,34.980000000000004,0.0,257.832,0.0,0
46593,-1.5350000000000001,67.62700000000001,0.0,0.0,-2.602,350.0786,0.0,0.0,12.471,0,0.0,1.375,310.14000000000004,4.594,34.410000000000004,0.0,257.832,0.0,0
46593,-1.5350000000000001,67.62700000000001,0.0,0.0,-2.602,350.0786,0.0,0.0,12.48,0,0.0,1.54,310.23,1.3279,34.32,0.0,257.832,0.0,0
46593,-1.364,67.62700000000001,0.0,0.0,-2.602,350.0786,0.0,0.0,12.49,0,0.0,1.5250000000000001,310.005,-2.2187,34.77,0.0,257.832,0.0,0
46593,-1.194,67.62700000000001,0.0,0.0,-2.602,350.0786,0.0,0.0,12.5,0,-1.0,1.615,310.14000000000004,-6.2683,35.910000000000004,0.0,257.832,0.0,0
46593,-1.705,67.62700000000001,0.0,0.0,-2.602,350.0786,0.0,0.0,12.515,0,1.0,1.6,310.14000000000004,-1.1464,37.71,0.0,257.832,0.0,0
46593,-1.364,67.62700000000001,0.0,0.0,-2.602,350.0786,0.0,0.0,12.524000000000001,0,1.0,1.695,310.005,3.8930000000000002,38.04,0.0,257.832,0.0,0
46593,-1.364,67.62700000000001,0.0,0.0,-2.602,350.0786,0.0,0.0,12.534,0,0.0,1.7650000000000001,309.915,-5.344600000000001,37.32,0.0,257.832,0.0,0
46593,-1.364,67.62700000000001,0.0,0.0,-2.602,350.0786,0.0,0.0,12.544,0,0.0,1.825,310.005,-1.7568000000000001,36.51,0.0,257.832,0.0,0
46593,-1.5350000000000001,67.62700000000001,0.0,0.0,-2.602,350.0786,0.0,0.0,12.554,0,1.0,1.8800000000000001,310.14000000000004,3.8270000000000004,36.480000000000004,0.0,257.832,0.0,0
46593,-1.364,67.62700000000001,0.0,0.0,-2.602,350.0786,0.0,0.0,12.554,0,0.0,1.825,310.14000000000004,5.2786,36.54,0.0,257.832,0.0,0
46593,-1.194,67.62700000000001,0.0,0.0,-2.602,350.0786,0.0,0.0,12.563,0,0.0,1.815,310.005,-0.8578,36.480000000000004,0.0,257.832,0.0,0
46593,-1.5350000000000001,67.62700000000001,0.0,0.0,-2.602,350.0786,0.0,0.0,12.573,0,0.0,1.885,310.005,1.0557,35.82,0.0,257.832,0.0,0
46593,-1.5350000000000001,67.62700000000001,0.0,0.0,-2.602,350.0786,0.0,0.0,12.583,0,0.0,1.865,309.915,1.4846000000000001,34.77,0.0,257.832,0.0,0
46593,-1.364,67.62700000000001,0.0,0.0,-2.602,350.0786,0.0,0.0,12.593,0,0.0,1.99,309.915,-2.2434000000000003,34.38,0.0,257.832,0.0,0
46593,-1.5350000000000001,67.62700000000001,0.0,0.0,-2.602,350.0786,0.0,0.0,12.603,0,1.0,1.965,310.005,-1.5836000000000001,34.56,0.0,257.832,0.0,0
46593,-1.364,67.62700000000001,0.0,0.0,-2.602,350.0786,0.0,0.0,12.612,0,0.0,1.99,310.14000000000004,2.1114,34.86,0.0,257.832,0.0,0
46593,-1.5350000000000001,67.62700000000001,0.0,0.0,-2.602,350.0786,0.0,0.0,12.622,0,1.0,1.995,310.14000000000004,5.641500000000001,35.7,0.0,257.832,0.0,0
46593,-1.364,67.62700000000001,0.0,0.0,-2.602,350.0786,0.0,0.0,12.632000000000001,0,0.0,1.875,310.005,1.7155,36.93,0.0,257.832,0.0,0
46593,-1.5350000000000001,67.62700000000001,0.0,0.0,-2.602,350.0786,0.0,0.0,12.646,0,0.0,1.955,310.005,-5.4435,37.86,0.0,257.832,0.0,0
46593,-1.5350000000000001,67.62700000000001,0.0,0.0,-2.602,350.0786,0.0,0.0,12.656,0,0.0,1.93,310.14000000000004,1.7155,38.49,0.0,257.832,0.0,0
46593,-1.5350000000000001,67.62700000000001,0.0,0.0,-2.602,350.0786,0.0,0.0,12.666,0,0.0,1.7850000000000001,310.14000000000004,3.3321,37.74,0.0,257.832,0.0,0
46593,-1.364,67.62700000000001,0.0,0.0,-2.602,350.0786,0.0,0.0,12.676,0,0.0,1.83,310.14000000000004,2.7713,36.84,0.0,257.832,0.0,0
46593,-1.364,67.62700000000001,0.0,0.0,-2.602,350.0786,0.0,0.0,12.686,0,0.0,1.735,310.14000000000004,3.9589000000000003,36.300000000000004,0.0,257.832,0.0,0
46593,-1.5350000000000001,67.62700000000001,0.0,0.0,-2.602,350.0786,0.0,0.0,12.695,0,0.0,1.675,310.005,-4.7507,36.0,0.0,257.832,0.0,0
46593,-1.194,67.62700000000001,0.0,0.0,-2.602,350.0786,0.0,0.0,12.705,0,0.0,1.58,310.14000000000004,-4.7507,35.46,0.0,257.832,0.0,0
46593,-1.5350000000000001,67.62700000000001,0.0,0.0,-2.602,350.0786,0.0,0.0,12.71,0,1.0,1.675,310.14000000000004,-3.9589000000000003,35.37,0.0,257.832,0.0,0
46593,-1.5350000000000001,67.62700000000001,0.0,0.0,-2.602,350.0786,0.0,0.0,12.72,0,1.0,1.645,310.14000000000004,1.3856000000000002,34.65,0.0,257.832,0.0,0
46593,-1.5350000000000001,67.62700000000001,0.0,0.0,-2.602,350.0786,0.0,0.0,12.729000000000001,0,1.0,1.55,310.005,0.19790000000000002,34.230000000000004,0.0,257.832,0.0,0
46593,-1.364,67.62700000000001,0.0,0.0,-2.602,350.0786,0.0,0.0,12.739,0,0.0,1.485,310.14000000000004,-4.1569,34.32,0.0,257.832,0.0,0
46593,-1.705,67.62700000000001,0.0,0.0,-2.602,350.0786,0.0,0.0,12.769,0,0.0,4.46,310.005,-1.1877,35.07,0.0,257.832,0.0,0
46593,-1.5350000000000001,67.62700000000001,0.0,0.0,-2.602,350.0786,0.0,0.0,12.896,0,0.0,7.65,309.915,-1.1052,36.9,0.0,257.832,0.0,0
46593,-1.194,67.62700000000001,0.0,0.0,-2.602,350.0786,0.0,0.0,13.184000000000001,0,0.0,8.465,310.14000000000004,0.8330000000000001,37.53,0.0,257.832,0.0,0
46593,-1.5350000000000001,67.62700000000001,0.0,0.0,-2.602,350.0786,0.0,0.0,13.657,0,1.0,8.915000000000001,310.005,1.5836000000000001,37.53,0.0,257.832,0.0,0
46593,-1.705,67.62700000000001,0.0,0.0,-2.602,350.0786,0.0,0.0,14.307,0,0.0,8.885,310.005,1.1217000000000001,37.2,0.0,257.832,0.0,0
46593,-1.5350000000000001,67.62700000000001,0.0,0.0,-2.602,350.0786,0.0,0.0,15.137,0,0.0,8.43,310.005,-1.9547,36.9,0.0,257.832,0.0,0
46593,-1.364,67.62700000000001,0.0,0.0,-2.602,350.0786,0.0,0.0,16.104,0,1.0,5.485,310.005,0.39590000000000003,35.7,0.0,257.832,0.0,0
46593,-1.364,67.62700000000001,0.0,0.0,-2.602,350.0786,0.0,0.0,17.114,0,1.0,2.955,309.915,-0.3134,34.86,0.0,257.832,0.0,0
46593,-1.5350000000000001,67.62700000000001,0.0,0.0,-2.602,350.0786,0.0,0.0,18.115000000000002,0,0.0,3.565,310.005,-0.5279,34.77,0.0,257.832,0.0,0
46593,-1.194,67.62700000000001,0.0,0.0,-2.602,350.0786,0.0,0.0,19.116,0,0.0,3.715,310.14000000000004,-0.3547,35.25,0.0,257.832,0.0,0
46593,-1.364,67.62700000000001,0.0,0.0,-2.602,350.0786,0.0,0.0,20.112000000000002,0,0.0,3.305,310.005,3.1012,34.89,0.0,257.832,0.0,0
46593,-1.364,67.62700000000001,0.0,0.0,-2.602,350.0786,0.0,0.0,21.113,0,0.0,4.26,310.005,2.3094,34.800000000000004,0.0,257.832,0.0,0
46593,-1.5350000000000001,67.62700000000001,0.0,0.0,-2.602,350.0786,0.0,0.0,22.114,0,0.0,3.125,310.005,-4.0414,34.08,0.0,257.832,0.0,0
46593,-1.194,67.62700000000001,0.0,0.0,-2.602,350.0786,0.0,0.0,23.115000000000002,0,0.0,4.09,310.005,-2.1774,34.5,0.0,257.832,0.0,0
46593,-1.364,67.62700000000001,0.0,0.0,-2.602,350.0786,0.0,0.0,24.116,0,0.0,3.92,310.14000000000004,4.3301,36.0,0.0,257.832,0.0,0
46593,-1.364,67.62700000000001,0.0,0.0,-2.602,350.0786,0.0,0.0,25.117,0,1.0,3.27,310.005,5.5425,36.72,0.0,257.832,0.0,0
46593,-1.5350000000000001,67.62700000000001,0.0,0.0,-2.602,350.0786,0.0,0.0,26.118000000000002,0,1.0,3.98,310.005,-0.19790000000000002,37.2,0.0,257.832,0.0,0
46593,-1.5350000000000001,67.62700000000001,0.0,0.0,-2.602,350.0786,0.0,0.0,27.119,0,-1.0,2.75,310.005,-5.5178,36.72,0.0,257.832,0.0,0
46593,-1.364,67.62700000000001,0.0,0.0,-2.602,350.0786,0.0,0.0,27.217000000000002,0,0.0,2.865,310.005,-5.4435,36.72,0.0,257.832,0.0,0
46593,-1.5350000000000001,67.62700000000001,0.0,0.0,-2.602,350.0786,0.0,0.0,28.218,0,0.0,3.97,309.915,-3.8270000000000004,35.910000000000004,0.0,257.832,0.0,0
46593,-1.5350000000000001,67.62700000000001,0.0,0.0,-2.602,350.0786,0.0,0.0,29.219,0,0.0,2.56,310.14000000000004,2.5403000000000002,35.04,0.0,257.832,0.0,0
46593,-1.364,67.62700000000001,0.0,0.0,-2.602,350.0786,0.0,0.0,30.220000000000002,0,0.0,3.465,310.005,1.5836000000000001,35.25,0.0,257.832,0.0,0
46593,-1.194,67.62700000000001,0.0,0.0,-2.602,350.0786,0.0,0.0,31.221,0,0.0,3.745,310.005,-0.5938,34.86,0.0,257.832,0.0,0
46593,-1.5350000000000001,67.62700000000001,0.0,0.0,-2.602,350.0786,0.0,0.0,32.217,0,0.0,2.795,309.915,-3.0352,34.65,0.0,257.832,0.0,0
46593,-1.5350000000000001,67.62700000000001,0.0,0.0,-2.602,350.0786,0.0,0.0,33.218,0,0.0,4.55,310.005,-1.3196,34.17,0.0,257.832,0.0,0
46593,-1.364,67.62700000000001,0.0,0.0,-2.602,350.0786,0.0,0.0,34.219,0,0.0,2.77,310.005,0.39590000000000003,34.26,0.0,257.832,0.0,0
46593,-1.364,67.62700000000001,0.0,0.0,-2.602,350.0786,0.0,0.0,35.22,0,0.0,4.235,310.005,0.19790000000000002,34.2,0.0,257.832,0.0,0
46593,-1.5350000000000001,67.62700000000001,0.0,0.0,-2.602,350.0786,0.0,0.0,36.221000000000004,0,1.0,3.5700000000000003,310.14000000000004,0.39590000000000003,35.4,0.0,257.832,0.0,0
46593,-1.364,67.62700000000001,0.0,0.0,-2.602,350.0786,0.0,0.0,36.318000000000005,0,1.0,2.77,310.005,-0.19790000000000002,35.67,0.0,257.832,0.0,0
46593,-1.5350000000000001,67.62700000000001,0.0,0.0,-2.602,350.0786,0.0,0.0,37.319,0,1.0,4.14,309.915,-3.4146,36.42,0.0,257.832,0.0,0
46593,-1.5350000000000001,67.62700000000001,0.0,0.0,-2.602,350.0786,0.0,0.0,38.32,0,1.0,3.235,310.14000000000004,1.2949000000000002,36.87,0.0,257.832,0.0,0
46593,-1.364,67.62700000000001,0.0,0.0,-2.602,350.0786,0.0,0.0,39.321000000000005,0,0.0,3.33,310.005,4.0497000000000005,37.02,0.0,257.832,0.0,0
46593,-1.364,67.62700000000001,0.0,0.0,-2.602,350.0786,0.0,0.0,40.322,0,0.0,4.005,310.005,4.0084,36.75,0.0,257.832,0.0,0
46593,-1.364,67.62700000000001,0.0,0.0,-2.602,350.0786,0.0,0.0,41.318000000000005,0,1.0,2.7,310.14000000000004,-2.5733,36.660000000000004,0.0,257.832,0.0,0
46593,-1.0230000000000001,67.62700000000001,0.0,0.0,-2.602,350.0786,0.0,0.0,42.319,0,0.0,4.19,310.005,-2.5733,36.18,0.0,257.832,0.0,0
46593,-1.5350000000000001,67.62700000000001,0.0,0.0,-2.602,350.0786,0.0,0.0,43.32,0,0.0,3.255,310.005,0.42060000000000003,35.94,0.0,257.832,0.0,0
46593,-1.364,67.62700000000001,0.0,0.0,-2.602,350.0786,0.0,0.0,44.321000000000005,0,0.0,3.815,310.005,-1.9547,35.13,0.0,257.832,0.0,0
46593,-1.0230000000000001,67.62700000000001,0.0,0.0,-2.602,350.0786,0.0,0.0,45.322,0,0.0,3.805,310.14000000000004,0.37120000000000003,35.19,0.0,257.832,0.0,0
46593,-1.705,67.62700000000001,0.0,0.0,-2.602,350.0786,0.0,0.0,46.318000000000005,0,0.0,3.5300000000000002,309.915,2.2599,34.86,0.0,257.832,0.0,0
46593,-1.364,67.62700000000001,0.0,0.0,-2.602,350.0786,0.0,0.0,47.319,0,0.0,3.025,310.14000000000004,-1.4104,34.53,0.0,257.832,0.0,0
46593,-1.364,67.62700000000001,0.0,0.0,-2.602,350.0786,0.0,0.0,48.32,0,1.0,3.735,310.005,-3.0764,34.35,0.0,257.832,0.0,0
46593,-1.0230000000000001,67.62700000000001,0.0,0.0,-2.602,350.0786,0.0,0.0,49.321000000000005,0,1.0,2.725,309.915,2.6558,35.22,0.0,257.832,0.0,0
46593,-1.364,67.62700000000001,0.0,0.0,-2.602,350.0786,0.0,0.0,50.322,0,0.0,3.9,310.005,-0.0412,36.09,0.0,257.832,0.0,0
46593,-1.5350000000000001,67.62700000000001,0.0,0.0,-2.602,350.0786,0.0,0.0,51.323,0,0.0,2.73,310.14000000000004,1.6248,36.36,0.0,257.832,0.0,0
46593,-1.5350000000000001,67.62700000000001,0.0,0.0,-2.602,350.0786,0.0,0.0,52.324000000000005,0,0.0,4.195,310.005,3.6125000000000003,36.09,0.0,257.832,0.0,0
46593,-1.364,67.62700000000001,0.0,0.0,-2.602,350.0786,0.0,0.0,53.32,0,1.0,3.38,310.005,-1.1629,35.4,0.0,257.832,0.0,0
46593,-1.194,67.62700000000001,0.0,0.0,-2.602,350.0786,0.0,0.0,54.321000000000005,0,0.0,3.9450000000000003,310.005,-0.9650000000000001,35.22,0.0,257.832,0.0,0
46593,-1.705,67.62700000000001,0.0,0.0,-2.602,350.0786,0.0,0.0,55.322,0,0.0,3.29,310.005,-1.6248,35.52,0.0,257.832,0.0,0
46593,-1.194,67.62700000000001,0.0,0.0,-2.602,350.0786,0.0,0.0,56.323,0,0.0,3.1950000000000003,310.14000000000004,1.0310000000000001,34.71,0.0,257.832,0.0,0
46593,-1.5350000000000001,67.62700000000001,0.0,0.0,-2.602,350.0786,0.0,0.0,57.324000000000005,0,0.0,3.36,310.005,1.6083,34.56,0.0,257.832,0.0,0
46593,-1.364,67.62700000000001,0.0,0.0,-2.602,350.0786,0.0,0.0,58.325,0,1.0,3.09,310.005,-2.7713,34.26,0.0,257.832,0.0,0
46593,-1.364,67.62700000000001,0.0,0.0,-2.602,350.0786,0.0,0.0,59.326,0,2.0,3.35,310.005,-0.39590000000000003,34.17,0.0,257.832,0.0,0
46593,-1.364,67.62700000000001,0.0,0.0,-2.602,350.0786,0.0,0.0,60.322,0,1.0,3.77,310.14000000000004,3.5383,34.29,0.0,257.832,0.0,0
46593,-1.194,67.62700000000001,0.0,0.0,-2.602,350.0786,0.0,0.0,61.323,0,1.0,3.11,310.005,2.3754,34.47,0.0,257.832,0.0,0
46593,-0.853,67.62700000000001,0.0,0.0,-2.602,350.0786,0.0,0.0,62.324000000000005,0,2.0,4.53,310.005,-1.7815,35.37,0.0,257.832,0.0,0
46593,-1.5350000000000001,67.62700000000001,0.0,0.0,-2.602,350.0786,0.0,0.0,63.32,0,0.0,3.3850000000000002,310.005,-5.1219,36.27,0.0,257.832,0.0,0
46593,-1.5350000000000001,67.62700000000001,0.0,0.0,-2.602,350.0786,0.0,0.0,64.321,0,1.0,4.0600000000000005,309.915,2.0620000000000003,35.94,0.0,257.832,0.0,0
46593,-1.5350000000000001,67.62700000000001,0.0,0.0,-2.602,350.0786,0.0,0.0,65.322,0,0.0,3.45,310.005,1.8475000000000001,35.97,0.0,257.832,0.0,0
46593,-1.364,67.62700000000001,0.0,0.0,-2.602,350.0786,0.0,0.0,66.32300000000001,0,1.0,3.665,310.14000000000004,2.5486,35.37,0.0,257.832,0.0,0
46593,-1.364,67.62700000000001,0.0,0.0,-2.602,350.0786,0.0,0.0,67.305,0,0.0,-1.32,309.915,1.8887,35.82,0.0,257.832,0.0,0
46593,-1.364,67.62700000000001,0.0,0.0,-2.602,350.0786,0.0,0.0,68.101,0,1.0,-7.3,310.14000000000004,0.899,35.67,0.0,257.832,0.0,0
46593,-1.705,67.62700000000001,0.0,0.0,-2.602,350.0786,0.0,0.0,68.56,0,0.0,-8.415000000000001,310.14000000000004,-0.3299,35.82,0.0,257.832,0.0,0
46593,-1.364,67.62700000000001,0.0,0.0,-2.602,350.0786,0.0,0.0,68.584,0,0.0,-8.040000000000001,310.14000000000004,0.39590000000000003,35.94,0.0,257.832,0.0,0
46593,-1.194,67.62700000000001,0.0,0.0,-2.602,350.0786,0.0,0.0,68.71600000000001,0,0.0,-3.395,310.005,-1.6496000000000002,36.54,0.0,257.832,0.0,0
46593,-1.0230000000000001,67.62700000000001,0.0,0.0,-2.602,350.0786,0.0,-0.2,68.73,0,1.0,0.79,310.14000000000004,-0.9238000000000001,35.61,0.0,257.832,0.0,0
46593,-1.364,67.62700000000001,0.0,0.0,-2.602,350.0786,0.0,0.0,68.73,0,0.0,0.255,310.005,3.2661000000000002,34.230000000000004,0.0,257.832,0.0,0
46593,-1.5350000000000001,67.62700000000001,0.0,0.0,-2.602,350.0786,0.0,0.0,68.73,0,0.0,0.005,310.14000000000004,0.6598,34.05,0.0,257.832,0.0,0
46593,-1.0230000000000001,67.62700000000001,0.0,0.0,-2.602,350.0786,0.0,0.0,68.73,0,-1.0,-0.63,310.005,-2.2764,33.93,0.0,257.832,0.0,0
46593,-1.194,67.62700000000001,0.0,0.0,-2.602,350.0786,0.0,0.0,68.691,0,0.0,-5.13,309.915,-1.7155,35.49,0.0,257.832,0.0,0
46593,-1.364,67.62700000000001,0.0,0.0,-2.602,350.0786,0.0,0.0,68.516,0,1.0,-8.035,309.915,-0.6268,37.29,0.0,257.832,0.0,0
46593,-1.194,67.62700000000001,0.0,0.0,-2.602,350.0786,0.0,0.0,68.159,0,0.0,-8.845,310.14000000000004,3.1672000000000002,38.34,0.0,257.832,0.0,0
46593,-1.5350000000000001,67.62700000000001,0.0,0.0,-2.602,350.0786,0.0,0.0,67.60300000000001,0,1.0,-8.88,310.005,4.6848,37.74,0.0,257.832,0.0,0
46593,-1.5350000000000001,67.62700000000001,0.0,0.0,-2.602,350.0786,0.0,0.0,66.855,0,0.0,-8.155,310.005,0.6598,36.27,0.0,257.832,0.0,0
46593,-1.5350000000000001,67.62700000000001,0.0,0.0,-2.602,350.0786,0.0,0.0,65.95700000000001,0,1.0,-7.33,310.005,-1.4846000000000001,35.4,0.0,257.832,0.0,0
46593,-1.5350000000000001,67.62700000000001,0.0,0.0,-2.602,350.0786,0.0,0.0,64.956,0,0.0,-3.145,310.005,0.0,35.25,0.0,257.832,0.0,0
46593,-1.5350000000000001,67.62700000000001,0.0,0.0,-2.602,350.0786,0.0,0.0,63.945,0,0.0,-3.54,310.14000000000004,-2.4743,36.33,0.0,257.832,0.0,0
46593,-1.5350000000000001,67.62700000000001,0.0,0.0,-2.602,350.0786,0.0,0.0,62.944,0,0.0,-2.98,309.915,-0.6598,36.9,0.0,257.832,0.0,0
46593,-1.194,67.62700000000001,0.0,0.0,-2.602,350.0786,0.0,0.0,61.943000000000005,0,0.0,-3.185,310.005,2.6393,35.97,0.0,257.832,0.0,0
46593,-0.853,67.62700000000001,0.0,0.0,-2.602,350.0786,0.0,0.0,60.947,0,2.0,-3.505,309.915,-3.8270000000000004,35.31,0.0,257.832,0.0,0
46593,-1.0230000000000001,67.62700000000001,0.0,0.0,-2.602,350.0786,0.0,0.0,59.941,0,1.0,-2.7800000000000002,310.005,-1.1217000000000001,34.83,0.0,257.832,0.0,0
46593,-1.5350000000000001,67.62700000000001,0.0,0.0,-2.602,350.0786,0.0,0.0,58.945,0,1.0,-3.85,310.14000000000004,3.9589000000000003,34.59,0.0,257.832,0.0,0
46593,-1.0230000000000001,67.62700000000001,0.0,0.0,-2.602,350.0786,0.0,0.0,57.944,0,0.0,-3.62,310.14000000000004,1.6826,34.95,0.0,257.832,0.0,0
46593,-1.5350000000000001,67.62700000000001,0.0,0.0,-2.602,350.0786,0.0,0.0,56.943000000000005,0,0.0,-3.42,310.005,0.0,36.09,0.0,257.832,0.0,0
46593,-1.364,67.62700000000001,0.0,0.0,-2.602,350.0786,0.0,0.0,55.947,0,0.0,-3.86,310.005,0.099,37.44,0.0,257.832,0.0,0
46593,-1.364,67.62700000000001,0.0,0.0,-2.602,350.0786,0.0,0.0,54.941,0,0.0,-3.09,310.14000000000004,2.3754,37.74,0.0,257.832,0.0,0
46593,-1.5350000000000001,67.62700000000001,0.0,0.0,-2.602,350.0786,0.0,0.0,53.945,0,1.0,-3.71,310.14000000000004,0.6928000000000001,37.68,0.0,257.832,0.0,0
46593,-1.5350000000000001,67.62700000000001,0.0,0.0,-2.602,350.0786,0.0,0.0,52.944,0,1.0,-3.605,310.005,-1.9795,37.62,0.0,257.832,0.0,0
46593,-1.5350000000000001,67.62700000000001,0.0,0.0,-2.602,350.0786,0.0,0.0,52.842000000000006,0,0.0,-2.765,310.14000000000004,-1.8063,37.59,0.0,257.832,0.0,0
46593,-1.364,67.62700000000001,0.0,0.0,-2.602,350.0786,0.0,0.0,51.841,0,0.0,-3.47,310.005,-0.37120000000000003,36.87,0.0,257.832,0.0,0
46593,-1.364,67.62700000000001,0.0,0.0,-2.602,350.0786,0.0,0.0,50.845000000000006,0,1.0,-3.52,310.005,-0.9650000000000001,35.67,0.0,257.832,0.0,0
46593,-1.364,67.62700000000001,0.0,0.0,-2.602,350.0786,0.0,0.0,49.844,0,1.0,-2.795,310.005,-0.5938,34.35,0.0,257.832,0.0,0
46593,-1.194,67.62700000000001,0.0,0.0,-2.602,350.0786,0.0,0.0,48.843,0,1.0,-4.24,310.005,-1.9795,34.29,0.0,257.832,0.0,0
46593,-1.5350000000000001,67.62700000000001,0.0,0.0,-2.602,350.0786,0.0,0.0,47.842,0,0.0,-3.21,310.005,0.39590000000000003,33.78,0.0,257.832,0.0,0
46593,-1.705,67.62700000000001,0.0,0.0,-2.602,350.0786,0.0,0.0,46.841,0,0.0,-3.79,310.005,2.7713,33.9,0.0,257.832,0.0,0
46593,-1.5350000000000001,67.62700000000001,0.0,0.0,-2.602,350.0786,0.0,0.0,45.845,0,1.0,-3.52,310.005,0.9897,34.08,0.0,257.832,0.0,0
46593,-1.8760000000000001,67.62700000000001,0.0,0.0,-2.602,350.0786,0.0,0.0,44.844,0,0.0,-3.065,310.005,-1.1877,35.1,0.0,257.832,0.0,0
46593,-1.364,67.62700000000001,0.0,0.0,-2.602,350.0786,0.0,0.0,43.843,0,1.0,-3.825,310.005,-0.37120000000000003,36.6,0.0,257.832,0.0,0
46593,-1.364,67.62700000000001,0.0,0.0,-2.602,350.0786,0.0,0.0,42.842,0,0.0,-3.045,310.14000000000004,3.5383,37.89,0.0,257.832,0.0,0
46593,-1.5350000000000001,67.62700000000001,0.0,0.0,-2.602,350.0786,0.0,0.0,41.841,0,0.0,-3.115,310.005,2.3754,38.1,0.0,257.832,0.0,0
46593,-1.364,67.62700000000001,0.0,0.0,-2.602,350.0786,0.0,0.0,40.84,0,0.0,-3.45,309.915,-0.9073,37.35,0.0,257.832,0.0,0
46593,-1.364,67.62700000000001,0.0,0.0,-2.602,350.0786,0.0,0.0,39.839,0,0.0,-2.64,310.14000000000004,-3.1672000000000002,35.97,0.0,257.832,0.0,0
46593,-1.5350000000000001,67.62700000000001,0.0,0.0,-2.602,350.0786,0.0,0.0,38.843,0,0.0,-4.215,310.005,4.024900000000001,35.1,0.0,257.832,0.0,0
46593,-1.0230000000000001,67.62700000000001,0.0,0.0,-2.602,350.0786,0.0,0.0,37.842,0,0.0,-2.91,310.005,0.5526,35.13,0.0,257.832,0.0,0
46593,-1.364,67.62700000000001,0.0,0.0,-2.602,350.0786,0.0,0.0,36.841,0,1.0,-3.5,310.005,-1.7568000000000001,34.68,0.0,257.832,0.0,0
46593,-1.194,67.62700000000001,0.0,0.0,-2.602,350.0786,0.0,0.0,35.84,0,0.0,-3.77,310.005,-0.9650000000000001,34.410000000000004,0.0,257.832,0.0,0
46593,-1.364,67.62700000000001,0.0,0.0,-2.602,350.0786,0.0,0.0,34.839,0,0.0,-2.895,310.005,-2.1774,34.74,0.0,257.832,0.0,0
46593,-1.194,67.62700000000001,0.0,0.0,-2.602,350.0786,0.0,0.0,33.838,0,0.0,-3.98,310.23,3.5878,34.68,0.0,257.832,0.0,0
46593,-1.194,67.62700000000001,0.0,0.0,-2.602,350.0786,0.0,0.0,32.837,0,0.0,-3.0100000000000002,310.005,3.4311000000000003,34.71,0.0,257.832,0.0,0
46593,-1.194,67.62700000000001,0.0,0.0,-2.602,350.0786,0.0,0.0,31.841,0,0.0,-3.055,310.005,-1.8475000000000001,35.64,0.0,257.832,0.0,0
46593,-1.5350000000000001,67.62700000000001,0.0,0.0,-2.602,350.0786,0.0,0.0,30.84,0,0.0,-3.765,309.915,-6.2766,36.93,0.0,257.832,0.0,0
46593,-1.5350000000000001,67.62700000000001,0.0,0.0,-2.602,350.0786,0.0,0.0,29.839000000000002,0,0.0,-2.625,310.14000000000004,3.4063000000000003,37.050000000000004,0.0,257.832,0.0,0
46593,-1.364,67.62700000000001,0.0,0.0,-2.602,350.0786,0.0,0.0,28.838,0,0.0,-4.41,310.005,4.1569,36.87,0.0,257.832,0.0,0
46593,-1.5350000000000001,67.62700000000001,0.0,0.0,-2.602,350.0786,0.0,0.0,27.837,0,2.0,-2.985,310.14000000000004,1.6908,36.96,0.0,257.832,0.0,0
46593,-1.194,67.62700000000001,0.0,0.0,-2.602,350.0786,0.0,0.0,26.841,0,0.0,-3.685,309.915,-3.0599000000000003,36.63,0.0,257.832,0.0,0
46593,-1.194,67.62700000000001,0.0,0.0,-2.602,350.0786,0.0,0.0,25.84,0,1.0,-3.6950000000000003,310.005,-0.5031,35.97,0.0,257.832,0.0,0
46593,-1.364,67.62700000000001,0.0,0.0,-2.602,350.0786,0.0,0.0,24.839000000000002,0,1.0,-3.33,310.14000000000004,-2.5073000000000003,35.49,0.0,257.832,0.0,0
46593,-1.0230000000000001,67.62700000000001,0.0,0.0,-2.602,350.0786,0.0,0.0,23.838,0,1.0,-4.2,310.005,3.1012,35.160000000000004,0.0,257.832,0.0,0
46593,-1.705,67.62700000000001,0.0,0.0,-2.602,350.0786,0.0,0.0,22.837,0,0.0,-2.77,310.005,2.3094,35.52,0.0,257.832,0.0,0
46593,-1.194,67.62700000000001,0.0,0.0,-2.602,350.0786,0.0,0.0,22.739,0,0.0,-3.11,310.005,1.8475000000000001,35.43,0.0,257.832,0.0,0
46593,-1.364,67.62700000000001,0.0,0.0,-2.602,350.0786,0.0,0.0,21.738,0,1.0,-3.81,310.005,-3.1672000000000002,36.12,0.0,257.832,0.0,0
46593,-1.194,67.62700000000001,0.0,0.0,-2.602,350.0786,0.0,0.0,20.737000000000002,0,0.0,-2.71,310.005,0.0,35.79,0.0,257.832,0.0,0
46593,-1.5350000000000001,67.62700000000001,0.0,0.0,-2.602,350.0786,0.0,0.0,19.736,0,0.0,-3.93,310.005,0.39590000000000003,34.89,0.0,257.832,0.0,0
46593,-1.0230000000000001,67.62700000000001,0.0,0.0,-2.602,350.0786,0.0,0.0,18.740000000000002,0,0.0,-2.68,310.14000000000004,1.4846000000000001,35.34,0.0,257.832,0.0,0
46593,-1.194,67.62700000000001,0.0,0.0,-2.602,350.0786,0.0,0.0,17.803,0,1.0,6.045,310.005,-1.1877,35.61,0.0,257.832,0.0,0
46593,-1.194,67.62700000000001,0.0,0.0,-2.602,350.0786,0.0,0.0,17.144000000000002,0,1.0,8.21,310.005,-3.1672000000000002,36.15,0.0,257.832,0.0,0
46593,-1.364,67.62700000000001,0.0,0.0,-2.602,350.0786,0.0,0.0,16.821,0,1.0,6.545,309.915,-2.6393,36.54,0.0,257.832,0.0,0
46593,-1.5350000000000001,67.62700000000001,0.0,0.0,-2.602,350.0786,0.0,0.0,16.748,0,1.0,0.5700000000000001,309.915,-1.5176,36.72,0.0,257.832,0.0,0
46593,-1.194,67.62700000000001,0.0,0.0,-2.602,350.0786,0.0,0.0,16.738,0,0.0,0.16,310.005,-2.6393,36.45,0.0,257.832,0.0,0
46593,-1.5350000000000001,67.62700000000001,0.0,0.0,-2.602,350.0786,0.0,0.0,16.743000000000002,0,0.0,-0.42,310.005,0.19790000000000002,36.57,0.0,257.832,0.0,0
46593,-1.364,67.62700000000001,0.0,0.0,-2.602,350.0786,0.0,0.0,16.743000000000002,0,0.0,-0.195,310.14000000000004,6.5982,35.910000000000004,0.0,257.832,0.0,0
46593,-1.364,67.62700000000001,0.0,0.0,-2.602,350.0786,0.0,0.0,16.743000000000002,0,0.0,-0.125,310.14000000000004,0.6928000000000001,34.68,0.0,257.832,0.0,0
46593,-1.5350000000000001,67.62700000000001,0.0,0.0,-2.602,350.0786,0.0,0.0,16.743000000000002,0,0.0,-0.125,309.915,-2.1114,33.87,0.0,257.832,0.0,0
46593,-1.5350000000000001,67.62700000000001,0.0,0.0,-2.602,350.0786,0.0,0.0,16.743000000000002,0,0.0,-0.1,310.005,-0.165,33.78,0.0,257.832,0.0,0
46593,-1.5350000000000001,67.62700000000001,0.0,0.0,-2.602,350.0786,0.0,0.0,16.748,0,0.0,2.5,310.005,-4.3548,34.410000000000004,0.0,257.832,0.0,0
46593,-1.0230000000000001,67.62700000000001,0.0,0.0,-2.602,350.0786,0.0,0.0,16.836000000000002,0,0.0,6.035,310.14000000000004,0.099,35.4,0.0,257.832,0.0,0
46593,-1.194,67.62700000000001,0.0,0.0,-2.602,350.0786,0.0,0.0,17.080000000000002,0,0.0,7.795,310.23,3.8270000000000004,36.15,0.0,257.832,0.0,0
46593,-1.194,67.62700000000001,0.0,0.0,-2.602,350.0786,0.0,0.0,17.524,0,2.0,8.52,310.005,-2.3754,36.39,0.0,257.832,0.0,0
46593,-1.0230000000000001,67.62700000000001,0.0,0.0,-2.602,350.0786,0.0,0.0,17.578,0,1.0,8.72,310.005,-2.7053000000000003,36.39,0.0,257.832,0.0,0
46593,-1.364,67.62700000000001,0.0,0.0,-2.602,350.0786,0.0,0.0,18.242,0,1.0,8.89,310.005,1.2124000000000001,36.660000000000004,0.0,257.832,0.0,0
46593,-1.194,67.62700000000001,0.0,0.0,-2.602,350.0786,0.0,0.0,19.087,0,0.0,7.905,310.14000000000004,4.6353,35.64,0.0,257.832,0.0,0
46593,-1.0230000000000001,67.62700000000001,0.0,0.0,-2.602,350.0786,0.0,0.0,20.063000000000002,0,1.0,4.84,310.005,-2.3754,35.61,0.0,257.832,0.0,0
46593,-1.364,67.62700000000001,0.0,0.0,-2.602,350.0786,0.0,0.0,21.074,0,0.0,3.375,310.005,-3.5383,35.52,0.0,257.832,0.0,0
46593,-1.5350000000000001,67.62700000000001,0.0,0.0,-2.602,350.0786,0.0,0.0,22.075,0,0.0,3.21,310.14000000000004,-1.3856000000000002,35.67,0.0,257.832,0.0,0
46593,-1.705,67.62700000000001,0.0,0.0,-2.602,350.0786,0.0,0.0,23.076,0,0.0,3.6750000000000003,310.005,3.563,34.86,0.0,257.832,0.0,0
46593,-1.364,67.62700000000001,0.0,0.0,-2.602,350.0786,0.0,0.0,24.077,0,0.0,3.7600000000000002,310.14000000000004,0.37120000000000003,34.2,0.0,257.832,0.0,0
46593,-1.5350000000000001,67.62700000000001,0.0,0.0,-2.602,350.0786,0.0,0.0,25.078000000000003,0,2.0,3.27,310.005,-4.4208,32.94,0.0,257.832,0.0,0
46593,-1.194,67.62700000000001,0.0,0.0,-2.602,350.0786,0.0,0.0,26.079,0,0.0,3.295,310.14000000000004,0.0412,32.7,0.0,257.832,0.0,0
46593,-1.364,67.62700000000001,0.0,0.0,-2.602,350.0786,0.0,0.0,27.080000000000002,0,0.0,3.275,309.915,-1.4351,33.6,0.0,257.832,0.0,0
46593,-1.194,67.62700000000001,0.0,0.0,-2.602,350.0786,0.0,0.0,28.076,0,0.0,2.95,309.915,0.0165,34.980000000000004,0.0,257.832,0.0,0
46593,-1.5350000000000001,67.62700000000001,0.0,0.0,-2.602,350.0786,0.0,0.0,29.077,0,0.0,3.705,310.14000000000004,-0.8825000000000001,35.85,0.0,257.832,0.0,0
46593,-1.5350000000000001,67.62700000000001,0.0,0.0,-2.602,350.0786,0.0,0.0,30.078000000000003,0,0.0,3.1,310.005,4.998200000000001,35.910000000000004,0.0,257.832,0.0,0
46593,-1.364,67.62700000000001,0.0,0.0,-2.602,350.0786,0.0,0.0,31.079,0,0.0,3.52,310.005,3.2991,35.94,0.0,257.832,0.0,0
46593,-1.5350000000000001,67.62700000000001,0.0,0.0,-2.602,350.0786,0.0,0.0,32.08,0,0.0,3.64,310.14000000000004,-4.7507,35.7,0.0,257.832,0.0,0
46593,-1.364,67.62700000000001,0.0,0.0,-2.602,350.0786,0.0,0.0,33.076,0,0.0,3.085,310.005,1.0145,35.7,0.0,257.832,0.0,0
46593,-1.364,67.62700000000001,0.0,0.0,-2.602,350.0786,0.0,0.0,34.077,0,0.0,3.9250000000000003,310.14000000000004,2.1527000000000003,35.1,0.0,257.832,0.0,0
46593,-1.0230000000000001,67.62700000000001,0.0,0.0,-2.602,350.0786,0.0,0.0,35.078,0,0.0,3.0,309.915,-4.6023000000000005,35.19,0.0,257.832,0.0,0
46593,-1.5350000000000001,67.62700000000001,0.0,0.0,-2.602,350.0786,0.0,0.0,36.079,0,1.0,3.7600000000000002,310.14000000000004,-2.664,35.31,0.0,257.832,0.0,0
46593,-1.194,67.62700000000001,0.0,0.0,-2.602,350.0786,0.0,0.0,37.08,0,0.0,3.225,310.14000000000004,3.8022,34.38,0.0,257.832,0.0,0
46593,-1.5350000000000001,67.62700000000001,0.0,0.0,-2.602,350.0786,0.0,0.0,38.081,0,0.0,2.985,310.005,4.6023000000000005,34.26,0.0,257.832,0.0,0
46593,-1.364,67.62700000000001,0.0,0.0,-2.602,350.0786,0.0,0.0,38.179,0,0.0,4.26,310.005,3.3651,34.35,0.0,257.832,0.0,0
46593,-1.5350000000000001,67.62700000000001,0.0,0.0,-2.602,350.0786,0.0,0.0,39.18,0,0.0,2.8850000000000002,310.005,-5.5425,34.29,0.0,257.832,0.0,0
46593,-1.364,67.62700000000001,0.0,0.0,-2.602,350.0786,0.0,0.0,40.181000000000004,0,0.0,3.185,310.005,-3.0682,34.800000000000004,0.0,257.832,0.0,0
46593,-1.0230000000000001,67.62700000000001,0.0,0.0,-2.602,350.0786,0.0,0.0,41.182,0,0.0,4.41,310.005,1.9795,34.980000000000004,0.0,257.832,0.0,0
46593,-1.364,67.62700000000001,0.0,0.0,-2.602,350.0786,0.0,0.0,42.183,0,0.0,2.39,310.005,2.3754,36.300000000000004,0.0,257.832,0.0,0
46593,-1.364,67.62700000000001,0.0,0.0,-2.602,350.0786,0.0,0.0,43.179,0,0.0,4.4350000000000005,309.915,-1.4516,36.42,0.0,257.832,0.0,0
46593,-1.364,67.62700000000001,0.0,0.0,-2.602,350.0786,0.0,0.0,44.18,0,-1.0,3.075,310.005,0.2639,36.33,0.0,257.832,0.0,0
46593,-1.5350000000000001,67.62700000000001,0.0,0.0,-2.602,350.0786,0.0,0.0,45.181000000000004,0,2.0,3.59,310.005,-0.7918000000000001,35.910000000000004,0.0,257.832,0.0,0
46593,-1.0230000000000001,67.62700000000001,0.0,0.0,-2.602,350.0786,0.0,0.0,46.182,0,0.0,3.495,310.005,1.7815,34.980000000000004,0.0,257.832,0.0,0
46593,-1.364,67.62700000000001,0.0,0.0,-2.602,350.0786,0.0,0.0,47.183,0,0.0,2.945,310.14000000000004,3.1672000000000002,34.65,0.0,257.832,0.0,0
46593,-1.5350000000000001,67.62700000000001,0.0,0.0,-2.602,350.0786,0.0,0.0,48.184000000000005,0,0.0,3.43,310.14000000000004,0.6928000000000001,34.92,0.0,257.832,0.0,0
46593,-1.194,67.62700000000001,0.0,0.0,-2.602,350.0786,0.0,0.0,49.185,0,0.0,3.295,310.005,0.0,34.68,0.0,257.832,0.0,0
46593,-1.0230000000000001,67.62700000000001,0.0,0.0,-2.602,350.0786,0.0,0.0,50.181000000000004,0,0.0,2.86,310.14000000000004,0.5279,33.69,0.0,257.832,0.0,0
46593,-1.5350000000000001,67.62700000000001,0.0,0.0,-2.602,350.0786,0.0,0.0,51.182,0,0.0,3.77,310.14000000000004,1.8475000000000001,33.78,0.0,257.832,0.0,0
46593,-1.5350000000000001,67.62700000000001,0.0,0.0,-2.602,350.0786,0.0,0.0,52.183,0,0.0,2.37,310.005,2.3754,32.85,0.0,257.832,0.0,0
46593,-1.194,67.62700000000001,0.0,0.0,-2.602,350.0786,0.0,0.0,53.184000000000005,0,0.0,4.67,310.005,-3.563,33.21,0.0,257.832,0.0,0
46593,-1.364,67.62700000000001,0.0,0.0,-2.602,350.0786,0.0,0.0,53.281000000000006,0,0.0,3.33,310.14000000000004,-2.5733,33.33,0.0,257.832,0.0,0
46593,-1.364,67.62700000000001,0.0,0.0,-2.602,350.0786,0.0,0.0,54.282000000000004,0,0.0,3.2800000000000002,310.14000000000004,0.9897,33.93,0.0,257.832,0.0,0
46593,-1.194,67.62700000000001,0.0,0.0,-2.602,350.0786,0.0,0.0,55.283,0,0.0,3.81,310.005,0.39590000000000003,35.79,0.0,257.832,0.0,0
46593,-1.5350000000000001,67.62700000000001,0.0,0.0,-2.602,350.0786,0.0,0.0,56.284000000000006,0,1.0,3.0700000000000003,310.14000000000004,-1.4104,36.660000000000004,0.0,257.832,0.0,0
46593,-1.5350000000000001,67.62700000000001,0.0,0.0,-2.602,350.0786,0.0,0.0,57.285000000000004,0,1.0,3.4050000000000002,310.14000000000004,-0.39590000000000003,36.81,0.0,257.832,0.0,0
46593,-1.364,67.62700000000001,0.0,0.0,-2.602,350.0786,0.0,0.0,58.286,0,1.0,3.31,310.14000000000004,2.5486,35.76,0.0,257.832,0.0,0
46593,-1.364,67.62700000000001,0.0,0.0,-2.602,350.0786,0.0,0.0,59.282000000000004,0,0.0,2.77,310.005,-1.7568000000000001,34.62,0.0,257.832,0.0,0
46593,-1.0230000000000001,67.62700000000001,0.0,0.0,-2.602,350.0786,0.0,0.0,60.283,0,0.0,3.99,310.14000000000004,-1.4104,34.53,0.0,257.832,0.0,0
46593,-1.5350000000000001,67.62700000000001,0.0,0.0,-2.602,350.0786,0.0,0.0,61.284000000000006,0,0.0,2.65,310.14000000000004,1.3856000000000002,35.31,0.0,257.832,0.0,0
46593,-1.5350000000000001,67.62700000000001,0.0,0.0,-2.602,350.0786,0.0,0.0,62.285000000000004,0,0.0,4.205,310.14000000000004,2.3506,35.550000000000004,0.0,257.832,0.0,0
46593,-1.0230000000000001,67.62700000000001,0.0,0.0,-2.602,350.0786,0.0,0.0,63.281000000000006,0,0.0,3.5300000000000002,310.005,-3.9342,34.5,0.0,257.832,0.0,0
46593,-1.364,67.62700000000001,0.0,0.0,-2.602,350.0786,0.0,0.0,64.282,0,0.0,3.6750000000000003,310.14000000000004,0.767,34.410000000000004,0.0,257.832,0.0,0
46593,-1.194,67.62700000000001,0.0,0.0,-2.602,350.0786,0.0,0.0,65.283,0,0.0,3.645,309.915,-1.4764000000000002,34.08,0.0,257.832,0.0,0
46593,-1.364,67.62700000000001,0.0,0.0,-2.602,350.0786,0.0,0.0,66.284,0,0.0,3.665,310.005,-1.5176,33.21,0.0,257.832,0.0,0
46593,-1.194,67.62700000000001,0.0,0.0,-2.602,350.0786,0.0,0.0,67.271,0,1.0,-1.1400000000000001,310.005,0.2227,33.96,0.0,257.832,0.0,0
46593,-1.5350000000000001,67.62700000000001,0.0,0.0,-2.602,350.0786,0.0,0.0,68.071,0,1.0,-6.955,310.005,-0.2639,34.800000000000004,0.0,257.832,0.0,0
46593,-1.0230000000000001,67.62700000000001,0.0,0.0,-2.602,350.0786,0.0,0.0,68.545,0,0.0,-8.415000000000001,310.14000000000004,0.37120000000000003,36.21,0.0,257.832,0.0,0
46593,-1.5350000000000001,67.62700000000001,0.0,0.0,-2.602,350.0786,0.0,0.0,68.711,0,0.0,-4.295,310.14000000000004,5.5178,35.730000000000004,0.0,257.832,0.0,0
46593,-1.364,67.62700000000001,0.0,0.0,-2.602,350.0786,0.0,0.0,68.73,0,0.0,0.405,310.005,0.9897,36.12,0.0,257.832,0.0,0
46593,-1.194,67.62700000000001,0.0,0.0,-2.602,350.0786,0.0,0.0,68.735,0,1.0,0.045,310.005,-2.5733,36.51,0.0,257.832,0.0,0
46593,-1.364,67.62700000000001,0.0,0.0,-2.602,350.0786,0.0,0.0,68.73,0,0.0,0.03,310.005,-0.767,35.730000000000004,0.0,257.832,0.0,0
46593,-1.0230000000000001,67.62700000000001,0.0,0.0,-2.602,350.0786,0.0,0.0,68.73,0,0.0,-1.495,309.915,-3.3898,34.74,0.0,257.832,0.0,0
46593,-1.5350000000000001,67.62700000000001,0.0,0.0,-2.602,350.0786,0.0,0.0,68.667,0,0.0,-5.855,310.005,-2.0455,34.08,0.0,257.832,0.0,0
46593,-1.5350000000000001,67.62700000000001,0.0,0.0,-2.602,350.0786,0.0,0.0,68.462,0,0.0,-8.115,310.14000000000004,4.2229,35.01,0.0,257.832,0.0,0
46593,-1.194,67.62700000000001,0.0,0.0,-2.602,350.0786,0.0,0.0,68.057,0,1.0,-8.49,310.005,4.0084,35.01,0.0,257.832,0.0,0
46593,-1.364,67.62700000000001,0.0,0.0,-2.602,350.0786,0.0,0.0,67.456,0,2.0,-8.98,310.14000000000004,0.1072,34.77,0.0,257.832,0.0,0
46593,-1.194,67.62700000000001,0.0,0.0,-2.602,350.0786,0.0,0.0,66.675,0,1.0,-9.135,310.005,-1.097,33.99,0.0,257.832,0.0,0
46593,-1.364,67.62700000000001,0.0,0.0,-2.602,350.0786,0.0,0.0,65.747,0,1.0,-6.285,310.005,0.42060000000000003,34.05,0.0,257.832,0.0,0
46593,-1.364,67.62700000000001,0.0,0.0,-2.602,350.0786,0.0,0.0,64.741,0,0.0,-3.36,310.005,-1.9547,34.86,0.0,257.832,0.0,0
46593,-1.5350000000000001,67.62700000000001,0.0,0.0,-2.602,350.0786,0.0,0.0,63.73500000000001,0,0.0,-3.31,310.005,0.39590000000000003,36.27,0.0,257.832,0.0,0
46593,-1.194,67.62700000000001,0.0,0.0,-2.602,350.0786,0.0,0.0,62.729000000000006,0,1.0,-3.0500000000000003,310.14000000000004,2.7465,36.300000000000004,0.0,257.832,0.0,0
46593,-1.364,67.62700000000001,0.0,0.0,-2.602,350.0786,0.0,0.0,61.733000000000004,0,0.0,-3.265,310.005,-0.5938,36.480000000000004,0.0,257.832,0.0,0
46593,-1.364,67.62700000000001,0.0,0.0,-2.602,350.0786,0.0,0.0,60.732000000000006,0,0.0,-3.065,310.005,-2.7713,36.93,0.0,257.832,0.0,0
46593,-1.5350000000000001,67.62700000000001,0.0,0.0,-2.602,350.0786,0.0,0.0,59.731,0,0.0,-3.355,310.14000000000004,1.7568000000000001,36.660000000000004,0.0,257.832,0.0,0
46593,-1.194,67.62700000000001,0.0,0.0,-2.602,350.0786,0.0,0.0,58.730000000000004,0,1.0,-3.555,310.005,1.1877,36.39,0.0,257.832,0.0,0
46593,-1.5350000000000001,67.62700000000001,0.0,0.0,-2.602,350.0786,0.0,0.0,57.734,0,0.0,-3.545,310.005,-4.2229,35.7,0.0,257.832,0.0,0
46593,-1.5350000000000001,67.62700000000001,0.0,0.0,-2.602,350.0786,0.0,0.0,56.733000000000004,0,0.0,-3.8000000000000003,310.14000000000004,2.8372,34.95,0.0,257.832,0.0,0
46593,-1.194,67.62700000000001,0.0,0.0,-2.602,350.0786,0.0,0.0,56.631,0,0.0,-3.895,310.14000000000004,3.9589000000000003,34.92,0.0,257.832,0.0,0
46593,-1.0230000000000001,67.62700000000001,0.0,0.0,-2.602,350.0786,0.0,0.0,55.635000000000005,0,0.0,-3.725,310.14000000000004,7.258100000000001,34.410000000000004,0.0,257.832,0.0,0
46593,-1.0230000000000001,67.62700000000001,0.0,0.0,-2.602,350.0786,0.0,0.0,54.634,0,0.0,-3.185,310.005,-3.9589000000000003,34.230000000000004,0.0,257.832,0.0,0
46593,-1.364,67.62700000000001,0.0,0.0,-2.602,350.0786,0.0,0.0,53.633,0,0.0,-3.7,310.005,-3.9589000000000003,34.410000000000004,0.0,257.832,0.0,0
46593,-1.364,67.62700000000001,0.0,0.0,-2.602,350.0786,0.0,0.0,52.632000000000005,0,0.0,-3.06,310.005,2.4743,35.82,0.0,257.832,0.0,0
46593,-1.5350000000000001,67.62700000000001,0.0,0.0,-2.602,350.0786,0.0,0.0,51.631,0,0.0,-3.415,310.005,-1.9795,36.51,0.0,257.832,0.0,0
46593,-1.364,67.62700000000001,0.0,0.0,-2.602,350.0786,0.0,0.0,50.63,0,1.0,-3.245,310.14000000000004,-1.1547,36.480000000000004,0.0,257.832,0.0,0
46593,-1.5350000000000001,67.62700000000001,0.0,0.0,-2.602,350.0786,0.0,0.0,49.629000000000005,0,0.0,-3.54,310.14000000000004,4.6188,36.51,0.0,257.832,0.0,0
46593,-1.0230000000000001,67.62700000000001,0.0,0.0,-2.602,350.0786,0.0,0.0,48.633,0,0.0,-3.355,310.005,0.0,36.660000000000004,0.0,257.832,0.0,0
46593,-1.0230000000000001,67.62700000000001,0.0,0.0,-2.602,350.0786,0.0,0.0,47.632000000000005,0,0.0,-3.645,310.14000000000004,-1.1877,36.84,0.0,257.832,0.0,0
46593,-1.364,67.62700000000001,0.0,0.0,-2.602,350.0786,0.0,0.0,46.631,0,0.0,-3.705,310.005,-0.6928000000000001,36.6,0.0,257.832,0.0,0
46593,-1.5350000000000001,67.62700000000001,0.0,0.0,-2.602,350.0786,0.0,0.0,45.63,0,0.0,-3.745,309.915,-1.0557,36.12,0.0,257.832,0.0,0
46593,-1.194,67.62700000000001,0.0,0.0,-2.602,350.0786,0.0,0.0,44.629000000000005,0,0.0,-3.095,310.14000000000004,-2.1114,35.34,0.0,257.832,0.0,0
46593,-1.5350000000000001,67.62700000000001,0.0,0.0,-2.602,350.0786,0.0,0.0,43.628,0,0.0,-3.49,310.005,-0.2639,34.35,0.0,257.832,0.0,0
46593,-1.194,67.62700000000001,0.0,0.0,-2.602,350.0786,0.0,0.0,42.627,0,0.0,-2.93,310.005,3.629,33.99,0.0,257.832,0.0,0
46593,-1.0230000000000001,67.62700000000001,0.0,0.0,-2.602,350.0786,0.0,0.0,41.626000000000005,0,1.0,-3.145,310.14000000000004,2.3754,33.54,0.0,257.832,0.0,0
46593,-1.364,67.62700000000001,0.0,0.0,-2.602,350.0786,0.0,0.0,40.63,0,0.0,-3.2600000000000002,310.14000000000004,4.651800000000001,34.32,0.0,257.832,0.0,0
46593,-1.364,67.62700000000001,0.0,0.0,-2.602,350.0786,0.0,0.0,39.629000000000005,0,1.0,-3.21,310.14000000000004,0.7918000000000001,35.22,0.0,257.832,0.0,0
46593,-1.194,67.62700000000001,0.0,0.0,-2.602,350.0786,0.0,0.0,38.628,0,0.0,-3.5500000000000003,310.005,-5.4435,37.08,0.0,257.832,0.0,0
46593,-1.364,67.62700000000001,0.0,0.0,-2.602,350.0786,0.0,0.0,37.627,0,0.0,-3.355,310.14000000000004,0.7918000000000001,37.26,0.0,257.832,0.0,0
46593,-1.0230000000000001,67.62700000000001,0.0,0.0,-2.602,350.0786,0.0,0.0,36.631,0,0.0,-3.67,310.14000000000004,-0.7918000000000001,36.57,0.0,257.832,0.0,0
46593,-1.194,67.62700000000001,0.0,0.0,-2.602,350.0786,0.0,0.0,35.63,0,1.0,-3.52,309.915,-2.1114,36.09,0.0,257.832,0.0,0
46593,-1.5350000000000001,67.62700000000001,0.0,0.0,-2.602,350.0786,0.0,0.0,34.629000000000005,0,0.0,-3.365,310.005,-0.165,36.39,0.0,257.832,0.0,0
46593,-1.194,67.62700000000001,0.0,0.0,-2.602,350.0786,0.0,0.0,33.628,0,0.0,-3.18,309.915,-6.2023,36.36,0.0,257.832,0.0,0
46593,-1.194,67.62700000000001,0.0,0.0,-2.602,350.0786,0.0,0.0,32.627,0,0.0,-3.2,310.005,2.0455,36.660000000000004,0.0,257.832,0.0,0
46593,-1.364,67.62700000000001,0.0,0.0,-2.602,350.0786,0.0,0.0,31.626,0,1.0,-2.995,310.005,-0.5279,36.03,0.0,257.832,0.0,0
46593,-1.194,67.62700000000001,0.0,0.0,-2.602,350.0786,0.0,0.0,30.625,0,0.0,-3.37,310.005,-4.5528,35.1,0.0,257.832,0.0,0
46593,-1.194,67.62700000000001,0.0,0.0,-2.602,350.0786,0.0,0.0,29.624000000000002,0,0.0,-3.5700000000000003,310.005,4.3548,34.29,0.0,257.832,0.0,0
46593,-0.853,67.62700000000001,0.0,0.0,-2.602,350.0786,0.0,0.0,28.628,0,0.0,-3.245,310.005,3.6950000000000003,34.38,0.0,257.832,0.0,0
46593,-1.364,67.62700000000001,0.0,0.0,-2.602,350.0786,0.0,0.0,27.627000000000002,0,0.0,-3.87,310.005,-1.9795,35.1,0.0,257.832,0.0,0
46593,-1.364,67.62700000000001,0.0,0.0,-2.602,350.0786,0.0,0.0,26.626,0,0.0,-3.18,310.005,0.0,36.21,0.0,257.832,0.0,0
46593,-0.853,67.62700000000001,0.0,0.0,-2.602,350.0786,0.0,0.0,26.528000000000002,0,0.0,-4.21,310.005,-0.9238000000000001,36.27,0.0,257.832,0.0,0
46593,-1.194,67.62700000000001,0.0,0.0,-2.602,350.0786,0.0,0.0,25.527,0,0.0,-3.075,310.005,0.0,36.99,0.0,257.832,0.0,0
46593,-1.364,67.62700000000001,0.0,0.0,-2.602,350.0786,0.0,0.0,24.526,0,0.0,-3.94,310.14000000000004,0.5691,37.38,0.0,257.832,0.0,0
46593,-1.194,67.62700000000001,0.0,0.0,-2.602,350.0786,0.0,0.0,23.525000000000002,0,0.0,-3.585,310.005,1.5836000000000001,36.75,0.0,257.832,0.0,0
46593,-1.5350000000000001,67.62700000000001,0.0,0.0,-2.602,350.0786,0.0,0.0,23.428,0,-1.0,-3.315,310.005,0.7918000000000001,36.660000000000004,0.0,257.832,0.0,0
46593,-1.0230000000000001,67.62700000000001,0.0,0.0,-2.602,350.0786,0.0,0.0,22.427,0,1.0,-3.43,310.005,-3.563,35.97,0.0,257.832,0.0,0
46593,-1.364,67.62700000000001,0.0,0.0,-2.602,350.0786,0.0,0.0,21.426000000000002,0,0.0,-3.49,310.005,0.099,35.61,0.0,257.832,0.0,0
46593,-1.194,67.62700000000001,0.0,0.0,-2.602,350.0786,0.0,0.0,20.425,0,0.0,-2.74,310.005,0.0,35.94,0.0,257.832,0.0,0
46593,-1.364,67.62700000000001,0.0,0.0,-2.602,350.0786,0.0,0.0,19.424,0,0.0,-3.575,310.14000000000004,-0.099,36.96,0.0,257.832,0.0,0
46593,-1.0230000000000001,67.62700000000001,0.0,0.0,-2.602,350.0786,0.0,0.0,18.428,0,0.0,-3.37,310.14000000000004,1.7155,36.480000000000004,0.0,257.832,0.0,0
46593,-1.364,67.62700000000001,0.0,0.0,-2.602,350.0786,0.0,0.0,17.427,0,0.0,-3.365,309.915,-2.5733,35.550000000000004,0.0,257.832,0.0,0
46593,-1.0230000000000001,67.62700000000001,0.0,0.0,-2.602,350.0786,0.0,0.0,16.426000000000002,0,0.0,-4.23,310.14000000000004,2.6393,34.71,0.0,257.832,0.0,0
46593,-1.194,67.62700000000001,0.0,0.0,-2.602,350.0786,0.0,0.0,15.425,0,0.0,-3.335,310.005,3.794,33.93,0.0,257.832,0.0,0
46593,-1.364,67.62700000000001,0.0,0.0,-2.602,350.0786,0.0,0.0,14.424000000000001,0,0.0,-2.915,309.915,-3.1672000000000002,34.86,0.0,257.832,0.0,0
46593,-1.194,67.62700000000001,0.0,0.0,-2.602,350.0786,0.0,0.0,13.423,0,0.0,-3.74,310.14000000000004,-0.5279,36.24,0.0,257.832,0.0,0
46593,-1.0230000000000001,67.62700000000001,0.0,0.0,-2.602,350.0786,0.0,0.0,12.422,0,1.0,-2.57,310.005,3.9589000000000003,37.02,0.0,257.832,0.0,0
46593,-1.5350000000000001,67.62700000000001,0.0,0.0,-2.602,350.0786,0.0,0.0,11.421000000000001,0,0.0,-3.91,310.14000000000004,-2.2764,37.95,0.0,257.832,0.0,0
46593,-1.0230000000000001,67.62700000000001,0.0,0.0,-2.602,350.0786,0.0,0.0,10.425,0,1.0,-2.915,310.14000000000004,-0.7918000000000001,38.04,0.0,257.832,0.0,0
46593,-1.364,67.62700000000001,0.0,0.0,-2.602,350.0786,0.0,0.0,9.424000000000001,0,1.0,-3.83,310.005,1.3196,36.9,0.0,257.832,0.0,0
46593,-1.194,67.62700000000001,0.0,0.0,-2.602,350.0786,0.0,0.0,8.423,0,0.0,-3.1,310.005,-1.3196,36.03,0.0,257.832,0.0,0
46593,-1.5350000000000001,67.62700000000001,0.0,0.0,-2.602,350.0786,0.0,0.0,7.4270000000000005,0,0.0,-0.19,310.005,-4.1239,35.34,0.0,257.832,0.0,0
46593,-1.0230000000000001,67.62700000000001,0.0,0.0,-2.602,350.0786,0.0,0.0,6.558000000000001,0,1.0,6.76,310.005,-1.9795,35.76,0.0,257.832,0.0,0
46593,-1.0230000000000001,67.62700000000001,0.0,0.0,-2.602,350.0786,0.0,0.0,6.006,0,0.0,8.58,310.005,2.6393,35.46,0.0,257.832,0.0,0
46593,-1.5350000000000001,67.62700000000001,0.0,0.0,-2.602,350.0786,0.0,0.0,5.781000000000001,0,0.0,5.535,310.14000000000004,2.7713,35.01,0.0,257.832,0.0,0
46593,-1.364,67.62700000000001,0.0,0.0,-2.602,350.0786,0.0,0.0,5.747,0,1.0,-1.045,310.14000000000004,3.8600000000000003,34.68,0.0,257.832,0.0,0
46593,-1.5350000000000001,67.62700000000001,0.0,0.0,-2.602,350.0786,0.0,0.0,5.737,0,0.0,0.05,310.005,1.5836000000000001,34.410000000000004,0.0,257.832,0.0,0
46593,-1.364,67.62700000000001,0.0,0.0,-2.602,350.0786,0.0,0.0,5.737,0,0.0,-0.255,310.14000000000004,1.5588000000000002,34.44,0.0,257.832,0.0,0
46593,-1.5350000000000001,67.62700000000001,0.0,0.0,-2.602,350.0786,0.0,0.0,5.742,0,0.0,-0.525,310.14000000000004,-0.9897,34.77,0.0,257.832,0.0,0
