Zykluszahl,Spritzdruck,SC-Position,SC-Geschwindigkeit,SC-Drehzahl,IST-Schliesskraft,WZ-Position,WZ-Geschwindigkeit,Kreuzkopf-Geschwindigkeit,AW-Position,AW-Geschwindigkeit,SC-Drehmoment,AW-Kraft,EE-Position,EE-Geschwindigkeit,EE-Stellsignal,Anlagekraft,Kreuzkopf-Position,Werkzeuginnendruck 1,Werkzeuginnendruck 2
46907,-0.853,83.545,0.0,0.0,-1.089,350.0786,0.0,0.0,5.742,0,0.0,-0.725,310.005,0.9732000000000001,35.04,0.0,257.832,0.0,0
46907,-0.853,83.545,0.0,0.0,-1.089,350.0786,0.0,0.0,5.742,0,0.0,-0.505,310.005,-2.7878000000000003,34.71,0.0,257.832,0.0,0
46907,-0.853,83.545,0.0,0.0,-1.089,350.0786,0.0,0.0,5.742,0,0.0,-0.6,310.14000000000004,0.7011000000000001,33.87,0.0,257.832,0.0,0
46907,-0.682,83.545,0.0,0.0,-1.089,350.0786,0.0,-0.2,5.742,0,0.0,-0.53,310.005,1.8063,33.84,0.0,257.832,0.0,0
46907,-0.853,83.545,0.0,0.0,-1.089,350.0786,0.0,-2.0,5.742,0,0.0,-0.56,310.14000000000004,1.9547,33.87,0.0,257.832,0.0,0
46907,-0.682,83.545,0.0,0.0,-1.089,349.9995,0.0,-5.3,5.742,0,0.0,-0.54,310.14000000000004,0.767,33.75,0.0,257.793,0.0,0
46907,-0.341,83.545,0.0,0.0,-1.089,349.8412,0.0,-8.6,5.742,0,0.0,-0.54,309.915,2.0620000000000003,33.06,0.0,257.71500000000003,0.0,0
46907,-0.853,83.545,0.0,0.0,-1.089,349.5632,-40.6,-15.200000000000001,5.742,0,0.0,-0.515,310.005,-1.9135000000000002,32.37,0.0,257.57800000000003,0.0,0
46907,-0.853,83.545,0.0,0.0,-1.089,349.206,-40.6,-21.3,5.742,0,0.0,-0.51,310.14000000000004,-2.9692000000000003,32.4,0.0,257.402,0.0,0
46907,-0.853,83.545,0.0,0.0,-1.089,348.6906,-40.6,-28.700000000000003,5.742,0,0.0,-0.605,310.14000000000004,5.6085,32.94,0.0,257.148,0.0,0
46907,-0.341,83.545,0.0,0.0,-1.089,348.0168,-79.2,-36.6,5.742,0,0.0,-0.56,310.005,3.2331000000000003,34.5,0.0,256.81600000000003,0.0,0
46907,-0.682,83.545,0.0,0.0,-1.089,347.1791,-80.0,-43.7,5.742,0,0.0,-0.515,310.14000000000004,-4.8167,35.160000000000004,0.0,256.406,0.0,0
46907,-0.682,83.545,0.0,0.0,-1.089,346.2197,-80.0,-50.300000000000004,5.742,0,0.0,-0.545,310.005,-0.1072,35.730000000000004,0.0,255.93800000000002,0.0,0
46907,-0.853,83.545,0.0,0.0,-1.089,345.0983,-118.9,-57.900000000000006,5.742,0,0.0,-0.555,310.14000000000004,2.1774,35.79,0.0,255.39100000000002,0.0,0
46907,-0.853,83.545,0.0,0.0,-1.089,343.856,-121.0,-64.5,5.742,0,0.0,-0.53,310.005,-2.5486,34.5,0.0,254.78500000000003,0.0,0
46907,-1.0230000000000001,83.545,0.0,0.0,-1.089,342.4558,-159.9,-70.4,5.742,0,0.0,-0.535,310.005,-1.7568000000000001,33.69,0.0,254.102,0.0,0
46907,-0.512,83.545,0.0,0.0,-1.089,340.9579,-161.70000000000002,-74.7,5.742,0,0.0,-0.525,310.005,0.42060000000000003,33.33,0.0,253.37900000000002,0.0,0
46907,-1.0230000000000001,83.545,0.0,0.0,-1.089,339.3782,-161.70000000000002,-78.10000000000001,5.742,0,0.0,-0.525,310.005,2.7713,33.39,0.0,252.61700000000002,0.0,0
46907,-0.853,83.545,0.0,0.0,-1.089,337.7591,-161.8,-80.10000000000001,5.742,0,0.0,-0.505,310.14000000000004,-0.42060000000000003,33.480000000000004,0.0,251.836,0.0,0
46907,-0.853,83.545,0.0,0.0,-1.089,336.0487,-203.5,-80.3,5.742,0,0.0,-0.495,310.005,-1.1629,33.24,0.0,251.01600000000002,0.0,0
46907,-0.853,83.545,0.0,0.0,-1.089,334.36850000000004,-163.6,-80.3,5.742,0,0.0,-0.535,310.14000000000004,-2.73,32.76,0.0,250.215,0.0,0
46907,-0.512,83.545,0.0,0.0,-1.089,332.6882,-163.6,-80.10000000000001,5.742,0,0.0,-0.525,309.915,-0.7093,32.79,0.0,249.41400000000002,0.0,0
46907,-0.853,83.545,0.0,0.0,-1.089,331.00260000000003,-165.6,-80.3,5.742,0,0.0,-0.495,310.005,-0.39590000000000003,33.6,0.0,248.613,0.0,0
46907,-0.682,83.545,0.0,0.0,-1.089,329.3039,-165.6,-79.8,5.742,0,0.0,-0.495,310.005,-3.5795000000000003,34.08,0.0,247.81300000000002,0.0,0
46907,-0.853,83.545,0.0,0.0,-1.089,327.603,-165.70000000000002,-79.60000000000001,5.742,0,0.0,-0.55,310.005,2.3589,34.35,0.0,247.012,0.0,0
46907,-0.853,83.545,0.0,0.0,-1.089,327.4374,-165.6,-80.10000000000001,5.742,0,0.0,-0.54,310.005,2.0455,34.35,0.0,246.93400000000003,0.0,0
46907,-0.512,83.545,0.0,0.0,-1.089,325.7348,-167.4,-80.10000000000001,5.742,0,0.0,-0.53,310.005,1.9795,34.410000000000004,0.0,246.133,0.0,0
46907,-0.853,83.545,0.0,0.0,-1.089,324.0129,-167.70000000000002,-80.60000000000001,5.742,0,0.0,-0.505,310.14000000000004,1.4846000000000001,34.71,0.0,245.33200000000002,0.0,0
46907,-0.682,83.545,0.0,0.0,-1.089,322.291,-167.70000000000002,-79.60000000000001,5.742,0,0.0,-0.535,310.14000000000004,1.9795,35.46,0.0,244.531,0.0,0
46907,-0.682,83.545,0.0,0.0,-1.089,320.5692,-169.8,-80.60000000000001,5.742,0,0.0,-0.55,310.14000000000004,5.4435,35.19,0.0,243.73000000000002,0.0,0
46907,-0.853,83.545,0.0,0.0,-1.089,318.8322,-169.8,-79.8,5.742,0,0.0,-0.545,310.005,-0.7918000000000001,34.62,0.0,242.93,0.0,0
46907,-0.682,83.545,0.0,0.0,-1.089,317.0892,-169.70000000000002,-80.10000000000001,5.742,0,0.0,-0.525,310.005,-2.2764,34.62,0.0,242.12900000000002,0.0,0
46907,-0.853,83.545,0.0,0.0,-1.089,315.3462,-169.70000000000002,-80.10000000000001,5.742,0,0.0,-0.5,310.14000000000004,-1.9795,33.75,0.0,241.328,0.0,0
46907,-0.853,83.545,0.0,0.0,-1.089,313.5917,-171.8,-80.3,5.742,0,0.0,-0.53,310.005,-4.7507,32.94,0.0,240.52700000000002,0.0,0
46907,-0.853,83.545,0.0,0.0,-1.089,311.82980000000003,-171.8,-79.8,5.742,0,0.0,-0.5,310.005,-1.4516,32.19,0.0,239.727,0.0,0
46907,-0.853,83.545,0.0,0.0,-1.089,310.0657,-171.8,-80.3,5.742,0,0.0,-0.53,309.915,0.165,32.43,0.0,238.92600000000002,0.0,0
46907,-0.512,83.545,0.0,0.0,-1.089,308.296,-173.8,-79.60000000000001,5.742,0,0.0,-0.545,310.005,0.7918000000000001,33.24,0.0,238.125,0.0,0
46907,-0.682,83.545,0.0,0.0,-1.089,306.51120000000003,-173.8,-79.60000000000001,5.742,0,0.0,-0.47500000000000003,310.005,0.5279,34.17,0.0,237.324,0.0,0
46907,-0.853,83.545,0.0,0.0,-1.089,304.7264,-176.0,-80.10000000000001,5.742,0,0.0,-0.53,310.005,0.2639,35.04,0.0,236.52300000000002,0.0,0
46907,-0.853,83.545,0.0,0.0,-1.089,302.9438,-216.10000000000002,-79.8,5.742,0,0.0,-0.5700000000000001,310.14000000000004,-0.099,34.92,0.0,235.723,0.0,0
46907,-0.682,83.545,0.0,0.0,-1.089,301.1388,-220.8,-79.8,5.742,0,0.0,-0.535,310.14000000000004,3.9589000000000003,34.11,0.0,234.92200000000003,0.0,0
46907,-0.682,83.545,0.0,0.0,-1.089,299.3338,-220.8,-80.10000000000001,5.742,0,0.0,-0.525,310.14000000000004,2.8043,34.230000000000004,0.0,234.121,0.0,0
46907,-0.853,83.545,0.0,0.0,-1.089,297.5287,-220.9,-80.3,5.742,0,0.0,-0.535,310.005,-0.132,34.800000000000004,0.0,233.32000000000002,0.0,0
46907,-0.853,83.545,0.0,0.0,-1.089,295.71180000000004,-221.0,-80.10000000000001,5.742,0,0.0,-0.51,309.915,-3.2661000000000002,35.43,0.0,232.52,0.0,0
46907,-0.682,83.545,0.0,0.0,-1.089,295.5319,-179.9,-80.3,5.742,0,0.0,-0.535,309.915,-3.4558,35.4,0.0,232.441,0.0,0
46907,-0.682,83.545,0.0,0.0,-1.089,293.7096,-177.70000000000002,-79.60000000000001,5.742,0,0.0,-0.56,310.005,-3.2084,35.07,0.0,231.64100000000002,0.0,0
46907,-0.512,83.545,0.0,0.0,-1.089,291.8851,-223.3,-80.10000000000001,5.742,0,0.0,-0.46,310.005,0.46190000000000003,34.14,0.0,230.84,0.0,0
46907,-0.853,83.545,0.0,0.0,-1.089,290.0504,-225.5,-80.10000000000001,5.742,0,0.0,-0.535,310.14000000000004,2.5981,32.67,0.0,230.03900000000002,0.0,0
46907,-0.853,83.545,0.0,0.0,-1.089,288.20730000000003,-225.5,-80.10000000000001,5.742,0,0.0,-0.52,310.005,1.9795,32.04,0.0,229.238,0.0,0
46907,-0.853,83.545,0.0,0.0,-1.089,286.41020000000003,-179.5,-80.10000000000001,5.742,0,0.0,-0.5700000000000001,310.005,2.3754,32.04,0.0,228.45700000000002,0.0,0
46907,-1.194,83.545,0.0,0.0,-1.089,284.56260000000003,-181.20000000000002,-80.10000000000001,5.742,0,0.0,-0.58,310.14000000000004,-0.7918000000000001,33.06,0.0,227.656,0.0,0
46907,-0.341,83.545,0.0,0.0,-1.089,282.7018,-183.60000000000002,-80.3,5.742,0,0.0,-0.535,310.14000000000004,-0.0247,34.68,0.0,226.85500000000002,0.0,0
46907,-1.0230000000000001,83.545,0.0,0.0,-1.089,280.84340000000003,-181.20000000000002,-80.3,5.742,0,0.0,-0.485,309.915,0.17320000000000002,35.52,0.0,226.055,0.0,0
46907,-0.853,83.545,0.0,0.0,-1.089,278.9827,-181.20000000000002,-80.10000000000001,5.742,0,0.0,-0.465,310.14000000000004,-5.806500000000001,35.25,0.0,225.25400000000002,0.0,0
46907,-0.853,83.545,0.0,0.0,-1.089,277.1057,-182.8,-80.10000000000001,5.742,0,0.0,-0.56,310.14000000000004,-1.4764000000000002,34.65,0.0,224.453,0.0,0
46907,-0.682,83.545,0.0,0.0,-1.089,275.2284,-182.8,-80.10000000000001,5.742,0,0.0,-0.465,310.14000000000004,3.9837000000000002,34.56,0.0,223.65200000000002,0.0,0
46907,-1.194,83.545,0.0,0.0,-1.089,273.3535,-182.8,-80.3,5.742,0,0.0,-0.49,310.14000000000004,0.5691,34.980000000000004,0.0,222.852,0.0,0
46907,-0.853,83.545,0.0,0.0,-1.089,271.4653,-184.3,-80.60000000000001,5.742,0,0.0,-0.62,310.005,-3.0104,35.19,0.0,222.05100000000002,0.0,0
46907,-1.0230000000000001,83.545,0.0,0.0,-1.089,269.57280000000003,-184.3,-79.8,5.742,0,0.0,-0.545,310.14000000000004,-0.899,35.52,0.0,221.25,0.0,0
46907,-0.341,83.545,0.0,0.0,-1.089,267.6803,-184.3,-80.10000000000001,5.742,0,0.0,-0.54,310.14000000000004,-0.3299,35.37,0.0,220.449,0.0,0
46907,-1.0230000000000001,83.545,0.0,0.0,-1.089,265.7816,-188.0,-79.60000000000001,5.742,0,0.0,-0.5750000000000001,310.14000000000004,0.5031,34.92,0.0,219.64800000000002,0.0,0
46907,-0.682,83.545,0.0,0.0,-1.089,263.8775,-185.60000000000002,-80.3,5.742,0,0.0,-0.55,310.005,-0.5691,34.02,0.0,218.848,0.0,0
46907,-0.853,83.545,0.0,0.0,-1.089,261.971,-185.60000000000002,-80.10000000000001,5.742,0,0.0,-0.49,310.005,-1.2702,33.57,0.0,218.047,0.0,0
46907,-0.682,83.545,0.0,0.0,-1.089,260.0623,-186.9,-80.3,5.742,0,0.0,-0.425,310.005,-3.4723,32.730000000000004,0.0,217.246,0.0,0
46907,-1.0230000000000001,83.545,0.0,0.0,-1.089,258.14320000000004,-186.9,-80.3,5.742,0,0.0,-0.54,309.915,-0.6186,33.660000000000004,0.0,216.44500000000002,0.0,0
46907,-0.682,83.545,0.0,0.0,-1.089,256.2265,-186.9,-80.10000000000001,5.742,0,0.0,-0.51,310.005,-1.7155,35.76,0.0,215.645,0.0,0
46907,-0.682,83.545,0.0,0.0,-1.089,254.3074,-186.9,-80.3,5.742,0,0.0,-0.525,310.005,1.5671000000000002,36.660000000000004,0.0,214.84400000000002,0.0,0
46907,-0.682,83.545,0.0,0.0,-1.089,252.3784,-188.0,-80.10000000000001,5.742,0,0.0,-0.49,310.14000000000004,2.4661,36.39,0.0,214.043,0.0,0
46907,-0.853,83.545,0.0,0.0,-1.089,250.44830000000002,-187.9,-79.60000000000001,5.742,0,0.0,-0.52,310.005,-0.9897,35.82,0.0,213.24200000000002,0.0,0
46907,-0.682,83.545,0.0,0.0,-1.089,250.2603,-188.0,-79.8,5.742,0,0.0,-0.55,310.005,-1.4516,35.730000000000004,0.0,213.16400000000002,0.0,0
46907,-0.682,83.545,0.0,0.0,-1.089,248.33010000000002,-188.0,-80.3,5.742,0,0.0,-0.54,310.005,1.8475000000000001,34.89,0.0,212.363,0.0,0
46907,-0.682,83.545,0.0,0.0,-1.089,246.3955,-188.9,-80.3,5.742,0,0.0,-0.58,309.915,-5.938400000000001,34.5,0.0,211.56300000000002,0.0,0
46907,-0.853,83.545,0.0,0.0,-1.089,244.4558,-188.9,-80.60000000000001,5.742,0,0.0,-0.535,309.915,-3.1012,34.68,0.0,210.762,0.0,0
46907,-0.341,83.545,0.0,0.0,-1.089,242.51610000000002,-188.9,-79.60000000000001,5.742,0,0.0,-0.53,310.005,3.6950000000000003,34.83,0.0,209.961,0.0,0
46907,-0.682,83.545,0.0,0.0,-1.089,240.5728,-189.60000000000002,-79.8,5.742,0,0.0,-0.495,310.005,1.2537,34.5,0.0,209.16,0.0,0
46907,-0.853,83.545,0.0,0.0,-1.089,238.6251,-192.10000000000002,-79.8,5.742,0,0.0,-0.495,310.005,0.5279,34.68,0.0,208.359,0.0,0
46907,-0.682,83.545,0.0,0.0,-1.089,236.6799,-189.70000000000002,-79.8,5.742,0,0.0,-0.5650000000000001,310.005,0.0,33.9,0.0,207.559,0.0,0
46907,-0.512,83.545,0.0,0.0,-1.089,234.7311,-190.3,-80.60000000000001,5.742,0,0.0,-0.505,309.915,-0.5279,33.51,0.0,206.758,0.0,0
46907,-0.682,83.545,0.0,0.0,-1.089,232.77730000000003,-190.20000000000002,-80.10000000000001,5.742,0,0.0,-0.545,310.14000000000004,2.0125,33.6,0.0,205.95700000000002,0.0,0
46907,-0.341,83.545,0.0,0.0,-1.089,230.82340000000002,-190.20000000000002,-80.10000000000001,5.742,0,0.0,-0.52,310.005,2.3754,34.74,0.0,205.156,0.0,0
46907,-0.682,83.545,0.0,0.0,-1.089,228.86950000000002,-192.70000000000002,-80.10000000000001,5.742,0,0.0,-0.5700000000000001,310.005,-2.9692000000000003,36.27,0.0,204.35500000000002,0.0,0
46907,-0.512,83.545,0.0,0.0,-1.089,226.9139,-190.70000000000002,-80.10000000000001,5.742,0,0.0,-0.515,310.14000000000004,1.0557,36.84,0.0,203.555,0.0,0
46907,-0.512,83.545,0.0,0.0,-1.089,224.9555,-190.70000000000002,-80.60000000000001,5.742,0,0.0,-0.5650000000000001,310.005,3.4311000000000003,36.21,0.0,202.75400000000002,0.0,0
46907,-0.682,83.545,0.0,0.0,-1.089,222.99710000000002,-190.70000000000002,-80.60000000000001,5.742,0,0.0,-0.5650000000000001,310.14000000000004,-0.132,35.46,0.0,201.953,0.0,0
46907,-0.853,83.545,0.0,0.0,-1.089,221.0369,-191.0,-80.60000000000001,5.742,0,0.0,-0.5700000000000001,310.14000000000004,0.0,34.5,0.0,201.15200000000002,0.0,0
46907,-0.171,83.545,0.0,0.0,-1.089,219.0782,-191.0,-79.8,5.742,0,0.0,-0.515,310.14000000000004,-0.9238000000000001,34.35,0.0,200.352,0.0,0
46907,-0.512,83.545,0.0,0.0,-1.089,217.11700000000002,-191.0,-80.3,5.742,0,0.0,-0.525,310.005,-1.4846000000000001,33.9,0.0,199.55100000000002,0.0,0
46907,-0.341,83.545,0.0,0.0,-1.089,215.15550000000002,-191.10000000000002,-80.10000000000001,5.742,0,0.0,-0.555,310.14000000000004,0.5279,34.02,0.0,198.75,0.0,0
46907,-0.682,83.545,0.0,0.0,-1.089,213.1934,-191.10000000000002,-80.10000000000001,5.742,0,0.0,-0.58,310.005,-2.2764,33.9,0.0,197.949,0.0,0
46907,0.0,83.545,0.0,0.0,-1.089,211.2313,-193.5,-80.10000000000001,5.742,0,0.0,-0.47500000000000003,310.005,-1.1877,33.84,0.0,197.148,0.0,0
46907,-0.341,83.545,0.0,0.0,-1.089,209.2717,-191.0,-80.10000000000001,5.742,0,0.0,-0.535,310.005,0.8908,34.32,0.0,196.348,0.0,0
46907,-1.5350000000000001,83.545,0.0,0.0,-1.089,209.0808,-190.9,-79.8,5.742,0,0.0,-0.55,310.005,1.4104,34.32,0.0,196.27,0.0,0
46907,-0.512,83.545,0.0,0.0,-1.089,207.11960000000002,-190.9,-79.8,5.742,0,0.0,-0.545,310.005,0.19790000000000002,34.56,0.0,195.46900000000002,0.0,0
46907,-2.0460000000000003,83.545,0.0,0.0,-1.089,205.1584,-190.9,-80.3,5.742,0,0.0,-0.5750000000000001,310.14000000000004,0.37120000000000003,35.19,0.0,194.668,0.0,0
46907,-0.682,83.545,0.0,0.0,-1.089,203.1972,-190.9,-79.8,5.742,0,0.0,-0.5700000000000001,310.005,-0.19790000000000002,35.4,0.0,193.86700000000002,0.0,0
46907,-1.705,83.545,0.0,0.0,-1.089,201.23850000000002,-193.20000000000002,-80.3,5.742,0,0.0,-0.555,310.005,1.3196,36.06,0.0,193.066,0.0,0
46907,-0.512,83.545,0.0,0.0,-1.089,199.2826,-190.70000000000002,-79.3,5.742,0,0.0,-0.59,310.005,-2.2187,36.24,0.0,192.26600000000002,0.0,0
46907,-2.387,83.545,0.0,0.0,-1.089,197.32420000000002,-190.70000000000002,-79.8,5.742,0,0.0,-0.595,310.005,-2.1774,36.03,0.0,191.465,0.0,0
46907,-0.853,83.545,0.0,0.0,-1.089,195.3689,-190.20000000000002,-79.60000000000001,5.742,0,0.0,-0.455,310.005,5.2786,35.46,0.0,190.66400000000002,0.0,0
46907,-2.387,83.545,0.0,0.0,-1.089,193.4153,-190.20000000000002,-80.3,5.742,0,0.0,-0.515,310.14000000000004,3.0599000000000003,34.92,0.0,189.863,0.0,0
46907,-0.341,83.545,0.0,0.0,-1.089,191.4641,-190.20000000000002,-80.3,5.742,0,0.0,-0.47500000000000003,310.005,-3.761,34.2,0.0,189.06300000000002,0.0,0
46907,-2.899,83.545,0.0,0.0,-1.089,189.5129,-189.60000000000002,-80.3,5.742,0,0.0,-0.52,310.14000000000004,0.5279,33.99,0.0,188.262,0.0,0
46907,-1.0230000000000001,83.545,0.0,0.0,-1.089,187.5659,-189.60000000000002,-80.10000000000001,5.742,0,0.0,-0.485,310.005,1.6743000000000001,34.02,0.0,187.461,0.0,0
46907,-2.387,83.545,0.0,0.0,-1.089,185.6189,-189.60000000000002,-80.3,5.742,0,0.0,-0.44,310.005,-0.2639,34.230000000000004,0.0,186.66,0.0,0
46907,-0.171,83.545,0.0,0.0,-1.089,183.6728,-191.20000000000002,-79.8,5.742,0,0.0,-0.505,310.005,-3.8022,34.44,0.0,185.859,0.0,0
46907,-3.24,83.545,0.0,0.0,-1.089,181.737,-188.70000000000002,-79.8,5.742,0,0.0,-0.525,310.005,2.4661,34.2,0.0,185.059,0.0,0
46907,-0.853,83.545,0.0,0.0,-1.089,179.7987,-188.8,-79.8,5.742,0,0.0,-0.525,310.005,1.3196,34.68,0.0,184.258,0.0,0
46907,-2.899,83.545,0.0,0.0,-1.089,177.8605,-237.10000000000002,-79.8,5.742,0,0.0,-0.61,309.915,-2.3094,35.61,0.0,183.45700000000002,0.0,0
46907,-0.171,83.545,0.0,0.0,-1.089,175.931,-235.9,-80.10000000000001,5.742,0,0.0,-0.495,310.005,0.066,36.12,0.0,182.656,0.0,0
46907,-3.922,83.545,0.0,0.0,-1.089,174.0034,-235.8,-80.10000000000001,5.742,0,0.0,-0.555,309.915,-0.066,36.6,0.0,181.85500000000002,0.0,0
46907,0.853,83.545,0.0,0.0,-1.089,173.81570000000002,-187.70000000000002,-79.8,5.742,0,0.0,-0.5750000000000001,309.915,-1.4516,36.63,0.0,181.77700000000002,0.0,0
46907,0.682,83.545,0.0,0.0,-1.089,171.8905,-187.70000000000002,-80.10000000000001,5.742,0,0.0,-0.58,310.005,-0.5938,36.6,0.0,180.977,0.0,0
46907,0.0,83.545,0.0,0.0,-1.089,169.9712,-186.5,-80.10000000000001,5.742,0,0.0,-0.545,309.915,-0.39590000000000003,36.63,0.0,180.17600000000002,0.0,0
46907,-0.512,83.545,0.0,0.0,-1.089,168.05630000000002,-234.3,-80.3,5.742,0,0.0,-0.465,310.005,2.0455,36.12,0.0,179.375,0.0,0
46907,1.194,83.545,0.0,0.0,-1.089,166.1415,-234.20000000000002,-80.10000000000001,5.742,0,0.0,-0.51,309.915,-1.4516,34.62,0.0,178.574,0.0,0
46907,0.682,83.545,0.0,0.0,-1.089,164.2322,-232.5,-79.8,5.742,0,0.0,-0.505,310.005,-1.9135000000000002,34.29,0.0,177.773,0.0,0
46907,0.341,83.545,0.0,0.0,-1.089,162.33440000000002,-230.10000000000002,-80.10000000000001,5.742,0,0.0,-0.525,309.915,-1.0557,33.84,0.0,176.973,0.0,0
46907,-0.171,83.545,0.0,0.0,-1.089,160.4793,-187.4,-80.10000000000001,5.742,0,0.0,-0.55,309.915,3.4311000000000003,33.63,0.0,176.191,0.0,0
46907,1.705,83.545,0.0,0.0,-1.089,158.583,-183.60000000000002,-80.3,5.742,0,0.0,-0.5750000000000001,310.14000000000004,0.7918000000000001,33.51,0.0,175.39100000000002,0.0,0
46907,1.0230000000000001,83.545,0.0,0.0,-1.089,156.6996,-183.4,-80.3,5.742,0,0.0,-0.5700000000000001,310.005,2.3094,34.17,0.0,174.59,0.0,0
46907,0.341,83.545,0.0,0.0,-1.089,154.8163,-183.4,-80.3,5.742,0,-1.0,-0.505,310.14000000000004,3.4311000000000003,34.800000000000004,0.0,173.78900000000002,0.0,0
46907,-0.341,83.545,0.0,0.0,-1.089,152.93290000000002,-183.4,-80.10000000000001,5.742,0,0.0,-0.52,310.005,-3.0682,35.31,0.0,172.988,0.0,0
46907,1.705,83.545,0.0,0.0,-1.089,151.06730000000002,-181.5,-80.10000000000001,5.742,0,0.0,-0.56,310.005,-1.5836000000000001,36.15,0.0,172.18800000000002,0.0,0
46907,1.0230000000000001,83.545,0.0,0.0,-1.089,149.2027,-181.60000000000002,-80.60000000000001,5.742,0,0.0,-0.54,310.14000000000004,-2.3754,36.96,0.0,171.387,0.0,0
46907,0.512,83.545,0.0,0.0,-1.089,147.3381,-181.60000000000002,-80.10000000000001,5.742,0,0.0,-0.52,310.14000000000004,5.938400000000001,37.230000000000004,0.0,170.586,0.0,0
46907,-0.171,83.545,0.0,0.0,-1.089,145.485,-179.5,-80.60000000000001,5.742,0,0.0,-0.58,310.14000000000004,3.0682,36.39,0.0,169.785,0.0,0
46907,-5.2860000000000005,83.545,0.0,0.0,-1.089,145.30540000000002,-179.60000000000002,-80.3,5.742,0,0.0,-0.515,310.14000000000004,2.9445,36.300000000000004,0.0,169.70700000000002,0.0,0
46907,-0.853,83.545,0.0,0.0,-1.089,143.4618,-179.5,-79.3,5.742,0,0.0,-0.485,310.005,-5.2538,34.89,0.0,168.906,0.0,0
46907,-3.922,83.545,0.0,0.0,-1.089,141.6182,-181.8,-80.10000000000001,5.742,0,0.0,-0.455,310.005,-4.923900000000001,34.38,0.0,168.10500000000002,0.0,0
46907,0.853,83.545,0.0,0.0,-1.089,139.7853,-177.3,-80.3,5.742,0,0.0,-0.46,310.14000000000004,-1.2537,33.39,0.0,167.305,0.0,0
46907,-4.263,83.545,0.0,0.0,-1.089,137.96460000000002,-177.3,-80.10000000000001,5.742,0,0.0,-0.505,310.14000000000004,6.9529000000000005,32.34,0.0,166.50400000000002,0.0,0
46907,-1.0230000000000001,83.545,0.0,0.0,-1.089,136.1439,-177.3,-80.10000000000001,5.742,0,0.0,-0.485,310.005,3.2331000000000003,32.52,0.0,165.703,0.0,0
46907,-1.8760000000000001,83.545,0.0,0.0,-1.089,134.3256,-174.9,-80.3,5.742,0,0.0,-0.545,310.005,-3.3404000000000003,33.39,0.0,164.90200000000002,0.0,0
46907,0.0,83.545,0.0,0.0,-1.089,132.5321,-174.9,-80.60000000000001,5.742,0,0.0,-0.525,310.005,-1.9547,34.410000000000004,0.0,164.102,0.0,0
46907,-1.8760000000000001,83.545,0.0,0.0,-1.089,130.7363,-174.9,-80.3,5.742,0,0.0,-0.5700000000000001,310.14000000000004,0.3299,35.52,0.0,163.30100000000002,0.0,0
46907,-0.682,83.545,0.0,0.0,-1.089,128.94060000000002,-174.8,-80.60000000000001,5.742,0,0.0,-0.5650000000000001,310.005,3.629,35.7,0.0,162.5,0.0,0
46907,-0.512,83.545,0.0,0.0,-1.089,127.1671,-172.20000000000002,-79.8,5.742,0,0.0,-0.49,310.005,-1.1629,35.85,0.0,161.699,0.0,0
46907,-0.853,83.545,0.0,0.0,-1.089,125.3983,-174.4,-79.8,5.742,0,0.0,-0.47000000000000003,310.005,-3.5383,35.79,0.0,160.898,0.0,0
46907,-0.512,83.545,0.0,0.0,-1.089,123.63170000000001,-172.20000000000002,-80.3,5.742,0,0.0,-0.545,310.005,-0.767,35.19,0.0,160.098,0.0,0
46907,-0.853,83.545,0.0,0.0,-1.089,121.8789,-169.4,-80.3,5.742,0,0.0,-0.405,309.915,-0.5114000000000001,34.74,0.0,159.297,0.0,0
46907,-0.682,83.545,0.0,0.0,-1.089,120.13900000000001,-169.5,-80.10000000000001,5.742,0,0.0,-0.53,310.005,1.2537,34.83,0.0,158.496,0.0,0
46907,-0.853,83.545,0.0,0.0,-1.089,118.39920000000001,-169.4,-80.10000000000001,5.742,0,0.0,-0.485,310.14000000000004,5.7157,34.68,0.0,157.69500000000002,0.0,0
46907,-0.853,83.545,0.0,0.0,-1.089,116.67020000000001,-166.4,-79.60000000000001,5.742,0,0.0,-0.54,310.14000000000004,6.0456,34.05,0.0,156.895,0.0,0
46907,-0.512,83.545,0.0,0.0,-1.089,114.9612,-166.4,-80.3,5.742,0,0.0,-0.5,310.005,1.3856000000000002,33.18,0.0,156.094,0.0,0
46907,-1.0230000000000001,83.545,0.0,0.0,-1.089,113.2522,-166.4,-80.3,5.742,0,0.0,-0.5,310.14000000000004,-3.563,32.49,0.0,155.293,0.0,0
46907,-0.512,83.545,0.0,0.0,-1.089,111.54350000000001,-166.1,-80.10000000000001,5.742,0,0.0,-0.515,310.005,-4.726,32.49,0.0,154.49200000000002,0.0,0
46907,-0.853,83.545,0.0,0.0,-1.089,109.8673,-165.3,-79.60000000000001,5.742,0,0.0,-0.55,309.915,-3.1919,33.42,0.0,153.691,0.0,0
46907,-0.853,83.545,0.0,0.0,-1.089,108.1932,-163.20000000000002,-80.10000000000001,5.742,0,0.0,-0.46,310.005,-2.8125,34.14,0.0,152.89100000000002,0.0,0
46907,-0.853,83.545,0.0,0.0,-1.089,106.5169,-163.3,-80.3,5.742,0,0.0,-0.515,310.005,0.6598,35.46,0.0,152.09,0.0,0
46907,-0.682,83.545,0.0,0.0,-1.089,104.86630000000001,-159.9,-80.10000000000001,5.742,0,0.0,-0.56,310.005,4.0084,36.480000000000004,0.0,151.28900000000002,0.0,0
46907,-0.853,83.545,0.0,0.0,-1.089,103.2247,-159.8,-80.10000000000001,5.742,0,0.0,-0.515,310.14000000000004,2.7465,36.18,0.0,150.488,0.0,0
46907,-0.853,83.545,0.0,0.0,-1.089,101.58510000000001,-159.9,-79.8,5.742,0,0.0,-0.525,310.14000000000004,2.1527000000000003,35.160000000000004,0.0,149.68800000000002,0.0,0
46907,-0.512,83.545,0.0,0.0,-1.089,99.96050000000001,-156.3,-79.8,5.742,0,0.0,-0.605,310.14000000000004,1.5836000000000001,34.62,0.0,148.887,0.0,0
46907,-0.853,83.545,0.0,0.0,-1.089,98.35520000000001,-156.3,-80.3,5.742,0,0.0,-0.495,310.14000000000004,-1.3856000000000002,34.5,0.0,148.086,0.0,0
46907,-0.853,83.545,0.0,0.0,-1.089,96.74990000000001,-156.3,-79.8,5.742,0,0.0,-0.525,310.14000000000004,1.9547,34.83,0.0,147.285,0.0,0
46907,-0.512,83.545,0.0,0.0,-1.089,95.1521,-154.6,-80.10000000000001,5.742,0,0.0,-0.555,309.915,-2.4661,34.92,0.0,146.484,0.0,0
46907,-0.853,83.545,0.0,0.0,-1.089,93.5869,-152.6,-79.60000000000001,5.742,0,0.0,-0.525,310.14000000000004,-4.3136,34.95,0.0,145.684,0.0,0
46907,-0.853,83.545,0.0,0.0,-1.089,92.0197,-152.6,-79.60000000000001,5.742,0,0.0,-0.44,310.005,-4.66,34.05,0.0,144.883,0.0,0
46907,-0.512,83.545,0.0,0.0,-1.089,90.4526,-152.6,-80.10000000000001,5.742,0,0.0,-0.455,310.14000000000004,2.4826,33.36,0.0,144.082,0.0,0
46907,-0.853,83.545,0.0,0.0,-1.089,88.92200000000001,-148.8,-80.3,5.742,0,0.0,-0.48,310.14000000000004,3.1012,32.7,0.0,143.281,0.0,0
46907,-0.682,83.545,0.0,0.0,-1.089,88.7733,-148.70000000000002,-79.60000000000001,5.742,0,0.0,-0.505,310.14000000000004,4.2229,32.7,0.0,143.203,0.0,0
46907,-0.682,83.545,0.0,0.0,-1.089,87.2458,-148.70000000000002,-79.8,5.742,0,0.0,-0.48,310.14000000000004,5.1466,33.6,0.0,142.40200000000002,0.0,0
46907,-0.512,83.545,0.0,0.0,-1.089,85.7201,-148.8,-79.8,5.742,0,0.0,-0.555,310.14000000000004,0.0,35.13,0.0,141.602,0.0,0
46907,-0.853,83.545,0.0,0.0,-1.089,84.2235,-144.70000000000002,-80.10000000000001,5.742,0,0.0,-0.5650000000000001,310.14000000000004,-2.3754,36.12,0.0,140.80100000000002,0.0,0
46907,-0.853,83.545,0.0,0.0,-1.089,82.7372,-144.70000000000002,-80.3,5.742,0,0.0,-0.54,310.14000000000004,-0.7918000000000001,36.0,0.0,140.0,0.0,0
46907,-0.682,83.545,0.0,0.0,-1.089,81.2509,-144.70000000000002,-80.3,5.742,0,0.0,-0.515,310.14000000000004,-0.39590000000000003,35.58,0.0,139.199,0.0,0
46907,-0.682,83.545,0.0,0.0,-1.089,79.78490000000001,-142.4,-80.10000000000001,5.742,0,0.0,-0.485,310.14000000000004,1.5836000000000001,34.77,0.0,138.398,0.0,0
46907,-0.682,83.545,0.0,0.0,-1.089,78.343,-140.6,-79.8,5.742,0,0.0,-0.545,310.14000000000004,0.0,34.2,0.0,137.598,0.0,0
46907,-0.682,83.545,0.0,0.0,-1.089,76.8993,-140.6,-79.8,5.742,0,0.0,-0.51,310.005,-3.8600000000000003,34.11,0.0,136.797,0.0,0
46907,-0.853,83.545,0.0,0.0,-1.089,75.4646,-136.3,-79.8,5.742,0,0.0,-0.455,310.14000000000004,0.39590000000000003,34.410000000000004,0.0,135.996,0.0,0
46907,-0.682,83.545,0.0,0.0,-1.089,74.0648,-136.3,-80.10000000000001,5.742,0,0.0,-0.54,310.005,-3.0682,34.14,0.0,135.195,0.0,0
46907,-0.512,83.545,0.0,0.0,-1.089,72.66680000000001,-136.3,-79.8,5.742,0,0.0,-0.51,310.005,-1.1877,33.660000000000004,0.0,134.395,0.0,0
46907,-0.853,83.545,0.0,0.0,-1.089,71.26700000000001,-169.5,-79.8,5.742,0,0.0,-0.46,309.915,-0.8908,33.18,0.0,133.594,0.0,0
46907,-0.512,83.545,0.0,0.0,-1.089,69.9093,-165.70000000000002,-79.8,5.742,0,0.0,-0.51,310.14000000000004,-0.39590000000000003,32.46,0.0,132.793,0.0,0
46907,-0.682,83.545,0.0,0.0,-1.089,68.55460000000001,-165.70000000000002,-80.10000000000001,5.742,0,0.0,-0.49,310.005,-1.0557,32.88,0.0,131.99200000000002,0.0,0
46907,-0.682,83.545,0.0,0.0,-1.089,67.2337,-131.9,-80.3,5.742,0,0.0,-0.52,310.14000000000004,3.4311000000000003,34.02,0.0,131.211,0.0,0
46907,-0.853,83.545,0.0,0.0,-1.089,65.9084,-127.4,-80.60000000000001,5.742,0,0.0,-0.55,310.14000000000004,0.7918000000000001,35.43,0.0,130.41,0.0,0
46907,-0.682,83.545,0.0,0.0,-1.089,64.5998,-129.1,-80.10000000000001,5.742,0,0.0,-0.54,310.14000000000004,4.7507,36.09,0.0,129.609,0.0,0
46907,-0.682,83.545,0.0,0.0,-1.089,63.2929,-127.4,-80.3,5.742,0,0.0,-0.535,310.005,0.099,36.42,0.0,128.809,0.0,0
46907,-0.853,83.545,0.0,0.0,-1.089,62.0016,-122.80000000000001,-80.10000000000001,5.742,0,0.0,-0.495,310.14000000000004,-1.5836000000000001,35.79,0.0,128.008,0.0,0
46907,-0.682,83.545,0.0,0.0,-1.089,60.740100000000005,-122.80000000000001,-80.60000000000001,5.742,0,0.0,-0.47500000000000003,310.14000000000004,0.0,34.89,0.0,127.20700000000001,0.0,0
46907,-0.853,83.545,0.0,0.0,-1.089,59.478500000000004,-122.9,-79.60000000000001,5.742,0,0.0,-0.595,310.005,-3.6950000000000003,33.93,0.0,126.406,0.0,0
46907,-0.853,83.545,0.0,0.0,-1.089,58.2216,-119.9,-80.10000000000001,5.742,0,0.0,-0.52,309.915,-4.0579,33.93,0.0,125.605,0.0,0
46907,-0.512,83.545,0.0,0.0,-1.089,57.0094,-118.2,-80.60000000000001,5.742,0,0.0,-0.555,310.14000000000004,2.1114,34.14,0.0,124.805,0.0,0
46907,-0.682,83.545,0.0,0.0,-1.089,55.795700000000004,-118.2,-80.60000000000001,5.742,0,0.0,-0.54,310.005,0.2639,33.63,0.0,124.004,0.0,0
46907,-0.853,83.545,0.0,0.0,-1.089,54.582,-118.2,-79.8,5.742,0,0.0,-0.51,310.14000000000004,4.0909,33.75,0.0,123.203,0.0,0
46907,-0.682,83.545,0.0,0.0,-1.089,53.4082,-113.5,-80.3,5.742,0,0.0,-0.53,310.005,1.6826,33.81,0.0,122.402,0.0,0
46907,-0.512,83.545,0.0,0.0,-1.089,52.244400000000006,-113.5,-80.10000000000001,5.742,0,0.0,-0.44,310.14000000000004,0.0,33.93,0.0,121.602,0.0,0
46907,-0.682,83.545,0.0,0.0,-1.089,52.1295,-114.9,-80.10000000000001,5.742,0,0.0,-0.45,310.005,-0.7918000000000001,33.9,0.0,121.52300000000001,0.0,0
46907,-0.512,83.545,0.0,0.0,-1.089,50.965700000000005,-113.5,-80.3,5.742,0,0.0,-0.53,310.14000000000004,0.19790000000000002,34.14,0.0,120.723,0.0,0
46907,-0.682,83.545,0.0,0.0,-1.089,49.8322,-108.7,-79.8,5.742,0,0.0,-0.525,310.005,-0.39590000000000003,35.31,0.0,119.92200000000001,0.0,0
46907,-0.682,83.545,0.0,0.0,-1.089,48.7158,-108.80000000000001,-80.60000000000001,5.742,0,0.0,-0.52,310.005,-3.2084,35.550000000000004,0.0,119.12100000000001,0.0,0
46907,-0.853,83.545,0.0,0.0,-1.089,47.5995,-108.7,-80.10000000000001,5.742,0,0.0,-0.525,310.14000000000004,1.0557,35.550000000000004,0.0,118.32000000000001,0.0,0
46907,-0.853,83.545,0.0,0.0,-1.089,46.5031,-103.9,-80.3,5.742,0,0.0,-0.48,310.005,3.1672000000000002,35.76,0.0,117.52000000000001,0.0,0
46907,-0.682,83.545,0.0,0.0,-1.089,45.436,-103.9,-80.60000000000001,5.742,0,0.0,-0.5650000000000001,310.005,-3.6950000000000003,35.19,0.0,116.71900000000001,0.0,0
46907,-0.512,83.545,0.0,0.0,-1.089,44.3688,-103.9,-80.10000000000001,5.742,0,0.0,-0.525,310.005,-1.5588000000000002,35.31,0.0,115.918,0.0,0
46907,-0.512,83.545,0.0,0.0,-1.089,43.3069,-99.10000000000001,-80.10000000000001,5.742,0,0.0,-0.49,310.14000000000004,6.243600000000001,35.07,0.0,115.117,0.0,0
46907,-0.853,83.545,0.0,0.0,-1.089,42.2892,-100.30000000000001,-80.10000000000001,5.742,0,0.0,-0.55,310.14000000000004,2.664,34.35,0.0,114.316,0.0,0
46907,-0.853,83.545,0.0,0.0,-1.089,41.2727,-99.10000000000001,-80.10000000000001,5.742,0,0.0,-0.51,310.14000000000004,-0.6186,34.35,0.0,113.516,0.0,0
46907,-0.853,83.545,0.0,0.0,-1.089,40.255,-99.10000000000001,-80.3,5.742,0,0.0,-0.495,310.005,-4.594,34.95,0.0,112.715,0.0,0
46907,-0.853,83.545,0.0,0.0,-1.089,39.278400000000005,-94.30000000000001,-80.10000000000001,5.742,0,0.0,-0.485,310.14000000000004,-4.2889,34.56,0.0,111.914,0.0,0
46907,-0.853,83.545,0.0,0.0,-1.089,38.31,-94.30000000000001,-80.10000000000001,5.742,0,0.0,-0.5750000000000001,310.14000000000004,4.3301,33.69,0.0,111.113,0.0,0
46907,-0.853,83.545,0.0,0.0,-1.089,37.342800000000004,-94.30000000000001,-79.8,5.742,0,0.0,-0.495,310.23,6.1611,34.56,0.0,110.313,0.0,0
46907,-0.853,83.545,0.0,0.0,-1.089,36.402,-89.5,-80.3,5.742,0,0.0,-0.545,310.005,0.132,34.800000000000004,0.0,109.512,0.0,0
46907,-1.0230000000000001,83.545,0.0,0.0,-1.089,35.4829,-89.5,-80.10000000000001,5.742,0,0.0,-0.585,310.005,-2.6805000000000003,35.34,0.0,108.711,0.0,0
46907,-0.512,83.545,0.0,0.0,-1.089,34.563700000000004,-89.5,-80.10000000000001,5.742,0,0.0,-0.49,310.005,-6.7549,36.0,0.0,107.91000000000001,0.0,0
46907,-0.853,83.545,0.0,0.0,-1.089,33.6587,-85.8,-80.10000000000001,5.742,0,0.0,-0.5,310.14000000000004,-0.6186,36.24,0.0,107.10900000000001,0.0,0
46907,-0.682,83.545,0.0,0.0,-1.089,33.574,-84.7,-80.10000000000001,5.742,0,0.0,-0.51,310.14000000000004,-0.099,36.18,0.0,107.031,0.0,0
46907,-0.512,83.545,0.0,0.0,-1.089,32.7036,-85.9,-79.8,5.742,0,0.0,-0.5650000000000001,310.005,3.1672000000000002,36.27,0.0,106.23,0.0,0
46907,-0.853,83.545,0.0,0.0,-1.089,31.834400000000002,-84.8,-80.3,5.742,0,0.0,-0.49,310.14000000000004,0.6928000000000001,35.910000000000004,0.0,105.43,0.0,0
46907,-0.682,83.545,0.0,0.0,-1.089,30.969700000000003,-80.0,-80.3,5.742,0,0.0,-0.58,310.005,-3.563,35.34,0.0,104.629,0.0,0
46907,-0.853,83.545,0.0,0.0,-1.089,30.1477,-80.10000000000001,-79.8,5.742,0,0.0,-0.47000000000000003,310.005,-0.7918000000000001,34.86,0.0,103.828,0.0,0
46907,-0.682,83.545,0.0,0.0,-1.089,29.3258,-80.0,-80.10000000000001,5.742,0,0.0,-0.53,310.005,-2.7713,34.17,0.0,103.027,0.0,0
46907,-0.682,83.545,0.0,0.0,-1.089,28.504900000000003,-80.0,-79.60000000000001,5.742,0,0.0,-0.505,310.14000000000004,1.4846000000000001,33.78,0.0,102.227,0.0,0
46907,-0.853,83.545,0.0,0.0,-1.089,27.723200000000002,-75.4,-80.10000000000001,5.742,0,0.0,-0.46,310.005,-0.7918000000000001,33.54,0.0,101.426,0.0,0
46907,-0.512,83.545,0.0,0.0,-1.089,26.949,-75.4,-80.10000000000001,5.742,0,0.0,-0.51,310.005,-0.7918000000000001,33.87,0.0,100.625,0.0,0
46907,-1.0230000000000001,83.545,0.0,0.0,-1.089,26.1748,-75.4,-80.3,5.742,0,0.0,-0.525,310.005,1.1877,34.5,0.0,99.824,0.0,0
46907,-0.853,83.545,0.0,0.0,-1.089,25.427500000000002,-71.7,-79.60000000000001,5.742,0,0.0,-0.515,310.14000000000004,1.4846000000000001,35.37,0.0,99.02300000000001,0.0,0
46907,-0.512,83.545,0.0,0.0,-1.089,24.7012,-70.8,-80.3,5.742,0,0.0,-0.52,310.005,1.1877,35.67,0.0,98.223,0.0,0
46907,-0.682,83.545,0.0,0.0,-1.089,23.974,-70.9,-80.3,5.742,0,0.0,-0.505,310.14000000000004,2.2764,35.76,0.0,97.42200000000001,0.0,0
46907,-0.682,83.545,0.0,0.0,-1.089,23.2607,-66.3,-80.3,5.742,0,0.0,-0.465,310.005,-3.9589000000000003,35.13,0.0,96.62100000000001,0.0,0
46907,-0.853,83.545,0.0,0.0,-1.089,22.5795,-66.3,-79.60000000000001,5.742,0,0.0,-0.515,310.14000000000004,0.6928000000000001,35.31,0.0,95.82000000000001,0.0,0
46907,-0.853,83.545,0.0,0.0,-1.089,21.8992,-66.3,-80.10000000000001,5.742,0,0.0,-0.42,310.14000000000004,1.5836000000000001,35.25,0.0,95.02000000000001,0.0,0
46907,-0.853,83.545,0.0,0.0,-1.089,21.2193,-65.10000000000001,-79.8,5.742,0,0.0,-0.525,310.005,-1.5836000000000001,35.67,0.0,94.21900000000001,0.0,0
46907,-0.853,83.545,0.0,0.0,-1.089,20.5831,-62.0,-80.60000000000001,5.742,0,0.0,-0.455,310.14000000000004,-1.1877,35.49,0.0,93.418,0.0,0
46907,-0.682,83.545,0.0,0.0,-1.089,19.947000000000003,-61.900000000000006,-80.10000000000001,5.742,0,0.0,-0.47000000000000003,310.005,-0.6928000000000001,34.62,0.0,92.617,0.0,0
46907,-1.0230000000000001,83.545,0.0,0.0,-1.089,19.3108,-62.800000000000004,-79.60000000000001,5.742,0,0.0,-0.47000000000000003,309.915,-3.0352,33.84,0.0,91.816,0.0,0
46907,-0.682,83.545,0.0,0.0,-1.089,18.7086,-57.7,-79.60000000000001,5.742,0,0.0,-0.56,310.14000000000004,3.4311000000000003,33.21,0.0,91.016,0.0,0
46907,-0.853,83.545,0.0,0.0,-1.089,18.116300000000003,-57.7,-80.10000000000001,5.742,0,0.0,-0.535,309.915,2.1114,33.12,0.0,90.215,0.0,0
46907,-0.682,83.545,0.0,0.0,-1.089,18.058600000000002,-57.7,-79.8,5.742,0,0.0,-0.51,310.14000000000004,2.3506,33.21,0.0,90.137,0.0,0
46907,-0.853,83.545,0.0,0.0,-1.089,17.4663,-57.7,-79.8,5.742,0,0.0,-0.405,310.14000000000004,-3.3404000000000003,33.51,0.0,89.336,0.0,0
46907,-0.512,83.545,0.0,0.0,-1.089,16.8988,-53.5,-80.3,5.742,0,0.0,-0.48,310.14000000000004,-2.3754,34.89,0.0,88.53500000000001,0.0,0
46907,-0.682,83.545,0.0,0.0,-1.089,16.349,-54.2,-79.60000000000001,5.742,0,0.0,-0.52,310.005,1.699,36.0,0.0,87.73400000000001,0.0,0
46907,-0.853,83.545,0.0,0.0,-1.089,15.799900000000001,-53.6,-79.8,5.742,0,0.0,-0.6,310.005,-2.5486,36.06,0.0,86.934,0.0,0
46907,-0.682,83.545,0.0,0.0,-1.089,15.2629,-61.6,-79.8,5.742,0,0.0,-0.445,310.005,-2.1774,35.46,0.0,86.13300000000001,0.0,0
46907,-0.853,83.545,0.0,0.0,-1.089,14.7543,-62.300000000000004,-80.3,5.742,0,0.0,-0.47500000000000003,310.14000000000004,0.9650000000000001,34.980000000000004,0.0,85.33200000000001,0.0,0
46907,-0.682,83.545,0.0,0.0,-1.089,14.245700000000001,-62.300000000000004,-79.8,5.742,0,0.0,-0.52,309.915,-1.8310000000000002,35.1,0.0,84.531,0.0,0
46907,-0.682,83.545,0.0,0.0,-1.089,13.738700000000001,-60.7,-79.8,5.742,0,0.0,-0.6,310.005,-1.2537,35.58,0.0,83.73,0.0,0
46907,-0.512,83.545,0.0,0.0,-1.089,13.281500000000001,-45.7,-80.10000000000001,5.742,0,0.0,-0.425,310.005,0.2639,35.97,0.0,82.949,0.0,0
46907,-0.341,83.545,0.0,0.0,-1.089,12.8126,-46.2,-80.10000000000001,5.742,0,0.0,-0.6,310.14000000000004,0.6846,35.19,0.0,82.14800000000001,0.0,0
46907,-0.853,83.545,0.0,0.0,-1.089,12.3443,-45.7,-80.3,5.742,0,0.0,-0.49,310.005,1.3856000000000002,34.74,0.0,81.348,0.0,0
46907,-0.682,83.545,0.0,0.0,-1.089,11.9037,-41.9,-79.8,5.742,0,0.0,-0.5,309.915,4.371300000000001,33.84,0.0,80.547,0.0,0
46907,-0.512,83.545,0.0,0.0,-1.089,11.472900000000001,-42.0,-80.10000000000001,5.742,0,0.0,-0.535,310.14000000000004,-0.0412,32.55,0.0,79.74600000000001,0.0,0
46907,-0.853,83.545,0.0,0.0,-1.089,11.042200000000001,-41.9,-80.10000000000001,5.742,0,0.0,-0.525,310.14000000000004,0.5691,33.12,0.0,78.94500000000001,0.0,0
46907,-0.853,83.545,0.0,0.0,-1.089,10.629100000000001,-38.4,-80.10000000000001,5.742,0,0.0,-0.5750000000000001,310.005,-2.0867,34.08,0.0,78.14500000000001,0.0,0
46907,-0.512,83.545,0.0,0.0,-1.089,10.2349,-38.4,-80.10000000000001,5.742,0,0.0,-0.5,310.14000000000004,0.066,35.97,0.0,77.34400000000001,0.0,0
46907,-0.853,83.545,0.0,0.0,-1.089,9.8406,-38.4,-80.3,5.742,0,0.0,-0.545,310.005,0.39590000000000003,37.53,0.0,76.543,0.0,0
46907,-0.853,83.545,0.0,0.0,-1.089,9.4533,-35.0,-80.3,5.742,0,0.0,-0.5,310.14000000000004,-3.3239,36.81,0.0,75.742,0.0,0
46907,-0.512,83.545,0.0,0.0,-1.089,9.0939,-35.4,-80.10000000000001,5.742,0,0.0,-0.525,310.005,-2.5486,35.58,0.0,74.941,0.0,0
46907,-0.853,83.545,0.0,0.0,-1.089,8.7349,-35.0,-80.3,5.742,0,0.0,-0.485,310.14000000000004,1.4929000000000001,34.83,0.0,74.141,0.0,0
46907,-0.512,83.545,0.0,0.0,-1.089,8.3754,-35.0,-80.10000000000001,5.742,0,0.0,-0.51,310.005,-0.0825,34.44,0.0,73.34,0.0,0
46907,-0.853,83.545,0.0,0.0,-1.089,8.0467,-31.8,-80.3,5.742,0,0.0,-0.5,309.915,-2.4908,34.62,0.0,72.539,0.0,0
46907,-0.341,83.545,0.0,0.0,-1.089,7.720400000000001,-31.8,-80.10000000000001,5.742,0,0.0,-0.595,310.14000000000004,-2.1114,34.92,0.0,71.738,0.0,0
46907,-0.853,83.545,0.0,0.0,-1.089,7.394500000000001,-31.8,-79.8,5.742,0,0.0,-0.585,310.005,-0.3299,34.53,0.0,70.938,0.0,0
46907,-0.682,83.545,0.0,0.0,-1.089,7.0887,-28.700000000000003,-80.10000000000001,5.742,0,0.0,-0.56,310.005,2.5073000000000003,34.14,0.0,70.137,0.0,0
46907,-0.853,83.545,0.0,0.0,-1.089,6.7937,-28.700000000000003,-79.60000000000001,5.742,0,0.0,-0.525,309.915,-0.1567,32.76,0.0,69.336,0.0,0
46907,-0.512,83.545,0.0,0.0,-1.089,6.4987,-28.700000000000003,-79.60000000000001,5.742,0,0.0,-0.465,310.005,-1.4681,32.76,0.0,68.535,0.0,0
46907,-0.512,83.545,0.0,0.0,-1.089,6.470000000000001,-28.700000000000003,-80.3,5.742,0,0.0,-0.49,310.005,-2.1114,32.82,0.0,68.45700000000001,0.0,0
46907,-0.512,83.545,0.0,0.0,-1.089,6.1892000000000005,-25.900000000000002,-80.3,5.742,0,0.0,-0.6,310.005,2.9032,34.59,0.0,67.656,0.0,0
46907,-0.853,83.545,0.0,0.0,-1.089,5.9238,-26.200000000000003,-80.10000000000001,5.742,0,0.0,-0.55,310.14000000000004,6.9941,35.82,0.0,66.855,0.0,0
46907,-0.853,83.545,0.0,0.0,-1.089,5.6587000000000005,-25.8,-80.60000000000001,5.742,0,0.0,-0.52,310.14000000000004,0.6928000000000001,36.03,0.0,66.055,0.0,0
46907,-0.853,83.545,0.0,0.0,-1.089,5.399100000000001,-23.1,-80.3,5.742,0,0.0,-0.505,310.005,0.0,36.27,0.0,65.254,0.0,0
46907,-0.853,83.545,0.0,0.0,-1.089,5.1614,-23.1,-80.3,5.742,0,0.0,-0.49,310.005,0.099,34.800000000000004,0.0,64.453,0.0,0
46907,-0.853,83.545,0.0,0.0,-1.089,4.9237,-23.200000000000003,-79.8,5.742,0,0.0,-0.55,309.915,-6.2023,34.5,0.0,63.652,0.0,0
46907,-0.853,83.545,0.0,0.0,-1.089,4.6863,-23.200000000000003,-80.10000000000001,5.742,0,0.0,-0.51,310.14000000000004,-0.6268,34.53,0.0,62.852000000000004,0.0,0
46907,-0.682,83.545,0.0,0.0,-1.089,4.473,-20.6,-79.8,5.742,0,0.0,-0.52,310.005,3.2991,34.29,0.0,62.051,0.0,0
46907,-0.682,83.545,0.0,0.0,-1.089,4.2612000000000005,-20.6,-80.10000000000001,5.742,0,0.0,-0.505,310.005,1.2537,33.99,0.0,61.25,0.0,0
46907,-0.682,83.545,0.0,0.0,-1.089,4.0495,-20.6,-80.10000000000001,5.742,0,0.0,-0.5700000000000001,310.14000000000004,-1.5836000000000001,33.99,0.0,60.449000000000005,0.0,0
46907,-0.682,83.545,0.0,0.0,-1.089,3.8538,-18.5,-79.60000000000001,5.742,0,0.0,-0.465,309.915,-2.8372,33.78,0.0,59.648,0.0,0
46907,-0.682,83.545,0.0,0.0,-1.089,3.6665,-18.3,-80.10000000000001,5.742,0,0.0,-0.43,310.005,-1.7155,33.03,0.0,58.848000000000006,0.0,0
46907,-0.853,83.545,0.0,0.0,-1.089,3.4789000000000003,-18.3,-80.10000000000001,5.742,0,0.0,-0.51,310.005,4.5858,32.82,0.0,58.047000000000004,0.0,0
46907,-0.682,83.545,0.0,0.0,-1.089,3.3002000000000002,-16.1,-80.10000000000001,5.742,0,0.0,-0.52,310.14000000000004,6.5982,33.09,0.0,57.246,0.0,0
46907,-0.853,83.545,0.0,0.0,-1.089,3.1350000000000002,-16.1,-80.3,5.742,0,0.0,-0.455,310.005,-1.8475000000000001,33.96,0.0,56.445,0.0,0
46907,-0.682,83.545,0.0,0.0,-1.089,2.97,-16.1,-79.8,5.742,0,0.0,-0.525,310.005,-3.8270000000000004,34.38,0.0,55.645,0.0,0
46907,-0.682,83.545,0.0,0.0,-1.089,2.8073,-14.100000000000001,-79.60000000000001,5.742,0,0.0,-0.5650000000000001,310.14000000000004,3.9589000000000003,35.1,0.0,54.844,0.0,0
46907,-0.853,83.545,0.0,0.0,-1.089,2.6628000000000003,-14.100000000000001,-80.10000000000001,5.742,0,0.0,-0.455,310.005,2.5073000000000003,35.4,0.0,54.043,0.0,0
46907,-0.853,83.545,0.0,0.0,-1.089,2.5182,-14.100000000000001,-80.10000000000001,5.742,0,0.0,-0.5,310.005,-2.3754,35.550000000000004,0.0,53.242000000000004,0.0,0
46907,-0.512,83.545,0.0,0.0,-1.089,2.3737,-14.3,-79.8,5.742,0,0.0,-0.53,310.14000000000004,2.3754,34.92,0.0,52.441,0.0,0
46907,-0.512,83.545,0.0,0.0,-1.089,2.2454,-12.200000000000001,-79.60000000000001,5.742,0,0.0,-0.51,310.005,0.5279,34.32,0.0,51.641000000000005,0.0,0
46907,-0.682,83.545,0.0,0.0,-1.089,2.2332,-12.200000000000001,-79.8,5.742,0,0.0,-0.5,310.005,-0.132,34.29,0.0,51.563,0.0,0
46907,-0.853,83.545,0.0,0.0,-1.089,2.1076,-12.200000000000001,-80.60000000000001,5.742,0,0.0,-0.445,310.005,-5.8724,33.84,0.0,50.762,0.0,0
46907,-0.853,83.545,0.0,0.0,-1.089,1.9819,-12.3,-80.10000000000001,5.742,0,0.0,-0.45,310.005,-1.097,33.6,0.0,49.961000000000006,0.0,0
46907,-0.853,83.545,0.0,0.0,-1.089,1.868,-10.5,-79.8,5.742,0,0.0,-0.54,309.915,6.2188,33.39,0.0,49.160000000000004,0.0,0
46907,-0.341,83.545,0.0,0.0,-1.089,1.7596,-10.700000000000001,-79.3,5.742,0,0.0,-0.44,310.005,-1.4681,33.06,0.0,48.359,0.0,0
46907,-1.0230000000000001,83.545,0.0,0.0,-1.089,1.6513,-10.6,-79.60000000000001,5.742,0,0.0,-0.56,310.005,-3.2991,32.28,0.0,47.559000000000005,0.0,0
46907,-0.682,83.545,0.0,0.0,-1.089,1.5493000000000001,-9.0,-79.8,5.742,0,0.0,-0.51,310.14000000000004,4.2889,33.3,0.0,46.758,0.0,0
46907,-0.512,83.545,0.0,0.0,-1.089,1.4566000000000001,-9.0,-80.10000000000001,5.742,0,-1.0,-0.55,310.005,2.3754,34.410000000000004,0.0,45.957,0.0,0
46907,-0.853,83.545,0.0,0.0,-1.089,1.3639000000000001,-9.0,-80.10000000000001,5.742,0,0.0,-0.515,310.005,-0.2639,35.04,0.0,45.156,0.0,0
46907,-0.682,83.545,0.0,0.0,-1.089,1.2731000000000001,-7.7,-79.8,5.742,0,0.0,-0.495,310.005,-2.0867,35.25,0.0,44.355000000000004,0.0,0
46907,-0.853,83.545,0.0,0.0,-1.089,1.1945000000000001,-7.7,-80.10000000000001,5.742,0,0.0,-0.5,310.005,-0.767,34.71,0.0,43.555,0.0,0
46907,-0.682,83.545,0.0,0.0,-1.089,1.1159000000000001,-7.7,-79.60000000000001,5.742,0,0.0,-0.47000000000000003,310.005,0.0,34.65,0.0,42.754000000000005,0.0,0
46907,-0.512,83.545,0.0,0.0,-1.089,1.0373,-7.6000000000000005,-80.10000000000001,5.742,0,0.0,-0.525,310.14000000000004,2.1527000000000003,34.47,0.0,41.953,0.0,0
46907,-0.853,83.545,0.0,0.0,-1.089,0.9711000000000001,-6.4,-77.0,5.742,0,0.0,-0.47500000000000003,310.14000000000004,6.1116,34.32,0.0,41.172000000000004,0.0,0
46907,-0.853,83.545,0.0,0.0,-2.299,0.9131,-4.8,-60.5,5.742,0,0.0,-0.555,310.005,2.9692000000000003,33.75,0.0,40.469,0.0,0
46907,-0.682,83.545,0.0,0.0,-2.359,0.8761,-1.5,-34.5,5.742,0,0.0,-0.54,310.005,-1.7568000000000001,33.18,0.0,40.02,0.0,0
46907,-0.853,83.545,0.0,0.0,-2.117,0.8567,-1.6,-13.9,5.742,0,0.0,-0.455,310.005,-6.1776,33.3,0.0,39.785000000000004,0.0,0
46907,-0.682,83.545,0.0,0.0,-1.089,0.8487,-1.6,-9.6,5.742,0,0.0,-0.5700000000000001,310.14000000000004,-1.5423,33.0,0.0,39.688,0.0,0
46907,-0.341,83.545,0.0,0.0,-0.544,0.81,-8.0,-90.30000000000001,5.742,0,0.0,-0.505,310.005,4.7095,33.24,0.0,39.219,0.0,0
46907,-0.853,83.545,0.0,0.0,4.78,0.6936,-16.0,-242.9,5.742,0,-1.0,-0.5650000000000001,310.005,-2.0455,33.39,0.0,37.52,0.0,0
46907,-1.364,83.545,0.0,0.0,19.904,0.4932,-23.0,-408.40000000000003,5.742,0,15.0,-1.065,310.005,-5.5178,34.56,0.0,34.160000000000004,0.0,0
46907,-0.171,83.545,0.0,0.0,103.331,0.2903,-19.3,-531.5,5.742,0,0.0,-1.055,310.14000000000004,1.6908,34.29,0.0,29.355,0.0,0
46907,-0.341,83.545,0.0,0.0,207.266,0.1405,-12.5,-568.6,5.742,0,1.0,-0.58,310.14000000000004,4.0497000000000005,33.99,0.0,23.77,0.0,0
46907,-0.341,83.545,-0.5,0.0,346.109,0.056900000000000006,-6.5,-551.1,5.742,0,0.0,-0.41000000000000003,310.005,2.1774,34.2,0.0,18.164,0.0,0
46907,-0.512,83.545,0.0,0.0,403.28000000000003,0.0181,-2.9000000000000004,-474.0,5.742,0,9.0,-0.53,310.005,-1.5836000000000001,34.89,0.0,13.008000000000001,0.0,0
46907,-0.682,83.545,0.0,0.0,446.658,0.0046,-0.8,-338.5,5.742,0,-2.0,-0.22,310.23,-2.8537000000000003,34.83,0.0,8.984,0.0,0
46907,-0.512,83.545,0.0,0.0,457.124,0.0009000000000000001,-0.2,-186.60000000000002,5.742,0,0.0,-0.185,310.14000000000004,4.8580000000000005,35.07,0.0,6.445,0.0,0
46907,-0.171,83.545,0.5,0.0,461.177,0.0001,0.0,-64.8,5.742,0,-1.0,-0.49,310.14000000000004,6.5075,34.53,0.0,5.293,0.0,0
46907,-0.682,83.545,0.0,0.0,461.116,0.0,0.0,-10.700000000000001,5.742,0,0.0,-0.34,310.005,-5.4106000000000005,34.02,0.0,5.0,0.0,0
46907,-0.682,83.545,0.0,0.0,460.693,0.0,0.0,-2.7,5.742,0,1.0,-0.365,310.005,-5.9797,33.69,0.0,4.961,0.0,0
46907,-0.853,83.545,0.0,0.0,460.693,0.0,0.0,2.5,5.742,0,0.0,-0.37,310.005,-1.3609,32.97,0.0,4.961,0.0,0
46907,-0.512,83.545,0.0,0.0,460.451,0.0,0.0,2.7,5.742,0,-1.0,-0.39,310.005,-1.1877,32.94,0.0,4.961,0.0,0
46907,-0.512,83.545,0.0,0.0,459.845,0.0,0.0,0.0,5.742,0,0.0,-0.41000000000000003,310.14000000000004,1.4846000000000001,33.27,0.0,4.98,0.0,0
46907,-0.682,83.545,0.0,0.0,460.027,0.0,0.0,0.0,5.742,0,0.0,-0.38,310.005,-0.39590000000000003,34.44,0.0,4.98,0.0,0
46907,-0.512,83.545,0.0,0.0,460.208,0.0,0.0,0.0,5.742,0,-1.0,-0.405,310.005,1.5836000000000001,34.410000000000004,0.0,4.98,0.0,0
46907,-0.853,83.545,0.0,0.0,460.027,0.0,0.0,0.0,5.742,0,0.0,-0.41500000000000004,310.14000000000004,1.9795,64.41,0.0,4.98,0.0,0
46907,-0.853,83.545,0.0,0.0,459.785,0.0,0.0,0.0,5.742,0,0.0,-0.375,309.915,-1.5176,109.89,0.0,4.98,0.0,0
46907,-0.512,83.545,0.0,0.0,459.604,0.0,0.0,0.2,5.742,0,0.0,-0.41000000000000003,310.14000000000004,0.132,90.06,0.0,4.98,0.0,0
46907,-0.512,83.545,0.0,0.0,458.999,0.0,0.0,0.0,5.742,0,0.0,-0.405,310.005,-1.7485000000000002,206.70000000000002,0.0,4.98,0.0,0
46907,-0.853,83.545,0.0,0.0,459.18,0.0,0.0,0.0,5.742,0,0.0,-0.38,310.23,5.6745,82.08,3.675905466079712,4.98,0.0,0
46907,-0.853,83.545,0.0,0.0,459.241,0.0,0.0,0.0,5.742,0,0.0,-0.405,310.23,4.6848,5.82,3.675905466079712,4.98,0.0,0
46907,-0.853,83.545,0.0,0.0,459.18,0.0,0.0,0.0,5.742,0,0.0,-0.385,310.14000000000004,2.7713,0.24,3.675905466079712,4.98,0.0,0
46907,-0.512,83.545,0.0,0.0,459.18,0.0,0.0,0.0,5.742,0,0.0,-0.405,310.005,-3.0022,0.0,3.675905466079712,4.98,0.0,0
46907,-0.512,83.545,0.0,0.0,459.483,0.0,0.0,0.0,5.742,0,0.0,-0.42,310.14000000000004,-3.0352,0.0,3.675905466079712,4.98,0.0,0
46907,-0.512,83.545,0.0,0.0,459.483,0.0,0.0,0.0,5.742,0,-1.0,-0.395,310.005,-0.6928000000000001,49.17,6.429667949676514,4.98,0.0,0
46907,-0.512,83.545,0.0,0.0,458.999,0.0,0.0,0.0,5.742,0,-1.0,-0.4,310.14000000000004,1.5836000000000001,302.64,6.429667949676514,4.98,0.0,0
46907,-0.512,83.545,0.0,0.0,458.999,0.0,0.0,0.0,5.742,0,-1.0,-0.39,310.14000000000004,-0.5279,600.09,8.46047306060791,4.98,0.0,0
46907,-0.853,83.545,0.0,0.0,458.999,0.0,0.0,0.0,5.742,0,0.0,-0.4,310.14000000000004,2.1114,900.0,12.464765548706055,4.98,0.0,0
46907,-0.512,83.545,0.0,0.0,458.818,0.0,0.0,0.0,5.742,0,0.0,-0.41500000000000004,310.005,-1.4846000000000001,1200.0,17.984956741333008,4.98,0.0,0
46907,0.0,83.545,-0.5,0.0,458.697,0.0,0.0,0.0,5.742,0,0.0,-0.375,310.005,-3.9589000000000003,1452.51,21.833765029907227,4.98,0.0,0
46907,0.171,83.545,0.0,0.0,458.697,0.0,0.0,0.0,5.742,0,0.0,-0.375,310.14000000000004,-3.563,1464.1200000000001,22.19476890563965,4.98,0.0,0
46907,0.0,83.545,0.0,0.0,458.697,0.0,0.0,-0.2,5.742,0,0.0,-0.41000000000000003,310.14000000000004,-1.7815,1497.54,26.638916015625,4.98,0.0,0
46907,0.853,83.545,0.0,0.0,458.454,0.0,0.0,-0.2,5.742,0,0.0,-0.395,310.005,-1.7815,1389.06,31.057729721069336,4.98,0.0,0
46907,0.682,83.545,0.0,0.0,457.97,0.0,0.0,0.0,5.742,0,0.0,-0.405,310.005,-5.0147,1210.38,34.95941925048828,4.98,0.0,0
46907,1.364,83.545,0.0,0.0,457.607,0.0,0.0,0.0,5.742,0,0.0,-0.365,309.915,-7.4148000000000005,1035.96,35.58041000366211,4.98,0.0,0
46907,1.364,83.545,0.0,0.0,457.426,0.0,0.0,0.0,5.742,0,0.0,-0.4,309.915,-3.2826,850.95,35.58041000366211,4.98,0.0,0
46907,1.5350000000000001,83.545,0.0,0.0,456.942,0.0,0.0,0.0,5.742,0,0.0,-0.405,309.825,-1.0227,587.49,35.58041000366211,4.98,0.0,0
46907,1.705,83.545,0.0,0.0,456.882,0.0,0.0,0.0,5.742,0,0.0,-0.41000000000000003,309.915,-1.864,278.07,35.58041000366211,4.98,0.0,0
46907,1.5350000000000001,83.545,0.0,0.0,456.76,0.0,0.0,0.0,5.742,0,0.0,-0.42,309.915,-1.4516,134.4,35.58041000366211,4.98,0.0,0
46907,1.364,83.545,0.0,0.0,456.942,0.0,0.0,0.0,5.742,0,0.0,-0.385,309.825,-0.3794,-480.0,35.58041000366211,4.98,0.0,0
46907,1.5350000000000001,83.545,0.0,0.0,457.063,0.0,0.0,0.0,5.742,0,0.0,-0.4,309.825,-3.2826,-480.0,35.58041000366211,4.98,0.0,0
46907,1.5350000000000001,83.545,0.0,0.0,456.942,0.0,0.0,0.0,5.742,0,0.0,-0.405,309.825,-0.2639,-480.0,35.58041000366211,4.98,0.0,0
46907,1.5350000000000001,83.545,-0.5,0.0,457.063,0.0,0.0,0.0,5.742,0,0.0,-0.385,309.825,-1.6496000000000002,-480.0,35.58041000366211,4.98,0.0,0
46907,1.705,83.545,-0.5,0.0,457.063,0.0,0.0,0.0,5.742,0,0.0,-0.4,309.825,-1.5836000000000001,-480.0,35.58041000366211,4.98,0.0,0
46907,7.162,83.506,-7.1000000000000005,0.0,456.76,0.0,0.0,0.0,5.742,0,1.0,-0.405,309.825,-0.9238000000000001,-476.76,35.58041000366211,4.98,0.0,0
46907,10.061,83.428,-8.1,0.0,456.639,0.0,0.0,0.0,5.742,0,4.0,-0.36,309.825,3.4311000000000003,-172.17000000000002,35.58041000366211,4.98,0.0,0
46907,10.402000000000001,83.35000000000001,-7.6000000000000005,0.0,456.699,0.0,0.0,0.0,5.742,0,11.0,-0.39,309.825,-0.2639,299.04,35.58041000366211,4.98,0.0,0
46907,11.255,83.271,-7.6000000000000005,0.0,456.458,0.0,0.0,0.0,5.742,0,9.0,-0.41000000000000003,309.825,1.0557,169.74,35.58041000366211,4.98,0.0,0
46907,11.426,83.184,-9.1,0.0,456.57800000000003,0.0,0.0,0.0,5.742,0,10.0,-0.395,309.825,-1.9795,-39.99,35.58041000366211,4.98,0.0,0
46907,11.767,83.105,-8.6,0.0,456.57800000000003,0.0,0.0,-0.2,5.742,0,7.0,-0.38,309.825,-6.5982,-206.37,35.58041000366211,4.98,0.0,0
46907,11.937,83.027,-8.6,0.0,456.639,0.0,0.0,0.0,5.742,0,7.0,-0.38,309.915,3.8270000000000004,-111.06,35.58041000366211,4.98,0.0,0
46907,11.426,82.949,-7.6000000000000005,0.0,456.82,0.0,0.0,0.0,5.742,0,5.0,-0.385,309.825,4.486800000000001,29.91,35.58041000366211,4.98,0.0,0
46907,11.767,82.87100000000001,-8.1,0.0,456.57800000000003,0.0,0.0,-0.2,5.742,0,5.0,-0.38,309.915,2.3754,112.77,35.58041000366211,4.98,0.0,0
46907,11.937,82.793,-7.6000000000000005,0.0,456.216,0.0,0.0,0.0,5.742,0,10.0,-0.385,309.69,-4.3218000000000005,126.93,35.58041000366211,4.98,0.0,0
46907,11.937,82.705,-7.6000000000000005,0.0,456.57800000000003,0.0,0.0,0.0,5.742,0,7.0,-0.4,309.915,-1.8475000000000001,102.36,35.58041000366211,4.98,0.0,0
46907,12.108,82.62700000000001,-7.6000000000000005,0.0,456.882,0.0,0.0,0.0,5.742,0,7.0,-0.38,309.825,1.9135000000000002,59.76,35.58041000366211,4.98,0.0,0
46907,12.108,82.549,-8.1,0.0,456.76,0.0,0.0,0.2,5.742,0,8.0,-0.385,309.915,5.1466,26.67,35.58041000366211,4.98,0.0,0
46907,12.108,82.471,-8.1,0.0,456.458,0.0,0.0,0.0,5.742,0,6.0,-0.355,309.825,-1.7815,8.82,35.58041000366211,4.98,0.0,0
46907,12.108,82.393,-7.6000000000000005,0.0,456.15500000000003,0.0,0.0,0.0,5.742,0,5.0,-0.385,309.915,-0.9238000000000001,7.53,35.58041000366211,4.98,0.0,0
46907,12.108,82.31400000000001,-7.6000000000000005,0.0,456.76,0.0,0.0,0.0,5.742,0,8.0,-0.4,309.915,0.5279,15.63,35.58041000366211,4.98,0.0,0
46907,12.790000000000001,82.236,-7.6000000000000005,0.0,456.699,0.0,0.0,0.0,5.742,0,7.0,-0.395,309.825,0.0,26.79,35.58041000366211,4.98,0.0,0
46907,12.790000000000001,82.14800000000001,-7.6000000000000005,0.0,456.276,0.0,0.0,0.0,5.742,0,6.0,-0.4,309.69,-5.3776,35.85,35.58041000366211,4.98,0.0,0
46907,13.131,82.07000000000001,-7.6000000000000005,0.0,456.15500000000003,0.0,0.0,0.0,5.742,0,6.0,-0.39,309.825,-3.4311000000000003,40.32,35.58041000366211,4.98,0.0,0
46907,13.642,81.992,-7.6000000000000005,0.0,456.276,0.0,0.0,0.0,5.742,0,7.0,-0.37,309.915,3.3651,41.31,35.58041000366211,4.98,0.0,0
46907,14.325000000000001,81.914,-7.6000000000000005,0.0,456.57800000000003,0.0,0.0,0.0,5.742,0,8.0,-0.375,309.825,1.5836000000000001,39.72,35.58041000366211,4.98,0.0,0
46907,15.007,81.836,-7.6000000000000005,0.0,456.82,0.0,0.0,0.0,5.742,0,6.0,-0.41000000000000003,309.69,-2.0125,37.53,35.58041000366211,4.98,0.0,0
46907,15.859,81.75800000000001,-8.1,0.0,456.882,0.0,0.0,0.0,5.742,0,7.0,-0.365,309.69,-3.8270000000000004,35.88,35.58041000366211,4.98,0.0,0
46907,17.394000000000002,81.68,-8.1,0.0,456.57800000000003,0.0,0.0,0.0,5.742,0,8.0,-0.39,309.915,2.0455,34.53,35.58041000366211,4.98,0.0,0
46907,19.611,81.592,-8.1,0.0,456.216,0.0,0.0,0.0,5.742,0,6.0,-0.39,309.825,2.5073000000000003,34.17,35.58041000366211,4.98,0.0,0
46907,21.657,81.51400000000001,-7.6000000000000005,0.0,456.276,0.0,0.0,0.0,5.742,0,7.0,-0.395,309.825,-2.2104,34.2,35.58041000366211,4.98,0.0,0
46907,24.215,81.436,-7.6000000000000005,0.0,456.458,0.0,0.0,0.0,5.742,0,8.0,-0.36,309.825,1.8475000000000001,35.22,35.58041000366211,4.98,0.0,0
46907,26.773,81.357,-8.1,0.0,456.397,0.0,0.0,0.0,5.742,0,6.0,-0.375,309.825,0.0,36.69,35.58041000366211,4.98,0.0,0
46907,28.990000000000002,81.27900000000001,-7.1000000000000005,0.0,456.276,0.0,0.0,0.0,5.742,0,8.0,-0.385,309.915,0.132,37.29,35.58041000366211,4.98,0.0,0
46907,32.06,81.20100000000001,-7.6000000000000005,0.0,456.276,0.0,0.0,0.0,5.742,0,9.0,-0.39,309.825,3.1672000000000002,36.96,35.58041000366211,4.98,0.0,0
46907,34.277,81.123,-7.6000000000000005,0.0,456.337,0.0,0.0,0.0,5.742,0,8.0,-0.385,309.825,-1.0557,35.49,35.58041000366211,4.98,0.0,0
46907,37.005,81.045,-7.6000000000000005,0.0,456.095,0.0,0.0,0.0,5.742,0,8.0,-0.38,309.825,-3.8930000000000002,34.65,35.58041000366211,4.98,0.0,0
46907,40.416000000000004,80.95700000000001,-8.1,0.0,456.276,0.0,0.0,0.0,5.742,0,9.0,-0.39,309.915,-0.7918000000000001,34.08,35.58041000366211,4.98,0.0,0
46907,39.734,80.95700000000001,-8.6,0.0,456.276,0.0,0.0,0.0,5.742,0,9.0,-0.385,309.69,-1.4269,34.05,35.58041000366211,4.98,0.0,0
46907,42.974000000000004,80.869,-7.6000000000000005,0.0,456.337,0.0,0.0,0.0,5.742,0,9.0,-0.39,309.69,-1.4269,34.83,35.58041000366211,4.98,0.0,0
46907,45.532000000000004,80.791,-8.6,0.0,456.276,0.0,0.0,0.0,5.742,0,9.0,-0.4,309.825,0.9897,36.09,35.58041000366211,4.98,0.0,0
46907,47.578,80.71300000000001,-8.1,0.0,456.034,0.0,0.0,0.0,5.742,0,8.0,-0.38,309.825,-0.3134,36.96,35.58041000366211,4.98,0.0,0
46907,49.795,80.635,-8.1,0.0,456.276,0.0,0.0,0.0,5.742,0,9.0,-0.39,309.825,-0.6186,36.9,35.58041000366211,4.98,0.0,0
46907,52.182,80.557,-7.6000000000000005,0.0,456.095,0.0,0.0,0.0,5.742,0,9.0,-0.4,309.915,2.6228000000000002,36.87,35.58041000366211,4.98,0.0,0
46907,54.74,80.479,-7.6000000000000005,0.0,456.034,0.0,0.0,0.0,5.742,0,9.0,-0.395,309.915,3.7445000000000004,36.99,35.58041000366211,4.98,0.0,0
46907,56.616,80.4,-7.6000000000000005,0.0,455.913,0.0,0.0,0.0,5.742,0,12.0,-0.385,309.825,0.899,36.54,35.58041000366211,4.98,0.0,0
46907,59.344,80.322,-7.6000000000000005,0.0,456.034,0.0,0.0,0.0,5.742,0,9.0,-0.385,309.915,-2.7713,35.4,35.58041000366211,4.98,0.0,0
46907,61.902,80.23400000000001,-8.1,0.0,455.913,0.0,0.0,0.0,5.742,0,11.0,-0.39,309.825,-0.7918000000000001,34.74,35.58041000366211,4.98,0.0,0
46907,65.142,80.156,-7.6000000000000005,0.0,455.732,0.0,0.0,0.0,5.742,0,8.0,-0.395,309.915,0.0495,34.800000000000004,35.58041000366211,4.98,0.0,0
46907,67.7,80.078,-7.6000000000000005,0.0,455.732,0.0,0.0,0.0,5.742,0,9.0,-0.375,309.825,1.2537,34.35,35.58041000366211,4.98,0.0,0
46907,70.258,80.0,-8.1,0.0,456.216,0.0,0.0,0.0,5.742,0,11.0,-0.405,309.825,0.9897,33.9,35.58041000366211,4.98,0.0,0
46907,72.816,79.922,-7.6000000000000005,0.0,456.095,0.0,0.0,0.0,5.742,0,10.0,-0.41000000000000003,309.825,-1.963,35.46,35.58041000366211,4.98,0.0,0
46907,75.545,79.84400000000001,-7.1000000000000005,0.0,455.732,0.0,0.0,0.0,5.742,0,9.0,-0.405,309.825,-1.6496000000000002,36.36,35.58041000366211,4.98,0.0,0
46907,78.444,79.766,-7.6000000000000005,0.0,455.611,0.0,0.0,0.0,5.742,0,11.0,-0.365,309.825,-0.9897,37.44,35.58041000366211,4.98,0.0,0
46907,81.002,79.688,-8.1,0.0,455.732,0.0,0.0,0.0,5.742,0,10.0,-0.395,309.915,3.8765,37.38,35.58041000366211,4.98,0.0,0
46907,83.389,79.60000000000001,-7.6000000000000005,0.0,456.095,0.0,0.0,0.0,5.742,0,10.0,-0.405,309.825,2.2434000000000003,37.17,35.58041000366211,4.98,0.0,0
46907,86.288,79.521,-8.1,0.0,456.216,0.0,0.0,0.0,5.742,0,12.0,-0.375,309.69,-2.4826,36.6,35.58041000366211,4.98,0.0,0
46907,89.017,79.443,-7.6000000000000005,0.0,456.095,0.0,0.0,0.0,5.742,0,9.0,-0.395,309.825,-6.4663,36.42,35.58041000366211,4.98,0.0,0
46907,91.745,79.36500000000001,-8.1,0.0,455.671,0.0,0.0,0.0,5.742,0,12.0,-0.385,309.915,3.8105,36.12,35.58041000366211,4.98,0.0,0
46907,94.303,79.287,-7.6000000000000005,0.0,455.611,0.0,0.0,0.0,5.742,0,12.0,-0.405,309.825,5.5425,34.95,35.58041000366211,4.98,0.0,0
46907,96.861,79.209,-7.6000000000000005,0.0,455.611,0.0,0.0,0.0,5.742,0,11.0,-0.365,309.825,0.132,34.71,35.58041000366211,4.98,0.0,0
46907,99.249,79.131,-7.1000000000000005,0.0,455.49,0.0,0.0,0.0,5.742,0,9.0,-0.395,309.825,-0.5114000000000001,34.77,35.58041000366211,4.98,0.0,0
46907,101.636,79.053,-8.1,0.0,455.79200000000003,0.0,0.0,0.0,5.742,0,12.0,-0.395,309.825,-4.024900000000001,35.01,35.58041000366211,4.98,0.0,0
46907,104.364,78.965,-8.6,0.0,456.095,0.0,0.0,0.0,5.742,0,10.0,-0.39,309.915,-0.066,35.34,35.58041000366211,4.98,0.0,0
46907,107.263,78.887,-8.6,0.0,455.79200000000003,0.0,0.0,0.0,5.742,0,13.0,-0.41000000000000003,309.825,4.024900000000001,35.34,35.58041000366211,4.98,0.0,0
46907,109.48,78.809,-8.1,0.0,456.095,0.0,0.0,0.0,5.742,0,12.0,-0.39,309.825,-0.7918000000000001,36.06,35.58041000366211,4.98,0.0,0
46907,109.48,78.799,-7.6000000000000005,0.0,456.095,0.0,0.0,0.0,5.742,0,11.0,-0.375,309.825,-1.0557,36.18,35.58041000366211,4.98,0.0,0
46907,112.209,78.721,-7.1000000000000005,0.0,456.15500000000003,0.0,0.0,0.0,5.742,0,14.0,-0.375,309.825,-0.9897,36.69,35.58041000366211,4.98,0.0,0
46907,114.596,78.643,-8.1,0.0,456.095,0.0,0.0,0.0,5.742,0,12.0,-0.41000000000000003,309.825,1.5836000000000001,36.9,35.58041000366211,4.98,0.0,0
46907,117.325,78.56400000000001,-8.1,0.0,455.974,0.0,0.0,0.0,5.742,0,12.0,-0.41500000000000004,309.825,-3.4311000000000003,36.660000000000004,35.58041000366211,4.98,0.0,0
46907,119.712,78.486,-7.6000000000000005,0.0,456.095,0.0,0.0,0.0,5.742,0,13.0,-0.365,309.915,0.132,36.06,35.58041000366211,4.98,0.0,0
46907,122.27,78.408,-7.6000000000000005,0.0,455.974,0.0,0.0,0.0,5.742,0,12.0,-0.385,309.825,2.1114,35.88,35.58041000366211,4.98,0.0,0
46907,124.48700000000001,78.33,-8.1,0.0,456.095,0.0,0.0,0.0,5.742,0,12.0,-0.39,309.825,-0.7918000000000001,35.43,35.58041000366211,4.98,0.0,0
46907,126.533,78.242,-8.1,0.0,455.732,0.0,0.0,0.0,5.742,0,17.0,-0.4,309.825,-0.9897,34.89,35.58041000366211,4.98,0.0,0
46907,129.091,78.164,-7.6000000000000005,0.0,455.732,0.0,0.0,0.0,5.742,0,13.0,-0.4,309.69,-2.7713,34.05,35.58041000366211,4.98,0.0,0
46907,131.82,78.086,-7.6000000000000005,0.0,455.732,0.0,0.0,0.0,5.742,0,12.0,-0.39,309.825,-0.7918000000000001,33.99,35.58041000366211,4.98,0.0,0
46907,133.696,78.00800000000001,-8.1,0.0,455.853,0.0,0.0,0.0,5.742,0,14.0,-0.41000000000000003,309.69,-0.2639,33.99,35.58041000366211,4.98,0.0,0
46907,136.083,77.93,-7.6000000000000005,0.0,456.034,0.0,0.0,0.0,5.742,0,13.0,-0.41500000000000004,309.825,0.6928000000000001,34.17,35.58041000366211,4.98,0.0,0
46907,138.811,77.852,-7.6000000000000005,0.0,455.732,0.0,0.0,0.0,5.742,0,13.0,-0.39,309.825,-0.132,35.58,35.58041000366211,4.98,0.0,0
46907,141.711,77.77300000000001,-8.1,0.0,455.732,0.0,0.0,0.0,5.742,0,13.0,-0.39,309.825,0.165,36.39,35.58041000366211,4.98,0.0,0
46907,144.951,77.69500000000001,-8.1,0.0,455.913,0.0,0.0,0.0,5.742,0,15.0,-0.385,309.825,-0.6598,36.78,35.58041000366211,4.98,0.0,0
46907,147.679,77.607,-8.1,0.0,455.732,0.0,0.0,0.0,5.742,0,13.0,-0.39,309.825,0.0,36.42,35.58041000366211,4.98,0.0,0
46907,150.749,77.52900000000001,-8.1,0.0,455.913,0.0,0.0,0.0,5.742,0,15.0,-0.385,309.825,1.3196,35.88,35.58041000366211,4.98,0.0,0
46907,153.818,77.45100000000001,-8.6,0.0,455.853,0.0,0.0,0.0,5.742,0,13.0,-0.41500000000000004,309.825,-3.9589000000000003,35.58,35.58041000366211,4.98,0.0,0
46907,157.229,77.373,-7.6000000000000005,0.0,455.913,0.0,0.0,0.0,5.742,0,13.0,-0.385,309.915,1.8475000000000001,35.67,35.58041000366211,4.98,0.0,0
46907,159.957,77.295,-7.6000000000000005,0.0,455.853,0.0,0.0,0.0,5.742,0,14.0,-0.37,309.915,3.8930000000000002,35.25,35.58041000366211,4.98,0.0,0
46907,162.686,77.217,-7.1000000000000005,0.0,455.49,0.0,0.0,0.0,5.742,0,13.0,-0.405,309.915,-1.0557,34.62,35.58041000366211,4.98,0.0,0
46907,165.41400000000002,77.13900000000001,-7.6000000000000005,0.0,455.551,0.0,0.0,0.0,5.742,0,12.0,-0.39,309.915,2.3754,34.35,35.58041000366211,4.98,0.0,0
46907,168.654,77.061,-8.1,0.0,455.551,0.0,0.0,0.0,5.742,0,16.0,-0.39,309.825,0.132,33.99,35.58041000366211,4.98,0.0,0
46907,171.553,76.973,-7.6000000000000005,0.0,455.853,0.0,0.0,0.0,5.742,0,11.0,-0.39,309.915,-1.8475000000000001,33.69,35.58041000366211,4.98,0.0,0
46907,174.623,76.89500000000001,-8.6,0.0,455.611,0.0,0.0,0.0,5.742,0,15.0,-0.41000000000000003,309.825,-1.7155,34.53,35.58041000366211,4.98,0.0,0
46907,177.863,76.816,-8.6,0.0,455.49,0.0,0.0,0.0,5.742,0,13.0,-0.39,309.915,2.0455,34.95,35.58041000366211,4.98,0.0,0
46907,179.909,76.738,-8.6,0.0,455.309,0.0,0.0,0.0,5.742,0,13.0,-0.39,309.825,-0.7918000000000001,36.0,35.58041000366211,4.98,0.0,0
46907,183.149,76.66,-8.1,0.0,455.43,0.0,0.0,0.0,5.742,0,14.0,-0.38,309.915,-0.5938,36.36,35.58041000366211,4.98,0.0,0
46907,186.048,76.58200000000001,-8.6,0.0,455.671,0.0,0.0,0.0,5.742,0,14.0,-0.395,309.915,-1.1877,36.03,35.58041000366211,4.98,0.0,0
46907,188.26500000000001,76.504,-8.6,0.0,455.853,0.0,0.0,0.0,5.742,0,11.0,-0.37,309.915,2.0455,36.24,35.58041000366211,4.98,0.0,0
46907,190.823,76.416,-8.1,0.0,455.732,0.0,0.0,0.0,5.742,0,9.0,-0.4,309.825,-0.132,36.0,35.58041000366211,4.98,0.0,0
46907,191.505,76.416,-8.1,0.0,455.732,0.0,0.0,0.0,5.742,0,14.0,-0.39,309.825,0.0825,35.94,35.58041000366211,4.98,0.0,0
46907,193.722,76.33800000000001,-8.1,0.0,455.732,0.0,0.0,0.0,5.742,0,12.0,-0.4,309.915,0.0,35.13,35.58041000366211,4.98,0.0,0
46907,196.621,76.25,-8.1,0.0,455.551,0.0,0.0,0.0,5.742,0,14.0,-0.375,309.825,1.0722,34.980000000000004,35.58041000366211,4.98,0.0,0
46907,199.00900000000001,76.172,-8.1,0.0,455.671,0.0,0.0,0.0,5.742,0,13.0,-0.385,309.915,1.4351,35.34,35.58041000366211,4.98,0.0,0
46907,201.226,76.09400000000001,-8.1,0.0,455.853,0.0,0.0,0.0,5.742,0,12.0,-0.39,309.825,1.3361,34.71,35.58041000366211,4.98,0.0,0
46907,203.78300000000002,76.016,-8.1,0.0,455.551,0.0,0.0,0.0,5.742,0,13.0,-0.355,309.825,-0.6433,33.9,35.58041000366211,4.98,0.0,0
46907,205.83,75.938,-7.6000000000000005,0.0,455.49,0.0,0.0,0.0,5.742,0,13.0,-0.375,309.915,-1.4516,33.54,35.58041000366211,4.98,0.0,0
46907,207.876,75.85900000000001,-7.6000000000000005,0.0,455.671,0.0,0.0,0.0,5.742,0,12.0,-0.41000000000000003,309.915,1.0557,33.75,35.58041000366211,4.98,0.0,0
46907,210.434,75.781,-8.1,0.0,455.43,0.0,0.0,0.0,5.742,0,13.0,-0.4,309.825,-0.6598,34.68,35.58041000366211,4.98,0.0,0
46907,212.822,75.703,-8.1,0.0,455.309,0.0,0.0,0.0,5.742,0,13.0,-0.38,309.825,-2.8867000000000003,35.94,35.58041000366211,4.98,0.0,0
46907,212.822,75.693,-7.6000000000000005,0.0,455.43,0.0,0.0,0.0,5.742,0,12.0,-0.39,309.825,-2.6393,36.03,35.58041000366211,4.98,0.0,0
46907,214.868,75.61500000000001,-7.1000000000000005,0.0,455.43,0.0,0.0,0.0,5.742,0,12.0,-0.38,309.915,2.6393,36.660000000000004,35.58041000366211,4.98,0.0,0
46907,217.085,75.527,-8.1,0.0,455.913,0.0,0.0,0.0,5.742,0,12.0,-0.385,309.915,3.9589000000000003,35.94,35.58041000366211,4.98,0.0,0
46907,218.961,75.449,-8.1,0.0,455.913,0.0,0.0,0.0,5.742,0,12.0,-0.41500000000000004,309.915,-0.066,35.13,35.58041000366211,4.98,0.0,0
46907,220.495,75.37100000000001,-8.6,0.0,455.611,0.0,0.0,0.0,5.742,0,12.0,-0.385,309.915,-1.0557,34.47,35.58041000366211,4.98,0.0,0
46907,222.371,75.293,-9.1,0.0,455.853,0.0,0.0,0.0,5.742,0,13.0,-0.38,309.915,0.0,34.38,35.58041000366211,4.98,0.0,0
46907,224.588,75.215,-8.6,0.0,455.853,0.0,0.0,0.0,5.742,0,12.0,-0.41000000000000003,309.825,-0.7918000000000001,35.13,35.58041000366211,4.98,0.0,0
46907,226.12300000000002,75.137,-8.1,0.0,455.79200000000003,0.0,0.0,0.0,5.742,0,13.0,-0.385,309.825,-4.6848,35.28,35.58041000366211,4.98,0.0,0
46907,227.65800000000002,75.059,-8.6,0.0,455.43,0.0,0.0,0.0,5.742,0,12.0,-0.365,309.825,-1.4516,35.37,35.58041000366211,4.98,0.0,0
46907,229.022,74.98,-7.6000000000000005,0.0,455.43,0.0,0.0,0.0,5.742,0,11.0,-0.385,309.915,4.4208,34.14,35.58041000366211,4.98,0.0,0
46907,230.55700000000002,74.893,-7.6000000000000005,0.0,455.551,0.0,0.0,0.0,5.742,0,13.0,-0.4,309.915,2.3754,33.36,35.58041000366211,4.98,0.0,0
46907,232.091,74.81400000000001,-7.6000000000000005,0.0,455.43,0.0,0.0,0.0,5.742,0,12.0,-0.39,309.825,-0.5279,32.910000000000004,35.58041000366211,4.98,0.0,0
46907,233.115,74.736,-8.1,0.0,455.611,0.0,0.0,0.0,5.742,0,12.0,-0.365,309.915,-2.3754,33.54,35.58041000366211,4.98,0.0,0
46907,234.649,74.658,-7.6000000000000005,0.0,456.216,0.0,0.0,0.0,5.742,0,13.0,-0.4,309.915,0.5279,34.38,35.58041000366211,4.98,0.0,0
46907,235.673,74.58,-7.6000000000000005,0.0,455.974,0.0,0.0,0.0,5.742,0,12.0,-0.39,309.825,1.5836000000000001,35.64,35.58041000366211,4.98,0.0,0
46907,236.866,74.50200000000001,-8.1,0.0,455.611,0.0,0.0,0.0,5.742,0,12.0,-0.39,309.915,-1.5836000000000001,36.15,35.58041000366211,4.98,0.0,0
46907,236.696,74.492,-8.1,0.0,455.611,0.0,0.0,0.0,5.742,0,13.0,-0.375,309.915,-1.0557,36.21,35.58041000366211,4.98,0.0,0
46907,238.06,74.414,-8.1,0.0,455.611,0.0,0.0,0.0,5.742,0,12.0,-0.385,309.915,1.1877,36.21,35.58041000366211,4.98,0.0,0
46907,239.083,74.336,-8.1,0.0,455.43,0.0,0.0,0.0,5.742,0,11.0,-0.4,309.915,3.4146,35.550000000000004,35.58041000366211,4.98,0.0,0
46907,239.76500000000001,74.248,-8.1,0.0,455.551,0.0,0.0,0.0,5.742,0,12.0,-0.38,309.825,-2.2269,34.29,35.58041000366211,4.98,0.0,0
46907,240.447,74.17,-8.1,0.0,455.732,0.0,0.0,0.0,5.742,0,13.0,-0.41000000000000003,309.825,-4.2064,33.72,35.58041000366211,4.98,0.0,0
46907,241.3,74.092,-8.1,0.0,455.611,0.0,0.0,0.0,5.742,0,9.0,-0.405,309.825,-1.1712,33.33,35.58041000366211,4.98,0.0,0
46907,241.982,74.01400000000001,-8.1,0.0,455.43,0.0,0.0,0.0,5.742,0,13.0,-0.39,309.915,3.2826,33.45,35.58041000366211,4.98,0.0,0
46907,242.66400000000002,73.936,-7.1000000000000005,0.0,455.49,0.0,0.0,0.0,5.742,0,10.0,-0.395,309.825,-0.132,33.69,35.58041000366211,4.98,0.0,0
46907,243.346,73.857,-7.6000000000000005,0.0,455.43,0.0,0.0,0.0,5.742,0,9.0,-0.405,309.915,-0.9238000000000001,33.93,35.58041000366211,4.98,0.0,0
46907,244.029,73.77900000000001,-7.6000000000000005,0.0,455.671,0.0,0.0,0.0,5.742,0,9.0,-0.38,309.825,0.9402,34.2,35.58041000366211,4.98,0.0,0
46907,244.711,73.70100000000001,-7.6000000000000005,0.0,455.611,0.0,0.0,0.0,5.742,0,12.0,-0.41500000000000004,309.915,1.1712,34.68,35.58041000366211,4.98,0.0,0
46907,244.881,73.613,-7.6000000000000005,0.0,455.671,0.0,0.0,0.0,5.742,0,14.0,-0.405,309.825,-0.5114000000000001,35.52,35.58041000366211,4.98,0.0,0
46907,245.734,73.535,-8.1,0.0,455.732,0.0,0.0,0.0,5.742,0,12.0,-0.385,309.825,-3.4806000000000004,35.97,35.58041000366211,4.98,0.0,0
46907,245.904,73.525,-7.6000000000000005,0.0,455.913,0.0,0.0,0.0,5.742,0,12.0,-0.385,309.825,-3.0352,36.06,35.58041000366211,4.98,0.0,0
46907,246.07500000000002,73.447,-8.6,0.0,455.853,0.0,0.0,0.0,5.742,0,12.0,-0.365,309.825,-2.5733,36.33,35.58041000366211,4.98,0.0,0
46907,246.757,73.369,-8.1,0.0,455.248,0.0,0.0,0.0,5.742,0,10.0,-0.39,309.825,3.2991,35.76,35.58041000366211,4.98,0.0,0
46907,246.928,73.291,-8.1,0.0,455.43,0.0,0.0,0.0,5.742,0,14.0,-0.37,309.825,-1.5836000000000001,35.730000000000004,35.58041000366211,4.98,0.0,0
46907,247.269,73.21300000000001,-7.6000000000000005,0.0,455.43,0.0,0.0,0.0,5.742,0,13.0,-0.395,309.915,2.2434000000000003,35.730000000000004,35.58041000366211,4.98,0.0,0
46907,247.78,73.135,-8.1,0.0,455.369,0.0,0.0,0.0,5.742,0,11.0,-0.36,309.915,3.8930000000000002,34.800000000000004,35.58041000366211,4.98,0.0,0
46907,247.78,73.047,-7.6000000000000005,0.0,455.309,0.0,0.0,0.0,5.742,0,12.0,-0.4,309.825,-1.3196,34.32,35.58041000366211,4.98,0.0,0
46907,248.121,72.96900000000001,-7.6000000000000005,0.0,455.005,0.0,0.0,0.0,5.742,0,13.0,-0.38,309.69,-3.0022,34.74,35.58041000366211,4.98,0.0,0
46907,248.803,72.891,-7.6000000000000005,0.0,455.188,0.0,0.0,0.0,5.742,0,11.0,-0.375,310.005,0.6598,35.31,35.58041000366211,4.98,0.0,0
46907,248.97400000000002,72.813,-8.6,0.0,455.06600000000003,0.0,0.0,0.0,5.742,0,11.0,-0.375,309.69,1.4186,34.74,35.58041000366211,4.98,0.0,0
46907,248.97400000000002,72.73400000000001,-7.6000000000000005,0.0,455.248,0.0,0.0,0.0,5.742,0,12.0,-0.41000000000000003,309.825,-0.2639,34.32,35.58041000366211,4.98,0.0,0
46907,249.48600000000002,72.656,-7.6000000000000005,0.0,455.12600000000003,0.0,0.0,0.0,5.742,0,10.0,-0.405,309.825,-5.1466,34.29,35.58041000366211,4.98,0.0,0
46907,249.656,72.578,-7.6000000000000005,0.0,455.188,0.0,0.0,0.0,5.742,0,11.0,-0.365,309.915,5.5425,35.43,35.58041000366211,4.98,0.0,0
46907,249.48600000000002,72.5,-7.6000000000000005,0.0,455.248,0.0,0.0,0.0,5.742,0,9.0,-0.4,309.825,4.7507,35.97,35.58041000366211,4.98,0.0,0
46907,249.827,72.412,-8.1,0.0,455.248,0.0,0.0,0.0,5.742,0,10.0,-0.395,309.915,-0.2639,36.18,35.58041000366211,4.98,0.0,0
46907,249.827,72.334,-8.6,0.0,455.309,0.0,0.0,0.0,5.742,0,10.0,-0.4,309.825,-2.0455,36.09,35.58041000366211,4.98,0.0,0
46907,249.827,72.256,-8.1,0.0,455.12600000000003,0.0,0.0,0.0,5.742,0,11.0,-0.38,309.915,2.1114,36.06,35.58041000366211,4.98,0.0,0
46907,250.338,72.178,-7.6000000000000005,0.0,455.12600000000003,0.0,0.0,0.0,5.742,0,11.0,-0.4,309.915,0.0,36.57,35.58041000366211,4.98,0.0,0
46907,249.997,72.10000000000001,-7.1000000000000005,0.0,455.188,0.0,0.0,0.0,5.742,0,13.0,-0.37,309.69,-4.3548,35.49,35.58041000366211,4.98,0.0,0
46907,250.338,72.021,-7.1000000000000005,0.0,455.309,0.0,0.0,0.0,5.742,0,12.0,-0.395,309.915,-1.8475000000000001,35.04,35.58041000366211,4.98,0.0,0
46907,250.168,71.943,-7.1000000000000005,0.0,455.611,0.0,0.0,0.0,5.742,0,11.0,-0.39,309.69,-2.9032,34.08,35.58041000366211,4.98,0.0,0
46907,250.338,71.855,-8.6,0.0,455.49,0.0,0.0,0.0,5.742,0,12.0,-0.37,309.825,-1.4186,34.38,35.58041000366211,4.98,0.0,0
46907,250.168,71.846,-8.1,0.0,455.49,0.0,0.0,0.0,5.742,0,11.0,-0.385,309.825,-2.2022,34.410000000000004,35.58041000366211,4.98,0.0,0
46907,250.338,71.768,-8.1,0.0,455.732,0.0,0.0,0.0,5.742,0,10.0,-0.385,309.825,1.6661000000000001,34.74,35.58041000366211,4.98,0.0,0
46907,250.168,71.68900000000001,-8.6,0.0,455.671,0.0,0.0,0.0,5.742,0,11.0,-0.375,309.915,2.5981,34.35,35.58041000366211,4.98,0.0,0
46907,250.168,71.611,-8.1,0.0,455.551,0.0,0.0,0.0,5.742,0,12.0,-0.375,309.825,-1.6496000000000002,35.160000000000004,35.58041000366211,4.98,0.0,0
46907,250.168,71.533,-7.6000000000000005,0.0,455.43,0.0,0.0,0.0,5.742,0,9.0,-0.38,309.825,-1.897,35.82,35.58041000366211,4.98,0.0,0
46907,250.168,71.455,-8.1,0.0,455.43,0.0,0.0,0.0,5.742,0,11.0,-0.39,309.915,0.7258,35.79,35.58041000366211,4.98,0.0,0
46907,250.338,71.37700000000001,-8.1,0.0,455.248,0.0,0.0,0.0,5.742,0,10.0,-0.395,309.69,1.3856000000000002,35.31,35.58041000366211,4.98,0.0,0
46907,250.338,71.289,-8.1,0.0,455.248,0.0,0.0,0.0,5.742,0,12.0,-0.36,309.825,-0.46190000000000003,35.160000000000004,35.58041000366211,4.98,0.0,0
46907,250.338,71.211,-7.6000000000000005,0.0,455.309,0.0,0.0,0.0,5.742,0,12.0,-0.32,309.915,-0.5938,35.22,35.58041000366211,4.98,0.0,0
46907,250.168,71.13300000000001,-8.1,0.0,455.248,0.0,0.0,0.0,5.742,0,8.0,-0.42,309.915,5.3033,35.49,35.58041000366211,4.98,0.0,0
46907,249.997,71.055,-7.1000000000000005,0.0,455.12600000000003,0.0,0.0,0.0,5.742,0,11.0,-0.375,309.915,1.4516,36.33,35.58041000366211,4.98,0.0,0
46907,250.168,70.977,-7.6000000000000005,0.0,455.369,0.0,0.0,0.0,5.742,0,11.0,-0.36,309.69,-4.3136,36.15,35.58041000366211,4.98,0.0,0
46907,250.168,70.89800000000001,-7.6000000000000005,0.0,455.06600000000003,0.0,0.0,0.0,5.742,0,10.0,-0.355,309.825,-6.449800000000001,35.1,35.58041000366211,4.98,0.0,0
46907,250.168,70.82000000000001,-8.1,0.0,455.188,0.0,0.0,0.0,5.742,0,10.0,-0.44,309.915,1.1877,33.93,35.58041000366211,4.98,0.0,0
46907,250.168,70.732,-8.6,0.0,455.49,0.0,0.0,0.0,5.742,0,11.0,-0.355,309.915,8.561200000000001,33.51,35.58041000366211,4.98,0.0,0
46907,249.827,70.654,-7.6000000000000005,0.0,455.309,0.0,0.0,0.0,5.742,0,10.0,-0.35000000000000003,309.69,1.6083,33.69,35.58041000366211,4.98,0.0,0
46907,249.997,70.57600000000001,-8.1,0.0,455.43,0.0,0.0,0.0,5.742,0,11.0,-0.395,309.825,-5.1961,34.14,35.58041000366211,4.98,0.0,0
46907,249.656,70.498,-7.6000000000000005,0.0,455.248,0.0,0.0,0.0,5.742,0,11.0,-0.38,309.825,-3.2166,35.31,35.58041000366211,4.98,0.0,0
46907,249.827,70.42,-7.6000000000000005,0.0,455.309,0.0,0.0,0.0,5.742,0,10.0,-0.42,309.825,3.5136000000000003,36.72,35.58041000366211,4.98,0.0,0
46907,249.656,70.342,-7.1000000000000005,0.0,455.309,0.0,0.0,0.0,5.742,0,12.0,-0.365,309.915,1.8310000000000002,36.87,35.58041000366211,4.98,0.0,0
46907,249.827,70.26400000000001,-7.6000000000000005,0.0,455.06600000000003,0.0,0.0,0.0,5.742,0,10.0,-0.37,309.825,-0.39590000000000003,35.94,35.58041000366211,4.98,0.0,0
46907,249.827,70.176,-7.6000000000000005,0.0,454.945,0.0,0.0,0.0,5.742,0,10.0,-0.35000000000000003,309.825,-0.6598,35.01,35.58041000366211,4.98,0.0,0
46907,249.997,70.098,-8.6,0.0,455.188,0.0,0.0,0.0,5.742,0,11.0,-0.41000000000000003,309.825,-0.39590000000000003,34.74,35.58041000366211,4.98,0.0,0
46907,249.48600000000002,70.02000000000001,-8.1,0.0,455.309,0.0,0.0,0.0,5.742,0,10.0,-0.375,309.915,0.9073,35.49,35.58041000366211,4.98,0.0,0
46907,249.827,69.941,-8.1,0.0,455.49,0.0,0.0,0.0,5.742,0,11.0,-0.405,309.825,1.5836000000000001,36.72,35.58041000366211,4.98,0.0,0
46907,249.48600000000002,69.932,-8.1,0.0,455.248,0.0,0.0,0.0,5.742,0,11.0,-0.4,309.825,1.0557,36.75,35.58041000366211,4.98,0.0,0
46907,249.656,69.854,-8.1,0.0,455.188,0.0,0.0,0.0,5.742,0,10.0,-0.375,309.825,1.0557,36.24,35.58041000366211,4.98,0.0,0
46907,249.827,69.775,-8.1,0.0,455.248,0.0,0.0,0.0,5.742,0,9.0,-0.36,309.915,-1.3196,34.77,35.58041000366211,4.98,0.0,0
46907,249.997,69.697,-8.1,0.0,455.188,0.0,0.0,0.0,5.742,0,10.0,-0.385,309.825,-0.5279,33.69,35.58041000366211,4.98,0.0,0
46907,249.827,69.619,-8.1,0.0,455.06600000000003,0.0,0.0,0.0,5.742,0,11.0,-0.39,309.825,0.7918000000000001,33.09,35.58041000366211,4.98,0.0,0
46907,249.997,69.531,-8.1,0.0,455.188,0.0,0.0,0.0,5.742,0,8.0,-0.39,309.915,0.5279,34.65,35.58041000366211,4.98,0.0,0
46907,250.168,69.453,-8.1,0.0,455.369,0.0,0.0,0.0,5.742,0,11.0,-0.355,309.825,1.0557,36.27,35.58041000366211,4.98,0.0,0
46907,250.168,69.375,-8.1,0.0,455.248,0.0,0.0,0.0,5.742,0,10.0,-0.38,309.915,-0.5938,36.6,35.58041000366211,4.98,0.0,0
46907,249.997,69.297,-7.6000000000000005,0.0,454.884,0.0,0.0,0.0,5.742,0,9.0,-0.38,309.825,-1.0557,36.57,35.58041000366211,4.98,0.0,0
46907,250.168,69.21900000000001,-7.1000000000000005,0.0,455.005,0.0,0.0,0.0,5.742,0,11.0,-0.33,310.005,2.5073000000000003,35.94,35.58041000366211,4.98,0.0,0
46907,250.168,69.141,-7.6000000000000005,0.0,454.764,0.0,0.0,0.0,5.742,0,9.0,-0.385,309.825,-0.5279,35.4,35.58041000366211,4.98,0.0,0
46907,250.168,69.063,-8.1,0.0,454.764,0.0,0.0,0.0,5.742,0,10.0,-0.395,309.915,0.9897,35.7,35.58041000366211,4.98,0.0,0
46907,250.168,68.97500000000001,-7.6000000000000005,0.0,455.06600000000003,0.0,0.0,0.0,5.742,0,12.0,-0.355,309.915,-1.0557,36.09,35.58041000366211,4.98,0.0,0
46907,249.997,68.896,-8.1,0.0,455.06600000000003,0.0,0.0,0.0,5.742,0,9.0,-0.365,309.915,-0.5938,36.54,35.58041000366211,4.98,0.0,0
46907,250.168,68.818,-8.6,0.0,455.248,0.0,0.0,0.0,5.742,0,9.0,-0.41500000000000004,309.915,-1.5836000000000001,35.76,35.58041000366211,4.98,0.0,0
46907,250.168,68.74000000000001,-8.1,0.0,455.188,0.0,0.0,0.0,5.742,0,11.0,-0.365,309.825,-2.5733,34.44,35.58041000366211,4.98,0.0,0
46907,250.50900000000001,68.662,-7.1000000000000005,0.0,455.005,0.0,0.0,0.0,5.742,0,9.0,-0.39,309.825,-2.6393,33.660000000000004,35.58041000366211,4.98,0.0,0
46907,250.338,68.584,-7.6000000000000005,0.0,455.06600000000003,0.0,0.0,0.0,5.742,0,10.0,-0.385,309.825,-0.9897,33.36,35.58041000366211,4.98,0.0,0
46907,250.338,68.49600000000001,-7.6000000000000005,0.0,455.248,0.0,0.0,0.0,5.742,0,11.0,-0.335,309.69,-4.7507,33.99,35.58041000366211,4.98,0.0,0
46907,250.168,68.418,-8.6,0.0,455.12600000000003,0.0,0.0,0.0,5.742,0,9.0,-0.41000000000000003,309.825,1.8475000000000001,35.22,35.58041000366211,4.98,0.0,0
46907,250.338,68.34,-8.1,0.0,454.884,0.0,0.0,0.0,5.742,0,9.0,-0.31,309.915,5.0147,36.51,35.58041000366211,4.98,0.0,0
46907,250.338,68.262,-8.6,0.0,454.824,0.0,0.0,0.0,5.742,0,10.0,-0.36,309.825,0.4289,36.33,35.58041000366211,4.98,0.0,0
46907,250.679,68.184,-8.1,0.0,455.12600000000003,0.0,0.0,0.0,5.742,0,10.0,-0.425,309.915,2.1114,36.0,35.58041000366211,4.98,0.0,0
46907,250.85,68.105,-7.6000000000000005,0.0,455.06600000000003,0.0,0.0,0.0,5.742,0,10.0,-0.365,309.825,-2.0455,35.550000000000004,35.58041000366211,4.98,0.0,0
46907,250.338,68.027,-8.6,0.0,454.884,0.0,0.0,0.0,5.742,0,11.0,-0.29,309.915,1.0557,35.34,35.58041000366211,4.98,0.0,0
46907,250.85,67.93900000000001,-7.6000000000000005,0.0,455.06600000000003,0.0,0.0,0.0,5.742,0,9.0,-0.445,309.915,3.1672000000000002,35.13,35.58041000366211,4.98,0.0,0
46907,250.679,67.861,-7.6000000000000005,0.0,455.12600000000003,0.0,0.0,0.0,5.742,0,9.0,-0.39,309.825,0.0,35.19,35.58041000366211,4.98,0.0,0
46907,250.50900000000001,67.783,-8.1,0.0,454.884,0.0,0.0,0.0,5.742,0,10.0,-0.395,309.825,-3.1012,34.08,35.58041000366211,4.98,0.0,0
46907,250.85,67.705,-7.6000000000000005,0.0,454.764,0.0,0.0,0.0,5.742,0,9.0,-0.355,309.915,1.0557,34.17,35.58041000366211,4.98,0.0,0
46907,251.02,67.62700000000001,-7.6000000000000005,0.0,454.945,0.0,0.0,0.0,5.742,0,10.0,-0.355,309.825,-1.0557,33.45,35.58041000366211,4.98,0.0,0
46907,250.85,67.549,-7.6000000000000005,0.0,455.06600000000003,0.0,0.0,0.0,5.742,0,11.0,-0.295,309.825,-3.4311000000000003,33.87,35.58041000366211,4.98,0.0,0
46907,250.85,67.539,-7.6000000000000005,0.0,455.06600000000003,0.0,0.0,0.0,5.742,0,10.0,-0.3,309.915,-3.3156000000000003,33.87,35.58041000366211,4.98,0.0,0
46907,251.191,67.461,-7.1000000000000005,0.0,455.43,0.0,0.0,0.0,5.742,0,11.0,-0.33,309.915,1.8475000000000001,34.35,35.58041000366211,4.98,0.0,0
46907,251.02,67.38300000000001,-8.1,0.0,454.884,0.0,0.0,0.0,5.742,0,11.0,-0.35000000000000003,309.915,3.6785,35.31,35.58041000366211,4.98,0.0,0
46907,251.36100000000002,67.295,-8.1,0.0,454.945,0.0,0.0,0.0,5.742,0,8.0,-0.305,309.825,-1.1877,35.64,35.58041000366211,4.98,0.0,0
46907,251.36100000000002,67.217,-7.1000000000000005,0.0,455.248,0.0,0.0,0.0,5.742,0,9.0,-0.365,309.915,-3.6950000000000003,35.58,35.58041000366211,4.98,0.0,0
46907,250.85,67.13900000000001,-8.1,0.0,455.248,0.0,0.0,0.0,5.742,0,13.0,-0.325,309.825,-1.3032000000000001,35.58,35.58041000366211,4.98,0.0,0
46907,250.85,67.061,-8.1,0.0,454.945,0.0,0.0,0.0,5.742,0,10.0,-0.37,309.915,1.3032000000000001,35.22,35.58041000366211,4.98,0.0,0
46907,251.02,66.982,-7.6000000000000005,0.0,454.764,0.0,0.0,0.0,5.742,0,10.0,-0.32,309.825,0.5279,35.01,35.58041000366211,4.98,0.0,0
46907,251.191,66.904,-7.1000000000000005,0.0,455.06600000000003,0.0,0.0,0.0,5.742,0,10.0,-0.32,309.825,0.0,34.29,35.58041000366211,4.98,0.0,0
46907,251.36100000000002,66.82600000000001,-7.1000000000000005,0.0,455.248,0.0,0.0,0.0,5.742,0,9.0,-0.36,309.825,-1.0557,34.35,35.58041000366211,4.98,0.0,0
46907,251.532,66.738,-7.6000000000000005,0.0,454.64300000000003,0.0,0.0,0.0,5.742,0,12.0,-0.32,309.915,-2.8537000000000003,34.38,35.58041000366211,4.98,0.0,0
46907,251.191,66.66,-8.1,0.0,455.06600000000003,0.0,0.0,0.0,5.742,0,9.0,-0.36,309.825,-1.3691,34.17,35.58041000366211,4.98,0.0,0
46907,251.36100000000002,66.58200000000001,-8.1,0.0,454.824,0.0,0.0,0.0,5.742,0,8.0,-0.32,309.915,2.6888,34.08,35.58041000366211,4.98,0.0,0
46907,251.532,66.504,-8.6,0.0,454.945,0.0,0.0,0.0,5.742,0,12.0,-0.355,309.825,1.2949000000000002,33.84,35.58041000366211,4.98,0.0,0
46907,251.532,66.426,-8.1,0.0,454.824,0.0,0.0,0.0,5.742,0,12.0,-0.32,309.825,-1.7815,33.9,35.58041000366211,4.98,0.0,0
46907,251.36100000000002,66.348,-8.6,0.0,455.06600000000003,0.0,0.0,0.0,5.742,0,10.0,-0.31,309.825,-4.486800000000001,33.99,35.58041000366211,4.98,0.0,0
46907,251.532,66.27000000000001,-8.1,0.0,454.824,0.0,0.0,0.0,5.742,0,10.0,-0.375,309.825,3.9589000000000003,34.59,35.58041000366211,4.98,0.0,0
46907,251.02,66.182,-8.6,0.0,454.764,0.0,0.0,0.0,5.742,0,9.0,-0.325,309.825,2.9857,35.34,35.58041000366211,4.98,0.0,0
46907,251.532,66.104,-7.1000000000000005,0.0,454.764,0.0,0.0,0.0,5.742,0,11.0,-0.305,309.915,-0.0165,35.730000000000004,35.58041000366211,4.98,0.0,0
46907,251.532,66.025,-8.6,0.0,454.64300000000003,0.0,0.0,0.0,5.742,0,10.0,-0.325,309.825,-0.3794,35.49,35.58041000366211,4.98,0.0,0
46907,251.532,65.947,-7.6000000000000005,0.0,454.884,0.0,0.0,0.0,5.742,0,9.0,-0.36,309.915,-0.8083,36.45,35.58041000366211,4.98,0.0,0
46907,251.532,65.869,-7.6000000000000005,0.0,454.884,0.0,0.0,0.0,5.742,0,11.0,-0.35000000000000003,309.825,-1.3032000000000001,35.49,35.58041000366211,4.98,0.0,0
46907,251.532,65.791,-8.1,0.0,454.945,0.0,0.0,0.0,5.742,0,11.0,-0.38,309.915,1.3032000000000001,34.74,35.58041000366211,4.98,0.0,0
46907,251.532,65.71300000000001,-8.1,0.0,454.582,0.0,0.0,0.0,5.742,0,11.0,-0.32,309.825,1.9795,33.45,35.58041000366211,4.98,0.0,0
46907,251.702,65.625,-8.1,0.0,454.64300000000003,0.0,0.0,0.0,5.742,0,10.0,-0.31,309.915,1.8310000000000002,32.67,35.58041000366211,4.98,0.0,0
46907,251.702,65.547,-8.1,0.0,454.64300000000003,0.0,0.0,0.0,5.742,0,10.0,-0.37,309.825,-1.4516,33.42,35.58041000366211,4.98,0.0,0
46907,251.36100000000002,65.46900000000001,-7.1000000000000005,0.0,454.764,0.0,0.0,0.0,5.742,0,12.0,-0.295,309.915,-0.41240000000000004,33.72,35.58041000366211,4.98,0.0,0
46907,251.532,65.391,-7.6000000000000005,0.0,454.884,0.0,0.0,0.0,5.742,0,10.0,-0.315,309.825,-2.0949,33.9,35.58041000366211,4.98,0.0,0
46907,251.532,65.313,-7.6000000000000005,0.0,454.764,0.0,0.0,0.0,5.742,0,9.0,-0.34,309.825,0.39590000000000003,34.29,35.58041000366211,4.98,0.0,0
46907,251.532,65.23400000000001,-7.6000000000000005,0.0,454.884,0.0,0.0,0.0,5.742,0,11.0,-0.39,309.915,1.0557,34.77,35.58041000366211,4.98,0.0,0
46907,251.702,65.146,-8.1,0.0,454.764,0.0,0.0,0.0,5.742,0,11.0,-0.325,309.915,2.0949,34.89,35.58041000366211,4.98,0.0,0
46907,251.532,65.146,-7.1000000000000005,0.0,454.764,0.0,0.0,0.0,5.742,0,9.0,-0.365,309.915,2.0455,34.92,35.58041000366211,4.98,0.0,0
46907,251.532,65.068,-7.6000000000000005,0.0,454.764,0.0,0.0,0.0,5.742,0,8.0,-0.335,309.825,0.2639,34.89,35.58041000366211,4.98,0.0,0
46907,251.87300000000002,64.98,-7.6000000000000005,0.0,454.945,0.0,0.0,0.0,5.742,0,9.0,-0.37,309.915,-3.9589000000000003,35.1,35.58041000366211,4.98,0.0,0
46907,251.87300000000002,64.902,-8.1,0.0,454.764,0.0,0.0,0.0,5.742,0,8.0,-0.35000000000000003,309.825,-2.7713,35.46,35.58041000366211,4.98,0.0,0
46907,252.043,64.824,-8.6,0.0,454.884,0.0,0.0,0.0,5.742,0,8.0,-0.34500000000000003,309.69,0.6268,35.01,35.58041000366211,4.98,0.0,0
46907,251.87300000000002,64.74600000000001,-8.1,0.0,454.824,0.0,0.0,0.0,5.742,0,11.0,-0.315,309.915,-3.4311000000000003,34.74,35.58041000366211,4.98,0.0,0
46907,251.702,64.668,-8.6,0.0,455.005,0.0,0.0,0.0,5.742,0,9.0,-0.33,309.915,3.3651,34.05,35.58041000366211,4.98,0.0,0
46907,252.043,64.658,-7.6000000000000005,0.0,455.005,0.0,0.0,0.0,5.742,0,10.0,-0.37,309.915,3.6785,33.93,35.58041000366211,4.98,0.0,0
46907,251.87300000000002,64.58,-8.1,0.0,454.824,0.0,0.0,0.0,5.742,0,13.0,-0.3,309.825,5.5178,32.88,35.58041000366211,4.98,0.0,0
46907,251.87300000000002,64.50200000000001,-7.6000000000000005,0.0,454.884,0.0,0.0,0.0,5.742,0,10.0,-0.33,309.915,-2.2434000000000003,31.92,35.58041000366211,4.98,0.0,0
46907,251.702,64.424,-8.1,0.0,454.764,0.0,0.0,0.0,5.742,0,9.0,-0.315,309.69,-0.7505000000000001,31.98,35.58041000366211,4.98,0.0,0
46907,251.87300000000002,64.336,-7.6000000000000005,0.0,454.764,0.0,0.0,0.0,5.742,0,11.0,-0.32,309.825,-2.1609000000000003,33.0,35.58041000366211,4.98,0.0,0
46907,252.214,64.25800000000001,-8.6,0.0,454.582,0.0,0.0,0.0,5.742,0,9.0,-0.34,309.825,1.6661000000000001,34.68,35.58041000366211,4.98,0.0,0
46907,251.702,64.18,-7.6000000000000005,0.0,454.70300000000003,0.0,0.0,0.0,5.742,0,9.0,-0.34,309.915,4.2889,35.46,35.58041000366211,4.98,0.0,0
46907,252.043,64.102,-7.6000000000000005,0.0,455.005,0.0,0.0,0.0,5.742,0,13.0,-0.295,309.915,0.5114000000000001,35.97,35.58041000366211,4.98,0.0,0
46907,252.214,64.023,-7.6000000000000005,0.0,454.945,0.0,0.0,0.0,5.742,0,9.0,-0.31,309.69,-1.5918,35.52,35.58041000366211,4.98,0.0,0
46907,252.214,63.945,-8.1,0.0,454.70300000000003,0.0,0.0,0.0,5.742,0,11.0,-0.325,309.915,-3.629,34.26,35.58041000366211,4.98,0.0,0
46907,252.38500000000002,63.857000000000006,-8.1,0.0,454.824,0.0,0.0,0.0,5.742,0,9.0,-0.32,309.69,-1.6908,33.63,35.58041000366211,4.98,0.0,0
46907,252.043,63.779,-8.1,0.0,454.764,0.0,0.0,0.0,5.742,0,9.0,-0.28500000000000003,309.825,3.8022,33.75,35.58041000366211,4.98,0.0,0
46907,252.214,63.701,-8.1,0.0,454.884,0.0,0.0,0.0,5.742,0,9.0,-0.315,309.825,-1.6496000000000002,34.56,35.58041000366211,4.98,0.0,0
46907,252.214,63.623000000000005,-7.6000000000000005,0.0,455.06600000000003,0.0,0.0,0.0,5.742,0,11.0,-0.325,309.69,0.7258,34.77,35.58041000366211,4.98,0.0,0
46907,252.214,63.545,-7.6000000000000005,0.0,455.06600000000003,0.0,0.0,0.0,5.742,0,9.0,-0.31,309.915,-0.066,34.56,35.58041000366211,4.98,0.0,0
46907,252.38500000000002,63.467000000000006,-7.1000000000000005,0.0,454.884,0.0,0.0,0.0,5.742,0,11.0,-0.275,309.915,3.7445000000000004,33.660000000000004,35.58041000366211,4.98,0.0,0
46907,252.214,63.389,-7.6000000000000005,0.0,454.70300000000003,0.0,0.0,0.0,5.742,0,10.0,-0.26,309.915,5.476500000000001,33.09,35.58041000366211,4.98,0.0,0
46907,252.38500000000002,63.311,-7.1000000000000005,0.0,454.884,0.0,0.0,0.0,5.742,0,8.0,-0.33,309.915,-5.476500000000001,32.88,35.58041000366211,4.98,0.0,0
46907,252.214,63.223000000000006,-8.6,0.0,455.06600000000003,0.0,0.0,0.0,5.742,0,8.0,-0.24,309.825,-2.2929,33.96,35.58041000366211,4.98,0.0,0
46907,252.214,63.223000000000006,-8.6,0.0,455.06600000000003,0.0,0.0,0.0,5.742,0,9.0,-0.245,309.825,-2.2434000000000003,34.08,35.58041000366211,4.98,0.0,0
46907,252.555,63.135000000000005,-7.6000000000000005,0.0,455.005,0.0,0.0,0.0,5.742,0,9.0,-0.295,309.915,3.6950000000000003,35.25,35.58041000366211,4.98,0.0,0
46907,252.726,63.057,-8.1,0.0,454.764,0.0,0.0,0.0,5.742,0,10.0,-0.255,309.915,-0.5279,35.64,35.58041000366211,4.98,0.0,0
46907,252.555,62.979000000000006,-8.1,0.0,454.582,0.0,0.0,0.0,5.742,0,8.0,-0.255,309.915,-1.6496000000000002,35.85,35.58041000366211,4.98,0.0,0
46907,252.726,62.900000000000006,-7.6000000000000005,0.0,454.582,0.0,0.0,0.0,5.742,0,9.0,-0.295,309.915,0.0,35.13,35.58041000366211,4.98,0.0,0
46907,252.555,62.822,-7.6000000000000005,0.0,454.764,0.0,0.0,0.0,5.742,0,9.0,-0.295,309.915,1.0557,34.47,35.58041000366211,4.98,0.0,0
46907,252.89600000000002,62.744,-7.6000000000000005,0.0,454.884,0.0,0.0,0.0,5.742,0,9.0,-0.35000000000000003,309.915,-0.2639,34.800000000000004,35.58041000366211,4.98,0.0,0
46907,253.067,62.656000000000006,-8.1,0.0,454.824,0.0,0.0,0.0,5.742,0,10.0,-0.245,309.915,-0.5279,35.160000000000004,35.58041000366211,4.98,0.0,0
46907,252.89600000000002,62.578,-7.6000000000000005,0.0,454.70300000000003,0.0,0.0,0.0,5.742,0,9.0,-0.29,309.915,-0.2639,34.92,35.58041000366211,4.98,0.0,0
46907,252.726,62.5,-8.6,0.0,454.764,0.0,0.0,0.0,5.742,0,7.0,-0.255,309.825,-2.5733,35.07,35.58041000366211,4.98,0.0,0
46907,252.214,62.422000000000004,-7.6000000000000005,0.0,454.764,0.0,0.0,0.0,5.742,0,11.0,-0.275,309.825,-1.3196,34.47,35.58041000366211,4.98,0.0,0
46907,252.89600000000002,62.344,-7.6000000000000005,0.0,454.764,0.0,0.0,0.0,5.742,0,9.0,-0.245,309.825,1.6496000000000002,33.15,35.58041000366211,4.98,0.0,0
46907,252.726,62.266000000000005,-7.6000000000000005,0.0,454.764,0.0,0.0,0.0,5.742,0,10.0,-0.29,309.915,1.8475000000000001,32.37,35.58041000366211,4.98,0.0,0
46907,252.89600000000002,62.188,-8.1,0.0,454.64300000000003,0.0,0.0,0.0,5.742,0,9.0,-0.28,309.825,-2.1114,33.09,35.58041000366211,4.98,0.0,0
46907,252.89600000000002,62.1,-7.6000000000000005,0.0,454.582,0.0,0.0,0.0,5.742,0,8.0,-0.245,309.915,1.0557,35.04,35.58041000366211,4.98,0.0,0
46907,252.89600000000002,62.021,-8.1,0.0,454.64300000000003,0.0,0.0,0.0,5.742,0,11.0,-0.255,309.915,1.5836000000000001,36.81,35.58041000366211,4.98,0.0,0
46907,253.067,61.943000000000005,-8.6,0.0,454.824,0.0,0.0,0.0,5.742,0,10.0,-0.28,309.915,1.5836000000000001,37.35,35.58041000366211,4.98,0.0,0
46907,253.067,61.865,-7.6000000000000005,0.0,454.884,0.0,0.0,0.0,5.742,0,7.0,-0.305,309.825,-2.5733,36.18,35.58041000366211,4.98,0.0,0
46907,252.89600000000002,61.787000000000006,-7.1000000000000005,0.0,454.764,0.0,0.0,0.0,5.742,0,7.0,-0.24,309.915,-3.4311000000000003,34.53,35.58041000366211,4.98,0.0,0
46907,252.89600000000002,61.709,-7.6000000000000005,0.0,454.64300000000003,0.0,0.0,0.0,5.742,0,10.0,-0.24,309.915,0.2639,34.410000000000004,35.58041000366211,4.98,0.0,0
46907,253.067,61.631,-8.1,0.0,454.764,0.0,0.0,0.0,5.742,0,7.0,-0.25,309.915,4.2229,34.05,35.58041000366211,4.98,0.0,0
46907,252.89600000000002,61.543000000000006,-8.1,0.0,455.06600000000003,0.0,0.0,0.0,5.742,0,8.0,-0.21,309.825,1.3856000000000002,35.4,35.58041000366211,4.98,0.0,0
46907,253.067,61.465,-8.1,0.0,454.884,0.0,0.0,0.0,5.742,0,8.0,-0.15,309.915,-0.132,35.34,35.58041000366211,4.98,0.0,0
46907,253.067,61.387,-8.6,0.0,454.764,0.0,0.0,0.0,5.742,0,10.0,-0.19,309.915,1.8475000000000001,35.1,35.58041000366211,4.98,0.0,0
46907,253.067,61.309000000000005,-7.6000000000000005,0.0,455.005,0.0,0.0,0.0,5.742,0,10.0,-0.32,309.825,0.0,34.5,35.58041000366211,4.98,0.0,0
46907,253.067,61.230000000000004,-8.1,0.0,454.884,0.0,0.0,0.0,5.742,0,6.0,-0.215,309.825,0.066,33.480000000000004,35.58041000366211,4.98,0.0,0
46907,252.89600000000002,61.152,-7.6000000000000005,0.0,454.884,0.0,0.0,0.0,5.742,0,9.0,-0.245,309.825,-0.2639,33.72,35.58041000366211,4.98,0.0,0
46907,253.067,61.074000000000005,-8.6,0.0,455.005,0.0,0.0,0.0,5.742,0,9.0,-0.265,309.825,1.0557,34.47,35.58041000366211,4.98,0.0,0
46907,253.067,60.986000000000004,-7.6000000000000005,0.0,455.005,0.0,0.0,0.0,5.742,0,7.0,-0.17,309.915,-1.9795,35.730000000000004,35.58041000366211,4.98,0.0,0
46907,253.40800000000002,60.908,-7.1000000000000005,0.0,454.945,0.0,0.0,0.0,5.742,0,11.0,-0.255,309.915,-0.066,36.84,35.58041000366211,4.98,0.0,0
46907,253.237,60.830000000000005,-8.1,0.0,454.764,0.0,0.0,0.0,5.742,0,12.0,-0.115,309.825,2.2434000000000003,36.63,35.58041000366211,4.98,0.0,0
46907,253.237,60.752,-8.1,0.0,454.884,0.0,0.0,0.0,5.742,0,10.0,-0.2,309.915,0.0,35.58,35.58041000366211,4.98,0.0,0
46907,253.237,60.674,-7.6000000000000005,0.0,454.884,0.0,0.0,0.0,5.742,0,8.0,-0.20500000000000002,309.825,-0.7918000000000001,35.07,35.58041000366211,4.98,0.0,0
46907,253.067,60.596000000000004,-8.1,0.0,454.764,0.0,0.0,0.0,5.742,0,10.0,-0.26,309.915,0.46190000000000003,35.1,35.58041000366211,4.98,0.0,0
46907,253.578,60.586000000000006,-7.6000000000000005,0.0,454.764,0.0,0.0,0.0,5.742,0,9.0,-0.23,309.915,0.5114000000000001,35.13,35.58041000366211,4.98,0.0,0
46907,253.237,60.508,-7.6000000000000005,0.0,454.764,0.0,0.0,0.0,5.742,0,12.0,-0.155,309.825,-1.1712,34.56,35.58041000366211,4.98,0.0,0
46907,253.237,60.43,-8.1,0.0,454.884,0.0,0.0,0.0,5.742,0,10.0,-0.19,309.915,-0.9402,34.65,35.58041000366211,4.98,0.0,0
46907,253.578,60.342000000000006,-7.6000000000000005,0.0,455.005,0.0,0.0,0.0,5.742,0,8.0,-0.22,309.915,-0.2639,34.32,35.58041000366211,4.98,0.0,0
46907,253.237,60.264,-7.6000000000000005,0.0,454.764,0.0,0.0,0.0,5.742,0,10.0,-0.13,309.825,0.2639,33.96,35.58041000366211,4.98,0.0,0
46907,253.578,60.186,-7.1000000000000005,0.0,454.884,0.0,0.0,0.0,5.742,0,10.0,-0.195,309.825,1.0722,33.24,35.58041000366211,4.98,0.0,0
46907,253.40800000000002,60.107000000000006,-8.1,0.0,454.884,0.0,0.0,0.0,5.742,0,10.0,-0.18,309.825,0.0,34.56,35.58041000366211,4.98,0.0,0
46907,253.237,60.029,-7.6000000000000005,0.0,455.06600000000003,0.0,0.0,0.0,5.742,0,12.0,-0.195,309.825,-1.0557,35.04,35.58041000366211,4.98,0.0,0
46907,253.578,59.951,-8.1,0.0,455.248,0.0,0.0,0.0,5.742,0,11.0,-0.2,309.825,-0.3794,35.910000000000004,35.58041000366211,4.98,0.0,0
46907,253.40800000000002,59.873000000000005,-8.1,0.0,454.945,0.0,0.0,0.0,5.742,0,9.0,-0.155,309.825,-3.8930000000000002,36.39,35.58041000366211,4.98,0.0,0
46907,253.749,59.785000000000004,-8.1,0.0,455.005,0.0,0.0,0.0,5.742,0,8.0,-0.135,309.825,-0.3299,36.480000000000004,35.58041000366211,4.98,0.0,0
46907,253.578,59.707,-8.1,0.0,454.582,0.0,0.0,0.0,5.742,0,10.0,-0.06,309.915,1.963,36.12,35.58041000366211,4.98,0.0,0
46907,253.919,59.629000000000005,-9.1,0.0,454.522,0.0,0.0,0.0,5.742,0,7.0,-0.18,309.915,2.5321000000000002,36.09,35.58041000366211,4.98,0.0,0
46907,253.919,59.551,-8.1,0.0,454.401,0.0,0.0,0.0,5.742,0,7.0,-0.19,309.915,5.46,36.03,35.58041000366211,4.98,0.0,0
46907,253.40800000000002,59.473000000000006,-8.6,0.0,454.764,0.0,0.0,0.0,5.742,0,9.0,-0.18,309.915,0.2639,35.67,35.58041000366211,4.98,0.0,0
46907,253.578,59.395,-8.6,0.0,454.70300000000003,0.0,0.0,0.0,5.742,0,9.0,-0.145,309.915,-2.5073000000000003,35.22,35.58041000366211,4.98,0.0,0
46907,253.578,59.307,-8.1,0.0,454.461,0.0,0.0,0.0,5.742,0,11.0,-0.155,309.825,-2.4743,34.71,35.58041000366211,4.98,0.0,0
46907,254.26000000000002,59.229000000000006,-7.6000000000000005,0.0,454.582,0.0,0.0,0.0,5.742,0,6.0,-0.17500000000000002,309.825,-0.6433,34.47,35.58041000366211,4.98,0.0,0
46907,253.749,59.150000000000006,-7.6000000000000005,0.0,454.764,0.0,0.0,0.0,5.742,0,8.0,-0.155,309.915,1.0392000000000001,34.71,35.58041000366211,4.98,0.0,0
46907,253.919,59.072,-8.1,0.0,454.764,0.0,0.0,0.0,5.742,0,10.0,-0.16,309.825,2.2434000000000003,34.65,35.58041000366211,4.98,0.0,0
46907,253.919,58.994,-7.6000000000000005,0.0,454.824,0.0,0.0,0.0,5.742,0,8.0,-0.165,309.915,1.3032000000000001,35.07,35.58041000366211,4.98,0.0,0
46907,254.09,58.916000000000004,-8.1,0.0,454.461,0.0,0.0,0.0,5.742,0,9.0,-0.17,309.825,-0.1155,35.910000000000004,35.58041000366211,4.98,0.0,0
46907,253.919,58.838,-7.6000000000000005,0.0,454.401,0.0,0.0,0.0,5.742,0,12.0,-0.15,309.825,-2.0949,36.0,35.58041000366211,4.98,0.0,0
46907,254.26000000000002,58.75,-7.6000000000000005,0.0,454.401,0.0,0.0,0.0,5.742,0,9.0,-0.16,309.915,-1.5836000000000001,36.39,35.58041000366211,4.98,0.0,0
46907,253.919,58.672000000000004,-8.1,0.0,454.522,0.0,0.0,0.0,5.742,0,12.0,-0.16,309.915,0.066,36.51,35.58041000366211,4.98,0.0,0
46907,254.26000000000002,58.594,-8.1,0.0,454.522,0.0,0.0,0.0,5.742,0,11.0,-0.105,309.825,2.0455,36.63,35.58041000366211,4.98,0.0,0
46907,254.26000000000002,58.516000000000005,-7.1000000000000005,0.0,454.64300000000003,0.0,0.0,0.0,5.742,0,8.0,-0.12,309.825,-0.8413,36.36,35.58041000366211,4.98,0.0,0
46907,254.09,58.438,-8.1,0.0,454.764,0.0,0.0,0.0,5.742,0,11.0,-0.145,309.825,-6.3838,35.82,35.58041000366211,4.98,0.0,0
46907,254.09,58.359,-7.6000000000000005,0.0,454.884,0.0,0.0,0.0,5.742,0,10.0,-0.145,309.69,-1.8063,34.47,35.58041000366211,4.98,0.0,0
46907,254.26000000000002,58.281000000000006,-7.6000000000000005,0.0,454.582,0.0,0.0,0.2,5.742,0,12.0,-0.12,309.915,3.9424,33.660000000000004,35.58041000366211,4.98,0.0,0
46907,254.26000000000002,58.193000000000005,-8.1,0.0,454.764,0.0,0.0,0.0,5.742,0,11.0,-0.145,309.915,4.6435,33.69,35.58041000366211,4.98,0.0,0
46907,254.431,58.193000000000005,-7.1000000000000005,0.0,454.70300000000003,0.0,0.0,0.0,5.742,0,10.0,-0.155,309.915,3.8270000000000004,33.63,35.58041000366211,4.98,0.0,0
46907,254.431,58.105000000000004,-8.1,0.0,454.824,0.0,0.0,0.0,5.742,0,8.0,-0.13,309.825,-0.099,33.87,35.58041000366211,4.98,0.0,0
46907,254.601,58.027,-8.1,0.0,454.764,0.0,0.0,0.0,5.742,0,9.0,-0.13,309.825,-4.2229,34.800000000000004,35.58041000366211,4.98,0.0,0
46907,254.601,57.949000000000005,-8.1,0.0,454.64300000000003,0.0,0.0,0.0,5.742,0,10.0,-0.135,309.825,-0.9897,35.67,35.58041000366211,4.98,0.0,0
46907,254.26000000000002,57.871,-8.1,0.0,454.70300000000003,0.0,0.0,0.0,5.742,0,8.0,-0.135,309.825,1.5836000000000001,36.18,35.58041000366211,4.98,0.0,0
46907,254.431,57.793,-7.6000000000000005,0.0,454.522,0.0,0.0,0.0,5.742,0,11.0,-0.155,309.915,-0.066,36.63,35.58041000366211,4.98,0.0,0
46907,254.431,57.715,-8.1,0.0,454.582,0.0,0.0,0.0,5.742,0,8.0,-0.135,309.825,-0.5279,35.94,35.58041000366211,4.98,0.0,0
46907,254.601,57.637,-8.1,0.0,454.70300000000003,0.0,0.0,0.0,5.742,0,11.0,-0.05,309.825,0.5279,35.22,35.58041000366211,4.98,0.0,0
46907,254.942,57.549,-7.6000000000000005,0.0,454.582,0.0,0.0,0.0,5.742,0,12.0,-0.075,309.915,1.0557,35.94,35.58041000366211,4.98,0.0,0
46907,254.601,57.471000000000004,-7.6000000000000005,0.0,454.582,0.0,0.0,0.0,5.742,0,8.0,-0.05,309.825,-1.0557,36.660000000000004,35.58041000366211,4.98,0.0,0
46907,254.601,57.393,-8.1,0.0,454.461,0.0,0.0,0.0,5.742,0,10.0,-0.09,309.915,-0.2639,36.03,35.58041000366211,4.98,0.0,0
46907,255.113,57.314,-8.1,0.0,454.522,0.0,0.0,0.0,5.742,0,12.0,-0.08,309.825,1.1217000000000001,35.1,35.58041000366211,4.98,0.0,0
46907,254.942,57.236000000000004,-8.1,0.0,454.582,0.0,0.0,0.0,5.742,0,9.0,-0.095,309.825,2.1114,34.56,35.58041000366211,4.98,0.0,0
46907,254.942,57.158,-8.1,0.0,454.401,0.0,0.0,-0.2,5.742,0,11.0,-0.1,309.825,0.5938,33.99,35.58041000366211,4.98,0.0,0
46907,255.113,57.080000000000005,-8.1,0.0,454.34000000000003,0.0,0.0,0.0,5.742,0,11.0,-0.075,309.915,-0.7918000000000001,33.84,35.58041000366211,4.98,0.0,0
46907,255.284,56.992000000000004,-8.1,0.0,454.461,0.0,0.0,0.0,5.737,0,9.0,-0.025,309.915,-0.066,34.29,35.58041000366211,4.98,0.0,0
46907,254.942,56.992000000000004,-7.6000000000000005,0.0,454.461,0.0,0.0,0.0,5.742,0,9.0,-0.1,309.915,-0.14850000000000002,34.44,35.58041000366211,4.98,0.0,0
46907,254.772,56.904,-8.1,0.0,454.64300000000003,0.0,0.0,0.0,5.737,0,9.0,-0.04,309.825,-0.7258,35.34,35.58041000366211,4.98,0.0,0
46907,255.113,56.826,-8.1,0.0,454.461,0.0,0.0,0.0,5.737,0,8.0,-0.025,309.825,-0.8413,35.910000000000004,35.58041000366211,4.98,0.0,0
46907,255.625,56.748000000000005,-7.6000000000000005,0.0,454.28000000000003,0.0,0.0,0.0,5.737,0,10.0,-0.12,309.825,-0.0495,36.09,35.58041000366211,4.98,0.0,0
46907,255.284,56.67,-8.1,0.0,454.461,0.0,0.0,0.0,5.737,0,9.0,-0.025,309.915,-0.2639,36.21,35.58041000366211,4.98,0.0,0
46907,255.284,56.592000000000006,-7.6000000000000005,0.0,454.582,0.0,0.0,0.0,5.737,0,9.0,-0.095,309.915,2.3589,35.61,35.58041000366211,4.98,0.0,0
46907,255.454,56.514,-7.6000000000000005,0.0,454.582,0.0,0.0,0.0,5.737,0,9.0,-0.02,309.825,1.5836000000000001,35.7,35.58041000366211,4.98,0.0,0
46907,255.284,56.436,-8.1,0.0,454.461,0.0,0.0,0.0,5.737,0,10.0,-0.025,309.915,-0.9238000000000001,35.61,35.58041000366211,4.98,0.0,0
46907,255.625,56.348000000000006,-8.1,0.0,454.70300000000003,0.0,0.0,0.0,5.737,0,8.0,-0.04,309.825,-1.5836000000000001,35.85,35.58041000366211,4.98,0.0,0
46907,255.454,56.27,-8.6,0.0,454.582,0.0,0.0,0.0,5.737,0,11.0,-0.03,309.825,1.5836000000000001,35.79,35.58041000366211,4.98,0.0,0
46907,255.625,56.191,-8.6,0.0,454.764,0.0,0.0,0.0,5.737,0,9.0,-0.01,309.825,-0.5114000000000001,34.980000000000004,35.58041000366211,4.98,0.0,0
46907,255.625,56.113,-8.6,0.0,454.582,0.0,0.0,0.0,5.737,0,9.0,-0.08,309.915,0.6433,33.33,35.58041000366211,4.98,0.0,0
46907,255.625,56.035000000000004,-7.6000000000000005,0.0,454.64300000000003,0.0,0.0,0.0,5.737,0,9.0,-0.01,309.69,-3.1919,33.18,35.58041000366211,4.98,0.0,0
46907,255.454,55.957,-8.1,0.0,454.764,0.0,0.0,0.2,5.737,0,11.0,-0.025,309.915,-2.0620000000000003,34.02,35.58041000366211,4.98,0.0,0
46907,255.79500000000002,55.869,-8.1,0.0,454.764,0.0,0.0,0.0,5.737,0,10.0,0.02,309.825,2.0455,35.22,35.58041000366211,4.98,0.0,0
46907,255.79500000000002,55.791000000000004,-8.1,0.0,454.64300000000003,0.0,0.0,0.0,5.737,0,12.0,0.0,309.915,0.0907,36.99,35.58041000366211,4.98,0.0,0
46907,255.79500000000002,55.713,-7.6000000000000005,0.0,454.461,0.0,0.0,0.0,5.737,0,10.0,0.0,309.825,-1.7650000000000001,37.26,35.58041000366211,4.98,0.0,0
46907,255.966,55.635000000000005,-8.1,0.0,454.461,0.0,0.0,0.0,5.737,0,11.0,0.0,309.825,0.8578,36.57,35.58041000366211,4.98,0.0,0
46907,255.79500000000002,55.557,-8.1,0.0,454.34000000000003,0.0,0.0,0.0,5.737,0,10.0,-0.01,309.825,-0.8165,35.37,35.58041000366211,4.98,0.0,0
46907,255.966,55.547000000000004,-8.1,0.0,454.34000000000003,0.0,0.0,0.0,5.737,0,10.0,0.0,309.825,-2.1114,35.31,35.58041000366211,4.98,0.0,0
46907,255.966,55.469,-7.6000000000000005,0.0,454.461,0.0,0.0,0.0,5.737,0,11.0,0.03,309.825,-0.5279,34.68,35.58041000366211,4.98,0.0,0
46907,255.79500000000002,55.391000000000005,-7.6000000000000005,0.0,454.461,0.0,0.0,0.0,5.737,0,9.0,0.03,309.915,0.2639,35.31,35.58041000366211,4.98,0.0,0
46907,255.966,55.313,-7.6000000000000005,0.0,454.401,0.0,0.0,0.0,5.737,0,8.0,0.015,309.825,-2.3754,35.730000000000004,35.58041000366211,4.98,0.0,0
46907,255.966,55.225,-8.1,0.0,454.64300000000003,0.0,0.0,0.2,5.737,0,9.0,0.025,309.915,1.7155,35.49,35.58041000366211,4.98,0.0,0
46907,256.307,55.146,-8.1,0.0,454.401,0.0,0.0,-0.2,5.737,0,9.0,0.03,309.915,1.5836000000000001,34.65,35.58041000366211,4.98,0.0,0
46907,256.307,55.068000000000005,-8.1,0.0,454.70300000000003,0.0,0.0,0.0,5.737,0,8.0,0.035,309.825,-0.2639,33.39,35.58041000366211,4.98,0.0,0
46907,256.307,54.99,-8.1,0.0,454.824,0.0,0.0,0.2,5.737,0,10.0,0.02,309.915,-2.1114,33.27,35.58041000366211,4.98,0.0,0
46907,256.648,54.912000000000006,-8.1,0.0,454.461,0.0,0.0,0.2,5.737,0,9.0,0.01,309.825,-2.3754,33.75,35.58041000366211,4.98,0.0,0
46907,256.648,54.834,-7.1000000000000005,0.0,454.522,0.0,0.0,0.0,5.737,0,8.0,0.035,309.915,2.0455,34.62,35.58041000366211,4.98,0.0,0
46907,256.98900000000003,54.756,-7.6000000000000005,0.0,454.34000000000003,0.0,0.0,0.2,5.737,0,9.0,0.085,309.825,-0.7918000000000001,35.22,35.58041000366211,4.98,0.0,0
46907,256.307,54.668,-7.6000000000000005,0.0,454.219,0.0,0.0,0.0,5.737,0,9.0,0.055,309.825,0.0,36.06,35.58041000366211,4.98,0.0,0
46907,256.307,54.59,-8.1,0.0,454.582,0.0,0.0,0.0,5.737,0,9.0,0.04,309.915,1.5836000000000001,36.09,35.58041000366211,4.98,0.0,0
46907,256.818,54.512,-8.1,0.0,454.884,0.0,0.0,0.2,5.737,0,11.0,0.07,309.825,0.5279,36.15,35.58041000366211,4.98,0.0,0
46907,256.47700000000003,54.434000000000005,-8.1,0.0,454.401,0.0,0.0,0.0,5.737,0,8.0,0.07,309.69,-3.8270000000000004,35.52,35.58041000366211,4.98,0.0,0
46907,256.98900000000003,54.355000000000004,-8.1,0.0,454.038,0.0,0.0,0.0,5.737,0,9.0,0.045,309.825,-2.3094,34.47,35.58041000366211,4.98,0.0,0
46907,256.648,54.277,-8.1,0.0,454.582,0.0,0.0,0.0,5.737,0,9.0,0.07,309.915,2.7713,34.29,35.58041000366211,4.98,0.0,0
46907,256.98900000000003,54.199000000000005,-8.1,0.0,454.70300000000003,0.0,0.0,0.0,5.737,0,10.0,0.08,309.825,3.0682,34.53,35.58041000366211,4.98,0.0,0
46907,256.98900000000003,54.111000000000004,-8.1,0.0,454.582,0.0,0.0,0.2,5.737,0,10.0,0.07,309.915,1.0557,34.77,35.58041000366211,4.98,0.0,0
46907,256.98900000000003,54.033,-7.6000000000000005,0.0,454.34000000000003,0.0,0.0,0.0,5.737,0,11.0,0.08,309.915,-2.1114,34.05,35.58041000366211,4.98,0.0,0
46907,257.159,53.955000000000005,-8.1,0.0,454.522,0.0,0.0,0.0,5.737,0,10.0,0.115,309.915,0.5279,33.99,35.58041000366211,4.98,0.0,0
46907,256.98900000000003,53.877,-8.1,0.0,454.401,0.0,0.0,0.0,5.737,0,8.0,0.09,309.825,-0.9897,33.78,35.58041000366211,4.98,0.0,0
46907,256.98900000000003,53.799,-7.6000000000000005,0.0,454.64300000000003,0.0,0.0,0.2,5.737,0,9.0,0.085,309.825,-1.3196,33.480000000000004,35.58041000366211,4.98,0.0,0
46907,256.98900000000003,53.721000000000004,-8.1,0.0,454.522,0.0,0.0,0.2,5.737,0,9.0,0.095,309.825,0.066,34.14,35.58041000366211,4.98,0.0,0
46907,257.159,53.643,-8.1,0.0,454.461,0.0,0.0,0.2,5.737,0,10.0,0.085,309.915,0.2639,34.89,35.58041000366211,4.98,0.0,0
46907,257.33,53.633,-7.6000000000000005,0.0,454.461,0.0,0.0,0.0,5.737,0,11.0,0.095,309.825,-0.132,34.92,35.58041000366211,4.98,0.0,0
46907,257.33,53.555,-8.1,0.0,454.582,0.0,0.0,0.0,5.737,0,10.0,0.095,309.825,-3.4971,35.61,35.58041000366211,4.98,0.0,0
46907,257.671,53.467000000000006,-8.1,0.0,454.28000000000003,0.0,0.0,0.0,5.737,0,10.0,0.13,309.915,2.2929,35.85,35.58041000366211,4.98,0.0,0
46907,257.671,53.389,-8.6,0.0,454.70300000000003,0.0,0.0,0.2,5.737,0,10.0,0.13,309.825,2.4578,35.7,35.58041000366211,4.98,0.0,0
46907,257.33,53.311,-7.6000000000000005,0.0,454.64300000000003,0.0,0.0,-0.2,5.737,0,10.0,0.095,309.915,-2.2599,35.76,35.58041000366211,4.98,0.0,0
46907,257.5,53.232,-7.1000000000000005,0.0,454.461,0.0,0.0,0.0,5.737,0,9.0,0.155,309.825,-1.3032000000000001,34.68,35.58041000366211,4.98,0.0,0
46907,257.671,53.154,-7.6000000000000005,0.0,454.522,0.0,0.0,0.0,5.737,0,11.0,0.12,309.69,0.5526,34.230000000000004,35.58041000366211,4.98,0.0,0
46907,257.841,53.076,-7.6000000000000005,0.0,454.582,0.0,0.0,0.0,5.737,0,9.0,0.13,309.825,-1.2537,33.81,35.58041000366211,4.98,0.0,0
46907,257.671,52.998000000000005,-7.1000000000000005,0.0,453.796,0.0,0.0,0.0,5.737,0,8.0,0.17,309.825,-0.19790000000000002,33.3,35.58041000366211,4.98,0.0,0
46907,257.5,52.910000000000004,-7.6000000000000005,0.0,454.098,0.0,0.0,0.0,5.737,0,9.0,0.145,309.915,2.3094,33.63,35.58041000366211,4.98,0.0,0
46907,257.841,52.832,-7.6000000000000005,0.0,454.219,0.0,0.0,0.0,5.737,0,9.0,0.145,309.825,0.6598,33.660000000000004,35.58041000366211,4.98,0.0,0
46907,257.841,52.754000000000005,-7.6000000000000005,0.0,454.038,0.0,0.0,0.0,5.737,0,10.0,0.145,309.825,-0.6598,34.65,35.58041000366211,4.98,0.0,0
46907,258.012,52.676,-8.6,0.0,454.219,0.0,0.0,0.0,5.737,0,10.0,0.145,309.825,0.28040000000000004,35.31,35.58041000366211,4.98,0.0,0
46907,258.012,52.598,-8.6,0.0,454.401,0.0,0.0,0.2,5.737,0,8.0,0.15,309.825,0.39590000000000003,36.15,35.58041000366211,4.98,0.0,0
46907,258.183,52.52,-8.1,0.0,454.34000000000003,0.0,0.0,0.2,5.737,0,7.0,0.17500000000000002,309.825,0.2639,36.660000000000004,35.58041000366211,4.98,0.0,0
46907,258.012,52.441,-8.1,0.0,454.401,0.0,0.0,0.0,5.737,0,6.0,0.245,309.915,0.7918000000000001,36.57,35.58041000366211,4.98,0.0,0
46907,258.183,52.354,-7.6000000000000005,0.0,454.219,0.0,0.0,-0.2,5.737,0,9.0,0.155,309.915,-0.28040000000000004,36.24,35.58041000366211,4.98,0.0,0
46907,258.353,52.275000000000006,-8.1,0.0,454.219,0.0,0.0,0.0,5.737,0,9.0,0.195,309.825,1.7155,35.910000000000004,35.58041000366211,4.98,0.0,0
46907,258.694,52.197,-7.6000000000000005,0.0,454.522,0.0,0.0,0.0,5.737,0,10.0,0.18,309.915,3.4311000000000003,35.13,35.58041000366211,4.98,0.0,0
46907,258.353,52.119,-7.6000000000000005,0.0,454.219,0.0,0.0,0.0,5.737,0,10.0,0.18,309.915,3.0187,34.5,35.58041000366211,4.98,0.0,0
46907,258.183,52.041000000000004,-8.1,0.0,454.582,0.0,0.0,0.0,5.737,0,9.0,0.185,309.915,-0.5444,34.26,35.58041000366211,4.98,0.0,0
46907,258.694,51.963,-8.1,0.0,454.461,0.0,0.0,0.0,5.737,0,8.0,0.19,309.825,-3.0022,34.02,35.58041000366211,4.98,0.0,0
46907,258.353,51.953,-7.6000000000000005,0.0,454.28000000000003,0.0,0.0,0.0,5.737,0,12.0,0.22,309.825,-2.9032,33.96,35.58041000366211,4.98,0.0,0
46907,258.524,51.875,-7.6000000000000005,0.0,453.91700000000003,0.0,0.0,-0.2,5.737,0,8.0,0.245,309.69,-2.4743,34.47,35.58041000366211,4.98,0.0,0
46907,258.524,51.797000000000004,-8.6,0.0,454.34000000000003,0.0,0.0,0.0,5.737,0,10.0,0.265,309.69,-5.5425,35.160000000000004,35.58041000366211,4.98,0.0,0
46907,258.694,51.709,-8.1,0.0,454.219,0.0,0.0,-0.2,5.737,0,10.0,0.225,309.825,-2.3754,35.67,35.58041000366211,4.98,0.0,0
46907,258.865,51.631,-7.6000000000000005,0.0,454.038,0.0,0.0,0.0,5.737,0,8.0,0.255,309.825,3.2991,35.7,35.58041000366211,4.98,0.0,0
46907,259.206,51.553000000000004,-7.6000000000000005,0.0,453.91700000000003,0.0,0.0,0.0,5.737,0,10.0,0.22,309.915,3.5301,35.910000000000004,35.58041000366211,4.98,0.0,0
46907,259.035,51.475,-7.6000000000000005,0.0,454.098,0.0,0.0,0.0,5.737,0,11.0,0.25,309.915,1.0557,35.46,35.58041000366211,4.98,0.0,0
46907,259.37600000000003,51.396,-6.6000000000000005,0.0,454.038,0.0,0.0,0.0,5.737,0,9.0,0.195,309.825,0.0,35.64,35.58041000366211,4.98,0.0,0
46907,259.37600000000003,51.318000000000005,-7.6000000000000005,0.0,454.038,0.0,0.0,-0.2,5.737,0,10.0,0.23500000000000001,309.69,-7.1261,35.49,35.58041000366211,4.98,0.0,0
46907,259.035,51.24,-7.1000000000000005,0.0,454.219,0.0,0.0,0.2,5.737,0,9.0,0.265,309.825,-1.2537,35.61,35.58041000366211,4.98,0.0,0
46907,259.035,51.152,-7.6000000000000005,0.0,454.401,0.0,0.0,0.0,5.737,0,9.0,0.245,309.825,4.7507,35.82,35.58041000366211,4.98,0.0,0
46907,259.206,51.074000000000005,-8.6,0.0,454.401,0.0,0.0,0.0,5.737,0,10.0,0.265,309.825,2.0125,35.43,35.58041000366211,4.98,0.0,0
46907,259.547,50.996,-8.6,0.0,454.159,0.0,0.0,0.0,5.737,0,10.0,0.29,309.915,2.1114,34.65,35.58041000366211,4.98,0.0,0
46907,259.37600000000003,50.918,-8.1,0.0,454.219,0.0,0.0,0.0,5.737,0,11.0,0.26,309.69,-2.0125,33.72,35.58041000366211,4.98,0.0,0
46907,259.206,50.84,-7.1000000000000005,0.0,454.038,0.0,0.0,0.0,5.737,0,10.0,0.215,309.825,-1.9795,33.63,35.58041000366211,4.98,0.0,0
46907,259.717,50.762,-7.6000000000000005,0.0,454.34000000000003,0.0,0.0,0.2,5.737,0,9.0,0.305,309.825,1.9135000000000002,33.72,35.58041000366211,4.98,0.0,0
46907,259.717,50.684000000000005,-8.1,0.0,454.159,0.0,0.0,0.0,5.737,0,11.0,0.315,309.915,5.4106000000000005,34.02,35.58041000366211,4.98,0.0,0
46907,259.717,50.596000000000004,-7.6000000000000005,0.0,454.038,0.0,0.0,0.2,5.737,0,10.0,0.3,309.825,-2.6393,35.34,35.58041000366211,4.98,0.0,0
46907,260.058,50.518,-7.1000000000000005,0.0,454.098,0.0,0.0,0.0,5.737,0,9.0,0.28,309.915,-1.5836000000000001,36.39,35.58041000366211,4.98,0.0,0
46907,260.058,50.439,-8.1,0.0,454.28000000000003,0.0,0.0,0.0,5.737,0,14.0,0.38,309.825,3.761,36.660000000000004,35.58041000366211,4.98,0.0,0
46907,260.058,50.361000000000004,-8.1,0.0,454.34000000000003,0.0,0.0,-0.2,5.737,0,9.0,0.31,309.825,-0.5279,36.45,35.58041000366211,4.98,0.0,0
46907,260.058,50.283,-7.1000000000000005,0.0,454.219,0.0,0.0,0.0,5.737,0,11.0,0.305,309.69,-6.1694,36.15,35.58041000366211,4.98,0.0,0
46907,260.229,50.205000000000005,-8.1,0.0,454.038,0.0,0.0,0.0,5.737,0,11.0,0.34500000000000003,309.915,1.9795,35.76,35.58041000366211,4.98,0.0,0
46907,259.88800000000003,50.117000000000004,-7.6000000000000005,0.0,453.796,0.0,0.0,-0.2,5.737,0,11.0,0.32,309.825,3.9589000000000003,35.34,35.58041000366211,4.98,0.0,0
46907,260.399,50.039,-7.6000000000000005,0.0,453.978,0.0,0.0,-0.2,5.737,0,10.0,0.325,309.825,0.6598,35.34,35.58041000366211,4.98,0.0,0
46907,260.058,49.961000000000006,-8.6,0.0,454.34000000000003,0.0,0.0,0.0,5.737,0,9.0,0.335,309.825,-2.0455,34.980000000000004,35.58041000366211,4.98,0.0,0
46907,260.741,49.883,-8.1,0.0,454.64300000000003,0.0,0.0,0.0,5.737,0,10.0,0.325,309.69,0.132,33.63,35.58041000366211,4.98,0.0,0
46907,260.399,49.805,-7.6000000000000005,0.0,454.461,0.0,0.0,0.2,5.737,0,11.0,0.31,309.825,0.7918000000000001,33.75,35.58041000366211,4.98,0.0,0
46907,260.399,49.795,-8.1,0.0,454.461,0.0,0.0,0.0,5.737,0,11.0,0.315,309.825,0.3299,33.75,35.58041000366211,4.98,0.0,0
46907,260.57,49.717000000000006,-7.6000000000000005,0.0,453.857,0.0,0.0,0.0,5.737,0,7.0,0.305,309.825,-4.3548,33.660000000000004,35.58041000366211,4.98,0.0,0
46907,260.399,49.639,-7.1000000000000005,0.0,454.038,0.0,0.0,0.0,5.737,0,7.0,0.365,309.915,0.1567,34.68,35.58041000366211,4.98,0.0,0
46907,260.57,49.561,-7.1000000000000005,0.0,454.038,0.0,0.0,0.0,5.737,0,7.0,0.34500000000000003,309.915,2.6888,35.85,35.58041000366211,4.98,0.0,0
46907,260.911,49.482,-7.6000000000000005,0.0,453.978,0.0,0.0,0.0,5.737,0,8.0,0.355,309.825,-0.1567,36.51,35.58041000366211,4.98,0.0,0
46907,261.082,49.395,-7.6000000000000005,0.0,454.28000000000003,0.0,0.0,0.2,5.737,0,11.0,0.355,309.915,-0.132,36.96,35.58041000366211,4.98,0.0,0
46907,260.911,49.316,-8.6,0.0,454.219,0.0,0.0,0.0,5.737,0,10.0,0.39,309.915,1.963,35.52,35.58041000366211,4.98,0.0,0
46907,261.082,49.238,-8.6,0.0,454.219,0.0,0.0,-0.2,5.737,0,9.0,0.37,309.825,2.3754,35.4,35.58041000366211,4.98,0.0,0
46907,261.252,49.160000000000004,-8.1,0.0,454.461,0.0,0.0,0.0,5.737,0,12.0,0.375,309.915,-1.3361,35.58,35.58041000366211,4.98,0.0,0
46907,261.252,49.082,-8.1,0.0,453.978,0.0,0.0,0.0,5.737,0,12.0,0.375,309.825,-1.4351,35.76,35.58041000366211,4.98,0.0,0
46907,261.423,49.004000000000005,-8.1,0.0,454.159,0.0,0.0,0.0,5.737,0,7.0,0.37,309.825,-1.8145,36.21,35.58041000366211,4.98,0.0,0
46907,261.423,48.916000000000004,-8.1,0.0,454.219,0.0,0.0,0.0,5.737,0,9.0,0.395,309.825,1.732,35.97,35.58041000366211,4.98,0.0,0
46907,261.423,48.838,-7.6000000000000005,0.0,454.28000000000003,0.0,0.0,0.0,5.737,0,8.0,0.395,309.915,-0.0825,35.04,35.58041000366211,4.98,0.0,0
46907,261.764,48.760000000000005,-7.6000000000000005,0.0,453.796,0.0,0.0,0.2,5.737,0,9.0,0.405,309.915,-1.1382,33.33,35.58041000366211,4.98,0.0,0
46907,261.593,48.682,-7.6000000000000005,0.0,453.736,0.0,0.0,0.0,5.737,0,9.0,0.385,309.915,3.7775000000000003,33.36,35.58041000366211,4.98,0.0,0
46907,261.593,48.604,-8.1,0.0,454.038,0.0,0.0,0.0,5.737,0,10.0,0.425,309.915,-4.5528,34.62,35.58041000366211,4.98,0.0,0
46907,261.764,48.525000000000006,-7.1000000000000005,0.0,454.219,0.0,0.0,0.2,5.737,0,10.0,0.41500000000000004,309.825,-1.7815,35.19,35.58041000366211,4.98,0.0,0
46907,261.764,48.447,-8.1,0.0,454.219,0.0,0.0,-0.2,5.737,0,9.0,0.405,309.915,3.1012,36.39,35.58041000366211,4.98,0.0,0
46907,261.764,48.359,-8.6,0.0,454.038,0.0,0.0,-0.2,5.737,0,11.0,0.425,309.915,3.3898,37.050000000000004,35.58041000366211,4.98,0.0,0
46907,261.764,48.281,-7.6000000000000005,0.0,454.159,0.0,0.0,0.0,5.737,0,10.0,0.48,309.915,-0.14850000000000002,36.84,35.58041000366211,4.98,0.0,0
46907,261.934,48.203,-7.6000000000000005,0.0,454.159,0.0,0.0,0.0,5.737,0,9.0,0.44,309.915,-1.5836000000000001,36.6,35.58041000366211,4.98,0.0,0
46907,262.787,48.125,-8.1,0.0,454.219,0.0,0.0,0.0,5.737,0,10.0,0.445,309.915,-0.7918000000000001,35.58,35.58041000366211,4.98,0.0,0
46907,262.446,48.115,-8.6,0.0,454.219,0.0,0.0,-0.2,5.737,0,10.0,0.435,309.915,-0.5279,35.58,35.58041000366211,4.98,0.0,0
46907,262.446,48.037,-8.1,0.0,454.401,0.0,0.0,-0.2,5.737,0,9.0,0.465,309.915,-1.5836000000000001,35.550000000000004,35.58041000366211,4.98,0.0,0
46907,262.787,47.959,-7.6000000000000005,0.0,454.219,0.0,0.0,0.2,5.737,0,9.0,0.465,309.915,-0.5279,35.34,35.58041000366211,4.98,0.0,0
46907,262.787,47.881,-7.1000000000000005,0.0,454.038,0.0,0.0,0.2,5.737,0,9.0,0.455,309.825,-0.7918000000000001,34.980000000000004,35.58041000366211,4.98,0.0,0
46907,262.787,47.803000000000004,-8.6,0.0,454.401,0.0,0.0,0.2,5.737,0,10.0,0.47500000000000003,309.915,-2.1114,34.11,35.58041000366211,4.98,0.0,0
46907,263.128,47.715,-7.6000000000000005,0.0,454.401,0.0,0.0,0.0,5.737,0,9.0,0.495,309.915,0.7918000000000001,33.480000000000004,35.58041000366211,4.98,0.0,0
46907,263.128,47.637,-8.1,0.0,454.34000000000003,0.0,0.0,0.0,5.737,0,10.0,0.47000000000000003,310.005,4.6188,33.480000000000004,35.58041000366211,4.98,0.0,0
46907,263.298,47.559000000000005,-8.6,0.0,454.34000000000003,0.0,0.0,-0.2,5.737,0,8.0,0.485,309.825,-2.3754,33.57,35.58041000366211,4.98,0.0,0
46907,263.298,47.480000000000004,-8.1,0.0,454.401,0.0,0.0,-0.2,5.737,0,9.0,0.47000000000000003,309.825,-3.1012,34.68,35.58041000366211,4.98,0.0,0
46907,263.128,47.402,-8.1,0.0,453.615,0.0,0.0,0.0,5.737,0,10.0,0.47000000000000003,310.005,0.2639,36.45,35.58041000366211,4.98,0.0,0
46907,263.469,47.324000000000005,-8.1,0.0,454.038,0.0,0.0,0.0,5.737,0,10.0,0.48,309.825,2.6393,36.87,35.58041000366211,4.98,0.0,0
46907,263.81,47.246,-8.1,0.0,454.28000000000003,0.0,0.0,0.2,5.737,0,10.0,0.495,309.825,-1.5836000000000001,36.15,35.58041000366211,4.98,0.0,0
46907,263.64,47.158,-7.6000000000000005,0.0,454.219,0.0,0.0,0.0,5.737,0,9.0,0.51,309.825,-3.563,35.85,35.58041000366211,4.98,0.0,0
46907,263.469,47.080000000000005,-7.6000000000000005,0.0,453.736,0.0,0.0,0.0,5.737,0,8.0,0.535,309.915,4.2229,35.34,35.58041000366211,4.98,0.0,0
46907,263.81,47.002,-8.1,0.0,453.55400000000003,0.0,0.0,-0.2,5.737,0,10.0,0.52,309.915,0.9897,34.92,35.58041000366211,4.98,0.0,0
46907,263.81,46.924,-8.1,0.0,453.857,0.0,0.0,-0.2,5.737,0,9.0,0.5,309.915,-1.0557,34.44,35.58041000366211,4.98,0.0,0
46907,263.81,46.846000000000004,-7.6000000000000005,0.0,454.219,0.0,0.0,0.0,5.737,0,10.0,0.545,309.915,1.0557,34.53,35.58041000366211,4.98,0.0,0
46907,264.151,46.768,-7.6000000000000005,0.0,454.219,0.0,0.0,0.2,5.737,0,10.0,0.54,309.825,-3.8270000000000004,34.05,35.58041000366211,4.98,0.0,0
46907,263.981,46.689,-8.6,0.0,454.038,0.0,0.0,0.0,5.737,0,10.0,0.525,309.915,-2.1114,33.6,35.58041000366211,4.98,0.0,0
46907,263.981,46.68,-8.1,0.0,454.038,0.0,0.0,-0.2,5.737,0,10.0,0.545,309.915,-1.5176,33.51,35.58041000366211,4.98,0.0,0
46907,264.151,46.602000000000004,-7.6000000000000005,0.0,454.038,0.0,0.0,0.2,5.737,0,11.0,0.525,309.915,1.5176,33.36,35.58041000366211,4.98,0.0,0
46907,264.322,46.514,-7.6000000000000005,0.0,454.038,0.0,0.0,0.0,5.737,0,11.0,0.56,309.915,-0.0165,33.9,35.58041000366211,4.98,0.0,0
46907,264.663,46.436,-7.6000000000000005,0.0,454.098,0.0,0.0,0.0,5.737,0,10.0,0.5650000000000001,309.69,-0.2227,35.19,35.58041000366211,4.98,0.0,0
46907,264.492,46.357,-8.1,0.0,454.34000000000003,0.0,0.0,0.0,5.737,0,11.0,0.5700000000000001,309.915,-4.1074,35.79,35.58041000366211,4.98,0.0,0
46907,264.492,46.279,-8.1,0.0,453.796,0.0,0.0,-0.2,5.737,0,9.0,0.5750000000000001,309.915,0.39590000000000003,36.45,35.58041000366211,4.98,0.0,0
46907,264.492,46.201,-7.1000000000000005,0.0,453.91700000000003,0.0,0.0,-0.2,5.737,0,9.0,0.535,309.825,3.9754,36.51,35.58041000366211,4.98,0.0,0
46907,264.663,46.123000000000005,-7.6000000000000005,0.0,454.098,0.0,0.0,-0.2,5.737,0,11.0,0.555,309.825,0.8083,36.12,35.58041000366211,4.98,0.0,0
46907,264.663,46.045,-7.6000000000000005,0.0,454.159,0.0,0.0,0.0,5.737,0,10.0,0.585,309.915,-0.14850000000000002,34.92,35.58041000366211,4.98,0.0,0
46907,265.174,45.957,-8.1,0.0,454.038,0.0,0.0,0.0,5.737,0,10.0,0.6,309.915,0.2474,34.230000000000004,35.58041000366211,4.98,0.0,0
46907,265.004,45.879000000000005,-8.1,0.0,454.219,0.0,0.0,0.2,5.737,0,11.0,0.61,309.825,0.0165,33.6,35.58041000366211,4.98,0.0,0
46907,265.174,45.801,-8.1,0.0,454.038,0.0,0.0,-0.2,5.737,0,11.0,0.5700000000000001,309.825,-4.2064,33.51,35.58041000366211,4.98,0.0,0
46907,265.174,45.723,-8.6,0.0,454.219,0.0,0.0,0.2,5.737,0,10.0,0.61,309.915,-0.7918000000000001,33.660000000000004,35.58041000366211,4.98,0.0,0
46907,265.345,45.645,-8.6,0.0,454.159,0.0,0.0,0.0,5.737,0,9.0,0.59,309.825,4.0909,33.45,35.58041000366211,4.98,0.0,0
46907,265.856,45.566,-8.6,0.0,454.219,0.0,0.0,0.0,5.737,0,9.0,0.64,309.825,1.5836000000000001,34.410000000000004,35.58041000366211,4.98,0.0,0
46907,265.345,45.479,-8.1,0.0,453.978,0.0,0.0,-0.2,5.737,0,10.0,0.625,309.915,-1.4516,34.980000000000004,35.58041000366211,4.98,0.0,0
46907,265.515,45.400000000000006,-8.1,0.0,453.91700000000003,0.0,0.0,-0.2,5.737,0,11.0,0.64,309.915,0.0165,35.04,35.58041000366211,4.98,0.0,0
46907,265.686,45.322,-7.6000000000000005,0.0,454.098,0.0,0.0,0.0,5.737,0,9.0,0.65,309.915,-0.6763,35.13,35.58041000366211,4.98,0.0,0
46907,265.856,45.244,-8.1,0.0,453.978,0.0,0.0,0.2,5.737,0,11.0,0.5750000000000001,309.915,1.4351,35.67,35.58041000366211,4.98,0.0,0
46907,266.197,45.166000000000004,-8.1,0.0,454.038,0.0,0.0,-0.2,5.737,0,10.0,0.625,309.915,2.3754,35.160000000000004,35.58041000366211,4.98,0.0,0
46907,266.027,45.088,-8.1,0.0,454.159,0.0,0.0,0.2,5.737,0,10.0,0.63,309.915,-0.9402,34.53,35.58041000366211,4.98,0.0,0
46907,266.197,45.010000000000005,-8.6,0.0,453.736,0.0,0.0,0.2,5.737,0,10.0,0.66,309.825,-1.8310000000000002,34.44,35.58041000366211,4.98,0.0,0
46907,266.027,44.932,-7.6000000000000005,0.0,453.978,0.0,0.0,0.2,5.737,0,9.0,0.675,309.825,-2.4908,34.56,35.58041000366211,4.98,0.0,0
46907,266.709,44.844,-8.1,0.0,454.038,0.0,0.0,0.0,5.737,0,9.0,0.685,309.825,-1.1712,34.980000000000004,35.58041000366211,4.98,0.0,0
46907,266.539,44.766000000000005,-8.6,0.0,453.978,0.0,0.0,0.0,5.737,0,11.0,0.67,309.825,-0.6433,34.53,35.58041000366211,4.98,0.0,0
46907,266.539,44.688,-8.1,0.0,454.159,0.0,0.0,-0.2,5.737,0,10.0,0.665,309.825,0.9238000000000001,33.27,35.58041000366211,4.98,0.0,0
46907,266.539,44.609,-7.1000000000000005,0.0,454.28000000000003,0.0,0.0,0.0,5.737,0,9.0,0.675,309.825,2.6393,33.27,35.58041000366211,4.98,0.0,0
46907,266.709,44.531,-7.6000000000000005,0.0,454.098,0.0,0.0,0.0,5.737,0,10.0,0.66,309.915,-0.41240000000000004,33.54,35.58041000366211,4.98,0.0,0
46907,266.709,44.521,-8.1,0.0,454.098,0.0,0.0,0.2,5.737,0,9.0,0.655,309.915,-0.5938,33.63,35.58041000366211,4.98,0.0,0
46907,266.539,44.443000000000005,-7.6000000000000005,0.0,454.461,0.0,0.0,0.0,5.737,0,11.0,0.7000000000000001,309.825,-0.2639,33.84,35.58041000366211,4.98,0.0,0
46907,267.05,44.365,-7.6000000000000005,0.0,454.219,0.0,0.0,0.2,5.737,0,10.0,0.68,309.69,-2.0125,34.59,35.58041000366211,4.98,0.0,0
46907,267.221,44.277,-7.6000000000000005,0.0,454.401,0.0,0.0,0.0,5.737,0,10.0,0.6900000000000001,309.825,-4.6188,35.07,35.58041000366211,4.98,0.0,0
46907,267.221,44.199000000000005,-7.6000000000000005,0.0,454.098,0.0,0.0,0.0,5.737,0,10.0,0.6950000000000001,309.915,1.7815,35.22,35.58041000366211,4.98,0.0,0
46907,267.221,44.121,-8.1,0.0,453.91700000000003,0.0,0.0,0.0,5.737,0,10.0,0.67,309.825,3.8270000000000004,34.95,35.58041000366211,4.98,0.0,0
46907,267.391,44.043,-8.6,0.0,453.978,0.0,0.0,-0.2,5.737,0,9.0,0.6900000000000001,309.825,1.0557,34.44,35.58041000366211,4.98,0.0,0
46907,267.903,43.965,-8.1,0.0,454.219,0.0,0.0,0.0,5.737,0,11.0,0.705,309.825,-1.8475000000000001,34.32,35.58041000366211,4.98,0.0,0
46907,267.562,43.887,-8.1,0.0,454.159,0.0,0.0,0.2,5.737,0,10.0,0.6900000000000001,309.825,-2.6393,34.47,35.58041000366211,4.98,0.0,0
46907,267.903,43.809000000000005,-8.1,0.0,453.736,0.0,0.0,-0.2,5.737,0,10.0,0.685,309.915,3.1672000000000002,34.62,35.58041000366211,4.98,0.0,0
46907,267.903,43.730000000000004,-7.6000000000000005,0.0,453.736,0.0,0.0,0.0,5.737,0,11.0,0.6900000000000001,309.915,4.1569,33.9,35.58041000366211,4.98,0.0,0
46907,267.903,43.643,-7.6000000000000005,0.0,454.038,0.0,0.0,0.0,5.737,0,9.0,0.67,309.825,0.0,33.36,35.58041000366211,4.98,0.0,0
46907,268.073,43.564,-7.6000000000000005,0.0,454.159,0.0,0.0,0.0,5.737,0,10.0,0.6900000000000001,309.915,-1.0557,32.25,35.58041000366211,4.98,0.0,0
46907,268.244,43.486000000000004,-8.1,0.0,454.159,0.0,0.0,0.2,5.737,0,10.0,0.705,309.69,-5.6745,32.55,35.58041000366211,4.98,0.0,0
46907,268.414,43.408,-8.1,0.0,454.038,0.0,0.0,0.0,5.737,0,9.0,0.77,309.915,-0.8578,32.52,35.58041000366211,4.98,0.0,0
46907,268.244,43.330000000000005,-7.6000000000000005,0.0,453.91700000000003,0.0,0.0,-0.2,5.737,0,11.0,0.685,309.825,1.4516,34.11,35.58041000366211,4.98,0.0,0
46907,268.755,43.252,-7.6000000000000005,0.0,453.857,0.0,0.0,0.0,5.737,0,11.0,0.72,309.915,0.8908,35.64,35.58041000366211,4.98,0.0,0
46907,268.755,43.164,-8.1,0.0,454.038,0.0,0.0,0.2,5.737,0,9.0,0.735,309.915,1.0557,36.480000000000004,35.58041000366211,4.98,0.0,0
46907,268.585,43.086,-7.6000000000000005,0.0,454.038,0.0,0.0,0.2,5.737,0,10.0,0.735,309.915,-0.066,35.19,35.58041000366211,4.98,0.0,0
46907,269.096,43.008,-7.6000000000000005,0.0,454.038,0.0,0.0,0.0,5.737,0,10.0,0.725,309.825,-1.8475000000000001,33.9,35.58041000366211,4.98,0.0,0
46907,269.096,42.93,-7.1000000000000005,0.0,454.038,0.0,0.0,0.0,5.737,0,10.0,0.71,309.915,2.6393,33.39,35.58041000366211,4.98,0.0,0
46907,269.267,42.852000000000004,-7.6000000000000005,0.0,453.978,0.0,0.0,0.0,5.737,0,10.0,0.75,309.915,0.0,33.99,35.58041000366211,4.98,0.0,0
46907,269.096,42.773,-8.1,0.0,454.401,0.0,0.0,0.2,5.737,0,10.0,0.74,309.915,-0.066,35.19,35.58041000366211,4.98,0.0,0
46907,269.267,42.695,-8.1,0.0,453.857,0.0,0.0,0.0,5.737,0,9.0,0.73,309.915,-0.2639,35.4,35.58041000366211,4.98,0.0,0
46907,269.438,42.607,-7.6000000000000005,0.0,454.098,0.0,0.0,0.0,5.737,0,10.0,0.73,309.825,-0.9897,34.77,35.58041000366211,4.98,0.0,0
46907,269.096,42.529,-7.6000000000000005,0.0,454.219,0.0,0.0,0.0,5.737,0,8.0,0.735,309.825,-1.0557,34.68,35.58041000366211,4.98,0.0,0
46907,269.438,42.451,-8.1,0.0,454.098,0.0,0.0,0.0,5.737,0,9.0,0.735,309.825,-2.0455,33.78,35.58041000366211,4.98,0.0,0
46907,269.779,42.373000000000005,-9.1,0.0,454.159,0.0,0.0,0.0,5.737,0,11.0,0.76,309.825,0.0,32.49,35.58041000366211,4.98,0.0,0
46907,269.949,42.295,-7.6000000000000005,0.0,454.401,0.0,0.0,0.0,5.737,0,9.0,0.77,309.915,2.0455,33.0,35.58041000366211,4.98,0.0,0
46907,270.461,42.217,-7.6000000000000005,0.0,454.764,0.0,0.0,-0.2,5.737,0,9.0,0.74,309.825,0.5279,34.29,35.58041000366211,4.98,0.0,0
46907,270.12,42.139,-7.6000000000000005,0.0,454.64300000000003,0.0,0.0,-0.2,5.737,0,11.0,0.785,309.915,-1.1217000000000001,35.49,35.58041000366211,4.98,0.0,0
46907,270.12,42.129000000000005,-8.1,0.0,454.64300000000003,0.0,0.0,0.0,5.737,0,10.0,0.775,309.915,-1.0062,35.49,35.58041000366211,4.98,0.0,0
46907,270.12,42.051,-7.6000000000000005,0.0,454.522,0.0,0.0,0.0,5.737,0,10.0,0.77,309.915,-0.9897,36.300000000000004,35.58041000366211,4.98,0.0,0
46907,270.461,41.973,-8.1,0.0,454.038,0.0,0.0,-0.2,5.737,0,11.0,0.765,309.825,1.6496000000000002,36.18,35.58041000366211,4.98,0.0,0
46907,270.63100000000003,41.885000000000005,-7.6000000000000005,0.0,454.038,0.0,0.0,0.0,5.737,0,10.0,0.765,309.825,-0.1155,35.52,35.58041000366211,4.98,0.0,0
46907,270.63100000000003,41.875,-7.6000000000000005,0.0,454.038,0.0,0.0,0.2,5.737,0,9.0,0.77,309.825,0.066,35.46,35.58041000366211,4.98,0.0,0
46907,270.63100000000003,41.797000000000004,-8.1,0.0,453.978,0.0,0.0,0.0,5.737,0,10.0,0.77,309.915,0.2639,34.92,35.58041000366211,4.98,0.0,0
46907,270.802,41.719,-8.1,0.0,454.34000000000003,0.0,0.0,-0.2,5.737,0,11.0,0.765,309.825,1.0557,33.9,35.58041000366211,4.98,0.0,0
46907,270.63100000000003,41.641000000000005,-8.1,0.0,454.28000000000003,0.0,0.0,0.2,5.737,0,9.0,0.76,309.915,2.6393,34.800000000000004,35.58041000366211,4.98,0.0,0
46907,270.972,41.563,-7.6000000000000005,0.0,454.34000000000003,0.0,0.0,-0.2,5.737,0,11.0,0.76,309.825,-0.46190000000000003,34.86,35.58041000366211,4.98,0.0,0
46907,271.14300000000003,41.484,-8.1,0.0,454.098,0.0,0.0,0.0,5.737,0,11.0,0.755,309.825,-1.0557,34.68,35.58041000366211,4.98,0.0,0
46907,271.313,41.406,-8.1,0.0,454.159,0.0,0.0,-0.2,5.737,0,8.0,0.735,309.915,-0.5279,33.72,35.58041000366211,4.98,0.0,0
46907,271.313,41.318000000000005,-8.1,0.0,454.098,0.0,0.0,0.0,5.737,0,11.0,0.725,309.825,-0.7918000000000001,33.15,35.58041000366211,4.98,0.0,0
46907,271.484,41.24,-8.1,0.0,454.401,0.0,0.0,0.2,5.737,0,10.0,0.73,309.825,-2.1114,33.72,35.58041000366211,4.98,0.0,0
46907,271.484,41.162,-7.6000000000000005,0.0,454.098,0.0,0.0,0.2,5.737,0,10.0,0.775,309.825,-0.5279,34.35,35.58041000366211,4.98,0.0,0
46907,271.995,41.084,-8.1,0.0,454.159,0.0,0.0,0.0,5.737,0,11.0,0.765,309.825,1.0557,35.94,35.58041000366211,4.98,0.0,0
46907,271.825,41.006,-8.1,0.0,454.038,0.0,0.0,0.0,5.737,0,10.0,0.76,309.915,0.2639,35.88,35.58041000366211,4.98,0.0,0
46907,271.995,40.928000000000004,-7.6000000000000005,0.0,454.219,0.0,0.0,-0.2,5.737,0,9.0,0.77,309.915,-2.4413,35.64,35.58041000366211,4.98,0.0,0
46907,271.995,40.85,-7.6000000000000005,0.0,454.098,0.0,0.0,0.0,5.737,0,11.0,0.8200000000000001,309.825,0.9238000000000001,34.83,35.58041000366211,4.98,0.0,0
46907,271.995,40.771,-8.1,0.0,454.159,0.0,0.0,0.0,5.737,0,11.0,0.87,309.825,1.6496000000000002,34.92,35.58041000366211,4.98,0.0,0
46907,272.337,40.684000000000005,-7.6000000000000005,0.0,453.91700000000003,0.0,0.0,0.0,5.737,0,10.0,0.8150000000000001,309.825,-2.9032,35.31,35.58041000366211,4.98,0.0,0
46907,272.848,40.605000000000004,-8.6,0.0,453.796,0.0,0.0,0.0,5.737,0,10.0,0.78,309.825,0.0,34.800000000000004,35.58041000366211,4.98,0.0,0
46907,272.678,40.527,-8.1,0.0,454.159,0.0,0.0,0.0,5.737,0,9.0,0.785,309.69,-1.7155,34.38,35.58041000366211,4.98,0.0,0
46907,272.678,40.449000000000005,-7.6000000000000005,0.0,454.28000000000003,0.0,0.0,0.2,5.737,0,9.0,0.785,310.005,2.2434000000000003,34.800000000000004,35.58041000366211,4.98,0.0,0
46907,272.848,40.371,-8.1,0.0,454.582,0.0,0.0,0.0,5.737,0,11.0,0.77,309.825,1.4516,34.65,35.58041000366211,4.98,0.0,0
46907,273.189,40.293,-8.1,0.0,454.582,0.0,0.0,0.0,5.737,0,9.0,0.775,309.915,-0.165,33.96,35.58041000366211,4.98,0.0,0
46907,273.189,40.205000000000005,-7.6000000000000005,0.0,454.461,0.0,0.0,-0.2,5.737,0,10.0,0.795,309.825,-1.8475000000000001,33.39,35.58041000366211,4.98,0.0,0
46907,273.36,40.127,-7.6000000000000005,0.0,454.34000000000003,0.0,0.0,0.2,5.737,0,12.0,0.79,309.915,-0.066,34.410000000000004,35.58041000366211,4.98,0.0,0
46907,273.36,40.049,-8.1,0.0,454.401,0.0,0.0,-0.2,5.737,0,9.0,0.81,309.915,-0.7918000000000001,35.4,35.58041000366211,4.98,0.0,0
46907,273.36,39.971000000000004,-8.1,0.0,454.401,0.0,0.0,0.0,5.737,0,11.0,0.8300000000000001,309.69,-1.4846000000000001,36.24,35.58041000366211,4.98,0.0,0
46907,273.701,39.961,-7.6000000000000005,0.0,454.401,0.0,0.0,0.2,5.737,0,11.0,0.8,309.69,-2.6805000000000003,36.36,35.58041000366211,4.98,0.0,0
46907,273.36,39.883,-8.1,0.0,454.582,0.0,0.0,0.0,5.737,0,11.0,0.8250000000000001,309.915,-5.2786,36.480000000000004,35.58041000366211,4.98,0.0,0
46907,273.701,39.805,-8.1,0.0,454.401,0.0,0.0,0.0,5.737,0,9.0,0.805,309.825,1.0722,36.69,35.58041000366211,4.98,0.0,0
46907,274.04200000000003,39.727000000000004,-7.6000000000000005,0.0,454.159,0.0,0.0,0.0,5.737,0,10.0,0.81,309.825,4.4621,35.97,35.58041000366211,4.98,0.0,0
46907,274.04200000000003,39.648,-7.6000000000000005,0.0,454.34000000000003,0.0,0.0,0.2,5.737,0,11.0,0.805,309.69,-4.4208,35.01,35.58041000366211,4.98,0.0,0
46907,274.04200000000003,39.561,-8.1,0.0,454.461,0.0,0.0,0.0,5.737,0,9.0,0.775,309.915,2.6888,34.02,35.58041000366211,4.98,0.0,0
46907,274.212,39.482,-7.6000000000000005,0.0,454.401,0.0,0.0,-0.2,5.737,0,10.0,0.84,309.915,5.46,34.38,35.58041000366211,4.98,0.0,0
46907,274.212,39.404,-8.6,0.0,454.28000000000003,0.0,0.0,0.0,5.737,0,10.0,0.8250000000000001,309.69,0.19790000000000002,34.74,35.58041000366211,4.98,0.0,0
46907,274.553,39.326,-7.6000000000000005,0.0,454.219,0.0,0.0,0.2,5.737,0,11.0,0.81,309.825,-5.5755,34.77,35.58041000366211,4.98,0.0,0
46907,274.724,39.248000000000005,-7.6000000000000005,0.0,454.219,0.0,0.0,0.0,5.737,0,11.0,0.795,309.915,-3.0352,34.86,35.58041000366211,4.98,0.0,0
46907,274.724,39.17,-7.1000000000000005,0.0,454.401,0.0,0.0,0.0,5.737,0,10.0,0.805,309.915,4.6188,34.86,35.58041000366211,4.98,0.0,0
46907,274.895,39.092,-7.1000000000000005,0.0,454.219,0.0,0.0,0.0,5.737,0,9.0,0.8250000000000001,309.825,4.1569,34.980000000000004,35.58041000366211,4.98,0.0,0
46907,275.236,39.004000000000005,-8.1,0.0,454.28000000000003,0.0,0.0,0.0,5.737,0,11.0,0.8250000000000001,309.69,-2.6805000000000003,35.79,35.58041000366211,4.98,0.0,0
46907,275.236,38.926,-8.1,0.0,454.945,0.0,0.0,0.0,5.737,0,8.0,0.87,309.825,-0.8413,35.49,35.58041000366211,4.98,0.0,0
46907,275.065,38.848,-8.1,0.0,454.884,0.0,0.0,0.0,5.737,0,11.0,0.81,309.825,0.47840000000000005,35.85,35.58041000366211,4.98,0.0,0
46907,276.088,38.77,-8.6,0.0,454.34000000000003,0.0,0.0,-0.2,5.737,0,9.0,0.845,309.915,-0.1072,35.76,35.58041000366211,4.98,0.0,0
46907,275.918,38.691,-8.1,0.0,454.159,0.0,0.0,-0.2,5.737,0,10.0,0.8300000000000001,309.825,-0.2639,36.24,35.58041000366211,4.98,0.0,0
46907,276.259,38.613,-8.1,0.0,454.461,0.0,0.0,0.2,5.737,0,10.0,0.8250000000000001,309.825,2.5073000000000003,35.82,35.58041000366211,4.98,0.0,0
46907,276.259,38.525,-8.1,0.0,454.219,0.0,0.0,0.0,5.737,0,9.0,0.855,309.915,-0.0165,35.94,35.58041000366211,4.98,0.0,0
46907,276.77,38.447,-7.1000000000000005,0.0,454.038,0.0,0.0,0.2,5.737,0,11.0,0.845,309.915,0.5114000000000001,35.52,35.58041000366211,4.98,0.0,0
46907,276.42900000000003,38.369,-7.1000000000000005,0.0,453.978,0.0,0.0,0.0,5.737,0,10.0,0.845,309.915,3.0352,34.71,35.58041000366211,4.98,0.0,0
46907,276.94100000000003,38.291000000000004,-7.6000000000000005,0.0,454.401,0.0,0.0,-0.2,5.737,0,9.0,0.84,309.825,-3.3486000000000002,34.410000000000004,35.58041000366211,4.98,0.0,0
46907,276.77,38.213,-8.1,0.0,454.219,0.0,0.0,0.0,5.737,0,12.0,0.8200000000000001,309.915,-3.3651,33.87,35.58041000366211,4.98,0.0,0
46907,277.111,38.135000000000005,-8.1,0.0,454.038,0.0,0.0,0.0,5.737,0,9.0,0.84,309.825,0.8743000000000001,34.77,35.58041000366211,4.98,0.0,0
46907,277.282,38.057,-8.1,0.0,454.038,0.0,0.0,0.0,5.737,0,10.0,0.8300000000000001,309.915,3.3898,35.7,35.58041000366211,4.98,0.0,0
46907,277.452,38.047000000000004,-7.6000000000000005,0.0,454.401,0.0,0.0,-0.2,5.737,0,11.0,0.845,309.915,2.6393,35.79,35.58041000366211,4.98,0.0,0
46907,277.794,37.969,-7.6000000000000005,0.0,454.70300000000003,0.0,0.0,0.0,5.737,0,10.0,0.855,309.915,-0.5279,35.85,35.58041000366211,4.98,0.0,0
46907,277.452,37.891000000000005,-8.1,0.0,454.764,0.0,0.0,0.0,5.737,0,10.0,0.85,309.825,0.0,35.550000000000004,35.58041000366211,4.98,0.0,0
46907,277.623,37.803000000000004,-7.6000000000000005,0.0,454.401,0.0,0.0,-0.2,5.737,0,10.0,0.85,309.825,-0.46190000000000003,35.94,35.58041000366211,4.98,0.0,0
46907,277.794,37.725,-7.6000000000000005,0.0,454.582,0.0,0.0,0.0,5.737,0,9.0,0.8200000000000001,309.825,-2.1114,36.24,35.58041000366211,4.98,0.0,0
46907,278.135,37.646,-7.6000000000000005,0.0,454.401,0.0,0.0,0.0,5.737,0,11.0,0.85,310.005,-0.9238000000000001,36.09,35.58041000366211,4.98,0.0,0
46907,278.135,37.568000000000005,-7.1000000000000005,0.0,454.219,0.0,0.0,0.2,5.737,0,11.0,0.855,309.915,-0.5279,36.45,35.58041000366211,4.98,0.0,0
46907,278.305,37.49,-7.6000000000000005,0.0,454.098,0.0,0.0,0.0,5.737,0,8.0,0.8250000000000001,309.915,2.0455,35.7,35.58041000366211,4.98,0.0,0
46907,278.135,37.412,-7.6000000000000005,0.0,454.28000000000003,0.0,0.0,0.0,5.737,0,12.0,0.8300000000000001,309.825,-3.4311000000000003,34.83,35.58041000366211,4.98,0.0,0
46907,278.646,37.334,-8.1,0.0,454.219,0.0,0.0,0.0,5.737,0,11.0,0.855,309.825,0.066,34.5,35.58041000366211,4.98,0.0,0
46907,278.646,37.324000000000005,-7.1000000000000005,0.0,454.219,0.0,0.0,0.0,5.737,0,10.0,0.84,309.825,0.2144,34.44,35.58041000366211,4.98,0.0,0
46907,278.817,37.246,-7.6000000000000005,0.0,454.461,0.0,0.0,0.2,5.737,0,9.0,0.8300000000000001,309.915,2.1774,33.81,35.58041000366211,4.98,0.0,0
46907,278.987,37.158,-7.6000000000000005,0.0,454.401,0.0,0.0,0.0,5.737,0,10.0,0.855,309.915,-0.6763,33.54,35.58041000366211,4.98,0.0,0
46907,278.987,37.08,-8.1,0.0,454.34000000000003,0.0,0.0,0.0,5.737,0,9.0,0.865,309.915,-0.6763,34.14,35.58041000366211,4.98,0.0,0
46907,279.158,37.002,-8.1,0.0,454.34000000000003,0.0,0.0,-0.2,5.737,0,10.0,0.86,309.825,-1.4516,34.83,35.58041000366211,4.98,0.0,0
46907,279.499,36.924,-7.1000000000000005,0.0,453.91700000000003,0.0,0.0,0.0,5.737,0,10.0,0.855,309.825,-1.8310000000000002,36.12,35.58041000366211,4.98,0.0,0
46907,279.499,36.846000000000004,-7.6000000000000005,0.0,453.857,0.0,0.0,0.0,5.737,0,10.0,0.845,309.915,-0.28040000000000004,36.78,35.58041000366211,4.98,0.0,0
46907,280.01,36.768,-8.1,0.0,453.91700000000003,0.0,0.0,-0.2,5.737,0,10.0,0.865,309.915,1.1712,36.33,35.58041000366211,4.98,0.0,0
46907,279.669,36.689,-8.1,0.0,454.098,0.0,0.0,-0.2,5.737,0,11.0,0.845,309.915,3.1507,35.79,35.58041000366211,4.98,0.0,0
46907,280.01,36.602000000000004,-8.6,0.0,454.098,0.0,0.0,0.0,5.737,0,12.0,0.875,309.825,0.6763,35.76,35.58041000366211,4.98,0.0,0
46907,280.181,36.523,-8.1,0.0,453.91700000000003,0.0,0.0,0.2,5.737,0,10.0,0.845,309.825,-1.7155,35.85,35.58041000366211,4.98,0.0,0
46907,280.522,36.445,-8.1,0.0,454.64300000000003,0.0,0.0,0.0,5.737,0,10.0,0.875,309.825,1.2042000000000002,35.67,35.58041000366211,4.98,0.0,0
46907,280.522,36.367000000000004,-7.6000000000000005,0.0,454.522,0.0,0.0,0.2,5.737,0,11.0,0.865,309.915,0.5279,35.07,35.58041000366211,4.98,0.0,0
46907,280.522,36.289,-7.6000000000000005,0.0,454.159,0.0,0.0,0.0,5.737,0,9.0,0.85,309.825,0.0,34.53,35.58041000366211,4.98,0.0,0
46907,280.863,36.211,-8.1,0.0,454.401,0.0,0.0,0.0,5.737,0,11.0,0.845,309.825,-3.9919000000000002,34.32,35.58041000366211,4.98,0.0,0
46907,281.034,36.133,-8.1,0.0,454.159,0.0,0.0,0.0,5.737,0,11.0,0.88,309.915,-2.5733,33.84,35.58041000366211,4.98,0.0,0
46907,280.863,36.045,-8.1,0.0,454.401,0.0,0.0,0.2,5.737,0,10.0,0.85,309.825,4.1569,33.96,35.58041000366211,4.98,0.0,0
46907,281.375,35.967,-7.6000000000000005,0.0,454.461,0.0,0.0,0.0,5.737,0,11.0,0.88,309.825,1.4516,34.26,35.58041000366211,4.98,0.0,0
46907,281.886,35.889,-7.1000000000000005,0.0,454.461,0.0,0.0,0.0,5.737,0,10.0,0.8250000000000001,309.825,-4.6848,35.34,35.58041000366211,4.98,0.0,0
46907,281.716,35.811,-8.1,0.0,454.461,0.0,0.0,0.2,5.737,0,10.0,0.875,309.825,0.066,36.51,35.58041000366211,4.98,0.0,0
46907,282.22700000000003,35.732,-7.6000000000000005,0.0,454.219,0.0,0.0,0.0,5.737,0,11.0,0.9550000000000001,309.825,2.5898000000000003,36.78,35.58041000366211,4.98,0.0,0
46907,282.057,35.654,-7.6000000000000005,0.0,454.038,0.0,0.0,0.0,5.732,0,10.0,0.8250000000000001,309.915,0.9073,36.54,35.58041000366211,4.98,0.0,0
46907,282.22700000000003,35.566,-8.1,0.0,454.34000000000003,0.0,0.0,0.0,5.737,0,10.0,0.8250000000000001,309.915,1.5671000000000002,36.12,35.58041000366211,4.98,0.0,0
46907,282.398,35.488,-8.1,0.0,454.70300000000003,0.0,0.0,0.0,5.737,0,11.0,0.915,309.915,1.5671000000000002,36.39,35.58041000366211,4.98,0.0,0
46907,282.398,35.410000000000004,-8.6,0.0,454.582,0.0,0.0,0.0,5.732,0,9.0,0.895,309.915,1.3196,35.88,35.58041000366211,4.98,0.0,0
46907,282.909,35.4,-7.6000000000000005,0.0,454.461,0.0,0.0,0.0,5.737,0,9.0,0.84,309.915,1.5836000000000001,35.76,35.58041000366211,4.98,0.0,0
46907,283.08,35.322,-7.1000000000000005,0.0,454.34000000000003,0.0,0.0,0.0,5.732,0,12.0,0.78,309.915,-2.6393,35.46,35.58041000366211,4.98,0.0,0
46907,283.25,35.244,-7.6000000000000005,0.0,454.159,0.0,0.0,0.2,5.737,0,9.0,0.865,309.825,-2.7713,34.68,35.58041000366211,4.98,0.0,0
46907,283.421,35.166000000000004,-8.1,0.0,454.28000000000003,0.0,0.0,0.0,5.732,0,10.0,0.79,309.915,2.9032,33.09,35.58041000366211,4.98,0.0,0
46907,283.762,35.088,-7.6000000000000005,0.0,454.219,0.0,0.0,0.0,5.737,0,11.0,0.885,309.825,-1.3196,33.18,35.58041000366211,4.98,0.0,0
46907,283.592,35.010000000000005,-7.6000000000000005,0.0,454.159,0.0,0.0,0.0,5.732,0,9.0,0.885,309.915,0.46190000000000003,33.69,35.58041000366211,4.98,0.0,0
46907,283.933,34.932,-8.6,0.0,454.038,0.0,0.0,-0.2,5.732,0,11.0,0.895,309.825,-0.7918000000000001,34.68,35.58041000366211,4.98,0.0,0
46907,284.274,34.844,-8.6,0.0,454.038,0.0,0.0,0.0,5.732,0,12.0,0.895,309.915,0.46190000000000003,36.45,35.58041000366211,4.98,0.0,0
46907,283.933,34.766,-8.6,0.0,454.038,0.0,0.0,0.0,5.732,0,9.0,0.885,309.825,1.3196,37.14,35.58041000366211,4.98,0.0,0
46907,284.615,34.688,-7.6000000000000005,0.0,453.91700000000003,0.0,0.0,0.0,5.732,0,10.0,0.935,309.915,-1.1217000000000001,36.93,35.58041000366211,4.98,0.0,0
46907,284.956,34.609,-7.6000000000000005,0.0,454.219,0.0,0.0,0.0,5.732,0,10.0,0.895,309.825,-2.3754,35.19,35.58041000366211,4.98,0.0,0
46907,284.956,34.531,-8.1,0.0,454.159,0.0,0.0,0.0,5.732,0,10.0,0.88,309.825,0.5279,34.86,35.58041000366211,4.98,0.0,0
46907,285.467,34.453,-7.6000000000000005,0.0,453.978,0.0,0.0,0.0,5.732,0,11.0,0.875,309.825,-2.1114,34.56,35.58041000366211,4.98,0.0,0
46907,284.956,34.443000000000005,-7.6000000000000005,0.0,453.978,0.0,0.0,0.0,5.732,0,11.0,0.86,309.915,-1.5836000000000001,34.53,35.58041000366211,4.98,0.0,0
46907,285.808,34.365,-8.1,0.0,453.675,0.0,0.0,0.2,5.732,0,9.0,0.885,309.915,0.5114000000000001,35.160000000000004,35.58041000366211,4.98,0.0,0
46907,285.63800000000003,34.277,-7.6000000000000005,0.0,454.219,0.0,0.0,0.0,5.732,0,11.0,0.875,309.915,0.5114000000000001,35.52,35.58041000366211,4.98,0.0,0
46907,285.979,34.199000000000005,-8.1,0.0,454.159,0.0,0.0,0.0,5.732,0,11.0,0.86,309.915,1.3032000000000001,35.7,35.58041000366211,4.98,0.0,0
46907,286.32,34.121,-7.6000000000000005,0.0,454.219,0.0,0.0,0.0,5.732,0,10.0,0.895,309.825,-2.4908,34.53,35.58041000366211,4.98,0.0,0
46907,286.32,34.043,-8.6,0.0,454.401,0.0,0.0,0.0,5.732,0,10.0,0.9,309.915,-0.6763,33.36,35.58041000366211,4.98,0.0,0
46907,286.832,33.965,-8.1,0.0,454.401,0.0,0.0,-0.2,5.732,0,12.0,0.91,309.915,1.0557,32.82,35.58041000366211,4.98,0.0,0
46907,286.832,33.887,-7.6000000000000005,0.0,454.34000000000003,0.0,0.0,0.2,5.732,0,9.0,0.875,309.825,-1.0557,33.72,35.58041000366211,4.98,0.0,0
46907,287.002,33.809000000000005,-8.1,0.0,454.038,0.0,0.0,-0.2,5.732,0,10.0,0.89,309.825,-3.2826,34.65,35.58041000366211,4.98,0.0,0
46907,287.514,33.730000000000004,-8.6,0.0,454.159,0.0,0.0,0.2,5.732,0,11.0,0.885,309.825,-0.2639,35.910000000000004,35.58041000366211,4.98,0.0,0
46907,287.684,33.643,-7.6000000000000005,0.0,454.098,0.0,0.0,0.0,5.732,0,11.0,0.91,309.915,0.6433,35.94,35.58041000366211,4.98,0.0,0
46907,287.855,33.564,-8.6,0.0,454.159,0.0,0.0,0.0,5.732,0,10.0,0.865,309.915,2.6228000000000002,35.64,35.58041000366211,4.98,0.0,0
46907,288.366,33.486000000000004,-8.6,0.0,454.038,0.0,0.0,0.0,5.732,0,11.0,0.87,309.825,0.39590000000000003,35.04,35.58041000366211,4.98,0.0,0
46907,288.366,33.477000000000004,-8.1,0.0,454.038,0.0,0.0,0.0,5.732,0,11.0,0.885,309.825,0.0,35.01,35.58041000366211,4.98,0.0,0
46907,288.707,33.398,-7.6000000000000005,0.0,454.038,0.0,0.0,-0.2,5.732,0,9.0,0.89,309.825,-3.9589000000000003,34.83,35.58041000366211,4.98,0.0,0
46907,289.219,33.32,-7.6000000000000005,0.0,453.978,0.0,0.0,-0.2,5.732,0,12.0,0.88,310.005,0.9897,34.5,35.58041000366211,4.98,0.0,0
46907,289.731,33.242000000000004,-7.6000000000000005,0.0,454.098,0.0,0.0,0.0,5.732,0,11.0,0.88,309.915,3.4311000000000003,34.32,35.58041000366211,4.98,0.0,0
46907,289.731,33.164,-8.1,0.0,453.978,0.0,0.0,0.0,5.732,0,9.0,0.895,309.69,-0.4289,33.96,35.58041000366211,4.98,0.0,0
46907,290.072,33.076,-8.1,0.0,454.401,0.0,0.0,0.0,5.732,0,11.0,0.875,309.915,-3.563,34.62,35.58041000366211,4.98,0.0,0
46907,290.413,32.998000000000005,-8.1,0.0,454.34000000000003,0.0,0.0,0.0,5.732,0,12.0,0.895,309.825,-0.7258,33.81,35.58041000366211,4.98,0.0,0
46907,290.754,32.92,-7.6000000000000005,0.0,454.461,0.0,0.0,0.0,5.732,0,9.0,0.885,309.825,3.2991,33.87,35.58041000366211,4.98,0.0,0
46907,290.754,32.842,-8.1,0.0,454.522,0.0,0.0,0.2,5.732,0,10.0,0.88,309.915,2.6393,33.87,35.58041000366211,4.98,0.0,0
46907,291.265,32.764,-7.6000000000000005,0.0,454.28000000000003,0.0,0.0,0.0,5.732,0,11.0,0.855,309.825,-0.5279,35.04,35.58041000366211,4.98,0.0,0
46907,291.777,32.686,-7.1000000000000005,0.0,454.401,0.0,0.0,0.0,5.732,0,10.0,0.875,309.825,-3.1672000000000002,35.550000000000004,35.58041000366211,4.98,0.0,0
46907,291.948,32.607,-7.1000000000000005,0.0,454.038,0.0,0.0,0.0,5.732,0,11.0,0.88,310.005,3.1672000000000002,35.97,35.58041000366211,4.98,0.0,0
46907,292.459,32.529,-7.1000000000000005,0.0,454.159,0.0,0.0,0.0,5.732,0,11.0,0.875,310.005,3.0352,36.300000000000004,35.58041000366211,4.98,0.0,0
46907,292.63,32.441,-7.6000000000000005,0.0,454.098,0.0,0.0,0.0,5.732,0,10.0,0.89,309.825,0.0,35.07,35.58041000366211,4.98,0.0,0
46907,293.141,32.363,-8.1,0.0,454.34000000000003,0.0,0.0,-0.2,5.732,0,10.0,0.86,309.825,-0.39590000000000003,34.77,35.58041000366211,4.98,0.0,0
46907,293.482,32.285000000000004,-8.6,0.0,454.219,0.0,0.0,-0.2,5.732,0,11.0,0.9,309.825,-3.6950000000000003,34.29,35.58041000366211,4.98,0.0,0
46907,293.823,32.207,-7.6000000000000005,0.0,453.857,0.0,0.0,0.0,5.732,0,10.0,0.91,309.825,0.0,33.39,35.58041000366211,4.98,0.0,0
46907,294.164,32.129000000000005,-8.6,0.0,454.098,0.0,0.0,0.0,5.732,0,10.0,0.9,309.825,-1.3196,33.45,35.58041000366211,4.98,0.0,0
46907,294.505,32.051,-8.1,0.0,454.098,0.0,0.0,0.0,5.732,0,11.0,0.92,309.825,1.0557,33.9,35.58041000366211,4.98,0.0,0
46907,295.017,32.041000000000004,-7.6000000000000005,0.0,454.098,0.0,0.0,0.0,5.732,0,11.0,0.925,309.825,0.39590000000000003,33.9,35.58041000366211,4.98,0.0,0
46907,295.358,31.963,-8.1,0.0,454.34000000000003,0.0,0.0,0.0,5.732,0,10.0,0.9,309.915,-0.14850000000000002,34.26,35.58041000366211,4.98,0.0,0
46907,295.87,31.885,-8.6,0.0,454.401,0.0,0.0,0.0,5.732,0,11.0,0.9,309.825,-2.2434000000000003,34.800000000000004,35.58041000366211,4.98,0.0,0
46907,296.38100000000003,31.797,-7.6000000000000005,0.0,454.34000000000003,0.0,0.0,0.0,5.732,0,10.0,0.895,309.825,0.9238000000000001,35.13,35.58041000366211,4.98,0.0,0
46907,296.722,31.719,-8.6,0.0,454.219,0.0,0.0,0.0,5.732,0,10.0,0.895,309.825,-0.132,35.85,35.58041000366211,4.98,0.0,0
46907,297.575,31.641000000000002,-7.6000000000000005,0.0,454.28000000000003,0.0,0.0,0.0,5.732,0,11.0,0.895,309.825,0.0,36.81,35.58041000366211,4.98,0.0,0
46907,297.746,31.563000000000002,-8.1,0.0,454.038,0.0,0.0,0.0,5.732,0,10.0,0.885,309.915,0.3794,36.69,35.58041000366211,4.98,0.0,0
46907,298.428,31.484,-7.6000000000000005,0.0,454.038,0.0,0.0,0.0,5.732,0,10.0,0.865,309.915,-0.14850000000000002,35.97,35.58041000366211,4.98,0.0,0
46907,298.769,31.406000000000002,-8.6,0.0,454.401,0.0,0.0,0.0,5.732,0,11.0,0.93,309.825,-0.9238000000000001,35.31,35.58041000366211,4.98,0.0,0
46907,299.621,31.318,-8.1,0.0,454.401,0.0,0.0,0.0,5.732,0,10.0,0.935,309.915,-0.132,35.01,35.58041000366211,4.98,0.0,0
46907,300.133,31.240000000000002,-8.1,0.0,454.401,0.0,0.0,0.0,5.732,0,10.0,0.92,309.825,-0.9238000000000001,34.5,35.58041000366211,4.98,0.0,0
46907,300.645,31.162000000000003,-7.6000000000000005,0.0,454.401,0.0,0.0,0.0,5.732,0,11.0,0.92,309.915,-1.3361,34.62,35.58041000366211,4.98,0.0,0
46907,301.327,31.084000000000003,-8.1,0.0,454.522,0.0,0.0,0.0,5.732,0,10.0,0.9,309.825,0.6598,34.74,35.58041000366211,4.98,0.0,0
46907,302.35,31.006,-7.6000000000000005,0.0,454.34000000000003,0.0,0.0,0.0,5.732,0,12.0,0.92,309.69,0.1567,34.14,35.58041000366211,4.98,0.0,0
46907,303.032,30.928,-7.1000000000000005,0.0,454.098,0.0,0.0,0.0,5.732,0,9.0,0.885,309.825,-2.9692000000000003,33.75,35.58041000366211,4.98,0.0,0
46907,303.885,30.85,-6.6000000000000005,0.0,454.098,0.0,0.0,-0.2,5.732,0,11.0,0.9,309.825,-0.7918000000000001,33.660000000000004,35.58041000366211,4.98,0.0,0
46907,304.396,30.771,-8.1,0.0,454.038,0.0,0.0,0.0,5.732,0,9.0,0.865,309.915,4.8662,34.800000000000004,35.58041000366211,4.98,0.0,0
46907,305.59000000000003,30.684,-7.6000000000000005,0.0,454.038,0.0,0.0,0.0,5.732,0,11.0,0.9500000000000001,309.825,3.2331000000000003,35.85,35.58041000366211,4.98,0.0,0
46907,306.443,30.605,-8.6,0.0,454.34000000000003,0.0,0.0,0.0,5.732,0,10.0,0.9450000000000001,310.005,0.3794,36.42,35.58041000366211,4.98,0.0,0
46907,307.466,30.527,-8.1,0.0,454.038,0.0,0.0,0.2,5.732,0,11.0,0.92,309.915,-1.0557,36.18,35.58041000366211,4.98,0.0,0
46907,308.318,30.449,-8.6,0.0,454.219,0.0,0.0,0.0,5.732,0,11.0,0.925,309.825,-0.39590000000000003,35.22,35.58041000366211,4.98,0.0,0
46907,309.342,30.371000000000002,-8.1,0.0,454.401,0.0,0.0,0.0,5.732,0,10.0,0.915,309.825,-3.3321,34.77,35.58041000366211,4.98,0.0,0
46907,310.194,30.293000000000003,-8.1,0.0,454.64300000000003,0.0,0.0,0.2,5.732,0,9.0,0.93,309.915,0.3134,35.37,35.58041000366211,4.98,0.0,0
46907,311.558,30.215,-8.1,0.0,454.159,0.0,0.0,0.0,5.732,0,11.0,0.9400000000000001,309.915,5.3281,36.300000000000004,35.58041000366211,4.98,0.0,0
46907,312.752,30.127000000000002,-7.6000000000000005,0.0,454.159,0.0,0.0,0.0,5.732,0,10.0,0.915,309.915,1.4516,35.82,35.58041000366211,4.98,0.0,0
46907,314.116,30.049000000000003,-8.1,0.0,454.461,0.0,0.0,0.0,5.732,0,10.0,0.9500000000000001,309.915,-0.132,35.13,35.58041000366211,4.98,0.0,0
46907,314.969,29.971,-8.1,0.0,454.582,0.0,0.0,0.0,5.732,0,12.0,0.93,309.825,-1.699,34.35,35.58041000366211,4.98,0.0,0
46907,316.845,29.893,-8.1,0.0,454.34000000000003,0.0,0.0,0.0,5.732,0,9.0,0.915,309.915,-1.9795,33.39,35.58041000366211,4.98,0.0,0
46907,316.845,29.883000000000003,-8.6,0.0,454.34000000000003,0.0,0.0,0.0,5.732,0,10.0,0.93,309.915,-1.5836000000000001,33.27,35.58041000366211,4.98,0.0,0
46907,318.38,29.805,-7.6000000000000005,0.0,454.038,0.0,0.0,-0.2,5.732,0,12.0,0.935,309.825,0.5279,33.3,35.58041000366211,4.98,0.0,0
46907,319.914,29.727,-7.6000000000000005,0.0,454.038,0.0,0.0,0.0,5.732,0,10.0,0.935,309.825,1.0557,33.87,35.58041000366211,4.98,0.0,0
46907,321.279,29.648,-7.6000000000000005,0.0,454.219,0.0,0.0,0.0,5.732,0,10.0,0.925,309.825,-5.1466,35.37,35.58041000366211,4.98,0.0,0
46907,322.64300000000003,29.57,-8.1,0.0,454.461,0.0,0.0,-0.2,5.732,0,11.0,0.935,309.825,0.5279,36.57,35.58041000366211,4.98,0.0,0
46907,324.519,29.492,-8.1,0.0,454.401,0.0,0.0,0.2,5.732,0,10.0,0.91,309.915,5.6745,36.93,35.58041000366211,4.98,0.0,0
46907,326.395,29.404,-8.1,0.0,454.64300000000003,0.0,0.0,0.0,5.732,0,12.0,0.925,309.915,0.46190000000000003,36.33,35.58041000366211,4.98,0.0,0
46907,328.27,29.326,-7.6000000000000005,0.0,454.582,0.0,0.0,-0.2,5.732,0,11.0,0.925,309.825,-0.2639,35.46,35.58041000366211,4.98,0.0,0
46907,330.658,29.248,-7.6000000000000005,0.0,454.522,0.0,0.0,0.0,5.732,0,10.0,0.935,309.825,-3.1012,35.31,35.58041000366211,4.98,0.0,0
46907,332.704,29.17,-7.6000000000000005,0.0,454.64300000000003,0.0,0.0,0.0,5.732,0,12.0,0.9500000000000001,309.915,0.0,35.7,35.58041000366211,4.98,0.0,0
46907,334.75100000000003,29.092000000000002,-8.1,0.0,454.522,0.0,0.0,0.0,5.732,0,12.0,0.935,309.915,1.5176,35.97,35.58041000366211,4.98,0.0,0
46907,336.797,29.014000000000003,-7.6000000000000005,0.0,454.401,0.0,0.0,0.0,5.732,0,13.0,0.935,309.915,2.5073000000000003,35.7,35.58041000366211,4.98,0.0,0
46907,339.014,28.936,-7.1000000000000005,0.0,454.34000000000003,0.0,0.0,0.0,5.732,0,11.0,0.96,309.915,2.3754,34.800000000000004,35.58041000366211,4.98,0.0,0
46907,341.572,28.848000000000003,-8.1,0.0,454.522,0.0,0.0,-0.2,5.732,0,13.0,0.935,309.915,-1.5836000000000001,34.08,35.58041000366211,4.98,0.0,0
46907,344.3,28.770000000000003,-8.1,0.0,454.70300000000003,0.0,0.0,0.0,5.732,0,11.0,0.9450000000000001,310.005,0.46190000000000003,33.69,35.58041000366211,4.98,0.0,0
46907,347.029,28.691000000000003,-8.1,0.0,454.582,0.0,0.0,-0.2,5.732,0,10.0,0.935,309.915,0.5279,34.26,35.58041000366211,4.98,0.0,0
46907,349.587,28.613000000000003,-9.1,0.0,454.64300000000003,0.0,0.0,0.0,5.732,0,13.0,0.9450000000000001,309.915,-1.0557,35.76,35.58041000366211,4.98,0.0,0
46907,352.145,28.535,-8.1,0.0,454.582,0.0,0.0,0.0,5.732,0,14.0,0.9400000000000001,309.69,-6.7302,36.480000000000004,35.58041000366211,4.98,0.0,0
46907,355.896,28.457,-8.1,0.0,454.401,0.0,0.0,0.0,5.732,0,13.0,0.96,309.915,0.7918000000000001,37.02,35.58041000366211,4.98,0.0,0
46907,358.625,28.379,-7.6000000000000005,0.0,454.522,0.0,0.0,0.0,5.732,0,13.0,0.935,309.915,3.0352,36.51,35.58041000366211,4.98,0.0,0
46907,361.694,28.301000000000002,-8.1,0.0,454.64300000000003,0.0,0.0,0.0,5.732,0,10.0,0.93,309.825,-0.099,35.4,35.58041000366211,4.98,0.0,0
46907,364.764,28.223000000000003,-8.1,0.0,454.824,0.0,0.0,0.0,5.732,0,13.0,0.9450000000000001,309.915,-0.7918000000000001,35.37,35.58041000366211,4.98,0.0,0
46907,368.516,28.135,-8.1,0.0,454.219,0.0,0.0,0.0,5.732,0,12.0,0.9500000000000001,309.915,0.0,35.46,35.58041000366211,4.98,0.0,0
46907,372.097,28.057000000000002,-8.1,0.0,454.582,0.0,0.0,0.0,5.732,0,12.0,0.975,309.825,-1.8475000000000001,36.0,35.58041000366211,4.98,0.0,0
46907,375.678,27.979000000000003,-8.1,0.0,454.884,0.0,0.0,-0.2,5.732,0,11.0,0.9500000000000001,309.825,-4.6848,35.88,35.58041000366211,4.98,0.0,0
46907,379.088,27.900000000000002,-7.1000000000000005,0.0,454.884,0.0,0.0,0.2,5.732,0,12.0,0.9500000000000001,309.915,1.3196,35.28,35.58041000366211,4.98,0.0,0
46907,383.011,27.822000000000003,-7.6000000000000005,0.0,454.824,0.0,0.0,0.0,5.732,0,12.0,0.9550000000000001,309.915,3.1012,34.68,35.58041000366211,4.98,0.0,0
46907,386.762,27.744,-8.1,0.0,454.582,0.0,0.0,0.0,5.732,0,12.0,0.96,309.915,2.1114,33.9,35.58041000366211,4.98,0.0,0
46907,386.592,27.734,-8.1,0.0,454.582,0.0,0.0,0.0,5.732,0,12.0,1.02,309.825,1.3196,33.75,35.58041000366211,4.98,0.0,0
46907,390.855,27.656000000000002,-7.6000000000000005,0.0,454.824,0.0,0.0,0.0,5.732,0,12.0,1.01,309.915,-0.6598,33.81,35.58041000366211,4.98,0.0,0
46907,394.777,27.578000000000003,-8.1,0.0,454.401,0.0,0.0,0.0,5.732,0,11.0,0.985,309.915,-0.2639,35.46,35.58041000366211,4.98,0.0,0
46907,399.04,27.5,-8.6,0.0,454.582,0.0,0.0,0.0,5.732,0,12.0,0.9550000000000001,309.915,2.3754,36.660000000000004,35.58041000366211,4.98,0.0,0
46907,402.963,27.422,-8.1,0.0,454.764,0.0,0.0,0.0,5.732,0,11.0,0.965,309.915,-2.2434000000000003,37.29,35.58041000366211,4.98,0.0,0
46907,407.226,27.334,-8.6,0.0,454.70300000000003,0.0,0.0,0.0,5.732,0,12.0,0.99,309.915,0.1155,36.75,35.58041000366211,4.98,0.0,0
46907,412.342,27.256,-8.1,0.0,454.764,0.0,0.0,0.0,5.732,0,13.0,0.965,309.825,0.41240000000000004,36.06,35.58041000366211,4.98,0.0,0
46907,416.605,27.178,-7.6000000000000005,0.0,454.884,0.0,0.0,-0.2,5.732,0,12.0,0.9400000000000001,309.915,-1.864,35.37,35.58041000366211,4.98,0.0,0
46907,420.868,27.1,-8.1,0.0,455.06600000000003,0.0,0.0,0.2,5.732,0,13.0,0.975,309.825,-1.4351,34.56,35.58041000366211,4.98,0.0,0
46907,425.64300000000003,27.021,-8.1,0.0,454.884,0.0,0.0,0.2,5.732,0,12.0,0.9550000000000001,309.915,3.563,34.65,35.58041000366211,4.98,0.0,0
46907,426.325,27.012,-8.1,0.0,454.764,0.0,0.0,0.0,5.732,0,12.0,0.9500000000000001,309.915,3.9589000000000003,34.68,35.58041000366211,4.98,0.0,0
46907,431.271,26.934,-8.1,0.0,454.764,0.0,0.0,0.0,5.732,0,14.0,0.965,309.825,1.6496000000000002,34.59,35.58041000366211,4.98,0.0,0
46907,436.387,26.855,-7.6000000000000005,0.0,454.824,0.0,0.0,0.0,5.732,0,13.0,0.975,309.69,-5.6745,34.08,35.58041000366211,4.98,0.0,0
46907,441.161,26.777,-8.6,0.0,455.06600000000003,0.0,0.0,0.0,5.732,0,16.0,0.99,309.825,-2.3094,33.54,35.58041000366211,4.98,0.0,0
46907,445.595,26.699,-7.6000000000000005,0.0,455.12600000000003,0.0,0.0,0.0,5.732,0,12.0,1.01,310.005,6.4663,33.69,35.58041000366211,4.98,0.0,0
46907,450.541,26.621000000000002,-8.1,0.0,454.884,0.0,0.0,0.0,5.732,0,10.0,0.995,309.915,5.641500000000001,33.54,35.58041000366211,4.98,0.0,0
46907,455.486,26.533,-8.1,0.0,454.945,0.0,0.0,0.2,5.732,0,12.0,0.975,309.915,1.5836000000000001,34.980000000000004,35.58041000366211,4.98,0.0,0
46907,460.09000000000003,26.455000000000002,-7.6000000000000005,0.0,455.12600000000003,0.0,0.0,0.0,5.732,0,15.0,1.0050000000000001,309.915,1.1217000000000001,35.31,35.58041000366211,4.98,0.0,0
46907,465.547,26.377000000000002,-7.1000000000000005,0.0,455.12600000000003,0.0,0.0,0.0,5.732,0,14.0,0.995,309.825,-1.5836000000000001,36.84,35.58041000366211,4.98,0.0,0
46907,470.493,26.299,-7.6000000000000005,0.0,455.369,0.0,0.0,0.0,5.732,0,14.0,0.995,309.825,-2.5733,37.2,35.58041000366211,4.98,0.0,0
46907,473.903,26.23,-3.5,0.0,455.248,0.0,0.0,0.0,5.732,0,15.0,0.98,310.005,1.8475000000000001,36.81,35.58041000366211,4.98,0.0,0
46907,445.93600000000004,26.357000000000003,27.400000000000002,1.0,455.12600000000003,0.0,0.0,0.2,5.732,0,6.0,0.99,309.915,2.0455,35.82,35.58041000366211,4.98,0.0,0
46907,395.459,26.787000000000003,56.400000000000006,2.0,455.43,0.0,0.0,0.0,5.732,0,-15.0,0.985,309.915,-0.2639,34.62,35.58041000366211,4.98,0.0,0
46907,322.472,27.471,76.8,2.0,455.49,0.0,0.0,0.0,5.732,0,-52.0,0.975,309.915,-0.9897,34.17,35.58041000366211,4.98,0.0,0
46907,240.106,28.301000000000002,81.9,0.0,455.671,0.0,0.0,0.0,5.732,0,-41.0,1.025,309.915,0.0,33.9,35.58041000366211,4.98,0.0,0
46907,174.793,28.975,54.900000000000006,0.0,455.671,0.0,0.0,0.2,5.732,0,-33.0,0.98,309.825,0.5938,34.44,35.58041000366211,4.98,0.0,0
46907,170.189,29.023,51.300000000000004,0.0,455.671,0.0,0.0,0.0,5.732,0,-32.0,0.9450000000000001,309.825,0.14850000000000002,34.47,35.58041000366211,4.98,0.0,0
46907,133.525,29.434,31.5,0.0,455.974,0.0,0.0,0.0,5.732,0,-18.0,0.965,309.915,0.9238000000000001,34.56,35.58041000366211,4.98,0.0,0
46907,114.08500000000001,29.678,18.8,-1.0,456.034,0.0,0.0,0.2,5.732,0,-19.0,1.0,309.915,-0.5279,34.230000000000004,35.58041000366211,4.98,0.0,0
46907,105.047,29.814,10.700000000000001,-1.0,455.611,0.0,0.0,0.0,5.732,0,-16.0,0.97,309.825,-0.7918000000000001,34.44,35.58041000366211,4.98,0.0,0
46907,100.95400000000001,29.902,5.5,0.0,455.12600000000003,0.0,0.0,0.0,5.732,0,-10.0,0.965,309.915,-2.7713,34.62,35.58041000366211,4.98,0.0,0
46907,99.249,29.951,5.1000000000000005,0.0,455.369,0.0,0.0,-0.2,5.732,0,-9.0,0.995,309.825,0.6763,34.62,35.58041000366211,4.98,0.0,0
46907,97.884,30.0,5.1000000000000005,0.0,455.43,0.0,0.0,-0.2,5.732,0,-5.0,1.0050000000000001,309.915,1.0392000000000001,36.12,35.58041000366211,4.98,0.0,0
46907,96.52,30.049000000000003,4.1000000000000005,0.0,455.43,0.0,0.0,0.0,5.732,0,-5.0,0.9400000000000001,309.915,-1.4516,36.24,35.58041000366211,4.98,0.0,0
46907,95.497,30.088,4.1000000000000005,0.0,455.005,0.0,0.0,0.2,5.732,0,-5.0,1.0,309.915,1.0557,36.69,35.58041000366211,4.98,0.0,0
46907,94.985,30.117,3.0,0.0,454.884,0.0,0.0,0.2,5.732,0,-7.0,1.0,309.825,-2.6228000000000002,35.58,35.58041000366211,4.98,0.0,0
46907,94.985,30.146,2.0,0.0,455.12600000000003,0.0,0.0,0.0,5.732,0,-6.0,0.985,309.915,0.5114000000000001,35.28,35.58041000366211,4.98,0.0,0
46907,94.815,30.166,2.5,0.0,455.005,0.0,0.0,0.0,5.732,0,-9.0,1.0050000000000001,309.825,1.0722,34.53,35.58041000366211,4.98,0.0,0
46907,94.644,30.186,1.5,0.0,455.12600000000003,0.0,0.0,0.0,5.732,0,-4.0,1.02,309.825,-3.629,34.53,35.58041000366211,4.98,0.0,0
46907,94.815,30.195,1.0,0.0,454.884,0.0,0.0,0.0,5.732,0,-5.0,1.03,309.69,-5.1054,33.72,35.58041000366211,4.98,0.0,0
46907,95.156,30.215,1.0,0.0,454.764,0.0,0.0,0.2,5.732,0,-4.0,1.0150000000000001,309.915,1.5176,32.94,35.58041000366211,4.98,0.0,0
46907,95.497,30.225,1.0,0.0,455.06600000000003,0.0,0.0,-0.2,5.732,0,-3.0,0.96,309.915,5.658,33.21,35.58041000366211,4.98,0.0,0
46907,96.35000000000001,30.234,1.0,0.0,454.884,0.0,0.0,0.2,5.732,0,-6.0,1.025,309.825,4.6848,33.96,35.58041000366211,4.98,0.0,0
46907,96.35000000000001,30.244,0.5,0.0,454.945,0.0,0.0,0.0,5.732,0,-6.0,0.98,309.69,-0.48660000000000003,34.95,35.58041000366211,4.98,0.0,0
46907,97.032,30.244,0.0,0.0,454.884,0.0,0.0,0.0,5.732,0,-4.0,1.055,309.915,-1.6496000000000002,35.94,35.58041000366211,4.98,0.0,0
46907,97.202,30.244,1.0,0.0,454.884,0.0,0.0,0.0,5.732,0,-6.0,1.035,309.915,-1.1877,36.0,35.58041000366211,4.98,0.0,0
46907,97.373,30.254,0.5,0.0,454.582,0.0,0.0,0.2,5.732,0,-4.0,0.975,309.915,-0.3299,36.0,35.58041000366211,4.98,0.0,0
46907,97.884,30.264000000000003,0.5,0.0,454.522,0.0,0.0,0.0,5.732,0,-5.0,0.98,309.825,2.7713,35.58,35.58041000366211,4.98,0.0,0
46907,98.396,30.264000000000003,0.5,0.0,454.461,0.0,0.0,0.2,5.732,0,-6.0,0.96,309.915,-0.5279,35.34,35.58041000366211,4.98,0.0,0
46907,98.566,30.273,0.5,0.0,454.34000000000003,0.0,0.0,0.0,5.732,0,-4.0,1.01,309.915,-0.5279,35.1,35.58041000366211,4.98,0.0,0
46907,98.73700000000001,30.273,0.0,0.0,454.764,0.0,0.0,0.0,5.732,0,-6.0,1.01,309.69,-1.4846000000000001,35.04,35.58041000366211,4.98,0.0,0
46907,99.249,30.283,0.5,0.0,454.764,0.0,0.0,0.2,5.732,0,-5.0,1.0,309.825,-2.5073000000000003,34.95,35.58041000366211,4.98,0.0,0
46907,99.59,30.283,0.5,0.0,454.824,0.0,0.0,0.0,5.732,0,-4.0,0.97,309.69,-1.6826,34.32,35.58041000366211,4.98,0.0,0
46907,99.931,30.283,0.5,0.0,454.70300000000003,0.0,0.0,0.0,5.732,0,-5.0,1.02,309.915,3.4311000000000003,33.36,35.58041000366211,4.98,0.0,0
46907,100.101,30.293000000000003,0.0,0.0,454.461,0.0,0.0,0.0,5.732,0,-5.0,0.985,309.915,4.9487000000000005,32.64,35.58041000366211,4.98,0.0,0
46907,100.44200000000001,30.293000000000003,0.5,0.0,454.401,0.0,0.0,0.2,5.732,0,-3.0,0.99,309.915,3.2991,32.37,35.58041000366211,4.98,0.0,0
46907,100.613,30.303,1.0,0.0,454.461,0.0,0.0,-0.2,5.732,0,-5.0,1.01,309.69,-3.5301,33.99,35.58041000366211,4.98,0.0,0
46907,100.613,30.303,0.0,0.0,454.582,0.0,0.0,-0.2,5.732,0,-4.0,0.985,309.825,-3.563,34.5,35.58041000366211,4.98,0.0,0
46907,100.95400000000001,30.313000000000002,0.5,0.0,454.582,0.0,0.0,0.0,5.732,0,-3.0,1.01,309.825,-0.19790000000000002,35.19,35.58041000366211,4.98,0.0,0
46907,100.44200000000001,30.313000000000002,1.0,0.0,454.461,0.0,0.0,-0.2,5.732,0,-5.0,0.995,309.825,2.5073000000000003,34.59,35.58041000366211,4.98,0.0,0
46907,101.124,30.322000000000003,0.5,0.0,454.70300000000003,0.0,0.0,0.0,5.732,0,-5.0,0.985,309.825,1.0557,34.44,35.58041000366211,4.98,0.0,0
46907,101.124,30.322000000000003,0.5,0.0,454.70300000000003,0.0,0.0,0.0,5.732,0,-3.0,1.0050000000000001,309.825,1.3196,34.56,35.58041000366211,4.98,0.0,0
46907,100.783,30.332,0.5,0.0,454.582,0.0,0.0,0.2,5.732,0,-5.0,1.01,309.915,-1.6496000000000002,34.32,35.58041000366211,4.98,0.0,0
46907,101.295,30.332,0.5,0.0,454.34000000000003,0.0,0.0,0.2,5.732,0,-5.0,1.025,309.915,1.3196,34.53,35.58041000366211,4.98,0.0,0
46907,101.124,30.342000000000002,0.5,0.0,454.28000000000003,0.0,0.0,0.0,5.732,0,-4.0,0.98,309.825,1.5836000000000001,34.68,35.58041000366211,4.98,0.0,0
46907,100.95400000000001,30.342000000000002,0.5,0.0,454.34000000000003,0.0,0.0,0.0,5.732,0,-4.0,1.0050000000000001,309.915,-0.5279,34.83,35.58041000366211,4.98,0.0,0
46907,100.95400000000001,30.352,0.5,0.0,454.34000000000003,0.0,0.0,0.0,5.732,0,-6.0,0.995,309.69,-0.3629,33.72,35.58041000366211,4.98,0.0,0
46907,101.295,30.352,0.5,0.0,454.34000000000003,0.0,0.0,0.2,5.732,0,-6.0,1.02,309.69,-1.0805,33.54,35.58041000366211,4.98,0.0,0
46907,101.124,30.352,0.5,0.0,454.34000000000003,0.0,0.0,0.0,5.732,0,-4.0,0.995,309.915,1.2372,32.79,35.58041000366211,4.98,0.0,0
46907,100.783,30.361,0.5,0.0,454.34000000000003,0.0,0.0,0.0,5.732,0,-4.0,1.0050000000000001,309.915,0.19790000000000002,32.01,35.58041000366211,4.98,0.0,0
46907,100.613,30.361,0.0,0.0,454.764,0.0,0.0,0.0,5.732,0,-6.0,0.98,309.825,0.0412,32.55,35.58041000366211,4.98,0.0,0
46907,100.613,30.361,0.0,0.0,454.70300000000003,0.0,0.0,0.0,5.732,0,-4.0,0.985,309.825,-1.4351,33.27,35.58041000366211,4.98,0.0,0
46907,100.613,30.371000000000002,0.0,0.0,454.582,0.0,0.0,0.0,5.732,0,-5.0,0.995,309.825,0.41240000000000004,35.07,35.58041000366211,4.98,0.0,0
46907,100.95400000000001,30.371000000000002,0.5,0.0,454.401,0.0,0.0,0.0,5.732,0,-6.0,0.985,309.915,2.0949,35.97,35.58041000366211,4.98,0.0,0
46907,100.783,30.381,0.0,0.0,454.219,0.0,0.0,0.0,5.732,0,-4.0,1.0,309.825,1.5836000000000001,36.33,35.58041000366211,4.98,0.0,0
46907,100.613,30.381,1.0,0.0,454.28000000000003,0.0,0.0,0.0,5.732,0,-4.0,1.0,309.825,-1.963,35.76,35.58041000366211,4.98,0.0,0
46907,100.95400000000001,30.381,0.5,0.0,454.461,0.0,0.0,0.0,5.732,0,-6.0,0.995,309.825,0.5444,34.71,35.58041000366211,4.98,0.0,0
46907,100.613,30.391000000000002,0.0,0.0,454.461,0.0,0.0,0.0,5.732,0,-4.0,1.0150000000000001,309.825,-0.2474,34.230000000000004,35.58041000366211,4.98,0.0,0
46907,100.613,30.391000000000002,0.0,0.0,454.28000000000003,0.0,0.0,0.0,5.732,0,-6.0,0.995,309.825,-0.6598,34.89,35.58041000366211,4.98,0.0,0
46907,100.44200000000001,30.391000000000002,0.0,0.0,454.401,0.0,0.0,0.2,5.732,0,-5.0,1.0150000000000001,310.005,2.7548,35.01,35.58041000366211,4.98,0.0,0
46907,100.783,30.400000000000002,0.0,0.0,454.219,0.0,0.0,0.0,5.732,0,-5.0,1.0150000000000001,309.915,0.9073,34.44,35.58041000366211,4.98,0.0,0
46907,100.44200000000001,30.400000000000002,0.0,0.0,454.34000000000003,0.0,0.0,-0.2,5.732,0,-6.0,0.995,309.825,0.5444,34.26,35.58041000366211,4.98,0.0,0
46907,100.44200000000001,30.400000000000002,0.5,0.0,454.582,0.0,0.0,0.0,5.732,0,-6.0,1.025,309.825,-1.9465000000000001,33.36,35.58041000366211,4.98,0.0,0
46907,100.613,30.41,0.5,0.0,454.582,0.0,0.0,0.0,5.732,0,-6.0,0.995,309.915,-0.14850000000000002,32.49,35.58041000366211,4.98,0.0,0
46907,100.44200000000001,30.41,0.5,0.0,454.70300000000003,0.0,0.0,0.0,5.732,0,-7.0,1.02,309.825,1.0557,32.82,35.58041000366211,4.98,0.0,0
46907,100.44200000000001,30.41,0.0,0.0,454.64300000000003,0.0,0.0,0.0,5.732,0,-5.0,0.99,309.825,-1.4516,34.68,35.58041000366211,4.98,0.0,0
46907,100.272,30.41,0.0,0.0,454.70300000000003,0.0,0.0,0.0,5.732,0,-5.0,0.99,309.69,-1.9382000000000001,36.09,35.58041000366211,4.98,0.0,0
46907,100.272,30.42,0.0,0.0,454.34000000000003,0.0,0.0,-0.2,5.732,0,-7.0,1.035,309.915,0.8578,36.54,35.58041000366211,4.98,0.0,0
46907,100.44200000000001,30.42,0.5,0.0,454.219,0.0,0.0,0.0,5.732,0,-7.0,1.02,309.825,2.8372,35.94,35.58041000366211,4.98,0.0,0
46907,100.272,30.42,0.5,0.0,454.219,0.0,0.0,-0.2,5.732,0,-7.0,0.99,309.825,2.3754,35.85,35.58041000366211,4.98,0.0,0
46907,100.44200000000001,30.42,0.0,0.0,454.098,0.0,0.0,-0.2,5.732,0,-7.0,1.01,309.915,3.8270000000000004,35.31,35.58041000366211,4.98,0.0,0
46907,100.272,30.42,0.5,0.0,454.401,0.0,0.0,0.0,5.732,0,-5.0,1.02,309.825,0.066,33.99,35.58041000366211,4.98,0.0,0
46907,100.101,30.42,0.5,0.0,454.159,0.0,0.0,0.0,5.732,0,-4.0,1.0050000000000001,309.825,-0.2639,34.02,35.58041000366211,4.98,0.0,0
46907,100.101,30.43,0.0,0.0,454.098,0.0,0.0,0.0,5.732,0,-8.0,0.97,309.825,-2.0455,34.47,35.58041000366211,4.98,0.0,0
46907,100.101,30.43,0.5,0.0,454.038,0.0,0.0,0.0,5.732,0,-6.0,0.97,309.825,-0.2639,34.53,35.58041000366211,4.98,0.0,0
46907,100.272,30.43,0.0,0.0,454.098,0.0,0.0,0.0,5.732,0,-5.0,1.02,309.915,0.46190000000000003,34.53,35.58041000366211,4.98,0.0,0
46907,100.44200000000001,30.43,1.0,0.0,454.401,0.0,0.0,0.0,5.732,0,-7.0,1.01,309.915,2.3754,34.47,35.58041000366211,4.98,0.0,0
46907,100.101,30.43,0.5,0.0,454.401,0.0,0.0,0.0,5.732,0,-6.0,1.0,309.825,0.0,33.45,35.58041000366211,4.98,0.0,0
46907,100.44200000000001,30.43,0.0,0.0,454.34000000000003,0.0,0.0,0.2,5.732,0,-4.0,0.975,309.825,-2.3754,33.480000000000004,35.58041000366211,4.98,0.0,0
46907,100.101,30.43,0.5,0.0,454.401,0.0,0.0,0.0,5.732,0,-6.0,0.985,309.69,-3.5301,33.84,35.58041000366211,4.98,0.0,0
46907,100.101,30.439,0.5,0.0,454.038,0.0,0.0,0.0,5.732,0,-7.0,1.0,309.915,0.6598,35.31,35.58041000366211,4.98,0.0,0
46907,100.101,30.439,0.0,0.0,454.219,0.0,0.0,-0.2,5.732,0,-5.0,0.96,310.005,4.3548,35.76,35.58041000366211,4.98,0.0,0
46907,100.272,30.439,0.0,0.0,454.219,0.0,0.0,0.0,5.732,0,-5.0,0.97,310.005,5.0477,35.88,35.58041000366211,4.98,0.0,0
46907,99.931,30.439,0.5,0.0,454.098,0.0,0.0,0.0,5.732,0,-7.0,1.0,309.825,0.7011000000000001,35.31,35.58041000366211,4.98,0.0,0
46907,100.272,30.439,0.0,0.0,454.28000000000003,0.0,0.0,0.0,5.732,0,-5.0,0.995,309.825,-3.5466,35.19,35.58041000366211,4.98,0.0,0
46907,100.101,30.439,0.0,0.0,454.28000000000003,0.0,0.0,0.0,5.732,0,-6.0,0.975,309.825,0.033,35.160000000000004,35.58041000366211,4.98,0.0,0
46907,100.272,30.439,0.5,0.0,454.28000000000003,0.0,0.0,0.0,5.732,0,-7.0,0.985,309.915,3.1507,35.01,35.58041000366211,4.98,0.0,0
46907,100.101,30.439,0.0,0.0,454.64300000000003,0.0,0.0,0.0,5.732,0,-8.0,0.995,309.915,0.1155,35.01,35.58041000366211,4.98,0.0,0
46907,100.101,30.439,0.0,0.0,454.461,0.0,0.0,0.2,5.732,0,-6.0,1.0050000000000001,309.825,-1.5671000000000002,34.68,35.58041000366211,4.98,0.0,0
46907,99.931,30.439,0.5,0.0,454.34000000000003,0.0,0.0,-0.2,5.732,0,-8.0,0.995,309.915,-2.7713,34.53,35.58041000366211,4.98,0.0,0
46907,99.931,30.439,0.5,0.0,454.098,0.0,0.0,-0.2,5.732,0,-6.0,0.98,309.915,2.0949,33.9,35.58041000366211,4.98,0.0,0
46907,100.101,30.449,-0.5,0.0,454.159,0.0,0.0,0.0,5.732,0,-5.0,0.985,309.825,0.39590000000000003,34.02,35.58041000366211,4.98,0.0,0
46907,100.272,30.449,0.0,0.0,454.401,0.0,0.0,0.0,5.732,0,-8.0,1.025,309.915,-0.6763,33.9,35.58041000366211,4.98,0.0,0
46907,100.272,30.449,0.5,0.0,454.64300000000003,0.0,0.0,-0.2,5.732,0,-8.0,0.99,309.915,1.5836000000000001,34.44,35.58041000366211,4.98,0.0,0
46907,99.931,30.449,1.0,0.0,454.461,0.0,0.0,0.0,5.732,0,-6.0,0.99,309.915,0.9073,34.71,35.58041000366211,4.98,0.0,0
46907,100.272,30.449,0.0,0.0,454.70300000000003,0.0,0.0,-0.2,5.732,0,-7.0,1.0,309.915,1.3196,35.25,35.58041000366211,4.98,0.0,0
46907,100.101,30.449,0.5,0.0,454.401,0.0,0.0,0.0,5.732,0,-6.0,1.025,309.915,-0.2639,36.09,35.58041000366211,4.98,0.0,0
46907,99.931,30.449,0.0,0.0,454.401,0.0,0.0,0.2,5.732,0,-6.0,0.97,309.915,-1.3196,36.660000000000004,35.58041000366211,4.98,0.0,0
46907,100.272,30.449,0.0,0.0,454.401,0.0,0.0,0.0,5.732,0,-8.0,0.97,309.915,-1.0557,36.69,35.58041000366211,4.98,0.0,0
46907,100.44200000000001,30.449,0.0,0.0,454.038,0.0,0.0,0.0,5.732,0,-7.0,1.0050000000000001,309.915,0.2639,36.63,35.58041000366211,4.98,0.0,0
46907,100.272,30.449,0.0,0.0,454.28000000000003,0.0,0.0,0.0,5.732,0,-6.0,0.995,309.825,-2.0455,36.03,35.58041000366211,4.98,0.0,0
46907,99.76,30.449,0.0,0.0,454.098,0.0,0.0,0.0,5.732,0,-7.0,0.995,309.69,-3.4311000000000003,35.160000000000004,35.58041000366211,4.98,0.0,0
46907,99.931,30.449,0.0,0.0,453.736,0.0,0.0,-0.2,5.732,0,-8.0,0.985,309.915,1.5836000000000001,34.02,35.58041000366211,4.98,0.0,0
46907,100.272,30.449,0.0,0.0,453.978,0.0,0.0,0.2,5.732,0,-6.0,0.98,310.005,4.0909,33.57,35.58041000366211,4.98,0.0,0
46907,99.76,30.449,0.0,0.0,454.098,0.0,0.0,0.0,5.732,0,-9.0,0.99,309.825,2.0125,33.81,35.58041000366211,4.98,0.0,0
46907,99.931,30.449,0.0,0.0,454.582,0.0,0.0,-0.2,5.732,0,-8.0,1.0,309.915,-1.3196,34.26,35.58041000366211,4.98,0.0,0
46907,100.101,30.449,0.0,0.0,454.522,0.0,0.0,0.0,5.732,0,-6.0,0.99,309.915,-1.5176,34.83,35.58041000366211,4.98,0.0,0
46907,99.76,30.449,0.0,0.0,454.219,0.0,0.0,0.0,5.732,0,-8.0,1.03,309.915,-0.132,35.52,35.58041000366211,4.98,0.0,0
46907,99.931,30.449,0.0,0.0,454.219,0.0,0.0,0.0,5.732,0,-9.0,1.0150000000000001,309.825,-0.9897,36.15,35.58041000366211,4.98,0.0,0
46907,100.101,30.449,0.0,0.0,454.461,0.0,0.0,0.0,5.732,0,-6.0,0.98,309.825,1.3196,36.78,35.58041000366211,4.98,0.0,0
46907,100.101,30.449,0.0,0.0,454.401,0.0,0.0,0.0,5.732,0,-7.0,1.025,309.825,2.9692000000000003,36.87,35.58041000366211,4.98,0.0,0
46907,99.931,30.449,0.0,0.0,454.219,0.0,0.0,0.2,5.732,0,-6.0,0.99,309.825,0.0,36.78,35.58041000366211,4.98,0.0,0
46907,100.101,30.449,0.0,0.0,454.28000000000003,0.0,0.0,0.2,5.732,0,-6.0,1.025,309.915,0.9897,35.64,35.58041000366211,4.98,0.0,0
46907,99.931,30.449,0.0,0.0,454.461,0.0,0.0,0.0,5.732,0,-7.0,1.025,309.915,2.6393,36.12,35.58041000366211,4.98,0.0,0
46907,99.931,30.449,0.0,0.0,454.582,0.0,0.0,0.0,5.732,0,-7.0,0.985,309.915,-1.6496000000000002,35.61,35.58041000366211,4.98,0.0,0
46907,99.931,30.449,0.0,0.0,454.34000000000003,0.0,0.0,0.2,5.732,0,-6.0,0.985,309.825,-1.8475000000000001,34.74,35.58041000366211,4.98,0.0,0
46907,99.931,30.449,-0.5,0.0,454.461,0.0,0.0,-0.2,5.732,0,-8.0,0.93,309.825,-2.8372,33.84,35.58041000366211,4.98,0.0,0
46907,99.931,30.449,0.5,0.0,454.461,0.0,0.0,0.2,5.732,0,-6.0,1.02,309.825,-2.5073000000000003,33.72,35.58041000366211,4.98,0.0,0
46907,100.101,30.449,0.0,0.0,454.401,0.0,0.0,0.0,5.732,0,-6.0,1.0050000000000001,309.825,1.5836000000000001,34.08,35.58041000366211,4.98,0.0,0
46907,100.101,30.449,0.0,0.0,454.219,0.0,0.0,-0.2,5.732,0,-8.0,1.0,309.69,-2.5073000000000003,34.800000000000004,35.58041000366211,4.98,0.0,0
46907,100.101,30.449,0.5,0.0,454.219,0.0,0.0,0.0,5.732,0,-8.0,1.0150000000000001,310.005,-1.6826,34.89,35.58041000366211,4.98,0.0,0
46907,99.931,30.449,0.0,0.0,454.401,0.0,0.0,0.0,5.732,0,-8.0,0.995,309.825,-0.066,35.88,35.58041000366211,4.98,0.0,0
46907,99.931,30.449,0.0,0.0,454.28000000000003,0.0,0.0,0.0,5.732,0,-6.0,1.0150000000000001,309.825,2.0455,36.09,35.58041000366211,4.98,0.0,0
46907,99.76,30.449,0.0,0.0,454.401,0.0,0.0,-0.2,5.732,0,-7.0,1.02,309.915,0.48660000000000003,36.78,35.58041000366211,4.98,0.0,0
46907,99.76,30.449,0.0,0.0,454.401,0.0,0.0,0.0,5.732,0,-7.0,1.0,309.825,0.132,35.910000000000004,35.58041000366211,4.98,0.0,0
46907,99.931,30.449,0.0,0.0,454.159,0.0,0.0,-0.2,5.732,0,-6.0,1.025,309.915,0.9238000000000001,35.67,35.58041000366211,4.98,0.0,0
46907,100.101,30.449,0.0,0.0,454.401,0.0,0.0,0.0,5.732,0,-7.0,0.995,309.915,0.132,35.58,35.58041000366211,4.98,0.0,0
46907,100.101,30.449,0.0,0.0,454.219,0.0,0.0,0.0,5.732,0,-8.0,1.0150000000000001,309.69,-3.7198,36.24,35.58041000366211,4.98,0.0,0
46907,100.101,30.449,0.5,0.0,454.098,0.0,0.0,-0.2,5.732,0,-6.0,0.99,309.69,-2.1362,35.7,35.58041000366211,4.98,0.0,0
46907,99.931,30.449,0.0,0.0,454.522,0.0,0.0,0.0,5.732,0,-7.0,1.0,309.915,-0.41240000000000004,34.89,35.58041000366211,4.98,0.0,0
46907,99.931,30.449,0.0,0.0,454.884,0.0,0.0,0.0,5.732,0,-8.0,1.025,309.825,1.0310000000000001,34.410000000000004,35.58041000366211,4.98,0.0,0
46907,99.76,30.449,0.0,0.0,454.764,0.0,0.0,0.0,5.732,0,-7.0,0.98,309.915,2.8372,33.54,35.58041000366211,4.98,0.0,0
46907,99.931,30.449,0.0,0.0,454.401,0.0,0.0,0.0,5.732,0,-8.0,0.99,309.69,-1.5423,33.42,35.58041000366211,4.98,0.0,0
46907,99.931,30.449,0.0,0.0,454.401,0.0,0.0,0.0,5.732,0,-9.0,1.0150000000000001,309.825,-2.0455,34.26,35.58041000366211,4.98,0.0,0
46907,99.931,30.449,0.0,0.0,454.461,0.0,0.0,0.0,5.732,0,-7.0,0.985,309.915,-0.3299,35.25,35.58041000366211,4.98,0.0,0
46907,99.931,30.449,0.0,0.0,454.401,0.0,0.0,0.0,5.732,0,-6.0,1.035,309.69,2.7960000000000003,36.57,35.58041000366211,4.98,0.0,0
46907,99.931,30.449,0.0,0.0,454.582,0.0,0.0,0.0,5.732,0,-8.0,1.0050000000000001,309.69,-0.8330000000000001,36.480000000000004,35.58041000366211,4.98,0.0,0
46907,99.76,30.449,0.0,0.0,454.401,0.0,0.0,0.0,5.732,0,-7.0,0.995,309.825,-1.9795,36.42,35.58041000366211,4.98,0.0,0
46907,99.76,30.449,0.0,0.0,454.582,0.0,0.0,0.2,5.732,0,-6.0,0.995,309.825,-0.3547,35.94,35.58041000366211,4.98,0.0,0
46907,100.101,30.449,0.0,0.0,454.582,0.0,0.0,0.0,5.732,0,-6.0,0.925,309.825,-0.8908,35.85,35.58041000366211,4.98,0.0,0
46907,99.931,30.449,0.0,0.0,454.34000000000003,0.0,0.0,0.0,5.732,0,-8.0,0.995,309.825,3.1672000000000002,35.85,35.58041000366211,4.98,0.0,0
46907,99.931,30.449,0.0,0.0,454.159,0.0,0.0,0.0,5.732,0,-6.0,1.01,309.825,2.3754,35.85,35.58041000366211,4.98,0.0,0
46907,99.931,30.449,0.0,0.0,454.582,0.0,0.0,0.0,5.732,0,-8.0,0.99,309.915,0.5279,35.79,35.58041000366211,4.98,0.0,0
46907,99.931,30.449,0.0,0.0,454.582,0.0,0.0,-0.2,5.732,0,-8.0,0.9500000000000001,309.915,1.5176,35.52,35.58041000366211,4.98,0.0,0
46907,100.44200000000001,30.449,0.0,0.0,454.401,0.0,0.0,0.0,5.732,0,-5.0,0.975,309.915,1.8475000000000001,35.04,35.58041000366211,4.98,0.0,0
46907,99.76,30.449,0.0,0.0,454.401,0.0,0.0,0.0,5.732,0,-7.0,0.99,309.825,-0.9897,34.17,35.58041000366211,4.98,0.0,0
46907,99.931,30.449,0.0,0.0,454.401,0.0,0.0,0.0,5.732,0,-9.0,0.995,309.825,-0.7093,34.17,35.58041000366211,4.98,0.0,0
46907,99.931,30.449,0.0,0.0,454.461,0.0,0.0,0.0,5.732,0,-8.0,0.99,309.915,0.066,33.87,35.58041000366211,4.98,0.0,0
46907,99.931,30.449,0.0,0.0,454.461,0.0,0.0,0.0,5.732,0,-6.0,1.03,309.915,3.1012,34.35,35.58041000366211,4.98,0.0,0
46907,99.931,30.449,0.0,0.0,454.401,0.0,0.0,0.0,5.732,0,-6.0,0.985,309.915,1.0392000000000001,35.76,35.58041000366211,4.98,0.0,0
46907,99.931,30.449,0.0,0.0,454.34000000000003,0.0,0.0,0.0,5.732,0,-8.0,1.035,309.69,-3.2084,36.78,35.58041000366211,4.98,0.0,0
46907,99.931,30.449,0.0,0.0,454.401,0.0,0.0,0.2,5.732,0,-6.0,1.01,309.915,-1.5176,36.78,35.58041000366211,4.98,0.0,0
46907,99.931,30.449,0.0,0.0,454.582,0.0,0.0,0.0,5.732,0,-7.0,0.97,309.825,1.5341,36.81,35.58041000366211,4.98,0.0,0
46907,99.931,30.449,0.0,0.0,454.582,0.0,0.0,0.0,5.732,0,-7.0,1.0150000000000001,309.825,5.0559,35.730000000000004,35.58041000366211,4.98,0.0,0
46907,99.931,30.449,0.0,0.0,454.582,0.0,0.0,0.0,5.732,0,-6.0,1.05,309.915,-1.8475000000000001,34.95,35.58041000366211,4.98,0.0,0
46907,99.931,30.449,0.0,0.0,454.461,0.0,0.0,0.0,5.732,0,-6.0,0.985,309.825,-1.4516,35.34,35.58041000366211,4.98,0.0,0
46907,99.76,30.449,0.0,0.0,454.461,0.0,0.0,0.0,5.732,0,-7.0,0.995,310.005,-0.0825,35.7,35.58041000366211,4.98,0.0,0
46907,99.931,30.449,0.0,0.0,454.461,0.0,0.0,0.0,5.732,0,-6.0,1.0,309.915,-0.7258,35.34,35.58041000366211,4.98,0.0,0
46907,99.931,30.449,0.0,0.0,454.461,0.0,0.0,0.0,5.732,0,-7.0,0.9500000000000001,309.825,0.8743000000000001,34.59,35.58041000366211,4.98,0.0,0
46907,99.931,30.449,0.0,0.0,454.401,0.0,0.0,-0.2,5.732,0,-8.0,0.98,309.825,-3.2661000000000002,34.62,35.58041000366211,4.98,0.0,0
46907,99.76,30.449,0.0,0.0,454.401,0.0,0.0,0.0,5.732,0,-7.0,0.995,309.825,-1.7155,34.17,35.58041000366211,4.98,0.0,0
46907,99.76,30.449,0.0,0.0,454.461,0.0,0.0,0.0,5.732,0,-6.0,1.025,309.915,1.699,33.69,35.58041000366211,4.98,0.0,0
46907,99.931,30.449,0.0,0.0,454.401,0.0,0.0,-0.2,5.732,0,-7.0,0.96,309.825,0.7918000000000001,34.230000000000004,35.58041000366211,4.98,0.0,0
46907,99.59,30.449,0.0,0.0,454.582,0.0,0.0,0.0,5.732,0,-8.0,0.975,309.825,2.2434000000000003,35.550000000000004,35.58041000366211,4.98,0.0,0
46907,99.931,30.449,0.5,0.0,454.764,0.0,0.0,0.0,5.732,0,-6.0,0.9400000000000001,309.825,-0.132,37.050000000000004,35.58041000366211,4.98,0.0,0
46907,99.59,30.449,0.5,0.0,454.884,0.0,0.0,0.2,5.732,0,-8.0,1.0050000000000001,309.825,-3.6950000000000003,36.96,35.58041000366211,4.98,0.0,0
46907,99.76,30.449,0.0,0.0,454.70300000000003,0.0,0.0,0.0,5.732,0,-7.0,1.025,309.825,1.2042000000000002,36.15,35.58041000366211,4.98,0.0,0
46907,99.931,30.449,0.0,0.0,454.34000000000003,0.0,0.0,0.0,5.732,0,-7.0,1.0150000000000001,309.825,1.9795,35.07,35.58041000366211,4.98,0.0,0
46907,99.76,30.449,-0.5,0.0,454.582,0.0,0.0,0.0,5.732,0,-6.0,0.985,309.825,-0.5279,34.35,35.58041000366211,4.98,0.0,0
46907,99.931,30.449,0.0,0.0,454.522,0.0,0.0,0.0,5.732,0,-7.0,1.0150000000000001,309.915,0.9073,34.35,35.58041000366211,4.98,0.0,0
46907,99.76,30.449,0.0,0.0,454.884,0.0,0.0,0.0,5.732,0,-7.0,1.02,309.69,-3.0599000000000003,34.56,35.58041000366211,4.98,0.0,0
46907,99.931,30.449,0.0,0.0,454.70300000000003,0.0,0.0,0.0,5.732,0,-7.0,1.01,309.915,-0.6103000000000001,33.99,35.58041000366211,4.98,0.0,0
46907,99.59,30.449,0.0,0.0,454.522,0.0,0.0,0.0,5.732,0,-7.0,0.985,309.825,2.0455,33.99,35.58041000366211,4.98,0.0,0
46907,99.76,30.449,-0.5,0.0,454.764,0.0,0.0,0.0,5.732,0,-8.0,1.03,309.915,2.664,33.45,35.58041000366211,4.98,0.0,0
46907,99.76,30.449,0.0,0.0,454.764,0.0,0.0,0.0,5.732,0,-8.0,1.0150000000000001,309.915,1.9465000000000001,33.33,35.58041000366211,4.98,0.0,0
46907,99.931,30.449,0.0,0.0,454.884,0.0,0.0,-0.2,5.732,0,-7.0,1.0050000000000001,309.915,-0.7918000000000001,33.6,35.58041000366211,4.98,0.0,0
46907,99.59,30.449,0.0,0.0,454.219,0.0,0.0,0.0,5.732,0,-7.0,0.995,309.825,-1.5836000000000001,34.74,35.58041000366211,4.98,0.0,0
46907,99.419,30.449,0.0,0.0,454.522,0.0,0.0,0.0,5.732,0,-6.0,0.995,309.825,-1.3196,35.25,35.58041000366211,4.98,0.0,0
46907,99.59,30.449,0.0,0.0,454.461,0.0,0.0,0.0,5.732,0,-7.0,1.0,309.825,-0.9897,36.09,35.58041000366211,4.98,0.0,0
46907,99.76,30.449,0.5,0.0,454.34000000000003,0.0,0.0,0.0,5.732,0,-5.0,1.0050000000000001,309.915,0.5279,35.64,35.58041000366211,4.98,0.0,0
46907,99.931,30.449,0.0,0.0,454.461,0.0,0.0,-0.2,5.732,0,-5.0,1.025,309.915,1.5176,35.160000000000004,35.58041000366211,4.98,0.0,0
46907,99.931,30.449,0.0,0.0,454.159,0.0,0.0,0.0,5.732,0,-5.0,0.975,309.915,-0.132,35.4,35.58041000366211,4.98,0.0,0
46907,99.76,30.449,-0.5,0.0,454.401,0.0,0.0,0.0,5.732,0,-5.0,0.9550000000000001,309.825,-0.9897,34.89,35.58041000366211,4.98,0.0,0
46907,99.76,30.449,-0.5,0.0,454.64300000000003,0.0,0.0,-0.2,5.732,0,-3.0,0.995,309.915,1.1877,35.13,35.58041000366211,4.98,0.0,0
46907,99.419,30.449,-0.5,0.0,454.824,0.0,0.0,0.0,5.732,0,-2.0,1.0050000000000001,309.69,-1.9465000000000001,35.07,35.58041000366211,4.98,0.0,0
46907,99.59,30.449,-0.5,0.0,454.582,0.0,0.0,0.0,5.732,0,-5.0,0.9550000000000001,309.825,-0.6598,34.71,35.58041000366211,4.98,0.0,0
46907,99.931,30.449,0.0,0.0,454.582,0.0,0.0,-0.2,5.732,0,-2.0,0.965,309.825,0.8578,34.32,35.58041000366211,4.98,0.0,0
46907,99.931,30.449,0.0,0.0,454.28000000000003,0.0,0.0,0.2,5.732,0,-4.0,0.975,309.915,3.0352,34.32,35.58041000366211,4.98,0.0,0
46907,99.931,30.449,0.0,0.0,453.978,0.0,0.0,0.0,5.732,0,-2.0,1.0150000000000001,309.915,0.9897,33.93,35.58041000366211,4.98,0.0,0
46907,99.931,30.449,0.0,0.0,454.219,0.0,0.0,0.0,5.732,0,-2.0,0.99,309.69,-3.0352,33.75,35.58041000366211,4.98,0.0,0
46907,99.59,30.449,0.0,0.0,454.401,0.0,0.0,0.0,5.732,0,-3.0,0.995,309.69,-2.7383,34.74,35.58041000366211,4.98,0.0,0
46907,99.931,30.449,0.0,0.0,454.401,0.0,0.0,0.0,5.732,0,0.0,1.0050000000000001,309.915,0.0,35.67,35.58041000366211,4.98,0.0,0
46907,99.931,30.449,0.0,0.0,454.401,0.0,0.0,0.0,5.732,0,0.0,0.995,309.69,0.2639,36.15,35.58041000366211,4.98,0.0,0
46907,99.59,30.449,0.0,0.0,454.28000000000003,0.0,0.0,0.0,5.732,0,0.0,1.0,309.825,1.0557,36.36,35.58041000366211,4.98,0.0,0
46907,99.931,30.449,0.0,0.0,454.219,0.0,0.0,0.0,5.732,0,0.0,1.01,309.825,-1.2537,35.49,35.58041000366211,4.98,0.0,0
46907,99.931,30.449,0.0,0.0,454.401,0.0,0.0,0.0,5.732,0,-2.0,0.98,309.915,4.6188,35.550000000000004,35.58041000366211,4.98,0.0,0
46907,99.419,30.449,0.0,0.0,454.401,0.0,0.0,0.0,5.732,0,-2.0,0.98,309.825,3.8682000000000003,35.43,35.58041000366211,4.98,0.0,0
46907,99.59,30.449,0.0,0.0,454.159,0.0,0.0,0.0,5.732,0,0.0,0.99,309.915,1.8310000000000002,34.2,35.58041000366211,4.98,0.0,0
46907,99.419,30.449,0.0,0.0,454.34000000000003,0.0,0.0,0.0,5.732,0,-1.0,1.0,309.915,1.963,34.08,35.58041000366211,4.98,0.0,0
46907,99.931,30.449,0.0,0.0,454.219,0.0,0.0,0.0,5.732,0,0.0,1.0150000000000001,309.69,-4.1816,33.87,35.58041000366211,4.98,0.0,0
46907,99.59,30.449,0.0,0.0,454.219,0.0,0.0,0.0,5.732,0,0.0,0.98,309.825,-5.3281,33.63,35.58041000366211,4.98,0.0,0
46907,99.76,30.449,0.0,0.0,454.34000000000003,0.0,0.0,0.0,5.732,0,0.0,1.02,309.825,1.2702,33.78,35.58041000366211,4.98,0.0,0
46907,99.76,30.449,0.0,0.0,454.461,0.0,0.0,0.0,5.732,0,2.0,1.01,309.825,2.2187,34.410000000000004,35.58041000366211,4.98,0.0,0
46907,99.76,30.449,0.0,0.0,454.401,0.0,0.0,0.0,5.732,0,1.0,1.02,309.915,1.0145,34.980000000000004,35.58041000366211,4.98,0.0,0
46907,99.76,30.449,0.0,0.0,454.824,0.0,0.0,0.0,5.732,0,0.0,0.995,309.915,1.1712,35.58,35.58041000366211,4.98,0.0,0
46907,99.419,30.449,0.0,0.0,454.764,0.0,0.0,0.0,5.732,0,0.0,1.0050000000000001,309.825,1.7155,36.03,35.58041000366211,4.98,0.0,0
46907,99.76,30.449,0.0,0.0,454.582,0.0,0.0,0.0,5.732,0,1.0,0.995,309.825,-1.699,35.94,35.58041000366211,4.98,0.0,0
46907,99.59,30.449,0.0,0.0,454.522,0.0,0.0,0.0,5.732,0,0.0,1.0050000000000001,309.825,-2.9032,35.7,35.58041000366211,4.98,0.0,0
46907,99.59,30.449,-0.5,0.0,454.219,0.0,0.0,0.0,5.732,0,0.0,0.98,309.915,0.5114000000000001,35.76,35.58041000366211,4.98,0.0,0
46907,99.419,30.449,-0.5,0.0,454.401,0.0,0.0,0.2,5.732,0,1.0,1.0150000000000001,309.915,2.3589,35.82,35.58041000366211,4.98,0.0,0
46907,99.419,30.439,0.0,0.0,454.28000000000003,0.0,0.0,0.0,5.732,0,0.0,1.0,309.915,-1.798,35.58,35.58041000366211,4.98,0.0,0
46907,99.76,30.439,0.5,0.0,454.219,0.0,0.0,0.0,5.732,0,0.0,1.025,309.825,-2.0455,34.800000000000004,35.58041000366211,4.98,0.0,0
46907,99.249,30.439,0.0,0.0,454.70300000000003,0.0,0.0,0.0,5.732,0,1.0,1.02,309.915,1.2537,34.11,35.58041000366211,4.98,0.0,0
46907,99.59,30.439,0.0,0.0,454.582,0.0,0.0,0.0,5.732,0,2.0,1.0150000000000001,309.69,-0.8578,33.54,35.58041000366211,4.98,0.0,0
46907,99.078,30.439,0.0,0.0,454.34000000000003,0.0,0.0,0.0,5.732,0,0.0,1.0050000000000001,309.915,-2.1939,33.36,35.58041000366211,4.98,0.0,0
46907,99.249,30.439,-0.5,0.0,454.401,0.0,0.0,0.0,5.732,0,1.0,1.0050000000000001,309.825,-0.9897,34.05,35.58041000366211,4.98,0.0,0
46907,99.59,30.43,-0.5,0.0,454.582,0.0,0.0,0.0,5.732,0,0.0,0.99,309.69,0.9897,34.53,35.58041000366211,4.98,0.0,0
46907,99.249,30.43,-0.5,0.0,454.522,0.0,0.0,0.0,5.732,0,2.0,1.0150000000000001,309.915,-1.6661000000000001,35.4,35.58041000366211,4.98,0.0,0
46907,99.249,30.43,-0.5,0.0,454.64300000000003,0.0,0.0,-0.2,5.732,0,1.0,1.0150000000000001,309.825,1.2537,36.42,35.58041000366211,4.98,0.0,0
46907,99.59,30.43,0.0,0.0,454.522,0.0,0.0,-0.2,5.732,0,0.0,0.985,309.825,1.9135000000000002,36.36,35.58041000366211,4.98,0.0,0
46907,99.249,30.43,-0.5,0.0,454.401,0.0,0.0,0.0,5.732,0,0.0,1.0150000000000001,309.915,-0.9238000000000001,35.52,35.58041000366211,4.98,0.0,0
46907,99.59,30.43,-0.5,0.0,454.34000000000003,0.0,0.0,0.0,5.732,0,0.0,1.02,309.825,0.9238000000000001,35.550000000000004,35.58041000366211,4.98,0.0,0
46907,99.249,30.42,0.0,0.0,454.401,0.0,0.0,-0.2,5.732,0,0.0,1.0,309.69,-1.1629,35.64,35.58041000366211,4.98,0.0,0
46907,99.76,30.42,0.0,0.0,454.522,0.0,0.0,-0.2,5.732,0,0.0,0.985,309.825,-1.6496000000000002,35.79,35.58041000366211,4.98,0.0,0
46907,99.249,30.42,-0.5,0.0,454.34000000000003,0.0,0.0,-0.2,5.732,0,1.0,0.985,309.825,-1.7155,35.79,35.58041000366211,4.98,0.0,0
46907,99.419,30.42,0.0,0.0,454.401,0.0,0.0,0.0,5.732,0,0.0,0.985,309.825,1.8475000000000001,35.43,35.58041000366211,4.98,0.0,0
46907,99.078,30.42,-0.5,0.0,454.401,0.0,0.0,0.0,5.732,0,0.0,1.01,309.915,3.0352,34.86,35.58041000366211,4.98,0.0,0
46907,99.419,30.42,0.0,0.0,454.401,0.0,0.0,0.0,5.732,0,2.0,1.01,309.915,2.5733,33.96,35.58041000366211,4.98,0.0,0
46907,99.76,30.41,-0.5,0.0,454.219,0.0,0.0,0.0,5.732,0,0.0,1.0050000000000001,309.825,1.3196,32.97,35.58041000366211,4.98,0.0,0
46907,99.249,30.41,0.0,0.0,453.978,0.0,0.0,0.0,5.732,0,3.0,1.01,309.915,-3.1672000000000002,32.910000000000004,35.58041000366211,4.98,0.0,0
46907,99.59,30.41,0.0,0.0,453.978,0.0,0.0,0.0,5.732,0,0.0,0.965,309.915,-1.8475000000000001,34.5,35.58041000366211,4.98,0.0,0
46907,99.249,30.41,0.0,0.0,454.219,0.0,0.0,-0.2,5.732,0,1.0,0.98,309.825,1.3196,35.7,35.58041000366211,4.98,0.0,0
46907,99.249,30.400000000000002,-0.5,0.0,454.219,0.0,0.0,-0.2,5.732,0,2.0,1.0050000000000001,310.005,1.7155,37.53,35.58041000366211,4.98,0.0,0
46907,99.078,30.400000000000002,-1.0,0.0,454.461,0.0,0.0,0.0,5.732,0,1.0,0.985,309.825,2.9692000000000003,37.050000000000004,35.58041000366211,4.98,0.0,0
46907,99.078,30.400000000000002,0.0,0.0,454.219,0.0,0.0,-0.2,5.732,0,1.0,0.98,309.825,-1.3196,36.6,35.58041000366211,4.98,0.0,0
46907,99.249,30.400000000000002,-1.0,0.0,454.098,0.0,0.0,0.0,5.732,0,3.0,1.0150000000000001,309.825,-4.3548,35.37,35.58041000366211,4.98,0.0,0
46907,99.249,30.400000000000002,0.0,0.0,453.91700000000003,0.0,0.0,0.2,5.732,0,3.0,0.995,309.915,3.1672000000000002,35.31,35.58041000366211,4.98,0.0,0
46907,99.419,30.391000000000002,0.0,0.0,454.34000000000003,0.0,0.0,0.0,5.732,0,2.0,1.025,309.915,-0.8578,35.730000000000004,35.58041000366211,4.98,0.0,0
46907,98.73700000000001,30.391000000000002,0.0,0.0,454.34000000000003,0.0,0.0,0.0,5.732,0,1.0,1.01,309.69,-1.8475000000000001,36.12,35.58041000366211,4.98,0.0,0
46907,99.249,30.391000000000002,0.0,0.0,454.401,0.0,0.0,-0.2,5.732,0,3.0,1.0150000000000001,309.825,1.9135000000000002,35.61,35.58041000366211,4.98,0.0,0
46907,99.419,30.391000000000002,0.0,0.0,454.219,0.0,0.0,0.0,5.732,0,1.0,0.995,309.825,-1.9795,34.71,35.58041000366211,4.98,0.0,0
46907,99.419,30.391000000000002,-0.5,0.0,454.098,0.0,0.0,0.0,5.732,0,2.0,0.995,309.825,0.4289,34.230000000000004,35.58041000366211,4.98,0.0,0
46907,99.249,30.381,-0.5,0.0,454.219,0.0,0.0,0.2,5.732,0,2.0,1.0,309.825,0.2639,34.02,35.58041000366211,4.98,0.0,0
46907,99.419,30.381,-0.5,0.0,454.159,0.0,0.0,0.0,5.732,0,2.0,1.025,309.915,0.9897,34.410000000000004,35.58041000366211,4.98,0.0,0
46907,99.59,30.381,0.0,0.0,454.28000000000003,0.0,0.0,0.0,5.732,0,2.0,1.0150000000000001,309.69,-0.9238000000000001,35.46,35.58041000366211,4.98,0.0,0
46907,99.249,30.381,0.0,0.0,454.038,0.0,0.0,0.0,5.732,0,3.0,0.985,309.915,-0.8578,36.15,35.58041000366211,4.98,0.0,0
46907,99.249,30.381,-0.5,0.0,454.038,0.0,0.0,0.0,5.732,0,2.0,0.995,309.915,-0.7423000000000001,36.27,35.58041000366211,4.98,0.0,0
46907,99.249,30.371000000000002,-0.5,0.0,454.159,0.0,0.0,0.0,5.732,0,3.0,0.97,309.915,0.9897,37.230000000000004,35.58041000366211,4.98,0.0,0
46907,99.249,30.371000000000002,-0.5,0.0,454.159,0.0,0.0,0.0,5.732,0,4.0,1.02,309.825,-0.2887,36.51,35.58041000366211,4.98,0.0,0
46907,99.249,30.371000000000002,0.0,0.0,454.34000000000003,0.0,0.0,0.0,5.732,0,2.0,1.03,309.915,-1.0557,35.67,35.58041000366211,4.98,0.0,0
46907,99.078,30.371000000000002,0.0,0.0,454.582,0.0,0.0,0.2,5.732,0,2.0,0.98,309.915,0.0,35.31,35.58041000366211,4.98,0.0,0
46907,99.078,30.361,0.0,0.0,454.522,0.0,0.0,0.0,5.732,0,2.0,0.99,309.825,0.5279,35.28,35.58041000366211,4.98,0.0,0
46907,99.078,30.361,0.0,0.0,454.098,0.0,0.0,-0.2,5.732,0,2.0,0.995,309.915,0.9073,35.52,35.58041000366211,4.98,0.0,0
46907,99.249,30.361,0.0,0.0,454.159,0.0,0.0,0.0,5.732,0,2.0,1.03,309.915,-1.0557,35.01,35.58041000366211,4.98,0.0,0
46907,99.249,30.361,-0.5,0.0,454.461,0.0,0.0,0.0,5.732,0,3.0,1.0150000000000001,309.915,-2.1774,34.29,35.58041000366211,4.98,0.0,0
46907,99.249,30.352,0.0,0.0,454.461,0.0,0.0,0.0,5.732,0,2.0,0.97,309.69,-0.9485,34.32,35.58041000366211,4.98,0.0,0
46907,99.249,30.352,-0.5,0.0,454.582,0.0,0.0,0.0,5.732,0,1.0,0.975,309.825,-0.6598,34.35,35.58041000366211,4.98,0.0,0
46907,99.249,30.352,-0.5,0.0,454.038,0.0,0.0,0.0,5.732,0,3.0,1.0,309.915,-0.46190000000000003,34.08,35.58041000366211,4.98,0.0,0
46907,99.419,30.352,0.0,0.0,454.038,0.0,0.0,-0.2,5.732,0,4.0,1.0,309.825,3.629,35.07,35.58041000366211,4.98,0.0,0
46907,99.249,30.342000000000002,-0.5,0.0,454.159,0.0,0.0,0.0,5.732,0,2.0,1.0050000000000001,309.915,-1.2042000000000002,35.910000000000004,35.58041000366211,4.98,0.0,0
46907,99.078,30.342000000000002,0.0,0.0,454.582,0.0,0.0,0.0,5.732,0,3.0,1.0050000000000001,309.915,-2.7218,36.54,35.58041000366211,4.98,0.0,0
46907,99.249,30.342000000000002,0.0,0.0,454.098,0.0,0.0,0.0,5.732,0,2.0,1.02,309.825,0.066,35.61,35.58041000366211,4.98,0.0,0
46907,99.419,30.332,0.0,0.0,453.736,0.0,0.0,0.0,5.732,0,1.0,0.995,309.825,-0.5938,35.730000000000004,35.58041000366211,4.98,0.0,0
46907,99.078,30.332,0.0,0.0,454.522,0.0,0.0,0.0,5.732,0,2.0,1.02,309.825,0.28040000000000004,35.25,35.58041000366211,4.98,0.0,0
46907,99.249,30.332,0.0,0.0,454.401,0.0,0.0,-0.2,5.732,0,4.0,0.985,309.915,3.2826,34.83,35.58041000366211,4.98,0.0,0
46907,99.249,30.332,0.0,0.0,453.857,0.0,0.0,-0.2,5.732,0,3.0,1.0,309.825,-1.5176,34.32,35.58041000366211,4.98,0.0,0
46907,99.249,30.322000000000003,-0.5,0.0,453.796,0.0,0.0,0.0,5.732,0,2.0,0.985,309.915,-0.19790000000000002,34.17,35.58041000366211,4.98,0.0,0
46907,99.078,30.322000000000003,-0.5,0.0,454.159,0.0,0.0,0.0,5.732,0,2.0,0.995,309.915,0.9897,33.9,35.58041000366211,4.98,0.0,0
46907,99.249,30.322000000000003,-1.0,0.0,454.159,0.0,0.0,0.0,5.732,0,3.0,1.025,309.825,1.1629,34.32,35.58041000366211,4.98,0.0,0
46907,99.249,30.322000000000003,0.0,0.0,454.461,0.0,0.0,0.0,5.732,0,2.0,1.01,309.825,-1.4351,34.56,35.58041000366211,4.98,0.0,0
46907,99.419,30.313000000000002,0.0,0.0,454.582,0.0,0.0,0.0,5.732,0,3.0,0.995,309.825,-2.5073000000000003,34.71,35.58041000366211,4.98,0.0,0
46907,99.419,30.313000000000002,-0.5,0.0,454.64300000000003,0.0,0.0,0.0,5.732,0,3.0,1.01,309.825,-2.9032,34.74,35.58041000366211,4.98,0.0,0
46907,99.249,30.313000000000002,0.0,0.0,454.582,0.0,0.0,0.0,5.732,0,2.0,0.98,309.825,-1.0557,35.160000000000004,35.58041000366211,4.98,0.0,0
46907,99.249,30.313000000000002,0.0,0.0,454.28000000000003,0.0,0.0,0.2,5.732,0,3.0,0.99,309.915,0.5279,35.49,35.58041000366211,4.98,0.0,0
46907,99.249,30.303,0.0,0.0,454.098,0.0,0.0,0.0,5.732,0,2.0,1.03,309.915,3.8930000000000002,36.21,35.58041000366211,4.98,0.0,0
46907,99.249,30.303,-0.5,0.0,454.219,0.0,0.0,0.0,5.732,0,1.0,1.0,309.825,1.7155,36.36,35.58041000366211,4.98,0.0,0
46907,99.249,30.303,0.0,0.0,454.401,0.0,0.0,0.2,5.732,0,3.0,1.0,309.69,-3.0022,36.06,35.58041000366211,4.98,0.0,0
46907,99.59,30.303,0.0,0.0,454.34000000000003,0.0,0.0,0.0,5.732,0,2.0,0.98,309.825,-1.4516,35.85,35.58041000366211,4.98,0.0,0
46907,99.419,30.293000000000003,0.0,0.0,454.522,0.0,0.0,0.0,5.732,0,1.0,0.995,309.825,0.7918000000000001,35.7,35.58041000366211,4.98,0.0,0
46907,99.078,30.293000000000003,-0.5,0.0,454.401,0.0,0.0,0.0,5.732,0,2.0,1.0150000000000001,309.915,3.0352,35.13,35.58041000366211,4.98,0.0,0
46907,99.249,30.293000000000003,-0.5,0.0,454.401,0.0,0.0,0.0,5.732,0,3.0,1.01,309.915,0.9897,34.35,35.58041000366211,4.98,0.0,0
46907,99.419,30.293000000000003,-0.5,0.0,454.70300000000003,0.0,0.0,0.0,5.732,0,2.0,0.995,309.825,-0.2639,34.26,35.58041000366211,4.98,0.0,0
46907,99.76,30.283,-0.5,0.0,454.582,0.0,0.0,0.0,5.732,0,3.0,0.985,309.825,-5.476500000000001,34.11,35.58041000366211,4.98,0.0,0
46907,99.249,30.283,0.0,0.0,454.764,0.0,0.0,-0.2,5.732,0,2.0,1.01,309.825,-0.9238000000000001,34.35,35.58041000366211,4.98,0.0,0
46907,99.59,30.283,-0.5,0.0,454.522,0.0,0.0,0.2,5.732,0,2.0,1.0050000000000001,309.825,1.5836000000000001,34.08,35.58041000366211,4.98,0.0,0
46907,99.931,30.273,0.0,0.0,454.582,0.0,0.0,0.0,5.732,0,3.0,1.01,309.825,-1.3196,34.26,35.58041000366211,4.98,0.0,0
46907,99.078,30.273,-0.5,0.0,454.764,0.0,0.0,0.0,5.732,0,2.0,1.02,309.915,-0.5938,35.7,35.58041000366211,4.98,0.0,0
46907,99.59,30.273,-0.5,0.0,454.461,0.0,0.0,0.0,5.732,0,2.0,0.985,309.69,-0.2639,35.85,35.58041000366211,4.98,0.0,0
46907,99.249,30.273,-0.5,0.0,454.28000000000003,0.0,0.0,0.0,5.732,0,1.0,1.0,309.915,3.629,35.94,35.58041000366211,4.98,0.0,0
46907,99.59,30.264000000000003,0.0,0.0,454.401,0.0,0.0,0.0,5.732,0,3.0,1.0150000000000001,309.915,3.563,35.82,35.58041000366211,4.98,0.0,0
46907,99.59,30.264000000000003,-0.5,0.0,454.28000000000003,0.0,0.0,0.0,5.732,0,4.0,1.0,309.915,0.099,36.12,35.58041000366211,4.98,0.0,0
46907,99.59,30.264000000000003,-1.0,0.0,454.34000000000003,0.0,0.0,0.0,5.732,0,2.0,1.0050000000000001,309.825,-5.1466,35.34,35.58041000366211,4.98,0.0,0
46907,99.249,30.254,0.0,0.0,454.219,0.0,0.0,0.0,5.732,0,1.0,0.995,309.825,-0.46190000000000003,34.800000000000004,35.58041000366211,4.98,0.0,0
46907,99.419,30.254,0.0,0.0,454.522,0.0,0.0,-0.2,5.732,0,3.0,1.025,309.825,-0.7918000000000001,34.2,35.58041000366211,4.98,0.0,0
46907,99.59,30.254,-0.5,0.0,454.219,0.0,0.0,-0.2,5.732,0,2.0,1.0150000000000001,309.825,-1.5836000000000001,33.45,35.58041000366211,4.98,0.0,0
46907,99.419,30.254,-0.5,0.0,454.582,0.0,0.0,0.0,5.732,0,3.0,0.995,309.915,0.5279,33.03,35.58041000366211,4.98,0.0,0
46907,99.249,30.244,-1.0,0.0,454.461,0.0,0.0,0.2,5.732,0,3.0,0.99,309.825,2.1114,32.82,35.58041000366211,4.98,0.0,0
46907,99.419,30.244,-0.5,0.0,454.582,0.0,0.0,-0.2,5.732,0,2.0,1.0050000000000001,309.825,0.7918000000000001,33.36,35.58041000366211,4.98,0.0,0
46907,99.419,30.244,-0.5,0.0,454.401,0.0,0.0,0.0,5.732,0,3.0,1.0050000000000001,309.915,1.5836000000000001,34.53,35.58041000366211,4.98,0.0,0
46907,98.566,30.244,0.0,0.0,454.401,0.0,0.0,0.0,5.732,0,3.0,0.995,309.915,1.9795,34.71,35.58041000366211,4.98,0.0,0
46907,99.249,30.234,0.0,0.0,454.219,0.0,0.0,0.2,5.732,0,2.0,1.0,309.825,-2.4413,35.910000000000004,35.58041000366211,4.98,0.0,0
46907,97.884,30.234,0.0,0.0,454.28000000000003,0.0,0.0,0.0,5.732,0,1.0,0.99,309.69,-6.4415000000000004,35.730000000000004,35.58041000366211,4.98,0.0,0
46907,99.249,30.234,-0.5,0.0,454.34000000000003,0.0,0.0,0.0,5.732,0,2.0,0.99,309.825,0.41240000000000004,34.800000000000004,35.58041000366211,4.98,0.0,0
46907,98.566,30.225,-1.0,0.0,454.401,0.0,0.0,0.0,5.732,0,2.0,1.0050000000000001,309.825,-0.1567,34.74,35.58041000366211,4.98,0.0,0
46907,99.249,30.225,-1.0,0.0,454.34000000000003,0.0,0.0,0.0,5.732,0,3.0,0.99,309.825,2.4826,34.74,35.58041000366211,4.98,0.0,0
46907,97.543,30.225,-0.5,0.0,454.038,0.0,0.0,0.0,5.732,0,2.0,1.03,309.915,2.9692000000000003,34.71,35.58041000366211,4.98,0.0,0
46907,99.078,30.225,0.0,0.0,454.401,0.0,0.0,0.0,5.732,0,2.0,1.0,309.825,-3.4971,34.980000000000004,35.58041000366211,4.98,0.0,0
46907,97.884,30.215,0.0,0.0,454.219,0.0,0.0,0.0,5.732,0,3.0,1.0,309.825,0.47840000000000005,34.44,35.58041000366211,4.98,0.0,0
46907,99.419,30.215,-1.0,0.0,454.28000000000003,0.0,0.0,0.0,5.732,0,2.0,0.99,309.915,1.3856000000000002,33.660000000000004,35.58041000366211,4.98,0.0,0
46907,97.032,30.215,0.0,0.0,454.159,0.0,0.0,0.0,5.732,0,3.0,1.0050000000000001,309.825,1.1877,32.910000000000004,35.58041000366211,4.98,0.0,0
46907,99.078,30.205000000000002,-0.5,0.0,454.401,0.0,0.0,0.0,5.732,0,3.0,1.0050000000000001,309.825,-0.3299,32.4,35.58041000366211,4.98,0.0,0
46907,97.884,30.205000000000002,-0.5,0.0,454.219,0.0,0.0,0.2,5.732,0,1.0,1.01,309.825,-0.8578,33.3,35.58041000366211,4.98,0.0,0
46907,99.249,30.205000000000002,-0.5,0.0,453.857,0.0,0.0,0.0,5.732,0,3.0,1.0150000000000001,309.825,1.3856000000000002,34.86,35.58041000366211,4.98,0.0,0
46907,96.861,30.195,-0.5,0.0,454.219,0.0,0.0,0.0,5.732,0,3.0,1.0150000000000001,309.915,-0.2639,35.52,35.58041000366211,4.98,0.0,0
46907,98.907,30.195,-0.5,0.0,454.098,0.0,0.0,0.0,5.732,0,1.0,1.0050000000000001,309.915,2.8867000000000003,35.160000000000004,35.58041000366211,4.98,0.0,0
46907,97.202,30.195,-0.5,0.0,453.736,0.0,0.0,0.2,5.732,0,3.0,0.99,309.915,2.0949,34.410000000000004,35.58041000366211,4.98,0.0,0
46907,99.249,30.186,0.5,0.0,454.461,0.0,0.0,0.0,5.732,0,1.0,0.98,309.915,-1.5836000000000001,34.14,35.58041000366211,4.98,0.0,0
46907,96.35000000000001,30.186,0.0,0.0,454.34000000000003,0.0,0.0,0.0,5.732,0,2.0,0.97,309.825,-1.963,33.9,35.58041000366211,4.98,0.0,0
46907,98.73700000000001,30.186,-0.5,0.0,454.219,0.0,0.0,0.0,5.732,0,2.0,0.995,309.69,-0.8825000000000001,35.01,35.58041000366211,4.98,0.0,0
46907,97.202,30.186,-0.5,0.0,454.219,0.0,0.0,0.0,5.732,0,2.0,1.0150000000000001,309.915,0.18150000000000002,34.59,35.58041000366211,4.98,0.0,0
46907,99.249,30.176000000000002,0.0,0.0,454.582,0.0,0.0,0.0,5.732,0,2.0,0.995,309.915,2.1609000000000003,34.83,35.58041000366211,4.98,0.0,0
46907,96.008,30.176000000000002,-0.5,0.0,454.522,0.0,0.0,0.2,5.732,0,2.0,1.025,309.825,-1.1712,33.69,35.58041000366211,4.98,0.0,0
46907,98.566,30.176000000000002,-0.5,0.0,454.159,0.0,0.0,0.0,5.732,0,2.0,0.985,309.825,-0.5773,33.33,35.58041000366211,4.98,0.0,0
46907,97.202,30.166,-0.5,0.0,454.219,0.0,0.0,0.0,5.732,0,2.0,1.0050000000000001,309.915,3.2166,33.03,35.58041000366211,4.98,0.0,0
46907,99.76,30.166,-0.5,0.0,454.34000000000003,0.0,0.0,0.0,5.732,0,3.0,1.0,309.915,3.2991,32.94,35.58041000366211,4.98,0.0,0
46907,100.44200000000001,30.166,0.0,0.0,454.28000000000003,0.0,0.0,0.0,5.732,0,2.0,0.99,309.825,-1.0557,32.730000000000004,35.58041000366211,4.98,0.0,0
46907,101.806,30.166,-0.5,0.0,454.401,0.0,0.0,0.0,5.732,0,2.0,0.995,309.69,-5.1466,33.9,35.58041000366211,4.98,0.0,0
46907,101.636,30.156000000000002,-0.5,0.0,454.28000000000003,0.0,0.0,0.0,5.732,0,3.0,0.985,309.825,-3.3651,35.4,35.58041000366211,4.98,0.0,0
46907,100.613,30.156000000000002,-1.0,0.0,454.28000000000003,0.0,0.0,0.0,5.732,0,2.0,1.01,309.825,1.1877,36.15,35.58041000366211,4.98,0.0,0
46907,99.931,30.156000000000002,-0.5,0.0,454.219,0.0,0.0,0.0,5.732,0,2.0,1.0,309.915,2.4743,35.64,35.58041000366211,4.98,0.0,0
46907,101.806,30.146,0.0,0.0,454.34000000000003,0.0,0.0,0.0,5.732,0,1.0,1.01,309.915,2.6393,34.71,35.58041000366211,4.98,0.0,0
46907,101.977,30.146,-0.5,0.0,454.401,0.0,0.0,0.2,5.732,0,3.0,0.985,309.915,0.9897,34.17,35.58041000366211,4.98,0.0,0
46907,100.272,30.146,0.0,0.0,454.28000000000003,0.0,0.0,0.2,5.732,0,2.0,1.0050000000000001,309.69,-3.2991,34.38,35.58041000366211,4.98,0.0,0
46907,100.613,30.137,0.0,0.0,454.28000000000003,0.0,0.0,0.2,5.732,0,2.0,0.975,309.825,-3.629,34.26,35.58041000366211,4.98,0.0,0
46907,101.977,30.137,0.0,0.0,454.401,0.0,0.0,0.0,5.732,0,1.0,0.975,309.915,-0.7918000000000001,34.29,35.58041000366211,4.98,0.0,0
46907,101.977,30.137,0.0,0.0,454.522,0.0,0.0,0.2,5.732,0,2.0,1.0,309.825,3.596,34.68,35.58041000366211,4.98,0.0,0
46907,100.272,30.127000000000002,-0.5,0.0,454.70300000000003,0.0,0.0,-0.2,5.732,0,4.0,1.03,309.825,0.7918000000000001,35.160000000000004,35.58041000366211,4.98,0.0,0
46907,100.44200000000001,30.127000000000002,-0.5,0.0,454.28000000000003,0.0,0.0,0.0,5.732,0,3.0,1.0050000000000001,309.915,-2.3754,34.59,35.58041000366211,4.98,0.0,0
46907,101.977,30.127000000000002,0.0,0.0,454.038,0.0,0.0,0.0,5.732,0,2.0,0.98,309.825,-1.1877,33.480000000000004,35.58041000366211,4.98,0.0,0
46907,101.124,30.117,0.0,0.0,454.401,0.0,0.0,0.0,5.732,0,2.0,1.01,309.915,1.5176,33.480000000000004,35.58041000366211,4.98,0.0,0
46907,100.44200000000001,30.117,-0.5,0.0,454.824,0.0,0.0,0.0,5.732,0,2.0,1.0150000000000001,309.825,0.0,34.32,35.58041000366211,4.98,0.0,0
46907,99.419,30.117,0.0,0.0,454.582,0.0,0.0,0.0,5.732,0,1.0,0.99,309.915,-1.1217000000000001,34.5,35.58041000366211,4.98,0.0,0
46907,101.465,30.117,-0.5,0.0,454.038,0.0,0.0,0.0,5.732,0,3.0,0.985,309.915,0.7918000000000001,35.07,35.58041000366211,4.98,0.0,0
46907,99.59,30.107000000000003,0.0,0.0,454.461,0.0,0.0,0.0,5.732,0,3.0,1.0,309.915,3.629,34.86,35.58041000366211,4.98,0.0,0
46907,99.931,30.107000000000003,-0.5,0.0,454.522,0.0,0.0,0.0,5.732,0,2.0,1.02,309.69,-5.938400000000001,35.160000000000004,35.58041000366211,4.98,0.0,0
46907,99.078,30.107000000000003,-0.5,0.0,454.159,0.0,0.0,0.2,5.732,0,2.0,0.995,309.825,-3.3651,35.49,35.58041000366211,4.98,0.0,0
46907,99.249,30.098000000000003,0.0,0.0,454.401,0.0,0.0,0.0,5.732,0,2.0,0.995,309.915,2.7713,35.19,35.58041000366211,4.98,0.0,0
46907,99.249,30.098000000000003,-0.5,0.0,454.522,0.0,0.0,0.0,5.732,0,2.0,0.98,309.825,2.0125,35.13,35.58041000366211,4.98,0.0,0
46907,99.249,30.098000000000003,-0.5,0.0,454.64300000000003,0.0,0.0,0.0,5.732,0,3.0,0.995,309.915,-0.5279,34.86,35.58041000366211,4.98,0.0,0
46907,99.078,30.088,0.0,0.0,454.401,0.0,0.0,0.0,5.732,0,1.0,1.0050000000000001,309.825,-0.46190000000000003,34.11,35.58041000366211,4.98,0.0,0
46907,99.078,30.088,0.0,0.0,454.28000000000003,0.0,0.0,-0.2,5.732,0,3.0,1.01,309.915,1.3196,32.88,35.58041000366211,4.98,0.0,0
46907,98.907,30.088,-0.5,0.0,454.401,0.0,0.0,0.0,5.732,0,3.0,0.985,309.69,-0.3629,32.79,35.58041000366211,4.98,0.0,0
46907,99.249,30.088,0.0,0.0,454.401,0.0,0.0,0.0,5.732,0,2.0,0.995,309.69,-1.0805,32.85,35.58041000366211,4.98,0.0,0
46907,98.907,30.078000000000003,-0.5,0.0,454.34000000000003,0.0,0.0,0.2,5.732,0,2.0,0.98,309.915,0.0495,33.03,35.58041000366211,4.98,0.0,0
46907,99.078,30.078000000000003,-0.5,0.0,454.884,0.0,0.0,0.0,5.732,0,2.0,1.0050000000000001,309.915,1.7815,34.38,35.58041000366211,4.98,0.0,0
46907,99.249,30.078000000000003,-0.5,0.0,454.522,0.0,0.0,0.0,5.732,0,1.0,1.025,309.825,3.3404000000000003,35.94,35.58041000366211,4.98,0.0,0
46907,99.078,30.068,0.0,0.0,454.219,0.0,0.0,0.2,5.732,0,3.0,1.0050000000000001,309.915,-2.2434000000000003,36.24,35.58041000366211,4.98,0.0,0
46907,99.249,30.068,-0.5,0.0,454.401,0.0,0.0,0.0,5.732,0,2.0,0.975,309.825,0.0165,35.79,35.58041000366211,4.98,0.0,0
46907,99.249,30.068,0.0,0.0,454.582,0.0,0.0,-0.2,5.732,0,2.0,1.0150000000000001,309.915,-1.5176,35.7,35.58041000366211,4.98,0.0,0
46907,99.249,30.059,0.0,0.0,454.582,0.0,0.0,0.0,5.732,0,3.0,1.0050000000000001,309.825,-4.4703,35.730000000000004,35.58041000366211,4.98,0.0,0
46907,99.249,30.059,-0.5,0.0,454.582,0.0,0.0,0.0,5.732,0,1.0,1.0150000000000001,309.825,0.0165,34.92,35.58041000366211,4.98,0.0,0
46907,99.078,30.059,-0.5,0.0,454.824,0.0,0.0,0.0,5.732,0,2.0,0.995,309.915,2.1774,34.44,35.58041000366211,4.98,0.0,0
46907,99.249,30.049000000000003,-0.5,0.0,454.884,0.0,0.0,0.2,5.732,0,3.0,0.985,309.825,2.0867,33.42,35.58041000366211,4.98,0.0,0
46907,99.249,30.049000000000003,0.0,0.0,454.582,0.0,0.0,0.0,5.732,0,2.0,0.985,309.915,-2.1939,33.81,35.58041000366211,4.98,0.0,0
46907,99.078,30.049000000000003,-0.5,0.0,454.582,0.0,0.0,0.0,5.732,0,1.0,1.02,309.825,-2.029,34.44,35.58041000366211,4.98,0.0,0
46907,99.249,30.039,-0.5,0.0,454.098,0.0,0.0,0.0,5.732,0,3.0,1.0150000000000001,309.825,1.2537,34.92,35.58041000366211,4.98,0.0,0
46907,98.907,30.039,0.0,0.0,454.219,0.0,0.0,0.0,5.732,0,4.0,1.01,309.69,-1.2537,34.95,35.58041000366211,4.98,0.0,0
46907,99.078,30.039,0.0,0.0,454.461,0.0,0.0,0.0,5.732,0,1.0,1.0,309.825,-0.5938,34.62,35.58041000366211,4.98,0.0,0
46907,98.907,30.029,0.0,0.0,454.582,0.0,0.0,-0.2,5.732,0,3.0,0.975,309.915,0.5938,34.95,35.58041000366211,4.98,0.0,0
46907,98.907,30.029,0.0,0.0,454.461,0.0,0.0,0.0,5.732,0,3.0,1.0,309.915,1.8723,35.160000000000004,35.58041000366211,4.98,0.0,0
46907,98.907,30.029,-0.5,0.0,454.70300000000003,0.0,0.0,0.0,5.732,0,3.0,1.0,309.915,1.699,36.06,35.58041000366211,4.98,0.0,0
46907,98.907,30.020000000000003,0.0,0.0,454.764,0.0,0.0,0.0,5.732,0,2.0,1.0050000000000001,309.825,-1.1712,36.660000000000004,35.58041000366211,4.98,0.0,0
46907,99.249,30.020000000000003,0.0,0.0,454.764,0.0,0.0,0.2,5.732,0,3.0,1.01,309.825,-0.9238000000000001,36.9,35.58041000366211,4.98,0.0,0
46907,99.078,30.020000000000003,-0.5,0.0,454.582,0.0,0.0,0.0,5.732,0,1.0,0.99,309.825,-0.1155,35.61,35.58041000366211,4.98,0.0,0
46907,99.078,30.01,0.0,0.0,454.461,0.0,0.0,0.0,5.732,0,2.0,0.985,309.825,-3.4971,34.86,35.58041000366211,4.98,0.0,0
46907,98.73700000000001,30.01,0.0,0.0,454.582,0.0,0.0,0.0,5.732,0,2.0,1.0050000000000001,309.915,0.0495,34.2,35.58041000366211,4.98,0.0,0
46907,99.249,30.01,-0.5,0.0,454.582,0.0,0.0,0.0,5.732,0,2.0,1.0,309.825,2.5733,33.87,35.58041000366211,4.98,0.0,0
46907,98.73700000000001,30.0,-0.5,0.0,454.70300000000003,0.0,0.0,0.0,5.732,0,3.0,0.99,309.825,-1.8475000000000001,34.2,35.58041000366211,4.98,0.0,0
46907,99.249,30.0,-0.5,0.0,454.64300000000003,0.0,0.0,0.0,5.732,0,3.0,1.0,309.915,1.1712,34.5,35.58041000366211,4.98,0.0,0
46907,99.078,30.0,0.0,0.0,454.764,0.0,0.0,0.2,5.732,0,2.0,1.0,309.69,0.0247,34.800000000000004,35.58041000366211,4.98,0.0,0
46907,99.078,30.0,0.0,0.0,454.764,0.0,0.0,0.0,5.732,0,3.0,0.995,309.69,-0.9567,34.86,35.58041000366211,4.98,0.0,0
46907,99.249,29.990000000000002,0.0,0.0,454.401,0.0,0.0,0.0,5.732,0,4.0,1.0,309.825,-1.9795,35.67,35.58041000366211,4.98,0.0,0
46907,99.249,29.990000000000002,0.0,0.0,454.098,0.0,0.0,0.0,5.732,0,2.0,1.025,309.915,0.7918000000000001,35.79,35.58041000366211,4.98,0.0,0
46907,99.078,29.990000000000002,-0.5,0.0,454.038,0.0,0.0,0.0,5.732,0,1.0,1.0050000000000001,309.825,3.563,36.0,35.58041000366211,4.98,0.0,0
46907,99.078,29.98,0.0,0.0,454.219,0.0,0.0,0.0,5.732,0,3.0,1.0,309.825,0.5279,36.18,35.58041000366211,4.98,0.0,0
46907,99.249,29.98,-0.5,0.0,454.522,0.0,0.0,0.0,5.732,0,1.0,0.97,309.825,-3.4311000000000003,35.94,35.58041000366211,4.98,0.0,0
46907,99.249,29.98,-0.5,0.0,454.70300000000003,0.0,0.0,0.0,5.732,0,2.0,1.0150000000000001,309.825,-0.5279,35.82,35.58041000366211,4.98,0.0,0
46907,99.249,29.98,-0.5,0.0,454.401,0.0,0.0,0.0,5.732,0,3.0,0.985,309.915,1.5836000000000001,35.730000000000004,35.58041000366211,4.98,0.0,0
46907,98.73700000000001,29.971,-0.5,0.0,454.159,0.0,0.0,0.0,5.732,0,2.0,1.0,309.915,-0.066,36.0,35.58041000366211,4.98,0.0,0
46907,99.078,29.971,-0.5,0.0,454.219,0.0,0.0,0.0,5.732,0,2.0,0.99,309.915,-0.132,35.79,35.58041000366211,4.98,0.0,0
46907,98.907,29.961000000000002,-0.5,0.0,454.461,0.0,0.0,0.0,5.732,0,3.0,1.02,309.915,1.5836000000000001,34.44,35.58041000366211,4.98,0.0,0
46907,99.078,29.961000000000002,0.0,0.0,454.28000000000003,0.0,0.0,0.0,5.732,0,1.0,1.02,309.915,2.2434000000000003,33.51,35.58041000366211,4.98,0.0,0
46907,99.078,29.961000000000002,-0.5,0.0,454.28000000000003,0.0,0.0,0.0,5.732,0,2.0,1.0150000000000001,309.69,-2.4743,33.39,35.58041000366211,4.98,0.0,0
46907,99.078,29.951,-0.5,0.0,454.28000000000003,0.0,0.0,0.0,5.732,0,3.0,0.995,309.69,-5.5425,33.84,35.58041000366211,4.98,0.0,0
46907,99.078,29.951,-0.5,0.0,454.461,0.0,0.0,0.0,5.732,0,2.0,1.0,309.915,-2.9032,35.13,35.58041000366211,4.98,0.0,0
46907,99.249,29.951,-0.5,0.0,454.401,0.0,0.0,0.0,5.732,0,3.0,1.0050000000000001,309.825,2.7713,36.36,35.58041000366211,4.98,0.0,0
46907,99.078,29.941000000000003,0.0,0.0,454.159,0.0,0.0,0.0,5.732,0,3.0,0.99,309.69,-0.5279,36.69,35.58041000366211,4.98,0.0,0
46907,98.907,29.941000000000003,0.0,0.0,454.401,0.0,0.0,0.0,5.732,0,3.0,1.02,309.915,-1.1877,36.27,35.58041000366211,4.98,0.0,0
46907,99.078,29.941000000000003,0.0,0.0,454.038,0.0,0.0,0.0,5.732,0,3.0,1.0150000000000001,309.825,2.9032,35.64,35.58041000366211,4.98,0.0,0
46907,99.078,29.932000000000002,-0.5,0.0,454.159,0.0,0.0,0.2,5.732,0,3.0,1.01,309.915,5.4106000000000005,35.46,35.58041000366211,4.98,0.0,0
46907,99.249,29.932000000000002,0.0,0.0,454.28000000000003,0.0,0.0,0.0,5.732,0,3.0,1.04,310.005,1.5176,35.31,35.58041000366211,4.98,0.0,0
46907,99.249,29.932000000000002,-0.5,0.0,454.159,0.0,0.0,0.0,5.732,0,2.0,1.0150000000000001,309.825,-0.7918000000000001,35.910000000000004,35.58041000366211,4.98,0.0,0
46907,99.249,29.922,0.0,0.0,454.34000000000003,0.0,0.0,0.0,5.732,0,3.0,0.98,309.825,-3.629,35.22,35.58041000366211,4.98,0.0,0
46907,99.249,29.922,-0.5,0.0,454.219,0.0,0.0,0.0,5.732,0,2.0,0.995,309.825,-1.7155,34.5,35.58041000366211,4.98,0.0,0
46907,99.078,29.922,0.0,0.0,454.098,0.0,0.0,0.0,5.732,0,2.0,1.0150000000000001,309.915,2.3094,33.54,35.58041000366211,4.98,0.0,0
46907,98.907,29.922,-0.5,0.0,454.098,0.0,0.0,0.2,5.732,0,2.0,1.0050000000000001,309.915,2.6888,33.480000000000004,35.58041000366211,4.98,0.0,0
46907,99.249,29.912000000000003,-0.5,0.0,454.098,0.0,0.0,0.0,5.732,0,2.0,1.04,309.915,-0.28040000000000004,33.33,35.58041000366211,4.98,0.0,0
46907,99.078,29.912000000000003,-0.5,0.0,454.401,0.0,0.0,0.0,5.732,0,2.0,1.0,309.915,-0.47840000000000005,34.26,35.58041000366211,4.98,0.0,0
46907,99.078,29.912000000000003,0.0,0.0,454.28000000000003,0.0,0.0,0.0,5.732,0,2.0,1.0,309.915,-0.8578,35.13,35.58041000366211,4.98,0.0,0
46907,99.249,29.902,-0.5,0.0,453.978,0.0,0.0,0.0,5.732,0,3.0,0.99,309.69,-1.8228000000000002,36.21,35.58041000366211,4.98,0.0,0
46907,99.249,29.902,-0.5,0.0,453.978,0.0,0.0,0.0,5.732,0,1.0,1.0,309.825,-1.6331,37.17,35.58041000366211,4.98,0.0,0
46907,99.078,29.902,-0.5,0.0,453.675,0.0,0.0,0.0,5.732,0,1.0,1.0050000000000001,309.915,0.5773,37.230000000000004,35.58041000366211,4.98,0.0,0
46907,99.078,29.893,0.0,0.0,454.098,0.0,0.0,0.0,5.732,0,3.0,0.995,310.005,4.099200000000001,36.660000000000004,35.58041000366211,4.98,0.0,0
46907,99.249,29.893,0.0,0.0,454.098,0.0,0.0,0.0,5.732,0,2.0,0.99,309.825,3.0352,35.76,35.58041000366211,4.98,0.0,0
46907,99.249,29.893,-0.5,0.0,454.038,0.0,0.0,0.0,5.732,0,2.0,0.995,309.825,-3.0847,35.64,35.58041000366211,4.98,0.0,0
46907,99.078,29.883000000000003,-0.5,0.0,454.038,0.0,0.0,0.2,5.732,0,3.0,1.02,309.825,-4.5363,35.730000000000004,35.58041000366211,4.98,0.0,0
46907,99.078,29.883000000000003,-0.5,0.0,454.098,0.0,0.0,0.2,5.732,0,2.0,0.985,309.825,1.2537,34.95,35.58041000366211,4.98,0.0,0
46907,99.078,29.883000000000003,0.0,0.0,453.91700000000003,0.0,0.0,0.0,5.732,0,1.0,0.98,309.825,0.9402,34.800000000000004,35.58041000366211,4.98,0.0,0
46907,99.078,29.873,-0.5,0.0,454.28000000000003,0.0,0.0,0.0,5.732,0,3.0,0.995,309.825,0.132,33.96,35.58041000366211,4.98,0.0,0
46907,98.73700000000001,29.873,0.0,0.0,454.582,0.0,0.0,0.0,5.732,0,2.0,1.0150000000000001,309.825,-1.1877,33.57,35.58041000366211,4.98,0.0,0
46907,99.078,29.873,-0.5,0.0,454.401,0.0,0.0,0.0,5.732,0,1.0,0.985,309.825,-0.066,34.44,35.58041000366211,4.98,0.0,0
46907,99.249,29.873,-1.0,0.0,454.401,0.0,0.0,0.0,5.732,0,4.0,0.99,309.825,0.0,34.53,35.58041000366211,4.98,0.0,0
46907,99.249,29.863000000000003,0.0,0.0,454.219,0.0,0.0,0.0,5.732,0,2.0,1.0050000000000001,309.69,-0.7918000000000001,35.28,35.58041000366211,4.98,0.0,0
46907,99.249,29.863000000000003,0.0,0.0,454.219,0.0,0.0,0.0,5.732,0,2.0,1.0,309.915,3.1012,36.36,35.58041000366211,4.98,0.0,0
46907,98.907,29.863000000000003,0.0,0.0,454.28000000000003,0.0,0.0,0.0,5.732,0,2.0,0.97,309.825,0.9238000000000001,37.26,35.58041000366211,4.98,0.0,0
46907,99.249,29.854000000000003,-0.5,0.0,454.28000000000003,0.0,0.0,0.0,5.732,0,3.0,1.01,309.915,1.9465000000000001,36.87,35.58041000366211,4.98,0.0,0
46907,99.078,29.854000000000003,0.0,0.0,454.34000000000003,0.0,0.0,0.0,5.732,0,2.0,1.02,309.825,-1.3196,36.42,35.58041000366211,4.98,0.0,0
46907,99.078,29.854000000000003,-0.5,0.0,454.461,0.0,0.0,0.0,5.732,0,2.0,1.0050000000000001,309.825,-2.1114,35.31,35.58041000366211,4.98,0.0,0
46907,99.249,29.844,-0.5,0.0,454.401,0.0,0.0,0.2,5.732,0,3.0,1.0050000000000001,309.915,0.0,35.160000000000004,35.58041000366211,4.98,0.0,0
46907,99.249,29.844,0.0,0.0,454.159,0.0,0.0,0.0,5.732,0,2.0,1.0050000000000001,309.825,2.1114,35.37,35.58041000366211,4.98,0.0,0
46907,99.078,29.844,0.0,0.0,454.34000000000003,0.0,0.0,0.0,5.732,0,2.0,1.0,309.915,1.3196,35.1,35.58041000366211,4.98,0.0,0
46907,99.078,29.834000000000003,-1.0,0.0,454.401,0.0,0.0,-0.2,5.732,0,2.0,1.0,309.825,0.066,34.05,35.58041000366211,4.98,0.0,0
46907,99.249,29.834000000000003,0.0,0.0,454.522,0.0,0.0,0.0,5.732,0,3.0,1.0050000000000001,309.825,-0.5279,33.78,35.58041000366211,4.98,0.0,0
46907,99.078,29.834000000000003,-0.5,0.0,454.34000000000003,0.0,0.0,0.0,5.732,0,1.0,1.0050000000000001,309.825,-0.46190000000000003,33.6,35.58041000366211,4.98,0.0,0
46907,99.249,29.824,0.0,0.0,454.401,0.0,0.0,0.0,5.732,0,2.0,0.975,309.825,0.2639,33.54,35.58041000366211,4.98,0.0,0
46907,98.907,29.824,-1.0,0.0,454.34000000000003,0.0,0.0,0.0,5.732,0,2.0,0.995,309.825,0.5279,34.230000000000004,35.58041000366211,4.98,0.0,0
46907,99.249,29.824,-1.0,0.0,454.28000000000003,0.0,0.0,0.0,5.732,0,2.0,0.99,309.915,2.1114,35.67,35.58041000366211,4.98,0.0,0
46907,99.078,29.814,-0.5,0.0,454.401,0.0,0.0,0.0,5.732,0,2.0,0.97,309.825,-0.5279,36.12,35.58041000366211,4.98,0.0,0
46907,99.249,29.814,-0.5,0.0,454.28000000000003,0.0,0.0,0.0,5.732,0,3.0,0.995,309.915,1.0557,36.0,35.58041000366211,4.98,0.0,0
46907,99.078,29.814,-0.5,0.0,454.219,0.0,0.0,0.0,5.732,0,1.0,1.01,309.915,2.1114,36.09,35.58041000366211,4.98,0.0,0
46907,98.907,29.814,-1.0,0.0,454.219,0.0,0.0,0.0,5.732,0,2.0,1.02,309.915,2.7713,36.06,35.58041000366211,4.98,0.0,0
46907,99.078,29.805,0.0,0.0,454.219,0.0,0.0,0.0,5.732,0,3.0,1.0,309.69,-0.899,35.13,35.58041000366211,4.98,0.0,0
46907,99.249,29.805,-0.5,0.0,454.28000000000003,0.0,0.0,0.0,5.732,0,2.0,1.0,309.915,-0.8578,34.95,35.58041000366211,4.98,0.0,0
46907,99.249,29.805,0.0,0.0,454.159,0.0,0.0,0.0,5.732,0,1.0,1.0,309.825,-0.0495,34.89,35.58041000366211,4.98,0.0,0
46907,99.249,29.795,-0.5,0.0,454.219,0.0,0.0,0.0,5.732,0,3.0,1.0,309.915,2.1609000000000003,34.77,35.58041000366211,4.98,0.0,0
46907,99.249,29.795,-0.5,0.0,454.401,0.0,0.0,0.0,5.732,0,3.0,1.02,309.69,-0.3547,34.05,35.58041000366211,4.98,0.0,0
46907,99.078,29.795,-0.5,0.0,454.219,0.0,0.0,0.0,5.732,0,2.0,0.985,309.825,-0.7258,33.72,35.58041000366211,4.98,0.0,0
46907,99.078,29.785,-0.5,0.0,454.159,0.0,0.0,0.0,5.732,0,2.0,0.98,309.825,-0.9732000000000001,33.36,35.58041000366211,4.98,0.0,0
46907,99.249,29.785,0.0,0.0,454.28000000000003,0.0,0.0,0.0,5.732,0,3.0,0.975,309.825,1.2537,33.45,35.58041000366211,4.98,0.0,0
46907,99.078,29.785,-1.0,0.0,454.64300000000003,0.0,0.0,0.0,5.732,0,1.0,1.0050000000000001,309.825,-4.024900000000001,34.71,35.58041000366211,4.98,0.0,0
46907,98.907,29.775000000000002,-0.5,0.0,454.461,0.0,0.0,0.0,5.732,0,2.0,1.0050000000000001,309.915,0.8413,35.52,35.58041000366211,4.98,0.0,0
46907,99.078,29.775000000000002,-0.5,0.0,453.978,0.0,0.0,-0.2,5.732,0,2.0,1.02,309.825,2.0455,36.03,35.58041000366211,4.98,0.0,0
46907,98.73700000000001,29.775000000000002,0.0,0.0,454.159,0.0,0.0,0.0,5.732,0,2.0,0.995,309.825,1.5588000000000002,36.33,35.58041000366211,4.98,0.0,0
46907,99.249,29.775000000000002,-1.0,0.0,454.34000000000003,0.0,0.0,0.0,5.732,0,1.0,1.0,309.825,0.5279,36.33,35.58041000366211,4.98,0.0,0
46907,99.249,29.766000000000002,0.0,0.0,454.098,0.0,0.0,0.2,5.732,0,2.0,1.01,309.825,0.066,35.85,35.58041000366211,4.98,0.0,0
46907,99.078,29.766000000000002,-0.5,0.0,454.159,0.0,0.0,0.0,5.732,0,3.0,1.01,309.825,-1.5836000000000001,35.22,35.58041000366211,4.98,0.0,0
46907,99.249,29.766000000000002,-0.5,0.0,454.401,0.0,0.0,-0.2,5.732,0,1.0,0.995,309.825,0.0,35.160000000000004,35.58041000366211,4.98,0.0,0
46907,99.078,29.756,-0.5,0.0,454.401,0.0,0.0,0.0,5.732,0,3.0,0.99,309.69,-2.5073000000000003,34.29,35.58041000366211,4.98,0.0,0
46907,99.249,29.756,0.0,0.0,454.401,0.0,0.0,0.0,5.732,0,2.0,0.99,309.915,0.7258,34.410000000000004,35.58041000366211,4.98,0.0,0
46907,99.249,29.756,0.0,0.0,454.28000000000003,0.0,0.0,0.0,5.732,0,2.0,1.01,309.825,2.2434000000000003,34.59,35.58041000366211,4.98,0.0,0
46907,99.249,29.746000000000002,0.0,0.0,454.401,0.0,0.0,0.0,5.732,0,2.0,1.04,309.69,-3.1672000000000002,34.230000000000004,35.58041000366211,4.98,0.0,0
46907,99.249,29.746000000000002,-1.0,0.0,454.461,0.0,0.0,0.0,5.732,0,2.0,0.995,309.825,-1.3196,33.660000000000004,35.58041000366211,4.98,0.0,0
46907,99.249,29.746000000000002,0.5,0.0,454.64300000000003,0.0,0.0,-0.2,5.732,0,2.0,1.0050000000000001,309.825,3.1672000000000002,33.69,35.58041000366211,4.98,0.0,0
46907,98.907,29.736,-0.5,0.0,454.461,0.0,0.0,0.0,5.732,0,2.0,1.0,309.915,3.2991,33.57,35.58041000366211,4.98,0.0,0
46907,99.078,29.736,-0.5,0.0,454.219,0.0,0.0,0.2,5.732,0,2.0,1.0150000000000001,309.915,1.5176,35.01,35.58041000366211,4.98,0.0,0
46907,99.249,29.736,0.0,0.0,454.038,0.0,0.0,0.0,5.732,0,2.0,1.0,309.915,2.5073000000000003,36.27,35.58041000366211,4.98,0.0,0
46907,98.907,29.727,-0.5,0.0,454.219,0.0,0.0,0.0,5.732,0,2.0,0.995,309.825,0.3299,36.21,35.58041000366211,4.98,0.0,0
46907,99.078,29.727,-0.5,0.0,454.28000000000003,0.0,0.0,0.0,5.732,0,2.0,1.0050000000000001,309.825,-0.6598,36.21,35.58041000366211,4.98,0.0,0
46907,98.907,29.727,0.0,0.0,454.159,0.0,0.0,0.0,5.732,0,2.0,1.0150000000000001,309.825,0.3299,35.97,35.58041000366211,4.98,0.0,0
46907,99.078,29.717000000000002,0.0,0.0,454.038,0.0,0.0,0.2,5.732,0,3.0,0.995,309.825,0.0,35.34,35.58041000366211,4.98,0.0,0
46907,98.907,29.717000000000002,-0.5,0.0,454.34000000000003,0.0,0.0,0.0,5.732,0,1.0,0.99,309.825,1.5836000000000001,34.95,35.58041000366211,4.98,0.0,0
46907,99.249,29.717000000000002,0.0,0.0,454.34000000000003,0.0,0.0,0.0,5.732,0,2.0,1.01,309.915,2.1114,33.69,35.58041000366211,4.98,0.0,0
46907,99.078,29.717000000000002,-0.5,0.0,454.34000000000003,0.0,0.0,0.0,5.732,0,4.0,1.0150000000000001,309.825,1.5836000000000001,33.54,35.58041000366211,4.98,0.0,0
46907,99.249,29.707,-1.0,0.0,454.219,0.0,0.0,0.2,5.732,0,3.0,1.0050000000000001,309.825,-0.9238000000000001,32.55,35.58041000366211,4.98,0.0,0
46907,99.078,29.707,-1.0,0.0,454.219,0.0,0.0,0.0,5.732,0,1.0,1.0,309.825,-2.3754,33.0,35.58041000366211,4.98,0.0,0
46907,99.078,29.707,0.0,0.0,454.159,0.0,0.0,0.0,5.732,0,1.0,1.0050000000000001,309.69,-2.664,34.2,35.58041000366211,4.98,0.0,0
46907,98.907,29.697000000000003,-0.5,0.0,454.159,0.0,0.0,0.0,5.732,0,2.0,1.0,309.915,1.2372,34.230000000000004,35.58041000366211,4.98,0.0,0
46907,98.73700000000001,29.697000000000003,0.0,0.0,454.34000000000003,0.0,0.0,0.0,5.732,0,2.0,1.03,309.825,2.3094,34.44,35.58041000366211,4.98,0.0,0
46907,99.249,29.697000000000003,-1.0,0.0,454.28000000000003,0.0,0.0,-0.2,5.732,0,2.0,0.99,309.915,1.3444,35.58,35.58041000366211,4.98,0.0,0
46907,98.907,29.688000000000002,0.0,0.0,454.098,0.0,0.0,0.0,5.732,0,1.0,1.01,309.915,0.132,35.4,35.58041000366211,4.98,0.0,0
46907,99.249,29.688000000000002,-0.5,0.0,454.219,0.0,0.0,0.0,5.732,0,2.0,0.985,309.825,0.19790000000000002,35.43,35.58041000366211,4.98,0.0,0
46907,98.907,29.688000000000002,-0.5,0.0,454.401,0.0,0.0,0.0,5.732,0,2.0,0.995,309.825,-1.7815,35.58,35.58041000366211,4.98,0.0,0
46907,99.078,29.678,0.0,0.0,454.401,0.0,0.0,0.0,5.732,0,2.0,1.0,309.915,-1.0557,35.34,35.58041000366211,4.98,0.0,0
46907,99.078,29.678,0.0,0.0,454.159,0.0,0.0,0.0,5.732,0,1.0,1.0,309.825,1.1382,35.79,35.58041000366211,4.98,0.0,0
46907,99.249,29.678,0.0,0.0,454.038,0.0,0.0,0.0,5.732,0,2.0,0.985,309.69,-1.097,35.7,35.58041000366211,4.98,0.0,0
46907,99.249,29.678,-0.5,0.0,454.038,0.0,0.0,0.0,5.732,0,2.0,1.0050000000000001,309.69,-2.0125,35.7,35.58041000366211,4.98,0.0,0
46907,99.249,29.668000000000003,-0.5,0.0,454.219,0.0,0.0,0.0,5.732,0,2.0,0.995,309.825,-3.0352,35.160000000000004,35.58041000366211,4.98,0.0,0
46907,98.907,29.668000000000003,-0.5,0.0,453.91700000000003,0.0,0.0,0.0,5.732,0,1.0,0.99,309.825,0.7918000000000001,34.29,35.58041000366211,4.98,0.0,0
46907,99.078,29.668000000000003,-0.5,0.0,453.736,0.0,0.0,0.0,5.732,0,2.0,1.0,309.915,4.6188,33.42,35.58041000366211,4.98,0.0,0
46907,99.078,29.658,0.0,0.0,453.91700000000003,0.0,0.0,0.2,5.732,0,2.0,0.995,309.825,0.5279,33.3,35.58041000366211,4.98,0.0,0
46907,99.078,29.658,0.0,0.0,454.28000000000003,0.0,0.0,0.0,5.732,0,2.0,1.01,309.825,-4.0909,33.36,35.58041000366211,4.98,0.0,0
46907,98.907,29.658,-0.5,0.0,453.978,0.0,0.0,0.0,5.732,0,2.0,1.01,309.825,-0.9897,34.17,35.58041000366211,4.98,0.0,0
46907,99.249,29.648,-0.5,0.0,454.038,0.0,0.0,0.0,5.732,0,2.0,0.985,309.915,6.4663,35.28,35.58041000366211,4.98,0.0,0
46907,99.249,29.648,-0.5,0.0,454.219,0.0,0.0,0.0,5.732,0,2.0,0.98,309.825,1.5836000000000001,36.06,35.58041000366211,4.98,0.0,0
46907,99.249,29.648,-0.5,0.0,453.91700000000003,0.0,0.0,0.0,5.732,0,3.0,1.0,309.69,-5.1466,36.300000000000004,35.58041000366211,4.98,0.0,0
46907,99.078,29.639000000000003,-0.5,0.0,453.978,0.0,0.0,-0.2,5.732,0,2.0,1.01,309.825,-3.3651,35.97,35.58041000366211,4.98,0.0,0
46907,99.249,29.639000000000003,0.0,0.0,453.978,0.0,0.0,0.2,5.732,0,1.0,1.0050000000000001,309.825,-0.132,35.85,35.58041000366211,4.98,0.0,0
46907,98.907,29.639000000000003,-0.5,0.0,454.461,0.0,0.0,-0.2,5.732,0,3.0,1.035,310.005,5.0477,36.06,35.58041000366211,4.98,0.0,0
46907,99.078,29.629,0.0,0.0,453.91700000000003,0.0,0.0,0.0,5.732,0,2.0,0.985,309.915,3.6950000000000003,36.24,35.58041000366211,4.98,0.0,0
46907,98.907,29.629,0.0,0.0,453.91700000000003,0.0,0.0,0.0,5.732,0,2.0,0.985,309.915,-2.9692000000000003,35.85,35.58041000366211,4.98,0.0,0
46907,98.907,29.629,0.0,0.0,454.038,0.0,0.0,0.2,5.732,0,3.0,1.025,309.915,-4.2229,34.59,35.58041000366211,4.98,0.0,0
46907,99.249,29.629,0.0,0.0,454.038,0.0,0.0,0.0,5.732,0,3.0,0.99,309.915,0.2639,33.99,35.58041000366211,4.98,0.0,0
46907,99.249,29.619,0.0,0.0,454.159,0.0,0.0,0.2,5.732,0,2.0,0.995,309.825,0.7918000000000001,33.54,35.58041000366211,4.98,0.0,0
46907,99.249,29.619,-0.5,0.0,453.736,0.0,0.0,0.0,5.732,0,2.0,1.0050000000000001,309.915,-0.5279,34.08,35.58041000366211,4.98,0.0,0
46907,99.078,29.619,0.0,0.0,453.91700000000003,0.0,0.0,0.0,5.732,0,2.0,1.02,309.825,-1.0557,34.59,35.58041000366211,4.98,0.0,0
46907,99.078,29.609,0.0,0.0,454.34000000000003,0.0,0.0,0.0,5.732,0,2.0,1.0050000000000001,309.915,1.5176,35.52,35.58041000366211,4.98,0.0,0
46907,99.078,29.609,-0.5,0.0,454.038,0.0,0.0,0.0,5.732,0,2.0,1.0,309.825,-1.3196,36.63,35.58041000366211,4.98,0.0,0
46907,99.078,29.609,0.0,0.0,453.978,0.0,0.0,0.0,5.732,0,2.0,0.99,309.69,-3.596,37.32,35.58041000366211,4.98,0.0,0
46907,99.078,29.6,0.0,0.0,453.91700000000003,0.0,0.0,0.0,5.732,0,1.0,1.0,309.915,-1.1877,36.78,35.58041000366211,4.98,0.0,0
46907,99.249,29.6,0.0,0.0,454.219,0.0,0.0,0.0,5.732,0,2.0,1.0150000000000001,309.915,3.3651,35.58,35.58041000366211,4.98,0.0,0
46907,99.249,29.6,-0.5,0.0,454.401,0.0,0.0,0.0,5.732,0,3.0,0.995,309.825,1.1877,35.46,35.58041000366211,4.98,0.0,0
46907,99.249,29.59,0.0,0.0,454.219,0.0,0.0,0.0,5.732,0,2.0,1.01,309.825,-2.0455,36.0,35.58041000366211,4.98,0.0,0
46907,99.249,29.59,0.0,0.0,454.038,0.0,0.0,0.0,5.732,0,3.0,0.985,309.915,-0.2639,36.36,35.58041000366211,4.98,0.0,0
46907,99.249,29.59,-0.5,0.0,453.91700000000003,0.0,0.0,0.0,5.732,0,2.0,0.995,309.915,0.9897,35.79,35.58041000366211,4.98,0.0,0
46907,99.078,29.580000000000002,0.0,0.0,454.098,0.0,0.0,0.2,5.732,0,3.0,0.99,309.915,1.5836000000000001,35.07,35.58041000366211,4.98,0.0,0
46907,99.078,29.580000000000002,-0.5,0.0,454.159,0.0,0.0,0.0,5.732,0,2.0,1.0050000000000001,309.825,-1.5176,34.02,35.58041000366211,4.98,0.0,0
46907,99.078,29.580000000000002,-1.0,0.0,454.159,0.0,0.0,0.0,5.732,0,1.0,0.99,309.825,-1.5671000000000002,33.9,35.58041000366211,4.98,0.0,0
46907,98.907,29.580000000000002,0.0,0.0,453.91700000000003,0.0,0.0,0.0,5.732,0,1.0,1.0150000000000001,309.825,-2.7548,32.85,35.58041000366211,4.98,0.0,0
46907,99.249,29.57,-0.5,0.0,454.038,0.0,0.0,0.0,5.732,0,2.0,0.99,309.825,-0.7753,33.39,35.58041000366211,4.98,0.0,0
46907,99.078,29.57,0.0,0.0,454.219,0.0,0.0,-0.2,5.732,0,1.0,1.0,309.825,1.8475000000000001,34.86,35.58041000366211,4.98,0.0,0
46907,99.078,29.57,0.0,0.0,454.159,0.0,0.0,0.0,5.732,0,2.0,1.0050000000000001,309.915,0.6433,36.480000000000004,35.58041000366211,4.98,0.0,0
46907,99.249,29.561,-0.5,0.0,453.978,0.0,0.0,0.0,5.732,0,2.0,0.99,309.825,1.4516,37.02,35.58041000366211,4.98,0.0,0
46907,99.078,29.561,-0.5,0.0,454.038,0.0,0.0,0.0,5.732,0,2.0,0.995,309.825,0.6763,36.72,35.58041000366211,4.98,0.0,0
46907,99.078,29.561,-0.5,0.0,454.159,0.0,0.0,0.0,5.732,0,2.0,1.0,309.825,-0.5114000000000001,36.09,35.58041000366211,4.98,0.0,0
46907,99.078,29.551000000000002,-0.5,0.0,454.219,0.0,0.0,0.0,5.732,0,1.0,0.995,309.915,3.0352,35.49,35.58041000366211,4.98,0.0,0
46907,99.078,29.551000000000002,-0.5,0.0,453.857,0.0,0.0,0.0,5.732,0,2.0,1.01,309.69,-2.5486,35.19,35.58041000366211,4.98,0.0,0
46907,99.078,29.551000000000002,0.0,0.0,453.55400000000003,0.0,0.0,-0.2,5.732,0,1.0,1.0150000000000001,309.825,-3.2826,35.19,35.58041000366211,4.98,0.0,0
46907,99.078,29.541,-0.5,0.0,453.796,0.0,0.0,0.0,5.732,0,2.0,1.0,309.825,3.1837,35.13,35.58041000366211,4.98,0.0,0
46907,99.078,29.541,-0.5,0.0,454.159,0.0,0.0,0.0,5.732,0,2.0,0.995,309.69,2.5321000000000002,34.86,35.58041000366211,4.98,0.0,0
46907,99.249,29.541,0.0,0.0,454.098,0.0,0.0,0.0,5.732,0,2.0,1.0,309.825,-1.6496000000000002,34.08,35.58041000366211,4.98,0.0,0
46907,99.078,29.531000000000002,0.0,0.0,454.522,0.0,0.0,0.0,5.732,0,1.0,0.98,309.69,-4.0497000000000005,33.72,35.58041000366211,4.98,0.0,0
46907,99.249,29.531000000000002,-0.5,0.0,454.219,0.0,0.0,0.0,5.732,0,2.0,1.0150000000000001,309.825,2.8785000000000003,33.99,35.58041000366211,4.98,0.0,0
46907,99.078,29.531000000000002,0.0,0.0,454.159,0.0,0.0,0.2,5.732,0,1.0,1.01,309.915,2.8207,34.89,35.58041000366211,4.98,0.0,0
46907,98.73700000000001,29.521,-0.5,0.0,454.28000000000003,0.0,0.0,0.0,5.732,0,2.0,0.985,309.825,3.6043000000000003,35.97,35.58041000366211,4.98,0.0,0
46907,99.249,29.521,-0.5,0.0,454.522,0.0,0.0,0.0,5.732,0,2.0,0.985,309.825,0.6763,37.02,35.58041000366211,4.98,0.0,0
46907,98.73700000000001,29.521,0.0,0.0,454.522,0.0,0.0,0.0,5.732,0,2.0,0.995,309.825,0.7918000000000001,37.02,35.58041000366211,4.98,0.0,0
46907,99.249,29.521,-0.5,0.0,454.159,0.0,0.0,0.0,5.732,0,2.0,0.99,309.825,-0.9897,36.660000000000004,35.58041000366211,4.98,0.0,0
46907,99.249,29.512,-0.5,0.0,453.91700000000003,0.0,0.0,0.0,5.732,0,2.0,0.99,309.825,-1.5836000000000001,36.18,35.58041000366211,4.98,0.0,0
46907,99.249,29.512,-0.5,0.0,453.857,0.0,0.0,0.0,5.732,0,2.0,0.99,309.915,-0.5938,35.160000000000004,35.58041000366211,4.98,0.0,0
46907,99.078,29.512,-0.5,0.0,453.978,0.0,0.0,0.0,5.732,0,2.0,0.995,309.825,0.7918000000000001,35.04,35.58041000366211,4.98,0.0,0
46907,99.419,29.502000000000002,0.0,0.0,453.736,0.0,0.0,0.0,5.732,0,2.0,0.995,309.825,2.1114,34.410000000000004,35.58041000366211,4.98,0.0,0
46907,99.078,29.502000000000002,0.0,0.0,454.038,0.0,0.0,0.0,5.732,0,2.0,1.025,309.915,-1.9795,34.83,35.58041000366211,4.98,0.0,0
46907,98.907,29.502000000000002,0.0,0.0,453.978,0.0,0.0,0.0,5.732,0,2.0,0.985,309.915,-1.1217000000000001,34.44,35.58041000366211,4.98,0.0,0
46907,99.078,29.492,-0.5,0.0,454.219,0.0,0.0,-0.2,5.732,0,2.0,1.0050000000000001,309.69,-0.132,33.96,35.58041000366211,4.98,0.0,0
46907,99.249,29.492,-0.5,0.0,454.098,0.0,0.0,0.0,5.732,0,2.0,1.0,309.825,-0.9897,33.69,35.58041000366211,4.98,0.0,0
46907,99.249,29.492,-0.5,0.0,454.038,0.0,0.0,0.0,5.732,0,2.0,1.025,309.915,2.5073000000000003,34.53,35.58041000366211,4.98,0.0,0
46907,98.73700000000001,29.492,-0.5,0.0,453.857,0.0,0.0,0.0,5.732,0,2.0,1.04,309.69,0.5279,35.46,35.58041000366211,4.98,0.0,0
46907,98.907,29.482000000000003,0.0,0.0,454.219,0.0,0.0,0.2,5.732,0,2.0,1.0,309.69,-3.4311000000000003,35.910000000000004,35.58041000366211,4.98,0.0,0
46907,99.249,29.482000000000003,-0.5,0.0,454.219,0.0,0.0,0.0,5.732,0,1.0,0.995,309.825,0.066,36.18,35.58041000366211,4.98,0.0,0
46907,99.078,29.482000000000003,0.0,0.0,453.91700000000003,0.0,0.0,0.0,5.732,0,3.0,1.0,309.825,1.0557,36.300000000000004,35.58041000366211,4.98,0.0,0
46907,99.249,29.473000000000003,-0.5,0.0,453.91700000000003,0.0,0.0,0.0,5.732,0,2.0,1.01,309.915,0.8908,36.51,35.58041000366211,4.98,0.0,0
46907,99.078,29.473000000000003,0.0,0.0,453.91700000000003,0.0,0.0,0.0,5.732,0,1.0,0.985,309.825,2.1114,36.54,35.58041000366211,4.98,0.0,0
46907,99.249,29.473000000000003,-0.5,0.0,453.857,0.0,0.0,0.2,5.732,0,2.0,1.01,309.825,1.0557,35.46,35.58041000366211,4.98,0.0,0
46907,99.249,29.463,0.0,0.0,453.736,0.0,0.0,0.0,5.732,0,2.0,0.99,309.825,-1.5836000000000001,34.32,35.58041000366211,4.98,0.0,0
46907,98.907,29.463,-0.5,0.0,453.736,0.0,0.0,0.2,5.732,0,2.0,0.985,309.915,-0.066,34.11,35.58041000366211,4.98,0.0,0
46907,99.078,29.463,0.0,0.0,453.736,0.0,0.0,0.0,5.732,0,2.0,1.025,309.915,1.9795,34.08,35.58041000366211,4.98,0.0,0
46907,99.249,29.453000000000003,0.0,0.0,453.736,0.0,0.0,0.0,5.732,0,2.0,0.99,309.825,-0.2639,34.02,35.58041000366211,4.98,0.0,0
46907,98.907,29.453000000000003,-0.5,0.0,454.038,0.0,0.0,0.0,5.732,0,2.0,0.98,309.915,0.9238000000000001,34.35,35.58041000366211,4.98,0.0,0
46907,99.078,29.453000000000003,-0.5,0.0,453.796,0.0,0.0,-0.2,5.732,0,2.0,0.995,309.825,4.5528,33.96,35.58041000366211,4.98,0.0,0
46907,98.907,29.443,-0.5,0.0,453.857,0.0,0.0,-0.2,5.732,0,2.0,1.025,309.825,-2.1114,34.86,35.58041000366211,4.98,0.0,0
46907,99.249,29.443,-0.5,0.0,454.219,0.0,0.0,0.0,5.732,0,2.0,1.0150000000000001,309.825,-2.5733,35.67,35.58041000366211,4.98,0.0,0
46907,99.249,29.443,-0.5,0.0,453.857,0.0,0.0,0.0,5.732,0,3.0,1.0,309.915,2.9032,36.06,35.58041000366211,4.98,0.0,0
46907,99.078,29.434,0.0,0.0,453.372,0.0,0.0,0.0,5.732,0,2.0,0.995,309.915,1.5176,35.49,35.58041000366211,4.98,0.0,0
46907,99.249,29.434,0.0,0.0,453.372,0.0,0.0,0.0,5.732,0,2.0,1.01,309.915,1.4351,35.49,35.58041000366211,4.98,0.0,0
46907,98.907,29.434,0.0,0.0,453.55400000000003,0.0,0.0,0.0,5.732,0,2.0,0.985,309.69,-1.1629,35.97,35.58041000366211,4.98,0.0,0
46907,98.907,29.434,0.0,0.0,453.615,0.0,0.0,0.0,5.732,0,1.0,0.985,309.825,-2.4249,35.85,35.58041000366211,4.98,0.0,0
46907,99.249,29.424000000000003,0.0,0.0,454.038,0.0,0.0,0.0,5.732,0,2.0,0.995,310.005,1.2372,35.31,35.58041000366211,4.98,0.0,0
46907,99.249,29.424000000000003,0.0,0.0,454.098,0.0,0.0,0.0,5.732,0,1.0,0.995,309.825,2.9692000000000003,34.89,35.58041000366211,4.98,0.0,0
46907,98.907,29.424000000000003,-0.5,0.0,454.098,0.0,0.0,0.2,5.732,0,1.0,1.0150000000000001,309.825,-1.9795,34.32,35.58041000366211,4.98,0.0,0
46907,98.907,29.414,-0.5,0.0,454.038,0.0,0.0,0.0,5.732,0,3.0,1.0,309.915,-1.6001,33.660000000000004,35.58041000366211,4.98,0.0,0
46907,99.249,29.414,-0.5,0.0,453.91700000000003,0.0,0.0,0.2,5.732,0,2.0,1.01,309.915,3.1507,33.660000000000004,35.58041000366211,4.98,0.0,0
46907,99.249,29.414,0.0,0.0,454.038,0.0,0.0,0.0,5.732,0,2.0,0.995,309.825,1.4681,33.63,35.58041000366211,4.98,0.0,0
46907,99.078,29.404,-0.5,0.0,453.91700000000003,0.0,0.0,0.0,5.732,0,2.0,0.995,309.825,-5.46,33.24,35.58041000366211,4.98,0.0,0
46907,99.249,29.404,-0.5,0.0,454.038,0.0,0.0,0.0,5.732,0,1.0,1.02,309.825,-2.6888,34.38,35.58041000366211,4.98,0.0,0
46907,99.249,29.404,0.0,0.0,453.978,0.0,0.0,0.0,5.732,0,2.0,1.0,309.825,1.2537,34.980000000000004,35.58041000366211,4.98,0.0,0
46907,98.907,29.404,-0.5,0.0,453.91700000000003,0.0,0.0,0.0,5.732,0,2.0,0.995,309.915,0.8825000000000001,35.22,35.58041000366211,4.98,0.0,0
46907,99.249,29.395000000000003,0.0,0.0,453.91700000000003,0.0,0.0,-0.2,5.732,0,2.0,0.975,309.915,-0.28040000000000004,35.19,35.58041000366211,4.98,0.0,0
46907,99.078,29.395000000000003,-0.5,0.0,453.978,0.0,0.0,0.0,5.732,0,2.0,0.995,309.825,1.7155,35.160000000000004,35.58041000366211,4.98,0.0,0
46907,99.249,29.395000000000003,0.0,0.0,454.098,0.0,0.0,0.0,5.732,0,2.0,1.0150000000000001,309.825,1.2042000000000002,34.68,35.58041000366211,4.98,0.0,0
46907,99.249,29.385,-1.0,0.0,454.159,0.0,0.0,0.2,5.732,0,3.0,1.0050000000000001,309.915,-1.2042000000000002,34.800000000000004,35.58041000366211,4.98,0.0,0
46907,99.249,29.385,0.0,0.0,453.91700000000003,0.0,0.0,0.0,5.732,0,2.0,1.0,310.005,-0.6928000000000001,34.68,35.58041000366211,4.98,0.0,0
46907,99.078,29.385,0.0,0.0,453.736,0.0,0.0,0.0,5.732,0,2.0,1.01,309.825,0.6763,33.93,35.58041000366211,4.98,0.0,0
46907,98.907,29.375,-0.5,0.0,454.038,0.0,0.0,0.0,5.732,0,1.0,1.02,309.915,-1.7155,33.69,35.58041000366211,4.98,0.0,0
46907,99.249,29.375,-0.5,0.0,453.857,0.0,0.0,0.2,5.732,0,2.0,1.0150000000000001,309.915,-1.0722,33.06,35.58041000366211,4.98,0.0,0
46907,99.249,29.375,-0.5,0.0,454.159,0.0,0.0,0.0,5.732,0,2.0,1.0050000000000001,309.825,3.1672000000000002,32.49,35.58041000366211,4.98,0.0,0
46907,98.907,29.365000000000002,0.0,0.0,454.219,0.0,0.0,0.2,5.732,0,2.0,1.025,309.915,0.7753,33.3,35.58041000366211,4.98,0.0,0
46907,99.078,29.365000000000002,0.0,0.0,454.159,0.0,0.0,0.0,5.732,0,3.0,0.97,309.825,-0.1155,34.05,35.58041000366211,4.98,0.0,0
46907,99.249,29.365000000000002,-0.5,0.0,453.796,0.0,0.0,0.0,5.732,0,2.0,0.99,310.005,0.7753,35.19,35.58041000366211,4.98,0.0,0
46907,99.078,29.355,0.0,0.0,453.736,0.0,0.0,0.0,5.732,0,1.0,0.995,309.825,-5.0641,35.7,35.58041000366211,4.98,0.0,0
46907,99.249,29.355,-0.5,0.0,453.736,0.0,0.0,0.0,5.732,0,2.0,1.02,309.825,0.47840000000000005,35.61,35.58041000366211,4.98,0.0,0
46907,99.078,29.355,-0.5,0.0,453.91700000000003,0.0,0.0,0.0,5.732,0,2.0,1.035,309.69,0.9155000000000001,35.4,35.58041000366211,4.98,0.0,0
46907,98.907,29.355,-0.5,0.0,453.91700000000003,0.0,0.0,0.0,5.732,0,1.0,1.0050000000000001,309.69,0.7588,35.34,35.58041000366211,4.98,0.0,0
46907,99.249,29.355,-0.5,0.0,454.038,0.0,0.0,0.0,5.732,0,2.0,0.995,309.915,-1.9795,34.71,35.58041000366211,4.98,0.0,0
46907,99.249,29.346,0.5,0.0,454.098,0.0,0.0,0.0,5.732,0,2.0,0.99,309.915,-0.3299,34.32,35.58041000366211,4.98,0.0,0
46907,99.249,29.346,0.0,0.0,454.28000000000003,0.0,0.0,0.0,5.732,0,1.0,0.985,309.915,4.6188,34.35,35.58041000366211,4.98,0.0,0
46907,99.078,29.346,-0.5,0.0,453.978,0.0,0.0,0.0,5.732,0,4.0,1.01,309.825,0.066,34.17,35.58041000366211,4.98,0.0,0
46907,99.078,29.336000000000002,0.0,0.0,454.038,0.0,0.0,0.0,5.732,0,2.0,0.975,309.825,-1.5836000000000001,34.08,35.58041000366211,4.98,0.0,0
46907,99.249,29.336000000000002,-0.5,0.0,453.615,0.0,0.0,0.0,5.732,0,2.0,1.0050000000000001,309.825,0.066,33.6,35.58041000366211,4.98,0.0,0
46907,99.249,29.336000000000002,-1.0,0.0,453.55400000000003,0.0,0.0,0.0,5.732,0,2.0,1.01,309.915,-1.4516,33.21,35.58041000366211,4.98,0.0,0
46907,98.907,29.326,-0.5,0.0,454.038,0.0,0.0,-0.2,5.732,0,2.0,1.0,309.915,-0.066,32.88,35.58041000366211,4.98,0.0,0
46907,99.249,29.326,0.0,0.0,454.038,0.0,0.0,0.0,5.732,0,2.0,0.975,309.69,0.2639,33.27,35.58041000366211,4.98,0.0,0
46907,99.078,29.326,0.0,0.0,453.91700000000003,0.0,0.0,0.0,5.732,0,2.0,1.01,309.825,-3.8930000000000002,33.9,35.58041000366211,4.98,0.0,0
46907,98.907,29.316000000000003,-0.5,0.0,453.91700000000003,0.0,0.0,0.0,5.732,0,2.0,1.02,309.825,-1.9795,35.37,35.58041000366211,4.98,0.0,0
46907,99.078,29.316000000000003,0.5,0.0,453.978,0.0,0.0,0.0,5.732,0,1.0,1.02,309.915,1.1547,35.82,35.58041000366211,4.98,0.0,0
46907,99.078,29.316000000000003,0.0,0.0,454.038,0.0,0.0,0.0,5.732,0,2.0,0.995,309.825,0.132,35.07,35.58041000366211,4.98,0.0,0
46907,99.249,29.307000000000002,-0.5,0.0,454.34000000000003,0.0,0.0,0.0,5.732,0,2.0,0.975,309.915,3.1012,35.160000000000004,35.58041000366211,4.98,0.0,0
46907,99.078,29.307000000000002,0.0,0.0,454.522,0.0,0.0,0.0,5.732,0,2.0,1.0,309.825,-1.0557,34.410000000000004,35.58041000366211,4.98,0.0,0
46907,99.249,29.307000000000002,0.0,0.0,454.219,0.0,0.0,0.0,5.732,0,2.0,1.025,309.825,-5.5425,34.35,35.58041000366211,4.98,0.0,0
46907,99.249,29.297,0.0,0.0,454.219,0.0,0.0,0.0,5.732,0,2.0,0.995,309.825,-2.2434000000000003,34.92,35.58041000366211,4.98,0.0,0
46907,99.078,29.297,-0.5,0.0,454.28000000000003,0.0,0.0,0.0,5.732,0,1.0,0.98,309.915,4.1569,35.49,35.58041000366211,4.98,0.0,0
46907,99.419,29.297,-0.5,0.0,454.159,0.0,0.0,0.0,5.732,0,2.0,0.985,309.915,4.2229,35.25,35.58041000366211,4.98,0.0,0
46907,98.907,29.287000000000003,-0.5,0.0,454.219,0.0,0.0,0.0,5.732,0,2.0,1.0,309.915,-0.066,34.08,35.58041000366211,4.98,0.0,0
46907,99.249,29.287000000000003,0.0,0.0,453.91700000000003,0.0,0.0,0.0,5.732,0,1.0,1.0050000000000001,309.825,-2.5073000000000003,32.49,35.58041000366211,4.98,0.0,0
46907,99.249,29.287000000000003,-0.5,0.0,453.857,0.0,0.0,-0.2,5.732,0,1.0,0.9550000000000001,309.825,0.8578,31.8,35.58041000366211,4.98,0.0,0
46907,99.249,29.287000000000003,-0.5,0.0,453.978,0.0,0.0,0.0,5.732,0,2.0,0.995,309.825,-2.1114,33.15,35.58041000366211,4.98,0.0,0
46907,99.249,29.277,0.0,0.0,454.038,0.0,0.0,0.2,5.732,0,2.0,0.98,309.825,-5.5425,34.71,35.58041000366211,4.98,0.0,0
46907,99.078,29.277,-0.5,0.0,454.038,0.0,0.0,0.0,5.732,0,2.0,0.99,309.825,-5.2786,34.77,35.58041000366211,4.98,0.0,0
46907,99.249,29.277,-0.5,0.0,454.219,0.0,0.0,0.0,5.732,0,2.0,1.0050000000000001,309.915,2.6228000000000002,35.97,35.58041000366211,4.98,0.0,0
46907,99.078,29.277,-1.0,0.0,453.978,0.0,0.0,0.0,5.732,0,3.0,1.02,309.915,7.1096,35.67,35.58041000366211,4.98,0.0,0
46907,99.249,29.268,0.0,0.0,453.91700000000003,0.0,0.0,0.0,5.732,0,2.0,1.0150000000000001,309.825,-3.2331000000000003,34.71,35.58041000366211,4.98,0.0,0
46907,98.907,29.268,-0.5,0.0,453.736,0.0,0.0,0.0,5.732,0,2.0,0.995,309.915,-2.0455,34.26,35.58041000366211,4.98,0.0,0
46907,99.249,29.268,0.0,0.0,454.219,0.0,0.0,0.0,5.732,0,2.0,0.985,309.825,2.3259000000000003,34.17,35.58041000366211,4.98,0.0,0
46907,98.907,29.258000000000003,-1.0,0.0,454.098,0.0,0.0,0.0,5.732,0,1.0,1.0,309.69,-1.6496000000000002,34.32,35.58041000366211,4.98,0.0,0
46907,99.078,29.258000000000003,0.0,0.0,454.038,0.0,0.0,0.0,5.732,0,1.0,1.02,309.825,-4.7342,34.74,35.58041000366211,4.98,0.0,0
46907,99.249,29.258000000000003,0.0,0.0,453.91700000000003,0.0,0.0,0.0,5.732,0,2.0,1.01,309.825,-0.2474,34.230000000000004,35.58041000366211,4.98,0.0,0
46907,99.078,29.248,-0.5,0.0,453.736,0.0,0.0,0.0,5.732,0,2.0,0.995,309.825,-0.48660000000000003,34.410000000000004,35.58041000366211,4.98,0.0,0
46907,98.907,29.248,-0.5,0.0,453.55400000000003,0.0,0.0,0.0,5.732,0,1.0,0.99,309.915,3.0599000000000003,33.84,35.58041000366211,4.98,0.0,0
46907,99.249,29.248,0.0,0.0,453.615,0.0,0.0,0.0,5.732,0,3.0,0.995,309.825,2.1774,33.36,35.58041000366211,4.98,0.0,0
46907,99.249,29.248,-0.5,0.0,453.978,0.0,0.0,0.0,5.732,0,2.0,1.01,309.915,0.3547,33.42,35.58041000366211,4.98,0.0,0
46907,99.078,29.238000000000003,0.0,0.0,453.736,0.0,0.0,0.0,5.732,0,2.0,0.995,309.825,0.41240000000000004,34.38,35.58041000366211,4.98,0.0,0
46907,98.907,29.238000000000003,-0.5,0.0,454.159,0.0,0.0,0.0,5.732,0,2.0,0.98,309.915,0.6433,35.550000000000004,35.58041000366211,4.98,0.0,0
46907,98.907,29.238000000000003,-0.5,0.0,453.736,0.0,0.0,-0.2,5.732,0,2.0,0.98,309.825,-4.0084,36.12,35.58041000366211,4.98,0.0,0
46907,99.249,29.229000000000003,-1.0,0.0,453.91700000000003,0.0,0.0,0.0,5.732,0,2.0,1.0,309.69,-2.6146000000000003,35.88,35.58041000366211,4.98,0.0,0
46907,99.078,29.229000000000003,0.0,0.0,453.978,0.0,0.0,0.0,5.732,0,2.0,0.995,309.915,0.2639,34.980000000000004,35.58041000366211,4.98,0.0,0
46907,99.249,29.229000000000003,0.0,0.0,454.159,0.0,0.0,0.0,5.732,0,2.0,1.0050000000000001,309.69,-0.23920000000000002,35.46,35.58041000366211,4.98,0.0,0
46907,99.078,29.219,-0.5,0.0,454.098,0.0,0.0,0.0,5.732,0,2.0,1.0150000000000001,309.825,1.9547,35.85,35.58041000366211,4.98,0.0,0
46907,99.249,29.219,-0.5,0.0,454.159,0.0,0.0,0.0,5.732,0,2.0,0.99,309.825,-0.8578,35.25,35.58041000366211,4.98,0.0,0
46907,99.249,29.219,0.0,0.0,453.91700000000003,0.0,0.0,0.0,5.732,0,2.0,0.995,309.825,3.6043000000000003,34.56,35.58041000366211,4.98,0.0,0
46907,99.249,29.209,0.0,0.0,454.401,0.0,0.0,0.0,5.732,0,2.0,0.985,309.825,0.2639,34.2,35.58041000366211,4.98,0.0,0
46907,99.249,29.209,-0.5,0.0,453.857,0.0,0.0,0.0,5.732,0,2.0,1.0,309.825,-0.6598,33.54,35.58041000366211,4.98,0.0,0
46907,98.73700000000001,29.209,0.0,0.0,454.098,0.0,0.0,0.0,5.732,0,2.0,0.99,309.825,-2.2929,33.660000000000004,35.58041000366211,4.98,0.0,0
46907,99.249,29.209,-0.5,0.0,454.159,0.0,0.0,0.0,5.732,0,2.0,0.975,309.915,-2.3919,34.71,35.58041000366211,4.98,0.0,0
46907,99.078,29.199,-0.5,0.0,454.038,0.0,0.0,0.0,5.732,0,1.0,1.0050000000000001,309.915,3.8270000000000004,35.49,35.58041000366211,4.98,0.0,0
46907,99.078,29.199,-1.0,0.0,453.978,0.0,0.0,0.0,5.732,0,2.0,0.995,309.915,2.9527,36.09,35.58041000366211,4.98,0.0,0
46907,99.078,29.199,-0.5,0.0,453.978,0.0,0.0,0.0,5.732,0,2.0,0.985,309.915,3.3651,36.03,35.58041000366211,4.98,0.0,0
46907,98.907,29.199,-0.5,0.0,454.159,0.0,0.0,-0.2,5.732,0,1.0,0.995,309.915,1.3196,36.300000000000004,35.58041000366211,4.98,0.0,0
46907,99.249,29.189,0.0,0.0,454.098,0.0,0.0,0.0,5.732,0,2.0,1.01,309.915,0.0,35.79,35.58041000366211,4.98,0.0,0
46907,99.078,29.189,-0.5,0.0,454.038,0.0,0.0,0.0,5.732,0,1.0,0.995,309.825,-1.1877,35.49,35.58041000366211,4.98,0.0,0
46907,99.249,29.189,-0.5,0.0,453.736,0.0,0.0,0.0,5.732,0,2.0,0.99,309.825,-0.19790000000000002,35.7,35.58041000366211,4.98,0.0,0
46907,99.419,29.18,0.0,0.0,453.736,0.0,0.0,0.0,5.732,0,2.0,0.98,309.69,-3.2991,35.910000000000004,35.58041000366211,4.98,0.0,0
46907,99.249,29.18,0.0,0.0,453.91700000000003,0.0,0.0,0.0,5.732,0,2.0,0.985,309.915,1.2537,34.800000000000004,35.58041000366211,4.98,0.0,0
46907,98.73700000000001,29.18,-0.5,0.0,454.038,0.0,0.0,0.0,5.732,0,1.0,1.03,309.825,0.39590000000000003,33.57,35.58041000366211,4.98,0.0,0
46907,99.249,29.17,0.0,0.0,453.736,0.0,0.0,0.0,5.732,0,2.0,1.01,309.825,0.4289,33.42,35.58041000366211,4.98,0.0,0
46907,99.078,29.17,0.0,0.0,454.038,0.0,0.0,0.0,5.732,0,2.0,0.98,309.825,-2.1114,34.11,35.58041000366211,4.98,0.0,0
46907,99.249,29.17,-0.5,0.0,454.159,0.0,0.0,0.0,5.732,0,1.0,1.0050000000000001,309.825,-0.5279,34.62,35.58041000366211,4.98,0.0,0
46907,99.249,29.16,-1.0,0.0,453.91700000000003,0.0,0.0,0.2,5.732,0,2.0,1.01,309.825,-1.5836000000000001,34.89,35.58041000366211,4.98,0.0,0
46907,99.249,29.16,0.0,0.0,453.796,0.0,0.0,0.0,5.732,0,2.0,1.0,309.915,-2.1774,35.88,35.58041000366211,4.98,0.0,0
46907,99.249,29.16,-0.5,0.0,453.796,0.0,0.0,0.2,5.732,0,2.0,0.985,309.915,-1.6661000000000001,36.0,35.58041000366211,4.98,0.0,0
46907,99.249,29.16,-0.5,0.0,453.91700000000003,0.0,0.0,0.0,5.732,0,2.0,0.995,309.69,0.48660000000000003,36.0,35.58041000366211,4.98,0.0,0
46907,99.078,29.16,0.0,0.0,454.159,0.0,0.0,0.0,5.732,0,1.0,1.0,309.915,1.963,35.97,35.58041000366211,4.98,0.0,0
46907,99.078,29.150000000000002,-0.5,0.0,454.098,0.0,0.0,0.0,5.732,0,3.0,0.995,309.825,-0.18150000000000002,35.76,35.58041000366211,4.98,0.0,0
46907,99.078,29.150000000000002,-0.5,0.0,454.038,0.0,0.0,0.0,5.732,0,2.0,1.01,309.69,1.2124000000000001,35.76,35.58041000366211,4.98,0.0,0
46907,99.249,29.150000000000002,-0.5,0.0,454.038,0.0,0.0,0.0,5.732,0,2.0,1.0050000000000001,309.915,-6.1364,35.79,35.58041000366211,4.98,0.0,0
46907,99.249,29.141000000000002,0.5,0.0,453.796,0.0,0.0,0.0,5.732,0,2.0,1.0050000000000001,309.825,0.3299,35.76,35.58041000366211,4.98,0.0,0
46907,99.249,29.141000000000002,0.0,0.0,454.038,0.0,0.0,-0.2,5.732,0,2.0,1.035,309.915,4.4456,35.43,35.58041000366211,4.98,0.0,0
46907,98.73700000000001,29.141000000000002,0.0,0.0,454.038,0.0,0.0,0.0,5.732,0,2.0,0.995,309.915,0.6846,34.410000000000004,35.58041000366211,4.98,0.0,0
46907,99.078,29.131,-0.5,0.0,453.91700000000003,0.0,0.0,0.0,5.732,0,1.0,0.985,309.69,0.6186,34.05,35.58041000366211,4.98,0.0,0
46907,99.249,29.131,0.0,0.0,453.91700000000003,0.0,0.0,0.0,5.732,0,2.0,0.98,309.69,-0.4289,33.99,35.58041000366211,4.98,0.0,0
46907,99.249,29.131,-0.5,0.0,453.91700000000003,0.0,0.0,0.0,5.732,0,3.0,0.98,309.915,-0.9238000000000001,33.81,35.58041000366211,4.98,0.0,0
46907,99.078,29.131,0.0,0.0,453.91700000000003,0.0,0.0,0.0,5.732,0,2.0,1.025,309.825,0.3299,33.93,35.58041000366211,4.98,0.0,0
46907,99.078,29.121000000000002,-0.5,0.0,453.736,0.0,0.0,0.2,5.732,0,2.0,0.995,310.005,5.938400000000001,34.53,35.58041000366211,4.98,0.0,0
46907,99.249,29.121000000000002,0.0,0.0,454.038,0.0,0.0,0.0,5.732,0,2.0,0.99,309.825,-3.3651,36.03,35.58041000366211,4.98,0.0,0
46907,99.249,29.121000000000002,-0.5,0.0,453.857,0.0,0.0,0.0,5.732,0,1.0,1.0,309.825,-1.9795,36.9,35.58041000366211,4.98,0.0,0
46907,99.078,29.121000000000002,0.0,0.0,453.675,0.0,0.0,0.0,5.732,0,2.0,1.0050000000000001,309.915,2.1774,36.75,35.58041000366211,4.98,0.0,0
46907,99.249,29.111,0.0,0.0,454.219,0.0,0.0,-0.2,5.732,0,2.0,1.0,309.825,-0.2639,36.18,35.58041000366211,4.98,0.0,0
46907,99.249,29.111,-0.5,0.0,454.219,0.0,0.0,0.0,5.732,0,1.0,0.995,309.915,0.9897,35.85,35.58041000366211,4.98,0.0,0
46907,98.907,29.111,0.0,0.0,453.796,0.0,0.0,0.0,5.732,0,3.0,0.99,309.915,2.3754,35.88,35.58041000366211,4.98,0.0,0
46907,99.249,29.102,-0.5,0.0,453.91700000000003,0.0,0.0,0.2,5.732,0,3.0,0.985,309.915,-0.066,34.980000000000004,35.58041000366211,4.98,0.0,0
46907,99.078,29.102,0.0,0.0,453.91700000000003,0.0,0.0,0.0,5.732,0,1.0,0.99,309.825,-3.1672000000000002,35.4,35.58041000366211,4.98,0.0,0
46907,98.907,29.102,-0.5,0.0,454.038,0.0,0.0,0.0,5.732,0,2.0,0.995,309.825,0.066,35.1,35.58041000366211,4.98,0.0,0
46907,99.078,29.092000000000002,-0.5,0.0,453.857,0.0,0.0,0.0,5.732,0,2.0,0.995,309.825,-1.5836000000000001,34.77,35.58041000366211,4.98,0.0,0
46907,99.249,29.092000000000002,-0.5,0.0,454.038,0.0,0.0,-0.2,5.732,0,1.0,1.01,309.825,-1.0557,34.11,35.58041000366211,4.98,0.0,0
46907,99.249,29.092000000000002,-0.5,0.0,454.038,0.0,0.0,0.0,5.732,0,2.0,0.98,309.825,1.3196,33.81,35.58041000366211,4.98,0.0,0
46907,99.249,29.082,0.0,0.0,453.857,0.0,0.0,-0.2,5.732,0,2.0,0.98,309.825,0.0,35.07,35.58041000366211,4.98,0.0,0
46907,99.249,29.082,-0.5,0.0,453.55400000000003,0.0,0.0,0.0,5.732,0,1.0,1.025,309.915,2.5073000000000003,36.75,35.58041000366211,4.98,0.0,0
46907,99.249,29.082,-1.0,0.0,453.494,0.0,0.0,0.0,5.732,0,2.0,1.0050000000000001,309.825,2.9032,37.53,35.58041000366211,4.98,0.0,0
46907,99.249,29.082,-0.5,0.0,453.675,0.0,0.0,0.0,5.732,0,2.0,0.995,309.825,-2.3754,36.36,35.58041000366211,4.98,0.0,0
46907,99.078,29.072000000000003,-0.5,0.0,453.796,0.0,0.0,0.0,5.732,0,2.0,1.0,309.825,-2.5733,35.94,35.58041000366211,4.98,0.0,0
46907,99.249,29.072000000000003,0.0,0.0,454.038,0.0,0.0,0.0,5.732,0,2.0,1.03,309.825,0.0,35.4,35.58041000366211,4.98,0.0,0
46907,99.249,29.072000000000003,-0.5,0.0,454.098,0.0,0.0,-0.2,5.732,0,2.0,0.995,309.915,0.9897,35.52,35.58041000366211,4.98,0.0,0
46907,99.249,29.063000000000002,-0.5,0.0,453.55400000000003,0.0,0.0,0.0,5.732,0,2.0,1.025,309.915,2.6393,35.97,35.58041000366211,4.98,0.0,0
46907,99.078,29.063000000000002,-0.5,0.0,454.038,0.0,0.0,0.0,5.732,0,1.0,0.98,309.825,0.0,35.88,35.58041000366211,4.98,0.0,0
46907,99.249,29.063000000000002,-0.5,0.0,454.34000000000003,0.0,0.0,0.2,5.732,0,3.0,0.995,309.825,-2.6393,35.13,35.58041000366211,4.98,0.0,0
46907,99.249,29.053,0.0,0.0,454.038,0.0,0.0,-0.2,5.732,0,2.0,0.99,309.825,-3.3651,34.56,35.58041000366211,4.98,0.0,0
46907,99.249,29.053,0.0,0.0,453.91700000000003,0.0,0.0,0.0,5.732,0,2.0,0.985,309.825,0.9238000000000001,33.99,35.58041000366211,4.98,0.0,0
46907,99.249,29.053,-0.5,0.0,453.91700000000003,0.0,0.0,0.0,5.732,0,2.0,0.99,309.825,0.9897,33.9,35.58041000366211,4.98,0.0,0
46907,99.249,29.053,-0.5,0.0,453.736,0.0,0.0,0.0,5.732,0,2.0,0.995,309.915,3.0847,33.24,35.58041000366211,4.98,0.0,0
46907,99.078,29.043000000000003,-1.0,0.0,453.736,0.0,0.0,0.0,5.732,0,1.0,1.025,309.915,1.4351,34.56,35.58041000366211,4.98,0.0,0
46907,99.249,29.043000000000003,-0.5,0.0,454.098,0.0,0.0,0.0,5.732,0,2.0,1.0,309.825,2.1114,36.27,35.58041000366211,4.98,0.0,0
46907,99.249,29.043000000000003,-0.5,0.0,454.159,0.0,0.0,0.0,5.732,0,2.0,0.995,309.825,0.28040000000000004,37.02,35.58041000366211,4.98,0.0,0
46907,99.078,29.043000000000003,-0.5,0.0,454.038,0.0,0.0,0.0,5.732,0,1.0,1.025,309.825,-3.1507,37.38,35.58041000366211,4.98,0.0,0
46907,99.078,29.033,0.0,0.0,453.91700000000003,0.0,0.0,0.0,5.732,0,1.0,1.0050000000000001,309.69,-1.4269,36.87,35.58041000366211,4.98,0.0,0
46907,99.078,29.033,-0.5,0.0,453.857,0.0,0.0,0.0,5.732,0,1.0,0.985,309.825,-1.5011,35.7,35.58041000366211,4.98,0.0,0
46907,99.249,29.033,0.0,0.0,453.978,0.0,0.0,0.0,5.732,0,2.0,1.01,309.915,0.18150000000000002,35.85,35.58041000366211,4.98,0.0,0
46907,99.078,29.023,-0.5,0.0,454.038,0.0,0.0,0.0,5.732,0,1.0,1.0150000000000001,309.825,2.9857,35.25,35.58041000366211,4.98,0.0,0
46907,98.907,29.023,0.0,0.0,454.038,0.0,0.0,0.0,5.732,0,3.0,1.0,309.915,1.3032000000000001,34.77,35.58041000366211,4.98,0.0,0
46907,99.249,29.023,0.0,0.0,454.038,0.0,0.0,0.0,5.732,0,2.0,0.975,309.915,0.5114000000000001,34.17,35.58041000366211,4.98,0.0,0
46907,99.249,29.014000000000003,-0.5,0.0,454.038,0.0,0.0,0.0,5.732,0,1.0,0.995,309.825,-2.9692000000000003,33.27,35.58041000366211,4.98,0.0,0
46907,99.078,29.014000000000003,0.0,0.0,453.736,0.0,0.0,0.0,5.732,0,2.0,1.025,309.69,-6.5075,33.0,35.58041000366211,4.98,0.0,0
46907,99.249,29.014000000000003,-0.5,0.0,454.219,0.0,0.0,0.0,5.732,0,2.0,1.0050000000000001,309.915,-1.7155,32.82,35.58041000366211,4.98,0.0,0
46907,99.078,29.014000000000003,-0.5,0.0,454.28000000000003,0.0,0.0,0.0,5.732,0,1.0,0.99,309.825,5.344600000000001,34.65,35.58041000366211,4.98,0.0,0
46907,99.078,29.004,0.0,0.0,454.038,0.0,0.0,0.0,5.732,0,3.0,0.985,309.825,6.9694,35.910000000000004,35.58041000366211,4.98,0.0,0
46907,99.249,29.004,-1.0,0.0,453.615,0.0,0.0,0.0,5.732,0,2.0,1.01,309.915,-1.2042000000000002,35.97,35.58041000366211,4.98,0.0,0
46907,98.73700000000001,29.004,0.0,0.0,453.736,0.0,0.0,0.0,5.732,0,1.0,1.02,309.915,-1.2042000000000002,35.730000000000004,35.58041000366211,4.98,0.0,0
46907,99.249,28.994,0.0,0.0,453.857,0.0,0.0,0.0,5.732,0,2.0,1.01,309.825,1.2042000000000002,36.15,35.58041000366211,4.98,0.0,0
46907,99.078,28.994,-0.5,0.0,453.796,0.0,0.0,0.0,5.732,0,2.0,0.985,309.825,-4.2724,35.58,35.58041000366211,4.98,0.0,0
46907,99.078,28.994,-0.5,0.0,453.91700000000003,0.0,0.0,0.0,5.732,0,1.0,0.995,309.825,-3.4971,35.4,35.58041000366211,4.98,0.0,0
46907,99.249,28.984,-0.5,0.0,453.55400000000003,0.0,0.0,0.0,5.732,0,2.0,0.99,309.915,1.8310000000000002,35.04,35.58041000366211,4.98,0.0,0
46907,99.249,28.984,-0.5,0.0,453.857,0.0,0.0,0.0,5.732,0,2.0,1.0,309.825,2.2846,34.83,35.58041000366211,4.98,0.0,0
46907,99.249,28.984,-0.5,0.0,453.857,0.0,0.0,0.0,5.732,0,1.0,1.0050000000000001,309.825,2.5733,35.07,35.58041000366211,4.98,0.0,0
46907,99.249,28.984,0.0,0.0,453.675,0.0,0.0,0.0,5.732,0,2.0,1.01,309.825,-4.0084,34.38,35.58041000366211,4.98,0.0,0
46907,99.249,28.975,0.0,0.0,453.978,0.0,0.0,0.0,5.732,0,2.0,0.985,309.915,1.1052,33.21,35.58041000366211,4.98,0.0,0
46907,99.078,28.975,-0.5,0.0,453.978,0.0,0.0,0.0,5.732,0,2.0,0.98,309.825,2.5898000000000003,32.94,35.58041000366211,4.98,0.0,0
46907,99.249,28.975,0.0,0.0,453.978,0.0,0.0,0.0,5.732,0,2.0,0.98,309.825,3.0352,33.12,35.58041000366211,4.98,0.0,0
46907,99.249,28.975,-0.5,0.0,453.857,0.0,0.0,0.0,5.732,0,2.0,1.0050000000000001,309.69,-2.0125,33.87,35.58041000366211,4.98,0.0,0
46907,99.078,28.965,0.0,0.0,454.098,0.0,0.0,0.0,5.732,0,1.0,0.995,309.825,-1.9795,35.49,35.58041000366211,4.98,0.0,0
46907,99.078,28.965,0.5,0.0,453.736,0.0,0.0,0.0,5.732,0,3.0,1.025,309.915,0.19790000000000002,35.97,35.58041000366211,4.98,0.0,0
46907,99.078,28.965,-0.5,0.0,454.098,0.0,0.0,0.0,5.732,0,2.0,0.995,309.69,-0.5279,36.18,35.58041000366211,4.98,0.0,0
46907,99.249,28.955000000000002,0.0,0.0,453.978,0.0,0.0,0.0,5.732,0,2.0,0.995,309.915,0.7258,35.82,35.58041000366211,4.98,0.0,0
46907,99.59,28.955000000000002,0.0,0.0,454.098,0.0,0.0,0.0,5.732,0,2.0,1.0150000000000001,309.915,1.7155,35.76,35.58041000366211,4.98,0.0,0
46907,99.249,28.955000000000002,0.0,0.0,454.219,0.0,0.0,0.0,5.732,0,2.0,0.995,309.825,-0.099,35.76,35.58041000366211,4.98,0.0,0
46907,99.249,28.955000000000002,0.0,0.0,453.857,0.0,0.0,0.0,5.732,0,1.0,1.01,309.915,0.5279,35.550000000000004,35.58041000366211,4.98,0.0,0
46907,99.249,28.945,0.0,0.0,453.91700000000003,0.0,0.0,0.0,5.732,0,3.0,0.985,309.825,1.1217000000000001,34.92,35.58041000366211,4.98,0.0,0
46907,99.249,28.945,-0.5,0.0,453.736,0.0,0.0,0.0,5.732,0,3.0,0.98,309.915,-1.9795,34.59,35.58041000366211,4.98,0.0,0
46907,99.078,28.945,-0.5,0.0,453.736,0.0,0.0,0.0,5.732,0,2.0,0.995,309.825,0.066,33.9,35.58041000366211,4.98,0.0,0
46907,99.078,28.936,0.0,0.0,453.675,0.0,0.0,0.0,5.732,0,1.0,1.0,309.825,2.7713,33.42,35.58041000366211,4.98,0.0,0
46907,99.249,28.936,-0.5,0.0,453.675,0.0,0.0,0.0,5.732,0,2.0,1.0150000000000001,309.825,-0.9897,33.87,35.58041000366211,4.98,0.0,0
46907,99.078,28.936,-0.5,0.0,453.796,0.0,0.0,0.0,5.732,0,2.0,0.99,309.825,-0.2639,33.93,35.58041000366211,4.98,0.0,0
46907,99.249,28.926000000000002,-0.5,0.0,453.736,0.0,0.0,0.0,5.732,0,1.0,0.98,309.915,-0.5938,34.410000000000004,35.58041000366211,4.98,0.0,0
46907,99.249,28.926000000000002,-0.5,0.0,453.55400000000003,0.0,0.0,0.0,5.732,0,2.0,0.98,309.825,0.132,35.25,35.58041000366211,4.98,0.0,0
46907,99.249,28.926000000000002,0.0,0.0,453.796,0.0,0.0,0.0,5.732,0,2.0,1.0150000000000001,309.825,0.7918000000000001,35.64,35.58041000366211,4.98,0.0,0
46907,99.078,28.926000000000002,0.0,0.0,453.91700000000003,0.0,0.0,0.0,5.732,0,2.0,0.99,309.825,-0.5279,35.67,35.58041000366211,4.98,0.0,0
46907,99.078,28.916,-1.0,0.0,453.91700000000003,0.0,0.0,0.0,5.732,0,2.0,0.98,309.915,3.629,36.06,35.58041000366211,4.98,0.0,0
46907,99.249,28.916,-0.5,0.0,453.978,0.0,0.0,0.0,5.732,0,2.0,1.01,309.825,-2.5073000000000003,35.64,35.58041000366211,4.98,0.0,0
46907,99.249,28.916,-0.5,0.0,454.159,0.0,0.0,0.0,5.732,0,1.0,1.02,309.825,-4.7507,34.92,35.58041000366211,4.98,0.0,0
46907,99.249,28.906000000000002,0.0,0.0,453.91700000000003,0.0,0.0,0.0,5.732,0,2.0,1.01,309.825,1.8475000000000001,34.44,35.58041000366211,4.98,0.0,0
46907,99.078,28.906000000000002,-0.5,0.0,453.796,0.0,0.0,0.0,5.732,0,2.0,0.985,309.69,-0.6928000000000001,33.3,35.58041000366211,4.98,0.0,0
46907,99.078,28.906000000000002,-0.5,0.0,453.675,0.0,0.0,0.0,5.732,0,2.0,1.0,309.825,-4.0909,32.58,35.58041000366211,4.98,0.0,0
46907,99.249,28.896,-0.5,0.0,453.615,0.0,0.0,0.0,5.732,0,2.0,1.0,309.915,5.7405,32.34,35.58041000366211,4.98,0.0,0
46907,99.249,28.896,0.0,0.0,453.615,0.0,0.0,0.0,5.732,0,2.0,1.0,309.825,7.1261,32.76,35.58041000366211,4.98,0.0,0
46907,99.249,28.896,0.0,0.0,453.736,0.0,0.0,-0.2,5.732,0,2.0,1.0050000000000001,309.825,0.0,33.99,35.58041000366211,4.98,0.0,0
46907,99.249,28.896,0.0,0.0,453.736,0.0,0.0,0.0,5.732,0,2.0,1.01,309.825,-0.5279,34.14,35.58041000366211,4.98,0.0,0
46907,99.078,28.887,-0.5,0.0,454.038,0.0,0.0,0.0,5.732,0,2.0,0.975,309.825,-1.0392000000000001,36.27,35.58041000366211,4.98,0.0,0
46907,99.249,28.887,-0.5,0.0,454.038,0.0,0.0,0.0,5.732,0,2.0,1.0050000000000001,309.69,-2.9445,36.660000000000004,35.58041000366211,4.98,0.0,0
46907,99.249,28.887,-1.0,0.0,454.038,0.0,0.0,0.0,5.732,0,2.0,0.995,309.915,0.3134,36.18,35.58041000366211,4.98,0.0,0
46907,99.078,28.887,-0.5,0.0,453.615,0.0,0.0,0.0,5.732,0,2.0,1.0,309.915,4.6848,35.64,35.58041000366211,4.98,0.0,0
46907,99.249,28.877000000000002,-0.5,0.0,453.494,0.0,0.0,0.0,5.732,0,2.0,0.995,309.915,3.3239,34.62,35.58041000366211,4.98,0.0,0
46907,99.249,28.877000000000002,-0.5,0.0,453.615,0.0,0.0,0.0,5.732,0,1.0,1.0,309.825,-3.2826,34.77,35.58041000366211,4.98,0.0,0
46907,99.249,28.877000000000002,-0.5,0.0,453.25100000000003,0.0,0.0,0.0,5.732,0,1.0,0.985,309.825,-3.2826,35.07,35.58041000366211,4.98,0.0,0
46907,99.078,28.867,-0.5,0.0,453.31100000000004,0.0,0.0,0.0,5.732,0,2.0,0.975,309.825,-3.8930000000000002,35.7,35.58041000366211,4.98,0.0,0
46907,99.249,28.867,0.0,0.0,453.796,0.0,0.0,0.0,5.732,0,3.0,1.02,309.825,0.9897,35.58,35.58041000366211,4.98,0.0,0
46907,98.907,28.867,0.0,0.0,453.675,0.0,0.0,0.0,5.732,0,2.0,1.03,309.825,1.6496000000000002,34.35,35.58041000366211,4.98,0.0,0
46907,99.249,28.867,-0.5,0.0,453.615,0.0,0.0,0.0,5.732,0,3.0,0.985,309.825,0.2639,33.36,35.58041000366211,4.98,0.0,0
46907,99.249,28.857000000000003,0.0,0.0,453.91700000000003,0.0,0.0,0.0,5.732,0,1.0,1.0,309.825,1.8475000000000001,33.54,35.58041000366211,4.98,0.0,0
46907,99.249,28.857000000000003,-0.5,0.0,453.736,0.0,0.0,0.0,5.732,0,2.0,0.97,309.825,0.9238000000000001,34.17,35.58041000366211,4.98,0.0,0
46907,99.249,28.857000000000003,-1.0,0.0,453.736,0.0,0.0,0.0,5.732,0,2.0,1.0,309.825,0.14850000000000002,35.19,35.58041000366211,4.98,0.0,0
46907,99.249,28.848000000000003,0.0,0.0,453.615,0.0,0.0,0.0,5.732,0,3.0,1.0,309.69,-1.6248,35.88,35.58041000366211,4.98,0.0,0
46907,99.249,28.848000000000003,-0.5,0.0,453.91700000000003,0.0,0.0,-0.2,5.732,0,1.0,0.98,309.825,-2.4908,36.18,35.58041000366211,4.98,0.0,0
46907,99.249,28.848000000000003,-0.5,0.0,453.55400000000003,0.0,0.0,0.0,5.732,0,2.0,1.0,309.69,-0.7011000000000001,36.03,35.58041000366211,4.98,0.0,0
46907,99.078,28.838,0.0,0.0,453.55400000000003,0.0,0.0,0.0,5.732,0,2.0,1.01,309.915,2.3094,35.7,35.58041000366211,4.98,0.0,0
46907,99.078,28.838,-0.5,0.0,453.55400000000003,0.0,0.0,0.0,5.732,0,2.0,0.975,309.69,5.5673,35.43,35.58041000366211,4.98,0.0,0
46907,99.249,28.838,-0.5,0.0,453.55400000000003,0.0,0.0,0.0,5.732,0,2.0,0.98,309.915,3.6785,36.09,35.58041000366211,4.98,0.0,0
46907,99.078,28.838,0.0,0.0,453.736,0.0,0.0,0.0,5.732,0,2.0,0.98,309.825,-2.4249,36.24,35.58041000366211,4.98,0.0,0
46907,99.249,28.838,0.0,0.0,453.736,0.0,0.0,0.0,5.732,0,2.0,0.99,309.825,-2.3094,36.27,35.58041000366211,4.98,0.0,0
46907,99.249,28.828000000000003,-1.0,0.0,453.736,0.0,0.0,0.0,5.732,0,1.0,1.0,309.915,2.5073000000000003,35.7,35.58041000366211,4.98,0.0,0
46907,99.078,28.828000000000003,-0.5,0.0,453.55400000000003,0.0,0.0,0.0,5.732,0,2.0,1.0,309.825,-2.8372,35.19,35.58041000366211,4.98,0.0,0
46907,99.419,28.828000000000003,0.0,0.0,453.91700000000003,0.0,0.0,0.0,5.732,0,2.0,1.0,309.915,0.6598,34.53,35.58041000366211,4.98,0.0,0
46907,99.249,28.818,-0.5,0.0,453.91700000000003,0.0,0.0,0.0,5.732,0,1.0,0.995,309.825,2.7053000000000003,33.96,35.58041000366211,4.98,0.0,0
46907,99.078,28.818,0.0,0.0,453.736,0.0,0.0,0.0,5.732,0,2.0,0.995,309.825,-0.5279,33.660000000000004,35.58041000366211,4.98,0.0,0
46907,99.249,28.818,0.0,0.0,453.91700000000003,0.0,0.0,0.0,5.732,0,1.0,0.99,309.825,-0.46190000000000003,34.44,35.58041000366211,4.98,0.0,0
46907,99.249,28.809,0.0,0.0,454.038,0.0,0.0,0.0,5.732,0,2.0,1.02,309.69,-2.5073000000000003,36.03,35.58041000366211,4.98,0.0,0
46907,99.59,28.809,-0.5,0.0,453.736,0.0,0.0,0.0,5.732,0,3.0,0.97,309.825,-0.2639,36.57,35.58041000366211,4.98,0.0,0
46907,99.249,28.809,0.0,0.0,453.675,0.0,0.0,0.0,5.732,0,2.0,0.99,309.915,3.2991,36.9,35.58041000366211,4.98,0.0,0
46907,99.249,28.809,0.0,0.0,453.372,0.0,0.0,0.0,5.732,0,2.0,0.99,309.825,3.596,36.54,35.58041000366211,4.98,0.0,0
46907,99.249,28.799000000000003,0.0,0.0,453.372,0.0,0.0,0.0,5.732,0,2.0,1.0050000000000001,309.825,0.5279,35.97,35.58041000366211,4.98,0.0,0
46907,99.249,28.799000000000003,-0.5,0.0,453.675,0.0,0.0,0.0,5.732,0,2.0,0.995,309.825,-3.629,35.64,35.58041000366211,4.98,0.0,0
46907,99.078,28.799000000000003,0.0,0.0,453.372,0.0,0.0,0.0,5.732,0,1.0,1.0050000000000001,309.825,0.0,34.56,35.58041000366211,4.98,0.0,0
46907,99.249,28.789,0.0,0.0,453.432,0.0,0.0,0.0,5.732,0,2.0,0.965,309.825,1.0557,34.62,35.58041000366211,4.98,0.0,0
46907,99.249,28.789,0.0,0.0,453.372,0.0,0.0,0.0,5.732,0,1.0,1.0050000000000001,309.825,-1.5836000000000001,34.92,35.58041000366211,4.98,0.0,0
46907,99.249,28.789,-0.5,0.0,453.675,0.0,0.0,0.0,5.732,0,2.0,0.98,309.915,-1.9135000000000002,34.26,35.58041000366211,4.98,0.0,0
46907,99.078,28.789,0.0,0.0,453.494,0.0,0.0,0.0,5.732,0,2.0,0.985,309.825,-1.8475000000000001,33.81,35.58041000366211,4.98,0.0,0
46907,99.249,28.779,0.0,0.0,453.19100000000003,0.0,0.0,0.0,5.732,0,2.0,0.99,309.825,0.5279,33.75,35.58041000366211,4.98,0.0,0
46907,99.249,28.779,0.0,0.0,453.494,0.0,0.0,0.0,5.732,0,2.0,1.025,309.825,-0.132,34.05,35.58041000366211,4.98,0.0,0
46907,99.249,28.779,0.0,0.0,453.736,0.0,0.0,0.0,5.732,0,2.0,1.01,309.825,1.0557,35.49,35.58041000366211,4.98,0.0,0
46907,99.249,28.770000000000003,0.5,0.0,453.19100000000003,0.0,0.0,0.0,5.732,0,2.0,1.0050000000000001,309.69,-2.7713,36.36,35.58041000366211,4.98,0.0,0
46907,99.249,28.770000000000003,-0.5,0.0,453.25100000000003,0.0,0.0,0.0,5.732,0,1.0,0.975,309.915,-2.4413,36.78,35.58041000366211,4.98,0.0,0
46907,99.249,28.770000000000003,0.0,0.0,453.494,0.0,0.0,0.0,5.732,0,2.0,0.995,309.915,1.8475000000000001,36.15,35.58041000366211,4.98,0.0,0
46907,99.249,28.76,-0.5,0.0,453.55400000000003,0.0,0.0,0.0,5.732,0,2.0,1.02,309.825,3.0682,35.25,35.58041000366211,4.98,0.0,0
46907,99.249,28.76,0.0,0.0,453.432,0.0,0.0,-0.2,5.732,0,2.0,1.0,309.915,1.4516,35.07,35.58041000366211,4.98,0.0,0
46907,99.249,28.76,0.0,0.0,453.736,0.0,0.0,0.0,5.732,0,2.0,0.985,309.825,-2.8372,35.52,35.58041000366211,4.98,0.0,0
46907,99.249,28.76,0.0,0.0,453.432,0.0,0.0,0.0,5.732,0,1.0,0.99,309.915,0.39590000000000003,35.550000000000004,35.58041000366211,4.98,0.0,0
46907,99.078,28.76,-0.5,0.0,453.432,0.0,0.0,0.0,5.732,0,1.0,0.98,309.915,0.7093,35.46,35.58041000366211,4.98,0.0,0
46907,99.249,28.75,-0.5,0.0,453.372,0.0,0.0,0.0,5.732,0,1.0,1.0,309.825,2.3259000000000003,34.92,35.58041000366211,4.98,0.0,0
46907,99.249,28.75,0.0,0.0,453.736,0.0,0.0,0.0,5.732,0,2.0,0.985,309.825,0.0,34.11,35.58041000366211,4.98,0.0,0
46907,99.249,28.75,0.0,0.0,453.615,0.0,0.0,0.2,5.732,0,2.0,1.0050000000000001,309.825,-3.5466,33.84,35.58041000366211,4.98,0.0,0
46907,99.249,28.740000000000002,0.0,0.0,453.19100000000003,0.0,0.0,0.0,5.732,0,2.0,0.975,309.825,0.2639,33.78,35.58041000366211,4.98,0.0,0
46907,99.249,28.740000000000002,0.0,0.0,453.07,0.0,0.0,0.0,5.732,0,2.0,0.995,309.825,0.39590000000000003,34.86,35.58041000366211,4.98,0.0,0
46907,99.249,28.740000000000002,-0.5,0.0,452.88800000000003,0.0,0.0,0.0,5.732,0,1.0,0.995,309.825,-0.9238000000000001,35.49,35.58041000366211,4.98,0.0,0
46907,99.078,28.740000000000002,-0.5,0.0,453.31100000000004,0.0,0.0,0.0,5.732,0,2.0,1.0,309.915,0.9238000000000001,35.97,35.58041000366211,4.98,0.0,0
46907,99.078,28.73,-0.5,0.0,453.25100000000003,0.0,0.0,0.0,5.732,0,2.0,1.0,309.69,-0.17320000000000002,36.0,35.58041000366211,4.98,0.0,0
46907,99.249,28.73,-0.5,0.0,452.88800000000003,0.0,0.0,0.0,5.732,0,3.0,1.01,309.915,-0.0165,36.36,35.58041000366211,4.98,0.0,0
46907,99.249,28.73,-0.5,0.0,453.07,0.0,0.0,0.0,5.732,0,2.0,1.0050000000000001,309.915,0.5279,36.33,35.58041000366211,4.98,0.0,0
46907,99.249,28.73,-0.5,0.0,453.372,0.0,0.0,0.0,5.732,0,3.0,1.0150000000000001,309.825,1.6496000000000002,36.42,35.58041000366211,4.98,0.0,0
46907,99.419,28.721,0.0,0.0,453.372,0.0,0.0,0.0,5.732,0,2.0,0.98,309.825,3.9589000000000003,35.76,35.58041000366211,4.98,0.0,0
46907,99.078,28.721,0.0,0.0,453.432,0.0,0.0,0.0,5.732,0,2.0,1.0,309.915,1.3196,35.34,35.58041000366211,4.98,0.0,0
46907,99.249,28.721,-0.5,0.0,453.25100000000003,0.0,0.0,0.0,5.732,0,2.0,0.985,309.915,1.3196,34.74,35.58041000366211,4.98,0.0,0
46907,99.249,28.711000000000002,0.0,0.0,453.25100000000003,0.0,0.0,0.0,5.732,0,2.0,0.99,309.915,-1.3856000000000002,34.53,35.58041000366211,4.98,0.0,0
46907,99.76,28.711000000000002,-0.5,0.0,453.432,0.0,0.0,0.0,5.732,0,2.0,0.965,309.825,-2.2434000000000003,34.410000000000004,35.58041000366211,4.98,0.0,0
46907,99.078,28.711000000000002,0.0,0.0,453.432,0.0,0.0,0.2,5.732,0,2.0,1.0,309.825,1.6496000000000002,34.35,35.58041000366211,4.98,0.0,0
46907,99.249,28.711000000000002,0.0,0.0,453.55400000000003,0.0,0.0,0.0,5.732,0,2.0,0.985,309.825,-1.5836000000000001,33.75,35.58041000366211,4.98,0.0,0
46907,99.249,28.701,-0.5,0.0,453.55400000000003,0.0,0.0,0.0,5.732,0,2.0,0.99,309.825,0.5279,33.99,35.58041000366211,4.98,0.0,0
46907,99.249,28.701,-0.5,0.0,453.31100000000004,0.0,0.0,0.0,5.732,0,2.0,0.995,309.915,2.1114,35.160000000000004,35.58041000366211,4.98,0.0,0
46907,99.249,28.701,-0.5,0.0,453.31100000000004,0.0,0.0,0.0,5.732,0,2.0,0.985,309.825,-0.5279,36.03,35.58041000366211,4.98,0.0,0
46907,99.249,28.691000000000003,0.0,0.0,453.13,0.0,0.0,0.0,5.732,0,1.0,1.0150000000000001,309.915,2.3754,36.69,35.58041000366211,4.98,0.0,0
46907,99.078,28.691000000000003,0.0,0.0,453.31100000000004,0.0,0.0,0.0,5.732,0,2.0,1.02,309.825,-0.46190000000000003,36.57,35.58041000366211,4.98,0.0,0
46907,99.249,28.691000000000003,0.0,0.0,453.432,0.0,0.0,0.0,5.732,0,1.0,1.0150000000000001,309.915,1.7155,36.81,35.58041000366211,4.98,0.0,0
46907,99.419,28.691000000000003,-0.5,0.0,453.009,0.0,0.0,0.0,5.732,0,2.0,1.0050000000000001,309.825,0.8578,36.27,35.58041000366211,4.98,0.0,0
46907,99.249,28.682000000000002,0.0,0.0,453.19100000000003,0.0,0.0,0.2,5.732,0,1.0,0.975,309.69,-6.8622000000000005,35.31,35.58041000366211,4.98,0.0,0
46907,99.249,28.682000000000002,-0.5,0.0,453.13,0.0,0.0,0.0,5.732,0,2.0,0.99,309.69,-3.2661000000000002,34.35,35.58041000366211,4.98,0.0,0
46907,99.249,28.682000000000002,0.0,0.0,452.949,0.0,0.0,0.0,5.732,0,1.0,0.99,309.915,5.806500000000001,33.72,35.58041000366211,4.98,0.0,0
46907,99.249,28.672,-0.5,0.0,453.31100000000004,0.0,0.0,0.0,5.732,0,1.0,1.0050000000000001,309.825,2.5403000000000002,33.84,35.58041000366211,4.98,0.0,0
46907,99.249,28.672,0.0,0.0,453.372,0.0,0.0,0.0,5.732,0,2.0,1.01,309.69,-1.7155,33.51,35.58041000366211,4.98,0.0,0
46907,99.078,28.672,-0.5,0.0,453.13,0.0,0.0,0.0,5.732,0,2.0,0.975,309.915,3.1672000000000002,34.14,35.58041000366211,4.98,0.0,0
46907,99.249,28.672,-0.5,0.0,453.13,0.0,0.0,0.0,5.732,0,2.0,0.975,309.915,4.0909,34.800000000000004,35.58041000366211,4.98,0.0,0
46907,99.249,28.662000000000003,-0.5,0.0,453.13,0.0,0.0,0.0,5.732,0,3.0,1.01,309.825,1.4846000000000001,35.25,35.58041000366211,4.98,0.0,0
46907,99.249,28.662000000000003,0.0,0.0,453.07,0.0,0.0,0.0,5.732,0,2.0,1.0,309.825,-2.9032,35.13,35.58041000366211,4.98,0.0,0
46907,99.078,28.662000000000003,-0.5,0.0,453.13,0.0,0.0,0.0,5.732,0,1.0,1.0050000000000001,309.825,-0.9897,35.1,35.58041000366211,4.98,0.0,0
46907,99.249,28.652,-0.5,0.0,452.88800000000003,0.0,0.0,0.0,5.732,0,3.0,1.01,309.825,1.5836000000000001,35.31,35.58041000366211,4.98,0.0,0
46907,99.249,28.652,-0.5,0.0,453.009,0.0,0.0,-0.2,5.732,0,2.0,1.01,309.915,0.9897,35.7,35.58041000366211,4.98,0.0,0
46907,99.249,28.652,-0.5,0.0,453.19100000000003,0.0,0.0,0.0,5.732,0,2.0,1.0,309.825,0.5279,36.0,35.58041000366211,4.98,0.0,0
46907,99.249,28.652,-0.5,0.0,453.19100000000003,0.0,0.0,0.0,5.732,0,2.0,0.985,309.825,-3.6950000000000003,35.61,35.58041000366211,4.98,0.0,0
46907,99.249,28.643,0.0,0.0,453.13,0.0,0.0,0.0,5.732,0,1.0,0.995,309.825,-1.4516,34.980000000000004,35.58041000366211,4.98,0.0,0
46907,99.249,28.643,-0.5,0.0,453.13,0.0,0.0,0.0,5.732,0,1.0,0.985,309.69,-1.8723,34.89,35.58041000366211,4.98,0.0,0
46907,99.249,28.643,0.0,0.0,452.88800000000003,0.0,0.0,0.0,5.732,0,3.0,1.0150000000000001,309.825,1.0557,34.47,35.58041000366211,4.98,0.0,0
46907,99.249,28.643,-0.5,0.0,453.31100000000004,0.0,0.0,0.0,5.732,0,1.0,1.04,309.915,1.3691,32.79,35.58041000366211,4.98,0.0,0
46907,99.078,28.633000000000003,0.0,0.0,453.494,0.0,0.0,0.0,5.732,0,2.0,0.985,309.69,1.7403000000000002,31.830000000000002,35.58041000366211,4.98,0.0,0
46907,99.59,28.633000000000003,-0.5,0.0,453.372,0.0,0.0,0.0,5.732,0,1.0,1.0,309.915,-1.798,32.58,35.58041000366211,4.98,0.0,0
46907,99.249,28.633000000000003,0.0,0.0,453.13,0.0,0.0,0.0,5.732,0,2.0,1.0150000000000001,309.825,1.1382,33.6,35.58041000366211,4.98,0.0,0
46907,99.249,28.623,-0.5,0.0,453.19100000000003,0.0,0.0,0.0,5.732,0,2.0,0.985,309.825,3.0764,35.46,35.58041000366211,4.98,0.0,0
46907,99.249,28.623,-0.5,0.0,453.25100000000003,0.0,0.0,0.0,5.732,0,2.0,1.0050000000000001,309.825,-5.2126,36.78,35.58041000366211,4.98,0.0,0
46907,99.249,28.623,-0.5,0.0,453.432,0.0,0.0,0.0,5.732,0,2.0,1.01,309.825,0.066,36.12,35.58041000366211,4.98,0.0,0
46907,99.249,28.623,0.0,0.0,453.432,0.0,0.0,0.0,5.732,0,3.0,0.985,309.915,3.6125000000000003,34.77,35.58041000366211,4.98,0.0,0
46907,99.249,28.623,0.0,0.0,453.13,0.0,0.0,0.0,5.732,0,2.0,0.985,309.915,4.0909,34.68,35.58041000366211,4.98,0.0,0
46907,99.249,28.613000000000003,0.0,0.0,452.88800000000003,0.0,0.0,0.0,5.732,0,1.0,0.985,309.825,3.1672000000000002,33.75,35.58041000366211,4.98,0.0,0
46907,99.419,28.613000000000003,0.0,0.0,453.19100000000003,0.0,0.0,0.0,5.732,0,2.0,1.0050000000000001,309.825,-1.0557,33.660000000000004,35.58041000366211,4.98,0.0,0
46907,99.249,28.613000000000003,-0.5,0.0,453.31100000000004,0.0,0.0,-0.2,5.732,0,2.0,1.0150000000000001,309.69,-6.6972000000000005,33.9,35.58041000366211,4.98,0.0,0
46907,99.249,28.604000000000003,0.0,0.0,453.19100000000003,0.0,0.0,0.0,5.732,0,2.0,1.01,309.825,0.132,34.65,35.58041000366211,4.98,0.0,0
46907,99.249,28.604000000000003,-0.5,0.0,453.07,0.0,0.0,0.0,5.732,0,2.0,0.98,309.825,0.7918000000000001,34.5,35.58041000366211,4.98,0.0,0
46907,99.249,28.604000000000003,0.0,0.0,452.949,0.0,0.0,0.0,5.732,0,2.0,1.0150000000000001,309.915,4.6188,34.26,35.58041000366211,4.98,0.0,0
46907,99.249,28.604000000000003,0.0,0.0,453.07,0.0,0.0,0.0,5.732,0,2.0,0.99,309.825,0.5279,33.75,35.58041000366211,4.98,0.0,0
46907,99.078,28.594,0.0,0.0,453.07,0.0,0.0,0.0,5.732,0,3.0,0.99,309.825,-0.7918000000000001,33.69,35.58041000366211,4.98,0.0,0
46907,99.249,28.594,0.0,0.0,453.13,0.0,0.0,0.0,5.732,0,2.0,1.0050000000000001,309.69,-4.0579,34.38,35.58041000366211,4.98,0.0,0
46907,99.249,28.594,-0.5,0.0,453.13,0.0,0.0,0.0,5.732,0,2.0,1.01,309.825,-0.7918000000000001,34.89,35.58041000366211,4.98,0.0,0
46907,99.249,28.584,-0.5,0.0,453.07,0.0,0.0,0.0,5.732,0,2.0,1.0,309.825,1.8475000000000001,35.22,35.58041000366211,4.98,0.0,0
46907,99.249,28.584,-0.5,0.0,453.07,0.0,0.0,0.0,5.732,0,2.0,1.0050000000000001,309.69,-0.6598,35.550000000000004,35.58041000366211,4.98,0.0,0
46907,99.078,28.584,0.0,0.0,452.88800000000003,0.0,0.0,0.0,5.732,0,2.0,0.995,309.825,0.2639,34.92,35.58041000366211,4.98,0.0,0
46907,99.76,28.584,-1.0,0.0,453.07,0.0,0.0,0.0,5.732,0,2.0,0.99,309.915,1.4516,34.800000000000004,35.58041000366211,4.98,0.0,0
46907,99.249,28.574,-1.0,0.0,453.25100000000003,0.0,0.0,0.0,5.732,0,2.0,1.0050000000000001,309.915,1.4186,34.86,35.58041000366211,4.98,0.0,0
46907,99.249,28.574,-1.0,0.0,453.009,0.0,0.0,0.0,5.732,0,2.0,0.995,309.825,0.6598,34.74,35.58041000366211,4.98,0.0,0
46907,99.249,28.574,-0.5,0.0,452.88800000000003,0.0,0.0,0.0,5.732,0,2.0,1.01,309.915,0.7918000000000001,34.2,35.58041000366211,4.98,0.0,0
46907,99.249,28.564,-1.0,0.0,452.82800000000003,0.0,0.0,0.0,5.732,0,2.0,0.97,309.825,-3.0352,34.32,35.58041000366211,4.98,0.0,0
46907,99.59,28.564,0.0,0.0,453.19100000000003,0.0,0.0,0.0,5.732,0,2.0,0.99,309.825,-2.9032,33.39,35.58041000366211,4.98,0.0,0
46907,99.59,28.564,-0.5,0.0,453.07,0.0,0.0,0.0,5.732,0,2.0,1.03,309.825,-0.2639,32.79,35.58041000366211,4.98,0.0,0
46907,99.59,28.564,-0.5,0.0,452.82800000000003,0.0,0.0,0.0,5.732,0,1.0,1.0050000000000001,310.005,3.563,32.34,35.58041000366211,4.98,0.0,0
46907,99.249,28.555,0.0,0.0,453.009,0.0,0.0,0.0,5.732,0,2.0,0.975,309.825,1.5836000000000001,32.64,35.58041000366211,4.98,0.0,0
46907,99.249,28.555,0.0,0.0,452.82800000000003,0.0,0.0,0.0,5.732,0,2.0,0.985,309.825,-1.0557,33.69,35.58041000366211,4.98,0.0,0
46907,99.249,28.555,-0.5,0.0,453.07,0.0,0.0,0.2,5.732,0,2.0,0.985,309.915,-1.8475000000000001,35.46,35.58041000366211,4.98,0.0,0
46907,99.249,28.555,-0.5,0.0,453.07,0.0,0.0,0.0,5.732,0,2.0,0.99,309.825,-1.1547,35.61,35.58041000366211,4.98,0.0,0
46907,99.249,28.545,0.0,0.0,453.372,0.0,0.0,-0.2,5.732,0,2.0,0.99,309.825,0.39590000000000003,36.75,35.58041000366211,4.98,0.0,0
46907,99.249,28.545,-0.5,0.0,452.88800000000003,0.0,0.0,0.0,5.732,0,2.0,1.05,309.825,0.2639,36.300000000000004,35.58041000366211,4.98,0.0,0
46907,99.249,28.545,0.0,0.0,453.009,0.0,0.0,0.0,5.732,0,2.0,1.0,309.825,-2.8207,35.01,35.58041000366211,4.98,0.0,0
46907,99.249,28.545,0.0,0.0,453.19100000000003,0.0,0.0,0.0,5.732,0,2.0,0.99,309.915,0.0495,34.5,35.58041000366211,4.98,0.0,0
46907,99.078,28.535,0.0,0.0,453.13,0.0,0.0,0.0,5.732,0,2.0,0.985,309.825,2.5733,34.2,35.58041000366211,4.98,0.0,0
46907,99.249,28.535,0.0,0.0,453.31100000000004,0.0,0.0,0.0,5.732,0,1.0,0.97,309.825,-1.8475000000000001,34.08,35.58041000366211,4.98,0.0,0
46907,99.249,28.535,-0.5,0.0,453.372,0.0,0.0,0.0,5.732,0,2.0,1.0,309.915,1.1712,33.9,35.58041000366211,4.98,0.0,0
46907,99.249,28.525000000000002,0.0,0.0,453.31100000000004,0.0,0.0,0.0,5.732,0,3.0,0.985,309.69,1.2124000000000001,34.44,35.58041000366211,4.98,0.0,0
46907,99.078,28.525000000000002,-0.5,0.0,453.07,0.0,0.0,0.0,5.732,0,2.0,1.01,309.825,-1.9135000000000002,33.63,35.58041000366211,4.98,0.0,0
46907,99.249,28.525000000000002,-0.5,0.0,453.009,0.0,0.0,0.0,5.732,0,2.0,0.995,309.915,0.066,33.36,35.58041000366211,4.98,0.0,0
46907,99.078,28.525000000000002,0.0,0.0,453.07,0.0,0.0,0.0,5.732,0,2.0,0.9550000000000001,309.915,1.963,33.0,35.58041000366211,4.98,0.0,0
46907,99.249,28.516000000000002,0.0,0.0,453.07,0.0,0.0,0.0,5.732,0,2.0,0.985,309.825,-2.6393,33.78,35.58041000366211,4.98,0.0,0
46907,99.249,28.516000000000002,-0.5,0.0,453.25100000000003,0.0,0.0,0.0,5.732,0,2.0,0.965,309.825,-0.9073,35.13,35.58041000366211,4.98,0.0,0
46907,99.078,28.516000000000002,-0.5,0.0,453.372,0.0,0.0,0.2,5.732,0,2.0,0.995,309.825,0.7423000000000001,35.64,35.58041000366211,4.98,0.0,0
46907,99.249,28.506,-0.5,0.0,453.13,0.0,0.0,0.0,5.732,0,2.0,1.0,309.825,0.0,35.46,35.58041000366211,4.98,0.0,0
46907,99.59,28.506,-0.5,0.0,453.13,0.0,0.0,0.0,5.732,0,1.0,1.01,309.825,2.9032,34.44,35.58041000366211,4.98,0.0,0
46907,99.249,28.506,0.0,0.0,453.07,0.0,0.0,0.0,5.732,0,3.0,0.98,309.915,-0.47840000000000005,33.72,35.58041000366211,4.98,0.0,0
46907,99.419,28.496000000000002,-0.5,0.0,453.19100000000003,0.0,0.0,0.0,5.732,0,2.0,1.0050000000000001,309.69,0.2227,34.5,35.58041000366211,4.98,0.0,0
46907,99.249,28.496000000000002,0.0,0.0,453.25100000000003,0.0,0.0,0.0,5.732,0,2.0,1.0050000000000001,309.825,-0.5114000000000001,34.44,35.58041000366211,4.98,0.0,0
46907,99.078,28.496000000000002,0.0,0.0,453.432,0.0,0.0,0.0,5.732,0,2.0,0.99,309.825,-1.5011,34.32,35.58041000366211,4.98,0.0,0
46907,99.249,28.496000000000002,0.0,0.0,453.55400000000003,0.0,0.0,0.0,5.732,0,2.0,0.985,309.825,3.9095,34.17,35.58041000366211,4.98,0.0,0
46907,99.249,28.486,-0.5,0.0,453.55400000000003,0.0,0.0,0.0,5.732,0,3.0,1.0150000000000001,309.825,0.9238000000000001,33.9,35.58041000366211,4.98,0.0,0
46907,99.249,28.486,0.0,0.0,453.19100000000003,0.0,0.0,0.0,5.732,0,2.0,1.0050000000000001,309.915,1.5836000000000001,34.410000000000004,35.58041000366211,4.98,0.0,0
46907,99.249,28.486,0.0,0.0,453.372,0.0,0.0,0.2,5.732,0,1.0,1.0050000000000001,309.825,-0.132,34.77,35.58041000366211,4.98,0.0,0
46907,99.249,28.486,0.0,0.0,453.55400000000003,0.0,0.0,0.0,5.732,0,1.0,0.97,309.825,-2.3589,34.35,35.58041000366211,4.98,0.0,0
46907,99.249,28.477,0.0,0.0,453.675,0.0,0.0,0.0,5.732,0,2.0,0.985,309.915,0.7918000000000001,34.35,35.58041000366211,4.98,0.0,0
46907,99.078,28.477,-0.5,0.0,453.615,0.0,0.0,0.2,5.732,0,2.0,1.0150000000000001,309.69,-0.8330000000000001,34.89,35.58041000366211,4.98,0.0,0
46907,99.59,28.477,-0.5,0.0,453.432,0.0,0.0,0.0,5.732,0,2.0,1.01,309.825,-2.3094,36.06,35.58041000366211,4.98,0.0,0
46907,99.249,28.467000000000002,-0.5,0.0,453.372,0.0,0.0,0.0,5.732,0,3.0,0.98,309.915,0.19790000000000002,36.18,35.58041000366211,4.98,0.0,0
46907,99.76,28.467000000000002,-0.5,0.0,453.13,0.0,0.0,0.0,5.732,0,1.0,1.01,309.915,4.5115,35.61,35.58041000366211,4.98,0.0,0
46907,98.907,28.467000000000002,0.0,0.0,453.13,0.0,0.0,-0.2,5.732,0,2.0,1.02,309.915,4.0579,35.52,35.58041000366211,4.98,0.0,0
46907,99.249,28.467000000000002,0.0,0.0,453.19100000000003,0.0,0.0,0.0,5.732,0,2.0,1.0050000000000001,309.825,-0.2639,34.980000000000004,35.58041000366211,4.98,0.0,0
46907,99.249,28.467000000000002,0.0,0.0,453.372,0.0,0.0,0.0,5.732,0,2.0,1.01,309.915,0.5279,34.38,35.58041000366211,4.98,0.0,0
46907,99.249,28.457,-0.5,0.0,453.55400000000003,0.0,0.0,0.0,5.732,0,2.0,1.0,309.825,0.2639,34.71,35.58041000366211,4.98,0.0,0
46907,99.249,28.457,-1.0,0.0,453.615,0.0,0.0,0.0,5.732,0,2.0,1.0,309.825,-5.5425,34.74,35.58041000366211,4.98,0.0,0
46907,99.249,28.457,0.0,0.0,453.372,0.0,0.0,0.0,5.732,0,1.0,0.985,309.915,-0.39590000000000003,34.800000000000004,35.58041000366211,4.98,0.0,0
46907,99.249,28.447000000000003,0.0,0.0,453.19100000000003,0.0,0.0,0.0,5.732,0,2.0,0.99,309.825,3.1672000000000002,34.71,35.58041000366211,4.98,0.0,0
46907,99.249,28.447000000000003,-0.5,0.0,453.13,0.0,0.0,0.0,5.732,0,2.0,1.0,309.825,-4.3548,34.17,35.58041000366211,4.98,0.0,0
46907,99.59,28.447000000000003,-0.5,0.0,453.07,0.0,0.0,-0.2,5.732,0,2.0,1.02,309.825,-1.5176,34.74,35.58041000366211,4.98,0.0,0
46907,99.249,28.447000000000003,0.0,0.0,453.009,0.0,0.0,0.0,5.732,0,2.0,1.02,309.915,3.563,35.37,35.58041000366211,4.98,0.0,0
46907,99.078,28.438000000000002,0.5,0.0,453.07,0.0,0.0,0.0,5.732,0,2.0,0.99,309.825,1.5836000000000001,36.0,35.58041000366211,4.98,0.0,0
46907,99.249,28.438000000000002,0.0,0.0,453.432,0.0,0.0,0.0,5.732,0,2.0,0.995,309.915,2.3754,35.550000000000004,35.58041000366211,4.98,0.0,0
46907,99.249,28.438000000000002,-0.5,0.0,453.494,0.0,0.0,0.0,5.732,0,2.0,1.0050000000000001,309.915,-1.0557,35.85,35.58041000366211,4.98,0.0,0
46907,99.419,28.428,-0.5,0.0,453.432,0.0,0.0,0.0,5.732,0,2.0,1.025,309.69,-3.0352,35.85,35.58041000366211,4.98,0.0,0
46907,99.249,28.428,-0.5,0.0,453.31100000000004,0.0,0.0,0.0,5.732,0,2.0,0.975,309.825,-2.3094,35.7,35.58041000366211,4.98,0.0,0
46907,99.419,28.428,-0.5,0.0,453.19100000000003,0.0,0.0,0.0,5.732,0,2.0,0.98,309.825,-3.6950000000000003,35.46,35.58041000366211,4.98,0.0,0
46907,99.419,28.428,-0.5,0.0,453.25100000000003,0.0,0.0,0.0,5.732,0,2.0,1.0150000000000001,309.825,0.4289,35.13,35.58041000366211,4.98,0.0,0
46907,99.249,28.418000000000003,0.0,0.0,453.25100000000003,0.0,0.0,0.0,5.732,0,2.0,0.99,309.915,3.8270000000000004,34.230000000000004,35.58041000366211,4.98,0.0,0
46907,99.59,28.418000000000003,-0.5,0.0,453.19100000000003,0.0,0.0,0.0,5.732,0,2.0,0.975,309.69,0.099,33.15,35.58041000366211,4.98,0.0,0
46907,99.249,28.418000000000003,-1.0,0.0,453.19100000000003,0.0,0.0,0.0,5.732,0,2.0,0.985,309.69,-0.8330000000000001,33.15,35.58041000366211,4.98,0.0,0
46907,99.249,28.418000000000003,-0.5,0.0,453.07,0.0,0.0,0.0,5.732,0,2.0,1.01,309.825,-2.3094,33.480000000000004,35.58041000366211,4.98,0.0,0
46907,99.078,28.408,0.0,0.0,452.88800000000003,0.0,0.0,0.0,5.732,0,2.0,1.0050000000000001,309.915,1.6496000000000002,33.96,35.58041000366211,4.98,0.0,0
46907,99.249,28.408,-0.5,0.0,453.55400000000003,0.0,0.0,0.0,5.732,0,2.0,1.0050000000000001,309.825,2.9445,35.04,35.58041000366211,4.98,0.0,0
46907,99.249,28.408,-0.5,0.0,453.25100000000003,0.0,0.0,0.0,5.732,0,2.0,1.0050000000000001,309.825,-1.8475000000000001,35.82,35.58041000366211,4.98,0.0,0
46907,99.249,28.408,0.0,0.0,453.31100000000004,0.0,0.0,0.0,5.732,0,2.0,1.01,309.915,0.7918000000000001,36.03,35.58041000366211,4.98,0.0,0
46907,99.078,28.398,-0.5,0.0,453.13,0.0,0.0,0.0,5.732,0,2.0,0.99,309.825,4.2229,36.480000000000004,35.58041000366211,4.98,0.0,0
46907,99.249,28.398,-0.5,0.0,453.07,0.0,0.0,0.0,5.732,0,2.0,1.0,309.69,-1.8887,36.33,35.58041000366211,4.98,0.0,0
46907,99.249,28.398,-0.5,0.0,453.25100000000003,0.0,0.0,0.0,5.732,0,2.0,1.01,309.69,-7.5467,35.37,35.58041000366211,4.98,0.0,0
46907,99.419,28.389000000000003,0.0,0.0,453.25100000000003,0.0,0.0,0.0,5.732,0,1.0,0.99,309.915,1.3691,35.4,35.58041000366211,4.98,0.0,0
46907,99.078,28.389000000000003,0.0,0.0,453.372,0.0,0.0,0.0,5.732,0,2.0,1.0150000000000001,309.915,5.4106000000000005,35.22,35.58041000366211,4.98,0.0,0
46907,99.249,28.389000000000003,-0.5,0.0,453.55400000000003,0.0,0.0,0.0,5.732,0,2.0,1.0150000000000001,309.825,4.1321,35.25,35.58041000366211,4.98,0.0,0
46907,99.249,28.389000000000003,-0.5,0.0,453.615,0.0,0.0,0.0,5.732,0,2.0,1.0050000000000001,309.915,0.9073,34.62,35.58041000366211,4.98,0.0,0
46907,99.249,28.379,0.0,0.0,453.615,0.0,0.0,0.0,5.732,0,3.0,1.0,309.825,0.14850000000000002,34.17,35.58041000366211,4.98,0.0,0
46907,99.249,28.379,-0.5,0.0,453.615,0.0,0.0,0.0,5.732,0,1.0,0.985,309.915,0.9238000000000001,33.99,35.58041000366211,4.98,0.0,0
46907,99.419,28.379,0.0,0.0,453.494,0.0,0.0,0.0,5.732,0,2.0,1.0050000000000001,309.69,-2.4001,33.87,35.58041000366211,4.98,0.0,0
46907,98.907,28.379,0.0,0.0,453.19100000000003,0.0,0.0,0.0,5.732,0,2.0,1.02,309.825,-0.2474,34.35,35.58041000366211,4.98,0.0,0
46907,99.078,28.369,-0.5,0.0,453.432,0.0,0.0,0.0,5.732,0,2.0,1.025,309.825,2.3919,35.58,35.58041000366211,4.98,0.0,0
46907,99.249,28.369,0.0,0.0,453.372,0.0,0.0,0.0,5.732,0,2.0,1.02,309.825,0.0825,36.69,35.58041000366211,4.98,0.0,0
46907,99.249,28.369,-0.5,0.0,453.494,0.0,0.0,0.0,5.732,0,2.0,0.995,309.825,-0.9238000000000001,36.660000000000004,35.58041000366211,4.98,0.0,0
46907,98.907,28.359,-0.5,0.0,453.31100000000004,0.0,0.0,0.0,5.732,0,2.0,0.995,309.825,0.9402,36.87,35.58041000366211,4.98,0.0,0
46907,99.249,28.359,-0.5,0.0,453.31100000000004,0.0,0.0,0.0,5.732,0,2.0,1.0050000000000001,309.825,-1.6496000000000002,36.21,35.58041000366211,4.98,0.0,0
46907,99.078,28.359,-0.5,0.0,453.19100000000003,0.0,0.0,0.0,5.732,0,2.0,1.0,309.915,0.4454,35.76,35.58041000366211,4.98,0.0,0
46907,99.249,28.359,0.0,0.0,452.82800000000003,0.0,0.0,0.0,5.732,0,2.0,1.0,309.825,2.8372,35.43,35.58041000366211,4.98,0.0,0
46907,99.249,28.35,0.0,0.0,452.88800000000003,0.0,0.0,0.0,5.732,0,2.0,1.0,309.825,-0.6598,35.49,35.58041000366211,4.98,0.0,0
46907,98.907,28.35,0.0,0.0,453.13,0.0,0.0,0.0,5.732,0,2.0,1.02,309.825,-0.2474,35.37,35.58041000366211,4.98,0.0,0
46907,99.419,28.35,-1.0,0.0,453.372,0.0,0.0,0.0,5.732,0,2.0,1.0,309.915,2.7548,34.47,35.58041000366211,4.98,0.0,0
46907,99.249,28.34,-1.0,0.0,453.372,0.0,0.0,0.0,5.732,0,3.0,0.99,309.825,1.0557,34.17,35.58041000366211,4.98,0.0,0
46907,99.249,28.34,-0.5,0.0,453.25100000000003,0.0,0.0,0.0,5.732,0,2.0,1.0,309.825,-1.4516,33.660000000000004,35.58041000366211,4.98,0.0,0
46907,99.419,28.34,0.0,0.0,453.13,0.0,0.0,-0.2,5.732,0,2.0,0.995,310.005,-1.3361,34.17,35.58041000366211,4.98,0.0,0
46907,99.078,28.34,-0.5,0.0,452.949,0.0,0.0,0.0,5.732,0,3.0,0.99,309.825,1.3361,35.52,35.58041000366211,4.98,0.0,0
46907,99.419,28.34,0.0,0.0,452.82800000000003,0.0,0.0,0.0,5.732,0,2.0,0.975,309.825,1.5836000000000001,35.7,35.58041000366211,4.98,0.0,0
46907,99.249,28.330000000000002,-0.5,0.0,453.07,0.0,0.0,0.0,5.732,0,2.0,1.0,309.825,-1.0557,36.75,35.58041000366211,4.98,0.0,0
46907,99.249,28.330000000000002,-0.5,0.0,453.19100000000003,0.0,0.0,0.0,5.732,0,2.0,1.0050000000000001,309.915,-1.8475000000000001,36.96,35.58041000366211,4.98,0.0,0
46907,99.249,28.330000000000002,-0.5,0.0,453.25100000000003,0.0,0.0,0.0,5.732,0,2.0,1.0,309.915,4.1569,36.300000000000004,35.58041000366211,4.98,0.0,0
46907,99.249,28.32,-1.0,0.0,453.13,0.0,0.0,0.0,5.732,0,2.0,0.99,309.825,0.0,36.03,35.58041000366211,4.98,0.0,0
46907,99.249,28.32,-0.5,0.0,453.25100000000003,0.0,0.0,0.0,5.732,0,2.0,0.99,309.825,-5.476500000000001,35.7,35.58041000366211,4.98,0.0,0
46907,99.249,28.32,0.0,0.0,453.372,0.0,0.0,0.0,5.732,0,1.0,1.025,309.915,-0.6598,35.46,35.58041000366211,4.98,0.0,0
46907,99.249,28.32,0.0,0.0,453.432,0.0,0.0,0.0,5.732,0,2.0,0.985,309.915,1.5176,35.01,35.58041000366211,4.98,0.0,0
46907,99.249,28.311,-0.5,0.0,453.31100000000004,0.0,0.0,0.0,5.732,0,2.0,1.01,309.825,0.0,35.46,35.58041000366211,4.98,0.0,0
46907,99.249,28.311,0.0,0.0,453.31100000000004,0.0,0.0,0.0,5.732,0,1.0,0.995,309.915,-0.5279,34.65,35.58041000366211,4.98,0.0,0
46907,99.249,28.311,0.0,0.0,453.25100000000003,0.0,0.0,0.0,5.732,0,2.0,1.025,309.825,0.2639,33.72,35.58041000366211,4.98,0.0,0
46907,99.419,28.311,-0.5,0.0,453.25100000000003,0.0,0.0,0.0,5.732,0,2.0,0.99,309.915,1.5176,33.660000000000004,35.58041000366211,4.98,0.0,0
46907,99.419,28.301000000000002,-0.5,0.0,453.25100000000003,0.0,0.0,0.0,5.732,0,2.0,1.0050000000000001,309.825,-1.3196,34.26,35.58041000366211,4.98,0.0,0
46907,99.249,28.301000000000002,-0.5,0.0,453.25100000000003,0.0,0.0,0.0,5.732,0,2.0,1.0150000000000001,309.825,0.5279,34.47,35.58041000366211,4.98,0.0,0
46907,99.249,28.301000000000002,0.0,0.0,453.372,0.0,0.0,0.0,5.732,0,2.0,0.97,309.915,-3.2991,35.34,35.58041000366211,4.98,0.0,0
46907,99.078,28.291,0.0,0.0,453.13,0.0,0.0,0.0,5.732,0,2.0,0.985,309.825,-0.5279,35.85,35.58041000366211,4.98,0.0,0
46907,99.078,28.291,0.0,0.0,453.25100000000003,0.0,0.0,0.0,5.732,0,1.0,1.0150000000000001,309.825,1.4516,37.11,35.58041000366211,4.98,0.0,0
46907,99.419,28.291,-0.5,0.0,453.19100000000003,0.0,0.0,0.0,5.732,0,2.0,0.99,309.69,-5.1136,37.56,35.58041000366211,4.98,0.0,0
46907,99.249,28.291,0.0,0.0,453.372,0.0,0.0,0.0,5.732,0,1.0,0.995,309.915,1.0557,36.03,35.58041000366211,4.98,0.0,0
46907,99.249,28.281000000000002,-0.5,0.0,453.009,0.0,0.0,0.0,5.732,0,2.0,1.01,309.915,4.6848,34.92,35.58041000366211,4.98,0.0,0
46907,99.078,28.281000000000002,-0.5,0.0,453.009,0.0,0.0,0.0,5.732,0,1.0,1.0,309.915,4.6188,34.410000000000004,35.58041000366211,4.98,0.0,0
46907,99.59,28.281000000000002,0.0,0.0,453.55400000000003,0.0,0.0,0.0,5.732,0,2.0,0.985,309.915,-1.5836000000000001,33.99,35.58041000366211,4.98,0.0,0
46907,99.249,28.281000000000002,-0.5,0.0,453.372,0.0,0.0,0.0,5.732,0,3.0,1.01,309.915,1.7155,34.14,35.58041000366211,4.98,0.0,0
46907,99.249,28.271,0.0,0.0,453.31100000000004,0.0,0.0,0.0,5.732,0,2.0,1.0150000000000001,309.915,5.0147,33.81,35.58041000366211,4.98,0.0,0
46907,99.249,28.271,-0.5,0.0,453.372,0.0,0.0,0.0,5.732,0,2.0,0.975,309.825,-5.1466,33.57,35.58041000366211,4.98,0.0,0
46907,99.249,28.271,-0.5,0.0,453.372,0.0,0.0,0.0,5.732,0,2.0,0.99,309.825,-5.1961,33.6,35.58041000366211,4.98,0.0,0
46907,99.249,28.271,-0.5,0.0,453.372,0.0,0.0,-0.2,5.732,0,2.0,0.995,309.825,-2.4249,34.59,35.58041000366211,4.98,0.0,0
46907,99.249,28.262,0.0,0.0,453.19100000000003,0.0,0.0,0.0,5.732,0,3.0,1.0,309.915,3.1012,35.07,35.58041000366211,4.98,0.0,0
46907,99.078,28.262,-0.5,0.0,453.13,0.0,0.0,0.0,5.732,0,2.0,0.995,309.915,1.5671000000000002,35.28,35.58041000366211,4.98,0.0,0
46907,99.419,28.262,0.0,0.0,453.372,0.0,0.0,0.0,5.732,0,3.0,1.02,309.825,-0.6598,35.7,35.58041000366211,4.98,0.0,0
46907,99.249,28.262,0.0,0.0,453.432,0.0,0.0,0.0,5.732,0,2.0,1.025,309.825,-2.8867000000000003,36.57,35.58041000366211,4.98,0.0,0
46907,99.249,28.252000000000002,0.0,0.0,453.31100000000004,0.0,0.0,0.0,5.732,0,3.0,0.995,309.825,-0.2474,36.09,35.58041000366211,4.98,0.0,0
46907,99.59,28.252000000000002,-0.5,0.0,453.432,0.0,0.0,0.0,5.732,0,1.0,1.0,309.69,-0.8330000000000001,35.49,35.58041000366211,4.98,0.0,0
46907,99.249,28.252000000000002,-0.5,0.0,453.432,0.0,0.0,0.0,5.732,0,2.0,0.99,309.825,-4.8827,35.22,35.58041000366211,4.98,0.0,0
46907,99.249,28.242,0.0,0.0,453.736,0.0,0.0,0.0,5.732,0,2.0,0.985,309.825,-0.7918000000000001,35.22,35.58041000366211,4.98,0.0,0
46907,99.249,28.242,-0.5,0.0,453.372,0.0,0.0,0.0,5.732,0,1.0,1.02,309.915,5.7652,34.53,35.58041000366211,4.98,0.0,0
46907,99.249,28.242,-0.5,0.0,453.19100000000003,0.0,0.0,0.0,5.732,0,2.0,0.995,309.915,1.3444,34.44,35.58041000366211,4.98,0.0,0
46907,99.078,28.242,-0.5,0.0,453.55400000000003,0.0,0.0,0.0,5.732,0,2.0,0.985,309.825,0.3299,33.75,35.58041000366211,4.98,0.0,0
46907,99.76,28.232000000000003,0.0,0.0,453.432,0.0,0.0,0.0,5.732,0,2.0,1.01,309.825,0.2144,33.87,35.58041000366211,4.98,0.0,0
46907,99.59,28.232000000000003,0.0,0.0,452.949,0.0,0.0,0.0,5.732,0,2.0,1.0050000000000001,309.825,-1.5671000000000002,33.63,35.58041000366211,4.98,0.0,0
46907,99.59,28.232000000000003,0.0,0.0,453.009,0.0,0.0,0.0,5.732,0,2.0,0.995,309.825,-1.3196,34.11,35.58041000366211,4.98,0.0,0
46907,99.59,28.232000000000003,-0.5,0.0,453.372,0.0,0.0,0.0,5.732,0,2.0,0.975,309.915,2.4908,34.980000000000004,35.58041000366211,4.98,0.0,0
46907,99.078,28.223000000000003,0.0,0.0,453.372,0.0,0.0,0.0,5.732,0,2.0,1.0150000000000001,309.825,1.7155,36.24,35.58041000366211,4.98,0.0,0
46907,99.59,28.223000000000003,0.0,0.0,453.13,0.0,0.0,0.0,5.732,0,2.0,1.0150000000000001,309.825,-2.2434000000000003,36.300000000000004,35.58041000366211,4.98,0.0,0
46907,99.249,28.223000000000003,-1.0,0.0,453.372,0.0,0.0,0.0,5.732,0,2.0,1.01,309.915,-1.3032000000000001,36.06,35.58041000366211,4.98,0.0,0
46907,99.249,28.213,-0.5,0.0,453.19100000000003,0.0,0.0,0.0,5.732,0,3.0,0.99,309.915,1.1712,35.67,35.58041000366211,4.98,0.0,0
46907,99.078,28.213,0.0,0.0,452.767,0.0,0.0,0.0,5.732,0,2.0,1.0,309.825,0.2639,35.61,35.58041000366211,4.98,0.0,0
46907,99.249,28.213,0.0,0.0,452.88800000000003,0.0,0.0,0.0,5.732,0,2.0,1.0050000000000001,309.915,0.39590000000000003,34.74,35.58041000366211,4.98,0.0,0
46907,99.249,28.213,-0.5,0.0,453.25100000000003,0.0,0.0,0.0,5.732,0,1.0,0.995,309.915,-1.1382,34.44,35.58041000366211,4.98,0.0,0
46907,99.249,28.203000000000003,-1.0,0.0,452.82800000000003,0.0,0.0,0.0,5.732,0,2.0,1.02,309.915,-4.7012,33.39,35.58041000366211,4.98,0.0,0
46907,99.419,28.203000000000003,0.0,0.0,452.949,0.0,0.0,-0.2,5.732,0,2.0,1.01,309.69,-2.73,33.6,35.58041000366211,4.98,0.0,0
46907,99.249,28.203000000000003,-0.5,0.0,453.19100000000003,0.0,0.0,0.0,5.732,0,2.0,0.975,309.825,3.6455,34.26,35.58041000366211,4.98,0.0,0
46907,99.249,28.203000000000003,-0.5,0.0,453.31100000000004,0.0,0.0,0.0,5.732,0,2.0,0.97,309.825,0.3052,34.59,35.58041000366211,4.98,0.0,0
46907,99.249,28.203000000000003,-0.5,0.0,453.372,0.0,0.0,0.0,5.732,0,2.0,0.97,309.825,-0.6598,34.53,35.58041000366211,4.98,0.0,0
46907,99.078,28.193,-0.5,0.0,453.31100000000004,0.0,0.0,0.2,5.732,0,2.0,1.0,309.69,0.0,34.56,35.58041000366211,4.98,0.0,0
46907,99.249,28.193,-1.0,0.0,453.372,0.0,0.0,0.0,5.732,0,3.0,1.0150000000000001,309.915,0.6598,35.52,35.58041000366211,4.98,0.0,0
46907,99.249,28.193,-0.5,0.0,453.372,0.0,0.0,0.0,5.732,0,2.0,1.0050000000000001,309.915,0.7258,34.980000000000004,35.58041000366211,4.98,0.0,0
46907,99.249,28.184,-0.5,0.0,453.009,0.0,0.0,0.0,5.732,0,2.0,0.99,309.825,0.5279,34.65,35.58041000366211,4.98,0.0,0
46907,99.249,28.184,-0.5,0.0,453.25100000000003,0.0,0.0,0.0,5.732,0,3.0,1.01,309.825,-0.46190000000000003,35.160000000000004,35.58041000366211,4.98,0.0,0
46907,99.249,28.184,0.0,0.0,453.19100000000003,0.0,0.0,0.0,5.732,0,2.0,1.035,309.825,1.4516,35.13,35.58041000366211,4.98,0.0,0
46907,99.249,28.184,-0.5,0.0,453.07,0.0,0.0,0.0,5.732,0,2.0,0.985,309.825,-1.5836000000000001,34.86,35.58041000366211,4.98,0.0,0
46907,99.249,28.174000000000003,0.0,0.0,453.372,0.0,0.0,0.0,5.732,0,1.0,1.0050000000000001,309.915,1.5836000000000001,34.83,35.58041000366211,4.98,0.0,0
46907,99.249,28.174000000000003,0.0,0.0,453.25100000000003,0.0,0.0,0.0,5.732,0,3.0,1.0150000000000001,309.825,0.0,34.53,35.58041000366211,4.98,0.0,0
46907,99.249,28.174000000000003,-0.5,0.0,453.31100000000004,0.0,0.0,0.0,5.732,0,2.0,0.995,309.825,-1.0557,33.54,35.58041000366211,4.98,0.0,0
46907,99.249,28.164,-0.5,0.0,453.13,0.0,0.0,0.0,5.732,0,2.0,1.0,309.825,-1.5176,32.76,35.58041000366211,4.98,0.0,0
46907,99.419,28.164,0.0,0.0,452.88800000000003,0.0,0.0,0.0,5.732,0,1.0,0.985,309.825,-0.2639,33.57,35.58041000366211,4.98,0.0,0
46907,99.249,28.164,0.0,0.0,452.82800000000003,0.0,0.0,0.0,5.732,0,1.0,1.025,309.825,-1.5836000000000001,33.9,35.58041000366211,4.98,0.0,0
46907,99.078,28.164,0.0,0.0,453.13,0.0,0.0,0.0,5.732,0,2.0,1.0150000000000001,309.825,0.0,34.35,35.58041000366211,4.98,0.0,0
46907,99.249,28.154,-0.5,0.0,452.949,0.0,0.0,0.0,5.732,0,2.0,0.995,309.915,2.5733,35.31,35.58041000366211,4.98,0.0,0
46907,99.249,28.154,-0.5,0.0,453.19100000000003,0.0,0.0,0.0,5.732,0,2.0,1.0050000000000001,309.825,-0.2639,35.7,35.58041000366211,4.98,0.0,0
46907,99.249,28.154,-0.5,0.0,453.31100000000004,0.0,0.0,0.0,5.732,0,1.0,0.995,309.825,-1.5836000000000001,35.49,35.58041000366211,4.98,0.0,0
46907,99.249,28.154,-0.5,0.0,453.372,0.0,0.0,0.0,5.732,0,2.0,0.995,309.69,-3.9589000000000003,35.910000000000004,35.58041000366211,4.98,0.0,0
46907,99.078,28.145,0.0,0.0,453.675,0.0,0.0,0.0,5.732,0,2.0,1.01,309.825,0.5279,35.7,35.58041000366211,4.98,0.0,0
46907,99.249,28.145,-0.5,0.0,453.372,0.0,0.0,0.0,5.732,0,3.0,1.02,309.825,1.1877,35.37,35.58041000366211,4.98,0.0,0
46907,99.249,28.145,0.0,0.0,452.88800000000003,0.0,0.0,0.0,5.732,0,2.0,1.01,309.915,0.8908,34.92,35.58041000366211,4.98,0.0,0
46907,99.249,28.135,0.0,0.0,453.432,0.0,0.0,0.0,5.732,0,1.0,0.99,309.915,3.0352,35.04,35.58041000366211,4.98,0.0,0
46907,99.249,28.135,0.0,0.0,453.372,0.0,0.0,0.0,5.732,0,2.0,0.995,309.915,3.3651,34.59,35.58041000366211,4.98,0.0,0
46907,99.249,28.135,-0.5,0.0,453.009,0.0,0.0,0.0,5.732,0,2.0,0.99,309.69,-4.6188,33.69,35.58041000366211,4.98,0.0,0
46907,99.249,28.135,-0.5,0.0,453.07,0.0,0.0,0.0,5.732,0,2.0,1.0,309.915,-2.6393,33.69,35.58041000366211,4.98,0.0,0
46907,99.249,28.125,-0.5,0.0,453.494,0.0,0.0,0.0,5.732,0,2.0,0.99,309.69,-3.2991,33.81,35.58041000366211,4.98,0.0,0
46907,99.249,28.125,-0.5,0.0,453.372,0.0,0.0,0.0,5.732,0,1.0,1.0,309.825,1.2207000000000001,35.25,35.58041000366211,4.98,0.0,0
46907,99.249,28.125,-0.5,0.0,453.372,0.0,0.0,0.0,5.732,0,2.0,1.0,309.825,0.5031,35.43,35.58041000366211,4.98,0.0,0
46907,99.249,28.125,-0.5,0.0,453.13,0.0,0.0,0.0,5.732,0,2.0,1.01,309.825,-0.4454,36.24,35.58041000366211,4.98,0.0,0
46907,99.249,28.125,0.0,0.0,453.55400000000003,0.0,0.0,0.0,5.732,0,2.0,1.0150000000000001,309.915,1.9382000000000001,36.57,35.58041000366211,4.98,0.0,0
46907,99.249,28.115000000000002,-0.5,0.0,453.009,0.0,0.0,0.0,5.732,0,1.0,1.01,309.825,1.9795,36.72,35.58041000366211,4.98,0.0,0
46907,99.249,28.115000000000002,0.0,0.0,453.07,0.0,0.0,0.0,5.732,0,3.0,0.995,309.825,-1.9795,36.03,35.58041000366211,4.98,0.0,0
46907,99.419,28.115000000000002,0.0,0.0,453.25100000000003,0.0,0.0,0.0,5.732,0,2.0,0.99,309.825,-2.8867000000000003,35.910000000000004,35.58041000366211,4.98,0.0,0
46907,99.249,28.105,-0.5,0.0,453.07,0.0,0.0,0.0,5.732,0,2.0,0.99,309.825,1.4516,35.25,35.58041000366211,4.98,0.0,0
46907,99.419,28.105,0.0,0.0,453.25100000000003,0.0,0.0,0.0,5.732,0,1.0,1.0150000000000001,309.915,0.6433,35.37,35.58041000366211,4.98,0.0,0
46907,99.249,28.105,-0.5,0.0,453.432,0.0,0.0,0.0,5.732,0,2.0,0.995,309.825,-0.2639,35.7,35.58041000366211,4.98,0.0,0
46907,99.249,28.105,0.0,0.0,453.07,0.0,0.0,0.0,5.732,0,1.0,1.01,309.915,2.4908,35.76,35.58041000366211,4.98,0.0,0
46907,99.249,28.096,0.5,0.0,453.009,0.0,0.0,0.0,5.732,0,2.0,1.0,309.825,-1.0557,35.160000000000004,35.58041000366211,4.98,0.0,0
46907,99.249,28.096,0.0,0.0,453.19100000000003,0.0,0.0,0.0,5.732,0,2.0,0.98,309.69,-2.3506,34.65,35.58041000366211,4.98,0.0,0
46907,99.249,28.096,-0.5,0.0,453.19100000000003,0.0,0.0,0.0,5.732,0,1.0,0.97,309.825,-4.8827,33.87,35.58041000366211,4.98,0.0,0
46907,99.078,28.096,-0.5,0.0,453.25100000000003,0.0,0.0,0.0,5.732,0,2.0,1.0,309.825,-3.1012,34.02,35.58041000366211,4.98,0.0,0
46907,99.249,28.086000000000002,-0.5,0.0,452.949,0.0,0.0,0.0,5.732,0,3.0,1.025,309.915,4.6848,35.1,35.58041000366211,4.98,0.0,0
46907,99.249,28.086000000000002,-0.5,0.0,453.25100000000003,0.0,0.0,0.0,5.732,0,2.0,0.995,309.825,1.9795,36.81,35.58041000366211,4.98,0.0,0
46907,99.078,28.086000000000002,-0.5,0.0,453.13,0.0,0.0,0.0,5.732,0,2.0,1.0,309.915,-0.0412,36.96,35.58041000366211,4.98,0.0,0
46907,99.249,28.076,-0.5,0.0,453.009,0.0,0.0,0.2,5.732,0,2.0,1.0050000000000001,309.825,0.28040000000000004,36.84,35.58041000366211,4.98,0.0,0
46907,99.078,28.076,-0.5,0.0,453.19100000000003,0.0,0.0,0.0,5.732,0,2.0,1.0150000000000001,309.915,2.0455,36.18,35.58041000366211,4.98,0.0,0
46907,99.078,28.076,0.0,0.0,453.19100000000003,0.0,0.0,0.0,5.732,0,2.0,0.995,309.825,-0.7753,35.4,35.58041000366211,4.98,0.0,0
46907,99.419,28.076,0.0,0.0,453.372,0.0,0.0,0.0,5.732,0,2.0,0.995,309.825,2.2434000000000003,34.800000000000004,35.58041000366211,4.98,0.0,0
46907,99.249,28.066000000000003,0.0,0.0,453.07,0.0,0.0,0.0,5.732,0,2.0,1.0050000000000001,309.825,-1.1712,34.95,35.58041000366211,4.98,0.0,0
46907,99.419,28.066000000000003,0.0,0.0,453.13,0.0,0.0,0.0,5.732,0,3.0,0.995,309.825,-2.3754,34.74,35.58041000366211,4.98,0.0,0
46907,99.419,28.066000000000003,-0.5,0.0,453.19100000000003,0.0,0.0,0.0,5.732,0,2.0,0.995,309.825,1.1877,34.62,35.58041000366211,4.98,0.0,0
46907,99.249,28.066000000000003,0.0,0.0,453.13,0.0,0.0,0.0,5.732,0,2.0,0.995,309.825,1.3196,33.99,35.58041000366211,4.98,0.0,0
46907,99.59,28.057000000000002,0.0,0.0,453.372,0.0,0.0,0.0,5.732,0,1.0,1.0150000000000001,309.915,3.2826,33.9,35.58041000366211,4.98,0.0,0
46907,99.249,28.057000000000002,-0.5,0.0,453.432,0.0,0.0,0.0,5.732,0,1.0,0.995,309.825,-0.132,33.78,35.58041000366211,4.98,0.0,0
46907,99.59,28.057000000000002,-0.5,0.0,453.372,0.0,0.0,0.0,5.732,0,2.0,1.0,309.825,-2.5073000000000003,34.47,35.58041000366211,4.98,0.0,0
46907,99.419,28.057000000000002,-0.5,0.0,453.372,0.0,0.0,0.0,5.732,0,2.0,1.0,309.825,-3.1672000000000002,34.59,35.58041000366211,4.98,0.0,0
46907,99.59,28.047,0.0,0.0,452.949,0.0,0.0,0.0,5.732,0,2.0,0.985,309.915,0.2639,35.67,35.58041000366211,4.98,0.0,0
46907,99.249,28.047,0.0,0.0,453.19100000000003,0.0,0.0,0.2,5.732,0,1.0,1.0050000000000001,309.825,0.5279,36.87,35.58041000366211,4.98,0.0,0
46907,99.249,28.047,-0.5,0.0,453.372,0.0,0.0,0.0,5.732,0,2.0,1.02,309.825,-1.0557,36.96,35.58041000366211,4.98,0.0,0
46907,99.249,28.047,-0.5,0.0,453.13,0.0,0.0,0.0,5.732,0,2.0,0.995,309.69,-5.641500000000001,36.42,35.58041000366211,4.98,0.0,0
46907,99.078,28.037000000000003,0.0,0.0,453.19100000000003,0.0,0.0,0.0,5.732,0,2.0,0.965,309.915,2.3754,35.730000000000004,35.58041000366211,4.98,0.0,0
46907,99.249,28.037000000000003,-0.5,0.0,453.19100000000003,0.0,0.0,0.0,5.732,0,2.0,0.98,309.915,5.7405,35.07,35.58041000366211,4.98,0.0,0
46907,99.249,28.037000000000003,-0.5,0.0,453.31100000000004,0.0,0.0,0.0,5.732,0,2.0,0.995,309.825,2.5073000000000003,34.59,35.58041000366211,4.98,0.0,0
46907,99.249,28.037000000000003,-0.5,0.0,453.55400000000003,0.0,0.0,0.0,5.732,0,2.0,0.995,309.825,-3.1012,34.56,35.58041000366211,4.98,0.0,0
46907,99.249,28.027,0.0,0.0,453.31100000000004,0.0,0.0,0.2,5.732,0,2.0,1.01,309.825,-1.8475000000000001,34.89,35.58041000366211,4.98,0.0,0
46907,99.249,28.027,-0.5,0.0,453.372,0.0,0.0,0.0,5.732,0,2.0,1.01,309.825,0.0,35.13,35.58041000366211,4.98,0.0,0
46907,99.419,28.027,-0.5,0.0,453.07,0.0,0.0,0.0,5.732,0,3.0,0.975,309.825,0.0,35.22,35.58041000366211,4.98,0.0,0
46907,99.249,28.018,-0.5,0.0,453.372,0.0,0.0,0.0,5.732,0,2.0,1.0,309.825,0.0,34.980000000000004,35.58041000366211,4.98,0.0,0
46907,99.249,28.018,0.0,0.0,453.55400000000003,0.0,0.0,0.0,5.732,0,1.0,1.0,309.825,-1.3196,35.37,35.58041000366211,4.98,0.0,0
46907,99.419,28.018,0.0,0.0,453.55400000000003,0.0,0.0,0.0,5.732,0,2.0,1.0150000000000001,309.825,0.0,35.43,35.58041000366211,4.98,0.0,0
46907,99.249,28.018,0.0,0.0,453.372,0.0,0.0,0.0,5.732,0,2.0,0.97,309.825,0.0,36.42,35.58041000366211,4.98,0.0,0
46907,99.249,28.018,-0.5,0.0,453.372,0.0,0.0,0.0,5.732,0,2.0,0.98,309.69,-0.767,36.57,35.58041000366211,4.98,0.0,0
46907,99.249,28.008000000000003,-0.5,0.0,453.19100000000003,0.0,0.0,0.0,5.732,0,2.0,0.985,309.825,-1.3856000000000002,36.480000000000004,35.58041000366211,4.98,0.0,0
46907,99.419,28.008000000000003,0.0,0.0,453.19100000000003,0.0,0.0,0.0,5.732,0,2.0,1.0150000000000001,309.915,1.0392000000000001,36.300000000000004,35.58041000366211,4.98,0.0,0
46907,99.249,28.008000000000003,0.0,0.0,453.07,0.0,0.0,0.0,5.732,0,2.0,0.98,309.825,4.0909,35.730000000000004,35.58041000366211,4.98,0.0,0
46907,99.59,28.008000000000003,-0.5,0.0,452.949,0.0,0.0,0.0,5.732,0,2.0,0.97,309.915,3.0847,35.37,35.58041000366211,4.98,0.0,0
46907,99.249,27.998,0.0,0.0,453.19100000000003,0.0,0.0,0.0,5.732,0,2.0,1.0050000000000001,309.825,-0.9073,35.22,35.58041000366211,4.98,0.0,0
46907,99.249,27.998,0.0,0.0,453.19100000000003,0.0,0.0,0.2,5.732,0,1.0,0.995,309.825,1.5836000000000001,35.160000000000004,35.58041000366211,4.98,0.0,0
46907,99.249,27.998,0.0,0.0,453.25100000000003,0.0,0.0,0.0,5.732,0,2.0,1.01,309.825,-0.5114000000000001,34.14,35.58041000366211,4.98,0.0,0
46907,99.249,27.998,0.0,0.0,453.432,0.0,0.0,0.0,5.732,0,1.0,1.02,309.915,-1.732,33.9,35.58041000366211,4.98,0.0,0
46907,99.249,27.988000000000003,-0.5,0.0,453.07,0.0,0.0,0.0,5.732,0,2.0,0.985,309.69,-2.928,34.410000000000004,35.58041000366211,4.98,0.0,0
46907,99.249,27.988000000000003,0.0,0.0,452.88800000000003,0.0,0.0,0.0,5.732,0,2.0,0.975,309.825,-1.3856000000000002,34.89,35.58041000366211,4.98,0.0,0
46907,99.419,27.988000000000003,0.0,0.0,452.707,0.0,0.0,0.0,5.732,0,2.0,1.0,309.825,-0.7258,35.79,35.58041000366211,4.98,0.0,0
46907,99.419,27.979000000000003,-0.5,0.0,453.07,0.0,0.0,0.0,5.732,0,2.0,1.0,309.915,3.8517,35.88,35.58041000366211,4.98,0.0,0
46907,99.249,27.979000000000003,0.0,0.0,452.949,0.0,0.0,0.0,5.732,0,2.0,0.995,309.825,-1.3856000000000002,35.61,35.58041000366211,4.98,0.0,0
46907,99.249,27.979000000000003,-1.0,0.0,452.82800000000003,0.0,0.0,0.0,5.732,0,2.0,0.995,309.825,-2.0455,36.09,35.58041000366211,4.98,0.0,0
46907,99.59,27.979000000000003,-0.5,0.0,453.07,0.0,0.0,0.0,5.732,0,2.0,1.0,309.825,1.5176,35.730000000000004,35.58041000366211,4.98,0.0,0
46907,99.249,27.979000000000003,0.0,0.0,453.19100000000003,0.0,0.0,0.0,5.732,0,2.0,0.985,309.825,1.4516,35.79,35.58041000366211,4.98,0.0,0
46907,99.249,27.969,0.0,0.0,453.07,0.0,0.0,0.0,5.732,0,2.0,0.995,309.825,1.5836000000000001,35.58,35.58041000366211,4.98,0.0,0
46907,99.249,27.969,-0.5,0.0,453.13,0.0,0.0,0.0,5.732,0,3.0,1.02,309.825,-3.0352,34.92,35.58041000366211,4.98,0.0,0
46907,99.249,27.969,0.0,0.0,452.88800000000003,0.0,0.0,0.0,5.732,0,2.0,1.0,309.825,0.5279,34.53,35.58041000366211,4.98,0.0,0
46907,99.249,27.969,0.0,0.0,452.707,0.0,0.0,0.0,5.732,0,2.0,1.01,309.825,2.2434000000000003,34.68,35.58041000366211,4.98,0.0,0
46907,99.249,27.959,0.0,0.0,452.586,0.0,0.0,0.0,5.732,0,2.0,0.995,309.825,-1.0557,33.81,35.58041000366211,4.98,0.0,0
46907,99.249,27.959,0.0,0.0,452.707,0.0,0.0,0.0,5.732,0,2.0,1.0,309.825,1.3196,33.99,35.58041000366211,4.98,0.0,0
46907,99.249,27.959,0.0,0.0,452.767,0.0,0.0,0.0,5.732,0,2.0,0.99,309.825,0.0,34.2,35.58041000366211,4.98,0.0,0
46907,99.249,27.959,-0.5,0.0,453.07,0.0,0.0,0.0,5.732,0,1.0,0.98,309.825,-3.2991,34.38,35.58041000366211,4.98,0.0,0
46907,99.249,27.949,0.0,0.0,452.949,0.0,0.0,0.2,5.732,0,2.0,1.0150000000000001,309.915,0.9897,34.800000000000004,35.58041000366211,4.98,0.0,0
46907,99.419,27.949,0.0,0.0,453.372,0.0,0.0,0.0,5.732,0,2.0,1.02,309.69,0.0,35.43,35.58041000366211,4.98,0.0,0
46907,99.249,27.949,-0.5,0.0,453.432,0.0,0.0,0.0,5.732,0,2.0,1.01,309.915,-0.3299,35.34,35.58041000366211,4.98,0.0,0
46907,99.419,27.939,-0.5,0.0,453.07,0.0,0.0,0.0,5.732,0,2.0,0.995,309.915,0.0,35.01,35.58041000366211,4.98,0.0,0
46907,99.078,27.939,-0.5,0.0,453.07,0.0,0.0,0.0,5.732,0,2.0,1.01,309.825,4.1239,34.89,35.58041000366211,4.98,0.0,0
46907,99.249,27.939,0.0,0.0,453.13,0.0,0.0,0.0,5.732,0,2.0,1.0050000000000001,309.915,1.1877,35.28,35.58041000366211,4.98,0.0,0
46907,99.249,27.939,-0.5,0.0,452.767,0.0,0.0,0.0,5.732,0,2.0,0.97,309.825,-1.5176,35.550000000000004,35.58041000366211,4.98,0.0,0
46907,99.419,27.93,-0.5,0.0,453.009,0.0,0.0,0.0,5.732,0,2.0,0.985,309.825,0.7918000000000001,35.1,35.58041000366211,4.98,0.0,0
46907,99.078,27.93,-0.5,0.0,453.07,0.0,0.0,0.0,5.732,0,2.0,1.0050000000000001,309.825,-0.9897,34.77,35.58041000366211,4.98,0.0,0
46907,99.249,27.93,-0.5,0.0,453.19100000000003,0.0,0.0,0.0,5.732,0,2.0,0.99,309.825,-0.2639,33.3,35.58041000366211,4.98,0.0,0
46907,99.249,27.93,0.0,0.0,453.13,0.0,0.0,0.0,5.732,0,2.0,0.985,309.915,-2.1774,32.88,35.58041000366211,4.98,0.0,0
46907,99.249,27.92,-0.5,0.0,453.19100000000003,0.0,0.0,0.0,5.732,0,2.0,1.0050000000000001,309.915,1.7155,33.12,35.58041000366211,4.98,0.0,0
46907,99.419,27.92,-0.5,0.0,453.432,0.0,0.0,0.0,5.732,0,2.0,1.04,309.915,1.7815,33.6,35.58041000366211,4.98,0.0,0
46907,99.249,27.92,-0.5,0.0,453.19100000000003,0.0,0.0,0.0,5.732,0,1.0,0.985,309.825,-3.4311000000000003,34.56,35.58041000366211,4.98,0.0,0
46907,99.249,27.92,0.0,0.0,453.372,0.0,0.0,0.0,5.732,0,2.0,1.0050000000000001,309.915,1.8475000000000001,36.0,35.58041000366211,4.98,0.0,0
46907,99.249,27.91,-0.5,0.0,453.372,0.0,0.0,0.0,5.732,0,2.0,1.0150000000000001,309.69,-1.8475000000000001,36.24,35.58041000366211,4.98,0.0,0
46907,99.249,27.91,-0.5,0.0,453.372,0.0,0.0,0.0,5.732,0,2.0,1.01,309.825,-1.1712,36.18,35.58041000366211,4.98,0.0,0
46907,99.249,27.91,-0.5,0.0,452.88800000000003,0.0,0.0,0.0,5.732,0,2.0,1.03,309.915,0.18150000000000002,35.25,35.58041000366211,4.98,0.0,0
46907,99.249,27.91,0.0,0.0,453.07,0.0,0.0,0.0,5.732,0,1.0,0.985,309.825,0.6103000000000001,35.07,35.58041000366211,4.98,0.0,0
46907,99.249,27.900000000000002,-0.5,0.0,453.25100000000003,0.0,0.0,0.0,5.732,0,2.0,0.99,309.825,0.1072,34.65,35.58041000366211,4.98,0.0,0
46907,99.249,27.900000000000002,-0.5,0.0,453.07,0.0,0.0,0.0,5.732,0,2.0,0.975,309.825,-1.4351,34.95,35.58041000366211,4.98,0.0,0
46907,99.249,27.900000000000002,0.0,0.0,453.19100000000003,0.0,0.0,0.0,5.732,0,2.0,1.0050000000000001,309.915,1.4351,34.71,35.58041000366211,4.98,0.0,0
46907,99.249,27.900000000000002,-0.5,0.0,453.19100000000003,0.0,0.0,0.0,5.732,0,3.0,0.985,309.825,2.3754,35.13,35.58041000366211,4.98,0.0,0
46907,99.249,27.891000000000002,0.0,0.0,453.432,0.0,0.0,0.0,5.732,0,2.0,1.0150000000000001,309.825,1.1877,33.87,35.58041000366211,4.98,0.0,0
46907,99.078,27.891000000000002,0.0,0.0,453.432,0.0,0.0,0.0,5.732,0,2.0,0.985,309.825,-2.2269,33.42,35.58041000366211,4.98,0.0,0
46907,99.249,27.891000000000002,-0.5,0.0,453.615,0.0,0.0,0.0,5.732,0,2.0,1.0150000000000001,309.915,-0.2639,32.37,35.58041000366211,4.98,0.0,0
46907,99.078,27.891000000000002,-0.5,0.0,453.432,0.0,0.0,0.0,5.732,0,2.0,1.025,309.915,-0.2144,33.0,35.58041000366211,4.98,0.0,0
46907,99.249,27.881,-1.0,0.0,453.55400000000003,0.0,0.0,0.0,5.732,0,1.0,1.0,309.825,-0.46190000000000003,33.63,35.58041000366211,4.98,0.0,0
46907,99.249,27.881,0.0,0.0,453.55400000000003,0.0,0.0,0.0,5.732,0,2.0,1.01,309.825,-0.7093,35.34,35.58041000366211,4.98,0.0,0
46907,99.249,27.881,-0.5,0.0,453.19100000000003,0.0,0.0,0.0,5.732,0,2.0,0.995,309.825,-1.0805,36.39,35.58041000366211,4.98,0.0,0
46907,99.249,27.881,0.0,0.0,453.372,0.0,0.0,0.0,5.732,0,3.0,1.0,309.825,-0.2639,36.0,35.58041000366211,4.98,0.0,0
46907,99.249,27.871000000000002,0.5,0.0,453.19100000000003,0.0,0.0,0.0,5.732,0,3.0,1.0,309.915,1.3032000000000001,35.01,35.58041000366211,4.98,0.0,0
46907,99.249,27.871000000000002,0.0,0.0,453.13,0.0,0.0,0.0,5.732,0,2.0,1.0,309.825,-0.7918000000000001,34.32,35.58041000366211,4.98,0.0,0
46907,99.249,27.871000000000002,-0.5,0.0,453.009,0.0,0.0,0.0,5.732,0,2.0,0.995,309.825,0.7918000000000001,33.99,35.58041000366211,4.98,0.0,0
46907,99.249,27.861,-0.5,0.0,453.009,0.0,0.0,0.0,5.732,0,1.0,1.0050000000000001,309.915,-2.1774,33.78,35.58041000366211,4.98,0.0,0
46907,99.249,27.861,0.0,0.0,452.88800000000003,0.0,0.0,0.0,5.732,0,3.0,0.99,309.69,-3.1424000000000003,33.45,35.58041000366211,4.98,0.0,0
46907,99.249,27.861,0.0,0.0,453.13,0.0,0.0,0.0,5.732,0,2.0,0.97,309.69,-2.2187,33.480000000000004,35.58041000366211,4.98,0.0,0
46907,99.419,27.861,-0.5,0.0,453.372,0.0,0.0,0.0,5.732,0,1.0,0.995,309.825,1.5588000000000002,33.3,35.58041000366211,4.98,0.0,0
46907,99.249,27.852,-0.5,0.0,453.432,0.0,0.0,0.0,5.732,0,2.0,0.995,309.915,4.7095,32.94,35.58041000366211,4.98,0.0,0
46907,99.249,27.852,0.0,0.0,453.372,0.0,0.0,0.0,5.732,0,2.0,0.99,309.69,0.2887,33.39,35.58041000366211,4.98,0.0,0
46907,99.419,27.852,-0.5,0.0,453.07,0.0,0.0,0.0,5.732,0,2.0,0.995,309.69,-3.4723,33.99,35.58041000366211,4.98,0.0,0
46907,99.249,27.852,0.0,0.0,453.07,0.0,0.0,0.0,5.732,0,2.0,0.985,309.69,-4.0002,34.68,35.58041000366211,4.98,0.0,0
46907,99.419,27.842000000000002,-0.5,0.0,453.19100000000003,0.0,0.0,0.0,5.732,0,1.0,0.98,309.915,1.0145,35.04,35.58041000366211,4.98,0.0,0
46907,99.249,27.842000000000002,0.0,0.0,453.372,0.0,0.0,0.0,5.732,0,2.0,1.0150000000000001,309.825,4.024900000000001,34.38,35.58041000366211,4.98,0.0,0
46907,99.078,27.842000000000002,0.0,0.0,453.19100000000003,0.0,0.0,0.0,5.732,0,2.0,0.975,309.825,5.2538,34.77,35.58041000366211,4.98,0.0,0
46907,99.078,27.842000000000002,0.0,0.0,452.82800000000003,0.0,0.0,0.0,5.732,0,2.0,0.995,309.825,0.1072,34.800000000000004,35.58041000366211,4.98,0.0,0
46907,99.249,27.832,0.0,0.0,453.432,0.0,0.0,0.0,5.732,0,1.0,1.01,309.915,-1.2042000000000002,34.980000000000004,35.58041000366211,4.98,0.0,0
46907,99.419,27.832,0.0,0.0,453.432,0.0,0.0,0.0,5.732,0,2.0,1.02,309.915,-1.1217000000000001,34.86,35.58041000366211,4.98,0.0,0
46907,99.078,27.832,0.0,0.0,453.372,0.0,0.0,0.0,5.732,0,3.0,1.0,309.69,-1.9795,34.62,35.58041000366211,4.98,0.0,0
46907,99.249,27.832,0.0,0.0,453.372,0.0,0.0,0.0,5.732,0,1.0,1.0,309.825,0.2639,34.410000000000004,35.58041000366211,4.98,0.0,0
46907,99.249,27.832,-0.5,0.0,453.494,0.0,0.0,0.0,5.732,0,2.0,1.01,309.915,-1.8475000000000001,34.26,35.58041000366211,4.98,0.0,0
46907,99.249,27.822000000000003,0.0,0.0,453.675,0.0,0.0,0.0,5.732,0,3.0,1.025,309.915,-0.4289,33.81,35.58041000366211,4.98,0.0,0
46907,99.249,27.822000000000003,-0.5,0.0,453.432,0.0,0.0,0.0,5.732,0,2.0,1.0050000000000001,309.825,1.5836000000000001,33.39,35.58041000366211,4.98,0.0,0
46907,99.249,27.822000000000003,0.0,0.0,453.19100000000003,0.0,0.0,0.0,5.732,0,2.0,0.99,309.915,-0.5279,33.03,35.58041000366211,4.98,0.0,0
46907,98.907,27.813000000000002,-0.5,0.0,453.13,0.0,0.0,0.0,5.732,0,2.0,1.0050000000000001,309.825,-0.6598,33.06,35.58041000366211,4.98,0.0,0
46907,99.249,27.813000000000002,-0.5,0.0,453.07,0.0,0.0,0.0,5.732,0,1.0,0.99,309.825,3.4311000000000003,33.72,35.58041000366211,4.98,0.0,0
46907,99.249,27.813000000000002,0.0,0.0,453.13,0.0,0.0,0.0,5.732,0,2.0,0.99,309.69,-3.0352,34.38,35.58041000366211,4.98,0.0,0
46907,99.249,27.813000000000002,0.0,0.0,453.31100000000004,0.0,0.0,0.0,5.732,0,2.0,1.0050000000000001,309.915,0.19790000000000002,35.37,35.58041000366211,4.98,0.0,0
46907,99.59,27.803,-0.5,0.0,453.55400000000003,0.0,0.0,0.0,5.732,0,2.0,1.03,309.915,2.2434000000000003,35.88,35.58041000366211,4.98,0.0,0
46907,99.249,27.803,-0.5,0.0,453.736,0.0,0.0,0.0,5.732,0,1.0,0.98,309.825,1.4846000000000001,35.88,35.58041000366211,4.98,0.0,0
46907,99.249,27.803,0.0,0.0,453.675,0.0,0.0,0.0,5.732,0,2.0,1.01,309.825,-2.3754,34.95,35.58041000366211,4.98,0.0,0
46907,99.249,27.803,0.0,0.0,453.736,0.0,0.0,0.0,5.732,0,2.0,0.99,309.825,-0.9897,34.56,35.58041000366211,4.98,0.0,0
46907,99.419,27.793000000000003,0.0,0.0,453.19100000000003,0.0,0.0,0.0,5.732,0,2.0,1.01,309.825,-2.2434000000000003,33.84,35.58041000366211,4.98,0.0,0
46907,99.249,27.793000000000003,0.0,0.0,453.07,0.0,0.0,-0.2,5.732,0,1.0,0.99,309.69,-2.0125,34.230000000000004,35.58041000366211,4.98,0.0,0
46907,99.249,27.793000000000003,-0.5,0.0,453.07,0.0,0.0,0.0,5.732,0,2.0,1.0150000000000001,309.825,1.8475000000000001,34.53,35.58041000366211,4.98,0.0,0
46907,99.59,27.793000000000003,0.0,0.0,453.25100000000003,0.0,0.0,0.0,5.732,0,2.0,0.99,309.915,0.19790000000000002,35.1,35.58041000366211,4.98,0.0,0
46907,99.419,27.783,0.0,0.0,453.19100000000003,0.0,0.0,0.0,5.732,0,1.0,1.0,309.825,2.2434000000000003,34.05,35.58041000366211,4.98,0.0,0
46907,99.249,27.783,0.0,0.0,453.55400000000003,0.0,0.0,0.0,5.732,0,3.0,0.99,309.915,0.46190000000000003,33.75,35.58041000366211,4.98,0.0,0
46907,99.419,27.783,0.0,0.0,453.372,0.0,0.0,0.0,5.732,0,2.0,1.02,309.825,-1.0557,33.93,35.58041000366211,4.98,0.0,0
46907,99.249,27.783,0.0,0.0,453.432,0.0,0.0,0.0,5.732,0,1.0,1.0050000000000001,309.69,-2.0125,34.65,35.58041000366211,4.98,0.0,0
46907,99.249,27.773,0.0,0.0,453.372,0.0,0.0,0.0,5.732,0,3.0,0.995,309.915,0.7918000000000001,35.58,35.58041000366211,4.98,0.0,0
46907,99.249,27.773,-0.5,0.0,453.372,0.0,0.0,0.0,5.732,0,1.0,1.0,309.915,3.629,35.7,35.58041000366211,4.98,0.0,0
46907,99.419,27.773,-0.5,0.0,453.31100000000004,0.0,0.0,0.0,5.732,0,2.0,1.0,309.915,1.3196,35.550000000000004,35.58041000366211,4.98,0.0,0
46907,99.249,27.773,0.0,0.0,453.19100000000003,0.0,0.0,0.0,5.732,0,2.0,1.04,309.825,-0.9897,36.06,35.58041000366211,4.98,0.0,0
46907,99.249,27.764000000000003,0.0,0.0,453.25100000000003,0.0,0.0,0.0,5.732,0,2.0,1.0050000000000001,309.825,-0.6598,36.15,35.58041000366211,4.98,0.0,0
46907,99.419,27.764000000000003,0.0,0.0,453.19100000000003,0.0,0.0,0.0,5.732,0,2.0,0.995,309.69,-2.4743,35.28,35.58041000366211,4.98,0.0,0
46907,99.249,27.764000000000003,0.0,0.0,453.07,0.0,0.0,0.2,5.732,0,1.0,0.995,309.825,-1.1877,34.53,35.58041000366211,4.98,0.0,0
46907,99.249,27.764000000000003,0.5,0.0,453.25100000000003,0.0,0.0,0.0,5.732,0,3.0,1.0050000000000001,309.825,1.8475000000000001,34.38,35.58041000366211,4.98,0.0,0
46907,99.249,27.764000000000003,-0.5,0.0,453.25100000000003,0.0,0.0,0.0,5.732,0,2.0,0.995,309.825,1.9135000000000002,34.230000000000004,35.58041000366211,4.98,0.0,0
46907,99.249,27.754,0.0,0.0,453.372,0.0,0.0,0.0,5.732,0,2.0,1.01,309.915,2.2681,33.45,35.58041000366211,4.98,0.0,0
46907,99.249,27.754,-0.5,0.0,453.19100000000003,0.0,0.0,0.0,5.732,0,3.0,1.025,309.825,0.6598,33.9,35.58041000366211,4.98,0.0,0
46907,99.76,27.754,0.0,0.0,453.372,0.0,0.0,0.0,5.732,0,2.0,0.99,309.825,-0.2639,34.17,35.58041000366211,4.98,0.0,0
46907,99.249,27.744,0.0,0.0,453.372,0.0,0.0,0.0,5.732,0,3.0,0.99,309.915,-1.4681,34.77,35.58041000366211,4.98,0.0,0
46907,99.59,27.744,0.0,0.0,453.736,0.0,0.0,0.0,5.732,0,1.0,1.0,309.825,2.3754,35.94,35.58041000366211,4.98,0.0,0
46907,99.59,27.744,0.0,0.0,453.494,0.0,0.0,0.0,5.732,0,2.0,0.995,309.915,1.1712,36.69,35.58041000366211,4.98,0.0,0
46907,99.078,27.744,0.0,0.0,453.372,0.0,0.0,0.0,5.732,0,3.0,1.0,309.825,-1.699,36.300000000000004,35.58041000366211,4.98,0.0,0
46907,99.249,27.734,0.0,0.0,453.372,0.0,0.0,0.0,5.732,0,2.0,1.02,309.825,-1.1712,35.88,35.58041000366211,4.98,0.0,0
46907,99.249,27.734,-0.5,0.0,453.31100000000004,0.0,0.0,0.2,5.732,0,2.0,1.01,309.825,-1.4351,35.52,35.58041000366211,4.98,0.0,0
46907,99.249,27.734,0.0,0.0,453.736,0.0,0.0,0.0,5.732,0,2.0,0.98,309.915,1.4351,35.31,35.58041000366211,4.98,0.0,0
46907,99.249,27.734,0.0,0.0,453.494,0.0,0.0,0.0,5.732,0,2.0,1.0050000000000001,309.825,0.6598,35.13,35.58041000366211,4.98,0.0,0
46907,99.59,27.734,-0.5,0.0,453.494,0.0,0.0,0.0,5.732,0,3.0,1.0150000000000001,309.825,0.7918000000000001,34.29,35.58041000366211,4.98,0.0,0
46907,99.078,27.725,-0.5,0.0,453.55400000000003,0.0,0.0,-0.2,5.732,0,3.0,1.01,309.825,-1.3691,32.85,35.58041000366211,4.98,0.0,0
46907,99.249,27.725,-0.5,0.0,453.25100000000003,0.0,0.0,0.0,5.732,0,2.0,1.01,309.825,0.8578,32.85,35.58041000366211,4.98,0.0,0
46907,99.59,27.725,0.0,0.0,453.432,0.0,0.0,0.0,5.732,0,4.0,1.0,309.915,0.5114000000000001,34.02,35.58041000366211,4.98,0.0,0
46907,98.907,27.715,-0.5,0.0,453.796,0.0,0.0,0.0,5.732,0,2.0,1.0150000000000001,309.915,-0.066,34.35,35.58041000366211,4.98,0.0,0
46907,99.249,27.715,0.0,0.0,453.372,0.0,0.0,0.0,5.732,0,4.0,1.0,309.915,0.7093,35.52,35.58041000366211,4.98,0.0,0
46907,99.249,27.715,-0.5,0.0,453.372,0.0,0.0,0.2,5.732,0,2.0,1.01,309.915,2.2022,35.94,35.58041000366211,4.98,0.0,0
46907,99.249,27.715,0.0,0.0,453.432,0.0,0.0,0.0,5.732,0,2.0,1.0,309.825,-1.0392000000000001,35.730000000000004,35.58041000366211,4.98,0.0,0
46907,99.419,27.705000000000002,0.5,0.0,453.494,0.0,0.0,0.0,5.732,0,2.0,0.985,309.825,-5.7405,35.94,35.58041000366211,4.98,0.0,0
46907,99.249,27.705000000000002,-0.5,0.0,453.19100000000003,0.0,0.0,0.0,5.732,0,2.0,0.985,309.825,-1.6331,36.09,35.58041000366211,4.98,0.0,0
46907,99.249,27.705000000000002,0.0,0.0,453.432,0.0,0.0,0.0,5.732,0,2.0,0.985,309.825,1.7815,36.24,35.58041000366211,4.98,0.0,0
46907,99.078,27.705000000000002,0.0,0.0,453.615,0.0,0.0,0.0,5.732,0,2.0,1.0050000000000001,309.69,2.1362,36.42,35.58041000366211,4.98,0.0,0
46907,99.419,27.695,-0.5,0.0,453.432,0.0,0.0,0.0,5.732,0,2.0,1.0,309.825,-1.1217000000000001,35.910000000000004,35.58041000366211,4.98,0.0,0
46907,99.249,27.695,0.0,0.0,453.372,0.0,0.0,0.0,5.732,0,2.0,0.985,309.825,-1.1877,35.82,35.58041000366211,4.98,0.0,0
46907,99.419,27.695,0.0,0.0,453.07,0.0,0.0,0.0,5.732,0,2.0,0.98,309.825,-0.7918000000000001,35.160000000000004,35.58041000366211,4.98,0.0,0
46907,99.078,27.695,-0.5,0.0,453.13,0.0,0.0,0.0,5.732,0,2.0,1.01,309.825,3.8270000000000004,34.29,35.58041000366211,4.98,0.0,0
46907,99.59,27.695,0.0,0.0,453.13,0.0,0.0,0.0,5.732,0,2.0,1.025,309.825,-0.5279,33.660000000000004,35.58041000366211,4.98,0.0,0
46907,99.249,27.686,-0.5,0.0,453.009,0.0,0.0,0.0,5.732,0,1.0,1.0050000000000001,309.825,-0.2639,33.45,35.58041000366211,4.98,0.0,0
46907,99.249,27.686,-0.5,0.0,453.07,0.0,0.0,0.0,5.732,0,2.0,1.02,309.825,-1.5836000000000001,33.99,35.58041000366211,4.98,0.0,0
46907,99.249,27.686,0.0,0.0,453.432,0.0,0.0,0.0,5.732,0,2.0,1.0,309.825,-2.6393,35.67,35.58041000366211,4.98,0.0,0
46907,99.249,27.686,0.0,0.0,453.19100000000003,0.0,0.0,0.0,5.732,0,1.0,1.0150000000000001,309.69,0.8908,36.96,35.58041000366211,4.98,0.0,0
46907,99.249,27.686,-0.5,0.0,453.19100000000003,0.0,0.0,0.0,5.732,0,2.0,1.01,309.915,0.39590000000000003,37.59,35.58041000366211,4.98,0.0,0
46907,99.249,27.676000000000002,0.0,0.0,453.19100000000003,0.0,0.0,0.0,5.732,0,2.0,1.0050000000000001,309.915,-1.6496000000000002,36.99,35.58041000366211,4.98,0.0,0
46907,99.249,27.676000000000002,-0.5,0.0,453.19100000000003,0.0,0.0,0.0,5.732,0,2.0,1.0,309.915,7.522,35.52,35.58041000366211,4.98,0.0,0
46907,99.59,27.676000000000002,-0.5,0.0,453.07,0.0,0.0,0.0,5.732,0,2.0,0.985,309.825,2.1774,35.52,35.58041000366211,4.98,0.0,0
46907,99.249,27.666,0.0,0.0,452.82800000000003,0.0,0.0,0.0,5.732,0,3.0,1.0,309.825,-3.6950000000000003,34.980000000000004,35.58041000366211,4.98,0.0,0
46907,99.249,27.666,-0.5,0.0,453.07,0.0,0.0,0.0,5.732,0,2.0,1.0,309.915,-1.0557,35.910000000000004,35.58041000366211,4.98,0.0,0
46907,99.419,27.666,-0.5,0.0,453.31100000000004,0.0,0.0,0.0,5.732,0,3.0,1.0050000000000001,309.915,2.6393,35.76,35.58041000366211,4.98,0.0,0
46907,99.249,27.666,0.0,0.0,453.31100000000004,0.0,0.0,0.0,5.732,0,1.0,0.985,309.825,2.6393,34.980000000000004,35.58041000366211,4.98,0.0,0
46907,99.249,27.666,-0.5,0.0,453.13,0.0,0.0,0.0,5.732,0,2.0,1.0050000000000001,309.825,-2.6393,34.65,35.58041000366211,4.98,0.0,0
46907,99.59,27.656000000000002,0.0,0.0,453.13,0.0,0.0,0.0,5.732,0,3.0,0.995,309.915,-1.5836000000000001,34.08,35.58041000366211,4.98,0.0,0
46907,99.249,27.656000000000002,0.0,0.0,453.009,0.0,0.0,0.0,5.732,0,2.0,0.965,309.825,0.5279,34.47,35.58041000366211,4.98,0.0,0
46907,99.249,27.656000000000002,-0.5,0.0,453.07,0.0,0.0,0.0,5.732,0,2.0,0.985,309.825,-2.1114,35.01,35.58041000366211,4.98,0.0,0
46907,99.249,27.656000000000002,-0.5,0.0,453.19100000000003,0.0,0.0,0.0,5.732,0,1.0,0.99,309.825,-1.8475000000000001,36.03,35.58041000366211,4.98,0.0,0
46907,99.419,27.646,0.0,0.0,453.31100000000004,0.0,0.0,0.0,5.732,0,2.0,1.02,309.69,-0.4289,36.78,35.58041000366211,4.98,0.0,0
46907,99.249,27.646,-0.5,0.0,453.009,0.0,0.0,0.0,5.732,0,2.0,0.99,309.825,-0.132,36.84,35.58041000366211,4.98,0.0,0
46907,99.419,27.646,-0.5,0.0,453.009,0.0,0.0,0.0,5.732,0,2.0,0.995,309.915,-1.3856000000000002,36.81,35.58041000366211,4.98,0.0,0
46907,99.249,27.646,0.0,0.0,453.19100000000003,0.0,0.0,0.0,5.732,0,2.0,0.995,309.825,3.9589000000000003,35.910000000000004,35.58041000366211,4.98,0.0,0
46907,99.59,27.646,0.0,0.0,453.19100000000003,0.0,0.0,0.0,5.732,0,2.0,0.995,309.915,3.6538000000000004,35.85,35.58041000366211,4.98,0.0,0
46907,99.249,27.637,0.0,0.0,453.372,0.0,0.0,0.0,5.732,0,2.0,0.99,309.825,2.7053000000000003,35.19,35.58041000366211,4.98,0.0,0
46907,99.419,27.637,-0.5,0.0,453.25100000000003,0.0,0.0,0.0,5.732,0,3.0,1.02,309.915,-7.1261,34.65,35.58041000366211,4.98,0.0,0
46907,99.59,27.637,-0.5,0.0,453.19100000000003,0.0,0.0,0.0,5.732,0,2.0,1.0050000000000001,309.915,1.699,34.83,35.58041000366211,4.98,0.0,0
46907,99.249,27.637,-0.5,0.0,453.13,0.0,0.0,0.0,5.732,0,2.0,0.985,309.825,3.9589000000000003,34.800000000000004,35.58041000366211,4.98,0.0,0
46907,99.249,27.627000000000002,0.5,0.0,453.009,0.0,0.0,0.0,5.732,0,1.0,0.995,309.825,-2.7960000000000003,34.29,35.58041000366211,4.98,0.0,0
46907,99.249,27.627000000000002,-0.5,0.0,453.07,0.0,0.0,0.0,5.732,0,3.0,1.01,309.915,-3.4971,34.38,35.58041000366211,4.98,0.0,0
46907,99.249,27.627000000000002,0.0,0.0,452.949,0.0,0.0,0.0,5.732,0,1.0,1.02,309.915,1.7650000000000001,34.38,35.58041000366211,4.98,0.0,0
46907,99.419,27.627000000000002,0.0,0.0,452.88800000000003,0.0,0.0,0.0,5.732,0,1.0,1.02,309.825,2.8372,34.65,35.58041000366211,4.98,0.0,0
46907,99.078,27.617,0.0,0.0,453.25100000000003,0.0,0.0,0.0,5.732,0,1.0,0.965,309.69,-3.8930000000000002,35.25,35.58041000366211,4.98,0.0,0
46907,99.078,27.617,-0.5,0.0,453.31100000000004,0.0,0.0,0.0,5.732,0,2.0,0.995,309.69,-3.4558,36.27,35.58041000366211,4.98,0.0,0
46907,99.419,27.617,0.0,0.0,453.009,0.0,0.0,0.0,5.732,0,2.0,0.975,309.915,0.9073,36.63,35.58041000366211,4.98,0.0,0
46907,99.249,27.617,0.0,0.0,452.88800000000003,0.0,0.0,0.0,5.732,0,2.0,1.0050000000000001,309.825,1.9547,36.18,35.58041000366211,4.98,0.0,0
46907,99.078,27.607000000000003,-0.5,0.0,453.009,0.0,0.0,0.0,5.732,0,2.0,0.99,309.825,1.9135000000000002,36.06,35.58041000366211,4.98,0.0,0
46907,99.419,27.607000000000003,0.0,0.0,453.009,0.0,0.0,0.0,5.732,0,1.0,0.995,309.825,-0.2474,35.85,35.58041000366211,4.98,0.0,0
46907,99.249,27.607000000000003,-0.5,0.0,453.07,0.0,0.0,0.0,5.732,0,2.0,1.0,309.69,-0.8330000000000001,35.19,35.58041000366211,4.98,0.0,0
46907,99.249,27.607000000000003,-1.0,0.0,453.19100000000003,0.0,0.0,0.0,5.732,0,2.0,1.0,309.915,-1.798,34.65,35.58041000366211,4.98,0.0,0
46907,99.249,27.598000000000003,-1.0,0.0,453.19100000000003,0.0,0.0,0.0,5.732,0,1.0,0.995,309.825,0.7258,34.410000000000004,35.58041000366211,4.98,0.0,0
46907,99.249,27.598000000000003,0.0,0.0,452.88800000000003,0.0,0.0,0.0,5.732,0,2.0,1.01,309.915,3.4558,34.35,35.58041000366211,4.98,0.0,0
46907,99.249,27.598000000000003,0.0,0.0,452.88800000000003,0.0,0.0,0.0,5.732,0,2.0,1.01,309.915,3.0022,34.38,35.58041000366211,4.98,0.0,0
46907,99.249,27.598000000000003,-0.5,0.0,453.13,0.0,0.0,0.0,5.732,0,2.0,1.0,309.825,-3.2991,34.08,35.58041000366211,4.98,0.0,0
46907,99.419,27.598000000000003,0.0,0.0,453.19100000000003,0.0,0.0,0.0,5.732,0,4.0,0.995,309.825,-0.5279,34.230000000000004,35.58041000366211,4.98,0.0,0
46907,99.419,27.598000000000003,0.0,0.0,453.009,0.0,0.0,0.0,5.732,0,2.0,0.995,309.915,2.2434000000000003,34.08,35.58041000366211,4.98,0.0,0
46907,99.249,27.588,0.0,0.0,453.19100000000003,0.0,0.0,0.0,5.732,0,1.0,1.02,309.915,-3.4971,34.86,35.58041000366211,4.98,0.0,0
46907,99.078,27.588,-0.5,0.0,453.13,0.0,0.0,0.0,5.732,0,2.0,1.0,309.825,-1.9795,35.730000000000004,35.58041000366211,4.98,0.0,0
46907,99.59,27.588,-0.5,0.0,453.19100000000003,0.0,0.0,0.0,5.732,0,2.0,0.98,309.915,5.0147,36.57,35.58041000366211,4.98,0.0,0
46907,99.59,27.588,0.0,0.0,452.88800000000003,0.0,0.0,0.0,5.732,0,2.0,0.985,309.825,1.1877,36.06,35.58041000366211,4.98,0.0,0
46907,99.249,27.578000000000003,0.0,0.0,452.88800000000003,0.0,0.0,0.0,5.732,0,1.0,0.99,309.825,-1.5836000000000001,36.6,35.58041000366211,4.98,0.0,0
46907,99.249,27.578000000000003,0.0,0.0,453.13,0.0,0.0,0.0,5.732,0,2.0,0.99,309.69,-4.6188,36.300000000000004,35.58041000366211,4.98,0.0,0
46907,99.249,27.578000000000003,0.0,0.0,453.19100000000003,0.0,0.0,0.0,5.732,0,3.0,0.99,309.825,0.2639,35.160000000000004,35.58041000366211,4.98,0.0,0
46907,99.419,27.578000000000003,0.0,0.0,453.07,0.0,0.0,0.0,5.732,0,2.0,1.02,309.825,0.9238000000000001,34.2,35.58041000366211,4.98,0.0,0
46907,99.249,27.568,-0.5,0.0,453.07,0.0,0.0,0.0,5.732,0,3.0,1.02,309.825,0.9567,34.230000000000004,35.58041000366211,4.98,0.0,0
46907,99.249,27.568,-0.5,0.0,453.07,0.0,0.0,0.0,5.732,0,2.0,1.0,309.825,1.0557,34.35,35.58041000366211,4.98,0.0,0
46907,99.078,27.568,0.0,0.0,453.009,0.0,0.0,0.0,5.732,0,2.0,0.99,309.825,-1.5836000000000001,34.26,35.58041000366211,4.98,0.0,0
46907,99.59,27.568,0.0,0.0,452.88800000000003,0.0,0.0,0.0,5.732,0,2.0,1.025,309.825,-1.3196,33.63,35.58041000366211,4.98,0.0,0
46907,99.419,27.559,-0.5,0.0,452.949,0.0,0.0,0.0,5.732,0,2.0,1.0150000000000001,309.69,-1.4846000000000001,34.29,35.58041000366211,4.98,0.0,0
46907,99.419,27.559,-0.5,0.0,452.707,0.0,0.0,0.0,5.732,0,2.0,1.02,309.825,-1.1877,35.37,35.58041000366211,4.98,0.0,0
46907,99.249,27.559,-0.5,0.0,453.07,0.0,0.0,0.0,5.732,0,1.0,0.99,309.825,1.8475000000000001,35.85,35.58041000366211,4.98,0.0,0
46907,99.078,27.559,-0.5,0.0,453.25100000000003,0.0,0.0,0.0,5.732,0,2.0,0.985,309.825,2.5073000000000003,35.76,35.58041000366211,4.98,0.0,0
46907,99.249,27.559,0.0,0.0,452.646,0.0,0.0,0.0,5.732,0,3.0,0.99,309.825,2.6393,35.79,35.58041000366211,4.98,0.0,0
46907,99.249,27.549000000000003,0.0,0.0,452.88800000000003,0.0,0.0,0.0,5.732,0,1.0,1.04,309.825,1.5836000000000001,35.4,35.58041000366211,4.98,0.0,0
46907,99.249,27.549000000000003,0.0,0.0,453.07,0.0,0.0,0.0,5.732,0,1.0,1.0,309.825,-5.0147,34.83,35.58041000366211,4.98,0.0,0
46907,99.078,27.549000000000003,-0.5,0.0,452.646,0.0,0.0,0.0,5.732,0,3.0,0.99,309.825,-0.6598,35.13,35.58041000366211,4.98,0.0,0
46907,99.59,27.549000000000003,-0.5,0.0,452.646,0.0,0.0,0.0,5.732,0,1.0,0.985,309.825,0.0,35.04,35.58041000366211,4.98,0.0,0
46907,99.249,27.539,0.0,0.0,452.646,0.0,0.0,0.0,5.732,0,2.0,0.98,309.825,0.0,34.74,35.58041000366211,4.98,0.0,0
46907,99.249,27.539,0.0,0.0,452.646,0.0,0.0,0.0,5.732,0,1.0,0.99,309.825,-1.5836000000000001,33.81,35.58041000366211,4.98,0.0,0
46907,99.249,27.539,0.0,0.0,452.82800000000003,0.0,0.0,0.0,5.732,0,1.0,1.01,309.825,-2.9032,33.39,35.58041000366211,4.98,0.0,0
46907,99.249,27.539,-0.5,0.0,452.82800000000003,0.0,0.0,0.0,5.732,0,2.0,0.995,309.825,0.7918000000000001,33.480000000000004,35.58041000366211,4.98,0.0,0
46907,99.419,27.539,0.0,0.0,453.07,0.0,0.0,0.0,5.732,0,2.0,0.985,309.69,-2.3754,33.84,35.58041000366211,4.98,0.0,0
46907,99.078,27.529,-0.5,0.0,452.707,0.0,0.0,0.0,5.732,0,2.0,1.0050000000000001,309.915,2.5733,34.86,35.58041000366211,4.98,0.0,0
46907,99.249,27.529,0.0,0.0,452.88800000000003,0.0,0.0,0.0,5.732,0,2.0,1.0,309.69,1.1877,35.730000000000004,35.58041000366211,4.98,0.0,0
46907,99.249,27.529,-0.5,0.0,452.707,0.0,0.0,0.0,5.732,0,2.0,0.99,309.825,0.165,35.37,35.58041000366211,4.98,0.0,0
46907,99.249,27.529,0.0,0.0,453.009,0.0,0.0,0.0,5.732,0,2.0,0.985,309.915,1.1877,35.28,35.58041000366211,4.98,0.0,0
46907,99.59,27.529,0.0,0.0,453.009,0.0,0.0,0.0,5.732,0,2.0,0.99,309.825,1.6661000000000001,35.28,35.58041000366211,4.98,0.0,0
46907,99.249,27.52,-0.5,0.0,452.949,0.0,0.0,0.0,5.732,0,3.0,1.0050000000000001,309.825,1.1629,34.44,35.58041000366211,4.98,0.0,0
46907,99.078,27.52,0.0,0.0,452.88800000000003,0.0,0.0,0.0,5.732,0,2.0,1.0050000000000001,309.825,0.7918000000000001,34.410000000000004,35.58041000366211,4.98,0.0,0
46907,99.419,27.52,0.0,0.0,452.949,0.0,0.0,0.0,5.732,0,2.0,0.98,309.825,-0.1155,34.410000000000004,35.58041000366211,4.98,0.0,0
46907,99.419,27.52,0.0,0.0,452.949,0.0,0.0,0.0,5.732,0,3.0,0.99,309.915,0.7753,34.68,35.58041000366211,4.98,0.0,0
46907,99.249,27.51,-0.5,0.0,452.88800000000003,0.0,0.0,0.0,5.732,0,2.0,0.995,309.825,0.28040000000000004,34.56,35.58041000366211,4.98,0.0,0
46907,99.249,27.51,-0.5,0.0,453.009,0.0,0.0,0.0,5.732,0,2.0,0.99,309.915,-1.3361,33.78,35.58041000366211,4.98,0.0,0
46907,99.249,27.51,0.0,0.0,452.88800000000003,0.0,0.0,0.0,5.732,0,2.0,1.0,309.825,-0.7918000000000001,32.730000000000004,35.58041000366211,4.98,0.0,0
46907,99.249,27.51,0.0,0.0,452.767,0.0,0.0,0.0,5.732,0,3.0,1.025,309.825,1.3196,33.3,35.58041000366211,4.98,0.0,0
46907,99.249,27.51,-0.5,0.0,452.949,0.0,0.0,0.0,5.732,0,2.0,0.995,309.825,-1.3196,34.05,35.58041000366211,4.98,0.0,0
46907,99.078,27.5,0.0,0.0,452.707,0.0,0.0,0.0,5.732,0,3.0,0.985,309.69,-1.6908,34.980000000000004,35.58041000366211,4.98,0.0,0
46907,99.59,27.5,0.0,0.0,452.52500000000003,0.0,0.0,0.0,5.732,0,3.0,0.99,309.825,-1.897,36.18,35.58041000366211,4.98,0.0,0
46907,99.249,27.5,0.0,0.0,452.46500000000003,0.0,0.0,0.0,5.732,0,2.0,0.985,309.69,1.5423,36.99,35.58041000366211,4.98,0.0,0
46907,99.249,27.5,0.0,0.0,452.52500000000003,0.0,0.0,0.0,5.732,0,2.0,0.98,309.915,3.0187,36.21,35.58041000366211,4.98,0.0,0
46907,99.249,27.5,0.0,0.0,452.707,0.0,0.0,0.0,5.732,0,2.0,1.01,309.825,0.3299,35.64,35.58041000366211,4.98,0.0,0
46907,99.249,27.490000000000002,-0.5,0.0,452.88800000000003,0.0,0.0,0.0,5.732,0,3.0,1.01,309.915,2.8372,34.89,35.58041000366211,4.98,0.0,0
46907,99.249,27.490000000000002,0.0,0.0,452.707,0.0,0.0,0.0,5.732,0,1.0,0.98,309.825,0.9402,35.550000000000004,35.58041000366211,4.98,0.0,0
46907,99.249,27.490000000000002,-0.5,0.0,452.707,0.0,0.0,0.0,5.732,0,3.0,0.985,309.915,1.1712,35.4,35.58041000366211,4.98,0.0,0
46907,99.078,27.490000000000002,0.0,0.0,452.586,0.0,0.0,0.0,5.732,0,2.0,0.99,309.915,-5.5425,35.79,35.58041000366211,4.98,0.0,0
46907,99.419,27.48,0.0,0.0,452.88800000000003,0.0,0.0,0.0,5.732,0,2.0,1.01,309.69,0.1072,34.44,35.58041000366211,4.98,0.0,0
46907,99.419,27.48,0.0,0.0,453.07,0.0,0.0,0.0,5.732,0,2.0,0.985,309.69,1.4269,33.09,35.58041000366211,4.98,0.0,0
46907,99.249,27.48,-0.5,0.0,452.88800000000003,0.0,0.0,0.0,5.732,0,1.0,1.0,309.915,-0.9650000000000001,32.79,35.58041000366211,4.98,0.0,0
46907,99.419,27.48,0.0,0.0,453.07,0.0,0.0,0.0,5.732,0,2.0,1.0,309.915,3.7857000000000003,33.75,35.58041000366211,4.98,0.0,0
46907,99.419,27.48,0.0,0.0,452.88800000000003,0.0,0.0,0.0,5.732,0,2.0,1.0,309.69,-0.6351,35.43,35.58041000366211,4.98,0.0,0
46907,99.249,27.471,0.0,0.0,453.07,0.0,0.0,0.0,5.732,0,2.0,1.01,309.825,-4.2724,36.75,35.58041000366211,4.98,0.0,0
46907,99.249,27.471,-0.5,0.0,453.372,0.0,0.0,0.0,5.732,0,2.0,1.0150000000000001,309.825,-0.7258,37.44,35.58041000366211,4.98,0.0,0
46907,99.249,27.471,0.0,0.0,452.767,0.0,0.0,0.0,5.732,0,2.0,0.995,309.825,2.1527000000000003,36.21,35.58041000366211,4.98,0.0,0
46907,99.249,27.471,-0.5,0.0,452.88800000000003,0.0,0.0,0.0,5.732,0,2.0,0.98,309.915,2.8867000000000003,35.88,35.58041000366211,4.98,0.0,0
46907,99.249,27.471,0.0,0.0,452.88800000000003,0.0,0.0,0.0,5.732,0,2.0,0.985,309.915,3.1672000000000002,35.88,35.58041000366211,4.98,0.0,0
46907,99.419,27.471,0.0,0.0,453.07,0.0,0.0,0.0,5.732,0,2.0,0.995,309.915,3.1012,35.550000000000004,35.58041000366211,4.98,0.0,0
46907,99.249,27.461000000000002,0.0,0.0,452.88800000000003,0.0,0.0,0.0,5.732,0,2.0,1.0,309.915,0.7918000000000001,35.22,35.58041000366211,4.98,0.0,0
46907,99.249,27.461000000000002,-0.5,0.0,452.707,0.0,0.0,0.0,5.732,0,2.0,1.0,309.825,-2.0455,34.74,35.58041000366211,4.98,0.0,0
46907,99.419,27.461000000000002,0.0,0.0,452.586,0.0,0.0,0.0,5.732,0,2.0,1.0150000000000001,309.825,-4.6188,34.92,35.58041000366211,4.98,0.0,0
46907,99.59,27.461000000000002,-0.5,0.0,452.586,0.0,0.0,0.0,5.732,0,3.0,0.98,309.915,1.0557,34.59,35.58041000366211,4.98,0.0,0
46907,99.249,27.451,0.0,0.0,452.949,0.0,0.0,0.0,5.732,0,3.0,1.0,309.915,4.3548,34.38,35.58041000366211,4.98,0.0,0
46907,99.419,27.451,0.0,0.0,453.07,0.0,0.0,0.0,5.732,0,3.0,1.02,309.69,-0.4289,33.99,35.58041000366211,4.98,0.0,0
46907,99.59,27.451,0.0,0.0,452.707,0.0,0.0,0.0,5.732,0,3.0,0.995,309.915,-1.9795,34.38,35.58041000366211,4.98,0.0,0
46907,99.419,27.451,0.0,0.0,452.707,0.0,0.0,0.2,5.732,0,3.0,0.995,309.915,-1.3196,34.53,35.58041000366211,4.98,0.0,0
46907,99.249,27.451,-0.5,0.0,452.88800000000003,0.0,0.0,0.0,5.732,0,2.0,0.98,309.825,3.4311000000000003,35.76,35.58041000366211,4.98,0.0,0
46907,99.59,27.441000000000003,0.0,0.0,452.707,0.0,0.0,0.0,5.732,0,2.0,1.0,309.915,1.8475000000000001,36.12,35.58041000366211,4.98,0.0,0
46907,99.59,27.441000000000003,0.0,0.0,452.82800000000003,0.0,0.0,0.0,5.732,0,2.0,1.0,309.915,0.5279,36.9,35.58041000366211,4.98,0.0,0
46907,99.249,27.441000000000003,0.0,0.0,452.767,0.0,0.0,0.0,5.732,0,2.0,1.0050000000000001,309.825,-1.5836000000000001,36.300000000000004,35.58041000366211,4.98,0.0,0
46907,99.249,27.441000000000003,0.0,0.0,452.767,0.0,0.0,0.0,5.732,0,1.0,1.0050000000000001,309.825,-1.9795,35.4,35.58041000366211,4.98,0.0,0
46907,99.249,27.441000000000003,-0.5,0.0,453.07,0.0,0.0,0.0,5.732,0,3.0,1.01,309.825,0.3299,34.74,35.58041000366211,4.98,0.0,0
46907,99.419,27.432000000000002,-0.5,0.0,452.88800000000003,0.0,0.0,0.0,5.732,0,2.0,1.0050000000000001,309.69,-2.7713,34.68,35.58041000366211,4.98,0.0,0
46907,99.249,27.432000000000002,-0.5,0.0,452.707,0.0,0.0,0.0,5.732,0,1.0,0.995,309.825,1.8475000000000001,34.47,35.58041000366211,4.98,0.0,0
46907,99.249,27.432000000000002,0.0,0.0,452.707,0.0,0.0,0.0,5.732,0,3.0,1.01,309.825,2.5073000000000003,34.410000000000004,35.58041000366211,4.98,0.0,0
46907,99.419,27.432000000000002,-0.5,0.0,452.586,0.0,0.0,0.0,5.732,0,3.0,1.01,309.825,-1.1547,34.410000000000004,35.58041000366211,4.98,0.0,0
46907,99.419,27.432000000000002,0.0,0.0,452.707,0.0,0.0,0.0,5.732,0,2.0,1.0050000000000001,309.69,-3.4311000000000003,34.14,35.58041000366211,4.98,0.0,0
46907,99.249,27.422,-0.5,0.0,453.07,0.0,0.0,0.0,5.732,0,3.0,0.98,309.825,0.5279,34.77,35.58041000366211,4.98,0.0,0
46907,99.419,27.422,0.0,0.0,453.07,0.0,0.0,0.0,5.732,0,1.0,1.02,309.915,3.6950000000000003,34.83,35.58041000366211,4.98,0.0,0
46907,99.249,27.422,-0.5,0.0,452.707,0.0,0.0,0.0,5.732,0,2.0,1.0050000000000001,309.825,4.3878,35.1,35.58041000366211,4.98,0.0,0
46907,99.419,27.422,0.0,0.0,452.88800000000003,0.0,0.0,0.0,5.732,0,3.0,1.01,309.825,0.2639,36.09,35.58041000366211,4.98,0.0,0
46907,99.419,27.422,-0.5,0.0,452.88800000000003,0.0,0.0,0.0,5.732,0,3.0,1.01,309.915,0.3794,36.12,35.58041000366211,4.98,0.0,0
46907,99.419,27.422,0.0,0.0,452.949,0.0,0.0,0.0,5.732,0,3.0,1.0050000000000001,309.825,0.0165,36.0,35.58041000366211,4.98,0.0,0
46907,99.419,27.412000000000003,0.0,0.0,452.949,0.0,0.0,0.0,5.732,0,2.0,0.99,309.825,0.0,35.88,35.58041000366211,4.98,0.0,0
46907,99.249,27.412000000000003,0.0,0.0,453.07,0.0,0.0,0.0,5.732,0,3.0,1.0150000000000001,309.915,-1.0722,35.88,35.58041000366211,4.98,0.0,0
46907,99.419,27.412000000000003,0.0,0.0,453.009,0.0,0.0,0.0,5.732,0,2.0,1.01,309.825,-0.2639,35.49,35.58041000366211,4.98,0.0,0
46907,99.419,27.412000000000003,0.0,0.0,452.767,0.0,0.0,0.0,5.732,0,2.0,0.995,309.915,0.2639,35.61,35.58041000366211,4.98,0.0,0
46907,99.249,27.412000000000003,0.0,0.0,452.707,0.0,0.0,0.0,5.732,0,3.0,1.025,309.825,-0.7753,35.43,35.58041000366211,4.98,0.0,0
46907,99.249,27.402,-0.5,0.0,452.767,0.0,0.0,0.0,5.732,0,2.0,1.0,309.825,0.7918000000000001,34.59,35.58041000366211,4.98,0.0,0
46907,99.419,27.402,-0.5,0.0,453.009,0.0,0.0,0.0,5.732,0,2.0,0.97,309.825,-2.6888,34.32,35.58041000366211,4.98,0.0,0
46907,99.419,27.402,0.0,0.0,452.82800000000003,0.0,0.0,0.2,5.732,0,2.0,0.98,309.825,-1.9135000000000002,34.38,35.58041000366211,4.98,0.0,0
46907,99.59,27.402,0.0,0.0,452.88800000000003,0.0,0.0,0.0,5.732,0,1.0,0.975,309.825,-2.6393,34.92,35.58041000366211,4.98,0.0,0
46907,99.419,27.393,0.0,0.0,452.82800000000003,0.0,0.0,0.0,5.732,0,2.0,1.01,309.825,0.17320000000000002,34.86,35.58041000366211,4.98,0.0,0
46907,99.419,27.393,0.0,0.0,452.767,0.0,0.0,0.0,5.732,0,2.0,1.0,309.69,-1.9547,35.19,35.58041000366211,4.98,0.0,0
46907,99.59,27.393,0.0,0.0,452.82800000000003,0.0,0.0,0.0,5.732,0,2.0,0.995,309.915,1.6743000000000001,36.660000000000004,35.58041000366211,4.98,0.0,0
46907,99.419,27.393,0.0,0.0,453.07,0.0,0.0,0.0,5.732,0,3.0,0.985,309.825,5.6745,36.660000000000004,35.58041000366211,4.98,0.0,0
46907,99.419,27.393,0.0,0.0,453.07,0.0,0.0,0.0,5.732,0,2.0,0.97,309.915,3.1919,36.93,35.58041000366211,4.98,0.0,0
46907,99.59,27.383000000000003,0.0,0.0,452.767,0.0,0.0,-0.2,5.732,0,3.0,1.01,309.915,-2.6393,36.75,35.58041000366211,4.98,0.0,0
46907,99.419,27.383000000000003,-0.5,0.0,452.586,0.0,0.0,0.0,5.732,0,3.0,1.0,309.915,1.1877,35.58,35.58041000366211,4.98,0.0,0
46907,99.419,27.383000000000003,0.0,0.0,453.372,0.0,0.0,0.0,5.732,0,2.0,1.0050000000000001,309.825,-2.5568,34.980000000000004,35.58041000366211,4.98,0.0,0
46907,99.419,27.383000000000003,0.0,0.0,453.31100000000004,0.0,0.0,0.0,5.732,0,2.0,1.0050000000000001,309.825,-3.1012,33.9,35.58041000366211,4.98,0.0,0
46907,99.76,27.383000000000003,0.0,0.0,452.949,0.0,0.0,0.0,5.732,0,3.0,1.0050000000000001,310.005,2.4249,32.82,35.58041000366211,4.98,0.0,0
46907,99.59,27.383000000000003,0.0,0.0,453.13,0.0,0.0,0.0,5.732,0,2.0,1.0150000000000001,309.915,2.1362,32.910000000000004,35.58041000366211,4.98,0.0,0
46907,99.76,27.373,-1.0,0.0,453.372,0.0,0.0,0.0,5.732,0,3.0,1.0150000000000001,309.825,-0.9897,33.84,35.58041000366211,4.98,0.0,0
46907,99.249,27.373,0.0,0.0,453.25100000000003,0.0,0.0,0.0,5.732,0,2.0,0.985,309.825,-0.9732000000000001,34.980000000000004,35.58041000366211,4.98,0.0,0
46907,99.249,27.373,0.0,0.0,453.009,0.0,0.0,0.0,5.732,0,1.0,1.01,309.915,0.0,35.76,35.58041000366211,4.98,0.0,0
46907,99.419,27.373,0.0,0.0,453.009,0.0,0.0,0.0,5.732,0,2.0,0.99,309.825,-0.3794,36.18,35.58041000366211,4.98,0.0,0
46907,99.59,27.373,0.0,0.0,452.88800000000003,0.0,0.0,0.0,5.732,0,2.0,1.0050000000000001,309.915,0.3794,36.24,35.58041000366211,4.98,0.0,0
46907,99.249,27.363,0.0,0.0,453.25100000000003,0.0,0.0,0.0,5.732,0,1.0,0.995,309.915,0.0,35.31,35.58041000366211,4.98,0.0,0
46907,99.59,27.363,0.0,0.0,453.19100000000003,0.0,0.0,0.0,5.732,0,2.0,1.0050000000000001,309.915,0.5279,35.25,35.58041000366211,4.98,0.0,0
46907,99.249,27.363,-0.5,0.0,453.432,0.0,0.0,0.0,5.732,0,3.0,1.025,309.825,-0.5279,35.01,35.58041000366211,4.98,0.0,0
46907,99.76,27.363,0.0,0.0,453.31100000000004,0.0,0.0,0.0,5.732,0,2.0,1.02,309.915,-1.0557,35.4,35.58041000366211,4.98,0.0,0
46907,99.249,27.363,0.0,0.0,452.88800000000003,0.0,0.0,0.0,5.732,0,2.0,0.985,309.825,-0.9897,35.76,35.58041000366211,4.98,0.0,0
46907,99.419,27.363,-0.5,0.0,452.949,0.0,0.0,0.0,5.732,0,2.0,1.0,309.825,-1.0557,36.09,35.58041000366211,4.98,0.0,0
46907,99.419,27.354000000000003,-0.5,0.0,453.009,0.0,0.0,-0.2,5.732,0,1.0,1.0050000000000001,309.825,-2.5733,35.61,35.58041000366211,4.98,0.0,0
46907,99.931,27.354000000000003,-0.5,0.0,453.07,0.0,0.0,0.0,5.732,0,2.0,0.99,309.915,3.1672000000000002,33.99,35.58041000366211,4.98,0.0,0
46907,99.249,27.354000000000003,-0.5,0.0,452.767,0.0,0.0,0.0,5.732,0,3.0,1.0,309.825,-1.0557,33.12,35.58041000366211,4.98,0.0,0
46907,99.76,27.354000000000003,0.5,0.0,453.13,0.0,0.0,0.0,5.732,0,3.0,0.975,309.915,0.132,32.55,35.58041000366211,4.98,0.0,0
46907,99.249,27.354000000000003,0.0,0.0,453.13,0.0,0.0,0.0,5.732,0,1.0,0.99,309.915,2.9032,32.97,35.58041000366211,4.98,0.0,0
46907,99.419,27.354000000000003,0.0,0.0,453.432,0.0,0.0,0.0,5.732,0,2.0,1.0,309.69,-2.7713,34.38,35.58041000366211,4.98,0.0,0
46907,99.419,27.344,0.0,0.0,453.31100000000004,0.0,0.0,0.0,5.732,0,2.0,1.03,309.825,0.3299,35.94,35.58041000366211,4.98,0.0,0
46907,99.419,27.344,-0.5,0.0,453.19100000000003,0.0,0.0,0.0,5.732,0,2.0,0.98,309.915,1.1877,35.85,35.58041000366211,4.98,0.0,0
46907,99.249,27.344,0.0,0.0,453.432,0.0,0.0,0.0,5.732,0,2.0,1.0050000000000001,309.825,2.0125,35.79,35.58041000366211,4.98,0.0,0
46907,99.59,27.344,0.0,0.0,453.494,0.0,0.0,0.0,5.732,0,3.0,0.985,309.825,-0.7918000000000001,35.46,35.58041000366211,4.98,0.0,0
46907,99.249,27.344,-0.5,0.0,453.55400000000003,0.0,0.0,0.0,5.732,0,3.0,0.99,309.825,-0.9897,35.160000000000004,35.58041000366211,4.98,0.0,0
46907,99.419,27.334,0.0,0.0,453.19100000000003,0.0,0.0,0.0,5.732,0,3.0,0.98,309.915,1.8475000000000001,35.58,35.58041000366211,4.98,0.0,0
46907,99.249,27.334,0.0,0.0,453.07,0.0,0.0,0.0,5.732,0,1.0,0.995,310.005,0.9238000000000001,35.19,35.58041000366211,4.98,0.0,0
46907,99.419,27.334,0.0,0.0,453.31100000000004,0.0,0.0,0.0,5.732,0,3.0,1.01,309.825,0.5279,34.83,35.58041000366211,4.98,0.0,0
46907,99.59,27.334,-0.5,0.0,453.372,0.0,0.0,0.2,5.732,0,2.0,0.985,309.825,-3.629,34.92,35.58041000366211,4.98,0.0,0
46907,99.249,27.334,0.0,0.0,453.372,0.0,0.0,0.0,5.732,0,2.0,1.0,309.915,-1.8475000000000001,33.45,35.58041000366211,4.98,0.0,0
46907,99.931,27.324,0.5,0.0,453.857,0.0,0.0,0.0,5.732,0,1.0,1.0050000000000001,309.915,1.5176,32.82,35.58041000366211,4.98,0.0,0
46907,99.59,27.324,0.0,0.0,453.25100000000003,0.0,0.0,0.2,5.732,0,1.0,0.99,309.915,-0.132,32.730000000000004,35.58041000366211,4.98,0.0,0
46907,99.419,27.324,0.0,0.0,453.009,0.0,0.0,0.0,5.732,0,2.0,1.0050000000000001,309.915,1.5836000000000001,34.11,35.58041000366211,4.98,0.0,0
46907,99.76,27.324,0.0,0.0,453.372,0.0,0.0,0.0,5.732,0,1.0,0.975,309.825,0.39590000000000003,35.94,35.58041000366211,4.98,0.0,0
46907,99.419,27.324,-0.5,0.0,453.372,0.0,0.0,0.0,5.732,0,1.0,0.98,309.69,-0.1567,36.03,35.58041000366211,4.98,0.0,0
46907,99.078,27.324,0.0,0.0,453.432,0.0,0.0,0.0,5.732,0,3.0,0.99,309.825,-0.8413,36.24,35.58041000366211,4.98,0.0,0
46907,99.249,27.324,0.0,0.0,453.19100000000003,0.0,0.0,0.0,5.732,0,3.0,0.99,309.69,-3.1259,35.4,35.58041000366211,4.98,0.0,0
46907,99.249,27.314,0.0,0.0,453.25100000000003,0.0,0.0,0.0,5.732,0,2.0,1.0,309.825,-0.9897,34.980000000000004,35.58041000366211,4.98,0.0,0
46907,99.419,27.314,0.0,0.0,453.25100000000003,0.0,0.0,0.0,5.732,0,3.0,1.0,309.825,2.7053000000000003,34.230000000000004,35.58041000366211,4.98,0.0,0
46907,99.76,27.314,-0.5,0.0,453.19100000000003,0.0,0.0,0.0,5.732,0,2.0,0.995,309.69,2.4661,34.95,35.58041000366211,4.98,0.0,0
46907,99.59,27.314,0.0,0.0,453.19100000000003,0.0,0.0,-0.2,5.732,0,4.0,0.99,309.825,2.1114,35.1,35.58041000366211,4.98,0.0,0
46907,99.419,27.314,0.0,0.0,453.432,0.0,0.0,0.0,5.732,0,2.0,1.01,309.915,2.5733,35.34,35.58041000366211,4.98,0.0,0
46907,99.59,27.305,0.0,0.0,453.31100000000004,0.0,0.0,0.0,5.732,0,2.0,1.0050000000000001,309.825,0.23920000000000002,35.58,35.58041000366211,4.98,0.0,0
46907,99.078,27.305,-0.5,0.0,453.31100000000004,0.0,0.0,0.0,5.732,0,1.0,0.98,309.915,-0.7258,34.17,35.58041000366211,4.98,0.0,0
46907,99.59,27.305,-0.5,0.0,453.372,0.0,0.0,0.0,5.732,0,2.0,1.0150000000000001,309.825,3.1177,32.79,35.58041000366211,4.98,0.0,0
46907,99.249,27.305,0.0,0.0,453.13,0.0,0.0,0.0,5.732,0,1.0,1.0150000000000001,309.825,1.1877,31.560000000000002,35.58041000366211,4.98,0.0,0
46907,99.249,27.305,0.0,0.0,453.19100000000003,0.0,0.0,0.0,5.732,0,2.0,1.0,309.69,-3.0599000000000003,32.64,35.58041000366211,4.98,0.0,0
46907,99.76,27.305,0.0,0.0,453.432,0.0,0.0,0.0,5.732,0,3.0,0.995,309.915,-3.2331000000000003,34.32,35.58041000366211,4.98,0.0,0
46907,99.249,27.295,-1.0,0.0,452.949,0.0,0.0,0.0,5.732,0,3.0,1.0,309.825,0.9238000000000001,35.64,35.58041000366211,4.98,0.0,0
46907,99.59,27.295,0.0,0.0,452.949,0.0,0.0,0.0,5.732,0,2.0,1.0150000000000001,309.825,2.4578,36.57,35.58041000366211,4.98,0.0,0
46907,99.59,27.295,-0.5,0.0,453.494,0.0,0.0,0.0,5.732,0,3.0,1.01,310.005,-0.47840000000000005,36.09,35.58041000366211,4.98,0.0,0
46907,99.249,27.295,0.0,0.0,453.55400000000003,0.0,0.0,0.0,5.732,0,2.0,0.975,309.69,0.46190000000000003,35.07,35.58041000366211,4.98,0.0,0
46907,99.419,27.295,0.0,0.0,453.736,0.0,0.0,0.0,5.732,0,2.0,0.97,309.825,-1.7815,33.84,35.58041000366211,4.98,0.0,0
46907,99.249,27.295,-0.5,0.0,453.91700000000003,0.0,0.0,0.0,5.732,0,2.0,0.98,309.825,-2.4413,33.480000000000004,35.58041000366211,4.98,0.0,0
46907,99.59,27.285,0.0,0.0,453.432,0.0,0.0,0.0,5.732,0,3.0,1.0150000000000001,309.825,2.1527000000000003,33.480000000000004,35.58041000366211,4.98,0.0,0
46907,99.419,27.285,0.0,0.0,453.372,0.0,0.0,0.0,5.732,0,3.0,1.0150000000000001,309.915,1.4351,34.17,35.58041000366211,4.98,0.0,0
46907,99.249,27.285,-0.5,0.0,453.07,0.0,0.0,0.0,5.732,0,1.0,1.035,309.69,1.0805,34.32,35.58041000366211,4.98,0.0,0
46907,99.249,27.285,-0.5,0.0,453.25100000000003,0.0,0.0,0.0,5.732,0,3.0,1.025,309.825,-0.7258,33.93,35.58041000366211,4.98,0.0,0
46907,99.59,27.285,-0.5,0.0,453.31100000000004,0.0,0.0,0.0,5.732,0,3.0,0.985,309.825,-3.9424,32.88,35.58041000366211,4.98,0.0,0
46907,99.419,27.285,0.0,0.0,453.372,0.0,0.0,0.0,5.732,0,2.0,1.0050000000000001,309.825,1.5836000000000001,32.07,35.58041000366211,4.98,0.0,0
46907,99.249,27.275000000000002,-0.5,0.0,453.372,0.0,0.0,0.0,5.732,0,3.0,1.0050000000000001,309.915,0.1155,32.52,35.58041000366211,4.98,0.0,0
46907,99.419,27.275000000000002,-1.0,0.0,453.19100000000003,0.0,0.0,0.0,5.732,0,2.0,1.0050000000000001,309.825,0.3299,34.26,35.58041000366211,4.98,0.0,0
46907,99.419,27.275000000000002,-0.5,0.0,453.19100000000003,0.0,0.0,0.0,5.732,0,2.0,1.0050000000000001,309.825,0.39590000000000003,34.38,35.58041000366211,4.98,0.0,0
46907,99.249,27.275000000000002,0.0,0.0,453.372,0.0,0.0,-0.2,5.732,0,1.0,1.0050000000000001,309.915,4.6848,35.79,35.58041000366211,4.98,0.0,0
46907,99.59,27.275000000000002,0.0,0.0,453.31100000000004,0.0,0.0,0.0,5.732,0,3.0,0.96,309.915,0.7918000000000001,36.27,35.58041000366211,4.98,0.0,0
46907,99.76,27.275000000000002,0.0,0.0,453.55400000000003,0.0,0.0,0.0,5.732,0,2.0,0.99,309.825,-2.6393,35.31,35.58041000366211,4.98,0.0,0
46907,99.249,27.275000000000002,0.0,0.0,453.19100000000003,0.0,0.0,0.0,5.732,0,1.0,0.98,309.825,-2.6393,34.92,35.58041000366211,4.98,0.0,0
46907,99.59,27.266000000000002,0.0,0.0,453.07,0.0,0.0,0.0,5.732,0,4.0,1.035,309.915,1.0557,34.14,35.58041000366211,4.98,0.0,0
46907,99.419,27.266000000000002,0.0,0.0,453.25100000000003,0.0,0.0,0.0,5.732,0,2.0,1.0,309.825,0.5279,34.38,35.58041000366211,4.98,0.0,0
46907,99.59,27.266000000000002,0.0,0.0,453.372,0.0,0.0,0.0,5.732,0,3.0,1.01,309.915,1.5176,34.08,35.58041000366211,4.98,0.0,0
46907,99.419,27.266000000000002,-0.5,0.0,453.19100000000003,0.0,0.0,0.0,5.732,0,2.0,0.98,309.825,-1.0557,33.69,35.58041000366211,4.98,0.0,0
46907,99.249,27.266000000000002,-0.5,0.0,453.432,0.0,0.0,0.0,5.732,0,1.0,1.0050000000000001,309.825,-1.5836000000000001,33.51,35.58041000366211,4.98,0.0,0
46907,99.76,27.266000000000002,-0.5,0.0,453.31100000000004,0.0,0.0,0.0,5.732,0,1.0,1.0,309.825,-1.5836000000000001,33.6,35.58041000366211,4.98,0.0,0
46907,99.249,27.256,0.0,0.0,453.372,0.0,0.0,0.2,5.732,0,3.0,1.01,309.915,-2.4413,33.78,35.58041000366211,4.98,0.0,0
46907,99.419,27.256,0.0,0.0,453.372,0.0,0.0,0.0,5.732,0,2.0,0.985,309.915,0.2639,34.17,35.58041000366211,4.98,0.0,0
46907,99.59,27.256,0.0,0.0,453.372,0.0,0.0,0.0,5.732,0,2.0,0.985,310.005,3.563,34.5,35.58041000366211,4.98,0.0,0
46907,99.419,27.256,0.0,0.0,453.07,0.0,0.0,0.0,5.732,0,2.0,1.0,309.825,0.9238000000000001,35.01,35.58041000366211,4.98,0.0,0
46907,99.59,27.256,0.0,0.0,453.19100000000003,0.0,0.0,0.0,5.732,0,2.0,1.0150000000000001,309.825,-2.0455,35.19,35.58041000366211,4.98,0.0,0
46907,99.249,27.256,0.0,0.0,453.19100000000003,0.0,0.0,0.0,5.732,0,3.0,1.0,309.825,-1.8310000000000002,35.19,35.58041000366211,4.98,0.0,0
46907,99.59,27.256,0.0,0.0,453.07,0.0,0.0,0.0,5.732,0,2.0,0.985,309.825,-2.8702,35.43,35.58041000366211,4.98,0.0,0
46907,99.249,27.246000000000002,-0.5,0.0,453.372,0.0,0.0,0.0,5.732,0,2.0,0.99,309.915,1.4351,35.31,35.58041000366211,4.98,0.0,0
46907,99.419,27.246000000000002,0.5,0.0,453.615,0.0,0.0,0.0,5.732,0,2.0,0.99,309.825,0.6598,35.25,35.58041000366211,4.98,0.0,0
46907,99.419,27.246000000000002,0.0,0.0,453.494,0.0,0.0,0.0,5.732,0,1.0,1.0050000000000001,309.825,2.2434000000000003,34.92,35.58041000366211,4.98,0.0,0
46907,99.419,27.246000000000002,-0.5,0.0,453.55400000000003,0.0,0.0,0.0,5.732,0,2.0,0.975,309.915,2.7713,34.71,35.58041000366211,4.98,0.0,0
46907,99.76,27.246000000000002,0.0,0.0,453.55400000000003,0.0,0.0,0.0,5.732,0,2.0,1.0050000000000001,309.825,-2.8372,34.53,35.58041000366211,4.98,0.0,0
46907,99.249,27.246000000000002,0.0,0.0,453.736,0.0,0.0,0.0,5.732,0,1.0,1.0050000000000001,309.825,-0.7258,34.71,35.58041000366211,4.98,0.0,0
46907,99.76,27.236,0.0,0.0,453.55400000000003,0.0,0.0,-0.2,5.732,0,2.0,1.0,309.825,-0.5609000000000001,33.96,35.58041000366211,4.98,0.0,0
46907,99.419,27.236,0.0,0.0,453.796,0.0,0.0,0.0,5.732,0,1.0,0.9550000000000001,309.825,1.9795,33.9,35.58041000366211,4.98,0.0,0
46907,99.419,27.236,0.0,0.0,453.615,0.0,0.0,0.0,5.732,0,2.0,0.98,309.825,1.2042000000000002,34.71,35.58041000366211,4.98,0.0,0
46907,99.419,27.236,0.0,0.0,453.25100000000003,0.0,0.0,0.0,5.732,0,2.0,0.99,309.825,-1.0557,34.59,35.58041000366211,4.98,0.0,0
46907,99.419,27.236,0.0,0.0,453.372,0.0,0.0,0.0,5.732,0,4.0,1.01,309.69,-2.5321000000000002,35.19,35.58041000366211,4.98,0.0,0
46907,99.59,27.236,0.0,0.0,453.31100000000004,0.0,0.0,0.0,5.732,0,1.0,1.01,309.825,-0.5938,35.160000000000004,35.58041000366211,4.98,0.0,0
46907,99.76,27.227,-0.5,0.0,453.13,0.0,0.0,0.0,5.732,0,3.0,1.0,309.69,-0.5031,35.13,35.58041000366211,4.98,0.0,0
46907,99.419,27.227,-0.5,0.0,453.31100000000004,0.0,0.0,0.0,5.732,0,2.0,1.0,309.69,-0.39590000000000003,35.4,35.58041000366211,4.98,0.0,0
46907,99.249,27.227,0.0,0.0,453.31100000000004,0.0,0.0,0.0,5.732,0,2.0,1.0,309.69,-1.8475000000000001,35.43,35.58041000366211,4.98,0.0,0
46907,99.419,27.227,-0.5,0.0,453.25100000000003,0.0,0.0,0.0,5.732,0,3.0,1.0150000000000001,309.69,-2.7713,34.74,35.58041000366211,4.98,0.0,0
46907,99.419,27.227,-0.5,0.0,453.19100000000003,0.0,0.0,0.0,5.732,0,3.0,0.995,309.825,4.1239,34.92,35.58041000366211,4.98,0.0,0
46907,99.59,27.227,0.0,0.0,453.25100000000003,0.0,0.0,0.0,5.732,0,2.0,0.995,309.825,3.9589000000000003,35.13,35.58041000366211,4.98,0.0,0
46907,99.59,27.227,-0.5,0.0,453.25100000000003,0.0,0.0,0.0,5.732,0,2.0,0.99,309.915,-0.165,35.1,35.58041000366211,4.98,0.0,0
46907,99.59,27.227,0.0,0.0,453.372,0.0,0.0,0.0,5.732,0,2.0,0.985,309.915,0.0,34.410000000000004,35.58041000366211,4.98,0.0,0
46907,99.59,27.217000000000002,-0.5,0.0,453.55400000000003,0.0,0.0,0.2,5.732,0,1.0,0.995,309.825,1.3196,33.99,35.58041000366211,4.98,0.0,0
46907,99.419,27.217000000000002,0.0,0.0,453.55400000000003,0.0,0.0,0.0,5.732,0,3.0,1.0,309.825,-2.6393,33.84,35.58041000366211,4.98,0.0,0
46907,99.76,27.217000000000002,0.0,0.0,453.494,0.0,0.0,0.0,5.732,0,2.0,1.0050000000000001,309.825,1.6496000000000002,33.84,35.58041000366211,4.98,0.0,0
46907,99.59,27.217000000000002,0.0,0.0,453.372,0.0,0.0,0.0,5.732,0,2.0,0.985,309.825,0.0,34.74,35.58041000366211,4.98,0.0,0
46907,99.419,27.217000000000002,0.0,0.0,453.372,0.0,0.0,0.0,5.732,0,2.0,0.98,309.825,-2.6393,35.13,35.58041000366211,4.98,0.0,0
46907,99.419,27.217000000000002,0.0,0.0,453.372,0.0,0.0,0.0,5.732,0,3.0,1.0,309.825,1.9795,36.0,35.58041000366211,4.98,0.0,0
46907,99.419,27.207,0.0,0.0,453.675,0.0,0.0,0.0,5.732,0,2.0,0.985,309.915,2.5733,35.67,35.58041000366211,4.98,0.0,0
46907,99.59,27.207,0.0,0.0,453.372,0.0,0.0,0.0,5.732,0,2.0,0.995,309.825,1.0557,35.37,35.58041000366211,4.98,0.0,0
46907,99.59,27.207,0.0,0.0,453.25100000000003,0.0,0.0,0.0,5.732,0,2.0,0.98,309.825,-0.5279,35.46,35.58041000366211,4.98,0.0,0
46907,99.249,27.207,0.0,0.0,453.25100000000003,0.0,0.0,0.0,5.732,0,4.0,0.985,309.825,-0.7918000000000001,35.82,35.58041000366211,4.98,0.0,0
46907,99.59,27.207,0.0,0.0,453.009,0.0,0.0,0.0,5.732,0,3.0,0.995,309.915,-0.5938,35.58,35.58041000366211,4.98,0.0,0
46907,99.59,27.207,0.0,0.0,452.949,0.0,0.0,0.0,5.732,0,3.0,1.0150000000000001,309.69,-3.2991,34.59,35.58041000366211,4.98,0.0,0
46907,99.419,27.207,0.0,0.0,453.372,0.0,0.0,0.0,5.732,0,2.0,1.0050000000000001,309.915,1.2537,33.96,35.58041000366211,4.98,0.0,0
46907,99.419,27.197000000000003,-0.5,0.0,453.736,0.0,0.0,0.0,5.732,0,1.0,0.995,309.915,3.563,32.97,35.58041000366211,4.98,0.0,0
46907,99.419,27.197000000000003,0.0,0.0,453.372,0.0,0.0,0.0,5.732,0,2.0,1.0,309.825,2.0125,33.660000000000004,35.58041000366211,4.98,0.0,0
46907,99.249,27.197000000000003,-0.5,0.0,453.07,0.0,0.0,0.0,5.732,0,2.0,1.0,309.825,-2.3754,34.92,35.58041000366211,4.98,0.0,0
46907,99.419,27.197000000000003,0.0,0.0,453.07,0.0,0.0,0.0,5.732,0,2.0,1.0,309.825,-2.4908,34.980000000000004,35.58041000366211,4.98,0.0,0
46907,99.249,27.197000000000003,0.0,0.0,453.19100000000003,0.0,0.0,0.0,5.732,0,2.0,0.995,309.915,1.0557,35.79,35.58041000366211,4.98,0.0,0
46907,99.419,27.197000000000003,0.0,0.0,453.55400000000003,0.0,0.0,0.0,5.732,0,2.0,0.99,309.825,0.5279,36.69,35.58041000366211,4.98,0.0,0
46907,99.419,27.197000000000003,0.0,0.0,453.25100000000003,0.0,0.0,0.0,5.732,0,2.0,1.01,309.915,-0.5444,36.51,35.58041000366211,4.98,0.0,0
46907,99.931,27.188000000000002,0.0,0.0,453.19100000000003,0.0,0.0,0.0,5.732,0,2.0,0.99,309.825,-1.0392000000000001,36.06,35.58041000366211,4.98,0.0,0
46907,99.419,27.188000000000002,0.0,0.0,453.07,0.0,0.0,0.0,5.732,0,2.0,1.0050000000000001,309.825,0.6598,35.85,35.58041000366211,4.98,0.0,0
46907,99.59,27.188000000000002,0.5,0.0,453.19100000000003,0.0,0.0,0.0,5.732,0,4.0,1.0150000000000001,309.825,-1.5671000000000002,35.13,35.58041000366211,4.98,0.0,0
46907,99.59,27.188000000000002,0.0,0.0,453.372,0.0,0.0,0.0,5.732,0,2.0,0.99,309.69,-3.4723,35.730000000000004,35.58041000366211,4.98,0.0,0
46907,99.419,27.188000000000002,0.0,0.0,453.19100000000003,0.0,0.0,0.0,5.732,0,3.0,0.975,309.69,-0.3052,36.09,35.58041000366211,4.98,0.0,0
46907,99.419,27.188000000000002,0.0,0.0,452.949,0.0,0.0,0.0,5.732,0,3.0,1.0150000000000001,309.915,2.7548,35.49,35.58041000366211,4.98,0.0,0
46907,99.419,27.188000000000002,0.0,0.0,453.25100000000003,0.0,0.0,0.0,5.732,0,3.0,1.01,309.825,1.1629,34.56,35.58041000366211,4.98,0.0,0
46907,99.419,27.178,0.0,0.0,453.372,0.0,0.0,0.0,5.732,0,2.0,0.995,309.915,1.6496000000000002,34.08,35.58041000366211,4.98,0.0,0
46907,99.59,27.178,0.5,0.0,453.19100000000003,0.0,0.0,0.0,5.732,0,2.0,0.99,309.825,1.6001,33.27,35.58041000366211,4.98,0.0,0
46907,99.419,27.178,-0.5,0.0,453.19100000000003,0.0,0.0,0.0,5.732,0,2.0,1.0050000000000001,309.825,-0.9238000000000001,33.9,35.58041000366211,4.98,0.0,0
46907,99.59,27.178,0.0,0.0,453.07,0.0,0.0,0.0,5.732,0,2.0,1.02,309.825,-2.6228000000000002,35.31,35.58041000366211,4.98,0.0,0
46907,99.419,27.178,0.0,0.0,453.07,0.0,0.0,0.0,5.732,0,2.0,1.02,309.69,-1.7568000000000001,36.69,35.58041000366211,4.98,0.0,0
46907,99.249,27.178,0.0,0.0,453.19100000000003,0.0,0.0,0.0,5.732,0,2.0,1.04,309.825,-0.7258,37.32,35.58041000366211,4.98,0.0,0
46907,99.419,27.178,-0.5,0.0,453.372,0.0,0.0,0.0,5.732,0,3.0,1.01,309.69,-0.3547,37.26,35.58041000366211,4.98,0.0,0
46907,99.59,27.168000000000003,0.0,0.0,453.432,0.0,0.0,0.0,5.732,0,2.0,0.995,309.915,0.3547,36.0,35.58041000366211,4.98,0.0,0
46907,99.419,27.168000000000003,-0.5,0.0,453.736,0.0,0.0,0.0,5.732,0,2.0,1.0,309.825,0.7258,35.49,35.58041000366211,4.98,0.0,0
46907,99.59,27.168000000000003,0.0,0.0,453.19100000000003,0.0,0.0,0.0,5.732,0,2.0,0.995,309.69,2.7053000000000003,35.1,35.58041000366211,4.98,0.0,0
46907,99.76,27.168000000000003,-0.5,0.0,453.372,0.0,0.0,0.0,5.732,0,2.0,1.01,309.825,0.19790000000000002,34.5,35.58041000366211,4.98,0.0,0
46907,99.59,27.168000000000003,0.0,0.0,453.372,0.0,0.0,0.0,5.732,0,2.0,1.0,309.825,-0.132,34.44,35.58041000366211,4.98,0.0,0
46907,99.419,27.168000000000003,0.0,0.0,453.25100000000003,0.0,0.0,0.0,5.732,0,2.0,0.99,309.915,0.7258,34.26,35.58041000366211,4.98,0.0,0
46907,99.59,27.168000000000003,0.0,0.0,453.31100000000004,0.0,0.0,0.0,5.732,0,2.0,0.99,309.825,2.2434000000000003,34.47,35.58041000366211,4.98,0.0,0
46907,99.76,27.168000000000003,0.0,0.0,453.009,0.0,0.0,0.0,5.732,0,2.0,1.0150000000000001,309.915,-0.8578,34.5,35.58041000366211,4.98,0.0,0
46907,99.419,27.158,0.0,0.0,453.07,0.0,0.0,0.0,5.732,0,2.0,1.0150000000000001,309.69,-4.486800000000001,34.29,35.58041000366211,4.98,0.0,0
46907,99.419,27.158,0.0,0.0,453.19100000000003,0.0,0.0,0.0,5.732,0,2.0,1.02,309.825,1.3196,34.71,35.58041000366211,4.98,0.0,0
46907,99.59,27.158,0.0,0.0,453.19100000000003,0.0,0.0,0.0,5.732,0,3.0,0.975,309.825,-0.6598,34.89,35.58041000366211,4.98,0.0,0
46907,99.419,27.158,0.0,0.0,452.88800000000003,0.0,0.0,0.0,5.732,0,2.0,0.985,309.915,-0.165,35.64,35.58041000366211,4.98,0.0,0
46907,99.419,27.158,0.0,0.0,452.949,0.0,0.0,0.0,5.732,0,2.0,0.995,309.825,0.7918000000000001,36.81,35.58041000366211,4.98,0.0,0
46907,99.76,27.158,0.0,0.0,453.19100000000003,0.0,0.0,0.0,5.732,0,2.0,1.0050000000000001,309.825,1.0557,36.63,35.58041000366211,4.98,0.0,0
46907,99.419,27.158,0.0,0.0,453.25100000000003,0.0,0.0,0.0,5.732,0,3.0,1.0150000000000001,309.825,-1.5836000000000001,36.0,35.58041000366211,4.98,0.0,0
46907,99.59,27.148,0.0,0.0,453.25100000000003,0.0,0.0,0.0,5.732,0,3.0,1.01,309.915,-0.066,35.34,35.58041000366211,4.98,0.0,0
46907,99.76,27.148,0.0,0.0,453.009,0.0,0.0,0.0,5.732,0,3.0,0.98,309.825,-0.5279,35.1,35.58041000366211,4.98,0.0,0
46907,99.76,27.148,0.0,0.0,453.009,0.0,0.0,0.0,5.732,0,2.0,0.98,309.915,-0.8578,35.160000000000004,35.58041000366211,4.98,0.0,0
46907,99.419,27.148,0.0,0.0,453.13,0.0,0.0,0.0,5.732,0,3.0,1.0,309.915,0.132,34.38,35.58041000366211,4.98,0.0,0
46907,99.419,27.148,0.0,0.0,453.13,0.0,0.0,0.0,5.732,0,3.0,1.0,309.825,2.6393,33.96,35.58041000366211,4.98,0.0,0
46907,99.419,27.148,-0.5,0.0,453.19100000000003,0.0,0.0,0.0,5.732,0,1.0,1.035,309.915,-0.7918000000000001,33.93,35.58041000366211,4.98,0.0,0
46907,99.59,27.148,0.0,0.0,453.19100000000003,0.0,0.0,0.0,5.732,0,2.0,1.0,309.825,-2.0455,33.93,35.58041000366211,4.98,0.0,0
46907,99.419,27.139000000000003,0.0,0.0,452.88800000000003,0.0,0.0,0.0,5.732,0,2.0,1.0,309.69,-3.8270000000000004,34.17,35.58041000366211,4.98,0.0,0
46907,99.419,27.139000000000003,-0.5,0.0,453.19100000000003,0.0,0.0,0.0,5.732,0,1.0,0.97,309.825,-7.324000000000001,34.95,35.58041000366211,4.98,0.0,0
46907,99.59,27.139000000000003,0.0,0.0,453.07,0.0,0.0,0.0,5.732,0,2.0,0.995,309.915,1.0557,35.550000000000004,35.58041000366211,4.98,0.0,0
46907,99.59,27.139000000000003,-0.5,0.0,453.07,0.0,0.0,0.0,5.732,0,2.0,1.0050000000000001,309.825,7.0271,36.39,35.58041000366211,4.98,0.0,0
46907,99.419,27.139000000000003,-0.5,0.0,453.13,0.0,0.0,0.0,5.732,0,2.0,1.02,309.825,0.9238000000000001,36.660000000000004,35.58041000366211,4.98,0.0,0
46907,99.59,27.139000000000003,0.0,0.0,453.07,0.0,0.0,0.0,5.732,0,2.0,1.01,309.825,-2.5733,36.78,35.58041000366211,4.98,0.0,0
46907,99.59,27.139000000000003,0.0,0.0,453.13,0.0,0.0,0.0,5.732,0,2.0,1.0150000000000001,309.69,-1.4516,36.27,35.58041000366211,4.98,0.0,0
46907,99.249,27.139000000000003,0.0,0.0,453.13,0.0,0.0,0.0,5.732,0,2.0,0.995,309.825,-1.3856000000000002,36.24,35.58041000366211,4.98,0.0,0
46907,99.59,27.139000000000003,-0.5,0.0,453.13,0.0,0.0,0.0,5.732,0,2.0,0.995,309.825,-0.7258,35.58,35.58041000366211,4.98,0.0,0
46907,99.59,27.129,0.0,0.0,453.615,0.0,0.0,0.0,5.732,0,3.0,1.0,309.825,1.1217000000000001,35.01,35.58041000366211,4.98,0.0,0
46907,99.419,27.129,-0.5,0.0,453.55400000000003,0.0,0.0,0.0,5.732,0,2.0,0.98,309.825,0.6351,34.44,35.58041000366211,4.98,0.0,0
46907,99.419,27.129,0.0,0.0,453.432,0.0,0.0,0.0,5.732,0,3.0,0.9400000000000001,309.825,0.2639,34.26,35.58041000366211,4.98,0.0,0
46907,99.76,27.129,0.0,0.0,453.07,0.0,0.0,0.0,5.732,0,2.0,0.995,309.69,-0.3052,33.660000000000004,35.58041000366211,4.98,0.0,0
46907,99.419,27.129,0.0,0.0,453.19100000000003,0.0,0.0,0.0,5.732,0,3.0,0.98,309.825,-0.5938,33.78,35.58041000366211,4.98,0.0,0
46907,99.249,27.129,0.0,0.0,453.07,0.0,0.0,0.0,5.732,0,3.0,1.01,309.825,-0.8413,34.02,35.58041000366211,4.98,0.0,0
46907,99.76,27.129,0.0,0.0,452.88800000000003,0.0,0.0,0.0,5.732,0,1.0,0.985,309.825,2.4166000000000003,35.01,35.58041000366211,4.98,0.0,0
46907,99.76,27.119,0.0,0.0,453.19100000000003,0.0,0.0,0.0,5.732,0,2.0,1.0050000000000001,309.915,1.8310000000000002,35.82,35.58041000366211,4.98,0.0,0
46907,99.59,27.119,-0.5,0.0,453.19100000000003,0.0,0.0,0.0,5.732,0,2.0,0.995,309.825,-0.2639,36.84,35.58041000366211,4.98,0.0,0
46907,99.419,27.119,0.0,0.0,453.19100000000003,0.0,0.0,0.0,5.732,0,2.0,1.0150000000000001,309.825,-1.1712,36.93,35.58041000366211,4.98,0.0,0
46907,99.59,27.119,0.0,0.0,453.25100000000003,0.0,0.0,0.0,5.732,0,2.0,0.98,309.915,1.9795,36.54,35.58041000366211,4.98,0.0,0
46907,99.419,27.119,0.0,0.0,452.949,0.0,0.0,0.0,5.732,0,2.0,0.9550000000000001,309.915,4.0744,35.49,35.58041000366211,4.98,0.0,0
46907,99.59,27.119,-0.5,0.0,453.372,0.0,0.0,0.2,5.732,0,3.0,1.0150000000000001,309.915,-1.4681,34.92,35.58041000366211,4.98,0.0,0
46907,99.419,27.119,-0.5,0.0,453.31100000000004,0.0,0.0,0.0,5.732,0,2.0,0.99,309.825,-1.699,34.56,35.58041000366211,4.98,0.0,0
46907,99.76,27.109,-0.5,0.0,453.55400000000003,0.0,0.0,0.0,5.732,0,2.0,1.0,309.825,-3.4806000000000004,34.32,35.58041000366211,4.98,0.0,0
46907,99.59,27.109,0.0,0.0,453.55400000000003,0.0,0.0,0.0,5.732,0,3.0,1.0150000000000001,309.915,-1.2702,34.35,35.58041000366211,4.98,0.0,0
46907,99.419,27.109,0.0,0.0,453.615,0.0,0.0,0.0,5.732,0,2.0,0.99,309.825,5.7405,33.96,35.58041000366211,4.98,0.0,0
46907,99.419,27.109,-1.0,0.0,453.494,0.0,0.0,0.0,5.732,0,2.0,0.97,309.825,-0.39590000000000003,33.63,35.58041000366211,4.98,0.0,0
46907,99.59,27.109,0.0,0.0,453.372,0.0,0.0,0.0,5.732,0,3.0,0.985,309.69,-8.932400000000001,33.24,35.58041000366211,4.98,0.0,0
46907,99.59,27.109,0.0,0.0,453.432,0.0,0.0,0.0,5.732,0,2.0,1.0050000000000001,309.825,-0.8413,34.89,35.58041000366211,4.98,0.0,0
46907,99.59,27.109,-0.5,0.0,453.615,0.0,0.0,0.0,5.732,0,2.0,1.01,309.825,0.132,35.01,35.58041000366211,4.98,0.0,0
46907,99.419,27.109,0.0,0.0,453.432,0.0,0.0,0.0,5.732,0,3.0,1.0,309.915,6.796200000000001,35.85,35.58041000366211,4.98,0.0,0
46907,99.419,27.109,0.0,0.0,453.615,0.0,0.0,0.0,5.732,0,2.0,0.97,309.825,0.0,35.82,35.58041000366211,4.98,0.0,0
46907,99.76,27.1,0.0,0.0,453.675,0.0,0.0,0.0,5.732,0,3.0,1.03,309.825,-2.1114,34.68,35.58041000366211,4.98,0.0,0
46907,99.76,27.1,0.5,0.0,453.432,0.0,0.0,0.0,5.732,0,2.0,1.02,309.915,3.2991,34.95,35.58041000366211,4.98,0.0,0
46907,99.249,27.1,0.0,0.0,453.372,0.0,0.0,0.0,5.732,0,3.0,1.0,309.825,-0.7918000000000001,35.4,35.58041000366211,4.98,0.0,0
46907,99.76,27.1,0.0,0.0,453.19100000000003,0.0,0.0,0.0,5.732,0,2.0,1.0,309.825,-4.7507,35.85,35.58041000366211,4.98,0.0,0
46907,99.59,27.1,0.0,0.0,453.25100000000003,0.0,0.0,0.0,5.732,0,3.0,0.995,309.825,-0.9897,35.910000000000004,35.58041000366211,4.98,0.0,0
46907,99.419,27.1,0.0,0.0,453.25100000000003,0.0,0.0,0.2,5.732,0,2.0,1.0050000000000001,309.825,1.9795,34.65,35.58041000366211,4.98,0.0,0
46907,99.59,27.1,0.0,0.0,453.615,0.0,0.0,0.0,5.732,0,2.0,1.0150000000000001,309.69,-1.4846000000000001,33.3,35.58041000366211,4.98,0.0,0
46907,99.76,27.1,0.0,0.0,453.55400000000003,0.0,0.0,0.0,5.732,0,1.0,0.995,309.825,-1.1877,32.730000000000004,35.58041000366211,4.98,0.0,0
46907,99.59,27.09,0.0,0.0,453.615,0.0,0.0,0.0,5.732,0,3.0,0.995,309.825,2.3754,32.61,35.58041000366211,4.98,0.0,0
46907,99.76,27.09,0.0,0.0,453.372,0.0,0.0,0.0,5.732,0,3.0,0.99,309.825,1.0557,34.02,35.58041000366211,4.98,0.0,0
46907,99.59,27.09,0.0,0.0,453.372,0.0,0.0,0.0,5.732,0,2.0,0.99,309.915,1.0145,34.17,35.58041000366211,4.98,0.0,0
46907,99.249,27.09,0.0,0.0,453.55400000000003,0.0,0.0,0.0,5.732,0,1.0,1.02,309.915,2.8207,35.07,35.58041000366211,4.98,0.0,0
46907,99.76,27.09,0.0,0.0,453.736,0.0,0.0,0.0,5.732,0,3.0,0.99,309.825,0.0,36.42,35.58041000366211,4.98,0.0,0
46907,99.419,27.09,-0.5,0.0,453.372,0.0,0.0,0.0,5.732,0,2.0,0.98,309.825,-4.1569,35.94,35.58041000366211,4.98,0.0,0
46907,99.59,27.09,0.0,0.0,453.13,0.0,0.0,0.0,5.732,0,2.0,1.0,309.915,1.6496000000000002,35.07,35.58041000366211,4.98,0.0,0
46907,99.249,27.09,0.0,0.0,453.372,0.0,0.0,0.0,5.732,0,3.0,1.0050000000000001,309.69,0.8578,34.35,35.58041000366211,4.98,0.0,0
46907,99.931,27.09,0.0,0.0,453.009,0.0,0.0,0.0,5.732,0,2.0,1.02,309.915,-2.1939,34.59,35.58041000366211,4.98,0.0,0
46907,99.59,27.080000000000002,0.0,0.0,453.19100000000003,0.0,0.0,0.0,5.732,0,2.0,1.0150000000000001,309.825,-0.9897,34.71,35.58041000366211,4.98,0.0,0
46907,99.419,27.080000000000002,0.0,0.0,453.55400000000003,0.0,0.0,0.0,5.732,0,2.0,1.01,309.825,1.7568000000000001,34.230000000000004,35.58041000366211,4.98,0.0,0
46907,99.249,27.080000000000002,0.0,0.0,453.675,0.0,0.0,0.0,5.732,0,2.0,1.0050000000000001,309.825,-1.7155,34.5,35.58041000366211,4.98,0.0,0
46907,99.419,27.080000000000002,-0.5,0.0,453.615,0.0,0.0,0.0,5.732,0,2.0,1.0,309.825,-1.7815,34.2,35.58041000366211,4.98,0.0,0
46907,99.59,27.080000000000002,0.0,0.0,453.736,0.0,0.0,0.0,5.732,0,3.0,0.985,309.825,0.19790000000000002,34.230000000000004,35.58041000366211,4.98,0.0,0
46907,99.59,27.080000000000002,-0.5,0.0,453.675,0.0,0.0,0.0,5.732,0,2.0,0.99,309.825,5.0806000000000004,34.2,35.58041000366211,4.98,0.0,0
46907,99.419,27.080000000000002,-0.5,0.0,453.91700000000003,0.0,0.0,0.0,5.732,0,2.0,1.0,309.69,-1.8887,33.96,35.58041000366211,4.98,0.0,0
46907,99.249,27.080000000000002,0.0,0.0,453.55400000000003,0.0,0.0,0.0,5.732,0,3.0,0.98,309.825,-2.1774,34.38,35.58041000366211,4.98,0.0,0
46907,99.59,27.07,0.0,0.0,453.372,0.0,0.0,0.0,5.732,0,2.0,1.01,309.825,0.34640000000000004,35.13,35.58041000366211,4.98,0.0,0
46907,99.76,27.07,0.0,0.0,453.372,0.0,0.0,0.0,5.732,0,2.0,0.975,309.825,1.8887,36.06,35.58041000366211,4.98,0.0,0
46907,99.249,27.07,0.0,0.0,453.494,0.0,0.0,0.0,5.732,0,2.0,1.0150000000000001,309.915,2.7548,36.45,35.58041000366211,4.98,0.0,0
46907,99.419,27.07,0.0,0.0,453.372,0.0,0.0,0.0,5.732,0,2.0,0.995,309.825,-5.0147,36.03,35.58041000366211,4.98,0.0,0
46907,99.419,27.07,-0.5,0.0,453.55400000000003,0.0,0.0,0.0,5.732,0,2.0,1.01,309.825,0.6598,35.76,35.58041000366211,4.98,0.0,0
46907,99.59,27.07,0.0,0.0,453.615,0.0,0.0,0.0,5.732,0,2.0,0.975,309.825,3.5795000000000003,35.82,35.58041000366211,4.98,0.0,0
46907,99.078,27.07,0.0,0.0,452.949,0.0,0.0,0.0,5.732,0,1.0,0.995,309.915,-0.3052,35.58,35.58041000366211,4.98,0.0,0
46907,99.59,27.07,0.0,0.0,453.31100000000004,0.0,0.0,0.0,5.732,0,2.0,1.02,309.69,-1.6248,35.94,35.58041000366211,4.98,0.0,0
46907,99.419,27.061,0.0,0.0,453.07,0.0,0.0,0.0,5.732,0,2.0,0.985,309.825,-1.4516,34.77,35.58041000366211,4.98,0.0,0
46907,99.59,27.061,0.0,0.0,453.07,0.0,0.0,0.0,5.732,0,1.0,1.04,309.69,-2.1362,34.29,35.58041000366211,4.98,0.0,0
46907,99.249,27.061,-0.5,0.0,453.19100000000003,0.0,0.0,0.0,5.732,0,2.0,1.01,309.825,0.8743000000000001,33.39,35.58041000366211,4.98,0.0,0
46907,99.931,27.061,0.0,0.0,453.372,0.0,0.0,0.0,5.732,0,2.0,1.0,309.915,4.4703,33.18,35.58041000366211,4.98,0.0,0
46907,99.249,27.061,0.0,0.0,453.55400000000003,0.0,0.0,0.0,5.732,0,3.0,0.9500000000000001,309.825,3.3651,34.230000000000004,35.58041000366211,4.98,0.0,0
46907,99.931,27.061,0.0,0.0,453.372,0.0,0.0,0.0,5.732,0,2.0,0.985,309.69,-2.6805000000000003,36.21,35.58041000366211,4.98,0.0,0
46907,99.078,27.061,0.0,0.0,453.19100000000003,0.0,0.0,0.0,5.732,0,2.0,1.0,309.915,0.3794,36.75,35.58041000366211,4.98,0.0,0
46907,99.931,27.061,0.0,0.0,453.31100000000004,0.0,0.0,0.0,5.732,0,2.0,0.975,309.915,0.5773,36.81,35.58041000366211,4.98,0.0,0
46907,99.76,27.061,0.0,0.0,453.31100000000004,0.0,0.0,0.0,5.732,0,2.0,0.985,309.915,1.2537,36.87,35.58041000366211,4.98,0.0,0
46907,99.76,27.061,0.0,0.0,453.31100000000004,0.0,0.0,0.0,5.732,0,3.0,0.99,309.825,2.3754,36.18,35.58041000366211,4.98,0.0,0
46907,99.931,27.051000000000002,0.0,0.0,453.25100000000003,0.0,0.0,0.0,5.732,0,2.0,0.995,309.825,-1.5176,35.67,35.58041000366211,4.98,0.0,0
46907,99.931,27.051000000000002,0.0,0.0,453.19100000000003,0.0,0.0,0.0,5.732,0,2.0,1.0050000000000001,309.915,-0.9238000000000001,35.01,35.58041000366211,4.98,0.0,0
46907,99.76,27.051000000000002,0.0,0.0,453.07,0.0,0.0,0.0,5.732,0,1.0,0.995,309.825,4.486800000000001,34.74,35.58041000366211,4.98,0.0,0
46907,99.931,27.051000000000002,0.0,0.0,453.25100000000003,0.0,0.0,0.0,5.732,0,3.0,1.0150000000000001,309.825,-0.5279,35.22,35.58041000366211,4.98,0.0,0
46907,99.931,27.051000000000002,0.0,0.0,453.25100000000003,0.0,0.0,0.0,5.732,0,2.0,1.01,309.915,0.0,35.28,35.58041000366211,4.98,0.0,0
46907,99.931,27.051000000000002,0.0,0.0,453.372,0.0,0.0,0.0,5.732,0,2.0,1.0050000000000001,309.915,3.6950000000000003,35.4,35.58041000366211,4.98,0.0,0
46907,99.931,27.051000000000002,0.0,0.0,453.372,0.0,0.0,0.0,5.732,0,2.0,1.0050000000000001,309.825,-3.9589000000000003,34.74,35.58041000366211,4.98,0.0,0
46907,99.76,27.051000000000002,-0.5,0.0,453.07,0.0,0.0,0.0,5.732,0,2.0,0.985,309.915,-4.486800000000001,33.93,35.58041000366211,4.98,0.0,0
46907,99.931,27.041,0.0,0.0,453.13,0.0,0.0,0.0,5.732,0,3.0,1.0,309.825,1.1217000000000001,34.17,35.58041000366211,4.98,0.0,0
46907,100.101,27.041,0.0,0.0,453.31100000000004,0.0,0.0,0.0,5.732,0,2.0,1.01,309.825,2.5073000000000003,34.800000000000004,35.58041000366211,4.98,0.0,0
46907,100.783,27.041,0.0,0.0,453.372,0.0,0.0,0.0,5.732,0,2.0,0.985,309.825,0.5938,36.42,35.58041000366211,4.98,0.0,0
46907,100.101,27.041,-0.5,0.0,453.675,0.0,0.0,0.0,5.732,0,3.0,1.0050000000000001,309.915,2.1114,36.9,35.58041000366211,4.98,0.0,0
46907,99.76,27.041,-0.5,0.0,453.55400000000003,0.0,0.0,0.0,5.732,0,3.0,1.0050000000000001,309.825,1.0557,36.78,35.58041000366211,4.98,0.0,0
46907,100.272,27.041,0.0,0.0,453.372,0.0,0.0,0.0,5.732,0,2.0,0.96,309.825,-1.8475000000000001,36.18,35.58041000366211,4.98,0.0,0
46907,100.613,27.041,0.0,0.0,453.372,0.0,0.0,0.0,5.732,0,2.0,0.965,309.915,-2.3754,34.65,35.58041000366211,4.98,0.0,0
46907,99.931,27.041,-0.5,0.0,453.13,0.0,0.0,0.0,5.732,0,3.0,0.99,309.69,-2.6393,33.99,35.58041000366211,4.98,0.0,0
46907,100.44200000000001,27.041,0.0,0.0,453.372,0.0,0.0,0.0,5.732,0,2.0,0.985,309.915,-0.3299,34.2,35.58041000366211,4.98,0.0,0
46907,100.44200000000001,27.031000000000002,0.0,0.0,453.13,0.0,0.0,0.0,5.732,0,3.0,0.99,309.825,0.132,34.68,35.58041000366211,4.98,0.0,0
46907,100.783,27.031000000000002,0.0,0.0,452.949,0.0,0.0,0.0,5.732,0,2.0,1.0,310.005,3.9919000000000002,34.980000000000004,35.58041000366211,4.98,0.0,0
46907,99.931,27.031000000000002,0.0,0.0,453.432,0.0,0.0,0.0,5.732,0,2.0,0.975,309.825,-0.5279,34.65,35.58041000366211,4.98,0.0,0
46907,99.76,27.031000000000002,0.0,0.0,453.432,0.0,0.0,0.0,5.732,0,2.0,0.99,309.915,0.0,34.59,35.58041000366211,4.98,0.0,0
46907,97.543,27.031000000000002,0.0,0.0,453.736,0.0,0.0,0.0,5.732,0,2.0,1.09,309.915,-2.8537000000000003,34.2,35.58041000366211,4.98,0.0,0
46907,99.078,27.031000000000002,0.0,0.0,453.372,0.0,0.0,0.0,5.732,0,2.0,0.99,309.915,-2.2929,34.2,35.58041000366211,4.98,0.0,0
46907,98.396,27.031000000000002,0.0,0.0,453.55400000000003,0.0,0.0,0.0,5.732,0,2.0,0.99,309.825,0.3299,35.88,35.58041000366211,4.98,0.0,0
46907,99.931,27.031000000000002,0.0,0.0,453.675,0.0,0.0,0.0,5.732,0,3.0,0.98,309.915,-2.7053000000000003,36.78,35.58041000366211,4.98,0.0,0
46907,97.202,27.031000000000002,0.0,0.0,453.55400000000003,0.0,0.0,0.0,5.732,0,2.0,0.99,309.69,-2.2187,37.02,35.58041000366211,4.98,0.0,0
46907,98.907,27.031000000000002,-0.5,0.0,453.675,0.0,0.0,0.0,5.732,0,1.0,1.0150000000000001,309.69,0.8165,36.69,35.58041000366211,4.98,0.0,0
46907,97.714,27.021,0.0,0.0,453.494,0.0,0.0,0.0,5.732,0,3.0,1.0,309.825,-0.8165,35.79,35.58041000366211,4.98,0.0,0
46907,99.76,27.021,0.0,0.0,453.31100000000004,0.0,0.0,0.0,5.732,0,2.0,0.99,309.69,2.1114,35.76,35.58041000366211,4.98,0.0,0
46907,95.83800000000001,27.021,0.0,0.0,453.25100000000003,0.0,0.0,0.0,5.732,0,2.0,0.985,309.915,2.1114,35.01,35.58041000366211,4.98,0.0,0
46907,99.078,27.021,0.0,0.0,453.19100000000003,0.0,0.0,0.0,5.732,0,3.0,0.995,309.915,0.7093,34.53,35.58041000366211,4.98,0.0,0
46907,97.032,27.021,-0.5,0.0,453.615,0.0,0.0,-0.2,5.732,0,3.0,1.0050000000000001,309.915,3.4806000000000004,34.47,35.58041000366211,4.98,0.0,0
46907,99.931,27.021,0.0,0.0,453.494,0.0,0.0,0.0,5.732,0,3.0,0.99,309.825,0.8083,34.77,35.58041000366211,4.98,0.0,0
46907,96.008,27.021,0.5,0.0,453.675,0.0,0.0,0.0,5.732,0,2.0,1.055,309.915,-3.3651,34.92,35.58041000366211,4.98,0.0,0
46907,98.907,27.021,-0.5,0.0,453.25100000000003,0.0,0.0,0.0,5.732,0,3.0,0.985,309.825,-3.3486000000000002,34.86,35.58041000366211,4.98,0.0,0
46907,96.861,27.021,0.0,0.0,453.55400000000003,0.0,0.0,0.0,5.732,0,2.0,1.01,309.915,2.0455,34.980000000000004,35.58041000366211,4.98,0.0,0
46907,100.101,27.012,0.0,0.0,453.13,0.0,0.0,0.0,5.732,0,3.0,0.98,309.825,0.41240000000000004,35.730000000000004,35.58041000366211,4.98,0.0,0
46907,95.32600000000001,27.012,0.0,0.0,453.19100000000003,0.0,0.0,0.0,5.732,0,1.0,0.97,309.69,-2.9445,36.27,35.58041000366211,4.98,0.0,0
46907,99.078,27.012,0.0,0.0,453.372,0.0,0.0,0.0,5.732,0,1.0,1.06,309.825,-3.8765,35.910000000000004,35.58041000366211,4.98,0.0,0
46907,96.52,27.012,0.0,0.0,453.55400000000003,0.0,0.0,0.0,5.732,0,3.0,1.025,309.825,0.9897,35.85,35.58041000366211,4.98,0.0,0
46907,99.76,27.012,0.0,0.0,453.615,0.0,0.0,0.0,5.732,0,3.0,1.0,309.825,5.5838,35.67,35.58041000366211,4.98,0.0,0
46907,95.156,27.012,0.0,0.0,453.372,0.0,0.0,0.0,5.732,0,2.0,1.04,309.915,2.2269,35.52,35.58041000366211,4.98,0.0,0
46907,98.73700000000001,27.012,0.0,0.0,453.55400000000003,0.0,0.0,0.0,5.732,0,2.0,1.08,309.915,-0.6763,35.25,35.58041000366211,4.98,0.0,0
46907,96.35000000000001,27.012,0.0,0.0,453.55400000000003,0.0,0.0,0.0,5.732,0,1.0,0.995,309.825,-0.7588,34.74,35.58041000366211,4.98,0.0,0
46907,99.76,27.012,0.0,0.0,453.736,0.0,0.0,0.0,5.732,0,2.0,1.0,309.825,-0.6433,34.62,35.58041000366211,4.98,0.0,0
46907,100.613,27.012,0.0,0.0,453.736,0.0,0.0,0.0,5.732,0,2.0,1.065,309.825,-0.46190000000000003,34.53,35.58041000366211,4.98,0.0,0
46907,102.318,27.002000000000002,-0.5,0.0,453.432,0.0,0.0,0.0,5.732,0,4.0,0.995,309.915,1.0557,34.14,35.58041000366211,4.98,0.0,0
46907,101.295,27.002000000000002,0.0,0.0,453.372,0.0,0.0,0.0,5.732,0,2.0,1.0,309.825,0.5279,33.96,35.58041000366211,4.98,0.0,0
46907,100.613,27.002000000000002,0.0,0.0,453.13,0.0,0.0,0.0,5.732,0,2.0,1.0150000000000001,309.825,-1.8475000000000001,34.2,35.58041000366211,4.98,0.0,0
46907,100.101,27.002000000000002,0.0,0.0,453.19100000000003,0.0,0.0,0.0,5.732,0,2.0,1.0150000000000001,309.825,-0.9897,34.800000000000004,35.58041000366211,4.98,0.0,0
46907,100.783,27.002000000000002,0.0,0.0,453.432,0.0,0.0,0.0,5.732,0,3.0,1.0,309.825,-0.2639,35.22,35.58041000366211,4.98,0.0,0
46907,100.101,27.002000000000002,0.0,0.0,453.432,0.0,0.0,0.0,5.732,0,2.0,1.0150000000000001,309.69,-3.0682,35.79,35.58041000366211,4.98,0.0,0
46907,100.613,27.002000000000002,-0.5,0.0,453.19100000000003,0.0,0.0,0.0,5.732,0,2.0,0.98,309.915,0.6598,35.61,35.58041000366211,4.98,0.0,0
46907,99.76,27.002000000000002,0.0,0.0,453.372,0.0,0.0,0.0,5.732,0,3.0,0.98,309.825,2.9032,35.64,35.58041000366211,4.98,0.0,0
46907,100.101,27.002000000000002,-0.5,0.0,453.55400000000003,0.0,0.0,0.0,5.732,0,3.0,0.975,309.915,5.4106000000000005,35.61,35.58041000366211,4.98,0.0,0
46907,99.931,27.002000000000002,0.0,0.0,453.432,0.0,0.0,0.0,5.732,0,1.0,1.02,309.69,-3.0022,35.07,35.58041000366211,4.98,0.0,0
46907,99.931,26.992,-0.5,0.0,453.372,0.0,0.0,0.0,5.732,0,2.0,0.99,309.825,-1.9795,35.550000000000004,35.58041000366211,4.98,0.0,0
46907,99.419,26.992,0.0,0.0,453.31100000000004,0.0,0.0,0.0,5.732,0,2.0,1.01,309.825,-1.7815,35.19,35.58041000366211,4.98,0.0,0
46907,99.59,26.992,0.0,0.0,453.25100000000003,0.0,0.0,0.0,5.732,0,2.0,0.99,309.825,1.8475000000000001,34.47,35.58041000366211,4.98,0.0,0
46907,99.59,26.992,0.0,0.0,453.13,0.0,0.0,0.0,5.732,0,2.0,0.985,309.825,2.3754,33.27,35.58041000366211,4.98,0.0,0
46907,99.76,26.992,0.0,0.0,453.19100000000003,0.0,0.0,0.0,5.732,0,3.0,1.0050000000000001,309.825,1.3196,32.97,35.58041000366211,4.98,0.0,0
46907,99.419,26.992,0.0,0.0,453.19100000000003,0.0,0.0,0.0,5.732,0,3.0,0.99,309.915,-1.3856000000000002,33.33,35.58041000366211,4.98,0.0,0
46907,99.76,26.992,0.0,0.0,453.372,0.0,0.0,0.0,5.732,0,2.0,1.025,309.69,-3.6950000000000003,34.2,35.58041000366211,4.98,0.0,0
46907,99.419,26.992,0.0,0.0,453.372,0.0,0.0,0.0,5.732,0,2.0,0.995,309.825,2.9032,35.550000000000004,35.58041000366211,4.98,0.0,0
46907,99.419,26.992,0.0,0.0,453.372,0.0,0.0,0.0,5.732,0,2.0,0.995,309.825,2.9032,35.64,35.58041000366211,4.98,0.0,0
46907,99.76,26.992,0.0,0.0,453.55400000000003,0.0,0.0,0.2,5.732,0,2.0,1.0150000000000001,309.915,3.1012,36.72,35.58041000366211,4.98,0.0,0
46907,99.419,26.992,0.0,0.0,453.494,0.0,0.0,0.0,5.732,0,2.0,0.975,309.69,-3.1012,36.75,35.58041000366211,4.98,0.0,0
46907,99.931,26.982000000000003,0.0,0.0,453.432,0.0,0.0,0.0,5.732,0,2.0,1.0050000000000001,309.69,-1.6248,35.79,35.58041000366211,4.98,0.0,0
46907,99.419,26.982000000000003,-0.5,0.0,453.55400000000003,0.0,0.0,0.0,5.732,0,3.0,1.025,309.915,-3.1012,35.07,35.58041000366211,4.98,0.0,0
46907,99.419,26.982000000000003,0.0,0.0,453.494,0.0,0.0,0.0,5.732,0,2.0,1.035,309.825,-1.7403000000000002,35.07,35.58041000366211,4.98,0.0,0
46907,99.931,26.982000000000003,-0.5,0.0,453.494,0.0,0.0,0.0,5.732,0,2.0,1.03,309.825,4.0414,35.43,35.58041000366211,4.98,0.0,0
46907,99.419,26.982000000000003,0.0,0.0,453.372,0.0,0.0,0.0,5.732,0,2.0,1.02,309.915,-0.7918000000000001,35.04,35.58041000366211,4.98,0.0,0
46907,99.419,26.982000000000003,0.0,0.0,453.55400000000003,0.0,0.0,0.0,5.732,0,2.0,0.96,309.825,1.2289,34.71,35.58041000366211,4.98,0.0,0
46907,99.59,26.982000000000003,0.0,0.0,453.372,0.0,0.0,0.0,5.732,0,3.0,0.98,309.825,1.3856000000000002,34.32,35.58041000366211,4.98,0.0,0
46907,99.76,26.982000000000003,0.0,0.0,453.31100000000004,0.0,0.0,0.0,5.732,0,2.0,0.97,309.915,1.1464,33.27,35.58041000366211,4.98,0.0,0
46907,99.59,26.982000000000003,0.0,0.0,453.25100000000003,0.0,0.0,0.0,5.732,0,2.0,0.995,309.825,-0.19790000000000002,33.15,35.58041000366211,4.98,0.0,0
46907,99.76,26.982000000000003,0.0,0.0,453.19100000000003,0.0,0.0,0.0,5.732,0,2.0,1.0050000000000001,309.915,1.1217000000000001,33.660000000000004,35.58041000366211,4.98,0.0,0
46907,99.419,26.982000000000003,0.0,0.0,453.432,0.0,0.0,0.0,5.732,0,2.0,1.0050000000000001,309.825,-0.7753,35.22,35.58041000366211,4.98,0.0,0
46907,99.419,26.973000000000003,0.0,0.0,453.494,0.0,0.0,0.0,5.732,0,2.0,1.0,309.825,-3.0847,36.03,35.58041000366211,4.98,0.0,0
46907,99.59,26.973000000000003,0.0,0.0,453.19100000000003,0.0,0.0,0.0,5.732,0,4.0,0.99,309.915,1.9135000000000002,36.21,35.58041000366211,4.98,0.0,0
46907,99.59,26.973000000000003,-0.5,0.0,453.432,0.0,0.0,0.0,5.732,0,2.0,0.9400000000000001,309.915,4.8415,35.4,35.58041000366211,4.98,0.0,0
46907,99.419,26.973000000000003,-0.5,0.0,453.372,0.0,0.0,0.0,5.732,0,3.0,0.975,309.825,-0.2639,34.38,35.58041000366211,4.98,0.0,0
46907,99.59,26.973000000000003,0.0,0.0,453.55400000000003,0.0,0.0,0.0,5.732,0,2.0,1.0,309.825,-2.2269,33.15,35.58041000366211,4.98,0.0,0
46907,99.76,26.973000000000003,0.0,0.0,453.615,0.0,0.0,0.0,5.732,0,2.0,1.01,309.825,0.6763,33.480000000000004,35.58041000366211,4.98,0.0,0
46907,99.59,26.973000000000003,0.0,0.0,453.736,0.0,0.0,0.0,5.732,0,3.0,0.995,309.825,-1.4351,34.95,35.58041000366211,4.98,0.0,0
46907,99.419,26.973000000000003,0.0,0.0,453.615,0.0,0.0,0.2,5.732,0,2.0,1.0050000000000001,309.825,-4.9487000000000005,35.19,35.58041000366211,4.98,0.0,0
46907,99.59,26.973000000000003,0.0,0.0,453.615,0.0,0.0,0.0,5.732,0,2.0,0.97,309.825,-5.0147,35.22,35.58041000366211,4.98,0.0,0
46907,99.59,26.973000000000003,0.0,0.0,453.31100000000004,0.0,0.0,0.0,5.732,0,3.0,0.99,309.69,-1.8475000000000001,34.32,35.58041000366211,4.98,0.0,0
46907,99.76,26.963,-0.5,0.0,453.19100000000003,0.0,0.0,0.0,5.732,0,2.0,1.01,309.915,3.3651,33.21,35.58041000366211,4.98,0.0,0
46907,99.76,26.963,-0.5,0.0,453.372,0.0,0.0,0.0,5.732,0,4.0,1.02,309.825,-1.0557,33.39,35.58041000366211,4.98,0.0,0
46907,99.419,26.963,0.0,0.0,453.372,0.0,0.0,0.0,5.732,0,3.0,1.055,309.825,0.9567,33.36,35.58041000366211,4.98,0.0,0
46907,99.76,26.963,0.0,0.0,453.372,0.0,0.0,0.0,5.732,0,1.0,0.98,309.915,3.0352,33.45,35.58041000366211,4.98,0.0,0
46907,99.931,26.963,0.0,0.0,453.736,0.0,0.0,0.0,5.732,0,4.0,1.0,309.69,-0.9567,34.05,35.58041000366211,4.98,0.0,0
46907,99.76,26.963,0.0,0.0,453.736,0.0,0.0,0.0,5.732,0,4.0,0.99,309.69,-2.1527000000000003,34.14,35.58041000366211,4.98,0.0,0
46907,99.59,26.963,-0.5,0.0,453.796,0.0,0.0,0.0,5.732,0,4.0,0.98,309.825,-2.0455,35.34,35.58041000366211,4.98,0.0,0
46907,99.59,26.963,0.0,0.0,453.675,0.0,0.0,0.0,5.732,0,2.0,0.99,309.915,0.5938,35.37,35.58041000366211,4.98,0.0,0
46907,99.419,26.963,0.0,0.0,453.55400000000003,0.0,0.0,0.0,5.732,0,3.0,1.01,309.825,3.0764,35.46,35.58041000366211,4.98,0.0,0
46907,99.59,26.963,0.0,0.0,453.372,0.0,0.0,0.0,5.732,0,2.0,1.0150000000000001,309.825,1.1877,35.07,35.58041000366211,4.98,0.0,0
46907,99.59,26.963,0.0,0.0,453.07,0.0,0.0,0.0,5.732,0,3.0,0.965,309.825,-0.5114000000000001,34.230000000000004,35.58041000366211,4.98,0.0,0
46907,99.76,26.963,0.0,0.0,453.615,0.0,0.0,0.0,5.732,0,3.0,0.975,309.825,-1.3032000000000001,33.09,35.58041000366211,4.98,0.0,0
46907,99.76,26.953000000000003,-0.5,0.0,453.494,0.0,0.0,0.0,5.732,0,2.0,1.0050000000000001,309.825,0.2639,32.82,35.58041000366211,4.98,0.0,0
46907,99.76,26.953000000000003,0.0,0.0,453.675,0.0,0.0,0.0,5.732,0,2.0,0.97,309.825,-0.6433,31.89,35.58041000366211,4.98,0.0,0
46907,99.419,26.953000000000003,0.0,0.0,453.615,0.0,0.0,0.0,5.732,0,2.0,1.0150000000000001,309.69,-1.0310000000000001,32.4,35.58041000366211,4.98,0.0,0
46907,99.76,26.953000000000003,0.0,0.0,453.432,0.0,0.0,0.0,5.732,0,2.0,0.985,309.915,-0.0825,33.21,35.58041000366211,4.98,0.0,0
46907,99.76,26.953000000000003,0.0,0.0,453.25100000000003,0.0,0.0,0.0,5.732,0,2.0,1.02,309.915,2.029,34.17,35.58041000366211,4.98,0.0,0
46907,99.59,26.953000000000003,0.0,0.0,453.19100000000003,0.0,0.0,0.0,5.732,0,2.0,1.01,309.825,4.6848,34.83,35.58041000366211,4.98,0.0,0
46907,99.419,26.953000000000003,0.0,0.0,453.494,0.0,0.0,0.0,5.732,0,4.0,0.9500000000000001,309.825,-4.4043,34.68,35.58041000366211,4.98,0.0,0
46907,99.419,26.953000000000003,-0.5,0.0,453.91700000000003,0.0,0.0,0.0,5.732,0,3.0,1.01,309.915,-3.9589000000000003,34.47,35.58041000366211,4.98,0.0,0
46907,99.59,26.953000000000003,0.0,0.0,453.372,0.0,0.0,0.0,5.732,0,1.0,0.9450000000000001,309.915,3.1507,34.980000000000004,35.58041000366211,4.98,0.0,0
46907,99.59,26.953000000000003,0.0,0.0,453.372,0.0,0.0,0.0,5.732,0,2.0,1.0050000000000001,309.915,3.8930000000000002,35.04,35.58041000366211,4.98,0.0,0
46907,99.76,26.953000000000003,0.0,0.0,453.31100000000004,0.0,0.0,0.0,5.732,0,3.0,1.03,309.825,3.2991,35.1,35.58041000366211,4.98,0.0,0
46907,99.59,26.943,0.0,0.0,453.372,0.0,0.0,0.0,5.732,0,3.0,0.96,309.915,-0.5279,35.13,35.58041000366211,4.98,0.0,0
46907,99.249,26.943,0.0,0.0,453.13,0.0,0.0,0.0,5.732,0,2.0,1.0150000000000001,309.825,-2.3754,35.49,35.58041000366211,4.98,0.0,0
46907,99.59,26.943,0.0,0.0,453.432,0.0,0.0,0.0,5.732,0,3.0,1.03,309.825,-0.5279,34.95,35.58041000366211,4.98,0.0,0
46907,99.76,26.943,-0.5,0.0,453.19100000000003,0.0,0.0,0.0,5.732,0,2.0,0.965,309.915,1.3196,34.38,35.58041000366211,4.98,0.0,0
46907,99.931,26.943,-0.5,0.0,453.19100000000003,0.0,0.0,0.0,5.732,0,3.0,0.99,309.915,3.1012,33.27,35.58041000366211,4.98,0.0,0
46907,99.419,26.943,0.0,0.0,453.19100000000003,0.0,0.0,0.0,5.732,0,3.0,1.0,309.915,3.1507,33.27,35.58041000366211,4.98,0.0,0
46907,99.59,26.943,0.0,0.0,453.19100000000003,0.0,0.0,0.0,5.732,0,2.0,0.985,309.69,-1.1629,33.45,35.58041000366211,4.98,0.0,0
46907,99.76,26.943,0.0,0.0,453.07,0.0,0.0,0.0,5.732,0,3.0,1.04,309.825,-3.8765,32.7,35.58041000366211,4.98,0.0,0
46907,99.76,26.943,0.0,0.0,453.432,0.0,0.0,0.0,5.732,0,2.0,0.975,309.825,-4.0744,33.3,35.58041000366211,4.98,0.0,0
46907,99.931,26.943,0.0,0.0,453.372,0.0,0.0,0.0,5.732,0,2.0,1.04,309.825,2.7713,33.75,35.58041000366211,4.98,0.0,0
46907,99.59,26.943,0.0,0.0,453.07,0.0,0.0,0.0,5.732,0,2.0,1.03,309.915,4.4043,34.74,35.58041000366211,4.98,0.0,0
46907,99.76,26.943,0.0,0.0,453.432,0.0,0.0,0.0,5.732,0,2.0,1.0050000000000001,309.825,2.7713,35.34,35.58041000366211,4.98,0.0,0
46907,99.419,26.943,0.0,0.0,453.372,0.0,0.0,0.0,5.732,0,1.0,0.995,309.825,-1.1877,35.79,35.58041000366211,4.98,0.0,0
46907,99.419,26.934,0.0,0.0,453.07,0.0,0.0,0.0,5.732,0,2.0,1.01,309.915,-0.5279,35.76,35.58041000366211,4.98,0.0,0
46907,99.59,26.934,0.0,0.0,453.009,0.0,0.0,0.0,5.732,0,1.0,1.045,309.825,-1.7815,35.61,35.58041000366211,4.98,0.0,0
46907,99.59,26.934,0.0,0.0,453.31100000000004,0.0,0.0,0.0,5.732,0,2.0,1.045,309.825,-2.4413,35.22,35.58041000366211,4.98,0.0,0
46907,99.76,26.934,0.0,0.0,453.19100000000003,0.0,0.0,0.0,5.732,0,3.0,1.06,309.825,-0.0495,34.92,35.58041000366211,4.98,0.0,0
46907,99.59,26.934,0.0,0.0,453.19100000000003,0.0,0.0,0.0,5.732,0,2.0,0.975,309.915,3.6538000000000004,34.800000000000004,35.58041000366211,4.98,0.0,0
46907,99.59,26.934,0.0,0.0,453.07,0.0,0.0,0.0,5.732,0,4.0,1.02,309.825,0.7918000000000001,33.81,35.58041000366211,4.98,0.0,0
46907,99.419,26.934,0.0,0.0,453.009,0.0,0.0,0.0,5.732,0,4.0,1.0,309.915,-0.41240000000000004,33.21,35.58041000366211,4.98,0.0,0
46907,99.76,26.934,0.0,0.0,452.88800000000003,0.0,0.0,0.0,5.732,0,2.0,0.9400000000000001,309.915,-0.2639,32.82,35.58041000366211,4.98,0.0,0
46907,99.59,26.934,0.0,0.0,452.88800000000003,0.0,0.0,0.0,5.732,0,2.0,0.9450000000000001,309.915,0.5279,32.88,35.58041000366211,4.98,0.0,0
46907,99.419,26.934,0.0,0.0,452.88800000000003,0.0,0.0,-0.2,5.732,0,3.0,0.9400000000000001,309.69,-2.7713,33.84,35.58041000366211,4.98,0.0,0
46907,99.76,26.934,-0.5,0.0,452.949,0.0,0.0,0.0,5.732,0,3.0,1.025,309.825,-2.3094,34.2,35.58041000366211,4.98,0.0,0
46907,99.59,26.924000000000003,-0.5,0.0,453.19100000000003,0.0,0.0,0.0,5.732,0,3.0,0.975,309.915,1.1877,35.58,35.58041000366211,4.98,0.0,0
46907,99.59,26.924000000000003,0.0,0.0,453.009,0.0,0.0,0.0,5.732,0,2.0,1.025,309.825,2.0125,35.730000000000004,35.58041000366211,4.98,0.0,0
46907,99.76,26.924000000000003,0.0,0.0,453.19100000000003,0.0,0.0,0.0,5.732,0,3.0,1.01,309.915,2.3754,35.910000000000004,35.58041000366211,4.98,0.0,0
46907,99.59,26.924000000000003,0.0,0.0,453.31100000000004,0.0,0.0,0.0,5.732,0,2.0,0.975,309.915,0.5279,34.980000000000004,35.58041000366211,4.98,0.0,0
46907,99.419,26.924000000000003,-0.5,0.0,453.372,0.0,0.0,0.0,5.732,0,2.0,0.97,309.825,-1.3196,34.62,35.58041000366211,4.98,0.0,0
46907,99.59,26.924000000000003,-0.5,0.0,453.19100000000003,0.0,0.0,0.0,5.732,0,3.0,0.995,309.915,0.5279,34.68,35.58041000366211,4.98,0.0,0
46907,99.76,26.924000000000003,0.0,0.0,453.07,0.0,0.0,0.0,5.732,0,2.0,0.995,309.825,-3.2991,35.25,35.58041000366211,4.98,0.0,0
46907,99.59,26.924000000000003,0.0,0.0,453.07,0.0,0.0,0.0,5.732,0,3.0,1.0150000000000001,309.69,-3.596,35.07,35.58041000366211,4.98,0.0,0
46907,99.419,26.924000000000003,0.0,0.0,453.25100000000003,0.0,0.0,0.0,5.732,0,2.0,1.0,309.69,-3.8270000000000004,34.800000000000004,35.58041000366211,4.98,0.0,0
46907,99.59,26.924000000000003,-0.5,0.0,453.372,0.0,0.0,0.0,5.732,0,3.0,1.0,309.915,0.9897,33.81,35.58041000366211,4.98,0.0,0
46907,99.931,26.924000000000003,0.0,0.0,453.07,0.0,0.0,0.0,5.732,0,3.0,1.025,309.825,6.0704,33.660000000000004,35.58041000366211,4.98,0.0,0
46907,99.59,26.924000000000003,-0.5,0.0,452.88800000000003,0.0,0.0,0.0,5.732,0,3.0,1.0150000000000001,309.915,1.9465000000000001,32.88,35.58041000366211,4.98,0.0,0
46907,99.76,26.914,-1.0,0.0,453.19100000000003,0.0,0.0,0.0,5.732,0,2.0,0.99,309.69,-3.8270000000000004,33.51,35.58041000366211,4.98,0.0,0
46907,99.419,26.914,0.0,0.0,453.07,0.0,0.0,0.0,5.732,0,2.0,0.99,309.825,-3.6125000000000003,33.54,35.58041000366211,4.98,0.0,0
46907,99.931,26.914,0.0,0.0,453.07,0.0,0.0,0.0,5.732,0,3.0,0.9400000000000001,309.825,-1.3856000000000002,34.86,35.58041000366211,4.98,0.0,0
46907,99.76,26.914,0.0,0.0,453.19100000000003,0.0,0.0,0.0,5.732,0,3.0,0.98,309.915,-0.9897,36.480000000000004,35.58041000366211,4.98,0.0,0
46907,99.76,26.914,-0.5,0.0,453.009,0.0,0.0,0.0,5.732,0,3.0,1.035,309.825,1.6908,37.47,35.58041000366211,4.98,0.0,0
46907,99.59,26.914,0.0,0.0,453.19100000000003,0.0,0.0,0.0,5.732,0,4.0,1.02,309.825,-0.46190000000000003,36.480000000000004,35.58041000366211,4.98,0.0,0
46907,99.59,26.914,0.0,0.0,452.88800000000003,0.0,0.0,0.0,5.732,0,1.0,0.965,309.825,0.3299,35.52,35.58041000366211,4.98,0.0,0
46907,99.59,26.914,0.0,0.0,452.949,0.0,0.0,0.0,5.732,0,2.0,1.0150000000000001,309.915,3.6125000000000003,34.800000000000004,35.58041000366211,4.98,0.0,0
46907,99.76,26.914,0.0,0.0,453.009,0.0,0.0,0.0,5.732,0,3.0,1.01,309.825,-0.3794,34.17,35.58041000366211,4.98,0.0,0
46907,99.76,26.914,0.0,0.0,453.13,0.0,0.0,0.0,5.732,0,1.0,1.0050000000000001,309.915,-2.5898000000000003,34.92,35.58041000366211,4.98,0.0,0
46907,99.59,26.914,0.0,0.0,453.25100000000003,0.0,0.0,0.0,5.732,0,3.0,1.01,309.825,-1.1052,35.64,35.58041000366211,4.98,0.0,0
46907,99.59,26.914,0.0,0.0,453.25100000000003,0.0,0.0,0.0,5.732,0,3.0,1.0150000000000001,309.69,2.73,34.800000000000004,35.58041000366211,4.98,0.0,0
46907,99.419,26.914,0.0,0.0,453.25100000000003,0.0,0.0,0.0,5.732,0,3.0,1.03,309.915,-1.2702,34.230000000000004,35.58041000366211,4.98,0.0,0
46907,99.59,26.904,0.0,0.0,453.13,0.0,0.0,0.0,5.732,0,4.0,0.965,309.825,-1.0557,33.54,35.58041000366211,4.98,0.0,0
46907,99.419,26.904,0.0,0.0,453.13,0.0,0.0,0.0,5.732,0,3.0,0.985,309.915,2.1114,33.660000000000004,35.58041000366211,4.98,0.0,0
46907,99.59,26.904,0.0,0.0,453.13,0.0,0.0,0.0,5.732,0,2.0,1.0,309.915,3.1012,35.28,35.58041000366211,4.98,0.0,0
46907,99.419,26.904,0.0,0.0,453.25100000000003,0.0,0.0,0.0,5.732,0,1.0,1.01,309.915,3.2579000000000002,36.81,35.58041000366211,4.98,0.0,0
46907,99.76,26.904,0.0,0.0,453.07,0.0,0.0,0.0,5.732,0,1.0,1.01,309.915,2.3754,36.9,35.58041000366211,4.98,0.0,0
46907,99.76,26.904,0.0,0.0,452.88800000000003,0.0,0.0,0.0,5.732,0,2.0,1.0150000000000001,309.825,-1.5176,37.800000000000004,35.58041000366211,4.98,0.0,0
46907,99.419,26.904,-0.5,0.0,452.88800000000003,0.0,0.0,0.0,5.732,0,4.0,1.035,309.825,-2.3754,37.11,35.58041000366211,4.98,0.0,0
46907,99.76,26.904,0.0,0.0,453.19100000000003,0.0,0.0,0.0,5.732,0,3.0,0.975,309.825,-0.9897,35.550000000000004,35.58041000366211,4.98,0.0,0
46907,99.76,26.904,0.0,0.0,453.25100000000003,0.0,0.0,0.0,5.732,0,3.0,0.9450000000000001,309.825,1.0557,34.74,35.58041000366211,4.98,0.0,0
46907,99.59,26.904,0.5,0.0,453.31100000000004,0.0,0.0,0.0,5.732,0,4.0,0.97,309.825,-3.1672000000000002,34.83,35.58041000366211,4.98,0.0,0
46907,99.59,26.904,0.0,0.0,453.19100000000003,0.0,0.0,0.0,5.732,0,2.0,1.01,309.915,0.9238000000000001,35.34,35.58041000366211,4.98,0.0,0
46907,99.59,26.904,-0.5,0.0,453.432,0.0,0.0,0.0,5.732,0,3.0,1.0050000000000001,309.825,4.486800000000001,35.82,35.58041000366211,4.98,0.0,0
46907,99.59,26.904,-0.5,0.0,453.19100000000003,0.0,0.0,0.0,5.732,0,2.0,1.03,309.825,-0.5279,35.46,35.58041000366211,4.98,0.0,0
46907,99.59,26.895,0.0,0.0,453.13,0.0,0.0,0.0,5.732,0,3.0,0.99,309.825,-0.9897,34.74,35.58041000366211,4.98,0.0,0
46907,99.419,26.895,0.0,0.0,453.372,0.0,0.0,0.0,5.732,0,2.0,0.985,309.825,-0.2639,33.87,35.58041000366211,4.98,0.0,0
46907,99.931,26.895,-0.5,0.0,453.07,0.0,0.0,0.0,5.732,0,3.0,1.0,309.825,-1.5836000000000001,33.87,35.58041000366211,4.98,0.0,0
46907,99.419,26.895,0.0,0.0,453.494,0.0,0.0,0.0,5.732,0,3.0,1.055,309.825,0.0,34.71,35.58041000366211,4.98,0.0,0
46907,99.59,26.895,-0.5,0.0,453.494,0.0,0.0,0.0,5.732,0,2.0,0.995,309.825,-1.3196,35.730000000000004,35.58041000366211,4.98,0.0,0
46907,99.76,26.895,0.0,0.0,453.19100000000003,0.0,0.0,0.0,5.732,0,3.0,1.0150000000000001,309.915,1.1877,36.42,35.58041000366211,4.98,0.0,0
46907,99.419,26.895,0.0,0.0,453.31100000000004,0.0,0.0,0.0,5.732,0,3.0,0.97,309.825,2.1114,36.09,35.58041000366211,4.98,0.0,0
46907,99.76,26.895,0.0,0.0,453.615,0.0,0.0,0.0,5.732,0,1.0,1.0050000000000001,309.825,-2.5073000000000003,36.42,35.58041000366211,4.98,0.0,0
46907,99.419,26.895,0.0,0.0,453.31100000000004,0.0,0.0,0.0,5.732,0,2.0,1.035,309.915,-1.0557,36.18,35.58041000366211,4.98,0.0,0
46907,99.419,26.895,-0.5,0.0,453.432,0.0,0.0,0.0,5.732,0,4.0,1.025,309.915,2.6393,35.730000000000004,35.58041000366211,4.98,0.0,0
46907,99.59,26.895,0.0,0.0,453.19100000000003,0.0,0.0,0.0,5.732,0,2.0,1.01,309.825,2.6393,34.92,35.58041000366211,4.98,0.0,0
46907,99.76,26.895,0.0,0.0,453.31100000000004,0.0,0.0,0.0,5.732,0,2.0,1.01,309.825,-0.6598,34.35,35.58041000366211,4.98,0.0,0
46907,99.931,26.895,0.0,0.0,453.372,0.0,0.0,0.0,5.732,0,4.0,0.97,309.825,-3.629,34.68,35.58041000366211,4.98,0.0,0
46907,99.419,26.885,0.0,0.0,453.07,0.0,0.0,0.0,5.732,0,3.0,0.985,309.825,0.0,34.68,35.58041000366211,4.98,0.0,0
46907,99.249,26.885,-0.5,0.0,453.372,0.0,0.0,0.0,5.732,0,2.0,1.02,309.915,2.0455,34.800000000000004,35.58041000366211,4.98,0.0,0
46907,99.419,26.885,0.0,0.0,453.25100000000003,0.0,0.0,0.0,5.732,0,3.0,1.0050000000000001,309.825,-1.4516,34.38,35.58041000366211,4.98,0.0,0
46907,99.931,26.885,0.0,0.0,453.25100000000003,0.0,0.0,0.0,5.732,0,4.0,1.0050000000000001,309.915,-1.0062,34.35,35.58041000366211,4.98,0.0,0
46907,99.76,26.885,0.0,0.0,453.13,0.0,0.0,0.0,5.732,0,3.0,0.985,309.915,1.6331,34.65,35.58041000366211,4.98,0.0,0
46907,99.931,26.885,-0.5,0.0,453.372,0.0,0.0,0.0,5.732,0,2.0,1.01,310.005,3.8765,35.46,35.58041000366211,4.98,0.0,0
46907,99.419,26.885,0.0,0.0,453.19100000000003,0.0,0.0,0.0,5.732,0,2.0,1.01,309.915,0.1155,35.97,35.58041000366211,4.98,0.0,0
46907,99.419,26.885,0.0,0.0,453.07,0.0,0.0,0.0,5.732,0,3.0,0.995,309.825,-2.4908,36.09,35.58041000366211,4.98,0.0,0
46907,99.419,26.885,-0.5,0.0,453.009,0.0,0.0,0.0,5.732,0,2.0,0.99,309.915,-3.1672000000000002,36.45,35.58041000366211,4.98,0.0,0
46907,99.76,26.885,0.0,0.0,453.432,0.0,0.0,0.0,5.732,0,3.0,1.0050000000000001,309.825,-2.5568,36.63,35.58041000366211,4.98,0.0,0
46907,99.931,26.885,0.0,0.0,453.19100000000003,0.0,0.0,0.0,5.732,0,4.0,0.99,309.915,2.4249,35.67,35.58041000366211,4.98,0.0,0
46907,99.419,26.885,0.0,0.0,453.19100000000003,0.0,0.0,0.0,5.732,0,2.0,1.025,309.915,-0.5279,35.160000000000004,35.58041000366211,4.98,0.0,0
46907,99.249,26.885,0.0,0.0,453.19100000000003,0.0,0.0,0.0,5.732,0,3.0,1.0150000000000001,309.915,-2.2599,34.29,35.58041000366211,4.98,0.0,0
46907,99.59,26.875,0.5,0.0,453.494,0.0,0.0,0.0,5.732,0,2.0,0.995,309.825,1.2042000000000002,34.02,35.58041000366211,4.98,0.0,0
46907,99.76,26.875,0.0,0.0,453.19100000000003,0.0,0.0,0.0,5.732,0,1.0,1.03,309.825,-2.1362,34.2,35.58041000366211,4.98,0.0,0
46907,99.59,26.875,0.0,0.0,453.19100000000003,0.0,0.0,0.0,5.732,0,3.0,1.0150000000000001,309.825,-3.0847,35.28,35.58041000366211,4.98,0.0,0
46907,99.76,26.875,-0.5,0.0,453.13,0.0,0.0,0.0,5.732,0,3.0,1.05,309.915,3.2166,35.160000000000004,35.58041000366211,4.98,0.0,0
46907,99.59,26.875,0.0,0.0,453.009,0.0,0.0,0.0,5.732,0,2.0,0.995,309.69,-0.1072,35.49,35.58041000366211,4.98,0.0,0
46907,99.931,26.875,0.0,0.0,453.494,0.0,0.0,0.0,5.732,0,3.0,1.0150000000000001,309.915,-2.7878000000000003,35.61,35.58041000366211,4.98,0.0,0
46907,99.76,26.875,0.0,0.0,453.675,0.0,0.0,0.0,5.732,0,4.0,1.0150000000000001,309.915,0.132,35.82,35.58041000366211,4.98,0.0,0
46907,99.59,26.875,0.0,0.0,453.494,0.0,0.0,0.0,5.732,0,2.0,1.01,309.915,7.5055000000000005,36.03,35.58041000366211,4.98,0.0,0
46907,99.59,26.875,0.0,0.0,453.55400000000003,0.0,0.0,0.0,5.732,0,2.0,1.065,309.825,-1.0392000000000001,36.36,35.58041000366211,4.98,0.0,0
46907,99.59,26.875,0.0,0.0,453.55400000000003,0.0,0.0,0.0,5.732,0,2.0,1.0050000000000001,309.825,-3.563,36.39,35.58041000366211,4.98,0.0,0
46907,99.419,26.875,0.0,0.0,453.55400000000003,0.0,0.0,0.0,5.732,0,2.0,1.035,309.825,-1.4351,36.69,35.58041000366211,4.98,0.0,0
46907,99.76,26.875,0.0,0.0,453.615,0.0,0.0,0.0,5.732,0,3.0,1.03,309.825,1.4516,35.52,35.58041000366211,4.98,0.0,0
46907,99.59,26.875,-0.5,0.0,453.494,0.0,0.0,0.0,5.732,0,5.0,1.03,309.915,0.6433,35.160000000000004,35.58041000366211,4.98,0.0,0
46907,99.59,26.865000000000002,0.0,0.0,453.372,0.0,0.0,0.0,5.732,0,4.0,1.03,309.825,-0.2639,34.83,35.58041000366211,4.98,0.0,0
46907,99.931,26.865000000000002,0.0,0.0,453.372,0.0,0.0,0.0,5.732,0,2.0,1.035,309.825,-0.39590000000000003,34.89,35.58041000366211,4.98,0.0,0
46907,99.419,26.865000000000002,0.0,0.0,453.372,0.0,0.0,0.0,5.732,0,3.0,1.0,309.825,-0.5279,34.89,35.58041000366211,4.98,0.0,0
46907,99.419,26.865000000000002,0.0,0.0,453.55400000000003,0.0,0.0,0.0,5.732,0,4.0,0.9400000000000001,309.825,-1.8475000000000001,34.71,35.58041000366211,4.98,0.0,0
46907,99.59,26.865000000000002,0.0,0.0,453.736,0.0,0.0,0.0,5.732,0,2.0,1.0050000000000001,309.915,3.629,34.32,35.58041000366211,4.98,0.0,0
46907,99.419,26.865000000000002,0.0,0.0,453.55400000000003,0.0,0.0,0.0,5.732,0,2.0,1.01,309.825,0.7918000000000001,34.71,35.58041000366211,4.98,0.0,0
46907,99.931,26.865000000000002,0.0,0.0,453.494,0.0,0.0,0.0,5.732,0,3.0,1.1,309.825,-2.1114,35.46,35.58041000366211,4.98,0.0,0
46907,99.59,26.865000000000002,-0.5,0.0,453.736,0.0,0.0,0.0,5.732,0,4.0,0.985,309.825,-2.1114,36.81,35.58041000366211,4.98,0.0,0
46907,99.76,26.865000000000002,0.0,0.0,453.736,0.0,0.0,0.0,5.732,0,3.0,1.03,309.69,-2.0125,37.14,35.58041000366211,4.98,0.0,0
46907,99.59,26.865000000000002,0.0,0.0,453.615,0.0,0.0,0.0,5.732,0,2.0,1.02,309.915,-1.5836000000000001,36.72,35.58041000366211,4.98,0.0,0
46907,99.76,26.865000000000002,0.0,0.0,453.736,0.0,0.0,0.0,5.732,0,2.0,0.9500000000000001,309.825,2.3754,35.85,35.58041000366211,4.98,0.0,0
46907,99.419,26.865000000000002,0.0,0.0,454.038,0.0,0.0,0.0,5.732,0,2.0,1.0150000000000001,309.915,7.1261,35.46,35.58041000366211,4.98,0.0,0
46907,99.931,26.865000000000002,0.0,0.0,453.91700000000003,0.0,0.0,0.0,5.732,0,3.0,0.995,309.69,-3.5301,34.59,35.58041000366211,4.98,0.0,0
46907,99.59,26.865000000000002,0.0,0.0,453.857,0.0,0.0,0.0,5.732,0,3.0,1.0150000000000001,309.69,-5.0147,33.93,35.58041000366211,4.98,0.0,0
46907,99.931,26.855,0.0,0.0,453.796,0.0,0.0,0.0,5.732,0,2.0,0.985,309.825,-1.5176,33.09,35.58041000366211,4.98,0.0,0
46907,99.59,26.855,0.0,0.0,453.91700000000003,0.0,0.0,0.0,5.732,0,2.0,0.99,309.915,2.2434000000000003,33.18,35.58041000366211,4.98,0.0,0
46907,99.931,26.855,-1.0,0.0,453.796,0.0,0.0,0.0,5.732,0,2.0,0.98,309.825,0.4289,33.15,35.58041000366211,4.98,0.0,0
46907,99.59,26.855,0.0,0.0,453.736,0.0,0.0,0.0,5.732,0,3.0,0.9400000000000001,309.915,4.3548,34.2,35.58041000366211,4.98,0.0,0
46907,99.76,26.855,0.0,0.0,453.372,0.0,0.0,0.0,5.732,0,3.0,0.995,309.825,-0.46190000000000003,35.88,35.58041000366211,4.98,0.0,0
46907,99.59,26.855,0.0,0.0,453.796,0.0,0.0,0.0,5.732,0,1.0,1.085,309.825,-0.7918000000000001,36.03,35.58041000366211,4.98,0.0,0
46907,99.931,26.855,0.0,0.0,453.736,0.0,0.0,0.0,5.732,0,3.0,1.02,309.915,0.0,36.24,35.58041000366211,4.98,0.0,0
46907,99.76,26.855,0.0,0.0,453.857,0.0,0.0,0.0,5.732,0,3.0,0.9450000000000001,309.825,-0.5279,35.67,35.58041000366211,4.98,0.0,0
46907,99.419,26.855,0.0,0.0,453.796,0.0,0.0,0.0,5.732,0,2.0,0.98,309.825,0.5279,35.22,35.58041000366211,4.98,0.0,0
46907,99.931,26.855,0.0,0.0,453.615,0.0,0.0,0.0,5.732,0,2.0,1.0,309.915,1.0557,35.13,35.58041000366211,4.98,0.0,0
46907,99.419,26.855,0.0,0.0,453.978,0.0,0.0,0.0,5.732,0,3.0,1.0,309.915,-0.066,35.7,35.58041000366211,4.98,0.0,0
46907,99.419,26.855,0.0,0.0,453.91700000000003,0.0,0.0,0.0,5.732,0,3.0,0.99,309.915,0.5279,35.730000000000004,35.58041000366211,4.98,0.0,0
46907,99.59,26.855,0.0,0.0,453.857,0.0,0.0,0.0,5.732,0,3.0,1.0,309.825,0.066,35.31,35.58041000366211,4.98,0.0,0
46907,99.76,26.855,0.0,0.0,453.857,0.0,0.0,0.0,5.732,0,3.0,1.0150000000000001,309.825,0.14850000000000002,35.19,35.58041000366211,4.98,0.0,0
46907,99.76,26.855,0.0,0.0,453.857,0.0,0.0,0.0,5.732,0,3.0,0.965,309.825,-7.1096,34.05,35.58041000366211,4.98,0.0,0
46907,99.931,26.846,0.0,0.0,453.372,0.0,0.0,0.0,5.732,0,3.0,0.985,309.915,0.2639,33.24,35.58041000366211,4.98,0.0,0
46907,99.931,26.846,0.5,0.0,453.55400000000003,0.0,0.0,0.0,5.732,0,2.0,1.045,309.825,6.0704,32.76,35.58041000366211,4.98,0.0,0
46907,99.419,26.846,0.0,0.0,453.615,0.0,0.0,0.0,5.732,0,2.0,0.975,309.825,-0.6846,33.24,35.58041000366211,4.98,0.0,0
46907,99.419,26.846,-0.5,0.0,453.19100000000003,0.0,0.0,0.0,5.732,0,3.0,1.0,309.69,-3.1259,34.71,35.58041000366211,4.98,0.0,0
46907,99.419,26.846,0.0,0.0,453.55400000000003,0.0,0.0,0.0,5.732,0,4.0,1.04,309.825,-0.4454,36.24,35.58041000366211,4.98,0.0,0
46907,99.249,26.846,0.0,0.0,453.91700000000003,0.0,0.0,0.0,5.732,0,3.0,0.995,309.825,-1.8475000000000001,36.96,35.58041000366211,4.98,0.0,0
46907,99.59,26.846,0.0,0.0,453.857,0.0,0.0,0.0,5.732,0,5.0,0.97,309.915,3.6785,36.75,35.58041000366211,4.98,0.0,0
46907,99.59,26.846,0.0,0.0,453.55400000000003,0.0,0.0,0.0,5.732,0,4.0,0.995,309.915,2.6888,35.88,35.58041000366211,4.98,0.0,0
46907,99.419,26.846,0.0,0.0,453.857,0.0,0.0,0.0,5.732,0,2.0,1.025,309.825,1.2949000000000002,34.53,35.58041000366211,4.98,0.0,0
46907,99.59,26.846,0.0,0.0,454.098,0.0,0.0,0.0,5.732,0,3.0,0.97,309.825,-3.0847,34.38,35.58041000366211,4.98,0.0,0
46907,99.76,26.846,0.0,0.0,453.796,0.0,0.0,0.0,5.732,0,3.0,1.02,309.825,-3.629,34.53,35.58041000366211,4.98,0.0,0
46907,99.931,26.846,0.0,0.0,453.736,0.0,0.0,0.0,5.732,0,2.0,1.03,309.69,2.0702000000000003,34.92,35.58041000366211,4.98,0.0,0
46907,99.76,26.846,0.0,0.0,453.978,0.0,0.0,0.0,5.732,0,4.0,0.985,309.825,-2.5321000000000002,34.83,35.58041000366211,4.98,0.0,0
46907,99.76,26.846,-0.5,0.0,453.675,0.0,0.0,0.0,5.732,0,3.0,1.0150000000000001,309.825,-0.2639,34.410000000000004,35.58041000366211,4.98,0.0,0
46907,99.419,26.836000000000002,0.0,0.0,453.736,0.0,0.0,0.0,5.732,0,2.0,1.11,309.825,4.2394,33.51,35.58041000366211,4.98,0.0,0
46907,99.76,26.836000000000002,-0.5,0.0,453.55400000000003,0.0,0.0,0.0,5.732,0,4.0,1.075,309.825,1.9795,33.81,35.58041000366211,4.98,0.0,0
46907,99.76,26.836000000000002,-0.5,0.0,453.675,0.0,0.0,0.0,5.732,0,2.0,1.035,309.825,-0.2474,34.800000000000004,35.58041000366211,4.98,0.0,0
46907,99.59,26.836000000000002,-0.5,0.0,453.91700000000003,0.0,0.0,0.0,5.732,0,1.0,0.975,309.825,0.0,34.83,35.58041000366211,4.98,0.0,0
46907,99.419,26.836000000000002,-0.5,0.0,453.736,0.0,0.0,0.0,5.732,0,2.0,1.01,309.915,-0.066,35.67,35.58041000366211,4.98,0.0,0
46907,99.76,26.836000000000002,0.0,0.0,453.91700000000003,0.0,0.0,0.0,5.732,0,4.0,1.0,309.915,4.2229,36.51,35.58041000366211,4.98,0.0,0
46907,99.76,26.836000000000002,0.0,0.0,454.038,0.0,0.0,0.0,5.732,0,3.0,1.0150000000000001,309.825,-1.0557,36.51,35.58041000366211,4.98,0.0,0
46907,99.59,26.836000000000002,0.0,0.0,453.736,0.0,0.0,0.0,5.732,0,4.0,1.0050000000000001,309.915,-0.132,35.82,35.58041000366211,4.98,0.0,0
46907,99.76,26.836000000000002,0.0,0.0,453.736,0.0,0.0,0.0,5.732,0,3.0,0.9450000000000001,309.69,-0.6268,35.19,35.58041000366211,4.98,0.0,0
46907,99.76,26.836000000000002,0.0,0.0,453.494,0.0,0.0,0.0,5.732,0,2.0,1.05,309.825,-1.9795,35.4,35.58041000366211,4.98,0.0,0
46907,99.59,26.836000000000002,0.0,0.0,453.796,0.0,0.0,0.0,5.732,0,2.0,1.1,309.825,1.3856000000000002,35.76,35.58041000366211,4.98,0.0,0
46907,99.76,26.836000000000002,0.5,0.0,453.796,0.0,0.0,0.0,5.732,0,3.0,1.03,309.69,-3.0352,35.46,35.58041000366211,4.98,0.0,0
46907,99.931,26.836000000000002,0.0,0.0,453.857,0.0,0.0,0.0,5.732,0,3.0,1.0050000000000001,309.825,-0.7918000000000001,34.92,35.58041000366211,4.98,0.0,0
46907,99.76,26.836000000000002,0.0,0.0,454.159,0.0,0.0,0.0,5.732,0,2.0,1.03,309.915,4.7507,33.9,35.58041000366211,4.98,0.0,0
46907,99.59,26.836000000000002,0.0,0.0,453.978,0.0,0.0,0.0,5.732,0,4.0,1.03,309.825,1.4846000000000001,33.51,35.58041000366211,4.98,0.0,0
46907,99.59,26.836000000000002,0.0,0.0,453.736,0.0,0.0,0.0,5.732,0,4.0,0.985,309.825,-1.0557,33.6,35.58041000366211,4.98,0.0,0
46907,99.59,26.826,0.0,0.0,453.615,0.0,0.0,0.0,5.732,0,2.0,1.035,309.825,-3.8930000000000002,34.32,35.58041000366211,4.98,0.0,0
46907,99.59,26.826,0.0,0.0,453.736,0.0,0.0,0.0,5.732,0,2.0,0.985,309.825,-0.6598,35.58,35.58041000366211,4.98,0.0,0
46907,99.59,26.826,0.5,0.0,453.978,0.0,0.0,0.0,5.732,0,4.0,1.04,309.915,2.0455,37.17,35.58041000366211,4.98,0.0,0
46907,99.931,26.826,0.0,0.0,453.615,0.0,0.0,0.0,5.732,0,2.0,1.075,309.915,2.3754,37.2,35.58041000366211,4.98,0.0,0
46907,99.931,26.826,0.0,0.0,453.857,0.0,0.0,0.0,5.732,0,3.0,1.035,309.69,-1.4846000000000001,36.39,35.58041000366211,4.98,0.0,0
46907,99.59,26.826,0.0,0.0,453.736,0.0,0.0,0.0,5.732,0,3.0,0.9550000000000001,309.825,-3.563,35.76,35.58041000366211,4.98,0.0,0
46907,99.76,26.826,0.0,0.0,453.372,0.0,0.0,0.0,5.732,0,2.0,0.965,309.69,-5.1136,35.01,35.58041000366211,4.98,0.0,0
46907,99.419,26.826,0.0,0.0,453.615,0.0,0.0,0.0,5.732,0,2.0,1.0050000000000001,309.825,2.5073000000000003,34.5,35.58041000366211,4.98,0.0,0
46907,99.76,26.826,0.0,0.0,453.615,0.0,0.0,0.0,5.732,0,4.0,1.05,309.825,3.9589000000000003,34.74,35.58041000366211,4.98,0.0,0
46907,99.76,26.826,0.0,0.0,453.978,0.0,0.0,0.0,5.732,0,4.0,1.06,309.69,0.2639,34.47,35.58041000366211,4.98,0.0,0
46907,99.59,26.826,0.0,0.0,453.91700000000003,0.0,0.0,0.0,5.732,0,1.0,0.99,309.915,-2.4413,34.5,35.58041000366211,4.98,0.0,0
46907,99.76,26.826,0.0,0.0,453.91700000000003,0.0,0.0,0.0,5.732,0,4.0,1.02,309.915,2.9032,34.29,35.58041000366211,4.98,0.0,0
46907,99.76,26.826,0.0,0.0,453.91700000000003,0.0,0.0,0.0,5.732,0,2.0,1.01,309.825,4.9157,34.59,35.58041000366211,4.98,0.0,0
46907,99.931,26.826,0.0,0.0,453.736,0.0,0.0,0.0,5.732,0,3.0,1.03,309.825,-1.5836000000000001,34.92,35.58041000366211,4.98,0.0,0
46907,99.931,26.826,0.0,0.0,454.038,0.0,0.0,0.0,5.732,0,3.0,1.045,309.825,-4.9487000000000005,35.88,35.58041000366211,4.98,0.0,0
46907,99.59,26.816000000000003,0.0,0.0,453.796,0.0,0.0,0.0,5.732,0,6.0,0.925,309.825,-0.39590000000000003,36.24,35.58041000366211,4.98,0.0,0
46907,99.931,26.816000000000003,-0.5,0.0,453.432,0.0,0.0,0.0,5.732,0,2.0,1.0050000000000001,309.825,3.1672000000000002,36.87,35.58041000366211,4.98,0.0,0
46907,99.931,26.816000000000003,0.5,0.0,453.55400000000003,0.0,0.0,0.0,5.732,0,2.0,0.995,309.915,2.1114,36.57,35.58041000366211,4.98,0.0,0
46907,99.59,26.816000000000003,-0.5,0.0,453.55400000000003,0.0,0.0,0.0,5.732,0,2.0,0.98,309.69,0.8165,36.57,35.58041000366211,4.98,0.0,0
46907,99.59,26.816000000000003,0.0,0.0,453.736,0.0,0.0,0.0,5.732,0,4.0,0.985,309.69,-3.0104,36.24,35.58041000366211,4.98,0.0,0
46907,99.76,26.816000000000003,0.0,0.0,453.857,0.0,0.0,0.0,5.732,0,2.0,1.0150000000000001,309.825,-0.9238000000000001,35.79,35.58041000366211,4.98,0.0,0
46907,99.76,26.816000000000003,0.0,0.0,453.91700000000003,0.0,0.0,0.0,5.732,0,5.0,0.97,309.825,2.2599,35.28,35.58041000366211,4.98,0.0,0
46907,99.59,26.816000000000003,0.0,0.0,453.796,0.0,0.0,0.0,5.732,0,3.0,0.935,309.69,2.1774,34.92,35.58041000366211,4.98,0.0,0
46907,99.419,26.816000000000003,-0.5,0.0,453.736,0.0,0.0,0.0,5.732,0,3.0,0.985,309.915,-0.066,35.1,35.58041000366211,4.98,0.0,0
46907,99.931,26.816000000000003,0.0,0.0,453.91700000000003,0.0,0.0,0.0,5.732,0,1.0,0.97,309.825,-2.2434000000000003,34.77,35.58041000366211,4.98,0.0,0
46907,99.931,26.816000000000003,0.0,0.0,454.098,0.0,0.0,0.0,5.732,0,4.0,1.0150000000000001,309.825,0.8083,34.77,35.58041000366211,4.98,0.0,0
46907,99.59,26.816000000000003,0.0,0.0,454.159,0.0,0.0,0.0,5.732,0,2.0,0.975,309.825,1.6661000000000001,34.71,35.58041000366211,4.98,0.0,0
46907,99.76,26.816000000000003,0.0,0.0,453.857,0.0,0.0,0.0,5.732,0,2.0,1.01,309.915,2.5981,35.13,35.58041000366211,4.98,0.0,0
46907,99.76,26.816000000000003,0.0,0.0,453.91700000000003,0.0,0.0,0.0,5.732,0,4.0,0.975,309.915,0.2474,35.82,35.58041000366211,4.98,0.0,0
46907,99.419,26.816000000000003,0.0,0.0,453.857,0.0,0.0,0.0,5.732,0,4.0,1.01,309.69,-2.4001,36.15,35.58041000366211,4.98,0.0,0
46907,99.76,26.816000000000003,0.0,0.0,453.796,0.0,0.0,0.0,5.732,0,3.0,0.97,309.69,-0.6846,36.57,35.58041000366211,4.98,0.0,0
46907,99.249,26.807000000000002,-0.5,0.0,453.736,0.0,0.0,0.0,5.732,0,2.0,0.975,309.825,-4.024900000000001,36.57,35.58041000366211,4.98,0.0,0
46907,99.59,26.807000000000002,0.5,0.0,453.494,0.0,0.0,0.0,5.732,0,4.0,1.01,309.825,1.8887,36.480000000000004,35.58041000366211,4.98,0.0,0
46907,99.59,26.807000000000002,0.0,0.0,453.736,0.0,0.0,0.2,5.732,0,2.0,0.975,309.915,7.1261,35.79,35.58041000366211,4.98,0.0,0
46907,99.931,26.807000000000002,0.0,0.0,453.615,0.0,0.0,0.0,5.732,0,3.0,1.01,309.825,-0.132,35.31,35.58041000366211,4.98,0.0,0
46907,99.931,26.807000000000002,-0.5,0.0,453.796,0.0,0.0,0.0,5.732,0,5.0,0.975,309.69,-6.689,35.04,35.58041000366211,4.98,0.0,0
46907,99.76,26.807000000000002,0.0,0.0,453.615,0.0,0.0,0.0,5.732,0,2.0,1.0050000000000001,309.825,-2.6228000000000002,34.29,35.58041000366211,4.98,0.0,0
46907,99.931,26.807000000000002,0.0,0.0,453.55400000000003,0.0,0.0,0.0,5.732,0,4.0,1.025,309.825,4.2229,34.14,35.58041000366211,4.98,0.0,0
46907,99.76,26.807000000000002,0.0,0.0,453.736,0.0,0.0,0.0,5.732,0,2.0,0.99,309.825,5.1879,33.96,35.58041000366211,4.98,0.0,0
46907,99.76,26.807000000000002,0.0,0.0,453.796,0.0,0.0,0.0,5.732,0,2.0,1.0,309.915,1.963,34.29,35.58041000366211,4.98,0.0,0
46907,99.76,26.807000000000002,-0.5,0.0,453.494,0.0,0.0,0.0,5.732,0,4.0,1.0,309.915,-2.4578,34.83,35.58041000366211,4.98,0.0,0
46907,99.59,26.807000000000002,0.0,0.0,453.736,0.0,0.0,0.0,5.732,0,3.0,0.98,309.915,-0.7258,36.69,35.58041000366211,4.98,0.0,0
46907,99.76,26.807000000000002,0.0,0.0,453.736,0.0,0.0,0.0,5.732,0,4.0,1.0050000000000001,309.915,-0.7258,37.050000000000004,35.58041000366211,4.98,0.0,0
46907,99.59,26.807000000000002,0.0,0.0,453.736,0.0,0.0,0.0,5.732,0,3.0,1.0,309.915,0.0,37.02,35.58041000366211,4.98,0.0,0
46907,99.59,26.807000000000002,0.0,0.0,453.857,0.0,0.0,0.0,5.732,0,2.0,0.995,309.825,-1.8475000000000001,36.03,35.58041000366211,4.98,0.0,0
46907,99.59,26.807000000000002,-0.5,0.0,453.91700000000003,0.0,0.0,0.0,5.732,0,4.0,0.965,309.825,-0.46190000000000003,35.910000000000004,35.58041000366211,4.98,0.0,0
46907,99.76,26.807000000000002,0.0,0.0,454.219,0.0,0.0,0.0,5.732,0,2.0,0.9500000000000001,309.915,1.0557,35.58,35.58041000366211,4.98,0.0,0
46907,99.419,26.807000000000002,0.0,0.0,453.615,0.0,0.0,0.0,5.732,0,2.0,1.0050000000000001,309.825,-3.4311000000000003,36.06,35.58041000366211,4.98,0.0,0
46907,99.931,26.797,0.0,0.0,453.372,0.0,0.0,0.0,5.732,0,3.0,0.995,309.915,-0.6598,35.67,35.58041000366211,4.98,0.0,0
46907,99.76,26.797,-0.5,0.0,453.796,0.0,0.0,0.0,5.732,0,2.0,1.01,309.825,1.1217000000000001,35.160000000000004,35.58041000366211,4.98,0.0,0
46907,99.931,26.797,0.0,0.0,453.55400000000003,0.0,0.0,0.0,5.732,0,0.0,0.99,309.915,-0.9238000000000001,34.410000000000004,35.58041000366211,4.98,0.0,0
46907,99.76,26.797,0.0,0.0,453.494,0.0,0.0,0.0,5.732,0,5.0,1.04,309.825,3.761,33.54,35.58041000366211,4.98,0.0,0
46907,99.59,26.797,0.0,0.0,453.736,0.0,0.0,0.0,5.732,0,3.0,0.995,309.69,0.0,33.21,35.58041000366211,4.98,0.0,0
46907,99.59,26.797,0.0,0.0,453.91700000000003,0.0,0.0,0.0,5.732,0,1.0,0.995,309.915,-4.486800000000001,33.9,35.58041000366211,4.98,0.0,0
46907,99.59,26.797,0.0,0.0,453.857,0.0,0.0,0.0,5.732,0,3.0,1.02,309.825,2.6393,35.22,35.58041000366211,4.98,0.0,0
46907,99.76,26.797,0.0,0.0,453.615,0.0,0.0,0.0,5.732,0,3.0,0.97,309.825,4.9157,36.300000000000004,35.58041000366211,4.98,0.0,0
46907,99.419,26.797,0.0,0.0,453.55400000000003,0.0,0.0,0.0,5.732,0,2.0,0.985,309.825,-5.1466,36.69,35.58041000366211,4.98,0.0,0
46907,99.931,26.797,0.0,0.0,453.736,0.0,0.0,0.0,5.732,0,4.0,1.0150000000000001,309.825,-2.6393,36.21,35.58041000366211,4.98,0.0,0
46907,99.59,26.797,0.0,0.0,453.857,0.0,0.0,0.0,5.732,0,3.0,1.09,309.69,-0.7918000000000001,36.06,35.58041000366211,4.98,0.0,0
46907,99.931,26.797,0.0,0.0,453.432,0.0,0.0,0.0,5.732,0,3.0,1.07,309.825,0.2639,35.37,35.58041000366211,4.98,0.0,0
46907,99.931,26.797,-0.5,0.0,453.796,0.0,0.0,0.0,5.732,0,2.0,0.975,309.69,-1.8475000000000001,35.13,35.58041000366211,4.98,0.0,0
46907,99.419,26.797,0.0,0.0,454.159,0.0,0.0,0.0,5.732,0,4.0,0.985,309.825,-2.4743,35.85,35.58041000366211,4.98,0.0,0
46907,99.931,26.797,0.0,0.0,453.978,0.0,0.0,0.0,5.732,0,3.0,0.995,309.69,-1.1877,35.64,35.58041000366211,4.98,0.0,0
46907,99.59,26.797,0.0,0.0,453.55400000000003,0.0,0.0,0.0,5.732,0,2.0,0.995,309.825,-0.8908,34.800000000000004,35.58041000366211,4.98,0.0,0
46907,99.59,26.797,0.0,0.0,453.494,0.0,0.0,0.0,5.732,0,2.0,0.97,309.915,4.3548,34.17,35.58041000366211,4.98,0.0,0
46907,99.931,26.787000000000003,0.0,0.0,453.796,0.0,0.0,0.0,5.732,0,3.0,0.975,309.825,8.6107,33.480000000000004,35.58041000366211,4.98,0.0,0
46907,99.931,26.787000000000003,0.0,0.0,453.19100000000003,0.0,0.0,0.0,5.732,0,3.0,1.0,309.825,-2.1114,33.9,35.58041000366211,4.98,0.0,0
46907,99.59,26.787000000000003,0.0,0.0,453.13,0.0,0.0,0.0,5.732,0,1.0,0.995,309.825,-2.0455,34.5,35.58041000366211,4.98,0.0,0
46907,99.419,26.787000000000003,0.0,0.0,453.432,0.0,0.0,0.0,5.732,0,2.0,0.985,309.825,1.5836000000000001,36.12,35.58041000366211,4.98,0.0,0
46907,99.931,26.787000000000003,0.0,0.0,453.615,0.0,0.0,0.0,5.732,0,2.0,1.1,309.825,-2.3754,36.78,35.58041000366211,4.98,0.0,0
46907,99.931,26.787000000000003,0.0,0.0,453.31100000000004,0.0,0.0,0.0,5.732,0,3.0,0.985,309.915,1.1877,36.81,35.58041000366211,4.98,0.0,0
46907,99.931,26.787000000000003,0.0,0.0,453.494,0.0,0.0,0.0,5.732,0,4.0,0.9,309.825,-1.0557,36.06,35.58041000366211,4.98,0.0,0
46907,99.76,26.787000000000003,0.0,0.0,453.736,0.0,0.0,0.0,5.732,0,2.0,0.99,309.825,-0.39590000000000003,35.67,35.58041000366211,4.98,0.0,0
46907,99.931,26.787000000000003,0.0,0.0,453.675,0.0,0.0,0.0,5.732,0,3.0,0.97,309.825,1.3856000000000002,35.28,35.58041000366211,4.98,0.0,0
46907,99.419,26.787000000000003,0.0,0.0,453.494,0.0,0.0,0.0,5.732,0,3.0,0.99,309.69,-2.7713,35.1,35.58041000366211,4.98,0.0,0
46907,99.931,26.787000000000003,0.0,0.0,453.675,0.0,0.0,0.0,5.732,0,3.0,1.035,309.69,0.3629,34.47,35.58041000366211,4.98,0.0,0
46907,99.59,26.787000000000003,0.0,0.0,453.857,0.0,0.0,0.0,5.732,0,4.0,1.01,309.825,0.0,34.800000000000004,35.58041000366211,4.98,0.0,0
46907,99.931,26.787000000000003,0.0,0.0,453.857,0.0,0.0,0.0,5.732,0,4.0,1.025,309.915,0.3794,34.83,35.58041000366211,4.98,0.0,0
46907,99.76,26.787000000000003,0.0,0.0,453.615,0.0,0.0,0.0,5.732,0,3.0,1.01,309.915,-1.097,34.53,35.58041000366211,4.98,0.0,0
46907,99.931,26.787000000000003,0.0,0.0,453.494,0.0,0.0,0.0,5.732,0,2.0,0.99,309.825,0.7011000000000001,33.21,35.58041000366211,4.98,0.0,0
46907,99.59,26.787000000000003,0.5,0.0,453.736,0.0,0.0,0.0,5.732,0,1.0,1.05,309.825,0.0,33.03,35.58041000366211,4.98,0.0,0
46907,99.76,26.787000000000003,0.0,0.0,453.615,0.0,0.0,0.0,5.732,0,4.0,1.0,309.825,1.0062,33.99,35.58041000366211,4.98,0.0,0
46907,99.419,26.787000000000003,0.0,0.0,453.432,0.0,0.0,0.0,5.732,0,2.0,1.01,309.825,0.8083,35.04,35.58041000366211,4.98,0.0,0
46907,99.931,26.787000000000003,0.0,0.0,453.494,0.0,0.0,0.0,5.732,0,2.0,1.025,309.915,-0.8083,36.03,35.58041000366211,4.98,0.0,0
46907,99.76,26.787000000000003,0.0,0.0,453.494,0.0,0.0,0.0,5.732,0,2.0,1.025,309.915,-0.5938,36.15,35.58041000366211,4.98,0.0,0
46907,99.76,26.777,0.0,0.0,453.432,0.0,0.0,0.0,5.732,0,2.0,0.97,309.825,-0.5279,36.54,35.58041000366211,4.98,0.0,0
46907,99.76,26.777,0.0,0.0,453.736,0.0,0.0,0.0,5.732,0,2.0,1.01,309.825,-0.5279,36.27,35.58041000366211,4.98,0.0,0
46907,99.419,26.777,0.5,0.0,453.796,0.0,0.0,0.0,5.732,0,4.0,0.96,309.915,0.0,35.25,35.58041000366211,4.98,0.0,0
46907,99.931,26.777,0.0,0.0,453.372,0.0,0.0,0.0,5.732,0,4.0,0.995,309.915,1.5176,34.62,35.58041000366211,4.98,0.0,0
46907,99.76,26.777,0.0,0.0,453.31100000000004,0.0,0.0,0.0,5.732,0,2.0,1.02,309.915,3.1672000000000002,34.56,35.58041000366211,4.98,0.0,0
46907,99.931,26.777,-0.5,0.0,453.25100000000003,0.0,0.0,0.0,5.732,0,3.0,0.985,309.915,0.0,34.32,35.58041000366211,4.98,0.0,0
46907,99.931,26.777,0.0,0.0,453.91700000000003,0.0,0.0,0.0,5.732,0,4.0,0.975,309.825,-3.1672000000000002,33.81,35.58041000366211,4.98,0.0,0
46907,99.59,26.777,0.0,0.0,453.675,0.0,0.0,0.0,5.732,0,2.0,1.06,309.825,0.066,33.45,35.58041000366211,4.98,0.0,0
46907,99.76,26.777,0.0,0.0,453.372,0.0,0.0,0.0,5.732,0,2.0,0.96,309.825,-1.5836000000000001,33.51,35.58041000366211,4.98,0.0,0
46907,99.419,26.777,0.0,0.0,453.19100000000003,0.0,0.0,0.0,5.732,0,4.0,0.975,309.915,-1.3856000000000002,33.45,35.58041000366211,4.98,0.0,0
46907,99.931,26.777,0.0,0.0,453.675,0.0,0.0,0.0,5.732,0,2.0,0.985,309.825,1.4516,33.81,35.58041000366211,4.98,0.0,0
46907,99.76,26.777,0.0,0.0,453.796,0.0,0.0,0.0,5.732,0,3.0,0.98,309.69,-2.0125,34.2,35.58041000366211,4.98,0.0,0
46907,99.76,26.777,0.0,0.0,453.55400000000003,0.0,0.0,0.0,5.732,0,3.0,0.995,309.825,-3.0352,35.34,35.58041000366211,4.98,0.0,0
46907,99.76,26.777,0.0,0.0,453.736,0.0,0.0,0.0,5.732,0,3.0,1.01,309.915,3.3651,35.88,35.58041000366211,4.98,0.0,0
46907,99.931,26.777,-0.5,0.0,453.736,0.0,0.0,0.0,5.732,0,3.0,0.965,309.825,2.5073000000000003,35.76,35.58041000366211,4.98,0.0,0
46907,99.59,26.777,0.0,0.0,453.91700000000003,0.0,0.0,0.0,5.732,0,3.0,1.0050000000000001,309.69,-5.4435,34.47,35.58041000366211,4.98,0.0,0
46907,99.59,26.777,0.0,0.0,453.372,0.0,0.0,0.0,5.732,0,3.0,0.995,309.825,-3.4311000000000003,33.57,35.58041000366211,4.98,0.0,0
46907,99.931,26.768,0.5,0.0,453.25100000000003,0.0,0.0,0.0,5.732,0,3.0,0.985,309.915,6.0044,33.96,35.58041000366211,4.98,0.0,0
46907,99.76,26.768,0.0,0.0,453.736,0.0,0.0,0.0,5.732,0,3.0,0.975,309.825,3.563,33.93,35.58041000366211,4.98,0.0,0
46907,99.76,26.768,0.0,0.0,453.796,0.0,0.0,0.0,5.732,0,3.0,1.03,309.825,-2.1114,33.99,35.58041000366211,4.98,0.0,0
46907,99.76,26.768,0.0,0.0,453.796,0.0,0.0,0.0,5.732,0,2.0,0.975,309.825,-2.1114,33.84,35.58041000366211,4.98,0.0,0
46907,99.931,26.768,0.0,0.0,453.55400000000003,0.0,0.0,0.0,5.732,0,3.0,1.02,309.825,0.0,33.03,35.58041000366211,4.98,0.0,0
46907,99.419,26.768,0.0,0.0,453.736,0.0,0.0,0.0,5.732,0,3.0,0.965,309.69,-2.5073000000000003,32.37,35.58041000366211,4.98,0.0,0
46907,99.59,26.768,0.0,0.0,453.675,0.0,0.0,0.0,5.732,0,1.0,1.01,309.825,-1.8475000000000001,32.46,35.58041000366211,4.98,0.0,0
46907,99.59,26.768,0.0,0.0,453.432,0.0,0.0,0.0,5.732,0,2.0,1.0,309.825,-0.7918000000000001,33.09,35.58041000366211,4.98,0.0,0
46907,99.76,26.768,0.0,0.0,453.494,0.0,0.0,0.0,5.732,0,3.0,1.06,309.69,1.0557,34.35,35.58041000366211,4.98,0.0,0
46907,99.419,26.768,0.0,0.0,453.372,0.0,0.0,0.0,5.732,0,2.0,1.0,309.825,-1.4516,35.730000000000004,35.58041000366211,4.98,0.0,0
46907,99.59,26.768,0.0,0.0,453.372,0.0,0.0,0.0,5.732,0,2.0,1.0150000000000001,309.915,-0.47840000000000005,35.82,35.58041000366211,4.98,0.0,0
46907,99.59,26.768,0.0,0.0,453.13,0.0,0.0,0.0,5.732,0,4.0,0.98,309.825,0.39590000000000003,35.97,35.58041000366211,4.98,0.0,0
46907,99.931,26.768,-0.5,0.0,453.494,0.0,0.0,0.0,5.732,0,3.0,0.98,309.825,3.9342,36.09,35.58041000366211,4.98,0.0,0
46907,99.419,26.768,0.0,0.0,453.432,0.0,0.0,0.0,5.732,0,2.0,1.01,309.825,-3.8930000000000002,35.43,35.58041000366211,4.98,0.0,0
46907,99.419,26.768,0.0,0.0,453.07,0.0,0.0,0.0,5.732,0,3.0,0.985,309.825,-0.19790000000000002,34.65,35.58041000366211,4.98,0.0,0
46907,99.931,26.768,0.0,0.0,453.372,0.0,0.0,0.0,5.732,0,2.0,0.98,309.69,-0.37120000000000003,34.5,35.58041000366211,4.98,0.0,0
46907,99.76,26.768,0.0,0.0,453.55400000000003,0.0,0.0,0.0,5.732,0,2.0,0.965,309.825,0.7258,34.38,35.58041000366211,4.98,0.0,0
46907,99.419,26.768,0.0,0.0,453.615,0.0,0.0,0.0,5.732,0,5.0,1.04,309.825,1.3856000000000002,34.5,35.58041000366211,4.98,0.0,0
46907,99.931,26.768,0.0,0.0,453.372,0.0,0.0,0.0,5.732,0,3.0,1.03,309.825,2.9445,33.93,35.58041000366211,4.98,0.0,0
46907,99.76,26.758000000000003,-0.5,0.0,453.372,0.0,0.0,0.0,5.732,0,2.0,1.05,309.825,-0.1155,33.36,35.58041000366211,4.98,0.0,0
46907,99.419,26.758000000000003,0.0,0.0,453.372,0.0,0.0,0.0,5.732,0,3.0,0.985,309.825,3.1672000000000002,33.69,35.58041000366211,4.98,0.0,0
46907,99.59,26.758000000000003,0.0,0.0,453.19100000000003,0.0,0.0,0.0,5.732,0,3.0,1.01,309.825,-2.5568,34.59,35.58041000366211,4.98,0.0,0
46907,99.76,26.758000000000003,0.0,0.0,453.31100000000004,0.0,0.0,0.0,5.732,0,2.0,0.975,309.915,-3.5136000000000003,34.89,35.58041000366211,4.98,0.0,0
46907,99.419,26.758000000000003,0.0,0.0,453.19100000000003,0.0,0.0,0.0,5.732,0,4.0,1.1,309.915,5.0806000000000004,34.44,35.58041000366211,4.98,0.0,0
46907,99.76,26.758000000000003,-0.5,0.0,453.432,0.0,0.0,0.0,5.732,0,4.0,1.07,309.825,0.39590000000000003,34.59,35.58041000366211,4.98,0.0,0
46907,99.931,26.758000000000003,0.0,0.0,453.736,0.0,0.0,0.0,5.732,0,1.0,1.03,309.915,-2.1279,35.22,35.58041000366211,4.98,0.0,0
46907,99.931,26.758000000000003,-0.5,0.0,453.615,0.0,0.0,0.0,5.732,0,2.0,0.995,310.005,3.1507,35.43,35.58041000366211,4.98,0.0,0
46907,99.59,26.758000000000003,0.0,0.0,453.736,0.0,0.0,0.0,5.732,0,2.0,0.98,309.825,-0.7258,34.980000000000004,35.58041000366211,4.98,0.0,0
46907,99.59,26.758000000000003,-0.5,0.0,453.432,0.0,0.0,0.0,5.732,0,2.0,1.065,309.825,-4.8002,35.01,35.58041000366211,4.98,0.0,0
46907,99.76,26.758000000000003,0.0,0.0,453.494,0.0,0.0,0.0,5.732,0,2.0,1.0050000000000001,309.825,-2.1609000000000003,34.5,35.58041000366211,4.98,0.0,0
46907,99.931,26.758000000000003,0.0,0.0,453.31100000000004,0.0,0.0,0.0,5.732,0,4.0,0.97,309.915,1.699,33.99,35.58041000366211,4.98,0.0,0
46907,99.931,26.758000000000003,0.0,0.0,453.19100000000003,0.0,0.0,0.0,5.732,0,3.0,0.985,309.825,2.2434000000000003,32.910000000000004,35.58041000366211,4.98,0.0,0
46907,99.931,26.758000000000003,0.0,0.0,452.88800000000003,0.0,0.0,0.0,5.732,0,2.0,1.065,309.825,1.8475000000000001,32.88,35.58041000366211,4.98,0.0,0
46907,99.931,26.758000000000003,0.0,0.0,453.07,0.0,0.0,0.0,5.732,0,3.0,0.965,309.825,-2.1114,32.88,35.58041000366211,4.98,0.0,0
46907,99.419,26.758000000000003,0.0,0.0,453.372,0.0,0.0,0.2,5.732,0,3.0,1.0150000000000001,309.915,-0.6598,33.21,35.58041000366211,4.98,0.0,0
46907,99.931,26.758000000000003,0.0,0.0,453.615,0.0,0.0,0.0,5.732,0,3.0,1.04,309.69,2.4743,34.74,35.58041000366211,4.98,0.0,0
46907,99.931,26.758000000000003,0.0,0.0,453.432,0.0,0.0,0.0,5.732,0,2.0,1.01,309.915,0.6598,35.79,35.58041000366211,4.98,0.0,0
46907,99.419,26.758000000000003,0.0,0.0,453.25100000000003,0.0,0.0,0.0,5.732,0,2.0,1.065,309.825,-1.2537,35.25,35.58041000366211,4.98,0.0,0
46907,99.59,26.748,0.0,0.0,453.372,0.0,0.0,0.0,5.732,0,3.0,1.01,309.915,2.7713,35.160000000000004,35.58041000366211,4.98,0.0,0
46907,99.419,26.748,-0.5,0.0,453.372,0.0,0.0,0.0,5.732,0,2.0,1.04,309.825,1.6248,35.22,35.58041000366211,4.98,0.0,0
46907,99.419,26.748,0.0,0.0,453.13,0.0,0.0,0.0,5.732,0,4.0,1.03,309.825,0.14850000000000002,35.43,35.58041000366211,4.98,0.0,0
46907,99.59,26.748,0.0,0.0,453.07,0.0,0.0,0.0,5.732,0,3.0,1.02,309.69,0.1567,35.76,35.58041000366211,4.98,0.0,0
46907,99.76,26.748,0.0,0.0,453.19100000000003,0.0,0.0,0.0,5.732,0,2.0,0.975,309.825,-1.2372,35.28,35.58041000366211,4.98,0.0,0
46907,99.76,26.748,0.0,0.0,453.13,0.0,0.0,0.0,5.732,0,4.0,0.965,309.825,1.5176,35.58,35.58041000366211,4.98,0.0,0
46907,99.931,26.748,0.0,0.0,453.13,0.0,0.0,0.0,5.732,0,3.0,1.035,309.825,1.2702,34.62,35.58041000366211,4.98,0.0,0
46907,100.101,26.748,0.0,0.0,453.372,0.0,0.0,0.0,5.732,0,2.0,0.965,309.915,-0.47840000000000005,33.660000000000004,35.58041000366211,4.98,0.0,0
46907,99.59,26.748,0.0,0.0,453.31100000000004,0.0,0.0,0.0,5.732,0,2.0,0.985,309.825,2.4578,33.27,35.58041000366211,4.98,0.0,0
46907,99.59,26.748,0.0,0.0,452.949,0.0,0.0,0.0,5.732,0,3.0,1.02,309.69,1.4104,32.94,35.58041000366211,4.98,0.0,0
46907,99.59,26.748,0.0,0.0,453.19100000000003,0.0,0.0,0.0,5.732,0,4.0,1.0,309.825,-4.9322,33.84,35.58041000366211,4.98,0.0,0
46907,99.76,26.748,0.0,0.0,453.55400000000003,0.0,0.0,0.0,5.732,0,4.0,0.995,309.915,-0.34640000000000004,34.65,35.58041000366211,4.98,0.0,0
46907,99.931,26.748,0.0,0.0,453.494,0.0,0.0,0.0,5.732,0,4.0,1.085,309.825,3.4971,36.27,35.58041000366211,4.98,0.0,0
46907,99.931,26.748,0.0,0.0,453.494,0.0,0.0,0.0,5.732,0,3.0,0.99,309.915,0.1155,36.81,35.58041000366211,4.98,0.0,0
46907,99.59,26.748,-0.5,0.0,453.55400000000003,0.0,0.0,0.0,5.732,0,4.0,0.96,309.915,0.6433,36.57,35.58041000366211,4.98,0.0,0
46907,99.76,26.748,0.0,0.0,453.494,0.0,0.0,0.0,5.732,0,2.0,1.06,309.825,-2.3094,36.300000000000004,35.58041000366211,4.98,0.0,0
46907,99.59,26.748,0.0,0.0,453.372,0.0,0.0,0.0,5.732,0,2.0,1.01,309.915,-3.7115,35.43,35.58041000366211,4.98,0.0,0
46907,99.931,26.748,0.0,0.0,453.494,0.0,0.0,0.0,5.732,0,2.0,1.025,309.915,3.8270000000000004,34.83,35.58041000366211,4.98,0.0,0
46907,99.59,26.748,0.0,0.0,453.736,0.0,0.0,0.0,5.732,0,2.0,1.04,309.915,4.5115,35.13,35.58041000366211,4.98,0.0,0
46907,99.931,26.748,0.0,0.0,453.31100000000004,0.0,0.0,0.0,5.732,0,2.0,1.055,309.915,-4.8167,35.160000000000004,35.58041000366211,4.98,0.0,0
46907,99.931,26.738,0.0,0.0,453.372,0.0,0.0,0.0,5.732,0,3.0,0.975,309.825,-1.7650000000000001,34.74,35.58041000366211,4.98,0.0,0
46907,99.59,26.738,0.0,0.0,453.372,0.0,0.0,0.0,5.732,0,3.0,0.995,309.825,2.0620000000000003,33.87,35.58041000366211,4.98,0.0,0
46907,99.931,26.738,-0.5,0.0,453.432,0.0,0.0,0.0,5.732,0,2.0,1.05,309.825,0.132,32.97,35.58041000366211,4.98,0.0,0
46907,99.76,26.738,0.0,0.0,453.372,0.0,0.0,0.0,5.732,0,3.0,1.04,309.825,-0.2639,33.03,35.58041000366211,4.98,0.0,0
46907,99.76,26.738,0.0,0.0,453.736,0.0,0.0,0.0,5.732,0,2.0,0.97,309.915,-0.066,33.72,35.58041000366211,4.98,0.0,0
46907,99.76,26.738,0.0,0.0,453.31100000000004,0.0,0.0,0.0,5.732,0,2.0,0.975,309.825,0.7918000000000001,35.37,35.58041000366211,4.98,0.0,0
46907,99.59,26.738,0.0,0.0,452.949,0.0,0.0,0.0,5.732,0,4.0,0.97,309.825,-0.5279,36.6,35.58041000366211,4.98,0.0,0
46907,99.931,26.738,0.0,0.0,453.13,0.0,0.0,0.0,5.732,0,2.0,0.98,309.825,-5.1466,36.9,35.58041000366211,4.98,0.0,0
46907,99.76,26.738,0.0,0.0,453.432,0.0,0.0,0.0,5.732,0,2.0,1.03,309.825,0.0,36.27,35.58041000366211,4.98,0.0,0
46907,99.931,26.738,0.0,0.0,453.31100000000004,0.0,0.0,0.0,5.732,0,3.0,1.02,309.915,3.8270000000000004,36.03,35.58041000366211,4.98,0.0,0
46907,99.931,26.738,0.0,0.0,453.31100000000004,0.0,0.0,0.0,5.732,0,4.0,0.9550000000000001,309.915,1.5176,35.910000000000004,35.58041000366211,4.98,0.0,0
46907,99.59,26.738,0.0,0.0,453.19100000000003,0.0,0.0,0.0,5.732,0,2.0,1.01,309.825,0.0,35.61,35.58041000366211,4.98,0.0,0
46907,99.76,26.738,0.0,0.0,453.31100000000004,0.0,0.0,0.0,5.732,0,6.0,1.055,309.825,-1.5176,35.64,35.58041000366211,4.98,0.0,0
46907,99.76,26.738,0.0,0.0,453.494,0.0,0.0,0.0,5.732,0,2.0,0.965,309.825,-1.8475000000000001,35.46,35.58041000366211,4.98,0.0,0
46907,99.76,26.738,0.0,0.0,453.615,0.0,0.0,0.0,5.732,0,2.0,1.075,309.69,-3.8600000000000003,34.71,35.58041000366211,4.98,0.0,0
46907,99.419,26.738,0.0,0.0,453.55400000000003,0.0,0.0,0.0,5.732,0,4.0,0.98,309.825,-1.5836000000000001,34.2,35.58041000366211,4.98,0.0,0
46907,99.59,26.738,0.0,0.0,453.55400000000003,0.0,0.0,0.0,5.732,0,3.0,0.98,309.825,-1.1877,34.17,35.58041000366211,4.98,0.0,0
46907,99.931,26.738,0.0,0.0,453.372,0.0,0.0,-0.2,5.732,0,2.0,1.0150000000000001,309.825,2.7713,33.87,35.58041000366211,4.98,0.0,0
46907,99.931,26.738,-0.5,0.0,453.31100000000004,0.0,0.0,0.0,5.732,0,4.0,1.045,309.825,3.3404000000000003,34.08,35.58041000366211,4.98,0.0,0
46907,99.76,26.738,-0.5,0.0,453.31100000000004,0.0,0.0,0.0,5.732,0,4.0,1.0150000000000001,309.69,-0.8330000000000001,34.56,35.58041000366211,4.98,0.0,0
46907,99.931,26.729000000000003,-0.5,0.0,453.372,0.0,0.0,0.0,5.732,0,2.0,0.96,309.915,-1.798,35.22,35.58041000366211,4.98,0.0,0
46907,99.76,26.729000000000003,0.5,0.0,453.432,0.0,0.0,0.0,5.732,0,3.0,1.025,309.915,2.1609000000000003,35.76,35.58041000366211,4.98,0.0,0
46907,99.76,26.729000000000003,0.0,0.0,453.19100000000003,0.0,0.0,0.0,5.732,0,3.0,1.0,309.915,2.928,36.06,35.58041000366211,4.98,0.0,0
46907,99.931,26.729000000000003,0.0,0.0,453.31100000000004,0.0,0.0,0.0,5.732,0,3.0,1.02,309.825,-1.4516,36.42,35.58041000366211,4.98,0.0,0
46907,99.931,26.729000000000003,0.5,0.0,453.19100000000003,0.0,0.0,0.0,5.732,0,2.0,1.08,309.915,-1.3196,35.94,35.58041000366211,4.98,0.0,0
46907,99.76,26.729000000000003,-0.5,0.0,453.19100000000003,0.0,0.0,0.0,5.732,0,4.0,1.075,309.69,-2.9445,35.79,35.58041000366211,4.98,0.0,0
46907,99.59,26.729000000000003,-0.5,0.0,453.31100000000004,0.0,0.0,0.0,5.732,0,4.0,1.045,309.825,0.3299,35.43,35.58041000366211,4.98,0.0,0
46907,99.59,26.729000000000003,-0.5,0.0,453.736,0.0,0.0,0.0,5.732,0,3.0,0.91,309.825,-2.5073000000000003,35.160000000000004,35.58041000366211,4.98,0.0,0
46907,99.76,26.729000000000003,0.0,0.0,453.31100000000004,0.0,0.0,0.0,5.732,0,4.0,0.995,309.915,2.73,34.38,35.58041000366211,4.98,0.0,0
46907,99.931,26.729000000000003,0.0,0.0,453.19100000000003,0.0,0.0,0.0,5.732,0,4.0,1.06,309.825,2.0620000000000003,33.99,35.58041000366211,4.98,0.0,0
46907,99.59,26.729000000000003,0.0,0.0,453.19100000000003,0.0,0.0,0.0,5.732,0,3.0,1.08,309.69,-2.6146000000000003,34.17,35.58041000366211,4.98,0.0,0
46907,99.76,26.729000000000003,0.0,0.0,453.19100000000003,0.0,0.0,0.0,5.732,0,3.0,1.04,309.69,-3.8022,33.9,35.58041000366211,4.98,0.0,0
46907,99.419,26.729000000000003,0.0,0.0,453.494,0.0,0.0,0.0,5.732,0,2.0,0.96,309.825,2.6393,33.96,35.58041000366211,4.98,0.0,0
46907,99.931,26.729000000000003,0.0,0.0,453.736,0.0,0.0,0.0,5.732,0,3.0,0.995,309.69,3.3898,35.01,35.58041000366211,4.98,0.0,0
46907,99.59,26.729000000000003,0.0,0.0,453.13,0.0,0.0,0.0,5.732,0,1.0,0.99,309.69,-0.5279,35.88,35.58041000366211,4.98,0.0,0
46907,99.59,26.729000000000003,0.0,0.0,452.949,0.0,0.0,0.0,5.732,0,5.0,1.04,309.915,-1.9795,36.54,35.58041000366211,4.98,0.0,0
46907,99.76,26.729000000000003,-0.5,0.0,453.07,0.0,0.0,0.0,5.732,0,3.0,1.1,309.825,0.5691,36.96,35.58041000366211,4.98,0.0,0
46907,99.419,26.729000000000003,0.0,0.0,453.25100000000003,0.0,0.0,0.0,5.732,0,2.0,0.9500000000000001,309.825,1.1877,37.410000000000004,35.58041000366211,4.98,0.0,0
46907,99.76,26.729000000000003,0.0,0.0,453.31100000000004,0.0,0.0,0.0,5.732,0,4.0,0.93,309.825,-1.5011,36.42,35.58041000366211,4.98,0.0,0
46907,99.931,26.729000000000003,0.0,0.0,453.25100000000003,0.0,0.0,0.0,5.732,0,4.0,1.065,309.825,-1.4104,35.37,35.58041000366211,4.98,0.0,0
46907,99.931,26.719,-0.5,0.0,453.432,0.0,0.0,0.0,5.732,0,1.0,1.095,309.915,1.5011,34.2,35.58041000366211,4.98,0.0,0
46907,99.76,26.719,0.0,0.0,453.675,0.0,0.0,0.0,5.732,0,3.0,1.02,309.915,4.0084,34.29,35.58041000366211,4.98,0.0,0
46907,99.931,26.719,-0.5,0.0,453.19100000000003,0.0,0.0,0.0,5.732,0,2.0,1.03,309.69,-1.9547,34.26,35.58041000366211,4.98,0.0,0
46907,99.931,26.719,0.0,0.0,453.13,0.0,0.0,0.0,5.732,0,2.0,1.03,309.915,-2.3259000000000003,34.32,35.58041000366211,4.98,0.0,0
46907,99.931,26.719,0.0,0.0,452.88800000000003,0.0,0.0,0.0,5.732,0,2.0,0.965,309.915,-2.2434000000000003,34.32,35.58041000366211,4.98,0.0,0
46907,99.59,26.719,0.0,0.0,453.009,0.0,0.0,0.0,5.732,0,5.0,1.055,309.825,2.2434000000000003,34.56,35.58041000366211,4.98,0.0,0
46907,99.931,26.719,0.0,0.0,453.13,0.0,0.0,0.0,5.732,0,4.0,1.065,309.915,2.9692000000000003,35.7,35.58041000366211,4.98,0.0,0
46907,99.931,26.719,0.0,0.0,453.009,0.0,0.0,0.0,5.732,0,3.0,1.025,309.915,-0.5031,36.75,35.58041000366211,4.98,0.0,0
46907,99.419,26.719,0.0,0.0,453.07,0.0,0.0,0.0,5.732,0,6.0,1.0150000000000001,309.915,-1.798,36.660000000000004,35.58041000366211,4.98,0.0,0
46907,99.931,26.719,0.0,0.0,453.07,0.0,0.0,0.0,5.732,0,2.0,0.975,309.915,1.2537,36.51,35.58041000366211,4.98,0.0,0
46907,99.76,26.719,0.0,0.0,453.372,0.0,0.0,0.0,5.732,0,4.0,1.08,309.915,1.9795,36.51,35.58041000366211,4.98,0.0,0
46907,99.931,26.719,0.0,0.0,453.31100000000004,0.0,0.0,0.0,5.732,0,4.0,1.02,309.915,-1.3196,36.45,35.58041000366211,4.98,0.0,0
46907,99.931,26.719,0.0,0.0,453.432,0.0,0.0,0.0,5.732,0,4.0,1.0050000000000001,309.69,-5.2786,35.76,35.58041000366211,4.98,0.0,0
46907,99.931,26.719,0.0,0.0,453.31100000000004,0.0,0.0,0.0,5.732,0,2.0,1.02,309.915,-1.3196,35.4,35.58041000366211,4.98,0.0,0
46907,99.59,26.719,-0.5,0.0,453.25100000000003,0.0,0.0,0.0,5.732,0,3.0,0.9450000000000001,309.825,1.4516,34.410000000000004,35.58041000366211,4.98,0.0,0
46907,99.59,26.719,0.0,0.0,453.19100000000003,0.0,0.0,0.0,5.732,0,5.0,0.99,309.825,0.9567,34.05,35.58041000366211,4.98,0.0,0
46907,99.76,26.719,0.5,0.0,452.82800000000003,0.0,0.0,0.0,5.732,0,3.0,1.08,309.825,-1.8475000000000001,33.96,35.58041000366211,4.98,0.0,0
46907,99.59,26.719,0.0,0.0,453.31100000000004,0.0,0.0,0.0,5.732,0,3.0,1.055,309.825,-1.5836000000000001,33.9,35.58041000366211,4.98,0.0,0
46907,99.76,26.719,0.0,0.0,453.372,0.0,0.0,0.0,5.732,0,3.0,0.97,309.825,0.39590000000000003,34.11,35.58041000366211,4.98,0.0,0
46907,99.931,26.719,0.0,0.0,453.19100000000003,0.0,0.0,0.0,5.732,0,3.0,0.965,309.825,3.9589000000000003,35.19,35.58041000366211,4.98,0.0,0
46907,99.59,26.719,0.0,0.0,453.494,0.0,0.0,0.0,5.732,0,1.0,0.9500000000000001,309.825,-1.0557,35.28,35.58041000366211,4.98,0.0,0
46907,99.59,26.709,0.0,0.0,453.55400000000003,0.0,0.0,0.0,5.732,0,3.0,1.085,309.825,0.0,35.550000000000004,35.58041000366211,4.98,0.0,0
46907,99.76,26.709,0.0,0.0,453.13,0.0,0.0,0.0,5.732,0,1.0,1.0,309.825,1.0557,35.76,35.58041000366211,4.98,0.0,0
46907,99.59,26.709,0.0,0.0,452.88800000000003,0.0,0.0,0.0,5.732,0,4.0,0.9450000000000001,309.825,-1.5836000000000001,35.31,35.58041000366211,4.98,0.0,0
46907,99.76,26.709,0.0,0.0,453.372,0.0,0.0,0.0,5.732,0,3.0,0.975,309.825,-1.3196,34.77,35.58041000366211,4.98,0.0,0
46907,99.76,26.709,0.0,0.0,453.55400000000003,0.0,0.0,0.0,5.732,0,2.0,1.065,309.825,1.5836000000000001,35.46,35.58041000366211,4.98,0.0,0
46907,99.76,26.709,-0.5,0.0,453.009,0.0,0.0,0.0,5.732,0,2.0,1.05,309.825,0.2639,35.85,35.58041000366211,4.98,0.0,0
46907,99.59,26.709,0.0,0.0,453.009,0.0,0.0,0.0,5.732,0,3.0,0.965,309.825,0.0,35.550000000000004,35.58041000366211,4.98,0.0,0
46907,99.419,26.709,0.0,0.0,453.432,0.0,0.0,0.0,5.732,0,3.0,1.025,309.825,-0.2639,34.71,35.58041000366211,4.98,0.0,0
46907,99.931,26.709,-0.5,0.0,453.372,0.0,0.0,0.0,5.732,0,2.0,1.035,309.825,1.0557,33.45,35.58041000366211,4.98,0.0,0
46907,99.931,26.709,0.0,0.0,453.372,0.0,0.0,0.0,5.732,0,4.0,1.04,309.825,0.0,32.61,35.58041000366211,4.98,0.0,0
46907,99.76,26.709,0.0,0.0,453.07,0.0,0.0,0.0,5.732,0,3.0,1.06,309.825,-5.0147,32.64,35.58041000366211,4.98,0.0,0
46907,99.59,26.709,0.0,0.0,453.07,0.0,0.0,0.0,5.732,0,2.0,0.9550000000000001,309.915,1.4516,33.42,35.58041000366211,4.98,0.0,0
46907,99.59,26.709,-0.5,0.0,453.009,0.0,0.0,0.0,5.732,0,4.0,0.965,309.915,3.1012,34.92,35.58041000366211,4.98,0.0,0
46907,99.931,26.709,0.0,0.0,452.88800000000003,0.0,0.0,0.0,5.732,0,2.0,0.995,309.915,1.8475000000000001,36.12,35.58041000366211,4.98,0.0,0
46907,99.931,26.709,0.0,0.0,452.88800000000003,0.0,0.0,0.0,5.732,0,1.0,0.995,309.825,1.4516,36.21,35.58041000366211,4.98,0.0,0
46907,99.59,26.709,-0.5,0.0,453.31100000000004,0.0,0.0,0.0,5.732,0,3.0,1.0150000000000001,309.825,0.6763,36.6,35.58041000366211,4.98,0.0,0
46907,99.931,26.709,0.0,0.0,453.432,0.0,0.0,0.0,5.732,0,4.0,1.0150000000000001,309.825,-2.2269,36.09,35.58041000366211,4.98,0.0,0
46907,99.76,26.709,-0.5,0.0,453.13,0.0,0.0,0.0,5.732,0,1.0,0.9450000000000001,309.825,-1.699,35.31,35.58041000366211,4.98,0.0,0
46907,99.931,26.709,0.0,0.0,453.372,0.0,0.0,0.0,5.732,0,4.0,0.97,309.915,2.2269,34.95,35.58041000366211,4.98,0.0,0
46907,99.419,26.709,0.0,0.0,453.07,0.0,0.0,0.0,5.732,0,3.0,1.01,309.825,-0.8578,35.550000000000004,35.58041000366211,4.98,0.0,0
46907,99.76,26.709,0.0,0.0,453.432,0.0,0.0,0.0,5.732,0,4.0,1.04,309.69,-2.2846,35.52,35.58041000366211,4.98,0.0,0
46907,99.931,26.699,0.0,0.0,453.55400000000003,0.0,0.0,0.0,5.732,0,2.0,1.01,309.825,-4.0084,34.95,35.58041000366211,4.98,0.0,0
46907,99.931,26.699,0.0,0.0,453.25100000000003,0.0,0.0,0.0,5.732,0,4.0,1.0150000000000001,309.825,-2.1774,34.47,35.58041000366211,4.98,0.0,0
46907,99.419,26.699,0.0,0.0,453.19100000000003,0.0,0.0,0.0,5.732,0,2.0,0.995,309.825,5.2126,33.45,35.58041000366211,4.98,0.0,0
46907,99.76,26.699,0.5,0.0,453.19100000000003,0.0,0.0,0.0,5.732,0,3.0,0.9500000000000001,309.915,2.029,33.39,35.58041000366211,4.98,0.0,0
46907,99.931,26.699,-0.5,0.0,453.07,0.0,0.0,0.0,5.732,0,4.0,1.0050000000000001,309.825,1.9547,33.480000000000004,35.58041000366211,4.98,0.0,0
46907,99.59,26.699,0.0,0.0,452.88800000000003,0.0,0.0,0.0,5.732,0,3.0,1.025,309.825,1.4516,34.32,35.58041000366211,4.98,0.0,0
46907,99.76,26.699,0.0,0.0,452.88800000000003,0.0,0.0,0.0,5.732,0,2.0,1.045,309.69,-3.2084,35.910000000000004,35.58041000366211,4.98,0.0,0
46907,99.76,26.699,0.0,0.0,453.19100000000003,0.0,0.0,0.0,5.732,0,2.0,1.025,309.825,-1.8475000000000001,36.57,35.58041000366211,4.98,0.0,0
46907,99.931,26.699,0.0,0.0,453.25100000000003,0.0,0.0,0.0,5.732,0,3.0,0.93,309.69,-2.2681,36.300000000000004,35.58041000366211,4.98,0.0,0
46907,99.931,26.699,0.0,0.0,453.009,0.0,0.0,0.0,5.732,0,1.0,0.985,309.825,3.6043000000000003,35.64,35.58041000366211,4.98,0.0,0
46907,99.931,26.699,0.0,0.0,453.07,0.0,0.0,0.0,5.732,0,3.0,1.025,309.69,-1.8063,34.44,35.58041000366211,4.98,0.0,0
46907,99.931,26.699,0.0,0.0,452.949,0.0,0.0,0.0,5.732,0,2.0,0.975,309.825,-2.0702000000000003,34.14,35.58041000366211,4.98,0.0,0
46907,99.59,26.699,0.0,0.0,452.88800000000003,0.0,0.0,0.0,5.732,0,2.0,1.035,309.915,2.6228000000000002,33.69,35.58041000366211,4.98,0.0,0
46907,99.76,26.699,0.0,0.0,453.009,0.0,0.0,0.0,5.732,0,3.0,1.0150000000000001,309.825,4.9899000000000004,34.29,35.58041000366211,4.98,0.0,0
46907,99.76,26.699,0.0,0.0,453.07,0.0,0.0,0.0,5.732,0,4.0,0.9550000000000001,309.825,-0.6598,33.87,35.58041000366211,4.98,0.0,0
46907,99.76,26.699,-0.5,0.0,452.88800000000003,0.0,0.0,0.0,5.732,0,3.0,1.0150000000000001,309.825,-0.7918000000000001,33.96,35.58041000366211,4.98,0.0,0
46907,99.59,26.699,0.0,0.0,453.009,0.0,0.0,0.0,5.732,0,1.0,0.98,309.915,0.0,34.410000000000004,35.58041000366211,4.98,0.0,0
46907,99.59,26.699,0.0,0.0,452.82800000000003,0.0,0.0,0.0,5.732,0,5.0,1.055,309.825,0.7918000000000001,34.02,35.58041000366211,4.98,0.0,0
46907,99.931,26.699,0.0,0.0,452.767,0.0,0.0,0.0,5.732,0,3.0,1.06,309.69,-2.0125,34.02,35.58041000366211,4.98,0.0,0
46907,99.76,26.699,-0.5,0.0,452.88800000000003,0.0,0.0,0.0,5.732,0,3.0,1.025,309.69,-7.785900000000001,35.07,35.58041000366211,4.98,0.0,0
46907,99.419,26.699,0.0,0.0,453.009,0.0,0.0,0.0,5.732,0,4.0,1.025,309.825,-2.3754,35.64,35.58041000366211,4.98,0.0,0
46907,99.931,26.699,0.0,0.0,452.82800000000003,0.0,0.0,0.0,5.732,0,2.0,0.97,309.915,8.7097,35.94,35.58041000366211,4.98,0.0,0
46907,99.419,26.689,0.0,0.0,452.707,0.0,0.0,0.0,5.732,0,1.0,1.07,309.825,3.596,35.910000000000004,35.58041000366211,4.98,0.0,0
46907,99.419,26.689,0.0,0.0,453.07,0.0,0.0,0.0,5.732,0,4.0,1.085,309.825,-4.0909,36.03,35.58041000366211,4.98,0.0,0
46907,99.931,26.689,0.0,0.0,453.372,0.0,0.0,0.0,5.732,0,1.0,0.93,309.69,0.6928000000000001,34.86,35.58041000366211,4.98,0.0,0
46907,99.76,26.689,0.0,0.0,453.19100000000003,0.0,0.0,0.0,5.732,0,2.0,0.97,309.69,-1.4516,34.74,35.58041000366211,4.98,0.0,0
46907,99.76,26.689,0.0,0.0,453.19100000000003,0.0,0.0,0.0,5.732,0,3.0,1.07,309.825,-2.1114,34.5,35.58041000366211,4.98,0.0,0
46907,99.931,26.689,0.0,0.0,453.07,0.0,0.0,0.0,5.732,0,4.0,1.0150000000000001,309.825,5.2786,34.62,35.58041000366211,4.98,0.0,0
46907,99.419,26.689,0.0,0.0,453.19100000000003,0.0,0.0,0.0,5.732,0,2.0,1.055,309.915,2.4743,34.35,35.58041000366211,4.98,0.0,0
46907,99.931,26.689,0.0,0.0,453.19100000000003,0.0,0.0,0.0,5.732,0,3.0,0.96,309.825,0.7918000000000001,34.410000000000004,35.58041000366211,4.98,0.0,0
46907,99.76,26.689,0.0,0.0,453.13,0.0,0.0,0.0,5.732,0,2.0,0.92,309.825,-0.5279,34.02,35.58041000366211,4.98,0.0,0
46907,99.59,26.689,0.0,0.0,453.372,0.0,0.0,0.0,5.732,0,2.0,0.995,309.825,-1.1877,34.2,35.58041000366211,4.98,0.0,0
46907,99.76,26.689,0.0,0.0,453.13,0.0,0.0,0.0,5.732,0,1.0,0.995,309.915,2.3094,34.71,35.58041000366211,4.98,0.0,0
46907,99.419,26.689,0.0,0.0,453.25100000000003,0.0,0.0,0.0,5.732,0,4.0,0.975,309.69,-3.2991,35.37,35.58041000366211,4.98,0.0,0
46907,99.59,26.689,0.0,0.0,453.372,0.0,0.0,0.0,5.732,0,2.0,0.985,309.69,-1.2207000000000001,36.24,35.58041000366211,4.98,0.0,0
46907,99.931,26.689,0.0,0.0,453.19100000000003,0.0,0.0,0.0,5.732,0,2.0,1.0050000000000001,309.825,-1.5836000000000001,36.45,35.58041000366211,4.98,0.0,0
46907,99.76,26.689,0.0,0.0,453.25100000000003,0.0,0.0,0.0,5.732,0,3.0,1.0,309.915,3.2661000000000002,36.300000000000004,35.58041000366211,4.98,0.0,0
46907,99.76,26.689,0.0,0.0,453.19100000000003,0.0,0.0,0.0,5.732,0,4.0,1.01,309.825,4.6188,35.910000000000004,35.58041000366211,4.98,0.0,0
46907,99.59,26.689,0.0,0.0,453.25100000000003,0.0,0.0,0.0,5.732,0,3.0,1.0050000000000001,309.69,-3.596,35.52,35.58041000366211,4.98,0.0,0
46907,99.59,26.689,0.0,0.0,453.19100000000003,0.0,0.0,0.0,5.732,0,5.0,1.0150000000000001,309.825,-3.6950000000000003,35.1,35.58041000366211,4.98,0.0,0
46907,99.931,26.689,0.0,0.0,453.372,0.0,0.0,0.0,5.732,0,4.0,1.04,309.69,1.6826,35.19,35.58041000366211,4.98,0.0,0
46907,99.59,26.689,0.0,0.0,453.19100000000003,0.0,0.0,0.0,5.732,0,1.0,1.0150000000000001,309.825,1.3196,34.26,35.58041000366211,4.98,0.0,0
46907,99.931,26.689,0.0,0.0,453.07,0.0,0.0,0.0,5.732,0,2.0,0.935,309.825,-0.7918000000000001,33.75,35.58041000366211,4.98,0.0,0
46907,99.931,26.68,-0.5,0.0,453.009,0.0,0.0,0.0,5.732,0,4.0,1.0,309.825,4.0909,33.42,35.58041000366211,4.98,0.0,0
46907,99.59,26.68,0.0,0.0,453.31100000000004,0.0,0.0,0.0,5.732,0,3.0,0.9450000000000001,309.915,0.9897,34.14,35.58041000366211,4.98,0.0,0
46907,99.931,26.68,0.5,0.0,453.13,0.0,0.0,0.0,5.732,0,2.0,1.08,309.825,-0.5279,35.160000000000004,35.58041000366211,4.98,0.0,0
46907,99.59,26.68,-0.5,0.0,453.13,0.0,0.0,0.0,5.732,0,3.0,1.075,309.915,-0.28040000000000004,35.19,35.58041000366211,4.98,0.0,0
46907,99.931,26.68,-0.5,0.0,452.82800000000003,0.0,0.0,0.0,5.732,0,4.0,0.975,309.825,1.7155,36.09,35.58041000366211,4.98,0.0,0
46907,99.59,26.68,0.0,0.0,453.009,0.0,0.0,0.0,5.732,0,2.0,0.9450000000000001,309.915,0.0,36.45,35.58041000366211,4.98,0.0,0
46907,99.76,26.68,0.0,0.0,453.07,0.0,0.0,0.0,5.732,0,4.0,1.04,309.69,-4.2641,36.81,35.58041000366211,4.98,0.0,0
46907,99.76,26.68,0.0,0.0,453.07,0.0,0.0,0.0,5.732,0,2.0,0.925,309.825,-1.1217000000000001,36.42,35.58041000366211,4.98,0.0,0
46907,99.76,26.68,0.0,0.0,453.07,0.0,0.0,0.0,5.732,0,3.0,1.025,309.915,1.1052,36.6,35.58041000366211,4.98,0.0,0
46907,99.76,26.68,0.0,0.0,453.25100000000003,0.0,0.0,0.0,5.732,0,2.0,1.0050000000000001,309.825,3.0764,36.39,35.58041000366211,4.98,0.0,0
46907,99.931,26.68,0.0,0.0,453.19100000000003,0.0,0.0,0.0,5.732,0,4.0,1.0150000000000001,309.69,-2.0042,35.67,35.58041000366211,4.98,0.0,0
46907,99.931,26.68,0.0,0.0,453.372,0.0,0.0,0.0,5.732,0,3.0,0.985,309.915,-5.0147,34.89,35.58041000366211,4.98,0.0,0
46907,99.76,26.68,0.0,0.0,453.55400000000003,0.0,0.0,0.0,5.732,0,1.0,1.045,309.825,0.9238000000000001,34.08,35.58041000366211,4.98,0.0,0
46907,99.931,26.68,0.5,0.0,453.07,0.0,0.0,0.0,5.732,0,2.0,1.06,309.825,6.837400000000001,34.32,35.58041000366211,4.98,0.0,0
46907,99.931,26.68,0.0,0.0,452.88800000000003,0.0,0.0,0.0,5.732,0,5.0,0.96,309.825,0.0,34.5,35.58041000366211,4.98,0.0,0
46907,99.931,26.68,0.0,0.0,453.009,0.0,0.0,0.0,5.732,0,2.0,1.01,309.825,-2.3094,34.38,35.58041000366211,4.98,0.0,0
46907,99.419,26.68,0.0,0.0,452.88800000000003,0.0,0.0,0.0,5.732,0,2.0,1.02,309.825,0.34640000000000004,34.77,35.58041000366211,4.98,0.0,0
46907,99.931,26.68,0.0,0.0,453.372,0.0,0.0,0.0,5.732,0,3.0,1.06,309.825,-1.1877,35.37,35.58041000366211,4.98,0.0,0
46907,99.59,26.68,0.0,0.0,452.949,0.0,0.0,0.0,5.732,0,3.0,1.055,309.915,-0.8578,35.730000000000004,35.58041000366211,4.98,0.0,0
46907,99.931,26.68,0.0,0.0,453.009,0.0,0.0,0.0,5.732,0,2.0,1.06,309.915,3.7445000000000004,36.03,35.58041000366211,4.98,0.0,0
46907,99.59,26.68,0.0,0.0,453.19100000000003,0.0,0.0,0.0,5.732,0,3.0,1.055,309.915,2.3341000000000003,36.09,35.58041000366211,4.98,0.0,0
46907,99.931,26.68,0.0,0.0,453.31100000000004,0.0,0.0,0.0,5.732,0,3.0,1.035,309.825,-0.9073,36.75,35.58041000366211,4.98,0.0,0
46907,99.931,26.67,0.0,0.0,453.19100000000003,0.0,0.0,0.0,5.732,0,3.0,1.105,309.825,-1.9795,36.63,35.58041000366211,4.98,0.0,0
46907,99.931,26.67,0.0,0.0,453.55400000000003,0.0,0.0,0.0,5.732,0,2.0,1.05,309.825,-1.1712,36.03,35.58041000366211,4.98,0.0,0
46907,99.931,26.67,0.0,0.0,453.19100000000003,0.0,0.0,0.0,5.732,0,3.0,1.02,309.825,-0.6433,34.65,35.58041000366211,4.98,0.0,0
46907,99.931,26.67,0.0,0.0,453.19100000000003,0.0,0.0,0.0,5.732,0,2.0,1.02,309.825,-1.4516,34.29,35.58041000366211,4.98,0.0,0
46907,99.931,26.67,0.0,0.0,453.19100000000003,0.0,0.0,0.0,5.732,0,2.0,1.035,309.825,0.0,33.24,35.58041000366211,4.98,0.0,0
46907,99.76,26.67,0.0,0.0,453.07,0.0,0.0,0.0,5.732,0,2.0,1.01,309.69,0.42060000000000003,33.0,35.58041000366211,4.98,0.0,0
46907,99.59,26.67,0.0,0.0,453.07,0.0,0.0,0.0,5.732,0,5.0,0.9500000000000001,309.69,-0.4289,33.03,35.58041000366211,4.98,0.0,0
46907,99.76,26.67,0.0,0.0,453.19100000000003,0.0,0.0,0.0,5.732,0,3.0,0.975,309.825,-0.132,34.26,35.58041000366211,4.98,0.0,0
46907,99.419,26.67,0.0,0.0,453.31100000000004,0.0,0.0,0.0,5.732,0,3.0,1.06,309.825,-0.7918000000000001,34.89,35.58041000366211,4.98,0.0,0
46907,99.419,26.67,0.0,0.0,453.55400000000003,0.0,0.0,0.0,5.732,0,3.0,1.04,309.825,1.4516,36.12,35.58041000366211,4.98,0.0,0
46907,99.931,26.67,0.0,0.0,453.19100000000003,0.0,0.0,0.0,5.732,0,3.0,0.97,309.915,2.0455,36.93,35.58041000366211,4.98,0.0,0
46907,99.76,26.67,0.0,0.0,453.31100000000004,0.0,0.0,0.0,5.732,0,3.0,0.96,309.915,3.6950000000000003,35.82,35.58041000366211,4.98,0.0,0
46907,99.931,26.67,0.0,0.0,453.13,0.0,0.0,0.0,5.732,0,4.0,0.965,309.915,-2.1774,35.550000000000004,35.58041000366211,4.98,0.0,0
46907,99.419,26.67,0.0,0.0,453.07,0.0,0.0,0.0,5.732,0,4.0,1.04,309.69,-4.2229,35.7,35.58041000366211,4.98,0.0,0
46907,99.76,26.67,0.0,0.0,453.19100000000003,0.0,0.0,0.0,5.732,0,2.0,0.98,309.825,2.7053000000000003,35.52,35.58041000366211,4.98,0.0,0
46907,99.931,26.67,0.0,0.0,453.19100000000003,0.0,0.0,0.0,5.732,0,3.0,0.97,309.915,-0.132,35.1,35.58041000366211,4.98,0.0,0
46907,99.76,26.67,0.0,0.0,453.19100000000003,0.0,0.0,0.0,5.732,0,5.0,0.9500000000000001,309.825,2.0125,34.65,35.58041000366211,4.98,0.0,0
46907,99.59,26.67,0.0,0.0,453.19100000000003,0.0,0.0,0.0,5.732,0,3.0,0.995,309.825,-0.7918000000000001,34.14,35.58041000366211,4.98,0.0,0
46907,99.76,26.67,0.0,0.0,453.009,0.0,0.0,0.0,5.732,0,2.0,1.06,309.69,-4.0579,33.87,35.58041000366211,4.98,0.0,0
46907,99.419,26.67,0.0,0.0,453.07,0.0,0.0,0.0,5.732,0,4.0,1.025,309.69,-4.2229,33.93,35.58041000366211,4.98,0.0,0
46907,99.419,26.67,0.0,0.0,453.25100000000003,0.0,0.0,0.0,5.732,0,3.0,1.02,309.825,-0.5279,33.9,35.58041000366211,4.98,0.0,0
46907,99.76,26.67,0.0,0.0,453.55400000000003,0.0,0.0,0.0,5.732,0,3.0,1.085,309.915,8.1818,34.56,35.58041000366211,4.98,0.0,0
46907,99.59,26.67,0.0,0.0,453.55400000000003,0.0,0.0,0.0,5.732,0,2.0,1.04,309.915,7.744700000000001,34.62,35.58041000366211,4.98,0.0,0
46907,99.76,26.67,0.0,0.0,453.372,0.0,0.0,0.0,5.732,0,3.0,1.0150000000000001,310.005,2.9775,35.64,35.58041000366211,4.98,0.0,0
46907,99.59,26.66,0.0,0.0,453.19100000000003,0.0,0.0,0.0,5.732,0,1.0,0.935,309.69,-3.7363000000000004,36.81,35.58041000366211,4.98,0.0,0
46907,99.419,26.66,0.0,0.0,453.009,0.0,0.0,0.0,5.732,0,2.0,0.995,309.915,-2.9032,35.94,35.58041000366211,4.98,0.0,0
46907,99.59,26.66,0.0,0.0,453.07,0.0,0.0,0.0,5.732,0,2.0,1.0150000000000001,309.825,1.3526,35.46,35.58041000366211,4.98,0.0,0
46907,99.931,26.66,0.0,0.0,453.07,0.0,0.0,0.0,5.732,0,2.0,0.985,309.915,3.2331000000000003,35.37,35.58041000366211,4.98,0.0,0
46907,99.76,26.66,0.0,0.0,452.949,0.0,0.0,0.0,5.732,0,2.0,1.0,309.915,0.0,35.25,35.58041000366211,4.98,0.0,0
46907,99.59,26.66,0.0,0.0,453.31100000000004,0.0,0.0,0.0,5.732,0,6.0,1.055,309.915,1.0557,35.13,35.58041000366211,4.98,0.0,0
46907,99.931,26.66,0.0,0.0,452.949,0.0,0.0,0.0,5.732,0,3.0,1.03,309.915,-2.1114,35.160000000000004,35.58041000366211,4.98,0.0,0
46907,99.419,26.66,0.0,0.0,453.19100000000003,0.0,0.0,0.0,5.732,0,3.0,0.97,309.915,-2.1939,34.77,35.58041000366211,4.98,0.0,0
46907,99.931,26.66,0.0,0.0,452.88800000000003,0.0,0.0,0.0,5.732,0,3.0,1.06,309.915,0.3299,34.29,35.58041000366211,4.98,0.0,0
46907,99.76,26.66,0.0,0.0,453.372,0.0,0.0,0.0,5.732,0,3.0,1.0050000000000001,309.915,1.6331,34.08,35.58041000366211,4.98,0.0,0
46907,99.931,26.66,0.0,0.0,453.13,0.0,0.0,0.0,5.732,0,2.0,1.035,309.69,-5.1714,34.14,35.58041000366211,4.98,0.0,0
46907,99.931,26.66,0.0,0.0,452.88800000000003,0.0,0.0,0.0,5.732,0,2.0,1.05,309.825,-2.1114,34.89,35.58041000366211,4.98,0.0,0
46907,99.76,26.66,0.0,0.0,453.19100000000003,0.0,0.0,0.0,5.732,0,5.0,1.04,309.69,4.1321,35.85,35.58041000366211,4.98,0.0,0
46907,99.931,26.66,-0.5,0.0,453.31100000000004,0.0,0.0,0.0,5.732,0,4.0,0.98,309.825,2.2434000000000003,36.27,35.58041000366211,4.98,0.0,0
46907,99.76,26.66,0.0,0.0,453.19100000000003,0.0,0.0,0.0,5.732,0,3.0,1.07,309.825,2.1114,36.21,35.58041000366211,4.98,0.0,0
46907,99.931,26.66,0.0,0.0,453.19100000000003,0.0,0.0,0.0,5.732,0,3.0,1.05,309.825,-1.3196,35.37,35.58041000366211,4.98,0.0,0
46907,99.59,26.66,0.0,0.0,452.88800000000003,0.0,0.0,0.0,5.732,0,3.0,0.9500000000000001,309.915,5.2786,35.49,35.58041000366211,4.98,0.0,0
46907,99.76,26.66,-0.5,0.0,453.07,0.0,0.0,0.0,5.732,0,2.0,1.01,309.825,2.9032,35.25,35.58041000366211,4.98,0.0,0
46907,99.931,26.66,0.0,0.0,453.19100000000003,0.0,0.0,0.0,5.732,0,3.0,1.09,309.825,-2.3754,34.800000000000004,35.58041000366211,4.98,0.0,0
46907,99.76,26.66,0.0,0.0,453.07,0.0,0.0,0.0,5.732,0,4.0,1.035,309.825,-2.5733,34.44,35.58041000366211,4.98,0.0,0
46907,99.59,26.66,-0.5,0.0,453.13,0.0,0.0,0.0,5.732,0,2.0,0.985,309.69,-1.4516,35.22,35.58041000366211,4.98,0.0,0
46907,99.931,26.66,-0.5,0.0,453.07,0.0,0.0,0.0,5.732,0,1.0,0.98,309.915,0.19790000000000002,35.34,35.58041000366211,4.98,0.0,0
46907,99.59,26.66,0.5,0.0,452.767,0.0,0.0,0.0,5.732,0,3.0,1.065,309.915,3.1672000000000002,34.68,35.58041000366211,4.98,0.0,0
46907,99.931,26.650000000000002,0.0,0.0,452.707,0.0,0.0,0.0,5.732,0,2.0,1.0150000000000001,309.915,3.794,33.12,35.58041000366211,4.98,0.0,0
46907,99.76,26.650000000000002,0.0,0.0,453.13,0.0,0.0,0.0,5.732,0,3.0,0.985,309.825,-1.8475000000000001,32.01,35.58041000366211,4.98,0.0,0
46907,99.76,26.650000000000002,-0.5,0.0,452.88800000000003,0.0,0.0,0.0,5.732,0,4.0,1.04,309.825,1.1217000000000001,32.55,35.58041000366211,4.98,0.0,0
46907,99.76,26.650000000000002,0.0,0.0,452.949,0.0,0.0,0.0,5.732,0,3.0,1.055,309.825,-0.5279,34.29,35.58041000366211,4.98,0.0,0
46907,99.59,26.650000000000002,0.0,0.0,452.88800000000003,0.0,0.0,0.0,5.732,0,2.0,1.025,309.825,-5.0147,35.910000000000004,35.58041000366211,4.98,0.0,0
46907,99.76,26.650000000000002,0.0,0.0,453.009,0.0,0.0,0.0,5.732,0,5.0,1.075,309.69,-3.1672000000000002,36.42,35.58041000366211,4.98,0.0,0
46907,99.59,26.650000000000002,0.0,0.0,453.19100000000003,0.0,0.0,0.0,5.732,0,3.0,1.0150000000000001,309.825,2.3754,36.09,35.58041000366211,4.98,0.0,0
46907,99.76,26.650000000000002,0.0,0.0,453.07,0.0,0.0,0.0,5.732,0,4.0,0.96,309.915,1.9795,35.160000000000004,35.58041000366211,4.98,0.0,0
46907,99.59,26.650000000000002,0.0,0.0,453.07,0.0,0.0,0.0,5.732,0,4.0,1.0050000000000001,309.915,3.0022,34.17,35.58041000366211,4.98,0.0,0
46907,99.931,26.650000000000002,0.0,0.0,453.432,0.0,0.0,0.0,5.732,0,4.0,1.055,309.825,-0.2639,33.63,35.58041000366211,4.98,0.0,0
46907,99.59,26.650000000000002,0.0,0.0,453.432,0.0,0.0,0.0,5.732,0,4.0,1.08,309.825,-4.4208,34.05,35.58041000366211,4.98,0.0,0
46907,99.931,26.650000000000002,0.0,0.0,453.13,0.0,0.0,0.0,5.732,0,3.0,1.035,309.825,-4.486800000000001,34.17,35.58041000366211,4.98,0.0,0
46907,99.931,26.650000000000002,0.0,0.0,453.009,0.0,0.0,0.0,5.732,0,4.0,0.97,309.825,0.0,33.660000000000004,35.58041000366211,4.98,0.0,0
46907,99.76,26.650000000000002,0.0,0.0,453.13,0.0,0.0,0.0,5.732,0,2.0,1.0,309.825,1.9795,33.15,35.58041000366211,4.98,0.0,0
46907,99.931,26.650000000000002,0.0,0.0,453.372,0.0,0.0,0.0,5.732,0,3.0,0.995,309.69,-2.8043,32.67,35.58041000366211,4.98,0.0,0
46907,99.931,26.650000000000002,0.0,0.0,453.31100000000004,0.0,0.0,0.0,5.732,0,3.0,0.965,310.005,1.8475000000000001,33.09,35.58041000366211,4.98,0.0,0
46907,99.931,26.650000000000002,-0.5,0.0,453.19100000000003,0.0,0.0,0.0,5.732,0,2.0,1.01,309.825,-0.5279,34.14,35.58041000366211,4.98,0.0,0
46907,99.59,26.650000000000002,0.5,0.0,453.19100000000003,0.0,0.0,0.0,5.732,0,1.0,1.02,309.825,0.7918000000000001,35.19,35.58041000366211,4.98,0.0,0
46907,99.931,26.650000000000002,0.0,0.0,453.19100000000003,0.0,0.0,0.0,5.732,0,3.0,1.055,309.915,1.6496000000000002,35.1,35.58041000366211,4.98,0.0,0
46907,99.76,26.650000000000002,0.0,0.0,453.19100000000003,0.0,0.0,0.0,5.732,0,3.0,1.05,309.915,3.1177,35.07,35.58041000366211,4.98,0.0,0
46907,99.76,26.650000000000002,0.0,0.0,453.372,0.0,0.0,0.0,5.732,0,3.0,0.9550000000000001,309.69,-1.8887,35.52,35.58041000366211,4.98,0.0,0
46907,99.931,26.650000000000002,0.0,0.0,453.07,0.0,0.0,0.0,5.732,0,2.0,0.995,309.825,-4.486800000000001,35.43,35.58041000366211,4.98,0.0,0
46907,99.59,26.650000000000002,0.0,0.0,453.19100000000003,0.0,0.0,0.0,5.732,0,3.0,0.985,309.825,1.996,34.410000000000004,35.58041000366211,4.98,0.0,0
46907,99.419,26.641000000000002,-1.0,0.0,453.25100000000003,0.0,0.0,0.0,5.732,0,2.0,1.0150000000000001,309.915,5.0394000000000005,33.96,35.58041000366211,4.98,0.0,0
46907,99.931,26.641000000000002,0.0,0.0,453.25100000000003,0.0,0.0,0.0,5.732,0,5.0,0.975,309.915,-1.2042000000000002,33.75,35.58041000366211,4.98,0.0,0
46907,99.59,26.641000000000002,0.0,0.0,453.009,0.0,0.0,0.0,5.732,0,3.0,1.08,309.915,1.1877,33.33,35.58041000366211,4.98,0.0,0
46907,99.76,26.641000000000002,0.0,0.0,453.07,0.0,0.0,0.0,5.732,0,2.0,1.06,309.825,0.5444,33.57,35.58041000366211,4.98,0.0,0
46907,99.76,26.641000000000002,0.0,0.0,453.19100000000003,0.0,0.0,0.0,5.732,0,3.0,1.0,309.915,-0.5444,33.24,35.58041000366211,4.98,0.0,0
46907,99.931,26.641000000000002,0.0,0.0,453.25100000000003,0.0,0.0,0.0,5.732,0,2.0,0.995,309.915,0.0,33.54,35.58041000366211,4.98,0.0,0
46907,99.76,26.641000000000002,0.0,0.0,453.19100000000003,0.0,0.0,0.0,5.732,0,2.0,1.055,309.825,1.0722,33.96,35.58041000366211,4.98,0.0,0
46907,99.931,26.641000000000002,0.0,0.0,453.19100000000003,0.0,0.0,-0.2,5.732,0,4.0,1.045,309.825,-1.963,34.230000000000004,35.58041000366211,4.98,0.0,0
46907,99.931,26.641000000000002,0.0,0.0,453.25100000000003,0.0,0.0,0.0,5.732,0,3.0,0.9500000000000001,309.915,-0.14850000000000002,34.800000000000004,35.58041000366211,4.98,0.0,0
46907,99.59,26.641000000000002,0.0,0.0,453.19100000000003,0.0,0.0,0.0,5.732,0,3.0,1.05,309.825,-2.4413,34.77,35.58041000366211,4.98,0.0,0
46907,99.76,26.641000000000002,0.0,0.0,453.19100000000003,0.0,0.0,0.0,5.732,0,2.0,1.055,309.915,1.2372,34.77,35.58041000366211,4.98,0.0,0
46907,99.931,26.641000000000002,0.0,0.0,453.07,0.0,0.0,0.0,5.732,0,5.0,0.995,309.825,3.2496,34.86,35.58041000366211,4.98,0.0,0
46907,99.76,26.641000000000002,0.0,0.0,453.19100000000003,0.0,0.0,0.0,5.732,0,3.0,1.06,309.825,0.0,35.22,35.58041000366211,4.98,0.0,0
46907,99.59,26.641000000000002,0.0,0.0,453.372,0.0,0.0,0.0,5.732,0,2.0,1.03,309.69,-4.3796,35.730000000000004,35.58041000366211,4.98,0.0,0
46907,99.931,26.641000000000002,0.0,0.0,453.494,0.0,0.0,0.0,5.732,0,3.0,1.01,309.915,-2.3754,34.89,35.58041000366211,4.98,0.0,0
46907,99.76,26.641000000000002,0.0,0.0,453.13,0.0,0.0,0.0,5.732,0,2.0,0.925,309.825,-0.19790000000000002,35.01,35.58041000366211,4.98,0.0,0
46907,99.931,26.641000000000002,0.0,0.0,453.13,0.0,0.0,0.0,5.732,0,1.0,0.98,309.915,3.3898,34.38,35.58041000366211,4.98,0.0,0
46907,99.59,26.641000000000002,0.0,0.0,453.31100000000004,0.0,0.0,0.0,5.732,0,3.0,1.0,309.69,0.1072,33.480000000000004,35.58041000366211,4.98,0.0,0
46907,99.931,26.641000000000002,0.0,0.0,453.31100000000004,0.0,0.0,0.0,5.732,0,4.0,1.045,309.69,-0.3629,33.36,35.58041000366211,4.98,0.0,0
46907,99.931,26.641000000000002,0.0,0.0,453.19100000000003,0.0,0.0,0.0,5.732,0,2.0,1.0,309.825,-0.39590000000000003,32.37,35.58041000366211,4.98,0.0,0
46907,99.419,26.641000000000002,-0.5,0.0,453.19100000000003,0.0,0.0,0.0,5.732,0,1.0,1.035,309.69,-1.1547,32.97,35.58041000366211,4.98,0.0,0
46907,99.931,26.641000000000002,0.0,0.0,452.949,0.0,0.0,0.0,5.732,0,5.0,0.96,309.825,0.5279,34.410000000000004,35.58041000366211,4.98,0.0,0
46907,99.931,26.641000000000002,0.0,0.0,452.949,0.0,0.0,0.0,5.732,0,4.0,0.995,309.825,2.3754,34.89,35.58041000366211,4.98,0.0,0
46907,99.931,26.641000000000002,0.0,0.0,453.31100000000004,0.0,0.0,0.0,5.732,0,3.0,1.03,309.825,4.0909,35.01,35.58041000366211,4.98,0.0,0
46907,99.931,26.631,0.0,0.0,453.13,0.0,0.0,0.0,5.732,0,3.0,1.0,309.825,-1.5836000000000001,35.1,35.58041000366211,4.98,0.0,0
46907,99.931,26.631,0.0,0.0,453.07,0.0,0.0,0.0,5.732,0,3.0,0.985,309.69,-4.3548,34.89,35.58041000366211,4.98,0.0,0
46907,99.59,26.631,0.0,0.0,453.55400000000003,0.0,0.0,0.0,5.732,0,3.0,0.96,309.825,-0.7918000000000001,34.92,35.58041000366211,4.98,0.0,0
46907,99.76,26.631,0.0,0.0,453.55400000000003,0.0,0.0,0.0,5.732,0,3.0,1.03,309.825,1.4516,34.800000000000004,35.58041000366211,4.98,0.0,0
46907,99.419,26.631,0.0,0.0,453.372,0.0,0.0,0.0,5.732,0,5.0,1.04,309.915,0.099,34.95,35.58041000366211,4.98,0.0,0
46907,99.931,26.631,0.0,0.0,453.07,0.0,0.0,0.0,5.732,0,3.0,1.05,309.825,0.132,34.980000000000004,35.58041000366211,4.98,0.0,0
46907,99.931,26.631,-0.5,0.0,452.88800000000003,0.0,0.0,0.0,5.732,0,5.0,1.03,309.825,0.5279,34.74,35.58041000366211,4.98,0.0,0
46907,99.931,26.631,0.0,0.0,453.25100000000003,0.0,0.0,0.0,5.732,0,5.0,0.985,309.915,1.0557,33.3,35.58041000366211,4.98,0.0,0
46907,99.59,26.631,0.0,0.0,453.372,0.0,0.0,0.0,5.732,0,2.0,1.0,309.915,-1.6496000000000002,32.52,35.58041000366211,4.98,0.0,0
46907,99.59,26.631,0.0,0.0,453.07,0.0,0.0,0.0,5.732,0,3.0,1.06,309.915,0.9238000000000001,32.19,35.58041000366211,4.98,0.0,0
46907,99.59,26.631,0.0,0.0,453.19100000000003,0.0,0.0,0.0,5.732,0,3.0,0.925,309.825,1.3856000000000002,33.9,35.58041000366211,4.98,0.0,0
46907,99.931,26.631,0.0,0.0,453.25100000000003,0.0,0.0,0.0,5.732,0,4.0,0.99,309.69,-5.4106000000000005,35.31,35.58041000366211,4.98,0.0,0
46907,99.931,26.631,0.0,0.0,453.07,0.0,0.0,0.0,5.732,0,3.0,1.0,309.825,-3.3651,36.39,35.58041000366211,4.98,0.0,0
46907,99.931,26.631,0.0,0.0,453.55400000000003,0.0,0.0,0.0,5.732,0,2.0,0.985,309.825,1.5836000000000001,35.97,35.58041000366211,4.98,0.0,0
46907,99.76,26.631,0.0,0.0,453.31100000000004,0.0,0.0,0.0,5.732,0,5.0,1.05,309.825,1.4846000000000001,35.160000000000004,35.58041000366211,4.98,0.0,0
46907,99.76,26.631,0.0,0.0,452.707,0.0,0.0,0.0,5.732,0,4.0,1.05,309.825,0.9238000000000001,34.86,35.58041000366211,4.98,0.0,0
46907,99.419,26.631,0.0,0.0,453.07,0.0,0.0,0.0,5.732,0,3.0,1.0150000000000001,309.825,1.5836000000000001,34.77,35.58041000366211,4.98,0.0,0
46907,99.76,26.631,0.0,0.0,453.19100000000003,0.0,0.0,0.0,5.732,0,3.0,0.925,309.825,-3.2991,35.46,35.58041000366211,4.98,0.0,0
46907,99.931,26.631,0.0,0.0,453.07,0.0,0.0,0.0,5.732,0,3.0,1.06,309.825,2.6393,35.37,35.58041000366211,4.98,0.0,0
46907,99.59,26.631,0.0,0.0,453.372,0.0,0.0,0.0,5.732,0,1.0,1.045,309.825,3.2991,35.28,35.58041000366211,4.98,0.0,0
46907,99.76,26.631,0.0,0.0,453.13,0.0,0.0,0.0,5.732,0,1.0,0.995,309.825,-2.6393,34.86,35.58041000366211,4.98,0.0,0
46907,99.931,26.631,0.0,0.0,453.25100000000003,0.0,0.0,0.0,5.732,0,6.0,1.08,310.005,0.39590000000000003,34.230000000000004,35.58041000366211,4.98,0.0,0
46907,99.59,26.631,0.0,0.0,453.372,0.0,0.0,0.0,5.732,0,4.0,0.98,309.825,1.0557,33.78,35.58041000366211,4.98,0.0,0
46907,99.419,26.621000000000002,0.0,0.0,453.19100000000003,0.0,0.0,0.0,5.732,0,2.0,0.935,309.915,3.563,33.84,35.58041000366211,4.98,0.0,0
46907,99.931,26.621000000000002,0.0,0.0,453.31100000000004,0.0,0.0,0.0,5.732,0,3.0,1.035,309.69,-1.8805,34.44,35.58041000366211,4.98,0.0,0
46907,99.931,26.621000000000002,0.0,0.0,453.31100000000004,0.0,0.0,0.0,5.732,0,4.0,0.975,309.69,-1.9877,34.59,35.58041000366211,4.98,0.0,0
46907,99.931,26.621000000000002,0.0,0.0,453.009,0.0,0.0,0.0,5.732,0,4.0,0.965,309.825,-2.0455,35.910000000000004,35.58041000366211,4.98,0.0,0
46907,99.76,26.621000000000002,0.0,0.0,453.07,0.0,0.0,0.0,5.732,0,3.0,0.925,309.825,-0.8413,36.84,35.58041000366211,4.98,0.0,0
46907,99.59,26.621000000000002,0.0,0.0,453.13,0.0,0.0,0.0,5.732,0,3.0,0.985,309.825,4.1321,36.57,35.58041000366211,4.98,0.0,0
46907,99.59,26.621000000000002,0.0,0.0,453.19100000000003,0.0,0.0,0.0,5.732,0,4.0,1.05,309.825,-0.2474,35.22,35.58041000366211,4.98,0.0,0
46907,99.76,26.621000000000002,0.0,0.0,453.07,0.0,0.0,0.0,5.732,0,2.0,1.01,309.915,-0.6763,35.19,35.58041000366211,4.98,0.0,0
46907,99.76,26.621000000000002,0.0,0.0,453.13,0.0,0.0,0.0,5.732,0,3.0,0.965,309.915,1.7155,35.79,35.58041000366211,4.98,0.0,0
46907,99.931,26.621000000000002,0.0,0.0,453.19100000000003,0.0,0.0,0.0,5.732,0,2.0,0.99,309.915,-0.6763,36.36,35.58041000366211,4.98,0.0,0
46907,99.419,26.621000000000002,0.0,0.0,453.372,0.0,0.0,0.0,5.732,0,4.0,1.045,309.915,-2.1939,35.58,35.58041000366211,4.98,0.0,0
46907,99.931,26.621000000000002,0.0,0.0,453.07,0.0,0.0,0.0,5.732,0,3.0,1.06,309.825,-0.18150000000000002,34.14,35.58041000366211,4.98,0.0,0
46907,99.59,26.621000000000002,0.0,0.0,453.07,0.0,0.0,0.0,5.732,0,4.0,1.01,309.915,-1.4681,32.88,35.58041000366211,4.98,0.0,0
46907,99.76,26.621000000000002,0.0,0.0,452.88800000000003,0.0,0.0,0.0,5.732,0,3.0,0.975,309.915,-0.19790000000000002,33.0,35.58041000366211,4.98,0.0,0
46907,99.419,26.621000000000002,0.0,0.0,453.25100000000003,0.0,0.0,0.0,5.732,0,2.0,1.04,309.69,0.2887,33.93,35.58041000366211,4.98,0.0,0
46907,99.931,26.621000000000002,0.0,0.0,453.432,0.0,0.0,0.0,5.732,0,4.0,1.05,309.915,-4.6188,35.19,35.58041000366211,4.98,0.0,0
46907,99.931,26.621000000000002,0.0,0.0,453.372,0.0,0.0,0.0,5.732,0,3.0,0.9550000000000001,309.915,-1.7815,36.36,35.58041000366211,4.98,0.0,0
46907,99.76,26.621000000000002,0.0,0.0,453.31100000000004,0.0,0.0,0.0,5.732,0,2.0,0.965,309.825,3.8682000000000003,37.44,35.58041000366211,4.98,0.0,0
46907,99.931,26.621000000000002,0.0,0.0,453.19100000000003,0.0,0.0,0.0,5.732,0,4.0,1.025,309.69,-1.5836000000000001,37.38,35.58041000366211,4.98,0.0,0
46907,99.931,26.621000000000002,0.0,0.0,453.07,0.0,0.0,0.0,5.732,0,2.0,1.045,309.825,-2.1609000000000003,36.33,35.58041000366211,4.98,0.0,0
46907,99.59,26.621000000000002,0.0,0.0,453.13,0.0,0.0,0.0,5.732,0,1.0,1.055,309.915,-0.39590000000000003,35.49,35.58041000366211,4.98,0.0,0
46907,99.931,26.621000000000002,0.0,0.0,453.19100000000003,0.0,0.0,0.0,5.732,0,5.0,1.06,309.915,0.2887,35.13,35.58041000366211,4.98,0.0,0
46907,99.931,26.621000000000002,0.0,0.0,453.009,0.0,0.0,0.0,5.732,0,4.0,1.02,309.825,1.3196,34.56,35.58041000366211,4.98,0.0,0
46907,99.931,26.621000000000002,-0.5,0.0,452.88800000000003,0.0,0.0,0.0,5.732,0,3.0,1.05,309.915,-1.3856000000000002,34.17,35.58041000366211,4.98,0.0,0
46907,99.76,26.621000000000002,0.0,0.0,453.13,0.0,0.0,0.0,5.732,0,1.0,0.985,309.69,-2.1774,34.2,35.58041000366211,4.98,0.0,0
46907,99.59,26.611,0.5,0.0,453.494,0.0,0.0,0.0,5.732,0,3.0,0.995,309.825,1.5176,34.14,35.58041000366211,4.98,0.0,0
46907,99.76,26.611,0.0,0.0,453.19100000000003,0.0,0.0,0.0,5.732,0,2.0,1.02,309.915,2.4249,34.17,35.58041000366211,4.98,0.0,0
46907,99.76,26.611,0.5,0.0,452.949,0.0,0.0,0.0,5.732,0,2.0,1.0,309.69,-0.19790000000000002,34.38,35.58041000366211,4.98,0.0,0
46907,99.931,26.611,0.0,0.0,453.25100000000003,0.0,0.0,0.0,5.732,0,3.0,0.995,309.915,-4.486800000000001,35.04,35.58041000366211,4.98,0.0,0
46907,99.931,26.611,0.0,0.0,453.07,0.0,0.0,0.0,5.732,0,3.0,0.99,309.825,-0.3794,35.64,35.58041000366211,4.98,0.0,0
46907,99.59,26.611,-0.5,0.0,453.07,0.0,0.0,0.0,5.732,0,4.0,1.085,309.69,1.5423,35.79,35.58041000366211,4.98,0.0,0
46907,99.59,26.611,0.0,0.0,453.19100000000003,0.0,0.0,0.0,5.732,0,2.0,1.085,309.825,-1.2372,36.21,35.58041000366211,4.98,0.0,0
46907,99.419,26.611,0.0,0.0,453.19100000000003,0.0,0.0,0.0,5.732,0,5.0,0.985,309.825,0.8578,35.910000000000004,35.58041000366211,4.98,0.0,0
46907,99.931,26.611,0.0,0.0,453.19100000000003,0.0,0.0,0.0,5.732,0,2.0,0.985,309.915,2.4001,36.06,35.58041000366211,4.98,0.0,0
46907,99.59,26.611,0.0,0.0,453.009,0.0,0.0,0.0,5.732,0,4.0,1.035,309.825,0.7918000000000001,36.18,35.58041000366211,4.98,0.0,0
46907,99.419,26.611,-0.5,0.0,453.19100000000003,0.0,0.0,0.0,5.732,0,1.0,1.05,309.825,1.0557,35.730000000000004,35.58041000366211,4.98,0.0,0
46907,99.931,26.611,0.0,0.0,453.19100000000003,0.0,0.0,0.0,5.732,0,5.0,1.08,309.915,-0.0165,34.44,35.58041000366211,4.98,0.0,0
46907,99.931,26.611,0.0,0.0,453.07,0.0,0.0,0.0,5.732,0,4.0,1.03,309.825,-4.2889,34.17,35.58041000366211,4.98,0.0,0
46907,99.76,26.611,0.0,0.0,452.88800000000003,0.0,0.0,0.0,5.732,0,4.0,1.07,309.825,-1.7650000000000001,34.29,35.58041000366211,4.98,0.0,0
46907,99.76,26.611,0.0,0.0,452.88800000000003,0.0,0.0,0.0,5.732,0,4.0,1.0,309.825,-1.1877,34.32,35.58041000366211,4.98,0.0,0
46907,99.931,26.611,0.0,0.0,452.949,0.0,0.0,0.0,5.732,0,5.0,0.975,309.825,1.6496000000000002,34.71,35.58041000366211,4.98,0.0,0
46907,99.76,26.611,-0.5,0.0,453.19100000000003,0.0,0.0,0.0,5.732,0,3.0,1.06,309.825,1.0557,35.13,35.58041000366211,4.98,0.0,0
46907,99.59,26.611,0.0,0.0,453.19100000000003,0.0,0.0,0.0,5.732,0,3.0,1.02,309.825,-0.5279,35.4,35.58041000366211,4.98,0.0,0
46907,99.419,26.611,0.0,0.0,453.07,0.0,0.0,0.0,5.732,0,3.0,1.02,309.915,1.5836000000000001,35.79,35.58041000366211,4.98,0.0,0
46907,99.931,26.611,0.0,0.0,452.949,0.0,0.0,0.0,5.732,0,3.0,0.975,309.69,-2.5403000000000002,36.0,35.58041000366211,4.98,0.0,0
46907,99.76,26.611,0.0,0.0,453.55400000000003,0.0,0.0,0.0,5.732,0,2.0,0.96,309.825,-1.9795,36.21,35.58041000366211,4.98,0.0,0
46907,99.76,26.611,0.0,0.0,453.19100000000003,0.0,0.0,0.0,5.732,0,2.0,0.98,309.825,2.4413,36.72,35.58041000366211,4.98,0.0,0
46907,99.419,26.611,0.0,0.0,453.372,0.0,0.0,0.0,5.732,0,4.0,1.02,309.825,2.7713,36.54,35.58041000366211,4.98,0.0,0
46907,99.76,26.611,0.0,0.0,453.07,0.0,0.0,0.0,5.732,0,1.0,0.97,309.825,-1.5836000000000001,36.18,35.58041000366211,4.98,0.0,0
46907,99.76,26.611,0.0,0.0,452.88800000000003,0.0,0.0,0.0,5.732,0,5.0,1.1,309.825,-1.5836000000000001,35.49,35.58041000366211,4.98,0.0,0
46907,99.76,26.602,0.0,0.0,453.19100000000003,0.0,0.0,0.0,5.732,0,2.0,1.035,309.69,-7.0271,35.28,35.58041000366211,4.98,0.0,0
46907,99.59,26.602,0.0,0.0,452.88800000000003,0.0,0.0,0.0,5.732,0,2.0,0.9500000000000001,309.825,0.132,34.74,35.58041000366211,4.98,0.0,0
46907,99.419,26.602,0.0,0.0,453.07,0.0,0.0,0.0,5.732,0,2.0,1.03,309.825,7.9179,34.230000000000004,35.58041000366211,4.98,0.0,0
46907,99.76,26.602,0.0,0.0,452.82800000000003,0.0,0.0,0.0,5.732,0,3.0,0.98,309.825,1.9795,34.05,35.58041000366211,4.98,0.0,0
46907,99.76,26.602,0.5,0.0,452.707,0.0,0.0,0.2,5.732,0,3.0,0.975,309.69,-3.596,34.56,35.58041000366211,4.98,0.0,0
46907,99.931,26.602,0.0,0.0,453.25100000000003,0.0,0.0,0.0,5.732,0,2.0,1.04,309.915,0.6598,34.92,35.58041000366211,4.98,0.0,0
46907,99.419,26.602,0.0,0.0,453.19100000000003,0.0,0.0,0.0,5.732,0,3.0,1.055,309.915,3.8930000000000002,35.25,35.58041000366211,4.98,0.0,0
46907,99.76,26.602,0.0,0.0,452.88800000000003,0.0,0.0,0.0,5.732,0,5.0,0.935,309.69,0.2639,35.82,35.58041000366211,4.98,0.0,0
46907,99.76,26.602,0.0,0.0,453.19100000000003,0.0,0.0,0.0,5.732,0,4.0,1.0050000000000001,309.915,0.2639,36.63,35.58041000366211,4.98,0.0,0
46907,99.76,26.602,0.0,0.0,453.07,0.0,0.0,0.0,5.732,0,3.0,1.065,309.69,-2.6393,36.480000000000004,35.58041000366211,4.98,0.0,0
46907,99.76,26.602,0.0,0.0,453.009,0.0,0.0,0.0,5.732,0,3.0,1.04,309.825,-0.8908,36.75,35.58041000366211,4.98,0.0,0
46907,99.76,26.602,0.0,0.0,453.25100000000003,0.0,0.0,0.0,5.732,0,2.0,1.0150000000000001,310.005,4.6188,36.12,35.58041000366211,4.98,0.0,0
46907,99.76,26.602,0.0,0.0,453.25100000000003,0.0,0.0,0.0,5.732,0,2.0,1.025,309.825,2.5403000000000002,36.03,35.58041000366211,4.98,0.0,0
46907,99.931,26.602,0.0,0.0,453.19100000000003,0.0,0.0,0.0,5.732,0,3.0,1.025,309.825,-3.1672000000000002,34.77,35.58041000366211,4.98,0.0,0
46907,99.59,26.602,0.0,0.0,453.19100000000003,0.0,0.0,0.0,5.732,0,4.0,1.055,309.915,-3.1837,34.71,35.58041000366211,4.98,0.0,0
46907,99.931,26.602,0.0,0.0,453.19100000000003,0.0,0.0,0.0,5.732,0,2.0,1.055,309.825,-1.8145,33.21,35.58041000366211,4.98,0.0,0
46907,99.76,26.602,0.0,0.0,453.372,0.0,0.0,0.0,5.732,0,3.0,1.0150000000000001,309.825,1.3196,31.95,35.58041000366211,4.98,0.0,0
46907,99.59,26.602,0.0,0.0,453.675,0.0,0.0,0.0,5.732,0,3.0,0.96,309.825,-1.3196,32.67,35.58041000366211,4.98,0.0,0
46907,99.76,26.602,-0.5,0.0,453.675,0.0,0.0,0.0,5.732,0,4.0,0.9500000000000001,309.825,0.7918000000000001,33.87,35.58041000366211,4.98,0.0,0
46907,99.931,26.602,0.0,0.0,453.494,0.0,0.0,0.0,5.732,0,2.0,0.965,309.825,1.3361,35.28,35.58041000366211,4.98,0.0,0
46907,99.931,26.602,0.0,0.0,453.13,0.0,0.0,0.0,5.732,0,3.0,1.115,309.825,-0.7918000000000001,37.02,35.58041000366211,4.98,0.0,0
46907,99.419,26.602,0.0,0.0,453.07,0.0,0.0,0.0,5.732,0,4.0,1.035,309.915,-0.2639,37.410000000000004,35.58041000366211,4.98,0.0,0
46907,99.931,26.602,0.0,0.0,453.372,0.0,0.0,0.0,5.732,0,3.0,0.97,309.69,2.7960000000000003,36.33,35.58041000366211,4.98,0.0,0
46907,99.419,26.602,0.0,0.0,453.25100000000003,0.0,0.0,0.0,5.732,0,2.0,0.965,309.825,-1.7815,34.95,35.58041000366211,4.98,0.0,0
46907,99.59,26.602,0.0,0.0,453.19100000000003,0.0,0.0,0.0,5.732,0,3.0,1.025,309.69,-2.2681,34.35,35.58041000366211,4.98,0.0,0
46907,99.59,26.602,0.0,0.0,453.19100000000003,0.0,0.0,0.0,5.732,0,3.0,1.055,309.915,3.9589000000000003,34.59,35.58041000366211,4.98,0.0,0
46907,99.931,26.592000000000002,0.0,0.0,453.009,0.0,0.0,0.0,5.732,0,4.0,1.05,309.69,1.4104,34.65,35.58041000366211,4.98,0.0,0
46907,99.931,26.592000000000002,0.0,0.0,453.07,0.0,0.0,0.0,5.732,0,4.0,1.025,309.915,0.6598,34.26,35.58041000366211,4.98,0.0,0
46907,99.931,26.592000000000002,0.0,0.0,453.55400000000003,0.0,0.0,0.0,5.732,0,2.0,0.9550000000000001,309.825,0.0825,34.02,35.58041000366211,4.98,0.0,0
46907,99.76,26.592000000000002,0.0,0.0,453.372,0.0,0.0,0.0,5.732,0,2.0,1.025,309.825,1.2702,33.72,35.58041000366211,4.98,0.0,0
46907,99.931,26.592000000000002,-0.5,0.0,453.372,0.0,0.0,0.0,5.732,0,4.0,1.1,309.825,-1.1712,33.69,35.58041000366211,4.98,0.0,0
46907,99.931,26.592000000000002,0.0,0.0,453.432,0.0,0.0,0.0,5.732,0,1.0,1.0150000000000001,309.915,3.2826,34.11,35.58041000366211,4.98,0.0,0
46907,99.931,26.592000000000002,0.0,0.0,453.494,0.0,0.0,0.0,5.732,0,2.0,1.055,309.915,-1.0062,34.62,35.58041000366211,4.98,0.0,0
46907,99.76,26.592000000000002,0.0,0.0,453.494,0.0,0.0,0.0,5.732,0,2.0,0.9550000000000001,309.915,-0.8578,34.62,35.58041000366211,4.98,0.0,0
46907,99.931,26.592000000000002,0.0,0.0,452.949,0.0,0.0,0.0,5.732,0,4.0,1.09,309.825,-3.9589000000000003,35.1,35.58041000366211,4.98,0.0,0
46907,99.931,26.592000000000002,0.0,0.0,452.88800000000003,0.0,0.0,0.0,5.732,0,3.0,1.12,309.825,-1.5176,36.09,35.58041000366211,4.98,0.0,0
46907,99.76,26.592000000000002,0.0,0.0,453.07,0.0,0.0,0.0,5.732,0,2.0,1.04,309.915,2.6393,36.24,35.58041000366211,4.98,0.0,0
46907,99.59,26.592000000000002,-0.5,0.0,453.19100000000003,0.0,0.0,0.0,5.732,0,5.0,0.96,309.825,1.8475000000000001,35.79,35.58041000366211,4.98,0.0,0
46907,99.931,26.592000000000002,0.0,0.0,453.13,0.0,0.0,0.0,5.732,0,3.0,0.99,309.915,-0.2639,34.980000000000004,35.58041000366211,4.98,0.0,0
46907,99.59,26.592000000000002,0.0,0.0,453.009,0.0,0.0,0.0,5.732,0,2.0,1.065,309.915,1.8475000000000001,35.28,35.58041000366211,4.98,0.0,0
46907,99.59,26.592000000000002,0.0,0.0,453.19100000000003,0.0,0.0,0.0,5.732,0,3.0,1.03,309.69,-0.7918000000000001,35.79,35.58041000366211,4.98,0.0,0
46907,99.76,26.592000000000002,0.0,0.0,453.07,0.0,0.0,0.0,5.732,0,6.0,1.03,309.69,-2.7383,36.36,35.58041000366211,4.98,0.0,0
46907,99.59,26.592000000000002,0.0,0.0,452.88800000000003,0.0,0.0,0.0,5.732,0,2.0,1.035,309.915,-0.2639,35.04,35.58041000366211,4.98,0.0,0
46907,99.76,26.592000000000002,0.0,0.0,452.88800000000003,0.0,0.0,0.0,5.732,0,2.0,0.965,309.825,-0.3629,33.12,35.58041000366211,4.98,0.0,0
46907,99.76,26.592000000000002,0.5,0.0,453.19100000000003,0.0,0.0,0.0,5.732,0,2.0,1.03,309.915,4.2229,32.25,35.58041000366211,4.98,0.0,0
46907,99.931,26.592000000000002,0.0,0.0,453.19100000000003,0.0,0.0,0.0,5.732,0,3.0,1.025,309.825,3.4971,32.4,35.58041000366211,4.98,0.0,0
46907,99.76,26.592000000000002,0.0,0.0,452.949,0.0,0.0,0.0,5.732,0,3.0,0.99,309.69,-3.2991,33.93,35.58041000366211,4.98,0.0,0
46907,99.76,26.592000000000002,-0.5,0.0,453.19100000000003,0.0,0.0,0.0,5.732,0,4.0,0.985,309.825,-1.7815,35.79,35.58041000366211,4.98,0.0,0
46907,99.76,26.592000000000002,0.0,0.0,453.13,0.0,0.0,0.0,5.732,0,3.0,1.09,309.825,2.2434000000000003,37.230000000000004,35.58041000366211,4.98,0.0,0
46907,99.931,26.592000000000002,0.0,0.0,453.19100000000003,0.0,0.0,0.0,5.732,0,3.0,1.035,309.6,-0.9897,37.08,35.58041000366211,4.98,0.0,0
46907,99.59,26.592000000000002,0.0,0.0,453.19100000000003,0.0,0.0,0.0,5.732,0,3.0,1.02,309.825,-1.7155,35.82,35.58041000366211,4.98,0.0,0
46907,99.59,26.592000000000002,0.0,0.0,453.19100000000003,0.0,0.0,0.0,5.732,0,5.0,1.04,309.915,2.8372,34.59,35.58041000366211,4.98,0.0,0
46907,99.76,26.592000000000002,0.0,0.0,453.19100000000003,0.0,0.0,0.0,5.732,0,3.0,1.065,309.915,3.2166,34.53,35.58041000366211,4.98,0.0,0
46907,99.76,26.592000000000002,0.0,0.0,453.372,0.0,0.0,0.0,5.732,0,5.0,0.9500000000000001,309.825,4.6435,33.93,35.58041000366211,4.98,0.0,0
46907,99.931,26.582,0.0,0.0,452.88800000000003,0.0,0.0,0.0,5.732,0,3.0,1.0050000000000001,309.69,-3.6043000000000003,33.72,35.58041000366211,4.98,0.0,0
46907,99.931,26.582,0.0,0.0,453.13,0.0,0.0,0.0,5.732,0,3.0,1.04,310.005,-2.3259000000000003,33.9,35.58041000366211,4.98,0.0,0
46907,99.419,26.582,0.0,0.0,452.88800000000003,0.0,0.0,0.0,5.732,0,2.0,1.035,309.69,0.17320000000000002,34.08,35.58041000366211,4.98,0.0,0
46907,99.931,26.582,0.0,0.0,453.07,0.0,0.0,0.0,5.732,0,2.0,0.9,309.825,3.2744,34.11,35.58041000366211,4.98,0.0,0
46907,99.76,26.582,0.0,0.0,452.949,0.0,0.0,0.0,5.732,0,4.0,0.98,309.915,-0.7423000000000001,33.87,35.58041000366211,4.98,0.0,0
46907,99.76,26.582,0.0,0.0,453.372,0.0,0.0,0.0,5.732,0,3.0,0.995,309.825,0.43710000000000004,33.6,35.58041000366211,4.98,0.0,0
46907,99.59,26.582,0.0,0.0,453.25100000000003,0.0,0.0,0.0,5.732,0,3.0,1.085,309.825,0.28040000000000004,33.84,35.58041000366211,4.98,0.0,0
46907,99.59,26.582,0.0,0.0,453.31100000000004,0.0,0.0,0.0,5.732,0,4.0,1.085,309.69,-0.8825000000000001,34.62,35.58041000366211,4.98,0.0,0
46907,99.931,26.582,0.0,0.0,453.19100000000003,0.0,0.0,0.0,5.732,0,5.0,1.0150000000000001,309.825,-2.7053000000000003,35.22,35.58041000366211,4.98,0.0,0
46907,99.931,26.582,0.0,0.0,453.19100000000003,0.0,0.0,0.0,5.732,0,2.0,1.01,309.915,-0.34640000000000004,35.88,35.58041000366211,4.98,0.0,0
46907,99.249,26.582,0.0,0.0,453.25100000000003,0.0,0.0,0.0,5.732,0,4.0,1.025,309.915,4.9322,36.54,35.58041000366211,4.98,0.0,0
46907,99.931,26.582,0.0,0.0,452.88800000000003,0.0,0.0,0.0,5.732,0,3.0,1.09,309.915,3.6785,35.97,35.58041000366211,4.98,0.0,0
46907,99.931,26.582,0.0,0.0,452.949,0.0,0.0,0.0,5.732,0,3.0,1.01,309.825,-1.1877,35.13,35.58041000366211,4.98,0.0,0
46907,99.59,26.582,0.0,0.0,453.009,0.0,0.0,0.0,5.732,0,4.0,0.985,309.825,-4.2064,34.65,35.58041000366211,4.98,0.0,0
46907,99.419,26.582,0.0,0.0,452.949,0.0,0.0,0.0,5.732,0,4.0,0.975,309.915,0.6598,33.660000000000004,35.58041000366211,4.98,0.0,0
46907,99.419,26.582,0.0,0.0,453.07,0.0,0.0,0.0,5.732,0,3.0,1.02,309.915,1.2372,34.59,35.58041000366211,4.98,0.0,0
46907,99.76,26.582,0.0,0.0,452.707,0.0,0.0,0.0,5.732,0,2.0,1.075,309.825,-0.3299,34.71,35.58041000366211,4.98,0.0,0
46907,99.931,26.582,0.0,0.0,453.009,0.0,0.0,0.0,5.732,0,4.0,1.025,309.915,-0.066,34.08,35.58041000366211,4.98,0.0,0
46907,99.931,26.582,-0.5,0.0,452.949,0.0,0.0,0.0,5.732,0,3.0,1.035,309.915,0.132,33.75,35.58041000366211,4.98,0.0,0
46907,99.76,26.582,0.0,0.0,453.13,0.0,0.0,0.0,5.732,0,1.0,0.995,309.915,0.7093,33.6,35.58041000366211,4.98,0.0,0
46907,99.59,26.582,0.0,0.0,453.55400000000003,0.0,0.0,0.0,5.732,0,3.0,0.9450000000000001,309.915,2.029,34.71,35.58041000366211,4.98,0.0,0
46907,99.76,26.582,0.0,0.0,453.372,0.0,0.0,0.0,5.732,0,3.0,1.035,309.825,1.4021000000000001,36.06,35.58041000366211,4.98,0.0,0
46907,99.931,26.582,0.0,0.0,453.25100000000003,0.0,0.0,0.0,5.732,0,4.0,1.095,309.915,-2.7713,35.94,35.58041000366211,4.98,0.0,0
46907,99.76,26.582,0.0,0.0,452.88800000000003,0.0,0.0,0.0,5.732,0,2.0,1.0150000000000001,309.825,-2.2269,36.0,35.58041000366211,4.98,0.0,0
46907,99.76,26.582,0.0,0.0,452.949,0.0,0.0,0.0,5.732,0,3.0,0.9500000000000001,309.825,-0.6598,36.51,35.58041000366211,4.98,0.0,0
46907,99.76,26.582,0.0,0.0,453.55400000000003,0.0,0.0,0.0,5.732,0,3.0,1.025,309.825,-5.79,36.09,35.58041000366211,4.98,0.0,0
46907,99.76,26.572000000000003,0.0,0.0,453.494,0.0,0.0,0.0,5.732,0,3.0,1.02,309.915,3.9424,35.4,35.58041000366211,4.98,0.0,0
46907,99.59,26.572000000000003,-0.5,0.0,453.372,0.0,0.0,0.0,5.732,0,2.0,1.03,309.915,4.998200000000001,34.44,35.58041000366211,4.98,0.0,0
46907,99.419,26.572000000000003,-0.5,0.0,453.19100000000003,0.0,0.0,0.0,5.732,0,3.0,0.995,309.825,0.1072,34.86,35.58041000366211,4.98,0.0,0
46907,99.76,26.572000000000003,0.0,0.0,453.19100000000003,0.0,0.0,0.0,5.732,0,2.0,1.04,309.825,-1.3196,34.800000000000004,35.58041000366211,4.98,0.0,0
46907,99.931,26.572000000000003,-0.5,0.0,453.372,0.0,0.0,0.0,5.732,0,2.0,0.9500000000000001,309.915,0.5279,34.14,35.58041000366211,4.98,0.0,0
46907,99.931,26.572000000000003,0.0,0.0,453.009,0.0,0.0,0.0,5.732,0,2.0,0.96,309.825,-1.3196,34.35,35.58041000366211,4.98,0.0,0
46907,99.931,26.572000000000003,0.0,0.0,453.372,0.0,0.0,0.0,5.732,0,5.0,1.085,309.825,-3.6950000000000003,35.07,35.58041000366211,4.98,0.0,0
46907,99.419,26.572000000000003,0.0,0.0,453.19100000000003,0.0,0.0,0.0,5.732,0,2.0,1.03,309.825,-1.4516,35.46,35.58041000366211,4.98,0.0,0
46907,99.931,26.572000000000003,0.0,0.0,453.31100000000004,0.0,0.0,0.0,5.732,0,3.0,0.965,309.825,3.4311000000000003,35.94,35.58041000366211,4.98,0.0,0
46907,99.59,26.572000000000003,0.0,0.0,453.19100000000003,0.0,0.0,0.0,5.732,0,4.0,1.0,309.825,-3.563,35.730000000000004,35.58041000366211,4.98,0.0,0
46907,99.931,26.572000000000003,0.0,0.0,452.767,0.0,0.0,0.0,5.732,0,4.0,1.01,309.915,2.0455,35.7,35.58041000366211,4.98,0.0,0
46907,99.419,26.572000000000003,0.0,0.0,452.949,0.0,0.0,0.0,5.732,0,2.0,1.0,309.825,0.7918000000000001,36.06,35.58041000366211,4.98,0.0,0
46907,99.59,26.572000000000003,0.0,0.0,452.949,0.0,0.0,0.0,5.732,0,4.0,1.025,309.915,-0.5938,35.52,35.58041000366211,4.98,0.0,0
46907,99.931,26.572000000000003,0.0,0.0,452.88800000000003,0.0,0.0,0.0,5.732,0,5.0,1.05,309.915,4.3548,35.910000000000004,35.58041000366211,4.98,0.0,0
46907,99.76,26.572000000000003,0.0,0.0,452.949,0.0,0.0,0.0,5.732,0,3.0,0.985,309.825,1.5836000000000001,36.09,35.58041000366211,4.98,0.0,0
46907,99.59,26.572000000000003,0.0,0.0,453.13,0.0,0.0,0.0,5.732,0,2.0,0.965,309.825,-2.6393,35.43,35.58041000366211,4.98,0.0,0
46907,99.931,26.572000000000003,0.0,0.0,453.31100000000004,0.0,0.0,0.0,5.732,0,3.0,1.055,309.825,-0.9897,34.77,35.58041000366211,4.98,0.0,0
46907,99.59,26.572000000000003,0.0,0.0,453.25100000000003,0.0,0.0,0.0,5.732,0,2.0,1.02,309.915,1.8475000000000001,34.02,35.58041000366211,4.98,0.0,0
46907,99.931,26.572000000000003,0.0,0.0,453.07,0.0,0.0,0.0,5.732,0,2.0,1.0,309.915,-0.066,33.36,35.58041000366211,4.98,0.0,0
46907,99.931,26.572000000000003,0.0,0.0,452.82800000000003,0.0,0.0,0.0,5.732,0,3.0,1.025,309.915,1.5836000000000001,34.11,35.58041000366211,4.98,0.0,0
46907,99.931,26.572000000000003,0.0,0.0,453.009,0.0,0.0,0.0,5.732,0,3.0,1.05,309.915,-2.9032,34.77,35.58041000366211,4.98,0.0,0
46907,99.59,26.572000000000003,0.0,0.0,452.767,0.0,0.0,0.0,5.732,0,1.0,0.965,309.69,-6.5982,35.58,35.58041000366211,4.98,0.0,0
46907,99.59,26.572000000000003,0.0,0.0,452.949,0.0,0.0,0.0,5.732,0,3.0,1.025,309.915,-0.2639,36.42,35.58041000366211,4.98,0.0,0
46907,99.931,26.572000000000003,0.0,0.0,453.31100000000004,0.0,0.0,0.0,5.732,0,3.0,0.9450000000000001,309.825,-0.132,36.15,35.58041000366211,4.98,0.0,0
46907,99.76,26.572000000000003,0.0,0.0,453.25100000000003,0.0,0.0,0.0,5.732,0,1.0,0.98,309.915,0.3629,35.7,35.58041000366211,4.98,0.0,0
46907,99.931,26.572000000000003,0.0,0.0,453.07,0.0,0.0,0.0,5.732,0,2.0,1.035,309.915,-1.1877,35.4,35.58041000366211,4.98,0.0,0
46907,99.931,26.572000000000003,0.0,0.0,453.432,0.0,0.0,0.0,5.732,0,3.0,0.995,309.825,1.5836000000000001,35.52,35.58041000366211,4.98,0.0,0
46907,99.931,26.572000000000003,-0.5,0.0,453.31100000000004,0.0,0.0,0.0,5.732,0,3.0,1.01,309.915,-0.5279,35.88,35.58041000366211,4.98,0.0,0
46907,99.76,26.572000000000003,0.0,0.0,453.07,0.0,0.0,0.0,5.732,0,3.0,0.985,309.825,-3.8930000000000002,35.82,35.58041000366211,4.98,0.0,0
46907,99.59,26.572000000000003,0.0,0.0,452.82800000000003,0.0,0.0,0.0,5.732,0,4.0,1.01,309.825,0.7918000000000001,35.37,35.58041000366211,4.98,0.0,0
46907,99.59,26.563000000000002,-0.5,0.0,452.88800000000003,0.0,0.0,0.0,5.732,0,4.0,1.085,309.825,0.5938,34.71,35.58041000366211,4.98,0.0,0
46907,99.76,26.563000000000002,-0.5,0.0,452.88800000000003,0.0,0.0,0.0,5.732,0,3.0,1.045,309.825,0.0,33.3,35.58041000366211,4.98,0.0,0
46907,99.931,26.563000000000002,0.0,0.0,453.19100000000003,0.0,0.0,0.0,5.732,0,2.0,1.02,309.915,0.9897,32.94,35.58041000366211,4.98,0.0,0
46907,99.419,26.563000000000002,0.0,0.0,453.009,0.0,0.0,0.0,5.732,0,3.0,0.9550000000000001,309.825,0.7918000000000001,33.18,35.58041000366211,4.98,0.0,0
46907,99.76,26.563000000000002,0.0,0.0,453.009,0.0,0.0,0.0,5.732,0,3.0,1.01,309.915,1.1712,33.18,35.58041000366211,4.98,0.0,0
46907,99.931,26.563000000000002,-0.5,0.0,453.07,0.0,0.0,0.0,5.732,0,3.0,0.99,309.915,-0.47840000000000005,34.800000000000004,35.58041000366211,4.98,0.0,0
46907,99.76,26.563000000000002,0.0,0.0,453.07,0.0,0.0,0.0,5.732,0,3.0,1.05,309.825,-3.9424,35.7,35.58041000366211,4.98,0.0,0
46907,99.931,26.563000000000002,0.0,0.0,453.19100000000003,0.0,0.0,0.0,5.732,0,6.0,1.0150000000000001,309.825,0.2639,36.24,35.58041000366211,4.98,0.0,0
46907,99.59,26.563000000000002,0.0,0.0,453.19100000000003,0.0,0.0,0.0,5.732,0,3.0,1.085,309.825,1.798,36.69,35.58041000366211,4.98,0.0,0
46907,99.931,26.563000000000002,0.0,0.0,452.707,0.0,0.0,0.0,5.732,0,2.0,1.035,309.825,-0.0247,36.21,35.58041000366211,4.98,0.0,0
46907,99.419,26.563000000000002,0.0,0.0,452.767,0.0,0.0,0.0,5.732,0,3.0,1.07,309.825,0.7918000000000001,35.61,35.58041000366211,4.98,0.0,0
46907,99.931,26.563000000000002,0.0,0.0,452.82800000000003,0.0,0.0,0.0,5.732,0,4.0,1.025,309.825,-0.1155,35.85,35.58041000366211,4.98,0.0,0
46907,99.76,26.563000000000002,-0.5,0.0,453.07,0.0,0.0,0.0,5.732,0,3.0,1.01,309.915,0.7753,35.67,35.58041000366211,4.98,0.0,0
46907,99.76,26.563000000000002,0.0,0.0,452.88800000000003,0.0,0.0,0.0,5.732,0,1.0,0.93,309.825,1.732,35.67,35.58041000366211,4.98,0.0,0
46907,99.76,26.563000000000002,0.0,0.0,453.25100000000003,0.0,0.0,0.0,5.732,0,4.0,1.055,309.825,-4.2889,34.35,35.58041000366211,4.98,0.0,0
46907,99.76,26.563000000000002,0.0,0.0,453.07,0.0,0.0,0.0,5.732,0,3.0,1.09,309.915,-2.0620000000000003,33.81,35.58041000366211,4.98,0.0,0
46907,99.419,26.563000000000002,0.0,0.0,452.82800000000003,0.0,0.0,0.0,5.732,0,2.0,1.03,309.825,4.9487000000000005,33.6,35.58041000366211,4.98,0.0,0
46907,99.59,26.563000000000002,0.0,0.0,453.13,0.0,0.0,0.0,5.732,0,5.0,0.97,309.825,1.8228000000000002,33.54,35.58041000366211,4.98,0.0,0
46907,99.931,26.563000000000002,0.0,0.0,453.13,0.0,0.0,0.0,5.732,0,4.0,1.05,309.915,-3.1672000000000002,34.86,35.58041000366211,4.98,0.0,0
46907,99.59,26.563000000000002,0.0,0.0,453.009,0.0,0.0,0.0,5.732,0,2.0,1.105,309.825,-2.9527,36.54,35.58041000366211,4.98,0.0,0
46907,99.76,26.563000000000002,0.0,0.0,453.009,0.0,0.0,0.0,5.732,0,2.0,0.905,309.825,1.1217000000000001,37.26,35.58041000366211,4.98,0.0,0
46907,99.931,26.563000000000002,0.0,0.0,453.25100000000003,0.0,0.0,0.0,5.732,0,4.0,0.975,309.825,1.9135000000000002,36.81,35.58041000366211,4.98,0.0,0
46907,99.931,26.563000000000002,0.0,0.0,453.19100000000003,0.0,0.0,0.0,5.732,0,4.0,0.99,309.825,-0.7918000000000001,35.58,35.58041000366211,4.98,0.0,0
46907,99.76,26.563000000000002,0.0,0.0,453.07,0.0,0.0,0.0,5.732,0,1.0,1.065,309.915,1.1877,34.95,35.58041000366211,4.98,0.0,0
46907,99.419,26.563000000000002,0.0,0.0,453.19100000000003,0.0,0.0,0.0,5.732,0,4.0,1.05,309.825,0.7918000000000001,35.1,35.58041000366211,4.98,0.0,0
46907,99.931,26.563000000000002,0.0,0.0,452.88800000000003,0.0,0.0,0.0,5.732,0,6.0,0.9500000000000001,309.825,-1.8475000000000001,35.22,35.58041000366211,4.98,0.0,0
46907,99.931,26.563000000000002,0.0,0.0,453.009,0.0,0.0,0.0,5.732,0,2.0,0.9450000000000001,309.825,-1.4351,35.37,35.58041000366211,4.98,0.0,0
46907,99.76,26.563000000000002,0.0,0.0,452.88800000000003,0.0,0.0,0.0,5.732,0,2.0,1.04,309.915,2.8867000000000003,35.07,35.58041000366211,4.98,0.0,0
46907,99.931,26.563000000000002,0.0,0.0,452.767,0.0,0.0,0.0,5.732,0,5.0,1.065,309.825,0.7918000000000001,34.02,35.58041000366211,4.98,0.0,0
46907,99.76,26.553,0.0,0.0,452.88800000000003,0.0,0.0,0.0,5.732,0,3.0,1.0150000000000001,309.825,-0.39590000000000003,33.0,35.58041000366211,4.98,0.0,0
46907,99.76,26.553,0.5,0.0,452.949,0.0,0.0,0.0,5.732,0,2.0,1.0150000000000001,309.825,0.41240000000000004,33.03,35.58041000366211,4.98,0.0,0
46907,99.931,26.553,0.0,0.0,452.949,0.0,0.0,0.0,5.732,0,3.0,1.06,309.915,0.6433,33.87,35.58041000366211,4.98,0.0,0
46907,99.76,26.553,0.0,0.0,453.13,0.0,0.0,0.0,5.732,0,3.0,1.0050000000000001,309.69,-1.0310000000000001,35.52,35.58041000366211,4.98,0.0,0
46907,99.931,26.553,0.0,0.0,453.07,0.0,0.0,0.0,5.732,0,3.0,0.9400000000000001,309.69,-3.2579000000000002,37.17,35.58041000366211,4.98,0.0,0
46907,99.59,26.553,-0.5,0.0,452.949,0.0,0.0,0.0,5.732,0,5.0,1.0150000000000001,309.825,-0.5114000000000001,36.87,35.58041000366211,4.98,0.0,0
46907,99.76,26.553,0.5,0.0,452.949,0.0,0.0,0.0,5.732,0,3.0,1.085,309.825,0.066,36.81,35.58041000366211,4.98,0.0,0
46907,99.419,26.553,0.0,0.0,452.88800000000003,0.0,0.0,0.0,5.732,0,4.0,1.0050000000000001,309.915,5.5425,36.39,35.58041000366211,4.98,0.0,0
46907,99.931,26.553,0.0,0.0,452.707,0.0,0.0,0.0,5.732,0,3.0,1.035,309.69,0.5279,35.160000000000004,35.58041000366211,4.98,0.0,0
46907,99.76,26.553,-0.5,0.0,452.88800000000003,0.0,0.0,0.0,5.732,0,4.0,0.93,309.69,-4.486800000000001,34.35,35.58041000366211,4.98,0.0,0
46907,99.76,26.553,0.0,0.0,452.949,0.0,0.0,0.0,5.732,0,3.0,1.02,309.915,0.0,34.05,35.58041000366211,4.98,0.0,0
46907,99.931,26.553,0.0,0.0,453.07,0.0,0.0,0.0,5.732,0,2.0,1.0050000000000001,309.825,4.486800000000001,34.05,35.58041000366211,4.98,0.0,0
46907,99.931,26.553,0.0,0.0,452.949,0.0,0.0,0.0,5.732,0,5.0,1.045,309.825,-0.6268,33.63,35.58041000366211,4.98,0.0,0
46907,99.931,26.553,-0.5,0.0,452.88800000000003,0.0,0.0,0.0,5.732,0,3.0,1.045,309.825,-3.1672000000000002,33.9,35.58041000366211,4.98,0.0,0
46907,99.931,26.553,0.0,0.0,452.586,0.0,0.0,0.0,5.732,0,3.0,1.0150000000000001,309.915,-1.3856000000000002,33.57,35.58041000366211,4.98,0.0,0
46907,99.249,26.553,0.0,0.0,452.82800000000003,0.0,0.0,0.0,5.732,0,3.0,1.055,309.915,0.2639,33.57,35.58041000366211,4.98,0.0,0
46907,99.419,26.553,0.0,0.0,452.82800000000003,0.0,0.0,0.0,5.732,0,4.0,1.055,309.825,3.1672000000000002,33.9,35.58041000366211,4.98,0.0,0
46907,99.931,26.553,0.0,0.0,453.009,0.0,0.0,0.0,5.732,0,3.0,0.98,309.915,1.4516,34.47,35.58041000366211,4.98,0.0,0
46907,99.59,26.553,0.0,0.0,452.88800000000003,0.0,0.0,0.0,5.732,0,4.0,0.985,309.69,-1.9465000000000001,35.58,35.58041000366211,4.98,0.0,0
46907,99.931,26.553,0.0,0.0,453.07,0.0,0.0,0.0,5.732,0,3.0,1.02,309.915,-0.39590000000000003,35.730000000000004,35.58041000366211,4.98,0.0,0
46907,99.931,26.553,0.0,0.0,452.949,0.0,0.0,0.0,5.732,0,3.0,1.0150000000000001,309.915,-0.2639,35.550000000000004,35.58041000366211,4.98,0.0,0
46907,99.76,26.553,0.0,0.0,452.767,0.0,0.0,0.0,5.732,0,2.0,1.04,309.825,1.4516,34.86,35.58041000366211,4.98,0.0,0
46907,99.76,26.553,0.0,0.0,452.88800000000003,0.0,0.0,0.0,5.732,0,4.0,1.0150000000000001,309.825,-0.19790000000000002,34.44,35.58041000366211,4.98,0.0,0
46907,99.931,26.553,0.0,0.0,452.82800000000003,0.0,0.0,0.0,5.732,0,3.0,1.045,309.825,0.132,34.38,35.58041000366211,4.98,0.0,0
46907,99.931,26.553,-0.5,0.0,453.07,0.0,0.0,0.0,5.732,0,3.0,1.03,309.825,1.5836000000000001,33.6,35.58041000366211,4.98,0.0,0
46907,99.931,26.553,0.0,0.0,452.88800000000003,0.0,0.0,0.0,5.732,0,5.0,0.92,309.825,0.2639,33.57,35.58041000366211,4.98,0.0,0
46907,99.419,26.553,-0.5,0.0,452.586,0.0,0.0,0.0,5.732,0,4.0,0.965,309.825,0.5279,33.69,35.58041000366211,4.98,0.0,0
46907,99.76,26.553,-0.5,0.0,452.586,0.0,0.0,0.0,5.732,0,3.0,1.05,309.915,0.132,33.63,35.58041000366211,4.98,0.0,0
46907,99.931,26.553,0.0,0.0,452.646,0.0,0.0,0.0,5.732,0,3.0,1.075,309.915,0.46190000000000003,33.99,35.58041000366211,4.98,0.0,0
46907,99.76,26.553,0.0,0.0,452.88800000000003,0.0,0.0,0.0,5.732,0,3.0,1.0,309.69,-0.7918000000000001,33.69,35.58041000366211,4.98,0.0,0
46907,99.931,26.553,0.0,0.0,452.88800000000003,0.0,0.0,0.0,5.732,0,3.0,0.9450000000000001,309.915,-0.2639,34.29,35.58041000366211,4.98,0.0,0
46907,99.76,26.553,-0.5,0.0,452.88800000000003,0.0,0.0,0.0,5.732,0,3.0,1.03,309.915,0.5938,34.35,35.58041000366211,4.98,0.0,0
46907,99.76,26.553,0.0,0.0,453.07,0.0,0.0,0.0,5.732,0,4.0,1.08,309.825,1.864,35.13,35.58041000366211,4.98,0.0,0
46907,99.59,26.553,0.0,0.0,453.07,0.0,0.0,0.0,5.732,0,3.0,0.96,309.915,-1.3609,35.34,35.58041000366211,4.98,0.0,0
46907,99.931,26.543000000000003,0.0,0.0,452.88800000000003,0.0,0.0,0.0,5.732,0,2.0,0.985,309.825,-0.6433,35.61,35.58041000366211,4.98,0.0,0
46907,99.931,26.543000000000003,0.0,0.0,452.88800000000003,0.0,0.0,0.0,5.732,0,3.0,0.99,309.915,-0.6433,36.12,35.58041000366211,4.98,0.0,0
46907,99.76,26.543000000000003,0.0,0.0,452.949,0.0,0.0,0.0,5.732,0,3.0,1.01,309.915,-0.46190000000000003,35.49,35.58041000366211,4.98,0.0,0
46907,99.76,26.543000000000003,0.0,0.0,453.009,0.0,0.0,0.0,5.732,0,3.0,1.075,309.825,3.4971,34.47,35.58041000366211,4.98,0.0,0
46907,99.59,26.543000000000003,0.0,0.0,453.07,0.0,0.0,0.0,5.732,0,2.0,1.01,309.825,-1.699,33.3,35.58041000366211,4.98,0.0,0
46907,99.931,26.543000000000003,-0.5,0.0,452.707,0.0,0.0,0.0,5.732,0,4.0,0.975,309.915,-0.0165,33.03,35.58041000366211,4.98,0.0,0
46907,99.931,26.543000000000003,0.0,0.0,452.586,0.0,0.0,0.0,5.732,0,0.0,0.99,309.825,3.6950000000000003,32.88,35.58041000366211,4.98,0.0,0
46907,99.419,26.543000000000003,0.0,0.0,452.707,0.0,0.0,0.0,5.732,0,3.0,1.035,309.825,-0.132,33.51,35.58041000366211,4.98,0.0,0
46907,99.76,26.543000000000003,0.0,0.0,452.949,0.0,0.0,0.0,5.732,0,4.0,1.0150000000000001,309.825,-3.6785,34.44,35.58041000366211,4.98,0.0,0
46907,99.76,26.543000000000003,0.0,0.0,452.949,0.0,0.0,0.0,5.732,0,3.0,0.97,309.915,1.1877,34.38,35.58041000366211,4.98,0.0,0
46907,99.76,26.543000000000003,0.0,0.0,452.586,0.0,0.0,0.0,5.732,0,4.0,1.02,309.825,2.5073000000000003,34.32,35.58041000366211,4.98,0.0,0
46907,99.419,26.543000000000003,0.0,0.0,452.767,0.0,0.0,0.0,5.732,0,5.0,1.045,309.915,-2.1939,34.410000000000004,35.58041000366211,4.98,0.0,0
46907,99.931,26.543000000000003,0.0,0.0,453.07,0.0,0.0,0.0,5.732,0,3.0,0.97,309.915,0.3299,34.47,35.58041000366211,4.98,0.0,0
46907,99.76,26.543000000000003,0.0,0.0,453.13,0.0,0.0,0.0,5.732,0,3.0,0.965,309.825,-0.2474,34.89,35.58041000366211,4.98,0.0,0
46907,100.101,26.543000000000003,0.0,0.0,452.88800000000003,0.0,0.0,0.0,5.732,0,3.0,0.995,309.915,-5.0147,35.1,35.58041000366211,4.98,0.0,0
46907,99.931,26.543000000000003,0.0,0.0,452.52500000000003,0.0,0.0,0.0,5.732,0,4.0,1.065,309.915,1.3196,34.68,35.58041000366211,4.98,0.0,0
46907,99.931,26.543000000000003,0.0,0.0,452.707,0.0,0.0,0.0,5.732,0,2.0,0.96,309.915,2.3754,34.68,35.58041000366211,4.98,0.0,0
46907,99.76,26.543000000000003,0.0,0.0,452.707,0.0,0.0,0.0,5.732,0,2.0,0.97,309.825,0.2639,35.43,35.58041000366211,4.98,0.0,0
46907,99.419,26.543000000000003,0.0,0.0,452.88800000000003,0.0,0.0,0.0,5.732,0,4.0,1.095,309.915,-1.4516,35.22,35.58041000366211,4.98,0.0,0
46907,99.931,26.543000000000003,0.0,0.0,453.07,0.0,0.0,0.0,5.732,0,3.0,1.075,309.69,0.6928000000000001,34.11,35.58041000366211,4.98,0.0,0
46907,99.76,26.543000000000003,0.0,0.0,452.88800000000003,0.0,0.0,0.0,5.732,0,2.0,1.04,309.825,-0.6598,33.27,35.58041000366211,4.98,0.0,0
46907,99.419,26.543000000000003,0.0,0.0,452.586,0.0,0.0,0.0,5.732,0,3.0,0.9450000000000001,309.825,-2.8372,33.0,35.58041000366211,4.98,0.0,0
46907,99.59,26.543000000000003,0.0,0.0,452.586,0.0,0.0,0.0,5.732,0,3.0,0.99,309.915,3.2991,32.94,35.58041000366211,4.98,0.0,0
46907,99.931,26.543000000000003,0.0,0.0,452.949,0.0,0.0,0.0,5.732,0,3.0,0.985,309.825,3.1672000000000002,32.64,35.58041000366211,4.98,0.0,0
46907,99.931,26.543000000000003,0.0,0.0,452.949,0.0,0.0,0.0,5.732,0,2.0,0.96,309.915,1.0557,34.38,35.58041000366211,4.98,0.0,0
46907,99.931,26.543000000000003,-0.5,0.0,453.07,0.0,0.0,0.0,5.732,0,3.0,1.08,309.825,-3.1012,35.07,35.58041000366211,4.98,0.0,0
46907,99.59,26.543000000000003,-0.5,0.0,453.13,0.0,0.0,0.0,5.732,0,4.0,1.0150000000000001,309.825,-0.132,35.67,35.58041000366211,4.98,0.0,0
46907,99.931,26.543000000000003,0.0,0.0,453.13,0.0,0.0,0.0,5.732,0,2.0,0.925,309.69,1.4846000000000001,35.160000000000004,35.58041000366211,4.98,0.0,0
46907,99.931,26.543000000000003,0.0,0.0,453.07,0.0,0.0,0.0,5.732,0,2.0,0.9400000000000001,309.825,-1.1877,34.5,35.58041000366211,4.98,0.0,0
46907,99.419,26.543000000000003,0.0,0.0,452.88800000000003,0.0,0.0,0.0,5.732,0,4.0,1.035,309.825,-1.8475000000000001,34.62,35.58041000366211,4.98,0.0,0
46907,99.931,26.543000000000003,0.0,0.0,452.949,0.0,0.0,0.0,5.732,0,2.0,1.025,309.825,2.7713,34.92,35.58041000366211,4.98,0.0,0
46907,99.931,26.533,0.0,0.0,452.52500000000003,0.0,0.0,0.0,5.732,0,3.0,1.03,309.825,3.1672000000000002,34.83,35.58041000366211,4.98,0.0,0
46907,99.76,26.533,0.0,0.0,452.767,0.0,0.0,0.0,5.732,0,2.0,0.98,309.825,1.8475000000000001,34.83,35.58041000366211,4.98,0.0,0
46907,99.76,26.533,0.0,0.0,453.07,0.0,0.0,0.0,5.732,0,4.0,1.0,309.915,-1.1217000000000001,34.53,35.58041000366211,4.98,0.0,0
46907,99.931,26.533,-0.5,0.0,453.07,0.0,0.0,0.0,5.732,0,3.0,1.025,309.915,3.2991,33.9,35.58041000366211,4.98,0.0,0
46907,99.76,26.533,0.0,0.0,453.07,0.0,0.0,0.0,5.732,0,3.0,1.02,309.915,2.3094,32.910000000000004,35.58041000366211,4.98,0.0,0
46907,99.59,26.533,0.0,0.0,452.82800000000003,0.0,0.0,0.0,5.732,0,4.0,1.02,309.825,-3.1672000000000002,33.15,35.58041000366211,4.98,0.0,0
46907,99.931,26.533,0.0,0.0,452.82800000000003,0.0,0.0,0.0,5.732,0,3.0,1.04,309.825,-1.5176,33.93,35.58041000366211,4.98,0.0,0
46907,99.931,26.533,0.0,0.0,452.767,0.0,0.0,0.0,5.732,0,2.0,1.11,309.825,-1.8475000000000001,35.25,35.58041000366211,4.98,0.0,0
46907,99.76,26.533,0.0,0.0,452.707,0.0,0.0,0.0,5.732,0,4.0,1.035,309.825,0.0,36.12,35.58041000366211,4.98,0.0,0
46907,99.59,26.533,0.0,0.0,452.82800000000003,0.0,0.0,0.0,5.732,0,3.0,1.0,309.69,-1.4516,35.67,35.58041000366211,4.98,0.0,0
46907,99.76,26.533,0.0,0.0,453.07,0.0,0.0,0.0,5.732,0,2.0,0.97,309.69,-1.2207000000000001,35.13,35.58041000366211,4.98,0.0,0
46907,99.59,26.533,0.0,0.0,453.009,0.0,0.0,0.0,5.732,0,1.0,1.06,309.825,-0.2639,34.71,35.58041000366211,4.98,0.0,0
46907,99.931,26.533,0.0,0.0,452.767,0.0,0.0,0.0,5.732,0,6.0,1.075,309.915,3.2661000000000002,35.550000000000004,35.58041000366211,4.98,0.0,0
46907,99.931,26.533,0.0,0.0,452.404,0.0,0.0,0.0,5.732,0,2.0,1.01,309.69,-0.2639,36.18,35.58041000366211,4.98,0.0,0
46907,99.931,26.533,0.0,0.0,452.767,0.0,0.0,0.0,5.732,0,2.0,1.0050000000000001,309.825,-0.7918000000000001,35.7,35.58041000366211,4.98,0.0,0
46907,99.419,26.533,0.0,0.0,453.19100000000003,0.0,0.0,0.0,5.732,0,3.0,1.0,309.825,0.9238000000000001,35.22,35.58041000366211,4.98,0.0,0
46907,99.931,26.533,0.0,0.0,453.19100000000003,0.0,0.0,0.0,5.732,0,3.0,1.11,309.69,0.0,34.29,35.58041000366211,4.98,0.0,0
46907,99.931,26.533,0.0,0.0,453.372,0.0,0.0,0.0,5.732,0,1.0,1.025,309.915,-0.9238000000000001,33.06,35.58041000366211,4.98,0.0,0
46907,99.76,26.533,0.0,0.0,453.07,0.0,0.0,0.0,5.732,0,5.0,1.04,309.825,1.3196,32.97,35.58041000366211,4.98,0.0,0
46907,99.419,26.533,0.0,0.0,453.07,0.0,0.0,0.0,5.732,0,3.0,0.995,309.825,1.1217000000000001,33.0,35.58041000366211,4.98,0.0,0
46907,99.931,26.533,0.0,0.0,452.88800000000003,0.0,0.0,0.0,5.732,0,3.0,0.98,309.915,1.8723,34.11,35.58041000366211,4.98,0.0,0
46907,99.931,26.533,0.0,0.0,452.88800000000003,0.0,0.0,0.0,5.732,0,2.0,1.03,309.825,0.6763,35.76,35.58041000366211,4.98,0.0,0
46907,99.931,26.533,0.0,0.0,452.767,0.0,0.0,0.0,5.732,0,3.0,1.06,309.915,0.2474,37.26,35.58041000366211,4.98,0.0,0
46907,99.419,26.533,0.0,0.0,452.707,0.0,0.0,0.0,5.732,0,3.0,0.9400000000000001,309.915,-0.5444,37.38,35.58041000366211,4.98,0.0,0
46907,99.76,26.533,0.5,0.0,452.707,0.0,0.0,0.0,5.732,0,4.0,1.025,309.825,3.1672000000000002,36.33,35.58041000366211,4.98,0.0,0
46907,99.931,26.533,-0.5,0.0,452.646,0.0,0.0,0.0,5.732,0,2.0,1.065,309.915,0.7753,35.4,35.58041000366211,4.98,0.0,0
46907,99.931,26.533,0.0,0.0,452.52500000000003,0.0,0.0,0.0,5.732,0,3.0,1.0150000000000001,309.915,-2.5073000000000003,34.86,35.58041000366211,4.98,0.0,0
46907,99.419,26.533,-0.5,0.0,452.949,0.0,0.0,0.0,5.732,0,3.0,1.05,309.825,-1.4351,34.29,35.58041000366211,4.98,0.0,0
46907,99.59,26.533,0.0,0.0,452.767,0.0,0.0,0.0,5.732,0,2.0,1.055,309.915,-1.3196,34.47,35.58041000366211,4.98,0.0,0
46907,99.59,26.533,0.0,0.0,452.707,0.0,0.0,0.0,5.732,0,4.0,1.065,309.915,-1.5341,34.44,35.58041000366211,4.98,0.0,0
46907,99.76,26.533,0.0,0.0,452.646,0.0,0.0,0.0,5.732,0,2.0,1.0,309.825,-1.7155,34.71,35.58041000366211,4.98,0.0,0
46907,99.931,26.533,0.0,0.0,452.46500000000003,0.0,0.0,0.0,5.732,0,3.0,1.0150000000000001,309.825,1.0557,34.17,35.58041000366211,4.98,0.0,0
46907,99.76,26.533,0.0,0.0,452.646,0.0,0.0,0.0,5.732,0,1.0,1.03,309.915,3.1012,34.14,35.58041000366211,4.98,0.0,0
46907,99.931,26.523,0.0,0.0,452.88800000000003,0.0,0.0,0.0,5.732,0,3.0,1.035,309.825,1.5836000000000001,34.35,35.58041000366211,4.98,0.0,0
46907,99.931,26.523,0.0,0.0,452.88800000000003,0.0,0.0,0.0,5.732,0,4.0,1.04,309.825,0.5279,35.13,35.58041000366211,4.98,0.0,0
46907,99.76,26.523,0.0,0.0,452.767,0.0,0.0,0.0,5.732,0,3.0,1.07,309.915,-1.5836000000000001,35.730000000000004,35.58041000366211,4.98,0.0,0
46907,99.931,26.523,0.0,0.0,452.707,0.0,0.0,0.0,5.732,0,3.0,1.045,309.825,-2.0455,36.09,35.58041000366211,4.98,0.0,0
46907,99.931,26.523,0.0,0.0,452.767,0.0,0.0,0.0,5.732,0,4.0,1.04,309.825,-0.9732000000000001,35.910000000000004,35.58041000366211,4.98,0.0,0
46907,99.931,26.523,0.0,0.0,452.52500000000003,0.0,0.0,0.0,5.732,0,4.0,0.9550000000000001,309.825,2.4578,35.4,35.58041000366211,4.98,0.0,0
46907,99.931,26.523,0.0,0.0,452.707,0.0,0.0,0.0,5.732,0,2.0,1.085,309.915,-0.34640000000000004,35.31,35.58041000366211,4.98,0.0,0
46907,99.931,26.523,0.0,0.0,452.767,0.0,0.0,0.0,5.732,0,3.0,1.06,309.825,-0.46190000000000003,35.07,35.58041000366211,4.98,0.0,0
46907,99.419,26.523,-0.5,0.0,452.586,0.0,0.0,0.0,5.732,0,5.0,1.025,309.915,-0.132,35.550000000000004,35.58041000366211,4.98,0.0,0
46907,99.931,26.523,0.0,0.0,452.646,0.0,0.0,0.0,5.732,0,2.0,0.97,309.825,-0.9732000000000001,35.28,35.58041000366211,4.98,0.0,0
46907,99.76,26.523,0.0,0.0,452.586,0.0,0.0,0.0,5.732,0,2.0,0.97,309.915,2.5568,34.77,35.58041000366211,4.98,0.0,0
46907,99.59,26.523,0.0,0.0,452.646,0.0,0.0,0.0,5.732,0,2.0,1.01,309.825,-3.3486000000000002,34.11,35.58041000366211,4.98,0.0,0
46907,99.59,26.523,-0.5,0.0,452.52500000000003,0.0,0.0,0.0,5.732,0,3.0,1.08,309.825,-1.2537,34.2,35.58041000366211,4.98,0.0,0
46907,99.931,26.523,0.0,0.0,452.82800000000003,0.0,0.0,0.0,5.732,0,2.0,1.02,309.825,-0.1155,34.26,35.58041000366211,4.98,0.0,0
46907,99.419,26.523,0.0,0.0,452.707,0.0,0.0,0.0,5.732,0,2.0,1.01,309.915,2.7960000000000003,34.800000000000004,35.58041000366211,4.98,0.0,0
46907,99.419,26.523,0.0,0.0,452.949,0.0,0.0,0.0,5.732,0,4.0,1.025,309.915,4.1404000000000005,35.58,35.58041000366211,4.98,0.0,0
46907,99.419,26.523,0.0,0.0,452.82800000000003,0.0,0.0,0.0,5.732,0,3.0,0.915,309.69,-0.5526,36.09,35.58041000366211,4.98,0.0,0
46907,99.931,26.523,0.0,0.0,453.07,0.0,0.0,0.0,5.732,0,1.0,1.045,309.69,-1.1877,36.21,35.58041000366211,4.98,0.0,0
46907,99.931,26.523,0.0,0.0,453.07,0.0,0.0,0.0,5.732,0,4.0,1.045,309.825,-2.3094,36.660000000000004,35.58041000366211,4.98,0.0,0
46907,99.931,26.523,0.0,0.0,452.707,0.0,0.0,0.0,5.732,0,5.0,0.91,309.915,-0.39590000000000003,36.69,35.58041000366211,4.98,0.0,0
46907,99.931,26.523,0.0,0.0,452.646,0.0,0.0,0.0,5.732,0,2.0,1.0050000000000001,309.825,2.0125,35.88,35.58041000366211,4.98,0.0,0
46907,99.76,26.523,0.0,0.0,452.586,0.0,0.0,0.0,5.732,0,3.0,1.03,309.825,0.7918000000000001,35.64,35.58041000366211,4.98,0.0,0
46907,99.931,26.523,0.0,0.0,452.707,0.0,0.0,0.0,5.732,0,4.0,1.01,309.69,-1.9465000000000001,35.07,35.58041000366211,4.98,0.0,0
46907,99.931,26.523,0.0,0.0,452.82800000000003,0.0,0.0,0.0,5.732,0,3.0,0.93,309.915,0.9238000000000001,35.04,35.58041000366211,4.98,0.0,0
46907,99.76,26.523,0.0,0.0,453.07,0.0,0.0,0.0,5.732,0,3.0,0.915,309.825,0.2639,34.59,35.58041000366211,4.98,0.0,0
46907,99.931,26.523,0.0,0.0,453.07,0.0,0.0,0.0,5.732,0,5.0,0.99,309.825,1.9795,34.230000000000004,35.58041000366211,4.98,0.0,0
46907,99.59,26.523,0.0,0.0,452.82800000000003,0.0,0.0,0.0,5.732,0,3.0,1.06,309.825,-0.9897,33.96,35.58041000366211,4.98,0.0,0
46907,99.76,26.523,0.0,0.0,452.707,0.0,0.0,0.0,5.732,0,1.0,1.02,309.915,0.5279,34.32,35.58041000366211,4.98,0.0,0
46907,99.76,26.523,0.0,0.0,452.586,0.0,0.0,0.0,5.732,0,4.0,1.035,309.69,1.6826,35.58,35.58041000366211,4.98,0.0,0
46907,94.644,26.533,7.6000000000000005,0.0,452.707,0.0,0.0,0.0,5.732,0,3.0,1.04,309.825,-0.6598,36.15,35.58041000366211,4.98,0.0,0
46907,78.614,26.699,24.900000000000002,1.0,453.009,0.0,0.0,0.0,5.732,0,-7.0,1.095,309.69,-3.2661000000000002,36.96,35.58041000366211,4.98,0.0,0
46907,40.416000000000004,27.178,65.10000000000001,1.0,452.586,0.0,0.0,-0.2,5.732,0,-24.0,1.045,309.825,0.0,35.94,35.58041000366211,4.98,0.0,0
46907,13.301,27.617,15.700000000000001,1.0,452.46500000000003,0.0,0.0,0.0,5.732,0,-28.0,1.055,309.825,-2.1114,36.03,35.58041000366211,4.98,0.0,0
46907,14.836,27.578000000000003,-7.1000000000000005,0.0,452.46500000000003,0.0,0.0,0.2,5.732,0,-24.0,0.98,309.825,3.4311000000000003,36.9,35.58041000366211,4.98,0.0,0
46907,18.417,27.568,0.5,-1.0,452.707,0.0,0.0,0.0,5.732,0,-3.0,1.0050000000000001,309.825,0.0,36.39,35.58041000366211,4.98,0.0,0
46907,17.565,27.568,0.0,-1.0,453.13,0.0,0.0,0.0,5.732,0,6.0,1.05,309.825,0.0,35.34,35.58041000366211,4.98,0.0,0
46907,18.588,27.568,0.0,0.0,453.07,0.0,0.0,0.0,5.732,0,9.0,1.04,309.825,2.6393,34.38,35.58041000366211,4.98,0.0,0
46907,18.929000000000002,27.568,0.0,0.0,452.82800000000003,0.0,0.0,0.0,5.732,0,4.0,1.04,309.825,-1.3196,33.660000000000004,35.58041000366211,4.98,0.0,0
46907,19.44,27.568,0.0,1.0,452.82800000000003,0.0,0.0,0.0,5.732,0,0.0,0.995,309.915,-1.6496000000000002,33.93,35.58041000366211,4.98,0.0,0
46907,19.952,27.568,0.0,0.0,453.13,0.0,0.0,0.0,5.732,0,-7.0,1.0150000000000001,309.915,3.9589000000000003,34.2,35.58041000366211,4.98,0.0,0
46907,20.123,27.568,0.0,0.0,453.009,0.0,0.0,0.0,5.732,0,-7.0,0.98,309.915,2.5733,34.89,35.58041000366211,4.98,0.0,0
46907,20.293,27.568,0.0,0.0,453.19100000000003,0.0,0.0,0.0,5.732,0,-5.0,1.025,309.825,-2.9032,35.1,35.58041000366211,4.98,0.0,0
46907,20.293,27.568,0.0,0.0,453.19100000000003,0.0,0.0,0.0,5.732,0,-3.0,0.935,309.825,-3.0187,35.13,35.58041000366211,4.98,0.0,0
46907,20.634,27.568,0.0,0.0,453.19100000000003,0.0,0.0,0.0,5.732,0,-5.0,1.045,309.915,0.5279,35.67,35.58041000366211,4.98,0.0,0
46907,21.487000000000002,27.568,0.0,0.0,453.13,0.0,0.0,0.0,5.732,0,8.0,0.98,309.915,1.0557,35.88,35.58041000366211,4.98,0.0,0
46907,22.851,27.568,0.0,1.0,453.19100000000003,0.0,0.0,0.0,5.732,0,132.0,1.01,309.915,1.8310000000000002,36.03,35.58041000366211,4.98,0.0,0
46907,24.386,27.578000000000003,1.5,8.0,453.19100000000003,0.0,0.0,0.0,5.732,0,243.0,0.995,309.825,-1.3032000000000001,35.88,35.58041000366211,4.98,0.0,0
46907,24.386,27.598000000000003,2.0,20.0,453.25100000000003,0.0,0.0,0.0,5.732,0,334.0,1.03,309.825,-3.6950000000000003,35.88,35.58041000366211,4.98,0.0,0
46907,24.386,27.617,3.0,37.0,453.19100000000003,0.0,0.0,0.0,5.732,0,393.0,0.99,309.915,-1.1877,35.49,35.58041000366211,4.98,0.0,0
46907,24.045,27.646,3.0,55.0,453.19100000000003,0.0,0.0,0.0,5.732,0,456.0,1.055,309.825,2.2434000000000003,35.46,35.58041000366211,4.98,0.0,0
46907,24.386,27.686,3.0,77.0,453.372,0.0,0.0,0.0,5.732,0,491.0,0.9500000000000001,309.915,0.5114000000000001,34.800000000000004,35.58041000366211,4.98,0.0,0
46907,25.75,27.725,4.1000000000000005,99.0,453.07,0.0,0.0,0.0,5.732,0,509.0,1.025,309.915,-0.14850000000000002,33.72,35.58041000366211,4.98,0.0,0
46907,26.432000000000002,27.725,5.1000000000000005,101.0,452.88800000000003,0.0,0.0,0.0,5.732,0,499.0,1.0150000000000001,309.915,-0.2639,33.63,35.58041000366211,4.98,0.0,0
46907,27.114,27.783,6.6000000000000005,123.0,453.07,0.0,0.0,0.0,5.732,0,502.0,1.045,309.825,-1.0557,33.06,35.58041000366211,4.98,0.0,0
46907,27.796,27.861,7.6000000000000005,144.0,452.88800000000003,0.0,0.0,0.0,5.732,0,464.0,0.97,309.825,-1.3196,33.33,35.58041000366211,4.98,0.0,0
46907,27.967000000000002,27.939,8.6,163.0,453.19100000000003,0.0,0.0,0.0,5.732,0,435.0,1.025,309.825,0.5938,34.92,35.58041000366211,4.98,0.0,0
46907,28.137,28.037000000000003,10.1,180.0,453.07,0.0,0.0,0.0,5.732,0,333.0,1.025,309.825,0.2639,35.4,35.58041000366211,4.98,0.0,0
46907,27.796,28.145,11.700000000000001,192.0,453.372,0.0,0.0,0.0,5.732,0,277.0,1.05,309.825,0.0,35.76,35.58041000366211,4.98,0.0,0
46907,27.967000000000002,28.262,12.200000000000001,201.0,453.494,0.0,0.0,0.0,5.732,0,198.0,1.0050000000000001,309.825,-1.5836000000000001,35.76,35.58041000366211,4.98,0.0,0
46907,27.796,28.389000000000003,13.200000000000001,205.0,453.13,0.0,0.0,0.0,5.732,0,114.0,0.9500000000000001,309.825,0.0,35.34,35.58041000366211,4.98,0.0,0
46907,27.626,28.525000000000002,14.200000000000001,205.0,453.19100000000003,0.0,0.0,0.0,5.732,0,45.0,1.03,309.825,0.2639,35.64,35.58041000366211,4.98,0.0,0
46907,25.238,28.672,14.200000000000001,202.0,453.25100000000003,0.0,0.0,0.0,5.732,0,69.0,0.97,309.915,0.9897,35.550000000000004,35.58041000366211,4.98,0.0,0
46907,23.533,28.818,13.700000000000001,201.0,453.13,0.0,0.0,0.0,5.732,0,86.0,0.99,309.825,0.5279,35.82,35.58041000366211,4.98,0.0,0
46907,22.681,28.965,14.200000000000001,200.0,453.07,0.0,0.0,0.0,5.732,0,103.0,1.09,309.825,-0.5279,35.1,35.58041000366211,4.98,0.0,0
46907,21.657,29.102,14.200000000000001,199.0,453.13,0.0,0.0,0.0,5.732,0,98.0,1.04,309.825,-0.2639,34.44,35.58041000366211,4.98,0.0,0
46907,20.464000000000002,29.238000000000003,13.700000000000001,200.0,453.372,0.0,0.0,0.0,5.732,0,113.0,1.06,309.915,-0.066,34.29,35.58041000366211,4.98,0.0,0
46907,20.123,29.375,13.700000000000001,200.0,453.31100000000004,0.0,0.0,0.0,5.732,0,105.0,1.025,309.915,3.2991,33.18,35.58041000366211,4.98,0.0,0
46907,19.27,29.502000000000002,12.200000000000001,200.0,453.31100000000004,0.0,0.0,0.0,5.732,0,103.0,0.98,309.825,2.9032,33.15,35.58041000366211,4.98,0.0,0
46907,18.758,29.629,11.700000000000001,200.0,453.372,0.0,0.0,0.0,5.732,0,108.0,1.09,309.825,-2.3754,33.69,35.58041000366211,4.98,0.0,0
46907,18.929000000000002,29.736,11.700000000000001,201.0,453.372,0.0,0.0,0.0,5.732,0,102.0,1.035,309.825,-0.46190000000000003,34.53,35.58041000366211,4.98,0.0,0
46907,19.952,29.854000000000003,11.700000000000001,200.0,453.009,0.0,0.0,0.0,5.732,0,101.0,1.025,309.825,-3.0352,35.88,35.58041000366211,4.98,0.0,0
46907,20.464000000000002,29.971,11.700000000000001,200.0,452.88800000000003,0.0,0.0,0.0,5.732,0,114.0,1.0,309.915,-1.3856000000000002,36.480000000000004,35.58041000366211,4.98,0.0,0
46907,20.975,30.088,11.700000000000001,200.0,452.82800000000003,0.0,0.0,0.0,5.732,0,105.0,0.96,309.825,2.1114,36.480000000000004,35.58041000366211,4.98,0.0,0
46907,21.316,30.195,11.1,200.0,453.07,0.0,0.0,0.0,5.732,0,101.0,1.07,309.825,0.5279,35.79,35.58041000366211,4.98,0.0,0
46907,21.828,30.313000000000002,11.1,200.0,453.372,0.0,0.0,0.0,5.732,0,109.0,1.04,309.825,-2.1114,35.1,35.58041000366211,4.98,0.0,0
46907,22.169,30.439,11.700000000000001,200.0,453.372,0.0,0.0,0.0,5.732,0,109.0,1.025,309.915,-0.5938,35.37,35.58041000366211,4.98,0.0,0
46907,22.339000000000002,30.557000000000002,11.700000000000001,200.0,453.19100000000003,0.0,0.0,0.0,5.732,0,97.0,0.98,309.915,2.6393,35.58,35.58041000366211,4.98,0.0,0
46907,22.339000000000002,30.684,12.700000000000001,200.0,453.55400000000003,0.0,0.0,0.0,5.732,0,118.0,0.97,309.915,-0.5938,35.76,35.58041000366211,4.98,0.0,0
46907,22.339000000000002,30.811,12.200000000000001,200.0,453.19100000000003,0.0,0.0,0.0,5.732,0,105.0,1.09,309.825,-0.132,35.19,35.58041000366211,4.98,0.0,0
46907,22.339000000000002,30.938000000000002,13.200000000000001,200.0,453.07,0.0,0.0,0.0,5.732,0,107.0,1.02,309.69,0.4289,34.08,35.58041000366211,4.98,0.0,0
46907,22.51,30.947000000000003,12.200000000000001,200.0,453.07,0.0,0.0,0.0,5.732,0,108.0,1.025,309.69,0.0412,33.96,35.58041000366211,4.98,0.0,0
46907,22.339000000000002,31.084000000000003,13.200000000000001,200.0,452.949,0.0,0.0,0.0,5.732,0,109.0,1.01,309.69,-5.0394000000000005,33.18,35.58041000366211,4.98,0.0,0
46907,22.339000000000002,31.211000000000002,13.200000000000001,200.0,453.19100000000003,0.0,0.0,0.0,5.732,0,113.0,1.05,309.825,-4.2889,33.03,35.58041000366211,4.98,0.0,0
46907,21.998,31.348000000000003,12.700000000000001,200.0,453.25100000000003,0.0,0.0,0.0,5.732,0,104.0,0.995,309.825,2.5486,34.230000000000004,35.58041000366211,4.98,0.0,0
46907,21.998,31.475,13.200000000000001,200.0,453.19100000000003,0.0,0.0,0.0,5.732,0,103.0,1.065,309.915,3.6125000000000003,35.37,35.58041000366211,4.98,0.0,0
46907,21.657,31.611,12.700000000000001,200.0,453.31100000000004,0.0,0.0,0.0,5.732,0,114.0,0.98,309.825,0.46190000000000003,35.910000000000004,35.58041000366211,4.98,0.0,0
46907,21.657,31.748,13.700000000000001,200.0,453.372,0.0,0.0,0.0,5.732,0,108.0,0.995,309.825,4.024900000000001,35.94,35.58041000366211,4.98,0.0,0
46907,21.657,31.875,13.200000000000001,200.0,453.31100000000004,0.0,0.0,0.0,5.732,0,110.0,1.01,309.915,0.5279,35.34,35.58041000366211,4.98,0.0,0
46907,21.487000000000002,32.012,13.200000000000001,200.0,453.009,0.0,0.0,0.0,5.732,0,113.0,1.06,309.825,-1.5836000000000001,34.62,35.58041000366211,4.98,0.0,0
46907,21.487000000000002,32.148,13.200000000000001,201.0,453.19100000000003,0.0,0.0,0.0,5.732,0,98.0,0.975,309.915,0.3794,34.53,35.58041000366211,4.98,0.0,0
46907,21.316,32.275,13.200000000000001,200.0,453.55400000000003,0.0,0.0,0.0,5.732,0,120.0,1.05,309.915,1.0392000000000001,34.02,35.58041000366211,4.98,0.0,0
46907,21.146,32.412,13.700000000000001,200.0,453.31100000000004,0.0,0.0,0.0,5.732,0,118.0,1.065,309.825,0.5279,33.81,35.58041000366211,4.98,0.0,0
46907,21.487000000000002,32.539,12.200000000000001,200.0,453.19100000000003,0.0,0.0,0.0,5.732,0,115.0,0.97,309.69,-2.2681,33.6,35.58041000366211,4.98,0.0,0
46907,21.316,32.676,12.700000000000001,200.0,452.82800000000003,0.0,0.0,0.0,5.732,0,113.0,1.025,309.825,-3.6125000000000003,33.660000000000004,35.58041000366211,4.98,0.0,0
46907,21.657,32.803000000000004,12.700000000000001,200.0,452.88800000000003,0.0,0.0,0.0,5.732,0,115.0,0.995,309.69,-3.5383,33.6,35.58041000366211,4.98,0.0,0
46907,21.487000000000002,32.939,13.200000000000001,200.0,452.949,0.0,0.0,0.0,5.732,0,116.0,1.01,309.825,2.8785000000000003,33.57,35.58041000366211,4.98,0.0,0
46907,21.657,33.076,13.700000000000001,200.0,453.13,0.0,0.0,0.0,5.732,0,109.0,1.0150000000000001,309.825,2.8372,34.05,35.58041000366211,4.98,0.0,0
46907,21.998,33.203,13.200000000000001,200.0,453.07,0.0,0.0,0.0,5.732,0,113.0,1.035,309.915,3.0599000000000003,34.77,35.58041000366211,4.98,0.0,0
46907,22.169,33.34,14.200000000000001,200.0,453.25100000000003,0.0,0.0,0.0,5.732,0,107.0,1.055,309.825,-0.9073,35.76,35.58041000366211,4.98,0.0,0
46907,21.657,33.477000000000004,13.700000000000001,200.0,453.25100000000003,0.0,0.0,0.0,5.732,0,113.0,1.0150000000000001,309.825,-1.8475000000000001,36.84,35.58041000366211,4.98,0.0,0
46907,21.316,33.613,13.700000000000001,200.0,453.25100000000003,0.0,0.0,0.0,5.732,0,122.0,0.995,309.825,-0.2639,36.75,35.58041000366211,4.98,0.0,0
46907,21.998,33.75,13.700000000000001,200.0,453.25100000000003,0.0,0.0,0.0,5.732,0,110.0,1.075,309.825,1.3196,35.85,35.58041000366211,4.98,0.0,0
46907,21.487000000000002,33.887,13.700000000000001,200.0,453.13,0.0,0.0,0.0,5.732,0,108.0,1.04,309.825,-3.4971,35.61,35.58041000366211,4.98,0.0,0
46907,21.657,34.023,13.200000000000001,200.0,453.07,0.0,0.0,0.0,5.732,0,122.0,1.085,309.915,-1.1382,34.71,35.58041000366211,4.98,0.0,0
46907,21.657,34.160000000000004,13.700000000000001,200.0,452.949,0.0,0.0,0.0,5.732,0,115.0,0.9450000000000001,309.825,2.7053000000000003,33.75,35.58041000366211,4.98,0.0,0
46907,21.828,34.17,13.700000000000001,200.0,452.88800000000003,0.0,0.0,0.0,5.732,0,123.0,0.965,309.825,2.7713,33.69,35.58041000366211,4.98,0.0,0
46907,21.657,34.307,13.700000000000001,200.0,453.13,0.0,0.0,0.0,5.732,0,116.0,1.04,309.825,0.5279,33.96,35.58041000366211,4.98,0.0,0
46907,21.828,34.443000000000005,12.700000000000001,200.0,452.646,0.0,0.0,0.0,5.732,0,116.0,1.065,309.825,-0.7918000000000001,34.2,35.58041000366211,4.98,0.0,0
46907,21.657,34.58,13.200000000000001,200.0,452.82800000000003,0.0,0.0,0.0,5.732,0,124.0,0.9450000000000001,309.69,-4.651800000000001,34.47,35.58041000366211,4.98,0.0,0
46907,21.657,34.727000000000004,12.700000000000001,200.0,453.13,0.0,0.0,0.0,5.732,0,113.0,1.0050000000000001,309.915,-0.2639,34.65,35.58041000366211,4.98,0.0,0
46907,21.316,34.863,13.200000000000001,200.0,453.07,0.0,0.0,0.0,5.732,0,121.0,1.045,309.915,4.6848,34.980000000000004,35.58041000366211,4.98,0.0,0
46907,21.657,35.0,13.700000000000001,201.0,453.13,0.0,0.0,0.0,5.732,0,123.0,1.01,309.825,0.7918000000000001,35.46,35.58041000366211,4.98,0.0,0
46907,21.487000000000002,35.137,13.200000000000001,200.0,453.009,0.0,0.0,0.0,5.732,0,106.0,0.935,309.825,-1.5176,36.09,35.58041000366211,4.98,0.0,0
46907,21.316,35.273,13.700000000000001,200.0,452.949,0.0,0.0,0.0,5.732,0,125.0,1.06,309.825,0.132,36.12,35.58041000366211,4.98,0.0,0
46907,21.487000000000002,35.410000000000004,13.200000000000001,200.0,452.88800000000003,0.0,0.0,0.0,5.732,0,120.0,1.045,309.915,3.629,35.82,35.58041000366211,4.98,0.0,0
46907,21.487000000000002,35.547000000000004,13.700000000000001,200.0,453.19100000000003,0.0,0.0,0.0,5.732,0,118.0,0.97,309.825,0.7918000000000001,36.03,35.58041000366211,4.98,0.0,0
46907,21.487000000000002,35.684000000000005,12.700000000000001,200.0,453.13,0.0,0.0,0.0,5.732,0,116.0,1.025,309.915,-1.1217000000000001,35.730000000000004,35.58041000366211,4.98,0.0,0
46907,21.487000000000002,35.82,13.700000000000001,200.0,453.372,0.0,0.0,0.0,5.732,0,123.0,1.04,309.915,0.5279,35.49,35.58041000366211,4.98,0.0,0
46907,21.146,35.957,13.700000000000001,200.0,453.372,0.0,0.0,0.0,5.732,0,120.0,1.0050000000000001,309.825,-0.5279,34.86,35.58041000366211,4.98,0.0,0
46907,21.316,36.094,14.200000000000001,200.0,453.372,0.0,0.0,0.0,5.732,0,120.0,0.9400000000000001,309.915,-1.0557,33.87,35.58041000366211,4.98,0.0,0
46907,21.487000000000002,36.230000000000004,13.700000000000001,200.0,453.13,0.0,0.0,0.0,5.732,0,129.0,1.0,309.915,-1.0557,34.35,35.58041000366211,4.98,0.0,0
46907,21.657,36.367000000000004,13.700000000000001,200.0,453.07,0.0,0.0,0.0,5.732,0,122.0,1.01,309.825,-1.9795,34.800000000000004,35.58041000366211,4.98,0.0,0
46907,21.657,36.504000000000005,13.700000000000001,200.0,453.55400000000003,0.0,0.0,0.0,5.732,0,119.0,0.995,309.915,-0.5279,35.22,35.58041000366211,4.98,0.0,0
46907,21.146,36.641,13.200000000000001,200.0,453.13,0.0,0.0,0.0,5.732,0,129.0,0.91,309.825,0.9238000000000001,35.97,35.58041000366211,4.98,0.0,0
46907,21.487000000000002,36.777,13.700000000000001,200.0,453.31100000000004,0.0,0.0,0.0,5.732,0,121.0,1.01,309.915,1.5176,35.64,35.58041000366211,4.98,0.0,0
46907,21.657,36.914,14.200000000000001,200.0,453.19100000000003,0.0,0.0,0.0,5.732,0,120.0,1.07,309.825,-3.2991,35.61,35.58041000366211,4.98,0.0,0
46907,21.657,37.051,13.700000000000001,200.0,453.19100000000003,0.0,0.0,0.0,5.732,0,137.0,1.035,309.69,-3.596,35.79,35.58041000366211,4.98,0.0,0
46907,21.998,37.197,13.700000000000001,200.0,453.19100000000003,0.0,0.0,0.0,5.732,0,116.0,1.045,309.825,-3.0352,35.64,35.58041000366211,4.98,0.0,0
46907,21.998,37.334,14.200000000000001,200.0,453.432,0.0,0.0,0.0,5.732,0,127.0,0.97,309.825,1.8475000000000001,36.0,35.58041000366211,4.98,0.0,0
46907,22.169,37.471000000000004,14.200000000000001,200.0,453.19100000000003,0.0,0.0,0.0,5.732,0,124.0,1.01,309.825,5.806500000000001,35.7,35.58041000366211,4.98,0.0,0
46907,21.657,37.49,14.200000000000001,200.0,453.19100000000003,0.0,0.0,0.0,5.732,0,124.0,1.03,309.825,5.1219,35.58,35.58041000366211,4.98,0.0,0
46907,22.169,37.627,13.700000000000001,200.0,453.31100000000004,0.0,0.0,0.0,5.732,0,129.0,1.055,309.915,-2.5898000000000003,35.19,35.58041000366211,4.98,0.0,0
46907,21.657,37.773,13.700000000000001,200.0,453.13,0.0,0.0,0.0,5.732,0,111.0,1.105,309.825,-0.9897,34.89,35.58041000366211,4.98,0.0,0
46907,21.487000000000002,37.910000000000004,14.200000000000001,200.0,453.372,0.0,0.0,0.0,5.732,0,131.0,1.02,309.915,4.0084,34.5,35.58041000366211,4.98,0.0,0
46907,21.487000000000002,38.047000000000004,13.700000000000001,200.0,453.19100000000003,0.0,0.0,0.0,5.732,0,133.0,1.025,309.825,-2.4249,34.29,35.58041000366211,4.98,0.0,0
46907,21.657,38.193000000000005,14.700000000000001,200.0,453.25100000000003,0.0,0.0,0.0,5.732,0,127.0,1.01,309.825,-0.19790000000000002,33.96,35.58041000366211,4.98,0.0,0
46907,21.487000000000002,38.33,14.200000000000001,200.0,453.19100000000003,0.0,0.0,0.0,5.732,0,131.0,1.035,309.825,3.2496,33.480000000000004,35.58041000366211,4.98,0.0,0
46907,21.828,38.477000000000004,14.200000000000001,200.0,453.372,0.0,0.0,0.0,5.732,0,132.0,1.075,309.825,0.0,34.47,35.58041000366211,4.98,0.0,0
46907,21.657,38.613,14.200000000000001,200.0,453.009,0.0,0.0,0.0,5.732,0,124.0,1.0150000000000001,309.69,-2.3506,35.94,35.58041000366211,4.98,0.0,0
46907,21.657,38.760000000000005,13.700000000000001,200.0,452.949,0.0,0.0,0.0,5.732,0,131.0,1.0050000000000001,309.825,-1.2537,35.85,35.58041000366211,4.98,0.0,0
46907,21.657,38.77,15.200000000000001,200.0,452.949,0.0,0.0,0.0,5.732,0,131.0,1.08,309.825,-1.4516,35.94,35.58041000366211,4.98,0.0,0
46907,21.487000000000002,38.916000000000004,13.700000000000001,200.0,453.19100000000003,0.0,0.0,0.0,5.732,0,137.0,1.035,309.69,-1.2207000000000001,36.75,35.58041000366211,4.98,0.0,0
46907,21.316,39.053000000000004,13.700000000000001,200.0,452.88800000000003,0.0,0.0,0.0,5.732,0,123.0,1.045,309.825,1.3196,36.09,35.58041000366211,4.98,0.0,0
46907,21.487000000000002,39.199000000000005,14.200000000000001,200.0,452.707,0.0,0.0,0.0,5.732,0,125.0,1.0050000000000001,309.825,-0.7918000000000001,35.61,35.58041000366211,4.98,0.0,0
46907,21.487000000000002,39.336,14.200000000000001,200.0,453.19100000000003,0.0,0.0,0.0,5.732,0,137.0,0.99,309.825,1.4516,35.730000000000004,35.58041000366211,4.98,0.0,0
46907,20.975,39.473,13.700000000000001,200.0,453.25100000000003,0.0,0.0,0.0,5.732,0,134.0,0.985,309.825,1.0557,35.58,35.58041000366211,4.98,0.0,0
46907,21.657,39.619,14.200000000000001,200.0,453.009,0.0,0.0,0.0,5.732,0,127.0,0.99,309.825,-0.2639,35.4,35.58041000366211,4.98,0.0,0
46907,21.487000000000002,39.756,14.200000000000001,200.0,453.07,0.0,0.0,0.0,5.732,0,133.0,1.0150000000000001,309.825,-1.5836000000000001,35.01,35.58041000366211,4.98,0.0,0
46907,21.487000000000002,39.893,13.700000000000001,200.0,453.009,0.0,0.0,0.0,5.732,0,134.0,1.065,309.915,1.8475000000000001,33.75,35.58041000366211,4.98,0.0,0
46907,21.146,40.039,13.700000000000001,200.0,452.82800000000003,0.0,0.0,0.0,5.732,0,126.0,0.9450000000000001,309.825,0.5279,33.54,35.58041000366211,4.98,0.0,0
46907,21.657,40.176,14.200000000000001,200.0,453.07,0.0,0.0,0.0,5.732,0,137.0,0.995,309.915,2.3754,33.78,35.58041000366211,4.98,0.0,0
46907,21.657,40.313,14.200000000000001,200.0,453.19100000000003,0.0,0.0,0.0,5.732,0,142.0,1.04,309.825,1.1217000000000001,35.160000000000004,35.58041000366211,4.98,0.0,0
46907,21.657,40.459,14.700000000000001,200.0,453.19100000000003,0.0,0.0,0.0,5.732,0,128.0,1.045,309.825,-1.8475000000000001,35.79,35.58041000366211,4.98,0.0,0
46907,21.828,40.596000000000004,14.200000000000001,200.0,453.07,0.0,0.0,0.0,5.732,0,138.0,0.915,309.825,-0.9897,36.78,35.58041000366211,4.98,0.0,0
46907,21.316,40.732,13.200000000000001,200.0,453.07,0.0,0.0,0.0,5.732,0,138.0,1.01,309.825,-0.2639,36.69,35.58041000366211,4.98,0.0,0
46907,21.828,40.879000000000005,13.700000000000001,200.0,453.13,0.0,0.0,0.0,5.732,0,128.0,0.97,309.915,-2.9692000000000003,35.94,35.58041000366211,4.98,0.0,0
46907,21.487000000000002,41.016000000000005,14.700000000000001,200.0,452.767,0.0,0.0,0.0,5.732,0,133.0,1.04,309.825,0.39590000000000003,35.07,35.58041000366211,4.98,0.0,0
46907,21.657,41.152,14.200000000000001,200.0,452.707,0.0,0.0,0.0,5.732,0,131.0,1.05,309.915,2.0455,35.28,35.58041000366211,4.98,0.0,0
46907,21.657,41.299,13.700000000000001,200.0,453.07,0.0,0.0,0.0,5.732,0,132.0,0.995,309.825,-1.0557,35.88,35.58041000366211,4.98,0.0,0
46907,21.657,41.436,13.700000000000001,200.0,453.07,0.0,0.0,0.0,5.732,0,135.0,1.085,309.915,-0.8578,35.67,35.58041000366211,4.98,0.0,0
46907,21.828,41.582,13.700000000000001,200.0,452.88800000000003,0.0,0.0,0.0,5.732,0,129.0,1.08,309.825,-1.7155,35.22,35.58041000366211,4.98,0.0,0
46907,21.657,41.719,14.200000000000001,200.0,452.767,0.0,0.0,0.0,5.732,0,133.0,0.935,309.915,1.5176,34.05,35.58041000366211,4.98,0.0,0
46907,21.657,41.738,14.700000000000001,200.0,452.767,0.0,0.0,0.0,5.732,0,135.0,1.01,309.915,1.7650000000000001,33.99,35.58041000366211,4.98,0.0,0
46907,21.487000000000002,41.875,14.700000000000001,200.0,452.88800000000003,0.0,0.0,0.0,5.732,0,132.0,1.035,309.825,0.5444,33.27,35.58041000366211,4.98,0.0,0
46907,21.316,42.021,14.700000000000001,200.0,452.707,0.0,0.0,0.0,5.732,0,143.0,1.0,309.915,-0.5444,33.81,35.58041000366211,4.98,0.0,0
46907,21.487000000000002,42.158,13.700000000000001,200.0,452.707,0.0,0.0,0.0,5.732,0,141.0,0.9500000000000001,309.825,0.0165,34.980000000000004,35.58041000366211,4.98,0.0,0
46907,21.657,42.305,14.200000000000001,200.0,452.88800000000003,0.0,0.0,0.0,5.732,0,129.0,0.965,309.825,0.6763,36.15,35.58041000366211,4.98,0.0,0
46907,21.657,42.441,14.700000000000001,200.0,452.344,0.0,0.0,0.0,5.732,0,139.0,1.02,309.825,-2.2269,36.93,35.58041000366211,4.98,0.0,0
46907,21.998,42.588,14.200000000000001,200.0,452.284,0.0,0.0,0.0,5.732,0,141.0,0.975,309.825,-1.699,36.93,35.58041000366211,4.98,0.0,0
46907,21.828,42.734,14.200000000000001,200.0,452.82800000000003,0.0,0.0,0.0,5.732,0,136.0,1.05,309.915,0.5114000000000001,35.46,35.58041000366211,4.98,0.0,0
46907,21.657,42.881,14.700000000000001,200.0,452.707,0.0,0.0,0.0,5.732,0,148.0,0.985,309.825,0.9238000000000001,35.22,35.58041000366211,4.98,0.0,0
46907,21.998,43.018,14.200000000000001,200.0,452.52500000000003,0.0,0.0,0.0,5.732,0,138.0,0.965,309.825,-2.9692000000000003,34.32,35.58041000366211,4.98,0.0,0
46907,21.487000000000002,43.164,14.200000000000001,200.0,452.52500000000003,0.0,0.0,0.0,5.732,0,138.0,1.0,309.915,-0.8743000000000001,34.65,35.58041000366211,4.98,0.0,0
46907,21.316,43.311,14.200000000000001,200.0,452.52500000000003,0.0,0.0,0.0,5.732,0,140.0,0.9550000000000001,309.915,5.46,35.22,35.58041000366211,4.98,0.0,0
46907,21.487000000000002,43.457,14.200000000000001,200.0,452.586,0.0,0.0,0.0,5.732,0,139.0,0.99,309.825,1.2949000000000002,34.71,35.58041000366211,4.98,0.0,0
46907,21.146,43.604,14.200000000000001,200.0,452.767,0.0,0.0,0.0,5.732,0,140.0,0.99,309.825,-2.4908,34.11,35.58041000366211,4.98,0.0,0
46907,21.146,43.74,13.700000000000001,200.0,452.82800000000003,0.0,0.0,0.0,5.732,0,144.0,0.935,309.825,-1.8310000000000002,33.660000000000004,35.58041000366211,4.98,0.0,0
46907,21.316,43.887,14.200000000000001,200.0,452.82800000000003,0.0,0.0,0.0,5.732,0,144.0,1.05,309.825,-0.9238000000000001,33.660000000000004,35.58041000366211,4.98,0.0,0
46907,21.146,44.023,14.200000000000001,200.0,453.009,0.0,0.0,0.0,5.732,0,138.0,1.065,309.825,0.9402,33.78,35.58041000366211,4.98,0.0,0
46907,21.316,44.17,14.200000000000001,200.0,452.82800000000003,0.0,0.0,0.0,5.732,0,146.0,0.91,309.825,0.132,34.83,35.58041000366211,4.98,0.0,0
46907,21.146,44.316,14.200000000000001,200.0,452.88800000000003,0.0,0.0,0.0,5.732,0,145.0,1.02,309.825,-1.1877,35.49,35.58041000366211,4.98,0.0,0
46907,21.487000000000002,44.453,13.700000000000001,200.0,453.009,0.0,0.0,0.0,5.732,0,137.0,1.01,309.825,1.1877,36.03,35.58041000366211,4.98,0.0,0
46907,21.316,44.6,14.700000000000001,200.0,452.82800000000003,0.0,0.0,0.0,5.732,0,142.0,1.09,309.825,-0.132,35.94,35.58041000366211,4.98,0.0,0
46907,21.316,44.736000000000004,14.700000000000001,200.0,452.707,0.0,0.0,0.0,5.732,0,132.0,1.1,309.915,-0.9402,35.7,35.58041000366211,4.98,0.0,0
46907,21.316,44.883,13.700000000000001,200.0,452.88800000000003,0.0,0.0,0.0,5.732,0,136.0,0.97,309.825,0.9238000000000001,35.61,35.58041000366211,4.98,0.0,0
46907,20.975,45.02,14.200000000000001,200.0,453.009,0.0,0.0,0.0,5.732,0,144.0,1.02,309.825,-0.39590000000000003,35.01,35.58041000366211,4.98,0.0,0
46907,21.487000000000002,45.156,13.200000000000001,200.0,452.82800000000003,0.0,0.0,0.0,5.732,0,138.0,0.97,309.825,-0.2639,34.410000000000004,35.58041000366211,4.98,0.0,0
46907,21.487000000000002,45.293,14.700000000000001,200.0,452.82800000000003,0.0,0.0,0.0,5.732,0,140.0,1.05,309.825,1.8475000000000001,33.45,35.58041000366211,4.98,0.0,0
46907,21.146,45.439,14.200000000000001,200.0,452.52500000000003,0.0,0.0,0.0,5.732,0,140.0,1.065,309.825,-0.7918000000000001,33.33,35.58041000366211,4.98,0.0,0
46907,21.828,45.576,13.700000000000001,200.0,452.707,0.0,0.0,0.0,5.732,0,148.0,0.97,309.69,-0.5031,33.06,35.58041000366211,4.98,0.0,0
46907,21.657,45.723,13.200000000000001,200.0,452.88800000000003,0.0,0.0,0.0,5.732,0,137.0,1.0050000000000001,309.825,-4.2064,33.0,35.58041000366211,4.98,0.0,0
46907,21.828,45.859,13.700000000000001,200.0,452.707,0.0,0.0,0.0,5.732,0,146.0,1.0,309.825,-1.0557,33.63,35.58041000366211,4.98,0.0,0
46907,21.657,46.006,14.200000000000001,200.0,453.13,0.0,0.0,0.0,5.732,0,140.0,1.0,309.825,5.806500000000001,34.56,35.58041000366211,4.98,0.0,0
46907,21.998,46.016000000000005,13.700000000000001,200.0,453.19100000000003,0.0,0.0,0.0,5.732,0,149.0,0.97,309.825,6.0704,34.62,35.58041000366211,4.98,0.0,0
46907,21.828,46.162,14.200000000000001,200.0,453.25100000000003,0.0,0.0,0.0,5.732,0,151.0,0.99,309.825,-1.5836000000000001,35.43,35.58041000366211,4.98,0.0,0
46907,21.828,46.309000000000005,14.200000000000001,200.0,453.372,0.0,0.0,0.0,5.732,0,146.0,1.055,309.825,-2.9032,35.58,35.58041000366211,4.98,0.0,0
46907,21.828,46.445,14.200000000000001,200.0,453.19100000000003,0.0,0.0,0.0,5.732,0,149.0,1.0,309.825,2.3754,35.550000000000004,35.58041000366211,4.98,0.0,0
46907,21.998,46.592,14.200000000000001,200.0,452.767,0.0,0.0,0.0,5.732,0,149.0,1.04,309.825,3.2991,35.31,35.58041000366211,4.98,0.0,0
46907,21.828,46.738,14.200000000000001,200.0,452.707,0.0,0.0,0.0,5.732,0,135.0,0.985,309.915,-1.3856000000000002,34.95,35.58041000366211,4.98,0.0,0
46907,21.657,46.885000000000005,14.700000000000001,200.0,453.009,0.0,0.0,0.0,5.732,0,151.0,1.055,309.825,-2.9032,34.62,35.58041000366211,4.98,0.0,0
46907,21.487000000000002,47.031,14.200000000000001,200.0,453.07,0.0,0.0,0.0,5.732,0,149.0,0.935,309.825,2.1114,34.02,35.58041000366211,4.98,0.0,0
46907,21.657,47.178000000000004,14.700000000000001,200.0,453.07,0.0,0.0,0.0,5.732,0,147.0,0.98,309.69,-4.8827,34.29,35.58041000366211,4.98,0.0,0
46907,21.657,47.324000000000005,14.700000000000001,200.0,452.88800000000003,0.0,0.0,0.0,5.732,0,158.0,0.97,309.825,0.2639,33.87,35.58041000366211,4.98,0.0,0
46907,21.657,47.461000000000006,13.200000000000001,200.0,452.88800000000003,0.0,0.0,0.0,5.732,0,148.0,0.9400000000000001,309.825,3.1672000000000002,34.14,35.58041000366211,4.98,0.0,0
46907,20.975,47.607,14.200000000000001,200.0,453.07,0.0,0.0,0.0,5.732,0,148.0,0.97,309.915,-1.7485000000000002,33.45,35.58041000366211,4.98,0.0,0
46907,21.487000000000002,47.754000000000005,13.700000000000001,200.0,452.88800000000003,0.0,0.0,0.0,5.732,0,153.0,1.025,309.915,3.0352,33.03,35.58041000366211,4.98,0.0,0
46907,21.487000000000002,47.900000000000006,15.200000000000001,200.0,452.707,0.0,0.0,0.0,5.732,0,144.0,1.0050000000000001,309.825,0.7918000000000001,32.76,35.58041000366211,4.98,0.0,0
46907,21.487000000000002,48.047000000000004,14.200000000000001,200.0,453.07,0.0,0.0,0.0,5.732,0,150.0,1.0150000000000001,309.69,-5.0147,34.53,35.58041000366211,4.98,0.0,0
46907,21.487000000000002,48.184000000000005,14.700000000000001,200.0,453.009,0.0,0.0,0.0,5.732,0,155.0,1.03,309.69,-2.4743,36.0,35.58041000366211,4.98,0.0,0
46907,21.487000000000002,48.330000000000005,14.200000000000001,200.0,452.52500000000003,0.0,0.0,0.0,5.732,0,155.0,1.01,309.825,0.39590000000000003,35.88,35.58041000366211,4.98,0.0,0
46907,21.316,48.477000000000004,14.200000000000001,200.0,452.46500000000003,0.0,0.0,0.0,5.732,0,144.0,1.0050000000000001,309.915,7.2251,35.64,35.58041000366211,4.98,0.0,0
46907,21.316,48.613,15.200000000000001,200.0,452.52500000000003,0.0,0.0,0.0,5.732,0,158.0,0.9550000000000001,309.825,1.8475000000000001,35.49,35.58041000366211,4.98,0.0,0
46907,21.146,48.760000000000005,14.200000000000001,200.0,452.52500000000003,0.0,0.0,0.0,5.732,0,158.0,1.1,309.915,-0.5938,35.28,35.58041000366211,4.98,0.0,0
46907,21.487000000000002,48.906,14.700000000000001,200.0,452.88800000000003,0.0,0.0,0.0,5.732,0,149.0,1.065,309.915,2.7713,34.05,35.58041000366211,4.98,0.0,0
46907,20.975,49.043,13.700000000000001,200.0,452.88800000000003,0.0,0.0,0.0,5.732,0,157.0,1.035,309.915,2.5733,33.0,35.58041000366211,4.98,0.0,0
46907,21.316,49.189,14.200000000000001,200.0,453.009,0.0,0.0,0.0,5.732,0,149.0,0.965,309.69,-3.0352,32.82,35.58041000366211,4.98,0.0,0
46907,21.487000000000002,49.326,13.200000000000001,200.0,452.88800000000003,0.0,0.0,0.0,5.732,0,152.0,0.97,309.825,-3.3651,33.0,35.58041000366211,4.98,0.0,0
46907,21.657,49.473,13.700000000000001,200.0,452.82800000000003,0.0,0.0,0.0,5.732,0,156.0,1.02,309.69,-3.4311000000000003,33.45,35.58041000366211,4.98,0.0,0
46907,21.487000000000002,49.609,13.700000000000001,200.0,452.88800000000003,0.0,0.0,0.0,5.732,0,154.0,0.995,309.825,-1.6826,33.480000000000004,35.58041000366211,4.98,0.0,0
46907,21.657,49.756,14.700000000000001,200.0,452.88800000000003,0.0,0.0,0.0,5.732,0,151.0,0.9450000000000001,309.825,-0.5279,33.84,35.58041000366211,4.98,0.0,0
46907,21.487000000000002,49.893,14.200000000000001,200.0,452.88800000000003,0.0,0.0,0.0,5.732,0,154.0,0.985,309.69,2.6393,34.86,35.58041000366211,4.98,0.0,0
46907,21.828,50.039,14.700000000000001,200.0,452.88800000000003,0.0,0.0,0.0,5.732,0,153.0,1.0150000000000001,309.825,-1.4516,34.800000000000004,35.58041000366211,4.98,0.0,0
46907,21.998,50.186,14.200000000000001,200.0,453.07,0.0,0.0,0.0,5.732,0,149.0,1.0150000000000001,309.69,-2.2764,34.53,35.58041000366211,4.98,0.0,0
46907,21.657,50.332,14.200000000000001,200.0,453.07,0.0,0.0,0.0,5.732,0,156.0,0.97,309.825,1.5836000000000001,34.53,35.58041000366211,4.98,0.0,0
46907,21.828,50.342000000000006,13.700000000000001,200.0,453.07,0.0,0.0,0.0,5.732,0,148.0,0.98,309.825,1.1629,34.53,35.58041000366211,4.98,0.0,0
46907,21.657,50.488,14.700000000000001,200.0,453.009,0.0,0.0,0.0,5.732,0,162.0,1.0150000000000001,309.915,3.8765,34.14,35.58041000366211,4.98,0.0,0
46907,21.657,50.635000000000005,14.200000000000001,199.0,452.88800000000003,0.0,0.0,0.0,5.732,0,152.0,0.985,309.915,6.359100000000001,34.230000000000004,35.58041000366211,4.98,0.0,0
46907,21.657,50.781000000000006,15.200000000000001,201.0,452.707,0.0,0.0,0.0,5.732,0,149.0,0.9400000000000001,309.825,0.7918000000000001,34.980000000000004,35.58041000366211,4.98,0.0,0
46907,21.828,50.928000000000004,15.200000000000001,200.0,452.82800000000003,0.0,0.0,0.0,5.732,0,162.0,1.035,309.915,-2.3754,35.13,35.58041000366211,4.98,0.0,0
46907,21.657,51.074000000000005,15.200000000000001,200.0,452.88800000000003,0.0,0.0,0.0,5.732,0,147.0,1.105,309.915,0.2639,34.53,35.58041000366211,4.98,0.0,0
46907,21.657,51.221000000000004,15.200000000000001,200.0,452.88800000000003,0.0,0.0,0.0,5.732,0,153.0,1.04,309.915,-0.5444,33.75,35.58041000366211,4.98,0.0,0
46907,21.657,51.367000000000004,14.700000000000001,200.0,452.88800000000003,0.0,0.0,0.0,5.732,0,158.0,1.01,309.915,-1.2042000000000002,33.0,35.58041000366211,4.98,0.0,0
46907,21.998,51.514,14.200000000000001,200.0,452.707,0.0,0.0,0.0,5.732,0,155.0,0.975,309.825,-2.9527,33.33,35.58041000366211,4.98,0.0,0
46907,22.169,51.67,15.700000000000001,200.0,452.767,0.0,0.0,0.0,5.732,0,155.0,1.02,309.69,-6.5075,33.21,35.58041000366211,4.98,0.0,0
46907,21.657,51.816,14.700000000000001,200.0,452.82800000000003,0.0,0.0,0.0,5.732,0,161.0,1.05,309.915,-2.5073000000000003,33.9,35.58041000366211,4.98,0.0,0
46907,21.487000000000002,51.963,14.700000000000001,200.0,452.707,0.0,0.0,0.0,5.732,0,161.0,1.07,309.825,4.5528,34.62,35.58041000366211,4.98,0.0,0
46907,21.487000000000002,52.119,14.200000000000001,200.0,452.707,0.0,0.0,0.0,5.732,0,151.0,1.01,309.915,3.7198,34.980000000000004,35.58041000366211,4.98,0.0,0
46907,21.146,52.266000000000005,14.700000000000001,200.0,452.88800000000003,0.0,0.0,0.0,5.732,0,162.0,0.975,309.915,-2.8125,35.13,35.58041000366211,4.98,0.0,0
46907,20.975,52.412,14.700000000000001,200.0,452.88800000000003,0.0,0.0,0.0,5.732,0,159.0,0.995,309.825,-0.19790000000000002,34.5,35.58041000366211,4.98,0.0,0
46907,21.316,52.559000000000005,14.700000000000001,200.0,452.88800000000003,0.0,0.0,0.0,5.732,0,157.0,1.025,309.825,-2.8207,35.25,35.58041000366211,4.98,0.0,0
46907,21.316,52.705000000000005,14.200000000000001,200.0,452.707,0.0,0.0,0.0,5.732,0,159.0,1.095,309.825,-3.0847,35.49,35.58041000366211,4.98,0.0,0
46907,21.316,52.852000000000004,14.700000000000001,200.0,453.009,0.0,0.0,0.0,5.732,0,161.0,0.99,309.825,1.8228000000000002,35.28,35.58041000366211,4.98,0.0,0
46907,21.487000000000002,52.998000000000005,15.200000000000001,200.0,452.949,0.0,0.0,0.0,5.732,0,156.0,1.03,309.825,1.6496000000000002,34.68,35.58041000366211,4.98,0.0,0
46907,21.146,53.145,14.700000000000001,200.0,452.949,0.0,0.0,0.0,5.732,0,160.0,0.96,309.915,0.42060000000000003,34.410000000000004,35.58041000366211,4.98,0.0,0
46907,21.316,53.291000000000004,13.200000000000001,200.0,452.767,0.0,0.0,0.0,5.732,0,158.0,0.9450000000000001,309.825,2.4413,33.480000000000004,35.58041000366211,4.98,0.0,0
46907,21.146,53.438,14.200000000000001,200.0,452.82800000000003,0.0,0.0,0.0,5.732,0,159.0,1.07,309.825,0.8743000000000001,32.94,35.58041000366211,4.98,0.0,0
46907,21.487000000000002,53.574000000000005,14.200000000000001,200.0,452.82800000000003,0.0,0.0,0.0,5.732,0,156.0,1.06,309.915,-3.2991,33.21,35.58041000366211,4.98,0.0,0
46907,21.316,53.721000000000004,14.200000000000001,200.0,452.949,0.0,0.0,0.0,5.732,0,157.0,1.0,309.825,0.41240000000000004,34.410000000000004,35.58041000366211,4.98,0.0,0
46907,21.487000000000002,53.867000000000004,15.200000000000001,200.0,452.949,0.0,0.0,0.0,5.732,0,149.0,0.9400000000000001,309.825,-0.39590000000000003,36.03,35.58041000366211,4.98,0.0,0
46907,21.657,53.887,15.200000000000001,201.0,452.949,0.0,0.0,0.0,5.732,0,153.0,0.96,309.825,-0.5279,36.12,35.58041000366211,4.98,0.0,0
46907,21.657,54.023,14.700000000000001,200.0,452.52500000000003,0.0,0.0,0.0,5.732,0,154.0,1.07,309.825,-1.8475000000000001,36.36,35.58041000366211,4.98,0.0,0
46907,21.657,54.17,14.200000000000001,200.0,452.52500000000003,0.0,0.0,0.0,5.732,0,161.0,1.085,309.825,0.0,36.63,35.58041000366211,4.98,0.0,0
46907,21.998,54.316,15.200000000000001,200.0,452.949,0.0,0.0,0.0,5.732,0,164.0,0.98,309.915,-0.132,35.52,35.58041000366211,4.98,0.0,0
46907,21.487000000000002,54.473000000000006,14.200000000000001,200.0,452.707,0.0,0.0,0.0,5.732,0,157.0,1.025,309.825,0.5279,34.5,35.58041000366211,4.98,0.0,0
46907,21.657,54.619,14.200000000000001,200.0,452.646,0.0,0.0,0.0,5.732,0,165.0,1.02,309.915,3.0352,34.53,35.58041000366211,4.98,0.0,0
46907,21.657,54.766000000000005,13.700000000000001,200.0,452.88800000000003,0.0,0.0,0.0,5.732,0,159.0,1.035,309.825,2.7053000000000003,35.07,35.58041000366211,4.98,0.0,0
46907,21.146,54.912000000000006,15.200000000000001,200.0,452.707,0.0,0.0,0.0,5.732,0,153.0,1.0050000000000001,309.825,-0.2639,35.43,35.58041000366211,4.98,0.0,0
46907,21.828,55.059000000000005,14.700000000000001,200.0,452.707,0.0,0.0,0.0,5.732,0,161.0,0.98,309.825,-0.46190000000000003,34.980000000000004,35.58041000366211,4.98,0.0,0
46907,21.657,55.195,14.700000000000001,200.0,452.767,0.0,0.0,0.0,5.732,0,143.0,0.975,309.825,1.3196,34.29,35.58041000366211,4.98,0.0,0
46907,21.828,55.352000000000004,14.700000000000001,200.0,452.646,0.0,0.0,0.0,5.732,0,158.0,1.07,309.69,-1.4846000000000001,33.72,35.58041000366211,4.98,0.0,0
46907,21.998,55.498000000000005,15.200000000000001,200.0,452.82800000000003,0.0,0.0,0.0,5.732,0,161.0,0.995,309.69,-5.2786,33.87,35.58041000366211,4.98,0.0,0
46907,21.657,55.645,15.200000000000001,200.0,452.82800000000003,0.0,0.0,0.0,5.732,0,155.0,0.9500000000000001,309.825,-2.6393,34.08,35.58041000366211,4.98,0.0,0
46907,21.657,55.791000000000004,14.700000000000001,200.0,452.707,0.0,0.0,0.0,5.732,0,154.0,1.0150000000000001,309.825,4.6188,35.49,35.58041000366211,4.98,0.0,0
46907,22.169,55.947,14.700000000000001,200.0,452.82800000000003,0.0,0.0,0.0,5.732,0,163.0,1.08,309.915,3.794,36.78,35.58041000366211,4.98,0.0,0
46907,21.657,56.094,15.200000000000001,200.0,452.88800000000003,0.0,0.0,0.0,5.732,0,153.0,0.97,309.825,1.4516,36.480000000000004,35.58041000366211,4.98,0.0,0
46907,21.828,56.25,14.700000000000001,200.0,452.646,0.0,0.0,0.0,5.732,0,159.0,0.985,309.915,3.3651,36.18,35.58041000366211,4.98,0.0,0
46907,21.828,56.396,14.700000000000001,200.0,452.707,0.0,0.0,0.0,5.732,0,162.0,0.965,309.915,2.3754,35.19,35.58041000366211,4.98,0.0,0
46907,21.657,56.553000000000004,15.200000000000001,200.0,452.707,0.0,0.0,0.0,5.732,0,162.0,0.975,309.915,-0.066,34.44,35.58041000366211,4.98,0.0,0
46907,21.828,56.709,15.200000000000001,200.0,453.19100000000003,0.0,0.0,0.0,5.732,0,158.0,0.97,309.825,-3.1672000000000002,34.53,35.58041000366211,4.98,0.0,0
46907,21.657,56.855000000000004,15.200000000000001,200.0,453.55400000000003,0.0,0.0,0.0,5.732,0,159.0,1.095,309.915,0.5279,34.56,35.58041000366211,4.98,0.0,0
46907,21.828,57.012,15.200000000000001,200.0,452.767,0.0,0.0,0.0,5.732,0,166.0,1.05,309.915,-1.4516,34.800000000000004,35.58041000366211,4.98,0.0,0
46907,21.657,57.168,15.700000000000001,200.0,453.07,0.0,0.0,0.0,5.732,0,153.0,1.01,309.69,-3.0682,34.2,35.58041000366211,4.98,0.0,0
46907,20.975,57.314,15.200000000000001,200.0,452.949,0.0,0.0,0.0,5.732,0,165.0,0.985,309.825,-0.5279,34.2,35.58041000366211,4.98,0.0,0
46907,20.975,57.471000000000004,15.200000000000001,200.0,452.707,0.0,0.0,0.0,5.732,0,160.0,0.9400000000000001,309.825,1.3856000000000002,33.78,35.58041000366211,4.98,0.0,0
46907,21.657,57.617000000000004,14.700000000000001,200.0,452.949,0.0,0.0,0.0,5.732,0,160.0,1.025,309.69,0.2639,34.68,35.58041000366211,4.98,0.0,0
46907,21.146,57.773,15.200000000000001,200.0,452.646,0.0,0.0,0.0,5.732,0,164.0,1.045,309.825,-0.7918000000000001,34.980000000000004,35.58041000366211,4.98,0.0,0
46907,20.975,57.93,14.200000000000001,200.0,453.07,0.0,0.0,0.0,5.732,0,159.0,1.0050000000000001,309.825,-0.39590000000000003,35.31,35.58041000366211,4.98,0.0,0
46907,20.975,58.076,15.200000000000001,200.0,453.07,0.0,0.0,0.0,5.732,0,158.0,0.99,309.825,0.9567,35.910000000000004,35.58041000366211,4.98,0.0,0
46907,21.487000000000002,58.223000000000006,15.200000000000001,200.0,452.707,0.0,0.0,0.0,5.732,0,167.0,1.02,309.825,1.0557,35.910000000000004,35.58041000366211,4.98,0.0,0
46907,21.657,58.379000000000005,14.200000000000001,200.0,452.586,0.0,0.0,0.0,5.732,0,159.0,1.055,309.825,-3.9589000000000003,36.27,35.58041000366211,4.98,0.0,0
46907,21.487000000000002,58.389,14.200000000000001,200.0,452.586,0.0,0.0,0.0,5.732,0,169.0,1.025,309.825,-4.024900000000001,36.33,35.58041000366211,4.98,0.0,0
46907,21.657,58.535000000000004,15.200000000000001,200.0,452.344,0.0,0.0,0.0,5.732,0,161.0,0.9450000000000001,309.915,-3.7115,35.94,35.58041000366211,4.98,0.0,0
46907,21.316,58.691,15.200000000000001,200.0,452.52500000000003,0.0,0.0,0.0,5.732,0,159.0,0.99,309.825,-0.066,35.550000000000004,35.58041000366211,4.98,0.0,0
46907,21.487000000000002,58.838,15.200000000000001,200.0,452.949,0.0,0.0,0.0,5.732,0,166.0,1.0,309.69,0.0247,34.65,35.58041000366211,4.98,0.0,0
46907,21.487000000000002,58.994,14.700000000000001,200.0,452.949,0.0,0.0,0.0,5.732,0,157.0,0.99,309.915,2.3341000000000003,34.65,35.58041000366211,4.98,0.0,0
46907,21.487000000000002,59.141000000000005,14.700000000000001,200.0,452.949,0.0,0.0,0.0,5.732,0,164.0,0.98,309.825,1.3196,34.17,35.58041000366211,4.98,0.0,0
46907,21.316,59.287000000000006,14.200000000000001,200.0,453.07,0.0,0.0,0.0,5.732,0,174.0,1.03,309.825,1.3196,34.59,35.58041000366211,4.98,0.0,0
46907,21.316,59.434000000000005,15.200000000000001,201.0,453.372,0.0,0.0,0.0,5.732,0,154.0,1.0,309.915,0.3299,34.83,35.58041000366211,4.98,0.0,0
46907,21.316,59.59,15.200000000000001,200.0,453.07,0.0,0.0,0.0,5.732,0,162.0,1.0150000000000001,309.915,1.8475000000000001,34.89,35.58041000366211,4.98,0.0,0
46907,21.487000000000002,59.736000000000004,14.700000000000001,200.0,452.767,0.0,0.0,0.0,5.732,0,166.0,1.0,309.825,1.4516,35.22,35.58041000366211,4.98,0.0,0
46907,21.487000000000002,59.883,14.200000000000001,200.0,452.82800000000003,0.0,0.0,0.0,5.732,0,159.0,1.02,309.825,-2.5073000000000003,35.76,35.58041000366211,4.98,0.0,0
46907,21.828,60.039,14.700000000000001,200.0,452.646,0.0,0.0,0.0,5.732,0,160.0,0.975,309.825,-2.8867000000000003,36.42,35.58041000366211,4.98,0.0,0
46907,21.998,60.186,14.700000000000001,200.0,452.767,0.0,0.0,0.0,5.732,0,158.0,1.0050000000000001,309.825,1.4516,36.51,35.58041000366211,4.98,0.0,0
46907,21.657,60.342000000000006,15.200000000000001,200.0,452.586,0.0,0.0,0.0,5.732,0,158.0,1.035,309.825,0.132,35.88,35.58041000366211,4.98,0.0,0
46907,21.998,60.488,14.700000000000001,200.0,452.646,0.0,0.0,0.0,5.732,0,162.0,0.9450000000000001,309.825,-1.1877,36.300000000000004,35.58041000366211,4.98,0.0,0
46907,21.657,60.645,15.200000000000001,200.0,452.707,0.0,0.0,0.0,5.732,0,167.0,0.98,309.825,0.0,36.18,35.58041000366211,4.98,0.0,0
46907,21.828,60.791000000000004,15.200000000000001,200.0,452.88800000000003,0.0,0.0,0.0,5.732,0,157.0,0.975,309.825,0.0,35.61,35.58041000366211,4.98,0.0,0
46907,21.657,60.947,15.200000000000001,200.0,452.767,0.0,0.0,0.0,5.732,0,160.0,1.045,309.915,1.699,34.5,35.58041000366211,4.98,0.0,0
46907,21.316,61.104000000000006,14.700000000000001,200.0,452.404,0.0,0.0,0.0,5.732,0,167.0,1.02,309.915,2.2269,33.81,35.58041000366211,4.98,0.0,0
46907,21.657,61.25,15.200000000000001,200.0,452.586,0.0,0.0,0.0,5.732,0,153.0,1.03,309.825,-1.1877,34.11,35.58041000366211,4.98,0.0,0
46907,21.657,61.406000000000006,15.200000000000001,200.0,452.82800000000003,0.0,0.0,0.0,5.732,0,150.0,0.995,309.825,-2.3754,34.410000000000004,35.58041000366211,4.98,0.0,0
46907,21.998,61.563,15.200000000000001,200.0,452.88800000000003,0.0,0.0,0.0,5.732,0,171.0,0.99,309.825,-2.8207,35.82,35.58041000366211,4.98,0.0,0
46907,22.169,61.582,15.700000000000001,200.0,452.88800000000003,0.0,0.0,0.0,5.732,0,162.0,1.065,309.825,-2.3094,35.910000000000004,35.58041000366211,4.98,0.0,0
46907,21.998,61.729000000000006,16.3,200.0,452.88800000000003,0.0,0.0,0.0,5.732,0,164.0,0.97,310.005,3.0352,36.42,35.58041000366211,4.98,0.0,0
46907,22.169,61.895,15.200000000000001,200.0,452.88800000000003,0.0,0.0,0.0,5.732,0,161.0,0.96,309.915,2.0455,36.39,35.58041000366211,4.98,0.0,0
46907,21.828,62.051,15.700000000000001,200.0,452.88800000000003,0.0,0.0,0.0,5.732,0,161.0,0.98,309.69,-5.5425,36.21,35.58041000366211,4.98,0.0,0
46907,21.828,62.207,15.700000000000001,200.0,453.07,0.0,0.0,0.0,5.732,0,169.0,1.0050000000000001,309.915,-2.3094,35.76,35.58041000366211,4.98,0.0,0
46907,21.657,62.363,15.700000000000001,200.0,453.13,0.0,0.0,0.0,5.732,0,159.0,1.04,309.915,5.2786,35.97,35.58041000366211,4.98,0.0,0
46907,21.828,62.52,16.3,200.0,452.82800000000003,0.0,0.0,0.0,5.732,0,168.0,1.03,309.915,3.5301,35.97,35.58041000366211,4.98,0.0,0
46907,21.828,62.676,16.3,200.0,452.82800000000003,0.0,0.0,0.0,5.732,0,168.0,1.03,309.825,-0.7918000000000001,35.28,35.58041000366211,4.98,0.0,0
46907,21.316,62.842000000000006,15.700000000000001,200.0,452.586,0.0,0.0,0.0,5.732,0,160.0,1.01,309.69,-3.0022,34.980000000000004,35.58041000366211,4.98,0.0,0
46907,21.316,62.998000000000005,16.7,200.0,452.46500000000003,0.0,0.0,0.0,5.732,0,166.0,0.995,309.825,-5.4106000000000005,34.29,35.58041000366211,4.98,0.0,0
46907,21.487000000000002,63.154,15.700000000000001,200.0,452.707,0.0,0.0,0.0,5.732,0,167.0,0.99,309.825,1.3196,33.0,35.58041000366211,4.98,0.0,0
46907,21.146,63.311,15.700000000000001,200.0,452.52500000000003,0.0,0.0,0.0,5.732,0,165.0,0.975,309.915,4.8827,32.88,35.58041000366211,4.98,0.0,0
46907,21.316,63.467000000000006,16.3,200.0,452.586,0.0,0.0,0.0,5.732,0,164.0,1.075,309.69,-2.0125,33.36,35.58041000366211,4.98,0.0,0
46907,21.657,63.623000000000005,16.3,200.0,453.07,0.0,0.0,0.0,5.732,0,172.0,1.0050000000000001,309.825,-0.6598,35.13,35.58041000366211,4.98,0.0,0
46907,21.487000000000002,63.779,16.7,200.0,452.82800000000003,0.0,0.0,0.0,5.732,0,163.0,0.985,309.69,-0.6268,36.39,35.58041000366211,4.98,0.0,0
46907,21.316,63.936,16.3,200.0,452.88800000000003,0.0,0.0,0.0,5.732,0,163.0,0.985,309.825,-1.9795,36.63,35.58041000366211,4.98,0.0,0
46907,21.146,64.092,16.3,200.0,452.586,0.0,0.0,0.0,5.732,0,174.0,0.995,309.915,1.2537,36.21,35.58041000366211,4.98,0.0,0
46907,20.975,64.238,15.700000000000001,200.0,452.767,0.0,0.0,0.0,5.732,0,161.0,1.04,309.825,5.2786,36.33,35.58041000366211,4.98,0.0,0
46907,21.316,64.395,15.200000000000001,200.0,452.707,0.0,0.0,0.0,5.732,0,164.0,0.97,309.825,-2.1114,36.09,35.58041000366211,4.98,0.0,0
46907,21.487000000000002,64.551,15.200000000000001,200.0,452.707,0.0,0.0,0.0,5.732,0,176.0,1.0,309.69,-3.2991,35.04,35.58041000366211,4.98,0.0,0
46907,21.487000000000002,64.70700000000001,15.700000000000001,200.0,452.52500000000003,0.0,0.0,0.0,5.732,0,164.0,1.095,309.915,1.2537,35.31,35.58041000366211,4.98,0.0,0
46907,21.487000000000002,64.863,15.700000000000001,200.0,452.344,0.0,0.0,0.0,5.732,0,168.0,0.99,309.825,0.39590000000000003,35.07,35.58041000366211,4.98,0.0,0
46907,21.487000000000002,65.02,15.700000000000001,200.0,452.586,0.0,0.0,0.0,5.732,0,172.0,0.985,309.825,-1.9465000000000001,34.62,35.58041000366211,4.98,0.0,0
46907,21.487000000000002,65.176,16.3,200.0,452.88800000000003,0.0,0.0,0.0,5.732,0,168.0,0.98,309.825,-2.5073000000000003,33.21,35.58041000366211,4.98,0.0,0
46907,21.316,65.322,15.700000000000001,200.0,452.88800000000003,0.0,0.0,0.0,5.732,0,173.0,0.995,309.825,2.6393,32.910000000000004,35.58041000366211,4.98,0.0,0
46907,21.316,65.479,15.200000000000001,200.0,453.31100000000004,0.0,0.0,0.0,5.732,0,171.0,0.9450000000000001,309.915,3.1672000000000002,33.27,35.58041000366211,4.98,0.0,0
46907,21.487000000000002,65.635,15.200000000000001,200.0,453.31100000000004,0.0,0.0,0.0,5.732,0,167.0,1.02,309.825,-2.1114,34.2,35.58041000366211,4.98,0.0,0
46907,21.998,65.791,15.200000000000001,200.0,452.707,0.0,0.0,0.0,5.732,0,165.0,0.995,309.915,1.7155,35.76,35.58041000366211,4.98,0.0,0
46907,21.487000000000002,65.947,15.700000000000001,200.0,452.949,0.0,0.0,0.0,5.732,0,173.0,0.975,309.915,1.8475000000000001,36.63,35.58041000366211,4.98,0.0,0
46907,21.487000000000002,66.104,15.200000000000001,200.0,452.82800000000003,0.0,0.0,0.0,5.732,0,166.0,1.01,309.915,0.5279,37.32,35.58041000366211,4.98,0.0,0
46907,21.487000000000002,66.26,15.200000000000001,200.0,452.46500000000003,0.0,0.0,0.0,5.732,0,165.0,1.03,309.825,0.066,36.54,35.58041000366211,4.98,0.0,0
46907,21.657,66.279,16.3,200.0,452.46500000000003,0.0,0.0,0.0,5.732,0,164.0,1.03,309.825,0.14850000000000002,36.42,35.58041000366211,4.98,0.0,0
46907,21.998,66.436,15.700000000000001,200.0,452.707,0.0,0.0,0.0,5.732,0,166.0,1.035,309.915,-2.2434000000000003,35.64,35.58041000366211,4.98,0.0,0
46907,21.828,66.592,15.200000000000001,200.0,452.767,0.0,0.0,0.0,5.732,0,169.0,1.025,309.915,-2.0455,35.04,35.58041000366211,4.98,0.0,0
46907,21.998,66.748,16.3,200.0,452.646,0.0,0.0,0.0,5.732,0,166.0,1.0050000000000001,309.825,-1.7155,34.800000000000004,35.58041000366211,4.98,0.0,0
46907,21.657,66.904,15.700000000000001,200.0,452.707,0.0,0.0,0.0,5.732,0,165.0,0.965,309.825,-0.39590000000000003,34.980000000000004,35.58041000366211,4.98,0.0,0
46907,21.657,67.061,14.700000000000001,200.0,452.88800000000003,0.0,0.0,0.0,5.732,0,169.0,1.02,309.825,0.7423000000000001,35.07,35.58041000366211,4.98,0.0,0
46907,22.51,67.227,16.7,200.0,452.707,0.0,0.0,0.0,5.732,0,175.0,1.01,309.915,-0.7423000000000001,33.75,35.58041000366211,4.98,0.0,0
46907,21.657,67.393,15.700000000000001,200.0,453.19100000000003,0.0,0.0,0.0,5.732,0,165.0,0.985,309.825,2.1774,33.51,35.58041000366211,4.98,0.0,0
46907,21.657,67.549,15.200000000000001,200.0,453.19100000000003,0.0,0.0,0.0,5.732,0,183.0,1.0150000000000001,309.915,2.9527,33.54,35.58041000366211,4.98,0.0,0
46907,21.316,67.705,15.700000000000001,200.0,452.88800000000003,0.0,0.0,0.0,5.732,0,168.0,1.0050000000000001,309.69,0.43710000000000004,33.660000000000004,35.58041000366211,4.98,0.0,0
46907,21.657,67.87100000000001,15.700000000000001,200.0,452.707,0.0,0.0,0.0,5.732,0,172.0,1.0150000000000001,309.915,-0.8578,35.22,35.58041000366211,4.98,0.0,0
46907,21.657,68.027,16.3,199.0,452.707,0.0,0.0,0.0,5.732,0,173.0,0.995,309.825,-1.3691,35.82,35.58041000366211,4.98,0.0,0
46907,21.146,68.184,16.3,201.0,452.52500000000003,0.0,0.0,0.0,5.732,0,163.0,1.045,309.825,1.2702,36.24,35.58041000366211,4.98,0.0,0
46907,21.146,68.34,15.700000000000001,200.0,452.52500000000003,0.0,0.0,0.0,5.732,0,176.0,0.99,309.825,-1.1712,35.97,35.58041000366211,4.98,0.0,0
46907,21.316,68.506,15.700000000000001,200.0,452.586,0.0,0.0,0.0,5.732,0,171.0,0.985,309.825,0.39590000000000003,35.49,35.58041000366211,4.98,0.0,0
46907,21.146,68.662,15.700000000000001,200.0,452.82800000000003,0.0,0.0,0.0,5.732,0,169.0,0.99,309.825,-3.4971,35.13,35.58041000366211,4.98,0.0,0
46907,20.975,68.818,16.3,200.0,452.707,0.0,0.0,0.0,5.732,0,170.0,1.0150000000000001,309.825,-1.1052,35.07,35.58041000366211,4.98,0.0,0
46907,21.657,68.97500000000001,15.700000000000001,200.0,452.707,0.0,0.0,0.0,5.732,0,171.0,1.0050000000000001,309.915,1.897,35.160000000000004,35.58041000366211,4.98,0.0,0
46907,21.316,69.131,16.3,200.0,452.88800000000003,0.0,0.0,0.0,5.732,0,162.0,1.025,309.915,4.577500000000001,35.19,35.58041000366211,4.98,0.0,0
46907,21.657,69.141,15.200000000000001,200.0,453.009,0.0,0.0,0.0,5.732,0,171.0,1.0150000000000001,309.915,3.9589000000000003,35.19,35.58041000366211,4.98,0.0,0
46907,21.657,69.297,15.700000000000001,200.0,452.707,0.0,0.0,0.0,5.732,0,167.0,0.935,309.915,-1.3856000000000002,34.68,35.58041000366211,4.98,0.0,0
46907,21.657,69.46300000000001,14.700000000000001,200.0,452.46500000000003,0.0,0.0,0.0,5.732,0,176.0,1.0,309.69,-5.0147,33.45,35.58041000366211,4.98,0.0,0
46907,21.487000000000002,69.619,15.200000000000001,200.0,452.52500000000003,0.0,0.0,0.0,5.732,0,176.0,0.99,309.825,-0.7258,32.4,35.58041000366211,4.98,0.0,0
46907,21.487000000000002,69.775,15.700000000000001,200.0,452.344,0.0,0.0,0.0,5.732,0,167.0,1.01,309.915,-0.132,33.45,35.58041000366211,4.98,0.0,0
46907,21.657,69.932,15.700000000000001,200.0,452.52500000000003,0.0,0.0,0.0,5.732,0,170.0,1.01,309.825,-0.3629,34.17,35.58041000366211,4.98,0.0,0
46907,21.316,70.08800000000001,15.700000000000001,200.0,452.707,0.0,0.0,0.0,5.732,0,174.0,0.98,309.825,-3.1672000000000002,35.1,35.58041000366211,4.98,0.0,0
46907,21.146,70.244,15.700000000000001,200.0,452.586,0.0,0.0,0.0,5.732,0,166.0,0.985,309.69,0.165,35.58,35.58041000366211,4.98,0.0,0
46907,21.316,70.4,15.200000000000001,200.0,452.46500000000003,0.0,0.0,0.0,5.732,0,169.0,0.995,309.825,0.5279,35.85,35.58041000366211,4.98,0.0,0
46907,20.975,70.557,15.700000000000001,200.0,452.586,0.0,0.0,0.0,5.732,0,170.0,0.99,309.825,-0.7918000000000001,35.37,35.58041000366211,4.98,0.0,0
46907,21.487000000000002,70.71300000000001,15.700000000000001,200.0,452.586,0.0,0.0,0.0,5.732,0,167.0,0.99,309.825,4.0909,34.86,35.58041000366211,4.98,0.0,0
46907,21.487000000000002,70.869,15.700000000000001,200.0,452.646,0.0,0.0,0.0,5.732,0,171.0,1.0150000000000001,309.69,-1.4846000000000001,34.05,35.58041000366211,4.98,0.0,0
46907,21.316,71.025,14.700000000000001,200.0,452.707,0.0,0.0,0.0,5.732,0,170.0,1.01,309.69,-3.9589000000000003,33.9,35.58041000366211,4.98,0.0,0
46907,21.657,71.182,15.700000000000001,200.0,452.707,0.0,0.0,0.0,5.732,0,159.0,0.975,309.825,2.6393,33.78,35.58041000366211,4.98,0.0,0
46907,21.487000000000002,71.33800000000001,15.700000000000001,200.0,452.46500000000003,0.0,0.0,0.0,5.732,0,174.0,0.985,309.69,-0.132,34.08,35.58041000366211,4.98,0.0,0
46907,21.657,71.494,16.3,200.0,452.284,0.0,0.0,0.0,5.732,0,171.0,0.995,309.915,0.099,34.230000000000004,35.58041000366211,4.98,0.0,0
46907,21.998,71.65,15.700000000000001,200.0,452.404,0.0,0.0,0.0,5.732,0,168.0,1.0050000000000001,309.825,1.7155,33.6,35.58041000366211,4.98,0.0,0
46907,21.657,71.816,15.700000000000001,200.0,452.404,0.0,0.0,0.0,5.732,0,171.0,1.045,309.915,1.4186,33.96,35.58041000366211,4.98,0.0,0
46907,21.828,71.973,15.700000000000001,200.0,452.707,0.0,0.0,0.0,5.732,0,167.0,1.0050000000000001,309.915,-1.4516,34.53,35.58041000366211,4.98,0.0,0
46907,21.657,72.129,15.200000000000001,200.0,452.707,0.0,0.0,0.0,5.732,0,167.0,0.995,309.825,0.0,35.1,35.58041000366211,4.98,0.0,0
46907,21.828,72.295,16.3,200.0,452.344,0.0,0.0,0.0,5.732,0,169.0,0.97,309.915,2.7713,36.33,35.58041000366211,4.98,0.0,0
46907,21.998,72.45100000000001,16.3,200.0,452.88800000000003,0.0,0.0,0.0,5.732,0,172.0,1.0050000000000001,309.825,-3.8930000000000002,36.39,35.58041000366211,4.98,0.0,0
46907,21.828,72.617,15.700000000000001,200.0,453.07,0.0,0.0,0.0,5.732,0,173.0,1.01,309.825,-2.5073000000000003,35.49,35.58041000366211,4.98,0.0,0
46907,21.998,72.77300000000001,15.700000000000001,200.0,452.88800000000003,0.0,0.0,0.0,5.732,0,166.0,1.025,309.825,1.6496000000000002,34.62,35.58041000366211,4.98,0.0,0
46907,21.657,72.93900000000001,15.200000000000001,200.0,452.52500000000003,0.0,0.0,0.0,5.732,0,167.0,1.075,309.915,2.9032,34.980000000000004,35.58041000366211,4.98,0.0,0
46907,21.828,73.105,16.3,200.0,452.46500000000003,0.0,0.0,0.0,5.732,0,165.0,0.995,309.915,0.9897,34.980000000000004,35.58041000366211,4.98,0.0,0
46907,21.316,73.262,15.700000000000001,200.0,453.009,0.0,0.0,0.0,5.732,0,168.0,0.965,309.825,-1.5836000000000001,35.01,35.58041000366211,4.98,0.0,0
46907,21.316,73.428,16.3,200.0,452.88800000000003,0.0,0.0,0.0,5.732,0,175.0,0.98,309.825,-0.46190000000000003,34.35,35.58041000366211,4.98,0.0,0
46907,21.487000000000002,73.447,16.3,200.0,452.88800000000003,0.0,0.0,0.0,5.732,0,171.0,1.02,309.825,-0.5114000000000001,34.29,35.58041000366211,4.98,0.0,0
46907,21.316,73.604,15.700000000000001,200.0,452.82800000000003,0.0,0.0,0.0,5.732,0,167.0,1.06,309.825,-1.699,34.65,35.58041000366211,4.98,0.0,0
46907,21.487000000000002,73.77000000000001,16.3,200.0,452.88800000000003,0.0,0.0,0.0,5.732,0,159.0,0.995,309.825,-2.9032,34.29,35.58041000366211,4.98,0.0,0
46907,21.146,73.926,16.3,200.0,453.07,0.0,0.0,0.0,5.732,0,175.0,1.03,309.825,1.7155,33.84,35.58041000366211,4.98,0.0,0
46907,21.146,74.092,16.3,200.0,453.009,0.0,0.0,0.0,5.732,0,171.0,1.01,309.825,-1.7815,34.56,35.58041000366211,4.98,0.0,0
46907,21.316,74.248,15.200000000000001,200.0,452.88800000000003,0.0,0.0,0.0,5.732,0,169.0,1.0150000000000001,309.825,0.066,35.61,35.58041000366211,4.98,0.0,0
46907,21.316,74.414,15.700000000000001,200.0,452.707,0.0,0.0,0.0,5.732,0,165.0,1.03,309.825,2.5898000000000003,36.24,35.58041000366211,4.98,0.0,0
46907,21.146,74.57000000000001,16.3,200.0,452.586,0.0,0.0,0.0,5.732,0,171.0,0.975,309.69,-0.899,36.480000000000004,35.58041000366211,4.98,0.0,0
46907,20.975,74.736,15.200000000000001,200.0,452.707,0.0,0.0,0.0,5.732,0,160.0,0.99,309.915,-3.4476,36.480000000000004,35.58041000366211,4.98,0.0,0
46907,21.316,74.893,16.3,200.0,452.646,0.0,0.0,0.0,5.732,0,173.0,0.965,309.69,-2.9445,35.88,35.58041000366211,4.98,0.0,0
46907,21.316,75.049,15.700000000000001,200.0,452.707,0.0,0.0,0.0,5.732,0,168.0,1.035,309.825,2.5073000000000003,36.27,35.58041000366211,4.98,0.0,0
46907,21.146,75.205,15.200000000000001,200.0,452.707,0.0,0.0,0.0,5.732,0,165.0,0.9400000000000001,309.825,1.3361,35.910000000000004,35.58041000366211,4.98,0.0,0
46907,21.146,75.37100000000001,15.200000000000001,200.0,452.52500000000003,0.0,0.0,0.0,5.732,0,172.0,0.97,309.915,5.46,35.31,35.58041000366211,4.98,0.0,0
46907,21.316,75.527,15.200000000000001,200.0,452.707,0.0,0.0,0.0,5.732,0,169.0,0.9450000000000001,309.825,-0.5938,34.35,35.58041000366211,4.98,0.0,0
46907,21.487000000000002,75.684,15.200000000000001,200.0,452.88800000000003,0.0,0.0,0.0,5.732,0,167.0,0.985,309.825,-4.7507,33.51,35.58041000366211,4.98,0.0,0
46907,21.316,75.84,14.700000000000001,200.0,452.646,0.0,0.0,0.0,5.732,0,165.0,0.99,309.825,-1.699,34.26,35.58041000366211,4.98,0.0,0
46907,21.316,75.99600000000001,15.200000000000001,200.0,453.07,0.0,0.0,0.0,5.732,0,169.0,1.025,309.69,0.39590000000000003,34.32,35.58041000366211,4.98,0.0,0
46907,20.975,76.152,15.700000000000001,200.0,452.646,0.0,0.0,0.0,5.732,0,165.0,1.02,309.915,-0.47840000000000005,34.800000000000004,35.58041000366211,4.98,0.0,0
46907,21.487000000000002,76.309,15.700000000000001,200.0,452.707,0.0,0.0,0.0,5.732,0,163.0,0.96,309.825,1.9135000000000002,35.910000000000004,35.58041000366211,4.98,0.0,0
46907,21.657,76.465,15.700000000000001,200.0,453.19100000000003,0.0,0.0,0.0,5.732,0,169.0,0.995,309.915,-0.3052,36.09,35.58041000366211,4.98,0.0,0
46907,21.657,76.62100000000001,16.3,200.0,452.88800000000003,0.0,0.0,0.0,5.732,0,159.0,1.02,309.915,0.0495,36.39,35.58041000366211,4.98,0.0,0
46907,21.487000000000002,76.777,16.3,200.0,452.646,0.0,0.0,0.0,5.732,0,164.0,0.98,309.825,-0.9238000000000001,35.67,35.58041000366211,4.98,0.0,0
46907,21.828,76.797,15.700000000000001,200.0,452.646,0.0,0.0,0.0,5.732,0,160.0,0.935,309.825,-0.7918000000000001,35.58,35.58041000366211,4.98,0.0,0
46907,21.487000000000002,76.953,15.700000000000001,200.0,452.707,0.0,0.0,0.0,5.732,0,166.0,0.995,309.825,-1.7155,35.160000000000004,35.58041000366211,4.98,0.0,0
46907,21.998,77.10900000000001,15.700000000000001,200.0,452.646,0.0,0.0,0.0,5.732,0,165.0,1.02,309.825,1.6496000000000002,34.92,35.58041000366211,4.98,0.0,0
46907,21.657,77.266,15.700000000000001,200.0,452.82800000000003,0.0,0.0,0.0,5.732,0,164.0,1.0,309.915,0.2639,35.31,35.58041000366211,4.98,0.0,0
46907,21.998,77.432,15.700000000000001,200.0,453.19100000000003,0.0,0.0,0.0,5.732,0,164.0,1.01,309.825,-2.6393,34.53,35.58041000366211,4.98,0.0,0
46907,21.998,77.58800000000001,16.3,200.0,453.009,0.0,0.0,0.0,5.732,0,164.0,0.985,309.825,0.9238000000000001,34.44,35.58041000366211,4.98,0.0,0
46907,22.339000000000002,77.754,16.3,200.0,452.88800000000003,0.0,0.0,0.0,5.732,0,157.0,0.9550000000000001,309.825,-0.19790000000000002,34.2,35.58041000366211,4.98,0.0,0
46907,22.851,77.92,17.3,200.0,452.88800000000003,0.0,0.0,0.0,5.732,0,173.0,1.01,309.69,-3.6950000000000003,33.69,35.58041000366211,4.98,0.0,0
46907,22.51,78.086,17.3,199.0,452.767,0.0,0.0,0.0,5.732,0,168.0,1.0,309.915,2.5733,34.2,35.58041000366211,4.98,0.0,0
46907,21.657,78.262,17.8,200.0,452.707,0.0,0.0,0.0,5.732,0,161.0,0.98,309.69,0.5279,34.89,35.58041000366211,4.98,0.0,0
46907,20.634,78.447,19.3,200.0,452.88800000000003,0.0,0.0,0.0,5.732,0,177.0,0.99,309.69,1.3196,35.730000000000004,35.58041000366211,4.98,0.0,0
46907,19.099,78.643,19.8,199.0,453.19100000000003,0.0,0.0,0.0,5.732,0,-127.0,1.035,309.915,0.0,36.15,35.58041000366211,4.98,0.0,0
46907,16.2,78.848,21.3,178.0,453.009,0.0,0.0,0.0,5.732,0,-717.0,0.99,309.825,1.2207000000000001,35.82,35.58041000366211,4.98,0.0,0
46907,10.573,79.063,21.3,136.0,453.31100000000004,0.0,0.0,0.0,5.732,0,-827.0,0.985,309.825,0.39590000000000003,35.85,35.58041000366211,4.98,0.0,0
46907,2.899,79.277,19.3,89.0,453.13,0.0,0.0,0.0,5.732,0,-743.0,0.9400000000000001,309.825,-2.5733,35.19,35.58041000366211,4.98,0.0,0
46907,-5.627,79.453,17.3,46.0,453.13,0.0,0.0,0.0,5.732,0,-578.0,1.025,309.825,0.0,35.43,35.58041000366211,4.98,0.0,0
46907,-13.131,79.60000000000001,8.6,12.0,453.372,0.0,0.0,0.0,5.732,0,-430.0,0.99,309.915,2.5733,35.82,35.58041000366211,4.98,0.0,0
46907,-6.992,79.57000000000001,-3.0,-14.0,453.07,0.0,0.0,0.0,5.732,0,-107.0,1.05,309.915,4.2229,35.79,35.58041000366211,4.98,0.0,0
46907,-10.743,79.57000000000001,1.0,-20.0,453.19100000000003,0.0,0.0,0.0,5.732,0,136.0,1.03,309.915,-0.066,35.94,35.58041000366211,4.98,0.0,0
46907,-11.084,79.57000000000001,0.5,-19.0,453.19100000000003,0.0,0.0,0.0,5.732,0,149.0,0.975,309.915,-0.14850000000000002,35.910000000000004,35.58041000366211,4.98,0.0,0
46907,-11.255,79.58,2.5,-10.0,453.494,0.0,0.0,0.0,5.732,0,154.0,1.02,309.825,-3.2166,34.5,35.58041000366211,4.98,0.0,0
46907,-11.767,79.619,4.1000000000000005,-2.0,453.19100000000003,0.0,0.0,0.0,5.732,0,65.0,1.01,309.825,-0.5773,33.09,35.58041000366211,4.98,0.0,0
46907,-11.937,79.658,3.5,2.0,452.82800000000003,0.0,0.0,0.0,5.732,0,23.0,1.0050000000000001,309.69,-0.9485,33.84,35.58041000366211,4.98,0.0,0
46907,-11.426,79.697,4.1000000000000005,2.0,452.949,0.0,0.0,0.0,5.732,0,-1.0,1.04,309.915,-0.46190000000000003,34.95,35.58041000366211,4.98,0.0,0
46907,-11.767,79.736,4.1000000000000005,1.0,452.646,0.0,0.0,0.0,5.732,0,-4.0,1.0150000000000001,309.915,3.4806000000000004,36.6,35.58041000366211,4.98,0.0,0
46907,-12.108,79.78500000000001,4.1000000000000005,0.0,452.404,0.0,0.0,0.0,5.732,0,-9.0,1.02,309.825,4.6848,37.77,35.58041000366211,4.98,0.0,0
46907,-12.96,79.824,4.1000000000000005,0.0,452.707,0.0,0.0,0.0,5.732,0,-4.0,1.0150000000000001,309.825,-6.977600000000001,36.99,35.58041000366211,4.98,0.0,0
46907,-12.790000000000001,79.863,4.1000000000000005,-1.0,452.88800000000003,0.0,0.0,0.0,5.732,0,4.0,0.975,309.915,-2.3754,35.82,35.58041000366211,4.98,0.0,0
46907,-13.131,79.902,4.5,0.0,453.19100000000003,0.0,0.0,0.0,5.732,0,9.0,0.98,309.915,7.6375,34.77,35.58041000366211,4.98,0.0,0
46907,-12.619,79.941,4.1000000000000005,0.0,453.25100000000003,0.0,0.0,0.0,5.732,0,8.0,1.01,309.825,2.7465,34.32,35.58041000366211,4.98,0.0,0
46907,-13.131,79.98,4.1000000000000005,0.0,453.372,0.0,0.0,0.0,5.732,0,6.0,0.995,309.825,-1.699,34.95,35.58041000366211,4.98,0.0,0
46907,-13.301,80.02000000000001,4.1000000000000005,0.0,453.372,0.0,0.0,0.0,5.732,0,2.0,0.995,309.825,-3.6785,35.730000000000004,35.58041000366211,4.98,0.0,0
46907,-13.131,80.059,4.5,0.0,453.13,0.0,0.0,0.0,5.732,0,-2.0,1.0150000000000001,309.825,-1.1877,35.76,35.58041000366211,4.98,0.0,0
46907,-12.96,80.098,4.1000000000000005,0.0,452.88800000000003,0.0,0.0,0.0,5.732,0,-2.0,0.985,309.915,1.8310000000000002,35.4,35.58041000366211,4.98,0.0,0
46907,-13.301,80.146,3.5,0.0,453.009,0.0,0.0,0.0,5.732,0,1.0,1.0150000000000001,309.825,1.4516,34.230000000000004,35.58041000366211,4.98,0.0,0
46907,-13.131,80.186,4.1000000000000005,0.0,452.767,0.0,0.0,0.0,5.732,0,0.0,1.0050000000000001,309.825,0.6763,33.57,35.58041000366211,4.98,0.0,0
46907,-13.301,80.22500000000001,4.1000000000000005,0.0,452.767,0.0,0.0,0.0,5.732,0,2.0,0.97,309.825,-2.2269,33.69,35.58041000366211,4.98,0.0,0
46907,-13.131,80.26400000000001,3.5,0.0,453.13,0.0,0.0,0.0,5.732,0,3.0,1.05,309.825,-1.699,34.95,35.58041000366211,4.98,0.0,0
46907,-13.472,80.26400000000001,4.1000000000000005,0.0,453.07,0.0,0.0,0.0,5.732,0,0.0,0.9550000000000001,309.825,-1.3196,35.07,35.58041000366211,4.98,0.0,0
46907,-13.472,80.303,4.5,0.0,453.07,0.0,0.0,0.0,5.732,0,2.0,0.99,309.825,1.0557,36.15,35.58041000366211,4.98,0.0,0
46907,-13.301,80.352,4.1000000000000005,0.0,453.07,0.0,0.0,0.0,5.732,0,0.0,1.02,309.825,1.0557,36.6,35.58041000366211,4.98,0.0,0
46907,-13.472,80.391,4.1000000000000005,0.0,453.25100000000003,0.0,0.0,0.0,5.732,0,0.0,1.0050000000000001,309.915,0.46190000000000003,36.06,35.58041000366211,4.98,0.0,0
46907,-13.642,80.43,4.1000000000000005,0.0,453.07,0.0,0.0,0.0,5.732,0,1.0,0.995,309.825,0.5279,35.52,35.58041000366211,4.98,0.0,0
46907,-13.642,80.46900000000001,4.1000000000000005,0.0,452.949,0.0,0.0,0.0,5.732,0,3.0,0.995,309.825,0.5279,35.19,35.58041000366211,4.98,0.0,0
46907,-13.472,80.50800000000001,3.5,0.0,452.707,0.0,0.0,0.0,5.732,0,0.0,0.99,309.915,0.0,34.86,35.58041000366211,4.98,0.0,0
46907,-13.131,80.547,4.1000000000000005,0.0,453.07,0.0,0.0,0.0,5.732,0,1.0,1.0,309.825,-0.5279,34.56,35.58041000366211,4.98,0.0,0
46907,-13.642,80.586,3.5,0.0,453.372,0.0,0.0,0.0,5.732,0,0.0,1.02,309.825,-0.5279,34.68,35.58041000366211,4.98,0.0,0
46907,-13.642,80.625,4.1000000000000005,0.0,453.615,0.0,0.0,0.0,5.732,0,0.0,1.0050000000000001,309.825,0.5938,34.35,35.58041000366211,4.98,0.0,0
46907,-13.642,80.664,4.5,0.0,453.55400000000003,0.0,0.0,0.0,5.732,0,0.0,1.03,309.825,-1.3196,33.87,35.58041000366211,4.98,0.0,0
46907,-13.642,80.71300000000001,3.5,0.0,453.31100000000004,0.0,0.0,0.0,5.732,0,-1.0,0.975,309.915,-1.6496000000000002,33.39,35.58041000366211,4.98,0.0,0
46907,-13.642,80.75200000000001,3.5,0.0,453.07,0.0,0.0,0.0,5.732,0,0.0,0.99,309.825,1.4516,33.75,35.58041000366211,4.98,0.0,0
46907,-13.813,80.791,3.5,0.0,452.949,0.0,0.0,0.0,5.732,0,0.0,0.98,309.915,3.3651,34.89,35.58041000366211,4.98,0.0,0
46907,-13.472,80.83,4.5,0.0,452.82800000000003,0.0,0.0,0.0,5.732,0,0.0,1.03,309.915,-0.9238000000000001,35.43,35.58041000366211,4.98,0.0,0
46907,-13.813,80.869,3.5,0.0,452.586,0.0,0.0,0.0,5.732,0,0.0,1.0050000000000001,309.825,1.5836000000000001,36.42,35.58041000366211,4.98,0.0,0
46907,-13.813,80.908,4.1000000000000005,0.0,452.707,0.0,0.0,0.0,5.732,0,0.0,1.0150000000000001,309.825,-0.6598,35.7,35.58041000366211,4.98,0.0,0
46907,-13.813,80.947,4.1000000000000005,0.0,452.707,0.0,0.0,0.0,5.732,0,0.0,0.97,309.915,-1.0557,35.19,35.58041000366211,4.98,0.0,0
46907,-13.642,80.986,4.5,0.0,453.19100000000003,0.0,0.0,0.0,5.732,0,0.0,0.96,309.825,1.0557,34.86,35.58041000366211,4.98,0.0,0
46907,-13.642,81.025,4.1000000000000005,0.0,453.494,0.0,0.0,0.0,5.732,0,-1.0,1.0050000000000001,309.825,-3.9589000000000003,34.74,35.58041000366211,4.98,0.0,0
46907,-14.154,81.074,3.5,0.0,453.13,0.0,0.0,0.0,5.732,0,-1.0,1.0150000000000001,309.825,-0.9238000000000001,34.2,35.58041000366211,4.98,0.0,0
46907,-13.813,81.113,4.1000000000000005,0.0,453.19100000000003,0.0,0.0,0.0,5.732,0,0.0,1.0,309.825,1.5836000000000001,33.81,35.58041000366211,4.98,0.0,0
46907,-14.325000000000001,81.152,4.5,0.0,453.07,0.0,0.0,0.0,5.732,0,0.0,1.0150000000000001,309.825,-1.3196,33.87,35.58041000366211,4.98,0.0,0
46907,-13.642,81.191,3.5,0.0,452.949,0.0,0.0,0.0,5.732,0,0.0,1.055,309.825,1.0557,33.12,35.58041000366211,4.98,0.0,0
46907,-13.642,81.23,3.5,0.0,452.586,0.0,0.0,0.0,5.732,0,-2.0,0.985,309.915,1.5836000000000001,33.45,35.58041000366211,4.98,0.0,0
46907,-13.983,81.27000000000001,3.5,0.0,452.284,0.0,0.0,0.0,5.732,0,-1.0,0.965,309.825,-1.0557,34.11,35.58041000366211,4.98,0.0,0
46907,-13.813,81.309,4.5,0.0,453.07,0.0,0.0,0.0,5.732,0,0.0,0.985,309.915,1.0557,35.07,35.58041000366211,4.98,0.0,0
46907,-13.983,81.348,4.5,0.0,453.19100000000003,0.0,0.0,0.0,5.732,0,-1.0,1.0150000000000001,309.915,0.5279,35.910000000000004,35.58041000366211,4.98,0.0,0
46907,-13.813,81.357,4.1000000000000005,0.0,453.19100000000003,0.0,0.0,0.0,5.732,0,0.0,1.025,309.915,1.3856000000000002,36.03,35.58041000366211,4.98,0.0,0
46907,-14.325000000000001,81.396,3.5,0.0,452.767,0.0,0.0,0.0,5.732,0,0.0,1.01,309.915,2.6888,35.64,35.58041000366211,4.98,0.0,0
46907,-13.813,81.436,3.5,0.0,453.07,0.0,0.0,0.0,5.732,0,-1.0,1.07,309.825,2.9857,35.550000000000004,35.58041000366211,4.98,0.0,0
46907,-13.983,81.47500000000001,3.5,0.0,453.07,0.0,0.0,0.0,5.732,0,-1.0,1.025,309.915,-0.9238000000000001,35.76,35.58041000366211,4.98,0.0,0
46907,-13.983,81.48400000000001,3.5,0.0,453.07,0.0,0.0,0.0,5.732,0,-1.0,0.975,309.915,-0.5279,35.64,35.58041000366211,4.98,0.0,0
46907,-13.813,81.52300000000001,4.1000000000000005,0.0,453.009,0.0,0.0,0.0,5.732,0,-2.0,1.03,309.915,-2.7713,34.86,35.58041000366211,4.98,0.0,0
46907,-14.154,81.563,4.1000000000000005,0.0,453.07,0.0,0.0,0.0,5.732,0,-1.0,0.995,309.825,-1.5836000000000001,34.11,35.58041000366211,4.98,0.0,0
46907,-13.813,81.602,4.1000000000000005,0.0,453.31100000000004,0.0,0.0,0.0,5.732,0,-2.0,1.01,309.825,0.6598,34.26,35.58041000366211,4.98,0.0,0
46907,-13.813,81.641,4.5,0.0,453.07,0.0,0.0,0.0,5.732,0,-1.0,1.025,309.825,-0.9897,34.11,35.58041000366211,4.98,0.0,0
46907,-13.813,81.68,3.5,0.0,452.88800000000003,0.0,0.0,0.0,5.732,0,-2.0,1.0150000000000001,309.825,-1.3196,33.96,35.58041000366211,4.98,0.0,0
46907,-13.983,81.71900000000001,4.1000000000000005,0.0,452.586,0.0,0.0,0.0,5.732,0,-2.0,0.99,309.915,0.9897,33.99,35.58041000366211,4.98,0.0,0
46907,-13.983,81.729,3.5,0.0,452.586,0.0,0.0,0.0,5.732,0,-1.0,1.02,309.915,1.4351,33.99,35.58041000366211,4.98,0.0,0
46907,-13.813,81.768,4.5,0.0,452.949,0.0,0.0,0.0,5.732,0,0.0,0.99,309.825,3.563,33.81,35.58041000366211,4.98,0.0,0
46907,-13.813,81.807,4.1000000000000005,0.0,453.19100000000003,0.0,0.0,0.0,5.732,0,-1.0,1.025,309.825,-0.39590000000000003,33.9,35.58041000366211,4.98,0.0,0
46907,-13.983,81.846,4.5,0.0,452.707,0.0,0.0,0.0,5.732,0,0.0,1.02,309.825,-3.8105,34.29,35.58041000366211,4.98,0.0,0
46907,-13.983,81.885,4.5,0.0,452.46500000000003,0.0,0.0,0.0,5.732,0,-2.0,0.99,309.825,-2.6888,34.980000000000004,35.58041000366211,4.98,0.0,0
46907,-13.983,81.924,3.5,0.0,452.707,0.0,0.0,0.0,5.732,0,-1.0,0.995,309.915,0.3134,35.1,35.58041000366211,4.98,0.0,0
46907,-13.813,81.96300000000001,4.1000000000000005,0.0,452.52500000000003,0.0,0.0,0.0,5.732,0,-2.0,0.99,309.825,2.7053000000000003,34.800000000000004,35.58041000366211,4.98,0.0,0
46907,-13.813,82.00200000000001,4.1000000000000005,0.0,452.707,0.0,0.0,0.0,5.732,0,-1.0,0.995,309.825,0.7918000000000001,34.83,35.58041000366211,4.98,0.0,0
46907,-13.983,82.051,4.1000000000000005,0.0,452.88800000000003,0.0,0.0,0.0,5.732,0,-1.0,1.0,309.825,-1.8475000000000001,34.980000000000004,35.58041000366211,4.98,0.0,0
46907,-13.813,82.09,4.5,0.0,453.432,0.0,0.0,0.0,5.732,0,-2.0,1.01,309.825,1.4516,35.13,35.58041000366211,4.98,0.0,0
46907,-13.813,82.129,4.1000000000000005,0.0,453.19100000000003,0.0,0.0,0.0,5.732,0,-2.0,1.0050000000000001,309.915,1.699,34.65,35.58041000366211,4.98,0.0,0
46907,-13.983,82.168,4.1000000000000005,0.0,453.19100000000003,0.0,0.0,0.0,5.732,0,-2.0,1.01,309.915,-5.559,33.480000000000004,35.58041000366211,4.98,0.0,0
46907,-13.813,82.20700000000001,3.5,0.0,453.07,0.0,0.0,0.0,5.732,0,-2.0,0.9550000000000001,309.825,0.8083,32.730000000000004,35.58041000366211,4.98,0.0,0
46907,-13.813,82.24600000000001,4.1000000000000005,0.0,453.009,0.0,0.0,0.0,5.732,0,-2.0,0.985,309.915,5.2786,32.25,35.58041000366211,4.98,0.0,0
46907,-14.325000000000001,82.28500000000001,4.5,0.0,452.82800000000003,0.0,0.0,0.0,5.732,0,-2.0,1.03,309.825,0.5031,32.49,35.58041000366211,4.98,0.0,0
46907,-13.983,82.324,4.1000000000000005,0.0,453.19100000000003,0.0,0.0,0.0,5.732,0,-2.0,1.07,309.825,-2.6393,32.7,35.58041000366211,4.98,0.0,0
46907,-13.983,82.373,4.5,0.0,453.19100000000003,0.0,0.0,0.0,5.732,0,-1.0,1.01,309.69,-4.1157,33.99,35.58041000366211,4.98,0.0,0
46907,-13.983,82.412,4.1000000000000005,0.0,452.88800000000003,0.0,0.0,0.0,5.732,0,-2.0,0.98,309.825,-0.8578,35.61,35.58041000366211,4.98,0.0,0
46907,-14.495000000000001,82.45100000000001,4.5,0.0,452.707,0.0,0.0,0.0,5.732,0,-2.0,0.98,309.825,-0.19790000000000002,35.79,35.58041000366211,4.98,0.0,0
46907,-13.813,82.49000000000001,4.1000000000000005,0.0,452.646,0.0,0.0,0.0,5.732,0,-2.0,1.0050000000000001,309.825,3.3404000000000003,34.92,35.58041000366211,4.98,0.0,0
46907,-13.813,82.52900000000001,4.1000000000000005,0.0,452.707,0.0,0.0,0.0,5.732,0,-2.0,0.96,309.915,-0.8743000000000001,33.96,35.58041000366211,4.98,0.0,0
46907,-13.642,82.568,3.5,0.0,452.646,0.0,0.0,0.0,5.732,0,-2.0,0.99,309.825,-2.7713,34.62,35.58041000366211,4.98,0.0,0
46907,-13.983,82.607,4.1000000000000005,0.0,452.646,0.0,0.0,0.0,5.732,0,-2.0,1.02,309.825,1.3196,34.95,35.58041000366211,4.98,0.0,0
46907,-13.983,82.646,3.5,0.0,452.586,0.0,0.0,0.0,5.732,0,-2.0,0.96,309.825,-1.8310000000000002,35.13,35.58041000366211,4.98,0.0,0
46907,-13.813,82.686,5.1000000000000005,0.0,452.646,0.0,0.0,0.0,5.732,0,-2.0,1.06,309.915,0.8413,34.65,35.58041000366211,4.98,0.0,0
46907,-13.983,82.73400000000001,3.5,0.0,452.646,0.0,0.0,0.0,5.732,0,-2.0,0.975,309.915,2.5568,34.2,35.58041000366211,4.98,0.0,0
46907,-13.813,82.77300000000001,4.1000000000000005,0.0,452.82800000000003,0.0,0.0,0.0,5.732,0,-2.0,0.99,309.825,1.0310000000000001,32.730000000000004,35.58041000366211,4.98,0.0,0
46907,-13.813,82.813,4.1000000000000005,0.0,452.82800000000003,0.0,0.0,0.0,5.732,0,-2.0,1.0050000000000001,309.915,-1.3196,32.28,35.58041000366211,4.98,0.0,0
46907,-14.154,82.852,4.1000000000000005,0.0,452.52500000000003,0.0,0.0,0.0,5.732,0,-2.0,1.02,309.69,-1.4929000000000001,32.37,35.58041000366211,4.98,0.0,0
46907,-13.983,82.891,4.5,0.0,453.13,0.0,0.0,0.0,5.732,0,-2.0,0.97,309.69,-4.594,33.84,35.58041000366211,4.98,0.0,0
46907,-13.813,82.93,4.1000000000000005,0.0,453.07,0.0,0.0,0.0,5.732,0,-2.0,1.02,309.825,-2.4413,36.03,35.58041000366211,4.98,0.0,0
46907,-14.154,82.93,4.5,0.0,452.88800000000003,0.0,0.0,0.0,5.732,0,-2.0,1.02,309.825,-2.2434000000000003,36.09,35.58041000366211,4.98,0.0,0
46907,-13.813,82.979,3.5,0.0,452.707,0.0,0.0,0.0,5.732,0,-3.0,0.97,309.915,2.4743,35.88,35.58041000366211,4.98,0.0,0
46907,-13.983,83.018,4.1000000000000005,0.0,452.707,0.0,0.0,0.0,5.732,0,-2.0,1.035,309.825,3.1672000000000002,35.88,35.58041000366211,4.98,0.0,0
46907,-13.983,83.057,4.5,0.0,452.767,0.0,0.0,0.0,5.732,0,-2.0,1.01,309.69,-0.4289,35.07,35.58041000366211,4.98,0.0,0
46907,-13.983,83.096,4.1000000000000005,0.0,452.46500000000003,0.0,0.0,0.0,5.732,0,-2.0,1.0050000000000001,309.825,-3.0352,34.65,35.58041000366211,4.98,0.0,0
46907,-14.154,83.135,4.1000000000000005,0.0,452.707,0.0,0.0,0.0,5.732,0,-2.0,0.985,309.915,3.3651,34.62,35.58041000366211,4.98,0.0,0
46907,-13.813,83.174,3.5,0.0,452.52500000000003,0.0,0.0,0.0,5.732,0,-3.0,0.965,309.825,2.5073000000000003,35.49,35.58041000366211,4.98,0.0,0
46907,-13.813,83.21300000000001,3.5,0.0,452.46500000000003,0.0,0.0,0.0,5.732,0,-2.0,0.985,309.825,0.0,34.74,35.58041000366211,4.98,0.0,0
46907,-13.813,83.25200000000001,4.1000000000000005,0.0,452.646,0.0,0.0,0.0,5.732,0,-2.0,1.0150000000000001,309.825,-1.5836000000000001,34.410000000000004,35.58041000366211,4.98,0.0,0
46907,-13.813,83.29100000000001,4.1000000000000005,0.0,452.707,0.0,0.0,0.0,5.732,0,-3.0,1.06,309.825,1.5836000000000001,33.81,35.58041000366211,4.98,0.0,0
46907,-13.813,83.34,3.5,0.0,452.767,0.0,0.0,0.0,5.732,0,-1.0,0.985,309.69,-2.7713,32.88,35.58041000366211,4.98,0.0,0
46907,-13.983,83.379,4.5,0.0,452.88800000000003,0.0,0.0,0.0,5.732,0,-3.0,0.985,309.825,-3.4311000000000003,32.67,35.58041000366211,4.98,0.0,0
46907,-13.642,83.418,4.5,0.0,452.88800000000003,0.0,0.0,0.0,5.732,0,-1.0,0.995,309.825,1.1877,34.2,35.58041000366211,4.98,0.0,0
46907,-13.813,83.45700000000001,4.1000000000000005,0.0,452.949,0.0,0.0,0.0,5.732,0,-2.0,0.97,309.825,1.4846000000000001,35.49,35.58041000366211,4.98,0.0,0
46907,-13.813,83.49600000000001,4.1000000000000005,0.0,452.46500000000003,0.0,0.0,0.0,5.732,0,-2.0,0.98,309.825,0.0,36.96,35.58041000366211,4.98,0.0,0
46907,-13.472,83.53500000000001,3.5,0.0,452.586,0.0,0.0,0.0,5.732,0,-2.0,1.0150000000000001,309.825,0.0,37.08,35.58041000366211,4.98,0.0,0
46907,-11.426,83.555,0.5,0.0,452.88800000000003,0.0,0.0,0.0,5.732,0,-2.0,1.08,309.825,1.3196,35.88,35.58041000366211,4.98,0.0,0
46907,-7.503,83.545,0.0,0.0,452.88800000000003,0.0,0.0,0.0,5.732,0,-2.0,0.97,309.915,-1.3856000000000002,35.1,35.58041000366211,4.98,0.0,0
46907,-6.3100000000000005,83.545,0.0,0.0,452.404,0.0,0.0,0.0,5.732,0,1.0,0.99,309.825,0.39590000000000003,34.59,35.58041000366211,4.98,0.0,0
46907,-7.333,83.545,-0.5,0.0,452.707,0.0,0.0,0.0,5.732,0,0.0,1.025,309.825,1.0557,34.71,35.58041000366211,4.98,0.0,0
46907,-6.3100000000000005,83.545,0.0,0.0,452.707,0.0,0.0,0.0,5.732,0,2.0,1.0,309.915,-1.3196,35.1,35.58041000366211,4.98,0.0,0
46907,-6.3100000000000005,83.545,-0.5,0.0,453.07,0.0,0.0,0.0,5.732,0,2.0,0.96,309.825,0.5279,34.74,35.58041000366211,4.98,0.0,0
46907,-5.969,83.545,0.0,0.0,452.88800000000003,0.0,0.0,0.0,5.732,0,1.0,1.045,309.825,0.5279,33.84,35.58041000366211,4.98,0.0,0
46907,-5.798,83.545,0.0,0.0,452.646,0.0,0.0,0.0,5.732,0,1.0,0.985,309.915,1.5836000000000001,33.660000000000004,35.58041000366211,4.98,0.0,0
46907,-5.798,83.545,0.0,0.0,452.88800000000003,0.0,0.0,0.0,5.732,0,2.0,1.03,309.69,-1.7155,33.480000000000004,35.58041000366211,4.98,0.0,0
46907,-5.627,83.545,0.0,0.0,453.07,0.0,0.0,0.0,5.732,0,1.0,1.07,309.825,-2.3754,33.96,35.58041000366211,4.98,0.0,0
46907,-5.627,83.545,0.0,0.0,452.82800000000003,0.0,0.0,0.0,5.732,0,1.0,0.97,309.915,0.5279,34.77,35.58041000366211,4.98,0.0,0
46907,-5.627,83.545,0.0,0.0,452.707,0.0,0.0,0.0,5.732,0,1.0,1.0050000000000001,309.915,0.3629,35.82,35.58041000366211,4.98,0.0,0
46907,-5.627,83.545,0.0,0.0,452.52500000000003,0.0,0.0,0.0,5.732,0,2.0,1.0050000000000001,309.825,0.0,36.33,35.58041000366211,4.98,0.0,0
46907,-5.457,83.545,0.0,0.0,452.646,0.0,0.0,0.0,5.732,0,2.0,0.985,309.825,0.066,36.45,35.58041000366211,4.98,0.0,0
46907,-5.627,83.545,0.0,0.0,452.586,0.0,0.0,0.0,5.732,0,2.0,1.0,309.825,-0.9238000000000001,36.300000000000004,35.58041000366211,4.98,0.0,0
46907,-5.1160000000000005,83.545,0.0,0.0,452.586,0.0,0.0,0.0,5.732,0,2.0,1.0150000000000001,309.915,0.066,36.21,35.58041000366211,4.98,0.0,0
46907,-5.457,83.545,0.0,0.0,452.223,0.0,0.0,0.0,5.732,0,1.0,1.02,309.825,2.5733,34.53,35.58041000366211,4.98,0.0,0
46907,-5.457,83.545,0.0,0.0,452.52500000000003,0.0,0.0,0.0,5.732,0,2.0,0.995,309.825,-0.132,34.230000000000004,35.58041000366211,4.98,0.0,0
46907,-5.1160000000000005,83.545,0.0,0.0,452.707,0.0,0.0,0.0,5.732,0,2.0,1.01,309.915,0.1155,33.96,35.58041000366211,4.98,0.0,0
46907,-5.627,83.545,0.0,0.0,452.646,0.0,0.0,0.0,5.732,0,1.0,1.01,309.825,2.6393,34.68,35.58041000366211,4.98,0.0,0
46907,-5.2860000000000005,83.545,0.0,0.0,452.767,0.0,0.0,0.0,5.732,0,2.0,1.0050000000000001,309.915,-1.6496000000000002,34.44,35.58041000366211,4.98,0.0,0
46907,-5.1160000000000005,83.545,0.0,0.0,452.707,0.0,0.0,0.0,5.732,0,1.0,0.975,309.825,-2.1609000000000003,34.14,35.58041000366211,4.98,0.0,0
46907,-4.945,83.545,0.0,0.0,452.82800000000003,0.0,0.0,0.0,5.732,0,1.0,1.0,309.825,1.9300000000000002,33.9,35.58041000366211,4.98,0.0,0
46907,-5.2860000000000005,83.545,0.0,0.0,452.767,0.0,0.0,0.0,5.732,0,2.0,1.03,309.825,0.14850000000000002,34.14,35.58041000366211,4.98,0.0,0
46907,-5.2860000000000005,83.545,0.0,0.0,452.52500000000003,0.0,0.0,0.0,5.732,0,1.0,1.03,309.915,0.5114000000000001,34.980000000000004,35.58041000366211,4.98,0.0,0
46907,-4.945,83.545,0.0,0.0,452.344,0.0,0.0,0.0,5.732,0,1.0,0.985,309.915,-0.0165,35.730000000000004,35.58041000366211,4.98,0.0,0
46907,-5.2860000000000005,83.545,0.0,0.0,452.52500000000003,0.0,0.0,0.0,5.732,0,2.0,1.0150000000000001,309.69,-1.0805,36.15,35.58041000366211,4.98,0.0,0
46907,-4.945,83.545,0.0,0.0,452.707,0.0,0.0,0.0,5.732,0,1.0,0.93,309.825,-4.1404000000000005,36.51,35.58041000366211,4.98,0.0,0
46907,-5.1160000000000005,83.545,0.0,0.0,452.646,0.0,0.0,0.0,5.732,0,2.0,0.995,309.825,-0.46190000000000003,36.06,35.58041000366211,4.98,0.0,0
46907,-5.1160000000000005,83.545,0.0,0.0,452.88800000000003,0.0,0.0,0.0,5.732,0,2.0,0.99,309.915,0.2227,35.76,35.58041000366211,4.98,0.0,0
46907,-5.1160000000000005,83.545,0.0,0.0,452.88800000000003,0.0,0.0,0.0,5.732,0,1.0,1.0,309.915,0.5773,35.64,35.58041000366211,4.98,0.0,0
46907,-4.604,83.545,0.0,0.0,452.767,0.0,0.0,0.0,5.732,0,2.0,1.0,309.915,0.9238000000000001,35.61,35.58041000366211,4.98,0.0,0
46907,-4.945,83.545,0.0,0.0,452.88800000000003,0.0,0.0,0.0,5.732,0,2.0,1.01,309.825,2.6393,35.160000000000004,35.58041000366211,4.98,0.0,0
46907,-4.945,83.545,0.0,0.0,453.009,0.0,0.0,0.0,5.732,0,1.0,0.99,309.69,-5.6745,34.59,35.58041000366211,4.98,0.0,0
46907,-4.945,83.545,0.0,0.0,453.19100000000003,0.0,0.0,0.0,5.732,0,2.0,1.04,309.915,-2.3754,34.89,35.58041000366211,4.98,0.0,0
46907,-4.775,83.545,0.0,0.0,452.88800000000003,0.0,0.0,0.0,5.732,0,2.0,1.035,309.825,3.9589000000000003,35.01,35.58041000366211,4.98,0.0,0
46907,-4.945,83.545,0.0,0.0,452.707,0.0,0.0,0.0,5.732,0,1.0,0.995,309.825,3.3321,34.230000000000004,35.58041000366211,4.98,0.0,0
46907,-4.775,83.545,0.0,0.0,452.404,0.0,0.0,0.0,5.732,0,2.0,1.0,309.825,-2.1114,34.44,35.58041000366211,4.98,0.0,0
46907,-4.775,83.545,0.0,0.0,452.646,0.0,0.0,0.0,5.732,0,2.0,1.01,309.69,-2.0125,34.59,35.58041000366211,4.98,0.0,0
46907,-4.604,83.545,0.0,0.0,453.07,0.0,0.0,0.0,5.732,0,1.0,1.01,309.825,-2.7713,36.15,35.58041000366211,4.98,0.0,0
46907,-4.775,83.545,0.0,0.0,453.07,0.0,0.0,0.0,5.732,0,1.0,1.0,309.825,0.2639,36.39,35.58041000366211,4.98,0.0,0
46907,-4.775,83.545,0.5,0.0,453.07,0.0,0.0,0.0,5.732,0,2.0,1.0050000000000001,309.915,4.3548,36.57,35.58041000366211,4.98,0.0,0
46907,-4.775,83.545,0.0,0.0,453.19100000000003,0.0,0.0,0.0,5.732,0,1.0,1.0150000000000001,309.915,-2.4413,36.69,35.58041000366211,4.98,0.0,0
46907,-4.945,83.545,0.0,0.0,453.19100000000003,0.0,0.0,0.0,5.732,0,2.0,0.96,309.825,-0.39590000000000003,36.84,35.58041000366211,4.98,0.0,0
46907,-4.945,83.545,0.0,0.0,452.88800000000003,0.0,0.0,0.0,5.732,0,2.0,0.99,309.825,-1.5176,35.910000000000004,35.58041000366211,4.98,0.0,0
46907,-4.434,83.545,0.0,0.0,453.19100000000003,0.0,0.0,0.0,5.732,0,1.0,1.01,309.825,-1.4516,35.4,35.58041000366211,4.98,0.0,0
46907,-4.434,83.545,0.0,0.0,453.31100000000004,0.0,0.0,0.0,5.732,0,2.0,1.0150000000000001,309.825,0.0,33.87,35.58041000366211,4.98,0.0,0
46907,-4.263,83.545,0.0,0.0,453.13,0.0,0.0,0.0,5.732,0,2.0,1.0050000000000001,309.825,-0.39590000000000003,33.3,35.58041000366211,4.98,0.0,0
46907,-4.604,83.545,0.0,0.0,453.07,0.0,0.0,0.0,5.732,0,1.0,1.01,309.825,0.2639,34.14,35.58041000366211,4.98,0.0,0
46907,-4.604,83.545,0.0,0.0,453.07,0.0,0.0,0.0,5.732,0,2.0,1.02,309.825,-2.6393,34.47,35.58041000366211,4.98,0.0,0
46907,-4.604,83.545,0.0,0.0,452.707,0.0,0.0,0.0,5.732,0,2.0,1.0,309.69,-2.8043,34.44,35.58041000366211,4.98,0.0,0
46907,-4.434,83.545,0.0,0.0,452.52500000000003,0.0,0.0,0.0,5.732,0,1.0,0.99,309.69,-1.3196,35.64,35.58041000366211,4.98,0.0,0
46907,-4.434,83.545,0.0,0.0,452.586,0.0,0.0,0.0,5.732,0,2.0,0.975,310.005,1.9795,36.06,35.58041000366211,4.98,0.0,0
46907,-4.434,83.545,0.0,0.0,452.586,0.0,0.0,0.0,5.732,0,2.0,0.975,310.005,3.2001,36.12,35.58041000366211,4.98,0.0,0
46907,-4.604,83.545,0.0,0.0,453.07,0.0,0.0,0.0,5.732,0,1.0,1.0050000000000001,309.825,5.1219,36.24,35.58041000366211,4.98,0.0,0
46907,-4.604,83.545,0.0,0.0,452.88800000000003,0.0,0.0,0.0,5.732,0,2.0,0.985,309.825,-0.1567,36.24,35.58041000366211,4.98,0.0,0
46907,-4.434,83.545,0.0,0.0,452.767,0.0,0.0,0.0,5.732,0,1.0,1.01,309.915,-2.0949,35.7,35.58041000366211,4.98,0.0,0
46907,-4.604,83.545,0.0,0.0,452.88800000000003,0.0,0.0,0.0,5.732,0,1.0,0.99,309.825,0.28040000000000004,35.58,35.58041000366211,4.98,0.0,0
46907,-4.434,83.545,0.0,0.0,452.646,0.0,0.0,0.0,5.732,0,1.0,1.0,309.915,0.3794,35.79,35.58041000366211,4.98,0.0,0
46907,-4.604,83.545,0.0,0.0,453.009,0.0,0.0,0.0,5.732,0,1.0,0.995,309.915,-1.1382,35.01,35.58041000366211,4.98,0.0,0
46907,-4.434,83.545,0.0,0.0,453.009,0.0,0.0,0.0,5.732,0,1.0,1.04,309.915,-0.41240000000000004,34.65,35.58041000366211,4.98,0.0,0
46907,-4.263,83.545,0.0,0.0,452.88800000000003,0.0,0.0,0.0,5.732,0,2.0,0.9550000000000001,309.825,1.864,34.08,35.58041000366211,4.98,0.0,0
46907,-4.604,83.545,0.0,0.0,452.82800000000003,0.0,0.0,0.0,5.732,0,2.0,1.01,309.825,-0.4454,33.480000000000004,35.58041000366211,4.98,0.0,0
46907,-4.604,83.545,0.0,0.0,452.88800000000003,0.0,0.0,0.0,5.732,0,1.0,1.02,309.825,-3.4146,33.96,35.58041000366211,4.98,0.0,0
46907,-4.434,83.545,0.0,0.0,452.52500000000003,0.0,0.0,0.0,5.732,0,2.0,1.01,309.915,1.699,34.83,35.58041000366211,4.98,0.0,0
46907,-4.263,83.545,0.0,0.0,452.82800000000003,0.0,0.0,0.0,5.732,0,2.0,1.0150000000000001,309.825,0.7918000000000001,34.92,35.58041000366211,4.98,0.0,0
46907,-4.263,83.545,0.0,0.0,452.646,0.0,0.0,0.0,5.732,0,1.0,1.0050000000000001,309.825,-0.132,35.76,35.58041000366211,4.98,0.0,0
46907,-4.263,83.545,0.0,0.0,452.646,0.0,0.0,0.0,5.732,0,2.0,1.0050000000000001,309.69,-3.4723,36.54,35.58041000366211,4.98,0.0,0
46907,-4.775,83.545,0.0,0.0,452.767,0.0,0.0,0.0,5.732,0,2.0,0.995,309.825,-0.7258,36.39,35.58041000366211,4.98,0.0,0
46907,-4.263,83.545,0.0,0.0,452.767,0.0,0.0,0.0,5.732,0,1.0,1.045,309.825,1.798,36.42,35.58041000366211,4.98,0.0,0
46907,-4.093,83.545,0.0,0.0,452.646,0.0,0.0,0.0,5.732,0,2.0,0.995,309.825,0.8330000000000001,35.7,35.58041000366211,4.98,0.0,0
46907,-4.263,83.545,0.0,0.0,452.707,0.0,0.0,0.0,5.732,0,2.0,0.99,309.825,-1.1877,35.730000000000004,35.58041000366211,4.98,0.0,0
46907,-4.434,83.545,0.0,0.0,452.46500000000003,0.0,0.0,0.0,5.732,0,1.0,1.0050000000000001,309.69,-2.5486,35.46,35.58041000366211,4.98,0.0,0
46907,-4.093,83.545,0.0,0.0,452.52500000000003,0.0,0.0,0.0,5.732,0,2.0,1.03,309.915,0.2474,35.37,35.58041000366211,4.98,0.0,0
46907,-3.922,83.545,0.0,0.0,452.404,0.0,0.0,0.0,5.732,0,2.0,1.02,309.915,2.1609000000000003,34.38,35.58041000366211,4.98,0.0,0
46907,-4.604,83.545,0.0,0.0,452.404,0.0,0.0,0.0,5.732,0,1.0,1.0150000000000001,309.915,3.1012,34.230000000000004,35.58041000366211,4.98,0.0,0
46907,-4.263,83.545,0.0,0.0,452.707,0.0,0.0,0.0,5.732,0,1.0,1.055,309.915,5.0147,33.3,35.58041000366211,4.98,0.0,0
46907,-4.263,83.545,0.5,0.0,452.52500000000003,0.0,0.0,0.0,5.732,0,2.0,0.98,309.825,2.4413,33.03,35.58041000366211,4.98,0.0,0
46907,-4.263,83.545,0.0,0.0,452.707,0.0,0.0,0.0,5.732,0,2.0,1.01,309.915,-1.0557,34.05,35.58041000366211,4.98,0.0,0
46907,-4.263,83.545,0.0,0.0,452.52500000000003,0.0,0.0,0.0,5.732,0,1.0,1.02,309.825,-0.9897,34.62,35.58041000366211,4.98,0.0,0
46907,-4.263,83.545,0.0,0.0,452.707,0.0,0.0,0.0,5.732,0,2.0,1.025,309.915,-2.5073000000000003,36.12,35.58041000366211,4.98,0.0,0
46907,-4.263,83.545,0.5,0.0,452.707,0.0,0.0,0.0,5.732,0,2.0,0.98,309.915,-1.0557,36.39,35.58041000366211,4.98,0.0,0
46907,-4.434,83.545,0.0,0.0,452.88800000000003,0.0,0.0,0.0,5.732,0,2.0,1.03,309.825,3.2991,36.75,35.58041000366211,4.98,0.0,0
46907,-4.263,83.545,0.0,0.0,452.949,0.0,0.0,0.0,5.732,0,2.0,1.0,309.825,-1.5176,36.03,35.58041000366211,4.98,0.0,0
46907,-4.263,83.545,0.0,0.0,452.646,0.0,0.0,0.0,5.732,0,2.0,0.99,309.915,-1.9795,35.910000000000004,35.58041000366211,4.98,0.0,0
46907,-4.263,83.545,0.5,0.0,452.52500000000003,0.0,0.0,0.0,5.732,0,2.0,0.975,309.69,-3.3321,35.49,35.58041000366211,4.98,0.0,0
46907,-3.922,83.545,-0.5,0.0,452.52500000000003,0.0,0.0,0.0,5.732,0,2.0,0.99,309.825,-0.39590000000000003,35.910000000000004,35.58041000366211,4.98,0.0,0
46907,-4.263,83.545,0.0,0.0,452.767,0.0,0.0,0.0,5.732,0,1.0,0.99,309.825,1.3856000000000002,35.64,35.58041000366211,4.98,0.0,0
46907,-4.093,83.545,0.5,0.0,452.46500000000003,0.0,0.0,0.0,5.732,0,3.0,1.01,309.825,2.7713,34.17,35.58041000366211,4.98,0.0,0
46907,-4.434,83.545,0.0,0.0,452.707,0.0,0.0,0.0,5.732,0,1.0,0.995,309.825,-1.5836000000000001,32.88,35.58041000366211,4.98,0.0,0
46907,-4.263,83.545,0.0,0.0,453.07,0.0,0.0,0.0,5.732,0,2.0,0.995,309.915,2.2434000000000003,32.730000000000004,35.58041000366211,4.98,0.0,0
46907,-4.263,83.545,0.0,0.0,452.82800000000003,0.0,0.0,0.0,5.732,0,1.0,1.0150000000000001,309.69,-0.165,32.82,35.58041000366211,4.98,0.0,0
46907,-4.263,83.545,0.0,0.0,452.646,0.0,0.0,0.0,5.732,0,1.0,0.99,309.825,-1.5836000000000001,34.26,35.58041000366211,4.98,0.0,0
46907,-4.093,83.545,-0.5,0.0,452.82800000000003,0.0,0.0,0.0,5.732,0,1.0,1.0050000000000001,309.69,-1.6826,35.58,35.58041000366211,4.98,0.0,0
46907,-4.093,83.545,0.0,0.0,452.88800000000003,0.0,0.0,0.0,5.732,0,2.0,0.98,309.915,3.0352,36.57,35.58041000366211,4.98,0.0,0
46907,-4.263,83.545,-0.5,0.0,452.88800000000003,0.0,0.0,0.0,5.732,0,1.0,0.995,309.825,2.9032,36.69,35.58041000366211,4.98,0.0,0
46907,-4.263,83.545,0.0,0.0,452.82800000000003,0.0,0.0,0.0,5.732,0,1.0,0.985,309.915,3.8270000000000004,35.76,35.58041000366211,4.98,0.0,0
46907,-3.7520000000000002,83.545,0.0,0.0,452.88800000000003,0.0,0.0,0.0,5.732,0,2.0,1.01,309.825,-0.46190000000000003,35.25,35.58041000366211,4.98,0.0,0
46907,-3.7520000000000002,83.545,-0.5,0.0,452.767,0.0,0.0,0.0,5.732,0,2.0,0.995,309.825,0.5279,34.89,35.58041000366211,4.98,0.0,0
46907,-4.093,83.545,-0.5,0.0,452.707,0.0,0.0,0.0,5.732,0,2.0,1.025,309.915,0.0,34.89,35.58041000366211,4.98,0.0,0
46907,-3.7520000000000002,83.545,0.0,0.0,452.707,0.0,0.0,0.0,5.732,0,2.0,1.0,309.915,0.7918000000000001,34.86,35.58041000366211,4.98,0.0,0
46907,-4.263,83.545,0.0,0.0,452.767,0.0,0.0,0.0,5.732,0,2.0,0.98,309.69,-0.37120000000000003,34.980000000000004,35.58041000366211,4.98,0.0,0
46907,-4.434,83.545,0.5,0.0,452.586,0.0,0.0,0.0,5.732,0,2.0,0.97,309.825,-2.1774,34.29,35.58041000366211,4.98,0.0,0
46907,-4.263,83.545,0.0,0.0,452.767,0.0,0.0,0.0,5.732,0,2.0,1.01,309.825,-2.2929,33.57,35.58041000366211,4.98,0.0,0
46907,-3.922,83.545,0.0,0.0,452.82800000000003,0.0,0.0,0.0,5.732,0,2.0,0.975,309.825,2.5733,33.84,35.58041000366211,4.98,0.0,0
46907,-4.093,83.545,-0.5,0.0,452.767,0.0,0.0,0.0,5.732,0,2.0,1.0050000000000001,309.825,0.0,33.69,35.58041000366211,4.98,0.0,0
46907,-4.093,83.545,0.0,0.0,452.707,0.0,0.0,0.0,5.732,0,2.0,0.99,309.915,-0.7423000000000001,33.42,35.58041000366211,4.98,0.0,0
46907,-4.093,83.545,0.5,0.0,452.707,0.0,0.0,0.0,5.732,0,1.0,1.0050000000000001,309.825,0.46190000000000003,34.05,35.58041000366211,4.98,0.0,0
46907,-4.263,83.545,0.0,0.0,452.707,0.0,0.0,0.0,5.732,0,1.0,0.995,309.825,1.1217000000000001,35.52,35.58041000366211,4.98,0.0,0
46907,-4.093,83.545,0.5,0.0,453.009,0.0,0.0,0.0,5.732,0,2.0,1.01,309.825,-0.2474,35.85,35.58041000366211,4.98,0.0,0
46907,-3.7520000000000002,83.545,0.5,0.0,452.88800000000003,0.0,0.0,0.0,5.732,0,2.0,0.995,309.825,-2.3094,35.97,35.58041000366211,4.98,0.0,0
46907,-4.263,83.545,0.0,0.0,452.88800000000003,0.0,0.0,0.0,5.732,0,2.0,0.985,309.69,-0.7011000000000001,35.4,35.58041000366211,4.98,0.0,0
46907,-4.093,83.545,-0.5,0.0,452.707,0.0,0.0,0.0,5.732,0,2.0,1.0050000000000001,309.825,0.7918000000000001,35.28,35.58041000366211,4.98,0.0,0
46907,-4.093,83.545,0.0,0.0,452.88800000000003,0.0,0.0,0.0,5.732,0,2.0,1.0,309.69,0.0907,34.47,35.58041000366211,4.98,0.0,0
46907,-4.093,83.545,-0.5,0.0,453.009,0.0,0.0,0.0,5.732,0,2.0,0.995,309.825,0.5444,33.69,35.58041000366211,4.98,0.0,0
46907,-4.093,83.545,0.5,0.0,452.88800000000003,0.0,0.0,0.0,5.732,0,2.0,0.995,309.825,-2.2434000000000003,33.24,35.58041000366211,4.98,0.0,0
46907,-3.922,83.545,0.0,0.0,452.52500000000003,0.0,0.0,0.0,5.732,0,1.0,1.02,309.825,1.8475000000000001,33.84,35.58041000366211,4.98,0.0,0
46907,-3.7520000000000002,83.545,0.5,0.0,452.707,0.0,0.0,0.0,5.732,0,2.0,1.0150000000000001,309.825,3.3651,34.26,35.58041000366211,4.98,0.0,0
46907,-3.7520000000000002,83.545,0.5,0.0,452.707,0.0,0.0,0.0,5.732,0,1.0,1.04,309.915,2.994,33.99,35.58041000366211,4.98,0.0,0
46907,-4.263,83.545,0.5,0.0,452.707,0.0,0.0,0.0,5.732,0,2.0,1.03,309.69,-1.9547,33.99,35.58041000366211,4.98,0.0,0
46907,-4.093,83.545,-0.5,0.0,452.88800000000003,0.0,0.0,0.0,5.732,0,2.0,1.02,309.69,-7.398300000000001,34.56,35.58041000366211,4.98,0.0,0
46907,-3.922,83.545,0.0,0.0,452.88800000000003,0.0,0.0,0.0,5.732,0,1.0,0.975,309.825,-0.8413,35.64,35.58041000366211,4.98,0.0,0
46907,-4.263,83.545,0.5,0.0,452.707,0.0,0.0,0.0,5.732,0,2.0,0.975,309.825,6.6642,36.45,35.58041000366211,4.98,0.0,0
46907,-3.581,83.545,-0.5,0.0,452.949,0.0,0.0,0.0,5.732,0,2.0,0.98,309.915,1.3444,36.09,35.58041000366211,4.98,0.0,0
46907,-3.922,83.545,-0.5,0.0,452.82800000000003,0.0,0.0,0.0,5.732,0,1.0,1.0050000000000001,309.69,-2.4166000000000003,36.18,35.58041000366211,4.98,0.0,0
46907,-3.922,83.545,0.0,0.0,453.009,0.0,0.0,0.0,5.732,0,2.0,1.0,309.825,0.3299,36.15,35.58041000366211,4.98,0.0,0
46907,-3.581,83.545,0.5,0.0,452.767,0.0,0.0,0.0,5.732,0,2.0,1.035,309.69,-1.0310000000000001,35.64,35.58041000366211,4.98,0.0,0
46907,-3.581,83.545,-0.5,0.0,452.88800000000003,0.0,0.0,0.0,5.732,0,1.0,1.0,309.915,0.8825000000000001,34.980000000000004,35.58041000366211,4.98,0.0,0
46907,-3.581,83.545,0.0,0.0,452.82800000000003,0.0,0.0,0.0,5.732,0,2.0,0.99,309.825,-1.963,34.35,35.58041000366211,4.98,0.0,0
46907,-4.093,83.545,0.5,0.0,452.88800000000003,0.0,0.0,0.0,5.732,0,1.0,0.975,309.825,3.2744,33.96,35.58041000366211,4.98,0.0,0
46907,-3.581,83.545,0.5,0.0,453.07,0.0,0.0,0.0,5.732,0,2.0,0.985,309.825,1.9135000000000002,33.75,35.58041000366211,4.98,0.0,0
46907,-3.581,83.545,0.5,0.0,453.13,0.0,0.0,0.0,5.732,0,2.0,0.98,309.825,1.7155,33.72,35.58041000366211,4.98,0.0,0
46907,-3.7520000000000002,83.545,0.0,0.0,452.82800000000003,0.0,0.0,0.0,5.732,0,1.0,1.0,309.825,-2.6393,33.96,35.58041000366211,4.98,0.0,0
46907,-3.922,83.545,0.5,0.0,452.767,0.0,0.0,0.0,5.732,0,1.0,0.975,309.825,-0.9238000000000001,34.65,35.58041000366211,4.98,0.0,0
46907,-3.581,83.545,-0.5,0.0,453.07,0.0,0.0,0.0,5.732,0,2.0,0.985,309.69,2.4743,35.52,35.58041000366211,4.98,0.0,0
46907,-3.581,83.545,-0.5,0.0,452.949,0.0,0.0,0.0,5.732,0,1.0,1.0050000000000001,309.825,-0.9238000000000001,36.15,35.58041000366211,4.98,0.0,0
46907,-3.581,83.545,0.0,0.0,452.88800000000003,0.0,0.0,0.0,5.732,0,1.0,0.995,309.915,1.7815,36.87,35.58041000366211,4.98,0.0,0
46907,-4.093,83.545,-0.5,0.0,452.707,0.0,0.0,0.0,5.732,0,2.0,0.995,309.915,5.1466,36.27,35.58041000366211,4.98,0.0,0
46907,-3.922,83.545,0.5,0.0,452.707,0.0,0.0,0.0,5.732,0,2.0,0.975,309.825,-1.5836000000000001,35.97,35.58041000366211,4.98,0.0,0
46907,-3.581,83.545,0.5,0.0,452.707,0.0,0.0,0.0,5.732,0,2.0,1.01,309.915,-2.7713,35.34,35.58041000366211,4.98,0.0,0
46907,-3.581,83.545,-0.5,0.0,452.767,0.0,0.0,0.0,5.732,0,2.0,1.025,309.825,-2.0455,35.160000000000004,35.58041000366211,4.98,0.0,0
46907,-3.7520000000000002,83.545,0.0,0.0,452.82800000000003,0.0,0.0,0.0,5.732,0,2.0,0.9550000000000001,309.69,-1.1877,35.01,35.58041000366211,4.98,0.0,0
46907,-4.093,83.545,-0.5,0.0,452.88800000000003,0.0,0.0,0.0,5.732,0,1.0,0.975,309.825,2.1774,34.38,35.58041000366211,4.98,0.0,0
46907,-3.922,83.545,0.5,0.0,452.707,0.0,0.0,0.0,5.732,0,2.0,0.99,309.69,-1.3196,34.02,35.58041000366211,4.98,0.0,0
46907,-3.581,83.545,0.0,0.0,453.009,0.0,0.0,0.0,5.732,0,2.0,1.01,309.825,0.6928000000000001,33.63,35.58041000366211,4.98,0.0,0
46907,-4.093,83.545,-0.5,0.0,452.88800000000003,0.0,0.0,0.0,5.732,0,2.0,0.975,309.915,2.7713,33.63,35.58041000366211,4.98,0.0,0
46907,-3.7520000000000002,83.545,0.5,0.0,452.88800000000003,0.0,0.0,0.0,5.732,0,1.0,1.0,309.825,2.0125,34.35,35.58041000366211,4.98,0.0,0
46907,-3.411,83.545,0.5,0.0,452.88800000000003,0.0,0.0,0.0,5.732,0,2.0,0.985,309.825,0.899,34.5,35.58041000366211,4.98,0.0,0
46907,-3.581,83.545,0.0,0.0,452.949,0.0,0.0,0.0,5.732,0,1.0,1.0150000000000001,309.825,-0.7918000000000001,35.64,35.58041000366211,4.98,0.0,0
46907,-3.7520000000000002,83.545,-0.5,0.0,453.07,0.0,0.0,0.0,5.732,0,2.0,1.02,309.69,-3.8517,36.300000000000004,35.58041000366211,4.98,0.0,0
46907,-3.7520000000000002,83.545,0.5,0.0,453.13,0.0,0.0,0.0,5.732,0,1.0,1.01,309.825,-0.9897,36.45,35.58041000366211,4.98,0.0,0
46907,-3.581,83.545,0.0,0.0,452.88800000000003,0.0,0.0,0.0,5.732,0,1.0,0.985,309.825,2.4413,35.85,35.58041000366211,4.98,0.0,0
46907,-3.922,83.545,0.0,0.0,452.82800000000003,0.0,0.0,0.0,5.732,0,2.0,0.96,309.69,-1.0557,35.37,35.58041000366211,4.98,0.0,0
46907,-3.411,83.545,-0.5,0.0,453.07,0.0,0.0,0.0,5.732,0,2.0,0.995,309.825,-3.1672000000000002,35.25,35.58041000366211,4.98,0.0,0
46907,-3.7520000000000002,83.545,0.5,0.0,453.19100000000003,0.0,0.0,0.0,5.732,0,2.0,1.0150000000000001,309.825,0.5938,35.85,35.58041000366211,4.98,0.0,0
46907,-3.581,83.545,0.5,0.0,453.07,0.0,0.0,0.0,5.732,0,2.0,1.01,309.69,0.46190000000000003,35.58,35.58041000366211,4.98,0.0,0
46907,-3.922,83.545,0.0,0.0,453.372,0.0,0.0,0.0,5.732,0,2.0,0.985,309.69,-0.6351,34.77,35.58041000366211,4.98,0.0,0
46907,-3.581,83.545,0.0,0.0,453.19100000000003,0.0,0.0,0.0,5.732,0,2.0,0.98,309.825,0.23920000000000002,34.5,35.58041000366211,4.98,0.0,0
46907,-3.581,83.545,-0.5,0.0,453.07,0.0,0.0,0.0,5.732,0,2.0,1.02,309.825,-0.48660000000000003,33.99,35.58041000366211,4.98,0.0,0
46907,-3.581,83.545,0.5,0.0,453.432,0.0,0.0,0.0,5.732,0,2.0,0.98,309.69,0.6186,33.9,35.58041000366211,4.98,0.0,0
46907,-3.581,83.545,0.5,0.0,453.19100000000003,0.0,0.0,0.0,5.732,0,1.0,1.0,309.825,2.3754,34.17,35.58041000366211,4.98,0.0,0
46907,-3.922,83.545,-0.5,0.0,452.88800000000003,0.0,0.0,0.0,5.732,0,2.0,1.0050000000000001,309.825,0.8578,34.77,35.58041000366211,4.98,0.0,0
46907,-3.411,83.545,0.5,0.0,452.88800000000003,0.0,0.0,0.0,5.732,0,2.0,0.975,309.915,-0.17320000000000002,36.24,35.58041000366211,4.98,0.0,0
46907,-3.411,83.545,0.5,0.0,452.88800000000003,0.0,0.0,0.0,5.732,0,1.0,1.0,309.915,-0.4289,36.300000000000004,35.58041000366211,4.98,0.0,0
46907,-3.581,83.545,0.5,0.0,452.82800000000003,0.0,0.0,0.0,5.732,0,3.0,0.99,309.69,-2.6393,36.75,35.58041000366211,4.98,0.0,0
46907,-3.581,83.545,0.5,0.0,452.88800000000003,0.0,0.0,0.0,5.732,0,1.0,0.99,309.69,-2.8043,36.39,35.58041000366211,4.98,0.0,0
46907,-3.922,83.545,0.0,0.0,452.767,0.0,0.0,0.0,5.732,0,1.0,0.995,309.915,0.0,35.7,35.58041000366211,4.98,0.0,0
46907,-3.411,83.545,-0.5,0.0,452.88800000000003,0.0,0.0,0.0,5.732,0,2.0,1.01,309.69,-0.2639,35.82,35.58041000366211,4.98,0.0,0
46907,-3.581,83.545,0.0,0.0,452.646,0.0,0.0,0.0,5.732,0,2.0,1.01,309.825,2.5073000000000003,35.58,35.58041000366211,4.98,0.0,0
46907,-3.922,83.545,0.0,0.0,452.707,0.0,0.0,0.0,5.732,0,1.0,1.01,309.915,1.5836000000000001,35.4,35.58041000366211,4.98,0.0,0
46907,-3.581,83.545,0.0,0.0,453.19100000000003,0.0,0.0,0.0,5.732,0,2.0,1.0,309.825,0.6598,34.74,35.58041000366211,4.98,0.0,0
46907,-3.7520000000000002,83.545,-0.5,0.0,453.009,0.0,0.0,0.0,5.732,0,2.0,1.0,309.915,5.476500000000001,34.05,35.58041000366211,4.98,0.0,0
46907,-3.581,83.545,-0.5,0.0,453.07,0.0,0.0,0.0,5.732,0,2.0,1.0050000000000001,309.825,0.9238000000000001,33.72,35.58041000366211,4.98,0.0,0
46907,-3.581,83.545,0.0,0.0,453.07,0.0,0.0,0.0,5.732,0,2.0,1.01,309.915,-3.761,33.81,35.58041000366211,4.98,0.0,0
46907,-3.581,83.545,0.0,0.0,452.949,0.0,0.0,0.0,5.732,0,2.0,0.995,309.825,-0.6598,34.800000000000004,35.58041000366211,4.98,0.0,0
46907,-3.581,83.545,0.5,0.0,453.07,0.0,0.0,0.0,5.732,0,2.0,1.0,309.825,2.9032,36.15,35.58041000366211,4.98,0.0,0
46907,-3.581,83.545,0.0,0.0,452.767,0.0,0.0,0.0,5.732,0,2.0,0.995,309.915,1.0557,36.72,35.58041000366211,4.98,0.0,0
46907,-3.581,83.545,0.0,0.0,452.404,0.0,0.0,0.0,5.732,0,2.0,1.0,309.915,0.9897,36.72,35.58041000366211,4.98,0.0,0
46907,-3.581,83.545,0.0,0.0,452.707,0.0,0.0,0.0,5.732,0,2.0,1.0050000000000001,309.69,-4.3548,36.21,35.58041000366211,4.98,0.0,0
46907,-3.7520000000000002,83.545,0.0,0.0,452.88800000000003,0.0,0.0,0.0,5.732,0,1.0,1.035,309.825,-2.3094,35.28,35.58041000366211,4.98,0.0,0
46907,-3.581,83.545,0.5,0.0,452.586,0.0,0.0,0.0,5.732,0,2.0,1.0,309.825,-0.39590000000000003,34.95,35.58041000366211,4.98,0.0,0
46907,-3.581,83.545,-0.5,0.0,452.52500000000003,0.0,0.0,0.0,5.732,0,1.0,1.0,309.915,-0.9567,35.1,35.58041000366211,4.98,0.0,0
46907,-3.411,83.545,0.5,0.0,452.223,0.0,0.0,0.0,5.732,0,2.0,0.995,309.825,1.7155,35.37,35.58041000366211,4.98,0.0,0
46907,-3.581,83.545,0.0,0.0,452.284,0.0,0.0,0.0,5.732,0,2.0,0.975,309.825,2.6393,35.730000000000004,35.58041000366211,4.98,0.0,0
46907,-3.411,83.545,0.5,0.0,452.586,0.0,0.0,0.0,5.732,0,1.0,0.995,309.915,-1.0557,34.89,35.58041000366211,4.98,0.0,0
46907,-3.411,83.545,0.0,0.0,452.586,0.0,0.0,0.0,5.732,0,1.0,1.0,309.825,-1.0392000000000001,34.89,35.58041000366211,4.98,0.0,0
46907,-3.581,83.545,0.0,0.0,452.586,0.0,0.0,0.0,5.732,0,2.0,1.0050000000000001,309.825,-0.7918000000000001,33.84,35.58041000366211,4.98,0.0,0
46907,-3.411,83.545,-0.5,0.0,452.646,0.0,0.0,0.0,5.732,0,2.0,1.03,309.825,-0.9238000000000001,32.88,35.58041000366211,4.98,0.0,0
46907,-3.411,83.545,0.5,0.0,452.52500000000003,0.0,0.0,0.0,5.732,0,1.0,1.03,309.825,0.9402,33.27,35.58041000366211,4.98,0.0,0
46907,-3.411,83.545,-0.5,0.0,452.707,0.0,0.0,0.0,5.732,0,2.0,0.99,309.825,0.132,34.68,35.58041000366211,4.98,0.0,0
46907,-3.411,83.545,0.0,0.0,452.404,0.0,0.0,0.0,5.732,0,1.0,0.995,309.825,0.2639,36.06,35.58041000366211,4.98,0.0,0
46907,-3.411,83.545,0.0,0.0,453.009,0.0,0.0,0.0,5.732,0,2.0,1.0,309.825,0.132,36.45,35.58041000366211,4.98,0.0,0
46907,-3.581,83.545,0.0,0.0,453.009,0.0,0.0,0.0,5.732,0,1.0,0.995,309.825,-1.1877,36.06,35.58041000366211,4.98,0.0,0
46907,-3.581,83.545,0.0,0.0,452.82800000000003,0.0,0.0,0.0,5.732,0,1.0,1.0050000000000001,309.825,0.0,35.61,35.58041000366211,4.98,0.0,0
46907,-3.411,83.545,0.0,0.0,452.949,0.0,0.0,0.0,5.732,0,2.0,1.0150000000000001,309.825,0.0,35.19,35.58041000366211,4.98,0.0,0
46907,-3.581,83.545,-0.5,0.0,452.767,0.0,0.0,0.0,5.732,0,2.0,0.995,309.825,-0.066,34.59,35.58041000366211,4.98,0.0,0
46907,-3.581,83.545,0.0,0.0,452.707,0.0,0.0,0.0,5.732,0,2.0,1.0050000000000001,309.69,-1.5588000000000002,34.38,35.58041000366211,4.98,0.0,0
46907,-3.411,83.545,0.5,0.0,453.25100000000003,0.0,0.0,0.0,5.732,0,2.0,1.0,309.825,0.2639,34.65,35.58041000366211,4.98,0.0,0
46907,-3.411,83.545,0.0,0.0,453.25100000000003,0.0,0.0,0.0,5.732,0,1.0,1.02,309.825,1.9300000000000002,34.2,35.58041000366211,4.98,0.0,0
46907,-3.581,83.545,0.5,0.0,452.707,0.0,0.0,0.0,5.732,0,1.0,1.0050000000000001,309.825,2.2846,34.11,35.58041000366211,4.98,0.0,0
46907,-3.411,83.545,0.0,0.0,452.52500000000003,0.0,0.0,0.0,5.732,0,2.0,0.99,309.825,0.2639,33.27,35.58041000366211,4.98,0.0,0
46907,-3.581,83.545,-0.5,0.0,452.46500000000003,0.0,0.0,0.0,5.732,0,2.0,0.99,309.915,0.6433,33.21,35.58041000366211,4.98,0.0,0
46907,-3.581,83.545,0.0,0.0,452.646,0.0,0.0,0.0,5.732,0,1.0,0.995,309.825,-0.2639,34.38,35.58041000366211,4.98,0.0,0
46907,-3.411,83.545,0.0,0.0,452.949,0.0,0.0,0.0,5.732,0,2.0,1.0,309.825,-2.1774,35.550000000000004,35.58041000366211,4.98,0.0,0
46907,-3.411,83.545,-0.5,0.0,452.767,0.0,0.0,0.0,5.732,0,2.0,1.0,309.825,-1.5176,36.12,35.58041000366211,4.98,0.0,0
46907,-3.411,83.545,0.0,0.0,452.949,0.0,0.0,0.0,5.732,0,1.0,1.01,309.825,5.0806000000000004,36.0,35.58041000366211,4.98,0.0,0
46907,-3.411,83.545,0.5,0.0,453.07,0.0,0.0,0.0,5.732,0,2.0,1.0,309.69,-1.8887,35.730000000000004,35.58041000366211,4.98,0.0,0
46907,-3.581,83.545,0.5,0.0,452.767,0.0,0.0,0.0,5.732,0,2.0,1.0,309.825,-3.3651,34.86,35.58041000366211,4.98,0.0,0
46907,-3.581,83.545,0.0,0.0,453.009,0.0,0.0,0.0,5.732,0,2.0,1.02,309.825,0.47840000000000005,34.68,35.58041000366211,4.98,0.0,0
46907,-3.0700000000000003,83.545,0.0,0.0,452.646,0.0,0.0,0.0,5.732,0,1.0,1.0,309.825,3.3404000000000003,34.59,35.58041000366211,4.98,0.0,0
46907,-3.24,83.545,0.0,0.0,452.707,0.0,0.0,0.0,5.732,0,2.0,0.975,309.825,-0.132,34.2,35.58041000366211,4.98,0.0,0
46907,-3.581,83.545,0.0,0.0,452.404,0.0,0.0,0.0,5.732,0,1.0,1.0050000000000001,309.915,-1.0062,33.72,35.58041000366211,4.98,0.0,0
46907,-3.411,83.545,0.0,0.0,452.404,0.0,0.0,0.0,5.732,0,2.0,0.995,309.825,1.5176,33.54,35.58041000366211,4.98,0.0,0
46907,-3.581,83.545,0.0,0.0,452.646,0.0,0.0,0.0,5.732,0,1.0,1.0,309.825,1.4516,33.57,35.58041000366211,4.98,0.0,0
46907,-3.24,83.545,0.0,0.0,452.88800000000003,0.0,0.0,0.0,5.732,0,1.0,0.99,309.69,-0.6928000000000001,33.87,35.58041000366211,4.98,0.0,0
46907,-3.581,83.545,0.0,0.0,452.949,0.0,0.0,0.0,5.732,0,2.0,1.0,309.915,0.7918000000000001,34.29,35.58041000366211,4.98,0.0,0
46907,-3.411,83.545,0.0,0.0,452.88800000000003,0.0,0.0,0.0,5.732,0,2.0,0.99,309.825,2.6393,35.07,35.58041000366211,4.98,0.0,0
46907,-3.411,83.545,0.0,0.0,452.707,0.0,0.0,0.0,5.732,0,2.0,0.99,309.825,1.3196,35.07,35.58041000366211,4.98,0.0,0
46907,-3.581,83.545,0.0,0.0,452.46500000000003,0.0,0.0,0.0,5.732,0,2.0,0.985,309.915,1.3196,34.89,35.58041000366211,4.98,0.0,0
46907,-3.0700000000000003,83.545,-0.5,0.0,452.404,0.0,0.0,0.0,5.732,0,2.0,1.0050000000000001,309.825,0.7918000000000001,35.25,35.58041000366211,4.98,0.0,0
46907,-3.7520000000000002,83.545,0.5,0.0,452.46500000000003,0.0,0.0,0.0,5.732,0,2.0,0.985,309.915,1.5176,35.58,35.58041000366211,4.98,0.0,0
46907,-3.24,83.545,0.0,0.0,452.82800000000003,0.0,0.0,0.0,5.732,0,1.0,1.01,309.825,-3.2991,35.31,35.58041000366211,4.98,0.0,0
46907,-3.411,83.545,0.0,0.0,452.88800000000003,0.0,0.0,0.0,5.732,0,2.0,0.995,309.825,-3.6950000000000003,34.92,35.58041000366211,4.98,0.0,0
46907,-3.411,83.545,-0.5,0.0,453.07,0.0,0.0,0.0,5.732,0,2.0,0.995,309.825,0.5279,35.28,35.58041000366211,4.98,0.0,0
46907,-3.24,83.545,-0.5,0.0,452.88800000000003,0.0,0.0,0.0,5.732,0,1.0,0.995,309.915,4.4208,34.56,35.58041000366211,4.98,0.0,0
46907,-3.24,83.545,0.0,0.0,452.344,0.0,0.0,0.0,5.732,0,2.0,0.995,309.69,-2.2434000000000003,33.36,35.58041000366211,4.98,0.0,0
46907,-3.411,83.545,0.0,0.0,452.344,0.0,0.0,0.0,5.732,0,2.0,1.0,309.825,-4.2229,32.58,35.58041000366211,4.98,0.0,0
46907,-3.581,83.545,0.0,0.0,452.52500000000003,0.0,0.0,0.0,5.732,0,2.0,0.995,309.825,-1.3196,32.4,35.58041000366211,4.98,0.0,0
46907,-3.581,83.545,0.0,0.0,452.344,0.0,0.0,0.0,5.732,0,2.0,1.02,309.915,2.4743,33.12,35.58041000366211,4.98,0.0,0
46907,-3.411,83.545,0.0,0.0,452.404,0.0,0.0,0.0,5.732,0,1.0,1.01,309.825,0.7918000000000001,34.02,35.58041000366211,4.98,0.0,0
46907,-3.24,83.545,0.0,0.0,452.223,0.0,0.0,0.0,5.732,0,2.0,1.0050000000000001,309.825,-0.5279,34.65,35.58041000366211,4.98,0.0,0
46907,-3.411,83.545,0.0,0.0,452.767,0.0,0.0,0.0,5.732,0,2.0,0.985,309.915,0.6598,34.32,35.58041000366211,4.98,0.0,0
46907,-3.411,83.545,0.0,0.0,452.88800000000003,0.0,0.0,0.0,5.732,0,2.0,0.965,309.69,0.3629,34.59,35.58041000366211,4.98,0.0,0
46907,-3.0700000000000003,83.545,0.0,0.0,452.707,0.0,0.0,0.0,5.732,0,1.0,1.0,309.825,-1.9795,34.74,35.58041000366211,4.98,0.0,0
46907,-3.411,83.545,0.0,0.0,452.46500000000003,0.0,0.0,0.0,5.732,0,2.0,1.0,309.915,0.7918000000000001,35.31,35.58041000366211,4.98,0.0,0
46907,-3.0700000000000003,83.545,0.0,0.0,452.646,0.0,0.0,0.0,5.732,0,2.0,1.0050000000000001,309.915,6.0704,35.43,35.58041000366211,4.98,0.0,0
46907,-3.0700000000000003,83.545,-0.5,0.0,452.767,0.0,0.0,0.0,5.732,0,2.0,1.0,309.69,-0.165,34.83,35.58041000366211,4.98,0.0,0
46907,-3.24,83.545,-0.5,0.0,452.88800000000003,0.0,0.0,0.0,5.732,0,2.0,0.995,309.825,-3.8270000000000004,34.11,35.58041000366211,4.98,0.0,0
46907,-3.24,83.545,0.0,0.0,452.646,0.0,0.0,0.0,5.732,0,2.0,0.98,309.825,-0.19790000000000002,33.24,35.58041000366211,4.98,0.0,0
46907,-3.24,83.545,0.0,0.0,452.52500000000003,0.0,0.0,0.0,5.732,0,1.0,1.0,309.825,2.7713,32.22,35.58041000366211,4.98,0.0,0
46907,-3.24,83.545,-0.5,0.0,452.586,0.0,0.0,0.0,5.732,0,2.0,0.99,309.915,-1.3856000000000002,32.160000000000004,35.58041000366211,4.98,0.0,0
46907,-3.581,83.545,0.0,0.0,452.707,0.0,0.0,0.0,5.732,0,2.0,1.0050000000000001,309.69,-2.3754,32.13,35.58041000366211,4.98,0.0,0
46907,-3.0700000000000003,83.545,0.0,0.0,452.88800000000003,0.0,0.0,0.0,5.732,0,1.0,1.0150000000000001,309.825,1.3196,33.42,35.58041000366211,4.98,0.0,0
46907,-3.411,83.545,0.0,0.0,452.707,0.0,0.0,0.0,5.732,0,1.0,1.0,309.69,-3.6950000000000003,34.32,35.58041000366211,4.98,0.0,0
46907,-3.0700000000000003,83.545,0.0,0.0,452.52500000000003,0.0,0.0,0.0,5.732,0,2.0,0.985,309.825,-3.0187,34.5,35.58041000366211,4.98,0.0,0
46907,-3.24,83.545,0.5,0.0,452.284,0.0,0.0,0.0,5.732,0,1.0,1.0,309.915,-0.1072,35.58,35.58041000366211,4.98,0.0,0
46907,-3.0700000000000003,83.545,0.0,0.0,452.586,0.0,0.0,0.0,5.732,0,1.0,0.99,309.825,-0.5279,35.28,35.58041000366211,4.98,0.0,0
46907,-3.581,83.545,0.0,0.0,452.586,0.0,0.0,0.0,5.732,0,2.0,0.975,309.69,-2.6393,35.04,35.58041000366211,4.98,0.0,0
46907,-2.5580000000000003,83.545,0.5,0.0,452.586,0.0,0.0,0.0,5.732,0,2.0,1.0150000000000001,309.915,-0.5279,34.89,35.58041000366211,4.98,0.0,0
46907,-3.411,83.545,0.5,0.0,452.646,0.0,0.0,0.0,5.732,0,2.0,1.02,309.825,2.6805000000000003,34.65,35.58041000366211,4.98,0.0,0
46907,-2.899,83.545,0.0,0.0,452.88800000000003,0.0,0.0,0.0,5.732,0,2.0,1.02,309.825,-0.8165,34.32,35.58041000366211,4.98,0.0,0
46907,-3.411,83.545,0.0,0.0,452.284,0.0,0.0,0.0,5.732,0,2.0,1.01,309.825,-2.3094,34.56,35.58041000366211,4.98,0.0,0
46907,-3.24,83.545,0.0,0.0,452.404,0.0,0.0,0.0,5.732,0,1.0,1.01,309.69,0.6186,34.56,35.58041000366211,4.98,0.0,0
46907,-3.0700000000000003,83.545,0.0,0.0,452.586,0.0,0.0,0.0,5.732,0,2.0,1.0050000000000001,309.825,-2.7960000000000003,33.72,35.58041000366211,4.98,0.0,0
46907,-3.411,83.545,0.0,0.0,452.52500000000003,0.0,0.0,0.0,5.732,0,2.0,1.0,309.69,1.3444,32.97,35.58041000366211,4.98,0.0,0
46907,-3.411,83.545,0.0,0.0,452.52500000000003,0.0,0.0,0.0,5.732,0,1.0,0.985,309.915,4.8002,33.36,35.58041000366211,4.98,0.0,0
46907,-3.411,83.545,0.0,0.0,452.04200000000003,0.0,0.0,0.0,5.732,0,1.0,0.995,309.915,-0.9402,33.3,35.58041000366211,4.98,0.0,0
46907,-3.581,83.545,0.0,0.0,452.404,0.0,0.0,0.0,5.732,0,2.0,1.0,309.915,5.4106000000000005,34.38,35.58041000366211,4.98,0.0,0
46907,-3.411,83.545,0.0,0.0,452.404,0.0,0.0,0.0,5.732,0,1.0,1.025,309.825,1.1382,35.61,35.58041000366211,4.98,0.0,0
46907,-2.899,83.545,0.0,0.0,452.223,0.0,0.0,0.0,5.732,0,2.0,1.0150000000000001,309.825,-3.563,36.18,35.58041000366211,4.98,0.0,0
46907,-3.0700000000000003,83.545,0.0,0.0,452.707,0.0,0.0,0.0,5.732,0,2.0,0.995,309.915,-0.9238000000000001,35.730000000000004,35.58041000366211,4.98,0.0,0
46907,-3.24,83.545,-0.5,0.0,452.52500000000003,0.0,0.0,0.0,5.732,0,1.0,1.0,309.69,-1.2289,35.52,35.58041000366211,4.98,0.0,0
46907,-3.0700000000000003,83.545,-0.5,0.0,452.52500000000003,0.0,0.0,0.0,5.732,0,2.0,1.0050000000000001,309.915,-3.4476,34.47,35.58041000366211,4.98,0.0,0
46907,-3.0700000000000003,83.545,0.0,0.0,452.404,0.0,0.0,0.0,5.732,0,2.0,0.99,309.915,1.0392000000000001,34.62,35.58041000366211,4.98,0.0,0
46907,-2.899,83.545,0.0,0.0,452.46500000000003,0.0,0.0,0.0,5.732,0,2.0,1.0050000000000001,309.825,3.7363000000000004,34.86,35.58041000366211,4.98,0.0,0
46907,-2.899,83.545,-0.5,0.0,452.586,0.0,0.0,0.0,5.732,0,2.0,1.03,309.69,-3.1672000000000002,35.1,35.58041000366211,4.98,0.0,0
46907,-3.581,83.545,0.5,0.0,452.88800000000003,0.0,0.0,0.0,5.732,0,2.0,1.025,309.69,-1.9382000000000001,34.410000000000004,35.58041000366211,4.98,0.0,0
46907,-3.411,83.545,0.5,0.0,452.88800000000003,0.0,0.0,0.0,5.732,0,2.0,0.995,309.915,0.5279,33.9,35.58041000366211,4.98,0.0,0
46907,-2.899,83.545,0.0,0.0,452.707,0.0,0.0,0.0,5.732,0,2.0,0.985,309.915,6.8209,33.39,35.58041000366211,4.98,0.0,0
46907,-3.24,83.545,0.0,0.0,452.707,0.0,0.0,0.0,5.732,0,1.0,0.985,309.825,3.1012,33.27,35.58041000366211,4.98,0.0,0
46907,-3.0700000000000003,83.545,-0.5,0.0,452.404,0.0,0.0,0.0,5.732,0,2.0,0.995,309.825,-3.0187,33.57,35.58041000366211,4.98,0.0,0
46907,-3.0700000000000003,83.545,0.0,0.0,452.88800000000003,0.0,0.0,0.0,5.732,0,2.0,1.0050000000000001,309.915,-0.9238000000000001,34.89,35.58041000366211,4.98,0.0,0
46907,-3.0700000000000003,83.545,0.0,0.0,452.88800000000003,0.0,0.0,0.0,5.732,0,2.0,1.0150000000000001,309.915,-0.2639,35.13,35.58041000366211,4.98,0.0,0
46907,-3.0700000000000003,83.545,0.0,0.0,453.009,0.0,0.0,0.0,5.732,0,2.0,1.0,309.915,1.5176,36.33,35.58041000366211,4.98,0.0,0
46907,-3.24,83.545,0.0,0.0,453.07,0.0,0.0,0.0,5.732,0,2.0,1.0050000000000001,309.825,1.5836000000000001,36.12,35.58041000366211,4.98,0.0,0
46907,-3.0700000000000003,83.545,0.0,0.0,452.52500000000003,0.0,0.0,0.0,5.732,0,1.0,1.02,309.915,1.0557,35.52,35.58041000366211,4.98,0.0,0
46907,-3.581,83.545,0.0,0.0,452.404,0.0,0.0,0.0,5.732,0,2.0,0.975,309.915,-2.5073000000000003,34.980000000000004,35.58041000366211,4.98,0.0,0
46907,-2.5580000000000003,83.545,0.0,0.0,452.52500000000003,0.0,0.0,0.0,5.732,0,2.0,0.99,309.825,-1.0557,34.83,35.58041000366211,4.98,0.0,0
46907,-2.899,83.545,0.0,0.0,452.404,0.0,0.0,0.0,5.732,0,1.0,0.995,309.825,-0.39590000000000003,34.95,35.58041000366211,4.98,0.0,0
46907,-3.0700000000000003,83.545,0.0,0.0,452.46500000000003,0.0,0.0,0.0,5.732,0,2.0,0.99,309.915,0.5279,35.07,35.58041000366211,4.98,0.0,0
46907,-2.5580000000000003,83.545,0.0,0.0,452.404,0.0,0.0,0.0,5.732,0,1.0,0.99,309.915,2.9032,34.77,35.58041000366211,4.98,0.0,0
46907,-3.0700000000000003,83.545,0.0,0.0,452.52500000000003,0.0,0.0,0.0,5.732,0,1.0,1.03,309.825,-1.0557,33.9,35.58041000366211,4.98,0.0,0
46907,-3.0700000000000003,83.545,0.5,0.0,452.344,0.0,0.0,0.0,5.732,0,2.0,0.995,309.69,-5.4106000000000005,34.05,35.58041000366211,4.98,0.0,0
46907,-2.899,83.545,0.0,0.0,452.284,0.0,0.0,0.0,5.732,0,2.0,1.0150000000000001,309.825,-5.7405,33.480000000000004,35.58041000366211,4.98,0.0,0
46907,-2.5580000000000003,83.545,0.0,0.0,452.46500000000003,0.0,0.0,0.0,5.732,0,2.0,1.01,309.915,3.0352,33.660000000000004,35.58041000366211,4.98,0.0,0
46907,-2.899,83.545,0.0,0.0,452.344,0.0,0.0,0.0,5.732,0,2.0,0.995,309.825,5.9714,35.04,35.58041000366211,4.98,0.0,0
46907,-2.899,83.545,-0.5,0.0,452.586,0.0,0.0,0.0,5.732,0,2.0,0.995,309.825,-0.7918000000000001,35.67,35.58041000366211,4.98,0.0,0
46907,-3.24,83.545,0.0,0.0,452.88800000000003,0.0,0.0,0.0,5.732,0,2.0,0.995,309.69,-0.8908,35.79,35.58041000366211,4.98,0.0,0
46907,-3.0700000000000003,83.545,0.5,0.0,452.949,0.0,0.0,0.0,5.732,0,2.0,0.99,309.825,-0.9238000000000001,36.0,35.58041000366211,4.98,0.0,0
46907,-2.387,83.545,0.0,0.0,452.707,0.0,0.0,0.0,5.732,0,2.0,1.0050000000000001,309.825,-0.2639,36.0,35.58041000366211,4.98,0.0,0
46907,-2.728,83.545,0.0,0.0,452.344,0.0,0.0,0.0,5.732,0,2.0,1.0050000000000001,309.825,4.0909,35.7,35.58041000366211,4.98,0.0,0
46907,-3.0700000000000003,83.545,-0.5,0.0,452.586,0.0,0.0,0.0,5.732,0,2.0,1.0150000000000001,309.915,-0.3299,35.07,35.58041000366211,4.98,0.0,0
46907,-3.0700000000000003,83.545,0.0,0.0,452.344,0.0,0.0,0.0,5.732,0,2.0,1.0150000000000001,309.69,-5.938400000000001,34.02,35.58041000366211,4.98,0.0,0
46907,-3.0700000000000003,83.545,0.0,0.0,452.344,0.0,0.0,0.0,5.732,0,2.0,1.0,309.915,-0.3299,34.26,35.58041000366211,4.98,0.0,0
46907,-2.899,83.545,0.0,0.0,452.46500000000003,0.0,0.0,0.0,5.732,0,2.0,0.99,309.825,2.1114,34.65,35.58041000366211,4.98,0.0,0
46907,-2.728,83.545,0.5,0.0,452.646,0.0,0.0,0.0,5.732,0,2.0,0.99,309.825,0.9567,34.410000000000004,35.58041000366211,4.98,0.0,0
46907,-3.0700000000000003,83.545,0.0,0.0,452.707,0.0,0.0,0.0,5.732,0,1.0,1.02,309.825,-1.8475000000000001,34.17,35.58041000366211,4.98,0.0,0
46907,-2.728,83.545,0.0,0.0,452.707,0.0,0.0,0.0,5.732,0,2.0,1.0150000000000001,309.825,-1.4351,34.17,35.58041000366211,4.98,0.0,0
46907,-2.728,83.545,0.5,0.0,452.707,0.0,0.0,0.0,5.732,0,2.0,0.99,309.825,1.4516,34.35,35.58041000366211,4.98,0.0,0
46907,-2.899,83.545,0.0,0.0,452.707,0.0,0.0,0.0,5.732,0,1.0,0.99,309.825,1.8475000000000001,35.25,35.58041000366211,4.98,0.0,0
46907,-2.728,83.545,0.0,0.0,452.52500000000003,0.0,0.0,0.0,5.732,0,2.0,0.985,309.825,0.6598,35.76,35.58041000366211,4.98,0.0,0
46907,-2.387,83.545,0.0,0.0,452.344,0.0,0.0,0.0,5.732,0,1.0,1.02,309.825,-0.7918000000000001,36.51,35.58041000366211,4.98,0.0,0
46907,-3.24,83.545,0.0,0.0,452.707,0.0,0.0,0.0,5.732,0,1.0,1.0,309.825,-1.699,36.6,35.58041000366211,4.98,0.0,0
46907,-2.899,83.545,0.0,0.0,452.46500000000003,0.0,0.0,0.0,5.732,0,2.0,0.99,309.825,1.1877,36.12,35.58041000366211,4.98,0.0,0
46907,-2.5580000000000003,83.545,0.0,0.0,452.52500000000003,0.0,0.0,0.0,5.732,0,2.0,0.995,309.69,-2.2846,35.82,35.58041000366211,4.98,0.0,0
46907,-3.0700000000000003,83.545,0.0,0.0,452.344,0.0,0.0,0.0,5.732,0,2.0,1.0,309.825,-2.4413,36.12,35.58041000366211,4.98,0.0,0
46907,-2.899,83.545,0.0,0.0,452.223,0.0,0.0,0.0,5.732,0,2.0,0.995,309.915,3.8765,35.52,35.58041000366211,4.98,0.0,0
46907,-2.728,83.545,0.0,0.0,452.344,0.0,0.0,0.0,5.732,0,2.0,0.99,309.915,4.3548,35.49,35.58041000366211,4.98,0.0,0
46907,-2.899,83.545,0.0,0.0,452.707,0.0,0.0,0.0,5.732,0,1.0,0.97,309.915,0.6268,35.13,35.58041000366211,4.98,0.0,0
46907,-2.728,83.545,0.0,0.0,452.52500000000003,0.0,0.0,0.0,5.732,0,1.0,0.995,309.825,-0.39590000000000003,34.44,35.58041000366211,4.98,0.0,0
46907,-2.387,83.545,0.0,0.0,452.586,0.0,0.0,0.0,5.732,0,1.0,1.0,309.825,2.7053000000000003,34.02,35.58041000366211,4.98,0.0,0
46907,-2.5580000000000003,83.545,0.0,0.0,452.646,0.0,0.0,0.0,5.732,0,2.0,0.995,309.915,-1.3196,33.3,35.58041000366211,4.98,0.0,0
46907,-2.899,83.545,0.0,0.0,452.404,0.0,0.0,0.0,5.732,0,2.0,1.01,309.915,-0.066,33.81,35.58041000366211,4.98,0.0,0
46907,-2.899,83.545,0.0,0.0,452.284,0.0,0.0,0.0,5.732,0,1.0,1.0050000000000001,309.825,-0.2639,35.01,35.58041000366211,4.98,0.0,0
46907,-2.217,83.545,0.0,0.0,452.707,0.0,0.0,0.0,5.732,0,2.0,0.985,309.825,-2.0455,36.51,35.58041000366211,4.98,0.0,0
46907,-3.0700000000000003,83.545,0.0,0.0,452.707,0.0,0.0,0.0,5.732,0,2.0,0.9550000000000001,309.825,-4.0909,37.38,35.58041000366211,4.98,0.0,0
46907,-2.899,83.545,0.0,0.0,453.07,0.0,0.0,0.0,5.732,0,2.0,1.0050000000000001,310.005,4.0909,36.75,35.58041000366211,4.98,0.0,0
46907,-2.387,83.545,0.0,0.0,452.82800000000003,0.0,0.0,0.0,5.732,0,2.0,1.02,309.825,3.2991,36.0,35.58041000366211,4.98,0.0,0
46907,-2.899,83.545,0.0,0.0,452.52500000000003,0.0,0.0,0.0,5.732,0,1.0,1.02,309.825,-5.2786,35.52,35.58041000366211,4.98,0.0,0
46907,-3.411,83.545,0.0,0.0,452.646,0.0,0.0,0.0,5.732,0,2.0,0.995,309.69,-5.1466,35.31,35.58041000366211,4.98,0.0,0
46907,-2.728,83.545,0.0,0.0,452.707,0.0,0.0,0.0,5.732,0,2.0,0.99,309.825,-3.1672000000000002,35.19,35.58041000366211,4.98,0.0,0
46907,-2.387,83.545,0.0,0.0,452.344,0.0,0.0,0.0,5.732,0,1.0,0.995,309.915,2.6393,34.26,35.58041000366211,4.98,0.0,0
46907,-3.24,83.545,-0.5,0.0,452.52500000000003,0.0,0.0,0.0,5.732,0,2.0,0.99,309.825,1.2207000000000001,34.35,35.58041000366211,4.98,0.0,0
46907,-2.899,83.545,0.0,0.0,452.52500000000003,0.0,0.0,0.0,5.732,0,1.0,0.99,309.825,0.6351,34.29,35.58041000366211,4.98,0.0,0
46907,-2.217,83.545,0.0,0.0,452.707,0.0,0.0,0.0,5.732,0,1.0,0.98,309.825,-4.3548,33.78,35.58041000366211,4.98,0.0,0
46907,-2.387,83.545,0.0,0.0,452.52500000000003,0.0,0.0,0.0,5.732,0,1.0,1.01,309.825,1.4681,34.05,35.58041000366211,4.98,0.0,0
46907,-3.0700000000000003,83.545,0.0,0.0,452.88800000000003,0.0,0.0,0.0,5.732,0,2.0,1.02,309.825,2.1774,35.1,35.58041000366211,4.98,0.0,0
46907,-2.899,83.545,0.0,0.0,452.88800000000003,0.0,0.0,0.0,5.732,0,1.0,0.995,309.825,-2.1774,36.45,35.58041000366211,4.98,0.0,0
46907,-2.5580000000000003,83.545,0.0,0.0,452.586,0.0,0.0,0.0,5.732,0,2.0,0.995,309.915,1.5011,36.300000000000004,35.58041000366211,4.98,0.0,0
46907,-2.899,83.545,-0.5,0.0,452.46500000000003,0.0,0.0,0.0,5.732,0,2.0,0.995,309.825,2.5733,35.79,35.58041000366211,4.98,0.0,0
46907,-2.899,83.545,0.0,0.0,452.52500000000003,0.0,0.0,0.0,5.732,0,1.0,1.0150000000000001,309.69,-2.6146000000000003,35.28,35.58041000366211,4.98,0.0,0
46907,-2.5580000000000003,83.545,0.0,0.0,452.586,0.0,0.0,0.0,5.732,0,2.0,1.0,309.915,-1.6661000000000001,35.07,35.58041000366211,4.98,0.0,0
46907,-2.899,83.545,0.5,0.0,452.88800000000003,0.0,0.0,0.0,5.732,0,2.0,1.025,309.915,1.7650000000000001,35.4,35.58041000366211,4.98,0.0,0
46907,-2.387,83.545,0.0,0.0,452.767,0.0,0.0,0.0,5.732,0,1.0,1.025,309.825,2.8372,36.03,35.58041000366211,4.98,0.0,0
46907,-3.0700000000000003,83.545,0.0,0.0,452.707,0.0,0.0,0.0,5.732,0,2.0,1.01,309.915,-1.3196,35.85,35.58041000366211,4.98,0.0,0
46907,-3.0700000000000003,83.545,0.0,0.0,452.46500000000003,0.0,0.0,0.0,5.732,0,2.0,0.995,309.915,-1.5341,35.160000000000004,35.58041000366211,4.98,0.0,0
46907,-2.387,83.545,0.0,0.0,452.52500000000003,0.0,0.0,0.0,5.732,0,2.0,0.995,309.915,1.7650000000000001,33.9,35.58041000366211,4.98,0.0,0
46907,-3.0700000000000003,83.545,0.0,0.0,452.767,0.0,0.0,0.0,5.732,0,2.0,0.985,309.825,0.19790000000000002,33.39,35.58041000366211,4.98,0.0,0
46907,-2.728,83.545,0.0,0.0,452.646,0.0,0.0,0.0,5.732,0,2.0,1.0150000000000001,309.825,-5.8559,33.42,35.58041000366211,4.98,0.0,0
46907,-2.899,83.545,0.0,0.0,452.52500000000003,0.0,0.0,0.0,5.732,0,2.0,0.995,309.825,-2.3094,34.62,35.58041000366211,4.98,0.0,0
46907,-2.728,83.545,0.0,0.0,452.46500000000003,0.0,0.0,0.0,5.732,0,2.0,0.98,309.825,1.3856000000000002,35.43,35.58041000366211,4.98,0.0,0
46907,-2.387,83.545,0.0,0.0,452.46500000000003,0.0,0.0,0.0,5.732,0,2.0,1.03,309.825,-1.4104,36.57,35.58041000366211,4.98,0.0,0
46907,-2.728,83.545,0.0,0.0,452.284,0.0,0.0,0.0,5.732,0,1.0,1.02,309.825,-0.19790000000000002,37.59,35.58041000366211,4.98,0.0,0
46907,-2.5580000000000003,83.545,0.0,0.0,452.10200000000003,0.0,0.0,0.0,5.732,0,1.0,1.02,309.915,3.2166,36.99,35.58041000366211,4.98,0.0,0
46907,-2.899,83.545,0.0,0.0,452.52500000000003,0.0,0.0,0.0,5.732,0,2.0,1.04,309.69,1.6083,36.21,35.58041000366211,4.98,0.0,0
46907,-2.728,83.545,0.0,0.0,452.707,0.0,0.0,0.0,5.732,0,1.0,1.0150000000000001,309.825,-1.6496000000000002,35.160000000000004,35.58041000366211,4.98,0.0,0
46907,-2.899,83.545,0.0,0.0,452.52500000000003,0.0,0.0,0.0,5.732,0,1.0,1.0050000000000001,309.825,-0.5773,35.1,35.58041000366211,4.98,0.0,0
46907,-2.728,83.545,0.0,0.0,452.586,0.0,0.0,0.0,5.732,0,2.0,1.0150000000000001,309.825,-0.2474,35.1,35.58041000366211,4.98,0.0,0
46907,-2.387,83.545,0.0,0.0,452.52500000000003,0.0,0.0,0.0,5.732,0,2.0,1.0,309.825,0.5279,35.04,35.58041000366211,4.98,0.0,0
46907,-2.899,83.545,0.0,0.0,452.707,0.0,0.0,0.0,5.732,0,2.0,0.9550000000000001,309.915,-4.5528,35.1,35.58041000366211,4.98,0.0,0
46907,-2.5580000000000003,83.545,0.0,0.0,452.586,0.0,0.0,0.0,5.732,0,2.0,0.965,309.825,2.7713,34.59,35.58041000366211,4.98,0.0,0
46907,-2.5580000000000003,83.545,0.0,0.0,452.223,0.0,0.0,0.0,5.732,0,2.0,0.9550000000000001,309.915,4.4208,33.78,35.58041000366211,4.98,0.0,0
46907,-2.5580000000000003,83.545,0.0,0.0,452.223,0.0,0.0,0.0,5.732,0,1.0,0.98,309.825,-1.0557,33.36,35.58041000366211,4.98,0.0,0
46907,-2.899,83.545,0.0,0.0,452.344,0.0,0.0,0.0,5.732,0,2.0,1.03,309.825,-0.5279,33.72,35.58041000366211,4.98,0.0,0
46907,-2.5580000000000003,83.545,0.0,0.0,452.707,0.0,0.0,0.0,5.732,0,2.0,0.985,309.69,-4.6188,34.92,35.58041000366211,4.98,0.0,0
46907,-2.899,83.545,0.0,0.0,452.52500000000003,0.0,0.0,0.0,5.732,0,1.0,1.0,309.69,-0.6928000000000001,36.45,35.58041000366211,4.98,0.0,0
46907,-2.899,83.545,0.0,0.0,452.163,0.0,0.0,0.0,5.732,0,2.0,1.01,309.825,0.2639,36.57,35.58041000366211,4.98,0.0,0
46907,-2.728,83.545,0.0,0.0,452.284,0.0,0.0,0.0,5.732,0,2.0,0.985,309.915,3.794,36.36,35.58041000366211,4.98,0.0,0
46907,-2.387,83.545,0.0,0.0,452.344,0.0,0.0,0.0,5.732,0,1.0,1.0,309.915,3.6950000000000003,36.0,35.58041000366211,4.98,0.0,0
46907,-2.728,83.545,0.5,0.0,452.52500000000003,0.0,0.0,0.0,5.732,0,2.0,0.995,309.825,0.5279,35.31,35.58041000366211,4.98,0.0,0
46907,-2.899,83.545,0.0,0.0,452.46500000000003,0.0,0.0,0.0,5.732,0,2.0,1.025,309.825,-0.39590000000000003,35.25,35.58041000366211,4.98,0.0,0
46907,-2.387,83.545,0.0,0.0,452.52500000000003,0.0,0.0,0.0,5.732,0,1.0,0.995,309.825,-0.9897,34.32,35.58041000366211,4.98,0.0,0
46907,-3.0700000000000003,83.545,0.0,0.0,452.646,0.0,0.0,0.0,5.732,0,2.0,1.0150000000000001,309.915,1.5836000000000001,34.410000000000004,35.58041000366211,4.98,0.0,0
46907,-2.5580000000000003,83.545,0.0,0.0,452.46500000000003,0.0,0.0,0.0,5.732,0,2.0,1.0150000000000001,309.825,-1.0557,33.87,35.58041000366211,4.98,0.0,0
46907,-2.728,83.545,0.0,0.0,452.223,0.0,0.0,0.0,5.732,0,1.0,0.98,309.69,-3.563,33.27,35.58041000366211,4.98,0.0,0
46907,-2.387,83.545,0.0,0.0,452.344,0.0,0.0,0.0,5.732,0,2.0,1.025,309.825,-4.1569,32.94,35.58041000366211,4.98,0.0,0
46907,-2.217,83.545,0.0,0.0,452.344,0.0,0.0,0.0,5.732,0,2.0,1.025,309.825,0.7918000000000001,33.660000000000004,35.58041000366211,4.98,0.0,0
46907,-2.728,83.545,0.0,0.0,452.344,0.0,0.0,0.0,5.732,0,2.0,1.0150000000000001,309.915,0.099,34.71,35.58041000366211,4.98,0.0,0
46907,-2.728,83.545,0.0,0.0,452.223,0.0,0.0,0.0,5.732,0,1.0,0.985,309.69,-1.9795,35.94,35.58041000366211,4.98,0.0,0
46907,-2.899,83.545,0.0,0.0,452.223,0.0,0.0,0.0,5.732,0,2.0,0.9400000000000001,309.825,2.6393,36.42,35.58041000366211,4.98,0.0,0
46907,-2.728,83.545,0.0,0.0,452.223,0.0,0.0,0.0,5.732,0,1.0,1.02,309.915,1.1877,35.85,35.58041000366211,4.98,0.0,0
46907,-2.387,83.545,0.0,0.0,451.981,0.0,0.0,0.0,5.732,0,1.0,0.995,309.825,2.0125,35.58,35.58041000366211,4.98,0.0,0
46907,-2.5580000000000003,83.545,0.0,0.0,452.344,0.0,0.0,0.0,5.732,0,2.0,1.01,309.915,2.3754,34.29,35.58041000366211,4.98,0.0,0
46907,-2.5580000000000003,83.545,0.0,0.0,452.223,0.0,0.0,0.0,5.732,0,1.0,1.03,309.825,-0.46190000000000003,34.62,35.58041000366211,4.98,0.0,0
46907,-2.5580000000000003,83.545,0.0,0.0,452.04200000000003,0.0,0.0,0.0,5.732,0,2.0,1.035,309.915,1.0557,35.19,35.58041000366211,4.98,0.0,0
46907,-2.5580000000000003,83.545,0.0,0.0,452.223,0.0,0.0,0.0,5.732,0,2.0,0.995,309.825,1.1217000000000001,35.04,35.58041000366211,4.98,0.0,0
46907,-2.728,83.545,0.0,0.0,452.344,0.0,0.0,0.0,5.732,0,1.0,0.995,309.69,-3.2991,34.32,35.58041000366211,4.98,0.0,0
46907,-2.387,83.545,0.0,0.0,452.586,0.0,0.0,0.0,5.732,0,2.0,0.985,309.825,-4.1569,33.45,35.58041000366211,4.98,0.0,0
46907,-2.728,83.545,0.0,0.0,452.52500000000003,0.0,0.0,0.0,5.732,0,1.0,1.01,309.825,0.5279,32.79,35.58041000366211,4.98,0.0,0
46907,-2.899,83.545,0.0,0.0,452.52500000000003,0.0,0.0,0.0,5.732,0,1.0,1.01,309.825,0.5279,32.76,35.58041000366211,4.98,0.0,0
46907,-2.217,83.545,0.0,0.0,452.46500000000003,0.0,0.0,0.0,5.732,0,2.0,1.0050000000000001,309.825,2.1527000000000003,33.15,35.58041000366211,4.98,0.0,0
46907,-2.5580000000000003,83.545,0.0,0.0,452.46500000000003,0.0,0.0,0.0,5.732,0,2.0,1.0,309.825,-1.3196,34.26,35.58041000366211,4.98,0.0,0
46907,-2.387,83.545,0.0,0.0,452.52500000000003,0.0,0.0,0.0,5.732,0,1.0,1.0,309.825,-1.1877,35.4,35.58041000366211,4.98,0.0,0
46907,-3.0700000000000003,83.545,0.0,0.0,452.707,0.0,0.0,0.0,5.732,0,2.0,1.025,309.825,-2.5733,36.36,35.58041000366211,4.98,0.0,0
46907,-2.217,83.545,0.5,0.0,452.707,0.0,0.0,0.0,5.732,0,2.0,1.01,309.825,-2.7713,36.300000000000004,35.58041000366211,4.98,0.0,0
46907,-2.387,83.545,0.0,0.0,452.82800000000003,0.0,0.0,0.0,5.732,0,1.0,0.995,309.915,-2.6558,35.97,35.58041000366211,4.98,0.0,0
46907,-2.5580000000000003,83.545,0.0,0.0,452.767,0.0,0.0,0.0,5.732,0,2.0,0.98,309.825,0.899,34.980000000000004,35.58041000366211,4.98,0.0,0
46907,-2.387,83.545,0.0,0.0,452.52500000000003,0.0,0.0,0.0,5.732,0,2.0,1.01,309.915,3.4806000000000004,34.38,35.58041000366211,4.98,0.0,0
46907,-2.728,83.545,0.0,0.0,452.46500000000003,0.0,0.0,0.0,5.732,0,2.0,0.995,309.915,3.1919,33.81,35.58041000366211,4.98,0.0,0
46907,-2.5580000000000003,83.545,0.0,0.0,452.52500000000003,0.0,0.0,0.0,5.732,0,2.0,0.965,309.825,1.9795,33.480000000000004,35.58041000366211,4.98,0.0,0
46907,-2.5580000000000003,83.545,0.0,0.0,452.52500000000003,0.0,0.0,0.0,5.732,0,2.0,1.0050000000000001,309.825,-1.9795,33.45,35.58041000366211,4.98,0.0,0
46907,-2.387,83.545,0.0,0.0,452.46500000000003,0.0,0.0,0.0,5.732,0,2.0,1.045,309.825,-0.6433,33.69,35.58041000366211,4.98,0.0,0
46907,-2.217,83.545,0.0,0.0,452.586,0.0,0.0,0.0,5.732,0,1.0,1.0050000000000001,309.825,1.3361,33.99,35.58041000366211,4.98,0.0,0
46907,-2.728,83.545,0.0,0.0,452.46500000000003,0.0,0.0,0.0,5.732,0,2.0,1.01,309.915,-0.34640000000000004,34.89,35.58041000366211,4.98,0.0,0
46907,-2.387,83.545,0.0,0.0,452.52500000000003,0.0,0.0,0.0,5.732,0,2.0,0.99,309.825,1.2702,35.94,35.58041000366211,4.98,0.0,0
46907,-2.728,83.545,0.0,0.0,452.767,0.0,0.0,0.0,5.732,0,1.0,0.99,309.825,2.7053000000000003,35.82,35.58041000366211,4.98,0.0,0
46907,-2.728,83.545,0.0,0.0,452.586,0.0,0.0,0.0,5.732,0,2.0,0.98,309.825,-3.0187,35.730000000000004,35.58041000366211,4.98,0.0,0
46907,-2.217,83.545,0.0,0.0,452.707,0.0,0.0,0.0,5.732,0,2.0,1.0050000000000001,309.825,-0.9238000000000001,35.01,35.58041000366211,4.98,0.0,0
46907,-2.5580000000000003,83.545,0.0,0.0,452.52500000000003,0.0,0.0,0.0,5.732,0,1.0,1.02,309.825,-0.5114000000000001,34.62,35.58041000366211,4.98,0.0,0
46907,-2.5580000000000003,83.545,0.0,0.0,452.52500000000003,0.0,0.0,0.0,5.732,0,2.0,0.995,309.825,1.1877,35.37,35.58041000366211,4.98,0.0,0
46907,-2.5580000000000003,83.545,0.0,0.0,452.646,0.0,0.0,0.0,5.732,0,2.0,0.995,309.915,-0.8743000000000001,36.24,35.58041000366211,4.98,0.0,0
46907,-2.5580000000000003,83.545,0.0,0.0,452.646,0.0,0.0,0.0,5.732,0,2.0,0.99,309.825,-2.7713,35.85,35.58041000366211,4.98,0.0,0
46907,-2.5580000000000003,83.545,0.0,0.0,452.707,0.0,0.0,0.0,5.732,0,2.0,0.99,309.825,1.3196,35.25,35.58041000366211,4.98,0.0,0
46907,-2.217,83.545,0.0,0.0,452.707,0.0,0.0,0.0,5.732,0,2.0,0.99,309.825,-1.8310000000000002,34.08,35.58041000366211,4.98,0.0,0
46907,-2.728,83.545,0.0,0.0,452.707,0.0,0.0,0.0,5.732,0,2.0,0.985,309.825,-0.9897,33.99,35.58041000366211,4.98,0.0,0
46907,-2.217,83.545,0.0,0.0,452.707,0.0,0.0,0.0,5.732,0,2.0,0.98,309.69,-3.1672000000000002,32.97,35.58041000366211,4.98,0.0,0
46907,-2.728,83.545,0.0,0.0,452.707,0.0,0.0,0.0,5.732,0,2.0,1.0150000000000001,309.915,-2.1774,33.09,35.58041000366211,4.98,0.0,0
46907,-2.217,83.545,0.0,0.0,452.707,0.0,0.0,0.0,5.732,0,2.0,1.04,309.915,3.8270000000000004,34.11,35.58041000366211,4.98,0.0,0
46907,-2.5580000000000003,83.545,0.0,0.0,452.88800000000003,0.0,0.0,0.0,5.732,0,1.0,0.975,309.825,3.8600000000000003,34.86,35.58041000366211,4.98,0.0,0
46907,-2.387,83.545,0.0,0.0,452.949,0.0,0.0,0.0,5.732,0,2.0,0.99,309.915,-0.39590000000000003,35.67,35.58041000366211,4.98,0.0,0
46907,-2.217,83.545,0.0,0.0,452.767,0.0,0.0,0.0,5.732,0,2.0,1.0050000000000001,309.825,3.4971,36.54,35.58041000366211,4.98,0.0,0
46907,-2.5580000000000003,83.545,0.0,0.0,452.46500000000003,0.0,0.0,0.0,5.732,0,1.0,1.01,309.825,-0.5279,36.21,35.58041000366211,4.98,0.0,0
46907,-2.387,83.545,0.0,0.0,452.52500000000003,0.0,0.0,0.0,5.732,0,1.0,0.96,309.915,-1.0557,35.46,35.58041000366211,4.98,0.0,0
46907,-2.387,83.545,0.0,0.0,452.707,0.0,0.0,0.0,5.732,0,2.0,1.0,309.69,-0.6598,35.550000000000004,35.58041000366211,4.98,0.0,0
46907,-2.217,83.545,0.0,0.0,452.52500000000003,0.0,0.0,0.0,5.732,0,2.0,0.985,309.69,-1.2207000000000001,35.49,35.58041000366211,4.98,0.0,0
46907,-2.5580000000000003,83.545,0.0,0.0,452.404,0.0,0.0,0.0,5.732,0,1.0,0.99,309.915,0.2639,35.01,35.58041000366211,4.98,0.0,0
46907,-2.387,83.545,0.0,0.0,452.767,0.0,0.0,0.0,5.732,0,2.0,1.02,309.825,3.3321,35.160000000000004,35.58041000366211,4.98,0.0,0
46907,-2.217,83.545,0.0,0.0,452.707,0.0,0.0,0.0,5.732,0,2.0,0.98,309.825,0.9238000000000001,35.07,35.58041000366211,4.98,0.0,0
46907,-2.387,83.545,0.0,0.0,452.82800000000003,0.0,0.0,0.0,5.732,0,1.0,1.0150000000000001,309.825,-2.0455,34.32,35.58041000366211,4.98,0.0,0
46907,-2.217,83.545,0.0,0.0,452.52500000000003,0.0,0.0,0.0,5.732,0,2.0,1.03,309.825,1.3196,33.21,35.58041000366211,4.98,0.0,0
46907,-2.217,83.545,0.0,0.0,452.707,0.0,0.0,0.0,5.732,0,2.0,0.99,309.915,-1.3856000000000002,33.42,35.58041000366211,4.98,0.0,0
46907,-2.387,83.545,0.0,0.0,452.586,0.0,0.0,0.0,5.732,0,1.0,0.99,309.825,-0.9238000000000001,34.32,35.58041000366211,4.98,0.0,0
46907,-2.387,83.545,0.0,0.0,452.88800000000003,0.0,0.0,0.0,5.732,0,1.0,0.9400000000000001,309.825,2.1114,36.0,35.58041000366211,4.98,0.0,0
46907,-2.5580000000000003,83.545,0.0,0.0,452.46500000000003,0.0,0.0,0.0,5.732,0,2.0,1.01,309.825,-2.1114,36.660000000000004,35.58041000366211,4.98,0.0,0
46907,-2.5580000000000003,83.545,0.0,0.0,452.646,0.0,0.0,0.0,5.732,0,1.0,0.995,309.69,-4.651800000000001,36.45,35.58041000366211,4.98,0.0,0
46907,-2.387,83.545,0.0,0.0,452.88800000000003,0.0,0.0,0.0,5.732,0,2.0,0.9550000000000001,309.825,-0.7918000000000001,35.550000000000004,35.58041000366211,4.98,0.0,0
46907,-2.728,83.545,0.0,0.0,453.07,0.0,0.0,0.0,5.732,0,2.0,1.025,309.915,2.5733,35.4,35.58041000366211,4.98,0.0,0
46907,-2.387,83.545,0.0,0.0,453.07,0.0,0.0,0.0,5.732,0,2.0,0.96,309.69,-0.7918000000000001,35.1,35.58041000366211,4.98,0.0,0
46907,-2.5580000000000003,83.545,0.0,0.0,452.88800000000003,0.0,0.0,0.0,5.732,0,2.0,0.96,309.915,2.0455,35.25,35.58041000366211,4.98,0.0,0
46907,-2.217,83.545,0.0,0.0,452.88800000000003,0.0,0.0,0.0,5.732,0,2.0,0.99,309.915,2.9527,35.28,35.58041000366211,4.98,0.0,0
46907,-2.217,83.545,0.0,0.0,452.767,0.0,0.0,0.0,5.732,0,1.0,1.01,309.915,3.2991,36.03,35.58041000366211,4.98,0.0,0
46907,-2.728,83.545,0.0,0.0,452.88800000000003,0.0,0.0,0.0,5.732,0,2.0,0.965,309.825,-1.1464,35.79,35.58041000366211,4.98,0.0,0
46907,-2.217,83.545,0.0,0.0,452.949,0.0,0.0,0.0,5.732,0,2.0,0.98,309.825,-0.8413,34.65,35.58041000366211,4.98,0.0,0
46907,-2.387,83.545,0.0,0.0,453.25100000000003,0.0,0.0,0.0,5.732,0,2.0,0.985,309.69,-2.2187,33.06,35.58041000366211,4.98,0.0,0
46907,-2.217,83.545,0.0,0.0,452.82800000000003,0.0,0.0,0.0,5.732,0,2.0,0.99,309.915,-3.3156000000000003,33.39,35.58041000366211,4.98,0.0,0
46907,-2.387,83.545,0.0,0.0,452.646,0.0,0.0,0.0,5.732,0,2.0,0.96,309.825,1.1877,34.32,35.58041000366211,4.98,0.0,0
46907,-2.5580000000000003,83.545,0.0,0.0,452.82800000000003,0.0,0.0,0.0,5.732,0,2.0,0.99,309.69,0.9238000000000001,36.03,35.58041000366211,4.98,0.0,0
46907,-2.5580000000000003,83.545,0.0,0.0,453.07,0.0,0.0,0.0,5.732,0,1.0,0.985,309.915,-0.899,36.9,35.58041000366211,4.98,0.0,0
46907,-2.387,83.545,0.0,0.0,453.07,0.0,0.0,0.0,5.732,0,2.0,0.99,309.825,1.2537,36.660000000000004,35.58041000366211,4.98,0.0,0
46907,-2.387,83.545,0.0,0.0,453.07,0.0,0.0,0.0,5.732,0,2.0,0.97,309.69,-0.23920000000000002,36.36,35.58041000366211,4.98,0.0,0
46907,-2.5580000000000003,83.545,0.0,0.0,452.344,0.0,0.0,0.0,5.732,0,1.0,1.0,309.69,-3.1919,35.67,35.58041000366211,4.98,0.0,0
46907,-2.217,83.545,0.0,0.0,452.707,0.0,0.0,0.0,5.732,0,2.0,0.96,309.825,-0.39590000000000003,35.49,35.58041000366211,4.98,0.0,0
46907,-2.387,83.545,0.0,0.0,452.52500000000003,0.0,0.0,0.0,5.732,0,2.0,0.96,309.69,0.19790000000000002,35.910000000000004,35.58041000366211,4.98,0.0,0
46907,-2.387,83.545,0.0,0.0,452.646,0.0,0.0,0.0,5.732,0,1.0,0.97,309.915,4.2724,36.24,35.58041000366211,4.98,0.0,0
46907,-2.217,83.545,0.0,0.0,452.707,0.0,0.0,0.0,5.732,0,2.0,0.97,309.69,0.2227,35.37,35.58041000366211,4.98,0.0,0
46907,-2.217,83.545,0.0,0.0,452.767,0.0,0.0,0.0,5.732,0,2.0,0.99,309.825,-1.2537,34.83,35.58041000366211,4.98,0.0,0
46907,-2.387,83.545,0.0,0.0,453.009,0.0,0.0,0.0,5.732,0,1.0,0.98,309.825,1.732,33.93,35.58041000366211,4.98,0.0,0
46907,-2.387,83.545,0.0,0.0,452.949,0.0,0.0,0.0,5.732,0,2.0,0.99,309.825,3.2084,33.09,35.58041000366211,4.98,0.0,0
46907,-2.387,83.545,0.0,0.0,452.646,0.0,0.0,0.0,5.732,0,2.0,1.0050000000000001,309.825,-1.4516,33.6,35.58041000366211,4.98,0.0,0
46907,-2.217,83.545,0.0,0.0,452.646,0.0,0.0,0.0,5.732,0,1.0,0.975,309.825,0.0,35.52,35.58041000366211,4.98,0.0,0
46907,-2.217,83.545,0.0,0.0,452.404,0.0,0.0,0.0,5.732,0,1.0,0.98,309.825,1.1877,36.87,35.58041000366211,4.98,0.0,0
46907,-2.387,83.545,0.0,0.0,452.404,0.0,0.0,0.0,5.732,0,2.0,0.985,309.69,-2.2846,36.63,35.58041000366211,4.98,0.0,0
46907,-2.217,83.545,0.0,0.0,452.707,0.0,0.0,0.0,5.732,0,1.0,0.97,309.69,-1.4929000000000001,36.480000000000004,35.58041000366211,4.98,0.0,0
46907,-2.217,83.545,0.0,0.0,453.13,0.0,0.0,0.0,5.732,0,2.0,0.9500000000000001,309.69,-0.7011000000000001,35.34,35.58041000366211,4.98,0.0,0
46907,-2.5580000000000003,83.545,0.0,0.0,452.586,0.0,0.0,0.0,5.732,0,2.0,1.0,309.69,0.132,35.01,35.58041000366211,4.98,0.0,0
46907,-2.387,83.545,0.0,0.0,452.707,0.0,0.0,0.0,5.732,0,2.0,0.99,309.915,0.3299,34.71,35.58041000366211,4.98,0.0,0
46907,-2.387,83.545,0.0,0.0,452.88800000000003,0.0,0.0,0.0,5.732,0,1.0,0.995,309.915,4.9734,35.13,35.58041000366211,4.98,0.0,0
46907,-2.217,83.545,0.0,0.0,452.88800000000003,0.0,0.0,0.0,5.732,0,1.0,0.98,309.915,5.1136,35.160000000000004,35.58041000366211,4.98,0.0,0
46907,-2.5580000000000003,83.545,0.0,0.0,452.82800000000003,0.0,0.0,0.0,5.732,0,2.0,0.98,309.825,6.0704,34.95,35.58041000366211,4.98,0.0,0
46907,-2.217,83.545,0.0,0.0,452.52500000000003,0.0,0.0,0.0,5.732,0,2.0,1.0,309.825,-0.46190000000000003,34.95,35.58041000366211,4.98,0.0,0
46907,-2.5580000000000003,83.545,0.0,0.0,452.646,0.0,0.0,0.0,5.732,0,1.0,0.99,309.915,-3.563,34.05,35.58041000366211,4.98,0.0,0
46907,-2.217,83.545,0.0,0.0,452.344,0.0,0.0,0.0,5.732,0,2.0,0.99,309.825,-1.0557,33.54,35.58041000366211,4.98,0.0,0
46907,-2.217,83.545,0.0,0.0,452.52500000000003,0.0,0.0,0.0,5.732,0,2.0,0.995,309.915,3.0352,33.51,35.58041000366211,4.98,0.0,0
46907,-2.387,83.545,0.0,0.0,452.82800000000003,0.0,0.0,0.0,5.732,0,2.0,0.975,309.825,-0.46190000000000003,34.35,35.58041000366211,4.98,0.0,0
46907,-2.217,83.545,0.0,0.0,452.82800000000003,0.0,0.0,0.0,5.732,0,2.0,0.985,309.825,-0.1155,34.410000000000004,35.58041000366211,4.98,0.0,0
46907,-2.217,83.545,0.0,0.0,453.19100000000003,0.0,0.0,0.0,5.732,0,1.0,0.995,309.915,1.3032000000000001,35.79,35.58041000366211,4.98,0.0,0
46907,-2.217,83.545,0.0,0.0,452.707,0.0,0.0,0.0,5.732,0,2.0,1.0,309.915,0.066,36.72,35.58041000366211,4.98,0.0,0
46907,-2.0460000000000003,83.545,0.0,0.0,452.46500000000003,0.0,0.0,0.0,5.732,0,1.0,0.97,309.825,-0.8578,36.45,35.58041000366211,4.98,0.0,0
46907,-2.387,83.545,0.0,0.0,452.646,0.0,0.0,0.0,5.732,0,2.0,0.99,309.69,-3.2579000000000002,36.0,35.58041000366211,4.98,0.0,0
46907,-2.217,83.545,0.0,0.0,452.82800000000003,0.0,0.0,0.0,5.732,0,2.0,0.995,309.825,-4.998200000000001,35.61,35.58041000366211,4.98,0.0,0
46907,-2.387,83.545,0.0,0.0,452.88800000000003,0.0,0.0,0.0,5.732,0,2.0,0.97,309.69,-1.7568000000000001,35.19,35.58041000366211,4.98,0.0,0
46907,-2.387,83.545,0.0,0.0,452.767,0.0,0.0,0.0,5.732,0,1.0,1.0,309.825,0.767,34.53,35.58041000366211,4.98,0.0,0
46907,-2.5580000000000003,83.545,0.0,0.0,452.707,0.0,0.0,0.0,5.732,0,1.0,0.98,309.69,-0.19790000000000002,34.2,35.58041000366211,4.98,0.0,0
46907,-2.217,83.545,0.0,0.0,452.707,0.0,0.0,0.0,5.732,0,2.0,1.0,309.915,3.8517,33.9,35.58041000366211,4.98,0.0,0
46907,-2.217,83.545,0.0,0.0,452.707,0.0,0.0,0.0,5.732,0,1.0,1.0050000000000001,309.825,-0.2639,33.81,35.58041000366211,4.98,0.0,0
46907,-2.217,83.545,0.0,0.0,453.13,0.0,0.0,0.0,5.732,0,2.0,0.98,309.69,2.5073000000000003,33.75,35.58041000366211,4.98,0.0,0
46907,-2.5580000000000003,83.545,0.0,0.0,453.07,0.0,0.0,0.0,5.732,0,1.0,0.99,309.825,-0.9238000000000001,34.29,35.58041000366211,4.98,0.0,0
46907,-2.217,83.545,0.0,0.0,453.07,0.0,0.0,0.0,5.732,0,1.0,0.96,309.825,-0.3299,34.83,35.58041000366211,4.98,0.0,0
46907,-2.217,83.545,0.0,0.0,452.88800000000003,0.0,0.0,0.0,5.732,0,2.0,0.98,309.825,-0.1155,35.76,35.58041000366211,4.98,0.0,0
46907,-2.387,83.545,0.0,0.0,452.52500000000003,0.0,0.0,0.0,5.732,0,2.0,0.97,309.915,0.3134,36.6,35.58041000366211,4.98,0.0,0
46907,-2.5580000000000003,83.545,0.0,0.0,452.52500000000003,0.0,0.0,0.0,5.732,0,2.0,0.99,309.69,0.5526,36.69,35.58041000366211,4.98,0.0,0
46907,-2.217,83.545,0.0,0.0,452.646,0.0,0.0,0.0,5.732,0,1.0,0.965,309.915,0.3134,36.06,35.58041000366211,4.98,0.0,0
46907,-2.217,83.545,0.0,0.0,452.88800000000003,0.0,0.0,0.0,5.732,0,2.0,0.995,309.915,2.9527,35.58,35.58041000366211,4.98,0.0,0
46907,-2.217,83.545,0.0,0.0,452.88800000000003,0.0,0.0,0.0,5.732,0,1.0,1.0,309.69,0.3299,34.44,35.58041000366211,4.98,0.0,0
46907,-2.387,83.545,0.0,0.0,452.82800000000003,0.0,0.0,0.0,5.732,0,2.0,0.99,309.825,-7.1261,34.92,35.58041000366211,4.98,0.0,0
46907,-2.217,83.545,0.0,0.0,452.707,0.0,0.0,0.0,5.732,0,2.0,0.985,309.69,-1.8063,34.71,35.58041000366211,4.98,0.0,0
46907,-2.217,83.545,0.0,0.0,452.707,0.0,0.0,0.0,5.732,0,1.0,0.99,309.69,-1.6826,34.62,35.58041000366211,4.98,0.0,0
46907,-2.217,83.545,0.0,0.0,453.07,0.0,0.0,0.0,5.732,0,1.0,0.985,309.69,0.7918000000000001,33.57,35.58041000366211,4.98,0.0,0
46907,-2.387,83.545,0.0,0.0,452.707,0.0,0.0,0.0,5.732,0,2.0,0.985,309.825,-1.5836000000000001,33.3,35.58041000366211,4.98,0.0,0
46907,-2.217,83.545,0.0,0.0,452.404,0.0,0.0,0.0,5.732,0,1.0,0.985,309.825,4.3548,33.78,35.58041000366211,4.98,0.0,0
46907,-2.217,83.545,0.0,0.0,452.707,0.0,0.0,0.0,5.732,0,1.0,0.97,309.825,2.5403000000000002,34.38,35.58041000366211,4.98,0.0,0
46907,-2.387,83.545,0.0,0.0,452.88800000000003,0.0,0.0,0.0,5.732,0,2.0,0.97,309.825,0.6598,34.83,35.58041000366211,4.98,0.0,0
46907,-2.0460000000000003,83.545,0.0,0.0,452.82800000000003,0.0,0.0,0.0,5.732,0,1.0,0.995,309.825,1.5836000000000001,34.980000000000004,35.58041000366211,4.98,0.0,0
46907,-2.387,83.545,0.0,0.0,452.82800000000003,0.0,0.0,0.0,5.732,0,1.0,0.985,309.825,-1.0557,35.4,35.58041000366211,4.98,0.0,0
46907,-2.387,83.545,0.0,0.0,452.82800000000003,0.0,0.0,0.0,5.732,0,2.0,0.99,309.825,-1.0557,35.550000000000004,35.58041000366211,4.98,0.0,0
46907,-2.217,83.545,0.0,0.0,452.82800000000003,0.0,0.0,0.0,5.732,0,2.0,1.01,309.825,0.0,35.76,35.58041000366211,4.98,0.0,0
46907,-2.217,83.545,0.0,0.0,452.707,0.0,0.0,0.0,5.732,0,1.0,0.985,309.915,-0.3299,35.22,35.58041000366211,4.98,0.0,0
46907,-2.5580000000000003,83.545,0.0,0.0,452.767,0.0,0.0,0.0,5.732,0,2.0,0.96,309.825,1.4516,34.89,35.58041000366211,4.98,0.0,0
46907,-2.387,83.545,0.0,0.0,452.949,0.0,0.0,0.0,5.732,0,2.0,0.975,309.915,1.5176,34.17,35.58041000366211,4.98,0.0,0
46907,-2.217,83.545,0.0,0.0,452.949,0.0,0.0,0.0,5.732,0,1.0,0.975,309.825,-4.6188,33.42,35.58041000366211,4.98,0.0,0
46907,-2.387,83.545,0.0,0.0,452.707,0.0,0.0,0.0,5.732,0,1.0,0.985,309.69,-5.179600000000001,32.31,35.58041000366211,4.98,0.0,0
46907,-2.0460000000000003,83.545,0.0,0.0,452.646,0.0,0.0,0.0,5.732,0,1.0,0.97,309.915,2.5073000000000003,32.79,35.58041000366211,4.98,0.0,0
46907,-2.217,83.545,0.0,0.0,452.586,0.0,0.0,0.0,5.732,0,2.0,0.965,309.825,3.6950000000000003,33.24,35.58041000366211,4.98,0.0,0
46907,-2.217,83.545,0.0,0.0,453.009,0.0,0.0,0.0,5.732,0,2.0,0.98,309.915,0.5279,33.09,35.58041000366211,4.98,0.0,0
46907,-2.217,83.545,0.0,0.0,453.19100000000003,0.0,0.0,0.0,5.732,0,1.0,0.97,309.825,-0.46190000000000003,34.410000000000004,35.58041000366211,4.98,0.0,0
46907,-2.387,83.545,0.0,0.0,452.88800000000003,0.0,0.0,0.0,5.732,0,1.0,0.985,309.915,3.0352,35.61,35.58041000366211,4.98,0.0,0
46907,-2.217,83.545,0.0,0.0,452.88800000000003,0.0,0.0,0.0,5.732,0,1.0,0.965,309.825,0.5938,35.31,35.58041000366211,4.98,0.0,0
46907,-2.387,83.545,0.0,0.0,453.009,0.0,0.0,0.0,5.732,0,2.0,0.9550000000000001,309.825,-1.0557,34.71,35.58041000366211,4.98,0.0,0
46907,-2.217,83.545,0.0,0.0,452.88800000000003,0.0,0.0,0.0,5.732,0,1.0,0.985,309.915,0.0,34.38,35.58041000366211,4.98,0.0,0
46907,-2.387,83.545,0.0,0.0,453.009,0.0,0.0,0.0,5.732,0,2.0,0.99,309.825,1.0557,34.38,35.58041000366211,4.98,0.0,0
46907,-2.217,83.545,0.0,0.0,452.767,0.0,0.0,0.0,5.732,0,2.0,0.98,309.825,0.0,34.68,35.58041000366211,4.98,0.0,0
46907,-2.217,83.545,0.0,0.0,452.88800000000003,0.0,0.0,0.0,5.732,0,1.0,1.02,309.915,1.5836000000000001,34.47,35.58041000366211,4.98,0.0,0
46907,-2.217,83.545,0.0,0.0,453.07,0.0,0.0,0.0,5.732,0,1.0,1.02,309.825,1.0557,34.5,35.58041000366211,4.98,0.0,0
46907,-2.217,83.545,0.0,0.0,452.767,0.0,0.0,0.0,5.732,0,1.0,0.965,309.825,-0.5279,34.02,35.58041000366211,4.98,0.0,0
46907,-2.0460000000000003,83.545,0.0,0.0,452.82800000000003,0.0,0.0,0.0,5.732,0,1.0,0.97,309.825,-1.0557,33.78,35.58041000366211,4.98,0.0,0
46907,-2.217,83.545,0.0,0.0,453.07,0.0,0.0,0.0,5.732,0,2.0,1.0050000000000001,309.825,1.0722,32.22,35.58041000366211,4.98,0.0,0
46907,-2.387,83.545,0.0,0.0,453.13,0.0,0.0,0.0,5.732,0,2.0,0.97,309.825,-1.1877,31.95,35.58041000366211,4.98,0.0,0
46907,-2.387,83.545,0.0,0.0,453.13,0.0,0.0,0.0,5.732,0,1.0,0.98,309.825,-2.3754,32.37,35.58041000366211,4.98,0.0,0
46907,-2.387,83.545,0.0,0.0,453.615,0.0,0.0,0.0,5.732,0,1.0,1.0,309.825,0.0,33.54,35.58041000366211,4.98,0.0,0
46907,-2.217,83.545,0.0,0.0,453.372,0.0,0.0,0.0,5.732,0,2.0,0.905,309.825,0.0,35.13,35.58041000366211,4.98,0.0,0
46907,-2.217,83.545,0.0,0.0,453.19100000000003,0.0,0.0,0.0,5.732,0,1.0,0.98,309.915,-3.8435,35.85,35.58041000366211,4.98,0.0,0
46907,-2.387,83.545,0.0,0.0,453.55400000000003,0.0,0.0,0.0,5.732,0,2.0,0.96,309.69,-0.17320000000000002,35.7,35.58041000366211,4.98,0.0,0
46907,-2.217,83.545,0.0,0.0,452.949,0.0,0.0,0.0,5.732,0,2.0,0.975,309.825,3.4971,35.04,35.58041000366211,4.98,0.0,0
46907,-2.217,83.545,0.0,0.0,452.88800000000003,0.0,0.0,0.0,5.732,0,1.0,0.975,309.69,-1.9795,34.89,35.58041000366211,4.98,0.0,0
46907,-2.217,83.545,0.0,0.0,453.19100000000003,0.0,0.0,0.0,5.732,0,2.0,0.9400000000000001,309.69,0.2639,34.86,35.58041000366211,4.98,0.0,0
46907,-2.217,83.545,0.0,0.0,453.19100000000003,0.0,0.0,0.0,5.732,0,2.0,0.9500000000000001,309.915,1.1712,34.95,35.58041000366211,4.98,0.0,0
46907,-2.387,83.545,0.0,0.0,453.19100000000003,0.0,0.0,0.0,5.732,0,1.0,0.98,309.915,6.029100000000001,34.980000000000004,35.58041000366211,4.98,0.0,0
46907,-2.217,83.545,0.0,0.0,453.25100000000003,0.0,0.0,0.0,5.732,0,2.0,0.9550000000000001,309.915,5.3281,34.56,35.58041000366211,4.98,0.0,0
46907,-2.217,83.545,0.0,0.0,453.25100000000003,0.0,0.0,0.0,5.732,0,2.0,0.9550000000000001,309.825,0.0165,33.93,35.58041000366211,4.98,0.0,0
46907,-2.387,83.545,0.0,0.0,453.31100000000004,0.0,0.0,0.0,5.732,0,1.0,0.965,309.69,-6.4745,32.94,35.58041000366211,4.98,0.0,0
46907,-2.217,83.545,0.0,0.0,453.07,0.0,0.0,0.0,5.732,0,1.0,0.975,309.825,-7.3735,32.910000000000004,35.58041000366211,4.98,0.0,0
46907,-2.217,83.545,0.0,0.0,453.372,0.0,0.0,0.0,5.732,0,2.0,0.96,309.825,-0.1155,33.24,35.58041000366211,4.98,0.0,0
46907,-2.217,83.545,0.0,0.0,452.88800000000003,0.0,0.0,0.0,5.732,0,2.0,1.01,309.915,5.2374,34.08,35.58041000366211,4.98,0.0,0
46907,-2.217,83.545,0.0,0.0,452.707,0.0,0.0,0.0,5.732,0,1.0,1.025,309.825,1.5588000000000002,35.19,35.58041000366211,4.98,0.0,0
46907,-2.0460000000000003,83.545,0.0,0.0,453.372,0.0,0.0,0.0,5.732,0,2.0,0.965,309.825,-3.629,36.15,35.58041000366211,4.98,0.0,0
46907,-1.8760000000000001,83.545,0.0,0.0,453.31100000000004,0.0,0.0,0.0,5.732,0,2.0,0.9550000000000001,309.69,-2.2187,35.94,35.58041000366211,4.98,0.0,0
46907,-2.217,83.545,0.0,0.0,453.009,0.0,0.0,0.0,5.732,0,1.0,0.975,309.915,3.0187,34.74,35.58041000366211,4.98,0.0,0
46907,-2.387,83.545,0.0,0.0,453.07,0.0,0.0,0.0,5.732,0,2.0,0.93,309.825,0.5938,34.65,35.58041000366211,4.98,0.0,0
46907,-2.217,83.545,0.0,0.0,453.13,0.0,0.0,0.0,5.732,0,2.0,0.97,309.69,-0.46190000000000003,35.04,35.58041000366211,4.98,0.0,0
46907,-2.387,83.545,0.0,0.0,453.07,0.0,0.0,0.0,5.732,0,1.0,0.98,309.825,-3.1012,34.89,35.58041000366211,4.98,0.0,0
46907,-2.387,83.545,0.0,0.0,452.88800000000003,0.0,0.0,0.0,5.732,0,2.0,0.9550000000000001,309.69,2.73,34.35,35.58041000366211,4.98,0.0,0
46907,-2.217,83.545,0.0,0.0,452.88800000000003,0.0,0.0,0.0,5.732,0,2.0,0.975,309.825,2.9032,34.05,35.58041000366211,4.98,0.0,0
46907,-2.0460000000000003,83.545,0.0,0.0,452.82800000000003,0.0,0.0,0.0,5.732,0,2.0,0.93,309.915,0.5773,33.3,35.58041000366211,4.98,0.0,0
46907,-2.217,83.545,0.0,0.0,452.88800000000003,0.0,0.0,0.0,5.732,0,2.0,0.965,309.915,3.629,32.910000000000004,35.58041000366211,4.98,0.0,0
46907,-2.217,83.545,0.0,0.0,453.13,0.0,0.0,0.0,5.732,0,2.0,0.9550000000000001,309.825,-0.6598,32.88,35.58041000366211,4.98,0.0,0
46907,-2.217,83.545,0.0,0.0,453.13,0.0,0.0,0.0,5.732,0,1.0,0.935,309.825,-1.0557,32.97,35.58041000366211,4.98,0.0,0
46907,-2.217,83.545,0.0,0.0,453.31100000000004,0.0,0.0,0.0,5.732,0,1.0,0.97,309.825,-1.3196,33.69,35.58041000366211,4.98,0.0,0
46907,-2.217,83.545,0.0,0.0,453.13,0.0,0.0,0.0,5.732,0,2.0,0.96,309.825,-3.3651,35.19,35.58041000366211,4.98,0.0,0
46907,-2.217,83.545,0.0,0.0,452.767,0.0,0.0,0.0,5.732,0,1.0,0.9550000000000001,309.825,-0.39590000000000003,36.36,35.58041000366211,4.98,0.0,0
46907,-2.217,83.545,0.0,0.0,453.009,0.0,0.0,0.0,5.732,0,1.0,0.97,309.825,1.5836000000000001,36.45,35.58041000366211,4.98,0.0,0
46907,-2.0460000000000003,83.545,0.0,0.0,453.07,0.0,0.0,0.0,5.732,0,2.0,0.9550000000000001,309.825,-1.3196,35.79,35.58041000366211,4.98,0.0,0
46907,-2.0460000000000003,83.545,0.0,0.0,453.25100000000003,0.0,0.0,0.0,5.732,0,2.0,0.97,309.915,-1.3856000000000002,34.65,35.58041000366211,4.98,0.0,0
46907,-2.217,83.545,0.0,0.0,453.31100000000004,0.0,0.0,0.0,5.732,0,1.0,0.985,309.69,-4.3548,35.13,35.58041000366211,4.98,0.0,0
46907,-2.217,83.545,0.0,0.0,453.19100000000003,0.0,0.0,0.0,5.732,0,2.0,0.975,309.69,-0.165,35.19,35.58041000366211,4.98,0.0,0
46907,-2.0460000000000003,83.545,0.0,0.0,453.372,0.0,0.0,0.0,5.732,0,2.0,0.97,309.825,-2.1114,34.14,35.58041000366211,4.98,0.0,0
46907,-2.217,83.545,0.0,0.0,453.19100000000003,0.0,0.0,0.0,5.732,0,1.0,0.96,309.69,-3.1672000000000002,32.910000000000004,35.58041000366211,4.98,0.0,0
46907,-2.0460000000000003,83.545,0.0,0.0,452.88800000000003,0.0,0.0,0.0,5.732,0,1.0,0.965,309.825,1.1877,32.97,35.58041000366211,4.98,0.0,0
46907,-2.0460000000000003,83.545,0.0,0.0,452.88800000000003,0.0,0.0,0.0,5.732,0,2.0,0.975,309.825,2.3754,33.75,35.58041000366211,4.98,0.0,0
46907,-1.8760000000000001,83.545,0.0,0.0,452.82800000000003,0.0,0.0,0.0,5.732,0,2.0,0.98,309.825,4.7507,34.08,35.58041000366211,4.98,0.0,0
46907,-2.387,83.545,0.0,0.0,452.82800000000003,0.0,0.0,0.0,5.732,0,2.0,0.965,309.825,1.0557,34.980000000000004,35.58041000366211,4.98,0.0,0
46907,-2.0460000000000003,83.545,0.0,0.0,453.13,0.0,0.0,0.0,5.732,0,2.0,0.9400000000000001,309.69,-5.0147,35.49,35.58041000366211,4.98,0.0,0
46907,-2.217,83.545,0.0,0.0,453.13,0.0,0.0,0.0,5.732,0,2.0,0.9450000000000001,309.825,-4.7507,35.46,35.58041000366211,4.98,0.0,0
46907,-2.217,83.545,0.0,0.0,452.88800000000003,0.0,0.0,0.0,5.732,0,1.0,0.975,309.825,-0.6598,36.51,35.58041000366211,4.98,0.0,0
46907,-1.8760000000000001,83.545,0.0,0.0,453.25100000000003,0.0,0.0,0.0,5.732,0,1.0,0.97,309.69,1.1464,36.63,35.58041000366211,4.98,0.0,0
46907,-2.217,83.545,0.0,0.0,453.31100000000004,0.0,0.0,0.0,5.732,0,2.0,0.97,309.915,-2.3506,35.79,35.58041000366211,4.98,0.0,0
46907,-2.217,83.545,0.0,0.0,453.07,0.0,0.0,0.0,5.732,0,2.0,0.995,309.915,6.6477,35.160000000000004,35.58041000366211,4.98,0.0,0
46907,-1.8760000000000001,83.545,0.0,0.0,453.07,0.0,0.0,0.0,5.732,0,2.0,0.96,309.825,6.334300000000001,35.1,35.58041000366211,4.98,0.0,0
46907,-2.0460000000000003,83.545,0.0,0.0,453.25100000000003,0.0,0.0,0.0,5.732,0,2.0,0.9550000000000001,309.825,-4.0744,34.62,35.58041000366211,4.98,0.0,0
46907,-2.217,83.545,0.0,0.0,453.19100000000003,0.0,0.0,0.0,5.732,0,1.0,0.975,309.915,-1.9795,34.89,35.58041000366211,4.98,0.0,0
46907,-1.8760000000000001,83.545,0.0,0.0,453.13,0.0,0.0,0.0,5.732,0,2.0,0.96,309.915,2.3589,34.35,35.58041000366211,4.98,0.0,0
46907,-2.0460000000000003,83.545,0.0,0.0,453.07,0.0,0.0,0.0,5.732,0,2.0,0.975,309.825,0.132,34.14,35.58041000366211,4.98,0.0,0
46907,-1.705,83.545,0.0,0.0,452.707,0.0,0.0,0.0,5.732,0,1.0,0.985,309.825,-5.0641,33.81,35.58041000366211,4.98,0.0,0
46907,-1.8760000000000001,83.545,0.0,0.0,452.767,0.0,0.0,0.0,5.732,0,2.0,0.975,309.915,-2.2599,34.410000000000004,35.58041000366211,4.98,0.0,0
46907,-2.217,83.545,0.0,0.0,453.009,0.0,0.0,0.0,5.732,0,2.0,0.9550000000000001,309.915,3.1507,35.34,35.58041000366211,4.98,0.0,0
46907,-2.217,83.545,0.0,0.0,453.07,0.0,0.0,0.0,5.732,0,1.0,0.965,309.825,-0.132,35.52,35.58041000366211,4.98,0.0,0
46907,-2.217,83.545,0.0,0.0,452.88800000000003,0.0,0.0,0.0,5.732,0,2.0,0.96,309.825,-2.0949,36.24,35.58041000366211,4.98,0.0,0
46907,-2.217,83.545,0.0,0.0,452.646,0.0,0.0,0.0,5.732,0,2.0,0.965,309.825,0.6598,36.27,35.58041000366211,4.98,0.0,0
46907,-2.217,83.545,0.0,0.0,452.52500000000003,0.0,0.0,0.0,5.732,0,1.0,0.97,309.825,1.2537,36.54,35.58041000366211,4.98,0.0,0
46907,-2.217,83.545,0.0,0.0,453.07,0.0,0.0,0.0,5.732,0,2.0,0.965,309.825,-0.5114000000000001,35.94,35.58041000366211,4.98,0.0,0
46907,-2.0460000000000003,83.545,0.0,0.0,452.82800000000003,0.0,0.0,0.0,5.732,0,2.0,0.975,309.825,-1.7815,36.36,35.58041000366211,4.98,0.0,0
46907,-2.0460000000000003,83.545,0.0,0.0,452.949,0.0,0.0,0.0,5.732,0,1.0,0.98,309.915,1.6331,36.33,35.58041000366211,4.98,0.0,0
46907,-2.0460000000000003,83.545,0.0,0.0,453.13,0.0,0.0,0.0,5.732,0,2.0,0.975,309.69,2.0702000000000003,34.800000000000004,35.58041000366211,4.98,0.0,0
46907,-2.0460000000000003,83.545,0.0,0.0,452.82800000000003,0.0,0.0,0.0,5.732,0,2.0,1.0,309.825,-4.2229,34.26,35.58041000366211,4.98,0.0,0
46907,-2.217,83.545,0.0,0.0,452.646,0.0,0.0,0.0,5.732,0,2.0,0.975,309.825,-3.9589000000000003,34.26,35.58041000366211,4.98,0.0,0
46907,-2.217,83.545,0.0,0.0,452.52500000000003,0.0,0.0,0.0,5.732,0,1.0,0.96,309.825,-0.19790000000000002,33.93,35.58041000366211,4.98,0.0,0
46907,-2.217,83.545,0.0,0.0,452.82800000000003,0.0,0.0,0.0,5.732,0,2.0,0.97,309.69,1.9795,33.9,35.58041000366211,4.98,0.0,0
46907,-2.0460000000000003,83.545,0.0,0.0,452.82800000000003,0.0,0.0,0.0,5.732,0,1.0,0.98,309.69,-2.2764,34.5,35.58041000366211,4.98,0.0,0
46907,-2.217,83.545,0.0,0.0,452.707,0.0,0.0,0.0,5.732,0,2.0,0.97,309.915,1.8475000000000001,35.22,35.58041000366211,4.98,0.0,0
46907,-2.217,83.545,0.0,0.0,452.949,0.0,0.0,0.0,5.732,0,2.0,0.975,309.825,2.8043,35.88,35.58041000366211,4.98,0.0,0
46907,-2.0460000000000003,83.545,0.0,0.0,452.707,0.0,0.0,0.0,5.732,0,2.0,0.9450000000000001,309.915,3.8270000000000004,35.7,35.58041000366211,4.98,0.0,0
46907,-2.217,83.545,0.0,0.0,452.767,0.0,0.0,0.0,5.732,0,2.0,0.975,309.915,-0.7918000000000001,35.64,35.58041000366211,4.98,0.0,0
46907,-2.217,83.545,0.0,0.0,452.82800000000003,0.0,0.0,0.0,5.732,0,2.0,1.0,309.825,-0.6598,35.37,35.58041000366211,4.98,0.0,0
46907,-2.217,83.545,0.0,0.0,452.88800000000003,0.0,0.0,0.0,5.732,0,1.0,0.98,309.69,-0.3629,36.06,35.58041000366211,4.98,0.0,0
46907,-2.217,83.545,0.0,0.0,452.707,0.0,0.0,0.0,5.732,0,2.0,0.985,309.825,-3.0352,35.7,35.58041000366211,4.98,0.0,0
46907,-2.0460000000000003,83.545,0.0,0.0,452.88800000000003,0.0,0.0,0.0,5.732,0,2.0,0.96,309.915,0.19790000000000002,35.67,35.58041000366211,4.98,0.0,0
46907,-2.0460000000000003,83.545,0.0,0.0,453.19100000000003,0.0,0.0,0.0,5.732,0,1.0,0.9550000000000001,309.915,5.1466,34.980000000000004,35.58041000366211,4.98,0.0,0
46907,-2.217,83.545,0.0,0.0,453.07,0.0,0.0,0.0,5.732,0,2.0,0.9450000000000001,309.825,-0.5279,34.29,35.58041000366211,4.98,0.0,0
46907,-2.0460000000000003,83.545,0.0,0.0,452.767,0.0,0.0,0.0,5.732,0,2.0,0.96,309.825,-2.9032,33.39,35.58041000366211,4.98,0.0,0
46907,-2.217,83.545,0.0,0.0,452.586,0.0,0.0,0.0,5.732,0,1.0,0.96,309.825,-1.5176,33.18,35.58041000366211,4.98,0.0,0
46907,-2.0460000000000003,83.545,0.0,0.0,452.586,0.0,0.0,0.0,5.732,0,2.0,0.9450000000000001,309.825,-1.3032000000000001,33.18,35.58041000366211,4.98,0.0,0
46907,-2.217,83.545,0.0,0.0,452.82800000000003,0.0,0.0,0.0,5.732,0,2.0,0.9,309.915,0.1155,33.660000000000004,35.58041000366211,4.98,0.0,0
46907,-2.0460000000000003,83.545,0.0,0.0,453.19100000000003,0.0,0.0,0.0,5.732,0,2.0,0.9400000000000001,309.69,-5.1219,35.07,35.58041000366211,4.98,0.0,0
46907,-2.217,83.545,0.0,0.0,453.13,0.0,0.0,0.0,5.732,0,1.0,0.935,309.825,-1.5836000000000001,36.78,35.58041000366211,4.98,0.0,0
46907,-2.217,83.545,0.0,0.0,453.009,0.0,0.0,0.0,5.732,0,2.0,0.975,309.825,1.0557,37.53,35.58041000366211,4.98,0.0,0
46907,-2.0460000000000003,83.545,0.0,0.0,452.767,0.0,0.0,0.0,5.732,0,1.0,0.925,309.69,3.1012,37.2,35.58041000366211,4.98,0.0,0
46907,-1.8760000000000001,83.545,0.0,0.0,453.13,0.0,0.0,0.0,5.732,0,2.0,1.0,309.825,-0.9897,35.910000000000004,35.58041000366211,4.98,0.0,0
46907,-2.217,83.545,0.0,0.0,453.372,0.0,0.0,0.0,5.732,0,2.0,0.96,309.825,-0.3299,35.4,35.58041000366211,4.98,0.0,0
46907,-2.217,83.545,0.0,0.0,452.88800000000003,0.0,0.0,0.0,5.732,0,1.0,0.98,309.825,2.0620000000000003,35.49,35.58041000366211,4.98,0.0,0
46907,-2.217,83.545,0.0,0.0,452.88800000000003,0.0,0.0,0.0,5.732,0,2.0,0.9500000000000001,309.69,-0.767,35.67,35.58041000366211,4.98,0.0,0
46907,-2.217,83.545,0.0,0.0,453.19100000000003,0.0,0.0,0.0,5.732,0,1.0,0.9400000000000001,309.825,0.066,35.88,35.58041000366211,4.98,0.0,0
46907,-2.0460000000000003,83.545,0.0,0.0,453.31100000000004,0.0,0.0,0.0,5.732,0,2.0,0.9400000000000001,309.69,1.1464,35.07,35.58041000366211,4.98,0.0,0
46907,-2.217,83.545,0.0,0.0,453.07,0.0,0.0,0.0,5.732,0,2.0,0.9450000000000001,309.825,-0.132,33.57,35.58041000366211,4.98,0.0,0
46907,-2.217,83.545,0.0,0.0,452.88800000000003,0.0,0.0,0.0,5.732,0,2.0,0.935,309.69,-4.1981,32.730000000000004,35.58041000366211,4.98,0.0,0
46907,-1.8760000000000001,83.545,0.0,0.0,452.586,0.0,0.0,0.0,5.732,0,2.0,0.96,309.825,0.5938,34.230000000000004,35.58041000366211,4.98,0.0,0
46907,-1.705,83.545,0.0,0.0,452.586,0.0,0.0,0.0,5.732,0,1.0,0.96,309.915,4.2064,36.0,35.58041000366211,4.98,0.0,0
46907,-2.217,83.545,0.0,0.0,452.707,0.0,0.0,0.0,5.732,0,2.0,0.97,309.915,3.9177000000000004,37.29,35.58041000366211,4.98,0.0,0
46907,-2.0460000000000003,83.545,0.0,0.0,452.404,0.0,0.0,0.0,5.732,0,2.0,0.935,309.69,-4.726,37.26,35.58041000366211,4.98,0.0,0
46907,-2.217,83.545,0.0,0.0,452.707,0.0,0.0,0.0,5.732,0,1.0,0.97,309.825,-2.1609000000000003,36.45,35.58041000366211,4.98,0.0,0
46907,-2.217,83.545,0.0,0.0,452.88800000000003,0.0,0.0,0.0,5.732,0,2.0,0.9500000000000001,309.825,1.3361,35.49,35.58041000366211,4.98,0.0,0
46907,-2.217,83.545,0.0,0.0,452.88800000000003,0.0,0.0,0.0,5.732,0,2.0,0.9450000000000001,309.915,3.9672,34.800000000000004,35.58041000366211,4.98,0.0,0
46907,-2.217,83.545,0.0,0.0,452.88800000000003,0.0,0.0,0.0,5.732,0,2.0,0.9450000000000001,309.825,-0.7918000000000001,34.980000000000004,35.58041000366211,4.98,0.0,0
46907,-2.217,83.545,0.0,0.0,452.88800000000003,0.0,0.0,0.0,5.732,0,2.0,0.9550000000000001,309.825,-0.6598,35.46,35.58041000366211,4.98,0.0,0
46907,-1.8760000000000001,83.545,0.0,0.0,452.707,0.0,0.0,0.0,5.732,0,1.0,0.965,309.915,-0.9238000000000001,35.67,35.58041000366211,4.98,0.0,0
46907,-1.8760000000000001,83.545,0.0,0.0,452.707,0.0,0.0,0.0,5.732,0,1.0,0.96,309.69,-1.2289,35.76,35.58041000366211,4.98,0.0,0
46907,-2.217,83.545,0.0,0.0,452.46500000000003,0.0,0.0,0.0,5.732,0,1.0,0.96,309.69,-1.9795,35.67,35.58041000366211,4.98,0.0,0
46907,-2.0460000000000003,83.545,0.0,0.0,452.404,0.0,0.0,0.0,5.732,0,2.0,0.9500000000000001,309.69,-1.2207000000000001,34.17,35.58041000366211,4.98,0.0,0
46907,-1.8760000000000001,83.545,0.0,0.0,452.82800000000003,0.0,0.0,0.0,5.732,0,2.0,0.975,309.69,-3.0352,33.27,35.58041000366211,4.98,0.0,0
46907,-1.8760000000000001,83.545,0.0,0.0,452.46500000000003,0.0,0.0,0.0,5.732,0,1.0,0.96,309.825,2.0125,33.480000000000004,35.58041000366211,4.98,0.0,0
46907,-2.0460000000000003,83.545,0.0,0.0,452.767,0.0,0.0,0.0,5.732,0,2.0,0.9550000000000001,309.69,0.132,33.87,35.58041000366211,4.98,0.0,0
46907,-2.0460000000000003,83.545,0.0,0.0,452.707,0.0,0.0,0.0,5.732,0,2.0,0.9500000000000001,309.69,-1.8475000000000001,35.37,35.58041000366211,4.98,0.0,0
46907,-2.0460000000000003,83.545,0.0,0.0,453.07,0.0,0.0,0.0,5.732,0,2.0,0.9400000000000001,309.915,-0.132,36.69,35.58041000366211,4.98,0.0,0
46907,-1.8760000000000001,83.545,0.0,0.0,452.646,0.0,0.0,0.0,5.732,0,2.0,0.965,309.69,2.9032,37.38,35.58041000366211,4.98,0.0,0
46907,-2.217,83.545,0.0,0.0,452.88800000000003,0.0,0.0,0.0,5.732,0,2.0,0.97,309.69,-1.7155,36.39,35.58041000366211,4.98,0.0,0
46907,-1.8760000000000001,83.545,0.0,0.0,452.88800000000003,0.0,0.0,0.0,5.732,0,2.0,0.965,309.69,-2.4743,35.37,35.58041000366211,4.98,0.0,0
46907,-1.705,83.545,0.0,0.0,452.586,0.0,0.0,0.0,5.732,0,2.0,0.985,309.825,4.486800000000001,34.56,35.58041000366211,4.98,0.0,0
46907,-2.217,83.545,0.0,0.0,452.767,0.0,0.0,0.0,5.732,0,2.0,0.925,309.825,-0.8908,34.38,35.58041000366211,4.98,0.0,0
46907,-1.8760000000000001,83.545,0.0,0.0,452.88800000000003,0.0,0.0,0.0,5.732,0,1.0,0.9550000000000001,309.915,3.0352,34.44,35.58041000366211,4.98,0.0,0
46907,-2.217,83.545,0.0,0.0,452.646,0.0,0.0,0.0,5.732,0,2.0,0.935,309.915,5.476500000000001,34.26,35.58041000366211,4.98,0.0,0
46907,-2.217,83.545,0.0,0.0,452.949,0.0,0.0,0.0,5.732,0,2.0,0.96,309.825,0.2639,34.26,35.58041000366211,4.98,0.0,0
46907,-2.0460000000000003,83.545,0.0,0.0,452.767,0.0,0.0,0.0,5.732,0,1.0,0.925,309.825,-2.5733,33.24,35.58041000366211,4.98,0.0,0
46907,-1.5350000000000001,83.545,0.0,0.0,452.707,0.0,0.0,0.0,5.732,0,2.0,0.9500000000000001,309.825,0.132,32.76,35.58041000366211,4.98,0.0,0
46907,-1.8760000000000001,83.545,0.0,0.0,452.88800000000003,0.0,0.0,0.0,5.732,0,2.0,0.96,309.825,1.0557,33.81,35.58041000366211,4.98,0.0,0
46907,-2.0460000000000003,83.545,0.0,0.0,452.82800000000003,0.0,0.0,0.0,5.732,0,1.0,0.965,309.825,1.0557,34.35,35.58041000366211,4.98,0.0,0
46907,-2.0460000000000003,83.545,0.0,0.0,453.07,0.0,0.0,0.0,5.732,0,2.0,0.935,309.915,-0.5938,35.34,35.58041000366211,4.98,0.0,0
46907,-2.0460000000000003,83.545,0.0,0.0,452.949,0.0,0.0,0.0,5.732,0,2.0,0.9400000000000001,309.825,-2.5073000000000003,36.06,35.58041000366211,4.98,0.0,0
46907,-2.217,83.545,0.0,0.0,452.767,0.0,0.0,0.0,5.732,0,2.0,0.92,309.915,1.5176,36.15,35.58041000366211,4.98,0.0,0
46907,-1.8760000000000001,83.545,0.0,0.0,452.767,0.0,0.0,0.0,5.732,0,2.0,0.935,309.825,0.6598,35.85,35.58041000366211,4.98,0.0,0
46907,-2.217,83.545,0.0,0.0,453.07,0.0,0.0,0.0,5.732,0,2.0,0.9400000000000001,309.825,-1.0557,35.160000000000004,35.58041000366211,4.98,0.0,0
46907,-2.0460000000000003,83.545,0.0,0.0,452.767,0.0,0.0,0.0,5.732,0,2.0,0.96,309.825,-4.0909,34.62,35.58041000366211,4.98,0.0,0
46907,-2.0460000000000003,83.545,0.0,0.0,452.767,0.0,0.0,0.0,5.732,0,1.0,0.975,309.825,-3.6125000000000003,34.59,35.58041000366211,4.98,0.0,0
46907,-1.705,83.545,0.0,0.0,452.949,0.0,0.0,0.0,5.732,0,2.0,0.93,309.825,-1.5176,34.47,35.58041000366211,4.98,0.0,0
46907,-2.0460000000000003,83.545,0.0,0.0,452.88800000000003,0.0,0.0,0.0,5.732,0,1.0,0.935,309.825,3.3651,34.32,35.58041000366211,4.98,0.0,0
46907,-2.0460000000000003,83.545,0.0,0.0,452.88800000000003,0.0,0.0,0.0,5.732,0,1.0,0.935,309.825,-0.132,34.17,35.58041000366211,4.98,0.0,0
46907,-1.8760000000000001,83.545,0.0,0.0,453.19100000000003,0.0,0.0,0.0,5.732,0,2.0,0.9400000000000001,309.915,0.2474,33.93,35.58041000366211,4.98,0.0,0
46907,-2.0460000000000003,83.545,0.0,0.0,453.009,0.0,0.0,0.0,5.732,0,1.0,0.935,309.825,2.2434000000000003,34.410000000000004,35.58041000366211,4.98,0.0,0
46907,-2.0460000000000003,83.545,0.0,0.0,453.009,0.0,0.0,0.0,5.732,0,2.0,0.9500000000000001,309.69,-2.4826,33.96,35.58041000366211,4.98,0.0,0
46907,-2.217,83.545,0.0,0.0,452.82800000000003,0.0,0.0,0.0,5.732,0,2.0,0.9550000000000001,309.69,-6.4415000000000004,34.77,35.58041000366211,4.98,0.0,0
46907,-2.0460000000000003,83.545,0.0,0.0,452.88800000000003,0.0,0.0,0.0,5.732,0,2.0,0.96,309.825,1.3196,35.4,35.58041000366211,4.98,0.0,0
46907,-2.217,83.545,0.0,0.0,452.88800000000003,0.0,0.0,0.0,5.732,0,1.0,0.9450000000000001,309.825,3.9589000000000003,35.97,35.58041000366211,4.98,0.0,0
46907,-2.0460000000000003,83.545,0.0,0.0,453.07,0.0,0.0,0.0,5.732,0,2.0,0.9450000000000001,309.825,1.2289,35.94,35.58041000366211,4.98,0.0,0
46907,-2.217,83.545,0.0,0.0,453.009,0.0,0.0,0.0,5.732,0,2.0,0.935,309.69,-1.2124000000000001,36.24,35.58041000366211,4.98,0.0,0
46907,-2.217,83.545,0.0,0.0,452.88800000000003,0.0,0.0,0.0,5.732,0,2.0,0.9400000000000001,309.825,0.3299,35.58,35.58041000366211,4.98,0.0,0
46907,-2.217,83.545,0.0,0.0,452.82800000000003,0.0,0.0,0.0,5.732,0,2.0,0.9400000000000001,309.825,1.1217000000000001,34.77,35.58041000366211,4.98,0.0,0
46907,-1.8760000000000001,83.545,0.0,0.0,453.009,0.0,0.0,0.0,5.732,0,2.0,0.915,309.915,1.3444,33.6,35.58041000366211,4.98,0.0,0
46907,-1.705,83.545,0.0,0.0,453.19100000000003,0.0,0.0,0.0,5.732,0,2.0,0.885,309.825,-0.2639,33.480000000000004,35.58041000366211,4.98,0.0,0
46907,-1.8760000000000001,83.545,0.0,0.0,452.88800000000003,0.0,0.0,0.0,5.732,0,2.0,0.975,309.69,-3.7363000000000004,33.6,35.58041000366211,4.98,0.0,0
46907,-2.0460000000000003,83.545,0.0,0.0,452.767,0.0,0.0,0.0,5.732,0,2.0,0.9450000000000001,309.69,-4.396100000000001,33.72,35.58041000366211,4.98,0.0,0
46907,-2.217,83.545,0.0,0.0,452.707,0.0,0.0,0.0,5.732,0,2.0,0.9400000000000001,309.915,3.3486000000000002,34.26,35.58041000366211,4.98,0.0,0
46907,-1.8760000000000001,83.545,0.0,0.0,452.88800000000003,0.0,0.0,0.0,5.732,0,1.0,0.93,309.825,4.4621,34.89,35.58041000366211,4.98,0.0,0
46907,-2.0460000000000003,83.545,0.0,0.0,453.009,0.0,0.0,0.0,5.732,0,2.0,0.9550000000000001,309.915,1.2784,35.37,35.58041000366211,4.98,0.0,0
46907,-1.8760000000000001,83.545,0.0,0.0,453.07,0.0,0.0,0.0,5.732,0,2.0,0.9,309.915,-1.4516,35.61,35.58041000366211,4.98,0.0,0
46907,-1.8760000000000001,83.545,0.0,0.0,453.07,0.0,0.0,0.0,5.732,0,2.0,0.935,309.825,4.7507,35.19,35.58041000366211,4.98,0.0,0
46907,-2.0460000000000003,83.545,0.0,0.0,453.13,0.0,0.0,0.0,5.732,0,1.0,0.935,309.69,-2.4661,35.82,35.58041000366211,4.98,0.0,0
46907,-1.5350000000000001,83.545,0.0,0.0,453.19100000000003,0.0,0.0,0.0,5.732,0,2.0,0.935,309.915,-3.761,35.79,35.58041000366211,4.98,0.0,0
46907,-2.217,83.545,0.0,0.0,453.55400000000003,0.0,0.0,0.0,5.732,0,1.0,0.9450000000000001,309.825,-1.2867,35.37,35.58041000366211,4.98,0.0,0
46907,-2.0460000000000003,83.545,0.0,0.0,453.31100000000004,0.0,0.0,0.0,5.732,0,2.0,0.92,309.825,4.4621,35.19,35.58041000366211,4.98,0.0,0
46907,-1.8760000000000001,83.545,0.0,0.0,453.19100000000003,0.0,0.0,0.0,5.732,0,2.0,0.9500000000000001,309.825,1.7815,34.800000000000004,35.58041000366211,4.98,0.0,0
46907,-2.0460000000000003,83.545,0.0,0.0,453.07,0.0,0.0,0.0,5.732,0,1.0,0.92,309.825,-4.8167,34.08,35.58041000366211,4.98,0.0,0
46907,-1.8760000000000001,83.545,0.0,0.0,453.07,0.0,0.0,0.0,5.732,0,2.0,0.91,309.69,-2.994,33.6,35.58041000366211,4.98,0.0,0
46907,-2.0460000000000003,83.545,0.0,0.0,453.25100000000003,0.0,0.0,0.0,5.732,0,2.0,0.925,309.825,-3.8270000000000004,33.12,35.58041000366211,4.98,0.0,0
46907,-1.8760000000000001,83.545,0.0,0.0,453.372,0.0,0.0,0.0,5.732,0,1.0,0.925,309.825,-2.0042,33.27,35.58041000366211,4.98,0.0,0
46907,-2.217,83.545,0.0,0.0,453.19100000000003,0.0,0.0,0.0,5.732,0,2.0,0.935,309.825,7.233300000000001,34.02,35.58041000366211,4.98,0.0,0
46907,-1.705,83.545,0.0,0.0,453.13,0.0,0.0,0.0,5.732,0,2.0,0.915,309.69,0.7918000000000001,35.64,35.58041000366211,4.98,0.0,0
46907,-2.0460000000000003,83.545,0.0,0.0,453.19100000000003,0.0,0.0,0.0,5.732,0,2.0,0.92,309.69,-0.5279,35.730000000000004,35.58041000366211,4.98,0.0,0
46907,-2.217,83.545,0.0,0.0,453.25100000000003,0.0,0.0,0.0,5.732,0,1.0,0.925,309.825,-1.8475000000000001,36.480000000000004,35.58041000366211,4.98,0.0,0
46907,-1.8760000000000001,83.545,0.0,0.0,453.13,0.0,0.0,0.0,5.732,0,2.0,0.915,309.69,-1.5836000000000001,36.6,35.58041000366211,4.98,0.0,0
46907,-2.217,83.545,0.0,0.0,452.82800000000003,0.0,0.0,0.0,5.732,0,2.0,0.91,309.825,0.6928000000000001,35.67,35.58041000366211,4.98,0.0,0
46907,-2.217,83.545,0.0,0.0,453.07,0.0,0.0,0.0,5.732,0,2.0,0.885,309.69,-1.5836000000000001,35.49,35.58041000366211,4.98,0.0,0
46907,-1.705,83.545,0.0,0.0,453.19100000000003,0.0,0.0,0.0,5.732,0,1.0,0.925,309.69,-2.1114,34.980000000000004,35.58041000366211,4.98,0.0,0
46907,-2.217,83.545,0.0,0.0,452.88800000000003,0.0,0.0,0.0,5.732,0,1.0,0.92,309.69,-2.1114,35.160000000000004,35.58041000366211,4.98,0.0,0
46907,-2.0460000000000003,83.545,0.0,0.0,453.009,0.0,0.0,0.0,5.732,0,1.0,0.91,309.825,4.1239,35.7,35.58041000366211,4.98,0.0,0
46907,-1.8760000000000001,83.545,0.0,0.0,452.88800000000003,0.0,0.0,0.0,5.732,0,1.0,0.925,309.69,-0.132,35.49,35.58041000366211,4.98,0.0,0
46907,-2.0460000000000003,83.545,0.0,0.0,452.707,0.0,0.0,0.0,5.732,0,2.0,0.935,309.915,0.6268,34.5,35.58041000366211,4.98,0.0,0
46907,-2.0460000000000003,83.545,0.0,0.0,452.82800000000003,0.0,0.0,0.0,5.732,0,1.0,0.9,309.825,0.2639,33.93,35.58041000366211,4.98,0.0,0
46907,-2.0460000000000003,83.545,0.0,0.0,452.88800000000003,0.0,0.0,0.0,5.732,0,2.0,0.915,309.825,1.4846000000000001,33.660000000000004,35.58041000366211,4.98,0.0,0
46907,-1.8760000000000001,83.545,0.0,0.0,453.31100000000004,0.0,0.0,0.0,5.732,0,2.0,0.9450000000000001,309.825,0.39590000000000003,33.84,35.58041000366211,4.98,0.0,0
46907,-1.705,83.545,0.0,0.0,453.372,0.0,0.0,0.0,5.732,0,1.0,0.9550000000000001,309.825,-1.0557,35.34,35.58041000366211,4.98,0.0,0
46907,-1.705,83.545,0.0,0.0,452.88800000000003,0.0,0.0,0.0,5.732,0,2.0,0.9,309.825,0.0,36.21,35.58041000366211,4.98,0.0,0
46907,-2.0460000000000003,83.545,0.0,0.0,452.586,0.0,0.0,0.0,5.732,0,2.0,0.91,309.825,-1.5836000000000001,36.21,35.58041000366211,4.98,0.0,0
46907,-2.0460000000000003,83.545,0.0,0.0,453.19100000000003,0.0,0.0,0.0,5.732,0,1.0,0.915,309.825,0.39590000000000003,36.09,35.58041000366211,4.98,0.0,0
46907,-1.8760000000000001,83.545,0.0,0.0,452.949,0.0,0.0,0.0,5.732,0,2.0,0.9,309.825,5.0147,35.910000000000004,35.58041000366211,4.98,0.0,0
46907,-2.217,83.545,0.0,0.0,453.25100000000003,0.0,0.0,0.0,5.732,0,2.0,0.895,309.825,1.3196,36.27,35.58041000366211,4.98,0.0,0
46907,-2.0460000000000003,83.545,0.0,0.0,453.19100000000003,0.0,0.0,0.0,5.732,0,1.0,0.92,309.69,-5.7075000000000005,35.64,35.58041000366211,4.98,0.0,0
46907,-2.217,83.545,0.0,0.0,453.19100000000003,0.0,0.0,0.0,5.732,0,2.0,0.9450000000000001,309.69,-3.563,36.21,35.58041000366211,4.98,0.0,0
46907,-2.0460000000000003,83.545,0.0,0.0,453.07,0.0,0.0,0.0,5.732,0,2.0,0.915,309.915,4.9487000000000005,35.85,35.58041000366211,4.98,0.0,0
46907,-1.5350000000000001,83.545,0.0,0.0,452.88800000000003,0.0,0.0,0.0,5.732,0,1.0,0.91,309.825,3.6950000000000003,34.05,35.58041000366211,4.98,0.0,0
46907,-1.705,83.545,0.0,0.0,453.009,0.0,0.0,0.0,5.732,0,2.0,0.905,309.825,-0.099,32.94,35.58041000366211,4.98,0.0,0
46907,-1.705,83.545,0.0,0.0,453.372,0.0,0.0,0.0,5.732,0,2.0,0.92,309.825,-1.8475000000000001,32.79,35.58041000366211,4.98,0.0,0
46907,-1.8760000000000001,83.545,0.0,0.0,453.55400000000003,0.0,0.0,0.0,5.732,0,2.0,0.915,309.825,0.0,33.69,35.58041000366211,4.98,0.0,0
46907,-1.8760000000000001,83.545,0.0,0.0,453.55400000000003,0.0,0.0,0.0,5.732,0,1.0,0.915,309.915,-0.132,35.25,35.58041000366211,4.98,0.0,0
46907,-1.705,83.545,0.0,0.0,453.25100000000003,0.0,0.0,0.0,5.732,0,2.0,0.915,309.69,-0.9567,37.29,35.58041000366211,4.98,0.0,0
46907,-2.217,83.545,0.0,0.0,453.25100000000003,0.0,0.0,0.0,5.732,0,2.0,0.92,309.69,-1.5588000000000002,37.53,35.58041000366211,4.98,0.0,0
46907,-1.5350000000000001,83.545,0.0,0.0,453.13,0.0,0.0,0.0,5.732,0,1.0,0.91,309.915,0.7093,37.77,35.58041000366211,4.98,0.0,0
46907,-2.217,83.545,0.0,0.0,452.949,0.0,0.0,0.0,5.732,0,2.0,0.92,309.69,1.2949000000000002,37.14,35.58041000366211,4.98,0.0,0
46907,-2.0460000000000003,83.545,0.0,0.0,453.13,0.0,0.0,0.0,5.732,0,1.0,0.915,309.69,3.1012,35.25,35.58041000366211,4.98,0.0,0
46907,-1.705,83.545,0.0,0.0,453.19100000000003,0.0,0.0,0.0,5.732,0,1.0,0.915,309.825,-1.963,34.32,35.58041000366211,4.98,0.0,0
46907,-1.8760000000000001,83.545,0.0,0.0,453.009,0.0,0.0,0.0,5.732,0,2.0,0.905,309.915,-0.1072,34.65,35.58041000366211,4.98,0.0,0
46907,-1.705,83.545,0.0,0.0,453.009,0.0,0.0,0.0,5.732,0,2.0,0.91,309.825,1.2042000000000002,35.01,35.58041000366211,4.98,0.0,0
46907,-2.0460000000000003,83.545,0.0,0.0,453.25100000000003,0.0,0.0,0.0,5.732,0,2.0,0.9,309.915,-1.0722,35.58,35.58041000366211,4.98,0.0,0
46907,-2.0460000000000003,83.545,0.0,0.0,453.07,0.0,0.0,0.0,5.732,0,1.0,0.92,309.825,-0.6186,35.88,35.58041000366211,4.98,0.0,0
46907,-1.8760000000000001,83.545,0.0,0.0,453.07,0.0,0.0,0.0,5.732,0,2.0,0.92,309.825,0.9897,35.13,35.58041000366211,4.98,0.0,0
46907,-2.0460000000000003,83.545,0.0,0.0,453.372,0.0,0.0,0.0,5.732,0,1.0,0.93,309.825,-3.1259,33.99,35.58041000366211,4.98,0.0,0
46907,-1.705,83.545,0.0,0.0,453.372,0.0,0.0,0.0,5.732,0,2.0,0.935,309.915,1.5011,33.3,35.58041000366211,4.98,0.0,0
46907,-2.217,83.545,0.0,0.0,453.372,0.0,0.0,0.0,5.732,0,1.0,0.925,309.825,4.024900000000001,33.9,35.58041000366211,4.98,0.0,0
46907,-2.0460000000000003,83.545,0.0,0.0,453.372,0.0,0.0,0.0,5.732,0,2.0,0.925,309.825,3.8270000000000004,33.96,35.58041000366211,4.98,0.0,0
46907,-1.705,83.545,0.0,0.0,453.19100000000003,0.0,0.0,0.0,5.732,0,1.0,0.91,309.825,-2.1114,35.25,35.58041000366211,4.98,0.0,0
46907,-1.705,83.545,0.0,0.0,453.19100000000003,0.0,0.0,0.0,5.732,0,2.0,0.92,309.915,-1.3196,36.51,35.58041000366211,4.98,0.0,0
46907,-1.705,83.545,0.0,0.0,453.31100000000004,0.0,0.0,0.0,5.732,0,2.0,0.91,309.825,0.5279,37.02,35.58041000366211,4.98,0.0,0
46907,-2.0460000000000003,83.545,0.0,0.0,453.009,0.0,0.0,0.0,5.732,0,1.0,0.9,309.825,-0.7918000000000001,36.69,35.58041000366211,4.98,0.0,0
46907,-1.5350000000000001,83.545,0.0,0.0,453.07,0.0,0.0,0.0,5.732,0,2.0,0.875,309.825,-0.9897,35.88,35.58041000366211,4.98,0.0,0
46907,-1.705,83.545,0.0,0.0,453.13,0.0,0.0,0.0,5.732,0,2.0,0.925,309.825,-1.9795,35.25,35.58041000366211,4.98,0.0,0
46907,-2.217,83.545,0.0,0.0,453.494,0.0,0.0,0.0,5.732,0,1.0,0.925,309.825,1.0557,33.75,35.58041000366211,4.98,0.0,0
46907,-2.217,83.545,0.0,0.0,453.31100000000004,0.0,0.0,0.0,5.732,0,2.0,0.905,309.825,-0.2639,33.480000000000004,35.58041000366211,4.98,0.0,0
46907,-1.5350000000000001,83.545,0.0,0.0,453.31100000000004,0.0,0.0,0.0,5.732,0,2.0,0.895,309.825,-0.5279,33.96,35.58041000366211,4.98,0.0,0
46907,-2.0460000000000003,83.545,0.0,0.0,453.19100000000003,0.0,0.0,0.0,5.732,0,1.0,0.935,309.69,-1.0557,34.44,35.58041000366211,4.98,0.0,0
46907,-1.705,83.545,0.0,0.0,453.19100000000003,0.0,0.0,0.0,5.732,0,1.0,0.895,309.825,-1.3196,34.980000000000004,35.58041000366211,4.98,0.0,0
46907,-2.217,83.545,0.0,0.0,453.494,0.0,0.0,0.0,5.732,0,2.0,0.895,309.825,0.9238000000000001,34.35,35.58041000366211,4.98,0.0,0
46907,-2.217,83.545,0.0,0.0,453.19100000000003,0.0,0.0,0.0,5.732,0,1.0,0.915,309.69,-0.5279,34.11,35.58041000366211,4.98,0.0,0
46907,-1.705,83.545,0.0,0.0,453.25100000000003,0.0,0.0,0.0,5.732,0,2.0,0.905,309.69,-4.2229,35.04,35.58041000366211,4.98,0.0,0
46907,-1.5350000000000001,83.545,0.0,0.0,453.25100000000003,0.0,0.0,0.0,5.732,0,2.0,0.91,309.825,-1.5836000000000001,36.06,35.58041000366211,4.98,0.0,0
46907,-2.0460000000000003,83.545,0.0,0.0,452.88800000000003,0.0,0.0,0.0,5.732,0,2.0,0.915,309.69,1.1877,36.06,35.58041000366211,4.98,0.0,0
46907,-2.217,83.545,0.0,0.0,453.009,0.0,0.0,0.0,5.732,0,2.0,0.905,309.825,-0.8908,36.09,35.58041000366211,4.98,0.0,0
46907,-1.5350000000000001,83.545,0.0,0.0,452.949,0.0,0.0,0.0,5.732,0,1.0,0.875,309.69,-3.1672000000000002,35.79,35.58041000366211,4.98,0.0,0
46907,-2.0460000000000003,83.545,0.0,0.0,453.19100000000003,0.0,0.0,0.0,5.732,0,2.0,0.895,309.915,5.1136,34.77,35.58041000366211,4.98,0.0,0
46907,-2.0460000000000003,83.545,0.0,0.0,453.25100000000003,0.0,0.0,0.0,5.732,0,1.0,0.905,309.825,5.0147,34.83,35.58041000366211,4.98,0.0,0
46907,-1.705,83.545,0.0,0.0,453.25100000000003,0.0,0.0,0.0,5.732,0,2.0,0.89,309.915,0.3629,34.86,35.58041000366211,4.98,0.0,0
46907,-1.8760000000000001,83.545,0.0,0.0,453.009,0.0,0.0,0.0,5.732,0,2.0,0.87,309.915,-0.5279,34.62,35.58041000366211,4.98,0.0,0
46907,-2.0460000000000003,83.545,0.0,0.0,452.88800000000003,0.0,0.0,0.0,5.732,0,1.0,0.895,309.69,-1.4846000000000001,33.84,35.58041000366211,4.98,0.0,0
46907,-2.0460000000000003,83.545,0.0,0.0,452.88800000000003,0.0,0.0,0.0,5.732,0,1.0,0.91,309.915,-1.9795,33.99,35.58041000366211,4.98,0.0,0
46907,-1.705,83.545,0.0,0.0,452.767,0.0,0.0,0.0,5.732,0,2.0,0.905,309.825,0.3299,33.87,35.58041000366211,4.98,0.0,0
46907,-2.0460000000000003,83.545,0.0,0.0,452.707,0.0,0.0,0.0,5.732,0,1.0,0.885,309.825,1.9795,35.160000000000004,35.58041000366211,4.98,0.0,0
46907,-1.705,83.545,0.0,0.0,452.88800000000003,0.0,0.0,0.0,5.732,0,2.0,0.91,309.825,-0.9897,35.730000000000004,35.58041000366211,4.98,0.0,0
46907,-1.8760000000000001,83.545,0.0,0.0,452.88800000000003,0.0,0.0,0.0,5.732,0,2.0,0.88,309.825,-0.5114000000000001,35.76,35.58041000366211,4.98,0.0,0
46907,-2.217,83.545,0.0,0.0,452.88800000000003,0.0,0.0,0.0,5.732,0,1.0,0.88,309.915,-2.0620000000000003,35.94,35.58041000366211,4.98,0.0,0
46907,-2.0460000000000003,83.545,0.0,0.0,452.88800000000003,0.0,0.0,0.0,5.732,0,2.0,0.875,309.825,0.3299,35.67,35.58041000366211,4.98,0.0,0
46907,-1.705,83.545,0.0,0.0,453.009,0.0,0.0,0.0,5.732,0,1.0,0.88,309.825,0.9897,35.31,35.58041000366211,4.98,0.0,0
46907,-1.8760000000000001,83.545,0.0,0.0,453.009,0.0,0.0,0.0,5.732,0,1.0,0.9,309.825,-0.9485,35.160000000000004,35.58041000366211,4.98,0.0,0
46907,-2.217,83.545,0.0,0.0,452.82800000000003,0.0,0.0,0.0,5.732,0,2.0,0.885,309.825,0.0,35.13,35.58041000366211,4.98,0.0,0
46907,-1.705,83.545,0.0,0.0,452.88800000000003,0.0,0.0,0.0,5.732,0,2.0,0.885,309.825,0.0,34.800000000000004,35.58041000366211,4.98,0.0,0
46907,-1.5350000000000001,83.545,0.0,0.0,452.88800000000003,0.0,0.0,0.0,5.732,0,1.0,0.915,309.825,-0.066,34.62,35.58041000366211,4.98,0.0,0
46907,-1.705,83.545,0.0,0.0,453.009,0.0,0.0,0.0,5.732,0,1.0,0.87,309.915,3.4806000000000004,34.02,35.58041000366211,4.98,0.0,0
46907,-1.8760000000000001,83.545,0.0,0.0,453.13,0.0,0.0,0.0,5.732,0,1.0,0.87,309.915,4.2724,32.94,35.58041000366211,4.98,0.0,0
46907,-2.0460000000000003,83.545,0.0,0.0,453.07,0.0,0.0,0.0,5.732,0,1.0,0.875,309.825,-3.2166,33.12,35.58041000366211,4.98,0.0,0
46907,-1.8760000000000001,83.545,0.0,0.0,453.31100000000004,0.0,0.0,0.0,5.732,0,2.0,0.915,309.69,-3.7198,33.72,35.58041000366211,4.98,0.0,0
46907,-1.8760000000000001,83.545,0.0,0.0,453.07,0.0,0.0,0.0,5.732,0,1.0,0.865,309.825,-0.3794,34.77,35.58041000366211,4.98,0.0,0
46907,-1.5350000000000001,83.545,0.0,0.0,452.88800000000003,0.0,0.0,0.0,5.732,0,1.0,0.9,309.915,2.9527,35.160000000000004,35.58041000366211,4.98,0.0,0
46907,-1.705,83.545,0.0,0.0,452.88800000000003,0.0,0.0,0.0,5.732,0,2.0,0.915,309.915,1.963,35.07,35.58041000366211,4.98,0.0,0
46907,-1.5350000000000001,83.545,0.0,0.0,452.88800000000003,0.0,0.0,0.0,5.732,0,2.0,0.915,309.825,-0.8578,34.5,35.58041000366211,4.98,0.0,0
46907,-2.217,83.545,0.0,0.0,453.19100000000003,0.0,0.0,0.0,5.732,0,2.0,0.91,309.915,0.3299,34.38,35.58041000366211,4.98,0.0,0
46907,-1.705,83.545,0.0,0.0,453.19100000000003,0.0,0.0,0.0,5.732,0,1.0,0.89,309.825,0.41240000000000004,34.35,35.58041000366211,4.98,0.0,0
46907,-2.0460000000000003,83.545,0.0,0.0,453.19100000000003,0.0,0.0,0.0,5.732,0,2.0,0.895,309.915,0.6433,34.62,35.58041000366211,4.98,0.0,0
46907,-1.705,83.545,0.0,0.0,453.432,0.0,0.0,0.0,5.732,0,1.0,0.875,309.825,0.6763,34.83,35.58041000366211,4.98,0.0,0
46907,-1.5350000000000001,83.545,0.0,0.0,453.19100000000003,0.0,0.0,0.0,5.732,0,2.0,0.88,309.825,-0.39590000000000003,35.7,35.58041000366211,4.98,0.0,0
46907,-2.0460000000000003,83.545,0.0,0.0,453.07,0.0,0.0,0.0,5.732,0,2.0,0.885,309.915,-0.9238000000000001,35.160000000000004,35.58041000366211,4.98,0.0,0
46907,-2.0460000000000003,83.545,0.0,0.0,452.88800000000003,0.0,0.0,0.0,5.732,0,1.0,0.88,309.825,1.6001,33.54,35.58041000366211,4.98,0.0,0
46907,-2.217,83.545,0.0,0.0,453.19100000000003,0.0,0.0,0.0,5.732,0,1.0,0.905,309.825,-3.1672000000000002,32.730000000000004,35.58041000366211,4.98,0.0,0
46907,-1.705,83.545,0.0,0.0,453.19100000000003,0.0,0.0,0.0,5.732,0,2.0,0.87,309.825,-1.4516,32.07,35.58041000366211,4.98,0.0,0
46907,-1.8760000000000001,83.545,0.0,0.0,453.19100000000003,0.0,0.0,0.0,5.732,0,2.0,0.88,309.825,0.066,31.89,35.58041000366211,4.98,0.0,0
46907,-1.5350000000000001,83.545,0.0,0.0,453.31100000000004,0.0,0.0,0.0,5.732,0,1.0,0.87,309.825,-0.5938,33.3,35.58041000366211,4.98,0.0,0
46907,-2.0460000000000003,83.545,0.0,0.0,452.88800000000003,0.0,0.0,0.0,5.732,0,2.0,0.89,309.825,2.9692000000000003,34.77,35.58041000366211,4.98,0.0,0
46907,-1.705,83.545,0.0,0.0,452.88800000000003,0.0,0.0,0.0,5.732,0,2.0,0.885,309.825,2.9032,34.92,35.58041000366211,4.98,0.0,0
46907,-1.8760000000000001,83.545,0.0,0.0,453.07,0.0,0.0,0.0,5.732,0,2.0,0.88,309.825,0.2639,35.94,35.58041000366211,4.98,0.0,0
46907,-1.705,83.545,0.0,0.0,453.19100000000003,0.0,0.0,0.0,5.732,0,2.0,0.905,309.825,0.0,35.550000000000004,35.58041000366211,4.98,0.0,0
46907,-1.8760000000000001,83.545,0.0,0.0,453.25100000000003,0.0,0.0,0.0,5.732,0,2.0,0.88,309.825,-0.2639,35.07,35.58041000366211,4.98,0.0,0
46907,-2.0460000000000003,83.545,0.0,0.0,453.19100000000003,0.0,0.0,0.0,5.732,0,2.0,0.87,309.825,-1.5836000000000001,34.980000000000004,35.58041000366211,4.98,0.0,0
46907,-1.8760000000000001,83.545,0.0,0.0,453.07,0.0,0.0,0.0,5.732,0,1.0,0.87,309.69,-2.7713,35.13,35.58041000366211,4.98,0.0,0
46907,-2.0460000000000003,83.545,0.0,0.0,453.07,0.0,0.0,0.0,5.732,0,2.0,0.865,309.825,-0.7918000000000001,34.38,35.58041000366211,4.98,0.0,0
46907,-1.705,83.545,0.0,0.0,453.25100000000003,0.0,0.0,0.0,5.732,0,2.0,0.885,309.825,-2.1114,33.69,35.58041000366211,4.98,0.0,0
46907,-1.5350000000000001,83.545,0.0,0.0,453.19100000000003,0.0,0.0,0.0,5.732,0,1.0,0.895,309.69,0.0,33.03,35.58041000366211,4.98,0.0,0
46907,-1.705,83.545,0.0,0.0,452.949,0.0,0.0,0.0,5.732,0,2.0,0.87,309.825,2.1114,32.34,35.58041000366211,4.98,0.0,0
46907,-1.705,83.545,0.0,0.0,452.949,0.0,0.0,0.0,5.732,0,2.0,0.875,309.825,1.8475000000000001,32.64,35.58041000366211,4.98,0.0,0
46907,-1.705,83.545,0.0,0.0,452.707,0.0,0.0,0.0,5.732,0,1.0,0.915,309.915,4.3548,32.7,35.58041000366211,4.98,0.0,0
46907,-1.705,83.545,0.0,0.0,453.13,0.0,0.0,0.0,5.732,0,1.0,0.865,309.825,0.0,34.53,35.58041000366211,4.98,0.0,0
46907,-1.705,83.545,0.0,0.0,453.432,0.0,0.0,0.0,5.732,0,2.0,0.89,309.825,-1.0557,36.12,35.58041000366211,4.98,0.0,0
46907,-1.5350000000000001,83.545,0.0,0.0,453.19100000000003,0.0,0.0,0.0,5.732,0,2.0,0.88,309.915,-1.5836000000000001,36.63,35.58041000366211,4.98,0.0,0
46907,-1.705,83.545,0.0,0.0,453.55400000000003,0.0,0.0,0.0,5.732,0,1.0,0.89,309.915,0.6598,35.7,35.58041000366211,4.98,0.0,0
46907,-1.8760000000000001,83.545,0.0,0.0,453.432,0.0,0.0,0.0,5.732,0,2.0,0.885,309.825,0.0,34.14,35.58041000366211,4.98,0.0,0
46907,-1.8760000000000001,83.545,0.0,0.0,453.372,0.0,0.0,0.0,5.732,0,2.0,0.885,309.915,-0.7918000000000001,33.51,35.58041000366211,4.98,0.0,0
46907,-1.705,83.545,0.0,0.0,453.19100000000003,0.0,0.0,0.0,5.732,0,1.0,0.905,309.825,0.5938,34.2,35.58041000366211,4.98,0.0,0
46907,-2.0460000000000003,83.545,0.0,0.0,453.25100000000003,0.0,0.0,0.0,5.732,0,1.0,0.885,309.915,2.7713,35.01,35.58041000366211,4.98,0.0,0
46907,-2.0460000000000003,83.545,0.0,0.0,453.25100000000003,0.0,0.0,0.0,5.732,0,2.0,0.9,309.915,-2.3754,35.37,35.58041000366211,4.98,0.0,0
46907,-1.5350000000000001,83.545,0.0,0.0,453.19100000000003,0.0,0.0,0.0,5.732,0,2.0,0.89,309.825,-0.6598,35.19,35.58041000366211,4.98,0.0,0
46907,-1.705,83.545,0.0,0.0,453.19100000000003,0.0,0.0,0.0,5.732,0,1.0,0.87,309.69,-3.0022,33.93,35.58041000366211,4.98,0.0,0
46907,-1.5350000000000001,83.545,0.0,0.0,453.13,0.0,0.0,0.0,5.732,0,2.0,0.85,309.825,-1.7155,32.730000000000004,35.58041000366211,4.98,0.0,0
46907,-1.705,83.545,0.0,0.0,453.009,0.0,0.0,0.0,5.737,0,2.0,0.895,309.69,-2.0125,33.09,35.58041000366211,4.98,0.0,0
46907,-1.8760000000000001,83.545,0.0,0.0,453.19100000000003,0.0,0.0,0.0,5.737,0,1.0,0.855,309.825,0.9238000000000001,33.78,35.58041000366211,4.98,0.0,0
46907,-1.705,83.545,0.0,0.0,453.13,0.0,0.0,0.0,5.737,0,2.0,0.865,309.825,3.4311000000000003,34.47,35.58041000366211,4.98,0.0,0
46907,-1.8760000000000001,83.545,0.0,0.0,453.25100000000003,0.0,0.0,0.0,5.737,0,2.0,0.87,309.825,2.7713,35.28,35.58041000366211,4.98,0.0,0
46907,-1.5350000000000001,83.545,0.0,0.0,453.07,0.0,0.0,0.0,5.737,0,1.0,0.88,309.825,-1.5836000000000001,35.76,35.58041000366211,4.98,0.0,0
46907,-1.5350000000000001,83.545,0.0,0.0,452.767,0.0,0.0,0.0,5.737,0,2.0,0.845,309.915,0.2639,35.25,35.58041000366211,4.98,0.0,0
46907,-1.8760000000000001,83.545,0.0,0.0,453.19100000000003,0.0,0.0,0.0,5.737,0,2.0,0.84,309.825,-1.0557,34.95,35.58041000366211,4.98,0.0,0
46907,-1.8760000000000001,83.545,0.0,0.0,453.19100000000003,0.0,0.0,0.0,5.737,0,2.0,0.845,309.825,-1.3196,34.92,35.58041000366211,4.98,0.0,0
46907,-1.705,83.545,0.0,0.0,453.13,0.0,0.0,0.0,5.737,0,1.0,0.885,309.825,0.7918000000000001,34.32,35.58041000366211,4.98,0.0,0
46907,-2.0460000000000003,83.545,0.0,0.0,453.07,0.0,0.0,0.0,5.737,0,2.0,0.895,309.69,-0.8165,34.800000000000004,35.58041000366211,4.98,0.0,0
46907,-1.705,83.545,0.0,0.0,453.494,0.0,0.0,0.0,5.737,0,1.0,0.8300000000000001,309.69,-1.3609,34.230000000000004,35.58041000366211,4.98,0.0,0
46907,-2.0460000000000003,83.545,0.0,0.0,453.372,0.0,0.0,0.0,5.737,0,2.0,0.865,309.915,-0.7918000000000001,34.38,35.58041000366211,4.98,0.0,0
46907,-1.5350000000000001,83.545,0.0,0.0,453.19100000000003,0.0,0.0,0.0,5.737,0,2.0,0.865,309.825,3.1424000000000003,34.08,35.58041000366211,4.98,0.0,0
46907,-1.5350000000000001,83.545,0.0,0.0,453.372,0.0,0.0,0.0,5.737,0,1.0,0.925,309.825,1.7815,33.69,35.58041000366211,4.98,0.0,0
46907,-1.5350000000000001,83.545,0.0,0.0,453.25100000000003,0.0,0.0,0.0,5.737,0,2.0,0.875,309.825,-1.1712,32.730000000000004,35.58041000366211,4.98,0.0,0
46907,-2.0460000000000003,83.545,0.0,0.0,453.25100000000003,0.0,0.0,0.0,5.737,0,1.0,0.8250000000000001,309.69,-5.385800000000001,33.21,35.58041000366211,4.98,0.0,0
46907,-1.705,83.545,0.0,0.0,453.372,0.0,0.0,0.0,5.737,0,1.0,0.845,309.825,-1.0557,34.980000000000004,35.58041000366211,4.98,0.0,0
46907,-2.0460000000000003,83.545,0.0,0.0,453.372,0.0,0.0,0.0,5.737,0,2.0,0.8200000000000001,309.825,4.7672,35.79,35.58041000366211,4.98,0.0,0
46907,-2.0460000000000003,83.545,0.0,0.0,453.372,0.0,0.0,0.0,5.737,0,2.0,0.86,309.69,1.7815,35.88,35.58041000366211,4.98,0.0,0
46907,-1.8760000000000001,83.545,0.0,0.0,453.19100000000003,0.0,0.0,0.0,5.737,0,2.0,0.865,309.915,0.7093,35.67,35.58041000366211,4.98,0.0,0
46907,-1.5350000000000001,83.545,0.0,0.0,452.949,0.0,0.0,0.0,5.737,0,1.0,0.8200000000000001,309.825,-0.9238000000000001,34.95,35.58041000366211,4.98,0.0,0
46907,-1.8760000000000001,83.545,0.0,0.0,452.949,0.0,0.0,0.0,5.737,0,2.0,0.855,309.915,-1.2537,34.5,35.58041000366211,4.98,0.0,0
46907,-1.5350000000000001,83.545,0.0,0.0,452.949,0.0,0.0,0.0,5.737,0,1.0,0.85,309.825,-3.6125000000000003,34.17,35.58041000366211,4.98,0.0,0
46907,-1.705,83.545,0.0,0.0,453.07,0.0,0.0,0.0,5.737,0,1.0,0.885,309.825,-0.8825000000000001,34.68,35.58041000366211,4.98,0.0,0
46907,-2.0460000000000003,83.545,0.0,0.0,453.07,0.0,0.0,0.0,5.737,0,2.0,0.845,309.825,1.4681,35.04,35.58041000366211,4.98,0.0,0
46907,-1.705,83.545,0.0,0.0,453.19100000000003,0.0,0.0,0.0,5.737,0,2.0,0.855,309.915,5.8312,34.71,35.58041000366211,4.98,0.0,0
46907,-1.364,83.545,0.0,0.0,453.494,0.0,0.0,0.0,5.737,0,1.0,0.84,309.825,-4.486800000000001,34.95,35.58041000366211,4.98,0.0,0
46907,-1.5350000000000001,83.545,0.0,0.0,453.494,0.0,0.0,0.0,5.737,0,2.0,0.845,309.69,-4.9074,34.11,35.58041000366211,4.98,0.0,0
46907,-1.5350000000000001,83.545,0.0,0.0,453.675,0.0,0.0,0.0,5.737,0,2.0,0.865,309.915,1.6496000000000002,34.11,35.58041000366211,4.98,0.0,0
46907,-1.8760000000000001,83.545,0.0,0.0,453.615,0.0,0.0,0.0,5.737,0,1.0,0.875,309.69,0.5279,34.59,35.58041000366211,4.98,0.0,0
46907,-1.705,83.545,0.0,0.0,453.25100000000003,0.0,0.0,0.0,5.737,0,2.0,0.85,309.825,1.9547,36.09,35.58041000366211,4.98,0.0,0
46907,-1.5350000000000001,83.545,0.0,0.0,453.31100000000004,0.0,0.0,0.0,5.737,0,2.0,0.865,309.825,-0.8578,36.21,35.58041000366211,4.98,0.0,0
46907,-1.8760000000000001,83.545,0.0,0.0,453.25100000000003,0.0,0.0,0.0,5.737,0,1.0,0.885,309.825,-0.9238000000000001,36.24,35.58041000366211,4.98,0.0,0
46907,-1.5350000000000001,83.545,0.0,0.0,453.25100000000003,0.0,0.0,0.0,5.737,0,1.0,0.8200000000000001,309.915,0.8908,36.42,35.58041000366211,4.98,0.0,0
46907,-2.0460000000000003,83.545,0.0,0.0,453.675,0.0,0.0,0.0,5.737,0,2.0,0.85,309.825,0.7918000000000001,36.21,35.58041000366211,4.98,0.0,0
46907,-1.5350000000000001,83.545,0.0,0.0,453.432,0.0,0.0,0.0,5.737,0,1.0,0.8300000000000001,309.825,0.5279,35.730000000000004,35.58041000366211,4.98,0.0,0
46907,-1.705,83.545,0.0,0.0,453.19100000000003,0.0,0.0,0.0,5.737,0,2.0,0.84,309.825,-0.7918000000000001,35.19,35.58041000366211,4.98,0.0,0
46907,-1.5350000000000001,83.545,0.0,0.0,453.372,0.0,0.0,0.0,5.737,0,2.0,0.855,309.915,-2.1774,35.1,35.58041000366211,4.98,0.0,0
46907,-1.705,83.545,0.0,0.0,453.19100000000003,0.0,0.0,0.0,5.737,0,2.0,0.835,309.825,-0.132,34.35,35.58041000366211,4.98,0.0,0
46907,-1.8760000000000001,83.545,0.0,0.0,453.07,0.0,0.0,0.0,5.737,0,1.0,0.885,309.825,1.8475000000000001,33.75,35.58041000366211,4.98,0.0,0
46907,-1.705,83.545,0.0,0.0,453.31100000000004,0.0,0.0,0.0,5.737,0,2.0,0.85,309.915,-1.9795,34.17,35.58041000366211,4.98,0.0,0
46907,-1.705,83.545,0.0,0.0,453.494,0.0,0.0,0.0,5.737,0,2.0,0.865,309.825,-1.0557,34.26,35.58041000366211,4.98,0.0,0
46907,-1.705,83.545,0.0,0.0,453.736,0.0,0.0,0.0,5.737,0,1.0,0.85,309.825,2.9032,35.160000000000004,35.58041000366211,4.98,0.0,0
46907,-2.0460000000000003,83.545,0.0,0.0,453.615,0.0,0.0,0.0,5.737,0,1.0,0.845,309.915,2.3754,35.46,35.58041000366211,4.98,0.0,0
46907,-2.0460000000000003,83.545,0.0,0.0,453.736,0.0,0.0,0.0,5.737,0,2.0,0.835,309.915,-0.6598,36.36,35.58041000366211,4.98,0.0,0
46907,-1.5350000000000001,83.545,0.0,0.0,453.494,0.0,0.0,0.0,5.737,0,1.0,0.835,309.825,0.0,36.12,35.58041000366211,4.98,0.0,0
46907,-1.5350000000000001,83.545,0.0,0.0,453.372,0.0,0.0,0.0,5.737,0,2.0,0.845,309.915,1.1877,35.910000000000004,35.58041000366211,4.98,0.0,0
46907,-2.217,83.545,0.0,0.0,453.31100000000004,0.0,0.0,0.0,5.737,0,2.0,0.8300000000000001,309.825,-2.8372,35.7,35.58041000366211,4.98,0.0,0
46907,-1.5350000000000001,83.545,0.0,0.0,453.31100000000004,0.0,0.0,0.0,5.737,0,2.0,0.8250000000000001,309.825,-2.2929,35.7,35.58041000366211,4.98,0.0,0
46907,-1.5350000000000001,83.545,0.0,0.0,453.07,0.0,0.0,0.0,5.737,0,1.0,0.88,309.825,0.5938,35.88,35.58041000366211,4.98,0.0,0
46907,-1.5350000000000001,83.545,0.0,0.0,453.07,0.0,0.0,0.0,5.737,0,2.0,0.865,309.915,3.1012,35.25,35.58041000366211,4.98,0.0,0
46907,-2.0460000000000003,83.545,0.0,0.0,453.19100000000003,0.0,0.0,0.0,5.737,0,1.0,0.85,309.825,1.4516,35.22,35.58041000366211,4.98,0.0,0
46907,-1.705,83.545,0.0,0.0,453.07,0.0,0.0,0.0,5.737,0,1.0,0.855,309.825,-2.9527,35.01,35.58041000366211,4.98,0.0,0
46907,-1.8760000000000001,83.545,0.0,0.0,453.07,0.0,0.0,0.0,5.737,0,2.0,0.835,309.825,0.34640000000000004,34.38,35.58041000366211,4.98,0.0,0
46907,-1.8760000000000001,83.545,0.0,0.0,452.88800000000003,0.0,0.0,0.0,5.737,0,2.0,0.8250000000000001,309.825,2.9857,33.660000000000004,35.58041000366211,4.98,0.0,0
46907,-1.8760000000000001,83.545,0.0,0.0,453.736,0.0,0.0,0.0,5.737,0,2.0,0.84,309.825,-2.2434000000000003,33.480000000000004,35.58041000366211,4.98,0.0,0
46907,-1.5350000000000001,83.545,0.0,0.0,453.372,0.0,0.0,0.0,5.737,0,1.0,0.855,309.825,-0.2474,34.32,35.58041000366211,4.98,0.0,0
46907,-1.5350000000000001,83.545,0.0,0.0,453.07,0.0,0.0,0.0,5.737,0,1.0,0.865,309.915,2.3589,35.61,35.58041000366211,4.98,0.0,0
46907,-1.705,83.545,0.0,0.0,453.31100000000004,0.0,0.0,0.0,5.737,0,2.0,0.855,309.825,0.132,36.300000000000004,35.58041000366211,4.98,0.0,0
46907,-1.8760000000000001,83.545,0.0,0.0,453.07,0.0,0.0,0.0,5.737,0,1.0,0.845,309.915,-3.3816,35.910000000000004,35.58041000366211,4.98,0.0,0
46907,-1.5350000000000001,83.545,0.0,0.0,453.372,0.0,0.0,0.0,5.737,0,2.0,0.84,309.915,-0.46190000000000003,35.52,35.58041000366211,4.98,0.0,0
46907,-1.5350000000000001,83.545,0.0,0.0,453.25100000000003,0.0,0.0,0.0,5.737,0,2.0,0.855,309.825,2.8372,35.61,35.58041000366211,4.98,0.0,0
46907,-2.0460000000000003,83.545,0.0,0.0,453.25100000000003,0.0,0.0,0.0,5.737,0,1.0,0.855,309.69,-3.8930000000000002,36.09,35.58041000366211,4.98,0.0,0
46907,-1.5350000000000001,83.545,0.0,0.0,453.55400000000003,0.0,0.0,0.0,5.737,0,2.0,0.855,309.915,-3.3651,35.79,35.58041000366211,4.98,0.0,0
46907,-1.8760000000000001,83.545,0.0,0.0,453.55400000000003,0.0,0.0,0.0,5.737,0,1.0,0.85,309.915,1.1712,36.0,35.58041000366211,4.98,0.0,0
46907,-1.5350000000000001,83.545,0.0,0.0,453.494,0.0,0.0,0.0,5.737,0,1.0,0.86,309.825,2.2187,34.980000000000004,35.58041000366211,4.98,0.0,0
46907,-1.5350000000000001,83.545,0.0,0.0,453.372,0.0,0.0,0.0,5.737,0,1.0,0.835,309.825,0.8578,34.230000000000004,35.58041000366211,4.98,0.0,0
46907,-1.5350000000000001,83.545,0.0,0.0,453.13,0.0,0.0,0.0,5.737,0,1.0,0.855,309.915,-2.1774,33.78,35.58041000366211,4.98,0.0,0
46907,-1.8760000000000001,83.545,0.0,0.0,453.13,0.0,0.0,0.0,5.737,0,2.0,0.845,309.825,-0.9897,33.6,35.58041000366211,4.98,0.0,0
46907,-1.705,83.545,0.0,0.0,453.31100000000004,0.0,0.0,0.0,5.737,0,1.0,0.84,309.825,0.7258,33.57,35.58041000366211,4.98,0.0,0
46907,-1.705,83.545,0.0,0.0,453.372,0.0,0.0,0.0,5.737,0,2.0,0.85,309.915,1.8063,34.86,35.58041000366211,4.98,0.0,0
46907,-1.5350000000000001,83.545,0.0,0.0,453.31100000000004,0.0,0.0,0.0,5.737,0,1.0,0.845,309.825,-0.6598,36.36,35.58041000366211,4.98,0.0,0
46907,-1.8760000000000001,83.545,0.0,0.0,453.55400000000003,0.0,0.0,0.0,5.737,0,1.0,0.84,309.825,-4.024900000000001,36.99,35.58041000366211,4.98,0.0,0
46907,-1.5350000000000001,83.545,0.0,0.0,453.372,0.0,0.0,0.0,5.737,0,2.0,0.86,309.915,-1.1217000000000001,36.51,35.58041000366211,4.98,0.0,0
46907,-1.5350000000000001,83.545,0.0,0.0,453.31100000000004,0.0,0.0,0.0,5.737,0,1.0,0.84,309.825,2.7053000000000003,36.21,35.58041000366211,4.98,0.0,0
46907,-1.5350000000000001,83.545,0.0,0.0,453.494,0.0,0.0,0.0,5.737,0,1.0,0.85,309.825,0.7918000000000001,35.94,35.58041000366211,4.98,0.0,0
46907,-2.0460000000000003,83.545,0.0,0.0,453.432,0.0,0.0,0.0,5.737,0,2.0,0.855,309.825,-0.39590000000000003,36.480000000000004,35.58041000366211,4.98,0.0,0
46907,-1.705,83.545,0.0,0.0,452.88800000000003,0.0,0.0,0.0,5.737,0,2.0,0.835,309.825,-1.3196,36.06,35.58041000366211,4.98,0.0,0
46907,-1.5350000000000001,83.545,0.0,0.0,453.13,0.0,0.0,0.0,5.737,0,2.0,0.855,309.915,0.2474,36.24,35.58041000366211,4.98,0.0,0
46907,-2.217,83.545,0.0,0.0,453.19100000000003,0.0,0.0,0.0,5.737,0,1.0,0.845,309.825,2.3754,35.4,35.58041000366211,4.98,0.0,0
46907,-1.8760000000000001,83.545,0.0,0.0,453.372,0.0,0.0,0.0,5.737,0,1.0,0.845,309.69,-0.9650000000000001,34.14,35.58041000366211,4.98,0.0,0
46907,-1.5350000000000001,83.545,0.0,0.0,453.07,0.0,0.0,0.0,5.737,0,2.0,0.88,309.825,-1.5011,33.03,35.58041000366211,4.98,0.0,0
46907,-1.705,83.545,0.0,0.0,453.07,0.0,0.0,0.0,5.737,0,1.0,0.9,309.825,-1.2537,33.03,35.58041000366211,4.98,0.0,0
46907,-1.705,83.545,0.0,0.0,453.19100000000003,0.0,0.0,0.0,5.737,0,2.0,0.86,309.915,0.0,34.02,35.58041000366211,4.98,0.0,0
46907,-1.5350000000000001,83.545,0.0,0.0,453.31100000000004,0.0,0.0,0.0,5.737,0,1.0,0.85,309.915,0.3629,34.74,35.58041000366211,4.98,0.0,0
46907,-2.0460000000000003,83.545,0.0,0.0,453.19100000000003,0.0,0.0,0.0,5.737,0,2.0,0.855,309.825,2.3754,36.42,35.58041000366211,4.98,0.0,0
46907,-2.0460000000000003,83.545,0.0,0.0,453.07,0.0,0.0,0.0,5.737,0,1.0,0.845,309.825,1.9135000000000002,36.72,35.58041000366211,4.98,0.0,0
46907,-1.8760000000000001,83.545,0.0,0.0,453.25100000000003,0.0,0.0,0.0,5.737,0,2.0,0.88,309.825,-4.0909,36.96,35.58041000366211,4.98,0.0,0
46907,-1.5350000000000001,83.545,0.0,0.0,453.31100000000004,0.0,0.0,0.0,5.737,0,2.0,0.85,309.915,-2.9692000000000003,35.79,35.58041000366211,4.98,0.0,0
46907,-1.705,83.545,0.0,0.0,453.372,0.0,0.0,0.0,5.737,0,1.0,0.865,309.825,2.3754,35.49,35.58041000366211,4.98,0.0,0
46907,-1.5350000000000001,83.545,0.0,0.0,453.19100000000003,0.0,0.0,0.0,5.737,0,2.0,0.86,309.915,2.0455,34.95,35.58041000366211,4.98,0.0,0
46907,-1.705,83.545,0.0,0.0,453.07,0.0,0.0,0.0,5.737,0,2.0,0.84,309.825,0.2639,35.37,35.58041000366211,4.98,0.0,0
46907,-1.705,83.545,0.0,0.0,453.372,0.0,0.0,0.0,5.737,0,2.0,0.85,309.915,3.1012,35.550000000000004,35.58041000366211,4.98,0.0,0
46907,-1.705,83.545,0.0,0.0,453.615,0.0,0.0,0.0,5.737,0,1.0,0.845,309.69,-5.1466,34.89,35.58041000366211,4.98,0.0,0
46907,-1.8760000000000001,83.545,0.0,0.0,453.736,0.0,0.0,0.0,5.737,0,2.0,0.85,309.825,-2.3754,34.2,35.58041000366211,4.98,0.0,0
46907,-1.705,83.545,0.0,0.0,453.55400000000003,0.0,0.0,0.0,5.737,0,2.0,0.845,309.915,-0.5279,33.09,35.58041000366211,4.98,0.0,0
46907,-1.705,83.545,0.0,0.0,453.432,0.0,0.0,0.0,5.737,0,1.0,0.86,309.69,-2.1114,33.21,35.58041000366211,4.98,0.0,0
46907,-1.5350000000000001,83.545,0.0,0.0,453.25100000000003,0.0,0.0,0.0,5.737,0,2.0,0.835,309.915,2.2434000000000003,34.17,35.58041000366211,4.98,0.0,0
46907,-1.5350000000000001,83.545,0.0,0.0,453.615,0.0,0.0,0.0,5.737,0,1.0,0.835,309.915,3.6950000000000003,35.22,35.58041000366211,4.98,0.0,0
46907,-1.5350000000000001,83.545,0.0,0.0,453.675,0.0,0.0,0.0,5.737,0,1.0,0.84,309.825,2.7713,36.36,35.58041000366211,4.98,0.0,0
46907,-1.705,83.545,0.0,0.0,453.19100000000003,0.0,0.0,0.0,5.737,0,2.0,0.845,309.825,0.066,36.69,35.58041000366211,4.98,0.0,0
46907,-1.5350000000000001,83.545,0.0,0.0,453.432,0.0,0.0,0.0,5.737,0,1.0,0.86,309.825,-1.5836000000000001,35.85,35.58041000366211,4.98,0.0,0
46907,-1.5350000000000001,83.545,0.0,0.0,453.372,0.0,0.0,0.0,5.737,0,2.0,0.86,309.825,-1.0557,35.19,35.58041000366211,4.98,0.0,0
46907,-1.8760000000000001,83.545,0.0,0.0,453.31100000000004,0.0,0.0,0.0,5.737,0,1.0,0.8150000000000001,309.825,1.3196,35.37,35.58041000366211,4.98,0.0,0
46907,-1.705,83.545,0.0,0.0,453.07,0.0,0.0,0.0,5.737,0,1.0,0.86,309.825,0.0,34.53,35.58041000366211,4.98,0.0,0
46907,-1.705,83.545,0.0,0.0,453.372,0.0,0.0,0.0,5.737,0,2.0,0.81,309.825,-1.3196,34.62,35.58041000366211,4.98,0.0,0
46907,-1.5350000000000001,83.545,0.0,0.0,453.372,0.0,0.0,0.0,5.737,0,1.0,0.8200000000000001,309.915,2.5733,34.02,35.58041000366211,4.98,0.0,0
46907,-2.0460000000000003,83.545,0.0,0.0,453.19100000000003,0.0,0.0,0.0,5.737,0,2.0,0.845,309.825,1.0557,33.9,35.58041000366211,4.98,0.0,0
46907,-1.705,83.545,0.0,0.0,453.07,0.0,0.0,0.0,5.737,0,2.0,0.86,309.915,0.9897,33.45,35.58041000366211,4.98,0.0,0
46907,-1.5350000000000001,83.545,0.0,0.0,452.88800000000003,0.0,0.0,0.0,5.737,0,1.0,0.85,309.825,-0.7918000000000001,33.15,35.58041000366211,4.98,0.0,0
46907,-1.8760000000000001,83.545,0.0,0.0,453.009,0.0,0.0,0.0,5.737,0,1.0,0.845,309.825,-3.9589000000000003,33.57,35.58041000366211,4.98,0.0,0
46907,-1.705,83.545,0.0,0.0,453.31100000000004,0.0,0.0,0.0,5.737,0,2.0,0.845,309.825,-0.9238000000000001,34.800000000000004,35.58041000366211,4.98,0.0,0
46907,-1.705,83.545,0.0,0.0,453.07,0.0,0.0,0.0,5.737,0,1.0,0.8300000000000001,309.915,3.629,35.88,35.58041000366211,4.98,0.0,0
46907,-2.0460000000000003,83.545,0.0,0.0,452.82800000000003,0.0,0.0,0.0,5.737,0,1.0,0.84,309.825,-0.7918000000000001,36.24,35.58041000366211,4.98,0.0,0
46907,-1.8760000000000001,83.545,0.0,0.0,452.707,0.0,0.0,0.0,5.737,0,2.0,0.8300000000000001,309.825,-2.1114,36.06,35.58041000366211,4.98,0.0,0
46907,-1.5350000000000001,83.545,0.0,0.0,453.19100000000003,0.0,0.0,0.0,5.737,0,2.0,0.8300000000000001,309.825,-1.8475000000000001,35.85,35.58041000366211,4.98,0.0,0
46907,-2.0460000000000003,83.545,0.0,0.0,453.19100000000003,0.0,0.0,0.0,5.737,0,1.0,0.8250000000000001,309.69,-2.2022,35.85,35.58041000366211,4.98,0.0,0
46907,-1.5350000000000001,83.545,0.0,0.0,453.009,0.0,0.0,0.0,5.737,0,2.0,0.84,309.825,0.066,35.01,35.58041000366211,4.98,0.0,0
46907,-1.5350000000000001,83.545,0.0,0.0,453.009,0.0,0.0,0.0,5.737,0,2.0,0.85,309.915,1.2372,34.65,35.58041000366211,4.98,0.0,0
46907,-1.5350000000000001,83.545,0.0,0.0,453.25100000000003,0.0,0.0,0.0,5.737,0,2.0,0.865,309.825,2.3094,34.26,35.58041000366211,4.98,0.0,0
46907,-1.705,83.545,0.0,0.0,453.31100000000004,0.0,0.0,0.0,5.737,0,1.0,0.86,309.69,-1.1629,34.44,35.58041000366211,4.98,0.0,0
46907,-1.705,83.545,0.0,0.0,453.432,0.0,0.0,0.0,5.737,0,1.0,0.8300000000000001,309.915,-1.6661000000000001,34.56,35.58041000366211,4.98,0.0,0
46907,-1.5350000000000001,83.545,0.0,0.0,453.13,0.0,0.0,0.0,5.737,0,2.0,0.84,309.825,2.4413,34.05,35.58041000366211,4.98,0.0,0
46907,-1.705,83.545,0.0,0.0,453.13,0.0,0.0,0.0,5.737,0,1.0,0.835,309.915,4.6683,33.3,35.58041000366211,4.98,0.0,0
46907,-1.705,83.545,0.0,0.0,453.19100000000003,0.0,0.0,0.0,5.737,0,2.0,0.84,309.915,-1.5836000000000001,34.02,35.58041000366211,4.98,0.0,0
46907,-1.705,83.545,0.0,0.0,452.949,0.0,0.0,0.0,5.737,0,2.0,0.85,309.825,-0.9238000000000001,34.68,35.58041000366211,4.98,0.0,0
46907,-1.705,83.545,0.0,0.0,453.494,0.0,0.0,0.0,5.737,0,1.0,0.85,309.825,-0.1155,35.85,35.58041000366211,4.98,0.0,0
46907,-1.8760000000000001,83.545,0.0,0.0,453.55400000000003,0.0,0.0,0.0,5.737,0,2.0,0.86,309.825,-3.4971,35.94,35.58041000366211,4.98,0.0,0
46907,-1.705,83.545,0.0,0.0,453.25100000000003,0.0,0.0,0.0,5.737,0,2.0,0.85,309.915,-0.6763,35.64,35.58041000366211,4.98,0.0,0
46907,-1.705,83.545,0.0,0.0,453.19100000000003,0.0,0.0,0.0,5.737,0,1.0,0.85,309.825,2.7878000000000003,35.58,35.58041000366211,4.98,0.0,0
46907,-1.8760000000000001,83.545,0.0,0.0,453.07,0.0,0.0,0.0,5.737,0,1.0,0.8,309.69,0.0907,35.25,35.58041000366211,4.98,0.0,0
46907,-1.5350000000000001,83.545,0.0,0.0,453.19100000000003,0.0,0.0,0.0,5.737,0,2.0,0.8250000000000001,309.825,-3.6125000000000003,34.44,35.58041000366211,4.98,0.0,0
46907,-1.705,83.545,0.0,0.0,453.372,0.0,0.0,0.0,5.737,0,2.0,0.835,309.825,2.3094,33.84,35.58041000366211,4.98,0.0,0
46907,-1.5350000000000001,83.545,0.0,0.0,453.31100000000004,0.0,0.0,0.0,5.737,0,2.0,0.84,309.825,2.9692000000000003,32.76,35.58041000366211,4.98,0.0,0
46907,-2.0460000000000003,83.545,0.0,0.0,453.372,0.0,0.0,0.0,5.737,0,2.0,0.8250000000000001,309.825,-0.9238000000000001,32.49,35.58041000366211,4.98,0.0,0
46907,-1.5350000000000001,83.545,0.0,0.0,453.009,0.0,0.0,0.0,5.737,0,2.0,0.85,309.915,3.8270000000000004,33.57,35.58041000366211,4.98,0.0,0
46907,-1.5350000000000001,83.545,0.0,0.0,453.07,0.0,0.0,0.0,5.737,0,1.0,0.835,309.915,4.3383,34.2,35.58041000366211,4.98,0.0,0
46907,-1.5350000000000001,83.545,0.0,0.0,453.07,0.0,0.0,0.0,5.737,0,2.0,0.8250000000000001,309.825,-1.8475000000000001,34.77,35.58041000366211,4.98,0.0,0
46907,-1.705,83.545,0.0,0.0,453.31100000000004,0.0,0.0,0.0,5.737,0,2.0,0.8150000000000001,309.825,-4.2064,35.160000000000004,35.58041000366211,4.98,0.0,0
46907,-1.705,83.545,0.0,0.0,453.372,0.0,0.0,0.0,5.737,0,1.0,0.845,309.825,-2.2269,36.21,35.58041000366211,4.98,0.0,0
46907,-1.5350000000000001,83.545,0.0,0.0,453.07,0.0,0.0,0.0,5.737,0,2.0,0.84,309.69,-0.767,35.46,35.58041000366211,4.98,0.0,0
46907,-1.705,83.545,0.0,0.0,453.07,0.0,0.0,0.0,5.737,0,2.0,0.85,309.825,-3.563,35.160000000000004,35.58041000366211,4.98,0.0,0
46907,-1.705,83.545,0.0,0.0,453.13,0.0,0.0,0.0,5.737,0,2.0,0.855,309.825,1.5836000000000001,35.37,35.58041000366211,4.98,0.0,0
46907,-1.8760000000000001,83.545,0.0,0.0,453.372,0.0,0.0,0.0,5.737,0,2.0,0.845,309.69,-0.1072,35.67,35.58041000366211,4.98,0.0,0
46907,-1.5350000000000001,83.545,0.0,0.0,453.25100000000003,0.0,0.0,0.0,5.737,0,2.0,0.85,309.69,-0.2639,35.64,35.58041000366211,4.98,0.0,0
46907,-1.705,83.545,0.0,0.0,453.19100000000003,0.0,0.0,0.0,5.737,0,1.0,0.8300000000000001,309.825,0.2639,35.46,35.58041000366211,4.98,0.0,0
46907,-1.8760000000000001,83.545,0.0,0.0,453.19100000000003,0.0,0.0,0.0,5.737,0,1.0,0.85,309.825,3.1672000000000002,35.28,35.58041000366211,4.98,0.0,0
46907,-1.705,83.545,0.0,0.0,453.19100000000003,0.0,0.0,0.0,5.737,0,2.0,0.835,309.825,-3.5301,34.230000000000004,35.58041000366211,4.98,0.0,0
46907,-1.5350000000000001,83.545,0.0,0.0,453.009,0.0,0.0,0.0,5.737,0,1.0,0.835,309.915,1.4516,33.78,35.58041000366211,4.98,0.0,0
46907,-1.8760000000000001,83.545,0.0,0.0,453.25100000000003,0.0,0.0,0.0,5.737,0,1.0,0.8250000000000001,309.915,4.6848,32.82,35.58041000366211,4.98,0.0,0
46907,-1.5350000000000001,83.545,0.0,0.0,453.736,0.0,0.0,0.0,5.737,0,2.0,0.86,309.825,0.2639,33.09,35.58041000366211,4.98,0.0,0
46907,-1.705,83.545,0.0,0.0,453.736,0.0,0.0,0.0,5.737,0,2.0,0.86,309.825,-0.132,33.12,35.58041000366211,4.98,0.0,0
46907,-1.705,83.545,0.0,0.0,453.736,0.0,0.0,0.0,5.737,0,1.0,0.84,309.915,-3.1012,34.14,35.58041000366211,4.98,0.0,0
46907,-1.5350000000000001,83.545,0.0,0.0,453.494,0.0,0.0,0.0,5.737,0,2.0,0.855,309.915,-0.46190000000000003,35.13,35.58041000366211,4.98,0.0,0
46907,-1.364,83.545,0.0,0.0,453.55400000000003,0.0,0.0,0.0,5.737,0,2.0,0.85,309.825,3.4971,36.57,35.58041000366211,4.98,0.0,0
46907,-1.8760000000000001,83.545,0.0,0.0,453.31100000000004,0.0,0.0,0.0,5.737,0,1.0,0.8300000000000001,309.825,1.2042000000000002,36.18,35.58041000366211,4.98,0.0,0
46907,-1.705,83.545,0.0,0.0,453.07,0.0,0.0,0.0,5.737,0,1.0,0.85,309.915,-1.2042000000000002,35.46,35.58041000366211,4.98,0.0,0
46907,-2.0460000000000003,83.545,0.0,0.0,453.07,0.0,0.0,0.0,5.737,0,1.0,0.8200000000000001,309.69,-2.4826,35.22,35.58041000366211,4.98,0.0,0
46907,-1.5350000000000001,83.545,0.0,0.0,453.372,0.0,0.0,0.0,5.737,0,2.0,0.8250000000000001,309.69,-1.8063,35.67,35.58041000366211,4.98,0.0,0
46907,-1.364,83.545,0.0,0.0,453.372,0.0,0.0,0.0,5.737,0,1.0,0.8250000000000001,309.825,0.14850000000000002,35.910000000000004,35.58041000366211,4.98,0.0,0
46907,-1.705,83.545,0.0,0.0,453.432,0.0,0.0,0.0,5.737,0,2.0,0.8300000000000001,309.915,3.0187,36.21,35.58041000366211,4.98,0.0,0
46907,-1.5350000000000001,83.545,0.0,0.0,453.25100000000003,0.0,0.0,0.0,5.737,0,1.0,0.8200000000000001,309.915,4.1157,35.730000000000004,35.58041000366211,4.98,0.0,0
46907,-1.5350000000000001,83.545,0.0,0.0,453.19100000000003,0.0,0.0,0.0,5.737,0,1.0,0.8200000000000001,309.69,-2.0042,35.28,35.58041000366211,4.98,0.0,0
46907,-1.705,83.545,0.0,0.0,453.19100000000003,0.0,0.0,0.0,5.737,0,2.0,0.8,309.825,-3.7445000000000004,34.26,35.58041000366211,4.98,0.0,0
46907,-1.5350000000000001,83.545,0.0,0.0,452.88800000000003,0.0,0.0,0.0,5.737,0,2.0,0.8150000000000001,309.825,0.2144,32.46,35.58041000366211,4.98,0.0,0
46907,-1.8760000000000001,83.545,0.0,0.0,453.07,0.0,0.0,0.0,5.737,0,1.0,0.8150000000000001,309.825,2.2846,33.51,35.58041000366211,4.98,0.0,0
46907,-1.5350000000000001,83.545,0.0,0.0,453.25100000000003,0.0,0.0,0.0,5.737,0,1.0,0.8200000000000001,309.825,-1.1877,35.46,35.58041000366211,4.98,0.0,0
46907,-1.705,83.545,0.0,0.0,452.949,0.0,0.0,0.0,5.737,0,1.0,0.8150000000000001,309.915,0.4454,36.51,35.58041000366211,4.98,0.0,0
46907,-2.0460000000000003,83.545,0.0,0.0,453.13,0.0,0.0,0.0,5.737,0,2.0,0.8150000000000001,309.825,2.9692000000000003,37.47,35.58041000366211,4.98,0.0,0
46907,-1.5350000000000001,83.545,0.0,0.0,453.13,0.0,0.0,0.0,5.737,0,1.0,0.8300000000000001,309.825,0.9897,37.050000000000004,35.58041000366211,4.98,0.0,0
46907,-1.705,83.545,0.0,0.0,453.13,0.0,0.0,0.0,5.737,0,2.0,0.84,309.915,-1.9795,36.480000000000004,35.58041000366211,4.98,0.0,0
46907,-1.5350000000000001,83.545,0.0,0.0,453.19100000000003,0.0,0.0,0.0,5.737,0,2.0,0.8300000000000001,309.915,1.1712,35.82,35.58041000366211,4.98,0.0,0
46907,-2.217,83.545,0.0,0.0,453.19100000000003,0.0,0.0,0.0,5.737,0,2.0,0.8250000000000001,309.825,-1.9135000000000002,35.22,35.58041000366211,4.98,0.0,0
46907,-1.5350000000000001,83.545,0.0,0.0,453.19100000000003,0.0,0.0,0.0,5.737,0,2.0,0.835,309.825,-1.9795,35.25,35.58041000366211,4.98,0.0,0
46907,-1.705,83.545,0.0,0.0,453.13,0.0,0.0,0.0,5.737,0,2.0,0.84,309.825,-3.8930000000000002,35.37,35.58041000366211,4.98,0.0,0
46907,-1.364,83.545,0.0,0.0,453.25100000000003,0.0,0.0,0.0,5.737,0,1.0,0.805,309.69,-3.0352,35.22,35.58041000366211,4.98,0.0,0
46907,-1.5350000000000001,83.545,0.0,0.0,453.25100000000003,0.0,0.0,0.0,5.737,0,1.0,0.81,309.825,-0.7918000000000001,34.65,35.58041000366211,4.98,0.0,0
46907,-1.5350000000000001,83.545,0.0,0.0,452.88800000000003,0.0,0.0,0.0,5.737,0,2.0,0.8250000000000001,309.69,-1.1877,34.56,35.58041000366211,4.98,0.0,0
46907,-1.5350000000000001,83.545,0.0,0.0,453.07,0.0,0.0,0.0,5.737,0,2.0,0.8250000000000001,309.915,5.641500000000001,33.72,35.58041000366211,4.98,0.0,0
46907,-1.5350000000000001,83.545,0.0,0.0,453.25100000000003,0.0,0.0,0.0,5.737,0,2.0,0.8200000000000001,309.69,0.7918000000000001,33.63,35.58041000366211,4.98,0.0,0
46907,-1.364,83.545,0.0,0.0,453.372,0.0,0.0,0.0,5.737,0,1.0,0.8150000000000001,309.825,-0.8908,34.92,35.58041000366211,4.98,0.0,0
46907,-2.0460000000000003,83.545,0.0,0.0,453.13,0.0,0.0,0.0,5.737,0,2.0,0.845,309.69,-4.7507,35.82,35.58041000366211,4.98,0.0,0
46907,-1.705,83.545,0.0,0.0,453.13,0.0,0.0,0.0,5.737,0,1.0,0.85,309.915,2.7383,36.39,35.58041000366211,4.98,0.0,0
46907,-1.705,83.545,0.0,0.0,453.31100000000004,0.0,0.0,0.0,5.737,0,1.0,0.795,309.915,1.5836000000000001,36.18,35.58041000366211,4.98,0.0,0
46907,-1.5350000000000001,83.545,0.0,0.0,453.19100000000003,0.0,0.0,0.0,5.737,0,2.0,0.8200000000000001,309.69,-0.5279,35.52,35.58041000366211,4.98,0.0,0
46907,-1.705,83.545,0.0,0.0,453.615,0.0,0.0,0.0,5.737,0,2.0,0.8200000000000001,309.825,-2.1114,35.61,35.58041000366211,4.98,0.0,0
46907,-1.8760000000000001,83.545,0.0,0.0,453.55400000000003,0.0,0.0,0.0,5.737,0,1.0,0.8150000000000001,309.915,-0.7918000000000001,35.43,35.58041000366211,4.98,0.0,0
46907,-1.5350000000000001,83.545,0.0,0.0,453.25100000000003,0.0,0.0,0.0,5.737,0,2.0,0.84,309.915,5.4106000000000005,35.31,35.58041000366211,4.98,0.0,0
46907,-1.5350000000000001,83.545,0.0,0.0,453.432,0.0,0.0,0.0,5.737,0,1.0,0.8300000000000001,309.825,-2.3754,35.64,35.58041000366211,4.98,0.0,0
46907,-1.8760000000000001,83.545,0.0,0.0,453.31100000000004,0.0,0.0,0.0,5.737,0,2.0,0.8200000000000001,309.69,-5.806500000000001,34.800000000000004,35.58041000366211,4.98,0.0,0
46907,-1.5350000000000001,83.545,0.0,0.0,453.372,0.0,0.0,0.0,5.737,0,2.0,0.8250000000000001,309.915,-1.5836000000000001,34.11,35.58041000366211,4.98,0.0,0
46907,-1.364,83.545,0.0,0.0,453.55400000000003,0.0,0.0,0.0,5.737,0,2.0,0.8300000000000001,309.825,2.9032,33.78,35.58041000366211,4.98,0.0,0
46907,-1.705,83.545,0.0,0.0,453.55400000000003,0.0,0.0,0.0,5.737,0,2.0,0.81,309.915,4.5858,33.24,35.58041000366211,4.98,0.0,0
46907,-1.5350000000000001,83.545,0.0,0.0,453.372,0.0,0.0,0.0,5.737,0,2.0,0.835,309.825,-2.6393,34.71,35.58041000366211,4.98,0.0,0
46907,-1.705,83.545,0.0,0.0,453.25100000000003,0.0,0.0,0.0,5.737,0,1.0,0.8200000000000001,309.915,-1.1217000000000001,35.07,35.58041000366211,4.98,0.0,0
46907,-1.705,83.545,0.0,0.0,453.494,0.0,0.0,0.0,5.737,0,2.0,0.8300000000000001,309.69,-3.8270000000000004,35.64,35.58041000366211,4.98,0.0,0
46907,-1.194,83.545,0.0,0.0,453.31100000000004,0.0,0.0,0.0,5.737,0,2.0,0.8200000000000001,309.69,-1.7485000000000002,36.33,35.58041000366211,4.98,0.0,0
46907,-1.5350000000000001,83.545,0.0,0.0,452.88800000000003,0.0,0.0,0.0,5.737,0,2.0,0.8250000000000001,309.825,-2.1114,36.27,35.58041000366211,4.98,0.0,0
46907,-1.5350000000000001,83.545,0.0,0.0,453.07,0.0,0.0,0.0,5.737,0,1.0,0.8200000000000001,309.825,0.6928000000000001,36.27,35.58041000366211,4.98,0.0,0
46907,-1.364,83.545,0.0,0.0,453.494,0.0,0.0,0.0,5.737,0,1.0,0.8,309.915,5.938400000000001,35.910000000000004,35.58041000366211,4.98,0.0,0
46907,-1.705,83.545,0.0,0.0,453.372,0.0,0.0,0.0,5.737,0,2.0,0.865,309.915,-0.8578,35.25,35.58041000366211,4.98,0.0,0
46907,-1.5350000000000001,83.545,0.0,0.0,453.432,0.0,0.0,0.0,5.737,0,1.0,0.8,309.825,-3.6950000000000003,34.38,35.58041000366211,4.98,0.0,0
46907,-1.364,83.545,0.0,0.0,453.432,0.0,0.0,0.0,5.737,0,2.0,0.85,309.825,2.7053000000000003,34.02,35.58041000366211,4.98,0.0,0
46907,-1.705,83.545,0.0,0.0,453.736,0.0,0.0,0.0,5.737,0,1.0,0.835,309.825,0.132,33.87,35.58041000366211,4.98,0.0,0
46907,-1.705,83.545,0.0,0.0,453.736,0.0,0.0,0.0,5.737,0,1.0,0.8250000000000001,309.825,0.47840000000000005,33.99,35.58041000366211,4.98,0.0,0
46907,-1.5350000000000001,83.545,0.0,0.0,453.372,0.0,0.0,0.0,5.737,0,1.0,0.835,309.825,-2.9032,34.26,35.58041000366211,4.98,0.0,0
46907,-1.5350000000000001,83.545,0.0,0.0,453.372,0.0,0.0,0.0,5.737,0,2.0,0.785,309.825,1.7155,34.32,35.58041000366211,4.98,0.0,0
46907,-1.705,83.545,0.0,0.0,453.19100000000003,0.0,0.0,0.0,5.737,0,2.0,0.79,309.825,0.39590000000000003,35.1,35.58041000366211,4.98,0.0,0
46907,-1.5350000000000001,83.545,0.0,0.0,453.372,0.0,0.0,0.0,5.737,0,1.0,0.78,309.915,-2.1939,35.49,35.58041000366211,4.98,0.0,0
46907,-1.705,83.545,0.0,0.0,453.31100000000004,0.0,0.0,0.0,5.737,0,1.0,0.8,309.825,2.0620000000000003,36.69,35.58041000366211,4.98,0.0,0
46907,-1.705,83.545,0.0,0.0,453.372,0.0,0.0,0.0,5.737,0,1.0,0.8150000000000001,309.825,4.8167,36.75,35.58041000366211,4.98,0.0,0
46907,-1.705,83.545,0.0,0.0,453.25100000000003,0.0,0.0,0.0,5.737,0,1.0,0.81,309.69,-4.792,36.21,35.58041000366211,4.98,0.0,0
46907,-1.364,83.545,0.0,0.0,453.13,0.0,0.0,0.0,5.737,0,1.0,0.835,309.915,-1.1382,35.97,35.58041000366211,4.98,0.0,0
46907,-1.5350000000000001,83.545,0.0,0.0,453.432,0.0,0.0,0.0,5.737,0,2.0,0.81,309.915,4.6848,35.4,35.58041000366211,4.98,0.0,0
46907,-1.5350000000000001,83.545,0.0,0.0,453.55400000000003,0.0,0.0,0.0,5.737,0,1.0,0.8200000000000001,309.825,3.3404000000000003,34.74,35.58041000366211,4.98,0.0,0
46907,-1.5350000000000001,83.545,0.0,0.0,453.31100000000004,0.0,0.0,0.0,5.737,0,2.0,0.79,309.915,-2.2434000000000003,34.59,35.58041000366211,4.98,0.0,0
46907,-1.705,83.545,0.0,0.0,453.675,0.0,0.0,0.0,5.737,0,2.0,0.8250000000000001,309.825,-3.0847,34.32,35.58041000366211,4.98,0.0,0
46907,-1.364,83.545,0.0,0.0,453.55400000000003,0.0,0.0,0.0,5.737,0,1.0,0.8250000000000001,309.69,-4.0497000000000005,34.38,35.58041000366211,4.98,0.0,0
46907,-1.364,83.545,0.0,0.0,453.13,0.0,0.0,0.0,5.737,0,2.0,0.84,309.825,-3.8765,33.99,35.58041000366211,4.98,0.0,0
46907,-1.5350000000000001,83.545,0.0,0.0,453.494,0.0,0.0,0.0,5.737,0,1.0,0.8300000000000001,309.915,2.4661,34.410000000000004,35.58041000366211,4.98,0.0,0
46907,-1.5350000000000001,83.545,0.0,0.0,453.55400000000003,0.0,0.0,0.0,5.737,0,2.0,0.845,309.825,2.7465,34.68,35.58041000366211,4.98,0.0,0
46907,-1.194,83.545,0.0,0.0,453.19100000000003,0.0,0.0,0.0,5.737,0,1.0,0.795,309.825,-2.0702000000000003,34.86,35.58041000366211,4.98,0.0,0
46907,-1.5350000000000001,83.545,0.0,0.0,453.31100000000004,0.0,0.0,0.0,5.737,0,2.0,0.805,309.825,0.0825,35.31,35.58041000366211,4.98,0.0,0
46907,-1.5350000000000001,83.545,0.0,0.0,453.13,0.0,0.0,0.0,5.737,0,1.0,0.8150000000000001,309.915,5.0641,35.550000000000004,35.58041000366211,4.98,0.0,0
46907,-1.5350000000000001,83.545,0.0,0.0,453.31100000000004,0.0,0.0,0.0,5.737,0,2.0,0.795,309.69,-0.899,35.76,35.58041000366211,4.98,0.0,0
46907,-1.705,83.545,0.0,0.0,453.31100000000004,0.0,0.0,0.0,5.737,0,2.0,0.8300000000000001,309.825,-3.7445000000000004,35.85,35.58041000366211,4.98,0.0,0
46907,-1.5350000000000001,83.545,0.0,0.0,453.13,0.0,0.0,0.0,5.737,0,2.0,0.805,309.915,-1.7155,35.64,35.58041000366211,4.98,0.0,0
46907,-1.705,83.545,0.0,0.0,453.19100000000003,0.0,0.0,0.0,5.737,0,2.0,0.8150000000000001,309.69,0.6186,35.04,35.58041000366211,4.98,0.0,0
46907,-1.364,83.545,0.0,0.0,453.55400000000003,0.0,0.0,0.0,5.737,0,1.0,0.8150000000000001,309.825,-0.2639,34.5,35.58041000366211,4.98,0.0,0
46907,-1.5350000000000001,83.545,0.0,0.0,453.55400000000003,0.0,0.0,0.0,5.737,0,1.0,0.8200000000000001,309.825,-0.0907,33.72,35.58041000366211,4.98,0.0,0
46907,-1.705,83.545,0.0,0.0,453.736,0.0,0.0,0.0,5.737,0,1.0,0.795,309.69,-2.6393,32.910000000000004,35.58041000366211,4.98,0.0,0
46907,-1.5350000000000001,83.545,0.0,0.0,453.432,0.0,0.0,0.0,5.737,0,1.0,0.8,309.825,-4.1569,32.76,35.58041000366211,4.98,0.0,0
46907,-1.5350000000000001,83.545,0.0,0.0,453.25100000000003,0.0,0.0,0.0,5.737,0,2.0,0.79,309.825,-3.563,32.76,35.58041000366211,4.98,0.0,0
46907,-1.5350000000000001,83.545,0.0,0.0,453.07,0.0,0.0,0.0,5.737,0,2.0,0.8,309.69,-1.4846000000000001,33.12,35.58041000366211,4.98,0.0,0
46907,-1.5350000000000001,83.545,0.0,0.0,453.432,0.0,0.0,0.0,5.737,0,2.0,0.805,309.69,1.7155,34.14,35.58041000366211,4.98,0.0,0
46907,-1.5350000000000001,83.545,0.0,0.0,453.31100000000004,0.0,0.0,0.0,5.737,0,2.0,0.8200000000000001,309.825,2.6393,35.07,35.58041000366211,4.98,0.0,0
46907,-1.5350000000000001,83.545,0.0,0.0,453.19100000000003,0.0,0.0,0.0,5.737,0,1.0,0.79,309.915,4.2229,35.94,35.58041000366211,4.98,0.0,0
46907,-1.5350000000000001,83.545,0.0,0.0,453.13,0.0,0.0,0.0,5.737,0,1.0,0.8150000000000001,309.825,1.4846000000000001,35.46,35.58041000366211,4.98,0.0,0
46907,-1.5350000000000001,83.545,0.0,0.0,453.19100000000003,0.0,0.0,0.0,5.737,0,1.0,0.8150000000000001,309.69,-3.8270000000000004,35.04,35.58041000366211,4.98,0.0,0
46907,-1.705,83.545,0.0,0.0,453.19100000000003,0.0,0.0,0.0,5.737,0,1.0,0.805,309.825,-3.3651,34.800000000000004,35.58041000366211,4.98,0.0,0
46907,-1.364,83.545,0.0,0.0,453.432,0.0,0.0,0.0,5.737,0,1.0,0.795,309.825,-0.7918000000000001,34.11,35.58041000366211,4.98,0.0,0
46907,-1.5350000000000001,83.545,0.0,0.0,453.372,0.0,0.0,0.0,5.737,0,1.0,0.81,309.915,2.4743,34.38,35.58041000366211,4.98,0.0,0
46907,-1.5350000000000001,83.545,0.0,0.0,453.55400000000003,0.0,0.0,0.0,5.737,0,1.0,0.8250000000000001,309.915,5.938400000000001,34.230000000000004,35.58041000366211,4.98,0.0,0
46907,-1.5350000000000001,83.545,0.0,0.0,453.736,0.0,0.0,0.0,5.737,0,2.0,0.8250000000000001,309.825,1.0557,33.69,35.58041000366211,4.98,0.0,0
46907,-1.5350000000000001,83.545,0.0,0.0,453.796,0.0,0.0,0.0,5.737,0,2.0,0.81,309.825,-4.2229,33.12,35.58041000366211,4.98,0.0,0
46907,-1.5350000000000001,83.545,0.0,0.0,453.432,0.0,0.0,0.0,5.737,0,2.0,0.81,309.825,-0.9897,33.15,35.58041000366211,4.98,0.0,0
46907,-1.5350000000000001,83.545,0.0,0.0,453.372,0.0,0.0,0.0,5.737,0,2.0,0.795,309.915,2.1114,33.480000000000004,35.58041000366211,4.98,0.0,0
46907,-1.5350000000000001,83.545,0.0,0.0,453.372,0.0,0.0,0.0,5.737,0,1.0,0.795,309.69,-2.0125,34.56,35.58041000366211,4.98,0.0,0
46907,-1.5350000000000001,83.545,0.0,0.0,453.615,0.0,0.0,0.0,5.737,0,1.0,0.8250000000000001,309.825,-1.3196,34.74,35.58041000366211,4.98,0.0,0
46907,-1.5350000000000001,83.545,0.0,0.0,453.736,0.0,0.0,0.0,5.737,0,2.0,0.81,309.915,3.1672000000000002,35.550000000000004,35.58041000366211,4.98,0.0,0
46907,-1.5350000000000001,83.545,0.0,0.0,453.615,0.0,0.0,0.0,5.737,0,1.0,0.8,309.69,0.5279,35.730000000000004,35.58041000366211,4.98,0.0,0
46907,-1.5350000000000001,83.545,0.0,0.0,453.55400000000003,0.0,0.0,0.0,5.737,0,1.0,0.805,309.825,-1.3196,34.800000000000004,35.58041000366211,4.98,0.0,0
46907,-1.364,83.545,0.0,0.0,453.372,0.0,0.0,0.0,5.737,0,2.0,0.8250000000000001,309.825,-0.39590000000000003,34.56,35.58041000366211,4.98,0.0,0
46907,-1.5350000000000001,83.545,0.0,0.0,453.07,0.0,0.0,0.0,5.737,0,2.0,0.8150000000000001,309.825,1.4846000000000001,34.230000000000004,35.58041000366211,4.98,0.0,0
46907,-1.5350000000000001,83.545,0.0,0.0,453.19100000000003,0.0,0.0,0.0,5.737,0,1.0,0.8150000000000001,309.825,-0.2639,34.38,35.58041000366211,4.98,0.0,0
46907,-1.705,83.545,0.0,0.0,453.494,0.0,0.0,0.0,5.737,0,1.0,0.8200000000000001,309.825,-3.1672000000000002,34.29,35.58041000366211,4.98,0.0,0
46907,-1.5350000000000001,83.545,0.0,0.0,453.736,0.0,0.0,0.0,5.737,0,2.0,0.8150000000000001,309.915,2.2434000000000003,33.87,35.58041000366211,4.98,0.0,0
46907,-1.5350000000000001,83.545,0.0,0.0,453.736,0.0,0.0,0.0,5.737,0,2.0,0.8150000000000001,309.825,2.3094,33.87,35.58041000366211,4.98,0.0,0
46907,-1.5350000000000001,83.545,0.0,0.0,453.372,0.0,0.0,0.0,5.737,0,1.0,0.81,309.825,2.9692000000000003,33.57,35.58041000366211,4.98,0.0,0
46907,-1.705,83.545,0.0,0.0,453.55400000000003,0.0,0.0,0.0,5.737,0,1.0,0.8,309.69,-1.6908,32.55,35.58041000366211,4.98,0.0,0
46907,-1.705,83.545,0.0,0.0,453.432,0.0,0.0,0.0,5.737,0,2.0,0.805,309.69,-2.5981,32.7,35.58041000366211,4.98,0.0,0
46907,-1.5350000000000001,83.545,0.0,0.0,453.372,0.0,0.0,0.0,5.737,0,1.0,0.785,309.825,0.9238000000000001,32.82,35.58041000366211,4.98,0.0,0
46907,-1.5350000000000001,83.545,0.0,0.0,453.07,0.0,0.0,0.0,5.737,0,2.0,0.805,309.915,5.1301000000000005,34.44,35.58041000366211,4.98,0.0,0
46907,-1.5350000000000001,83.545,0.0,0.0,453.07,0.0,0.0,0.0,5.737,0,1.0,0.805,309.915,2.0042,36.24,35.58041000366211,4.98,0.0,0
46907,-1.5350000000000001,83.545,0.0,0.0,453.19100000000003,0.0,0.0,0.0,5.737,0,2.0,0.8150000000000001,309.825,0.5279,36.15,35.58041000366211,4.98,0.0,0
46907,-1.5350000000000001,83.545,0.0,0.0,453.07,0.0,0.0,0.0,5.737,0,1.0,0.8250000000000001,309.915,-3.761,35.61,35.58041000366211,4.98,0.0,0
46907,-1.5350000000000001,83.545,0.0,0.0,453.009,0.0,0.0,0.0,5.737,0,2.0,0.8250000000000001,309.825,-2.5733,35.07,35.58041000366211,4.98,0.0,0
46907,-1.8760000000000001,83.545,0.0,0.0,453.19100000000003,0.0,0.0,0.0,5.737,0,2.0,0.8250000000000001,309.825,2.1774,34.05,35.58041000366211,4.98,0.0,0
46907,-1.5350000000000001,83.545,0.0,0.0,453.19100000000003,0.0,0.0,0.0,5.737,0,1.0,0.805,309.825,-1.0805,33.660000000000004,35.58041000366211,4.98,0.0,0
46907,-1.5350000000000001,83.545,0.0,0.0,453.07,0.0,0.0,0.0,5.737,0,2.0,0.8300000000000001,309.915,-0.9402,33.87,35.58041000366211,4.98,0.0,0
46907,-1.5350000000000001,83.545,0.0,0.0,453.07,0.0,0.0,0.0,5.737,0,2.0,0.8150000000000001,309.915,-0.5938,34.02,35.58041000366211,4.98,0.0,0
46907,-1.5350000000000001,83.545,0.0,0.0,452.88800000000003,0.0,0.0,0.0,5.737,0,2.0,0.785,309.915,2.6393,34.62,35.58041000366211,4.98,0.0,0
46907,-1.364,83.545,0.0,0.0,452.707,0.0,0.0,0.0,5.737,0,1.0,0.8,309.825,0.0,34.86,35.58041000366211,4.98,0.0,0
46907,-1.194,83.545,0.0,0.0,453.07,0.0,0.0,0.0,5.737,0,2.0,0.805,309.915,-0.7918000000000001,34.56,35.58041000366211,4.98,0.0,0
46907,-1.5350000000000001,83.545,0.0,0.0,453.19100000000003,0.0,0.0,0.0,5.737,0,1.0,0.8,309.825,-0.46190000000000003,33.24,35.58041000366211,4.98,0.0,0
46907,-1.5350000000000001,83.545,0.0,0.0,453.19100000000003,0.0,0.0,0.0,5.737,0,2.0,0.79,309.825,-0.7918000000000001,32.58,35.58041000366211,4.98,0.0,0
46907,-1.5350000000000001,83.545,0.0,0.0,453.07,0.0,0.0,0.0,5.737,0,2.0,0.86,309.69,-4.0579,33.33,35.58041000366211,4.98,0.0,0
46907,-1.5350000000000001,83.545,0.0,0.0,453.19100000000003,0.0,0.0,0.0,5.737,0,2.0,0.77,309.825,-0.7918000000000001,34.35,35.58041000366211,4.98,0.0,0
46907,-1.705,83.545,0.0,0.0,453.13,0.0,0.0,0.0,5.737,0,1.0,0.785,309.825,3.1672000000000002,34.92,35.58041000366211,4.98,0.0,0
46907,-1.364,83.545,0.0,0.0,453.009,0.0,0.0,0.0,5.737,0,2.0,0.8250000000000001,309.915,4.6188,35.7,35.58041000366211,4.98,0.0,0
46907,-1.5350000000000001,83.545,0.0,0.0,453.009,0.0,0.0,0.0,5.737,0,2.0,0.8300000000000001,309.825,3.8682000000000003,35.64,35.58041000366211,4.98,0.0,0
46907,-1.5350000000000001,83.545,0.0,0.0,453.55400000000003,0.0,0.0,0.0,5.737,0,2.0,0.79,309.915,3.2826,35.4,35.58041000366211,4.98,0.0,0
46907,-1.5350000000000001,83.545,0.0,0.0,453.13,0.0,0.0,0.0,5.737,0,2.0,0.77,309.825,1.0557,35.13,35.58041000366211,4.98,0.0,0
46907,-1.8760000000000001,83.545,0.0,0.0,453.31100000000004,0.0,0.0,0.0,5.737,0,2.0,0.75,309.69,-6.8209,34.410000000000004,35.58041000366211,4.98,0.0,0
46907,-1.5350000000000001,83.545,0.0,0.0,453.19100000000003,0.0,0.0,0.0,5.737,0,1.0,0.79,309.915,-3.629,33.75,35.58041000366211,4.98,0.0,0
46907,-1.5350000000000001,83.545,0.0,0.0,453.19100000000003,0.0,0.0,0.0,5.737,0,2.0,0.8150000000000001,309.825,2.1114,33.69,35.58041000366211,4.98,0.0,0
46907,-1.364,83.545,0.0,0.0,453.07,0.0,0.0,0.0,5.737,0,1.0,0.8,309.825,2.8125,33.93,35.58041000366211,4.98,0.0,0
46907,-1.705,83.545,0.0,0.0,453.19100000000003,0.0,0.0,0.0,5.737,0,0.0,0.8300000000000001,309.825,-0.4454,33.78,35.58041000366211,4.98,0.0,0
46907,-1.194,83.545,0.0,0.0,453.13,0.0,0.0,0.0,5.737,0,2.0,0.78,309.915,2.2269,33.81,35.58041000366211,4.98,0.0,0
46907,-1.5350000000000001,83.545,0.0,0.0,453.07,0.0,0.0,0.0,5.737,0,2.0,0.805,309.69,-3.0104,33.75,35.58041000366211,4.98,0.0,0
46907,-1.5350000000000001,83.545,0.0,0.0,453.19100000000003,0.0,0.0,0.0,5.737,0,2.0,0.785,309.69,-4.66,33.87,35.58041000366211,4.98,0.0,0
46907,-1.5350000000000001,83.545,0.0,0.0,453.13,0.0,0.0,0.0,5.737,0,2.0,0.795,309.915,-0.132,34.53,35.58041000366211,4.98,0.0,0
46907,-1.5350000000000001,83.545,0.0,0.0,453.009,0.0,0.0,0.0,5.737,0,2.0,0.785,309.915,1.2784,35.04,35.58041000366211,4.98,0.0,0
46907,-1.5350000000000001,83.545,0.0,0.0,453.07,0.0,0.0,0.0,5.737,0,1.0,0.785,309.825,3.0104,35.31,35.58041000366211,4.98,0.0,0
46907,-1.705,83.545,0.0,0.0,452.949,0.0,0.0,0.0,5.737,0,2.0,0.8,309.69,1.6908,35.82,35.58041000366211,4.98,0.0,0
46907,-1.705,83.545,0.0,0.0,453.19100000000003,0.0,0.0,0.0,5.737,0,1.0,0.795,309.825,-2.0702000000000003,35.910000000000004,35.58041000366211,4.98,0.0,0
46907,-1.5350000000000001,83.545,0.0,0.0,453.009,0.0,0.0,0.0,5.737,0,2.0,0.795,309.825,-3.563,35.19,35.58041000366211,4.98,0.0,0
46907,-1.5350000000000001,83.545,0.0,0.0,453.07,0.0,0.0,0.0,5.737,0,1.0,0.775,309.825,2.2599,35.07,35.58041000366211,4.98,0.0,0
46907,-1.364,83.545,0.0,0.0,453.07,0.0,0.0,0.0,5.737,0,1.0,0.8200000000000001,309.915,4.4043,34.68,35.58041000366211,4.98,0.0,0
46907,-1.705,83.545,0.0,0.0,453.07,0.0,0.0,0.0,5.737,0,1.0,0.84,309.915,4.9487000000000005,34.53,35.58041000366211,4.98,0.0,0
46907,-1.364,83.545,0.0,0.0,453.13,0.0,0.0,0.0,5.737,0,1.0,0.8250000000000001,309.825,2.3754,34.08,35.58041000366211,4.98,0.0,0
46907,-1.5350000000000001,83.545,0.0,0.0,453.372,0.0,0.0,0.0,5.737,0,2.0,0.805,309.915,-0.5938,34.47,35.58041000366211,4.98,0.0,0
46907,-1.5350000000000001,83.545,0.0,0.0,453.25100000000003,0.0,0.0,0.0,5.737,0,2.0,0.795,309.825,-2.3754,34.410000000000004,35.58041000366211,4.98,0.0,0
46907,-1.5350000000000001,83.545,0.0,0.0,453.494,0.0,0.0,0.0,5.737,0,1.0,0.8,309.825,0.5279,34.38,35.58041000366211,4.98,0.0,0
46907,-1.8760000000000001,83.545,0.0,0.0,453.55400000000003,0.0,0.0,0.0,5.737,0,1.0,0.8,309.825,-4.0909,34.77,35.58041000366211,4.98,0.0,0
46907,-1.364,83.545,0.0,0.0,453.736,0.0,0.0,0.0,5.737,0,1.0,0.79,309.825,0.0,35.46,35.58041000366211,4.98,0.0,0
46907,-1.5350000000000001,83.545,0.0,0.0,453.55400000000003,0.0,0.0,0.0,5.737,0,2.0,0.78,309.825,0.2639,35.52,35.58041000366211,4.98,0.0,0
46907,-1.5350000000000001,83.545,0.0,0.0,453.25100000000003,0.0,0.0,0.0,5.737,0,1.0,0.795,309.825,-1.0557,36.24,35.58041000366211,4.98,0.0,0
46907,-1.364,83.545,0.0,0.0,453.25100000000003,0.0,0.0,0.0,5.737,0,2.0,0.805,309.69,-0.7918000000000001,35.97,35.58041000366211,4.98,0.0,0
46907,-1.5350000000000001,83.545,0.0,0.0,453.372,0.0,0.0,0.0,5.737,0,2.0,0.8250000000000001,309.915,0.19790000000000002,35.58,35.58041000366211,4.98,0.0,0
46907,-1.5350000000000001,83.545,0.0,0.0,453.615,0.0,0.0,0.0,5.737,0,1.0,0.79,309.69,-0.7918000000000001,35.49,35.58041000366211,4.98,0.0,0
46907,-1.5350000000000001,83.545,0.0,0.0,453.31100000000004,0.0,0.0,0.0,5.737,0,2.0,0.8250000000000001,309.825,0.165,35.13,35.58041000366211,4.98,0.0,0
46907,-1.5350000000000001,83.545,0.0,0.0,453.494,0.0,0.0,0.0,5.737,0,1.0,0.79,309.825,-0.6598,34.62,35.58041000366211,4.98,0.0,0
46907,-1.5350000000000001,83.545,0.0,0.0,453.25100000000003,0.0,0.0,0.0,5.737,0,1.0,0.775,309.915,0.8908,34.32,35.58041000366211,4.98,0.0,0
46907,-1.5350000000000001,83.545,0.0,0.0,453.19100000000003,0.0,0.0,0.0,5.737,0,2.0,0.76,309.825,1.1877,33.9,35.58041000366211,4.98,0.0,0
46907,-1.5350000000000001,83.545,0.0,0.0,453.736,0.0,0.0,0.0,5.737,0,1.0,0.79,309.915,1.5176,34.26,35.58041000366211,4.98,0.0,0
46907,-1.5350000000000001,83.545,0.0,0.0,453.55400000000003,0.0,0.0,0.0,5.737,0,1.0,0.795,309.825,-1.7155,34.47,35.58041000366211,4.98,0.0,0
46907,-1.5350000000000001,83.545,0.0,0.0,453.372,0.0,0.0,0.0,5.737,0,2.0,0.79,309.825,-0.5279,34.65,35.58041000366211,4.98,0.0,0
46907,-1.5350000000000001,83.545,0.0,0.0,453.31100000000004,0.0,0.0,0.0,5.737,0,1.0,0.785,309.825,-0.5279,35.22,35.58041000366211,4.98,0.0,0
46907,-1.5350000000000001,83.545,0.0,0.0,453.432,0.0,0.0,0.0,5.737,0,1.0,0.805,309.915,0.9897,35.910000000000004,35.58041000366211,4.98,0.0,0
46907,-1.364,83.545,0.0,0.0,453.432,0.0,0.0,0.0,5.737,0,2.0,0.81,309.915,1.3196,35.61,35.58041000366211,4.98,0.0,0
46907,-1.5350000000000001,83.545,0.0,0.0,453.432,0.0,0.0,0.0,5.737,0,2.0,0.81,309.825,0.9238000000000001,35.61,35.58041000366211,4.98,0.0,0
46907,-1.5350000000000001,83.545,0.0,0.0,453.372,0.0,0.0,0.0,5.737,0,1.0,0.8,309.915,1.1712,35.88,35.58041000366211,4.98,0.0,0
46907,-1.5350000000000001,83.545,0.0,0.0,453.372,0.0,0.0,0.0,5.737,0,1.0,0.785,309.825,-4.2724,35.46,35.58041000366211,4.98,0.0,0
46907,-1.5350000000000001,83.545,0.0,0.0,453.19100000000003,0.0,0.0,0.0,5.737,0,1.0,0.785,309.825,-3.9424,35.31,35.58041000366211,4.98,0.0,0
46907,-1.5350000000000001,83.545,0.0,0.0,453.19100000000003,0.0,0.0,0.0,5.737,0,2.0,0.795,309.825,1.4681,35.46,35.58041000366211,4.98,0.0,0
46907,-1.5350000000000001,83.545,0.0,0.0,453.55400000000003,0.0,0.0,0.0,5.737,0,1.0,0.8,309.69,0.7918000000000001,35.34,35.58041000366211,4.98,0.0,0
46907,-1.194,83.545,0.0,0.0,453.796,0.0,0.0,0.0,5.737,0,2.0,0.785,309.915,0.3134,35.04,35.58041000366211,4.98,0.0,0
46907,-1.5350000000000001,83.545,0.0,0.0,453.432,0.0,0.0,0.0,5.737,0,2.0,0.775,309.915,3.2331000000000003,34.53,35.58041000366211,4.98,0.0,0
46907,-1.364,83.545,0.0,0.0,453.372,0.0,0.0,0.0,5.737,0,2.0,0.8,309.69,-1.0557,34.14,35.58041000366211,4.98,0.0,0
46907,-1.364,83.545,0.0,0.0,453.19100000000003,0.0,0.0,0.0,5.737,0,1.0,0.805,309.915,-2.6393,34.38,35.58041000366211,4.98,0.0,0
46907,-1.364,83.545,0.0,0.0,453.31100000000004,0.0,0.0,0.0,5.737,0,1.0,0.8150000000000001,309.915,2.5073000000000003,34.02,35.58041000366211,4.98,0.0,0
46907,-1.705,83.545,0.0,0.0,453.432,0.0,0.0,0.0,5.737,0,2.0,0.8150000000000001,309.825,2.8372,34.980000000000004,35.58041000366211,4.98,0.0,0
46907,-1.705,83.545,0.0,0.0,453.432,0.0,0.0,0.0,5.737,0,2.0,0.805,309.915,-1.3196,35.64,35.58041000366211,4.98,0.0,0
46907,-1.5350000000000001,83.545,0.0,0.0,453.372,0.0,0.0,0.0,5.737,0,2.0,0.775,309.825,-0.7918000000000001,36.6,35.58041000366211,4.98,0.0,0
46907,-1.364,83.545,0.0,0.0,453.25100000000003,0.0,0.0,0.0,5.737,0,1.0,0.77,309.825,-0.39590000000000003,36.51,35.58041000366211,4.98,0.0,0
46907,-1.364,83.545,0.0,0.0,453.19100000000003,0.0,0.0,0.0,5.737,0,2.0,0.79,309.69,-2.4166000000000003,35.7,35.58041000366211,4.98,0.0,0
46907,-1.705,83.545,0.0,0.0,453.615,0.0,0.0,0.0,5.737,0,1.0,0.81,309.915,-4.7012,35.34,35.58041000366211,4.98,0.0,0
46907,-1.364,83.545,0.0,0.0,453.372,0.0,0.0,0.0,5.737,0,1.0,0.79,309.825,1.7815,35.07,35.58041000366211,4.98,0.0,0
46907,-1.364,83.545,0.0,0.0,453.372,0.0,0.0,0.0,5.737,0,2.0,0.785,309.915,5.9632000000000005,35.64,35.58041000366211,4.98,0.0,0
46907,-1.364,83.545,0.0,0.0,453.13,0.0,0.0,0.0,5.737,0,2.0,0.805,309.825,-1.2124000000000001,35.49,35.58041000366211,4.98,0.0,0
46907,-1.5350000000000001,83.545,0.0,0.0,452.82800000000003,0.0,0.0,0.0,5.737,0,2.0,0.785,309.825,0.7918000000000001,35.22,35.58041000366211,4.98,0.0,0
46907,-1.364,83.545,0.0,0.0,452.82800000000003,0.0,0.0,0.0,5.737,0,1.0,0.795,309.825,-1.8475000000000001,34.26,35.58041000366211,4.98,0.0,0
46907,-1.364,83.545,0.0,0.0,452.88800000000003,0.0,0.0,0.0,5.737,0,2.0,0.8,309.825,-1.4516,34.17,35.58041000366211,4.98,0.0,0
46907,-1.5350000000000001,83.545,0.0,0.0,453.19100000000003,0.0,0.0,0.0,5.737,0,1.0,0.8300000000000001,309.825,-2.1774,34.32,35.58041000366211,4.98,0.0,0
46907,-1.364,83.545,0.0,0.0,453.19100000000003,0.0,0.0,0.0,5.737,0,2.0,0.78,309.915,-2.2599,35.67,35.58041000366211,4.98,0.0,0
46907,-1.364,83.545,0.0,0.0,453.19100000000003,0.0,0.0,0.0,5.737,0,2.0,0.8,309.915,3.5466,36.63,35.58041000366211,4.98,0.0,0
46907,-1.5350000000000001,83.545,0.0,0.0,453.372,0.0,0.0,0.0,5.737,0,2.0,0.8250000000000001,309.825,-0.9238000000000001,36.87,35.58041000366211,4.98,0.0,0
46907,-1.364,83.545,0.0,0.0,453.55400000000003,0.0,0.0,0.0,5.737,0,1.0,0.8,309.825,-0.7505000000000001,36.39,35.58041000366211,4.98,0.0,0
46907,-1.364,83.545,0.0,0.0,453.432,0.0,0.0,0.0,5.737,0,2.0,0.79,309.915,-1.1877,35.79,35.58041000366211,4.98,0.0,0
46907,-1.5350000000000001,83.545,0.0,0.0,453.432,0.0,0.0,0.0,5.737,0,2.0,0.805,309.825,-1.4764000000000002,35.7,35.58041000366211,4.98,0.0,0
46907,-1.5350000000000001,83.545,0.0,0.0,453.07,0.0,0.0,0.0,5.737,0,2.0,0.805,309.825,1.5836000000000001,35.550000000000004,35.58041000366211,4.98,0.0,0
46907,-1.364,83.545,0.0,0.0,453.07,0.0,0.0,0.0,5.737,0,1.0,0.785,309.825,1.8475000000000001,35.61,35.58041000366211,4.98,0.0,0
46907,-1.364,83.545,0.0,0.0,453.07,0.0,0.0,0.0,5.737,0,1.0,0.79,309.825,1.4516,35.97,35.58041000366211,4.98,0.0,0
46907,-1.5350000000000001,83.545,0.0,0.0,453.19100000000003,0.0,0.0,0.0,5.737,0,1.0,0.79,309.825,-2.3754,35.25,35.58041000366211,4.98,0.0,0
46907,-1.705,83.545,0.0,0.0,453.55400000000003,0.0,0.0,0.0,5.737,0,2.0,0.81,309.825,-3.6950000000000003,34.47,35.58041000366211,4.98,0.0,0
46907,-1.364,83.545,0.0,0.0,453.25100000000003,0.0,0.0,0.0,5.737,0,2.0,0.805,309.825,3.1672000000000002,34.35,35.58041000366211,4.98,0.0,0
46907,-1.5350000000000001,83.545,0.0,0.0,453.494,0.0,0.0,0.0,5.737,0,2.0,0.835,309.825,2.2434000000000003,33.87,35.58041000366211,4.98,0.0,0
46907,-1.364,83.545,0.0,0.0,453.19100000000003,0.0,0.0,0.0,5.737,0,1.0,0.77,309.915,0.9897,34.59,35.58041000366211,4.98,0.0,0
46907,-1.364,83.545,0.0,0.0,453.19100000000003,0.0,0.0,0.0,5.737,0,0.0,0.79,309.915,2.3754,35.58,35.58041000366211,4.98,0.0,0
46907,-1.5350000000000001,83.545,0.0,0.0,453.25100000000003,0.0,0.0,0.0,5.737,0,2.0,0.745,309.69,-3.0682,35.88,35.58041000366211,4.98,0.0,0
46907,-1.194,83.545,0.0,0.0,453.009,0.0,0.0,0.0,5.737,0,1.0,0.77,309.825,-3.8270000000000004,36.6,35.58041000366211,4.98,0.0,0
46907,-1.364,83.545,0.0,0.0,453.07,0.0,0.0,0.0,5.737,0,1.0,0.745,309.825,-0.19790000000000002,36.81,35.58041000366211,4.98,0.0,0
46907,-1.5350000000000001,83.545,0.0,0.0,452.707,0.0,0.0,0.0,5.737,0,1.0,0.785,309.69,0.0,36.24,35.58041000366211,4.98,0.0,0
46907,-1.5350000000000001,83.545,0.0,0.0,452.767,0.0,0.0,0.0,5.737,0,1.0,0.795,309.69,-4.651800000000001,34.74,35.58041000366211,4.98,0.0,0
46907,-1.0230000000000001,83.545,0.0,0.0,453.432,0.0,0.0,0.0,5.737,0,1.0,0.77,309.6,-5.0147,34.77,35.58041000366211,4.98,0.0,0
46907,-1.364,83.545,0.0,0.0,453.31100000000004,0.0,0.0,0.0,5.737,0,2.0,0.755,309.825,2.5403000000000002,34.47,35.58041000366211,4.98,0.0,0
46907,-1.5350000000000001,83.545,0.0,0.0,453.07,0.0,0.0,0.0,5.737,0,1.0,0.785,309.915,6.5982,34.26,35.58041000366211,4.98,0.0,0
46907,-1.364,83.545,0.0,0.0,452.767,0.0,0.0,0.0,5.737,0,2.0,0.77,309.915,5.5755,34.2,35.58041000366211,4.98,0.0,0
46907,-1.705,83.545,0.0,0.0,452.88800000000003,0.0,0.0,0.0,5.737,0,1.0,0.775,309.915,2.1114,34.68,35.58041000366211,4.98,0.0,0
46907,-1.364,83.545,0.0,0.0,453.19100000000003,0.0,0.0,0.0,5.737,0,1.0,0.74,309.69,-1.9465000000000001,34.53,35.58041000366211,4.98,0.0,0
46907,-1.364,83.545,0.0,0.0,452.88800000000003,0.0,0.0,0.0,5.737,0,1.0,0.8150000000000001,309.825,-3.563,34.410000000000004,35.58041000366211,4.98,0.0,0
46907,-1.194,83.545,0.0,0.0,453.13,0.0,0.0,0.0,5.737,0,1.0,0.775,309.915,-0.2639,34.92,35.58041000366211,4.98,0.0,0
46907,-1.194,83.545,0.0,0.0,453.07,0.0,0.0,0.0,5.737,0,2.0,0.8200000000000001,309.825,3.563,35.31,35.58041000366211,4.98,0.0,0
46907,-1.364,83.545,0.0,0.0,452.88800000000003,0.0,0.0,0.0,5.737,0,2.0,0.76,309.825,-0.5279,35.07,35.58041000366211,4.98,0.0,0
46907,-1.364,83.545,0.0,0.0,453.07,0.0,0.0,0.0,5.737,0,1.0,0.78,309.825,-1.8475000000000001,34.83,35.58041000366211,4.98,0.0,0
46907,-1.364,83.545,0.0,0.0,453.19100000000003,0.0,0.0,0.0,5.737,0,2.0,0.735,309.825,1.0557,35.34,35.58041000366211,4.98,0.0,0
46907,-1.5350000000000001,83.545,0.0,0.0,453.19100000000003,0.0,0.0,0.0,5.737,0,1.0,0.745,309.825,0.9238000000000001,35.4,35.58041000366211,4.98,0.0,0
46907,-1.5350000000000001,83.545,0.0,0.0,453.25100000000003,0.0,0.0,0.0,5.737,0,2.0,0.785,309.825,-0.39590000000000003,35.64,35.58041000366211,4.98,0.0,0
46907,-1.5350000000000001,83.545,0.0,0.0,452.767,0.0,0.0,0.0,5.737,0,1.0,0.785,309.825,-0.2639,35.46,35.58041000366211,4.98,0.0,0
46907,-1.364,83.545,0.0,0.0,453.009,0.0,0.0,0.0,5.737,0,2.0,0.79,309.825,0.132,35.22,35.58041000366211,4.98,0.0,0
46907,-1.705,83.545,0.0,0.0,453.07,0.0,0.0,0.0,5.737,0,1.0,0.8150000000000001,309.69,-3.3404000000000003,34.68,35.58041000366211,4.98,0.0,0
46907,-1.364,83.545,0.0,0.0,452.88800000000003,0.0,0.0,0.0,5.737,0,2.0,0.805,309.825,-0.9897,34.5,35.58041000366211,4.98,0.0,0
46907,-1.364,83.545,0.0,0.0,453.19100000000003,0.0,0.0,0.0,5.737,0,2.0,0.765,309.825,0.9897,33.84,35.58041000366211,4.98,0.0,0
46907,-1.5350000000000001,83.545,0.0,0.0,453.372,0.0,0.0,0.0,5.737,0,1.0,0.765,309.825,-0.42060000000000003,33.24,35.58041000366211,4.98,0.0,0
46907,-1.364,83.545,0.0,0.0,453.009,0.0,0.0,0.0,5.737,0,1.0,0.78,309.825,-2.7713,33.57,35.58041000366211,4.98,0.0,0
46907,-1.5350000000000001,83.545,0.0,0.0,452.707,0.0,0.0,0.0,5.737,0,1.0,0.795,309.825,2.3754,34.35,35.58041000366211,4.98,0.0,0
46907,-1.364,83.545,0.0,0.0,452.88800000000003,0.0,0.0,0.0,5.737,0,2.0,0.755,309.825,2.4166000000000003,35.49,35.58041000366211,4.98,0.0,0
46907,-1.5350000000000001,83.545,0.0,0.0,453.432,0.0,0.0,0.0,5.737,0,1.0,0.805,309.825,-1.4516,36.39,35.58041000366211,4.98,0.0,0
46907,-1.364,83.545,0.0,0.0,453.736,0.0,0.0,0.0,5.737,0,2.0,0.795,309.825,0.0,36.57,35.58041000366211,4.98,0.0,0
46907,-1.5350000000000001,83.545,0.0,0.0,453.31100000000004,0.0,0.0,0.0,5.737,0,2.0,0.81,309.825,1.7155,36.12,35.58041000366211,4.98,0.0,0
46907,-1.5350000000000001,83.545,0.0,0.0,453.07,0.0,0.0,0.0,5.737,0,1.0,0.81,309.825,0.39590000000000003,35.37,35.58041000366211,4.98,0.0,0
46907,-1.364,83.545,0.0,0.0,453.372,0.0,0.0,0.0,5.737,0,1.0,0.77,309.825,0.7918000000000001,35.01,35.58041000366211,4.98,0.0,0
46907,-1.5350000000000001,83.545,0.0,0.0,453.494,0.0,0.0,0.0,5.737,0,1.0,0.79,309.69,-4.4456,35.31,35.58041000366211,4.98,0.0,0
46907,-1.364,83.545,0.0,0.0,453.432,0.0,0.0,0.0,5.737,0,1.0,0.775,309.69,-2.8785000000000003,34.71,35.58041000366211,4.98,0.0,0
46907,-1.5350000000000001,83.545,0.0,0.0,453.615,0.0,0.0,0.0,5.737,0,2.0,0.78,309.915,2.3094,34.35,35.58041000366211,4.98,0.0,0
46907,-1.364,83.545,0.0,0.0,453.19100000000003,0.0,0.0,0.0,5.737,0,1.0,0.78,309.69,2.6393,33.57,35.58041000366211,4.98,0.0,0
46907,-1.5350000000000001,83.545,0.0,0.0,453.372,0.0,0.0,0.0,5.737,0,1.0,0.81,309.825,1.9795,33.480000000000004,35.58041000366211,4.98,0.0,0
46907,-1.194,83.545,0.0,0.0,453.31100000000004,0.0,0.0,0.0,5.737,0,1.0,0.79,309.825,-0.7093,33.6,35.58041000366211,4.98,0.0,0
46907,-1.705,83.545,0.0,0.0,453.25100000000003,0.0,0.0,0.0,5.737,0,1.0,0.79,309.825,-0.7918000000000001,34.2,35.58041000366211,4.98,0.0,0
46907,-1.194,83.545,0.0,0.0,453.55400000000003,0.0,0.0,0.0,5.737,0,1.0,0.785,309.825,-0.19790000000000002,35.34,35.58041000366211,4.98,0.0,0
46907,-1.5350000000000001,83.545,0.0,0.0,453.13,0.0,0.0,0.0,5.737,0,1.0,0.785,309.915,4.6683,36.24,35.58041000366211,4.98,0.0,0
46907,-1.5350000000000001,83.545,0.0,0.0,453.07,0.0,0.0,0.0,5.737,0,1.0,0.785,309.915,5.1466,36.18,35.58041000366211,4.98,0.0,0
46907,-1.5350000000000001,83.545,0.0,0.0,453.19100000000003,0.0,0.0,0.0,5.737,0,1.0,0.735,309.825,1.5836000000000001,36.15,35.58041000366211,4.98,0.0,0
46907,-1.5350000000000001,83.545,0.0,0.0,453.432,0.0,0.0,0.0,5.737,0,1.0,0.785,309.825,-2.3754,35.94,35.58041000366211,4.98,0.0,0
46907,-1.8760000000000001,83.545,0.0,0.0,453.19100000000003,0.0,0.0,0.0,5.737,0,1.0,0.78,309.825,-2.5733,35.19,35.58041000366211,4.98,0.0,0
46907,-1.194,83.545,0.0,0.0,453.009,0.0,0.0,0.0,5.737,0,1.0,0.795,309.69,-2.7713,34.32,35.58041000366211,4.98,0.0,0
46907,-1.5350000000000001,83.545,0.0,0.0,453.31100000000004,0.0,0.0,0.0,5.737,0,2.0,0.745,309.915,1.7815,33.63,35.58041000366211,4.98,0.0,0
46907,-1.364,83.545,0.0,0.0,453.31100000000004,0.0,0.0,0.0,5.737,0,2.0,0.78,309.825,0.2639,33.87,35.58041000366211,4.98,0.0,0
46907,-1.194,83.545,0.0,0.0,453.07,0.0,0.0,0.0,5.737,0,2.0,0.78,309.915,0.8908,33.51,35.58041000366211,4.98,0.0,0
46907,-1.364,83.545,0.0,0.0,453.736,0.0,0.0,0.0,5.737,0,2.0,0.805,309.825,-1.0557,33.87,35.58041000366211,4.98,0.0,0
46907,-1.364,83.545,0.0,0.0,454.038,0.0,0.0,0.0,5.737,0,2.0,0.795,309.825,1.0557,33.51,35.58041000366211,4.98,0.0,0
46907,-1.194,83.545,0.0,0.0,453.372,0.0,0.0,0.0,5.737,0,1.0,0.795,309.915,2.2434000000000003,33.33,35.58041000366211,4.98,0.0,0
46907,-1.5350000000000001,83.545,0.0,0.0,453.07,0.0,0.0,0.0,5.737,0,2.0,0.77,309.825,-4.486800000000001,34.230000000000004,35.58041000366211,4.98,0.0,0
46907,-1.364,83.545,0.0,0.0,453.372,0.0,0.0,0.0,5.737,0,2.0,0.81,309.825,-0.7918000000000001,35.25,35.58041000366211,4.98,0.0,0
46907,-1.364,83.545,0.0,0.0,453.55400000000003,0.0,0.0,0.0,5.737,0,0.0,0.775,309.915,6.5982,35.58,35.58041000366211,4.98,0.0,0
46907,-1.364,83.545,0.0,0.0,453.25100000000003,0.0,0.0,0.0,5.737,0,1.0,0.805,310.005,4.486800000000001,35.85,35.58041000366211,4.98,0.0,0
46907,-1.5350000000000001,83.545,0.0,0.0,452.949,0.0,0.0,0.0,5.737,0,2.0,0.77,309.915,-2.7053000000000003,35.76,35.58041000366211,4.98,0.0,0
46907,-1.194,83.545,0.0,0.0,453.07,0.0,0.0,0.0,5.737,0,1.0,0.775,309.825,-2.2434000000000003,35.730000000000004,35.58041000366211,4.98,0.0,0
46907,-1.5350000000000001,83.545,0.0,0.0,453.07,0.0,0.0,0.0,5.737,0,1.0,0.77,309.825,1.4516,35.04,35.58041000366211,4.98,0.0,0
46907,-1.194,83.545,0.0,0.0,453.55400000000003,0.0,0.0,0.0,5.737,0,1.0,0.8,309.825,-3.563,34.65,35.58041000366211,4.98,0.0,0
46907,-1.5350000000000001,83.545,0.0,0.0,453.55400000000003,0.0,0.0,0.0,5.737,0,1.0,0.795,309.825,-3.0847,34.62,35.58041000366211,4.98,0.0,0
46907,-1.194,83.545,0.0,0.0,453.372,0.0,0.0,0.0,5.737,0,1.0,0.78,309.915,-1.732,35.25,35.58041000366211,4.98,0.0,0
46907,-1.5350000000000001,83.545,-0.5,0.0,452.767,0.0,0.0,0.0,5.737,0,1.0,0.785,309.825,2.6393,34.56,35.58041000366211,4.98,0.0,0
46907,-1.705,83.545,0.0,0.0,453.07,0.0,0.0,0.0,5.737,0,2.0,0.78,309.825,4.024900000000001,33.75,35.58041000366211,4.98,0.0,0
46907,-1.5350000000000001,83.545,0.0,0.0,453.372,0.0,0.0,0.0,5.737,0,1.0,0.795,309.825,0.0165,33.33,35.58041000366211,4.98,0.0,0
46907,-1.5350000000000001,83.545,0.0,0.0,453.615,0.0,0.0,0.0,5.737,0,1.0,0.78,309.69,-4.66,33.57,35.58041000366211,4.98,0.0,0
46907,-1.364,83.545,0.0,0.0,453.372,0.0,0.0,0.0,5.737,0,1.0,0.78,309.915,-1.9300000000000002,34.410000000000004,35.58041000366211,4.98,0.0,0
46907,-1.364,83.545,0.0,0.0,453.25100000000003,0.0,0.0,0.0,5.737,0,2.0,0.775,309.825,3.3651,36.18,35.58041000366211,4.98,0.0,0
46907,-1.5350000000000001,83.545,0.5,0.0,453.25100000000003,0.0,0.0,0.0,5.737,0,2.0,0.76,309.915,0.6186,36.93,35.58041000366211,4.98,0.0,0
46907,-1.5350000000000001,83.545,0.0,0.0,453.25100000000003,0.0,0.0,0.0,5.737,0,1.0,0.77,309.915,-0.34640000000000004,36.51,35.58041000366211,4.98,0.0,0
46907,-1.705,83.545,0.0,0.0,453.372,0.0,0.0,0.0,5.737,0,1.0,0.78,309.825,3.629,35.97,35.58041000366211,4.98,0.0,0
46907,-1.5350000000000001,83.545,0.0,0.0,453.432,0.0,0.0,0.0,5.737,0,1.0,0.775,309.825,-4.6848,35.37,35.58041000366211,4.98,0.0,0
46907,-1.5350000000000001,83.545,0.0,0.0,453.19100000000003,0.0,0.0,0.0,5.737,0,1.0,0.755,309.825,-1.897,35.160000000000004,35.58041000366211,4.98,0.0,0
46907,-1.364,83.545,0.0,0.0,453.25100000000003,0.0,0.0,0.0,5.737,0,0.0,0.76,309.69,0.9485,35.28,35.58041000366211,4.98,0.0,0
46907,-1.364,83.545,0.0,0.0,453.25100000000003,0.0,0.0,0.0,5.737,0,1.0,0.77,309.825,-2.3094,35.85,35.58041000366211,4.98,0.0,0
46907,-1.5350000000000001,83.545,0.0,0.0,453.372,0.0,0.0,0.0,5.737,0,1.0,0.785,309.915,1.2372,35.910000000000004,35.58041000366211,4.98,0.0,0
46907,-1.364,83.545,0.0,0.0,453.494,0.0,0.0,0.0,5.737,0,1.0,0.78,309.69,2.0455,34.74,35.58041000366211,4.98,0.0,0
46907,-1.364,83.545,0.0,0.0,453.55400000000003,0.0,0.0,0.0,5.737,0,2.0,0.795,309.825,-2.0455,34.08,35.58041000366211,4.98,0.0,0
46907,-1.5350000000000001,83.545,0.0,0.0,453.372,0.0,0.0,0.0,5.737,0,1.0,0.78,309.825,-0.8413,33.39,35.58041000366211,4.98,0.0,0
46907,-1.5350000000000001,83.545,0.0,0.0,453.494,0.0,0.0,0.0,5.737,0,1.0,0.78,309.825,0.39590000000000003,33.87,35.58041000366211,4.98,0.0,0
46907,-1.194,83.545,0.0,0.0,453.25100000000003,0.0,0.0,0.0,5.737,0,2.0,0.765,309.915,2.029,34.53,35.58041000366211,4.98,0.0,0
46907,-1.5350000000000001,83.545,0.0,0.0,453.19100000000003,0.0,0.0,0.0,5.737,0,2.0,0.77,309.69,0.9485,36.18,35.58041000366211,4.98,0.0,0
46907,-1.364,83.545,0.0,0.0,453.25100000000003,0.0,0.0,0.0,5.737,0,2.0,0.775,309.69,-3.0764,37.230000000000004,35.58041000366211,4.98,0.0,0
46907,-1.5350000000000001,83.545,0.0,0.0,453.494,0.0,0.0,0.0,5.737,0,2.0,0.77,309.825,-4.8002,37.230000000000004,35.58041000366211,4.98,0.0,0
46907,-1.364,83.545,0.0,0.0,453.31100000000004,0.0,0.0,0.0,5.737,0,1.0,0.805,309.825,5.4518,36.57,35.58041000366211,4.98,0.0,0
46907,-1.364,83.545,0.0,0.0,453.13,0.0,0.0,0.0,5.737,0,0.0,0.775,309.69,3.9177000000000004,35.67,35.58041000366211,4.98,0.0,0
46907,-1.194,83.545,0.0,0.0,453.372,0.0,0.0,0.0,5.737,0,1.0,0.78,309.825,-1.5176,35.19,35.58041000366211,4.98,0.0,0
46907,-1.194,83.545,0.0,0.0,453.55400000000003,0.0,0.0,0.0,5.737,0,1.0,0.79,309.915,1.1217000000000001,35.46,35.58041000366211,4.98,0.0,0
46907,-1.5350000000000001,83.545,0.5,0.0,453.372,0.0,0.0,0.0,5.737,0,2.0,0.76,309.825,-0.6846,35.160000000000004,35.58041000366211,4.98,0.0,0
46907,-1.5350000000000001,83.545,0.0,0.0,453.13,0.0,0.0,0.0,5.737,0,2.0,0.795,309.69,-3.9177000000000004,34.95,35.58041000366211,4.98,0.0,0
46907,-1.5350000000000001,83.545,0.0,0.0,452.88800000000003,0.0,0.0,0.0,5.737,0,1.0,0.79,309.825,-1.0392000000000001,34.08,35.58041000366211,4.98,0.0,0
46907,-1.705,83.545,-0.5,0.0,452.767,0.0,0.0,0.0,5.737,0,1.0,0.78,309.825,1.7568000000000001,33.660000000000004,35.58041000366211,4.98,0.0,0
46907,-1.364,83.545,0.0,0.0,453.13,0.0,0.0,0.0,5.737,0,1.0,0.78,309.825,2.1527000000000003,33.81,35.58041000366211,4.98,0.0,0
46907,-1.364,83.545,0.0,0.0,453.19100000000003,0.0,0.0,0.0,5.737,0,1.0,0.795,309.825,0.0,33.84,35.58041000366211,4.98,0.0,0
46907,-1.364,83.545,0.0,0.0,453.07,0.0,0.0,0.0,5.737,0,1.0,0.8,309.825,0.0,33.87,35.58041000366211,4.98,0.0,0
46907,-1.194,83.545,0.0,0.0,453.009,0.0,0.0,0.0,5.737,0,2.0,0.765,309.825,0.0,35.4,35.58041000366211,4.98,0.0,0
46907,-1.5350000000000001,83.545,0.0,0.0,453.13,0.0,0.0,0.0,5.737,0,2.0,0.77,309.915,3.1672000000000002,37.08,35.58041000366211,4.98,0.0,0
46907,-1.5350000000000001,83.545,0.0,0.0,453.13,0.0,0.0,0.0,5.737,0,1.0,0.77,309.825,0.5279,37.38,35.58041000366211,4.98,0.0,0
46907,-1.364,83.545,0.0,0.0,453.13,0.0,0.0,0.0,5.737,0,1.0,0.765,309.825,-1.4516,36.75,35.58041000366211,4.98,0.0,0
46907,-1.194,83.545,0.0,0.0,453.19100000000003,0.0,0.0,0.0,5.737,0,2.0,0.78,309.825,1.3856000000000002,34.95,35.58041000366211,4.98,0.0,0
46907,-1.364,83.545,0.0,0.0,453.07,0.0,0.0,0.0,5.737,0,1.0,0.795,309.69,-1.7155,34.5,35.58041000366211,4.98,0.0,0
46907,-1.5350000000000001,83.545,0.0,0.0,453.432,0.0,0.0,0.0,5.737,0,2.0,0.785,309.825,-6.334300000000001,34.53,35.58041000366211,4.98,0.0,0
46907,-1.5350000000000001,83.545,0.0,0.0,453.25100000000003,0.0,0.0,0.0,5.737,0,2.0,0.79,309.915,-0.2639,34.800000000000004,35.58041000366211,4.98,0.0,0
46907,-1.364,83.545,0.0,0.0,453.07,0.0,0.0,0.0,5.737,0,1.0,0.77,309.825,3.596,34.74,35.58041000366211,4.98,0.0,0
46907,-1.364,83.545,0.0,0.0,452.949,0.0,0.0,0.0,5.737,0,2.0,0.765,309.825,2.1114,34.26,35.58041000366211,4.98,0.0,0
46907,-1.5350000000000001,83.545,0.0,0.0,452.82800000000003,0.0,0.0,0.0,5.737,0,0.0,0.78,309.915,1.5836000000000001,34.17,35.58041000366211,4.98,0.0,0
46907,-1.194,83.545,0.0,0.0,453.19100000000003,0.0,0.0,0.0,5.737,0,1.0,0.79,309.69,-1.9795,34.29,35.58041000366211,4.98,0.0,0
46907,-1.364,83.545,-0.5,0.0,453.07,0.0,0.0,0.0,5.737,0,2.0,0.79,309.915,-1.6496000000000002,34.62,35.58041000366211,4.98,0.0,0
46907,-1.5350000000000001,83.545,0.0,0.0,452.767,0.0,0.0,0.0,5.737,0,1.0,0.79,309.825,-1.8475000000000001,35.58,35.58041000366211,4.98,0.0,0
46907,-1.364,83.545,-0.5,0.0,452.88800000000003,0.0,0.0,0.0,5.737,0,0.0,0.79,309.69,-0.5279,36.480000000000004,35.58041000366211,4.98,0.0,0
46907,-1.5350000000000001,83.545,0.0,0.0,452.88800000000003,0.0,0.0,0.0,5.737,0,1.0,0.79,309.825,-3.0352,36.6,35.58041000366211,4.98,0.0,0
46907,-1.5350000000000001,83.545,0.0,0.0,453.07,0.0,0.0,0.0,5.737,0,2.0,0.795,309.825,0.7918000000000001,36.39,35.58041000366211,4.98,0.0,0
46907,-1.194,83.545,0.0,0.0,453.07,0.0,0.0,0.0,5.737,0,1.0,0.785,309.69,-1.9795,35.79,35.58041000366211,4.98,0.0,0
46907,-1.364,83.545,0.5,0.0,453.07,0.0,0.0,0.0,5.737,0,1.0,0.78,309.915,-1.6908,35.61,35.58041000366211,4.98,0.0,0
46907,-1.5350000000000001,83.545,0.0,0.0,453.25100000000003,0.0,0.0,0.0,5.737,0,2.0,0.775,309.825,0.5279,35.34,35.58041000366211,4.98,0.0,0
46907,-1.5350000000000001,83.545,0.0,0.0,453.13,0.0,0.0,0.0,5.737,0,1.0,0.775,309.69,-0.17320000000000002,34.65,35.58041000366211,4.98,0.0,0
46907,-1.5350000000000001,83.545,0.5,0.0,452.949,0.0,0.0,0.0,5.737,0,1.0,0.79,309.825,-2.928,34.44,35.58041000366211,4.98,0.0,0
46907,-1.364,83.545,0.5,0.0,452.767,0.0,0.0,0.0,5.737,0,1.0,0.785,309.825,1.9795,33.99,35.58041000366211,4.98,0.0,0
46907,-1.5350000000000001,83.545,-0.5,0.0,452.88800000000003,0.0,0.0,0.0,5.737,0,2.0,0.805,309.825,3.3404000000000003,34.26,35.58041000366211,4.98,0.0,0
46907,-1.364,83.545,0.0,0.0,453.07,0.0,0.0,0.0,5.737,0,1.0,0.795,309.825,0.0,34.29,35.58041000366211,4.98,0.0,0
46907,-1.5350000000000001,83.545,0.0,0.0,452.82800000000003,0.0,0.0,0.0,5.737,0,1.0,0.76,309.69,-2.1527000000000003,34.410000000000004,35.58041000366211,4.98,0.0,0
46907,-1.5350000000000001,83.545,0.5,0.0,453.19100000000003,0.0,0.0,0.0,5.737,0,2.0,0.775,309.825,-2.7713,35.01,35.58041000366211,4.98,0.0,0
46907,-1.5350000000000001,83.545,0.0,0.0,453.372,0.0,0.0,0.0,5.737,0,2.0,0.775,309.825,1.1877,35.730000000000004,35.58041000366211,4.98,0.0,0
46907,-1.194,83.545,-0.5,0.0,453.372,0.0,0.0,0.0,5.737,0,2.0,0.765,309.825,1.5836000000000001,35.82,35.58041000366211,4.98,0.0,0
46907,-1.5350000000000001,83.545,0.0,0.0,453.07,0.0,0.0,0.0,5.737,0,2.0,0.785,309.69,0.0,36.09,35.58041000366211,4.98,0.0,0
46907,-1.364,83.545,0.0,0.0,452.707,0.0,0.0,0.0,5.737,0,1.0,0.74,309.69,-6.334300000000001,36.63,35.58041000366211,4.98,0.0,0
46907,-1.194,83.545,0.0,0.0,452.646,0.0,0.0,0.0,5.737,0,2.0,0.785,309.915,3.629,36.300000000000004,35.58041000366211,4.98,0.0,0
46907,-1.364,83.545,0.0,0.0,452.767,0.0,0.0,0.0,5.737,0,1.0,0.78,309.825,6.4663,36.15,35.58041000366211,4.98,0.0,0
46907,-1.364,83.545,0.0,0.0,453.07,0.0,0.0,0.0,5.737,0,2.0,0.785,309.825,-0.6268,35.160000000000004,35.58041000366211,4.98,0.0,0
46907,-1.5350000000000001,83.545,0.0,0.0,453.07,0.0,0.0,0.0,5.737,0,1.0,0.79,309.915,0.0,34.77,35.58041000366211,4.98,0.0,0
46907,-1.194,83.545,-0.5,0.0,453.07,0.0,0.0,0.0,5.737,0,1.0,0.74,309.69,-0.9567,34.47,35.58041000366211,4.98,0.0,0
46907,-1.5350000000000001,83.545,0.0,0.0,453.13,0.0,0.0,0.0,5.737,0,1.0,0.77,309.825,-3.9589000000000003,34.410000000000004,35.58041000366211,4.98,0.0,0
46907,-1.364,83.545,0.0,0.0,453.25100000000003,0.0,0.0,0.0,5.737,0,1.0,0.775,309.825,-2.5733,33.93,35.58041000366211,4.98,0.0,0
46907,-1.5350000000000001,83.545,0.0,0.0,453.07,0.0,0.0,0.0,5.737,0,1.0,0.795,309.825,4.3548,33.81,35.58041000366211,4.98,0.0,0
46907,-1.364,83.545,0.5,0.0,453.07,0.0,0.0,0.0,5.737,0,1.0,0.745,309.825,0.0,33.6,35.58041000366211,4.98,0.0,0
46907,-1.364,83.545,0.0,0.0,453.07,0.0,0.0,0.0,5.737,0,2.0,0.785,309.825,-1.5836000000000001,35.1,35.58041000366211,4.98,0.0,0
46907,-1.364,83.545,0.0,0.0,452.88800000000003,0.0,0.0,0.0,5.737,0,1.0,0.775,309.69,-0.6928000000000001,35.82,35.58041000366211,4.98,0.0,0
46907,-1.0230000000000001,83.545,0.0,0.0,452.88800000000003,0.0,0.0,0.0,5.737,0,2.0,0.79,309.825,-0.7918000000000001,35.52,35.58041000366211,4.98,0.0,0
46907,-1.5350000000000001,83.545,0.0,0.0,452.88800000000003,0.0,0.0,0.0,5.737,0,1.0,0.765,309.825,4.7507,34.89,35.58041000366211,4.98,0.0,0
46907,-1.364,83.545,-0.5,0.0,453.009,0.0,0.0,0.0,5.737,0,1.0,0.79,309.69,2.2434000000000003,35.13,35.58041000366211,4.98,0.0,0
46907,-1.5350000000000001,83.545,-0.5,0.0,453.07,0.0,0.0,0.0,5.737,0,2.0,0.775,309.915,0.7258,34.77,35.58041000366211,4.98,0.0,0
46907,-1.194,83.545,0.5,0.0,452.707,0.0,0.0,0.0,5.737,0,1.0,0.76,309.825,2.2434000000000003,35.49,35.58041000366211,4.98,0.0,0
46907,-1.5350000000000001,83.545,0.5,0.0,452.82800000000003,0.0,0.0,0.0,5.737,0,1.0,0.785,309.915,1.9465000000000001,34.62,35.58041000366211,4.98,0.0,0
46907,-1.194,83.545,0.0,0.0,453.13,0.0,0.0,0.0,5.737,0,2.0,0.755,309.825,-1.3196,34.59,35.58041000366211,4.98,0.0,0
46907,-1.5350000000000001,83.545,0.0,0.0,453.13,0.0,0.0,0.0,5.737,0,1.0,0.8,309.915,0.46190000000000003,33.87,35.58041000366211,4.98,0.0,0
46907,-1.5350000000000001,83.545,0.0,0.0,452.88800000000003,0.0,0.0,0.0,5.737,0,1.0,0.78,309.825,-0.7918000000000001,33.09,35.58041000366211,4.98,0.0,0
46907,-1.0230000000000001,83.545,0.0,0.0,452.82800000000003,0.0,0.0,0.0,5.737,0,1.0,0.765,309.69,-1.4846000000000001,32.52,35.58041000366211,4.98,0.0,0
46907,-1.194,83.545,-0.5,0.0,453.07,0.0,0.0,0.0,5.737,0,1.0,0.75,309.825,-2.7713,33.0,35.58041000366211,4.98,0.0,0
46907,-1.5350000000000001,83.545,0.0,0.0,453.07,0.0,0.0,0.0,5.737,0,2.0,0.745,309.825,-0.2639,34.74,35.58041000366211,4.98,0.0,0
46907,-1.5350000000000001,83.545,0.0,0.0,452.88800000000003,0.0,0.0,0.0,5.737,0,1.0,0.795,309.915,4.6188,35.31,35.58041000366211,4.98,0.0,0
46907,-1.364,83.545,0.0,0.0,452.646,0.0,0.0,0.0,5.737,0,0.0,0.805,309.825,0.5279,35.94,35.58041000366211,4.98,0.0,0
46907,-1.194,83.545,-0.5,0.0,453.009,0.0,0.0,0.0,5.737,0,0.0,0.785,309.69,-3.563,35.07,35.58041000366211,4.98,0.0,0
46907,-1.194,83.545,-0.5,0.0,453.07,0.0,0.0,0.0,5.737,0,2.0,0.775,309.915,-4.7507,34.62,35.58041000366211,4.98,0.0,0
46907,-1.0230000000000001,83.545,0.0,0.0,452.88800000000003,0.0,0.0,0.0,5.737,0,1.0,0.75,309.825,3.2991,34.47,35.58041000366211,4.98,0.0,0
46907,-1.5350000000000001,83.545,0.0,0.0,452.88800000000003,0.0,0.0,0.0,5.737,0,1.0,0.79,309.69,2.862,34.53,35.58041000366211,4.98,0.0,0
46907,-1.5350000000000001,83.545,-0.5,0.0,452.88800000000003,0.0,0.0,0.0,5.737,0,0.0,0.765,309.825,2.9445,34.74,35.58041000366211,4.98,0.0,0
46907,-1.0230000000000001,83.545,0.0,0.0,453.009,0.0,0.0,0.0,5.737,0,2.0,0.755,309.915,-4.3548,34.800000000000004,35.58041000366211,4.98,0.0,0
46907,-1.364,83.545,-0.5,0.0,453.25100000000003,0.0,0.0,0.0,5.737,0,2.0,0.755,309.825,0.7258,34.35,35.58041000366211,4.98,0.0,0
46907,-1.194,83.545,0.0,0.0,453.07,0.0,0.0,0.0,5.737,0,1.0,0.75,309.915,4.2064,34.05,35.58041000366211,4.98,0.0,0
46907,-1.364,83.545,0.5,0.0,453.07,0.0,0.0,0.0,5.737,0,1.0,0.78,309.915,3.4558,33.480000000000004,35.58041000366211,4.98,0.0,0
46907,-1.5350000000000001,83.545,0.5,0.0,453.19100000000003,0.0,0.0,0.0,5.737,0,0.0,0.8,309.825,-2.1774,32.76,35.58041000366211,4.98,0.0,0
46907,-1.364,83.545,0.5,0.0,453.19100000000003,0.0,0.0,0.0,5.737,0,1.0,0.795,309.825,-0.8413,33.15,35.58041000366211,4.98,0.0,0
46907,-1.364,83.545,0.0,0.0,453.25100000000003,0.0,0.0,0.0,5.737,0,2.0,0.75,309.825,-0.0495,34.17,35.58041000366211,4.98,0.0,0
46907,-1.364,83.545,0.0,0.0,453.009,0.0,0.0,0.0,5.737,0,1.0,0.795,309.825,-0.2474,35.64,35.58041000366211,4.98,0.0,0
46907,-1.0230000000000001,83.545,0.0,0.0,452.949,0.0,0.0,0.0,5.737,0,2.0,0.76,309.915,-1.1382,36.06,35.58041000366211,4.98,0.0,0
46907,-1.0230000000000001,83.545,0.0,0.0,452.949,0.0,0.0,0.0,5.737,0,3.0,0.735,309.825,-0.066,35.97,35.58041000366211,4.98,0.0,0
46907,-1.5350000000000001,83.545,0.5,0.0,453.19100000000003,0.0,0.0,0.0,5.737,0,1.0,0.735,309.825,0.0,34.89,35.58041000366211,4.98,0.0,0
46907,-1.0230000000000001,83.545,0.0,0.0,452.949,0.0,0.0,0.0,5.737,0,1.0,0.765,309.825,-3.6950000000000003,34.05,35.58041000366211,4.98,0.0,0
46907,-1.705,83.545,0.5,0.0,453.19100000000003,0.0,0.0,0.0,5.737,0,1.0,0.765,309.825,1.9795,34.56,35.58041000366211,4.98,0.0,0
46907,-1.364,83.545,0.0,0.0,453.31100000000004,0.0,0.0,0.0,5.737,0,1.0,0.785,309.825,1.7815,34.74,35.58041000366211,4.98,0.0,0
46907,-1.5350000000000001,83.545,0.0,0.0,453.31100000000004,0.0,0.0,0.0,5.737,0,0.0,0.77,309.915,2.2269,34.62,35.58041000366211,4.98,0.0,0
46907,-1.0230000000000001,83.545,-0.5,0.0,453.25100000000003,0.0,0.0,0.0,5.737,0,2.0,0.795,309.825,-0.8578,33.96,35.58041000366211,4.98,0.0,0
46907,-1.364,83.545,0.5,0.0,453.07,0.0,0.0,0.0,5.737,0,1.0,0.745,309.915,-1.0062,33.0,35.58041000366211,4.98,0.0,0
46907,-1.5350000000000001,83.545,-0.5,0.0,453.07,0.0,0.0,0.0,5.737,0,2.0,0.785,309.825,0.47840000000000005,32.64,35.58041000366211,4.98,0.0,0
46907,-1.194,83.545,0.0,0.0,453.25100000000003,0.0,0.0,0.0,5.737,0,1.0,0.805,309.825,-2.1774,32.730000000000004,35.58041000366211,4.98,0.0,0
46907,-1.364,83.545,0.0,0.0,453.25100000000003,0.0,0.0,0.0,5.737,0,1.0,0.77,309.69,-2.2187,33.12,35.58041000366211,4.98,0.0,0
46907,-1.5350000000000001,83.545,0.0,0.0,452.949,0.0,0.0,0.0,5.737,0,2.0,0.77,309.69,-1.2289,33.99,35.58041000366211,4.98,0.0,0
46907,-0.853,83.545,0.0,0.0,452.646,0.0,0.0,0.0,5.737,0,1.0,0.78,309.915,0.0495,35.13,35.58041000366211,4.98,0.0,0
46907,-1.194,83.545,0.5,0.0,452.88800000000003,0.0,0.0,0.0,5.737,0,0.0,0.805,309.825,3.8022,35.550000000000004,35.58041000366211,4.98,0.0,0
46907,-1.364,83.545,0.0,0.0,453.13,0.0,0.0,0.0,5.737,0,1.0,0.755,309.69,-0.0412,35.64,35.58041000366211,4.98,0.0,0
46907,-1.364,83.545,0.0,0.0,452.88800000000003,0.0,0.0,0.0,5.737,0,1.0,0.765,309.825,-0.2474,34.980000000000004,35.58041000366211,4.98,0.0,0
46907,-1.5350000000000001,83.545,0.0,0.0,452.88800000000003,0.0,0.0,0.0,5.737,0,1.0,0.755,309.825,0.9897,34.77,35.58041000366211,4.98,0.0,0
46907,-0.853,83.545,0.5,0.0,453.07,0.0,0.0,0.0,5.737,0,1.0,0.75,309.825,3.8682000000000003,34.11,35.58041000366211,4.98,0.0,0
46907,-1.364,83.545,0.0,0.0,453.372,0.0,0.0,0.0,5.737,0,1.0,0.76,309.915,-0.34640000000000004,34.14,35.58041000366211,4.98,0.0,0
46907,-1.194,83.545,0.0,0.0,452.949,0.0,0.0,0.0,5.737,0,1.0,0.755,309.825,-0.46190000000000003,34.2,35.58041000366211,4.98,0.0,0
46907,-1.5350000000000001,83.545,0.0,0.0,452.949,0.0,0.0,0.0,5.737,0,2.0,0.755,309.825,-0.5279,34.2,35.58041000366211,4.98,0.0,0
46907,-1.194,83.545,0.0,0.0,453.19100000000003,0.0,0.0,0.0,5.737,0,1.0,0.72,309.915,3.0352,33.75,35.58041000366211,4.98,0.0,0
46907,-1.0230000000000001,83.545,0.5,0.0,453.25100000000003,0.0,0.0,0.0,5.737,0,0.0,0.765,309.825,-2.0455,32.97,35.58041000366211,4.98,0.0,0
46907,-1.5350000000000001,83.545,0.0,0.0,452.767,0.0,0.0,0.0,5.737,0,1.0,0.785,309.69,-3.1672000000000002,32.64,35.58041000366211,4.98,0.0,0
46907,-1.194,83.545,0.0,0.0,452.88800000000003,0.0,0.0,0.0,5.737,0,1.0,0.765,309.69,-0.8908,33.6,35.58041000366211,4.98,0.0,0
46907,-1.364,83.545,0.0,0.0,453.19100000000003,0.0,0.0,0.0,5.737,0,1.0,0.765,309.915,2.5073000000000003,34.08,35.58041000366211,4.98,0.0,0
46907,-1.5350000000000001,83.545,0.0,0.0,453.13,0.0,0.0,0.0,5.737,0,1.0,0.76,309.825,5.7075000000000005,34.71,35.58041000366211,4.98,0.0,0
46907,-1.364,83.545,0.0,0.0,453.19100000000003,0.0,0.0,0.0,5.737,0,2.0,0.765,309.825,2.2434000000000003,35.19,35.58041000366211,4.98,0.0,0
46907,-1.194,83.545,0.5,0.0,452.88800000000003,0.0,0.0,0.0,5.737,0,0.0,0.755,309.825,-2.0455,35.4,35.58041000366211,4.98,0.0,0
46907,-1.364,83.545,0.0,0.0,452.88800000000003,0.0,0.0,0.0,5.737,0,2.0,0.775,309.825,0.0,35.58,35.58041000366211,4.98,0.0,0
46907,-1.364,83.545,-0.5,0.0,453.07,0.0,0.0,0.0,5.737,0,0.0,0.775,309.825,-2.3754,35.37,35.58041000366211,4.98,0.0,0
46907,-1.364,83.545,0.5,0.0,452.949,0.0,0.0,0.0,5.737,0,0.0,0.775,309.825,-0.39590000000000003,34.5,35.58041000366211,4.98,0.0,0
46907,-1.194,83.545,0.5,0.0,453.25100000000003,0.0,0.0,0.0,5.737,0,2.0,0.77,309.825,3.1672000000000002,33.81,35.58041000366211,4.98,0.0,0
46907,-1.364,83.545,0.5,0.0,453.13,0.0,0.0,0.0,5.737,0,2.0,0.755,309.825,1.5836000000000001,33.6,35.58041000366211,4.98,0.0,0
46907,-1.0230000000000001,83.545,0.0,0.0,453.07,0.0,0.0,0.0,5.737,0,1.0,0.745,309.825,-3.4311000000000003,33.51,35.58041000366211,4.98,0.0,0
46907,-1.0230000000000001,83.545,0.0,0.0,453.13,0.0,0.0,0.0,5.737,0,2.0,0.76,309.825,-1.7155,33.72,35.58041000366211,4.98,0.0,0
46907,-1.364,83.545,0.0,0.0,453.07,0.0,0.0,0.0,5.737,0,2.0,0.775,309.825,1.5836000000000001,33.36,35.58041000366211,4.98,0.0,0
46907,-1.364,83.545,0.0,0.0,453.432,0.0,0.0,0.0,5.737,0,1.0,0.76,309.69,-2.7713,34.02,35.58041000366211,4.98,0.0,0
46907,-1.364,83.545,0.0,0.0,453.13,0.0,0.0,0.0,5.737,0,0.0,0.78,309.915,0.19790000000000002,35.01,35.58041000366211,4.98,0.0,0
46907,-1.5350000000000001,83.545,-0.5,0.0,453.13,0.0,0.0,0.0,5.737,0,1.0,0.77,309.915,0.8413,35.07,35.58041000366211,4.98,0.0,0
46907,-1.0230000000000001,83.545,0.0,0.0,452.949,0.0,0.0,0.0,5.737,0,1.0,0.77,309.69,1.2784,35.67,35.58041000366211,4.98,0.0,0
46907,-1.364,83.545,0.5,0.0,452.82800000000003,0.0,0.0,0.0,5.737,0,1.0,0.775,309.915,1.6083,36.0,35.58041000366211,4.98,0.0,0
46907,-1.194,83.545,0.0,0.0,453.31100000000004,0.0,0.0,0.0,5.737,0,2.0,0.77,309.825,-1.4351,35.97,35.58041000366211,4.98,0.0,0
46907,-1.364,83.545,0.5,0.0,453.25100000000003,0.0,0.0,0.0,5.737,0,2.0,0.75,309.825,0.0,35.58,35.58041000366211,4.98,0.0,0
46907,-1.5350000000000001,83.545,0.0,0.0,453.19100000000003,0.0,0.0,0.0,5.737,0,1.0,0.75,309.825,-0.3134,36.03,35.58041000366211,4.98,0.0,0
46907,-1.194,83.545,0.0,0.0,453.25100000000003,0.0,0.0,0.0,5.737,0,0.0,0.77,309.825,2.0867,35.22,35.58041000366211,4.98,0.0,0
46907,-1.364,83.545,0.5,0.0,453.372,0.0,0.0,0.0,5.737,0,1.0,0.755,309.915,-0.8083,34.77,35.58041000366211,4.98,0.0,0
46907,-1.364,83.545,0.0,0.0,453.19100000000003,0.0,0.0,0.0,5.737,0,1.0,0.745,309.825,1.1877,34.68,35.58041000366211,4.98,0.0,0
46907,-1.0230000000000001,83.545,-0.5,0.0,453.19100000000003,0.0,0.0,0.0,5.737,0,3.0,0.755,309.69,1.8723,34.230000000000004,35.58041000366211,4.98,0.0,0
46907,-1.364,83.545,0.0,0.0,453.009,0.0,0.0,0.0,5.737,0,1.0,0.785,309.825,-4.024900000000001,34.32,35.58041000366211,4.98,0.0,0
46907,-1.194,83.545,0.0,0.0,453.13,0.0,0.0,0.0,5.737,0,0.0,0.78,309.825,-1.7815,34.5,35.58041000366211,4.98,0.0,0
46907,-1.364,83.545,0.5,0.0,453.25100000000003,0.0,0.0,0.0,5.737,0,2.0,0.775,309.69,-2.2681,34.65,35.58041000366211,4.98,0.0,0
46907,-1.364,83.545,0.0,0.0,453.07,0.0,0.0,0.0,5.737,0,1.0,0.775,309.825,-1.1877,35.1,35.58041000366211,4.98,0.0,0
46907,-1.364,83.545,0.0,0.0,453.372,0.0,0.0,0.0,5.737,0,0.0,0.755,309.825,2.7713,35.1,35.58041000366211,4.98,0.0,0
46907,-1.194,83.545,0.0,0.0,453.19100000000003,0.0,0.0,0.0,5.737,0,2.0,0.77,309.69,1.3196,35.37,35.58041000366211,4.98,0.0,0
46907,-1.5350000000000001,83.545,-0.5,0.0,453.31100000000004,0.0,0.0,0.0,5.737,0,2.0,0.76,309.825,-0.7918000000000001,35.7,35.58041000366211,4.98,0.0,0
46907,-1.194,83.545,0.0,0.0,453.009,0.0,0.0,0.0,5.737,0,1.0,0.74,309.915,2.3589,35.58,35.58041000366211,4.98,0.0,0
46907,-1.364,83.545,0.0,0.0,453.19100000000003,0.0,0.0,0.0,5.737,0,2.0,0.78,309.825,4.4373000000000005,35.31,35.58041000366211,4.98,0.0,0
46907,-0.853,83.545,0.0,0.0,453.25100000000003,0.0,0.0,0.0,5.737,0,1.0,0.835,309.69,-1.0310000000000001,34.83,35.58041000366211,4.98,0.0,0
46907,-1.364,83.545,0.0,0.0,452.88800000000003,0.0,0.0,0.0,5.737,0,1.0,0.8200000000000001,309.915,-2.8537000000000003,35.64,35.58041000366211,4.98,0.0,0
46907,-1.0230000000000001,83.545,-0.5,0.0,453.07,0.0,0.0,0.0,5.737,0,2.0,0.715,309.825,-0.132,35.910000000000004,35.58041000366211,4.98,0.0,0
46907,-1.5350000000000001,83.545,0.0,0.0,453.372,0.0,0.0,0.0,5.737,0,2.0,0.775,309.915,2.6228000000000002,34.800000000000004,35.58041000366211,4.98,0.0,0
46907,-1.364,83.545,0.0,0.0,453.494,0.0,0.0,0.0,5.737,0,0.0,0.75,309.825,-0.9073,33.81,35.58041000366211,4.98,0.0,0
46907,-1.364,83.545,0.0,0.0,453.31100000000004,0.0,0.0,0.0,5.737,0,1.0,0.75,309.825,0.7011000000000001,32.25,35.58041000366211,4.98,0.0,0
46907,-1.194,83.545,-0.5,0.0,453.25100000000003,0.0,0.0,0.0,5.737,0,1.0,0.75,309.825,-0.18150000000000002,33.18,35.58041000366211,4.98,0.0,0
46907,-1.194,83.545,0.0,0.0,453.19100000000003,0.0,0.0,0.0,5.737,0,1.0,0.755,309.825,0.9402,34.410000000000004,35.58041000366211,4.98,0.0,0
46907,-1.364,83.545,-0.5,0.0,453.31100000000004,0.0,0.0,0.0,5.737,0,2.0,0.755,309.6,-3.7198,35.7,35.58041000366211,4.98,0.0,0
46907,-1.364,83.545,0.0,0.0,453.19100000000003,0.0,0.0,0.0,5.737,0,2.0,0.75,309.825,-2.6393,36.72,35.58041000366211,4.98,0.0,0
46907,-1.5350000000000001,83.545,0.0,0.0,453.07,0.0,0.0,0.0,5.737,0,1.0,0.785,309.915,4.7342,36.42,35.58041000366211,4.98,0.0,0
46907,-1.5350000000000001,83.545,0.0,0.0,453.009,0.0,0.0,0.0,5.737,0,0.0,0.745,309.825,5.1879,35.550000000000004,35.58041000366211,4.98,0.0,0
46907,-1.364,83.545,0.0,0.0,452.88800000000003,0.0,0.0,0.0,5.737,0,1.0,0.75,309.69,-2.0867,35.52,35.58041000366211,4.98,0.0,0
46907,-1.364,83.545,-0.5,0.0,453.009,0.0,0.0,0.0,5.737,0,2.0,0.765,309.825,-2.1609000000000003,35.550000000000004,35.58041000366211,4.98,0.0,0
46907,-1.5350000000000001,83.545,0.0,0.0,453.13,0.0,0.0,0.0,5.737,0,1.0,0.775,309.825,2.4413,35.7,35.58041000366211,4.98,0.0,0
46907,-1.194,83.545,0.5,0.0,453.13,0.0,0.0,0.0,5.737,0,2.0,0.775,309.825,2.3754,35.61,35.58041000366211,4.98,0.0,0
46907,-1.5350000000000001,83.545,0.0,0.0,453.19100000000003,0.0,0.0,0.0,5.737,0,2.0,0.775,309.825,1.7155,35.1,35.58041000366211,4.98,0.0,0
46907,-1.0230000000000001,83.545,0.0,0.0,452.88800000000003,0.0,0.0,0.0,5.737,0,0.0,0.775,309.825,-2.6393,34.77,35.58041000366211,4.98,0.0,0
46907,-1.5350000000000001,83.545,0.0,0.0,452.949,0.0,0.0,0.0,5.737,0,2.0,0.77,309.825,1.7155,34.2,35.58041000366211,4.98,0.0,0
46907,-1.364,83.545,0.0,0.0,453.19100000000003,0.0,0.0,0.0,5.737,0,1.0,0.75,309.825,3.4311000000000003,33.03,35.58041000366211,4.98,0.0,0
46907,-1.5350000000000001,83.545,-0.5,0.0,453.07,0.0,0.0,0.0,5.737,0,1.0,0.775,309.825,-1.5836000000000001,33.12,35.58041000366211,4.98,0.0,0
46907,-1.194,83.545,0.0,0.0,453.13,0.0,0.0,0.0,5.737,0,3.0,0.77,309.825,0.0,34.77,35.58041000366211,4.98,0.0,0
46907,-1.194,83.545,0.0,0.0,453.25100000000003,0.0,0.0,0.0,5.737,0,2.0,0.765,309.69,-4.486800000000001,35.97,35.58041000366211,4.98,0.0,0
46907,-1.364,83.545,0.5,0.0,453.07,0.0,0.0,0.0,5.737,0,1.0,0.74,309.825,-0.7918000000000001,37.35,35.58041000366211,4.98,0.0,0
46907,-1.194,83.545,0.5,0.0,452.88800000000003,0.0,0.0,0.0,5.737,0,2.0,0.765,309.915,2.7713,37.32,35.58041000366211,4.98,0.0,0
46907,-1.364,83.545,-0.5,0.0,453.07,0.0,0.0,0.0,5.737,0,1.0,0.77,309.825,0.4289,36.36,35.58041000366211,4.98,0.0,0
46907,-1.0230000000000001,83.545,0.0,0.0,453.31100000000004,0.0,0.0,0.0,5.737,0,2.0,0.765,309.825,1.1877,35.31,35.58041000366211,4.98,0.0,0
46907,-1.5350000000000001,83.545,0.0,0.0,453.07,0.0,0.0,0.0,5.737,0,2.0,0.765,309.825,-0.9897,35.43,35.58041000366211,4.98,0.0,0
46907,-1.0230000000000001,83.545,0.0,0.0,453.07,0.0,0.0,0.0,5.737,0,1.0,0.755,309.825,0.0,35.07,35.58041000366211,4.98,0.0,0
46907,-0.853,83.545,0.0,0.0,452.949,0.0,0.0,0.0,5.737,0,1.0,0.745,309.69,-3.8600000000000003,35.4,35.58041000366211,4.98,0.0,0
46907,-1.194,83.545,0.0,0.0,452.88800000000003,0.0,0.0,0.0,5.737,0,3.0,0.775,309.69,-4.3548,35.49,35.58041000366211,4.98,0.0,0
46907,-1.194,83.545,-0.5,0.0,452.646,0.0,0.0,0.0,5.737,0,1.0,0.775,309.825,-0.7918000000000001,34.95,35.58041000366211,4.98,0.0,0
46907,-1.364,83.545,0.0,0.0,452.88800000000003,0.0,0.0,0.0,5.737,0,1.0,0.785,309.825,3.563,33.480000000000004,35.58041000366211,4.98,0.0,0
46907,-1.194,83.545,0.0,0.0,452.707,0.0,0.0,0.0,5.737,0,1.0,0.79,309.825,3.0682,33.480000000000004,35.58041000366211,4.98,0.0,0
46907,-1.0230000000000001,83.545,0.0,0.0,452.88800000000003,0.0,0.0,0.0,5.737,0,1.0,0.795,309.69,-2.7713,34.800000000000004,35.58041000366211,4.98,0.0,0
46907,-1.364,83.545,0.5,0.0,452.707,0.0,0.0,0.0,5.737,0,1.0,0.765,309.825,0.7918000000000001,35.88,35.58041000366211,4.98,0.0,0
46907,-1.194,83.545,-0.5,0.0,452.88800000000003,0.0,0.0,0.0,5.737,0,2.0,0.78,309.825,-0.5279,36.42,35.58041000366211,4.98,0.0,0
46907,-1.0230000000000001,83.545,0.0,0.0,452.88800000000003,0.0,0.0,0.0,5.737,0,1.0,0.745,309.69,0.5279,36.57,35.58041000366211,4.98,0.0,0
46907,-1.194,83.545,0.0,0.0,452.707,0.0,0.0,0.0,5.737,0,1.0,0.77,309.69,-0.39590000000000003,36.63,35.58041000366211,4.98,0.0,0
46907,-1.194,83.545,0.0,0.0,452.82800000000003,0.0,0.0,0.0,5.737,0,3.0,0.76,309.915,-1.6496000000000002,36.0,35.58041000366211,4.98,0.0,0
46907,-1.5350000000000001,83.545,0.0,0.0,452.88800000000003,0.0,0.0,0.0,5.737,0,1.0,0.76,309.825,1.8475000000000001,35.49,35.58041000366211,4.98,0.0,0
46907,-1.194,83.545,0.5,0.0,452.707,0.0,0.0,0.0,5.737,0,1.0,0.765,309.825,3.3321,35.43,35.58041000366211,4.98,0.0,0
46907,-1.0230000000000001,83.545,0.0,0.0,452.707,0.0,0.0,0.0,5.737,0,3.0,0.745,309.825,0.132,35.550000000000004,35.58041000366211,4.98,0.0,0
46907,-1.5350000000000001,83.545,-0.5,0.0,452.646,0.0,0.0,0.0,5.737,0,1.0,0.735,309.825,1.5836000000000001,34.980000000000004,35.58041000366211,4.98,0.0,0
46907,-1.194,83.545,0.5,0.0,452.707,0.0,0.0,0.0,5.737,0,1.0,0.78,309.69,-2.5073000000000003,34.47,35.58041000366211,4.98,0.0,0
46907,-1.194,83.545,0.0,0.0,452.707,0.0,0.0,0.0,5.737,0,2.0,0.76,309.825,-0.2639,34.11,35.58041000366211,4.98,0.0,0
46907,-1.364,83.545,0.0,0.0,452.707,0.0,0.0,0.0,5.737,0,2.0,0.78,309.825,-0.3299,34.02,35.58041000366211,4.98,0.0,0
46907,-0.853,83.545,-0.5,0.0,452.646,0.0,0.0,0.0,5.737,0,1.0,0.775,309.915,2.029,33.27,35.58041000366211,4.98,0.0,0
46907,-1.194,83.545,0.0,0.0,452.707,0.0,0.0,0.0,5.737,0,1.0,0.765,309.69,-1.6496000000000002,34.05,35.58041000366211,4.98,0.0,0
46907,-1.5350000000000001,83.545,0.0,0.0,452.707,0.0,0.0,0.0,5.737,0,2.0,0.775,309.825,-1.3856000000000002,35.19,35.58041000366211,4.98,0.0,0
46907,-1.364,83.545,-0.5,0.0,452.707,0.0,0.0,0.0,5.737,0,1.0,0.765,309.825,-0.7258,36.27,35.58041000366211,4.98,0.0,0
46907,-0.853,83.545,-0.5,0.0,453.07,0.0,0.0,0.0,5.737,0,2.0,0.775,309.825,3.3404000000000003,36.69,35.58041000366211,4.98,0.0,0
46907,-1.5350000000000001,83.545,0.5,0.0,453.25100000000003,0.0,0.0,0.0,5.737,0,1.0,0.77,309.69,-4.4621,36.51,35.58041000366211,4.98,0.0,0
46907,-1.0230000000000001,83.545,0.0,0.0,453.615,0.0,0.0,0.0,5.737,0,1.0,0.765,309.825,0.2639,36.09,35.58041000366211,4.98,0.0,0
46907,-1.364,83.545,0.0,0.0,453.19100000000003,0.0,0.0,0.0,5.737,0,1.0,0.755,309.825,4.486800000000001,36.03,35.58041000366211,4.98,0.0,0
46907,-1.194,83.545,0.5,0.0,452.82800000000003,0.0,0.0,0.0,5.737,0,0.0,0.765,309.825,-0.0907,35.49,35.58041000366211,4.98,0.0,0
46907,-1.0230000000000001,83.545,0.5,0.0,452.52500000000003,0.0,0.0,0.0,5.737,0,1.0,0.75,309.915,-0.2639,34.56,35.58041000366211,4.98,0.0,0
46907,-1.194,83.545,0.0,0.0,452.82800000000003,0.0,0.0,0.0,5.737,0,0.0,0.77,309.825,0.6598,33.9,35.58041000366211,4.98,0.0,0
46907,-0.853,83.545,0.0,0.0,452.767,0.0,0.0,0.0,5.737,0,2.0,0.75,309.825,0.7918000000000001,33.27,35.58041000366211,4.98,0.0,0
46907,-1.0230000000000001,83.545,0.0,0.0,452.88800000000003,0.0,0.0,0.0,5.737,0,1.0,0.755,309.915,-0.8578,33.51,35.58041000366211,4.98,0.0,0
46907,-1.194,83.545,0.5,0.0,453.07,0.0,0.0,0.0,5.737,0,0.0,0.78,309.825,0.3299,33.57,35.58041000366211,4.98,0.0,0
46907,-1.364,83.545,0.0,0.0,452.88800000000003,0.0,0.0,0.0,5.737,0,1.0,0.765,309.825,0.7918000000000001,34.26,35.58041000366211,4.98,0.0,0
46907,-1.0230000000000001,83.545,0.5,0.0,452.82800000000003,0.0,0.0,0.0,5.737,0,1.0,0.78,309.825,-1.6331,34.95,35.58041000366211,4.98,0.0,0
46907,-1.0230000000000001,83.545,0.5,0.0,452.88800000000003,0.0,0.0,0.0,5.737,0,2.0,0.76,309.915,-0.0165,35.49,35.58041000366211,4.98,0.0,0
46907,-1.194,83.545,0.0,0.0,452.949,0.0,0.0,0.0,5.737,0,1.0,0.755,309.825,0.6103000000000001,36.300000000000004,35.58041000366211,4.98,0.0,0
46907,-1.364,83.545,0.0,0.0,452.707,0.0,0.0,0.0,5.737,0,1.0,0.77,309.915,3.4806000000000004,36.81,35.58041000366211,4.98,0.0,0
46907,-1.194,83.545,-0.5,0.0,452.52500000000003,0.0,0.0,0.0,5.737,0,1.0,0.77,309.915,0.5114000000000001,36.42,35.58041000366211,4.98,0.0,0
46907,-1.364,83.545,0.0,0.0,452.46500000000003,0.0,0.0,0.0,5.737,0,1.0,0.775,309.825,1.7155,35.79,35.58041000366211,4.98,0.0,0
46907,-1.0230000000000001,83.545,0.0,0.0,452.767,0.0,0.0,0.0,5.737,0,2.0,0.775,309.915,-0.6763,34.59,35.58041000366211,4.98,0.0,0
46907,-1.194,83.545,0.0,0.0,452.82800000000003,0.0,0.0,0.0,5.737,0,0.0,0.76,309.69,-3.9177000000000004,34.05,35.58041000366211,4.98,0.0,0
46907,-1.364,83.545,0.0,0.0,452.82800000000003,0.0,0.0,0.0,5.737,0,2.0,0.77,309.825,-4.7342,34.17,35.58041000366211,4.98,0.0,0
46907,-1.364,83.545,-0.5,0.0,452.88800000000003,0.0,0.0,0.0,5.737,0,0.0,0.77,309.825,-3.9589000000000003,34.17,35.58041000366211,4.98,0.0,0
46907,-1.364,83.545,-0.5,0.0,452.767,0.0,0.0,0.0,5.737,0,1.0,0.76,309.825,1.3856000000000002,34.800000000000004,35.58041000366211,4.98,0.0,0
46907,-1.364,83.545,-0.5,0.0,452.707,0.0,0.0,0.0,5.737,0,2.0,0.785,309.825,5.0147,34.08,35.58041000366211,4.98,0.0,0
46907,-1.194,83.545,0.5,0.0,452.707,0.0,0.0,0.0,5.737,0,1.0,0.78,309.915,-1.6496000000000002,34.2,35.58041000366211,4.98,0.0,0
46907,-1.364,83.545,-0.5,0.0,452.88800000000003,0.0,0.0,0.0,5.737,0,2.0,0.75,309.915,4.3548,34.68,35.58041000366211,4.98,0.0,0
46907,-1.364,83.545,-0.5,0.0,452.52500000000003,0.0,0.0,0.0,5.737,0,3.0,0.76,309.825,1.0557,35.07,35.58041000366211,4.98,0.0,0
46907,-1.5350000000000001,83.545,0.0,0.0,452.767,0.0,0.0,0.0,5.737,0,1.0,0.76,309.915,-2.7713,35.550000000000004,35.58041000366211,4.98,0.0,0
46907,-1.364,83.545,0.0,0.0,452.949,0.0,0.0,0.0,5.737,0,1.0,0.74,309.825,-2.8372,35.64,35.58041000366211,4.98,0.0,0
46907,-1.364,83.545,0.0,0.0,453.07,0.0,0.0,0.0,5.737,0,2.0,0.755,309.825,-1.1877,35.910000000000004,35.58041000366211,4.98,0.0,0
46907,-1.5350000000000001,83.545,0.5,0.0,453.13,0.0,0.0,0.0,5.737,0,0.0,0.765,309.825,0.5938,35.61,35.58041000366211,4.98,0.0,0
46907,-1.0230000000000001,83.545,-0.5,0.0,453.13,0.0,0.0,0.0,5.737,0,0.0,0.765,309.825,1.2702,35.61,35.58041000366211,4.98,0.0,0
46907,-1.194,83.545,0.0,0.0,452.88800000000003,0.0,0.0,0.0,5.737,0,2.0,0.73,309.825,-1.7815,35.58,35.58041000366211,4.98,0.0,0
46907,-1.5350000000000001,83.545,-0.5,0.0,452.88800000000003,0.0,0.0,0.0,5.737,0,1.0,0.75,309.69,-0.5031,35.43,35.58041000366211,4.98,0.0,0
46907,-1.194,83.545,-0.5,0.0,452.88800000000003,0.0,0.0,0.0,5.737,0,1.0,0.77,309.915,-0.7423000000000001,35.04,35.58041000366211,4.98,0.0,0
46907,-1.5350000000000001,83.545,0.0,0.0,453.07,0.0,0.0,0.0,5.737,0,1.0,0.77,309.825,1.5836000000000001,34.32,35.58041000366211,4.98,0.0,0
46907,-1.0230000000000001,83.545,0.0,0.0,452.88800000000003,0.0,0.0,0.0,5.737,0,1.0,0.765,309.825,3.2744,33.63,35.58041000366211,4.98,0.0,0
46907,-0.853,83.545,-0.5,0.0,452.767,0.0,0.0,0.0,5.737,0,1.0,0.765,309.69,-4.2889,32.730000000000004,35.58041000366211,4.98,0.0,0
46907,-1.194,83.545,0.0,0.0,452.88800000000003,0.0,0.0,0.0,5.737,0,2.0,0.78,309.825,-0.9897,33.18,35.58041000366211,4.98,0.0,0
46907,-1.0230000000000001,83.545,0.0,0.0,452.949,0.0,0.0,0.0,5.737,0,0.0,0.755,309.825,2.4413,34.410000000000004,35.58041000366211,4.98,0.0,0
46907,-1.0230000000000001,83.545,0.5,0.0,452.88800000000003,0.0,0.0,0.0,5.737,0,1.0,0.75,309.825,-0.2887,34.89,35.58041000366211,4.98,0.0,0
46907,-1.194,83.545,0.0,0.0,452.767,0.0,0.0,0.0,5.737,0,2.0,0.745,309.825,-1.7815,35.94,35.58041000366211,4.98,0.0,0
46907,-0.853,83.545,0.0,0.0,453.13,0.0,0.0,0.0,5.737,0,1.0,0.78,309.915,-2.4578,35.94,35.58041000366211,4.98,0.0,0
46907,-1.364,83.545,0.5,0.0,453.009,0.0,0.0,0.0,5.737,0,1.0,0.755,309.825,1.2949000000000002,34.95,35.58041000366211,4.98,0.0,0
46907,-1.0230000000000001,83.545,-0.5,0.0,452.586,0.0,0.0,0.0,5.737,0,2.0,0.765,309.825,4.3548,34.89,35.58041000366211,4.98,0.0,0
46907,-1.364,83.545,0.0,0.0,453.07,0.0,0.0,0.0,5.737,0,1.0,0.775,309.69,-3.2331000000000003,34.74,35.58041000366211,4.98,0.0,0
46907,-1.5350000000000001,83.545,0.0,0.0,453.07,0.0,0.0,0.0,5.737,0,2.0,0.775,309.825,-3.8270000000000004,34.62,35.58041000366211,4.98,0.0,0
46907,-1.0230000000000001,83.545,-0.5,0.0,453.13,0.0,0.0,0.0,5.737,0,2.0,0.765,309.915,1.699,34.53,35.58041000366211,4.98,0.0,0
46907,-1.194,83.545,0.0,0.0,452.707,0.0,0.0,0.0,5.737,0,1.0,0.745,309.825,0.17320000000000002,33.87,35.58041000366211,4.98,0.0,0
46907,-1.194,83.545,0.0,0.0,452.88800000000003,0.0,0.0,0.0,5.737,0,2.0,0.76,309.915,0.9485,33.54,35.58041000366211,4.98,0.0,0
46907,-1.194,83.545,0.0,0.0,453.009,0.0,0.0,0.0,5.737,0,1.0,0.745,309.69,1.0310000000000001,33.0,35.58041000366211,4.98,0.0,0
46907,-1.5350000000000001,83.545,-0.5,0.0,452.82800000000003,0.0,0.0,0.0,5.737,0,0.0,0.775,309.825,-3.5878,32.67,35.58041000366211,4.98,0.0,0
46907,-1.194,83.545,-0.5,0.0,453.07,0.0,0.0,0.0,5.737,0,2.0,0.775,309.825,-2.4908,33.45,35.58041000366211,4.98,0.0,0
46907,-1.364,83.545,0.0,0.0,452.88800000000003,0.0,0.0,0.0,5.737,0,1.0,0.77,309.915,3.6125000000000003,34.68,35.58041000366211,4.98,0.0,0
46907,-1.194,83.545,0.5,0.0,453.13,0.0,0.0,0.0,5.737,0,1.0,0.765,309.825,0.46190000000000003,36.15,35.58041000366211,4.98,0.0,0
46907,-1.194,83.545,0.5,0.0,452.88800000000003,0.0,0.0,0.0,5.737,0,1.0,0.765,309.825,-1.0557,36.42,35.58041000366211,4.98,0.0,0
46907,-1.364,83.545,0.0,0.0,452.707,0.0,0.0,0.0,5.737,0,2.0,0.755,309.825,-1.6331,36.03,35.58041000366211,4.98,0.0,0
46907,-1.0230000000000001,83.545,0.5,0.0,453.07,0.0,0.0,0.0,5.737,0,1.0,0.745,309.69,1.0805,35.160000000000004,35.58041000366211,4.98,0.0,0
46907,-1.0230000000000001,83.545,0.5,0.0,452.88800000000003,0.0,0.0,0.0,5.737,0,2.0,0.755,309.825,0.8578,34.980000000000004,35.58041000366211,4.98,0.0,0
46907,-1.5350000000000001,83.545,0.0,0.0,452.88800000000003,0.0,0.0,0.0,5.737,0,2.0,0.77,309.825,0.7918000000000001,34.980000000000004,35.58041000366211,4.98,0.0,0
46907,-1.0230000000000001,83.545,-0.5,0.0,452.88800000000003,0.0,0.0,0.0,5.737,0,0.0,0.77,309.69,-2.6393,35.22,35.58041000366211,4.98,0.0,0
46907,-1.5350000000000001,83.545,0.5,0.0,453.07,0.0,0.0,0.0,5.737,0,1.0,0.78,309.825,-0.3629,35.49,35.58041000366211,4.98,0.0,0
46907,-1.5350000000000001,83.545,-0.5,0.0,452.707,0.0,0.0,0.0,5.737,0,2.0,0.775,309.825,-0.7918000000000001,34.95,35.58041000366211,4.98,0.0,0
46907,-1.194,83.545,0.0,0.0,452.88800000000003,0.0,0.0,0.0,5.737,0,1.0,0.79,309.915,4.0579,34.77,35.58041000366211,4.98,0.0,0
46907,-1.0230000000000001,83.545,0.5,0.0,453.13,0.0,0.0,0.0,5.737,0,1.0,0.765,309.915,4.8827,34.29,35.58041000366211,4.98,0.0,0
46907,-1.194,83.545,0.0,0.0,452.707,0.0,0.0,0.0,5.737,0,2.0,0.775,309.825,-1.0557,33.51,35.58041000366211,4.98,0.0,0
46907,-0.853,83.545,0.0,0.0,452.82800000000003,0.0,0.0,0.0,5.737,0,1.0,0.755,309.825,-2.6393,33.69,35.58041000366211,4.98,0.0,0
46907,-1.364,83.545,0.0,0.0,453.07,0.0,0.0,0.0,5.737,0,0.0,0.765,309.825,0.066,35.1,35.58041000366211,4.98,0.0,0
46907,-1.194,83.545,0.0,0.0,453.25100000000003,0.0,0.0,0.0,5.737,0,2.0,0.735,309.825,1.0557,36.42,35.58041000366211,4.98,0.0,0
46907,-1.705,83.545,0.0,0.0,453.13,0.0,0.0,0.0,5.737,0,1.0,0.775,309.825,0.0,36.75,35.58041000366211,4.98,0.0,0
46907,-1.0230000000000001,83.545,0.0,0.0,453.07,0.0,0.0,0.0,5.737,0,1.0,0.755,310.005,2.6393,36.27,35.58041000366211,4.98,0.0,0
46907,-1.0230000000000001,83.545,-0.5,0.0,453.009,0.0,0.0,0.0,5.737,0,1.0,0.78,309.825,-1.5836000000000001,35.7,35.58041000366211,4.98,0.0,0
46907,-1.194,83.545,0.0,0.0,453.19100000000003,0.0,0.0,0.0,5.737,0,0.0,0.775,309.915,1.9795,35.160000000000004,35.58041000366211,4.98,0.0,0
46907,-1.194,83.545,0.0,0.0,452.949,0.0,0.0,0.0,5.737,0,2.0,0.765,309.825,2.5073000000000003,35.49,35.58041000366211,4.98,0.0,0
46907,-1.194,83.545,0.0,0.0,453.31100000000004,0.0,0.0,0.0,5.737,0,2.0,0.77,309.825,-3.8270000000000004,36.03,35.58041000366211,4.98,0.0,0
46907,-1.194,83.545,0.0,0.0,453.31100000000004,0.0,0.0,0.0,5.737,0,1.0,0.765,309.69,-4.792,36.03,35.58041000366211,4.98,0.0,0
46907,-1.194,83.545,0.0,0.0,453.19100000000003,0.0,0.0,0.0,5.737,0,0.0,0.77,309.825,-1.4351,35.61,35.58041000366211,4.98,0.0,0
46907,-0.853,83.545,0.5,0.0,453.009,0.0,0.0,0.0,5.737,0,2.0,0.76,309.915,3.4146,34.980000000000004,35.58041000366211,4.98,0.0,0
46907,-1.0230000000000001,83.545,-0.5,0.0,453.07,0.0,0.0,0.0,5.737,0,2.0,0.76,309.825,0.132,34.230000000000004,35.58041000366211,4.98,0.0,0
46907,-1.5350000000000001,83.545,0.5,0.0,453.07,0.0,0.0,0.0,5.737,0,1.0,0.755,309.825,1.1217000000000001,33.9,35.58041000366211,4.98,0.0,0
46907,-1.0230000000000001,83.545,0.5,0.0,453.13,0.0,0.0,0.0,5.737,0,2.0,0.77,309.915,3.3486000000000002,33.81,35.58041000366211,4.98,0.0,0
46907,-1.0230000000000001,83.545,0.5,0.0,452.949,0.0,0.0,0.0,5.737,0,1.0,0.775,309.825,-1.5176,34.44,35.58041000366211,4.98,0.0,0
46907,-1.194,83.545,0.0,0.0,452.88800000000003,0.0,0.0,0.0,5.737,0,0.0,0.755,309.825,-3.0847,36.12,35.58041000366211,4.98,0.0,0
46907,-1.194,83.545,-0.5,0.0,452.88800000000003,0.0,0.0,0.0,5.737,0,2.0,0.745,309.825,-1.5011,36.81,35.58041000366211,4.98,0.0,0
46907,-1.194,83.545,0.0,0.0,453.13,0.0,0.0,0.0,5.737,0,2.0,0.755,309.825,0.767,37.11,35.58041000366211,4.98,0.0,0
46907,-1.194,83.545,0.5,0.0,453.25100000000003,0.0,0.0,0.0,5.737,0,0.0,0.78,309.825,1.1877,35.730000000000004,35.58041000366211,4.98,0.0,0
46907,-1.364,83.545,-0.5,0.0,453.07,0.0,0.0,0.0,5.737,0,1.0,0.79,309.915,-0.8743000000000001,35.22,35.58041000366211,4.98,0.0,0
46907,-1.194,83.545,-0.5,0.0,452.82800000000003,0.0,0.0,0.0,5.737,0,2.0,0.77,309.825,-0.9897,35.28,35.58041000366211,4.98,0.0,0
46907,-1.364,83.545,0.0,0.0,452.52500000000003,0.0,0.0,0.0,5.737,0,1.0,0.76,309.915,4.0084,35.25,35.58041000366211,4.98,0.0,0
46907,-1.0230000000000001,83.545,0.0,0.0,452.707,0.0,0.0,0.0,5.737,0,2.0,0.74,309.825,-3.2166,35.43,35.58041000366211,4.98,0.0,0
46907,-1.194,83.545,0.0,0.0,452.82800000000003,0.0,0.0,0.0,5.737,0,0.0,0.77,309.69,-3.1424000000000003,35.13,35.58041000366211,4.98,0.0,0
46907,-1.364,83.545,0.0,0.0,453.009,0.0,0.0,0.0,5.737,0,1.0,0.76,309.825,0.8083,34.38,35.58041000366211,4.98,0.0,0
46907,-1.0230000000000001,83.545,0.0,0.0,452.646,0.0,0.0,0.0,5.737,0,2.0,0.78,309.825,0.9650000000000001,34.08,35.58041000366211,4.98,0.0,0
46907,-1.194,83.545,0.5,0.0,452.586,0.0,0.0,0.0,5.737,0,2.0,0.74,309.69,2.1774,33.27,35.58041000366211,4.98,0.0,0
46907,-1.194,83.545,0.0,0.0,453.07,0.0,0.0,0.0,5.737,0,1.0,0.745,309.825,-3.6785,33.6,35.58041000366211,4.98,0.0,0
46907,-0.682,83.545,0.0,0.0,452.88800000000003,0.0,0.0,0.0,5.737,0,2.0,0.755,309.825,-1.9135000000000002,34.08,35.58041000366211,4.98,0.0,0
46907,-1.0230000000000001,83.545,0.0,0.0,452.707,0.0,0.0,0.0,5.737,0,1.0,0.73,309.825,3.1177,35.58,35.58041000366211,4.98,0.0,0
46907,-1.194,83.545,0.5,0.0,452.82800000000003,0.0,0.0,0.0,5.737,0,1.0,0.8,309.915,0.4454,36.81,35.58041000366211,4.98,0.0,0
46907,-0.853,83.545,-0.5,0.0,452.707,0.0,0.0,0.0,5.737,0,2.0,0.79,309.825,1.6908,37.38,35.58041000366211,4.98,0.0,0
46907,-1.5350000000000001,83.545,0.0,0.0,453.19100000000003,0.0,0.0,0.0,5.737,0,1.0,0.75,309.825,-2.9692000000000003,37.2,35.58041000366211,4.98,0.0,0
46907,-1.364,83.545,0.0,0.0,453.25100000000003,0.0,0.0,0.0,5.737,0,2.0,0.75,309.825,-2.3094,36.480000000000004,35.58041000366211,4.98,0.0,0
46907,-1.194,83.545,-0.5,0.0,452.88800000000003,0.0,0.0,0.0,5.737,0,1.0,0.76,309.915,3.0847,35.22,35.58041000366211,4.98,0.0,0
46907,-1.194,83.545,0.0,0.0,452.767,0.0,0.0,0.0,5.737,0,0.0,0.775,309.915,2.994,34.74,35.58041000366211,4.98,0.0,0
46907,-1.0230000000000001,83.545,0.0,0.0,453.07,0.0,0.0,0.0,5.737,0,2.0,0.745,309.915,-3.2496,33.96,35.58041000366211,4.98,0.0,0
46907,-1.364,83.545,-0.5,0.0,453.07,0.0,0.0,0.0,5.737,0,2.0,0.785,309.69,-4.1981,34.08,35.58041000366211,4.98,0.0,0
46907,-1.0230000000000001,83.545,0.0,0.0,453.07,0.0,0.0,0.0,5.737,0,1.0,0.775,309.825,0.28040000000000004,34.32,35.58041000366211,4.98,0.0,0
46907,-1.0230000000000001,83.545,0.0,0.0,453.07,0.0,0.0,0.0,5.737,0,1.0,0.77,309.825,0.8578,34.29,35.58041000366211,4.98,0.0,0
46907,-1.364,83.545,0.0,0.0,453.07,0.0,0.0,0.0,5.737,0,2.0,0.735,309.825,-0.39590000000000003,34.86,35.58041000366211,4.98,0.0,0
46907,-0.853,83.545,-0.5,0.0,453.19100000000003,0.0,0.0,0.0,5.737,0,1.0,0.785,309.825,0.4289,35.07,35.58041000366211,4.98,0.0,0
46907,-1.194,83.545,0.0,0.0,453.19100000000003,0.0,0.0,0.0,5.737,0,2.0,0.78,309.825,0.0,35.49,35.58041000366211,4.98,0.0,0
46907,-1.194,83.545,-0.5,0.0,453.13,0.0,0.0,0.0,5.737,0,1.0,0.76,309.825,1.0557,36.03,35.58041000366211,4.98,0.0,0
46907,-1.194,83.545,-0.5,0.0,453.07,0.0,0.0,0.0,5.737,0,1.0,0.785,309.825,-2.2434000000000003,36.72,35.58041000366211,4.98,0.0,0
46907,-1.0230000000000001,83.545,-0.5,0.0,452.82800000000003,0.0,0.0,0.0,5.737,0,0.0,0.75,309.825,0.0,37.14,35.58041000366211,4.98,0.0,0
46907,-0.853,83.545,0.0,0.0,453.009,0.0,0.0,0.0,5.737,0,2.0,0.775,309.825,2.2434000000000003,35.88,35.58041000366211,4.98,0.0,0
46907,-1.0230000000000001,83.545,-0.5,0.0,453.19100000000003,0.0,0.0,0.0,5.737,0,1.0,0.745,309.825,0.0,35.550000000000004,35.58041000366211,4.98,0.0,0
46907,-1.194,83.545,-0.5,0.0,453.07,0.0,0.0,0.0,5.737,0,0.0,0.785,309.915,1.5836000000000001,35.34,35.58041000366211,4.98,0.0,0
46907,-1.194,83.545,-0.5,0.0,453.07,0.0,0.0,0.0,5.737,0,3.0,0.78,309.825,0.5279,35.13,35.58041000366211,4.98,0.0,0
46907,-1.0230000000000001,83.545,0.0,0.0,452.88800000000003,0.0,0.0,0.0,5.737,0,1.0,0.765,309.915,2.6393,34.68,35.58041000366211,4.98,0.0,0
46907,-1.364,83.545,0.0,0.0,452.707,0.0,0.0,0.0,5.737,0,0.0,0.76,309.825,-1.5176,33.93,35.58041000366211,4.98,0.0,0
46907,-1.0230000000000001,83.545,-0.5,0.0,453.25100000000003,0.0,0.0,0.0,5.737,0,2.0,0.735,309.825,-4.0909,34.14,35.58041000366211,4.98,0.0,0
46907,-1.194,83.545,0.0,0.0,453.19100000000003,0.0,0.0,0.0,5.737,0,2.0,0.79,309.825,-2.5733,34.2,35.58041000366211,4.98,0.0,0
46907,-1.0230000000000001,83.545,0.5,0.0,452.88800000000003,0.0,0.0,0.0,5.737,0,0.0,0.78,309.915,4.2229,34.89,35.58041000366211,4.98,0.0,0
46907,-1.194,83.545,0.0,0.0,452.88800000000003,0.0,0.0,0.0,5.737,0,2.0,0.78,309.915,3.8930000000000002,35.64,35.58041000366211,4.98,0.0,0
46907,-0.853,83.545,0.0,0.0,453.07,0.0,0.0,0.0,5.737,0,2.0,0.745,309.825,-1.9795,35.160000000000004,35.58041000366211,4.98,0.0,0
46907,-1.364,83.545,0.0,0.0,453.19100000000003,0.0,0.0,0.0,5.737,0,0.0,0.835,309.825,1.1217000000000001,35.25,35.58041000366211,4.98,0.0,0
46907,-1.0230000000000001,83.545,0.5,0.0,453.07,0.0,0.0,0.0,5.737,0,2.0,0.77,309.825,0.132,35.730000000000004,35.58041000366211,4.98,0.0,0
46907,-1.5350000000000001,83.545,0.0,0.0,453.07,0.0,0.0,0.0,5.737,0,1.0,0.755,309.825,-5.0147,36.57,35.58041000366211,4.98,0.0,0
46907,-1.0230000000000001,83.545,0.0,0.0,452.707,0.0,0.0,0.0,5.737,0,1.0,0.775,309.69,-1.8475000000000001,36.18,35.58041000366211,4.98,0.0,0
46907,-0.853,83.545,0.5,0.0,453.07,0.0,0.0,0.0,5.737,0,1.0,0.735,309.825,2.3754,35.61,35.58041000366211,4.98,0.0,0
46907,-1.194,83.545,0.0,0.0,453.432,0.0,0.0,0.0,5.737,0,1.0,0.79,309.825,0.132,34.83,35.58041000366211,4.98,0.0,0
46907,-1.194,83.545,0.0,0.0,453.19100000000003,0.0,0.0,0.0,5.737,0,1.0,0.745,309.825,-1.1547,33.660000000000004,35.58041000366211,4.98,0.0,0
46907,-1.0230000000000001,83.545,0.5,0.0,453.19100000000003,0.0,0.0,0.0,5.737,0,1.0,0.71,309.825,-1.8063,33.51,35.58041000366211,4.98,0.0,0
46907,-1.194,83.545,0.5,0.0,453.009,0.0,0.0,7.6000000000000005,5.737,0,1.0,0.745,309.69,1.0145,33.21,35.58041000366211,5.0,0.0,0
46907,-1.194,83.545,0.0,0.0,452.949,0.0002,0.1,69.7,5.737,0,1.0,0.725,309.915,2.4908,33.15,0.0,5.371,0.0,0
46907,-0.853,83.545,0.0,0.0,452.707,0.0011,0.2,180.0,5.737,0,1.0,0.76,309.825,-0.19790000000000002,33.15,0.0,6.641,0.0,0
46907,-1.364,83.545,0.5,0.0,453.432,0.0049,0.7000000000000001,300.1,5.732,0,13.0,1.305,309.825,1.9135000000000002,32.28,0.0,9.102,0.0,0
46907,-1.5350000000000001,83.545,0.0,0.0,454.884,0.016800000000000002,1.5,399.3,5.732,0,26.0,1.345,309.915,0.2639,31.8,0.0,12.676,0.0,0
46907,-2.0460000000000003,83.545,0.0,0.0,440.668,0.0468,4.0,455.5,5.732,0,4.0,1.1400000000000001,309.825,2.2434000000000003,30.57,0.0,17.031000000000002,0.0,0
46907,-2.5580000000000003,83.545,-0.5,0.0,415.077,0.1029,7.6000000000000005,456.70000000000005,5.737,0,4.0,0.705,309.915,-0.0165,29.94,0.0,21.621000000000002,0.0,0
46907,-2.899,83.545,0.0,0.0,346.836,0.19240000000000002,9.9,437.40000000000003,5.737,0,2.0,0.68,309.915,0.7753,30.18,0.0,26.113,0.0,0
46907,-2.728,83.545,0.0,0.0,282.223,0.3224,14.3,386.3,5.737,0,1.0,0.9400000000000001,309.915,4.0744,31.38,0.0,30.234,0.0,0
46907,-3.24,83.545,0.0,0.0,162.255,0.4708,14.3,313.5,5.737,0,7.0,0.68,309.915,2.3589,33.69,0.0,33.711,0.0,0
46907,-3.581,83.545,0.0,0.0,84.758,0.6174000000000001,13.200000000000001,227.10000000000002,5.737,0,1.0,0.485,309.915,0.39590000000000003,35.730000000000004,0.0,36.367000000000004,0.0,0
46907,-2.899,83.545,0.0,0.0,20.69,0.7391000000000001,10.8,143.70000000000002,5.737,0,1.0,-0.005,309.915,-1.8310000000000002,37.050000000000004,0.0,38.184000000000005,0.0,0
46907,-3.581,83.545,0.0,0.0,5.384,0.8087000000000001,5.4,70.7,5.737,0,0.0,-0.025,309.915,1.4516,36.300000000000004,0.0,39.199000000000005,0.0,0
46907,-3.581,83.545,0.0,0.0,-3.509,0.8422000000000001,1.6,22.1,5.737,0,1.0,-0.045,309.915,0.2639,34.14,0.0,39.609,0.0,0
46908,-3.581,83.545,0.0,0.0,-3.872,0.8503000000000001,0.0,3.5,5.742,0,0.0,-0.03,310.005,-1.864,33.27,0.0,39.707,0.0,0
46908,-3.7520000000000002,83.545,0.0,0.0,-3.69,0.8551000000000001,0.0,11.1,5.742,0,-1.0,-0.1,309.915,0.41240000000000004,32.7,0.0,39.766000000000005,0.0,0
46908,-3.24,83.545,0.0,0.0,-4.113,0.8744000000000001,3.2,33.300000000000004,5.742,0,3.0,-0.105,309.915,0.7918000000000001,32.31,0.0,40.0,0.0,0
46908,-3.581,83.545,0.5,0.0,-4.053,0.9163,6.4,65.3,5.742,0,0.0,-0.145,310.005,-0.41240000000000004,33.06,0.0,40.508,0.0,0
46908,-3.411,83.545,0.0,0.0,-3.932,0.9824,8.1,91.80000000000001,5.742,0,0.0,-0.08,310.005,4.0084,34.29,0.0,41.309000000000005,0.0,0
46908,-3.7520000000000002,83.545,0.0,0.0,-3.207,1.0718,9.6,103.5,5.742,0,2.0,-0.15,309.825,1.2702,34.26,0.0,42.305,0.0,0
46908,-3.581,83.545,0.0,0.0,-3.086,1.1734,9.6,101.5,5.742,0,0.0,-0.13,310.005,-2.9692000000000003,34.74,0.0,43.34,0.0,0
46908,-3.581,83.545,-0.5,0.0,-3.086,1.183,9.6,101.2,5.742,0,0.0,-0.14,310.005,-2.6393,34.71,0.0,43.438,0.0,0
46908,-3.7520000000000002,83.545,0.0,0.0,-3.086,1.2808000000000002,9.6,100.10000000000001,5.742,0,1.0,-0.15,310.005,1.3196,34.410000000000004,0.0,44.434000000000005,0.0,0
46908,-3.581,83.545,0.0,0.0,-3.025,1.3956000000000002,11.3,99.7,5.742,0,-1.0,-0.08,309.915,4.4208,35.13,0.0,45.43,0.0,0
46908,-3.581,83.545,0.0,0.0,-3.086,1.5131000000000001,11.3,100.4,5.742,0,0.0,-0.075,310.005,-0.39590000000000003,34.59,0.0,46.445,0.0,0
46908,-3.411,83.545,0.0,0.0,-3.146,1.6354000000000002,13.200000000000001,100.4,5.742,0,3.0,-0.12,310.005,-1.0557,35.28,0.0,47.441,0.0,0
46908,-3.24,83.545,0.0,0.0,-2.904,1.7703,13.3,99.4,5.742,0,0.0,-0.08,309.915,1.9795,35.31,0.0,48.438,0.0,0
46908,-3.581,83.545,0.0,0.0,-2.662,1.905,13.200000000000001,99.9,5.742,0,0.0,-0.14,310.14000000000004,0.9567,34.86,0.0,49.434000000000005,0.0,0
46908,-3.581,83.545,0.0,0.0,-2.783,2.0585,18.400000000000002,99.7,5.742,0,2.0,-0.16,310.005,-1.3196,33.72,0.0,50.449000000000005,0.0,0
46908,-3.24,83.545,-0.5,0.0,-2.723,2.2147,15.200000000000001,100.4,5.742,0,2.0,-0.14,310.005,0.19790000000000002,32.37,0.0,51.445,0.0,0
46908,-3.24,83.545,-0.5,0.0,-2.904,2.3737,17.5,99.9,5.742,0,1.0,-0.13,310.005,-1.4516,31.71,0.0,52.441,0.0,0
46908,-2.728,83.545,0.0,0.0,-2.723,2.5536000000000003,17.7,99.9,5.742,0,0.0,-0.125,310.005,2.3754,31.77,0.0,53.438,0.0,0
46908,-3.0700000000000003,83.545,-0.5,0.0,-3.086,2.7334,17.7,100.10000000000001,5.742,0,-1.0,-0.12,310.005,0.39590000000000003,33.36,0.0,54.434000000000005,0.0,0
46908,-2.728,83.545,0.5,0.0,-3.267,2.9296,20.0,99.9,5.742,0,2.0,-0.135,309.915,-0.19790000000000002,35.37,0.0,55.449000000000005,0.0,0
46908,-3.581,83.545,0.0,0.0,-3.086,3.1350000000000002,20.0,99.9,5.742,0,0.0,-0.115,310.005,2.9032,36.93,0.0,56.445,0.0,0
46908,-2.728,83.545,0.0,0.0,-2.904,3.3404000000000003,20.0,99.7,5.742,0,0.0,-0.13,310.005,1.8475000000000001,37.050000000000004,0.0,57.441,0.0,0
46908,-3.0700000000000003,83.545,0.0,0.0,-3.025,3.5705,23.0,100.10000000000001,5.742,0,0.0,-0.14,310.14000000000004,4.2229,34.410000000000004,0.0,58.438,0.0,0
46908,-3.0700000000000003,83.545,-0.5,0.0,-2.844,3.8082000000000003,27.400000000000002,100.10000000000001,5.742,0,2.0,-0.125,310.005,1.0557,33.09,0.0,59.453,0.0,0
46908,-2.387,83.545,0.0,0.0,-3.086,4.0495,25.700000000000003,100.10000000000001,5.742,0,1.0,-0.095,310.005,-0.5279,32.76,0.0,60.449000000000005,0.0,0
46908,-2.728,83.545,0.0,0.0,-3.025,4.3128,25.700000000000003,99.9,5.742,0,1.0,-0.135,310.005,-2.5403000000000002,33.42,0.0,61.445,0.0,0
46908,-3.0700000000000003,83.545,-0.5,0.0,-2.904,4.5761,25.700000000000003,99.7,5.742,0,1.0,-0.12,310.005,0.2639,33.480000000000004,0.0,62.441,0.0,0
46908,-3.0700000000000003,83.545,-0.5,0.0,-3.086,4.8602,29.1,99.7,5.742,0,0.0,-0.12,310.005,1.5836000000000001,34.14,0.0,63.438,0.0,0
46908,-3.0700000000000003,83.545,-0.5,0.0,-3.086,4.8602,29.1,99.7,5.742,0,0.0,-0.12,310.005,1.5836000000000001,34.14,0.0,63.438,0.0,0
46908,-2.899,83.545,0.0,0.0,-3.086,5.1614,34.7,100.10000000000001,5.742,0,0.0,-0.095,310.005,-1.9795,33.78,0.0,64.453,0.0,0
46908,-3.0700000000000003,83.545,0.5,0.0,-3.207,5.4579,29.8,99.7,5.742,0,0.0,-0.125,310.005,1.5836000000000001,32.97,0.0,65.449,0.0,0
46908,-2.899,83.545,0.0,0.0,-3.388,5.7879000000000005,32.1,100.10000000000001,5.742,0,2.0,-0.085,309.915,-0.2639,32.34,0.0,66.44500000000001,0.0,0
46908,-2.728,83.545,0.5,0.0,-3.267,6.118,32.2,100.10000000000001,5.742,0,0.0,-0.135,310.005,-0.5279,32.61,0.0,67.441,0.0,0
46908,-2.5580000000000003,83.545,0.0,0.0,-3.086,6.1505,32.5,99.7,5.742,0,0.0,-0.145,310.005,-0.9897,32.67,0.0,67.539,0.0,0
46908,-2.728,83.545,0.0,0.0,-3.025,6.5061,43.1,100.9,5.742,0,-1.0,-0.19,310.005,-2.7713,33.72,0.0,68.555,0.0,0
46908,-2.899,83.545,0.0,0.0,-2.54,6.8729000000000005,36.1,99.7,5.742,0,1.0,-0.13,310.005,-1.6661000000000001,34.29,0.0,69.551,0.0,0
46908,-2.5580000000000003,83.545,-0.5,0.0,-2.904,7.2397,36.1,100.4,5.742,0,0.0,-0.1,310.005,0.9238000000000001,34.77,0.0,70.547,0.0,0
46908,-2.728,83.545,0.0,0.0,-2.965,7.641,39.9,99.9,5.742,0,0.0,-0.15,310.005,0.5114000000000001,35.25,0.0,71.543,0.0,0
46908,-2.387,83.545,0.0,0.0,-3.086,8.0467,39.9,99.9,5.742,0,0.0,-0.135,310.005,0.0,34.77,0.0,72.539,0.0,0
46908,-2.728,83.545,-0.5,0.0,-3.086,8.4719,44.0,99.7,5.742,0,2.0,-0.13,309.915,-1.4351,34.56,0.0,73.555,0.0,0
46908,-2.387,83.545,0.0,0.0,-2.723,8.9189,44.0,100.10000000000001,5.742,0,0.0,-0.15,310.14000000000004,0.1072,33.96,0.0,74.551,0.0,0
46908,-2.217,83.545,0.0,0.0,-2.602,9.3658,44.0,99.7,5.742,0,0.0,-0.15,310.005,2.0455,33.72,0.0,75.547,0.0,0
46908,-2.217,83.545,0.5,0.0,-2.723,9.8406,48.2,99.7,5.742,0,0.0,-0.125,310.005,-0.8743000000000001,33.87,0.0,76.543,0.0,0
46908,-2.5580000000000003,83.545,0.0,0.0,-2.783,10.3407,58.1,99.7,5.742,0,1.0,-0.15,309.915,-4.4043,33.69,0.0,77.559,0.0,0
46908,-2.5580000000000003,83.545,0.0,0.0,-2.965,10.8324,49.7,100.10000000000001,5.742,0,0.0,-0.14,310.14000000000004,2.8125,33.0,0.0,78.555,0.0,0
46908,-2.387,83.545,0.0,0.0,-2.904,11.3681,52.7,99.9,5.742,0,0.0,-0.145,310.005,2.3589,32.46,0.0,79.551,0.0,0
46908,-2.5580000000000003,83.545,0.0,0.0,-2.602,11.9037,52.7,100.10000000000001,5.742,0,0.0,-0.145,310.005,0.0495,32.61,0.0,80.547,0.0,0
46908,-2.387,83.545,-0.5,0.0,-2.54,12.458400000000001,57.300000000000004,100.4,5.742,0,1.0,-0.145,310.005,-1.8475000000000001,34.02,0.0,81.543,0.0,0
46908,-2.387,83.545,0.0,0.0,-2.42,13.0532,69.10000000000001,100.10000000000001,5.742,0,0.0,-0.13,310.14000000000004,2.6146000000000003,34.56,0.0,82.559,0.0,0
46908,-2.5580000000000003,83.545,0.0,0.0,-2.54,13.6362,57.300000000000004,99.7,5.742,0,0.0,-0.14,310.005,0.42060000000000003,34.17,0.0,83.555,0.0,0
46908,-2.5580000000000003,83.545,0.0,0.0,-2.54,14.2584,62.2,99.9,5.742,0,0.0,-0.14,310.005,-2.7713,34.68,0.0,84.551,0.0,0
46908,-2.387,83.545,-0.5,0.0,-3.025,14.8909,62.300000000000004,99.9,5.742,0,-1.0,-0.145,310.14000000000004,1.7568000000000001,35.22,0.0,85.547,0.0,0
46908,-2.387,83.545,0.0,0.0,-2.723,15.531600000000001,67.3,99.9,5.742,0,0.0,-0.13,310.14000000000004,4.5280000000000005,35.28,0.0,86.543,0.0,0
46908,-2.217,83.545,0.0,0.0,-2.662,16.2289,67.3,100.10000000000001,5.742,0,0.0,-0.135,310.005,-0.7918000000000001,35.28,0.0,87.559,0.0,0
46908,-2.217,83.545,0.0,0.0,-2.602,16.9125,67.3,99.4,5.742,0,1.0,-0.115,310.14000000000004,-4.5528,34.980000000000004,0.0,88.555,0.0,0
46908,-2.387,83.545,0.0,0.0,-2.602,16.979100000000003,66.60000000000001,100.10000000000001,5.742,0,2.0,-0.125,310.14000000000004,-3.4311000000000003,34.89,0.0,88.652,0.0,0
46908,-2.5580000000000003,83.545,0.0,0.0,-2.54,17.697,71.7,99.9,5.742,0,0.0,-0.155,310.14000000000004,3.4311000000000003,33.99,0.0,89.64800000000001,0.0,0
46908,-2.217,83.545,0.0,0.0,-2.965,18.4343,72.5,100.4,5.742,0,2.0,-0.165,309.915,2.1774,33.51,0.0,90.64500000000001,0.0,0
46908,-2.387,83.545,0.0,0.0,-2.662,19.1869,73.8,99.9,5.742,0,0.0,-0.14,310.005,-7.1261,33.54,0.0,91.66000000000001,0.0,0
46908,-2.217,83.545,0.0,0.0,-2.48,19.978,77.10000000000001,100.4,5.742,0,1.0,-0.155,310.005,-1.7485000000000002,33.51,0.0,92.656,0.0,0
46908,-2.217,83.545,0.0,0.0,-2.723,20.769000000000002,77.10000000000001,99.9,5.742,0,-1.0,-0.105,310.005,1.4516,33.63,0.0,93.652,0.0,0
46908,-2.387,83.545,0.0,0.0,-2.723,21.582900000000002,82.5,100.10000000000001,5.742,0,0.0,-0.145,310.005,0.0,34.44,0.0,94.64800000000001,0.0,0
46908,-2.387,83.545,0.5,0.0,-3.025,22.4468,99.5,99.9,5.742,0,0.0,-0.135,310.14000000000004,3.1672000000000002,34.800000000000004,0.0,95.664,0.0,0
46908,-2.217,83.545,0.0,0.0,-3.025,23.2938,82.5,100.10000000000001,5.742,0,2.0,-0.16,310.005,4.7507,34.92,0.0,96.66000000000001,0.0,0
46908,-1.8760000000000001,83.545,0.0,0.0,-2.602,24.186500000000002,88.10000000000001,99.7,5.742,0,0.0,-0.19,310.005,-2.2434000000000003,35.22,0.0,97.656,0.0,0
46908,-2.217,83.545,0.0,0.0,-2.42,25.090700000000002,88.10000000000001,100.10000000000001,5.742,0,0.0,-0.11,310.14000000000004,-2.6393,35.160000000000004,0.0,98.652,0.0,0
46908,-2.217,83.545,0.5,0.0,-2.359,26.0047,93.7,99.7,5.742,0,2.0,-0.155,309.915,1.0557,34.83,0.0,99.64800000000001,0.0,0
46908,-2.217,83.545,0.5,0.0,-2.48,26.986700000000003,94.7,100.10000000000001,5.742,0,0.0,-0.165,310.14000000000004,-1.4186,35.28,0.0,100.664,0.0,0
46908,-2.0460000000000003,83.545,0.0,0.0,-2.723,27.9494,93.80000000000001,99.9,5.742,0,2.0,-0.165,310.14000000000004,3.2991,36.09,0.0,101.66000000000001,0.0,0
46908,-2.387,83.545,0.0,0.0,-2.904,28.9451,99.5,100.10000000000001,5.742,0,2.0,-0.125,310.005,-0.3299,34.68,0.0,102.656,0.0,0
46908,-2.217,83.545,-0.5,0.0,-3.086,29.967100000000002,99.5,100.10000000000001,5.742,0,2.0,-0.095,310.005,-5.938400000000001,33.660000000000004,0.0,103.652,0.0,0
46908,-2.387,83.545,0.5,0.0,-2.783,30.9892,99.60000000000001,99.7,5.742,0,1.0,-0.165,310.005,0.8908,33.12,0.0,104.64800000000001,0.0,0
46908,-2.387,83.545,0.5,0.0,-2.54,32.0887,106.5,100.10000000000001,5.742,0,1.0,-0.14,310.005,-0.9238000000000001,33.15,0.0,105.664,0.0,0
46908,-2.0460000000000003,83.545,0.0,0.0,-2.54,33.1708,105.30000000000001,100.10000000000001,5.742,0,-2.0,-0.165,310.005,-1.5836000000000001,33.36,0.0,106.66000000000001,0.0,0
46908,-2.217,83.545,0.0,0.0,-2.602,34.272200000000005,111.30000000000001,99.7,5.742,0,2.0,-0.17500000000000002,310.005,1.3196,34.35,0.0,107.656,0.0,0
46908,-2.387,83.545,0.0,0.0,-2.904,35.4152,111.4,100.10000000000001,5.742,0,2.0,-0.095,310.005,2.3754,35.13,0.0,108.652,0.0,0
46908,-1.8760000000000001,83.545,0.0,0.0,-2.965,36.581,134.20000000000002,99.4,5.742,0,2.0,-0.15,310.005,0.39590000000000003,35.19,0.0,109.668,0.0,0
46908,-2.217,83.545,0.0,0.0,-2.965,36.6935,112.5,100.4,5.742,0,2.0,-0.1,310.005,0.19790000000000002,35.25,0.0,109.766,0.0,0
46908,-2.217,83.545,0.5,0.0,-2.723,37.885600000000004,118.5,99.9,5.742,0,1.0,-0.16,310.005,-3.2331000000000003,35.160000000000004,0.0,110.762,0.0,0
46908,-2.217,83.545,0.5,0.0,-2.662,39.089800000000004,118.5,99.9,5.742,0,0.0,-0.135,310.14000000000004,3.2084,35.46,0.0,111.75800000000001,0.0,0
46908,-2.217,83.545,0.0,0.0,-2.54,40.304500000000004,124.5,99.7,5.742,0,0.0,-0.165,309.915,1.732,35.49,0.0,112.754,0.0,0
46908,-2.387,83.545,0.0,0.0,-2.54,41.595400000000005,149.9,99.7,5.742,0,-1.0,-0.14,310.005,-0.8578,35.76,0.0,113.77000000000001,0.0,0
46908,-2.217,83.545,0.0,0.0,-2.662,42.8609,124.5,100.10000000000001,5.742,0,0.0,-0.185,310.005,-2.8785000000000003,35.85,0.0,114.766,0.0,0
46908,-2.0460000000000003,83.545,-0.5,0.0,-2.48,44.161,130.6,99.9,5.742,0,1.0,-0.105,310.14000000000004,2.994,34.95,0.0,115.762,0.0,0
46908,-2.217,83.545,0.0,0.0,-2.783,45.4879,130.5,100.10000000000001,5.742,0,0.0,-0.185,310.14000000000004,3.2084,34.14,0.0,116.75800000000001,0.0,0
46908,-2.217,83.545,0.0,0.0,-2.662,46.814800000000005,130.5,99.7,5.742,0,0.0,-0.125,310.14000000000004,0.1072,33.36,0.0,117.754,0.0,0
46908,-2.0460000000000003,83.545,0.5,0.0,-2.42,48.2267,136.6,99.7,5.742,0,0.0,-0.125,309.915,-3.0187,33.42,0.0,118.77000000000001,0.0,0
46908,-2.387,83.545,0.5,0.0,-2.54,49.6148,136.6,100.10000000000001,5.742,0,1.0,-0.17500000000000002,310.005,-4.792,33.09,0.0,119.766,0.0,0
46908,-2.387,83.545,0.5,0.0,-2.54,51.022400000000005,142.5,99.7,5.742,0,0.0,-0.16,310.005,-0.5031,33.93,0.0,120.762,0.0,0
46908,-2.217,83.545,0.5,0.0,-2.723,52.4713,142.5,100.10000000000001,5.742,0,0.0,-0.21,310.005,1.6331,34.95,0.0,121.75800000000001,0.0,0
46908,-2.217,83.545,0.0,0.0,-2.904,53.920300000000005,142.6,100.10000000000001,5.742,0,3.0,-0.16,309.915,-3.2166,35.64,0.0,122.754,0.0,0
46908,-2.217,83.545,0.5,0.0,-2.723,55.441100000000006,148.4,99.9,5.742,0,0.0,-0.165,310.005,0.7258,36.0,0.0,123.77000000000001,0.0,0
46908,-2.217,83.545,0.0,0.0,-2.54,56.950300000000006,148.5,99.9,5.742,0,0.0,-0.13,310.005,1.3856000000000002,35.43,0.0,124.766,0.0,0
46908,-2.0460000000000003,83.545,0.5,0.0,-2.238,58.4643,153.3,99.9,5.742,0,0.0,-0.065,310.005,0.3134,35.61,0.0,125.762,0.0,0
46908,-2.0460000000000003,83.545,0.0,0.0,-2.42,60.032900000000005,154.3,99.9,5.742,0,-1.0,-0.105,310.005,-0.6351,35.46,0.0,126.75800000000001,0.0,0
46908,-2.217,83.545,0.0,0.0,-2.238,61.6315,184.3,100.10000000000001,5.742,0,2.0,-0.18,310.14000000000004,0.5031,35.550000000000004,0.0,127.77300000000001,0.0,0
46908,-2.0460000000000003,83.545,0.5,0.0,-2.359,63.229200000000006,160.1,100.10000000000001,5.742,0,0.0,-0.15,310.005,3.1672000000000002,36.0,0.0,128.77,0.0,0
46908,-2.217,83.545,-0.5,0.0,-2.359,64.8563,160.1,100.10000000000001,5.742,0,0.0,-0.17,310.14000000000004,3.8682000000000003,35.550000000000004,0.0,129.76600000000002,0.0,0
46908,-2.217,83.545,-0.5,0.0,-2.48,66.4835,160.1,100.10000000000001,5.742,0,1.0,-0.15,309.915,-3.2991,34.35,0.0,130.762,0.0,0
46908,-2.0460000000000003,83.545,-0.5,0.0,-2.602,68.1588,165.70000000000002,99.9,5.742,0,-1.0,-0.165,309.915,-3.1507,32.94,0.0,131.758,0.0,0
46908,-2.387,83.545,0.0,0.0,-2.299,69.8755,164.1,100.10000000000001,5.742,0,1.0,-0.155,309.915,-5.0394000000000005,32.160000000000004,0.0,132.773,0.0,0
46908,-2.0460000000000003,83.545,0.0,0.0,-2.359,71.5746,171.3,99.7,5.742,0,1.0,-0.15,310.005,1.2372,33.15,0.0,133.77,0.0,0
46908,-2.217,83.545,0.0,0.0,-2.54,73.3151,171.20000000000002,99.7,5.742,0,1.0,-0.12,310.005,1.7815,35.19,0.0,134.76600000000002,0.0,0
46908,-2.387,83.545,0.0,0.0,-2.299,75.0557,171.3,100.10000000000001,5.742,0,0.0,-0.165,309.915,-0.3299,36.87,0.0,135.762,0.0,0
46908,-2.217,83.545,-0.5,0.0,-2.299,76.8632,210.8,99.9,5.742,0,0.0,-0.165,310.005,-0.41240000000000004,38.01,0.0,136.77700000000002,0.0,0
46908,-2.0460000000000003,83.545,0.0,0.0,-2.238,78.6584,174.8,100.4,5.742,0,0.0,-0.135,310.14000000000004,1.1629,36.81,0.0,137.773,0.0,0
46908,-2.217,83.545,0.0,0.0,-2.904,80.4554,176.6,100.10000000000001,5.742,0,1.0,-0.155,310.14000000000004,7.4313,35.7,0.0,138.77,0.0,0
46908,-2.217,83.545,0.5,0.0,-2.844,82.303,181.9,100.4,5.742,0,1.0,-0.145,310.14000000000004,5.7157,34.71,0.0,139.76600000000002,0.0,0
46908,-2.0460000000000003,83.545,-0.5,0.0,-2.844,82.483,180.0,99.7,5.742,0,0.0,-0.14,310.14000000000004,5.4435,34.71,0.0,139.863,0.0,0
46908,-1.8760000000000001,83.545,0.0,0.0,-2.48,84.3682,217.10000000000002,99.7,5.742,0,0.0,-0.17500000000000002,310.14000000000004,0.0,34.92,0.0,140.87900000000002,0.0,0
46908,-2.0460000000000003,83.545,0.0,0.0,-2.359,86.24080000000001,186.9,100.10000000000001,5.742,0,0.0,-0.18,309.915,-8.0169,35.160000000000004,0.0,141.875,0.0,0
46908,-2.217,83.545,0.0,0.0,-2.723,88.14020000000001,186.9,99.9,5.742,0,0.0,-0.16,310.005,-8.3138,34.77,0.0,142.871,0.0,0
46908,-2.217,83.545,0.0,0.0,-2.54,90.0395,184.9,99.7,5.742,0,3.0,-0.15,310.005,4.0579,34.59,0.0,143.86700000000002,0.0,0
46908,-2.217,83.545,0.0,0.0,-2.42,91.98060000000001,189.8,99.7,5.742,0,0.0,-0.155,310.005,3.1672000000000002,34.68,0.0,144.863,0.0,0
46908,-2.217,83.545,-0.5,0.0,-2.54,93.9684,191.70000000000002,99.9,5.742,0,0.0,-0.13,310.14000000000004,-4.0579,34.26,0.0,145.87900000000002,0.0,0
46908,-2.0460000000000003,83.545,0.0,0.0,-2.48,95.92830000000001,196.4,99.9,5.742,0,2.0,-0.095,310.14000000000004,2.3754,33.660000000000004,0.0,146.875,0.0,0
46908,-2.217,83.545,-0.5,0.0,-2.723,97.9243,196.4,99.9,5.742,0,0.0,-0.18,309.915,2.4413,34.410000000000004,0.0,147.871,0.0,0
46908,-2.217,83.545,0.0,0.0,-2.54,99.9204,194.4,99.7,5.742,0,0.0,-0.15,310.005,-1.0557,35.82,0.0,148.86700000000002,0.0,0
46908,-2.217,83.545,0.0,0.0,-2.238,101.9848,239.8,100.7,5.742,0,0.0,-0.145,310.005,-0.9567,36.18,0.0,149.883,0.0,0
46908,-2.217,83.545,0.0,0.0,-2.54,104.02600000000001,200.8,100.10000000000001,5.742,0,3.0,-0.17500000000000002,310.005,1.4516,37.32,0.0,150.87900000000002,0.0,0
46908,-2.217,83.545,0.0,0.0,-2.238,106.0673,200.9,100.10000000000001,5.742,0,0.0,-0.17,310.005,-0.7918000000000001,36.75,0.0,151.875,0.0,0
46908,-1.8760000000000001,83.545,-0.5,0.0,-2.42,108.1513,205.10000000000002,99.9,5.742,0,1.0,-0.16,310.14000000000004,0.39590000000000003,35.730000000000004,0.0,152.871,0.0,0
46908,-2.217,83.545,0.0,0.0,-2.42,110.2356,203.0,100.10000000000001,5.742,0,2.0,-0.145,310.14000000000004,1.4846000000000001,34.71,0.0,153.86700000000002,0.0,0
46908,-2.387,83.545,0.0,0.0,-2.359,112.37740000000001,209.10000000000002,100.10000000000001,5.742,0,0.0,-0.165,310.14000000000004,1.0557,34.44,0.0,154.883,0.0,0
46908,-2.0460000000000003,83.545,-0.5,0.0,-2.48,114.50240000000001,209.0,99.9,5.742,0,1.0,-0.17,310.005,-3.8600000000000003,34.02,0.0,155.87900000000002,0.0,0
46908,-2.217,83.545,0.0,0.0,-2.42,116.62750000000001,209.10000000000002,99.9,5.742,0,1.0,-0.165,310.14000000000004,0.132,34.230000000000004,0.0,156.875,0.0,0
46908,-2.0460000000000003,83.545,-0.5,0.0,-2.54,118.78150000000001,212.9,100.10000000000001,5.742,0,0.0,-0.155,310.14000000000004,0.7918000000000001,34.44,0.0,157.871,0.0,0
46908,-2.217,83.545,0.0,0.0,-2.54,120.98830000000001,254.10000000000002,99.7,5.742,0,2.0,-0.15,310.14000000000004,2.7713,34.74,0.0,158.887,0.0,0
46908,-2.0460000000000003,83.545,0.0,0.0,-2.299,123.15690000000001,216.4,100.7,5.742,0,0.0,-0.15,310.14000000000004,2.3754,34.62,0.0,159.883,0.0,0
46908,-2.0460000000000003,83.545,0.5,0.0,-2.178,125.3563,216.4,100.10000000000001,5.742,0,0.0,-0.145,310.005,-2.3754,35.01,0.0,160.87900000000002,0.0,0
46908,-2.217,83.545,0.0,0.0,-2.057,127.5557,216.4,100.10000000000001,5.742,0,-1.0,-0.11,310.005,-4.9157,35.31,0.0,161.875,0.0,0
46908,-2.217,83.545,0.5,0.0,-2.48,129.7723,219.70000000000002,99.9,5.742,0,1.0,-0.16,310.14000000000004,0.2639,35.730000000000004,0.0,162.871,0.0,0
46908,-2.0460000000000003,83.545,0.0,0.0,-2.48,132.05010000000001,219.70000000000002,99.7,5.742,0,0.0,-0.17500000000000002,310.14000000000004,3.8600000000000003,35.49,0.0,163.887,0.0,0
46908,-2.0460000000000003,83.545,0.5,0.0,-2.54,134.28300000000002,219.70000000000002,99.7,5.742,0,2.0,-0.15,310.14000000000004,2.7713,35.58,0.0,164.883,0.0,0
46908,-2.217,83.545,0.0,0.0,-2.54,136.5439,222.70000000000002,100.10000000000001,5.742,0,2.0,-0.155,310.005,-2.5403000000000002,35.46,0.0,165.87900000000002,0.0,0
46908,-2.0460000000000003,83.545,0.5,0.0,-1.936,138.80790000000002,222.8,99.7,5.742,0,0.0,-0.165,310.005,-3.6950000000000003,35.1,0.0,166.875,0.0,0
46908,-1.5350000000000001,83.545,-0.5,0.0,-1.936,139.0306,222.70000000000002,100.10000000000001,5.742,0,0.0,-0.16,310.14000000000004,-2.3754,35.07,0.0,166.973,0.0,0
46908,-1.8760000000000001,83.545,0.0,0.0,-2.117,141.34890000000001,223.3,99.9,5.742,0,0.0,-0.16,310.14000000000004,4.486800000000001,34.53,0.0,167.988,0.0,0
46908,-2.0460000000000003,83.545,-0.5,0.0,-2.42,143.6413,223.20000000000002,100.10000000000001,5.742,0,0.0,-0.17500000000000002,310.005,0.39590000000000003,33.93,0.0,168.984,0.0,0
46908,-2.0460000000000003,83.545,0.5,0.0,-2.54,145.93380000000002,223.3,99.9,5.742,0,0.0,-0.165,309.915,-4.998200000000001,33.480000000000004,0.0,169.98000000000002,0.0,0
46908,-2.217,83.545,0.0,0.0,-2.54,148.2483,228.10000000000002,99.9,5.742,0,2.0,-0.135,310.005,1.4764000000000002,33.84,0.0,170.977,0.0,0
46908,-2.217,83.545,0.0,0.0,-2.299,150.61100000000002,272.3,100.10000000000001,5.742,0,0.0,-0.17500000000000002,310.005,3.8270000000000004,34.2,0.0,171.99200000000002,0.0,0
46908,-2.0460000000000003,83.545,-0.5,0.0,-2.359,152.93290000000002,228.0,99.9,5.742,0,-2.0,-0.16,309.915,-1.1877,34.38,0.0,172.988,0.0,0
46908,-2.0460000000000003,83.545,0.0,0.0,-2.359,155.2748,228.10000000000002,100.10000000000001,5.742,0,2.0,-0.12,310.005,-1.8063,34.53,0.0,173.984,0.0,0
46908,-1.705,83.545,0.0,0.0,-2.54,157.6166,228.0,99.9,5.742,0,2.0,-0.15,310.005,2.3754,35.160000000000004,0.0,174.98000000000002,0.0,0
46908,-2.0460000000000003,83.545,-0.5,0.0,-2.662,159.9717,232.5,99.9,5.742,0,0.0,-0.17,310.005,-0.2639,35.31,0.0,175.977,0.0,0
46908,-2.217,83.545,0.0,0.0,-2.42,162.3795,230.10000000000002,99.9,5.742,0,0.0,-0.13,310.005,-0.39590000000000003,36.03,0.0,176.99200000000002,0.0,0
46908,-2.0460000000000003,83.545,-0.5,0.0,-2.057,164.7423,230.10000000000002,99.9,5.742,0,0.0,-0.135,309.915,0.5444,35.94,0.0,177.988,0.0,0
46908,-2.217,83.545,0.0,0.0,-2.359,167.1216,231.9,99.7,5.742,0,3.0,-0.155,310.005,-2.6393,35.4,0.0,178.984,0.0,0
46908,-2.0460000000000003,83.545,-0.5,0.0,-2.178,169.5027,231.9,100.10000000000001,5.742,0,0.0,-0.165,310.005,-2.5733,34.89,0.0,179.98000000000002,0.0,0
46908,-2.0460000000000003,83.545,0.0,0.0,-2.238,171.9362,281.6,100.10000000000001,5.742,0,0.0,-0.16,310.005,1.3032000000000001,34.77,0.0,180.996,0.0,0
46908,-2.217,83.545,0.0,0.0,-2.42,174.3331,233.4,100.7,5.742,0,0.0,-0.13,310.14000000000004,3.3404000000000003,34.410000000000004,0.0,181.99200000000002,0.0,0
46908,-2.0460000000000003,83.545,0.5,0.0,-2.48,176.73000000000002,233.4,99.7,5.742,0,-1.0,-0.155,310.005,1.0557,33.99,0.0,182.988,0.0,0
46908,-2.0460000000000003,83.545,-0.5,0.0,-2.299,179.1357,234.70000000000002,100.10000000000001,5.742,0,0.0,-0.16,310.005,0.5938,33.69,0.0,183.984,0.0,0
46908,-2.217,83.545,-0.5,0.0,-2.48,181.5458,234.70000000000002,99.9,5.742,0,1.0,-0.16,310.005,-3.2084,34.05,0.0,184.98000000000002,0.0,0
46908,-1.8760000000000001,83.545,0.0,0.0,-2.48,181.8314,285.6,99.9,5.742,0,2.0,-0.165,310.005,-2.8043,33.99,0.0,185.098,0.0,0
46908,-2.217,83.545,0.0,0.0,-2.359,184.2432,238.20000000000002,99.9,5.742,0,2.0,-0.145,310.005,-1.9795,34.26,0.0,186.09400000000002,0.0,0
46908,-1.705,83.545,-0.5,0.0,-2.359,186.66410000000002,238.20000000000002,100.10000000000001,5.742,0,0.0,-0.155,310.005,3.9589000000000003,34.35,0.0,187.09,0.0,0
46908,-1.8760000000000001,83.545,0.5,0.0,-2.42,189.0851,238.20000000000002,99.9,5.742,0,-2.0,-0.165,310.14000000000004,2.7713,34.77,0.0,188.086,0.0,0
46908,-2.217,83.545,0.0,0.0,-2.359,191.5104,239.0,99.9,5.742,0,0.0,-0.15,310.005,-1.5836000000000001,34.65,0.0,189.08200000000002,0.0,0
46908,-1.8760000000000001,83.545,0.0,0.0,-2.48,193.9884,239.0,99.4,5.742,0,0.0,-0.14,309.915,-4.7507,34.89,0.0,190.098,0.0,0
46908,-1.8760000000000001,83.545,0.5,0.0,-2.54,196.4177,239.0,99.9,5.742,0,0.0,-0.165,310.14000000000004,-4.486800000000001,35.25,0.0,191.09400000000002,0.0,0
46908,-2.0460000000000003,83.545,0.0,0.0,-2.359,198.8523,239.60000000000002,100.10000000000001,5.742,0,2.0,-0.135,310.005,3.0352,35.22,0.0,192.09,0.0,0
46908,-2.217,83.545,0.0,0.0,-2.54,201.28740000000002,239.60000000000002,99.9,5.742,0,0.0,-0.15,310.005,3.8930000000000002,35.160000000000004,0.0,193.086,0.0,0
46908,-2.0460000000000003,83.545,0.0,0.0,-2.359,203.7725,288.90000000000003,100.10000000000001,5.742,0,1.0,-0.145,310.14000000000004,-0.6598,35.22,0.0,194.102,0.0,0
46908,-1.8760000000000001,83.545,0.0,0.0,-2.359,206.21120000000002,240.0,99.9,5.742,0,0.0,-0.155,310.14000000000004,-1.6826,34.56,0.0,195.098,0.0,0
46908,-1.8760000000000001,83.545,0.0,0.0,-2.54,208.6498,239.9,100.10000000000001,5.742,0,0.0,-0.155,310.14000000000004,2.7713,34.11,0.0,196.09400000000002,0.0,0
46908,-2.0460000000000003,83.545,-0.5,0.0,-2.54,211.0892,240.0,99.7,5.742,0,-1.0,-0.155,310.005,-1.4846000000000001,33.54,0.0,197.09,0.0,0
46908,-2.0460000000000003,83.545,0.0,0.0,-2.54,211.32930000000002,240.10000000000002,100.10000000000001,5.742,0,-1.0,-0.13,310.005,-1.1629,33.57,0.0,197.18800000000002,0.0,0
46908,-1.705,83.545,0.5,0.0,-2.42,213.81560000000002,286.6,100.10000000000001,5.742,0,3.0,-0.155,310.14000000000004,-3.9589000000000003,33.12,0.0,198.203,0.0,0
46908,-2.217,83.545,0.0,0.0,-2.117,216.2552,237.5,100.4,5.742,0,0.0,-0.155,310.005,0.7505000000000001,33.09,0.0,199.199,0.0,0
46908,-1.5350000000000001,83.545,0.5,0.0,-2.299,218.6938,237.5,99.7,5.742,0,0.0,-0.17500000000000002,310.23,3.9177000000000004,34.14,0.0,200.19500000000002,0.0,0
46908,-2.217,83.545,-0.5,0.0,-2.844,221.13240000000002,237.5,100.7,5.742,0,0.0,-0.155,310.14000000000004,3.8682000000000003,34.71,0.0,201.191,0.0,0
46908,-2.0460000000000003,83.545,-0.5,0.0,-2.48,223.57170000000002,239.60000000000002,99.9,5.742,0,0.0,-0.17500000000000002,310.14000000000004,0.5691,35.43,0.0,202.18800000000002,0.0,0
46908,-1.705,83.545,-0.5,0.0,-2.299,226.0533,239.60000000000002,100.10000000000001,5.742,0,1.0,-0.18,310.005,-5.8724,35.550000000000004,0.0,203.203,0.0,0
46908,-2.217,83.545,0.0,0.0,-2.42,228.48850000000002,237.20000000000002,99.9,5.742,0,1.0,-0.155,310.005,-4.923900000000001,34.77,0.0,204.199,0.0,0
46908,-1.8760000000000001,83.545,0.0,0.0,-2.602,230.91850000000002,236.60000000000002,99.9,5.742,0,0.0,-0.155,310.005,-2.5733,34.410000000000004,0.0,205.19500000000002,0.0,0
46908,-1.8760000000000001,83.545,0.0,0.0,-2.42,233.34810000000002,236.70000000000002,99.7,5.742,0,2.0,-0.135,310.005,0.066,34.32,0.0,206.191,0.0,0
46908,-2.0460000000000003,83.545,0.0,0.0,-2.602,235.824,284.5,100.10000000000001,5.742,0,0.0,-0.155,310.005,-0.5938,34.68,0.0,207.20700000000002,0.0,0
46908,-1.8760000000000001,83.545,0.5,0.0,-2.42,238.2458,238.3,99.9,5.742,0,1.0,-0.17,309.915,0.0165,34.08,0.0,208.203,0.0,0
46908,-2.0460000000000003,83.545,0.0,0.0,-2.238,240.66760000000002,235.8,99.9,5.742,0,0.0,-0.16,310.005,-0.6103000000000001,33.9,0.0,209.199,0.0,0
46908,-2.217,83.545,0.0,0.0,-2.238,243.08270000000002,234.9,100.10000000000001,5.742,0,0.0,-0.15,309.915,0.28040000000000004,33.24,0.0,210.19500000000002,0.0,0
46908,-2.217,83.545,-0.5,0.0,-2.723,245.49470000000002,234.9,100.10000000000001,5.742,0,-2.0,-0.15,310.005,1.3856000000000002,32.910000000000004,0.0,211.191,0.0,0
46908,-2.217,83.545,-0.5,0.0,-2.783,247.95420000000001,236.5,99.4,5.742,0,0.0,-0.125,310.14000000000004,-1.4104,32.46,0.0,212.20700000000002,0.0,0
46908,-2.217,83.545,0.0,0.0,-2.48,250.35430000000002,236.20000000000002,99.9,5.742,0,0.0,-0.165,310.14000000000004,4.6188,33.0,0.0,213.203,0.0,0
46908,-1.705,83.545,-0.5,0.0,-2.54,252.7543,233.70000000000002,100.10000000000001,5.742,0,0.0,-0.155,309.915,3.1177,34.410000000000004,0.0,214.199,0.0,0
46908,-1.5350000000000001,83.545,0.5,0.0,-2.54,255.1484,232.4,100.10000000000001,5.742,0,-1.0,-0.15,310.14000000000004,-2.5321000000000002,36.0,0.0,215.19500000000002,0.0,0
46908,-1.705,83.545,0.0,0.0,-2.42,257.5826,280.3,100.10000000000001,5.742,0,0.0,-0.16,310.14000000000004,3.8930000000000002,36.42,0.0,216.211,0.0,0
46908,-1.705,83.545,-0.5,0.0,-2.238,259.9689,234.8,100.10000000000001,5.742,0,0.0,-0.12,310.005,6.5323,35.25,0.0,217.20700000000002,0.0,0
46908,-2.0460000000000003,83.545,0.5,0.0,-2.057,262.3423,233.3,100.10000000000001,5.742,0,0.0,-0.145,310.005,-9.806600000000001,34.89,0.0,218.203,0.0,0
46908,-2.0460000000000003,83.545,0.5,0.0,-2.299,264.7129,230.9,99.9,5.742,0,-2.0,-0.145,310.14000000000004,-4.9322,35.1,0.0,219.199,0.0,0
46908,-2.0460000000000003,83.545,0.0,0.0,-2.54,267.0802,229.20000000000002,99.7,5.742,0,1.0,-0.165,310.005,3.3651,35.94,0.0,220.19500000000002,0.0,0
46908,-1.705,83.545,-0.5,0.0,-2.359,269.4807,231.60000000000002,100.10000000000001,5.742,0,0.0,-0.155,310.005,-0.47840000000000005,35.34,0.0,221.211,0.0,0
46908,-1.8760000000000001,83.545,0.0,0.0,-2.42,271.8339,231.5,100.10000000000001,5.742,0,1.0,-0.16,309.915,-0.8825000000000001,34.59,0.0,222.20700000000002,0.0,0
46908,-1.5350000000000001,83.545,0.5,0.0,-2.238,274.1761,229.70000000000002,100.10000000000001,5.742,0,1.0,-0.19,310.005,1.0557,34.17,0.0,223.203,0.0,0
46908,-1.705,83.545,0.0,0.0,-2.057,276.5104,227.3,99.9,5.742,0,0.0,-0.135,310.005,-0.19790000000000002,33.42,0.0,224.199,0.0,0
46908,-1.705,83.545,0.5,0.0,-2.057,276.74010000000004,229.70000000000002,99.9,5.742,0,0.0,-0.15,310.005,-0.5279,33.33,0.0,224.297,0.0,0
46908,-2.217,83.545,0.0,0.0,-2.42,279.1198,228.20000000000002,100.10000000000001,5.742,0,0.0,-0.145,309.915,0.6598,33.3,0.0,225.31300000000002,0.0,0
46908,-1.8760000000000001,83.545,-0.5,0.0,-2.238,281.43350000000004,227.70000000000002,99.9,5.742,0,0.0,-0.16,310.005,-1.5836000000000001,33.63,0.0,226.309,0.0,0
46908,-1.8760000000000001,83.545,0.0,0.0,-2.238,283.7472,227.60000000000002,100.7,5.742,0,0.0,-0.17,310.005,-0.9238000000000001,34.89,0.0,227.305,0.0,0
46908,-2.0460000000000003,83.545,0.5,0.0,-2.117,286.0512,225.5,100.10000000000001,5.742,0,0.0,-0.16,310.005,2.5733,35.730000000000004,0.0,228.30100000000002,0.0,0
46908,-1.5350000000000001,83.545,0.0,0.0,-2.359,288.3868,269.3,99.9,5.742,0,0.0,-0.16,310.14000000000004,1.4516,36.33,0.0,229.316,0.0,0
46908,-1.8760000000000001,83.545,0.5,0.0,-2.238,290.68080000000003,225.5,99.9,5.742,0,0.0,-0.155,310.005,0.7918000000000001,36.06,0.0,230.31300000000002,0.0,0
46908,-1.705,83.545,0.0,0.0,-2.238,292.9534,223.20000000000002,99.9,5.742,0,-1.0,-0.145,310.005,2.1114,35.07,0.0,231.309,0.0,0
46908,-1.5350000000000001,83.545,0.0,0.0,-2.42,295.2221,223.20000000000002,100.10000000000001,5.742,0,0.0,-0.145,310.005,0.8908,34.800000000000004,0.0,232.305,0.0,0
46908,-1.705,83.545,0.0,0.0,-2.299,297.4859,220.8,100.10000000000001,5.742,0,0.0,-0.17500000000000002,310.005,0.39590000000000003,34.62,0.0,233.30100000000002,0.0,0
46908,-1.5350000000000001,83.545,0.5,0.0,-2.057,299.77320000000003,218.60000000000002,99.9,5.742,0,-1.0,-0.16,310.005,-2.6393,35.28,0.0,234.316,0.0,0
46908,-1.705,83.545,0.0,0.0,-2.057,302.0199,220.8,100.10000000000001,5.742,0,1.0,-0.15,310.14000000000004,3.0352,35.910000000000004,0.0,235.31300000000002,0.0,0
46908,-2.0460000000000003,83.545,0.0,0.0,-2.057,304.2495,218.3,99.9,5.742,0,-2.0,-0.155,310.14000000000004,5.4435,35.58,0.0,236.309,0.0,0
46908,-2.217,83.545,0.0,0.0,-2.117,306.4689,218.4,100.10000000000001,5.742,0,1.0,-0.14,310.14000000000004,2.3754,34.2,0.0,237.305,0.0,0
46908,-1.5350000000000001,83.545,0.5,0.0,-2.359,308.6882,218.4,100.10000000000001,5.742,0,1.0,-0.17500000000000002,310.005,0.099,33.21,0.0,238.30100000000002,0.0,0
46908,-1.5350000000000001,83.545,0.0,0.0,-2.238,310.9246,213.60000000000002,99.9,5.742,0,0.0,-0.17500000000000002,310.14000000000004,-3.1672000000000002,32.55,0.0,239.316,0.0,0
46908,-2.0460000000000003,83.545,0.0,0.0,-2.057,313.1204,215.8,99.7,5.742,0,-1.0,-0.14,310.005,-4.651800000000001,32.7,0.0,240.31300000000002,0.0,0
46908,-1.8760000000000001,83.545,0.5,0.0,-1.936,315.3048,213.20000000000002,100.10000000000001,5.742,0,0.0,-0.155,309.915,-4.3548,34.89,0.0,241.309,0.0,0
46908,-1.705,83.545,0.0,0.0,-2.238,317.47220000000004,213.3,99.9,5.742,0,0.0,-0.155,310.005,-2.0125,36.300000000000004,0.0,242.305,0.0,0
46908,-2.217,83.545,0.5,0.0,-2.54,319.6809,254.60000000000002,100.4,5.742,0,1.0,-0.165,310.005,2.1114,36.75,0.0,243.32000000000002,0.0,0
46908,-1.705,83.545,0.0,0.0,-2.238,321.82890000000003,208.60000000000002,99.9,5.742,0,2.0,-0.17500000000000002,310.14000000000004,2.4743,35.94,0.0,244.316,0.0,0
46908,-2.0460000000000003,83.545,0.0,0.0,-2.117,323.9721,210.70000000000002,100.10000000000001,5.742,0,0.0,-0.145,310.005,1.1877,35.58,0.0,245.31300000000002,0.0,0
46908,-2.217,83.545,-0.5,0.0,-1.754,326.1103,208.10000000000002,99.7,5.742,0,0.0,-0.17,310.005,0.7918000000000001,35.52,0.0,246.30900000000003,0.0,0
46908,-2.217,83.545,0.0,0.0,-2.238,328.22520000000003,208.10000000000002,100.10000000000001,5.742,0,2.0,-0.155,310.005,-3.1672000000000002,35.37,0.0,247.305,0.0,0
46908,-2.217,83.545,0.5,0.0,-2.48,330.3804,205.9,99.7,5.742,0,0.0,-0.18,310.005,-1.0557,34.68,0.0,248.32000000000002,0.0,0
46908,-2.0460000000000003,83.545,0.0,0.0,-2.178,332.4826,203.4,100.10000000000001,5.742,0,0.0,-0.195,310.005,-0.6598,33.69,0.0,249.316,0.0,0
46908,-1.705,83.545,0.0,0.0,-2.057,334.57410000000004,205.60000000000002,98.7,5.742,0,0.0,-0.185,310.005,-2.6393,33.480000000000004,0.0,250.31300000000002,0.0,0
46908,-1.8760000000000001,83.545,0.5,0.0,-2.057,336.6214,205.60000000000002,96.10000000000001,5.742,0,2.0,-0.17500000000000002,310.005,3.2991,33.480000000000004,0.0,251.28900000000002,0.0,0
46908,-1.5350000000000001,83.545,0.0,0.0,-1.694,338.5697,203.10000000000002,92.0,5.742,0,0.0,-0.15,310.005,2.6393,34.05,0.0,252.227,0.0,0
46908,-1.5350000000000001,83.545,0.0,0.0,-1.2710000000000001,340.4314,203.20000000000002,86.9,5.742,0,2.0,-0.14,310.005,0.0,33.99,0.0,253.125,0.0,0
46908,-1.5350000000000001,83.545,0.5,0.0,-1.089,342.1313,161.70000000000002,79.3,5.742,0,1.0,-0.13,310.005,-1.5836000000000001,34.59,0.0,253.94500000000002,0.0,0
46908,-2.387,83.545,0.5,0.0,-1.21,342.293,161.70000000000002,79.10000000000001,5.742,0,1.0,-0.165,310.005,-1.6496000000000002,34.56,0.0,254.02300000000002,0.0,0
46908,-2.0460000000000003,83.545,0.0,0.0,-1.1500000000000001,343.81710000000004,159.9,70.7,5.742,0,1.0,-0.185,309.915,-2.8207,34.77,0.0,254.76600000000002,0.0,0
46908,-2.0460000000000003,83.545,0.0,0.0,-0.968,345.17830000000004,159.9,62.5,5.742,0,2.0,-0.16,310.005,2.4413,36.27,0.0,255.43,0.0,0
46908,-1.705,83.545,0.0,0.0,-0.968,346.33860000000004,118.9,53.900000000000006,5.742,0,2.0,-0.16,310.14000000000004,1.3609,36.42,0.0,255.996,0.0,0
46908,-1.8760000000000001,83.545,0.0,0.0,-0.846,347.339,79.9,45.5,5.742,0,0.0,-0.185,310.005,3.4971,35.94,0.0,256.48400000000004,0.0,0
46908,-1.8760000000000001,83.545,0.0,0.0,-0.786,348.1772,81.2,36.1,5.742,0,1.0,-0.16,310.005,-1.5836000000000001,35.82,0.0,256.89500000000004,0.0,0
46908,-1.705,83.545,0.0,0.0,-0.908,348.81030000000004,38.5,28.700000000000003,5.742,0,0.0,-0.17,310.005,-5.6745,35.730000000000004,0.0,257.207,0.0,0
46908,-2.217,83.545,0.0,0.0,-0.786,349.3258,40.6,20.5,5.742,0,1.0,-0.2,309.915,-2.0949,34.89,0.0,257.461,0.0,0
46908,-1.705,83.545,-0.5,0.0,-1.089,349.64230000000003,0.0,14.200000000000001,5.742,0,0.0,-0.2,310.005,0.0,34.230000000000004,0.0,257.617,0.0,0
46908,-1.8760000000000001,83.545,0.0,0.0,-1.5130000000000001,349.8798,0.0,9.1,5.742,0,1.0,-0.185,310.005,2.7713,33.87,0.0,257.73400000000004,0.0,0
46908,-1.705,83.545,-0.5,0.0,-1.754,349.9995,0.0,5.1000000000000005,5.742,0,1.0,-0.155,310.005,2.2269,34.26,0.0,257.793,0.0,0
46908,-1.8760000000000001,83.545,0.0,0.0,-1.936,350.0786,0.0,2.0,5.742,0,1.0,-0.17,310.005,0.0,34.29,0.0,257.832,0.0,0
46908,-1.8760000000000001,83.545,0.0,0.0,-1.694,350.11920000000003,0.0,-0.2,5.742,0,0.0,-0.16,310.005,2.1774,34.35,0.0,257.85200000000003,0.0,0
46908,-1.8760000000000001,83.545,-0.5,0.0,-1.694,350.11920000000003,0.0,-0.5,5.742,0,0.0,-0.155,310.005,1.9795,34.29,0.0,257.85200000000003,0.0,0
46908,-1.5350000000000001,83.545,0.0,0.0,-1.694,350.0786,0.0,-0.2,5.742,0,1.0,-0.17,310.005,1.5836000000000001,34.980000000000004,0.0,257.832,0.0,0
46908,-1.5350000000000001,83.545,0.5,0.0,-1.694,350.0786,0.0,-0.2,5.742,0,0.0,-0.16,310.005,-2.3754,35.85,0.0,257.832,0.0,0
46908,-1.705,83.545,0.5,0.0,-1.694,350.0786,0.0,0.0,5.742,0,1.0,-0.195,310.005,-2.3754,35.64,0.0,257.832,0.0,0
46908,-1.8760000000000001,83.545,0.5,0.0,-1.694,350.0786,0.0,-0.2,5.742,0,1.0,-0.14,310.14000000000004,2.7713,35.58,0.0,257.832,0.0,0
46908,-1.705,83.545,-0.5,0.0,-1.694,350.0786,0.0,-0.2,5.742,0,2.0,-0.015,310.005,-0.7918000000000001,35.67,0.0,257.832,0.0,0
46908,-1.705,83.545,-0.5,0.0,-1.694,350.0786,0.0,0.0,5.742,0,0.0,0.71,310.005,-2.7713,35.64,0.0,257.832,0.0,0
46908,-1.5350000000000001,83.545,0.0,0.0,-1.694,350.0786,0.0,0.0,5.757000000000001,0,2.0,0.85,309.915,0.165,35.34,0.0,257.832,0.0,0
46908,-2.0460000000000003,83.545,0.0,0.0,-1.694,350.0786,0.0,0.0,5.776000000000001,0,2.0,0.74,310.005,0.132,35.04,0.0,257.832,0.0,0
46908,-1.8760000000000001,83.545,0.0,0.0,-1.694,350.0786,0.0,0.0,5.796,0,0.0,0.9550000000000001,310.005,0.5279,34.65,0.0,257.832,0.0,0
46908,-1.8760000000000001,83.545,-0.5,0.0,-1.694,350.0786,0.0,0.0,5.815,0,0.0,1.12,310.14000000000004,5.0147,34.14,0.0,257.832,0.0,0
46908,-1.705,83.545,0.0,0.0,-1.694,350.0786,0.0,0.0,5.835,0,1.0,1.335,310.005,-0.7918000000000001,33.78,0.0,257.832,0.0,0
46908,-1.5350000000000001,83.545,-0.5,0.0,-1.694,350.0786,0.0,0.0,5.854,0,-1.0,1.51,309.915,-1.0557,33.87,0.0,257.832,0.0,0
46908,-1.8760000000000001,83.545,0.5,0.0,-1.694,350.0786,0.0,0.0,5.8740000000000006,0,-2.0,1.72,310.005,-2.0125,33.660000000000004,0.0,257.832,0.0,0
46908,-1.705,83.545,0.5,0.0,-1.694,350.0786,0.0,0.0,5.894,0,0.0,1.8,310.14000000000004,0.2639,34.59,0.0,257.832,0.0,0
46908,-1.8760000000000001,83.545,0.5,0.0,-1.694,350.0786,0.0,0.0,5.913,0,0.0,1.8900000000000001,310.005,4.1569,35.22,0.0,257.832,0.0,0
46908,-1.8760000000000001,83.545,0.0,0.0,-1.694,350.0786,0.0,0.0,5.933000000000001,0,0.0,1.8900000000000001,310.005,0.5279,35.910000000000004,0.0,257.832,0.0,0
46908,-1.705,83.545,0.0,0.0,-1.694,350.0786,0.0,0.0,5.952,0,-1.0,1.92,309.915,-5.1136,36.0,0.0,257.832,0.0,0
46908,-1.8760000000000001,83.545,-0.5,0.0,-1.694,350.0786,0.0,-0.2,5.972,0,1.0,1.835,310.005,-0.5279,35.37,0.0,257.832,0.0,0
46908,-1.705,83.545,0.0,0.0,-1.694,350.0786,0.0,0.0,5.996,0,1.0,1.71,310.005,4.486800000000001,34.800000000000004,0.0,257.832,0.0,0
46908,-2.0460000000000003,83.545,0.0,0.0,-1.694,350.0786,0.0,0.0,6.016,0,3.0,1.5350000000000001,310.005,4.2229,34.29,0.0,257.832,0.0,0
46908,-1.5350000000000001,83.545,0.0,0.0,-1.694,350.0786,0.0,0.0,6.035,0,2.0,1.48,310.005,0.7918000000000001,34.26,0.0,257.832,0.0,0
46908,-1.8760000000000001,83.545,0.5,0.0,-1.694,350.0786,0.0,0.2,6.055000000000001,0,1.0,1.345,310.14000000000004,1.1877,33.9,0.0,257.832,0.0,0
46908,-2.0460000000000003,83.545,0.5,0.0,-1.694,350.0786,0.0,-0.2,6.074000000000001,0,2.0,1.2550000000000001,310.005,1.5836000000000001,33.51,0.0,257.832,0.0,0
46908,-2.0460000000000003,83.545,0.5,0.0,-1.694,350.0786,0.0,0.0,6.099,0,0.0,1.33,310.005,-0.7918000000000001,33.27,0.0,257.832,0.0,0
46908,-1.705,83.545,0.5,0.0,-1.694,350.0786,0.0,0.0,6.118,0,2.0,1.24,310.005,-1.7485000000000002,33.78,0.0,257.832,0.0,0
46908,-2.0460000000000003,83.545,0.5,0.0,-1.694,350.0786,0.0,0.0,6.138,0,3.0,1.235,310.005,0.6598,34.2,0.0,257.832,0.0,0
46908,-1.8760000000000001,83.545,-0.5,0.0,-1.694,350.0786,0.0,0.0,6.157,0,0.0,1.325,310.005,3.9589000000000003,35.31,0.0,257.832,0.0,0
46908,-1.5350000000000001,83.545,0.0,0.0,-1.694,350.0786,0.0,0.2,6.157,0,0.0,1.34,310.005,3.4971,35.37,0.0,257.832,0.0,0
46908,-2.0460000000000003,83.545,-0.5,0.0,-1.694,350.0786,0.0,-0.2,6.1770000000000005,0,1.0,1.47,310.005,-0.39590000000000003,35.25,0.0,257.832,0.0,0
46908,-1.5350000000000001,83.545,0.0,0.0,-1.694,350.0786,0.0,0.0,6.196000000000001,0,2.0,1.5050000000000001,309.915,-5.79,34.800000000000004,0.0,257.832,0.0,0
46908,-1.705,83.545,0.0,0.0,-1.694,350.0786,0.0,0.0,6.216,0,0.0,1.54,310.005,-0.6598,34.17,0.0,257.832,0.0,0
46908,-1.8760000000000001,83.545,0.0,0.0,-1.694,350.0786,0.0,0.0,6.235,0,2.0,1.735,309.915,-2.2269,34.38,0.0,257.832,0.0,0
46908,-1.5350000000000001,83.545,-0.5,0.0,-1.694,350.0786,0.0,0.0,6.255,0,2.0,1.935,310.005,0.6433,34.86,0.0,257.832,0.0,0
46908,-1.5350000000000001,83.545,-0.5,0.0,-1.694,350.0786,0.0,0.0,6.274,0,0.0,2.005,310.005,1.8475000000000001,35.61,0.0,257.832,0.0,0
46908,-1.705,83.545,0.0,0.0,-1.694,350.0786,0.0,0.2,6.299,0,-1.0,2.07,310.14000000000004,1.0145,35.550000000000004,0.0,257.832,0.0,0
46908,-1.5350000000000001,83.545,0.5,0.0,-1.694,350.0786,0.0,0.0,6.3180000000000005,0,0.0,2.025,310.005,3.6950000000000003,34.56,0.0,257.832,0.0,0
46908,-1.705,83.545,0.0,0.0,-1.694,350.0786,0.0,0.0,6.338,0,2.0,2.015,310.005,2.4413,33.75,0.0,257.832,0.0,0
46908,-1.8760000000000001,83.545,0.0,0.0,-1.694,350.0786,0.0,0.2,6.357,0,2.0,2.055,310.005,-3.629,32.49,0.0,257.832,0.0,0
46908,-1.8760000000000001,83.545,0.5,0.0,-1.694,350.0786,0.0,-0.2,6.377000000000001,0,2.0,1.975,310.14000000000004,-0.3547,32.01,0.0,257.832,0.0,0
46908,-1.705,83.545,0.0,0.0,-1.694,350.0786,0.0,0.0,6.396,0,3.0,1.95,310.005,-0.7011000000000001,33.3,0.0,257.832,0.0,0
46908,-1.705,83.545,0.0,0.0,-1.694,350.0786,0.0,-0.2,6.416,0,2.0,1.9100000000000001,310.005,-0.46190000000000003,34.47,0.0,257.832,0.0,0
46908,-1.5350000000000001,83.545,0.0,0.0,-1.694,350.0786,0.0,0.0,6.44,0,0.0,1.7,310.14000000000004,0.899,35.46,0.0,257.832,0.0,0
46908,-1.5350000000000001,83.545,0.0,0.0,-1.694,350.0786,0.0,0.0,6.46,0,-1.0,1.7,310.005,3.8270000000000004,35.730000000000004,0.0,257.832,0.0,0
46908,-1.705,83.545,0.0,0.0,-1.694,350.0786,0.0,0.0,6.479,0,-1.0,1.59,310.14000000000004,1.8887,35.37,0.0,257.832,0.0,0
46908,-1.705,83.545,0.5,0.0,-1.694,350.0786,0.0,0.0,6.4990000000000006,0,0.0,1.56,310.005,-1.097,34.89,0.0,257.832,0.0,0
46908,-1.5350000000000001,83.545,0.0,0.0,-1.694,350.0786,0.0,0.0,6.519,0,2.0,1.49,310.005,-3.2084,34.56,0.0,257.832,0.0,0
46908,-2.217,83.545,-0.5,0.0,-1.694,350.0786,0.0,0.0,6.543,0,2.0,1.495,310.005,-2.2846,34.47,0.0,257.832,0.0,0
46908,-1.8760000000000001,83.545,0.5,0.0,-1.694,350.0786,0.0,-0.2,6.563000000000001,0,1.0,1.3800000000000001,310.005,1.1877,34.38,0.0,257.832,0.0,0
46908,-2.0460000000000003,83.545,0.0,0.0,-1.694,350.0786,0.0,0.2,6.582000000000001,0,1.0,1.365,310.005,-1.7155,34.5,0.0,257.832,0.0,0
46908,-1.8760000000000001,83.545,0.0,0.0,-1.694,350.0786,0.0,0.0,6.602,0,-1.0,1.49,310.005,-0.39590000000000003,34.29,0.0,257.832,0.0,0
46908,-1.5350000000000001,83.545,0.5,0.0,-1.694,350.0786,0.0,0.0,6.621,0,2.0,1.465,310.005,3.4971,33.87,0.0,257.832,0.0,0
46908,-1.5350000000000001,83.545,0.0,0.0,-1.694,350.0786,0.0,-0.2,6.641,0,1.0,1.6500000000000001,310.14000000000004,3.2579000000000002,33.0,0.0,257.832,0.0,0
46908,-1.705,83.545,0.0,0.0,-1.694,350.0786,0.0,0.2,6.66,0,4.0,1.76,310.005,-0.39590000000000003,32.37,0.0,257.832,0.0,0
46908,-1.705,83.545,-0.5,0.0,-1.694,350.0786,0.0,0.0,6.680000000000001,0,1.0,1.87,310.14000000000004,-1.0557,32.43,0.0,257.832,0.0,0
46908,-1.364,83.545,0.0,0.0,-1.694,350.0786,0.0,-0.2,6.699000000000001,0,1.0,1.945,310.005,0.0907,34.14,0.0,257.832,0.0,0
46908,-2.217,83.545,-0.5,0.0,-1.694,350.0786,0.0,0.2,6.704000000000001,0,2.0,1.97,310.005,0.6268,34.32,0.0,257.832,0.0,0
46908,-1.5350000000000001,83.545,0.0,0.0,-1.694,350.0786,0.0,0.0,6.724,0,3.0,2.19,310.14000000000004,2.2434000000000003,35.730000000000004,0.0,257.832,0.0,0
46908,-1.5350000000000001,83.545,0.0,0.0,-1.694,350.0786,0.0,0.0,6.743,0,0.0,2.105,309.915,-1.6826,36.18,0.0,257.832,0.0,0
46908,-1.705,83.545,-0.5,0.0,-1.694,350.0786,0.0,0.0,6.763,0,1.0,2.165,310.005,-0.6598,35.28,0.0,257.832,0.0,0
46908,-1.8760000000000001,83.545,0.0,0.0,-1.694,350.0786,0.0,0.0,6.782,0,3.0,2.315,310.14000000000004,-0.5279,34.2,0.0,257.832,0.0,0
46908,-1.705,83.545,0.0,0.0,-1.694,350.0786,0.0,-0.2,6.8020000000000005,0,1.0,2.195,310.14000000000004,6.0704,33.45,0.0,257.832,0.0,0
46908,-1.5350000000000001,83.545,0.0,0.0,-1.694,350.0786,0.0,-0.2,6.821000000000001,0,3.0,2.12,310.005,2.9032,33.84,0.0,257.832,0.0,0
46908,-2.217,83.545,0.0,0.0,-1.694,350.0786,0.0,0.2,6.841,0,3.0,2.08,310.005,-3.2991,34.08,0.0,257.832,0.0,0
46908,-1.8760000000000001,83.545,0.0,0.0,-1.694,350.0786,0.0,0.0,6.86,0,0.0,1.965,310.005,-2.5403000000000002,33.45,0.0,257.832,0.0,0
46908,-1.705,83.545,-0.5,0.0,-1.694,350.0786,0.0,-0.2,6.885000000000001,0,0.0,1.8,310.005,-1.0557,32.43,0.0,257.832,0.0,0
46908,-1.5350000000000001,83.545,0.0,0.0,-1.694,350.0786,0.0,0.2,6.904,0,-1.0,1.59,310.005,5.5425,32.160000000000004,0.0,257.832,0.0,0
46908,-1.5350000000000001,83.545,0.0,0.0,-1.694,350.0786,0.0,0.0,6.924,0,1.0,1.635,310.005,1.3196,32.34,0.0,257.832,0.0,0
46908,-1.705,83.545,-0.5,0.0,-1.694,350.0786,0.0,0.2,6.9430000000000005,0,1.0,1.51,309.915,-3.3651,33.03,0.0,257.832,0.0,0
46908,-1.705,83.545,0.5,0.0,-1.694,350.0786,0.0,-0.2,6.963,0,3.0,1.495,310.14000000000004,1.5836000000000001,33.9,0.0,257.832,0.0,0
46908,-1.194,83.545,0.0,0.0,-1.694,350.0786,0.0,-0.2,6.987,0,1.0,1.59,309.915,-2.0455,34.65,0.0,257.832,0.0,0
46908,-1.705,83.545,0.0,0.0,-1.694,350.0786,0.0,0.0,7.007000000000001,0,2.0,1.665,310.005,-0.132,34.95,0.0,257.832,0.0,0
46908,-1.5350000000000001,83.545,0.0,0.0,-1.694,350.0786,0.0,-0.2,7.007000000000001,0,3.0,1.805,310.14000000000004,0.1567,34.980000000000004,0.0,257.832,0.0,0
46908,-1.5350000000000001,83.545,-0.5,0.0,-1.694,350.0786,0.0,-0.2,7.026000000000001,0,-2.0,1.865,310.005,1.2784,34.77,0.0,257.832,0.0,0
46908,-1.8760000000000001,83.545,0.5,0.0,-1.694,350.0786,0.0,0.2,7.046,0,1.0,2.015,310.14000000000004,5.9632000000000005,34.65,0.0,257.832,0.0,0
46908,-1.705,83.545,0.0,0.0,-1.694,350.0786,0.0,0.0,7.065,0,2.0,2.255,310.005,-0.7918000000000001,34.44,0.0,257.832,0.0,0
46908,-1.5350000000000001,83.545,0.0,0.0,-1.694,350.0786,0.0,0.0,7.085,0,2.0,2.27,310.005,-5.344600000000001,34.17,0.0,257.832,0.0,0
46908,-1.705,83.545,0.0,0.0,-1.694,350.0786,0.0,-0.2,7.104,0,1.0,2.495,310.005,-1.0310000000000001,34.05,0.0,257.832,0.0,0
46908,-1.705,83.545,0.0,0.0,-1.694,350.0786,0.0,0.0,7.1240000000000006,0,2.0,2.56,310.005,1.6496000000000002,33.99,0.0,257.832,0.0,0
46908,-1.5350000000000001,83.545,0.0,0.0,-1.694,350.0786,0.0,-0.2,7.144,0,2.0,2.6550000000000002,309.915,-4.6683,34.2,0.0,257.832,0.0,0
46908,-1.8760000000000001,83.545,0.5,0.0,-1.694,350.0786,0.0,-0.2,7.163,0,3.0,2.63,310.14000000000004,2.5486,34.11,0.0,257.832,0.0,0
46908,-1.5350000000000001,83.545,0.0,0.0,-1.694,350.0786,0.0,0.0,7.183000000000001,0,1.0,2.5300000000000002,310.14000000000004,8.1571,33.72,0.0,257.832,0.0,0
46908,-1.705,83.545,0.0,0.0,-1.694,350.0786,0.0,-0.2,7.202,0,2.0,2.52,310.005,0.6433,32.88,0.0,257.832,0.0,0
46908,-1.5350000000000001,83.545,0.0,0.0,-1.694,350.0786,0.0,0.0,7.222,0,2.0,2.585,310.005,-6.1116,32.82,0.0,257.832,0.0,0
46908,-1.5350000000000001,83.545,0.0,0.0,-1.694,350.0786,0.0,-0.2,7.246,0,-2.0,2.375,310.005,-2.1527000000000003,33.45,0.0,257.832,0.0,0
46908,-1.705,83.545,0.0,0.0,-1.694,350.0786,0.0,0.0,7.266,0,0.0,2.23,309.915,-1.4351,34.53,0.0,257.832,0.0,0
46908,-1.5350000000000001,83.545,0.5,0.0,-1.694,350.0786,0.0,0.0,7.285,0,0.0,2.225,310.14000000000004,0.1072,35.28,0.0,257.832,0.0,0
46908,-1.5350000000000001,83.545,0.0,0.0,-1.694,350.0786,0.0,0.2,7.305000000000001,0,1.0,2.075,310.14000000000004,4.1981,35.58,0.0,257.832,0.0,0
46908,-1.5350000000000001,83.545,0.0,0.0,-1.694,350.0786,0.0,0.2,7.329000000000001,0,0.0,2.06,310.005,0.1155,35.61,0.0,257.832,0.0,0
46908,-1.705,83.545,0.5,0.0,-1.694,350.0786,0.0,-0.2,7.349,0,2.0,1.99,310.14000000000004,-1.8063,35.19,0.0,257.832,0.0,0
46908,-1.705,83.545,0.0,0.0,-1.694,350.0786,0.0,0.0,7.368,0,1.0,2.035,310.005,1.5423,34.32,0.0,257.832,0.0,0
46908,-1.8760000000000001,83.545,-0.5,0.0,-1.694,350.0786,0.0,0.0,7.388000000000001,0,0.0,1.985,310.005,-0.6763,34.17,0.0,257.832,0.0,0
46908,-1.5350000000000001,83.545,-0.5,0.0,-1.694,350.0786,0.0,0.2,7.407,0,-2.0,2.1350000000000002,310.005,-2.5486,33.39,0.0,257.832,0.0,0
46908,-1.8760000000000001,83.545,0.0,0.0,-1.694,350.0786,0.0,0.0,7.4270000000000005,0,0.0,2.145,310.005,-0.19790000000000002,33.06,0.0,257.832,0.0,0
46908,-1.5350000000000001,83.545,0.0,0.0,-1.694,350.0786,0.0,0.0,7.446000000000001,0,0.0,2.225,310.005,-2.1774,33.69,0.0,257.832,0.0,0
46908,-1.5350000000000001,83.545,0.0,0.0,-1.694,350.0786,0.0,0.0,7.466,0,1.0,2.365,310.005,0.0,33.3,0.0,257.832,0.0,0
46908,-1.705,83.545,0.0,0.0,-1.694,350.0786,0.0,0.0,7.485,0,3.0,2.435,309.915,1.2702,34.05,0.0,257.832,0.0,0
46908,-1.5350000000000001,83.545,0.0,0.0,-1.694,350.0786,0.0,0.2,7.505000000000001,0,1.0,2.58,310.14000000000004,1.0310000000000001,35.04,0.0,257.832,0.0,0
46908,-1.705,83.545,0.0,0.0,-1.694,350.0786,0.0,0.2,7.524,0,1.0,2.7,309.915,3.0517000000000003,35.49,0.0,257.832,0.0,0
46908,-1.5350000000000001,83.545,0.0,0.0,-1.694,350.0786,0.0,0.0,7.5440000000000005,0,2.0,2.83,310.14000000000004,2.3506,35.07,0.0,257.832,0.0,0
46908,-1.5350000000000001,83.545,0.5,0.0,-1.694,350.0786,0.0,0.0,7.563000000000001,0,0.0,2.835,310.14000000000004,0.7918000000000001,35.160000000000004,0.0,257.832,0.0,0
46908,-1.5350000000000001,83.545,-0.5,0.0,-1.694,350.0786,0.0,0.2,7.583,0,0.0,2.945,310.005,3.9177000000000004,35.31,0.0,257.832,0.0,0
46908,-1.705,83.545,0.0,0.0,-1.694,350.0786,0.0,0.0,7.607,0,0.0,2.945,310.005,-4.3301,35.46,0.0,257.832,0.0,0
46908,-1.5350000000000001,83.545,0.0,0.0,-1.694,350.0786,0.0,0.2,7.627000000000001,0,-1.0,2.91,310.005,-3.1424000000000003,35.28,0.0,257.832,0.0,0
46908,-1.5350000000000001,83.545,0.0,0.0,-1.694,350.0786,0.0,0.0,7.646000000000001,0,1.0,2.75,309.915,-2.4908,35.160000000000004,0.0,257.832,0.0,0
46908,-1.5350000000000001,83.545,0.0,0.0,-1.694,350.0786,0.0,0.0,7.666,0,1.0,2.515,309.915,-4.1404000000000005,34.53,0.0,257.832,0.0,0
46908,-1.5350000000000001,83.545,-0.5,0.0,-1.694,350.0786,0.0,0.0,7.671,0,3.0,2.52,309.915,-4.6188,34.47,0.0,257.832,0.0,0
46908,-1.5350000000000001,83.545,0.0,0.0,-1.694,350.0786,0.0,0.0,7.69,0,2.0,2.5,309.915,-0.9897,33.51,0.0,257.832,0.0,0
46908,-1.5350000000000001,83.545,0.0,0.0,-1.694,350.0786,0.0,0.0,7.71,0,1.0,2.465,309.915,1.9795,32.76,0.0,257.832,0.0,0
46908,-1.5350000000000001,83.545,-0.5,0.0,-1.694,350.0786,0.0,0.0,7.729,0,2.0,2.355,309.915,3.9589000000000003,32.85,0.0,257.832,0.0,0
46908,-1.5350000000000001,83.545,-0.5,0.0,-1.694,350.0786,0.0,-0.2,7.7490000000000006,0,0.0,2.375,310.005,1.8475000000000001,33.12,0.0,257.832,0.0,0
46908,-1.8760000000000001,83.545,0.0,0.0,-1.694,350.0786,0.0,0.0,7.773000000000001,0,0.0,2.2600000000000002,310.005,-0.066,34.410000000000004,0.0,257.832,0.0,0
46908,-1.5350000000000001,83.545,0.0,0.0,-1.694,350.0786,0.0,-0.2,7.793,0,2.0,2.18,309.915,-1.5836000000000001,36.0,0.0,257.832,0.0,0
46908,-1.5350000000000001,83.545,-0.5,0.0,-1.694,350.0786,0.0,0.0,7.813000000000001,0,1.0,2.17,310.005,-0.5279,36.6,0.0,257.832,0.0,0
46908,-1.705,83.545,0.0,0.0,-1.694,350.0786,0.0,0.0,7.832000000000001,0,1.0,2.235,310.14000000000004,3.1672000000000002,35.88,0.0,257.832,0.0,0
46908,-1.705,83.545,0.0,0.0,-1.694,350.0786,0.0,0.0,7.852,0,-1.0,2.41,310.005,-1.6496000000000002,34.89,0.0,257.832,0.0,0
46908,-1.5350000000000001,83.545,0.0,0.0,-1.694,350.0786,0.0,0.0,7.871,0,2.0,2.505,310.005,-0.9238000000000001,34.53,0.0,257.832,0.0,0
46908,-1.705,83.545,0.0,0.0,-1.694,350.0786,0.0,0.0,7.891,0,1.0,2.58,310.005,0.099,34.47,0.0,257.832,0.0,0
46908,-1.5350000000000001,83.545,0.0,0.0,-1.694,350.0786,0.0,0.0,7.91,0,2.0,2.6550000000000002,310.005,-0.6598,35.4,0.0,257.832,0.0,0
46908,-1.8760000000000001,83.545,0.0,0.0,-1.694,350.0786,0.0,0.0,7.930000000000001,0,4.0,2.89,310.005,-2.9032,35.550000000000004,0.0,257.832,0.0,0
46908,-1.705,83.545,0.5,0.0,-1.694,350.0786,0.0,0.0,7.949000000000001,0,3.0,3.105,310.005,-0.2639,34.92,0.0,257.832,0.0,0
46908,-1.705,83.545,0.0,0.0,-1.694,350.0786,0.0,0.0,7.969,0,2.0,3.09,310.005,0.0,33.84,0.0,257.832,0.0,0
46908,-1.5350000000000001,83.545,0.5,0.0,-1.694,350.0786,0.0,0.2,7.988,0,1.0,3.18,310.14000000000004,3.0352,33.36,0.0,257.832,0.0,0
46908,-1.705,83.545,0.0,0.0,-1.694,350.0786,0.0,0.0,8.008000000000001,0,-1.0,3.1350000000000002,310.14000000000004,5.4435,33.09,0.0,257.832,0.0,0
46908,-1.5350000000000001,83.545,0.0,0.0,-1.694,350.0786,0.0,0.0,8.027000000000001,0,-1.0,3.015,310.005,-0.39590000000000003,33.21,0.0,257.832,0.0,0
46908,-1.5350000000000001,83.545,0.5,0.0,-1.694,350.0786,0.0,0.0,8.052,0,0.0,2.965,310.005,-4.651800000000001,34.86,0.0,257.832,0.0,0
46908,-1.705,83.545,0.5,0.0,-1.694,350.0786,0.0,-0.2,8.071,0,-1.0,2.91,310.005,-2.7713,35.82,0.0,257.832,0.0,0
46908,-1.5350000000000001,83.545,0.5,0.0,-1.694,350.0786,0.0,0.0,8.091000000000001,0,2.0,2.665,310.005,2.3754,36.54,0.0,257.832,0.0,0
46908,-1.705,83.545,0.0,0.0,-1.694,350.0786,0.0,0.0,8.110000000000001,0,1.0,2.61,310.14000000000004,5.1466,36.39,0.0,257.832,0.0,0
46908,-1.705,83.545,0.0,0.0,-1.694,350.0786,0.0,0.0,8.135,0,1.0,2.54,310.14000000000004,0.6928000000000001,35.67,0.0,257.832,0.0,0
46908,-1.705,83.545,0.0,0.0,-1.694,350.0786,0.0,0.0,8.154,0,2.0,2.345,310.14000000000004,0.7918000000000001,34.92,0.0,257.832,0.0,0
46908,-1.364,83.545,0.0,0.0,-1.694,350.0786,0.0,0.0,8.174000000000001,0,0.0,2.235,310.005,-0.165,35.13,0.0,257.832,0.0,0
46908,-1.5350000000000001,83.545,0.0,0.0,-1.694,350.0786,0.0,0.0,8.193,0,0.0,2.215,310.005,-1.3196,35.43,0.0,257.832,0.0,0
46908,-1.8760000000000001,83.545,0.0,0.0,-1.694,350.0786,0.0,0.0,8.213000000000001,0,1.0,2.23,310.005,-1.4846000000000001,35.28,0.0,257.832,0.0,0
46908,-1.705,83.545,0.0,0.0,-1.694,350.0786,0.0,0.2,8.232000000000001,0,0.0,2.1550000000000002,309.915,-3.8270000000000004,34.05,0.0,257.832,0.0,0
46908,-1.8760000000000001,83.545,-0.5,0.0,-1.694,350.0786,0.0,0.0,8.257,0,3.0,2.285,310.14000000000004,-0.6268,32.94,0.0,257.832,0.0,0
46908,-1.705,83.545,0.0,0.0,-1.694,350.0786,0.0,0.0,8.276,0,1.0,2.335,310.14000000000004,3.1672000000000002,33.21,0.0,257.832,0.0,0
46908,-1.705,83.545,0.0,0.0,-1.694,350.0786,0.0,0.0,8.276,0,2.0,2.505,310.005,3.1672000000000002,33.24,0.0,257.832,0.0,0
46908,-1.705,83.545,0.0,0.0,-1.694,350.0786,0.0,0.0,8.296000000000001,0,2.0,2.495,310.005,1.4351,34.59,0.0,257.832,0.0,0
46908,-1.705,83.545,0.5,0.0,-1.694,350.0786,0.0,0.0,8.315000000000001,0,1.0,2.665,310.005,-3.8022,35.67,0.0,257.832,0.0,0
46908,-1.5350000000000001,83.545,0.5,0.0,-1.694,350.0786,0.0,0.0,8.335,0,3.0,2.7600000000000002,310.14000000000004,-0.46190000000000003,36.87,0.0,257.832,0.0,0
46908,-1.5350000000000001,83.545,0.0,0.0,-1.694,350.0786,0.0,0.0,8.354000000000001,0,0.0,2.8850000000000002,310.005,-1.1217000000000001,36.42,0.0,257.832,0.0,0
46908,-1.705,83.545,0.0,0.0,-1.694,350.0786,0.0,0.0,8.374,0,2.0,2.99,310.005,0.4454,36.54,0.0,257.832,0.0,0
46908,-1.5350000000000001,83.545,-0.5,0.0,-1.694,350.0786,0.0,0.0,8.394,0,-1.0,3.065,310.005,2.7960000000000003,35.88,0.0,257.832,0.0,0
46908,-1.5350000000000001,83.545,-0.5,0.0,-1.694,350.0786,0.0,-0.2,8.413,0,0.0,3.075,310.005,1.1052,35.01,0.0,257.832,0.0,0
46908,-1.705,83.545,-0.5,0.0,-1.694,350.0786,0.0,0.0,8.433,0,0.0,3.09,310.005,0.0,34.410000000000004,0.0,257.832,0.0,0
46908,-1.5350000000000001,83.545,0.0,0.0,-1.694,350.0786,0.0,0.2,8.452,0,-2.0,3.1950000000000003,310.005,-0.0412,34.44,0.0,257.832,0.0,0
46908,-1.5350000000000001,83.545,0.5,0.0,-1.694,350.0786,0.0,0.0,8.477,0,0.0,3.13,310.005,0.132,34.38,0.0,257.832,0.0,0
46908,-1.5350000000000001,83.545,0.5,0.0,-1.694,350.0786,0.0,0.0,8.496,0,1.0,3.015,310.14000000000004,0.7918000000000001,34.74,0.0,257.832,0.0,0
46908,-1.5350000000000001,83.545,0.0,0.0,-1.694,350.0786,0.0,0.0,8.516,0,0.0,2.96,310.005,-0.19790000000000002,34.08,0.0,257.832,0.0,0
46908,-1.705,83.545,0.0,0.0,-1.694,350.0786,0.0,0.0,8.535,0,2.0,2.81,310.005,-1.0722,33.63,0.0,257.832,0.0,0
46908,-1.705,83.545,0.5,0.0,-1.694,350.0786,0.0,0.2,8.555,0,1.0,2.7600000000000002,310.005,-1.6248,33.09,0.0,257.832,0.0,0
46908,-1.705,83.545,0.0,0.0,-1.694,350.0786,0.0,0.0,8.579,0,1.0,2.58,310.005,2.4908,34.29,0.0,257.832,0.0,0
46908,-1.8760000000000001,83.545,0.0,0.0,-1.694,350.0786,0.0,0.0,8.599,0,0.0,2.59,310.005,0.5938,34.86,0.0,257.832,0.0,0
46908,-1.705,83.545,0.0,0.0,-1.694,350.0786,0.0,0.0,8.618,0,0.0,2.5500000000000003,310.14000000000004,3.1424000000000003,36.57,0.0,257.832,0.0,0
46908,-1.5350000000000001,83.545,0.0,0.0,-1.694,350.0786,0.0,0.0,8.638,0,1.0,2.485,309.915,-3.6125000000000003,36.72,0.0,257.832,0.0,0
46908,-1.5350000000000001,83.545,0.0,0.0,-1.694,350.0786,0.0,0.0,8.657,0,2.0,2.32,309.915,-6.1611,36.15,0.0,257.832,0.0,0
46908,-1.5350000000000001,83.545,-0.5,0.0,-1.694,350.0786,0.0,0.0,8.682,0,1.0,1.645,309.915,-0.5526,35.52,0.0,257.832,0.0,0
46908,-1.5350000000000001,83.545,0.0,0.0,-1.694,350.0786,0.0,0.0,8.706000000000001,0,0.0,0.895,310.005,0.5114000000000001,34.32,0.0,257.832,0.0,0
46908,-1.5350000000000001,83.545,0.0,0.0,-1.694,350.0786,0.0,-0.2,8.726,0,2.0,1.185,310.005,0.5114000000000001,34.02,0.0,257.832,0.0,0
46908,-1.5350000000000001,83.545,0.0,0.0,-1.694,350.0786,0.0,0.0,8.745000000000001,0,3.0,1.395,310.005,3.0352,34.08,0.0,257.832,0.0,0
46908,-1.705,83.545,0.5,0.0,-1.694,350.0786,0.0,-0.2,8.765,0,1.0,1.49,310.005,4.024900000000001,34.29,0.0,257.832,0.0,0
46908,-1.5350000000000001,83.545,0.0,0.0,-1.694,350.0786,0.0,0.0,8.765,0,2.0,1.48,310.005,3.9589000000000003,34.26,0.0,257.832,0.0,0
46908,-1.5350000000000001,83.545,0.5,0.0,-1.694,350.0786,0.0,0.0,8.784,0,2.0,1.635,310.14000000000004,5.1466,33.9,0.0,257.832,0.0,0
46908,-1.8760000000000001,83.545,0.0,0.0,-1.694,350.0786,0.0,0.0,8.804,0,1.0,1.6500000000000001,309.915,-1.7815,33.75,0.0,257.832,0.0,0
46908,-1.705,83.545,-0.5,0.0,-1.694,350.0786,0.0,0.0,8.823,0,0.0,1.6500000000000001,310.005,-3.9589000000000003,34.14,0.0,257.832,0.0,0
46908,-1.5350000000000001,83.545,0.0,0.0,-1.694,350.0786,0.0,-0.2,8.848,0,2.0,1.845,309.915,-0.3629,35.4,0.0,257.832,0.0,0
46908,-1.705,83.545,0.0,0.0,-1.694,350.0786,0.0,0.0,8.867,0,2.0,1.815,310.005,0.6598,35.910000000000004,0.0,257.832,0.0,0
46908,-1.364,83.545,0.0,0.0,-1.694,350.0786,0.0,0.2,8.887,0,0.0,1.675,309.915,-2.8372,36.21,0.0,257.832,0.0,0
46908,-1.5350000000000001,83.545,-0.5,0.0,-1.694,350.0786,0.0,0.2,8.906,0,0.0,1.58,310.005,-0.2639,35.85,0.0,257.832,0.0,0
46908,-1.5350000000000001,83.545,0.0,0.0,-1.694,350.0786,0.0,0.0,8.926,0,0.0,1.46,310.005,2.9032,35.97,0.0,257.832,0.0,0
46908,-1.8760000000000001,83.545,0.5,0.0,-1.694,350.0786,0.0,0.0,8.950000000000001,0,-1.0,1.25,310.005,3.563,35.79,0.0,257.832,0.0,0
46908,-1.5350000000000001,83.545,0.0,0.0,-1.694,350.0786,0.0,0.2,8.97,0,1.0,1.09,310.14000000000004,-0.099,35.34,0.0,257.832,0.0,0
46908,-1.364,83.545,0.0,0.0,-1.694,350.0786,0.0,0.0,8.989,0,0.0,1.0,310.005,3.1672000000000002,34.26,0.0,257.832,0.0,0
46908,-1.5350000000000001,83.545,0.5,0.0,-1.694,350.0786,0.0,0.0,9.009,0,0.0,0.89,310.005,-0.7918000000000001,33.660000000000004,0.0,257.832,0.0,0
46908,-1.5350000000000001,83.545,0.0,0.0,-1.694,350.0786,0.0,0.0,9.033000000000001,0,2.0,0.855,310.14000000000004,-1.9795,33.69,0.0,257.832,0.0,0
46908,-1.8760000000000001,83.545,0.0,0.0,-1.694,350.0786,0.0,0.2,9.053,0,0.0,0.865,310.14000000000004,4.651800000000001,34.32,0.0,257.832,0.0,0
46908,-2.0460000000000003,83.545,0.0,0.0,-1.694,350.0786,0.0,0.0,9.072000000000001,0,0.0,0.8200000000000001,310.005,-0.9238000000000001,34.2,0.0,257.832,0.0,0
46908,-1.5350000000000001,83.545,0.0,0.0,-1.694,350.0786,0.0,0.0,9.092,0,0.0,0.935,310.005,-1.4846000000000001,34.230000000000004,0.0,257.832,0.0,0
46908,-1.5350000000000001,83.545,0.0,0.0,-1.694,350.0786,0.0,0.0,9.111,0,-1.0,0.97,310.005,-1.0557,34.74,0.0,257.832,0.0,0
46908,-1.705,83.545,0.0,0.0,-1.694,350.0786,0.0,0.2,9.131,0,1.0,1.05,310.005,-0.2639,35.46,0.0,257.832,0.0,0
46908,-1.705,83.545,0.0,0.0,-1.694,350.0786,0.0,0.0,9.131,0,1.0,1.115,310.005,-0.5279,35.52,0.0,257.832,0.0,0
46908,-1.5350000000000001,83.545,0.5,0.0,-1.694,350.0786,0.0,-0.2,9.15,0,2.0,1.195,310.005,3.1672000000000002,35.52,0.0,257.832,0.0,0
46908,-1.705,83.545,0.5,0.0,-1.694,350.0786,0.0,0.0,9.17,0,3.0,1.245,310.14000000000004,2.6805000000000003,34.92,0.0,257.832,0.0,0
46908,-1.5350000000000001,83.545,0.0,0.0,-1.694,350.0786,0.0,-0.2,9.189,0,0.0,1.485,310.14000000000004,0.37120000000000003,35.4,0.0,257.832,0.0,0
46908,-1.5350000000000001,83.545,0.0,0.0,-1.694,350.0786,0.0,0.2,9.209,0,0.0,1.54,310.005,-0.37120000000000003,35.43,0.0,257.832,0.0,0
46908,-1.705,83.545,0.5,0.0,-1.694,350.0786,0.0,0.0,9.229000000000001,0,-1.0,1.6300000000000001,310.005,-0.9650000000000001,35.58,0.0,257.832,0.0,0
46908,-1.364,83.545,0.5,0.0,-1.694,350.0786,0.0,0.0,9.253,0,0.0,1.6,310.005,-0.5938,35.160000000000004,0.0,257.832,0.0,0
46908,-1.705,83.545,-0.5,0.0,-1.694,350.0786,0.0,0.0,9.272,0,0.0,1.59,310.005,-0.19790000000000002,33.99,0.0,257.832,0.0,0
46908,-1.5350000000000001,83.545,0.5,0.0,-1.694,350.0786,0.0,0.0,9.292,0,1.0,1.67,310.005,-3.4311000000000003,33.39,0.0,257.832,0.0,0
46908,-1.5350000000000001,83.545,-0.5,0.0,-1.694,350.0786,0.0,0.2,9.312000000000001,0,1.0,1.485,310.005,-0.9238000000000001,33.21,0.0,257.832,0.0,0
46908,-1.705,83.545,0.5,0.0,-1.694,350.0786,0.0,0.0,9.331000000000001,0,1.0,1.415,310.005,1.9135000000000002,33.3,0.0,257.832,0.0,0
46908,-1.705,83.545,0.0,0.0,-1.694,350.0786,0.0,0.0,9.351,0,2.0,1.2750000000000001,310.005,4.4208,33.51,0.0,257.832,0.0,0
46908,-1.5350000000000001,83.545,0.0,0.0,-1.694,350.0786,0.0,0.0,9.375,0,2.0,1.215,310.005,1.8063,34.62,0.0,257.832,0.0,0
46908,-1.5350000000000001,83.545,-0.5,0.0,-1.694,350.0786,0.0,0.2,9.395,0,0.0,1.04,309.915,-1.3032000000000001,34.65,0.0,257.832,0.0,0
46908,-1.5350000000000001,83.545,-0.5,0.0,-1.694,350.0786,0.0,-0.2,9.414,0,0.0,1.08,310.005,-0.7011000000000001,35.88,0.0,257.832,0.0,0
46908,-1.5350000000000001,83.545,0.0,0.0,-1.694,350.0786,0.0,0.0,9.434000000000001,0,1.0,0.995,309.915,-1.3032000000000001,35.85,0.0,257.832,0.0,0
46908,-1.705,83.545,0.0,0.0,-1.694,350.0786,0.0,0.0,9.453000000000001,0,0.0,1.04,310.005,0.42060000000000003,34.77,0.0,257.832,0.0,0
46908,-1.364,83.545,-0.5,0.0,-1.694,350.0786,0.0,0.0,9.478,0,2.0,1.065,310.005,-1.1217000000000001,34.47,0.0,257.832,0.0,0
46908,-1.364,83.545,0.5,0.0,-1.694,350.0786,0.0,0.0,9.497,0,1.0,1.115,310.005,-1.9135000000000002,35.22,0.0,257.832,0.0,0
46908,-1.705,83.545,0.0,0.0,-1.694,350.0786,0.0,0.0,9.497,0,0.0,1.135,310.005,-1.7155,35.37,0.0,257.832,0.0,0
46908,-1.5350000000000001,83.545,0.0,0.0,-1.694,350.0786,0.0,0.0,9.517000000000001,0,0.0,1.195,309.915,0.066,35.52,0.0,257.832,0.0,0
46908,-1.705,83.545,0.0,0.0,-1.694,350.0786,0.0,-0.2,9.536,0,-1.0,1.315,310.005,0.5279,35.1,0.0,257.832,0.0,0
46908,-1.5350000000000001,83.545,0.0,0.0,-1.694,350.0786,0.0,0.0,9.556000000000001,0,0.0,1.48,309.915,1.9135000000000002,33.96,0.0,257.832,0.0,0
46908,-1.5350000000000001,83.545,0.0,0.0,-1.694,350.0786,0.0,-0.2,9.575000000000001,0,0.0,1.59,309.915,-1.7155,32.94,0.0,257.832,0.0,0
46908,-1.5350000000000001,83.545,0.0,0.0,-1.694,350.0786,0.0,0.0,9.595,0,1.0,1.725,310.005,-1.5836000000000001,32.49,0.0,257.832,0.0,0
46908,-1.5350000000000001,83.545,-0.5,0.0,-1.694,350.0786,0.0,0.0,9.614,0,0.0,1.73,310.14000000000004,8.7097,32.43,0.0,257.832,0.0,0
46908,-1.5350000000000001,83.545,0.0,0.0,-1.694,350.0786,0.0,0.2,9.634,0,0.0,1.865,309.915,2.3754,33.12,0.0,257.832,0.0,0
46908,-1.5350000000000001,83.545,-0.5,0.0,-1.694,350.0786,0.0,0.0,9.653,0,2.0,1.94,310.005,-4.3548,34.47,0.0,257.832,0.0,0
46908,-1.705,83.545,-0.5,0.0,-1.694,350.0786,0.0,0.0,9.673,0,0.0,1.945,310.005,-3.3321,35.88,0.0,257.832,0.0,0
46908,-1.5350000000000001,83.545,0.0,0.0,-1.694,350.0786,0.0,0.0,9.692,0,1.0,1.86,310.005,1.8475000000000001,35.97,0.0,257.832,0.0,0
46908,-1.705,83.545,0.0,0.0,-1.694,350.0786,0.0,0.0,9.717,0,2.0,1.82,310.005,1.5836000000000001,35.43,0.0,257.832,0.0,0
46908,-1.5350000000000001,83.545,-0.5,0.0,-1.694,350.0786,0.0,0.0,9.736,0,3.0,1.645,310.14000000000004,1.0557,34.68,0.0,257.832,0.0,0
46908,-1.5350000000000001,83.545,-0.5,0.0,-1.694,350.0786,0.0,0.0,9.756,0,1.0,1.5,310.14000000000004,-1.6826,34.14,0.0,257.832,0.0,0
46908,-1.5350000000000001,83.545,0.5,0.0,-1.694,350.0786,0.0,0.0,9.775,0,2.0,1.42,310.005,1.0557,34.62,0.0,257.832,0.0,0
46908,-1.705,83.545,0.0,0.0,-1.694,350.0786,0.0,0.2,9.8,0,2.0,1.28,310.14000000000004,0.2639,34.11,0.0,257.832,0.0,0
46908,-1.364,83.545,0.0,0.0,-1.694,350.0786,0.0,0.0,9.819,0,2.0,1.09,310.14000000000004,3.1672000000000002,34.29,0.0,257.832,0.0,0
46908,-1.5350000000000001,83.545,0.5,0.0,-1.694,350.0786,0.0,0.0,9.839,0,0.0,1.07,310.005,3.9589000000000003,34.14,0.0,257.832,0.0,0
46908,-1.705,83.545,-0.5,0.0,-1.694,350.0786,0.0,0.0,9.858,0,1.0,0.93,309.915,-5.806500000000001,33.51,0.0,257.832,0.0,0
46908,-1.5350000000000001,83.545,0.0,0.0,-1.694,350.0786,0.0,0.0,9.883000000000001,0,0.0,0.875,310.005,-5.9714,33.27,0.0,257.832,0.0,0
46908,-1.5350000000000001,83.545,-0.5,0.0,-1.694,350.0786,0.0,0.0,9.902000000000001,0,0.0,0.895,309.915,-1.0557,33.69,0.0,257.832,0.0,0
46908,-1.5350000000000001,83.545,0.0,0.0,-1.694,350.0786,0.0,0.0,9.922,0,0.0,1.025,310.005,-1.1217000000000001,34.71,0.0,257.832,0.0,0
46908,-1.5350000000000001,83.545,-0.5,0.0,-1.694,350.0786,0.0,0.0,9.922,0,-2.0,1.0,310.005,-1.5341,34.74,0.0,257.832,0.0,0
46908,-1.5350000000000001,83.545,0.0,0.0,-1.694,350.0786,0.0,0.0,9.941,0,2.0,1.115,310.005,-2.5733,35.85,0.0,257.832,0.0,0
46908,-1.364,83.545,0.0,0.0,-1.694,350.0786,0.0,0.0,9.961,0,2.0,1.18,310.14000000000004,6.1611,36.39,0.0,257.832,0.0,0
46908,-1.5350000000000001,83.545,0.5,0.0,-1.694,350.0786,0.0,0.0,9.98,0,4.0,1.3900000000000001,310.005,4.4208,35.550000000000004,0.0,257.832,0.0,0
46908,-1.705,83.545,0.0,0.0,-1.694,350.0786,0.0,0.0,10.0,0,0.0,1.495,310.005,-0.7918000000000001,34.800000000000004,0.0,257.832,0.0,0
46908,-1.5350000000000001,83.545,0.0,0.0,-1.694,350.0786,0.0,-0.2,10.020000000000001,0,1.0,1.6500000000000001,310.005,-1.5588000000000002,34.68,0.0,257.832,0.0,0
46908,-1.5350000000000001,83.545,-0.5,0.0,-1.694,350.0786,0.0,0.0,10.039,0,0.0,1.74,310.005,-2.6393,35.01,0.0,257.832,0.0,0
46908,-1.364,83.545,-0.5,0.0,-1.694,350.0786,0.0,0.2,10.059000000000001,0,0.0,1.75,309.915,0.5444,35.52,0.0,257.832,0.0,0
46908,-1.5350000000000001,83.545,0.0,0.0,-1.694,350.0786,0.0,0.0,10.078000000000001,0,1.0,1.745,310.005,-1.3609,34.65,0.0,257.832,0.0,0
46908,-1.364,83.545,0.0,0.0,-1.694,350.0786,0.0,0.0,10.098,0,2.0,1.8,309.915,0.14850000000000002,34.410000000000004,0.0,257.832,0.0,0
46908,-1.5350000000000001,83.545,0.5,0.0,-1.694,350.0786,0.0,0.0,10.122,0,0.0,1.71,310.005,1.0145,34.2,0.0,257.832,0.0,0
46908,-1.364,83.545,-0.5,0.0,-1.694,350.0786,0.0,0.0,10.142000000000001,0,-1.0,1.73,310.005,-3.4971,33.57,0.0,257.832,0.0,0
46908,-1.5350000000000001,83.545,0.5,0.0,-1.694,350.0786,0.0,-0.2,10.161000000000001,0,0.0,1.625,310.005,3.4971,33.78,0.0,257.832,0.0,0
46908,-1.5350000000000001,83.545,0.0,0.0,-1.694,350.0786,0.0,0.0,10.181000000000001,0,0.0,1.465,310.005,1.1217000000000001,34.17,0.0,257.832,0.0,0
46908,-1.364,83.545,-0.5,0.0,-1.694,350.0786,0.0,0.0,10.205,0,0.0,1.27,309.915,-2.7053000000000003,35.7,0.0,257.832,0.0,0
46908,-1.5350000000000001,83.545,-0.5,0.0,-1.694,350.0786,0.0,0.0,10.225,0,3.0,1.295,310.14000000000004,0.1072,36.300000000000004,0.0,257.832,0.0,0
46908,-1.5350000000000001,83.545,-0.5,0.0,-1.694,350.0786,0.0,0.0,10.244,0,1.0,1.085,310.005,0.5938,36.480000000000004,0.0,257.832,0.0,0
46908,-1.5350000000000001,83.545,0.5,0.0,-1.694,350.0786,0.0,0.0,10.264000000000001,0,1.0,1.0,310.14000000000004,1.4764000000000002,35.46,0.0,257.832,0.0,0
46908,-1.705,83.545,0.0,0.0,-1.694,350.0786,0.0,0.0,10.283000000000001,0,2.0,1.02,310.005,0.0,34.86,0.0,257.832,0.0,0
46908,-1.5350000000000001,83.545,-0.5,0.0,-1.694,350.0786,0.0,0.0,10.303,0,3.0,1.08,310.005,-0.5938,34.5,0.0,257.832,0.0,0
46908,-1.5350000000000001,83.545,0.0,0.0,-1.694,350.0786,0.0,0.0,10.327,0,2.0,1.055,309.915,-4.0084,34.5,0.0,257.832,0.0,0
46908,-1.5350000000000001,83.545,0.0,0.0,-1.694,350.0786,0.0,0.0,10.347000000000001,0,1.0,1.155,310.14000000000004,0.1072,34.86,0.0,257.832,0.0,0
46908,-1.705,83.545,-0.5,0.0,-1.694,350.0786,0.0,0.0,10.366,0,1.0,1.205,310.005,2.0455,34.62,0.0,257.832,0.0,0
46908,-1.705,83.545,0.5,0.0,-1.694,350.0786,0.0,0.0,10.386000000000001,0,0.0,1.325,309.915,0.3299,34.02,0.0,257.832,0.0,0
46908,-1.5350000000000001,83.545,0.5,0.0,-1.694,350.0786,0.0,0.0,10.405000000000001,0,0.0,1.5250000000000001,309.915,-4.9322,33.03,0.0,257.832,0.0,0
46908,-1.5350000000000001,83.545,0.0,0.0,-1.694,350.0786,0.0,-0.2,10.425,0,3.0,1.53,310.005,-0.2639,33.54,0.0,257.832,0.0,0
46908,-1.364,83.545,0.5,0.0,-1.694,350.0786,0.0,0.0,10.444,0,-1.0,1.62,310.14000000000004,4.5280000000000005,34.62,0.0,257.832,0.0,0
46908,-1.5350000000000001,83.545,0.0,0.0,-1.694,350.0786,0.0,0.0,10.464,0,-1.0,1.675,310.005,4.2064,35.49,0.0,257.832,0.0,0
46908,-1.5350000000000001,83.545,-0.5,0.0,-1.694,350.0786,0.0,0.2,10.464,0,2.0,1.74,310.005,3.3651,35.67,0.0,257.832,0.0,0
46908,-1.5350000000000001,83.545,0.0,0.0,-1.694,350.0786,0.0,0.0,10.483,0,2.0,1.7750000000000001,309.915,-3.4311000000000003,36.39,0.0,257.832,0.0,0
46908,-1.705,83.545,0.0,0.0,-1.694,350.0786,0.0,0.0,10.503,0,2.0,1.79,310.14000000000004,-1.3196,36.0,0.0,257.832,0.0,0
46908,-1.194,83.545,0.0,0.0,-1.694,350.0786,0.0,0.0,10.522,0,1.0,1.83,309.915,-0.2639,35.79,0.0,257.832,0.0,0
46908,-1.364,83.545,0.0,0.0,-1.694,350.0786,0.0,0.0,10.547,0,1.0,1.805,310.005,-2.7053000000000003,35.4,0.0,257.832,0.0,0
46908,-1.364,83.545,0.0,0.0,-1.694,350.0786,0.0,0.0,10.566,0,1.0,1.7,310.005,0.0,34.980000000000004,0.0,257.832,0.0,0
46908,-1.5350000000000001,83.545,0.0,0.0,-1.694,350.0786,0.0,0.0,10.586,0,1.0,1.555,310.005,0.9897,35.1,0.0,257.832,0.0,0
46908,-1.705,83.545,-0.5,0.0,-1.694,350.0786,0.0,0.0,10.605,0,0.0,1.465,310.005,-1.9795,35.31,0.0,257.832,0.0,0
46908,-1.705,83.545,-0.5,0.0,-1.694,350.0786,0.0,0.0,10.63,0,0.0,1.28,310.005,0.0,34.38,0.0,257.832,0.0,0
46908,-1.5350000000000001,83.545,0.0,0.0,-1.694,350.0786,0.0,0.0,10.649000000000001,0,1.0,1.175,310.005,0.0,34.230000000000004,0.0,257.832,0.0,0
46908,-1.5350000000000001,83.545,-0.5,0.0,-1.694,350.0786,0.0,0.0,10.669,0,-2.0,1.07,310.005,0.0,34.59,0.0,257.832,0.0,0
46908,-1.364,83.545,0.0,0.0,-1.694,350.0786,0.0,0.0,10.688,0,1.0,1.075,310.14000000000004,2.7713,34.38,0.0,257.832,0.0,0
46908,-1.194,83.545,0.0,0.0,-1.694,350.0786,0.0,-0.2,10.708,0,2.0,0.89,309.915,2.1774,34.32,0.0,257.832,0.0,0
46908,-1.5350000000000001,83.545,-0.5,0.0,-1.694,350.0786,0.0,0.0,10.732000000000001,0,-1.0,0.9500000000000001,310.14000000000004,1.1877,35.13,0.0,257.832,0.0,0
46908,-1.5350000000000001,83.545,0.0,0.0,-1.694,350.0786,0.0,0.2,10.752,0,1.0,0.96,310.14000000000004,-1.3196,35.160000000000004,0.0,257.832,0.0,0
46908,-1.364,83.545,0.5,0.0,-1.694,350.0786,0.0,0.0,10.771,0,0.0,1.0,310.005,2.1114,35.58,0.0,257.832,0.0,0
46908,-1.5350000000000001,83.545,0.5,0.0,-1.694,350.0786,0.0,0.0,10.791,0,-1.0,1.07,310.005,-0.6928000000000001,35.730000000000004,0.0,257.832,0.0,0
46908,-1.705,83.545,0.5,0.0,-1.694,350.0786,0.0,0.0,10.811,0,1.0,1.26,310.005,-0.7918000000000001,35.58,0.0,257.832,0.0,0
46908,-1.5350000000000001,83.545,0.5,0.0,-1.694,350.0786,0.0,0.0,10.83,0,2.0,1.2650000000000001,310.14000000000004,0.4289,36.09,0.0,257.832,0.0,0
46908,-1.5350000000000001,83.545,0.0,0.0,-1.694,350.0786,0.0,0.0,10.85,0,3.0,1.465,310.14000000000004,2.2434000000000003,35.67,0.0,257.832,0.0,0
46908,-1.705,83.545,0.0,0.0,-1.694,350.0786,0.0,0.0,10.869,0,2.0,1.5050000000000001,310.14000000000004,5.4435,34.800000000000004,0.0,257.832,0.0,0
46908,-1.5350000000000001,83.545,0.0,0.0,-1.694,350.0786,0.0,0.0,10.889000000000001,0,2.0,1.6500000000000001,310.14000000000004,0.39590000000000003,34.44,0.0,257.832,0.0,0
46908,-1.5350000000000001,83.545,-0.5,0.0,-1.694,350.0786,0.0,0.0,10.908000000000001,0,0.0,1.6400000000000001,310.14000000000004,0.7918000000000001,34.29,0.0,257.832,0.0,0
46908,-1.5350000000000001,83.545,0.0,0.0,-1.694,350.0786,0.0,0.0,10.928,0,-2.0,1.6600000000000001,310.14000000000004,0.39590000000000003,33.96,0.0,257.832,0.0,0
46908,-1.705,83.545,0.0,0.0,-1.694,350.0786,0.0,0.2,10.947000000000001,0,0.0,1.705,310.005,-3.0682,34.35,0.0,257.832,0.0,0
46908,-1.5350000000000001,83.545,0.0,0.0,-1.694,350.0786,0.0,0.0,10.967,0,-1.0,1.69,310.005,-3.9589000000000003,34.47,0.0,257.832,0.0,0
46908,-1.705,83.545,0.0,0.0,-1.694,350.0786,0.0,0.0,10.991,0,0.0,1.615,310.14000000000004,0.0,35.37,0.0,257.832,0.0,0
46908,-1.5350000000000001,83.545,0.0,0.0,-1.694,350.0786,0.0,0.0,11.011000000000001,0,3.0,1.44,310.005,1.1877,35.88,0.0,257.832,0.0,0
46908,-1.5350000000000001,83.545,0.0,0.0,-1.694,350.0786,0.0,0.0,11.030000000000001,0,3.0,1.36,309.915,-1.7815,35.67,0.0,257.832,0.0,0
46908,-1.364,83.545,0.5,0.0,-1.694,350.0786,0.0,0.0,11.05,0,1.0,1.215,310.005,-1.5836000000000001,35.910000000000004,0.0,257.832,0.0,0
46908,-1.5350000000000001,83.545,0.5,0.0,-1.694,350.0786,0.0,0.0,11.074,0,2.0,1.095,310.005,0.5279,35.34,0.0,257.832,0.0,0
46908,-1.5350000000000001,83.545,-0.5,0.0,-1.694,350.0786,0.0,-0.2,11.074,0,3.0,1.085,310.005,0.46190000000000003,35.25,0.0,257.832,0.0,0
46908,-1.364,83.545,0.0,0.0,-1.694,350.0786,0.0,0.0,11.094000000000001,0,2.0,1.0,310.14000000000004,-1.6908,35.25,0.0,257.832,0.0,0
46908,-1.364,83.545,0.0,0.0,-1.694,350.0786,0.0,0.0,11.113000000000001,0,3.0,0.995,310.005,0.9897,35.28,0.0,257.832,0.0,0
46908,-1.364,83.545,-0.5,0.0,-1.694,350.0786,0.0,0.0,11.133000000000001,0,0.0,1.065,310.005,0.3299,34.83,0.0,257.832,0.0,0
46908,-1.5350000000000001,83.545,0.0,0.0,-1.694,350.0786,0.0,0.0,11.157,0,0.0,1.085,310.005,0.1155,34.02,0.0,257.832,0.0,0
46908,-1.364,83.545,0.5,0.0,-1.694,350.0786,0.0,0.0,11.177000000000001,0,-1.0,1.1400000000000001,310.14000000000004,0.9650000000000001,33.42,0.0,257.832,0.0,0
46908,-1.5350000000000001,83.545,0.0,0.0,-1.694,350.0786,0.0,0.0,11.196,0,-2.0,1.195,309.915,-3.2826,33.18,0.0,257.832,0.0,0
46908,-1.5350000000000001,83.545,-0.5,0.0,-1.694,350.0786,0.0,0.0,11.216000000000001,0,-2.0,1.28,310.14000000000004,1.1629,33.39,0.0,257.832,0.0,0
46908,-1.5350000000000001,83.545,0.0,0.0,-1.694,350.0786,0.0,0.0,11.235000000000001,0,-1.0,1.435,309.915,-0.9732000000000001,34.02,0.0,257.832,0.0,0
46908,-1.5350000000000001,83.545,0.0,0.0,-1.694,350.0786,0.0,0.0,11.255,0,0.0,1.49,310.005,-1.996,35.34,0.0,257.832,0.0,0
46908,-1.5350000000000001,83.545,0.0,0.0,-1.694,350.0786,0.0,0.0,11.274000000000001,0,2.0,1.615,310.14000000000004,0.23920000000000002,35.46,0.0,257.832,0.0,0
46908,-1.5350000000000001,83.545,0.5,0.0,-1.694,350.0786,0.0,0.0,11.294,0,1.0,1.75,309.915,1.9135000000000002,35.88,0.0,257.832,0.0,0
46908,-1.705,83.545,-0.5,0.0,-1.694,350.0786,0.0,0.0,11.313,0,2.0,1.705,309.915,-1.1712,35.76,0.0,257.832,0.0,0
46908,-1.5350000000000001,83.545,0.0,0.0,-1.694,350.0786,0.0,0.0,11.333,0,0.0,1.735,310.005,-2.2187,35.22,0.0,257.832,0.0,0
46908,-1.5350000000000001,83.545,0.0,0.0,-1.694,350.0786,0.0,0.0,11.353,0,1.0,1.67,310.005,0.5938,35.28,0.0,257.832,0.0,0
46908,-1.8760000000000001,83.545,0.0,0.0,-1.694,350.0786,0.0,0.0,11.372,0,-1.0,1.59,310.14000000000004,4.7755,35.43,0.0,257.832,0.0,0
46908,-1.705,83.545,0.0,0.0,-1.694,350.0786,0.0,0.0,11.396,0,0.0,1.425,309.915,0.5444,34.95,0.0,257.832,0.0,0
46908,-1.5350000000000001,83.545,0.0,0.0,-1.694,350.0786,0.0,0.0,11.416,0,0.0,1.325,310.005,-2.5733,34.08,0.0,257.832,0.0,0
46908,-1.705,83.545,0.0,0.0,-1.694,350.0786,0.0,0.0,11.436,0,3.0,1.245,310.14000000000004,-1.1217000000000001,33.27,0.0,257.832,0.0,0
46908,-1.364,83.545,-0.5,0.0,-1.694,350.0786,0.0,0.0,11.455,0,3.0,1.07,310.005,-1.732,32.61,0.0,257.832,0.0,0
46908,-1.364,83.545,0.0,0.0,-1.694,350.0786,0.0,0.0,11.475000000000001,0,2.0,1.0,310.005,-0.7423000000000001,32.61,0.0,257.832,0.0,0
46908,-1.5350000000000001,83.545,0.0,0.0,-1.694,350.0786,0.0,0.0,11.499,0,1.0,1.025,309.915,-2.0042,33.69,0.0,257.832,0.0,0
46908,-1.364,83.545,0.0,0.0,-1.694,350.0786,0.0,0.0,11.499,0,2.0,0.985,309.915,-1.4186,33.87,0.0,257.832,0.0,0
46908,-1.5350000000000001,83.545,0.5,0.0,-1.694,350.0786,0.0,0.0,11.519,0,1.0,0.905,310.005,-2.3754,35.64,0.0,257.832,0.0,0
46908,-1.5350000000000001,83.545,0.0,0.0,-1.694,350.0786,0.0,0.0,11.538,0,0.0,0.835,310.14000000000004,5.4435,37.410000000000004,0.0,257.832,0.0,0
46908,-1.5350000000000001,83.545,0.0,0.0,-1.694,350.0786,0.0,0.0,11.563,0,-1.0,0.8200000000000001,310.14000000000004,6.2023,36.93,0.0,257.832,0.0,0
46908,-1.364,83.545,0.0,0.0,-1.694,350.0786,0.0,0.2,11.582,0,2.0,0.835,309.915,-2.5733,35.64,0.0,257.832,0.0,0
46908,-1.5350000000000001,83.545,0.0,0.0,-1.694,350.0786,0.0,0.0,11.602,0,1.0,0.885,310.005,-3.4311000000000003,34.65,0.0,257.832,0.0,0
46908,-1.5350000000000001,83.545,-0.5,0.0,-1.694,350.0786,0.0,0.0,11.621,0,3.0,0.9550000000000001,310.005,-0.9567,34.2,0.0,257.832,0.0,0
46908,-1.364,83.545,0.0,0.0,-1.694,350.0786,0.0,0.0,11.641,0,2.0,1.215,309.915,1.9795,33.63,0.0,257.832,0.0,0
46908,-1.5350000000000001,83.545,0.0,0.0,-1.694,350.0786,0.0,0.0,11.66,0,1.0,1.19,310.14000000000004,2.2764,34.2,0.0,257.832,0.0,0
46908,-1.194,83.545,0.5,0.0,-1.694,350.0786,0.0,0.0,11.68,0,1.0,1.42,310.14000000000004,3.4311000000000003,34.59,0.0,257.832,0.0,0
46908,-1.5350000000000001,83.545,0.0,0.0,-1.694,350.0786,0.0,0.0,11.699,0,2.0,1.56,310.005,0.9897,34.35,0.0,257.832,0.0,0
46908,-1.5350000000000001,83.545,-0.5,0.0,-1.694,350.0786,0.0,0.0,11.719000000000001,0,2.0,1.7,310.14000000000004,-1.1877,33.93,0.0,257.832,0.0,0
46908,-1.5350000000000001,83.545,-0.5,0.0,-1.694,350.0786,0.0,0.2,11.738000000000001,0,0.0,1.73,310.005,0.8908,32.61,0.0,257.832,0.0,0
46908,-1.5350000000000001,83.545,0.0,0.0,-1.694,350.0786,0.0,0.0,11.758000000000001,0,0.0,1.73,310.14000000000004,1.1877,33.51,0.0,257.832,0.0,0
46908,-1.5350000000000001,83.545,0.0,0.0,-1.694,350.0786,0.0,0.0,11.777000000000001,0,0.0,1.8,309.915,-1.6826,34.44,0.0,257.832,0.0,0
46908,-1.705,83.545,0.0,0.0,-1.694,350.0786,0.0,0.0,11.797,0,-1.0,1.79,309.915,-3.4311000000000003,35.22,0.0,257.832,0.0,0
46908,-1.5350000000000001,83.545,0.0,0.0,-1.694,350.0786,0.0,0.0,11.816,0,0.0,1.5350000000000001,310.14000000000004,-1.5836000000000001,35.67,0.0,257.832,0.0,0
46908,-1.364,83.545,0.0,0.0,-1.694,350.0786,0.0,0.2,11.841000000000001,0,0.0,1.53,310.14000000000004,8.5777,35.76,0.0,257.832,0.0,0
46908,-1.5350000000000001,83.545,0.5,0.0,-1.694,350.0786,0.0,0.0,11.860000000000001,0,0.0,1.41,310.005,-0.066,34.800000000000004,0.0,257.832,0.0,0
46908,-1.705,83.545,0.0,0.0,-1.694,350.0786,0.0,0.0,11.88,0,0.0,1.24,310.14000000000004,-2.9032,34.35,0.0,257.832,0.0,0
46908,-1.5350000000000001,83.545,0.0,0.0,-1.694,350.0786,0.0,0.0,11.899000000000001,0,1.0,1.125,310.005,4.8497,33.93,0.0,257.832,0.0,0
46908,-1.5350000000000001,83.545,-0.5,0.0,-1.694,350.0786,0.0,0.0,11.924000000000001,0,2.0,1.0,309.915,-1.0557,34.05,0.0,257.832,0.0,0
46908,-1.5350000000000001,83.545,0.0,0.0,-1.694,350.0786,0.0,0.0,11.924000000000001,0,2.0,0.98,310.005,-1.7155,33.96,0.0,257.832,0.0,0
46908,-1.364,83.545,-0.5,0.0,-1.694,350.0786,0.0,0.0,11.943000000000001,0,-1.0,1.035,310.005,-3.5383,33.72,0.0,257.832,0.0,0
46908,-1.5350000000000001,83.545,0.0,0.0,-1.694,350.0786,0.0,-0.2,11.963000000000001,0,-1.0,0.99,310.14000000000004,-3.1919,33.51,0.0,257.832,0.0,0
46908,-1.5350000000000001,83.545,0.5,0.0,-1.694,350.0786,0.0,0.0,11.982000000000001,0,1.0,1.065,309.915,0.5938,33.54,0.0,257.832,0.0,0
46908,-1.5350000000000001,83.545,0.0,0.0,-1.694,350.0786,0.0,0.0,12.002,0,1.0,1.09,310.005,3.8930000000000002,33.480000000000004,0.0,257.832,0.0,0
46908,-1.364,83.545,0.0,0.0,-1.694,350.0786,0.0,0.0,12.026,0,1.0,1.205,310.14000000000004,-1.8887,32.67,0.0,257.832,0.0,0
46908,-1.5350000000000001,83.545,0.0,0.0,-1.694,350.0786,0.0,0.0,12.046000000000001,0,1.0,1.335,310.005,0.9073,33.15,0.0,257.832,0.0,0
46908,-1.705,83.545,0.0,0.0,-1.694,350.0786,0.0,0.0,12.065000000000001,0,-1.0,1.52,310.005,1.6083,33.75,0.0,257.832,0.0,0
46908,-1.5350000000000001,83.545,0.0,0.0,-1.694,350.0786,0.0,0.0,12.085,0,-1.0,1.62,310.005,-0.17320000000000002,34.53,0.0,257.832,0.0,0
46908,-1.364,83.545,0.5,0.0,-1.694,350.0786,0.0,0.0,12.104000000000001,0,0.0,1.73,309.915,-1.2372,34.83,0.0,257.832,0.0,0
46908,-1.5350000000000001,83.545,0.0,0.0,-1.694,350.0786,0.0,0.0,12.124,0,-2.0,1.825,309.915,-3.1507,35.04,0.0,257.832,0.0,0
46908,-1.194,83.545,-0.5,0.0,-1.694,350.0786,0.0,0.0,12.144,0,2.0,1.92,310.14000000000004,0.1072,34.62,0.0,257.832,0.0,0
46908,-1.5350000000000001,83.545,0.0,0.0,-1.694,350.0786,0.0,0.0,12.163,0,1.0,1.81,310.14000000000004,6.1611,34.08,0.0,257.832,0.0,0
46908,-1.5350000000000001,83.545,0.0,0.0,-1.694,350.0786,0.0,0.0,12.183,0,0.0,1.9100000000000001,310.005,4.8827,33.63,0.0,257.832,0.0,0
46908,-1.5350000000000001,83.545,0.0,0.0,-1.694,350.0786,0.0,0.0,12.202,0,-1.0,1.895,310.005,-3.9342,32.64,0.0,257.832,0.0,0
46908,-1.364,83.545,0.5,0.0,-1.694,350.0786,0.0,0.2,12.222000000000001,0,-1.0,1.825,310.14000000000004,-2.9692000000000003,33.33,0.0,257.832,0.0,0
46908,-1.364,83.545,0.0,0.0,-1.694,350.0786,0.0,0.0,12.241000000000001,0,1.0,1.705,310.005,-0.19790000000000002,32.94,0.0,257.832,0.0,0
46908,-1.5350000000000001,83.545,0.0,0.0,-1.694,350.0786,0.0,0.0,12.266,0,0.0,1.56,310.005,-0.8578,32.58,0.0,257.832,0.0,0
46908,-1.364,83.545,0.0,0.0,-1.694,350.0786,0.0,0.0,12.285,0,2.0,1.555,310.005,1.0805,32.64,0.0,257.832,0.0,0
46908,-1.364,83.545,0.0,0.0,-1.694,350.0786,0.0,0.2,12.305,0,1.0,1.4000000000000001,310.14000000000004,1.9547,33.27,0.0,257.832,0.0,0
46908,-1.194,83.545,-0.5,0.0,-1.694,350.0786,0.0,0.0,12.324,0,-1.0,1.26,310.005,-2.3754,33.57,0.0,257.832,0.0,0
46908,-1.8760000000000001,83.545,0.0,0.0,-1.694,350.0786,0.0,0.0,12.349,0,-1.0,1.22,310.005,-2.3094,34.11,0.0,257.832,0.0,0
46908,-1.5350000000000001,83.545,-0.5,0.0,-1.694,350.0786,0.0,0.0,12.368,0,1.0,1.135,310.005,-0.8330000000000001,34.38,0.0,257.832,0.0,0
46908,-1.5350000000000001,83.545,0.0,0.0,-1.694,350.0786,0.0,0.0,12.388,0,3.0,1.16,310.005,3.3651,34.5,0.0,257.832,0.0,0
46908,-1.5350000000000001,83.545,0.0,0.0,-1.694,350.0786,0.0,0.0,12.407,0,1.0,1.18,310.005,1.9795,34.77,0.0,257.832,0.0,0
46908,-1.364,83.545,0.0,0.0,-1.694,350.0786,0.0,0.0,12.427000000000001,0,2.0,1.23,310.005,0.19790000000000002,34.980000000000004,0.0,257.832,0.0,0
46908,-1.364,83.545,0.5,0.0,-1.694,350.0786,0.0,0.0,12.446,0,4.0,1.285,310.14000000000004,0.17320000000000002,35.13,0.0,257.832,0.0,0
46908,-1.5350000000000001,83.545,0.5,0.0,-1.694,350.0786,0.0,0.0,12.466000000000001,0,3.0,1.385,310.14000000000004,1.0310000000000001,34.800000000000004,0.0,257.832,0.0,0
46908,-1.5350000000000001,83.545,0.5,0.0,-1.694,350.0786,0.0,0.2,12.485000000000001,0,1.0,1.44,310.005,0.3299,33.93,0.0,257.832,0.0,0
46908,-1.364,83.545,0.0,0.0,-1.694,350.0786,0.0,0.0,12.505,0,1.0,1.565,310.005,-0.9650000000000001,33.75,0.0,257.832,0.0,0
46908,-1.5350000000000001,83.545,0.5,0.0,-1.694,350.0786,0.0,0.0,12.524000000000001,0,-1.0,1.71,309.915,-2.4661,33.27,0.0,257.832,0.0,0
46908,-1.5350000000000001,83.545,0.0,0.0,-1.694,350.0786,0.0,0.0,12.529,0,0.0,1.7,309.915,-2.4743,33.33,0.0,257.832,0.0,0
46908,-1.364,83.545,0.0,0.0,-1.694,350.0786,0.0,0.0,12.549000000000001,0,3.0,1.715,309.915,-2.6393,33.51,0.0,257.832,0.0,0
46908,-1.364,83.545,0.0,0.0,-1.694,350.0786,0.0,0.0,12.568000000000001,0,0.0,1.83,310.005,0.0,32.97,0.0,257.832,0.0,0
46908,-1.364,83.545,-0.5,0.0,-1.694,350.0786,0.0,0.0,12.588000000000001,0,1.0,1.825,310.005,0.6598,33.24,0.0,257.832,0.0,0
46908,-1.364,83.545,0.0,0.0,-1.694,350.0786,0.0,0.0,12.607000000000001,0,1.0,1.885,310.005,0.9897,34.47,0.0,257.832,0.0,0
46908,-1.5350000000000001,83.545,0.5,0.0,-1.694,350.0786,0.0,0.0,12.627,0,2.0,1.9000000000000001,310.005,0.0,35.43,0.0,257.832,0.0,0
46908,-1.705,83.545,-0.5,0.0,-1.694,350.0786,0.0,0.0,12.646,0,2.0,1.86,310.14000000000004,0.4289,35.13,0.0,257.832,0.0,0
46908,-1.5350000000000001,83.545,-0.5,0.0,-1.694,350.0786,0.0,0.0,12.666,0,0.0,1.67,310.005,3.4311000000000003,34.980000000000004,0.0,257.832,0.0,0
46908,-1.364,83.545,0.5,0.0,-1.694,350.0786,0.0,0.0,12.690000000000001,0,1.0,1.665,310.14000000000004,2.2764,35.1,0.0,257.832,0.0,0
46908,-1.5350000000000001,83.545,0.0,0.0,-1.694,350.0786,0.0,0.0,12.71,0,3.0,1.615,310.005,-4.2229,34.44,0.0,257.832,0.0,0
46908,-1.705,83.545,0.0,0.0,-1.694,350.0786,0.0,0.0,12.729000000000001,0,0.0,1.5150000000000001,310.14000000000004,-1.6826,34.29,0.0,257.832,0.0,0
46908,-1.194,83.545,-0.5,0.0,-1.694,350.0786,0.0,0.0,12.754000000000001,0,0.0,3.435,310.005,-1.3196,33.81,0.0,257.832,0.0,0
46908,-1.5350000000000001,83.545,0.0,0.0,-1.694,350.0786,0.0,0.0,12.866000000000001,0,2.0,8.805,310.14000000000004,0.6928000000000001,33.87,0.0,257.832,0.0,0
46908,-1.5350000000000001,83.545,0.0,0.0,-1.694,350.0786,0.0,0.0,13.174000000000001,0,0.0,9.08,310.14000000000004,0.9238000000000001,33.57,0.0,257.832,0.0,0
46908,-1.5350000000000001,83.545,0.0,0.0,-1.694,350.0786,0.0,0.0,13.647,0,0.0,4.565,310.14000000000004,6.499300000000001,33.54,0.0,257.832,0.0,0
46908,-1.705,83.545,0.0,0.0,-1.694,350.0786,0.0,0.0,14.155000000000001,0,-2.0,2.37,310.005,-4.0909,33.42,0.0,257.832,0.0,0
46908,-1.5350000000000001,83.545,0.0,0.0,-1.694,350.0786,0.0,0.0,14.658000000000001,0,-1.0,2.64,310.14000000000004,-3.1672000000000002,33.99,0.0,257.832,0.0,0
46908,-1.5350000000000001,83.545,0.0,0.0,-1.694,350.0786,0.0,0.0,15.161000000000001,0,0.0,3.2800000000000002,310.005,-0.6598,34.71,0.0,257.832,0.0,0
46908,-1.194,83.545,-0.5,0.0,-1.694,350.0786,0.0,0.0,15.659,0,2.0,3.465,310.005,-3.1672000000000002,35.22,0.0,257.832,0.0,0
46908,-1.364,83.545,0.0,0.0,-1.694,350.0786,0.0,0.0,16.162,0,3.0,2.865,310.14000000000004,0.0,34.92,0.0,257.832,0.0,0
46908,-1.5350000000000001,83.545,-0.5,0.0,-1.694,350.0786,0.0,0.0,16.66,0,1.0,2.19,309.915,-0.19790000000000002,34.08,0.0,257.832,0.0,0
46908,-1.364,83.545,0.0,0.0,-1.694,350.0786,0.0,0.0,17.163,0,1.0,2.45,310.14000000000004,-0.5279,34.35,0.0,257.832,0.0,0
46908,-1.5350000000000001,83.545,0.0,0.0,-1.694,350.0786,0.0,0.0,17.661,0,-1.0,2.95,310.005,-1.2207000000000001,34.35,0.0,257.832,0.0,0
46908,-1.5350000000000001,83.545,-0.5,0.0,-1.694,350.0786,0.0,0.0,18.159000000000002,0,2.0,3.27,310.005,2.2434000000000003,34.92,0.0,257.832,0.0,0
46908,-1.5350000000000001,83.545,0.0,0.0,-1.694,350.0786,0.0,0.0,18.662000000000003,0,1.0,2.87,310.005,2.4743,35.34,0.0,257.832,0.0,0
46908,-1.364,83.545,0.0,0.0,-1.694,350.0786,0.0,0.0,19.165,0,2.0,2.22,310.005,-0.9238000000000001,34.65,0.0,257.832,0.0,0
46908,-1.364,83.545,0.0,0.0,-1.694,350.0786,0.0,0.0,19.663,0,2.0,2.6,310.005,0.7918000000000001,34.230000000000004,0.0,257.832,0.0,0
46908,-1.364,83.545,0.0,0.0,-1.694,350.0786,0.0,0.0,20.161,0,0.0,2.97,310.005,1.7155,33.81,0.0,257.832,0.0,0
46908,-1.5350000000000001,83.545,0.0,0.0,-1.694,350.0786,0.0,0.0,20.21,0,1.0,3.105,310.005,1.6496000000000002,33.81,0.0,257.832,0.0,0
46908,-1.5350000000000001,83.545,0.0,0.0,-1.694,350.0786,0.0,0.0,20.713,0,2.0,3.29,310.005,-1.7815,32.7,0.0,257.832,0.0,0
46908,-1.5350000000000001,83.545,0.0,0.0,-1.694,350.0786,0.0,0.0,21.211000000000002,0,1.0,2.555,310.005,-1.7155,33.3,0.0,257.832,0.0,0
46908,-1.364,83.545,0.0,0.0,-1.694,350.0786,0.0,0.0,21.714000000000002,0,1.0,2.12,310.005,1.7815,34.65,0.0,257.832,0.0,0
46908,-1.5350000000000001,83.545,0.0,0.0,-1.694,350.0786,0.0,0.0,22.212,0,-1.0,2.99,310.14000000000004,4.4621,35.04,0.0,257.832,0.0,0
46908,-1.364,83.545,0.0,0.0,-1.694,350.0786,0.0,0.0,22.71,0,3.0,3.4050000000000002,310.23,6.4745,35.94,0.0,257.832,0.0,0
46908,-1.5350000000000001,83.545,0.0,0.0,-1.694,350.0786,0.0,0.0,23.213,0,2.0,3.19,310.005,4.2229,35.43,0.0,257.832,0.0,0
46908,-1.194,83.545,0.0,0.0,-1.694,350.0786,0.0,0.0,23.711000000000002,0,2.0,2.46,310.005,-4.1981,35.04,0.0,257.832,0.0,0
46908,-1.5350000000000001,83.545,0.0,0.0,-1.694,350.0786,0.0,0.0,24.214000000000002,0,-1.0,2.33,310.005,-8.6684,34.62,0.0,257.832,0.0,0
46908,-1.5350000000000001,83.545,0.0,0.0,-1.694,350.0786,0.0,0.0,24.712,0,0.0,2.755,310.14000000000004,-0.7918000000000001,35.22,0.0,257.832,0.0,0
46908,-1.5350000000000001,83.545,0.5,0.0,-1.694,350.0786,0.0,0.0,25.215,0,1.0,3.12,310.005,1.9135000000000002,35.97,0.0,257.832,0.0,0
46908,-1.364,83.545,0.0,0.0,-1.694,350.0786,0.0,0.0,25.713,0,0.0,2.79,310.14000000000004,3.8517,35.160000000000004,0.0,257.832,0.0,0
46908,-1.5350000000000001,83.545,0.0,0.0,-1.694,350.0786,0.0,0.0,26.216,0,2.0,2.3850000000000002,309.915,2.8785000000000003,34.26,0.0,257.832,0.0,0
46908,-1.5350000000000001,83.545,0.0,0.0,-1.694,350.0786,0.0,0.0,26.714000000000002,0,2.0,1.965,310.005,-3.2991,33.24,0.0,257.832,0.0,0
46908,-1.5350000000000001,83.545,0.0,0.0,-1.694,350.0786,0.0,0.0,27.217000000000002,0,3.0,2.68,310.005,-5.2538,32.97,0.0,257.832,0.0,0
46908,-1.364,83.545,0.0,0.0,-1.694,350.0786,0.0,-0.2,27.715,0,3.0,2.9050000000000002,310.14000000000004,2.5073000000000003,33.45,0.0,257.832,0.0,0
46908,-1.364,83.545,0.0,0.0,-1.694,350.0786,0.0,0.0,28.213,0,1.0,2.74,310.005,-0.2639,34.89,0.0,257.832,0.0,0
46908,-1.194,83.545,0.0,0.0,-1.694,350.0786,0.0,0.0,28.716,0,3.0,2.395,310.005,1.699,36.0,0.0,257.832,0.0,0
46908,-1.364,83.545,0.5,0.0,-1.694,350.0786,0.0,0.0,29.219,0,3.0,2.1,309.915,-0.6846,36.42,0.0,257.832,0.0,0
46908,-1.705,83.545,0.0,0.0,-1.694,350.0786,0.0,0.0,29.717000000000002,0,1.0,2.73,310.005,-4.3548,36.27,0.0,257.832,0.0,0
46908,-1.5350000000000001,83.545,0.0,0.0,-1.694,350.0786,0.0,0.0,30.215,0,1.0,2.88,309.915,-2.4249,36.09,0.0,257.832,0.0,0
46908,-1.705,83.545,0.0,0.0,-1.694,350.0786,0.0,0.0,30.718,0,0.0,3.015,310.005,4.1569,35.7,0.0,257.832,0.0,0
46908,-1.364,83.545,-0.5,0.0,-1.694,350.0786,0.0,0.0,31.216,0,0.0,2.34,309.915,1.864,34.800000000000004,0.0,257.832,0.0,0
46908,-1.364,83.545,0.0,0.0,-1.694,350.0786,0.0,0.0,31.719,0,0.0,2.14,310.14000000000004,0.9650000000000001,34.95,0.0,257.832,0.0,0
46908,-1.705,83.545,0.0,0.0,-1.694,350.0786,0.0,0.0,32.217,0,3.0,2.91,310.14000000000004,4.3301,34.980000000000004,0.0,257.832,0.0,0
46908,-1.194,83.545,0.5,0.0,-1.694,350.0786,0.0,0.0,32.715,0,2.0,3.3000000000000003,310.14000000000004,6.837400000000001,34.92,0.0,257.832,0.0,0
46908,-1.5350000000000001,83.545,0.0,0.0,-1.694,350.0786,0.0,0.0,33.213,0,1.0,2.945,310.005,-8.0251,34.59,0.0,257.832,0.0,0
46908,-1.194,83.545,0.5,0.0,-1.694,350.0786,0.0,0.0,33.716,0,0.0,2.515,310.005,-6.375500000000001,33.9,0.0,257.832,0.0,0
46908,-1.5350000000000001,83.545,0.0,0.0,-1.694,350.0786,0.0,0.0,34.219,0,-1.0,2.1,310.005,0.2227,34.17,0.0,257.832,0.0,0
46908,-1.5350000000000001,83.545,0.0,0.0,-1.694,350.0786,0.0,0.0,34.717,0,0.0,2.7800000000000002,310.005,-0.9402,34.11,0.0,257.832,0.0,0
46908,-1.364,83.545,-0.5,0.0,-1.694,350.0786,0.0,0.0,35.215,0,0.0,2.9050000000000002,310.005,-3.0352,34.62,0.0,257.832,0.0,0
46908,-1.0230000000000001,83.545,0.0,0.0,-1.694,350.0786,0.0,-0.2,35.718,0,1.0,2.95,310.005,-0.5279,35.52,0.0,257.832,0.0,0
46908,-1.364,83.545,0.0,0.0,-1.694,350.0786,0.0,0.0,36.216,0,2.0,2.38,310.005,6.5982,36.45,0.0,257.832,0.0,0
46908,-1.364,83.545,0.0,0.0,-1.694,350.0786,0.0,0.0,36.719,0,0.0,1.84,310.005,2.0949,36.03,0.0,257.832,0.0,0
46908,-1.5350000000000001,83.545,0.0,0.0,-1.694,350.0786,0.0,0.0,36.768,0,2.0,2.21,310.005,1.3196,36.03,0.0,257.832,0.0,0
46908,-1.5350000000000001,83.545,0.0,0.0,-1.694,350.0786,0.0,0.0,37.266,0,2.0,3.0100000000000002,310.005,-1.5836000000000001,35.97,0.0,257.832,0.0,0
46908,-1.5350000000000001,83.545,0.0,0.0,-1.694,350.0786,0.0,0.0,37.769,0,2.0,2.98,310.005,0.39590000000000003,35.61,0.0,257.832,0.0,0
46908,-1.364,83.545,0.0,0.0,-1.694,350.0786,0.0,-0.2,38.267,0,2.0,2.545,310.005,-1.5836000000000001,35.160000000000004,0.0,257.832,0.0,0
46908,-1.5350000000000001,83.545,0.0,0.0,-1.694,350.0786,0.0,0.0,38.77,0,3.0,2.23,310.005,0.0,35.22,0.0,257.832,0.0,0
46908,-1.364,83.545,0.0,0.0,-1.694,350.0786,0.0,0.0,39.268,0,1.0,2.585,310.005,0.0,34.800000000000004,0.0,257.832,0.0,0
46908,-1.364,83.545,-0.5,0.0,-1.694,350.0786,0.0,0.0,39.766000000000005,0,0.0,3.0100000000000002,310.14000000000004,2.7713,33.87,0.0,257.832,0.0,0
46908,-1.5350000000000001,83.545,0.5,0.0,-1.694,350.0786,0.0,0.0,40.269000000000005,0,3.0,2.92,310.005,0.7918000000000001,33.6,0.0,257.832,0.0,0
46908,-1.5350000000000001,83.545,0.0,0.0,-1.694,350.0786,0.0,0.2,40.767,0,0.0,2.73,310.005,-1.1877,32.85,0.0,257.832,0.0,0
46908,-1.364,83.545,0.0,0.0,-1.694,350.0786,0.0,-0.2,41.27,0,2.0,2.37,310.005,-1.4846000000000001,33.54,0.0,257.832,0.0,0
46908,-1.5350000000000001,83.545,-0.5,0.0,-1.694,350.0786,0.0,0.0,41.768,0,2.0,2.4,310.005,3.2991,34.26,0.0,257.832,0.0,0
46908,-1.364,83.545,0.0,0.0,-1.694,350.0786,0.0,0.0,42.271,0,0.0,3.17,310.23,4.8497,35.28,0.0,257.832,0.0,0
46908,-1.5350000000000001,83.545,0.0,0.0,-1.694,350.0786,0.0,0.0,42.769000000000005,0,2.0,3.56,310.005,-0.9238000000000001,36.24,0.0,257.832,0.0,0
46908,-1.194,83.545,0.5,0.0,-1.694,350.0786,0.0,0.0,42.817,0,1.0,3.375,310.005,-1.7815,36.24,0.0,257.832,0.0,0
46908,-1.5350000000000001,83.545,0.5,0.0,-1.694,350.0786,0.0,0.0,43.315000000000005,0,3.0,2.705,310.005,-3.4311000000000003,36.63,0.0,257.832,0.0,0
46908,-1.5350000000000001,83.545,0.0,0.0,-1.694,350.0786,0.0,0.0,43.818000000000005,0,1.0,2.455,310.14000000000004,-2.8207,36.480000000000004,0.0,257.832,0.0,0
46908,-1.5350000000000001,83.545,0.0,0.0,-1.694,350.0786,0.0,0.0,44.321000000000005,0,1.0,2.65,310.005,1.3856000000000002,35.49,0.0,257.832,0.0,0
46908,-0.853,83.545,-0.5,0.0,-1.694,350.0786,0.0,0.0,44.819,0,3.0,3.265,310.14000000000004,1.9547,35.01,0.0,257.832,0.0,0
46908,-1.194,83.545,0.0,0.0,-1.694,350.0786,0.0,0.0,45.317,0,1.0,2.845,309.915,-4.2724,34.89,0.0,257.832,0.0,0
46908,-1.194,83.545,0.5,0.0,-1.694,350.0786,0.0,0.0,45.82,0,0.0,2.565,310.005,-3.4971,34.47,0.0,257.832,0.0,0
46908,-1.5350000000000001,83.545,0.0,0.0,-1.694,350.0786,0.0,0.0,46.318000000000005,0,2.0,2.48,310.005,-1.3196,33.69,0.0,257.832,0.0,0
46908,-1.364,83.545,-0.5,0.0,-1.694,350.0786,0.0,0.0,46.821000000000005,0,2.0,2.505,310.005,2.7548,34.14,0.0,257.832,0.0,0
46908,-1.194,83.545,0.0,0.0,-1.694,350.0786,0.0,0.0,47.319,0,1.0,3.11,310.14000000000004,5.435300000000001,33.9,0.0,257.832,0.0,0
46908,-1.0230000000000001,83.545,0.0,0.0,-1.694,350.0786,0.0,0.0,47.822,0,-2.0,2.91,310.14000000000004,0.5691,34.29,0.0,257.832,0.0,0
46908,-1.364,83.545,-0.5,0.0,-1.694,350.0786,0.0,0.0,48.32,0,1.0,2.335,310.005,-2.1527000000000003,35.160000000000004,0.0,257.832,0.0,0
46908,-1.5350000000000001,83.545,0.0,0.0,-1.694,350.0786,0.0,0.0,48.823,0,0.0,2.2800000000000002,310.005,-1.3609,35.88,0.0,257.832,0.0,0
46908,-1.5350000000000001,83.545,-0.5,0.0,-1.694,350.0786,0.0,0.0,49.321000000000005,0,1.0,2.575,310.005,0.3299,36.33,0.0,257.832,0.0,0
46908,-1.5350000000000001,83.545,-0.5,0.0,-1.694,350.0786,0.0,0.2,49.819,0,2.0,3.16,310.005,2.8372,36.12,0.0,257.832,0.0,0
46908,-1.364,83.545,0.0,0.0,-1.694,350.0786,0.0,0.0,50.322,0,3.0,2.795,310.005,-1.9547,36.36,0.0,257.832,0.0,0
46908,-1.364,83.545,0.0,0.0,-1.694,350.0786,0.0,0.2,50.82,0,0.0,2.445,310.14000000000004,-0.6186,35.7,0.0,257.832,0.0,0
46908,-1.364,83.545,0.0,0.0,-1.694,350.0786,0.0,0.0,51.323,0,0.0,2.575,310.14000000000004,4.9487000000000005,35.550000000000004,0.0,257.832,0.0,0
46908,-1.364,83.545,0.0,0.0,-1.694,350.0786,0.0,0.0,51.821000000000005,0,1.0,2.88,310.14000000000004,1.3609,34.59,0.0,257.832,0.0,0
46908,-1.194,83.545,0.0,0.0,-1.694,350.0786,0.0,0.0,52.319,0,0.0,3.2600000000000002,310.14000000000004,0.37120000000000003,34.32,0.0,257.832,0.0,0
46908,-1.5350000000000001,83.545,-0.5,0.0,-1.694,350.0786,0.0,0.0,52.822,0,2.0,3.165,310.005,-2.7465,33.75,0.0,257.832,0.0,0
46908,-1.0230000000000001,83.545,0.5,0.0,-1.694,350.0786,0.0,0.0,53.32,0,1.0,2.49,310.005,-3.0352,33.36,0.0,257.832,0.0,0
46908,-1.5350000000000001,83.545,0.0,0.0,-1.694,350.0786,0.0,0.0,53.823,0,2.0,2.525,310.005,-0.5031,33.72,0.0,257.832,0.0,0
46908,-1.5350000000000001,83.545,0.5,0.0,-1.694,350.0786,0.0,0.0,54.321000000000005,0,3.0,2.7600000000000002,309.915,-3.2166,34.38,0.0,257.832,0.0,0
46908,-1.5350000000000001,83.545,0.0,0.0,-1.694,350.0786,0.0,0.0,54.819,0,2.0,3.475,309.915,0.6103000000000001,35.160000000000004,0.0,257.832,0.0,0
46908,-1.5350000000000001,83.545,-0.5,0.0,-1.694,350.0786,0.0,0.0,55.322,0,2.0,3.015,310.14000000000004,1.6908,35.82,0.0,257.832,0.0,0
46908,-1.194,83.545,0.0,0.0,-1.694,350.0786,0.0,0.0,55.82,0,2.0,2.5100000000000002,310.005,0.6433,35.46,0.0,257.832,0.0,0
46908,-1.194,83.545,0.0,0.0,-1.694,350.0786,0.0,0.0,56.323,0,1.0,2.6350000000000002,310.005,0.7258,35.64,0.0,257.832,0.0,0
46908,-1.194,83.545,0.0,0.0,-1.694,350.0786,0.0,0.0,56.372,0,1.0,2.72,310.005,0.6598,35.61,0.0,257.832,0.0,0
46908,-1.5350000000000001,83.545,0.0,0.0,-1.694,350.0786,0.0,0.0,56.875,0,2.0,2.84,310.14000000000004,2.3754,35.49,0.0,257.832,0.0,0
46908,-1.5350000000000001,83.545,-0.5,0.0,-1.694,350.0786,0.0,0.0,57.373000000000005,0,1.0,2.81,310.14000000000004,4.3548,35.4,0.0,257.832,0.0,0
46908,-1.364,83.545,-0.5,0.0,-1.694,350.0786,0.0,0.0,57.871,0,2.0,2.445,310.005,-1.5836000000000001,35.37,0.0,257.832,0.0,0
46908,-1.194,83.545,0.0,0.0,-1.694,350.0786,0.0,0.0,58.374,0,3.0,2.3000000000000003,310.14000000000004,-1.8475000000000001,34.62,0.0,257.832,0.0,0
46908,-1.364,83.545,-0.5,0.0,-1.694,350.0786,0.0,0.0,58.872,0,0.0,2.525,310.005,-2.0125,33.69,0.0,257.832,0.0,0
46908,-1.5350000000000001,83.545,0.0,0.0,-1.694,350.0786,0.0,0.0,59.375,0,0.0,3.115,310.005,-1.8475000000000001,33.12,0.0,257.832,0.0,0
46908,-1.5350000000000001,83.545,0.0,0.0,-1.694,350.0786,0.0,0.0,59.873000000000005,0,-1.0,3.465,310.005,-3.8600000000000003,32.37,0.0,257.832,0.0,0
46908,-1.364,83.545,0.5,0.0,-1.694,350.0786,0.0,0.2,60.371,0,0.0,2.73,310.14000000000004,3.0352,32.88,0.0,257.832,0.0,0
46908,-1.5350000000000001,83.545,0.0,0.0,-1.694,350.0786,0.0,0.0,60.874,0,1.0,2.44,310.005,3.9589000000000003,33.84,0.0,257.832,0.0,0
46908,-1.194,83.545,0.0,0.0,-1.694,350.0786,0.0,0.0,61.372,0,2.0,2.95,310.005,-2.9032,34.68,0.0,257.832,0.0,0
46908,-1.5350000000000001,83.545,-0.5,0.0,-1.694,350.0786,0.0,0.0,61.875,0,3.0,3.1750000000000003,310.005,-5.4435,35.52,0.0,257.832,0.0,0
46908,-1.0230000000000001,83.545,0.0,0.0,-1.694,350.0786,0.0,0.2,62.373000000000005,0,1.0,3.285,310.005,3.0352,35.58,0.0,257.832,0.0,0
46908,-1.364,83.545,0.0,0.0,-1.694,350.0786,0.0,0.0,62.871,0,1.0,2.975,310.005,-0.5279,34.74,0.0,257.832,0.0,0
46908,-1.194,83.545,-0.5,0.0,-1.694,350.0786,0.0,0.0,63.374,0,3.0,2.735,310.14000000000004,0.5279,34.38,0.0,257.832,0.0,0
46908,-1.5350000000000001,83.545,0.5,0.0,-1.694,350.0786,0.0,-0.2,63.872,0,2.0,3.065,310.14000000000004,7.2911,34.05,0.0,257.832,0.0,0
46908,-1.194,83.545,0.5,0.0,-1.694,350.0786,0.0,0.0,64.375,0,2.0,3.165,310.005,0.0,34.35,0.0,257.832,0.0,0
46908,-1.5350000000000001,83.545,-0.5,0.0,-1.694,350.0786,0.0,0.2,64.873,0,4.0,3.38,309.915,-4.8497,35.22,0.0,257.832,0.0,0
46908,-1.5350000000000001,83.545,0.0,0.0,-1.694,350.0786,0.0,0.0,65.37100000000001,0,-1.0,2.92,309.915,-3.0352,35.910000000000004,0.0,257.832,0.0,0
46908,-1.5350000000000001,83.545,0.0,0.0,-1.694,350.0786,0.0,0.0,65.87400000000001,0,-1.0,2.645,310.005,0.7918000000000001,35.46,0.0,257.832,0.0,0
46908,-1.705,83.545,-0.5,0.0,-1.694,350.0786,0.0,0.0,66.372,0,0.0,3.295,310.14000000000004,3.8270000000000004,33.72,0.0,257.832,0.0,0
46908,-1.0230000000000001,83.545,-0.5,0.0,-1.694,350.0786,0.0,0.0,66.875,0,3.0,3.09,310.005,-1.9135000000000002,32.52,0.0,257.832,0.0,0
46908,-1.0230000000000001,83.545,0.0,0.0,-1.694,350.0786,0.0,0.0,67.373,0,2.0,3.165,310.005,-0.6598,32.49,0.0,257.832,0.0,0
46908,-1.5350000000000001,83.545,0.0,0.0,-1.694,350.0786,0.0,0.0,67.87100000000001,0,2.0,1.5350000000000001,310.005,1.6826,33.54,0.0,257.832,0.0,0
46908,-1.194,83.545,0.0,0.0,-1.694,350.0786,0.0,-0.2,68.315,0,0.0,-3.015,310.005,0.0,34.71,0.0,257.832,0.0,0
46908,-1.5350000000000001,83.545,0.0,0.0,-1.694,350.0786,0.0,0.0,68.59400000000001,0,0.0,-3.34,310.005,-1.0557,35.67,0.0,257.832,0.0,0
46908,-1.5350000000000001,83.545,0.0,0.0,-1.694,350.0786,0.0,0.0,68.711,0,3.0,-2.25,310.005,0.2639,36.12,0.0,257.832,0.0,0
46908,-1.194,83.545,0.0,0.0,-1.694,350.0786,0.0,0.0,68.73,0,0.0,1.035,309.915,0.5938,35.58,0.0,257.832,0.0,0
46908,-1.194,83.545,0.0,0.0,-1.694,350.0786,0.0,0.0,68.735,0,0.0,0.585,310.14000000000004,3.2991,34.65,0.0,257.832,0.0,0
46908,-1.0230000000000001,83.545,-0.5,0.0,-1.694,350.0786,0.0,0.0,68.735,0,2.0,0.53,309.915,-0.9897,34.11,0.0,257.832,0.0,0
46908,-1.5350000000000001,83.545,0.0,0.0,-1.694,350.0786,0.0,0.0,68.73,0,-1.0,-0.675,310.005,-2.1114,34.44,0.0,257.832,0.0,0
46908,-1.5350000000000001,83.545,-0.5,0.0,-1.694,350.0786,0.0,0.0,68.677,0,1.0,-5.67,310.005,-0.9567,34.68,0.0,257.832,0.0,0
46908,-1.5350000000000001,83.545,0.0,0.0,-1.694,350.0786,0.0,0.0,68.477,0,0.0,-8.26,310.005,1.8475000000000001,33.69,0.0,257.832,0.0,0
46908,-1.5350000000000001,83.545,-0.5,0.0,-1.694,350.0786,0.0,0.0,68.09100000000001,0,2.0,-8.96,309.915,-0.9897,32.61,0.0,257.832,0.0,0
46908,-1.364,83.545,0.5,0.0,-1.694,350.0786,0.0,0.2,67.51,0,1.0,-8.86,309.915,-0.6598,33.21,0.0,257.832,0.0,0
46908,-1.0230000000000001,83.545,0.0,0.0,-1.694,350.0786,0.0,-0.2,66.748,0,3.0,-8.675,310.005,0.0,33.3,0.0,257.832,0.0,0
46908,-1.194,83.545,-0.5,0.0,-1.694,350.0786,0.0,0.0,65.83500000000001,0,0.0,-7.405,310.005,0.6598,33.75,0.0,257.832,0.0,0
46908,-1.5350000000000001,83.545,0.0,0.0,-1.694,350.0786,0.0,0.0,65.732,0,0.0,-6.7700000000000005,310.005,0.18150000000000002,33.93,0.0,257.832,0.0,0
46908,-1.364,83.545,-0.5,0.0,-1.694,350.0786,0.0,0.0,64.727,0,2.0,-3.435,310.14000000000004,2.664,35.52,0.0,257.832,0.0,0
46908,-1.364,83.545,0.0,0.0,-1.694,350.0786,0.0,0.0,63.726000000000006,0,-2.0,-3.6350000000000002,310.14000000000004,1.7568000000000001,36.51,0.0,257.832,0.0,0
46908,-1.5350000000000001,83.545,0.0,0.0,-1.694,350.0786,0.0,0.0,62.720000000000006,0,0.0,-3.525,310.005,2.5733,36.03,0.0,257.832,0.0,0
46908,-1.194,83.545,-0.5,0.0,-1.694,350.0786,0.0,0.0,61.724000000000004,0,2.0,-3.56,310.005,1.8063,35.37,0.0,257.832,0.0,0
46908,-1.5350000000000001,83.545,0.0,0.0,-1.694,350.0786,0.0,0.0,60.723000000000006,0,2.0,-3.46,310.005,-3.9589000000000003,35.1,0.0,257.832,0.0,0
46908,-1.364,83.545,0.0,0.0,-1.694,350.0786,0.0,0.0,59.722,0,-2.0,-3.43,310.14000000000004,-0.2227,34.89,0.0,257.832,0.0,0
46908,-1.5350000000000001,83.545,0.5,0.0,-1.694,350.0786,0.0,0.0,58.721000000000004,0,0.0,-4.05,310.14000000000004,1.9135000000000002,34.59,0.0,257.832,0.0,0
46908,-1.364,83.545,0.0,0.0,-1.694,350.0786,0.0,0.0,57.720000000000006,0,-1.0,-3.835,310.14000000000004,-0.3547,34.44,0.0,257.832,0.0,0
46908,-1.364,83.545,0.0,0.0,-1.694,350.0786,0.0,0.0,56.724000000000004,0,0.0,-3.835,310.14000000000004,0.39590000000000003,34.410000000000004,0.0,257.832,0.0,0
46908,-1.5350000000000001,83.545,0.0,0.0,-1.694,350.0786,0.0,0.0,55.723000000000006,0,3.0,-3.84,310.005,0.0247,34.2,0.0,257.832,0.0,0
46908,-1.364,83.545,0.0,0.0,-1.694,350.0786,0.0,0.0,54.722,0,2.0,-3.795,310.005,-1.5836000000000001,34.05,0.0,257.832,0.0,0
46908,-1.364,83.545,0.5,0.0,-1.694,350.0786,0.0,0.0,53.721000000000004,0,2.0,-3.815,310.14000000000004,-1.5836000000000001,33.75,0.0,257.832,0.0,0
46908,-1.194,83.545,0.5,0.0,-1.694,350.0786,0.0,0.0,52.720000000000006,0,4.0,-3.4,310.14000000000004,1.5588000000000002,33.3,0.0,257.832,0.0,0
46908,-1.0230000000000001,83.545,0.0,0.0,-1.694,350.0786,0.0,0.0,51.719,0,2.0,-3.955,310.005,-1.7815,33.51,0.0,257.832,0.0,0
46908,-1.364,83.545,0.0,0.0,-1.694,350.0786,0.0,0.0,50.718,0,0.0,-3.235,309.915,-4.998200000000001,35.13,0.0,257.832,0.0,0
46908,-1.364,83.545,-0.5,0.0,-1.694,350.0786,0.0,0.0,49.717000000000006,0,-1.0,-3.585,310.005,-4.5280000000000005,36.15,0.0,257.832,0.0,0
46908,-1.364,83.545,0.0,0.0,-1.694,350.0786,0.0,0.0,48.721000000000004,0,2.0,-3.75,310.14000000000004,2.4166000000000003,35.64,0.0,257.832,0.0,0
46908,-1.5350000000000001,83.545,0.0,0.0,-1.694,350.0786,0.0,0.0,47.72,0,-2.0,-3.5500000000000003,310.005,1.6331,35.4,0.0,257.832,0.0,0
46908,-1.364,83.545,0.0,0.0,-1.694,350.0786,0.0,0.0,46.719,0,-1.0,-3.88,310.005,-0.8743000000000001,34.89,0.0,257.832,0.0,0
46908,-1.705,83.545,0.5,0.0,-1.694,350.0786,0.0,0.0,45.723,0,0.0,-3.545,310.005,-2.4166000000000003,34.71,0.0,257.832,0.0,0
46908,-1.5350000000000001,83.545,0.0,0.0,-1.694,350.0786,0.0,0.0,44.717,0,3.0,-3.725,310.005,2.8207,34.47,0.0,257.832,0.0,0
46908,-1.194,83.545,-0.5,0.0,-1.694,350.0786,0.0,0.0,43.721000000000004,0,1.0,-3.495,310.14000000000004,2.4826,34.62,0.0,257.832,0.0,0
46908,-1.194,83.545,0.0,0.0,-1.694,350.0786,0.0,0.0,42.715,0,-1.0,-3.35,310.005,1.1877,35.19,0.0,257.832,0.0,0
46908,-1.364,83.545,0.0,0.0,-1.694,350.0786,0.0,0.0,41.719,0,2.0,-3.4450000000000003,310.005,0.9238000000000001,34.77,0.0,257.832,0.0,0
46908,-1.5350000000000001,83.545,0.0,0.0,-1.694,350.0786,0.0,0.0,40.718,0,3.0,-3.075,310.005,-3.2496,34.17,0.0,257.832,0.0,0
46908,-1.194,83.545,0.0,0.0,-1.694,350.0786,0.0,0.0,39.717,0,0.0,-3.7,310.005,-3.1012,34.02,0.0,257.832,0.0,0
46908,-1.194,83.545,0.0,0.0,-1.694,350.0786,0.0,0.0,38.716,0,1.0,-3.765,309.915,-2.5981,33.45,0.0,257.832,0.0,0
46908,-1.5350000000000001,83.545,0.0,0.0,-1.694,350.0786,0.0,0.0,38.618,0,2.0,-3.74,309.915,-2.1114,33.45,0.0,257.832,0.0,0
46908,-1.364,83.545,0.0,0.0,-1.694,350.0786,0.0,0.0,37.617000000000004,0,3.0,-3.46,310.14000000000004,2.0125,34.53,0.0,257.832,0.0,0
46908,-1.5350000000000001,83.545,0.0,0.0,-1.694,350.0786,0.0,0.0,36.616,0,2.0,-3.845,310.005,0.6598,35.58,0.0,257.832,0.0,0
46908,-1.364,83.545,0.0,0.0,-1.694,350.0786,0.0,0.0,35.620000000000005,0,1.0,-3.6950000000000003,310.14000000000004,1.6826,36.21,0.0,257.832,0.0,0
46908,-1.5350000000000001,83.545,0.0,0.0,-1.694,350.0786,0.0,0.0,34.614000000000004,0,2.0,-3.59,310.23,4.3548,35.94,0.0,257.832,0.0,0
46908,-1.194,83.545,0.0,0.0,-1.694,350.0786,0.0,0.0,33.618,0,4.0,-3.415,310.005,2.9032,36.300000000000004,0.0,257.832,0.0,0
46908,-1.0230000000000001,83.545,0.0,0.0,-1.694,350.0786,0.0,0.0,32.617000000000004,0,1.0,-3.165,310.005,-2.3754,35.49,0.0,257.832,0.0,0
46908,-1.364,83.545,0.0,0.0,-1.694,350.0786,0.0,0.0,31.616000000000003,0,3.0,-3.34,310.005,-4.0579,34.59,0.0,257.832,0.0,0
46908,-1.0230000000000001,83.545,0.0,0.0,-1.694,350.0786,0.0,0.0,30.615000000000002,0,3.0,-3.605,310.14000000000004,2.7713,33.9,0.0,257.832,0.0,0
46908,-1.5350000000000001,83.545,0.0,0.0,-1.694,350.0786,0.0,0.0,29.614,0,0.0,-3.545,310.005,0.7918000000000001,33.9,0.0,257.832,0.0,0
46908,-1.5350000000000001,83.545,0.0,0.0,-1.694,350.0786,0.0,0.0,28.618000000000002,0,0.0,-3.41,310.005,-3.1672000000000002,34.29,0.0,257.832,0.0,0
46908,-1.5350000000000001,83.545,-0.5,0.0,-1.694,350.0786,0.0,0.0,27.617,0,0.0,-3.61,310.005,2.4743,34.02,0.0,257.832,0.0,0
46908,-1.194,83.545,0.0,0.0,-1.694,350.0786,0.0,0.0,26.616,0,-2.0,-3.605,310.14000000000004,4.7507,34.44,0.0,257.832,0.0,0
46908,-1.194,83.545,0.0,0.0,-1.694,350.0786,0.0,0.0,25.615000000000002,0,-1.0,-4.215,310.005,-0.7918000000000001,35.13,0.0,257.832,0.0,0
46908,-1.364,83.545,0.0,0.0,-1.694,350.0786,0.0,0.0,24.614,0,2.0,-3.1750000000000003,310.005,-2.7713,35.46,0.0,257.832,0.0,0
46908,-1.5350000000000001,83.545,0.0,0.0,-1.694,350.0786,0.0,0.0,23.613,0,2.0,-3.835,310.005,-3.0682,35.34,0.0,257.832,0.0,0
46908,-1.194,83.545,0.5,0.0,-1.694,350.0786,0.0,0.0,22.612000000000002,0,1.0,-3.2600000000000002,310.14000000000004,4.7507,35.46,0.0,257.832,0.0,0
46908,-1.194,83.545,0.0,0.0,-1.694,350.0786,0.0,0.0,21.616,0,0.0,-3.48,309.915,2.1774,35.52,0.0,257.832,0.0,0
46908,-1.364,83.545,0.0,0.0,-1.694,350.0786,0.0,0.0,20.615000000000002,0,2.0,-3.705,309.915,-3.4311000000000003,35.88,0.0,257.832,0.0,0
46908,-1.194,83.545,0.5,0.0,-1.694,350.0786,0.0,0.0,19.614,0,3.0,-3.3200000000000003,310.14000000000004,-1.5836000000000001,36.21,0.0,257.832,0.0,0
46908,-1.364,83.545,0.0,0.0,-1.694,350.0786,0.0,0.0,18.613,0,0.0,-2.045,310.005,1.8475000000000001,36.39,0.0,257.832,0.0,0
46908,-1.364,83.545,-0.5,0.0,-1.694,350.0786,0.0,0.0,17.705000000000002,0,1.0,6.4750000000000005,310.005,1.7815,35.1,0.0,257.832,0.0,0
46908,-1.364,83.545,0.5,0.0,-1.694,350.0786,0.0,0.0,17.085,0,0.0,8.305,310.005,-4.486800000000001,34.59,0.0,257.832,0.0,0
46908,-1.364,83.545,0.5,0.0,-1.694,350.0786,0.0,0.0,16.807000000000002,0,-1.0,5.915,310.14000000000004,0.6928000000000001,33.63,0.0,257.832,0.0,0
46908,-1.5350000000000001,83.545,0.5,0.0,-1.694,350.0786,0.0,0.0,16.748,0,0.0,0.595,310.005,2.1114,32.94,0.0,257.832,0.0,0
46908,-1.194,83.545,0.0,0.0,-1.694,350.0786,0.0,-0.2,16.738,0,3.0,-0.05,310.005,-3.1672000000000002,33.45,0.0,257.832,0.0,0
46908,-1.5350000000000001,83.545,0.0,0.0,-1.694,350.0786,0.0,0.0,16.738,0,3.0,-0.425,310.005,-0.7918000000000001,34.5,0.0,257.832,0.0,0
46908,-1.194,83.545,-0.5,0.0,-1.694,350.0786,0.0,0.0,16.743000000000002,0,2.0,-0.245,310.14000000000004,1.4846000000000001,35.01,0.0,257.832,0.0,0
46908,-1.364,83.545,0.0,0.0,-1.694,350.0786,0.0,0.0,16.743000000000002,0,2.0,-0.25,310.14000000000004,1.9547,35.04,0.0,257.832,0.0,0
46908,-1.364,83.545,0.0,0.0,-1.694,350.0786,0.0,0.0,16.743000000000002,0,3.0,-0.20500000000000002,310.14000000000004,-0.42060000000000003,35.28,0.0,257.832,0.0,0
46908,-1.194,83.545,0.0,0.0,-1.694,350.0786,0.0,0.0,16.743000000000002,0,0.0,-0.16,310.14000000000004,2.5486,35.49,0.0,257.832,0.0,0
46908,-1.0230000000000001,83.545,0.0,0.0,-1.694,350.0786,0.0,0.0,16.743000000000002,0,0.0,0.13,310.005,0.0247,35.67,0.0,257.832,0.0,0
46908,-1.194,83.545,0.0,0.0,-1.694,350.0786,0.0,0.0,16.787,0,0.0,6.0,310.14000000000004,-1.6083,35.160000000000004,0.0,257.832,0.0,0
46908,-1.194,83.545,0.5,0.0,-1.694,350.0786,0.0,0.0,17.012,0,-1.0,8.22,310.005,-3.3404000000000003,35.37,0.0,257.832,0.0,0
46908,-1.364,83.545,0.0,0.0,-1.694,350.0786,0.0,0.0,17.437,0,0.0,5.285,310.005,-2.4413,35.730000000000004,0.0,257.832,0.0,0
46908,-1.5350000000000001,83.545,0.0,0.0,-1.694,350.0786,0.0,0.0,17.954,0,-1.0,1.72,310.005,-0.5031,35.550000000000004,0.0,257.832,0.0,0
46908,-1.5350000000000001,83.545,0.0,0.0,-1.694,350.0786,0.0,0.0,18.457,0,-1.0,2.335,310.005,0.9897,34.83,0.0,257.832,0.0,0
46908,-1.364,83.545,0.5,0.0,-1.694,350.0786,0.0,0.0,18.96,0,1.0,2.8000000000000003,309.915,-0.9073,33.3,0.0,257.832,0.0,0
46908,-1.194,83.545,0.0,0.0,-1.694,350.0786,0.0,0.0,19.458000000000002,0,1.0,2.525,310.005,-1.1217000000000001,32.55,0.0,257.832,0.0,0
46908,-1.5350000000000001,83.545,-0.5,0.0,-1.694,350.0786,0.0,0.0,19.961000000000002,0,-1.0,2.33,310.14000000000004,-1.0145,32.28,0.0,257.832,0.0,0
46908,-1.194,83.545,0.0,0.0,-1.694,350.0786,0.0,0.0,20.459,0,-1.0,2.29,310.005,3.1012,33.69,0.0,257.832,0.0,0
46908,-1.0230000000000001,83.545,-0.5,0.0,-1.694,350.0786,0.0,0.0,20.957,0,0.0,2.5500000000000003,310.005,1.9795,35.97,0.0,257.832,0.0,0
46908,-1.364,83.545,0.0,0.0,-1.694,350.0786,0.0,0.0,21.46,0,3.0,2.795,309.915,-1.2372,36.57,0.0,257.832,0.0,0
46908,-1.0230000000000001,83.545,0.0,0.0,-1.694,350.0786,0.0,0.0,21.958000000000002,0,2.0,2.75,310.005,2.5073000000000003,36.06,0.0,257.832,0.0,0
46908,-1.364,83.545,0.0,0.0,-1.694,350.0786,0.0,0.0,22.461000000000002,0,1.0,2.58,310.005,-1.4929000000000001,34.980000000000004,0.0,257.832,0.0,0
46908,-1.5350000000000001,83.545,0.0,0.0,-1.694,350.0786,0.0,0.0,22.959,0,2.0,2.5,310.005,-0.34640000000000004,34.5,0.0,257.832,0.0,0
46908,-1.194,83.545,0.0,0.0,-1.694,350.0786,0.0,0.0,23.457,0,3.0,2.755,310.005,1.2124000000000001,34.62,0.0,257.832,0.0,0
46908,-0.853,83.545,0.0,0.0,-1.694,350.0786,0.0,0.0,23.511000000000003,0,3.0,2.98,310.005,1.5836000000000001,34.65,0.0,257.832,0.0,0
46908,-1.364,83.545,0.5,0.0,-1.694,350.0786,0.0,0.0,24.009,0,3.0,3.02,310.005,-2.3754,35.04,0.0,257.832,0.0,0
46908,-1.194,83.545,0.0,0.0,-1.694,350.0786,0.0,0.0,24.512,0,3.0,2.3000000000000003,309.915,-1.8475000000000001,35.4,0.0,257.832,0.0,0
46908,-1.194,83.545,0.5,0.0,-1.694,350.0786,0.0,0.0,25.01,0,2.0,2.2800000000000002,310.14000000000004,0.9567,35.07,0.0,257.832,0.0,0
46908,-1.194,83.545,0.0,0.0,-1.694,350.0786,0.0,0.0,25.508000000000003,0,0.0,2.465,309.915,-1.8475000000000001,34.35,0.0,257.832,0.0,0
46908,-1.194,83.545,0.5,0.0,-1.694,350.0786,0.0,0.0,26.011000000000003,0,0.0,2.845,310.005,-0.3299,33.480000000000004,0.0,257.832,0.0,0
46908,-1.5350000000000001,83.545,0.5,0.0,-1.694,350.0786,0.0,0.0,26.509,0,0.0,2.56,310.005,-1.9795,33.03,0.0,257.832,0.0,0
46908,-1.194,83.545,0.0,0.0,-1.694,350.0786,0.0,0.0,27.012,0,0.0,2.255,309.915,0.0,33.75,0.0,257.832,0.0,0
46908,-1.5350000000000001,83.545,0.5,0.0,-1.694,350.0786,0.0,0.0,27.51,0,0.0,2.02,310.005,1.1877,34.68,0.0,257.832,0.0,0
46908,-1.0230000000000001,83.545,0.0,0.0,-1.694,350.0786,0.0,0.0,28.013,0,2.0,2.325,310.005,0.5279,35.67,0.0,257.832,0.0,0
46908,-1.5350000000000001,83.545,0.5,0.0,-1.694,350.0786,0.0,0.0,28.511000000000003,0,3.0,2.79,310.005,1.8475000000000001,36.06,0.0,257.832,0.0,0
46908,-0.853,83.545,0.0,0.0,-1.694,350.0786,0.0,0.0,29.014000000000003,0,1.0,2.865,310.14000000000004,3.0682,35.88,0.0,257.832,0.0,0
46908,-1.5350000000000001,83.545,0.0,0.0,-1.694,350.0786,0.0,0.0,29.512,0,0.0,2.555,310.005,-1.1877,34.89,0.0,257.832,0.0,0
46908,-1.364,83.545,0.0,0.0,-1.694,350.0786,0.0,0.0,30.01,0,3.0,2.13,310.005,-3.1672000000000002,34.38,0.0,257.832,0.0,0
46908,-1.194,83.545,0.0,0.0,-1.694,350.0786,0.0,0.0,30.513,0,3.0,2.4250000000000003,310.14000000000004,-1.3196,34.95,0.0,257.832,0.0,0
46908,-1.5350000000000001,83.545,-0.5,0.0,-1.694,350.0786,0.0,0.0,31.011000000000003,0,1.0,2.94,310.005,2.1114,35.52,0.0,257.832,0.0,0
46908,-1.194,83.545,0.0,0.0,-1.694,350.0786,0.0,0.0,31.060000000000002,0,-2.0,3.095,310.005,1.9795,35.46,0.0,257.832,0.0,0
46908,-1.364,83.545,0.0,0.0,-1.694,350.0786,0.0,0.0,31.563000000000002,0,0.0,2.725,310.005,3.2331000000000003,34.980000000000004,0.0,257.832,0.0,0
46908,-1.194,83.545,0.0,0.0,-1.694,350.0786,0.0,0.0,32.061,0,-3.0,2.265,310.14000000000004,0.46190000000000003,34.08,0.0,257.832,0.0,0
46908,-1.364,83.545,0.0,0.0,-1.694,350.0786,0.0,0.0,32.563,0,2.0,2.345,310.005,3.8270000000000004,33.27,0.0,257.832,0.0,0
46908,-1.0230000000000001,83.545,0.0,0.0,-1.694,350.0786,0.0,0.0,33.062000000000005,0,3.0,3.09,310.005,-0.17320000000000002,32.46,0.0,257.832,0.0,0
46908,-1.5350000000000001,83.545,0.0,0.0,-1.694,350.0786,0.0,0.0,33.56,0,2.0,3.225,310.14000000000004,-4.9487000000000005,32.43,0.0,257.832,0.0,0
46908,-1.364,83.545,0.0,0.0,-1.694,350.0786,0.0,0.0,34.063,0,0.0,2.615,309.915,-0.8165,33.660000000000004,0.0,257.832,0.0,0
46908,-1.194,83.545,0.5,0.0,-1.694,350.0786,0.0,0.0,34.565000000000005,0,1.0,2.455,310.14000000000004,1.2949000000000002,35.1,0.0,257.832,0.0,0
46908,-1.194,83.545,0.0,0.0,-1.694,350.0786,0.0,0.0,35.063,0,2.0,2.22,310.005,-0.7258,35.76,0.0,257.832,0.0,0
46908,-1.194,83.545,0.0,0.0,-1.694,350.0786,0.0,0.0,35.562000000000005,0,-1.0,2.79,310.14000000000004,-1.7568000000000001,35.37,0.0,257.832,0.0,0
46908,-1.364,83.545,0.0,0.0,-1.694,350.0786,0.0,0.0,36.064,0,0.0,3.0300000000000002,310.005,1.1217000000000001,34.59,0.0,257.832,0.0,0
46908,-1.705,83.545,0.0,0.0,-1.694,350.0786,0.0,0.0,36.563,0,3.0,2.46,310.005,5.4106000000000005,34.32,0.0,257.832,0.0,0
46908,-1.364,83.545,0.5,0.0,-1.694,350.0786,0.0,0.0,37.065000000000005,0,2.0,2.17,310.005,-3.9589000000000003,34.62,0.0,257.832,0.0,0
46908,-1.194,83.545,0.5,0.0,-1.694,350.0786,0.0,0.0,37.563,0,1.0,2.17,310.005,-3.563,34.35,0.0,257.832,0.0,0
46908,-1.5350000000000001,83.545,0.0,0.0,-1.694,350.0786,0.0,0.0,38.062000000000005,0,2.0,2.755,310.14000000000004,3.563,33.93,0.0,257.832,0.0,0
46908,-1.364,83.545,0.0,0.0,-1.694,350.0786,0.0,0.0,38.564,0,0.0,2.795,310.14000000000004,1.9547,34.02,0.0,257.832,0.0,0
46908,-1.5350000000000001,83.545,0.0,0.0,-1.694,350.0786,0.0,0.0,39.063,0,0.0,2.695,310.005,0.7918000000000001,33.78,0.0,257.832,0.0,0
46908,-1.194,83.545,0.0,0.0,-1.694,350.0786,0.0,0.0,39.565000000000005,0,0.0,2.45,310.005,-0.767,32.94,0.0,257.832,0.0,0
46908,-1.364,83.545,0.0,0.0,-1.694,350.0786,0.0,0.0,40.063,0,2.0,2.235,310.14000000000004,-0.2227,32.67,0.0,257.832,0.0,0
46908,-1.194,83.545,0.0,0.0,-1.694,350.0786,0.0,0.0,40.562000000000005,0,0.0,2.9,310.005,-2.1774,33.27,0.0,257.832,0.0,0
46908,-1.194,83.545,0.0,0.0,-1.694,350.0786,0.0,0.0,41.064,0,2.0,3.41,309.915,-4.0744,33.09,0.0,257.832,0.0,0
46908,-1.194,83.545,0.0,0.0,-1.694,350.0786,0.0,0.0,41.563,0,3.0,2.665,309.915,0.7011000000000001,34.32,0.0,257.832,0.0,0
46908,-1.0230000000000001,83.545,-0.5,0.0,-1.694,350.0786,0.0,0.0,41.616,0,4.0,2.61,309.915,0.9567,34.47,0.0,257.832,0.0,0
46908,-1.0230000000000001,83.545,-0.5,0.0,-1.694,350.0786,0.0,0.0,42.114000000000004,0,2.0,2.33,310.005,0.39590000000000003,34.980000000000004,0.0,257.832,0.0,0
46908,-1.5350000000000001,83.545,0.0,0.0,-1.694,350.0786,0.0,0.0,42.612,0,0.0,2.865,310.005,-0.066,35.31,0.0,257.832,0.0,0
46908,-1.5350000000000001,83.545,0.0,0.0,-1.694,350.0786,0.0,0.0,43.115,0,-2.0,3.4450000000000003,310.005,1.8475000000000001,35.61,0.0,257.832,0.0,0
46908,-1.364,83.545,0.0,0.0,-1.694,350.0786,0.0,0.0,43.613,0,2.0,3.2800000000000002,310.14000000000004,3.0682,34.35,0.0,257.832,0.0,0
46908,-1.194,83.545,0.0,0.0,-1.694,350.0786,0.0,0.0,44.116,0,0.0,2.36,310.005,0.7918000000000001,33.81,0.0,257.832,0.0,0
46908,-1.5350000000000001,83.545,0.0,0.0,-1.694,350.0786,0.0,0.0,44.614000000000004,0,2.0,2.29,310.14000000000004,-1.6826,32.97,0.0,257.832,0.0,0
46908,-1.5350000000000001,83.545,0.0,0.0,-1.694,350.0786,0.0,0.0,45.117000000000004,0,3.0,2.825,310.005,0.39590000000000003,33.3,0.0,257.832,0.0,0
46908,-1.194,83.545,0.0,0.0,-1.694,350.0786,0.0,0.0,45.615,0,0.0,3.235,309.915,2.1774,32.88,0.0,257.832,0.0,0
46908,-1.0230000000000001,83.545,0.0,0.0,-1.694,350.0786,0.0,0.0,46.113,0,0.0,3.09,310.005,-5.5425,32.61,0.0,257.832,0.0,0
46908,-1.194,83.545,0.0,0.0,-1.694,350.0786,0.0,0.0,46.616,0,2.0,2.235,310.14000000000004,-0.3629,33.09,0.0,257.832,0.0,0
46908,-1.194,83.545,0.0,0.0,-1.694,350.0786,0.0,0.0,47.119,0,-1.0,2.15,310.005,2.6393,33.09,0.0,257.832,0.0,0
46908,-1.5350000000000001,83.545,0.0,0.0,-1.694,350.0786,0.0,0.0,47.617000000000004,0,2.0,2.525,310.23,-0.6928000000000001,33.0,0.0,257.832,0.0,0
46908,-1.364,83.545,0.0,0.0,-1.694,350.0786,0.0,0.0,48.115,0,0.0,2.995,310.005,-2.1114,34.56,0.0,257.832,0.0,0
46908,-1.0230000000000001,83.545,-0.5,0.0,-1.694,350.0786,0.0,0.0,48.618,0,0.0,2.945,310.005,-1.3196,35.58,0.0,257.832,0.0,0
46908,-1.364,83.545,0.0,0.0,-1.694,350.0786,0.0,0.0,49.116,0,-2.0,2.22,310.005,-3.2991,35.94,0.0,257.832,0.0,0
46908,-1.364,83.545,0.0,0.0,-1.694,350.0786,0.0,0.0,49.619,0,3.0,2.195,310.14000000000004,3.8600000000000003,35.82,0.0,257.832,0.0,0
46908,-0.853,83.545,0.0,0.0,-1.694,350.0786,0.0,0.0,50.117000000000004,0,3.0,2.625,310.005,1.5836000000000001,35.1,0.0,257.832,0.0,0
46908,-1.194,83.545,0.0,0.0,-1.694,350.0786,0.0,0.0,50.615,0,2.0,3.025,310.14000000000004,-0.8908,34.38,0.0,257.832,0.0,0
46908,-1.364,83.545,-0.5,0.0,-1.694,350.0786,0.0,0.0,51.118,0,1.0,2.9250000000000003,310.14000000000004,1.1877,33.75,0.0,257.832,0.0,0
46908,-1.194,83.545,0.5,0.0,-1.694,350.0786,0.0,0.0,51.616,0,3.0,2.595,310.005,0.0,33.45,0.0,257.832,0.0,0
46908,-1.194,83.545,0.0,0.0,-1.694,350.0786,0.0,0.0,52.119,0,-2.0,2.41,310.005,-3.9589000000000003,33.33,0.0,257.832,0.0,0
46908,-1.364,83.545,0.0,0.0,-1.694,350.0786,0.0,0.0,52.617000000000004,0,1.0,2.695,309.915,-1.1547,33.42,0.0,257.832,0.0,0
46908,-1.194,83.545,0.0,0.0,-1.694,350.0786,0.0,0.0,53.115,0,1.0,3.365,310.005,-0.132,33.51,0.0,257.832,0.0,0
46908,-1.194,83.545,0.0,0.0,-1.694,350.0786,0.0,0.0,53.618,0,3.0,3.035,310.14000000000004,2.0125,34.26,0.0,257.832,0.0,0
46908,-1.364,83.545,0.5,0.0,-1.694,350.0786,0.0,0.0,53.667,0,2.0,2.94,310.14000000000004,2.7465,34.2,0.0,257.832,0.0,0
46908,-1.364,83.545,0.5,0.0,-1.694,350.0786,0.0,0.0,54.17,0,2.0,2.23,309.915,3.6950000000000003,34.02,0.0,257.832,0.0,0
46908,-1.5350000000000001,83.545,0.0,0.0,-1.694,350.0786,0.0,0.0,54.668,0,-2.0,2.525,309.915,-4.998200000000001,34.71,0.0,257.832,0.0,0
46908,-1.0230000000000001,83.545,0.0,0.0,-1.694,350.0786,0.0,0.0,55.166000000000004,0,0.0,3.14,310.14000000000004,-3.9589000000000003,34.29,0.0,257.832,0.0,0
46908,-1.364,83.545,0.0,0.0,-1.694,350.0786,0.0,0.0,55.669000000000004,0,0.0,3.29,310.005,7.1261,34.38,0.0,257.832,0.0,0
46908,-1.364,83.545,-0.5,0.0,-1.694,350.0786,0.0,0.0,56.167,0,2.0,2.7,309.915,-0.6598,34.83,0.0,257.832,0.0,0
46908,-1.0230000000000001,83.545,0.0,0.0,-1.694,350.0786,0.0,0.0,56.67,0,1.0,2.11,310.14000000000004,-2.994,35.1,0.0,257.832,0.0,0
46908,-1.0230000000000001,83.545,0.0,0.0,-1.694,350.0786,0.0,0.0,57.168,0,0.0,2.365,310.14000000000004,6.1776,34.980000000000004,0.0,257.832,0.0,0
46908,-1.5350000000000001,83.545,0.0,0.0,-1.694,350.0786,0.0,0.0,57.671,0,2.0,2.855,310.005,1.2537,35.13,0.0,257.832,0.0,0
46908,-1.364,83.545,-0.5,0.0,-1.694,350.0786,0.0,0.0,58.169000000000004,0,3.0,2.97,310.005,-4.2641,34.59,0.0,257.832,0.0,0
46908,-1.194,83.545,-0.5,0.0,-1.694,350.0786,0.0,0.0,58.672000000000004,0,2.0,2.41,310.14000000000004,0.0,34.11,0.0,257.832,0.0,0
46908,-1.364,83.545,0.0,0.0,-1.694,350.0786,0.0,0.0,59.17,0,0.0,2.2600000000000002,310.14000000000004,3.5383,33.24,0.0,257.832,0.0,0
46908,-0.853,83.545,0.0,0.0,-1.694,350.0786,0.0,0.0,59.668000000000006,0,-1.0,2.72,310.005,-1.2537,32.28,0.0,257.832,0.0,0
46908,-1.364,83.545,0.0,0.0,-1.694,350.0786,0.0,0.0,60.171,0,0.0,3.245,310.005,-2.4826,32.34,0.0,257.832,0.0,0
46908,-1.364,83.545,0.0,0.0,-1.694,350.0786,0.0,0.0,60.669000000000004,0,0.0,3.42,310.14000000000004,3.5383,33.63,0.0,257.832,0.0,0
46908,-1.0230000000000001,83.545,0.0,0.0,-1.694,350.0786,0.0,0.0,61.167,0,0.0,2.785,310.005,-0.19790000000000002,34.56,0.0,257.832,0.0,0
46908,-1.5350000000000001,83.545,0.5,0.0,-1.694,350.0786,0.0,0.0,61.67,0,3.0,2.52,310.005,-3.5383,35.1,0.0,257.832,0.0,0
46908,-1.364,83.545,0.5,0.0,-1.694,350.0786,0.0,0.0,62.168000000000006,0,-1.0,2.835,310.005,-0.37120000000000003,34.95,0.0,257.832,0.0,0
46908,-1.194,83.545,0.0,0.0,-1.694,350.0786,0.0,0.0,62.67100000000001,0,0.0,3.34,310.005,1.9795,34.65,0.0,257.832,0.0,0
46908,-1.194,83.545,0.5,0.0,-1.694,350.0786,0.0,0.0,63.169000000000004,0,0.0,3.605,310.005,-1.9795,34.35,0.0,257.832,0.0,0
46908,-0.853,83.545,0.0,0.0,-1.694,350.0786,0.0,0.0,63.667,0,0.0,3.23,310.005,0.39590000000000003,34.59,0.0,257.832,0.0,0
46908,-1.194,83.545,0.5,0.0,-1.694,350.0786,0.0,0.0,64.17,0,1.0,2.445,309.915,-1.5011,35.25,0.0,257.832,0.0,0
46908,-1.194,83.545,0.0,0.0,-1.694,350.0786,0.0,0.0,64.21900000000001,0,2.0,2.5500000000000003,309.915,-2.0455,35.22,0.0,257.832,0.0,0
46908,-1.194,83.545,0.0,0.0,-1.694,350.0786,0.0,0.0,64.72200000000001,0,4.0,3.19,310.14000000000004,0.2639,35.22,0.0,257.832,0.0,0
46908,-1.0230000000000001,83.545,0.0,0.0,-1.694,350.0786,0.0,0.0,65.22,0,1.0,3.515,310.14000000000004,4.3878,34.59,0.0,257.832,0.0,0
46908,-1.0230000000000001,83.545,0.0,0.0,-1.694,350.0786,0.0,0.0,65.22,0,1.0,3.515,310.14000000000004,4.3878,34.59,0.0,257.832,0.0,0
46908,-1.194,83.545,0.0,0.0,-1.694,350.0786,0.0,0.0,65.718,0,2.0,3.265,309.915,-1.3196,33.57,0.0,257.832,0.0,0
46908,-0.853,83.545,0.0,0.0,-1.694,350.0786,0.0,0.0,66.221,0,3.0,2.6750000000000003,309.915,-2.2104,33.33,0.0,257.832,0.0,0
46908,-1.364,83.545,0.0,0.0,-1.694,350.0786,0.0,0.0,66.71900000000001,0,1.0,2.275,310.005,-1.8475000000000001,33.480000000000004,0.0,257.832,0.0,0
46908,-1.0230000000000001,83.545,0.0,0.0,-1.694,350.0786,0.0,0.0,67.22200000000001,0,1.0,3.1750000000000003,309.915,-1.8475000000000001,34.11,0.0,257.832,0.0,0
46908,-1.194,83.545,0.0,0.0,-1.694,350.0786,0.0,0.0,67.72,0,3.0,3.015,309.915,-0.7918000000000001,35.4,0.0,257.832,0.0,0
46908,-1.194,83.545,0.0,0.0,-1.694,350.0786,0.0,0.0,68.188,0,1.0,-0.905,310.14000000000004,1.4846000000000001,36.42,0.0,257.832,0.0,0
46908,-1.364,83.545,0.0,0.0,-1.694,350.0786,0.0,0.0,68.525,0,0.0,-2.9050000000000002,310.005,3.8270000000000004,36.300000000000004,0.0,257.832,0.0,0
46908,-1.364,83.545,0.0,0.0,-1.694,350.0786,0.0,0.0,68.691,0,1.0,-3.11,310.005,-0.8578,35.79,0.0,257.832,0.0,0
46908,-1.364,83.545,0.0,0.0,-1.694,350.0786,0.0,0.2,68.73,0,2.0,0.41000000000000003,309.915,-4.3548,35.22,0.0,257.832,0.0,0
46908,-1.0230000000000001,83.545,-0.5,0.0,-1.694,350.0786,0.0,0.2,68.735,0,1.0,0.135,310.005,2.6393,34.74,0.0,257.832,0.0,0
46908,-0.853,83.545,-0.5,0.0,-1.694,350.0786,0.0,-0.2,68.735,0,3.0,0.61,310.14000000000004,5.1466,34.56,0.0,257.832,0.0,0
46908,-1.194,83.545,0.0,0.0,-1.694,350.0786,0.0,0.0,68.735,0,3.0,0.385,310.14000000000004,0.8908,34.92,0.0,257.832,0.0,0
46908,-1.5350000000000001,83.545,0.5,0.0,-1.694,350.0786,0.0,0.0,68.711,0,0.0,-4.11,309.915,-3.8270000000000004,35.07,0.0,257.832,0.0,0
46908,-1.364,83.545,0.0,0.0,-1.694,350.0786,0.0,0.2,68.57900000000001,0,0.0,-7.805000000000001,310.14000000000004,-1.3196,34.56,0.0,257.832,0.0,0
46908,-1.194,83.545,0.0,0.0,-1.694,350.0786,0.0,0.0,68.271,0,-1.0,-8.71,310.14000000000004,3.9589000000000003,33.45,0.0,257.832,0.0,0
46908,-1.364,83.545,-0.5,0.0,-1.694,350.0786,0.0,0.0,67.76400000000001,0,0.0,-8.88,310.005,0.9897,32.76,0.0,257.832,0.0,0
46908,-1.364,83.545,0.0,0.0,-1.694,350.0786,0.0,0.0,67.07000000000001,0,0.0,-8.290000000000001,310.14000000000004,-3.1672000000000002,32.730000000000004,0.0,257.832,0.0,0
46908,-1.364,83.545,-0.5,0.0,-1.694,350.0786,0.0,0.0,66.21600000000001,0,1.0,-8.790000000000001,310.005,1.6826,33.78,0.0,257.832,0.0,0
46908,-1.364,83.545,0.0,0.0,-1.694,350.0786,0.0,0.0,65.23400000000001,0,0.0,-4.4,309.915,-3.9589000000000003,35.46,0.0,257.832,0.0,0
46908,-1.364,83.545,0.0,0.0,-1.694,350.0786,0.0,0.0,64.224,0,1.0,-3.79,310.005,-3.596,37.26,0.0,257.832,0.0,0
46908,-1.194,83.545,0.0,0.0,-1.694,350.0786,0.0,0.0,63.223000000000006,0,3.0,-3.505,310.23,8.7097,37.53,0.0,257.832,0.0,0
46908,-1.364,83.545,0.0,0.0,-1.694,350.0786,0.0,0.0,62.222,0,-1.0,-3.7,310.005,4.6848,36.72,0.0,257.832,0.0,0
46908,-1.0230000000000001,83.545,0.0,0.0,-1.694,350.0786,0.0,0.0,61.221000000000004,0,0.0,-3.87,310.005,-4.8827,35.52,0.0,257.832,0.0,0
46908,-1.364,83.545,0.0,0.0,-1.694,350.0786,0.0,0.0,60.220000000000006,0,-2.0,-2.88,310.005,-4.0579,34.47,0.0,257.832,0.0,0
46908,-1.0230000000000001,83.545,0.0,0.0,-1.694,350.0786,0.0,0.0,59.219,0,-1.0,-4.025,310.005,0.0,34.32,0.0,257.832,0.0,0
46908,-1.194,83.545,0.0,0.0,-1.694,350.0786,0.0,0.0,58.223000000000006,0,0.0,-3.865,310.005,3.9589000000000003,34.65,0.0,257.832,0.0,0
46908,-1.0230000000000001,83.545,0.0,0.0,-1.694,350.0786,0.0,0.0,57.222,0,0.0,-4.05,309.915,-0.5279,34.83,0.0,257.832,0.0,0
46908,-1.194,83.545,0.0,0.0,-1.694,350.0786,0.0,0.0,56.221000000000004,0,0.0,-4.445,310.14000000000004,-1.4186,34.47,0.0,257.832,0.0,0
46908,-1.194,83.545,0.0,0.0,-1.694,350.0786,0.0,0.0,56.123000000000005,0,-1.0,-4.005,310.14000000000004,-1.2124000000000001,34.47,0.0,257.832,0.0,0
46908,-0.853,83.545,0.0,0.0,-1.694,350.0786,0.0,0.0,55.122,0,0.0,-3.4,310.14000000000004,2.0867,33.96,0.0,257.832,0.0,0
46908,-1.5350000000000001,83.545,0.0,0.0,-1.694,350.0786,0.0,0.0,54.121,0,0.0,-4.215,309.915,-3.1012,33.99,0.0,257.832,0.0,0
46908,-1.194,83.545,0.0,0.0,-1.694,350.0786,0.0,0.0,53.120000000000005,0,0.0,-3.205,310.14000000000004,-2.6393,34.11,0.0,257.832,0.0,0
46908,-1.194,83.545,0.0,0.0,-1.694,350.0786,0.0,0.0,52.119,0,2.0,-3.86,310.14000000000004,1.6248,35.37,0.0,257.832,0.0,0
46908,-1.364,83.545,0.0,0.0,-1.694,350.0786,0.0,0.0,51.118,0,1.0,-3.5,310.005,4.4043,35.49,0.0,257.832,0.0,0
46908,-1.194,83.545,0.0,0.0,-1.694,350.0786,0.0,0.0,50.117000000000004,0,1.0,-3.23,310.005,-0.7918000000000001,35.58,0.0,257.832,0.0,0
46908,-1.194,83.545,0.0,0.0,-1.694,350.0786,0.0,0.0,49.121,0,2.0,-4.065,310.14000000000004,-0.7918000000000001,36.36,0.0,257.832,0.0,0
46908,-0.853,83.545,0.0,0.0,-1.694,350.0786,0.0,0.0,48.120000000000005,0,1.0,-3.31,310.14000000000004,2.9692000000000003,36.27,0.0,257.832,0.0,0
46908,-0.853,83.545,0.5,0.0,-1.694,350.0786,0.0,0.0,47.119,0,0.0,-4.125,310.005,0.9897,35.31,0.0,257.832,0.0,0
46908,-1.5350000000000001,83.545,0.5,0.0,-1.694,350.0786,0.0,0.0,46.118,0,2.0,-3.585,310.005,-6.2023,34.14,0.0,257.832,0.0,0
46908,-1.364,83.545,-0.5,0.0,-1.694,350.0786,0.0,0.0,45.117000000000004,0,3.0,-3.62,310.005,0.6846,33.63,0.0,257.832,0.0,0
46908,-1.194,83.545,0.0,0.0,-1.694,350.0786,0.0,0.0,44.116,0,3.0,-3.74,310.005,0.8165,33.78,0.0,257.832,0.0,0
46908,-1.194,83.545,0.0,0.0,-1.694,350.0786,0.0,0.0,43.115,0,1.0,-3.11,310.14000000000004,-0.2227,33.9,0.0,257.832,0.0,0
46908,-1.5350000000000001,83.545,0.0,0.0,-1.694,350.0786,0.0,0.0,42.114000000000004,0,2.0,-3.5700000000000003,309.915,-0.2227,33.9,0.0,257.832,0.0,0
46908,-1.0230000000000001,83.545,0.0,0.0,-1.694,350.0786,0.0,0.0,41.118,0,1.0,-3.275,310.005,1.7155,33.99,0.0,257.832,0.0,0
46908,-1.0230000000000001,83.545,0.0,0.0,-1.694,350.0786,0.0,0.0,41.016000000000005,0,0.0,-3.225,310.005,1.0557,33.93,0.0,257.832,0.0,0
46908,-1.194,83.545,0.0,0.0,-1.694,350.0786,0.0,0.0,40.015,0,0.0,-3.37,310.005,-1.9795,34.32,0.0,257.832,0.0,0
46908,-1.194,83.545,0.5,0.0,-1.694,350.0786,0.0,0.0,39.019,0,2.0,-3.6,310.14000000000004,-1.4846000000000001,34.89,0.0,257.832,0.0,0
46908,-0.853,83.545,0.0,0.0,-1.694,350.0786,0.0,0.0,38.018,0,0.0,-3.615,309.915,-1.3196,35.25,0.0,257.832,0.0,0
46908,-1.5350000000000001,83.545,0.0,0.0,-1.694,350.0786,0.0,0.0,37.017,0,1.0,-3.5300000000000002,310.14000000000004,-1.1547,36.21,0.0,257.832,0.0,0
46908,-1.364,83.545,0.0,0.0,-1.694,350.0786,0.0,0.0,36.016,0,0.0,-3.73,310.005,-2.1114,36.660000000000004,0.0,257.832,0.0,0
46908,-1.194,83.545,0.0,0.0,-1.694,350.0786,0.0,0.0,35.015,0,-2.0,-3.435,310.14000000000004,1.6826,36.72,0.0,257.832,0.0,0
46908,-1.5350000000000001,83.545,0.0,0.0,-1.694,350.0786,0.0,0.0,34.014,0,0.0,-3.6,309.915,-0.132,35.4,0.0,257.832,0.0,0
46908,-1.194,83.545,-0.5,0.0,-1.694,350.0786,0.0,0.0,33.018,0,1.0,-3.525,310.005,2.6393,34.800000000000004,0.0,257.832,0.0,0
46908,-1.5350000000000001,83.545,0.0,0.0,-1.694,350.0786,0.0,0.0,32.012,0,0.0,-3.31,309.915,-5.806500000000001,34.56,0.0,257.832,0.0,0
46908,-1.364,83.545,0.0,0.0,-1.694,350.0786,0.0,0.0,31.914,0,1.0,-2.99,310.005,-5.5178,34.53,0.0,257.832,0.0,0
46908,-1.0230000000000001,83.545,0.0,0.0,-1.694,350.0786,0.0,0.0,30.913,0,0.0,-3.705,310.005,-2.0620000000000003,34.26,0.0,257.832,0.0,0
46908,-1.0230000000000001,83.545,0.0,0.0,-1.694,350.0786,0.0,0.0,29.912000000000003,0,0.0,-3.185,310.005,1.1217000000000001,34.230000000000004,0.0,257.832,0.0,0
46908,-1.364,83.545,-0.5,0.0,-1.694,350.0786,0.0,0.0,28.916,0,2.0,-3.52,310.005,0.9073,33.81,0.0,257.832,0.0,0
46908,-1.194,83.545,0.5,0.0,-1.694,350.0786,0.0,0.0,27.915000000000003,0,2.0,-3.855,310.14000000000004,0.9650000000000001,34.65,0.0,257.832,0.0,0
46908,-1.0230000000000001,83.545,0.0,0.0,-1.694,350.0786,0.0,0.0,26.914,0,2.0,-3.035,309.915,-1.8310000000000002,34.77,0.0,257.832,0.0,0
46908,-1.0230000000000001,83.545,0.0,0.0,-1.694,350.0786,0.0,0.0,25.913,0,1.0,-4.44,309.915,-0.3794,34.89,0.0,257.832,0.0,0
46908,-1.194,83.545,0.0,0.0,-1.694,350.0786,0.0,0.0,24.912000000000003,0,0.0,-2.895,310.14000000000004,0.0412,35.25,0.0,257.832,0.0,0
46908,-1.194,83.545,0.0,0.0,-1.694,350.0786,0.0,0.0,23.916,0,1.0,-4.03,310.005,4.6683,36.06,0.0,257.832,0.0,0
46908,-1.194,83.545,0.0,0.0,-1.694,350.0786,0.0,0.0,22.915000000000003,0,0.0,-3.755,310.005,-1.6908,36.300000000000004,0.0,257.832,0.0,0
46908,-1.194,83.545,0.0,0.0,-1.694,350.0786,0.0,0.0,21.914,0,1.0,-2.7800000000000002,310.005,-1.8887,36.06,0.0,257.832,0.0,0
46908,-1.5350000000000001,83.545,0.0,0.0,-1.694,350.0786,0.0,0.0,20.913,0,-1.0,-3.81,310.005,0.3299,35.79,0.0,257.832,0.0,0
46908,-1.194,83.545,0.0,0.0,-1.694,350.0786,0.0,0.0,19.912000000000003,0,0.0,-3.02,310.005,-1.5176,35.79,0.0,257.832,0.0,0
46908,-1.364,83.545,0.0,0.0,-1.694,350.0786,0.0,0.0,18.911,0,1.0,-3.7800000000000002,310.14000000000004,4.7507,34.410000000000004,0.0,257.832,0.0,0
46908,-1.194,83.545,0.0,0.0,-1.694,350.0786,0.0,0.0,17.915,0,1.0,-3.64,310.005,5.5425,33.72,0.0,257.832,0.0,0
46908,-1.0230000000000001,83.545,0.0,0.0,-1.694,350.0786,0.0,0.0,16.914,0,3.0,-3.525,310.14000000000004,1.9547,33.39,0.0,257.832,0.0,0
46908,-1.5350000000000001,83.545,0.0,0.0,-1.694,350.0786,0.0,0.0,15.913,0,1.0,-4.175,310.005,-4.5280000000000005,33.06,0.0,257.832,0.0,0
46908,-1.364,83.545,0.0,0.0,-1.694,350.0786,0.0,0.0,14.912,0,2.0,-3.435,309.915,-6.425000000000001,33.42,0.0,257.832,0.0,0
46908,-0.853,83.545,0.0,0.0,-1.694,350.0786,0.0,0.0,13.911000000000001,0,2.0,-4.065,310.14000000000004,-2.1114,34.92,0.0,257.832,0.0,0
46908,-1.194,83.545,0.0,0.0,-1.694,350.0786,0.0,0.0,12.91,0,-2.0,-2.83,309.915,1.2042000000000002,35.13,0.0,257.832,0.0,0
46908,-1.194,83.545,0.0,0.0,-1.694,350.0786,0.0,0.0,11.909,0,2.0,-3.29,310.005,1.5011,35.82,0.0,257.832,0.0,0
46908,-1.705,83.545,-0.5,0.0,-1.694,350.0786,0.0,0.0,10.913,0,1.0,-3.38,310.005,-0.8083,35.85,0.0,257.832,0.0,0
46908,-1.0230000000000001,83.545,0.0,0.0,-1.694,350.0786,0.0,0.0,9.912,0,4.0,-3.35,310.14000000000004,5.1714,35.04,0.0,257.832,0.0,0
46908,-1.364,83.545,0.0,0.0,-1.694,350.0786,0.0,0.0,8.911,0,5.0,-3.6550000000000002,310.14000000000004,5.344600000000001,34.86,0.0,257.832,0.0,0
46908,-1.0230000000000001,83.545,0.0,0.0,-1.694,350.0786,0.0,0.0,7.91,0,3.0,-3.525,310.005,-0.39590000000000003,34.95,0.0,257.832,0.0,0
46908,-1.194,83.545,0.0,0.0,-1.694,350.0786,0.0,0.0,7.813000000000001,0,2.0,-2.32,310.005,-1.5836000000000001,35.01,0.0,257.832,0.0,0
46908,-1.194,83.545,0.5,0.0,-1.694,350.0786,0.0,0.0,6.865,0,1.0,5.045,310.005,-5.5425,35.52,0.0,257.832,0.0,0
46908,-1.5350000000000001,83.545,0.0,0.0,-1.694,350.0786,0.0,0.0,6.182,0,1.0,8.540000000000001,310.14000000000004,-2.6393,34.65,0.0,257.832,0.0,0
46908,-1.0230000000000001,83.545,0.0,0.0,-1.694,350.0786,0.0,0.0,5.835,0,3.0,7.140000000000001,310.005,3.4311000000000003,33.75,0.0,257.832,0.0,0
46908,-1.0230000000000001,83.545,0.0,0.0,-1.694,350.0786,0.0,0.0,5.752000000000001,0,1.0,0.42,309.915,-0.19790000000000002,33.03,0.0,257.832,0.0,0
46908,-1.194,83.545,0.0,0.0,-1.694,350.0786,0.0,-0.2,5.737,0,1.0,-2.02,309.915,-7.390000000000001,32.94,0.0,257.832,0.0,0
46908,-1.194,83.545,0.0,0.0,-1.694,350.0786,0.0,-0.2,5.737,0,1.0,-2.02,309.915,-7.390000000000001,32.94,0.0,257.832,0.0,0
